	winter	trans	summer	mean	std
0	1.6004078232052068	1.1132529469093284	1.8519568866016243	237.69587353789385	119.74289116610211
1	-1.0689569857006709	-0.5394892287208076	-0.39098923837773114	237.69587353789385	119.74289116610211
2	-0.1016065884845686	-0.6586333927520277	-0.36720089636639974	237.69587353789385	119.74289116610211
3	-0.251928664598726	0.05289110085498119	-0.25661041276053054	237.69587353789385	119.74289116610211
4	0.09743097525917588	-0.24385581236296566	-0.12071318233409556	237.69587353789385	119.74289116610211
5	-0.17537575546651651	-0.024496930922307092	-0.0678220814791145	237.69587353789385	119.74289116610211
6	-0.061242327305767445	-0.20488342225929518	-0.2525613332692401	237.69587353789385	119.74289116610211
7	-0.2644555042749057	0.32792482530088296	-0.03441717567596858	237.69587353789385	119.74289116610211
8	0.31456286297962466	-0.12081440932137794	-0.04707054908625102	237.69587353789385	119.74289116610211
9	-0.030621163652883962	0.10466870484985735	-0.04707054908625108	237.69587353789385	119.74289116610211
10	0.11970091246127311	-0.0924202393887038	0.18220857710806887	237.69587353789385	119.74289116610211
11	-0.10717407278509337	-0.10021471740943788	-0.12425612688897475	237.69587353789385	119.74289116610211
12	0.07794478020734065	-0.09074999409854662	-0.08249999463504226	237.69587353789385	119.74289116610211
13	-0.10995781493535536	0.01892944662178281	0.17765336268036702	237.69587353789385	119.74289116610211
14	-0.0347967768782772	-0.13083588106232186	-0.240161027327163	237.69587353789385	119.74289116610211
15	0.4328719043657665	0.4125505866688527	0.4451456765737406	237.69587353789385	119.74289116610211
16	0.1809432397670408	0.08128527078765532	-0.3054524341242214	237.69587353789385	119.74289116610211
17	-0.13361962321258386	-0.37691868714549714	-0.05592791047344886	237.69587353789385	119.74289116610211
18	-0.22687498524636646	-0.04342637754408962	-0.19815182760502487	237.69587353789385	119.74289116610211
19	0.7947583838998478	0.11413342816074862	0.15259968332800777	237.69587353789385	119.74289116610211
20	-0.5400459771508598	-0.17927299447688333	0.37504598788077537	237.69587353789385	119.74289116610211
21	0.3883320299615718	0.2494232966634899	-0.23636501530407833	237.69587353789385	119.74289116610211
22	-0.4133857093139313	-0.2176886361505012	0.02859662390723866	237.69587353789385	119.74289116610211
23	0.2282668563214973	-0.05567484300524317	-0.11970091246127335	237.69587353789385	119.74289116610211
24	-0.5567484300524325	-0.02672392464251694	-0.2760966078123655	237.69587353789385	119.74289116610211
25	0.19625382159348256	-0.057345088295400304	0.14500765928183823	237.69587353789385	119.74289116610211
26	0.0668098116062919	0.017815949761677774	0.04580521174522301	237.69587353789385	119.74289116610211
27	-0.022269937202097467	0.06569631474618709	-0.139440174981314	237.69587353789385	119.74289116610211
28	-0.46210119694351925	-0.037302144813513016	0.10021471740943788	237.69587353789385	119.74289116610211
29	-0.013918710751310737	-0.06179907573582011	0.009616563791814775	237.69587353789385	119.74289116610211
30	0.3034278943785757	0.3936211400470699	0.3646702216843436	237.69587353789385	119.74289116610211
31	-0.32013034728014866	0.1068956985700672	-0.28267636198571267	237.69587353789385	119.74289116610211
32	-0.3396165423319839	-0.23105059847175974	0.0070858891097584364	237.69587353789385	119.74289116610211
33	0.7961502549749788	-0.02839416993267385	0.0035429445548792182	237.69587353789385	119.74289116610211
34	-0.06541794053116112	0.09910122054933285	-0.10401072943252276	237.69587353789385	119.74289116610211
35	-0.2602798910495122	0.02505367935235947	-0.01973926252004088	237.69587353789385	119.74289116610211
36	-0.1322277521374526	-0.24998004509354238	-0.13437882561720083	237.69587353789385	119.74289116610211
37	0.02922929257775271	0.09242023938870408	-0.0931288282996797	237.69587353789385	119.74289116610211
38	0.09603910418404465	-0.15366256669447148	0.12906440878488223	237.69587353789385	119.74289116610211
39	-0.30899537867910015	-0.06625306317623958	-0.07389570071605013	237.69587353789385	119.74289116610211
40	0.44539874404194624	0.32013034728014894	0.05491564060062622	237.69587353789385	119.74289116610211
41	-0.10160658848456913	-0.06736656003634456	-0.0657975417334693	237.69587353789385	119.74289116610211
42	0.3229140894304111	-0.26835274328527253	0.038972390103670214	237.69587353789385	119.74289116610211
43	-0.7307323144438181	-0.13139262949237396	0.026572084161593425	237.69587353789385	119.74289116610211
44	0.3785889324356543	0.11858741560116803	0.13235428587155554	237.69587353789385	119.74289116610211
45	0.3883320299615718	-0.1029984595597001	0.0025306746820565884	237.69587353789385	119.74289116610211
46	-0.12805213891205935	0.28449844775679334	-0.013918710751310723	237.69587353789385	119.74289116610211
47	-0.23244246954689074	-0.016702452901573017	-0.13994630991772533	237.69587353789385	119.74289116610211
48	0.3243059605055421	-0.12582514519184995	-0.011641103537459813	237.69587353789385	119.74289116610211
49	-0.8212039343273383	-0.02561042778241196	0.09894938006840959	237.69587353789385	119.74289116610211
50	0.9436885889388733	0.6692116129230243	0.5562422951160215	237.69587353789385	119.74289116610211
51	0.037580519028539205	-0.1519923214043143	-0.07161809350219961	237.69587353789385	119.74289116610211
52	0.31734660512988666	0.5133220525083432	0.002024539745645204	237.69587353789385	119.74289116610211
53	0.6054639176820207	-0.1647975352955202	0.4410965970824501	237.69587353789385	119.74289116610211
54	2.2256018491346006	2.388450764924936	1.9058511030567602	237.69587353789385	119.74289116610211
55	-1.4642483710378986	-0.9486993248093452	-0.8465106811479037	237.69587353789385	119.74289116610211
56	-1.2345896436412696	-1.5622360947271263	-1.1309585154110555	237.69587353789385	119.74289116610211
57	-1.1023618915038171	-0.19040796307793187	-0.06782208147911462	237.69587353789385	119.74289116610211
58	0.3549271241584261	-0.03173466051298876	-0.21384201063377495	237.69587353789385	119.74289116610211
59	0.2783742150262162	0.027280673072569317	-0.050866561109336184	237.69587353789385	119.74289116610211
60	1.1148887311799967	0.29006593205731734	0.6020475068612446	237.69587353789385	119.74289116610211
61	-0.4857630052207478	0.20321317696913802	-0.5668711287806593	237.69587353789385	119.74289116610211
62	-0.5692752697286121	-0.20321317696913802	-0.30545243412422096	237.69587353789385	119.74289116610211
63	-0.4634930680186504	-0.45876070636320465	0.02910275884364999	237.69587353789385	119.74289116610211
64	0.2797660861013477	0.18317023348725042	-0.03340490580314592	237.69587353789385	119.74289116610211
65	-0.20460504804426904	-0.44261500189168407	-0.05162576351395293	237.69587353789385	119.74289116610211
66	0.20738879019453105	0.31177912082936243	0.038466255167259156	237.69587353789385	119.74289116610211
67	-0.4106019671636691	-0.05400459771508598	-0.13690950029925766	237.69587353789385	119.74289116610211
68	0.48993861844614073	0.22214262359092063	-0.1146395630971597	237.69587353789385	119.74289116610211
69	-0.23661808277228374	-0.22603986260128767	0.016955520369778633	237.69587353789385	119.74289116610211
70	0.2950766679277892	0.11023618915038158	0.13260735333976098	237.69587353789385	119.74289116610211
71	-0.460709325868388	-0.21991562987071078	-0.010628833664637183	237.69587353789385	119.74289116610211
72	-0.2992522811531827	-0.3613297311040289	-0.1379217701720798	237.69587353789385	119.74289116610211
73	0.4843711341456165	0.3897239010367028	0.29583587033240644	237.69587353789385	119.74289116610211
74	0.32013034728014866	-0.32903832216098755	-0.12223158714332996	237.69587353789385	119.74289116610211
75	-0.3785889324356541	0.732124185518949	0.333289855626843	237.69587353789385	119.74289116610211
76	-0.18929446621782706	-0.39306439161701745	-0.30823617627448346	237.69587353789385	119.74289116610211
77	0.5497890746767774	-0.10856594386022439	-0.08503066931709888	237.69587353789385	119.74289116610211
78	-0.3270897026558044	0.08017177392755026	0.05365030325959816	237.69587353789385	119.74289116610211
79	0.005567484300524478	-0.08963649723844158	-0.012400305942076556	237.69587353789385	119.74289116610211
80	-0.012526839676179735	0.16535428372557243	0.12678680157103087	237.69587353789385	119.74289116610211
81	0.20321317696913782	-0.256104277824119	-0.06250766464679552	237.69587353789385	119.74289116610211
82	0.3187384762050179	0.20599691911940005	-0.12121931727050728	237.69587353789385	119.74289116610211
83	-0.5163841688736317	-0.23105059847175952	0.08882668134018396	237.69587353789385	119.74289116610211
84	1.0550382749493603	0.19820244109866592	-0.08401839944427622	237.69587353789385	119.74289116610211
85	-0.8003258682003723	0.010021471740943977	0.08781441146736085	237.69587353789385	119.74289116610211
86	0.3229140894304111	-0.12081440932137794	-0.18651072406756503	237.69587353789385	119.74289116610211
87	-0.27280673072569217	-0.30454139123868074	-0.04276840212675509	237.69587353789385	119.74289116610211
88	-0.3966832564123581	0.09520398153896603	0.04580521174522298	237.69587353789385	119.74289116610211
89	0.11691717031101062	0.06792330846639671	-0.08452453438068754	237.69587353789385	119.74289116610211
90	0.5915452069307101	0.6931517954152788	0.6827760292188472	237.69587353789385	119.74289116610211
91	0.21156440341992422	-0.30064415222831364	-0.19460888305014584	237.69587353789385	119.74289116610211
92	-0.37858893243565406	-0.028950918362726508	-0.2636963018702889	237.69587353789385	119.74289116610211
93	-0.37302144813513005	-0.23884507649249365	-0.0397315925082872	237.69587353789385	119.74289116610211
94	0.30342789437857565	0.037302144813513016	0.08578987172171607	237.69587353789385	119.74289116610211
95	-0.30342789437857565	-0.1347331200726889	0.08174079223042505	237.69587353789385	119.74289116610211
96	0.015310581826441738	0.057901836725453015	-0.21763802265685983	237.69587353789385	119.74289116610211
97	0.5414378482259912	0.05010735870471894	0.09717790779097023	237.69587353789385	119.74289116610211
98	-0.285333570401872	-0.00501073587047185	-0.06503833932885256	237.69587353789385	119.74289116610211
99	0.13918710751310837	-0.2394018249225459	-0.03213956846211767	237.69587353789385	119.74289116610211
100	-0.5428297193011219	0.2132346487100817	0.19359661317732302	237.69587353789385	119.74289116610211
101	-0.2574961488992502	0.08852300037833671	-0.16499998927008455	237.69587353789385	119.74289116610211
102	-0.18651072406756503	-0.18094323976704052	-0.12779907144385372	237.69587353789385	119.74289116610211
103	0.0306211636528837	0.006680981160629096	-0.14298311953619297	237.69587353789385	119.74289116610211
104	0.09325536203378265	-0.004453987440419471	0.11565183296998258	237.69587353789385	119.74289116610211
105	0.3716295770599986	-0.052334352424928565	0.05997698996473939	237.69587353789385	119.74289116610211
106	-0.5372622350005974	0.04621011969435196	-0.2472469164369214	237.69587353789385	119.74289116610211
107	0.5678833986534815	-0.04788036498450943	0.27128832591645824	237.69587353789385	119.74289116610211
108	-0.4910521153062458	0.004453987440419471	-0.14197084966337034	237.69587353789385	119.74289116610211
109	0.4008588696377516	-0.14475459181363237	0.050360426172924605	237.69587353789385	119.74289116610211
110	-0.00668098116062929	0.056788339865348036	0.09085122108582877	237.69587353789385	119.74289116610211
111	-0.4181180709693767	0.1720352648862017	0.003289877086673554	237.69587353789385	119.74289116610211
112	0.4147775803890623	0.1408573528032655	0.10299845955969991	237.69587353789385	119.74289116610211
113	-0.020878066126966244	-0.18317023348725037	-0.2120705383563356	237.69587353789385	119.74289116610211
114	-0.03201303472801495	0.10021471740943788	-0.05871165262371109	237.69587353789385	119.74289116610211
115	-0.05149922977984994	-0.010578220170996078	0.021257667329274588	237.69587353789385	119.74289116610211
116	0.2950766679277892	-0.04119938382388011	-0.1379217701720798	237.69587353789385	119.74289116610211
117	-0.057066714080374226	0.033404905803146034	0.18625765659935914	237.69587353789385	119.74289116610211
118	-0.19347007944322026	-0.11023618915038158	-0.07237729590681617	237.69587353789385	119.74289116610211
119	-0.3006441522283137	0.25721777468422374	0.08022238742119134	237.69587353789385	119.74289116610211
120	0.7794478020734059	0.13974385594316074	0.37504598788077514	237.69587353789385	119.74289116610211
121	0.06263419838089868	-0.21434814557018683	-0.32974691107196347	237.69587353789385	119.74289116610211
122	-0.629125725959249	0.05734508829540069	-0.1381748376402857	237.69587353789385	119.74289116610211
123	0.11970091246127287	-0.1252683967617974	0.03694785035802518	237.69587353789385	119.74289116610211
124	-0.3938995142620961	-0.11636042188095841	-0.035429445548791225	237.69587353789385	119.74289116610211
125	0.4774117787699612	-0.010578220170996078	0.011388036069254384	237.69587353789385	119.74289116610211
126	-0.04175613225393243	0.10188496269959502	-0.2826763619857124	237.69587353789385	119.74289116610211
127	-0.06820168268142318	-0.015032207611415771	0.09388803070429663	237.69587353789385	119.74289116610211
128	-0.11691717031101087	-0.11636042188095819	0.03416410820776272	237.69587353789385	119.74289116610211
129	0.09603910418404464	0.11524692502085343	-0.02454754441594814	237.69587353789385	119.74289116610211
130	-0.13501149428771486	0.06402606945602962	-0.003036809618467695	237.69587353789385	119.74289116610211
131	-0.05010735870471895	-0.007794478020733853	-0.013665643283105322	237.69587353789385	119.74289116610211
132	0.35492712415842564	0.06012883044566264	0.0020245397456452596	237.69587353789385	119.74289116610211
133	-0.07237729590681594	-0.047323616554456605	0.0713650260339938	237.69587353789385	119.74289116610211
134	-0.33544092910659085	-0.0963174783990709	-0.03720091782623086	237.69587353789385	119.74289116610211
135	-0.15728143148981233	-0.038972390103670485	0.13463189308540652	237.69587353789385	119.74289116610211
136	0.15310581826441907	0.03952913853372286	-0.12400305942076907	237.69587353789385	119.74289116610211
137	0.051499229779849956	-0.042869629114037466	0.005314416832318591	237.69587353789385	119.74289116610211
138	-0.28672544147700274	-0.2683527432852726	-0.13260735333976123	237.69587353789385	119.74289116610211
139	0.02505367935235947	0.12304140304158784	0.13817483764028549	237.69587353789385	119.74289116610211
140	0.41756132253932454	0.2872821899070551	0.017461655306189955	237.69587353789385	119.74289116610211
141	-0.2992522811531827	-0.27893096345626867	-0.1672775964839355	237.69587353789385	119.74289116610211
142	0.4050344828631448	0.08685275508817936	0.008351226450786509	237.69587353789385	119.74289116610211
143	-0.4801955209202232	-0.03396165423319841	0.005567484300524506	237.69587353789385	119.74289116610211
144	0.10578220170996214	-0.08852300037833671	-0.028090488970827387	237.69587353789385	119.74289116610211
145	-0.18929446621782706	0.4114370898087479	0.20118863722349276	237.69587353789385	119.74289116610211
146	0.17259201331625407	-0.26167176212464344	-0.10805980892381309	237.69587353789385	119.74289116610211
147	-0.38694015888644057	-0.12081440932137788	-0.09186349095865137	237.69587353789385	119.74289116610211
148	0.20321317696913777	-0.15588956041468116	0.13665643283105172	237.69587353789385	119.74289116610211
149	0.052891100854981166	0.3462975234926132	-0.19941716494605338	237.69587353789385	119.74289116610211
150	0.16563265794059884	0.13974385594316052	0.33531439537248797	237.69587353789385	119.74289116610211
151	0.6486119210110841	-0.25610427782411904	-0.1989110300096418	237.69587353789385	119.74289116610211
152	-0.22965872739662851	-0.10522545327990973	-0.1252683967617974	237.69587353789385	119.74289116610211
153	-0.6667062449877883	-0.0061242327305768285	0.06756901401090892	237.69587353789385	119.74289116610211
154	0.10439033063483111	-0.10912269229027682	-0.04378067199957775	237.69587353789385	119.74289116610211
155	0.3326571869563286	-0.01558895604146815	0.028596623907238716	237.69587353789385	119.74289116610211
156	-0.45374997049273275	0.0033404905803147145	-0.1331134882761726	237.69587353789385	119.74289116610211
157	0.12248465461153535	-0.06903680532650158	0.09565950298173609	237.69587353789385	119.74289116610211
158	-0.14336272073850154	0.02839416993267374	-0.1594325049695603	237.69587353789385	119.74289116610211
159	0.22826685632149749	0.08852300037833694	-0.062254597178590054	237.69587353789385	119.74289116610211
160	-0.013918710751310764	-0.048437113414561694	0.04150306478572674	237.69587353789385	119.74289116610211
161	-0.3270897026558044	-0.09130674252859894	0.20270704203272671	237.69587353789385	119.74289116610211
162	0.2282668563214975	-0.006680981160629207	-0.11362729322433751	237.69587353789385	119.74289116610211
163	-0.1419708496633703	-0.046210119694351626	-0.04707054908625108	237.69587353789385	119.74289116610211
164	-0.04036426117880143	0.06848005689644898	-0.0005061349364112733	237.69587353789385	119.74289116610211
165	-0.15588956041468116	0.11134968601048656	0.026065949225182128	237.69587353789385	119.74289116610211
166	0.16424078686546761	-0.12137115775143026	-0.13108894853052733	237.69587353789385	119.74289116610211
167	-0.08351226450786486	-0.0684800568964492	-0.014677913155927924	237.69587353789385	119.74289116610211
168	-0.056867875355355535	0.16201379314525788	0.058458585155505394	237.69587353789385	119.74289116610211
169	0.30183718457842595	-0.12192790618148286	-0.0032898770866732763	237.69587353789385	119.74289116610211
170	-0.07635407040719072	0.01447545918136317	0.006832821641552522	237.69587353789385	119.74289116610211
171	0.06084464985573007	-0.07293404433686868	0.023788342011331176	237.69587353789385	119.74289116610211
172	0.007158194100674142	0.12916563577216467	0.05643404540986019	237.69587353789385	119.74289116610211
173	-0.1049868468098874	-0.018929446621782864	-0.16373465192905623	237.69587353789385	119.74289116610211
174	0.016702452901573017	0.19486195051835153	-0.06529140679705803	237.69587353789385	119.74289116610211
175	0.3650678991343809	-0.2844984477567931	0.16525305673829016	237.69587353789385	119.74289116610211
176	-0.34836544623280796	0.020599691911939777	-0.018980060115423858	237.69587353789385	119.74289116610211
177	0.38654248143640346	0.19374845365824678	-0.02176380226568586	237.69587353789385	119.74289116610211
178	0.09067045860853908	0.12526839676179735	0.22548311417123518	237.69587353789385	119.74289116610211
179	0.38773551378651555	-0.04119938382388011	0.022523004670302937	237.69587353789385	119.74289116610211
180	0.0906704586085389	0.16090029628515323	0.13286042080796684	237.69587353789385	119.74289116610211
181	-0.46528261654381864	-0.22882360475155006	-0.1875229939403874	237.69587353789385	119.74289116610211
182	0.26246711702471814	0.08573925822807471	0.05263803338677525	237.69587353789385	119.74289116610211
183	-0.24457163177303287	-0.15588956041468116	0.020751532392863536	237.69587353789385	119.74289116610211
184	-0.3245047992305608	-0.011691717031101057	-0.04909508883189628	237.69587353789385	119.74289116610211
185	-0.08828439390831422	-0.10689569857006709	-0.026572084161593457	237.69587353789385	119.74289116610211
186	-0.09424955565887605	0.06959355375655396	-0.0799693199529859	237.69587353789385	119.74289116610211
187	0.03937006755370759	0.1380736106530035	-0.10401072943252254	237.69587353789385	119.74289116610211
188	-0.2266761465213476	-0.13751686222295112	-0.04782975149086799	237.69587353789385	119.74289116610211
189	-0.13481265556269617	-0.01391871075131057	0.10755367398740168	237.69587353789385	119.74289116610211
190	0.07516103805707841	-0.09464723310891365	0.1536119532008302	237.69587353789385	119.74289116610211
191	0.22429008182112298	-0.048437113414561805	-0.12501532929359171	237.69587353789385	119.74289116610211
192	-0.10379381445977509	-0.10021471740943788	-0.18904139874962145	237.69587353789385	119.74289116610211
193	0.24099253472269588	0.12916563577216467	0.15310581826441916	237.69587353789385	119.74289116610211
194	0.41159616078876293	-0.018929446621782864	-0.06807514894732025	237.69587353789385	119.74289116610211
195	-0.5821997868548298	0.04955061027466656	0.08351226450786486	237.69587353789385	119.74289116610211
196	0.10975897621033676	-0.004453987440419471	0.005820551768729976	237.69587353789385	119.74289116610211
197	0.00954425880089882	-0.14976532768410444	-0.09414109817250238	237.69587353789385	119.74289116610211
198	0.39250764318696507	0.3529785046532423	-0.020751532392863203	237.69587353789385	119.74289116610211
199	-0.4020519019878639	-0.17760274918672603	0.1303297461259102	237.69587353789385	119.74289116610211
200	0.21474582302022413	-0.0100214717409437	0.02505367935235958	237.69587353789385	119.74289116610211
201	0.23264130827190943	-0.0679233084663966	-0.02682515162979915	237.69587353789385	119.74289116610211
202	-0.20758762891954996	0.005010735870471628	0.011388036069254426	237.69587353789385	119.74289116610211
203	-0.2481507288233701	0.11691717031101079	0.0179677902426012	237.69587353789385	119.74289116610211
204	-0.1956573054184262	-0.08518250979802211	0.13513802802181785	237.69587353789385	119.74289116610211
205	0.02147458230202226	-0.08351226450786498	-0.1986579625414362	237.69587353789385	119.74289116610211
206	-0.15748027021483102	0.026723924642516605	-0.11919477752486174	237.69587353789385	119.74289116610211
207	0.21116672596988717	0.06959355375655463	0.07667944286631234	237.69587353789385	119.74289116610211
208	-0.21593885537033652	-0.022826685632149957	-0.2138420106337754	237.69587353789385	119.74289116610211
209	0.31138144337932483	0.017259201331625285	0.17335121572087098	237.69587353789385	119.74289116610211
210	0.5941301103559534	0.19653219580850878	0.5777530299135019	237.69587353789385	119.74289116610211
211	-0.6060604338570769	-0.09854447211928041	-0.029861961248266747	237.69587353789385	119.74289116610211
212	0.023860647002246937	0.052891100854981055	-0.12779907144385397	237.69587353789385	119.74289116610211
213	-0.1562872378647185	-0.12471164833174497	-0.05947085502832805	237.69587353789385	119.74289116610211
214	-0.039370067553707755	0.037858893243565506	-0.18170244217165754	237.69587353789385	119.74289116610211
215	0.19565730541842624	0.21100765498987195	0.13640336536284609	237.69587353789385	119.74289116610211
216	-0.08231923215775233	0.0011134968601047568	-0.13817483764028565	237.69587353789385	119.74289116610211
217	0.18969214366786435	-0.2577745231142764	0.012147238473871336	237.69587353789385	119.74289116610211
218	-0.007158194100674142	0.08573925822807471	-0.11514569803357122	237.69587353789385	119.74289116610211
219	0.26008105232449374	-0.20655366754945237	0.09085122108582877	237.69587353789385	119.74289116610211
220	0.15986633491505564	0.20599691911939977	0.1538650206690358	237.69587353789385	119.74289116610211
221	-0.2887138287271902	-0.20154293167898052	-0.13766870270387416	237.69587353789385	119.74289116610211
222	0.02982580875280899	0.029507666792779164	-0.06832821641552589	237.69587353789385	119.74289116610211
223	-0.3471724138826956	0.057345088295400526	-0.015437115560544723	237.69587353789385	119.74289116610211
224	-0.12765446146202208	-0.04231288068398498	-0.03062116365288392	237.69587353789385	119.74289116610211
225	-0.1336196232125838	0.10132821426954286	0.2186502925296827	237.69587353789385	119.74289116610211
226	0.13839175261303316	-0.1826134850571981	-0.11286809081972038	237.69587353789385	119.74289116610211
227	0.3185396374799992	0.14252759809342286	-0.12526839676179735	237.69587353789385	119.74289116610211
228	-0.0059651617505618315	-0.012248465461153657	-0.00936349632360911	237.69587353789385	119.74289116610211
229	-0.11333807326067391	-0.07126379904671132	-0.02581288175697649	237.69587353789385	119.74289116610211
230	-0.19327124071820162	0.1197009124612729	-0.006832821641552522	237.69587353789385	119.74289116610211
231	0.3197326698301113	0.048437113414561805	-0.038213187699053464	237.69587353789385	119.74289116610211
232	-0.3567166726835942	0.0311779120829363	-0.014677913155927702	237.69587353789385	119.74289116610211
233	0.14316388201348262	-0.10633895014001471	0.15892637003314902	237.69587353789385	119.74289116610211
234	0.15748027021483102	-0.07627453491718317	-0.0045552144277016815	237.69587353789385	119.74289116610211
235	-0.09067045860853906	0.07126379904671132	0.06630367666988068	237.69587353789385	119.74289116610211
236	-0.0966356203591009	0.03340490580314581	-0.0470705490862513	237.69587353789385	119.74289116610211
237	0.011930323501123663	-0.011691717031101057	-0.055927910473448916	237.69587353789385	119.74289116610211
238	-0.1240753644116851	-0.02950766679277894	0.04226226719034387	237.69587353789385	119.74289116610211
239	-0.10856594386022433	-0.016702452901572906	-0.01493098062413345	237.69587353789385	119.74289116610211
240	0.3245047992305608	0.03563189952335577	0.3575843325745852	237.69587353789385	119.74289116610211
241	-0.1049868468098874	0.036745396383460305	0.0374539852944365	237.69587353789385	119.74289116610211
242	0.3972797725874146	-0.02394018249225449	-0.18878833128141595	237.69587353789385	119.74289116610211
243	-0.21116672596988717	0.10132821426954286	0.014677913155927702	237.69587353789385	119.74289116610211
244	0.3304699609811227	-0.17927299447688338	-0.17841256508498404	237.69587353789385	119.74289116610211
245	-0.603674369156852	0.21267790028002942	0.08832054640377224	237.69587353789385	119.74289116610211
246	-0.07396800570696616	0.0885230003783366	-0.0827530621032479	237.69587353789385	119.74289116610211
247	-0.016702452901572906	-0.1776027491867258	-0.07996931995298573	237.69587353789385	119.74289116610211
248	-0.3101884110292127	0.0011134968601047568	0.03897239010367026	237.69587353789385	119.74289116610211
249	0.3400142197820214	-0.048437113414561805	0.02353527454312543	237.69587353789385	119.74289116610211
250	-0.21713188772044878	0.07182054747676414	0.08300612957145365	237.69587353789385	119.74289116610211
251	0.07754710275730337	-0.008907974880838943	-0.07566717299348974	237.69587353789385	119.74289116610211
252	0.051300391054831196	-0.022826685632149957	-0.06098925983756176	237.69587353789385	119.74289116610211
253	-0.0894774262584267	0.08462576136796973	-0.0670628790744976	237.69587353789385	119.74289116610211
254	0.05726555280539303	-0.09910122054933312	-0.08275306210324795	237.69587353789385	119.74289116610211
255	-0.20758762891954985	0.23884507649249387	0.1328604208079669	237.69587353789385	119.74289116610211
256	0.21235975831999943	0.7343511792391586	-0.17765336268036724	237.69587353789385	119.74289116610211
257	-0.11811020266112326	0.16535428372557262	0.07921011754836871	237.69587353789385	119.74289116610211
258	0.22906221122157233	-0.4225720584097964	-0.01569018302875036	237.69587353789385	119.74289116610211
259	0.11214504091056132	0.21434814557018655	-0.02176380226568586	237.69587353789385	119.74289116610211
260	-0.11453110561078605	-0.1375168622229509	-0.02682515162979915	237.69587353789385	119.74289116610211
261	0.07993316745752777	-0.19152145993803693	0.05440950566421521	237.69587353789385	119.74289116610211
262	0.026246711702471837	-0.5060843229176614	0.05896472009191667	237.69587353789385	119.74289116610211
263	-0.26604621407505546	-0.1853972272074602	-0.0764263753981067	237.69587353789385	119.74289116610211
264	-0.057265552805392916	0.10800919543017207	0.020751532392863314	237.69587353789385	119.74289116610211
265	0.2982580875280889	-0.11079293758043396	-0.007592024046169543	237.69587353789385	119.74289116610211
266	-0.20042943481887587	-0.015032207611415771	0.049854291236513304	237.69587353789385	119.74289116610211
267	-0.12884749381213434	-0.03229140894304128	-0.04479294187240035	237.69587353789385	119.74289116610211
268	0.05965161750561776	0.07349079276692128	0.0010122698728226576	237.69587353789385	119.74289116610211
269	0.020281549951910005	-0.12471164833174497	-0.048842021363690646	237.69587353789385	119.74289116610211
270	0.3507515109330326	0.4225720584097966	0.187269926472182	237.69587353789385	119.74289116610211
271	-0.11811020266112315	-0.08852300037833682	-0.11109661854228092	237.69587353789385	119.74289116610211
272	-0.05130039105483131	-0.1820567366271456	-0.07845091514375202	237.69587353789385	119.74289116610211
273	-0.09424955565887605	-0.028394169932673963	0.07996931995298595	237.69587353789385	119.74289116610211
274	0.06919587630651658	0.008907974880838943	0.1569018302875037	237.69587353789385	119.74289116610211
275	-0.05726555280539314	-0.04621011969435207	-0.05744631528268285	237.69587353789385	119.74289116610211
276	-0.03340490580314592	0.007794478020734186	-0.08958588374480048	237.69587353789385	119.74289116610211
277	-0.03698400285348291	0.026723924642516828	-0.019233127583629495	237.69587353789385	119.74289116610211
278	-0.06800284395640421	0.018929446621782642	0.037200917826230806	237.69587353789385	119.74289116610211
279	0.1228823320615724	-0.02950766679277894	-0.027331286566210422	237.69587353789385	119.74289116610211
280	0.07874013510741562	0.031177912082936077	0.04453987440419471	237.69587353789385	119.74289116610211
281	-0.06323071455595497	0.07404754119697365	-0.06680981160629196	237.69587353789385	119.74289116610211
282	-0.04652826165438173	-0.021713188772044756	0.02809048897082722	237.69587353789385	119.74289116610211
283	0.035790970503370656	-0.17982974290693576	0.022523004670302882	237.69587353789385	119.74289116610211
284	0.020281549951909894	0.07126379904671132	0.007845091514375402	237.69587353789385	119.74289116610211
285	0.1479360114139322	0.06458281788608211	-0.00809815898258115	237.69587353789385	119.74289116610211
286	-0.25172982587370707	-0.036745396383460305	0.023282207074920125	237.69587353789385	119.74289116610211
287	-0.13839175261303327	-0.2165751392903965	0.05415643819600924	237.69587353789385	119.74289116610211
288	0.4163682901892122	-0.04119938382388	-0.14121164725875335	237.69587353789385	119.74289116610211
289	-0.40682403138831336	0.0785015286373929	-0.0012653373410282942	237.69587353789385	119.74289116610211
290	0.2576949876242688	0.12359815147164022	0.002783742150262225	237.69587353789385	119.74289116610211
291	-0.3185396374799989	-0.05344784928503343	0.06098925983756209	237.69587353789385	119.74289116610211
292	0.17656878781662866	0.07460428962702603	-0.10628833664637372	237.69587353789385	119.74289116610211
293	-0.05010735870471883	0.12805213891205924	0.05820551768729976	237.69587353789385	119.74289116610211
294	-0.027439744052584314	-0.21991562987071078	-0.04049079491290419	237.69587353789385	119.74289116610211
295	0.042949164604044854	0.07571778648713101	0.14424845687722132	237.69587353789385	119.74289116610211
296	-0.17298969076629145	0.013918710751310348	-0.16904906876137515	237.69587353789385	119.74289116610211
297	0.34478634918247075	0.07126379904671176	0.016196317965161744	237.69587353789385	119.74289116610211
298	-0.37699822263550464	-0.012805213891206257	-0.014677913155927702	237.69587353789385	119.74289116610211
299	0.11691717031101101	-0.04732361655445638	0.06680981160629185	237.69587353789385	119.74289116610211
300	1.039131176947862	0.2917361773474746	0.38339721433156165	237.69587353789385	119.74289116610211
301	-0.27797653757617885	0.062355824165872376	-0.07693251033451803	237.69587353789385	119.74289116610211
302	-0.09663562035910095	-0.15032207611415693	-0.14070551232234207	237.69587353789385	119.74289116610211
303	-0.22906221122157222	-0.08796625194828422	0.013918710751311014	237.69587353789385	119.74289116610211
304	0.011930323501123441	0.1297223842022167	-0.05036042617292458	237.69587353789385	119.74289116610211
305	-0.30422324927865063	-0.06012883044566253	0.022269937202097134	237.69587353789385	119.74289116610211
306	0.1300405261622467	-0.08907974880838943	-0.04302146959496067	237.69587353789385	119.74289116610211
307	0.04652826165438195	-0.12916563577216422	0.052131898450364145	237.69587353789385	119.74289116610211
308	0.2505367935235947	0.12471164833174497	-0.019233127583629495	237.69587353789385	119.74289116610211
309	0.05726555280539314	-0.024496930922307092	0.01644938543336727	237.69587353789385	119.74289116610211
310	0.27916956992629116	0.048993861844614184	0.256863480228736	237.69587353789385	119.74289116610211
311	-0.07754710275730306	-0.08184201921770784	-0.26648004402055075	237.69587353789385	119.74289116610211
312	0.11333807326067391	0.011691717031101057	0.011134968601048678	237.69587353789385	119.74289116610211
313	-0.17179665841617936	-0.07349079276692105	-0.024041409479536813	237.69587353789385	119.74289116610211
314	-0.3579097050337068	0.028950918362726563	0.03441717567596858	237.69587353789385	119.74289116610211
315	0.7265567012184247	0.18651072406756497	-0.10274539209149447	237.69587353789385	119.74289116610211
316	-0.30064415222831364	-0.00556748430052445	0.05187883098215862	237.69587353789385	119.74289116610211
317	0.3054162816287632	-0.1686947743058873	0.0306211636528837	237.69587353789385	119.74289116610211
318	-0.5989022397564028	0.03117791208293652	-0.009869631260020495	237.69587353789385	119.74289116610211
319	0.04652826165438201	0.0061242327305768285	0.09844324513199859	237.69587353789385	119.74289116610211
320	0.20639459656943737	0.11524692502085343	-0.07794478020734069	237.69587353789385	119.74289116610211
321	0.13361962321258386	-0.03396165423319841	-0.030115028716472647	237.69587353789385	119.74289116610211
322	-0.047721294004494055	0.05567484300524339	-0.07389570071605012	237.69587353789385	119.74289116610211
323	-0.18849911131775232	-0.046766868124404226	0.09920244753661522	237.69587353789385	119.74289116610211
324	0.01073729115101113	-0.07182054747676414	0.09312882829967972	237.69587353789385	119.74289116610211
325	-0.13958478496314547	-0.06291257259592475	-0.07288343084322746	237.69587353789385	119.74289116610211
326	-0.04772129400449432	-0.057901836725453126	-0.04934815630010203	237.69587353789385	119.74289116610211
327	-0.011930323501123719	0.07738803177728837	-0.06402606945602962	237.69587353789385	119.74289116610211
328	-0.3245047992305605	0.02561042778241185	0.2153604154430091	237.69587353789385	119.74289116610211
329	0.11572413796089831	0.048437113414561805	0.037960120230847605	237.69587353789385	119.74289116610211
330	0.3101884110292127	0.184283730347355	0.3095015136155115	237.69587353789385	119.74289116610211
331	-0.4020519019878641	-0.24162881864275576	-0.1743634855936937	237.69587353789385	119.74289116610211
332	0.05726555280539314	0.0829555160778126	-0.0814877247622196	237.69587353789385	119.74289116610211
333	0.09067045860853906	0.0061242327305766064	-0.12046011486589014	237.69587353789385	119.74289116610211
334	0.010737291151011075	-0.019486195051835242	0.08933281627659506	237.69587353789385	119.74289116610211
335	0.18014788486696587	-0.15644630884473343	-0.03062116365288392	237.69587353789385	119.74289116610211
336	0.09902168505932557	0.06124232730576762	-0.0511196285775416	237.69587353789385	119.74289116610211
337	-0.16821756136584215	0.046766868124404004	-0.1753757554665163	237.69587353789385	119.74289116610211
338	-0.27081834347550493	0.06736656003634467	0.049854291236513304	237.69587353789385	119.74289116610211
339	0.11453110561078628	-0.04732361655445683	0.08300612957145359	237.69587353789385	119.74289116610211
340	-0.2302552435716848	-0.07460428962702603	-0.03897239010367026	237.69587353789385	119.74289116610211
341	0.21832492007056137	-0.05567484300524339	0.004049079491290519	237.69587353789385	119.74289116610211
342	-0.1932712407182019	0.17426225860641154	0.025559814288770855	237.69587353789385	119.74289116610211
343	0.031018841102921302	-0.1096794407203292	0.0356825130169966	237.69587353789385	119.74289116610211
344	-0.04294916460404474	0.017259201331625507	-0.04909508883189634	237.69587353789385	119.74289116610211
345	-0.004772129400449465	-0.0011134968601049788	0.06630367666988068	237.69587353789385	119.74289116610211
346	0.34597938153258323	-0.02449693092230687	-0.05820551768729976	237.69587353789385	119.74289116610211
347	0.2386064700224711	0.18873771778777448	-0.028343556439032858	237.69587353789385	119.74289116610211
348	-0.38773551378651555	-0.18261348505719766	0.03568251301699665	237.69587353789385	119.74289116610211
349	-0.12765446146202197	-0.043426377544089956	0.08806747893556677	237.69587353789385	119.74289116610211
350	0.3113814433793247	0.03451840266325079	0.016702452901573017	237.69587353789385	119.74289116610211
351	-0.23144827592179706	0.03507515109330339	-0.03340490580314598	237.69587353789385	119.74289116610211
352	0.11214504091056154	0.042312880683984755	0.20928679620607357	237.69587353789385	119.74289116610211
353	0.1169171703110109	0.05957208201561026	-0.1078067414556074	237.69587353789385	119.74289116610211
354	-0.264853181724943	0.03952913853372286	0.09819017766379262	237.69587353789385	119.74289116610211
355	0.10021471740943788	0.3913941463268601	0.06351993451961838	237.69587353789385	119.74289116610211
356	0.19446427306831388	-0.05901533358555777	-0.08477760184889319	237.69587353789385	119.74289116610211
357	0.02505367935235947	0.4710091718243581	0.025053679352359443	237.69587353789385	119.74289116610211
358	0.03698400285348319	-0.1892944662178273	0.00784509151437518	237.69587353789385	119.74289116610211
359	-0.08709136155820207	0.0011134968601050899	-0.030621163652883726	237.69587353789385	119.74289116610211
360	0.4271055813402233	0.5556349331923278	1.5836962160309653	237.69587353789385	119.74289116610211
361	-0.5416366869510094	-0.20209968010903323	-0.6152070152079377	237.69587353789385	119.74289116610211
362	0.08231923215775239	-0.35854598895376644	-0.16879600129316963	237.69587353789385	119.74289116610211
363	0.10737291151011202	-0.0935337362488089	0.01973926252004088	237.69587353789385	119.74289116610211
364	0.2565019552741566	0.11246318287059148	-0.006073619236935834	237.69587353789385	119.74289116610211
365	-0.298258087528089	-0.18317023348725042	-0.050613493641130214	237.69587353789385	119.74289116610211
366	-0.08947742625842647	-0.15588956041468105	0.0503604261729248	237.69587353789385	119.74289116610211
367	-0.24337859942292084	0.1369601137928984	-0.1379217701720798	237.69587353789385	119.74289116610211
368	-0.07993316745752777	-0.02059969191194	-0.038972390103670485	237.69587353789385	119.74289116610211
369	0.06203768220584249	0.14642483710378984	0.10198618968687728	237.69587353789385	119.74289116610211
370	0.3030302169285385	0.17203526488620163	0.06351993451961857	237.69587353789385	119.74289116610211
371	-0.04772129400449432	-0.16090029628515318	-0.1875229939403874	237.69587353789385	119.74289116610211
372	0.11811020266112326	0.0011134968601050343	0.07009968869296523	237.69587353789385	119.74289116610211
373	-0.04652826165438195	-0.17593250389656873	0.09009201868121208	237.69587353789385	119.74289116610211
374	-0.1061798791599996	-0.011691717031101057	-0.11109661854228103	237.69587353789385	119.74289116610211
375	-0.052493423404943784	0.10578220170996211	0.0420091997221379	237.69587353789385	119.74289116610211
376	0.22429008182112292	-0.222699372020973	-0.15335888573262424	237.69587353789385	119.74289116610211
377	-0.21593885537033647	-0.18149998819709312	-0.029608893780061374	237.69587353789385	119.74289116610211
378	-0.23502737297213405	0.27726071816611153	0.11894171005665616	237.69587353789385	119.74289116610211
379	0.4104031284386504	0.06792330846639671	-0.32215488702579415	237.69587353789385	119.74289116610211
380	0.2600810523244938	0.26890949171532497	0.2884969137544423	237.69587353789385	119.74289116610211
381	-0.44142196954157176	0.14197084966337034	-0.11565183296998235	237.69587353789385	119.74289116610211
382	0.09782865270921304	0.006124232730576884	0.06023005743294482	237.69587353789385	119.74289116610211
383	-0.12407536441168476	-0.052334352424928815	0.03644171542161384	237.69587353789385	119.74289116610211
384	0.08231923215775228	-0.2260398626012876	-0.09793711019558721	237.69587353789385	119.74289116610211
385	0.048914326354606685	-0.12916563577216444	0.07642637539810698	237.69587353789385	119.74289116610211
386	0.06561677925617959	0.08796625194828434	-0.10451686436893434	237.69587353789385	119.74289116610211
387	-0.0059651617505618315	-0.19708894423856116	0.005061349364113177	237.69587353789385	119.74289116610211
388	-0.011930323501123441	0.14419784338358022	0.0	237.69587353789385	119.74289116610211
389	0.11572413796089853	0.18317023348725042	0.2353527454312557	237.69587353789385	119.74289116610211
390	0.55714610750247	0.5367054865705451	0.4529907680881157	237.69587353789385	119.74289116610211
391	-0.5619182369029195	-0.42090181311963926	-0.29254599324573305	237.69587353789385	119.74289116610211
392	0.18730607896763998	0.016702452901573017	-0.21915642746609404	237.69587353789385	119.74289116610211
393	-0.30422324927865085	0.05010735870471894	0.17740029521216155	237.69587353789385	119.74289116610211
394	-0.12526839676179735	0.027837421502621695	-0.08249999463504226	237.69587353789385	119.74289116610211
395	0.06323071455595486	-0.49661959960677	0.038466255167259156	237.69587353789385	119.74289116610211
396	-0.03698400285348313	-0.057901836725453015	-0.16677146154752437	237.69587353789385	119.74289116610211
397	-0.14197084966337037	0.38359966830612613	-0.03340490580314598	237.69587353789385	119.74289116610211
398	-0.015509420551460429	0.0027837421502622806	-0.010375766196431269	237.69587353789385	119.74289116610211
399	-0.03340490580314592	-0.3251410831506208	-0.19283741077270652	237.69587353789385	119.74289116610211
400	0.26604621407505513	0.12638189362190222	0.16196317965161663	237.69587353789385	119.74289116610211
401	-0.12765446146202197	-0.2238128688810781	0.034417175675968636	237.69587353789385	119.74289116610211
402	0.2624671170247184	0.1820567366271456	-0.12273772207974082	237.69587353789385	119.74289116610211
403	-0.15032207611415688	-0.14809508239394698	-0.022016869733891553	237.69587353789385	119.74289116610211
404	-0.02266761465213485	0.05344784928503332	0.2586349525061758	237.69587353789385	119.74289116610211
405	-0.16583149666561747	0.06068557887571535	-0.06377300198782448	237.69587353789385	119.74289116610211
406	0.17179665841617942	-0.05010735870471894	-0.2874846438816197	237.69587353789385	119.74289116610211
407	-0.23979950237258363	0.09130674252859894	-0.08730827653094955	237.69587353789385	119.74289116610211
408	0.305416281628763	0.007237729590681696	0.18043710483062925	237.69587353789385	119.74289116610211
409	-0.23741343767235878	0.11524692502085343	0.04504600934060579	237.69587353789385	119.74289116610211
410	0.2338343406220218	-0.02561042778241185	0.1379217701720803	237.69587353789385	119.74289116610211
411	0.09544258800898836	0.028950918362726508	-0.22624231657585248	237.69587353789385	119.74289116610211
412	-0.18611304661752742	0.041199383823880054	-0.03011502871647241	237.69587353789385	119.74289116610211
413	0.15032207611415677	-0.11636042188095852	0.005820551768729906	237.69587353789385	119.74289116610211
414	-0.027439744052584092	-0.06458281788608233	0.188029128876799	237.69587353789385	119.74289116610211
415	-0.059651617505617704	-0.0339616542331983	0.2874846438816199	237.69587353789385	119.74289116610211
416	-0.011930323501123774	-0.007237729590681474	-0.2313036659399656	237.69587353789385	119.74289116610211
417	0.10021471740943794	0.11803066717111566	0.0668098116062919	237.69587353789385	119.74289116610211
418	-0.4199473872395492	-0.12972238420221682	0.10730060651919637	237.69587353789385	119.74289116610211
419	0.09902168505932563	0.031734660512988566	0.18878833128141592	237.69587353789385	119.74289116610211
420	2.387257732574824	1.417481502913494	1.7770397617400833	237.69587353789385	119.74289116610211
421	-0.7062751512665145	-0.5767913735343203	-0.7523695829754016	237.69587353789385	119.74289116610211
422	-0.16344543196539307	-0.45542021578288994	-0.44742328378759133	237.69587353789385	119.74289116610211
423	-0.26723924642516766	0.46210119694351925	-0.10578220170996233	237.69587353789385	119.74289116610211
424	0.032211873453033835	-0.15087882454420948	0.006326686705141249	237.69587353789385	119.74289116610211
425	0.2815556346265161	-0.05400459771508599	0.17790643014857288	237.69587353789385	119.74289116610211
426	-0.2660462140750557	-0.1948619505183513	-0.13311348827617264	237.69587353789385	119.74289116610211
427	-0.027439744052584092	0.12916563577216442	-0.15133434598697937	237.69587353789385	119.74289116610211
428	0.12168929971146014	-0.10912269229027702	-0.005061349364113177	237.69587353789385	119.74289116610211
429	-0.02147458230202226	0.020599691911940027	-0.22345857442559003	237.69587353789385	119.74289116610211
430	0.30183718457842623	-0.026167176212464283	0.1966334227957912	237.69587353789385	119.74289116610211
431	-0.41756132253932454	-0.15366256669447145	-0.08604293918992156	237.69587353789385	119.74289116610211
432	0.18134091721707768	0.14141410123331793	-0.09540643551353056	237.69587353789385	119.74289116610211
433	0.02863277640269668	-0.1013282142695427	-0.004049079491290075	237.69587353789385	119.74289116610211
434	-0.02266761465213485	0.18038649133698814	-0.05871165262371136	237.69587353789385	119.74289116610211
435	-0.11333807326067369	0.03284815737309356	0.10198618968687734	237.69587353789385	119.74289116610211
436	0.02266761465213485	0.1937484536582465	-0.14728526649568896	237.69587353789385	119.74289116610211
437	-0.37222609323505484	-0.27392022758579676	0.009869631260020384	237.69587353789385	119.74289116610211
438	0.07396800570696585	0.44651224090205077	0.16297544952443932	237.69587353789385	119.74289116610211
439	-0.18730607896763973	-0.5790183672545299	-0.20523771671478308	237.69587353789385	119.74289116610211
440	0.6692911484130316	0.21601839086034397	-0.08351226450786486	237.69587353789385	119.74289116610211
441	-0.45454532539280773	-0.18595397563751265	-0.03593558048520262	237.69587353789385	119.74289116610211
442	0.24934376117348261	-0.15755980570483855	0.02505367935235947	237.69587353789385	119.74289116610211
443	-0.09186349095865137	0.2605582652645387	0.15917943750135466	237.69587353789385	119.74289116610211
444	-0.15509420551460662	-0.05734508829540064	-0.13108894853052722	237.69587353789385	119.74289116610211
445	-0.24457163177303287	0.08796625194828435	0.18499231925833126	237.69587353789385	119.74289116610211
446	0.00715819410067417	0.00668098116062929	-0.23459354302663893	237.69587353789385	119.74289116610211
447	0.2147458230202239	-0.19319170522819412	-0.11413342816074884	237.69587353789385	119.74289116610211
448	-0.32211873453033596	0.15366256669447126	-0.05719324781447693	237.69587353789385	119.74289116610211
449	-0.051300391054831265	0.02171318877204506	-0.01872699264721822	237.69587353789385	119.74289116610211
450	1.1071340209042664	0.28505519618684527	0.32266102196220525	237.69587353789385	119.74289116610211
451	-0.7611546393716833	0.025053679352359498	-0.06098925983756198	237.69587353789385	119.74289116610211
452	-0.4032449343379762	-0.13584661693279348	-0.017714722774395675	237.69587353789385	119.74289116610211
453	1.1262225385060642	-0.28282820246663565	-0.11792944018383344	237.69587353789385	119.74289116610211
454	-0.4461940989420212	0.27837421502621623	0.20549078418298894	237.69587353789385	119.74289116610211
455	-0.19207820836808936	-0.056788339865347995	-0.17031440610240323	237.69587353789385	119.74289116610211
456	0.4008588696377516	-0.04008588696377525	0.10628833664637327	237.69587353789385	119.74289116610211
457	0.1753757554665163	0.09464723310891364	-0.12931747625308743	237.69587353789385	119.74289116610211
458	-0.6704841807631439	0.0044539874404194504	-0.03593558048520251	237.69587353789385	119.74289116610211
459	0.25888801997438116	-0.0918634909586514	0.19967023241425852	237.69587353789385	119.74289116610211
460	0.2648531817249431	-0.0991012205493331	-0.1197009124612729	237.69587353789385	119.74289116610211
461	-0.02624671170247206	-0.005567484300524228	-0.17891870002139548	237.69587353789385	119.74289116610211
462	-0.2851347316768532	0.040085886963775005	0.06149539477397331	237.69587353789385	119.74289116610211
463	0.04772129400449432	-0.01169171703110114	-0.17031440610240312	237.69587353789385	119.74289116610211
464	-0.08828439390831422	-0.05289110085498096	0.10907207879663566	237.69587353789385	119.74289116610211
465	0.2469576964732575	0.04286962911403727	-0.10755367398740173	237.69587353789385	119.74289116610211
466	-0.12049626736134755	-0.15978679942504811	0.11894171005665616	237.69587353789385	119.74289116610211
467	-0.2648531817249431	-0.016145704471520583	-0.12653373410282592	237.69587353789385	119.74289116610211
468	0.13123355851235924	-0.06402606945602968	0.009110428855403696	237.69587353789385	119.74289116610211
469	-0.3042232492786509	0.09130674252859872	0.12703986903923675	237.69587353789385	119.74289116610211
470	0.3400142197820215	0.10411195641980495	-0.10122698728226054	237.69587353789385	119.74289116610211
471	-0.22190401712089855	-0.35576224680350443	0.013918710751311014	237.69587353789385	119.74289116610211
472	0.22071098477078596	-0.0011134968601047568	-0.11261502335151494	237.69587353789385	119.74289116610211
473	0.1515151084642694	0.07070705061665894	0.059723922496533494	237.69587353789385	119.74289116610211
474	0.35910273738381915	0.12471164833174497	-0.03188650099391199	237.69587353789385	119.74289116610211
475	0.3567166726835945	0.22603986260128764	0.13210121840334987	237.69587353789385	119.74289116610211
476	-0.6776423748638184	0.2154616424302913	-0.04074386238110983	237.69587353789385	119.74289116610211
477	-0.23383434062202174	-0.07571778648713082	0.127799071443854	237.69587353789385	119.74289116610211
478	0.1825339495671902	0.10411195641980493	0.18018403736242355	237.69587353789385	119.74289116610211
479	0.5058457164476392	0.2104509065598195	-0.3122852557657735	237.69587353789385	119.74289116610211
480	1.7943206545689836	1.7893894541885191	1.2744477698836598	237.69587353789385	119.74289116610211
481	-0.8458599362296608	-1.1218480865556524	-0.32443249423964504	237.69587353789385	119.74289116610211
482	-0.5320924281501107	-0.03563189952335555	-0.3484739037191814	237.69587353789385	119.74289116610211
483	-0.020281549951910227	-0.3579892405237143	-0.158167167628532	237.69587353789385	119.74289116610211
484	-0.39847280493752657	-0.02895091836272634	0.02505367935235947	237.69587353789385	119.74289116610211
485	0.06084464985573024	-0.010021471740944143	0.03770705276264186	237.69587353789385	119.74289116610211
486	0.11930323501123552	0.02505367935235947	-0.1574079652239152	237.69587353789385	119.74289116610211
487	-0.13958478496314575	0.03563189952335599	-0.14450152434542696	237.69587353789385	119.74289116610211
488	-0.03459793815325862	-0.1553328119846289	0.03340490580314592	237.69587353789385	119.74289116610211
489	0.17179665841617964	0.0011134968601048123	-0.24294476947742494	237.69587353789385	119.74289116610211
490	0.10021471740943788	0.15310581826441932	0.17917176748960095	237.69587353789385	119.74289116610211
491	-0.4605104871433695	-0.19875918952871857	-0.04074386238110983	237.69587353789385	119.74289116610211
492	-0.12407536441168476	0.047880364984509316	0.15108127851877406	237.69587353789385	119.74289116610211
493	0.2708183434755044	0.007794478020733631	-0.11666410284280548	237.69587353789385	119.74289116610211
494	-0.37580519028539205	-0.18317023348724992	-0.05137269604574696	237.69587353789385	119.74289116610211
495	0.06323071455595519	0.19541869894840364	-0.008351226450786509	237.69587353789385	119.74289116610211
496	-0.11572413796089875	-0.03173466051298873	-0.1270398690392372	237.69587353789385	119.74289116610211
497	0.12288233206157262	-0.08295551607781249	-0.06098925983756204	237.69587353789385	119.74289116610211
498	0.2899068610773027	0.22381286888107804	-0.03821318769905324	237.69587353789385	119.74289116610211
499	-0.18730607896764007	-0.4181180709693769	-0.00835122645078648	237.69587353789385	119.74289116610211
500	0.4867571988458411	0.257217774684224	0.1614570447152058	237.69587353789385	119.74289116610211
501	-0.5595321722026949	-0.35520549837345233	-0.06427913692423581	237.69587353789385	119.74289116610211
502	0.2863277640269657	-0.012805213891205938	-0.09869631260020395	237.69587353789385	119.74289116610211
503	-0.49988055469707726	0.14920857925405226	-0.00784509151437518	237.69587353789385	119.74289116610211
504	-0.08828439390831422	-0.37691868714549714	-0.007338956577963851	237.69587353789385	119.74289116610211
505	0.7098542483168517	0.18818096935772224	0.10856594386022439	237.69587353789385	119.74289116610211
506	-0.220710984770786	-0.013918710751310744	-0.1546242230736528	237.69587353789385	119.74289116610211
507	-0.011930323501123663	-0.10745244700011958	0.22219323708456196	237.69587353789385	119.74289116610211
508	-0.27916956992629094	-0.08796625194828436	0.019486195051834965	237.69587353789385	119.74289116610211
509	-0.1073729115101123	0.0011134968601048123	0.0136656432831051	237.69587353789385	119.74289116610211
510	0.6716772131132566	0.4949493543166126	0.17436348559369363	237.69587353789385	119.74289116610211
511	-0.12407536441168499	-0.32013034728014866	-0.3628987494069037	237.69587353789385	119.74289116610211
512	0.09305652330876368	-0.08685275508817955	0.03871932263546454	237.69587353789385	119.74289116610211
513	0.10975897621033681	0.03062116365288372	0.10856594386022439	237.69587353789385	119.74289116610211
514	-0.18134091721707812	-0.10355520798975229	0.013412575814899685	237.69587353789385	119.74289116610211
515	-0.34955847858292055	0.10021471740943788	-0.1776533626803675	237.69587353789385	119.74289116610211
516	0.06561677925617981	-0.04676686812440454	-0.16348158446085037	237.69587353789385	119.74289116610211
517	0.06561677925617937	0.03173466051298876	0.0928757608314738	237.69587353789385	119.74289116610211
518	-0.31734660512988655	-0.06625306317623952	-0.10755367398740175	237.69587353789385	119.74289116610211
519	0.21593885537033664	-0.11691717031101087	0.1181825076520394	237.69587353789385	119.74289116610211
520	0.18611304661752737	0.19764569266861354	0.10148005475046595	237.69587353789385	119.74289116610211
521	-0.03340490580314592	0.06402606945602993	-0.09388803070429666	237.69587353789385	119.74289116610211
522	-0.16702452901572984	-0.21657513929039637	0.04479294187240035	237.69587353789385	119.74289116610211
523	-0.2195179524206734	0.2288236047515499	-0.16297544952443954	237.69587353789385	119.74289116610211
524	-0.15032207611415682	-0.16368403843541518	-0.08376533197607056	237.69587353789385	119.74289116610211
525	0.05130039105483103	-0.03229140894304117	0.16879600129316943	237.69587353789385	119.74289116610211
526	0.36506789913438104	-0.018929446621782836	-0.1321012184033499	237.69587353789385	119.74289116610211
527	-0.1312335585123593	-0.1091226922902768	-0.03239263593032333	237.69587353789385	119.74289116610211
528	-0.4032449343379762	-0.14308434652347513	0.061748462242178996	237.69587353789385	119.74289116610211
529	0.25411589057393197	0.032848157373093545	0.07389570071605012	237.69587353789385	119.74289116610211
530	0.20997369361977436	0.3184601019899915	0.09009201868121179	237.69587353789385	119.74289116610211
531	-0.3638748667842684	-0.2126779002800293	0.0369478503580252	237.69587353789385	119.74289116610211
532	-0.28990686107730235	-0.07961502549749788	-0.0027837421502625026	237.69587353789385	119.74289116610211
533	-0.08470529685797748	0.0996579689793855	-0.040996929849315245	237.69587353789385	119.74289116610211
534	0.4426150018916843	-0.11301993130064386	-0.03112729858929525	237.69587353789385	119.74289116610211
535	-0.02147458230202276	0.20488342225929526	-0.01467791315592773	237.69587353789385	119.74289116610211
536	-0.11333807326067369	-0.1998726863888234	-0.11767637271562785	237.69587353789385	119.74289116610211
537	-0.22548311417123523	0.2471963029432801	0.21257667329274713	237.69587353789385	119.74289116610211
538	0.12049626736134807	-0.2527637872438043	-0.13210121840334987	237.69587353789385	119.74289116610211
539	0.5917440456557284	0.2872821899070551	-0.11843557512024483	237.69587353789385	119.74289116610211
540	0.9031254890350535	0.4286962911403733	0.416295985198296	237.69587353789385	119.74289116610211
541	-0.5070387487977512	-0.30454139123868074	-0.08325919703965906	237.69587353789385	119.74289116610211
542	-0.07038890865662917	0.217131887720449	0.009869631260020495	237.69587353789385	119.74289116610211
543	-0.10140774975955003	-0.27447697601584964	-0.12096624980230145	237.69587353789385	119.74289116610211
544	0.0954425880089882	-0.23606133434223137	-0.07667944286631237	237.69587353789385	119.74289116610211
545	-0.34359331683235816	0.2009861832489282	0.025306746820565384	237.69587353789385	119.74289116610211
546	-0.3674539638346056	-0.22325612045102539	-0.004808281895907762	237.69587353789385	119.74289116610211
547	0.06800284395640399	0.05066410713477132	-0.22042176480712206	237.69587353789385	119.74289116610211
548	0.11453110561078628	-0.14753833396389482	0.05289110085498118	237.69587353789385	119.74289116610211
549	-0.4760199076948298	0.024496930922307092	-0.025559814288770785	237.69587353789385	119.74289116610211
550	0.41040312843865046	0.2020996801090332	0.08680214159453847	237.69587353789385	119.74289116610211
551	-0.18253394956719077	-0.15087882454420923	-0.025053679352359474	237.69587353789385	119.74289116610211
552	0.002386064700225121	-0.0534478492850336	-0.03188650099391201	237.69587353789385	119.74289116610211
553	0.3089953786791002	-0.07516103805707841	-0.14930980624133444	237.69587353789385	119.74289116610211
554	-0.0357909705033711	0.05567484300524317	0.02758435403441606	237.69587353789385	119.74289116610211
555	-0.14077781731325778	0.11803066717111571	0.1376687027038744	237.69587353789385	119.74289116610211
556	0.20878066126966222	-0.11803066717111571	-0.04099692984931548	237.69587353789385	119.74289116610211
557	-0.3173466051298866	0.16591103215562503	-0.060736192369356366	237.69587353789385	119.74289116610211
558	0.16105936726516795	-0.22603986260128767	0.10881901132843005	237.69587353789385	119.74289116610211
559	0.1658314966656177	0.026723924642516717	-0.14121164725875338	237.69587353789385	119.74289116610211
560	-0.29945111987820155	-0.17481900703646397	0.11818250765203918	237.69587353789385	119.74289116610211
561	-0.02266761465213485	0.1497653276841045	-0.03694785035802518	237.69587353789385	119.74289116610211
562	-0.13600568791280848	0.018372698191730152	-0.013918710751310737	237.69587353789385	119.74289116610211
563	-0.21474582302022388	0.032848157373093545	-0.11691717031101087	237.69587353789385	119.74289116610211
564	0.10021471740943766	-0.17481900703646386	0.008098158982580816	237.69587353789385	119.74289116610211
565	0.12168929971146064	0.1959754473784563	0.16828986635675788	237.69587353789385	119.74289116610211
566	-0.49510842529662785	0.055674843005243446	-0.10552913424175649	237.69587353789385	119.74289116610211
567	0.2636601493748305	-0.07237729590681641	0.0025306746820565884	237.69587353789385	119.74289116610211
568	-0.10021471740943788	0.11134968601048661	0.07187116097040486	237.69587353789385	119.74289116610211
569	-0.03937006755370757	0.19541869894840394	-0.03163343352570636	237.69587353789385	119.74289116610211
570	0.11572413796089855	0.23606133434223137	0.2133358756973639	237.69587353789385	119.74289116610211
571	-0.32092570218022387	-0.636920203979983	-0.14728526649568893	237.69587353789385	119.74289116610211
572	0.4115961607887627	-0.028394169932674074	-0.07288343084322749	237.69587353789385	119.74289116610211
573	-0.19565730541842624	-0.05957208201561026	-0.01796779024260127	237.69587353789385	119.74289116610211
574	0.4795990047451672	0.29229292577752714	0.10730060651919608	237.69587353789385	119.74289116610211
575	-0.2887138287271902	-0.18205673662714555	-0.2252300467030296	237.69587353789385	119.74289116610211
576	0.02982580875280877	-0.023383434062202058	-0.06858128388373155	237.69587353789385	119.74289116610211
577	-0.2636601493748305	-0.16479753529552016	0.17132667597522605	237.69587353789385	119.74289116610211
578	0.16702452901572984	-0.06235582416587249	-0.06276073211500165	237.69587353789385	119.74289116610211
579	-0.045335229304269656	0.3268113284407779	0.025812881756976463	237.69587353789385	119.74289116610211
580	0.20400853186921275	0.02004294348188762	-0.020245397456451958	237.69587353789385	119.74289116610211
581	0.01073729115101163	-0.04788036498450915	-0.06630367666988063	237.69587353789385	119.74289116610211
582	-0.04533522930426967	0.013361962321258358	0.05643404540986019	237.69587353789385	119.74289116610211
583	-0.23144827592179712	-0.052891100854981166	-0.08680214159453847	237.69587353789385	119.74289116610211
584	0.01670245290157299	0.06235582416587249	0.010628833664637405	237.69587353789385	119.74289116610211
585	0.09663562035910092	0.1302791326322692	0.18322084698089147	237.69587353789385	119.74289116610211
586	-0.15390117316449403	-0.18149998819709295	-0.1687960012931694	237.69587353789385	119.74289116610211
587	-0.0011930323501123247	-0.2705797370054823	-0.039478525040081536	237.69587353789385	119.74289116610211
588	-0.03101884110292133	0.017815949761677774	0.04453987440419471	237.69587353789385	119.74289116610211
589	0.2588880199743812	0.3602162342439241	0.14323618700439839	237.69587353789385	119.74289116610211
590	0.2147458230202241	-0.2371748312023364	0.06984662122475983	237.69587353789385	119.74289116610211
591	0.39727977258741437	0.15254906983436645	-0.004049079491290297	237.69587353789385	119.74289116610211
592	-0.3686469961847177	0.0812852707876553	-0.015943250496956246	237.69587353789385	119.74289116610211
593	0.011930323501123219	-0.2421855670728082	-0.17006133863419748	237.69587353789385	119.74289116610211
594	-0.4784059723950544	0.15533281198462862	0.09414109817250234	237.69587353789385	119.74289116610211
595	0.3650678991343807	-0.06402606945602968	0.10679447158278477	237.69587353789385	119.74289116610211
596	-0.4020519019878639	0.021156440341992433	-0.13665643283105178	237.69587353789385	119.74289116610211
597	-0.2326413082719094	-0.1770460007566737	0.224217776830207	237.69587353789385	119.74289116610211
598	0.11930323501123574	0.3591027373838191	0.1341257581489952	237.69587353789385	119.74289116610211
599	0.027439744052584092	-0.1742622586064113	-0.15917943750135466	237.69587353789385	119.74289116610211
600	0.4068240313883132	0.26835274328527253	0.526127266399549	237.69587353789385	119.74289116610211
601	-0.04294916460404477	0.005567484300524256	-0.19309047824091197	237.69587353789385	119.74289116610211
602	0.6919587630651665	-0.13361962321258383	0.14171778219516495	237.69587353789385	119.74289116610211
603	-0.3030302169285384	-0.05177760399487619	-0.3019094895693422	237.69587353789385	119.74289116610211
604	-0.3996658372876392	-0.24775305137333248	-0.032139568462117435	237.69587353789385	119.74289116610211
605	0.40563099903820116	0.2460828060831753	0.020245397456452208	237.69587353789385	119.74289116610211
606	-0.36148880208404377	-0.1497653276841044	-0.17411041812548828	237.69587353789385	119.74289116610211
607	0.24934376117348214	0.03841564167361777	0.0516257635139529	237.69587353789385	119.74289116610211
608	-0.11453110561078622	0.024496930922307036	-0.2080214588650453	237.69587353789385	119.74289116610211
609	0.31376750807954995	-0.149208579254052	0.06782208147911434	237.69587353789385	119.74289116610211
610	-0.20997369361977486	0.2672392464251677	0.03416410820776294	237.69587353789385	119.74289116610211
611	-0.44738713129213353	-0.08128527078765507	-0.05365030325959792	237.69587353789385	119.74289116610211
612	0.3268908639307855	-0.12192790618148291	0.20827452633325094	237.69587353789385	119.74289116610211
613	-0.49272236059640273	0.20989415812976725	0.1272929365074426	237.69587353789385	119.74289116610211
614	0.5452157840013463	-0.03563189952335577	-0.27128832591645824	237.69587353789385	119.74289116610211
615	-0.14197084966337034	0.0740475411969736	0.11615796790639389	237.69587353789385	119.74289116610211
616	0.07516103805707844	-0.06792330846639671	-0.1789187000213953	237.69587353789385	119.74289116610211
617	0.06800284395640449	-0.2271533594613927	-0.011641103537460049	237.69587353789385	119.74289116610211
618	-0.23502737297213408	0.0	0.05769938275088846	237.69587353789385	119.74289116610211
619	0.0357909705033706	0.1820567366271456	-0.081234657294014	237.69587353789385	119.74289116610211
620	0.4366498401411224	0.15310581826441882	0.07338956577963882	237.69587353789385	119.74289116610211
621	-0.569076431003594	-0.09854447211928047	-0.11970091246127312	237.69587353789385	119.74289116610211
622	-0.2934859581276395	-0.1664677805856774	-0.011641103537459813	237.69587353789385	119.74289116610211
623	0.4020519019878639	0.16090029628515296	0.06124232730576745	237.69587353789385	119.74289116610211
624	-0.2934859581276395	-0.06680981160629196	-0.03618864795340798	237.69587353789385	119.74289116610211
625	0.17895485251685353	0.033961654233198635	0.015437115560544695	237.69587353789385	119.74289116610211
626	-0.18969214366786466	0.005010735870471794	-0.035176378080585574	237.69587353789385	119.74289116610211
627	-0.17060362606606702	-0.2817147056065311	-0.1321012184033499	237.69587353789385	119.74289116610211
628	0.13839175261303338	0.2711364854355348	0.20852759380145663	237.69587353789385	119.74289116610211
629	-0.15748027021483102	-0.23773157963238878	-0.06377300198782403	237.69587353789385	119.74289116610211
630	0.7217845718179752	0.38415641673617856	0.20397237937375476	237.69587353789385	119.74289116610211
631	-0.7229776041680875	-0.38081592615586396	-0.12602759916641434	237.69587353789385	119.74289116610211
632	0.41756132253932454	0.10912269229027682	-0.03416410820776294	237.69587353789385	119.74289116610211
633	0.19347007944322053	-0.06124232730576751	-0.022776072138508546	237.69587353789385	119.74289116610211
634	-0.6333013391846423	-0.0445398744041946	-0.050613493641130256	237.69587353789385	119.74289116610211
635	0.11413342816074867	0.19207820836808925	0.013159508346693993	237.69587353789385	119.74289116610211
636	0.027837421502621695	-0.07460428962702598	0.0675690140109089	237.69587353789385	119.74289116610211
637	0.10021471740943788	-0.11190643444053905	0.029102758843649774	237.69587353789385	119.74289116610211
638	0.012526839676179735	0.06235582416587249	-0.09135735602224007	237.69587353789385	119.74289116610211
639	-0.35353525308329486	0.20878066126966222	0.004808281895907263	237.69587353789385	119.74289116610211
640	0.13083588106232164	-0.03229140894304111	0.1606978423105886	237.69587353789385	119.74289116610211
641	-0.037580519028539205	0.00556748430052445	-0.07338956577963882	237.69587353789385	119.74289116610211
642	-0.2519286645987257	-0.18317023348725042	-0.02404140947953684	237.69587353789385	119.74289116610211
643	0.25888801997438116	0.08351226450786492	-0.09565950298173627	237.69587353789385	119.74289116610211
644	0.39250764318696507	-0.07126379904671137	0.0010122698728226298	237.69587353789385	119.74289116610211
645	-0.3326571869563286	0.17704600075667354	-0.03138036605750069	237.69587353789385	119.74289116610211
646	-0.11134968601048639	-0.024496930922307092	0.002277607213850924	237.69587353789385	119.74289116610211
647	0.5177760399487624	0.01837269819173043	-0.016449385433367325	237.69587353789385	119.74289116610211
648	-0.1809432397670408	-0.2215858751608682	0.05339723579139227	237.69587353789385	119.74289116610211
649	-0.11830904138614187	0.0512208555648237	-0.16904906876137507	237.69587353789385	119.74289116610211
650	-0.27698234395108523	0.037302144813513016	0.27103525844825255	237.69587353789385	119.74289116610211
651	0.07933665128247169	-0.06235582416587249	-0.22244630455276732	237.69587353789385	119.74289116610211
652	0.07376916698194719	0.06458281788608211	0.16727759648393548	237.69587353789385	119.74289116610211
653	0.05428297193011217	0.007794478020734075	-0.06301379958320728	237.69587353789385	119.74289116610211
654	-0.1698082711659918	-0.04509662283424687	0.054409505664215124	237.69587353789385	119.74289116610211
655	0.005567484300524228	-0.06513956631613471	0.010628833664637183	237.69587353789385	119.74289116610211
656	0.21574001664531775	0.026723924642516717	-0.014930980624133366	237.69587353789385	119.74289116610211
657	-0.07555871550711599	-0.09074999409854634	0.02353527454312551	237.69587353789385	119.74289116610211
658	0.34240028448224613	0.15978679942504814	0.042009199722138124	237.69587353789385	119.74289116610211
659	-0.22190401712089805	-0.0929769878187563	0.18069017229883513	237.69587353789385	119.74289116610211
660	0.5022666193973016	0.6836870721043873	0.741487681842558	237.69587353789385	119.74289116610211
661	-0.5869719162552788	-0.3284815737309351	-0.5111962857754153	237.69587353789385	119.74289116610211
662	-0.24815072882337014	-0.27447697601584936	0.04960122376830761	237.69587353789385	119.74289116610211
663	0.24337859942292062	0.15421931512452386	-0.15108127851877404	237.69587353789385	119.74289116610211
664	0.07993316745752793	0.32959507059104015	-0.1374156352356685	237.69587353789385	119.74289116610211
665	0.06800284395640427	-0.14085735280326556	0.0690874188201426	237.69587353789385	119.74289116610211
666	-0.07038890865662914	-0.35910273738381915	0.011641103537460284	237.69587353789385	119.74289116610211
667	0.1264614291119097	0.3050981396687331	-0.2682515162979906	237.69587353789385	119.74289116610211
668	-0.1360056879128085	-0.030064415222831348	-0.0817407922304253	237.69587353789385	119.74289116610211
669	0.35552364033348216	-0.053447849285033544	0.12931747625308765	237.69587353789385	119.74289116610211
670	0.21713188772044875	0.2126779002800293	0.12779907144385394	237.69587353789385	119.74289116610211
671	-0.47959900474516715	-0.07126379904671136	-0.04707054908625104	237.69587353789385	119.74289116610211
672	-0.1169171703110109	-0.29006593205731734	-0.010122698728226104	237.69587353789385	119.74289116610211
673	-0.1658314966656175	0.04342637754408962	0.08199385969863096	237.69587353789385	119.74289116610211
674	0.06084464985573035	0.06458281788608211	-0.1556364929464754	237.69587353789385	119.74289116610211
675	0.31734660512988666	0.13139262949237426	0.113121158287926	237.69587353789385	119.74289116610211
676	0.366260931484493	-0.4014156180678039	0.02884969137544434	237.69587353789385	119.74289116610211
677	-0.3078023463289876	-0.0690368053265018	-0.11463956309715995	237.69587353789385	119.74289116610211
678	0.015509420551460661	0.2271533594613927	0.190812871027061	237.69587353789385	119.74289116610211
679	-0.31138144337932505	-0.07683128334723588	-0.021510734797480252	237.69587353789385	119.74289116610211
680	0.4199473872395494	-0.1130199313006438	-0.05643404540986041	237.69587353789385	119.74289116610211
681	-0.4951084252966278	-0.042869629114037244	-0.19384968064552888	237.69587353789385	119.74289116610211
682	0.26485318172494304	-0.052891100854981166	0.08300612957145359	237.69587353789385	119.74289116610211
683	0.2922929257775272	0.0005567484300523784	0.07617330792990105	237.69587353789385	119.74289116610211
684	-0.24695769647325777	0.15644630884473365	0.05365030325959816	237.69587353789385	119.74289116610211
685	-0.029825808752808755	-0.11134968601048656	-0.06276073211500163	237.69587353789385	119.74289116610211
686	-0.0656167792561796	0.048437113414561694	0.07541410552528408	237.69587353789385	119.74289116610211
687	-0.6549747602116833	0.0306211636528837	0.04378067199957772	237.69587353789385	119.74289116610211
688	0.43307074309078497	-0.02950766679277883	-0.03973159250828717	237.69587353789385	119.74289116610211
689	0.22429008182112295	-0.07460428962702603	-0.17638802533933895	237.69587353789385	119.74289116610211
690	-0.07754710275730309	0.4337070270108451	0.28242329451750675	237.69587353789385	119.74289116610211
691	-0.13481265556269614	-0.24942329666349	-0.08806747893556677	237.69587353789385	119.74289116610211
692	0.4020519019878639	-0.06680981160629185	0.053903370727804045	237.69587353789385	119.74289116610211
693	0.08351226450786492	0.04899386184461407	0.002783742150262003	237.69587353789385	119.74289116610211
694	-0.09663562035910093	-0.23606133434223153	-0.052384965918569615	237.69587353789385	119.74289116610211
695	0.1002147174094379	0.27002298857542995	0.03036809618467806	237.69587353789385	119.74289116610211
696	-0.1849200142674151	-0.047880364984509094	-0.1032515270279058	237.69587353789385	119.74289116610211
697	-0.34955847858292033	-0.15421931512452391	0.07364263324784448	237.69587353789385	119.74289116610211
698	-0.19207820836808925	0.3295950705910402	-0.014171778219516401	237.69587353789385	119.74289116610211
699	0.2791695699262914	-0.182613485057198	0.21586655037942024	237.69587353789385	119.74289116610211
700	-0.14197084966337037	-0.09297698781875618	-0.18828219634500418	237.69587353789385	119.74289116610211
701	0.4199473872395492	-0.0016702452901574683	-0.03922545757187612	237.69587353789385	119.74289116610211
702	-0.34240028448224613	0.11858741560116837	0.027837421502621723	237.69587353789385	119.74289116610211
703	0.0011930323501123108	0.17927299447688333	-0.10957821373304702	237.69587353789385	119.74289116610211
704	0.12288233206157273	-0.1119064344405391	0.0025306746820565815	237.69587353789385	119.74289116610211
705	0.16344543196539285	-0.14141410123331788	0.062001529710384425	237.69587353789385	119.74289116610211
706	-0.30183718457842623	0.021156440341992377	-0.04631134668163407	237.69587353789385	119.74289116610211
707	-0.07277497335685351	-0.06680981160629185	-0.1434892544726043	237.69587353789385	119.74289116610211
708	0.3328560256813473	0.11524692502085365	0.1951150179865572	237.69587353789385	119.74289116610211
709	-0.12526839676179735	0.1887377177877746	0.03770705276264193	237.69587353789385	119.74289116610211
710	0.650202630811234	-0.3301518190210926	0.19359661317732324	237.69587353789385	119.74289116610211
711	-0.03817703520359572	0.13918710751310814	-0.10148005475046645	237.69587353789385	119.74289116610211
712	-0.12407536441168479	0.012805213891205924	-0.09388803070429616	237.69587353789385	119.74289116610211
713	-0.2135527906701118	-0.027280673072569095	-0.04631134668163432	237.69587353789385	119.74289116610211
714	0.36864699618471797	-0.03229140894304117	0.008351226450786495	237.69587353789385	119.74289116610211
715	-0.32092570218022365	0.314006114549572	0.24522237669127614	237.69587353789385	119.74289116610211
716	-0.38773551378651555	0.017259201331625396	0.04529907680881118	237.69587353789385	119.74289116610211
717	0.23025524357168456	0.1519923214043143	0.09085122108582927	237.69587353789385	119.74289116610211
718	-0.025053679352359484	0.13473312007268864	0.17740029521216105	237.69587353789385	119.74289116610211
719	0.4807920370952793	-0.04955061027466655	-0.22548311417123523	237.69587353789385	119.74289116610211
720	0.46766868124404354	1.0233036144363716	1.1099539155499865	237.69587353789385	119.74289116610211
721	-0.3018371845784258	-0.3156763598397294	-0.46083585960249085	237.69587353789385	119.74289116610211
722	0.4521592606925826	-0.3006441522283137	-0.09743097525917599	237.69587353789385	119.74289116610211
723	-0.6191837897083124	-0.37970242929575915	-0.13589723042643453	237.69587353789385	119.74289116610211
724	0.1741827231164037	-0.07683128334723587	-0.014677913155927702	237.69587353789385	119.74289116610211
725	-0.30780234632898756	0.21490489400023916	-0.26673311148875645	237.69587353789385	119.74289116610211
726	-0.05726555280539333	-0.28728218990705534	-0.09161042349044596	237.69587353789385	119.74289116610211
727	-0.14077781731325778	0.20766716440955746	-0.05567484300524295	237.69587353789385	119.74289116610211
728	0.19923640246876323	-0.040085886963775255	0.028343556439032802	237.69587353789385	119.74289116610211
729	-0.16583149666561725	-0.22659661103134005	0.1700613386341977	237.69587353789385	119.74289116610211
730	0.4724408106444927	0.5194462852389199	-0.10780674145560765	237.69587353789385	119.74289116610211
731	-0.3805773196858413	-0.29173617734747503	-0.0549156406006262	237.69587353789385	119.74289116610211
732	0.1622523996152805	-0.1837269819173028	-0.1525996833280075	237.69587353789385	119.74289116610211
733	-0.23025524357168475	0.07404754119697361	0.05542177553703753	237.69587353789385	119.74289116610211
734	0.1539011731644938	0.12638189362190216	-0.08730827653094958	237.69587353789385	119.74289116610211
735	-0.04414219695415711	0.0445398744041947	0.4309738983542238	237.69587353789385	119.74289116610211
736	0.12407536441168482	-0.27837421502621645	-0.2348466104948444	237.69587353789385	119.74289116610211
737	-0.22190401712089808	0.253320535673857	-0.0850306693170989	237.69587353789385	119.74289116610211
738	-0.11214504091056135	-0.09687422682912325	0.06478527186064714	237.69587353789385	119.74289116610211
739	0.27081834347550465	0.02226993720209723	0.16272238205623335	237.69587353789385	119.74289116610211
740	-0.22071098477078574	0.47824690141503956	0.4646318716255762	237.69587353789385	119.74289116610211
741	0.21951795242067365	-0.2638987558448528	-0.3467024314417426	237.69587353789385	119.74289116610211
742	-0.1073729115101123	-0.26222851055469587	-0.144248456877221	237.69587353789385	119.74289116610211
743	-0.157480270214831	-0.02895091836272652	0.13665643283105167	237.69587353789385	119.74289116610211
744	0.25292285822381966	-0.13250612635247905	-0.04707054908625097	237.69587353789385	119.74289116610211
745	-0.1169171703110109	0.12359815147163994	-0.002783742150262558	237.69587353789385	119.74289116610211
746	-0.42114041958966175	-0.17092176802609665	-0.4345168429091029	237.69587353789385	119.74289116610211
747	0.11572413796089856	-0.5077545682078187	-0.2044785143101663	237.69587353789385	119.74289116610211
748	-0.1729896907662917	0.12638189362190222	0.264961639211317	237.69587353789385	119.74289116610211
749	0.4008588696377516	0.6803465815240728	0.4421088669552727	237.69587353789385	119.74289116610211
750	0.07277497335685378	1.6808235103282942	1.464501438506103	237.69587353789385	119.74289116610211
751	0.27439744052584186	-0.4531932220626802	-0.9634278514589136	237.69587353789385	119.74289116610211
752	0.4784059723950546	-0.3524217562231897	-0.08477760184889327	237.69587353789385	119.74289116610211
753	-0.5440227516512339	0.667541367632867	0.10072085234584915	237.69587353789385	119.74289116610211
754	-0.08947742625842675	-0.2778174665961639	0.10426379690072829	237.69587353789385	119.74289116610211
755	-0.08112619980764027	-0.17036501959604466	-0.0971779077909698	237.69587353789385	119.74289116610211
756	0.0405630999038199	-0.13807361065300305	-0.10932514626484169	237.69587353789385	119.74289116610211
757	-0.24576466412314518	0.005010735870471517	-0.12526839676179735	237.69587353789385	119.74289116610211
758	0.4533522930426954	0.07738803177728815	-0.0073389565779637955	237.69587353789385	119.74289116610211
759	0.18253394956719027	-0.44818248619220813	0.06858128388373164	237.69587353789385	119.74289116610211
760	-0.0894774262584268	0.639703946130245	0.058458585155505505	237.69587353789385	119.74289116610211
761	-0.1753757554665163	-0.23439108905207418	-0.22092789974353388	237.69587353789385	119.74289116610211
762	0.02266761465213485	-0.13863035908305543	0.11590490043818835	237.69587353789385	119.74289116610211
763	-0.04772129400449432	-0.2555475293940668	-0.09970858247302672	237.69587353789385	119.74289116610211
764	-0.05010735870471894	0.13306287478253143	0.07060582362937706	237.69587353789385	119.74289116610211
765	0.05607252045528077	0.202099680109033	0.11691717031101079	237.69587353789385	119.74289116610211
766	-0.144356914363595	-0.158116554134891	-0.274325135534926	237.69587353789385	119.74289116610211
767	-0.24576466412314518	0.003897239010367315	-0.12046011486589014	237.69587353789385	119.74289116610211
768	0.20878066126966227	-0.09631747839907112	0.12324385701615215	237.69587353789385	119.74289116610211
769	-0.1479360114139322	-0.04899386184461407	0.1847392517901254	237.69587353789385	119.74289116610211
770	0.3424002844822459	0.37079445441492054	0.006073619236935723	237.69587353789385	119.74289116610211
771	0.11930323501123596	-0.04676686812440467	-0.20447851431016628	237.69587353789385	119.74289116610211
772	0.05010735870471894	-0.23049385004170686	0.10578220170996244	237.69587353789385	119.74289116610211
773	-0.1837269819173028	-0.20711041597950508	-0.07212422843861055	237.69587353789385	119.74289116610211
774	0.05249342340494362	0.3357193033216169	0.0017714722774393454	237.69587353789385	119.74289116610211
775	-0.015509420551460928	-0.2844984477567931	0.004808281895907318	237.69587353789385	119.74289116610211
776	-0.05487948810516824	0.1536625666944712	-0.022523004670302882	237.69587353789385	119.74289116610211
777	0.06561677925617937	0.14642483710379006	0.09894938006840981	237.69587353789385	119.74289116610211
778	-0.11333807326067363	-0.17370551017635916	0.059976989964739436	237.69587353789385	119.74289116610211
779	-0.13958478496314547	-0.07404754119697354	-0.17689416027575033	237.69587353789385	119.74289116610211
780	1.8265325280220168	0.5595321722026948	1.0140413451000447	237.69587353789385	119.74289116610211
781	-0.7575755423213462	-0.07850152863739268	-0.42211653696702656	237.69587353789385	119.74289116610211
782	-0.03698400285348269	-0.22882360475155017	-0.03391104073955731	237.69587353789385	119.74289116610211
783	-0.04414219695415755	-0.42980978800047787	-0.31000764855192275	237.69587353789385	119.74289116610211
784	0.23502737297213439	0.13918710751310837	-0.13665643283105167	237.69587353789385	119.74289116610211
785	0.06680981160629185	-0.029507666792779164	0.2895091836272651	237.69587353789385	119.74289116610211
786	-0.14197084966337026	0.23550458591217893	-0.2550920079512966	237.69587353789385	119.74289116610211
787	0.07874013510741551	-0.08239876764776011	0.04732361655445705	237.69587353789385	119.74289116610211
788	-0.17179665841617964	0.33460580646151195	-0.014424845687722287	237.69587353789385	119.74289116610211
789	0.019088517601798305	-0.2672392464251676	0.07136502603399375	237.69587353789385	119.74289116610211
790	0.28871382872719	0.15032207611415682	0.00531441683231848	237.69587353789385	119.74289116610211
791	-0.6120255956076386	-0.21880213301060603	-0.012400305942076972	237.69587353789385	119.74289116610211
792	-0.5332854605002233	-0.22715335946139242	-0.0022776072138506187	237.69587353789385	119.74289116610211
793	0.0405630999038204	0.015588956041468205	-0.06427913692423526	237.69587353789385	119.74289116610211
794	0.35790970503370656	-0.09743097525917593	-0.08309312151364956	237.69587353789385	119.74289116610211
795	1.1202573767555024	0.17760274918672642	0.03197349293610785	237.69587353789385	119.74289116610211
796	-0.32450479923056097	-0.21267790028002953	0.01012269872822591	237.69587353789385	119.74289116610211
797	-0.4092100960885381	0.05177760399487613	-0.011134968601048567	237.69587353789385	119.74289116610211
798	0.4020519019878641	-0.08907974880838893	-0.34189414954583475	237.69587353789385	119.74289116610211
799	-0.10856594386022445	-0.1514355729742621	-0.026319016693387987	237.69587353789385	119.74289116610211
800	0.5619182369029196	0.2744769760158494	0.3307591809447863	237.69587353789385	119.74289116610211
801	-0.39370067553707777	-0.15588956041468083	-0.29128065590470453	237.69587353789385	119.74289116610211
802	-0.1467429790638195	0.07738803177728798	-0.02505367935235947	237.69587353789385	119.74289116610211
803	0.07396800570696627	-0.10411195641980514	-0.016449385433367603	237.69587353789385	119.74289116610211
804	-0.2063945965694376	0.23995857335259863	0.14576686168645547	237.69587353789385	119.74289116610211
805	-0.16463846431550522	0.13696011379289874	0.1250153292935915	237.69587353789385	119.74289116610211
806	-0.3364351227316843	-0.5060843229176616	-0.34999230852841545	237.69587353789385	119.74289116610211
807	0.20281549951910038	0.16257054157531017	0.3532821856150893	237.69587353789385	119.74289116610211
808	0.2576949876242687	0.17871624604683117	0.12830520638026466	237.69587353789385	119.74289116610211
809	-0.10737291151011186	0.33794629704182644	-0.07035275616117054	237.69587353789385	119.74289116610211
810	3.5361478857330226	1.591187013089853	1.9870857603507739	237.69587353789385	119.74289116610211
811	-0.8935812302341546	-0.2872821899070557	-0.3575843325745858	237.69587353789385	119.74289116610211
812	-0.65855385726202	-0.17871624604683078	0.17208587837984313	237.69587353789385	119.74289116610211
813	0.25530892292404417	-0.19764569266861365	-0.1680367988885525	237.69587353789385	119.74289116610211
814	0.3245047992305601	0.28004446031637387	-0.12628066663462034	237.69587353789385	119.74289116610211
815	-0.3185396374799989	-0.009464723310891543	0.1445015243454275	237.69587353789385	119.74289116610211
816	-0.48914326354606574	-0.17036501959604444	-0.25357360314206234	237.69587353789385	119.74289116610211
817	0.07754710275730359	-0.2394018249225458	-0.2353527454312565	237.69587353789385	119.74289116610211
818	-0.3459793815325831	0.023383434062202113	0.24674078150051093	237.69587353789385	119.74289116610211
819	-0.1431638820134835	0.0818420192177074	0.004049079491289298	237.69587353789385	119.74289116610211
820	0.04772129400449465	0.15310581826441916	0.19005366862244522	237.69587353789385	119.74289116610211
821	-0.7265567012184249	0.024496930922307092	-0.5716794106765668	237.69587353789385	119.74289116610211
822	0.1896921436678649	-0.406426353938276	-0.08781441146736091	237.69587353789385	119.74289116610211
823	-0.1360056879128091	0.17147851645614898	-0.012400305942077194	237.69587353789385	119.74289116610211
824	-0.2290622112215721	0.3552054983734525	-0.21966256240250526	237.69587353789385	119.74289116610211
825	-0.02743974405258398	0.07126379904671154	0.42414107671267165	237.69587353789385	119.74289116610211
826	-0.11930323501123596	-0.2716932338655875	-0.08401839944427625	237.69587353789385	119.74289116610211
827	-0.18014788486696576	0.1269386420519547	-0.03138036605750116	237.69587353789385	119.74289116610211
828	-0.08589832920808949	-0.18706747249761735	0.15538342547827	237.69587353789385	119.74289116610211
829	0.6669050837128068	-0.10578220170996233	-0.025306746820564996	237.69587353789385	119.74289116610211
830	0.16702452901572973	0.34240028448224624	0.16677146154752398	237.69587353789385	119.74289116610211
831	-0.7838222540238176	-0.3952913853372271	-0.011388036069254426	237.69587353789385	119.74289116610211
832	1.1453110561078617	0.1748190070364639	-0.1601917073741772	237.69587353789385	119.74289116610211
833	-0.4175613225393242	0.34407052977240316	0.21991562987071145	237.69587353789385	119.74289116610211
834	0.3030302169285384	-0.41255058666885236	-0.5850919864914659	237.69587353789385	119.74289116610211
835	-0.4259125489901112	0.20711041597950453	0.16145704471520528	237.69587353789385	119.74289116610211
836	-0.013123355851236251	-0.349081265642875	-0.3429064194186573	237.69587353789385	119.74289116610211
837	-0.12526839676179735	-0.5873695937053167	-0.25762268263335275	237.69587353789385	119.74289116610211
838	0.31734660512988655	-0.10522545327990951	-0.12982361118949926	237.69587353789385	119.74289116610211
839	-0.6549747602116829	0.31400611454957184	0.2930521281821439	237.69587353789385	119.74289116610211
840	0.6430444367105597	1.382963100250243	1.6446854758685283	237.69587353789385	119.74289116610211
841	0.4247195166399993	-0.0016702452901569131	-0.8029830766165325	237.69587353789385	119.74289116610211
842	-0.5368645575505608	-0.6352499586898259	0.07212422843861166	237.69587353789385	119.74289116610211
843	-0.31853963747999914	0.32848157373093545	-0.4813343245271493	237.69587353789385	119.74289116610211
844	0.23622040532224675	-0.4075398507983812	-0.01012269872822591	237.69587353789385	119.74289116610211
845	0.033404905803146034	0.3346058064615123	0.5848389190232599	237.69587353789385	119.74289116610211
846	-0.11095200856044962	-0.45486346735283756	-0.3553067253607347	237.69587353789385	119.74289116610211
847	-0.0811261998076398	0.282828202466636	-0.04707054908625086	237.69587353789385	119.74289116610211
848	-0.461703519493482	-0.09854447211928075	-0.21225243059910848	237.69587353789385	119.74289116610211
849	0.22667614652134782	0.05511809457519057	0.08246836120151668	237.69587353789385	119.74289116610211
850	0.3292769286310102	-0.033404905803146034	0.04436589051980322	237.69587353789385	119.74289116610211
851	-0.5452157840013465	0.026167176212464227	0.03679759154877771	237.69587353789385	119.74289116610211
852	-0.11214504091056154	-0.05901533358555766	-0.19002203518891814	237.69587353789385	119.74289116610211
853	0.041756132253932376	-0.11914416403122052	-0.24825918630974408	237.69587353789385	119.74289116610211
854	0.13004052616224682	-0.06903680532650158	-0.09616563791814725	237.69587353789385	119.74289116610211
855	0.05726555280539336	0.14030060437321312	0.6663266437854796	237.69587353789385	119.74289116610211
856	0.07993316745752765	-0.3507515109330326	-0.3368328001817218	237.69587353789385	119.74289116610211
857	0.04056309990381979	0.11914416403122052	0.2105521335471019	237.69587353789385	119.74289116610211
858	-0.1431638820134824	-0.02226993720209758	-0.09945551500482108	237.69587353789385	119.74289116610211
859	0.18253394956719027	0.10188496269959524	-0.16727759648393503	237.69587353789385	119.74289116610211
860	0.24576466412314546	0.2644555042749057	0.2991257474190798	237.69587353789385	119.74289116610211
861	-0.34478634918247075	-0.1848404787774076	-0.37605825775359825	237.69587353789385	119.74289116610211
862	0.3030302169285384	-0.009464723310891321	0.25914108744258724	237.69587353789385	119.74289116610211
863	-0.009544258800899152	-0.03396165423319841	-0.30798310880627766	237.69587353789385	119.74289116610211
864	-0.3817703520359539	-0.26668249799511523	-0.01720858783798418	237.69587353789385	119.74289116610211
865	0.21832492007056126	-0.0629125725959252	0.10679447158278443	237.69587353789385	119.74289116610211
866	-0.06800284395640444	0.1380736106530036	-0.11236195588330888	237.69587353789385	119.74289116610211
867	-0.3602957697339313	-0.08740950351823229	-0.16651839407931868	237.69587353789385	119.74289116610211
868	-0.11930323501123552	-0.08017177392755004	0.05238496591856978	237.69587353789385	119.74289116610211
869	-0.011930323501123663	-0.12471164833174497	0.14627299662286664	237.69587353789385	119.74289116610211
870	2.2631823681631396	0.6786763362339154	0.38061347218129926	237.69587353789385	119.74289116610211
871	-0.07277497335685368	-0.0612423273057674	-0.264708571743111	237.69587353789385	119.74289116610211
872	-0.3710330608849426	-0.4543067189227854	0.003542944554879357	237.69587353789385	119.74289116610211
873	-0.054879488105168406	-0.005567484300524006	-0.17309814825266567	237.69587353789385	119.74289116610211
874	-0.6585538572620209	-0.0100214717409437	-0.1062883366463736	237.69587353789385	119.74289116610211
875	0.9687422682912334	0.07627453491718317	-0.005820551768729976	237.69587353789385	119.74289116610211
876	-0.14077781731325834	0.3602162342439239	-0.10578220170996233	237.69587353789385	119.74289116610211
877	-0.6382723073101109	-0.5561916816223804	0.09667177285455897	237.69587353789385	119.74289116610211
878	0.882843939083144	-0.10188496269959524	-0.03846625516725899	237.69587353789385	119.74289116610211
879	-0.7193985071177513	-0.3629999763941858	0.1341257581489952	237.69587353789385	119.74289116610211
880	0.6072534662071898	0.5021870839072942	-0.04023772744469856	237.69587353789385	119.74289116610211
881	-0.3674539638346057	-0.3134493661195198	0.05972392249653358	237.69587353789385	119.74289116610211
882	-0.31018841102921213	-0.1269386420519546	0.06124232730576784	237.69587353789385	119.74289116610211
883	-0.4044379666880895	0.04008588696377524	-0.15664876281929851	237.69587353789385	119.74289116610211
884	0.0	0.06068557887571502	-0.12273772207974076	237.69587353789385	119.74289116610211
885	0.5726555280539316	0.10466870484985757	0.00556748430052445	237.69587353789385	119.74289116610211
886	-0.0011930323501121443	0.0011134968601047568	-0.0022776072138506187	237.69587353789385	119.74289116610211
887	-0.06919587630651725	-0.35186500779313734	-0.08174079223042563	237.69587353789385	119.74289116610211
888	-0.048914326354606796	0.16034354785510052	0.4107285008977719	237.69587353789385	119.74289116610211
889	0.2242900818211231	-0.03229140894304117	-0.38972390103670307	237.69587353789385	119.74289116610211
890	-0.03340490580314581	0.2973036616479988	0.8877606784654246	237.69587353789385	119.74289116610211
891	-0.29825808752808847	-0.2338343406220218	-0.24294476947742494	237.69587353789385	119.74289116610211
892	0.21355279067011157	-0.02895091836272623	-0.16069784231058848	237.69587353789385	119.74289116610211
893	0.15032207611415682	0.02171318877204509	0.11995397992947865	237.69587353789385	119.74289116610211
894	0.015509420551460096	0.12916563577216422	-0.005820551768730198	237.69587353789385	119.74289116610211
895	-0.11691717031101101	0.2193588814406584	0.29684814020522876	237.69587353789385	119.74289116610211
896	-0.6179907573582002	-0.2811579571764783	-0.29077452096829304	237.69587353789385	119.74289116610211
897	-0.7802431569734809	0.00389723901036676	0.4094631635567436	237.69587353789385	119.74289116610211
898	-0.06680981160629185	0.2945199194977368	0.1698082711659925	237.69587353789385	119.74289116610211
899	0.33524209038157227	0.14252759809342264	-0.0045552144277016815	237.69587353789385	119.74289116610211
900	3.394177036069652	0.818976940607129	0.5458665289195892	237.69587353789385	119.74289116610211
901	-1.8301116250723544	-0.7176487263375857	-0.31481593044782974	237.69587353789385	119.74289116610211
902	0.16941059371595513	-0.30064415222831364	-0.3687193011756338	237.69587353789385	119.74289116610211
903	0.7372939923694362	-0.21991562987071134	-0.4038956792562196	237.69587353789385	119.74289116610211
904	-0.06442374690606778	-0.13751686222295068	-0.31987727981194314	237.69587353789385	119.74289116610211
905	-0.5189690722988742	0.321800592570306	-0.1394401749813139	237.69587353789385	119.74289116610211
906	0.05845858515550528	-0.26556900113501014	0.05137269604574701	237.69587353789385	119.74289116610211
907	-0.062037682205842604	-0.02672392464251716	-0.10198618968687723	237.69587353789385	119.74289116610211
908	-0.21951795242067407	0.010021471740944143	-0.19739262520040834	237.69587353789385	119.74289116610211
909	-0.09424955565887538	-0.20488342225929546	-0.030621163652883476	237.69587353789385	119.74289116610211
910	-0.05845858515550528	0.24552605765312263	0.3489800386555928	237.69587353789385	119.74289116610211
911	-0.18372698191730308	-0.24830979980338463	0.044286806935988965	237.69587353789385	119.74289116610211
912	-0.21355279067011157	-0.11580367345090603	-0.1736042831890765	237.69587353789385	119.74289116610211
913	-0.28274866697662837	0.4142208319590096	-0.21611961784762612	237.69587353789385	119.74289116610211
914	0.4974944899968521	-0.16758127744578222	0.20346624443734318	237.69587353789385	119.74289116610211
915	0.2612740846746062	0.1998726863888235	0.03618864795340859	237.69587353789385	119.74289116610211
916	0.03101884110292108	-0.3151196114096767	-0.3168404701934755	237.69587353789385	119.74289116610211
917	-0.0775471027573027	0.17648925232662116	-0.10881901132843019	237.69587353789385	119.74289116610211
918	-0.2350273729721346	-0.038415641673617995	-0.15259968332800755	237.69587353789385	119.74289116610211
919	0.19804337011865147	-0.3841564167361786	-0.021763802265686083	237.69587353789385	119.74289116610211
920	0.14793601141393165	0.3156763598397294	0.5800306371273526	237.69587353789385	119.74289116610211
921	0.07277497335685412	-0.2850551961868455	-0.2705291235118412	237.69587353789385	119.74289116610211
922	0.24218556707280836	0.24608280608317512	0.03694785035802517	237.69587353789385	119.74289116610211
923	-0.7754710275730314	-0.05010735870471905	0.03998465997649281	237.69587353789385	119.74289116610211
924	0.33404905803145946	0.042312880683984866	-0.1351380280218175	237.69587353789385	119.74289116610211
925	-0.5368645575505604	-0.06012883044566264	0.09920244753661533	237.69587353789385	119.74289116610211
926	0.05368645575505626	-0.10021471740943788	-0.022269937202097356	237.69587353789385	119.74289116610211
927	0.3459793815325831	0.16591103215562508	-0.08680214159453836	237.69587353789385	119.74289116610211
928	-0.5857788839051672	-0.307325133388943	-0.07111195856578822	237.69587353789385	119.74289116610211
929	0.08351226450786564	0.14364109495352756	-0.2626840319974659	237.69587353789385	119.74289116610211
930	0.3925076431869652	0.3691242091247633	0.911549020476756	237.69587353789385	119.74289116610211
931	0.16702452901572995	-0.33961654233198413	-0.5590260372662836	237.69587353789385	119.74289116610211
932	-0.4545453253928078	0.07571778648713079	-0.052131898450364256	237.69587353789385	119.74289116610211
933	0.42471951663999885	-0.11580367345090603	-0.1520935483915966	237.69587353789385	119.74289116610211
934	-0.5320924281501114	0.03396165423319841	-0.013665643283105045	237.69587353789385	119.74289116610211
935	-0.18372698191730263	0.053447849285033766	0.12299078954794673	237.69587353789385	119.74289116610211
936	-0.019088517601798305	-0.22938035318160255	-0.009869631260020495	237.69587353789385	119.74289116610211
937	0.16225239961528048	-0.0640260694560299	-0.09439416564070802	237.69587353789385	119.74289116610211
938	-0.11691717031101057	-0.10077146583949032	0.05795245021909412	237.69587353789385	119.74289116610211
939	-0.033404905803146256	0.020599691911940277	-0.24092022973178018	237.69587353789385	119.74289116610211
940	0.4784059723950551	0.2828282024666359	0.34037574473660137	237.69587353789385	119.74289116610211
941	-0.2755904728759542	-0.2265966110313401	-0.044539874404194935	237.69587353789385	119.74289116610211
942	0.03579097050337143	0.03173466051298829	-0.06731594654270323	237.69587353789385	119.74289116610211
943	-0.5213551369991005	0.06291257259592514	0.05466257313242073	237.69587353789385	119.74289116610211
944	0.3412072521321339	-0.14586808867373763	-0.08629600665812687	237.69587353789385	119.74289116610211
945	0.13004052616224726	0.34518402663250863	-0.03947852504008176	237.69587353789385	119.74289116610211
946	-0.20520156421932567	-0.10912269229027682	-0.004302146959495934	237.69587353789385	119.74289116610211
947	-0.37938428733572915	0.04064263539382762	0.06503833932885206	237.69587353789385	119.74289116610211
948	0.5106178458480886	-0.2321640953318645	-0.06073619236935612	237.69587353789385	119.74289116610211
949	0.4187543548894368	0.11023618915038158	-0.20017636735067035	237.69587353789385	119.74289116610211
950	0.12765446146202253	0.26556900113501053	0.30722390640166075	237.69587353789385	119.74289116610211
951	-0.30064415222831364	-0.10132821426954275	0.01847392517901225	237.69587353789385	119.74289116610211
952	-0.08828439390831422	-0.05066410713477132	-0.18676379153577016	237.69587353789385	119.74289116610211
953	0.08947742625842636	0.11469017659080083	-0.14855060383671748	237.69587353789385	119.74289116610211
954	0.7528034129208963	-0.158116554134891	0.04757668402266235	237.69587353789385	119.74289116610211
955	-0.3245047992305601	0.26389875584485334	0.22877299125790906	237.69587353789385	119.74289116610211
956	-0.16344543196539352	0.3724646997050778	-0.20802145886504553	237.69587353789385	119.74289116610211
957	0.21951795242067362	0.28672544147700263	0.16702452901572984	237.69587353789385	119.74289116610211
958	-0.13242659086247155	0.10188496269959502	0.013586559699290901	237.69587353789385	119.74289116610211
959	-0.35194454328314473	-0.12192790618148286	-0.08794885355984527	237.69587353789385	119.74289116610211
960	1.2443327411671872	0.41867481939942985	0.5455739196594771	237.69587353789385	119.74289116610211
961	-0.6895726983649415	-0.37803218400560223	-0.2404140947953688	237.69587353789385	119.74289116610211
962	-0.152708140814382	-0.18762422092766973	-0.28799077881803126	237.69587353789385	119.74289116610211
963	0.05726555280539314	-0.6196610026483574	-0.1682898663567579	237.69587353789385	119.74289116610211
964	-0.5953231427060661	-0.14698158553384244	-0.06529140679705803	237.69587353789385	119.74289116610211
965	-0.30899537867909954	-0.023940182492254658	0.1852453867265368	237.69587353789385	119.74289116610211
966	-0.24099253472269644	-0.03340490580314598	-0.06807514894732047	237.69587353789385	119.74289116610211
967	0.5273202987496617	-0.01336196232125808	0.0356825130169971	237.69587353789385	119.74289116610211
968	0.019088517601798305	0.025610427782411904	-0.08224692716683679	237.69587353789385	119.74289116610211
969	-0.3078023463289883	0.11469017659080077	-0.21839722506147685	237.69587353789385	119.74289116610211
970	0.1944642730683137	0.09854447211928063	0.3747929204125695	237.69587353789385	119.74289116610211
971	-0.32450479923056097	-0.11079293758043396	-0.08705520906274411	237.69587353789385	119.74289116610211
972	-0.20878066126966233	-0.06736656003634428	-0.23560581289946114	237.69587353789385	119.74289116610211
973	-0.31257447572943686	-0.3390597939019315	0.058205517687299535	237.69587353789385	119.74289116610211
974	-0.18134091721707812	-0.04565337126429951	0.005061349364113177	237.69587353789385	119.74289116610211
975	0.40682403138831336	0.11914416403122048	-0.016196317965161744	237.69587353789385	119.74289116610211
976	-0.42233345193977434	-0.030621163652883948	0.11792944018383356	237.69587353789385	119.74289116610211
977	0.33166299333123517	0.08740950351823215	-0.2758435403441601	237.69587353789385	119.74289116610211
978	-0.17418272311640393	-0.277817466596164	0.1179294401838335	237.69587353789385	119.74289116610211
979	-0.15748027021483124	0.04342637754408989	-0.2442101068184535	237.69587353789385	119.74289116610211
980	0.5237412016993244	-0.041199383823880054	0.21991562987071128	237.69587353789385	119.74289116610211
981	-0.43664984014112207	0.16869477430588703	0.0073389565779637955	237.69587353789385	119.74289116610211
982	0.5189690722988749	-0.12972238420221682	-0.06073619236935657	237.69587353789385	119.74289116610211
983	0.2445716317730331	-0.4309232848605829	-0.0822469271668364	237.69587353789385	119.74289116610211
984	-0.7217845718179756	0.02783742150262175	-0.10122698728226048	237.69587353789385	119.74289116610211
985	0.023860647002247326	0.2611150136945908	0.0895858837448002	237.69587353789385	119.74289116610211
986	0.23979950237258318	0.30676838495889036	0.046311346681634336	237.69587353789385	119.74289116610211
987	-0.18969214366786424	-0.24496930922307025	-0.16803679888855247	237.69587353789385	119.74289116610211
988	0.3805773196858415	-0.008907974880838894	0.14273005206798758	237.69587353789385	119.74289116610211
989	-0.12646142911190994	-0.2995306553682089	0.0017714722774393454	237.69587353789385	119.74289116610211
990	1.5592932815968497	0.7092974998867994	0.06807514894732047	237.69587353789385	119.74289116610211
991	-1.4459552083361755	-0.27113648543553476	0.0012653373410280722	237.69587353789385	119.74289116610211
992	-0.039370067553707866	-0.18539722720746	-0.16196317965161666	237.69587353789385	119.74289116610211
993	0.007158194100673976	-0.0812852707876553	-0.0070858891097584364	237.69587353789385	119.74289116610211
994	0.3364351227316844	0.4214585615496916	0.036694782889819255	237.69587353789385	119.74289116610211
995	0.017895485251685272	-0.14197084966337034	0.14576686168645547	237.69587353789385	119.74289116610211
996	0.13600568791280887	-0.10800919543017198	-0.07111195856578834	237.69587353789385	119.74289116610211
997	0.2302552435716847	-0.09520398153896605	-0.11717023777921631	237.69587353789385	119.74289116610211
998	-0.6454305014107848	-0.06792330846639673	-0.09515336804532473	237.69587353789385	119.74289116610211
999	-0.1741827231164037	0.042869629114037244	-0.005567484300524478	237.69587353789385	119.74289116610211
1000	0.023860647002246882	0.327924825300883	0.2563573452923246	237.69587353789385	119.74289116610211
1001	-0.01908851760179764	-0.2449693092230705	0.06225459717859011	237.69587353789385	119.74289116610211
1002	-0.34597938153258334	-0.10856594386022436	0.010628833664637627	237.69587353789385	119.74289116610211
1003	-0.2290622112215721	0.1441978433835802	-0.12450919435718061	237.69587353789385	119.74289116610211
1004	0.16105936726516812	0.12471164833174496	-0.1050229993053452	237.69587353789385	119.74289116610211
1005	0.2612740846746058	-0.16257054157531037	0.04453987440419449	237.69587353789385	119.74289116610211
1006	0.02147458230202237	0.1013282142695427	-0.17486962053010477	237.69587353789385	119.74289116610211
1007	-0.18253394956719027	-0.16034354785510052	-0.057952450219094356	237.69587353789385	119.74289116610211
1008	-0.041756132253932376	-0.08462576136796994	0.23940182492254625	237.69587353789385	119.74289116610211
1009	0.13600568791280843	0.04732361655445694	0.0685812838837313	237.69587353789385	119.74289116610211
1010	-0.13719872026292101	0.03785889324356541	0.05795245021909412	237.69587353789385	119.74289116610211
1011	-0.20042943481887576	-0.10856594386022438	-0.10502299930534514	237.69587353789385	119.74289116610211
1012	0.07874013510741551	0.3095521271091526	-0.1369095002992572	237.69587353789385	119.74289116610211
1013	-0.1753757554665163	-0.19486195051835153	-0.01518404809233903	237.69587353789385	119.74289116610211
1014	-0.3853494490862911	-0.002226993720209597	-0.06579754173346955	237.69587353789385	119.74289116610211
1015	0.3304699609811229	0.08963649723844155	0.25812881756976425	237.69587353789385	119.74289116610211
1016	-0.09186349095865143	-0.145311340243685	-0.05795245021909412	237.69587353789385	119.74289116610211
1017	0.29587202282786385	0.0907499940985466	0.11337422575613165	237.69587353789385	119.74289116610211
1018	0.8160341274768514	0.0100214717409437	-0.08022238742119114	237.69587353789385	119.74289116610211
1019	-0.1574802702148308	0.027837421502621716	0.1801840373624236	237.69587353789385	119.74289116610211
1020	0.301837184578426	0.3012009006583663	0.5220781869082585	237.69587353789385	119.74289116610211
1021	-0.5034596517474144	-0.4476257377621561	-0.6810045569414077	237.69587353789385	119.74289116610211
1022	0.05726555280539336	0.44094475660152677	0.42211653696702645	237.69587353789385	119.74289116610211
1023	-0.45215926069258305	-0.18149998819709318	-0.526127266399549	237.69587353789385	119.74289116610211
1024	0.01908851760179764	-0.3401732907620363	-0.0384662551672591	237.69587353789385	119.74289116610211
1025	0.0906704586085394	0.07070705061665897	0.03492331061237991	237.69587353789385	119.74289116610211
1026	0.11930323501123552	-0.05567484300524342	-0.10730060651919585	237.69587353789385	119.74289116610211
1027	0.041756132253932376	0.07905827706744545	-0.005314416832318591	237.69587353789385	119.74289116610211
1028	0.05249342340494367	-0.2215858751608682	-0.0690874188201431	237.69587353789385	119.74289116610211
1029	-0.24457163177303287	-0.052334352424928565	0.03669478288981953	237.69587353789385	119.74289116610211
1030	-0.15867330256494339	0.16869477430588703	0.11286809081972057	237.69587353789385	119.74289116610211
1031	-0.27439744052584214	-0.1096794407203292	-0.19359661317732324	237.69587353789385	119.74289116610211
1032	0.10140774975955047	0.1748190070364639	0.03315183833494031	237.69587353789385	119.74289116610211
1033	0.4521592606925827	0.2110076549898719	-0.00683282164155255	237.69587353789385	119.74289116610211
1034	-0.7695058658224694	-0.2304938500417071	-0.10476993183713973	237.69587353789385	119.74289116610211
1035	0.6358862426098855	-0.13473312007268864	0.22168710214815038	237.69587353789385	119.74289116610211
1036	0.801717739275503	0.017815949761677774	0.0837653319760708	237.69587353789385	119.74289116610211
1037	-0.39608674023730184	0.0668098116062919	-0.08882668134018348	237.69587353789385	119.74289116610211
1038	0.06442374690606734	-0.08295551607781249	0.08654907412633231	237.69587353789385	119.74289116610211
1039	-0.4867571988458417	0.008351226450786509	-0.049854291236513026	237.69587353789385	119.74289116610211
1040	0.43187771074067305	-0.01447545918136317	0.27381900059851483	237.69587353789385	119.74289116610211
1041	-0.3066093139788755	0.1458680886737374	-0.3057055015924268	237.69587353789385	119.74289116610211
1042	0.017895485251685495	0.031177912082936132	0.07490797058887252	237.69587353789385	119.74289116610211
1043	-0.4557383577429198	-0.07627453491718322	0.3165874027252699	237.69587353789385	119.74289116610211
1044	0.31376750807954934	-0.008907974880838887	-0.17689416027575028	237.69587353789385	119.74289116610211
1045	-0.19804337011865103	-0.17815949761677857	0.20397237937375506	237.69587353789385	119.74289116610211
1046	0.10498684680988712	0.017259201331625396	0.03568251301699665	237.69587353789385	119.74289116610211
1047	-0.7957525775249412	0.03507515109330317	-0.45450917289734977	237.69587353789385	119.74289116610211
1048	0.8219992892274133	0.021156440341992655	-0.0010122698728226298	237.69587353789385	119.74289116610211
1049	-0.7671198011222446	0.16312729000536277	0.055421775537038004	237.69587353789385	119.74289116610211
1050	0.36745396383460555	0.04008588696377502	0.3489800386555928	237.69587353789385	119.74289116610211
1051	0.373419125585167	0.027837421502621723	-0.32544476411246726	237.69587353789385	119.74289116610211
1052	-0.4772129400449421	-0.182613485057198	0.17689416027575022	237.69587353789385	119.74289116610211
1053	-0.1932712407182018	-0.07182054747676381	-0.08806747893556677	237.69587353789385	119.74289116610211
1054	-0.3066093139788756	0.070707050616659	-0.2009355697552871	237.69587353789385	119.74289116610211
1055	0.740873089419773	0.24385581236296544	0.19384968064552865	237.69587353789385	119.74289116610211
1056	-0.3400142197820214	-0.17760274918672592	0.06276073211500188	237.69587353789385	119.74289116610211
1057	-0.18253394956719027	-0.008351226450786509	-0.2530674682056513	237.69587353789385	119.74289116610211
1058	-0.05368645575505615	-0.15867330256494333	0.14652606409107174	237.69587353789385	119.74289116610211
1059	-0.05965161750561754	0.15254906983436645	-0.029861961248266733	237.69587353789385	119.74289116610211
1060	0.09544258800898814	0.0634693210259773	0.17056747357060903	237.69587353789385	119.74289116610211
1061	0.6072534662071891	-0.18818096935772227	-0.10122698728226054	237.69587353789385	119.74289116610211
1062	-0.16702452901572984	0.0228266856321499	0.025306746820565384	237.69587353789385	119.74289116610211
1063	0.09902168505932585	-0.05456134614513841	-0.16145704471520583	237.69587353789385	119.74289116610211
1064	-0.7110472806669643	0.11357667973069624	-0.1930904782409119	237.69587353789385	119.74289116610211
1065	0.30183718457842623	-0.11914416403122075	0.23029139606714252	237.69587353789385	119.74289116610211
1066	0.3340490580314597	0.07738803177728826	-0.06655674413808604	237.69587353789385	119.74289116610211
1067	-0.11333807326067413	0.15477606355457632	-0.07566717299348973	237.69587353789385	119.74289116610211
1068	0.048914326354606796	0.06959355375655416	-0.07009968869296548	237.69587353789385	119.74289116610211
1069	-0.37103306088494276	-0.22436961731113048	0.1245091943571804	237.69587353789385	119.74289116610211
1070	0.027439744052584092	0.0963174783990709	0.2153604154430094	237.69587353789385	119.74289116610211
1071	-0.044142196954157054	-0.02950766679277894	0.010628833664637127	237.69587353789385	119.74289116610211
1072	0.2791695699262914	-0.027280673072569317	-0.04150306478572652	237.69587353789385	119.74289116610211
1073	0.3829633843860659	-0.15254906983436645	0.0025306746820565884	237.69587353789385	119.74289116610211
1074	-0.15509420551460606	-0.010578220170996355	-0.26774538136157927	237.69587353789385	119.74289116610211
1075	0.19804337011865125	-0.013918710751310737	0.055421775537037546	237.69587353789385	119.74289116610211
1076	-0.2481507288233702	-0.19430520208829882	-0.07060582362937658	237.69587353789385	119.74289116610211
1077	0.19923640246876317	-0.0011134968601050899	-0.010122698728226097	237.69587353789385	119.74289116610211
1078	-0.015509420551460318	0.5077545682078187	0.077691712739135	237.69587353789385	119.74289116610211
1079	-0.14316388201348296	-0.23160734690181214	0.004302146959495962	237.69587353789385	119.74289116610211
1080	0.18730607896764007	1.1391072878872777	0.7032744941435052	237.69587353789385	119.74289116610211
1081	-0.05010735870471894	-0.4136640835289577	-0.36694782889819433	237.69587353789385	119.74289116610211
1082	0.05607252045528077	-0.03563189952335555	-0.05263803338677553	237.69587353789385	119.74289116610211
1083	-0.23144827592179706	-0.35409200151334724	0.012400305942076528	237.69587353789385	119.74289116610211
1084	0.49272236059640284	0.012248465461153532	-0.12805213891205935	237.69587353789385	119.74289116610211
1085	-0.10379381445977498	0.20989415812976708	-0.08072852235760292	237.69587353789385	119.74289116610211
1086	-0.2708183434755045	-0.3986318759175417	0.20245397456452108	237.69587353789385	119.74289116610211
1087	0.32689086393078526	-0.02115644034199271	0.08654907412633278	237.69587353789385	119.74289116610211
1088	-0.19685033776853866	0.16424078686546784	-0.2011886372234925	237.69587353789385	119.74289116610211
1089	0.5607252045528075	-0.16034354785510074	-0.08148772476221963	237.69587353789385	119.74289116610211
1090	0.20639459656943715	0.36244322796413375	0.15639569535109213	237.69587353789385	119.74289116610211
1091	0.041756132253932376	-0.2761472213060066	-0.21434814557018625	237.69587353789385	119.74289116610211
1092	-0.4008588696377515	0.11134968601048663	-0.021257667329274837	237.69587353789385	119.74289116610211
1093	-0.0978286527092127	0.02783742150262148	-0.05947085502832808	237.69587353789385	119.74289116610211
1094	-0.672870245463369	-0.08852300037833677	0.08148772476221963	237.69587353789385	119.74289116610211
1095	0.8410878068292109	0.04843711341456175	0.09768404272738129	237.69587353789385	119.74289116610211
1096	-0.4533522930426952	-0.1681380258758346	-0.2558512103559133	237.69587353789385	119.74289116610211
1097	0.03459793815325862	0.04509662283424684	0.059976989964739394	237.69587353789385	119.74289116610211
1098	0.09902168505932529	-0.3223573410003585	0.044033739467783134	237.69587353789385	119.74289116610211
1099	-0.3686469961847182	0.09743097525917566	-0.09743097525917564	237.69587353789385	119.74289116610211
1100	0.5297063634498861	0.010021471740943977	0.17006133863419748	237.69587353789385	119.74289116610211
1101	-0.4402289371914594	-0.04955061027466656	-0.2120705383563356	237.69587353789385	119.74289116610211
1102	-0.27559047287595406	0.18539722720746	0.032645703398528986	237.69587353789385	119.74289116610211
1103	-0.29467899047775187	-0.2833849508966881	0.008857361387197808	237.69587353789385	119.74289116610211
1104	0.00357909705033721	-0.012248465461153546	-0.08199385969863096	237.69587353789385	119.74289116610211
1105	0.01073729115101113	0.15923005099499576	0.15766103269212067	237.69587353789385	119.74289116610211
1106	-0.07396800570696588	0.10912269229027677	-0.22851992378970315	237.69587353789385	119.74289116610211
1107	0.27320440817572905	-0.002226993720209791	0.045046009340606014	237.69587353789385	119.74289116610211
1108	-0.3424002844822461	0.006680981160629262	0.005567484300524242	237.69587353789385	119.74289116610211
1109	-0.023860647002246937	-0.11803066717111566	-0.013665643283105072	237.69587353789385	119.74289116610211
1110	0.30064415222831364	0.05344784928503332	0.3649232891525493	237.69587353789385	119.74289116610211
1111	0.009544258800899152	0.25554752939406683	-0.14753833396389487	237.69587353789385	119.74289116610211
1112	0.08112619980763969	-0.19486195051835153	-0.11008434866945832	237.69587353789385	119.74289116610211
1113	-0.015509420551460429	0.04398312597414228	-0.15259968332800775	237.69587353789385	119.74289116610211
1114	-0.026246711702471948	-0.07293404433686879	0.12628066663461998	237.69587353789385	119.74289116610211
1115	-0.3328560256813471	-0.09297698781875624	-0.10173312221867162	237.69587353789385	119.74289116610211
1116	0.2505367935235947	0.12081440932137794	-0.0020245397456452596	237.69587353789385	119.74289116610211
1117	0.5786206898044925	-0.16312729000536275	-0.04049079491290415	237.69587353789385	119.74289116610211
1118	-0.30422324927865085	-0.09743097525917593	0.09970858247302655	237.69587353789385	119.74289116610211
1119	-0.07993316745752777	0.07961502549749788	0.04378067199957748	237.69587353789385	119.74289116610211
1120	0.281555634626516	0.28728218990705534	0.06605060920167519	237.69587353789385	119.74289116610211
1121	0.08351226450786498	-0.12972238420221682	0.012906440878488107	237.69587353789385	119.74289116610211
1122	-0.3543306079833698	0.09074999409854662	0.02783742150262171	237.69587353789385	119.74289116610211
1123	0.17418272311640415	-0.013361962321258358	-0.19005366862244427	237.69587353789385	119.74289116610211
1124	-0.3376281550817968	0.2928496742075796	-0.08907974880838915	237.69587353789385	119.74289116610211
1125	0.19923640246876317	0.043426377544089664	0.2897622510954706	237.69587353789385	119.74289116610211
1126	-0.09902168505932529	-0.06903680532650154	0.006073619236935807	237.69587353789385	119.74289116610211
1127	0.20400853186921297	-0.24162881864275584	-0.012906440878488343	237.69587353789385	119.74289116610211
1128	0.5118108781982005	0.08573925822807452	-0.16854293382496377	237.69587353789385	119.74289116610211
1129	-0.3602957697339315	-0.38415641673617856	-0.0857898717217156	237.69587353789385	119.74289116610211
1130	-0.4115961607887627	0.10188496269959535	0.2368711502404894	237.69587353789385	119.74289116610211
1131	-0.4521592606925826	0.1826134850571977	-0.09869631260020395	237.69587353789385	119.74289116610211
1132	0.4318777107406724	-0.19207820836808925	0.04833588642727934	237.69587353789385	119.74289116610211
1133	0.22548311417123523	0.05511809457519101	-0.10755367398740176	237.69587353789385	119.74289116610211
1134	-0.1300405261622466	-0.017259201331625396	0.09717790779097024	237.69587353789385	119.74289116610211
1135	-0.16821756136584198	0.16646778058567718	0.09540643551353037	237.69587353789385	119.74289116610211
1136	0.08231923215775239	-0.10745244700011936	-0.17562882293472196	237.69587353789385	119.74289116610211
1137	-0.20162246716898835	-0.1870674724976174	0.23763035264510662	237.69587353789385	119.74289116610211
1138	-0.3746121579352795	0.4359340207310547	-0.04808281895907392	237.69587353789385	119.74289116610211
1139	0.48317810179550397	0.4737929139746204	0.3945321829326106	237.69587353789385	119.74289116610211
1140	0.4008588696377515	-0.32458433472056836	-0.0002530674682059697	237.69587353789385	119.74289116610211
1141	-0.15509420551460618	0.03841564167361781	-0.19840489507323045	237.69587353789385	119.74289116610211
1142	0.7086612159667397	-0.010021471740943685	-0.05137269604574701	237.69587353789385	119.74289116610211
1143	-0.6752563101635937	-0.3936211400470699	-0.4481824861922085	237.69587353789385	119.74289116610211
1144	-0.4127891931388753	-0.061242327305767674	0.14424845687722126	237.69587353789385	119.74289116610211
1145	0.8100689657262896	0.2288236047515499	-0.11843557512024482	237.69587353789385	119.74289116610211
1146	-0.5643043016031442	-0.1725920133162543	0.09793711019558696	237.69587353789385	119.74289116610211
1147	0.3638748667842684	-0.11580367345090586	-0.022016869733891567	237.69587353789385	119.74289116610211
1148	-0.3841564167361786	0.19875918952871835	-0.1490567387731288	237.69587353789385	119.74289116610211
1149	0.441421969541572	-0.2143481455701865	-0.04352760453137183	237.69587353789385	119.74289116610211
1150	-0.357909705033707	-0.012248465461153546	0.08022238742119137	237.69587353789385	119.74289116610211
1151	0.2529228582238199	-0.017815949761677774	0.018473925179012585	237.69587353789385	119.74289116610211
1152	-0.47840597239505517	-0.055674843005243446	-0.0010122698728226298	237.69587353789385	119.74289116610211
1153	0.21355279067011207	-0.2054401706893476	-0.07743864527092933	237.69587353789385	119.74289116610211
1154	-0.161059367265168	0.008907974880838831	0.060736192369356345	237.69587353789385	119.74289116610211
1155	0.14912904376404434	0.30287114594852355	0.02302913960671421	237.69587353789385	119.74289116610211
1156	0.016702452901572906	-0.14865183082399963	0.035176378080585574	237.69587353789385	119.74289116610211
1157	0.02505367935235947	0.05957208201561026	-0.09034508614941744	237.69587353789385	119.74289116610211
1158	0.05130039105483153	-0.04621011969435196	0.2156134829112148	237.69587353789385	119.74289116610211
1159	0.0811261998076398	-0.00445398744041936	-0.014930980624133372	237.69587353789385	119.74289116610211
1160	-0.01789548525168505	0.13640336536284603	-0.03542944554879123	237.69587353789385	119.74289116610211
1161	-0.827964450977975	-0.1475383339638946	0.1328604208079669	237.69587353789385	119.74289116610211
1162	0.5141969428984255	0.008351226450786564	-0.17993096989421792	237.69587353789385	119.74289116610211
1163	-0.31376750807954995	-0.016702452901573017	0.05086656110933593	237.69587353789385	119.74289116610211
1164	-0.07993316745752771	-0.15978679942504836	-0.03897239010367045	237.69587353789385	119.74289116610211
1165	-0.04175613225393246	0.19764569266861376	0.14019937738593075	237.69587353789385	119.74289116610211
1166	0.1729896907662917	-0.17314876174630667	-0.14779140143210026	237.69587353789385	119.74289116610211
1167	-0.014316388201348368	0.1581165541348909	-0.0331518383349403	237.69587353789385	119.74289116610211
1168	-0.09424955565887605	0.1820567366271456	0.031127298589295027	237.69587353789385	119.74289116610211
1169	-0.31734660512988666	0.01725920133162534	-0.010122698728225854	237.69587353789385	119.74289116610211
1170	0.31734660512988666	0.11803066717111568	0.3282285062627297	237.69587353789385	119.74289116610211
1171	0.5917440456557282	-0.05289110085498119	-0.314309795511419	237.69587353789385	119.74289116610211
1172	-0.029825808752808713	-0.18484047877740756	0.012653373410282442	237.69587353789385	119.74289116610211
1173	0.05965161750561798	-0.01614570447152064	0.03720091782623085	237.69587353789385	119.74289116610211
1174	-0.2553089229240445	-0.04342637754408962	-0.1409585797905477	237.69587353789385	119.74289116610211
1175	-0.27320440817572955	-0.00501073587047185	0.17259201331625407	237.69587353789385	119.74289116610211
1176	0.6060604338570771	0.26278525898474825	-0.04352760453137207	237.69587353789385	119.74289116610211
1177	-0.7110472806669643	0.0055674843005242836	0.036188647953408204	237.69587353789385	119.74289116610211
1178	0.4139822254889874	-0.16869477430588703	0.026319016693387765	237.69587353789385	119.74289116610211
1179	-0.24934376117348223	0.041199383823879776	-0.2310505984717595	237.69587353789385	119.74289116610211
1180	0.04772129400449432	0.40698310236832846	0.3259508990488788	237.69587353789385	119.74289116610211
1181	0.14554994671370758	-0.008351226450786491	-0.1660122591429074	237.69587353789385	119.74289116610211
1182	0.4700547459442681	-0.34017329076203656	0.13210121840335015	237.69587353789385	119.74289116610211
1183	-0.12526839676179735	0.04509662283424709	-0.05668711287806606	237.69587353789385	119.74289116610211
1184	-0.11214504091056154	-0.05122085556482375	0.022523004670303125	237.69587353789385	119.74289116610211
1185	0.6323071455595486	-0.24218556707280825	0.08275306210324793	237.69587353789385	119.74289116610211
1186	0.18253394956719027	0.14753833396389465	-0.3095015136155115	237.69587353789385	119.74289116610211
1187	-0.3161535727797742	-0.06291257259592492	-0.025812881756976436	237.69587353789385	119.74289116610211
1188	-0.16225239961528048	-0.11413342816074856	0.035682513016996875	237.69587353789385	119.74289116610211
1189	-0.7170124424175256	-0.02950766679277894	-0.0255598142887708	237.69587353789385	119.74289116610211
1190	0.1073729115101118	0.8885704943636824	0.6589876872075155	237.69587353789385	119.74289116610211
1191	0.781436189323593	-0.6703251097831289	-0.5855981214278768	237.69587353789385	119.74289116610211
1192	0.5392506222507851	-0.07460428962702603	0.03289877086673465	237.69587353789385	119.74289116610211
1193	-0.6943448277653912	-0.009464723310891321	0.027331286566210394	237.69587353789385	119.74289116610211
1194	-0.15509420551460618	0.3702377059848679	0.1860045891311535	237.69587353789385	119.74289116610211
1195	0.009544258800898486	0.11079293758043399	0.27128832591645824	237.69587353789385	119.74289116610211
1196	-0.16941059371595446	-0.6118665246276235	-0.40136500457416285	237.69587353789385	119.74289116610211
1197	-0.37699822263550414	0.12749539048200698	-0.1569018302875037	237.69587353789385	119.74289116610211
1198	-0.08947742625842675	0.14197084966337037	0.16550612420649585	237.69587353789385	119.74289116610211
1199	0.9305652330876377	0.3067683849588905	0.4031364768516025	237.69587353789385	119.74289116610211
1200	-0.3567166726835945	0.18094323976704058	0.2745782030031316	237.69587353789385	119.74289116610211
1201	0.16941059371595457	-0.8195336890371809	-0.6670858461900967	237.69587353789385	119.74289116610211
1202	-0.3245047992305612	-0.3301518190210927	-0.5041103966656574	237.69587353789385	119.74289116610211
1203	-0.26246711702471787	-0.16813802587583448	-0.23105059847175946	237.69587353789385	119.74289116610211
1204	0.05607252045528072	0.016702452901572906	-0.34189414954583475	237.69587353789385	119.74289116610211
1205	0.4772129400449421	-0.18038649133698836	0.21105826848351283	237.69587353789385	119.74289116610211
1206	-0.2469576964732575	-0.08351226450786498	-0.09667177285455864	237.69587353789385	119.74289116610211
1207	-0.2970650551779765	-0.0891195165533929	-0.17638802533933884	237.69587353789385	119.74289116610211
1208	-0.3316629933312352	0.0172989690766292	0.1004677848776434	237.69587353789385	119.74289116610211
1209	0.6370792749599982	0.03897239010367026	-0.11919477752486185	237.69587353789385	119.74289116610211
1210	-0.21474582302022405	-0.027837421502621584	0.05896472009191678	237.69587353789385	119.74289116610211
1211	0.03459793815325851	0.10077146583949026	0.06463501305139974	237.69587353789385	119.74289116610211
1212	-0.06561677925617981	-0.05678833986534815	-0.1901564772814024	237.69587353789385	119.74289116610211
1213	0.21832492007056126	-0.01558895604146815	0.24167943213639675	237.69587353789385	119.74289116610211
1214	-0.4581244224431449	-0.016702452901572906	-0.014171778219516429	237.69587353789385	119.74289116610211
1215	0.3674539638346056	-0.07404754119697343	0.09793711019558693	237.69587353789385	119.74289116610211
1216	-0.2660462140750552	0.037302144813512905	-0.04200919972213801	237.69587353789385	119.74289116610211
1217	0.41278919313887524	0.017815949761677885	-0.11995397992947865	237.69587353789385	119.74289116610211
1218	-0.3054162816287634	0.1197009124612729	0.08680214159453836	237.69587353789385	119.74289116610211
1219	-0.20281549951910044	0.0	-0.16322851699264507	237.69587353789385	119.74289116610211
1220	0.5416366869510099	-0.07015030218660634	0.22674845151226353	237.69587353789385	119.74289116610211
1221	-0.5893579809555042	-0.0996579689793855	-0.06554447426526377	237.69587353789385	119.74289116610211
1222	0.39727977258741487	-0.04453987440419471	-0.0678220814791144	237.69587353789385	119.74289116610211
1223	-0.09782865270921326	0.05511809457519079	-0.06731594654270334	237.69587353789385	119.74289116610211
1224	-0.34836544623280796	0.048437113414561805	-0.018473925179012474	237.69587353789385	119.74289116610211
1225	0.15032207611415685	0.021713188772044756	0.1781594976167784	237.69587353789385	119.74289116610211
1226	-0.0715819410067412	-0.016145704471520306	0.00025306746820563664	237.69587353789385	119.74289116610211
1227	0.02147458230202226	0.10411195641980475	0.011134968601048678	237.69587353789385	119.74289116610211
1228	0.33166299333123495	-0.04621011969435207	0.008857361387197837	237.69587353789385	119.74289116610211
1229	-0.09186349095865132	0.05289110085498128	0.2538266706102682	237.69587353789385	119.74289116610211
1230	0.27201137582561696	0.03563189952335555	-0.1374156352356688	237.69587353789385	119.74289116610211
1231	-0.3412072521321336	-0.26668249799511523	-0.11134968601048645	237.69587353789385	119.74289116610211
1232	0.023860647002246937	0.06959355375655418	-0.031633433525706356	237.69587353789385	119.74289116610211
1233	0.47840597239505467	-0.023383434062202113	-0.005567484300524339	237.69587353789385	119.74289116610211
1234	-0.18730607896764007	-0.0211564403419926	-0.15513035801006436	237.69587353789385	119.74289116610211
1235	-0.4438080342417961	0.10912269229027705	-0.019739262520040768	237.69587353789385	119.74289116610211
1236	0.12407536441168482	-0.13974385594316074	0.01877444279750695	237.69587353789385	119.74289116610211
1237	-0.16941059371595446	0.09631747839907079	0.00020561731791701732	237.69587353789385	119.74289116610211
1238	0.0715819410067412	0.0211564403419926	0.1029984595597	237.69587353789385	119.74289116610211
1239	0.03340490580314598	-0.02505367935235947	-0.14247698459978175	237.69587353789385	119.74289116610211
1240	0.05845858515550545	0.04732361655445683	0.17436348559369386	237.69587353789385	119.74289116610211
1241	-0.0011930323501120887	0.002783742150262114	-0.19511501798655717	237.69587353789385	119.74289116610211
1242	-0.30660931397887553	0.10522545327990951	-0.02201686973389183	237.69587353789385	119.74289116610211
1243	0.08351226450786492	-0.04605104871433663	0.09161042349044601	237.69587353789385	119.74289116610211
1244	-0.30780234632898784	-0.07643360589719839	-0.00556748430052445	237.69587353789385	119.74289116610211
1245	0.28752079637707767	0.159230050994996	0.08882668134018368	237.69587353789385	119.74289116610211
1246	0.28632776402696536	-0.08184201921770784	-0.16246931458802805	237.69587353789385	119.74289116610211
1247	-0.34478634918247053	0.0011134968601047568	0.09135735602224004	237.69587353789385	119.74289116610211
1248	-0.09424955565887627	0.02059969191194	-0.20371931190554915	237.69587353789385	119.74289116610211
1249	-0.27439744052584186	0.44539874404194624	0.10350459449611127	237.69587353789385	119.74289116610211
1250	0.8076829010260652	-0.28505519618684527	0.24294476947742516	237.69587353789385	119.74289116610211
1251	0.08470529685797701	-0.0695935537565544	0.007592024046169543	237.69587353789385	119.74289116610211
1252	-0.47840597239505467	0.08852300037833682	-0.05390337072780382	237.69587353789385	119.74289116610211
1253	0.04652826165438176	0.1380736106530034	-0.16626532661111293	237.69587353789385	119.74289116610211
1254	0.14674297906382008	-0.023383434062202113	0.013665643283105267	237.69587353789385	119.74289116610211
1255	0.2863277640269653	-0.11301993130064392	0.12476226182538608	237.69587353789385	119.74289116610211
1256	-0.35910273738381904	0.06012883044566264	-0.014092694635702063	237.69587353789385	119.74289116610211
1257	0.04652826165438173	0.1347331200726889	0.03712183424241644	237.69587353789385	119.74289116610211
1258	0.32808389628089774	0.13139262949237396	0.21282974076095273	237.69587353789385	119.74289116610211
1259	-0.7122403130170764	0.0	-0.28065182224006713	237.69587353789385	119.74289116610211
1260	-0.31734660512988666	-1.0171793817057946	-0.870859386838833	237.69587353789385	119.74289116610211
1261	-0.4700547459442681	-0.03940983529871134	0.038251599725477314	237.69587353789385	119.74289116610211
1262	0.1371987202629208	0.0048914326354607685	-0.03332249238422369	237.69587353789385	119.74289116610211
1263	-0.4223334519397738	0.03583435349791997	0.17330992576553217	237.69587353789385	119.74289116610211
1264	0.11930323501123552	-0.03416410820776283	0.030342789437857842	237.69587353789385	119.74289116610211
1265	0.054879488105168295	0.05607252045528077	-0.12499002254677127	237.69587353789385	119.74289116610211
1266	-0.031018841102921302	0.011333807326067369	-0.0036188647953407926	237.69587353789385	119.74289116610211
1267	0.05368645575505604	-0.040425442324961036	-0.0002514347748623358	237.69587353789385	119.74289116610211
1268	0.04056309990382012	0.06231299736356055	-0.024514890549083068	237.69587353789385	119.74289116610211
1269	-0.05249342340494367	-0.03468970987249742	-0.016433058499934594	237.69587353789385	119.74289116610211
1270	0.07038890865662895	0.007066422381434512	0.027478228967103835	237.69587353789385	119.74289116610211
1271	-0.1789548525168534	-0.029550493595090543	-0.015249647378452247	237.69587353789385	119.74289116610211
1272	0.15270814081438167	-0.012633906681958962	0.03169268344881804	237.69587353789385	119.74289116610211
1273	-0.20520156421932534	0.020878066126966077	-0.006804703033973958	237.69587353789385	119.74289116610211
1274	-0.01789548525168505	-0.018094323976704185	0.01995015207687878	237.69587353789385	119.74289116610211
1275	0.2123597583199992	0.010091065294700385	-0.004079622116763604	237.69587353789385	119.74289116610211
1276	-0.20520156421932523	0.04419190663541195	0.03806821579012576	237.69587353789385	119.74289116610211
1277	-0.08112619980764024	0.0020878066126965855	-0.03098035618840167	237.69587353789385	119.74289116610211
1278	0.19088517601797705	-0.06001105673930551	-0.04420762130884048	237.69587353789385	119.74289116610211
1279	0.19923640246876329	0.04539641045042919	-0.029690049899175674	237.69587353789385	119.74289116610211
1280	0.23144827592179706	-0.006959355375655285	0.039711521640119374	237.69587353789385	119.74289116610211
1281	0.14912904376404457	0.00588868531786213	0.011287625428643588	237.69587353789385	119.74289116610211
1282	-0.298258087528089	0.017077187421800755	-0.011078844767373974	237.69587353789385	119.74289116610211
1283	-0.020281549951910005	-0.02505367935235947	0.13883913974432538	237.69587353789385	119.74289116610211
1284	-0.12288233206157262	0.004764481757179473	-0.12057083188322992	237.69587353789385	119.74289116610211
1285	-0.19446427306831404	-0.01798725697092496	-0.018119178817331383	237.69587353789385	119.74289116610211
1286	0.0751610380570783	-0.022269937202097134	-0.029339758536096605	237.69587353789385	119.74289116610211
1287	0.016702452901573017	0.023788342011331176	0.019517125520171597	237.69587353789385	119.74289116610211
1288	0.2851347316768531	-0.03283550399968327	-0.011574979457057877	237.69587353789385	119.74289116610211
1289	0.15986633491505564	0.02505367935235947	0.0396009770408261	237.69587353789385	119.74289116610211
1290	-0.08112619980764024	-0.004657414751400246	0.05132805208714242	237.69587353789385	119.74289116610211
1291	-0.32450479923056075	-0.025963748901483452	0.05036833453130618	237.69587353789385	119.74289116610211
1292	-0.09186349095865143	0.015728143148981077	-0.058458585155505505	237.69587353789385	119.74289116610211
1293	0.07277497335685379	0.015374822029909474	0.07542201388366543	237.69587353789385	119.74289116610211
1294	-0.07158194100674142	-0.014716846612574885	-0.09630008001063173	237.69587353789385	119.74289116610211
1295	0.029825808752808936	-0.003270410358349851	0.03609884981952871	237.69587353789385	119.74289116610211
1296	-0.3495584785829202	0.005548017572200692	0.13902383817878206	237.69587353789385	119.74289116610211
1297	-0.18014788486696576	0.00023360073988221153	-0.0464616054908813	237.69587353789385	119.74289116610211
1298	0.398472804937527	0.024946612346580244	-0.17750310387112012	237.69587353789385	119.74289116610211
1299	-0.13361962321258392	0.025160746358138697	0.010478574855390166	237.69587353789385	119.74289116610211
1300	-0.029825808752809158	-0.025696081387035274	-0.0003305693803434817	237.69587353789385	119.74289116610211
1301	0.24695769647325783	0.026980885456387105	-0.002555981428877141	237.69587353789385	119.74289116610211
1302	0.033404905803146034	0.017398388439138657	-0.005238496591857045	237.69587353789385	119.74289116610211
1303	-0.045335229304269475	-0.010974368092379727	0.0832338902928389	237.69587353789385	119.74289116610211
1304	-0.02266761465213496	-0.05653137905147787	0.06291257259592475	237.69587353789385	119.74289116610211
1305	0.2028154995191005	0.01908851760179764	-0.045248463315170406	237.69587353789385	119.74289116610211
1306	0.0023860647002248436	-0.019685033776853933	0.030929589629759446	237.69587353789385	119.74289116610211
1307	-0.09902168505932563	-0.006362839200599213	-0.026592536812579892	237.69587353789385	119.74289116610211
1308	0.11930323501123552	-0.0032476991753058737	-0.0952135806498291	237.69587353789385	119.74289116610211
1309	-0.2159388553703363	0.057331832380399295	-0.0021214035007168786	237.69587353789385	119.74289116610211
1310	0.4127891931388752	-0.041557293528913686	-0.01680804312106554	237.69587353789385	119.74289116610211
1311	-0.3376281550817968	-0.001713072092468959	0.01865107240675634	237.69587353789385	119.74289116610211
1312	0.1717966584161793	0.06212027675315812	0.009805956219633316	237.69587353789385	119.74289116610211
1313	-0.26246711702471826	-0.04606022588626102	-0.017687426182563026	237.69587353789385	119.74289116610211
1314	0.3591027373838189	-0.029379186385843692	0.05405567040372983	237.69587353789385	119.74289116610211
1315	-0.04652826165438173	0.11096424478968103	0.002262912973761688	237.69587353789385	119.74289116610211
1316	0.1097589762103367	0.03019289562976657	-0.014116266645845643	237.69587353789385	119.74289116610211
1317	0.7587685746714583	-0.07824456782352263	-0.021012763327785455	237.69587353789385	119.74289116610211
1318	-0.8446669038795479	0.002922929257775042	0.010190539951627331	237.69587353789385	119.74289116610211
1319	-0.2195179524206735	0.02046050480442685	-0.04354156687444566	237.69587353789385	119.74289116610211
1320	-0.9751051074918322	0.720432468487848	1.118959954074755	237.69587353789385	119.74289116610211
1321	-0.05567484300524317	-0.32848157373093523	-0.29385878073704963	237.69587353789385	119.74289116610211
1322	0.14197084966337026	-0.1162411186459471	-0.1295705437212935	237.69587353789385	119.74289116610211
1323	-0.11691717031101079	-0.07416684443198474	-0.09186349095865154	237.69587353789385	119.74289116610211
1324	0.022269937202097134	0.04374451950411973	0.21673646980137762	237.69587353789385	119.74289116610211
1325	0.015310581826442071	0.055913449475265775	0.022159220184757356	237.69587353789385	119.74289116610211
1326	0.020878066126966077	0.07738803177728792	-0.13260735333976115	237.69587353789385	119.74289116610211
1327	-0.027837421502621584	-0.04119938382388	-0.10881901132843019	237.69587353789385	119.74289116610211
1328	0.03201303472801498	0.007237729590681585	0.09312882829967983	237.69587353789385	119.74289116610211
1329	-0.013918710751310792	-0.04955061027466656	-0.05010735870471894	237.69587353789385	119.74289116610211
1330	0.02366180827722819	0.017259201331625507	0.174110418125488	237.69587353789385	119.74289116610211
1331	-0.008351226450786564	0.04843711341456158	-0.13792177017208007	237.69587353789385	119.74289116610211
1332	-0.022269937202097134	-0.0033404905803144924	-0.05643404540986019	237.69587353789385	119.74289116610211
1333	0.019486195051835242	0.1336196232125837	0.15234661585980214	237.69587353789385	119.74289116610211
1334	0.006959355375655285	-0.09186349095865132	0.08629600665812709	237.69587353789385	119.74289116610211
1335	0.0002783742150260782	0.23606133434223153	0.1029984595597	237.69587353789385	119.74289116610211
1336	0.0217131887720452	-0.04398312597414211	0.006326686705141249	237.69587353789385	119.74289116610211
1337	-0.03730214481351313	-0.13027913263226942	0.12400305942076928	237.69587353789385	119.74289116610211
1338	0.02505367935235947	0.06569631474618731	0.08401839944427614	237.69587353789385	119.74289116610211
1339	0.009743097525917621	0.14753833396389449	-0.16904906876137504	237.69587353789385	119.74289116610211
1340	-0.029229292577752863	0.02394018249225449	0.11160275347869208	237.69587353789385	119.74289116610211
1341	-0.0100214717409437	0.10299845955970022	0.1561426278828869	237.69587353789385	119.74289116610211
1342	-0.023383434062202113	-0.0690368053265018	-0.1675306639521411	237.69587353789385	119.74289116610211
1343	0.05511809457519079	-0.03396165423319841	0.003542944554879024	237.69587353789385	119.74289116610211
1344	0.0075161038057078855	0.048437113414561805	0.10274539209149447	237.69587353789385	119.74289116610211
1345	-0.03925076431869656	-0.19207820836808942	-0.06478527186064664	237.69587353789385	119.74289116610211
1346	0.026723924642516828	0.011691717031101279	-0.1614570447152056	237.69587353789385	119.74289116610211
1347	0.0016702452901571352	-0.08351226450786498	0.026319016693387765	237.69587353789385	119.74289116610211
1348	0.03451840266325101	-0.14419784338358022	-0.0030368096184678617	237.69587353789385	119.74289116610211
1349	-0.02644555042749075	0.18149998819709312	0.034923310612379854	237.69587353789385	119.74289116610211
1350	-0.032013034728014755	0.1653542837255726	0.2591410874425869	237.69587353789385	119.74289116610211
1351	0.04871548762958766	-0.17370551017635893	-0.04327453706316642	237.69587353789385	119.74289116610211
1352	-0.023105059847175813	-0.02505367935235947	-0.22826685632149724	237.69587353789385	119.74289116610211
1353	-0.06179907573582	-0.023383434062202335	0.17183281091163705	237.69587353789385	119.74289116610211
1354	0.09019324566849418	-0.052891100854981055	-0.0878144114673608	237.69587353789385	119.74289116610211
1355	0.057345088295400304	-0.06736656003634423	0.06276073211500133	237.69587353789385	119.74289116610211
1356	0.148930205039026	0.03952913853372264	-0.09591257044994173	237.69587353789385	119.74289116610211
1357	-0.22965872739662863	0.06124232730576762	-0.045046009340605986	237.69587353789385	119.74289116610211
1358	0.058458585155505505	-0.027837421502621806	0.04150306478572685	237.69587353789385	119.74289116610211
1359	-0.08518250979802211	-0.012248465461153435	-0.03441717567596858	237.69587353789385	119.74289116610211
1360	0.0100214717409437	0.17648925232662105	0.11767637271562781	237.69587353789385	119.74289116610211
1361	0.03479677687827687	-0.04565337126429925	-0.07161809350219916	237.69587353789385	119.74289116610211
1362	0.033404905803146034	-0.06291257259592498	0.10274539209149414	237.69587353789385	119.74289116610211
1363	-0.02366180827722819	-0.10021471740943788	-0.25610427782411893	237.69587353789385	119.74289116610211
1364	-0.019486195051835242	-0.03563189952335577	-0.01796779024260131	237.69587353789385	119.74289116610211
1365	0.11134968601048656	-0.03062116365288392	0.036441715421613785	237.69587353789385	119.74289116610211
1366	-0.16563265794059867	-0.007794478020733964	0.03391104073955742	237.69587353789385	119.74289116610211
1367	0.05706671408037445	0.06792330846639683	-0.07794478020734064	237.69587353789385	119.74289116610211
1368	0.04453987440419427	-0.03006441522283132	-0.13589723042643487	237.69587353789385	119.74289116610211
1369	0.004175613225393393	0.1714785164561492	-0.025559814288770744	237.69587353789385	119.74289116610211
1370	-0.058458585155505505	-0.08351226450786498	0.1401993773859309	237.69587353789385	119.74289116610211
1371	0.019486195051835242	-0.09409048467886105	-0.09894938006840981	237.69587353789385	119.74289116610211
1372	-0.06402606945602973	-0.0011134968601047568	0.058458585155505505	237.69587353789385	119.74289116610211
1373	0.3813726745859163	0.016702452901572906	-0.07288343084322757	237.69587353789385	119.74289116610211
1374	-0.12526839676179735	0.05901533358555788	-0.07364263324784437	237.69587353789385	119.74289116610211
1375	0.30760350760396915	-0.03952913853372286	0.0850306693170988	237.69587353789385	119.74289116610211
1376	0.16702452901572995	0.038972390103670485	-0.035682513016996875	237.69587353789385	119.74289116610211
1377	-0.3911157721118341	0.0	-0.010375766196431657	237.69587353789385	119.74289116610211
1378	-0.016702452901572906	0.260001516834486	0.36720089636639985	237.69587353789385	119.74289116610211
1379	-0.21017253234479338	0.4370475175911598	-0.13083588106232158	237.69587353789385	119.74289116610211
1380	1.0536464038742288	0.4448419956118936	0.9667177285455877	237.69587353789385	119.74289116610211
1381	-0.20738879019453116	-0.6758925940836533	-0.4560275777065834	237.69587353789385	119.74289116610211
1382	-0.2574961488992502	-0.07070705061665905	-0.2095398636742793	237.69587353789385	119.74289116610211
1383	-0.03897239010367026	-0.03952913853372264	-0.09110428855403441	237.69587353789385	119.74289116610211
1384	-0.21017253234479338	-0.08295551607781215	0.19157207343167804	237.69587353789385	119.74289116610211
1385	0.25610427782411893	0.11023618915038158	-0.11362729322433762	237.69587353789385	119.74289116610211
1386	-0.3911157721118337	-0.06569631474618731	-0.035429445548791016	237.69587353789385	119.74289116610211
1387	0.026445550427490305	0.12805213891205947	-0.17891870002139554	237.69587353789385	119.74289116610211
1388	0.23522621169715285	-0.2744769760158492	0.1467791315592779	237.69587353789385	119.74289116610211
1389	0.1517139471892881	-0.017259201331625507	-0.0862960066581272	237.69587353789385	119.74289116610211
1390	0.04871548762958766	-0.02895091836272634	-0.0817407922304253	237.69587353789385	119.74289116610211
1391	0.009743097525917843	0.052334352424928454	-0.03796012023084783	237.69587353789385	119.74289116610211
1392	0.001391871075130835	-0.03897239010367004	-0.07592024046169521	237.69587353789385	119.74289116610211
1393	-0.1336196232125837	-0.015032207611415549	-0.06377300198782421	237.69587353789385	119.74289116610211
1394	0.002783742150262114	-0.1002147174094381	-0.07009968869296523	237.69587353789385	119.74289116610211
1395	0.3229140894304109	0.01447545918136317	0.12324385701615204	237.69587353789385	119.74289116610211
1396	-0.24636118029820142	0.05957208201561026	0.02024539745645204	237.69587353789385	119.74289116610211
1397	0.12944400998719052	-0.0016702452901573572	-0.05466257313242062	237.69587353789385	119.74289116610211
1398	-0.19486195051835153	0.07015030218660678	0.06478527186064675	237.69587353789385	119.74289116610211
1399	0.02226993720209758	-0.028950918362726785	-0.06655674413808632	237.69587353789385	119.74289116610211
1400	0.08351226450786498	-0.03563189952335555	-0.01872699264721822	237.69587353789385	119.74289116610211
1401	-0.02226993720209758	-0.026167176212464227	0.1533588857326248	237.69587353789385	119.74289116610211
1402	0.07237729590681652	-0.02004294348188762	-0.039731592508287394	237.69587353789385	119.74289116610211
1403	0.012526839676179735	-0.05400459771508603	-0.057446315282682736	237.69587353789385	119.74289116610211
1404	0.21156440341992422	-0.08740950351823185	0.07870398261195755	237.69587353789385	119.74289116610211
1405	0.07655290913220958	0.10689569857006687	-0.0030368096184679727	237.69587353789385	119.74289116610211
1406	-0.24914492244846376	-0.08072852235760242	-0.10350459449611116	237.69587353789385	119.74289116610211
1407	0.022269937202097356	-0.0629125725959252	0.009363496323608889	237.69587353789385	119.74289116610211
1408	-0.12944400998719074	0.09464723310891365	0.042009199722138235	237.69587353789385	119.74289116610211
1409	0.04314800332906388	0.007237729590681807	0.132860420807967	237.69587353789385	119.74289116610211
1410	0.4801955209202231	0.8212039343273381	0.44008432720962737	237.69587353789385	119.74289116610211
1411	-0.523343524249287	-0.322914089430411	-0.33278372069043133	237.69587353789385	119.74289116610211
1412	0.3368328001817219	0.06513956631613482	-0.016702452901573017	237.69587353789385	119.74289116610211
1413	-0.15032207611415682	-0.21991562987071112	0.0744018356524615	237.69587353789385	119.74289116610211
1414	-0.30342789437857587	0.033404905803146034	-0.12223158714332949	237.69587353789385	119.74289116610211
1415	0.14057897858823942	-0.16702452901572973	0.11868864258845024	237.69587353789385	119.74289116610211
1416	0.2574961488992501	0.21434814557018655	-0.10451686436893382	237.69587353789385	119.74289116610211
1417	-0.31734660512988666	-0.08573925822807471	0.029861961248266677	237.69587353789385	119.74289116610211
1418	0.16284891579033656	-0.15421931512452391	-0.15867330256494327	237.69587353789385	119.74289116610211
1419	0.04036426117880143	0.06124232730576784	-0.045805211745222785	237.69587353789385	119.74289116610211
1420	0.047323616554456605	0.24107207021270327	0.06048312490115071	237.69587353789385	119.74289116610211
1421	-0.2505367935235946	-0.0968742268291235	0.08629600665812698	237.69587353789385	119.74289116610211
1422	-0.15449768933955	-0.1297223842022166	0.09945551500482086	237.69587353789385	119.74289116610211
1423	0.06402606945602973	0.11747391874106317	-0.052891100854980944	237.69587353789385	119.74289116610211
1424	0.18929446621782686	0.14642483710378984	0.1920782083680893	237.69587353789385	119.74289116610211
1425	0.18511885299243414	0.3635567248242385	0.6989723471840086	237.69587353789385	119.74289116610211
1426	-0.17815949761677863	-0.2154616424302913	-0.2163726853158318	237.69587353789385	119.74289116610211
1427	0.31456286297962444	-0.00556748430052445	-0.24648771403230443	237.69587353789385	119.74289116610211
1428	-0.013918710751310681	-0.301200900658366	-0.10046778487764352	237.69587353789385	119.74289116610211
1429	0.11413342816074856	0.17982974290693576	0.03998465997649303	237.69587353789385	119.74289116610211
1430	-0.01948619505183491	0.2438558123629656	0.1566487628192981	237.69587353789385	119.74289116610211
1431	0.001391871075130946	-0.3579892405237143	-0.19131900596347232	237.69587353789385	119.74289116610211
1432	-0.09882284633430682	-0.023383434062202335	0.10755367398740173	237.69587353789385	119.74289116610211
1433	0.06402606945602984	0.15588956041468138	-0.049854291236513304	237.69587353789385	119.74289116610211
1434	0.271414859650561	0.07850152863739279	0.17891870002139532	237.69587353789385	119.74289116610211
1435	-0.27976608610134746	-0.21434814557018655	-0.22194016961635604	237.69587353789385	119.74289116610211
1436	-0.023661808277228413	0.08406901293791746	-0.1189417100566561	237.69587353789385	119.74289116610211
1437	0.43843938866629073	0.08239876764776	0.19081287102706096	237.69587353789385	119.74289116610211
1438	-0.12109278353640412	0.042869629114037244	0.15032207611415685	237.69587353789385	119.74289116610211
1439	0.31595473405475566	0.3368328001817219	0.1412116472587536	237.69587353789385	119.74289116610211
