	winter	trans	summer	mean	std
0	-0.19066509344327953	-0.008553741159962094	2.3707693941009103	95.04308216153072	51.79980937518675
1	-0.5823702254996554	-0.32432551784732183	-1.0009396844097542	95.04308216153072	51.79980937518675
2	-0.09009042162425596	-0.33462156603295107	-0.16555577480301586	95.04308216153072	51.79980937518675
3	0.0804378764502286	-0.15572772880764263	-0.3989718671931344	95.04308216153072	51.79980937518675
4	-0.23487859923466758	-0.1943379095037523	-0.18544586788889061	95.04308216153072	51.79980937518675
5	0.2638362347567499	0.2831413251048047	-0.010530049280757181	95.04308216153072	51.79980937518675
6	0.03217515058009135	0.11711754811153297	-0.27787630046442613	95.04308216153072	51.79980937518675
7	-0.4472345930632712	-0.22522605406064033	0.1901258897914494	95.04308216153072	51.79980937518675
8	0.21557350888661275	-0.06839517723310873	0.07722036139221955	95.04308216153072	51.79980937518675
9	-0.07722036139221944	-0.06416644315686804	-0.07371034496530038	95.04308216153072	51.79980937518675
10	-0.006435030116018314	-0.10167347583308894	-0.11583054208832921	95.04308216153072	51.79980937518675
11	-0.16731078301647573	0.04761922285853526	-0.14742068993060092	95.04308216153072	51.79980937518675
12	0.01287006023203685	0.011583054208833099	-0.0976954572159141	95.04308216153072	51.79980937518675
13	0.17374581313249382	-0.12612659027395856	0.27787630046442613	95.04308216153072	51.79980937518675
14	-0.11583054208832921	0.0012870060232035296	-0.3287715386547527	95.04308216153072	51.79980937518675
15	0.5823702254996552	0.3462046202417841	0.4662471820424162	95.04308216153072	51.79980937518675
16	-0.11261302703032017	0.01544407227844391	-0.436997045151424	95.04308216153072	51.79980937518675
17	0.028957635522082303	-0.07207233729940488	0.20065593907220663	95.04308216153072	51.79980937518675
18	-0.23487859923466758	0.16216275892366094	-0.1304556105338252	95.04308216153072	51.79980937518675
19	0.2123559938286036	-0.22007802996782555	0.19188089800490904	95.04308216153072	51.79980937518675
20	-0.17374581313249382	-0.12226557220434764	0.23224608691447834	95.04308216153072	51.79980937518675
21	0.006435030116018314	-0.1274135962971621	-0.08482539698387748	95.04308216153072	51.79980937518675
22	-0.09652545174027438	0.16473677097006834	0.0017550082134596412	95.04308216153072	51.79980937518675
23	0.28314132510480483	0.06177628911377553	-0.3082964428310584	95.04308216153072	51.79980937518675
24	-0.2767062949887866	0.08236838548503411	-0.17316081039467401	95.04308216153072	51.79980937518675
25	0.08687290656624702	-0.11969156015794014	0.21586601025552277	95.04308216153072	51.79980937518675
26	0.019305090348054832	-0.21493000587501088	-0.1210955667287077	95.04308216153072	51.79980937518675
27	0.19305090348054876	0.19305090348054865	-0.241021127981776	95.04308216153072	51.79980937518675
28	-0.3442741112069785	-0.09523844571707063	-0.029250136890992234	95.04308216153072	51.79980937518675
29	0.4375820478892437	0.2548271925943243	0.2574012046407316	95.04308216153072	51.79980937518675
30	0.27348877993077747	1.0875200896070911	0.5405425297455364	95.04308216153072	51.79980937518675
31	-0.6145453760797468	-0.7245843910636596	-0.32175150580091466	95.04308216153072	51.79980937518675
32	-0.016087575290045786	-0.24067012633908413	0.29367137438556185	95.04308216153072	51.79980937518675
33	0.28635884016281377	-0.05019323490494265	-0.1825208541997912	95.04308216153072	51.79980937518675
34	0.15444072278443904	-0.26769725282636103	-0.17082079944339484	95.04308216153072	51.79980937518675
35	-0.5662826502096097	0.03088814455688793	0.06669031211146254	95.04308216153072	51.79980937518675
36	0.20913847877059455	-0.06435030116018303	-0.2843113305804446	95.04308216153072	51.79980937518675
37	-0.14157066255240236	-0.021879102394462002	0.14508067897932148	95.04308216153072	51.79980937518675
38	0.016087575290045675	0.2432441383854913	-0.10003546816719355	95.04308216153072	51.79980937518675
39	0.0	0.056628265020960966	0.1655557748030161	95.04308216153072	51.79980937518675
40	0.5148024092814633	-0.11711754811153285	0.30010640450158027	95.04308216153072	51.79980937518675
41	-0.508367379165445	0.06563730718338656	0.03568516700701074	95.04308216153072	51.79980937518675
42	0.32496902085892376	-0.1969119215501599	-0.2702712648727685	95.04308216153072	51.79980937518675
43	0.019305090348054943	0.14028365652919883	0.0017550082134595857	95.04308216153072	51.79980937518675
44	-0.15122320772642994	-0.028314132510480428	0.2457011498843349	95.04308216153072	51.79980937518675
45	-0.11904805714633837	-0.05920227706736825	0.2433611389330551	95.04308216153072	51.79980937518675
46	-0.025740120464073146	0.07078533127620112	-0.29074636069646254	95.04308216153072	51.79980937518675
47	0.003217515058009268	-0.06306329513697928	-0.20533596097476553	95.04308216153072	51.79980937518675
48	0.9845596077507983	0.054054252974553796	0.22464105132282047	95.04308216153072	51.79980937518675
49	-0.3442741112069785	-0.05019323490494276	-0.013455062969856546	95.04308216153072	51.79980937518675
50	-0.18018084324851205	0.20205994564297436	0.35334165364318626	95.04308216153072	51.79980937518675
51	-0.39253683707711584	0.027027126487276787	-0.26851625665930856	95.04308216153072	51.79980937518675
52	0.1673107830164755	-0.01801808432485119	-0.20241094728566655	95.04308216153072	51.79980937518675
53	0.0	0.12998760834356948	-0.02574012046407309	95.04308216153072	51.79980937518675
54	0.41505944248317983	0.6074668429521267	0.9126042709989577	95.04308216153072	51.79980937518675
55	0.06113278610217385	-0.3114554576152854	0.022815106774974003	95.04308216153072	51.79980937518675
56	-0.12870060232036593	-0.25482719259432407	-0.5493175708128344	95.04308216153072	51.79980937518675
57	-0.1640932679584664	0.07593335536901558	0.06142528747108378	95.04308216153072	51.79980937518675
58	-0.006435030116018203	0.019305090348054943	-0.04387520533648803	95.04308216153072	51.79980937518675
59	0.17374581313249388	0.011583054208833043	-0.12636059136908673	95.04308216153072	51.79980937518675
60	1.8307660680072038	0.1853288673413267	1.8854638239933594	95.04308216153072	51.79980937518675
61	-1.367443899653887	0.05148024092814643	-0.8804291204188661	95.04308216153072	51.79980937518675
62	-0.1287006023203659	-0.1763198251789013	-0.136305637912024	95.04308216153072	51.79980937518675
63	-0.2960113853368413	-0.03989718671931336	-0.25096617452471315	95.04308216153072	51.79980937518675
64	0.04826272587013719	-0.21879102394462197	-0.11817055303960888	95.04308216153072	51.79980937518675
65	-0.0772203613922195	0.09781245776347813	-0.015210071183315632	95.04308216153072	51.79980937518675
66	0.009652545174027416	0.027027126487276898	-0.14332567076586233	95.04308216153072	51.79980937518675
67	0.06756781621819208	0.19819892757336338	-0.12519058589344645	95.04308216153072	51.79980937518675
68	0.032175150580091266	-0.003861018069611033	-0.2579862073785516	95.04308216153072	51.79980937518675
69	-0.18983338842253947	-0.35263965035780237	0.02925013689099243	95.04308216153072	51.79980937518675
70	-0.1705282980744846	0.09652545174027438	0.22815106774973937	95.04308216153072	51.79980937518675
71	0.04504521081212792	-0.16859778903967926	0.029250136890991985	95.04308216153072	51.79980937518675
72	0.009652545174027416	-0.07722036139221944	-0.28548133605608406	95.04308216153072	51.79980937518675
73	0.016087575290045675	0.17374581313249382	-0.20884597740168448	95.04308216153072	51.79980937518675
74	0.10939551197231101	-0.3667967166130425	0.21937602668244188	95.04308216153072	51.79980937518675
75	0.25096617452471337	1.03089182458613	1.6327426412551862	95.04308216153072	51.79980937518675
76	-0.2123559938286036	-0.22007802996782538	-1.0108847309526916	95.04308216153072	51.79980937518675
77	0.5952402857316919	-0.3886758190075048	-0.30186141271503963	95.04308216153072	51.79980937518675
78	-0.5501950749195639	0.2754192889655827	-0.1269455941069061	95.04308216153072	51.79980937518675
79	-0.3700142316710517	-0.3899628250307084	0.22698106227409964	95.04308216153072	51.79980937518675
80	0.440799562947253	0.1879028793877343	0.17023579670557476	95.04308216153072	51.79980937518675
81	-0.3120989606268872	-0.24581815043189892	-0.17374581313249404	95.04308216153072	51.79980937518675
82	0.1769633281905031	0.1634497649468647	-0.05733026830634458	95.04308216153072	51.79980937518675
83	0.04826272587013719	-0.2767062949887866	-0.15210071183315965	95.04308216153072	51.79980937518675
84	0.6499380417178475	0.26512324077995364	-0.13923065160112313	95.04308216153072	51.79980937518675
85	-0.2927938702788323	0.056628265020960966	0.08248538603259825	95.04308216153072	51.79980937518675
86	-0.42792950271521646	-0.203346951666178	-0.14040065707676286	95.04308216153072	51.79980937518675
87	0.2863588401628141	-0.0025740120464073923	-0.0690303230627417	95.04308216153072	51.79980937518675
88	0.0900904216242559	0.02831413251048054	0.10822550649667129	95.04308216153072	51.79980937518675
89	-0.3185339907429054	-0.011583054208832877	0.1719908049190343	95.04308216153072	51.79980937518675
90	1.965901700443588	0.9060522403353752	1.6023224988885545	95.04308216153072	51.79980937518675
91	-0.1801808432485119	-0.4041198912859485	-0.7903386987946099	95.04308216153072	51.79980937518675
92	-0.7335934332260851	0.16731078301647537	-0.5931927761493223	95.04308216153072	51.79980937518675
93	-0.4568871382372988	-0.07207233729940488	0.2995214017637602	95.04308216153072	51.79980937518675
94	0.29922890039485056	-0.26641024680315717	-0.3229215112765542	95.04308216153072	51.79980937518675
95	-0.38610180696109747	0.15186671073803182	0.30186141271503963	95.04308216153072	51.79980937518675
96	0.15765823784244792	-0.1930509034805487	-0.2825563223669847	95.04308216153072	51.79980937518675
97	0.23166108417665848	0.016731078301647384	0.038610180696109664	95.04308216153072	51.79980937518675
98	-0.21557350888661253	-0.0012870060232035851	-0.13923065160112302	95.04308216153072	51.79980937518675
99	-0.20913847877059466	-0.2651232407799536	0.07195533675184129	95.04308216153072	51.79980937518675
100	0.18018084324851236	0.16602377699327175	0.2720262730862273	95.04308216153072	51.79980937518675
101	-0.18018084324851236	0.1621627589236611	-0.08833541341079632	95.04308216153072	51.79980937518675
102	-0.051480240928146154	-0.2380961142926768	-0.06435030116018314	95.04308216153072	51.79980937518675
103	-0.13191811737837514	0.19176389745734496	0.09886546269155372	95.04308216153072	51.79980937518675
104	0.05791527104416462	-0.14800569266842062	0.1725758076568542	95.04308216153072	51.79980937518675
105	0.25096617452471337	0.03217515058009135	0.13513563243638416	95.04308216153072	51.79980937518675
106	-0.4350080358428364	0.05920227706736847	-0.5229924476109411	95.04308216153072	51.79980937518675
107	0.41312893344837437	-0.2509661745247135	0.10179047638065297	95.04308216153072	51.79980937518675
108	0.4787662406317608	0.13127461436677312	-0.270856267610588	95.04308216153072	51.79980937518675
109	-0.3011594094296559	0.056628265020960855	0.016965079396775384	95.04308216153072	51.79980937518675
110	-0.1969119215501598	-0.027027126487276565	-0.11173552292359024	95.04308216153072	51.79980937518675
111	-0.2580447076523336	-0.0694983252529976	0.11875555577742858	95.04308216153072	51.79980937518675
112	-0.1782503342137067	0.009009042162425596	0.33813158245986985	95.04308216153072	51.79980937518675
113	-0.13844507649605048	-0.07722036139221944	-0.2737812812996867	95.04308216153072	51.79980937518675
114	-0.22062960397777004	0.0334621566032951	-0.42763700134630656	95.04308216153072	51.79980937518675
115	0.1930509034805487	-0.003861018069611033	0.17550082134595346	95.04308216153072	51.79980937518675
116	0.12134628218777363	0.1093955119723109	-0.12577558863126692	95.04308216153072	51.79980937518675
117	-0.0937675816905523	0.20077293961977077	-0.014625068445495937	95.04308216153072	51.79980937518675
118	0.19856664357999282	0.04633221683533156	0.08950541888643604	95.04308216153072	51.79980937518675
119	-0.0027578700497220415	0.07207233729940488	-0.24160613071959558	95.04308216153072	51.79980937518675
120	0.5377846596958145	0.5289594755367036	0.8927141779130829	95.04308216153072	51.79980937518675
121	-0.038610180696109775	-0.6589470838802731	-0.3246765194900141	95.04308216153072	51.79980937518675
122	-0.27302913492249026	0.09652545174027433	0.09477044352681463	95.04308216153072	51.79980937518675
123	-0.2757870049722126	-0.05276724695134999	-0.17842583503505205	95.04308216153072	51.79980937518675
124	-0.03585231064638769	-0.19305090348054876	0.10530049280757159	95.04308216153072	51.79980937518675
125	-0.15995646288388307	0.16216275892366105	-0.09886546269155372	95.04308216153072	51.79980937518675
126	0.5102059591985931	-0.05534125899775716	-0.08716540793515659	95.04308216153072	51.79980937518675
127	-0.022062960397777193	-0.09781245776347819	0.102375479118473	95.04308216153072	51.79980937518675
128	-0.08273610149166358	0.029601138533684068	-0.07078533127620157	95.04308216153072	51.79980937518675
129	-0.17650368318221618	-0.17117180108608643	-0.13513563243638416	95.04308216153072	51.79980937518675
130	-0.2702712648727682	0.13770964448279133	0.26734625118366906	95.04308216153072	51.79980937518675
131	0.35024949631471003	0.16731078301647562	-0.2784613032022458	95.04308216153072	51.79980937518675
132	-0.06067314109388694	-0.012870060232036629	0.007605035591657594	95.04308216153072	51.79980937518675
133	-0.049641660894998205	-0.2638362347567498	-0.3077114400932379	95.04308216153072	51.79980937518675
134	-0.3226707958174885	0.10682149992590362	-0.03568516700701074	95.04308216153072	51.79980937518675
135	0.17374581313249388	-0.02831413251048054	0.33462156603295135	95.04308216153072	51.79980937518675
136	0.16823007303304946	-0.08622940355464515	0.01228505749421649	95.04308216153072	51.79980937518675
137	0.19580877353027107	0.027027126487276898	-0.13747564338766327	95.04308216153072	51.79980937518675
138	-0.36128097651359853	-0.09009042162425618	-0.03978018617174939	95.04308216153072	51.79980937518675
139	-0.0772203613922195	0.23423509622306593	0.023400109512793588	95.04308216153072	51.79980937518675
140	0.008273610149166444	0.03088814455688771	0.22873607048755917	95.04308216153072	51.79980937518675
141	0.34473375621526564	-0.131274614366773	-0.22288604310936055	95.04308216153072	51.79980937518675
142	-0.18477729333138232	0.09652545174027427	-0.005850027378198619	95.04308216153072	51.79980937518675
143	0.04412592079555383	-0.27541928896558276	-0.038610180696109775	95.04308216153072	51.79980937518675
144	-0.008273610149166416	0.0012870060232035296	-0.07371034496530032	95.04308216153072	51.79980937518675
145	-0.3971332871599859	0.08751640957784879	0.057330268306344745	95.04308216153072	51.79980937518675
146	0.5157216992980375	0.039897186719313416	-0.05791527104416461	95.04308216153072	51.79980937518675
147	-0.3557652364141541	-0.13384862641318052	-0.019305090348054832	95.04308216153072	51.79980937518675
148	-0.033094440596665664	-0.0913774276474596	0.24160613071959613	95.04308216153072	51.79980937518675
149	-0.05791527104416466	-0.0334621566032951	-0.20358095276130628	95.04308216153072	51.79980937518675
150	0.5846684505410906	0.5302464815599072	0.5516575817641137	95.04308216153072	51.79980937518675
151	-0.154440722784439	0.05920227706736819	-0.3820067877963589	95.04308216153072	51.79980937518675
152	-0.42195411760748514	-0.16344976494686458	-0.2223010403715407	95.04308216153072	51.79980937518675
153	0.14892498268499488	-0.15830174085404985	-0.029835139628812124	95.04308216153072	51.79980937518675
154	-0.03861018069610972	-0.09781245776347813	0.11173552292359018	95.04308216153072	51.79980937518675
155	0.18753516338110435	-0.04633221683533162	-0.0731253422274804	95.04308216153072	51.79980937518675
156	-0.22062960397777	0.041184192742517056	-0.046800219025587564	95.04308216153072	51.79980937518675
157	-0.33370227601637703	-0.14028365652919883	0.16497077206519628	95.04308216153072	51.79980937518675
158	0.31439718566832214	0.03088814455688793	-0.21879102394462213	95.04308216153072	51.79980937518675
159	0.35576523641415414	0.1647367709700681	-0.02515511772625323	95.04308216153072	51.79980937518675
160	-0.2564819146241577	-0.007722036139221844	-0.015210071183316076	95.04308216153072	51.79980937518675
161	0.19580877353027104	0.015444072278443799	0.2176210184689823	95.04308216153072	51.79980937518675
162	-0.20959812377888154	-0.1879028793877341	-0.18720087610235037	95.04308216153072	51.79980937518675
163	-0.2730291349224904	0.1184045541347365	-0.03568516700701041	95.04308216153072	51.79980937518675
164	0.044125920795554	0.0875164095778489	-0.23224608691447834	95.04308216153072	51.79980937518675
165	0.12686202228721766	0.03088814455688771	0.09945046542937368	95.04308216153072	51.79980937518675
166	-0.3364601460660991	-0.060489283090572	-0.12694559410690634	95.04308216153072	51.79980937518675
167	0.3916175470605417	0.05662826502096108	0.06025528199544408	95.04308216153072	51.79980937518675
168	-0.22614534407721426	-0.13513563243638416	-0.1872008761023504	95.04308216153072	51.79980937518675
169	-0.088251841591108	0.1454316806220134	0.14098565981458244	95.04308216153072	51.79980937518675
170	0.05515740099444266	-0.11454353606512546	0.1866158733645305	95.04308216153072	51.79980937518675
171	0.011031480198888444	0.03603616864970238	-0.05908527651980433	95.04308216153072	51.79980937518675
172	0.39161754706054164	0.015444072278443799	0.07897536960567908	95.04308216153072	51.79980937518675
173	-0.25923978467387976	-0.029601138533684068	-0.2527211827381729	95.04308216153072	51.79980937518675
174	0.03585231064638772	-0.054054252974553685	0.1444956762415016	95.04308216153072	51.79980937518675
175	0.07446249134249744	0.13384862641318052	0.010530049280757237	95.04308216153072	51.79980937518675
176	-0.10204119183971877	-0.18018084324851225	0.31297646473361695	95.04308216153072	51.79980937518675
177	-0.02757870049722122	0.15958874687725366	-0.08658040519733701	95.04308216153072	51.79980937518675
178	0.35576523641415414	0.039897186719313416	-0.24687115535997456	95.04308216153072	51.79980937518675
179	0.06618888119333102	-0.1879028793877341	0.05440525461724571	95.04308216153072	51.79980937518675
180	0.2178717339280477	0.48648827677098283	0.5820777241307452	95.04308216153072	51.79980937518675
181	-0.2564819146241574	-0.22265204201423283	-0.29601138533684124	95.04308216153072	51.79980937518675
182	0.44401707800526213	-0.060489283090572	-0.06259529294672356	95.04308216153072	51.79980937518675
183	-0.16271433293360543	-0.0939514396938671	0.08190038329477839	95.04308216153072	51.79980937518675
184	-0.3833439369113754	-0.03088814455688782	-0.16029075016263733	95.04308216153072	51.79980937518675
185	0.057915271044164635	0.051480240928146404	0.13162561600946493	95.04308216153072	51.79980937518675
186	0.033094440596665664	-0.0012870060232037517	-0.09184542983771571	95.04308216153072	51.79980937518675
187	-0.22338747402749207	-0.025740120464073035	-0.18720087610235014	95.04308216153072	51.79980937518675
188	-0.10204119183971871	-0.16344976494686458	0.154440722784439	95.04308216153072	51.79980937518675
189	0.16271433293360538	-0.15572772880764285	0.060840284733263916	95.04308216153072	51.79980937518675
190	-0.08549397154138594	0.07722036139221955	0.09711045447809391	95.04308216153072	51.79980937518675
191	-0.027578700497221276	0.005148024092814674	-0.07546535317875985	95.04308216153072	51.79980937518675
192	-0.24269256437554693	0.15958874687725377	0.18369085967543147	95.04308216153072	51.79980937518675
193	0.23717682427610287	-0.15315371676123546	-0.36679671661304286	95.04308216153072	51.79980937518675
194	-0.005515740099444388	0.07464634934581216	-0.09828045995373394	95.04308216153072	51.79980937518675
195	0.0	0.21879102394462202	0.5194824311840223	95.04308216153072	51.79980937518675
196	0.1792615532319382	-0.03346215660329521	-0.331696552343852	95.04308216153072	51.79980937518675
197	-0.09928332178999666	-0.08108137946183047	-0.04972523271468682	95.04308216153072	51.79980937518675
198	0.005515740099444333	0.297298391360045	-0.046800219025587564	95.04308216153072	51.79980937518675
199	0.09376758169055233	-0.3796667768450791	-0.24277613619523555	95.04308216153072	51.79980937518675
200	0.2592397846738795	0.1184045541347365	0.2018259445478464	95.04308216153072	51.79980937518675
201	-0.6067314109388674	-0.2097819817821962	0.2123559938286036	95.04308216153072	51.79980937518675
202	0.19856664357999299	0.2586882106639352	-0.12226557220434742	95.04308216153072	51.79980937518675
203	-0.5212374393974816	-0.2741322829423791	0.10764050375885142	95.04308216153072	51.79980937518675
204	0.28130274507165687	0.23938312031588038	-0.10062047090501336	95.04308216153072	51.79980937518675
205	0.38610180696109725	-0.01415706625524027	-0.21294099656642348	95.04308216153072	51.79980937518675
206	-0.08549397154138588	-0.1583017408540498	0.13806064612548344	95.04308216153072	51.79980937518675
207	-0.1296198923369397	-0.11325653004192204	-0.060840284733263944	95.04308216153072	51.79980937518675
208	-0.12134628218777355	0.01673107830164766	-0.06084028473326364	95.04308216153072	51.79980937518675
209	-0.1378935024861062	0.2792803070351937	0.3393015879355097	95.04308216153072	51.79980937518675
210	0.284060615121379	-0.09523844571707063	0.2135259993042436	95.04308216153072	51.79980937518675
211	-0.03585231064638772	-0.14671868664521703	-0.23341609239011835	95.04308216153072	51.79980937518675
212	-0.09928332178999638	0.11969156015794025	-0.11349053113704977	95.04308216153072	51.79980937518675
213	-0.04964166089499833	0.13899665050599497	-0.07254033948966065	95.04308216153072	51.79980937518675
214	0.07170462129277522	-0.31789048773130346	0.1842758624132511	95.04308216153072	51.79980937518675
215	-0.03309444059666555	0.23166108417665832	0.04680021902558751	95.04308216153072	51.79980937518675
216	-0.052399530944720385	-0.10296048185629247	-0.04972523271468682	95.04308216153072	51.79980937518675
217	-0.04688379084527616	-0.16473677097006822	-0.0549902573550653	95.04308216153072	51.79980937518675
218	-0.06618888119333088	0.08622940355464492	-0.10764050375885148	95.04308216153072	51.79980937518675
219	0.06067314109388666	-0.10296048185629258	0.1497607008818801	95.04308216153072	51.79980937518675
220	0.1765036831822161	-0.04504521081212798	-0.09594044900245446	95.04308216153072	51.79980937518675
221	0.1489249826849946	0.023166108417665754	-0.2661762457080292	95.04308216153072	51.79980937518675
222	-0.36403884656332036	0.214930005875011	0.10939551197231076	95.04308216153072	51.79980937518675
223	0.02757870049722122	-0.22908707213025115	-0.0052650246403784795	95.04308216153072	51.79980937518675
224	-0.10479906188944077	0.009009042162425596	-0.1632157638517366	95.04308216153072	51.79980937518675
225	0.27302913492249037	0.01673107830164744	0.1099805147101309	95.04308216153072	51.79980937518675
226	-0.016547220298332777	-0.01673107830164744	0.0614252874710835	95.04308216153072	51.79980937518675
227	0.45780642825387285	0.16859778903967915	-0.0023400109512794476	95.04308216153072	51.79980937518675
228	-0.20684025372915948	-0.09137742764745982	-0.0661053093736424	95.04308216153072	51.79980937518675
229	-0.04136805074583183	-0.056628265020960855	-0.20533596097476525	95.04308216153072	51.79980937518675
230	-0.21787173392804793	0.05791527104416461	0.1983159281209272	95.04308216153072	51.79980937518675
231	-0.3006078354197116	-0.05920227706736836	-0.24277613619523555	95.04308216153072	51.79980937518675
232	0.03309444059666555	-0.012870060232036407	-0.015795073921135716	95.04308216153072	51.79980937518675
233	-0.0661888811933311	0.06821131922979373	0.13630563791202382	95.04308216153072	51.79980937518675
234	-0.07722036139221944	0.03217515058009157	-0.02106009856151446	95.04308216153072	51.79980937518675
235	0.176503683182216	-0.1389966505059952	0.15385572004661913	95.04308216153072	51.79980937518675
236	-0.11031480198888499	0.08365539150823786	-0.13162561600946496	95.04308216153072	51.79980937518675
237	0.1902930334308267	0.12097856618114389	0.14040065707676258	95.04308216153072	51.79980937518675
238	-0.2730291349224905	-0.037323174672906134	0.2585712101163713	95.04308216153072	51.79980937518675
239	0.5212374393974817	-0.04761922285853526	-0.24862616357343392	95.04308216153072	51.79980937518675
240	-0.03309444059666544	0.11583054208832921	0.46683218478023614	95.04308216153072	51.79980937518675
241	0.21235599382860365	-0.04247119876572081	0.16380076658955622	95.04308216153072	51.79980937518675
242	-0.04412592079555411	-0.10296048185629258	-0.4018968808822332	95.04308216153072	51.79980937518675
243	-0.38885967701081964	0.01930509034805472	-0.24336113893305542	95.04308216153072	51.79980937518675
244	0.04688379084527616	0.0630632951369795	0.17725582955941302	95.04308216153072	51.79980937518675
245	-0.12961989233693993	0.2522531805479169	-0.07663535865439963	95.04308216153072	51.79980937518675
246	-0.0799782314419415	-0.22265204201423283	-0.21469600477988304	95.04308216153072	51.79980937518675
247	0.1682300730330496	-0.05662826502096108	-0.07839036686785922	95.04308216153072	51.79980937518675
248	-0.24820830447499131	-0.08880341560105232	-0.05908527651980405	95.04308216153072	51.79980937518675
249	0.08273610149166377	-0.0424711987657207	0.16263076111391675	95.04308216153072	51.79980937518675
250	0.07722036139221944	0.027027126487276787	-0.016965079396775704	95.04308216153072	51.79980937518675
251	0.044125920795554	0.06563730718338645	-0.016965079396775426	95.04308216153072	51.79980937518675
252	-0.3006078354197116	-0.1274135962971621	0.15034570361970023	95.04308216153072	51.79980937518675
253	-0.1682300730330495	-0.024453114440869506	-0.03978018617174947	95.04308216153072	51.79980937518675
254	0.3419758861655434	0.023166108417665976	0.03568516700701044	95.04308216153072	51.79980937518675
255	-0.005515740099444222	0.009009042162425596	0.20007093633438677	95.04308216153072	51.79980937518675
256	-0.18201942328166032	-0.039897186719313416	-0.22054603215808136	95.04308216153072	51.79980937518675
257	-0.13513563243638416	0.09523844571707074	-0.046215216287767674	95.04308216153072	51.79980937518675
258	0.011031480198888666	0.0	-0.06201029020890365	95.04308216153072	51.79980937518675
259	0.20132451362971504	-0.2509661745247136	-0.033345156055731	95.04308216153072	51.79980937518675
260	0.11858841213805138	0.08108137946183058	0.05265024640378587	95.04308216153072	51.79980937518675
261	-0.25923978467387987	0.006435030116018536	-0.07839036686785922	95.04308216153072	51.79980937518675
262	0.21787173392804793	-0.0694983252529977	0.11232052566141035	95.04308216153072	51.79980937518675
263	0.12961989233693993	0.07722036139221933	-0.12460558315562688	95.04308216153072	51.79980937518675
264	-0.22338747402749215	0.09395143969386721	-0.19363590621836863	95.04308216153072	51.79980937518675
265	0.024820830447499054	-0.06306329513697939	0.3322815550816716	95.04308216153072	51.79980937518675
266	0.13513563243638416	0.05791527104416461	0.2345860978657578	95.04308216153072	51.79980937518675
267	-0.25923978467387965	0.07464634934581227	-0.3082964428310581	95.04308216153072	51.79980937518675
268	-0.04688379084527616	-0.1389966505059952	0.12226557220434744	95.04308216153072	51.79980937518675
269	0.26751339482304615	0.09909946378668177	-0.05031023545250643	95.04308216153072	51.79980937518675
270	0.04688379084527616	0.39253683707711573	-0.01638007665895584	95.04308216153072	51.79980937518675
271	-0.16271433293360538	-0.24453114440869494	-0.08482539698387742	95.04308216153072	51.79980937518675
272	-0.038610180696109886	-0.11711754811153297	0.0064350301160182	95.04308216153072	51.79980937518675
273	0.07170462129277533	-0.056628265020960855	0.024570114988433624	95.04308216153072	51.79980937518675
274	0.10755693193916283	0.009009042162425374	-0.03744017522047002	95.04308216153072	51.79980937518675
275	-0.07446249134249727	-0.014157066255240158	-0.1433256707658619	95.04308216153072	51.79980937518675
276	0.20132451362971493	-0.1274135962971621	-0.07605035591658005	95.04308216153072	51.79980937518675
277	-0.08549397154138572	0.13256162038997688	0.16672578027865578	95.04308216153072	51.79980937518675
278	-0.24269256437554698	0.010296048185629125	-0.016380076658955564	95.04308216153072	51.79980937518675
279	0.09652545174027427	-0.04761922285853526	0.14800569266842079	95.04308216153072	51.79980937518675
280	0.022062960397777	0.2007729396197706	0.08014537508131854	95.04308216153072	51.79980937518675
281	0.10755693193916283	-0.06949832525299748	-0.1936359062183686	95.04308216153072	51.79980937518675
282	-0.22890321412693626	0.023166108417665754	0.050310235452506694	95.04308216153072	51.79980937518675
283	0.29509209532026737	-0.05019323490494276	-0.16380076658955647	95.04308216153072	51.79980937518675
284	-0.19580877353027093	0.05791527104416461	0.10881050923449118	95.04308216153072	51.79980937518675
285	0.06343101114360894	0.0	0.138645648863303	95.04308216153072	51.79980937518675
286	-0.25923978467387965	-0.12741359629716187	-0.10822550649667104	95.04308216153072	51.79980937518675
287	0.11583054208832921	0.043758204788924226	-0.044460208074308366	95.04308216153072	51.79980937518675
288	-0.10479906188944077	-0.15701473483084638	0.03978018617174948	95.04308216153072	51.79980937518675
289	-0.027578700497221442	0.18404186131812317	-0.13630563791202382	95.04308216153072	51.79980937518675
290	0.22890321412693648	0.12097856618114389	0.17842583503505274	95.04308216153072	51.79980937518675
291	-0.07170462129277522	-0.2599752166871391	-0.2521361800003531	95.04308216153072	51.79980937518675
292	0.09100971164083016	-0.01801808432485097	0.1702357967055747	95.04308216153072	51.79980937518675
293	-0.1544407227844391	0.21493000587501077	-0.035100164269190576	95.04308216153072	51.79980937518675
294	-0.16271433293360538	-0.20205994564297436	0.029250136890992248	95.04308216153072	51.79980937518675
295	0.17098794308277188	0.1634497649468647	0.013455062969856255	95.04308216153072	51.79980937518675
296	-0.12686202228721788	-0.03474916262649885	0.04153519438520906	95.04308216153072	51.79980937518675
297	0.2702712648727683	0.09523844571707074	0.2041659554991258	95.04308216153072	51.79980937518675
298	0.07446249134249738	0.18275485529491953	0.14976070088188012	95.04308216153072	51.79980937518675
299	-0.16271433293360538	-0.17117180108608654	-0.14391067350368178	95.04308216153072	51.79980937518675
300	1.0810850594910728	0.5353945056527216	0.8289488794907202	95.04308216153072	51.79980937518675
301	-0.11858841213805128	-0.2754192889655827	-0.2965963880746615	95.04308216153072	51.79980937518675
302	-0.3143971856683223	0.04504521081212798	-0.36796672208868236	95.04308216153072	51.79980937518675
303	-0.29233422527054514	-0.31145545761528526	-0.23224608691447832	95.04308216153072	51.79980937518675
304	0.17374581313249382	0.03603616864970238	0.19597591716964805	95.04308216153072	51.79980937518675
305	-0.08273610149166388	-0.03603616864970238	-0.13747564338766355	95.04308216153072	51.79980937518675
306	0.5708791002924798	-0.11454353606512557	-0.1292856050581855	95.04308216153072	51.79980937518675
307	-0.3888596770108195	-0.005148024092814563	0.07371034496530032	95.04308216153072	51.79980937518675
308	0.19029303343082668	0.1673107830164755	-0.08775041067297672	95.04308216153072	51.79980937518675
309	-0.3143971856683223	-0.11583054208832921	0.12636059136908648	95.04308216153072	51.79980937518675
310	0.32542866586721075	0.23938312031588038	0.20358095276130594	95.04308216153072	51.79980937518675
311	-0.33921801611582136	-0.14671868664521714	-0.021060098561514418	95.04308216153072	51.79980937518675
312	0.16271433293360543	0.025740120464073257	-0.19831592812092724	95.04308216153072	51.79980937518675
313	-0.2647555247733239	0.19305090348054876	-0.1129055283992302	95.04308216153072	51.79980937518675
314	-0.019305090348054943	-0.1788938372253085	-0.16789578575429526	95.04308216153072	51.79980937518675
315	-0.28957635522082303	-0.11454353606512557	0.23107608143883862	95.04308216153072	51.79980937518675
316	0.18753516338110432	0.006435030116018314	-0.3036164209284995	95.04308216153072	51.79980937518675
317	0.3998911572097081	0.11196952401871818	0.09184542983771575	95.04308216153072	51.79980937518675
318	-0.157198592834161	0.06306329513697928	0.030420142366631958	95.04308216153072	51.79980937518675
319	-0.29509209532026737	-0.20077293961977072	0.42471198765720725	95.04308216153072	51.79980937518675
320	0.0799782314419416	0.04375820478892445	-0.1749158186081336	95.04308216153072	51.79980937518675
321	0.2399346943258247	0.2767062949887864	0.2860663387939039	95.04308216153072	51.79980937518675
322	-0.2482083044749912	-0.0012870060232035296	-0.35919168102138466	95.04308216153072	51.79980937518675
323	0.005515740099444444	-0.09009042162425618	-0.067860317587102	95.04308216153072	51.79980937518675
324	-0.04412592079555411	0.06306329513697928	0.13864564886330327	95.04308216153072	51.79980937518675
325	-0.07170462129277522	-0.03088814455688771	0.0017550082134595857	95.04308216153072	51.79980937518675
326	0.02757870049722122	-0.31145545761528526	-0.044460208074308366	95.04308216153072	51.79980937518675
327	-0.0799782314419416	0.007722036139221844	0.0011700054756397238	95.04308216153072	51.79980937518675
328	-0.22890321412693637	-0.07722036139221955	-0.017550082134595288	95.04308216153072	51.79980937518675
329	0.32542866586721075	0.4221379756108	0.07195533675184103	95.04308216153072	51.79980937518675
330	0.11307267203860705	0.10810850594910715	0.6148378774486569	95.04308216153072	51.79980937518675
331	-0.22338747402749204	-0.22908707213025103	-0.2884063497451837	95.04308216153072	51.79980937518675
332	0.07722036139221955	-0.1454316806220135	-0.18720087610235037	95.04308216153072	51.79980937518675
333	0.1461671126352725	0.06177628911377564	0.10705550102103162	95.04308216153072	51.79980937518675
334	0.044125920795554	-0.13127461436677312	0.09477044352681474	95.04308216153072	51.79980937518675
335	-0.06343101114360883	0.2393831203158805	-0.28255632236698475	95.04308216153072	51.79980937518675
336	-0.2537240445744354	0.005148024092814563	-0.21411100204206318	95.04308216153072	51.79980937518675
337	-0.21511386387832565	-0.025740120464073146	-0.13396562696074438	95.04308216153072	51.79980937518675
338	0.1958087735302707	-0.12355257822755117	-0.02457011498843363	95.04308216153072	51.79980937518675
339	-0.14892498268499454	0.07979437343862683	0.2234710458471807	95.04308216153072	51.79980937518675
340	0.2040823836794371	-0.06692431320659031	0.1714058021812144	95.04308216153072	51.79980937518675
341	-0.044125920795554	-0.07207233729940488	-0.10998051471013062	95.04308216153072	51.79980937518675
342	-0.30888144556887787	0.25997521668713897	0.16029075016263733	95.04308216153072	51.79980937518675
343	0.264755524773324	-0.0669243132065902	-0.22464105132282042	95.04308216153072	51.79980937518675
344	0.07722036139221944	-0.08365539150823775	-0.049725232714686554	95.04308216153072	51.79980937518675
345	0.022062960397776887	0.07335934332260852	0.09184542983771547	95.04308216153072	51.79980937518675
346	0.10755693193916294	-0.14929269869162443	-0.014625068445495978	95.04308216153072	51.79980937518675
347	-0.17374581313249393	0.16473677097006834	-0.06961532580056157	95.04308216153072	51.79980937518675
348	-0.06343101114360894	-0.1502119887081984	-0.17725582955941302	95.04308216153072	51.79980937518675
349	-0.04688379084527594	-0.19856664357999287	0.2521361800003531	95.04308216153072	51.79980937518675
350	0.28681848517110087	0.3061235755191557	0.2029959500234861	95.04308216153072	51.79980937518675
351	-0.06894675124305305	-0.11858841213805127	-0.07312534222748046	95.04308216153072	51.79980937518675
352	0.08549397154138594	-0.06784360322316418	-0.0017550082134595857	95.04308216153072	51.79980937518675
353	0.09928332178999633	0.2767062949887863	-0.1719908049190343	95.04308216153072	51.79980937518675
354	-0.42746985770692913	0.003861018069611033	0.35743667280792507	95.04308216153072	51.79980937518675
355	-0.01378935024861061	0.3204644997777108	0.07195533675184074	95.04308216153072	51.79980937518675
356	0.49365873890026013	-0.14414467459880959	0.21294099656642373	95.04308216153072	51.79980937518675
357	0.1461671126352726	0.5122283972350561	-0.09535544626463488	95.04308216153072	51.79980937518675
358	-0.3447337562152655	-0.35907468047382085	0.20826097466386484	95.04308216153072	51.79980937518675
359	-0.0744624913424975	0.12483958425075492	-0.3176564866361759	95.04308216153072	51.79980937518675
360	0.5019323490494269	0.10553449390269998	1.3648113873336973	95.04308216153072	51.79980937518675
361	-0.1902930334308267	-0.1814678492717159	-1.0600249609295584	95.04308216153072	51.79980937518675
362	-0.2840606151213788	-0.23166108417665832	-0.05031023545250646	95.04308216153072	51.79980937518675
363	0.2564819146241576	-0.22265204201423305	0.21118598835296398	95.04308216153072	51.79980937518675
364	-0.02757870049722122	0.2599752166871391	-0.038610180696109775	95.04308216153072	51.79980937518675
365	-0.11031480198888499	-0.3256125238705255	-0.2691012593971285	95.04308216153072	51.79980937518675
366	0.20684025372915926	0.3822407888914865	0.11875555577742847	95.04308216153072	51.79980937518675
367	-0.5350267896460921	-0.18404186131812317	-0.015210071183315854	95.04308216153072	51.79980937518675
368	0.21511386387832565	0.1029604818562927	0.06786031758710176	95.04308216153072	51.79980937518675
369	0.26751339482304615	-0.191763897457345	-0.018720087610235026	95.04308216153072	51.79980937518675
370	0.0	0.0849423975314414	0.2246410513228202	95.04308216153072	51.79980937518675
371	-0.2757870049722124	-0.038610180696109775	-0.11290552839922996	95.04308216153072	51.79980937518675
372	0.17926155323193804	-0.10424748787949623	-0.10062047090501336	95.04308216153072	51.79980937518675
373	0.06618888119333088	-0.01415706625524027	-0.13864564886330277	95.04308216153072	51.79980937518675
374	0.060673141093886884	-0.13256162038997688	-0.0801453750813188	95.04308216153072	51.79980937518675
375	0.013789350248610499	0.11068251799551465	0.18895588431580967	95.04308216153072	51.79980937518675
376	-0.024820830447499054	0.07207233729940477	0.016965079396775495	95.04308216153072	51.79980937518675
377	-0.20959812377888154	0.23423509622306593	-0.36504170839958305	95.04308216153072	51.79980937518675
378	-0.10755693193916283	-0.23552210224626957	0.28489633331826425	95.04308216153072	51.79980937518675
379	0.21787173392804782	-0.006435030116018314	-0.22581105679845992	95.04308216153072	51.79980937518675
380	0.09652545174027438	0.2522531805479171	-0.07020032853838143	95.04308216153072	51.79980937518675
381	-0.32542866586721064	0.5894487586272755	0.009945046542937375	95.04308216153072	51.79980937518675
382	0.33094440596665486	-0.4401560599356513	0.10530049280757203	95.04308216153072	51.79980937518675
383	0.03585231064638772	-0.31789048773130346	0.10471549006975212	95.04308216153072	51.79980937518675
384	-0.13789350248610632	0.021879102394462224	-0.03919518343392958	95.04308216153072	51.79980937518675
385	0.06894675124305316	0.12612659027395845	0.13981565433894294	95.04308216153072	51.79980937518675
386	-0.088251841591108	-0.10296048185629258	-0.1099805147101306	95.04308216153072	51.79980937518675
387	-0.066188881193331	-0.22393904803743658	-0.05557526009288538	95.04308216153072	51.79980937518675
388	0.06067314109388677	0.05148024092814629	0.009360043805117457	95.04308216153072	51.79980937518675
389	0.16271433293360538	0.07850736741542319	0.3194114948496355	95.04308216153072	51.79980937518675
390	0.42746985770692925	0.5740046863488315	0.048555227239046816	95.04308216153072	51.79980937518675
391	-0.1765036831822159	-0.3629356985434315	-0.31999649758745474	95.04308216153072	51.79980937518675
392	-0.2564819146241577	-0.30244641545285966	0.08424039424605723	95.04308216153072	51.79980937518675
393	-0.057915271044164496	0.11454353606512546	0.3445666125758884	95.04308216153072	51.79980937518675
394	0.030336570546943276	0.1724588071092903	0.16146075563827744	95.04308216153072	51.79980937518675
395	-0.2702712648727682	-0.006435030116018314	-0.3334515605573116	95.04308216153072	51.79980937518675
396	0.4881429988008161	-0.15701473483084627	-0.2293210732253791	95.04308216153072	51.79980937518675
397	-0.3998911572097081	-0.019305090348054943	0.279631308677886	95.04308216153072	51.79980937518675
398	0.06343101114360883	-0.1274135962971621	-0.20767597192604526	95.04308216153072	51.79980937518675
399	-0.23441895422638048	-0.06563730718338667	-0.23868111703049621	95.04308216153072	51.79980937518675
400	0.23441895422638048	0.17503281915569768	0.22405604858500028	95.04308216153072	51.79980937518675
401	0.09100971164083016	-0.024453114440869617	0.12460558315562709	95.04308216153072	51.79980937518675
402	-0.17926155323193815	0.02831413251048054	-0.04095019164738911	95.04308216153072	51.79980937518675
403	0.03309444059666555	-0.03217515058009146	-0.36153169197266416	95.04308216153072	51.79980937518675
404	0.32267079581748864	-0.17503281915569768	0.43641204241360415	95.04308216153072	51.79980937518675
405	0.10755693193916283	0.1544407227844391	-0.3205815003252749	95.04308216153072	51.79980937518675
406	-0.10755693193916283	0.16344976494686458	-0.27670629498878646	95.04308216153072	51.79980937518675
407	-0.261997654723602	-0.06048928309057189	0.22581105679845986	95.04308216153072	51.79980937518675
408	-0.019305090348054832	-0.2187910239446219	0.2170360157311625	95.04308216153072	51.79980937518675
409	0.12686202228721777	0.14414467459880975	-0.3632867001861234	95.04308216153072	51.79980937518675
410	-0.13513563243638405	0.29343737329043407	0.08424039424605756	95.04308216153072	51.79980937518675
411	-0.04964166089499833	-0.12226557220434753	-0.08190038329477839	95.04308216153072	51.79980937518675
412	-0.31163931561860014	-0.10810850594910737	0.0976954572159141	95.04308216153072	51.79980937518675
413	0.39713328715998597	0.03474916262649885	0.19188089800490932	95.04308216153072	51.79980937518675
414	-0.11307267203860705	-0.039897186719313416	0.13338062422292452	95.04308216153072	51.79980937518675
415	0.06343101114360883	0.03732317467290602	0.13162561600946487	95.04308216153072	51.79980937518675
416	0.14892498268499477	-0.16602377699327187	-0.18895588431580967	95.04308216153072	51.79980937518675
417	-0.2344189542263806	0.35907468047382074	0.11056551744795051	95.04308216153072	51.79980937518675
418	-0.016547220298332666	-0.23809611429267685	-0.060255281995444054	95.04308216153072	51.79980937518675
419	-0.11307267203860727	0.025740120464073035	0.18135084872415208	95.04308216153072	51.79980937518675
420	1.5830174085404995	1.419567643593635	2.1364299985180724	95.04308216153072	51.79980937518675
421	-0.3640388465633206	-0.6409289995554219	-1.2443008233428092	95.04308216153072	51.79980937518675
422	0.32818653591693286	-0.32175150580091466	0.11524553935050919	95.04308216153072	51.79980937518675
423	-0.26475552477332387	0.2548271925943244	-0.40423689183351263	95.04308216153072	51.79980937518675
424	-0.09652545174027438	-0.2908633612440267	-0.14976070088188043	95.04308216153072	51.79980937518675
425	-0.26475552477332387	-0.02831413251048054	0.21703601573116238	95.04308216153072	51.79980937518675
426	0.08549397154138563	0.1827548552949195	-0.13923065160112325	95.04308216153072	51.79980937518675
427	-0.37507032676220875	-0.28957635522082303	-0.06610530937364212	95.04308216153072	51.79980937518675
428	-0.05791527104416461	-0.018018084324851358	0.012870060232036407	95.04308216153072	51.79980937518675
429	0.5184795693477593	-0.1248395842507547	-0.23400109512793787	95.04308216153072	51.79980937518675
430	-0.12961989233693974	0.3204644997777109	0.06669031211146259	95.04308216153072	51.79980937518675
431	-0.016547220298332825	-0.2625492287335464	-0.03510016426919105	95.04308216153072	51.79980937518675
432	0.2344189542263805	-0.10167347583308883	0.18661587336453067	95.04308216153072	51.79980937518675
433	-0.04964166089499819	0.18404186131812295	0.02632512320189262	95.04308216153072	51.79980937518675
434	-0.08273610149166359	0.16602377699327203	0.026325123201893286	95.04308216153072	51.79980937518675
435	-0.2757870049722126	-0.2380961142926769	0.0450452108121282	95.04308216153072	51.79980937518675
436	0.5157216992980376	0.027027126487276898	-0.48496726965265124	95.04308216153072	51.79980937518675
437	-0.14065137253582852	-0.10167347583308894	0.06376529842236334	95.04308216153072	51.79980937518675
438	0.027578700497221303	0.22780006610704745	0.29425637712338126	95.04308216153072	51.79980937518675
439	-0.38610180696109747	0.012870060232036629	-0.30361642092849905	95.04308216153072	51.79980937518675
440	0.15168285273471693	0.08108137946183053	0.023985112250613616	95.04308216153072	51.79980937518675
441	-0.32267079581748875	-0.19819892757336333	-0.06142528747108367	95.04308216153072	51.79980937518675
442	0.15168285273471696	0.04761922285853509	-0.07020032853838121	95.04308216153072	51.79980937518675
443	0.36403884656332053	0.20334695166617828	-0.1070555010210319	95.04308216153072	51.79980937518675
444	-0.016547220298332832	0.034749162626498686	-0.03568516700701041	95.04308216153072	51.79980937518675
445	-0.17374581313249385	-0.09781245776347797	0.4135969356386304	95.04308216153072	51.79980937518675
446	0.03861018069610975	-0.23423509622306593	-0.20299595002348636	95.04308216153072	51.79980937518675
447	-0.43850133790581797	0.0012870060232036407	-0.12051056399088822	95.04308216153072	51.79980937518675
448	-0.157198592834161	-0.0424711987657207	0.011115052018577432	95.04308216153072	51.79980937518675
449	0.23441895422638048	0.09266443367066346	0.11349053113704966	95.04308216153072	51.79980937518675
450	0.2564819146241577	0.6229109152305706	0.4124269301629908	95.04308216153072	51.79980937518675
451	-0.20132451362971515	-0.40798090935555975	-0.3194114948496356	95.04308216153072	51.79980937518675
452	0.038610180696109775	-0.04247119876572075	0.08424039424605789	95.04308216153072	51.79980937518675
453	0.32267079581748875	-0.006435030116018203	-0.1246055831556272	95.04308216153072	51.79980937518675
454	-0.40816476735887464	0.13770964448279155	-0.1550257255222588	95.04308216153072	51.79980937518675
455	0.18201942328166024	-0.18661587336453056	-0.08131538055695853	95.04308216153072	51.79980937518675
456	0.21787173392804798	0.10553449390270003	-0.06259529294672295	95.04308216153072	51.79980937518675
457	-0.4633221683533169	0.2303740781534549	0.24160613071959547	95.04308216153072	51.79980937518675
458	0.19580877353027076	-0.10296048185629285	-0.15268571457097935	95.04308216153072	51.79980937518675
459	-0.022062960397776915	0.1531537167612354	-0.07429534770312018	95.04308216153072	51.79980937518675
460	0.24545043442526898	-0.08108137946183051	0.08658040519733678	95.04308216153072	51.79980937518675
461	-0.21511386387832565	-0.1415706625524023	-0.2609112210676504	95.04308216153072	51.79980937518675
462	0.21787173392804768	-0.18404186131812306	0.4375820478892436	95.04308216153072	51.79980937518675
463	0.23441895422638082	0.26898425884956434	-0.23166108417665854	95.04308216153072	51.79980937518675
464	-0.2068402537291595	-0.13899665050599486	0.07897536960567908	95.04308216153072	51.79980937518675
465	0.3585231064638762	-0.06563730718338667	-0.18427586241325078	95.04308216153072	51.79980937518675
466	-0.28681848517110076	-0.24581815043189875	-0.0017550082134596412	95.04308216153072	51.79980937518675
467	0.03309444059666537	0.08108137946183047	0.08775041067297651	95.04308216153072	51.79980937518675
468	-0.154440722784439	0.09137742764745982	-0.15678073373571844	95.04308216153072	51.79980937518675
469	-0.17374581313249385	-0.018018084324851302	0.035685167007010965	95.04308216153072	51.79980937518675
470	0.3585231064638762	0.13899665050599513	0.023985112250613283	95.04308216153072	51.79980937518675
471	-0.2757870049722123	-0.16988479506288284	-0.15502572552225857	95.04308216153072	51.79980937518675
472	0.07997823144194154	0.0077220361392217884	0.16789578575429542	95.04308216153072	51.79980937518675
473	-0.008273610149166413	-0.05920227706736819	0.0748803504409401	95.04308216153072	51.79980937518675
474	0.4302277277566516	-0.1763198251789012	-0.10530049280757225	95.04308216153072	51.79980937518675
475	-0.2923342252705454	0.6061798369289231	0.30829644283105806	95.04308216153072	51.79980937518675
476	0.09100971164083028	0.14285766857560617	-0.2819713196291649	95.04308216153072	51.79980937518675
477	0.22062960397777004	0.015444072278443848	0.16614077754083567	95.04308216153072	51.79980937518675
478	0.5046902190991487	-0.07593335536901591	0.1433256707658621	95.04308216153072	51.79980937518675
479	-0.11858841213805127	0.11454353606512564	-0.08599540245951742	95.04308216153072	51.79980937518675
480	1.3320512340157862	1.4208546496168384	1.3765114420900946	95.04308216153072	51.79980937518675
481	-0.5322689195963703	-0.907339246358579	-0.48145725322573196	95.04308216153072	51.79980937518675
482	0.022062960397776887	-0.04761922285853537	-0.05323524914160571	95.04308216153072	51.79980937518675
483	-0.37507032676220864	-0.2535401865711205	-0.3784967713694398	95.04308216153072	51.79980937518675
484	-0.40540689730915247	-0.11196952401871821	-0.2889913524830032	95.04308216153072	51.79980937518675
485	-0.22062960397776998	-0.002574012046407448	-0.0976954572159141	95.04308216153072	51.79980937518675
486	0.21235599382860393	0.13513563243638413	-0.14332567076586156	95.04308216153072	51.79980937518675
487	0.2592397846738794	-0.010296048185629236	0.2117709910907838	95.04308216153072	51.79980937518675
488	-0.17098794308277177	0.05276724695134999	-0.23283108965229826	95.04308216153072	51.79980937518675
489	0.1627143329336057	0.03088814455688771	-0.036855172482650134	95.04308216153072	51.79980937518675
490	0.6039735408891451	0.16988479506288312	0.019305090348054832	95.04308216153072	51.79980937518675
491	-0.5791527104416463	-0.22265204201423316	-0.03919518343392958	95.04308216153072	51.79980937518675
492	-0.3861018069610974	-0.33976959012576563	-0.03393015879355088	95.04308216153072	51.79980937518675
493	-0.08825184159110822	0.14285766857560617	0.007020032853837788	95.04308216153072	51.79980937518675
494	0.17650368318221588	0.14543168062201334	0.08541039972169762	95.04308216153072	51.79980937518675
495	-0.2978499653699892	0.20720796973578898	-0.0976954572159141	95.04308216153072	51.79980937518675
496	0.31163931561860003	-0.4993583370030195	-0.06610530937364267	95.04308216153072	51.79980937518675
497	-0.1902930334308267	0.024453114440869485	-0.2123559938286036	95.04308216153072	51.79980937518675
498	-0.3916175470605415	0.5366815116759255	0.21996102942026174	95.04308216153072	51.79980937518675
499	0.0717046212927751	-0.33462156603295107	-0.2129409965664234	95.04308216153072	51.79980937518675
500	0.11858841213805155	0.032175150580091516	0.19305090348054865	95.04308216153072	51.79980937518675
501	0.0027578700497220554	-0.38996282503070845	-0.10062047090501336	95.04308216153072	51.79980937518675
502	0.4495328181047062	0.061776289113775654	0.0017550082134595302	95.04308216153072	51.79980937518675
503	-0.019305090348054832	0.016731078301647426	-0.09594044900245446	95.04308216153072	51.79980937518675
504	-0.25096617452471315	-0.006435030116018196	-0.07897536960567908	95.04308216153072	51.79980937518675
505	0.5239953094472034	-0.07335934332260846	-0.007605035591657927	95.04308216153072	51.79980937518675
506	-0.1434092425855502	0.1853288673413267	0.003510016426918894	95.04308216153072	51.79980937518675
507	-0.554331879994147	-0.08751640957784873	0.34924663447844734	95.04308216153072	51.79980937518675
508	0.2316610841766582	-0.2509661745247133	-0.024570114988433644	95.04308216153072	51.79980937518675
509	0.09928332178999644	0.07593335536901588	-0.18661587336453023	95.04308216153072	51.79980937518675
510	0.1627143329336056	0.7207233729940484	0.4703422012071552	95.04308216153072	51.79980937518675
511	-0.4247119876572072	-0.5186634273510741	-0.38727181243673714	95.04308216153072	51.79980937518675
512	0.24820830447499131	-0.20849497575899287	0.2474561580977942	95.04308216153072	51.79980937518675
513	0.23441895422638048	-0.18404186131812308	-0.005265024640378813	95.04308216153072	51.79980937518675
514	-0.46608003840303924	0.18146784927171594	-0.14742068993060065	95.04308216153072	51.79980937518675
515	-0.42746985770692925	0.08108137946183051	0.11817055303960877	95.04308216153072	51.79980937518675
516	0.35576523641415414	-0.0643503011601831	-0.22639605953628028	95.04308216153072	51.79980937518675
517	-0.1406513725358285	0.07979437343862694	0.08073037781913861	95.04308216153072	51.79980937518675
518	-0.2895763552208231	-0.12741359629716234	-0.26617624570802917	95.04308216153072	51.79980937518675
519	-0.002757870049722045	-0.025740120464073035	0.021060098561514473	95.04308216153072	51.79980937518675
520	-0.16547220298332743	-0.1389966505059952	-0.04563021354994784	95.04308216153072	51.79980937518675
521	0.45229068815442847	0.132561620389977	-0.028665134153172345	95.04308216153072	51.79980937518675
522	-0.24269256437554693	-0.009009042162425651	-0.3662117138752228	95.04308216153072	51.79980937518675
523	-0.09376758169055233	0.09137742764745974	0.29191636617210226	95.04308216153072	51.79980937518675
524	-0.07170462129277512	0.3436306081953767	-0.2942563771233817	95.04308216153072	51.79980937518675
525	0.14340924258555024	-0.2728452769191754	0.42237197670592774	95.04308216153072	51.79980937518675
526	-0.09652545174027435	0.05276724695134973	-0.33579157150859074	95.04308216153072	51.79980937518675
527	-0.06618888119333076	-0.34234360217217286	0.2111859883529639	95.04308216153072	51.79980937518675
528	0.04412592079555383	0.34234360217217286	-0.2457011498843349	95.04308216153072	51.79980937518675
529	0.7584142636735843	0.07979437343862694	0.09009042162425616	95.04308216153072	51.79980937518675
530	-0.18477729333138226	-0.09137742764745975	0.06669031211146226	95.04308216153072	51.79980937518675
531	-0.5653633601930357	-0.14929269869162437	0.035685167007010715	95.04308216153072	51.79980937518675
532	0.04136805074583179	-0.03474916262649874	0.0900904216242559	95.04308216153072	51.79980937518675
533	0.15168285273471693	-0.10038646980988536	-0.036855172482650134	95.04308216153072	51.79980937518675
534	-0.08273610149166385	0.1647367709700682	0.2696862621349483	95.04308216153072	51.79980937518675
535	0.3861018069610974	0.0012870060232038627	-0.03510016426919049	95.04308216153072	51.79980937518675
536	-0.1627143329336051	0.10167347583308899	-0.271441270348408	95.04308216153072	51.79980937518675
537	-0.38610180696109747	-0.25611419861752793	0.2609112210676507	95.04308216153072	51.79980937518675
538	0.5046902190991487	0.06048928309057178	-0.1257755886312666	95.04308216153072	51.79980937518675
539	0.0110314801988885	0.1827548552949195	-0.3164864811605359	95.04308216153072	51.79980937518675
540	0.5212374393974816	0.4491651020980767	0.5089523819032648	95.04308216153072	51.79980937518675
541	-0.33370227601637725	-0.5868747465808682	-0.1439106735036817	95.04308216153072	51.79980937518675
542	-0.31439718566832203	0.18018084324851233	0.30771144009323825	95.04308216153072	51.79980937518675
543	0.49090086885053824	-0.2767062949887867	-0.39078182886365637	95.04308216153072	51.79980937518675
544	-0.5901841906405346	-0.05148024092814618	0.11700054756396899	95.04308216153072	51.79980937518675
545	0.06343101114360869	0.09781245776347797	-0.055575260092885215	95.04308216153072	51.79980937518675
546	-0.17926155323193793	-0.04375820478892439	-0.09945046542937369	95.04308216153072	51.79980937518675
547	-0.31715505571804437	0.04375820478892439	0.06318029568454336	95.04308216153072	51.79980937518675
548	0.45229068815442847	-0.101673475833089	0.030420142366631986	95.04308216153072	51.79980937518675
549	-0.35576523641415414	-0.08880341560105232	-0.0661053093736424	95.04308216153072	51.79980937518675
550	-0.1047990618894408	-0.021879102394462335	0.11700054756396866	95.04308216153072	51.79980937518675
551	0.09100971164083	-0.019305090348054832	-0.034515161531370686	95.04308216153072	51.79980937518675
552	-0.19580877353027076	-0.07979437343862683	-0.0397801861717495	95.04308216153072	51.79980937518675
553	0.2261453440772141	0.18661587336453045	0.10003546816719355	95.04308216153072	51.79980937518675
554	0.41919624755776314	-0.10167347583308906	-0.14508067897932148	95.04308216153072	51.79980937518675
555	0.5736369703422017	0.17117180108608676	0.4007268754065934	95.04308216153072	51.79980937518675
556	-0.8273610149166372	-0.07464634934581232	-0.21586601025552243	95.04308216153072	51.79980937518675
557	0.05239953094472025	-0.06563730718338667	-0.10647049828321176	95.04308216153072	51.79980937518675
558	-0.05515740099444257	0.0450452108121282	-0.06201029020890364	95.04308216153072	51.79980937518675
559	0.1268620222872177	-0.15830174085404997	0.010530049280757181	95.04308216153072	51.79980937518675
560	-0.12961989233693977	0.15701473483084638	0.10822550649667134	95.04308216153072	51.79980937518675
561	-0.002757870049722045	0.15186671073803154	-0.16438576932737636	95.04308216153072	51.79980937518675
562	-0.15719859283416132	-0.4195639635643926	-0.07488035044094005	95.04308216153072	51.79980937518675
563	0.23717682427610287	0.003861018069611033	0.13455062969856424	95.04308216153072	51.79980937518675
564	-0.07170462129277513	0.23809611429267663	-0.0023400109512794476	95.04308216153072	51.79980937518675
565	-0.19580877353027107	0.16473677097006822	0.06259529294672328	95.04308216153072	51.79980937518675
566	-0.2068402537291592	0.13256162038997696	-0.0011700054756397238	95.04308216153072	51.79980937518675
567	0.05239953094472022	-0.568856662256017	-0.11758555030178858	95.04308216153072	51.79980937518675
568	-0.33646014606609914	0.2303740781534549	-0.1567807337357184	95.04308216153072	51.79980937518675
569	0.3640388465633204	0.06048928309057183	0.07078533127620126	95.04308216153072	51.79980937518675
570	0.22890321412693646	0.43372102981963284	0.39253683707711545	95.04308216153072	51.79980937518675
571	-0.25923978467387976	-0.46589618039972414	-0.14742068993060065	95.04308216153072	51.79980937518675
572	0.5901841906405347	0.05276724695134977	-0.16438576932737642	95.04308216153072	51.79980937518675
573	-0.04412592079555383	0.312742463638489	0.1316256160094652	95.04308216153072	51.79980937518675
574	-0.27854487502193465	-0.33590857205615465	-0.12753059684472617	95.04308216153072	51.79980937518675
575	-0.3199129257677664	-0.23552210224626952	-0.021060098561514418	95.04308216153072	51.79980937518675
576	-0.04688379084527616	0.038610180696109775	-0.06610530937364245	95.04308216153072	51.79980937518675
577	0.2564819146241574	0.12355257822755106	0.1655557748030161	95.04308216153072	51.79980937518675
578	-0.005515740099444083	0.08880341560105254	-0.04680021902558751	95.04308216153072	51.79980937518675
579	-0.4605642983035949	-0.0694983252529977	0.0011700054756394462	95.04308216153072	51.79980937518675
580	0.6094892809885895	0.028314132510480483	-0.17784083229723263	95.04308216153072	51.79980937518675
581	-0.49090086885053824	-0.1840418613181231	0.0976954572159141	95.04308216153072	51.79980937518675
582	0.20132451362971515	-0.14671868664521692	0.017550082134595302	95.04308216153072	51.79980937518675
583	-0.024820830447498998	0.14414467459880964	-0.0573302683063448	95.04308216153072	51.79980937518675
584	-0.1434092425855505	-0.131274614366773	0.11758555030178885	95.04308216153072	51.79980937518675
585	0.38885967701081947	0.3809537828682827	0.010530049280757237	95.04308216153072	51.79980937518675
586	-0.11858841213805128	-0.20720796973578887	-0.23224608691447834	95.04308216153072	51.79980937518675
587	-0.22062960397777004	-0.01673107830164755	0.08833541341079632	95.04308216153072	51.79980937518675
588	0.12410415223749566	-0.007722036139221955	0.1509307063575201	95.04308216153072	51.79980937518675
589	0.2040823836794372	-0.08880341560105243	-0.1058854955453919	95.04308216153072	51.79980937518675
590	-0.1213462821877736	0.21621701189821463	0.045630213549947785	95.04308216153072	51.79980937518675
591	-0.019305090348054887	-0.03474916262649874	-0.03978018617174944	95.04308216153072	51.79980937518675
592	-0.2785448750219346	-0.09395143969386721	0.04738522176340737	95.04308216153072	51.79980937518675
593	0.4191962475577631	0.08236838548503411	0.030420142366631986	95.04308216153072	51.79980937518675
594	-0.11858841213805127	0.007722036139222066	-0.13104061327164507	95.04308216153072	51.79980937518675
595	0.34473375621526536	0.24710515645510234	0.20182594454784636	95.04308216153072	51.79980937518675
596	-0.4164383775080408	-0.07335934332260846	-0.2843113305804446	95.04308216153072	51.79980937518675
597	-0.3861018069610974	-0.25482719259432435	0.1491756981440605	95.04308216153072	51.79980937518675
598	-0.011031480198888444	0.10167347583308894	0.031005145104451792	95.04308216153072	51.79980937518675
599	0.052399530944720385	0.16988479506288284	-0.01345506296985649	95.04308216153072	51.79980937518675
600	0.47986938865164963	0.22522605406064028	0.6236129185159542	95.04308216153072	51.79980937518675
601	0.005515740099444388	-0.44401707800526213	-0.31239146199579715	95.04308216153072	51.79980937518675
602	0.23166108417665848	-0.17374581313249382	0.4141819383764501	95.04308216153072	51.79980937518675
603	0.1406513725358282	0.365509710589839	-0.40657690278479197	95.04308216153072	51.79980937518675
604	-0.29233422527054514	-0.1776068312021049	-0.11700054756396894	95.04308216153072	51.79980937518675
605	0.7032568626791418	0.20720796973578903	0.07546535317875991	95.04308216153072	51.79980937518675
606	-0.8328767550160816	-0.21750401792141827	0.27319627856186757	95.04308216153072	51.79980937518675
607	-0.1627143329336054	0.0862294035546452	-0.17959584051069255	95.04308216153072	51.79980937518675
608	0.6315522413863665	-0.11196952401871835	-0.15912074468699755	95.04308216153072	51.79980937518675
609	-0.4302277277566513	-0.07979437343862683	0.24745615809779442	95.04308216153072	51.79980937518675
610	0.7308355631763629	0.20077293961977055	-0.08599540245951742	95.04308216153072	51.79980937518675
611	-0.7363513032758072	-0.2110689878053999	0.07546535317875991	95.04308216153072	51.79980937518675
612	0.15168285273471693	0.2676972528263609	0.14566568171714167	95.04308216153072	51.79980937518675
613	-0.4247119876572072	0.2471051564551023	0.0427051998608482	95.04308216153072	51.79980937518675
614	0.34749162626498775	-0.25482719259432407	-0.24511614714651475	95.04308216153072	51.79980937518675
615	0.049641660894998205	0.027027126487276676	0.07663535865439963	95.04308216153072	51.79980937518675
616	-0.03861018069610975	-0.2020599456429743	-0.18603087062671042	95.04308216153072	51.79980937518675
617	0.25096617452471337	0.1184045541347366	-0.10881050923449109	95.04308216153072	51.79980937518675
618	-0.22062960397777	-0.17374581313249393	0.08658040519733701	95.04308216153072	51.79980937518675
619	-0.03309444059666538	0.038610180696109775	-0.12577558863126664	95.04308216153072	51.79980937518675
620	0.22338747402749207	0.2303740781534549	0.1421556652902221	95.04308216153072	51.79980937518675
621	-0.5681212302427577	-0.23294809019986218	0.04095019164738922	95.04308216153072	51.79980937518675
622	0.7666878738227505	0.020592096371258473	0.16146075563827733	95.04308216153072	51.79980937518675
623	-0.6260365012869223	0.14671868664521703	-0.19656091990746793	95.04308216153072	51.79980937518675
624	0.4274698577069296	-0.12998760834356948	-0.14098565981458266	95.04308216153072	51.79980937518675
625	-0.06894675124305308	-0.06692431320659031	0.04855522723904704	95.04308216153072	51.79980937518675
626	-0.19580877353027107	0.09137742764745982	0.015795073921135994	95.04308216153072	51.79980937518675
627	0.12410415223749566	0.11969156015794025	-0.18954088705362981	95.04308216153072	51.79980937518675
628	-0.0854939715413859	-0.2792803070351939	0.02047509582369461	95.04308216153072	51.79980937518675
629	-0.27302913492249026	-0.06048928309057189	0.102375479118473	95.04308216153072	51.79980937518675
630	0.3226707958174885	0.6113278610217376	0.09594044900245452	95.04308216153072	51.79980937518675
631	-0.2808431000633695	-0.40798090935555953	-0.1339656269607447	95.04308216153072	51.79980937518675
632	0.0772203613922195	0.020592096371258473	0.1287006023203659	95.04308216153072	51.79980937518675
633	-0.13835314749439337	0.14543168062201334	0.1035454845941125	95.04308216153072	51.79980937518675
634	0.006435030116018203	-0.07979437343862666	-0.11700054756396872	95.04308216153072	51.79980937518675
635	0.23809611429267696	0.12741359629716204	0.0011700054756393907	95.04308216153072	51.79980937518675
636	0.1190480571463382	-0.09137742764745976	-0.13572063517420396	95.04308216153072	51.79980937518675
637	-0.25096617452471337	-0.3346215660329511	0.0737103449653006	95.04308216153072	51.79980937518675
638	-0.09652545174027433	0.05276724695134993	-0.026325123201892897	95.04308216153072	51.79980937518675
639	0.009652545174027416	0.07979437343862683	-0.12343557767998747	95.04308216153072	51.79980937518675
640	0.2413136293506859	-0.005148024092814563	0.1638007665895565	95.04308216153072	51.79980937518675
641	-0.20592096371258511	0.1184045541347366	0.0	95.04308216153072	51.79980937518675
642	-0.24131362935068595	0.03732317467290591	-0.02691012593971276	95.04308216153072	51.79980937518675
643	0.17696332819050287	-0.15315371676123524	0.029250136890992207	95.04308216153072	51.79980937518675
644	0.16087575290045744	0.14671868664521703	-0.2152810075177029	95.04308216153072	51.79980937518675
645	-0.17696332819050312	0.10553449390270003	0.17725582955941305	95.04308216153072	51.79980937518675
646	0.0772203613922195	-0.019305090348054887	-0.01696507939677544	95.04308216153072	51.79980937518675
647	0.09009042162425618	-0.25611419861752793	-0.12343557767998714	95.04308216153072	51.79980937518675
648	0.04182769575411871	0.007722036139221844	0.05850027378198447	95.04308216153072	51.79980937518675
649	-0.34105659614896927	0.0759333553690158	0.17433081587031374	95.04308216153072	51.79980937518675
650	0.11261302703032006	-0.16473677097006822	0.07546535317875991	95.04308216153072	51.79980937518675
651	-0.03539266563810051	0.17245880710929018	-0.24453114440869517	95.04308216153072	51.79980937518675
652	-0.1833983583065214	0.20849497575899267	0.35275665090536623	95.04308216153072	51.79980937518675
653	0.131918117378375	-0.1943379095037523	-0.13572063517420374	95.04308216153072	51.79980937518675
654	-0.18018084324851225	0.03088814455688771	-0.05967027925762425	95.04308216153072	51.79980937518675
655	0.131918117378375	-0.003861018069611033	0.006435030116018203	95.04308216153072	51.79980937518675
656	-0.09974296679828343	0.051480240928146404	0.2170360157311625	95.04308216153072	51.79980937518675
657	0.02803834550550821	0.12226557220434742	-0.12109556672870792	95.04308216153072	51.79980937518675
658	-0.16547220298332743	0.047619222858535426	0.10354548459411261	95.04308216153072	51.79980937518675
659	0.22338747402749215	-0.4813402526781681	-0.211770991090784	95.04308216153072	51.79980937518675
660	0.4688379084527611	0.8494239753144143	0.9822195967995194	95.04308216153072	51.79980937518675
661	-0.44953281810470613	-0.48391426472457544	-0.5861727432954845	95.04308216153072	51.79980937518675
662	0.1296198923369397	-0.051480240928146404	0.12226557220434764	95.04308216153072	51.79980937518675
663	-0.2619976547236018	0.029601138533684346	-0.35334165364318626	95.04308216153072	51.79980937518675
664	0.11858841213805127	0.7837866681310277	-0.15093070635751982	95.04308216153072	51.79980937518675
665	-0.14340924258555043	-0.2882893491976195	-0.07078533127620135	95.04308216153072	51.79980937518675
666	0.1765036831822161	-0.011583054208832813	0.006435030116018481	95.04308216153072	51.79980937518675
667	0.07997823144194155	-0.09909946378668182	-0.07897536960567908	95.04308216153072	51.79980937518675
668	-0.05791527104416466	-0.10939551197231077	-0.0005850027378198619	95.04308216153072	51.79980937518675
669	0.12961989233693977	-0.12612659027395848	0.02047509582369461	95.04308216153072	51.79980937518675
670	0.2950920953202675	0.09137742764745949	-0.11232052566141032	95.04308216153072	51.79980937518675
671	-0.23441895422638054	-0.03217515058009124	0.05265024640378613	95.04308216153072	51.79980937518675
672	-0.1213462821877736	-0.1956249155269562	0.08541039972169728	95.04308216153072	51.79980937518675
673	-0.5405425297455364	-0.027486771495563833	0.25506119368945235	95.04308216153072	51.79980937518675
674	0.024820830447499165	-0.1539810777761519	-0.040365188909569305	95.04308216153072	51.79980937518675
675	0.6232786312372001	0.38352779491469013	-0.19656091990746788	95.04308216153072	51.79980937518675
676	-0.40816476735887436	-0.10296048185629258	0.10413048733193225	95.04308216153072	51.79980937518675
677	-0.030336570546943498	-0.24067012633908413	-0.32058150032527466	95.04308216153072	51.79980937518675
678	0.31715505571804453	-0.03603616864970238	0.29074636069646254	95.04308216153072	51.79980937518675
679	-0.3695545866627648	0.44144306595885474	-0.023985112250613505	95.04308216153072	51.79980937518675
680	0.3392180161158212	-0.07593335536901588	0.028080131415352594	95.04308216153072	51.79980937518675
681	-0.3530073663644318	-0.21364299985180718	-0.1953909144318282	95.04308216153072	51.79980937518675
682	-0.06894675124305327	-0.2471051564551025	-0.007605035591657927	95.04308216153072	51.79980937518675
683	0.21787173392804804	-0.08108137946183036	-0.13104061327164507	95.04308216153072	51.79980937518675
684	0.31991292576776625	0.21750401792141827	-0.0473852217634074	95.04308216153072	51.79980937518675
685	-0.055157400994442274	0.030888144556887598	0.24219113345741541	95.04308216153072	51.79980937518675
686	-0.10755693193916283	-0.15315371676123524	0.17316081039467407	95.04308216153072	51.79980937518675
687	-0.20132451362971526	-0.20463395768938153	-0.3357915715085908	95.04308216153072	51.79980937518675
688	0.25923978467387987	0.09009042162425607	0.08190038329477833	95.04308216153072	51.79980937518675
689	0.038610180696109775	0.055341258997757214	-0.18427586241325106	95.04308216153072	51.79980937518675
690	-0.033094440596665664	0.33976959012576585	0.49666732440904793	95.04308216153072	51.79980937518675
691	-0.030336570546943387	-0.3346215660329512	-0.029250136890992207	95.04308216153072	51.79980937518675
692	0.1323777623866621	-0.142857668575606	-0.03159014784227143	95.04308216153072	51.79980937518675
693	-0.08273610149166383	0.14671868664521703	-0.0947704435268148	95.04308216153072	51.79980937518675
694	-0.05791527104416466	0.027027126487276787	-0.09009042162425612	95.04308216153072	51.79980937518675
695	0.03033657054694333	-0.021879102394462224	0.11466053661268949	95.04308216153072	51.79980937518675
696	0.3226707958174888	0.03474916262649874	-0.03978018617174944	95.04308216153072	51.79980937518675
697	-0.4467749480549843	-0.11068251799551465	0.1357206351742039	95.04308216153072	51.79980937518675
698	-0.17098794308277177	0.009009042162425707	-0.07722036139221944	95.04308216153072	51.79980937518675
699	0.066188881193331	-0.011583054208832988	0.2644212374945696	95.04308216153072	51.79980937518675
700	0.1544407227844392	-0.09652545174027438	0.012285057494217155	95.04308216153072	51.79980937518675
701	-0.04964166089499844	0.0012870060232037517	-0.2457011498843349	95.04308216153072	51.79980937518675
702	-0.08549397154138583	0.10553449390269987	-0.19831592812092752	95.04308216153072	51.79980937518675
703	0.18477729333138238	0.038610180696109775	0.014040065707676408	95.04308216153072	51.79980937518675
704	0.03309444059666544	-0.13513563243638416	0.15619573099789852	95.04308216153072	51.79980937518675
705	-0.052399530944720274	0.09909946378668166	-0.02866513415317229	95.04308216153072	51.79980937518675
706	-0.08549397154138594	-0.027027126487276787	-0.13572063517420402	95.04308216153072	51.79980937518675
707	-0.0799782314419416	0.07979437343862683	-0.026910125939712815	95.04308216153072	51.79980937518675
708	-0.2206296039777701	-0.0025740120464072813	0.304786426404139	95.04308216153072	51.79980937518675
709	0.11583054208832932	0.20463395768938175	-0.20182594454784641	95.04308216153072	51.79980937518675
710	0.28957635522082315	-0.037323174672906134	0.23400109512793765	95.04308216153072	51.79980937518675
711	0.6508573317344214	-0.2187910239446219	-0.17491581860813332	95.04308216153072	51.79980937518675
712	-0.3254286658672108	0.15315371676123524	-0.08073037781913867	95.04308216153072	51.79980937518675
713	-0.21511386387832562	-0.07979437343862683	0.05206524366596632	95.04308216153072	51.79980937518675
714	0.27302913492249026	0.005148024092814674	0.016380076658955522	95.04308216153072	51.79980937518675
715	0.31163931561860025	0.0694983252529976	0.2123559938286036	95.04308216153072	51.79980937518675
716	-0.4467749480549844	0.35392665638100584	0.06610530937364267	95.04308216153072	51.79980937518675
717	0.04412592079555411	0.050193234904942874	-0.22990607596319912	95.04308216153072	51.79980937518675
718	-0.0689467512430531	0.19819892757336333	0.015210071183315854	95.04308216153072	51.79980937518675
719	0.07722036139221952	-0.08108137946183054	-0.5323524914160584	95.04308216153072	51.79980937518675
720	1.1886419914302357	0.7837866681310279	1.5087220608373793	95.04308216153072	51.79980937518675
721	-0.27854487502193437	-0.3783797708218756	-0.3615316919726639	95.04308216153072	51.79980937518675
722	0.5377846596958138	-0.4041198912859488	-0.17842583503505272	95.04308216153072	51.79980937518675
723	-0.9459494270546884	-0.07078533127620101	0.29425637712338193	95.04308216153072	51.79980937518675
724	-0.12961989233694005	-0.17760683120210485	-0.34339660710024866	95.04308216153072	51.79980937518675
725	0.07997823144194183	0.24324413838549128	-0.102375479118473	95.04308216153072	51.79980937518675
726	-0.16547220298332746	-0.26641024680315717	-0.22464105132282042	95.04308216153072	51.79980937518675
727	0.24269256437554695	-0.15186671073803154	0.14040065707676253	95.04308216153072	51.79980937518675
728	-0.11583054208832924	0.052767246951350044	-0.10179047638065253	95.04308216153072	51.79980937518675
729	-0.23717682427610284	-0.015444072278444132	0.0602552819954435	95.04308216153072	51.79980937518675
730	0.7556563936238624	0.3706577346826536	0.1948059116940083	95.04308216153072	51.79980937518675
731	-0.6425837215852551	-0.2483921624783059	-0.2258110567984598	95.04308216153072	51.79980937518675
732	0.005515740099444097	-0.07335934332260846	-0.029250136890991985	95.04308216153072	51.79980937518675
733	0.31439718566832237	0.04118419274251689	0.08950541888643604	95.04308216153072	51.79980937518675
734	0.34197588616554364	-0.11196952401871824	0.05557526009288516	95.04308216153072	51.79980937518675
735	-0.6894675124305314	0.1196915601579403	0.4030668863578728	95.04308216153072	51.79980937518675
736	0.1406513725358285	-0.12483958425075486	-0.5949477843627818	95.04308216153072	51.79980937518675
737	-0.14892498268499488	-0.007722036139222066	-0.09360043805117502	95.04308216153072	51.79980937518675
738	-0.35576523641415414	0.023166108417665865	0.256816201902912	95.04308216153072	51.79980937518675
739	-0.033094440596665387	0.32175150580091466	0.06435030116018248	95.04308216153072	51.79980937518675
740	0.03033657054694333	0.27799330101199005	0.5188974284462022	95.04308216153072	51.79980937518675
741	0.1958087735302708	-0.28700234317441564	-0.3047864264041391	95.04308216153072	51.79980937518675
742	-0.047803080861850006	-0.2767062949887866	-0.14449567624150128	95.04308216153072	51.79980937518675
743	-0.20867883376230745	0.012870060232036629	-0.08190038329477833	95.04308216153072	51.79980937518675
744	0.18477729333138232	0.029601138533684068	0.10413048733193198	95.04308216153072	51.79980937518675
745	-0.24269256437554693	0.1261265902739585	0.004680021902558895	95.04308216153072	51.79980937518675
746	0.17098794308277154	-0.20978198178219615	-0.5019323490494267	95.04308216153072	51.79980937518675
747	-0.2564819146241575	-0.19305090348054876	-0.0011700054756394462	95.04308216153072	51.79980937518675
748	-0.10755693193916294	0.03732317467290602	0.004095019164738756	95.04308216153072	51.79980937518675
749	0.421954117607485	0.5122283972350561	0.5885127542467641	95.04308216153072	51.79980937518675
750	0.1847772933313826	2.86744941969775	2.2352954612096263	95.04308216153072	51.79980937518675
751	-0.04412592079555411	-1.863584721598897	-1.4227266583778622	95.04308216153072	51.79980937518675
752	0.11583054208832924	0.37966677684507943	-0.20124094181002672	95.04308216153072	51.79980937518675
753	-0.19580877353027076	-0.19176389745734512	0.23692610881703713	95.04308216153072	51.79980937518675
754	0.049641660894998205	-0.0630632951369795	-0.023985112250613616	95.04308216153072	51.79980937518675
755	0.35576523641415414	-0.19176389745734512	-0.13572063517420396	95.04308216153072	51.79980937518675
756	-0.5763948403919241	-0.038610180696109775	-0.05382025187942574	95.04308216153072	51.79980937518675
757	-0.22890321412693637	-0.08494239753144128	0.09126042709989557	95.04308216153072	51.79980937518675
758	0.15995646288388332	0.46847019244613153	-0.1831058569376116	95.04308216153072	51.79980937518675
759	-0.008273610149166444	-0.2676972528263609	0.15385572004661974	95.04308216153072	51.79980937518675
760	0.2702712648727682	-0.14671868664521692	-0.18427586241325145	95.04308216153072	51.79980937518675
761	-0.22062960397777	-0.23680910826947316	-0.11056551744795051	95.04308216153072	51.79980937518675
762	0.308881445568878	-0.07593335536901563	-0.18135084872415197	95.04308216153072	51.79980937518675
763	-0.12961989233693974	0.101673475833089	-0.02340010951279381	95.04308216153072	51.79980937518675
764	-0.02206296039777722	0.03088814455688771	-0.056745265568524994	95.04308216153072	51.79980937518675
765	0.3392180161158216	-0.11325653004192182	0.5762276967525468	95.04308216153072	51.79980937518675
766	-0.2923342252705454	-0.0450452108121282	-0.4323170232488647	95.04308216153072	51.79980937518675
767	-0.09652545174027435	-0.16859778903967926	-0.04914022997686729	95.04308216153072	51.79980937518675
768	-0.011031480198888471	-0.0012870060232035851	0.04095019164738911	95.04308216153072	51.79980937518675
769	-0.21235599382860357	-0.1673107830164754	0.30010640450158066	95.04308216153072	51.79980937518675
770	0.6756781621819206	0.4298600117500218	0.10530049280757181	95.04308216153072	51.79980937518675
771	-0.44677494805498413	-0.2998724034064526	-0.3270165304412933	95.04308216153072	51.79980937518675
772	-0.04964166089499819	-0.014157066255239978	-0.11934055851524827	95.04308216153072	51.79980937518675
773	-0.04688379084527616	-0.06048928309057207	-0.13338062422292452	95.04308216153072	51.79980937518675
774	0.22062960397777	-0.07593335536901591	0.22581105679846036	95.04308216153072	51.79980937518675
775	-0.11858841213805155	0.06563730718338667	0.16029075016263694	95.04308216153072	51.79980937518675
776	0.04964166089499847	0.0077220361392217884	-0.08190038329477778	95.04308216153072	51.79980937518675
777	0.09928332178999641	-0.010296048185629233	0.17023579670557476	95.04308216153072	51.79980937518675
778	0.22062960397777	0.05019323490494283	-0.08365539150823809	95.04308216153072	51.79980937518675
779	-0.3281865359169328	0.17245880710928999	-0.379666776845079	95.04308216153072	51.79980937518675
780	1.0148961782977417	0.23552210224626954	1.3039711026004337	95.04308216153072	51.79980937518675
781	-0.3199129257677662	-0.4491651020980767	-0.5229924476109413	95.04308216153072	51.79980937518675
782	-0.15719859283416127	-0.07850736741542308	-0.06961532580056118	95.04308216153072	51.79980937518675
783	0.8383924951155259	0.056628265020961036	-0.3790817741072592	95.04308216153072	51.79980937518675
784	-0.17098794308277188	0.2445311444086949	-0.055575260092885825	95.04308216153072	51.79980937518675
785	0.08549397154138627	-0.3397695901257657	0.08833541341079698	95.04308216153072	51.79980937518675
786	-0.10755693193916316	-0.003861018069611033	-0.3381315824598705	95.04308216153072	51.79980937518675
787	-0.774961483971917	-0.08751640957784872	0.12694559410690665	95.04308216153072	51.79980937518675
788	0.26475552477332387	0.8198228367807303	-0.1322106187472849	95.04308216153072	51.79980937518675
789	0.642583721585255	-0.19176389745734518	0.46215216287767724	95.04308216153072	51.79980937518675
790	-0.20684025372915937	-0.05662826502096102	-0.21060098561514407	95.04308216153072	51.79980937518675
791	-0.6012156708394232	-0.3552136624042095	-0.17550082134595346	95.04308216153072	51.79980937518675
792	-0.46332216835331697	-0.14285766857560617	-0.16614077754083612	95.04308216153072	51.79980937518675
793	-0.05791527104416461	-0.03088814455688768	-0.01579507392113566	95.04308216153072	51.79980937518675
794	0.32542866586721075	0.05148024092814614	-0.23809611429267696	95.04308216153072	51.79980937518675
795	1.4368502959052267	0.09009042162425616	0.16789578575429576	95.04308216153072	51.79980937518675
796	-0.336460146066099	-0.3526396503578023	-0.0976954572159141	95.04308216153072	51.79980937518675
797	-0.3392180161158216	0.15444072278443896	0.12460558315562653	95.04308216153072	51.79980937518675
798	0.35852310646387653	0.2303740781534549	-0.15385572004661907	95.04308216153072	51.79980937518675
799	-0.1020411918397186	-0.38095378286828285	-0.21469600477988304	95.04308216153072	51.79980937518675
800	0.8659711956127472	0.549551571907962	0.41067192194953106	95.04308216153072	51.79980937518675
801	-0.8135716646680271	-0.43114701777322567	-0.5066123709519853	95.04308216153072	51.79980937518675
802	-0.19029303343082615	-0.03474916262649874	0.018720087610235026	95.04308216153072	51.79980937518675
803	0.30060783541971126	-0.020592096371258417	-0.18135084872415175	95.04308216153072	51.79980937518675
804	0.038610180696109664	0.011583054208832821	0.27202627308622784	95.04308216153072	51.79980937518675
805	-0.4771115186019277	0.012870060232036629	0.10296048185629225	95.04308216153072	51.79980937518675
806	-0.7335934332260848	-0.10553449390269998	-0.25564619642727193	95.04308216153072	51.79980937518675
807	-0.19580877353027076	0.11711754811153283	0.2650062402323897	95.04308216153072	51.79980937518675
808	-0.15995646288388335	0.07593335536901588	-0.14625068445496126	95.04308216153072	51.79980937518675
809	0.7611721337233065	0.15572772880764257	0.11115052018577065	95.04308216153072	51.79980937518675
810	5.559866020239803	1.229090752159494	2.399681230537003	95.04308216153072	51.79980937518675
811	-1.651964159783553	-0.2123559938286037	-0.9313243586091926	95.04308216153072	51.79980937518675
812	-0.6232786312372003	-0.023166108417666198	-0.2211310348959017	95.04308216153072	51.79980937518675
813	-0.02482083044749883	0.1904768914341417	0.10003546816719378	95.04308216153072	51.79980937518675
814	-1.1527896807838478	0.05148024092814607	-0.05791527104416483	95.04308216153072	51.79980937518675
815	0.23717682427610276	0.32046449977771085	0.7546535317875995	95.04308216153072	51.79980937518675
816	-0.44953281810470624	-0.15186671073803137	-0.6587130827851451	95.04308216153072	51.79980937518675
817	-0.03033657054694361	-0.5328204936063149	0.41769195480336885	95.04308216153072	51.79980937518675
818	-0.7087726027785863	-0.011583054208832877	-0.06669031211146192	95.04308216153072	51.79980937518675
819	-0.03585231064638772	-0.09266443367066302	0.26383623475675	95.04308216153072	51.79980937518675
820	1.0011068280491313	-0.08494239753144162	0.0011700054756396128	95.04308216153072	51.79980937518675
821	-0.9762859976016318	-0.09523844571707074	-0.6119128637595574	95.04308216153072	51.79980937518675
822	1.111421630038016	-0.2303740781534549	-0.022230104037153975	95.04308216153072	51.79980937518675
823	0.10755693193916338	0.4517391141444842	-0.1848608651510708	95.04308216153072	51.79980937518675
824	-1.2410415223749562	-0.27413228294237935	-0.08658040519733734	95.04308216153072	51.79980937518675
825	0.38885967701081947	0.42085096958759627	0.40891691373607153	95.04308216153072	51.79980937518675
826	-0.34197588616554353	-0.06306329513697895	-0.23751111155485694	95.04308216153072	51.79980937518675
827	-0.43574346785609586	-0.3848148009378942	0.008775041067297984	95.04308216153072	51.79980937518675
828	0.14892498268499477	-0.20205994564297408	0.044460208074307506	95.04308216153072	51.79980937518675
829	1.2410415223749558	0.21364299985180718	0.0035100164269192824	95.04308216153072	51.79980937518675
830	-0.7032568626791413	0.2818543190816011	0.21879102394462224	95.04308216153072	51.79980937518675
831	-0.20959812377888154	0.20720796973578925	0.129870607796005	95.04308216153072	51.79980937518675
832	0.48538512875109396	0.09009042162425596	-0.2813863168913451	95.04308216153072	51.79980937518675
833	0.10479906188944099	-0.07722036139221955	-0.16263076111391683	95.04308216153072	51.79980937518675
834	-0.3337022760163775	-0.02960113853368418	0.0023400109512794476	95.04308216153072	51.79980937518675
835	0.1847772933313827	-0.0720723372994051	0.3018614127150394	95.04308216153072	51.79980937518675
836	0.27027126487276787	-0.5546995960007765	-0.5171424202327424	95.04308216153072	51.79980937518675
837	-0.5929420606902569	0.06435030116018281	-0.42178697396810794	95.04308216153072	51.79980937518675
838	0.2868184851711011	-0.20978198178219615	-0.28431133058044433	95.04308216153072	51.79980937518675
839	0.24545043442526948	0.15701473483084616	0.4949123161955884	95.04308216153072	51.79980937518675
840	-0.31163931561860014	1.5392592037515755	2.2469955159660238	95.04308216153072	51.79980937518675
841	-0.016547220298333	-0.532820493606315	-0.9693495365674827	95.04308216153072	51.79980937518675
842	-0.7170462129277522	0.2612622227103427	-0.017550082134595524	95.04308216153072	51.79980937518675
843	0.33094440596665486	0.21235599382860348	-0.23985112250613616	95.04308216153072	51.79980937518675
844	0.06067314109388655	-0.49163630086379695	-0.32760153317911334	95.04308216153072	51.79980937518675
845	0.011031480198888888	0.1454316806220135	0.37498675494252076	95.04308216153072	51.79980937518675
846	-0.281302745071657	-0.27284527691917604	-0.21996102942026186	95.04308216153072	51.79980937518675
847	0.14065137253582805	-0.3590746804738205	-0.18427586241325056	95.04308216153072	51.79980937518675
848	-0.43298559780637325	0.10553449390269998	-0.49633826036902473	95.04308216153072	51.79980937518675
849	0.26751339482304615	-0.08108137946183014	0.26303185599224754	95.04308216153072	51.79980937518675
850	-0.024820830447499498	0.045045210812127645	0.38851494325460445	95.04308216153072	51.79980937518675
851	-0.444017078005262	-0.19562491552695593	-0.3547310351455084	95.04308216153072	51.79980937518675
852	-0.2399346943258247	0.35135264433459856	-0.040328626238455456	95.04308216153072	51.79980937518675
853	0.15719859283416104	-0.34491761421858014	-0.08248538603259825	95.04308216153072	51.79980937518675
854	0.046883790845276496	0.12097856618114367	0.12577558863126703	95.04308216153072	51.79980937518675
855	-0.09376758169055233	0.04118419274251739	0.18076584598633216	95.04308216153072	51.79980937518675
856	-0.22890321412693648	-0.19047689143414148	-0.1860308706267113	95.04308216153072	51.79980937518675
857	-0.12686202228721766	0.3925368370771153	-0.06903032306274115	95.04308216153072	51.79980937518675
858	0.48538512875109363	-0.30888144556887787	-0.07254033948966065	95.04308216153072	51.79980937518675
859	0.4909008688505384	0.31016845159208206	-0.13513563243638416	95.04308216153072	51.79980937518675
860	-0.22338747402749237	-0.24581815043189903	0.09301543531335521	95.04308216153072	51.79980937518675
861	-0.12134628218777332	0.13770964448279122	-0.1199255612530683	95.04308216153072	51.79980937518675
862	-0.0358523106463875	-0.25096617452471326	0.322921511276554	95.04308216153072	51.79980937518675
863	-0.6232786312372001	-0.1608757529004572	-0.15678073373571833	95.04308216153072	51.79980937518675
864	0.1351356324363841	-0.01673107830164744	0.07371034496530027	95.04308216153072	51.79980937518675
865	0.24820830447499131	0.08365539150823798	0.27261127582404776	95.04308216153072	51.79980937518675
866	0.7032568626791416	-0.19305090348054899	-0.23575610334139707	95.04308216153072	51.79980937518675
867	0.06067314109388655	0.10682149992590362	-0.35685167007010543	95.04308216153072	51.79980937518675
868	-0.7501406535244179	-0.04375820478892445	0.08248538603259825	95.04308216153072	51.79980937518675
869	0.7804772240713616	0.005148024092814674	0.04095019164738911	95.04308216153072	51.79980937518675
870	0.9569809072535771	0.44144306595885463	0.6358979760101711	95.04308216153072	51.79980937518675
871	-0.783235094121083	-0.2908633612440267	-0.42295697944374755	95.04308216153072	51.79980937518675
872	-0.1599564628838832	-0.17117180108608643	-0.07546535317875991	95.04308216153072	51.79980937518675
873	0.19856664357999287	-0.04761922285853537	-0.30069140723940047	95.04308216153072	51.79980937518675
874	-0.10479906188944099	-0.05148024092814618	0.017550082134595302	95.04308216153072	51.79980937518675
875	0.24545043442526904	-0.15701473483084638	0.2123559938286037	95.04308216153072	51.79980937518675
876	0.13513563243638416	0.2972983913600451	0.06903032306274182	95.04308216153072	51.79980937518675
877	-0.5515740099444244	-0.10682149992590356	0.004095019164738645	95.04308216153072	51.79980937518675
878	0.7004989926294196	-0.1467186866452172	0.11173552292359079	95.04308216153072	51.79980937518675
879	-0.5460582698449807	0.05019323490494282	-0.261496223805471	95.04308216153072	51.79980937518675
880	0.5239953094472034	0.052767246951350044	-0.06435030116018248	95.04308216153072	51.79980937518675
881	-0.2426925643755471	-0.2316610841766585	0.3053714291419587	95.04308216153072	51.79980937518675
882	-0.26199765472360137	-0.11583054208832923	-0.20358095276130617	95.04308216153072	51.79980937518675
883	0.21511386387832565	0.1068214999259036	0.017550082134595302	95.04308216153072	51.79980937518675
884	0.0854939715413856	-0.06048928309057208	-0.043290202598668115	95.04308216153072	51.79980937518675
885	0.5184795693477593	0.32303851182411825	0.009360043805117346	95.04308216153072	51.79980937518675
886	-0.5295110495466475	-0.29858539738324874	0.34164159888678913	95.04308216153072	51.79980937518675
887	-0.4247119876572072	-0.0012870060232035851	-0.1714058021812146	95.04308216153072	51.79980937518675
888	-0.11858841213805182	0.03088814455688768	0.19071089252926954	95.04308216153072	51.79980937518675
889	0.7859929641708057	0.11583054208832921	-0.4902322942930297	95.04308216153072	51.79980937518675
890	-0.14892498268499477	0.016731078301647717	1.1302252894679397	95.04308216153072	51.79980937518675
891	-0.512963829248315	-0.3886758190075049	-0.3533416536431857	95.04308216153072	51.79980937518675
892	0.005515740099444111	0.14929269869162437	0.17023579670557476	95.04308216153072	51.79980937518675
893	-0.06894675124305283	0.03217515058009155	0.14859069540624015	95.04308216153072	51.79980937518675
894	0.09928332178999644	-0.14414467459880975	0.5235774503487605	95.04308216153072	51.79980937518675
895	-0.23166108417665865	0.3281865359169328	0.24804116083561478	95.04308216153072	51.79980937518675
896	0.15719859283416104	-0.1647367709700682	-0.12636059136908662	95.04308216153072	51.79980937518675
897	-0.3502494963147096	0.03346215660329513	0.7821486604651327	95.04308216153072	51.79980937518675
898	-0.5212374393974817	-0.1943379095037523	-0.15151570909534007	95.04308216153072	51.79980937518675
899	0.6756781621819206	0.4440170780052621	-0.9090942545720386	95.04308216153072	51.79980937518675
900	4.393286989207344	0.7335934332260848	0.8371389178201976	95.04308216153072	51.79980937518675
901	-2.79096449031879	-0.3719447407058569	0.0011700054756396128	95.04308216153072	51.79980937518675
902	0.42471198765720697	-0.320464499777711	-0.5557526009288516	95.04308216153072	51.79980937518675
903	-0.2675133948230468	-0.3719447407058572	-1.1290552839923005	95.04308216153072	51.79980937518675
904	0.6150050210880345	-0.13127461436677307	-0.3831767932719983	95.04308216153072	51.79980937518675
905	-0.08825184159110755	0.3075944395456744	-0.12811559958254626	95.04308216153072	51.79980937518675
906	-0.3088814455688782	-0.15572772880764285	-0.0643503011601827	95.04308216153072	51.79980937518675
907	0.2978499653699891	-0.027027126487276655	-0.1257755886312668	95.04308216153072	51.79980937518675
908	-0.4798693886516494	0.027027126487276655	-0.0017550082134596412	95.04308216153072	51.79980937518675
909	-0.6811939022813651	-0.22522605406064	-0.2380961142926763	95.04308216153072	51.79980937518675
910	0.49917447899970435	0.6229109152305705	-0.19129589526708912	95.04308216153072	51.79980937518675
911	-0.1351356324363837	-0.1660237769932721	0.08775041067297651	95.04308216153072	51.79980937518675
912	-0.176503683182216	-0.2175040179214182	-0.03802517795829008	95.04308216153072	51.79980937518675
913	0.33094440596665464	-0.23809611429267669	-0.08833541341079632	95.04308216153072	51.79980937518675
914	-0.6232786312371998	0.009009042162425651	0.11992556125306786	95.04308216153072	51.79980937518675
915	0.5626054901433135	0.4478780960748731	0.3761567604181604	95.04308216153072	51.79980937518675
916	-0.4688379084527612	-0.22522605406064028	-0.2638362347567498	95.04308216153072	51.79980937518675
917	-0.6977411225796974	-0.02059209637125846	-0.0947704435268153	95.04308216153072	51.79980937518675
918	-0.027578700497221664	-0.009009042162425651	0.033345156055731406	95.04308216153072	51.79980937518675
919	0.5653633601930361	-0.15830174085405002	-0.2691012593971285	95.04308216153072	51.79980937518675
920	0.4495328181047058	0.25868821066393544	0.5504875762884736	95.04308216153072	51.79980937518675
921	0.5460582698449814	-0.27155827089597206	-0.22288604310936044	95.04308216153072	51.79980937518675
922	-0.6370679814858113	0.29086336124402695	-0.2884063497451834	95.04308216153072	51.79980937518675
923	-0.36403884656332064	0.12870060232036565	0.34339660710024855	95.04308216153072	51.79980937518675
924	-0.2840606151213785	-0.2303740781534549	-0.2474561580977941	95.04308216153072	51.79980937518675
925	-0.1847772933313827	0.2175040179214185	0.3609466892348441	95.04308216153072	51.79980937518675
926	0.27578700497221265	-0.1287006023203659	-0.23107608143883862	95.04308216153072	51.79980937518675
927	0.3667967166130426	-0.13256162038997696	-0.008190038329478178	95.04308216153072	51.79980937518675
928	-0.79150870427025	0.11196952401871849	-0.07078533127620101	95.04308216153072	51.79980937518675
929	0.6867096423808094	0.0900904216242559	-0.4557171327616587	95.04308216153072	51.79980937518675
930	1.3706614147118952	0.15830174085405002	1.2255807357325743	95.04308216153072	51.79980937518675
931	-0.9928332178999644	-0.35650066842741335	-0.1994859335965673	95.04308216153072	51.79980937518675
932	-0.8052980545188602	-0.16731078301647537	-0.22873607048755917	95.04308216153072	51.79980937518675
933	0.41643837750804025	-0.06692431320659029	-0.22873607048755917	95.04308216153072	51.79980937518675
934	-0.5212374393974815	0.13384862641318027	-0.05323524914160571	95.04308216153072	51.79980937518675
935	0.40816476735887464	0.05148024092814642	0.06084028473326386	95.04308216153072	51.79980937518675
936	-0.5267531794969258	0.029601138533684103	0.040950191647389333	95.04308216153072	51.79980937518675
937	0.11858841213805116	-0.12097856618114385	-0.0672753148492824	95.04308216153072	51.79980937518675
938	-0.3061235755191558	-0.03861018069610975	-0.20533596097476536	95.04308216153072	51.79980937518675
939	0.5819105804913687	0.16602377699327206	-0.13455062969856424	95.04308216153072	51.79980937518675
940	-0.12410415223749593	0.1248395842507546	0.5446375489102754	95.04308216153072	51.79980937518675
941	-0.15719859283416104	-0.17245880710928999	-0.06318029568454331	95.04308216153072	51.79980937518675
942	0.281302745071657	0.3153164756848962	-0.2808013141535257	95.04308216153072	51.79980937518675
943	-0.703256862679142	-0.09652545174027435	-0.06610530937364212	95.04308216153072	51.79980937518675
944	0.132377762386662	-0.09395143969386692	0.1199255612530683	95.04308216153072	51.79980937518675
945	0.3612809765135985	0.04247119876572049	-0.10647049828321209	95.04308216153072	51.79980937518675
946	-0.15995646288388365	-0.02831413251048051	0.013455062969856213	95.04308216153072	51.79980937518675
947	-0.055157400994441996	0.1055344939027	0.14332567076586233	95.04308216153072	51.79980937518675
948	0.20684025372915893	0.038610180696109775	-0.1503457036197	95.04308216153072	51.79980937518675
949	1.304472533518565	-0.19562491552695593	0.20065593907220647	95.04308216153072	51.79980937518675
950	-0.011031480198888222	0.3384825841025621	-0.05791527104416483	95.04308216153072	51.79980937518675
951	-1.0286855285463523	-0.012870060232036684	-0.016965079396775273	95.04308216153072	51.79980937518675
952	-0.1323777623866622	-0.23294809019986207	-0.14859069540624037	95.04308216153072	51.79980937518675
953	1.3265354939163414	0.3976848611699303	-0.12870060232036573	95.04308216153072	51.79980937518675
954	0.2013245136297157	-0.14671868664521692	0.05674526556852488	95.04308216153072	51.79980937518675
955	0.10755693193916249	0.45431312619089126	0.17082079944339457	95.04308216153072	51.79980937518675
956	-0.6618888119333093	0.6834001983211427	-0.04680021902558784	95.04308216153072	51.79980937518675
957	1.461671126352726	0.2471051564551019	-0.23341609239011796	95.04308216153072	51.79980937518675
958	-1.1141795000877388	-0.3706577346826532	0.04023721956067128	95.04308216153072	51.79980937518675
959	-0.48262725870137135	-0.36937072865944987	-0.02654449922857538	95.04308216153072	51.79980937518675
960	1.072811449341907	0.5920227706736827	0.9527318025462874	95.04308216153072	51.79980937518675
961	-0.3640388465633211	0.1119695240187184	-0.14683568719278073	95.04308216153072	51.79980937518675
962	-0.7391091733255295	-0.30759443954567445	-0.2936713743855621	95.04308216153072	51.79980937518675
963	-0.22614534407721454	-0.9832726017275949	-0.5183124257083823	95.04308216153072	51.79980937518675
964	-0.25648191462415726	-0.1531537167612354	-0.07312534222748046	95.04308216153072	51.79980937518675
965	0.3943754171102638	-0.1595887468772536	0.2527211827381729	95.04308216153072	51.79980937518675
966	-1.1417582005849598	-0.27928030703519385	-0.10296048185629281	95.04308216153072	51.79980937518675
967	0.5433003997952583	0.17117180108608668	-0.07429534770312018	95.04308216153072	51.79980937518675
968	0.09100971164083038	-0.1274135962971623	0.027495128677532454	95.04308216153072	51.79980937518675
969	0.27302913492249026	-0.30373342147606336	-0.24453114440869494	95.04308216153072	51.79980937518675
970	-0.3033657054694334	0.2200780299678257	0.47970224501227254	95.04308216153072	51.79980937518675
971	0.0358523106463875	0.1570147348308464	-0.17374581313249382	95.04308216153072	51.79980937518675
972	-0.0854939715413856	-0.3384825841025623	0.0	95.04308216153072	51.79980937518675
973	-0.43850133790581824	-0.029601138533684124	-0.11290552839922996	95.04308216153072	51.79980937518675
974	-0.23441895422638037	-0.1570147348308461	-0.10120547364283328	95.04308216153072	51.79980937518675
975	0.044125920795553775	0.2908633612440267	0.13981565433894305	95.04308216153072	51.79980937518675
976	0.3364601460660994	-0.08880341560105234	-0.03802517795828997	95.04308216153072	51.79980937518675
977	-0.1902930334308266	-0.18790287938773403	-0.145665681717141	95.04308216153072	51.79980937518675
978	-0.1434092425855502	0.2265130600838438	-0.2895763552208234	95.04308216153072	51.79980937518675
979	0.9018235062591344	0.018018084324851025	0.21820602120680194	95.04308216153072	51.79980937518675
980	0.16547220298332777	0.24453114440869514	0.1474206899306012	95.04308216153072	51.79980937518675
981	-1.075569319391629	-0.4465910900516693	-0.0274951286775329	95.04308216153072	51.79980937518675
982	0.4743536485522055	-0.0334621566032951	-0.20884597740168442	95.04308216153072	51.79980937518675
983	-0.4385013379058178	-0.11454353606512568	0.08307038877041784	95.04308216153072	51.79980937518675
984	-0.24820830447499143	-0.01673107830164755	-0.17374581313249388	95.04308216153072	51.79980937518675
985	0.05791527104416483	0.06048928309057189	0.04153519438520903	95.04308216153072	51.79980937518675
986	0.11858841213805116	0.3230385118241183	0.03861018069610972	95.04308216153072	51.79980937518675
987	-0.5377846596958143	-0.08494239753144156	0.0023400109512794476	95.04308216153072	51.79980937518675
988	0.34197588616554364	0.051480240928146404	0.18895588431580945	95.04308216153072	51.79980937518675
989	0.2592397846738801	0.06692431320659026	-0.1521007118331592	95.04308216153072	51.79980937518675
990	1.902930334308266	0.03861018069610975	0.21762101846898207	95.04308216153072	51.79980937518675
991	-0.7970244443696943	-0.20592096371258542	-0.10062047090501347	95.04308216153072	51.79980937518675
992	-0.5460582698449805	0.03346215660329516	-0.25857121011637124	95.04308216153072	51.79980937518675
993	-0.027578700497221664	0.012870060232036684	-0.26500624023238945	95.04308216153072	51.79980937518675
994	-0.06067314109388633	0.07593335536901563	0.14274066802804203	95.04308216153072	51.79980937518675
995	-0.19856664357999287	-0.3590746804738206	-0.038610180696109775	95.04308216153072	51.79980937518675
996	0.09376758169055233	0.22007802996782572	0.12402058041780706	95.04308216153072	51.79980937518675
997	-0.3281865359169329	-0.14800569266842084	0.14391067350368175	95.04308216153072	51.79980937518675
998	-0.07997823144194216	-0.10424748787949623	-0.278461303202246	95.04308216153072	51.79980937518675
999	0.022062960397777553	-0.12355257822755117	0.0058500273781985634	95.04308216153072	51.79980937518675
1000	0.26475552477332354	0.29215036726723026	0.4229569794437473	95.04308216153072	51.79980937518675
1001	-0.3281865359169329	-0.02574012046407309	-0.1901258897914494	95.04308216153072	51.79980937518675
1002	0.024820830447499498	0.32046449977771074	0.42705199860848664	95.04308216153072	51.79980937518675
1003	-0.5570897500438692	-0.3912498310539121	-0.6540330608825862	95.04308216153072	51.79980937518675
1004	0.959738777303299	-0.09652545174027416	0.28138631689134536	95.04308216153072	51.79980937518675
1005	-0.4467749480549841	0.1248395842507547	0.09418544078899516	95.04308216153072	51.79980937518675
1006	0.046883790845276385	-0.042471198765720586	-0.1831058569376116	95.04308216153072	51.79980937518675
1007	-0.6618888119333104	-0.10939551197231101	-0.04504521081212798	95.04308216153072	51.79980937518675
1008	0.12961989233694005	-0.1608757529004572	0.1784258350350525	95.04308216153072	51.79980937518675
1009	0.15719859283416104	0.041184192742517056	-0.03744017522047005	95.04308216153072	51.79980937518675
1010	0.06618888119333133	0.08622940355464515	0.004095019164739089	95.04308216153072	51.79980937518675
1011	-0.5157216992980375	0.176319825178901	-0.1842758624132511	95.04308216153072	51.79980937518675
1012	-0.18201942328166032	-0.04504521081212798	0.018135084872415164	95.04308216153072	51.79980937518675
1013	0.32818653591693314	0.009009042162425707	-0.0573302683063448	95.04308216153072	51.79980937518675
1014	-0.3833439369113757	-0.09009042162425618	-0.2258110567984601	95.04308216153072	51.79980937518675
1015	0.36128097651359825	0.21493000587501104	0.04329020259866864	95.04308216153072	51.79980937518675
1016	-0.27854487502193437	-0.15186671073803165	0.45454712728601926	95.04308216153072	51.79980937518675
1017	1.1307267203860714	0.006435030116018092	0.12460558315562698	95.04308216153072	51.79980937518675
1018	2.0932233677390926	-0.025740120464073035	-0.3404715934111497	95.04308216153072	51.79980937518675
1019	-2.0546131870429827	0.04761922285853526	-0.07663535865439963	95.04308216153072	51.79980937518675
1020	1.2079470817782905	0.15701473483084644	1.3145011518811907	95.04308216153072	51.79980937518675
1021	-1.10314801988885	-0.33719557807935846	-0.8792591149432262	95.04308216153072	51.79980937518675
1022	-0.20959812377888154	0.4581741442605023	0.6148378774486566	95.04308216153072	51.79980937518675
1023	-0.4302277277566513	-0.20077293961977072	-0.813738808307404	95.04308216153072	51.79980937518675
1024	0.3667967166130426	-0.15057970471482796	-0.22171603763372105	95.04308216153072	51.79980937518675
1025	0.5763948403919243	-0.011583054208832988	0.10998051471013087	95.04308216153072	51.79980937518675
1026	0.4715957785024827	0.35907468047382063	-0.11173552292359018	95.04308216153072	51.79980937518675
1027	0.4081647673588744	-0.3526396503578023	-0.11934055851524844	95.04308216153072	51.79980937518675
1028	0.0689467512430535	0.03088814455688782	0.1380606461254834	95.04308216153072	51.79980937518675
1029	-0.8080559245685826	0.09009042162425607	-0.19890093085874733	95.04308216153072	51.79980937518675
1030	-0.8632133255630252	-0.12998760834356948	0.2217160376337211	95.04308216153072	51.79980937518675
1031	-0.17098794308277188	0.08622940355464515	-0.07663535865439963	95.04308216153072	51.79980937518675
1032	-0.5157216992980369	-0.06821131922979407	-0.14859069540624037	95.04308216153072	51.79980937518675
1033	0.4578064282538723	0.0875164095778489	-0.09477044352681505	95.04308216153072	51.79980937518675
1034	-0.12134628218777332	-0.0875164095778489	0.021645101299334314	95.04308216153072	51.79980937518675
1035	0.3447337562152657	0.22393904803743658	0.06201029020890364	95.04308216153072	51.79980937518675
1036	0.7308355631763632	0.1364226384595877	0.04036518890956933	95.04308216153072	51.79980937518675
1037	-0.2868184851711011	-0.1814678492717156	-0.16029075016263758	95.04308216153072	51.79980937518675
1038	0.6287943713366448	0.09523844571707074	0.538202518794257	95.04308216153072	51.79980937518675
1039	-0.8108137946183049	1.0849460775606838	0.24979616904907365	95.04308216153072	51.79980937518675
1040	0.06343101114360872	-0.8236838548503413	-0.04563021354994756	95.04308216153072	51.79980937518675
1041	0.2068402537291596	0.03861018069610975	-0.2620812265432907	95.04308216153072	51.79980937518675
1042	0.16547220298332732	-0.3204644997777111	0.1134905311370501	95.04308216153072	51.79980937518675
1043	-0.39713328715998575	-0.18790287938773403	0.23049107870101848	95.04308216153072	51.79980937518675
1044	-0.5405425297455366	-0.28957635522082303	-0.35977668375920424	95.04308216153072	51.79980937518675
1045	-0.634310111436089	0.28056731305839744	0.23751111155485705	95.04308216153072	51.79980937518675
1046	-0.022062960397776887	-0.17503281915569757	0.2299060759631989	95.04308216153072	51.79980937518675
1047	-0.13789350248610616	0.2059209637125854	-0.34105659614896955	95.04308216153072	51.79980937518675
1048	0.25372404457443537	0.11196952401871818	-0.20124094181002644	95.04308216153072	51.79980937518675
1049	-0.08273610149166355	-0.1879028793877341	0.06376529842236295	95.04308216153072	51.79980937518675
1050	1.2437993924246782	0.35650066842741335	0.4668321847802358	95.04308216153072	51.79980937518675
1051	-1.478218346651059	-0.15830174085405002	-0.10705550102103134	95.04308216153072	51.79980937518675
1052	0.022062960397777165	-0.25096617452471337	-0.10179047638065308	95.04308216153072	51.79980937518675
1053	0.18477729333138232	0.10038646980988541	-0.2392661197683164	95.04308216153072	51.79980937518675
1054	-0.18201942328166026	-0.23809611429267674	0.004095019164739033	95.04308216153072	51.79980937518675
1055	0.2233874740274921	0.33848258410256216	0.4270519986084864	95.04308216153072	51.79980937518675
1056	0.06067314109388666	0.10038646980988541	-0.31999649758745485	95.04308216153072	51.79980937518675
1057	-0.620520761187478	-0.22908707213025137	0.016965079396775495	95.04308216153072	51.79980937518675
1058	0.22062960397777	-0.011583054208832877	0.20943098013950423	95.04308216153072	51.79980937518675
1059	-0.0027578700497220276	0.0012870060232036407	-0.20416595549912575	95.04308216153072	51.79980937518675
1060	-0.033094440596665664	0.04633221683533173	0.15970574742481747	95.04308216153072	51.79980937518675
1061	1.3623878045627296	-0.1093955119723109	-0.10881050923449087	95.04308216153072	51.79980937518675
1062	-0.6205207611874779	-0.14157066255240247	0.17199080491903418	95.04308216153072	51.79980937518675
1063	-0.5322689195963701	-0.07207233729940488	-0.5212374393974815	95.04308216153072	51.79980937518675
1064	-0.016547220298332832	0.16859778903967926	0.2790463059400658	95.04308216153072	51.79980937518675
1065	0.005515740099444388	0.020592096371258584	0.12928560505818587	95.04308216153072	51.79980937518675
1066	0.3254286658672108	-0.0875164095778489	-0.08190038329477844	95.04308216153072	51.79980937518675
1067	-0.12134628218777366	0.3256125238705255	0.09886546269155383	95.04308216153072	51.79980937518675
1068	-0.11307267203860716	-0.3011594094296559	-0.34983163721626687	95.04308216153072	51.79980937518675
1069	-0.4550485582041505	-0.07464634934581216	0.1901258897914494	95.04308216153072	51.79980937518675
1070	0.4385013379058177	0.011583054208832877	-0.025740120464073035	95.04308216153072	51.79980937518675
1071	-0.22062960397776973	-0.06563730718338656	0.04961554470134544	95.04308216153072	51.79980937518675
1072	0.21511386387832568	-0.04375820478892434	-0.18882791496691176	95.04308216153072	51.79980937518675
1073	0.3419758861655433	0.1608757529004573	-0.19482419302956516	95.04308216153072	51.79980937518675
1074	-0.11858841213805127	0.09009042162425596	-0.0052650246403784795	95.04308216153072	51.79980937518675
1075	-0.088251841591108	-0.154440722784439	0.11349053113704977	95.04308216153072	51.79980937518675
1076	-0.26751339482304615	-0.024453114440869395	0.029250136890992262	95.04308216153072	51.79980937518675
1077	-0.005515740099444055	-0.09523844571707074	-0.18486086515107095	95.04308216153072	51.79980937518675
1078	0.3557652364141541	0.26254922873354625	-0.09711045447809422	95.04308216153072	51.79980937518675
1079	0.15168285273471693	0.31145545761528526	0.29659638807466115	95.04308216153072	51.79980937518675
1080	0.044125920795553886	0.8931821801033388	0.4557171327616593	95.04308216153072	51.79980937518675
1081	-0.2923342252705454	-0.4736182165389462	-0.20943098013950456	95.04308216153072	51.79980937518675
1082	0.4385013379058177	-0.22393904803743642	0.044990366805457316	95.04308216153072	51.79980937518675
1083	-0.45504855820415024	0.8082397825718972	-0.3731769027223902	95.04308216153072	51.79980937518675
1084	0.2564819146241575	0.31402946966169265	0.0438752053364882	95.04308216153072	51.79980937518675
1085	0.4247119876572071	1.3577913544798594	0.08131538055695853	95.04308216153072	51.79980937518675
1086	-0.7032568626791418	-1.4195676435936349	-0.15210071183315954	95.04308216153072	51.79980937518675
1087	0.968012387452466	-0.7297324151564745	0.298735304334815	95.04308216153072	51.79980937518675
1088	0.2564819146241575	-0.7464634934581217	-0.2589551181630655	95.04308216153072	51.79980937518675
1089	0.8687290656624691	-0.13513563243638405	-0.05265024640378613	95.04308216153072	51.79980937518675
1090	-0.42471198765720697	0.0424711987657207	0.18310585693761133	95.04308216153072	51.79980937518675
1091	-0.5984578007897012	0.48520127074777913	-0.05323524914160571	95.04308216153072	51.79980937518675
1092	-0.6674045520327538	-0.10553449390269998	-0.21001598287732445	95.04308216153072	51.79980937518675
1093	0.1820194232816601	-0.16988479506288284	0.004095019164739033	95.04308216153072	51.79980937518675
1094	-0.4247119876572073	-0.0849423975314414	0.21235599382860362	95.04308216153072	51.79980937518675
1095	0.3337022760163769	0.14543168062201317	0.17959584051069216	95.04308216153072	51.79980937518675
1096	-0.10755693193916249	-0.06177628911377531	-0.08658040519733701	95.04308216153072	51.79980937518675
1097	0.2537240445744353	-0.1119695240187184	-0.30186141271503986	95.04308216153072	51.79980937518675
1098	-0.5184795693477594	-0.04890622888173901	0.10764050375885145	95.04308216153072	51.79980937518675
1099	-0.2675133948230462	0.07078533127620124	0.05089523819032654	95.04308216153072	51.79980937518675
1100	0.05791527104416461	-0.154440722784439	0.12402058041780706	95.04308216153072	51.79980937518675
1101	-0.033094440596665387	-0.04890622888173901	-0.28548133605608406	95.04308216153072	51.79980937518675
1102	-0.2757870049722126	-0.14414467459880975	-0.038025177958289885	95.04308216153072	51.79980937518675
1103	0.11031480198888516	0.1763198251789012	-0.10764050375885145	95.04308216153072	51.79980937518675
1104	0.17926155323193793	-0.03217515058009146	-0.06435030116018282	95.04308216153072	51.79980937518675
1105	-0.19580877353027076	-0.012870060232036629	-0.01930509034805487	95.04308216153072	51.79980937518675
1106	-0.06894675124305308	0.1698847950628829	0.06552030663582253	95.04308216153072	51.79980937518675
1107	0.05791527104416461	0.07850736741542319	0.01521007118331584	95.04308216153072	51.79980937518675
1108	-0.1792615532319382	-0.038610180696109886	-0.11817055303960868	95.04308216153072	51.79980937518675
1109	0.16823007303304977	-0.1184045541347365	0.11173552292359049	95.04308216153072	51.79980937518675
1110	0.3199129257677664	0.14157066255240247	0.5031023545250665	95.04308216153072	51.79980937518675
1111	-0.15995646288388332	0.32432551784732194	-0.13864564886330327	95.04308216153072	51.79980937518675
1112	0.07170462129277538	-0.22522605406064028	-0.26149622380547055	95.04308216153072	51.79980937518675
1113	0.48262725870137185	-0.09781245776347813	0.07780536413003933	95.04308216153072	51.79980937518675
1114	0.04136805074583183	-0.12226557220434742	-0.09009042162425615	95.04308216153072	51.79980937518675
1115	-0.7722036139221949	-0.0012870060232037517	-0.0631802956845431	95.04308216153072	51.79980937518675
1116	0.18753516338110435	-0.2123559938286036	0.02398511225061377	95.04308216153072	51.79980937518675
1117	0.13789350248610643	0.16473677097006822	-0.03978018617174947	95.04308216153072	51.79980937518675
1118	-0.36955458666276486	0.07979437343862683	0.029835139628812096	95.04308216153072	51.79980937518675
1119	-0.21511386387832565	0.2625492287335463	0.16848078849211512	95.04308216153072	51.79980937518675
1120	0.37231245671248697	0.25354018657112076	-0.03159014784227168	95.04308216153072	51.79980937518675
1121	-0.3254286658672108	0.020592096371258445	-0.04446020807430809	95.04308216153072	51.79980937518675
1122	0.3888596770108195	0.2882893491976195	0.04036518890956933	95.04308216153072	51.79980937518675
1123	0.2647555247733241	-0.04890622888173898	-0.026910125939712815	95.04308216153072	51.79980937518675
1124	-0.5626054901433136	0.13256162038997665	-0.030420142366631958	95.04308216153072	51.79980937518675
1125	0.2151138638783259	-0.21621701189821463	0.08833541341079659	95.04308216153072	51.79980937518675
1126	-0.10479906188944077	0.9678285294491511	0.28080131415352516	95.04308216153072	51.79980937518675
1127	0.14340924258555054	-0.7438894814117144	-0.31765648663617563	95.04308216153072	51.79980937518675
1128	2.567577016291298	-0.365509710589839	-0.17257580765685415	95.04308216153072	51.79980937518675
1129	-1.2631044827727336	-0.4903492948405937	-0.07663535865439963	95.04308216153072	51.79980937518675
1130	-1.0810850594910726	0.15701473483084621	0.19012588979144968	95.04308216153072	51.79980937518675
1131	-0.2537240445744354	-0.020408238367943865	-0.071955336751841	95.04308216153072	51.79980937518675
1132	0.6232786312372003	0.1388127925026803	0.09418544078899492	95.04308216153072	51.79980937518675
1133	-0.13513563243638416	-0.22393904803743647	-0.024570114988433367	95.04308216153072	51.79980937518675
1134	-0.132377762386662	-0.012870060232036629	-0.20650596645040525	95.04308216153072	51.79980937518675
1135	-0.11031480198888521	0.18275485529491953	0.2088459774016847	95.04308216153072	51.79980937518675
1136	-0.13513563243638405	-0.10553449390269998	-0.029250136890992234	95.04308216153072	51.79980937518675
1137	-0.3447337562152657	0.131274614366773	0.05908527651980408	95.04308216153072	51.79980937518675
1138	0.5819105804913682	-0.17245880710928996	-0.03100514510445157	95.04308216153072	51.79980937518675
1139	-0.18477729333138232	0.8223968488271375	0.46683218478023586	95.04308216153072	51.79980937518675
1140	-0.035852310646387386	-0.5199504333742779	0.0035100164269191714	95.04308216153072	51.79980937518675
1141	0.11583054208832916	-0.23552210224626924	-0.25915621285419116	95.04308216153072	51.79980937518675
1142	0.3143971856683221	-0.019305090348054887	-0.043875205336488476	95.04308216153072	51.79980937518675
1143	-0.06343101114360872	-0.08622940355464526	-0.5323524914160587	95.04308216153072	51.79980937518675
1144	-0.8328767550160818	-0.05019323490494254	0.1380606461254834	95.04308216153072	51.79980937518675
1145	0.47711151860192774	0.20849497575899267	-0.13279562148510465	95.04308216153072	51.79980937518675
1146	-0.29784996536998953	-0.3204644997777111	0.029250136890992234	95.04308216153072	51.79980937518675
1147	0.09376758169055233	0.07335934332260863	0.11583054208832924	95.04308216153072	51.79980937518675
1148	0.0027578700497220554	0.34234360217217297	-0.01872008761023501	95.04308216153072	51.79980937518675
1149	-0.14340924258555054	0.13256162038997693	-0.05440525461724573	95.04308216153072	51.79980937518675
1150	-0.06067314109388666	0.2934373732904341	0.06961532580056157	95.04308216153072	51.79980937518675
1151	-0.03309444059666566	-0.3539266563810062	-0.10822550649667131	95.04308216153072	51.79980937518675
1152	0.29784996536998953	-0.1081085059491072	-0.0005850027378195843	95.04308216153072	51.79980937518675
1153	-0.26475552477332387	-0.3268995298937292	0.06201029020890336	95.04308216153072	51.79980937518675
1154	-0.24820830447499131	0.0669243132065902	0.24921116631125378	95.04308216153072	51.79980937518675
1155	0.5157216992980375	0.3449176142185803	-0.10237547911847271	95.04308216153072	51.79980937518675
1156	-0.057915271044164635	-0.4658961803997241	-0.1901258897914494	95.04308216153072	51.79980937518675
1157	-0.1985666435799931	0.1093955119723109	0.17257580765685412	95.04308216153072	51.79980937518675
1158	-0.2950920953202675	-0.060489283090572	-0.031005145104451824	95.04308216153072	51.79980937518675
1159	0.5653633601930357	-0.09523844571707063	0.06025528199544407	95.04308216153072	51.79980937518675
1160	-0.3033657054694336	0.19562491552695604	0.045045210812127943	95.04308216153072	51.79980937518675
1161	-0.03033657054694361	-0.2792803070351939	-0.294256377123382	95.04308216153072	51.79980937518675
1162	0.06343101114360898	0.2303740781534548	0.02866513415317265	95.04308216153072	51.79980937518675
1163	-0.07170462129277513	-0.12612659027395845	-0.029835139628812096	95.04308216153072	51.79980937518675
1164	-0.1571985928341613	0.11583054208832921	-0.02808013141535251	95.04308216153072	51.79980937518675
1165	0.008273610149166416	0.007722036139221955	0.19129589526708912	95.04308216153072	51.79980937518675
1166	0.3199129257677664	0.07593335536901591	-0.07254033948966086	95.04308216153072	51.79980937518675
1167	-0.34473375621526536	-0.055341258997757325	-0.20884597740168442	95.04308216153072	51.79980937518675
1168	0.24545043442526898	0.2676972528263609	0.12753059684472617	95.04308216153072	51.79980937518675
1169	-0.11307267203860719	-0.49292330688700114	0.0789753696056788	95.04308216153072	51.79980937518675
1170	0.20408238367943718	0.27155827089597195	0.2889913524830035	95.04308216153072	51.79980937518675
1171	0.03861018069610975	-0.06435030116018303	-0.1538557200466194	95.04308216153072	51.79980937518675
1172	-0.40264902725942997	-0.027027126487276787	0.0737103449653006	95.04308216153072	51.79980937518675
1173	0.046883790845276135	0.027027126487276787	-0.29191636617210254	95.04308216153072	51.79980937518675
1174	-0.2923342252705454	-0.21621701189821452	0.08599540245951712	95.04308216153072	51.79980937518675
1175	-0.041368050745831775	-0.024453114440869395	0.17257580765685415	95.04308216153072	51.79980937518675
1176	0.39161754706054186	0.25997521668713885	-0.20709096918822487	95.04308216153072	51.79980937518675
1177	-0.16547220298332774	-0.1879028793877342	0.1339656269607444	95.04308216153072	51.79980937518675
1178	-0.18477729333138232	0.02960113853368429	-0.045630213549947805	95.04308216153072	51.79980937518675
1179	-0.3226707958174884	-0.17117180108608654	-0.14391067350368203	95.04308216153072	51.79980937518675
1180	0.6784360322316426	0.22007802996782555	0.3498316372162672	95.04308216153072	51.79980937518675
1181	0.20959812377888154	-0.024453114440869506	-0.015795073921135716	95.04308216153072	51.79980937518675
1182	0.18753516338110435	-0.11583054208832932	-0.04563021354994781	95.04308216153072	51.79980937518675
1183	-0.37507032676220897	0.010296048185629236	-0.023985112250613762	95.04308216153072	51.79980937518675
1184	0.20132451362971515	-0.1029604818562927	0.19305090348054874	95.04308216153072	51.79980937518675
1185	-0.17098794308277154	-0.006435030116018203	0.028080131415352483	95.04308216153072	51.79980937518675
1186	0.04412592079555384	0.2123559938286036	-0.3843467987476379	95.04308216153072	51.79980937518675
1187	-0.14616711263527257	-0.08108137946183047	-0.012285057494216794	95.04308216153072	51.79980937518675
1188	-0.1709879430827718	-0.0759333553690158	0.11992556125306825	95.04308216153072	51.79980937518675
1189	0.284060615121379	-0.025740120464073146	-0.19012588979144943	95.04308216153072	51.79980937518675
1190	-0.016547220298332832	0.6254849272769778	1.2366957877511513	95.04308216153072	51.79980937518675
1191	0.5129638292483152	-0.5431165417919437	-1.1267152730410206	95.04308216153072	51.79980937518675
1192	1.6326590694354979	-0.08751640957784879	-0.20358095276130594	95.04308216153072	51.79980937518675
1193	-0.6784360322316427	0.02960113853368418	0.20943098013950456	95.04308216153072	51.79980937518675
1194	0.07722036139221955	0.24453114440869506	0.23283108965229793	95.04308216153072	51.79980937518675
1195	-0.5819105804913682	0.24710515645510223	0.27729129772660654	95.04308216153072	51.79980937518675
1196	-0.0799782314419415	-0.4401560599356509	-0.5124623983301839	95.04308216153072	51.79980937518675
1197	-0.34749162626498803	0.03732317467290602	0.02808013141535251	95.04308216153072	51.79980937518675
1198	0.12410415223749566	0.15830174085405002	-0.04855522723904711	95.04308216153072	51.79980937518675
1199	-0.2123559938286036	0.007722036139221844	0.5071973736898052	95.04308216153072	51.79980937518675
1200	-0.06067314109388666	-0.041184192742517056	-0.08131538055695825	95.04308216153072	51.79980937518675
1201	0.2868184851711011	-0.34491761421858036	-0.17374581313249388	95.04308216153072	51.79980937518675
1202	0.17098794308277177	-0.20205994564297458	-0.5060273682141657	95.04308216153072	51.79980937518675
1203	-0.4936587389002606	-0.14322538458223533	-0.3264315277034733	95.04308216153072	51.79980937518675
1204	0.063431011143609	-0.036955458666276586	-0.08131538055695842	95.04308216153072	51.79980937518675
1205	0.4247119876572069	0.09009042162425618	-0.17374581313249382	95.04308216153072	51.79980937518675
1206	-0.17926155323193793	-0.27155827089597184	0.22398292324277302	95.04308216153072	51.79980937518675
1207	0.15168285273471693	0.16602377699327175	-0.2526480573959454	95.04308216153072	51.79980937518675
1208	0.3392180161158216	-0.1003864698098853	0.07429534770312018	95.04308216153072	51.79980937518675
1209	-0.37231245671248725	-0.009928332178999577	-0.12402058041780695	95.04308216153072	51.79980937518675
1210	-0.20959812377888126	0.012502344225406858	0.0017550082134596412	95.04308216153072	51.79980937518675
1211	-0.5488161398947029	0.06048928309057189	0.15912074468699766	95.04308216153072	51.79980937518675
1212	0.11307267203860719	-0.012870060232036407	-0.15936606841576106	95.04308216153072	51.79980937518675
1213	0.30336570546943364	-0.0785073674154233	0.29483076489216875	95.04308216153072	51.79980937518675
1214	0.09928332178999638	0.03906982570439688	0.162886699811713	95.04308216153072	51.79980937518675
1215	0.09652545174027433	0.15168285273471693	-0.043875205336488365	95.04308216153072	51.79980937518675
1216	-0.3088814455688779	-0.15214249774300415	-0.23692610881703702	95.04308216153072	51.79980937518675
1217	-0.3916175470605415	0.024453114440869506	-0.10237547911847289	95.04308216153072	51.79980937518675
1218	0.4026490272594303	-0.03217515058009135	0.2065059664504053	95.04308216153072	51.79980937518675
1219	-0.40816476735887464	-0.01673107830164766	-0.025740120464073257	95.04308216153072	51.79980937518675
1220	0.30336570546943387	0.11969156015794025	0.0009140667778435585	95.04308216153072	51.79980937518675
1221	-0.3861018069610974	-0.1389966505059952	-0.07842692953897301	95.04308216153072	51.79980937518675
1222	0.2619976547236018	0.09799631576679291	-0.03246765194900125	95.04308216153072	51.79980937518675
1223	0.5736369703422017	0.003677160066296148	-0.1479142859906365	95.04308216153072	51.79980937518675
1224	-0.4191962475577628	-0.06048928309057189	-0.01749523812792475	95.04308216153072	51.79980937518675
1225	0.2537240445744354	0.024453114440869506	0.23677985813258218	95.04308216153072	51.79980937518675
1226	-0.06618888119333105	0.02960113853368429	0.10105922295837821	95.04308216153072	51.79980937518675
1227	-0.3199129257677664	0.03309444059666555	0.09316168599781027	95.04308216153072	51.79980937518675
1228	0.07446249134249745	0.059569993073997685	-0.13455062969856424	95.04308216153072	51.79980937518675
1229	-0.06067314109388666	-0.021879102394462002	-0.0690303230627417	95.04308216153072	51.79980937518675
1230	0.8135716646680264	0.006435030116018092	0.09945046542937352	95.04308216153072	51.79980937518675
1231	-0.4550485582041502	0.14800569266842079	-0.040950191647389	95.04308216153072	51.79980937518675
1232	-0.002757870049722333	-0.2754192889655829	-0.1655557748030161	95.04308216153072	51.79980937518675
1233	0.504690219099149	0.005148024092814785	-0.007020032853838121	95.04308216153072	51.79980937518675
1234	-0.019305090348054832	0.0025740120464070593	0.04000663884445388	95.04308216153072	51.79980937518675
1235	-0.7887508342205278	0.0334621566032951	-0.15993220009752218	95.04308216153072	51.79980937518675
1236	0.2923342252705451	0.17374581313249404	0.20416595549912586	95.04308216153072	51.79980937518675
1237	-0.18201942328166024	-0.18018084324851213	0.13120514529165705	95.04308216153072	51.79980937518675
1238	-0.0827361014916636	0.04504521081212798	-0.03781228885712773	95.04308216153072	51.79980937518675
1239	-0.25923978467387976	-0.01544407227844391	-0.05185766204932041	95.04308216153072	51.79980937518675
1240	0.24269256437554695	0.11454353606512568	0.06084028473326397	95.04308216153072	51.79980937518675
1241	0.26751339482304615	-0.16859778903967926	-0.211880679104125	95.04308216153072	51.79980937518675
1242	-0.2895763552208231	0.16216275892366072	-0.18767619082682896	95.04308216153072	51.79980937518675
1243	0.2123559938286036	-0.04890622888173901	0.19714592264528774	95.04308216153072	51.79980937518675
1244	-0.17374581313249385	0.01287006023203685	-0.09301543531335532	95.04308216153072	51.79980937518675
1245	0.5488161398947028	0.09009042162425573	0.2533061854759927	95.04308216153072	51.79980937518675
1246	-0.5570897500438692	-0.04761922285853504	-0.3656267111374031	95.04308216153072	51.79980937518675
1247	0.052399530944720274	0.043666275787266784	0.11817055303960888	95.04308216153072	51.79980937518675
1248	-0.14892498268499463	-0.13789350248610632	0.0005850027378198064	95.04308216153072	51.79980937518675
1249	-0.22890321412693643	0.07106111828117356	0.0017550082134594192	95.04308216153072	51.79980937518675
1250	1.1527896807838482	0.03474916262649885	0.014625068445496048	95.04308216153072	51.79980937518675
1251	-0.750140653524418	-0.07593335536901602	-0.09945046542937352	95.04308216153072	51.79980937518675
1252	-0.16547220298332743	-0.05883456106073881	-0.038610180696109664	95.04308216153072	51.79980937518675
1253	-0.011031480198888464	0.033094440596665775	-0.11009020272347203	95.04308216153072	51.79980937518675
1254	0.13513563243638413	0.15315371676123535	0.15689042174905943	95.04308216153072	51.79980937518675
1255	0.18753516338110438	0.678252174228328	0.38200678779635866	95.04308216153072	51.79980937518675
1256	-0.4026490272594303	0.1093955119723109	-0.05791527104416461	95.04308216153072	51.79980937518675
1257	-0.32542866586721053	0.7374544512956962	0.05557526009288527	95.04308216153072	51.79980937518675
1258	0.1902930334308264	2.041191552801002	1.1998406152685013	95.04308216153072	51.79980937518675
1259	-0.47711151860192746	0.38095378286828296	1.1126752073333448	95.04308216153072	51.79980937518675
1260	0.11858841213805138	-4.305035147616237	-3.31167124866125	95.04308216153072	51.79980937518675
1261	-0.2564819146241576	-0.11941577315296814	-0.06708518895949056	95.04308216153072	51.79980937518675
1262	-0.4550485582041508	0.002883227779254982	-0.004826272587013625	95.04308216153072	51.79980937518675
1263	-0.15444072278443888	0.03882955672279231	0.027923434253436463	95.04308216153072	51.79980937518675
1264	0.3612809765135985	0.04176582046454169	0.00163748534202246	95.04308216153072	51.79980937518675
1265	0.14065137253582838	0.1736468126691706	0.07566644786988563	95.04308216153072	51.79980937518675
1266	-0.2206296039777701	-0.1299876083435696	-0.03685517248265002	95.04308216153072	51.79980937518675
1267	-0.06618888119333088	-0.049917447899970435	-0.018474763881472178	95.04308216153072	51.79980937518675
1268	0.11858841213805138	0.030612357551915492	0.010586662448933248	95.04308216153072	51.79980937518675
1269	0.5653633601930356	0.10632649760928703	-0.000477437718285012	95.04308216153072	51.79980937518675
1270	-0.21787173392804793	0.04094376304587466	0.07030270401749972	95.04308216153072	51.79980937518675
1271	0.3474916262649877	-0.10066225681485785	-0.04802919655141058	95.04308216153072	51.79980937518675
1272	-0.5488161398947027	0.016547220298333	0.017682179527006125	95.04308216153072	51.79980937518675
1273	0.005515740099444222	0.0015910788748396687	-0.03782408326716413	95.04308216153072	51.79980937518675
1274	0.08549397154138583	-0.01675936414831125	-0.021436694073986073	95.04308216153072	51.79980937518675
1275	-0.2123559938286036	-0.07170462129277544	0.07478424284829832	95.04308216153072	51.79980937518675
1276	-0.1902930334308266	0.04688379084527616	-0.004642414583698962	95.04308216153072	51.79980937518675
1277	0.14340924258555066	-0.07195533675184107	0.012226557220434753	95.04308216153072	51.79980937518675
1278	0.3502494963147097	0.03780017690528248	0.010424748787949634	95.04308216153072	51.79980937518675
1279	0.32542866586721075	0.09344936591558417	-0.02200780299678229	95.04308216153072	51.79980937518675
1280	-0.07997823144194155	-0.09404336869552421	0.00882518415911071	95.04308216153072	51.79980937518675
1281	0.4798693886516495	-0.01287006023203685	-0.006894675124305527	95.04308216153072	51.79980937518675
1282	-0.07997823144194155	0.024177327435897622	-0.007472938199247103	95.04308216153072	51.79980937518675
1283	-0.7198040829774746	0.02168688720917822	0.0647849251700352	95.04308216153072	51.79980937518675
1284	-0.09376758169055233	-0.0635852975799569	-0.05656948349586299	95.04308216153072	51.79980937518675
1285	0.1323777623866621	0.1039504864895262	0.01784758352690563	95.04308216153072	51.79980937518675
1286	-0.377828196811931	-0.0816753822417704	-0.025668620129450703	95.04308216153072	51.79980937518675
1287	-0.09376758169055255	-0.025245118147456447	0.02238946685193932	95.04308216153072	51.79980937518675
1288	0.03585231064638794	0.026942268947285353	0.016642319265564698	95.04308216153072	51.79980937518675
1289	0.0	0.020684025372915915	0.023471038654531817	95.04308216153072	51.79980937518675
1290	0.1516828527347167	0.3637206307883527	0.04402617378495788	95.04308216153072	51.79980937518675
1291	-0.19305090348054876	-0.21176199104866367	-0.046215216287768035	95.04308216153072	51.79980937518675
1292	0.2482083044749912	0.037323174672906134	0.0264760916503628	95.04308216153072	51.79980937518675
1293	-0.016547220298332554	-0.1274135962971623	-0.022966075223443516	95.04308216153072	51.79980937518675
1294	-0.08549397154138605	0.45045210812128045	0.005031023545250646	95.04308216153072	51.79980937518675
1295	-0.14892498268499454	-0.060029638082284675	0.03354259447974539	95.04308216153072	51.79980937518675
1296	0.06894675124305305	-0.3261711693421361	-0.03197405588896585	95.04308216153072	51.79980937518675
1297	-0.12410415223749571	0.06968925471797816	0.0182347476372251	95.04308216153072	51.79980937518675
1298	-0.06894675124305305	-0.10829943541408782	0.0952799620403999	95.04308216153072	51.79980937518675
1299	0.2785448750219346	0.041283193205840174	-0.1312293238322324	95.04308216153072	51.79980937518675
1300	-0.12134628218777355	-0.08604554555133026	0.1409856598145829	95.04308216153072	51.79980937518675
1301	0.06067314109388677	-0.09238864666569091	0.017897427510175756	95.04308216153072	51.79980937518675
1302	-0.23717682427610254	0.026199765472360026	-0.12044274613317696	95.04308216153072	51.79980937518675
1303	0.4219541176074849	-0.015168285273471582	-0.032590313813382954	95.04308216153072	51.79980937518675
1304	0.2564819146241576	0.03484109162815607	0.06372755631024551	95.04308216153072	51.79980937518675
1305	-0.0799782314419415	0.020316309366286367	0.06414271954353712	95.04308216153072	51.79980937518675
1306	-0.06894675124305327	0.03631195565467471	-0.04421488434554499	95.04308216153072	51.79980937518675
1307	-0.37782819681193125	-0.03960018532934351	0.024453114440869506	95.04308216153072	51.79980937518675
1308	0.1185884121380516	-0.0517772423181162	-0.11072273693373957	95.04308216153072	51.79980937518675
1309	0.09652545174027449	-0.00019800092664690183	0.037072779347827156	95.04308216153072	51.79980937518675
1310	0.20132451362971493	0.07276534054266848	0.011209407298870433	95.04308216153072	51.79980937518675
1311	-0.09376758169055222	0.14797033536009097	-0.013492805081973813	95.04308216153072	51.79980937518675
1312	0.132377762386662	-0.08263002956667442	-0.07867343270873994	95.04308216153072	51.79980937518675
1313	0.05515740099444255	-0.07276534054266848	0.018546120062194138	95.04308216153072	51.79980937518675
1314	-0.16271433293360538	0.006930032432635125	0.09109589507988392	95.04308216153072	51.79980937518675
1315	0.6094892809885897	-0.036036168649702605	-0.08630984143109544	95.04308216153072	51.79980937518675
1316	0.84390823521497	0.15002813070488363	-0.01673107830164766	95.04308216153072	51.79980937518675
1317	0.35576523641415403	-0.016971507998289947	0.02631212314105258	95.04308216153072	51.79980937518675
1318	0.47159577850248313	0.026730125097306878	0.0351021955286972	95.04308216153072	51.79980937518675
1319	-0.38058606686165286	0.14523367969536638	-0.07797933167808035	95.04308216153072	51.79980937518675
1320	-2.735807089324348	1.64994172174709	2.4344983289653124	95.04308216153072	51.79980937518675
1321	-0.04343645328312329	-1.1235562582567935	-0.8839391368457852	95.04308216153072	51.79980937518675
1322	0.024131362935068568	-0.5199504333742778	-0.3387165851976901	95.04308216153072	51.79980937518675
1323	0.202703448654576	-0.08108137946183058	-0.15502572552225885	95.04308216153072	51.79980937518675
1324	-0.17052829807448444	0.10296048185629258	0.063765298422363	95.04308216153072	51.79980937518675
1325	0.2702712648727681	0.1724588071092903	0.13572063517420396	95.04308216153072	51.79980937518675
1326	-0.20913847877059455	-0.1583017408540499	-0.10296048185629258	95.04308216153072	51.79980937518675
1327	0.4472345930632713	-0.06508573317344202	-0.10179047638065297	95.04308216153072	51.79980937518675
1328	0.1003864698098853	0.15388914877449444	0.03632501375150099	95.04308216153072	51.79980937518675
1329	-0.39639785514672665	0.04890622888173901	0.08243054202592737	95.04308216153072	51.79980937518675
1330	0.26898425884956434	-0.02831413251048054	-0.07137033401402082	95.04308216153072	51.79980937518675
1331	0.313385966650091	0.16473677097006822	0.07897536960567875	95.04308216153072	51.79980937518675
1332	-0.7303759181680761	-0.14543168062201328	-0.23341609239011785	95.04308216153072	51.79980937518675
1333	0.11583054208832921	-0.11711754811153274	0.03744017522047016	95.04308216153072	51.79980937518675
1334	-0.09266443367066324	0.1808738464917754	0.032942966673479956	95.04308216153072	51.79980937518675
1335	0.10875200896070902	0.023760111197606015	0.24200832010184686	95.04308216153072	51.79980937518675
1336	0.12870060232036584	-0.10617799691430174	-0.14917569814406023	95.04308216153072	51.79980937518675
1337	-0.07400284633421039	-0.09073392463585805	0.31239146199579687	95.04308216153072	51.79980937518675
1338	0.14478817761041163	0.09624966473530239	-0.05382025187942563	95.04308216153072	51.79980937518675
1339	-0.2767062949887866	0.32404973084234956	-0.0005850027378198619	95.04308216153072	51.79980937518675
1340	0.06435030116018314	0.06747588721653475	-0.06961532580056157	95.04308216153072	51.79980937518675
1341	-0.08043787645022893	-0.037323174672906134	0.18875478962468434	95.04308216153072	51.79980937518675
1342	-0.08365539150823764	-0.13127461436677312	-0.0980793652626083	95.04308216153072	51.79980937518675
1343	-0.01930509034805472	0.1364226384595877	-0.1684807884921154	95.04308216153072	51.79980937518675
1344	0.0025740120464070593	-0.15315371676123524	-0.09067542436207571	95.04308216153072	51.79980937518675
1345	0.011583054208833099	-0.08236838548503411	0.17374581313249382	95.04308216153072	51.79980937518675
1346	0.12419608123915271	0.131274614366773	-0.03919518343392958	95.04308216153072	51.79980937518675
1347	-0.15122320772642972	-0.11454353606512557	-0.0005850027378198619	95.04308216153072	51.79980937518675
1348	0.05469775598615545	-0.12483958425075481	0.17374581313249382	95.04308216153072	51.79980937518675
1349	-0.10617799691430174	0.22908707213025126	-0.14976070088188037	95.04308216153072	51.79980937518675
1350	0.09974296679828365	-0.1994859335965672	0.3311115496060322	95.04308216153072	51.79980937518675
1351	-0.03217515058009157	0.22265204201423294	-0.0661053093736424	95.04308216153072	51.79980937518675
1352	0.026383623475675133	-0.2586882106639353	-0.06259529294672353	95.04308216153072	51.79980937518675
1353	-0.026383623475675133	-0.16473677097006822	-0.031590147842271404	95.04308216153072	51.79980937518675
1354	0.07400284633421039	-0.07722036139221955	-0.24077580425301304	95.04308216153072	51.79980937518675
1355	0.03539266563810051	0.02831413251048054	-0.024230435979376685	95.04308216153072	51.79980937518675
1356	0.0	0.12355257822755106	-0.053820251879425574	95.04308216153072	51.79980937518675
1357	-0.03539266563810051	-0.08108137946183014	0.25974121559201097	95.04308216153072	51.79980937518675
1358	-0.025740120464073257	0.04633221683533151	-0.12109556672870797	95.04308216153072	51.79980937518675
1359	0.16409326795846635	-0.1763198251789011	-0.24864444490899074	95.04308216153072	51.79980937518675
1360	0.2284435691186495	0.2702712648727683	-0.003491735091362247	95.04308216153072	51.79980937518675
1361	-0.04182769575411882	-0.014248995256897823	-0.025740120464073146	95.04308216153072	51.79980937518675
1362	-0.1525102137496337	0.2266049890855013	0.021060098561514362	95.04308216153072	51.79980937518675
1363	-0.13706614147118956	-0.40724547734230043	-0.19597591716964802	95.04308216153072	51.79980937518675
1364	0.1525102137496337	0.19305090348054876	0.2234710458471807	95.04308216153072	51.79980937518675
1365	0.046975719846933384	-0.025188546454128824	0.0748803504409401	95.04308216153072	51.79980937518675
1366	-0.062419792125377516	-0.1853288673413267	0.021626819963777466	95.04308216153072	51.79980937518675
1367	0.030244641545286166	-0.08236838548503411	-0.11405725253931287	95.04308216153072	51.79980937518675
1368	-0.0225226054060641	-0.04633221683533173	-0.10822550649667129	95.04308216153072	51.79980937518675
1369	-0.048262725870137135	0.1093955119723109	-0.04855522723904715	95.04308216153072	51.79980937518675
1370	0.048262725870137135	0.027027126487276787	0.04329020259866856	95.04308216153072	51.79980937518675
1371	-0.05791527104416461	-0.003861018069610811	-0.062010290208903474	95.04308216153072	51.79980937518675
1372	-0.028957635522082414	0.09137742764745949	0.01638007665895569	95.04308216153072	51.79980937518675
1373	-0.09009042162425618	-0.0025740120464070593	-0.022815106774974114	95.04308216153072	51.79980937518675
1374	-0.062419792125377294	0.01801808432485119	-0.0871654079351567	95.04308216153072	51.79980937518675
1375	0.15251021374963347	-0.06177628911377564	0.12519058589344678	95.04308216153072	51.79980937518675
1376	0.22200853900263118	0.006435030116018092	0.06376529842236289	95.04308216153072	51.79980937518675
1377	0.16409326795846635	-0.012870060232036407	-0.05148024092814618	95.04308216153072	51.79980937518675
1378	0.617762891137756	1.3011630894588984	0.3638717029239434	95.04308216153072	51.79980937518675
1379	-0.2413136293506859	0.4337210298196329	0.11875555577742852	95.04308216153072	51.79980937518675
1380	2.075297212415899	-0.009009042162425651	0.9810495913238794	95.04308216153072	51.79980937518675
1381	-1.3610088695378686	-0.8236838548503413	-0.6955682552677953	95.04308216153072	51.79980937518675
1382	-0.08043787645022873	-0.08236838548503411	-0.2767062949887864	95.04308216153072	51.79980937518675
1383	-0.5630651351516004	-0.3861018069610973	-0.09009042162425618	95.04308216153072	51.79980937518675
1384	-0.3507091413229969	0.2574012046407316	0.08599540245951715	95.04308216153072	51.79980937518675
1385	0.2992289003948506	-0.19819892757336333	-0.1573657364735383	95.04308216153072	51.79980937518675
1386	-0.312098960626887	0.11224531102369051	-0.02515511772625323	95.04308216153072	51.79980937518675
1387	-0.09652545174027449	-0.10709728693087595	-0.02691012593971276	95.04308216153072	51.79980937518675
1388	0.019305090348054943	-0.10167347583308894	-0.09945046542937364	95.04308216153072	51.79980937518675
1389	0.038610180696109886	-0.08880341560105243	0.1994859335965669	95.04308216153072	51.79980937518675
1390	0.1093955119723109	-0.09137742764745971	-0.16789578575429526	95.04308216153072	51.79980937518675
1391	-0.016087575290045786	0.06949832525299748	-0.24921116631125395	95.04308216153072	51.79980937518675
1392	-0.26705374981475916	-0.22393904803743658	-0.08892041614861623	95.04308216153072	51.79980937518675
1393	0.131918117378375	0.034749162626499075	-0.11173552292359035	95.04308216153072	51.79980937518675
1394	0.12548308726235669	0.0025740120464070593	0.0813153805569583	95.04308216153072	51.79980937518675
1395	0.15122320772642983	0.09523844571707096	0.05908527651980433	95.04308216153072	51.79980937518675
1396	-0.11583054208832932	-0.05662826502096108	-0.0023400109512794476	95.04308216153072	51.79980937518675
1397	0.0740028463342105	0.052767246951350044	0.08424039424605778	95.04308216153072	51.79980937518675
1398	-0.2348785992346677	-0.06563730718338667	-0.23107608143883873	95.04308216153072	51.79980937518675
1399	-0.03217515058009135	-0.05920227706736836	-0.0573302683063448	95.04308216153072	51.79980937518675
1400	-0.019305090348054943	0.06517766217509946	0.09555654095576027	95.04308216153072	51.79980937518675
1401	0.048262725870137135	-0.07418670433752506	0.1834897649843057	95.04308216153072	51.79980937518675
1402	0.21557350888661275	-0.03732317467290591	-0.09301543531335532	95.04308216153072	51.79980937518675
1403	-0.1608757529004573	-0.04844658387345202	0.06142528747108367	95.04308216153072	51.79980937518675
1404	0.0804378764502287	-0.06480994616846991	-0.014040065707676241	95.04308216153072	51.79980937518675
1405	-0.012870060232036629	0.09523844571707074	0.14085769046568442	95.04308216153072	51.79980937518675
1406	-0.1608757529004572	0.015444072278443688	-0.18460492645327464	95.04308216153072	51.79980937518675
1407	-0.131918117378375	0.052767246951350044	0.02654449922857538	95.04308216153072	51.79980937518675
1408	0.2059209637125854	-0.1003864698098853	-0.0061973727537789625	95.04308216153072	51.79980937518675
1409	-0.04826272587013736	0.14028365652919872	0.1327956214851047	95.04308216153072	51.79980937518675
1410	0.20913847877059444	0.07207233729940477	0.2737812812996872	95.04308216153072	51.79980937518675
1411	-0.1673107830164754	-0.006435030116018092	-0.28197131962916505	95.04308216153072	51.79980937518675
1412	0.20592096371258517	-0.039897186719313416	-0.009945046542937375	95.04308216153072	51.79980937518675
1413	-0.32496902085892376	-0.06821131922979395	0.02515511772625334	95.04308216153072	51.79980937518675
1414	0.06435030116018292	-0.005148024092814785	-0.04153519438520881	95.04308216153072	51.79980937518675
1415	-0.15444072278443888	0.02702712648727701	-0.08599540245951731	95.04308216153072	51.79980937518675
1416	0.12870060232036562	-0.08365539150823809	0.014040065707676241	95.04308216153072	51.79980937518675
1417	-0.05148024092814607	0.0374151036745638	-0.07429534770312018	95.04308216153072	51.79980937518675
1418	-0.07722036139221955	-0.04964166089499833	0.09067542436207587	95.04308216153072	51.79980937518675
1419	0.022522605406063878	0.11518703907672756	-0.036855172482650134	95.04308216153072	51.79980937518675
1420	-0.038610180696109664	-0.10296048185629303	0.17023579670557465	95.04308216153072	51.79980937518675
1421	-0.05148024092814629	0.10296048185629303	-0.06493530389800262	95.04308216153072	51.79980937518675
1422	0.06756781621819208	-0.07722036139221955	-0.1082255064966714	95.04308216153072	51.79980937518675
1423	0.10296048185629258	0.011583054208832877	0.029250136890992318	95.04308216153072	51.79980937518675
1424	0.0450452108121282	0.015444072278444132	0.15619573099789852	95.04308216153072	51.79980937518675
1425	0.006435030116018092	-0.007722036139222066	0.2925013689099224	95.04308216153072	51.79980937518675
1426	-0.17696332819050298	0.01673107830164744	-0.046215216287767924	95.04308216153072	51.79980937518675
1427	0.25096617452471337	0.12355257822755128	-0.2989363990259405	95.04308216153072	51.79980937518675
1428	-0.18983338842253938	-0.18404186131812317	0.2182060212068021	95.04308216153072	51.79980937518675
1429	0.028957635522082192	0.006435030116018092	-0.015795073921135994	95.04308216153072	51.79980937518675
1430	-0.07078533127620124	-0.037323174672906134	0.05557526009288549	95.04308216153072	51.79980937518675
1431	0.16409326795846635	0.14837340867505033	-0.11466053661268971	95.04308216153072	51.79980937518675
1432	-0.23166108417665843	0.04982551889831344	0.23868111703049671	95.04308216153072	51.79980937518675
1433	0.22200853900263118	-0.08108137946183058	-0.26968626213494834	95.04308216153072	51.79980937518675
1434	-0.08365539150823786	-0.036036168649702605	0.2386811170304965	95.04308216153072	51.79980937518675
1435	0.038610180696109886	0.2702712648727683	0.016380076658955578	95.04308216153072	51.79980937518675
1436	0.016087575290045564	-0.2998724034064524	-0.1708207994433945	95.04308216153072	51.79980937518675
1437	-0.05469775598615545	0.15057970471482784	0.2749512867753271	95.04308216153072	51.79980937518675
1438	-0.12870060232036584	0.05920227706736836	0.432902025986685	95.04308216153072	51.79980937518675
1439	0.19948593359656708	-0.07979437343862683	-0.19890093085874735	95.04308216153072	51.79980937518675
