Timestamp	Open	High	Low	Close	Volume
2024-06-10 14:00:00	1.07403	1.07404	1.0735	1.07381	4769
2024-06-10 14:30:00	1.07381	1.07447	1.07337	1.07337	4643
2024-06-10 15:00:00	1.07337	1.07445	1.07332	1.07424	4709
2024-06-10 15:30:00	1.07425	1.07502	1.07413	1075	2333
2024-06-10 16:00:00	1.07501	1.07587	1075	1.07574	3482
2024-06-10 16:30:00	1.07573	1.07587	1.07537	1.07541	5802
2024-06-10 17:00:00	1.0754	1.0759	1.07504	1.07582	5548
2024-06-10 17:30:00	1.07582	1.07604	1.07571	1.07595	2727
2024-06-10 18:00:00	1.07594	1.07615	1.07572	1.07581	4346
2024-06-10 18:30:00	1.07582	1.07623	1.07566	1.07616	4728
2024-06-10 19:00:00	1.07616	1.07656	1.07611	1.07637	3532
2024-06-10 19:30:00	1.07637	1.07644	1.07623	1.0763	2327
2024-06-10 20:00:00	1.07629	1.07641	1.07613	1.07637	1065
2024-06-10 20:30:00	1.07637	1.07664	1.07633	1.07648	993
2024-06-10 21:00:00	1.07642	1.07648	1.07594	1.07629	879
2024-06-10 21:30:00	1.0763	1.07655	1.07618	1.07654	984
2024-06-10 22:00:00	1.07653	1.07681	1.07648	1.07657	664
2024-06-10 22:30:00	1.07656	1.07656	1.07643	1.07652	591
2024-06-10 23:00:00	1.07652	1.07653	1.0763	1.07632	1254
2024-06-10 23:30:00	1.07633	1.07637	1.07626	1.07633	990
2024-06-11 00:00:00	1.07635	1.07643	1.07612	1.07622	2598
2024-06-11 00:30:00	1.07623	1.07648	1.07616	1.07636	2181
2024-06-11 01:00:00	1.07637	1.07648	1.07623	1.07647	2524
2024-06-11 01:30:00	1.07646	1.07681	1.07631	1.07667	3160
2024-06-11 02:00:00	1.07668	1.07682	1.07648	1.07674	2002
2024-06-11 02:30:00	1.07675	1.07688	1.07669	1.07678	1867
2024-06-11 03:00:00	1.07678	1.0769	1.07666	1.07672	2307
2024-06-11 03:30:00	1.07672	1.07689	1.07665	1.07685	1383
2024-06-11 04:00:00	1.07683	1.07705	1.07677	1.07695	1296
2024-06-11 04:30:00	1.07696	1.07698	1.07679	1.07683	1815
2024-06-11 05:00:00	1.07682	1.07699	1.0768	1.07682	2162
2024-06-11 05:30:00	1.07682	1.07693	1.07642	1.07655	2971
2024-06-11 06:00:00	1.07654	1.07709	1.07654	1.07707	3171
2024-06-11 06:30:00	1.07707	1.07734	1.07674	1.07681	3160
2024-06-11 07:00:00	1.0768	1.07694	1.0761	1.07629	5969
2024-06-11 07:30:00	1.07629	1.07687	1.07625	1.0764	4595
2024-06-11 08:00:00	1.07639	1.07645	1.07571	1.07587	5555
2024-06-11 08:30:00	1.07588	1.07605	1.07435	1.07452	8140
2024-06-11 09:00:00	1.07451	1.07523	1.07403	1.0741	8168
2024-06-11 09:30:00	1.0741	1.07537	1.07409	1.07507	8347
2024-06-11 10:00:00	1.07507	1.07563	1.0742	1.07431	8285
2024-06-11 10:30:00	1.07431	1.07456	1.07365	1.07409	6538
2024-06-11 11:00:00	1.07411	1.07415	1.07248	1.07329	7149
2024-06-11 11:30:00	1.07327	1.07336	1.07237	1.07289	5946
2024-06-11 12:00:00	1.0729	1.07325	1.07242	1.07279	7542
2024-06-11 12:30:00	1.07281	1.07363	1.07264	1.07323	6315
2024-06-11 13:00:00	1.07323	1.07366	1.07209	1.07228	10200
2024-06-11 13:30:00	1.07227	1.07295	1.07194	1.07239	8652
2024-06-11 14:00:00	1.0724	1.07293	1.07197	1.07251	5036
2024-06-11 14:30:00	1.07252	1.07289	1.07208	1.07224	4643
2024-06-11 15:00:00	1.07223	1.0729	1.0722	1.07284	7210
2024-06-11 15:30:00	1.07285	1.07335	1.07278	1.07323	3830
2024-06-11 16:00:00	1.07324	1.07379	1.07324	1.07344	2177
2024-06-11 16:30:00	1.07344	1.07388	1.07336	1.07372	1612
2024-06-11 17:00:00	1.07372	1.0743	1.07366	1.07382	4213
2024-06-11 17:30:00	1.0738	1.07431	1.07369	1.07422	2133
2024-06-11 18:00:00	1.07421	1.07446	1.07406	1.07434	1641
2024-06-11 18:30:00	1.07435	1.07452	1.07418	1.07436	1200
2024-06-11 19:00:00	1.07435	1.07493	1.07434	1.07464	1798
2024-06-11 19:30:00	1.07464	1.07464	1.07401	1.07401	2887
2024-06-11 20:00:00	1.07401	1.07418	1.07396	1.07397	595
2024-06-11 20:30:00	1.07397	1.07413	1.0739	1.07403	638
2024-06-11 21:00:00	1.07404	1.07415	1.07392	1074	680
2024-06-11 21:30:00	1074	1.07422	1074	1.07416	1771
2024-06-11 22:00:00	1.07415	1.07427	1.07409	1.0742	397
2024-06-11 22:30:00	1.0742	1.0742	1.07407	1.07407	541
2024-06-11 23:00:00	1.07408	1.07414	1.07393	1.07396	1112
2024-06-11 23:30:00	1.07397	1.07401	1.07391	1.07399	1127
2024-06-12 00:00:00	1.07398	1.07398	1.07373	1.07376	3741
2024-06-12 00:30:00	1.07376	1.07386	1.07348	1.07359	3079
2024-06-12 01:00:00	1.07359	1.07381	1.07346	1.07371	3812
2024-06-12 01:30:00	1.07371	1.07417	1.07369	1.07398	3389
2024-06-12 02:00:00	1.07399	1.07426	1.07392	1.07416	2741
2024-06-12 02:30:00	1.07417	1.07426	1.07406	1.07418	3132
2024-06-12 03:00:00	1.07418	1.07432	1.0741	1.07415	2551
2024-06-12 03:30:00	1.07416	1.07427	1074	1.07402	2754
2024-06-12 04:00:00	1.07401	1.07405	1.0738	1.07381	1348
2024-06-12 04:30:00	1.07382	1.07382	1.07364	1.07366	2099
2024-06-12 05:00:00	1.07364	1.07399	1.0736	1.07397	3022
2024-06-12 05:30:00	1074	1.0746	1.07398	1.07458	2267
2024-06-12 06:00:00	1.0746	1.07464	1.07411	1.07449	2944
2024-06-12 06:30:00	1.07449	1.0747	1.07389	1.07414	3180
2024-06-12 07:00:00	1.07415	1.07431	1.07355	1.07419	5618
2024-06-12 07:30:00	1.07418	1.07454	1.0739	1.07444	3602
2024-06-12 08:00:00	1.07445	1.07526	1.07444	1.0752	2599
2024-06-12 08:30:00	1.0752	1.07539	1.07453	1.07466	4938
2024-06-12 09:00:00	1.07466	1.07538	1.07441	1.07522	4001
2024-06-12 09:30:00	1.07521	1.07528	1.07478	1.07526	3691
2024-06-12 10:00:00	1.07527	1.07537	1.07489	1.07536	2907
2024-06-12 10:30:00	1.07537	1.07601	1.07525	1.07586	2015
2024-06-12 11:00:00	1.07587	1.07633	1.07572	1.07601	3438
2024-06-12 11:30:00	1.07601	1.07654	1.07589	1.07642	3868
2024-06-12 12:00:00	1.07643	1.0768	1.07621	1.07662	5559
2024-06-12 12:30:00	1.07661	1083	1.07658	1.08265	16703
2024-06-12 13:00:00	1.08264	1.08355	1.08189	1.08353	16319
2024-06-12 13:30:00	1.08353	1.08373	1.08256	1.08366	15305
2024-06-12 14:00:00	1.08366	1.08444	1.08176	1.08422	12795
2024-06-12 14:30:00	1.08423	1.08495	1.0841	1.0848	9834
2024-06-12 15:00:00	1.0848	1.08521	1.08441	1.08503	7261
2024-06-12 15:30:00	1.08504	1.08515	1.08418	1.08423	4322
2024-06-12 16:00:00	1.08424	1.08466	1.08415	1.0842	4230
2024-06-12 16:30:00	1.08421	1.0848	1.0842	1.0844	6974
2024-06-12 17:00:00	1.08441	1.08458	1084	1.08404	4084
2024-06-12 17:30:00	1.08403	1.08417	1.08361	1.08385	3705
2024-06-12 18:00:00	1.08384	1.08417	1.0815	1.08309	37480
2024-06-12 18:30:00	1.08309	1.0836	1.08076	1.08117	44411
2024-06-12 19:00:00	1.08116	1.08181	1.08041	1.08054	13135
2024-06-12 19:30:00	1.08055	1.08119	1.08036	1.08065	9904
2024-06-12 20:00:00	1.08065	1.08111	1.0804	1.08078	1259
2024-06-12 20:30:00	1.08077	1.08116	1.08075	1.08087	1209
2024-06-12 21:00:00	1.08076	1.08111	1.08041	1.08097	2254
2024-06-12 21:30:00	1081	1.0815	1.08097	1.08125	919
2024-06-12 22:00:00	1.08125	1.08125	1.08103	1.08116	560
2024-06-12 22:30:00	1.08117	1.08147	1081	1.08109	1302
2024-06-12 23:00:00	1.08108	1.0815	1.08105	1.08142	1383
2024-06-12 23:30:00	1.08141	1.08149	1.08125	1.08127	2269
2024-06-13 00:00:00	1.08126	1.08156	1.08116	1.08125	3314
2024-06-13 00:30:00	1.08126	1.08143	1.08105	1.08128	2054
2024-06-13 01:00:00	1.08128	1.08157	1.08102	1.0811	2484
2024-06-13 01:30:00	1.08112	1.08142	1.08038	1.08046	4878
2024-06-13 02:00:00	1.08045	1.08082	1.0804	1.08067	2542
2024-06-13 02:30:00	1.08067	1.08085	1.08047	1.0808	3021
2024-06-13 03:00:00	1.08079	1.08091	1.08059	1.08074	2628
2024-06-13 03:30:00	1.08074	1.08075	1.08055	1.08068	1330
2024-06-13 04:00:00	1.08068	1.08071	1.08044	1.08046	1121
2024-06-13 04:30:00	1.08047	1.08048	1.08031	1.08038	1612
2024-06-13 05:00:00	1.08039	1.08039	1.08004	1.08036	2885
2024-06-13 05:30:00	1.08036	1.0807	1.08019	1.08045	2284
2024-06-13 06:00:00	1.08046	1.0807	1.08032	1.08036	3864
2024-06-13 06:30:00	1.08036	1.08065	1.08007	1.08021	3779
2024-06-13 07:00:00	1.0802	1.08136	1.0802	1.08086	6071
2024-06-13 07:30:00	1.08087	1.08163	1.08083	1.08142	3780
2024-06-13 08:00:00	1.08141	1.08144	1.08077	1.08122	5564
2024-06-13 08:30:00	1.08122	1.08125	1.0805	1.08061	6124
2024-06-13 09:00:00	1.08061	1.08114	1.08052	1.08069	3195
2024-06-13 09:30:00	1.08068	1.08071	1.08017	1.08019	4338
2024-06-13 10:00:00	1.08018	1.08094	1.08	1.08082	3701
2024-06-13 10:30:00	1.08083	1.08093	1.07931	1.07942	4167
2024-06-13 11:00:00	1.07941	1.07967	1079	1.07911	4065
2024-06-13 11:30:00	1.07912	1.07912	1.07826	1.07832	4637
2024-06-13 12:00:00	1.07832	1.0794	1.07806	1.07914	5796
2024-06-13 12:30:00	1.07914	1.08162	1.07851	1.07937	21311
2024-06-13 13:00:00	1.07938	1.08038	1.07891	1.08011	14103
2024-06-13 13:30:00	1.0801	1.08077	1.07858	1.07874	11802
2024-06-13 14:00:00	1.07874	1.07904	1.07719	1.07751	9043
2024-06-13 14:30:00	1.0775	1.07751	1.0763	1.07714	9692
2024-06-13 15:00:00	1.07714	1.07722	1.07564	1.07591	6994
2024-06-13 15:30:00	1.07592	1.07664	1.07533	1.07553	7554
2024-06-13 16:00:00	1.07553	1.07556	1.07409	1.07427	7328
2024-06-13 16:30:00	1.07427	1.07435	1.07328	1.07351	6794
2024-06-13 17:00:00	1.07351	1.07404	1.07351	1.07395	4411
2024-06-13 17:30:00	1.07393	1.0744	1.07385	1.07423	3370
2024-06-13 18:00:00	1.07423	1.0743	1.07382	1.07391	3593
2024-06-13 18:30:00	1.0739	1.07406	1.0736	1.07393	2139
2024-06-13 19:00:00	1.07392	1.07417	1.0738	1.07407	1490
2024-06-13 19:30:00	1.07406	1.0743	1.07394	1.07406	1915
2024-06-13 20:00:00	1.07405	1.07432	1.07397	1.07401	899
2024-06-13 20:30:00	1.07401	1.07405	1.07367	1.07368	951
2024-06-13 21:00:00	1.07361	1.07398	1.07335	1.07387	665
2024-06-13 21:30:00	1.07388	1.07395	1.07373	1.07388	730
2024-06-13 22:00:00	1.07387	1.07391	1.07351	1.07383	899
2024-06-13 22:30:00	1.07384	1.07401	1.07375	1.07386	746
2024-06-13 23:00:00	1.07387	1.07404	1.07375	1.07398	738
2024-06-13 23:30:00	1.07398	1.07402	1.0737	1.07374	1102
2024-06-14 00:00:00	1.07374	1.07408	1.07362	1.07372	2608
2024-06-14 00:30:00	1.07369	1.07391	1.07363	1.07363	2155
2024-06-14 01:00:00	1.07363	1.0741	1.07353	1.07399	1872
2024-06-14 01:30:00	1.07399	1.07418	1.07389	1.07415	2598
2024-06-14 02:00:00	1.07415	1.07434	1.07401	1.07418	2739
2024-06-14 02:30:00	1.07418	1.07436	1.07417	1.0743	1063
2024-06-14 03:00:00	1.07428	1.07449	1.0739	1.07392	4267
2024-06-14 03:30:00	1.07392	1.07404	1.07381	1.07401	3498
2024-06-14 04:00:00	1.07401	1.07409	1.07372	1.07379	1410
2024-06-14 04:30:00	1.07379	1.0738	1.0735	1.07362	1446
2024-06-14 05:00:00	1.07362	1.07372	1.07349	1.07353	2061
2024-06-14 05:30:00	1.07352	1.07368	1.07302	1.07306	2764
2024-06-14 06:00:00	1.07305	1.07326	1.07265	1.07269	6117
2024-06-14 06:30:00	1.07269	1.07272	1.07157	1.07249	11861
2024-06-14 07:00:00	1.07248	1.07271	1.0709	1.07169	11532
2024-06-14 07:30:00	1.07171	1.07193	1.0706	1.07075	11202
2024-06-14 08:00:00	1.07075	1.07117	1.07027	1.07034	10173
2024-06-14 08:30:00	1.07035	1.07049	1.06896	1.06917	11235
2024-06-14 09:00:00	1.06917	1.0692	1068	1.06805	9088
2024-06-14 09:30:00	1.06805	1.06886	1.06717	1.06873	12886
2024-06-14 10:00:00	1.06871	1.06959	1.06792	1.06898	10221
2024-06-14 10:30:00	1.06897	1.06988	1.06872	1.06978	7783
2024-06-14 11:00:00	1.06978	1.07014	1.06937	1.07011	5352
2024-06-14 11:30:00	1.07011	1.07058	1.06925	1.06938	7889
2024-06-14 12:00:00	1.06939	1.06949	1.06837	1.06854	10637
2024-06-14 12:30:00	1.06854	1.06951	1.06791	1.06892	11457
2024-06-14 13:00:00	1.06894	1.06923	1.06738	1.06739	9600
2024-06-14 13:30:00	1.0674	1.06794	1.06676	1.06692	9697
2024-06-14 14:00:00	1.0669	1.0683	1.06682	1.06788	10344
2024-06-14 14:30:00	1.06787	1.06877	1.06697	1.0687	9835
2024-06-14 15:00:00	1.0687	1.06987	1.06834	1.06984	6934
2024-06-14 15:30:00	1.06984	1.06998	1.06943	1.06987	5842
2024-06-14 16:00:00	1.06986	1.06991	1.0693	1.06972	3011
2024-06-14 16:30:00	1.06972	1.07018	1.06972	1.07004	2948
2024-06-14 17:00:00	1.07005	1.07045	1.06983	1.07002	2760
2024-06-14 17:30:00	1.07003	1.07027	1.06968	1.0698	2702
2024-06-14 18:00:00	1.06981	1.06994	1.06945	1.06969	2556
2024-06-14 18:30:00	1.06969	1.07005	1.06946	1.06995	3046
2024-06-14 19:00:00	1.06995	1.07031	1.06988	1.07031	1659
2024-06-14 19:30:00	1.0703	1.0706	1.07025	1.07059	928
2024-06-14 20:00:00	1.0706	1.07069	1.07037	1.07067	1195
2024-06-14 20:30:00	1.07068	1.07075	1.06975	1.07025	2075
2024-06-16 21:00:00	1.07028	1.07084	1.07028	1.0706	157
2024-06-16 21:30:00	1.07061	1.07061	1.06995	1.07045	291
2024-06-16 22:00:00	1.07044	1.07089	1.07033	1.0706	1228
2024-06-16 22:30:00	1.07059	1.07077	1.07054	1.07065	2783
2024-06-16 23:00:00	1.07067	1.07073	1.07026	1.07037	2986
2024-06-16 23:30:00	1.07036	1.07044	1.07017	1.07025	2266
2024-06-17 00:00:00	1.07026	1.07061	1.07004	1.07055	4020
2024-06-17 00:30:00	1.07056	1.07072	1.07037	1.07039	1998
2024-06-17 01:00:00	1.07039	1.07042	1.07	1.07003	3746
2024-06-17 01:30:00	1.07004	1.07025	1.06992	1.07015	2419
2024-06-17 02:00:00	1.07014	1.07046	1.06989	1.07026	2442
2024-06-17 02:30:00	1.07025	1.07047	1.0702	1.0704	1951
2024-06-17 03:00:00	1.07039	1.07043	1.07017	1.07031	2067
2024-06-17 03:30:00	1.07032	1.07046	1.07027	1.07036	1670
2024-06-17 04:00:00	1.07037	1.07051	1.0702	1.07051	1082
2024-06-17 04:30:00	1.07051	1.07054	1.07036	1.0704	2144
2024-06-17 05:00:00	1.0704	1.07046	1.07019	1.07045	1963
2024-06-17 05:30:00	1.07044	1.07051	1.06991	1.06996	3098
2024-06-17 06:00:00	1.06996	1.06996	1.06863	1.06956	9467
2024-06-17 06:30:00	1.06955	1.07037	1.06918	1.06976	7945
2024-06-17 07:00:00	1.06977	1.07088	1.06944	1.07063	8112
2024-06-17 07:30:00	1.07064	1.07082	1.06921	1.07006	6979
2024-06-17 08:00:00	1.07005	1.07122	1.06995	1.07102	8412
2024-06-17 08:30:00	1.07101	1.07116	1.07038	1.07071	7734
2024-06-17 09:00:00	1.07072	1.07137	1.07069	1.07111	5172
2024-06-17 09:30:00	1.07108	1.07146	1.07092	1.0711	5246
2024-06-17 10:00:00	1.07111	1.07135	1.0702	1.0704	6449
2024-06-17 10:30:00	1.07039	1.07122	1.07022	1.07101	3850
2024-06-17 11:00:00	1071	1.07167	1.07092	1.07156	3445
2024-06-17 11:30:00	1.07156	1.07178	1.07089	1.07094	4842
2024-06-17 12:00:00	1.07095	1.07152	1.07082	1.07137	4743
2024-06-17 12:30:00	1.07136	1.07138	1.0707	1.07137	5515
2024-06-17 13:00:00	1.07137	1.07207	1.07137	1.0717	5378
2024-06-17 13:30:00	1.0717	1.07194	1.07121	1.0716	7655
2024-06-17 14:00:00	1.07161	1.07183	1.07117	1.07147	7251
2024-06-17 14:30:00	1.07147	1.07179	1.07131	1.07161	4856
2024-06-17 15:00:00	1.07159	1.07247	1.07152	1.07219	4044
2024-06-17 15:30:00	1.07218	1.07233	1.07168	1.07222	4228
2024-06-17 16:00:00	1.07223	1.07263	1.07207	1.07263	3843
2024-06-17 16:30:00	1.07263	1.07277	1.07209	1.07251	3484
2024-06-17 17:00:00	1.0725	1.07272	1.07237	1.07239	1803
2024-06-17 17:30:00	1.07239	1.0726	1.07233	1.07259	1779
2024-06-17 18:00:00	1.0726	1.07329	1.07257	1.07314	2558
2024-06-17 18:30:00	1.07313	1.07378	1.07306	1.07361	5209
2024-06-17 19:00:00	1.07362	1.07363	1.07302	1.07318	4864
2024-06-17 19:30:00	1.07318	1.07338	1.0731	1.07321	2351
2024-06-17 20:00:00	1.07322	1.07344	1.07322	1.07333	658
2024-06-17 20:30:00	1.07332	1.07359	1.07328	1.07339	718
2024-06-17 21:00:00	1.07336	1.07336	1.07304	1.07313	288
2024-06-17 21:30:00	1.07313	1.07333	1.07306	1.07314	312
2024-06-17 22:00:00	1.07322	1.0736	1.0732	1.07355	416
2024-06-17 22:30:00	1.07354	1074	1.07354	1.07376	378
2024-06-17 23:00:00	1.07376	1.07392	1.07347	1.07388	786
2024-06-17 23:30:00	1.07387	1.0741	1.07387	1.07398	484
2024-06-18 00:00:00	1074	1.07407	1.07363	1.07367	1344
2024-06-18 00:30:00	1.07368	1.07383	1.07355	1.07359	1238
2024-06-18 01:00:00	1.07359	1.07368	1.07282	1.07295	2486
2024-06-18 01:30:00	1.07297	1.07313	1.07269	1.07277	1930
2024-06-18 02:00:00	1.07276	1.07282	1.07246	1.07256	1484
2024-06-18 02:30:00	1.07255	1.07271	1.07241	1.07243	1305
2024-06-18 03:00:00	1.07242	1.07242	1.0721	1.0722	1090
2024-06-18 03:30:00	1.07221	1.0725	1.07209	1.07246	905
2024-06-18 04:00:00	1.07246	1.07263	1.0724	1.07249	1322
2024-06-18 04:30:00	1.0725	1.07255	1.07201	1.07214	2282
2024-06-18 05:00:00	1.07213	1.0722	1.07191	1.07191	2060
2024-06-18 05:30:00	1.0719	1.07234	1.07182	1.07231	1930
2024-06-18 06:00:00	1.07231	1.07317	1.07227	1.07276	2476
2024-06-18 06:30:00	1.07276	1.07336	1.07254	1.07331	3714
2024-06-18 07:00:00	1.0733	1.07351	1.07306	1.07337	3771
2024-06-18 07:30:00	1.07338	1.0734	1.07227	1.07233	3602
2024-06-18 08:00:00	1.07232	1.07246	1.07184	1.07203	4662
2024-06-18 08:30:00	1.07204	1.07215	1.07149	1.07192	5894
2024-06-18 09:00:00	1.07192	1.07256	1.07152	1.07193	7274
2024-06-18 09:30:00	1.07193	1.07254	1.07169	1.07196	5144
2024-06-18 10:00:00	1.07196	1.07207	1.07167	1.07182	4152
2024-06-18 10:30:00	1.07185	1.07204	1.07153	1.07178	3579
2024-06-18 11:00:00	1.0718	1.07182	1.07133	1.07152	4048
2024-06-18 11:30:00	1.07151	1.07172	1.07099	1.07162	3452
2024-06-18 12:00:00	1.07163	1.0717	1.07106	1.07137	5022
2024-06-18 12:30:00	1.07139	1.0734	1.07139	1.07311	16726
2024-06-18 13:00:00	1.07311	1.07353	1073	1.07317	6531
2024-06-18 13:30:00	1.07318	1.07497	1.07313	1.07484	8232
2024-06-18 14:00:00	1.07484	1.07615	1.07415	1.07575	10192
2024-06-18 14:30:00	1.07575	1.07595	1.07364	1.07382	9178
2024-06-18 15:00:00	1.07383	1.07422	1.07343	1.07364	8287
2024-06-18 15:30:00	1.07364	1.07417	1.07342	1.07385	4023
2024-06-18 16:00:00	1.07387	1.07425	1.07363	1.07376	4535
2024-06-18 16:30:00	1.07375	1.07422	1.07368	1.07392	2547
2024-06-18 17:00:00	1.07393	1.07433	1.07339	1.07375	3532
2024-06-18 17:30:00	1.07375	1.07408	1.07335	1.07351	2189
2024-06-18 18:00:00	1.0735	1.07381	1.07332	1.07333	2148
2024-06-18 18:30:00	1.07334	1.07403	1.07321	1.07397	1805
2024-06-18 19:00:00	1.07395	1.07395	1.07361	1.07367	1615
2024-06-18 19:30:00	1.07368	1.07389	1.07362	1.07389	1775
2024-06-18 20:00:00	1.07389	1.07408	1.07383	1.07399	568
2024-06-18 20:30:00	1.07399	1.07399	1.07378	1.07397	531
2024-06-18 21:00:00	1.07397	1.07408	1.07359	1.07402	508
2024-06-18 21:30:00	1.07402	1.07405	1.07397	1.07402	249
2024-06-18 22:00:00	1.07405	1.07411	1.07399	1.07403	348
2024-06-18 22:30:00	1.07403	1.07409	1.07396	1.07406	127
2024-06-18 23:00:00	1.07408	1.07411	1.07396	1.07402	208
2024-06-18 23:30:00	1.07403	1.07405	1.07386	1.07386	441
2024-06-19 00:00:00	1.07385	1.07395	1.07374	1.07379	1107
2024-06-19 00:30:00	1.0738	1.07388	1.07366	1.07374	993
2024-06-19 01:00:00	1.07374	1.07381	1.07353	1.07356	1390
2024-06-19 01:30:00	1.07357	1.07417	1.07356	1.07406	1601
2024-06-19 02:00:00	1.07407	1.07412	1.07385	1.07395	718
2024-06-19 02:30:00	1.07395	1.07423	1.07375	1.07386	1583
2024-06-19 03:00:00	1.07386	1.07404	1.07381	1.07392	951
2024-06-19 03:30:00	1.07393	1.07394	1.07368	1.07377	1003
2024-06-19 04:00:00	1.07377	1.07377	1.07355	1.07361	864
2024-06-19 04:30:00	1.0736	1.07368	1.07352	1.07357	599
2024-06-19 05:00:00	1.07358	1.0737	1.07352	1.07367	852
2024-06-19 05:30:00	1.07368	1.07387	1.0736	1.07378	1281
2024-06-19 06:00:00	1.07379	1.07414	1.07328	1.07394	2503
2024-06-19 06:30:00	1.07394	1.07394	1.07276	1.07312	3077
2024-06-19 07:00:00	1.0731	1.07408	1.07248	1.07301	5324
2024-06-19 07:30:00	1.07301	1.07387	1.07271	1.07367	3637
2024-06-19 08:00:00	1.07367	1.07404	1.07341	1.07378	5534
2024-06-19 08:30:00	1.07378	1.07417	1.07372	1.07403	4857
2024-06-19 09:00:00	1.07403	1.0744	1.07355	1.07412	6902
2024-06-19 09:30:00	1.07413	1.07414	1.07325	1.07371	7179
2024-06-19 10:00:00	1.07372	1.07444	1.07352	1.07425	3250
2024-06-19 10:30:00	1.07425	1.07522	1.07398	1075	3686
2024-06-19 11:00:00	1.07502	1.07533	1.07485	1.07495	4162
2024-06-19 11:30:00	1.07494	1.07524	1.07467	1.07508	3915
2024-06-19 12:00:00	1.07509	1.07529	1.07444	1.07448	4959
2024-06-19 12:30:00	1.07449	1.07488	1.07424	1.07458	4216
2024-06-19 13:00:00	1.07461	1.07482	1.07411	1.07419	3330
2024-06-19 13:30:00	1.07421	1.07449	1.07408	1.07435	1836
2024-06-19 14:00:00	1.07435	1.07505	1.07429	1.07497	2177
2024-06-19 14:30:00	1.07496	1.07507	1.07466	1.07481	3443
2024-06-19 15:00:00	1.07482	1.07491	1.07412	1.07437	2527
2024-06-19 15:30:00	1.07437	1.07494	1.07432	1.07492	873
2024-06-19 16:00:00	1.07491	1.07491	1.07472	1.07479	758
2024-06-19 16:30:00	1.0748	1.07482	1.07463	1.0747	586
2024-06-19 17:00:00	1.0747	1.07472	1.07455	1.07462	321
2024-06-19 17:30:00	1.07462	1.07462	1.07441	1.07444	389
2024-06-19 18:00:00	1.07444	1.07445	1.07426	1.07426	224
2024-06-19 18:30:00	1.07425	1.07432	1.07424	1.07431	278
2024-06-19 19:00:00	1.07431	1.07439	1.07426	1.07439	342
2024-06-19 19:30:00	1.07438	1.07454	1.07434	1.07448	347
2024-06-19 20:00:00	1.07445	1.07452	1.07436	1.07436	217
2024-06-19 20:30:00	1.07438	1.07446	1.07419	1.07422	370
2024-06-19 21:00:00	1.07422	1.07456	1.07412	1.07442	472
2024-06-19 21:30:00	1.07442	1.0745	1.07433	1.07446	287
2024-06-19 22:00:00	1.07445	1.07466	1.07441	1.07444	867
2024-06-19 22:30:00	1.07446	1.07462	1.07441	1.07458	998
2024-06-19 23:00:00	1.07458	1.07481	1.07454	1.07481	440
2024-06-19 23:30:00	1.07482	1.07487	1.07469	1.0747	1118
2024-06-20 00:00:00	1.07469	1.07469	1.0745	1.07463	2299
2024-06-20 00:30:00	1.07462	1.07483	1.07454	1.07461	2507
2024-06-20 01:00:00	1.07462	1.07479	1.07428	1.07445	3813
2024-06-20 01:30:00	1.07446	1.07467	1.0742	1.07455	3622
2024-06-20 02:00:00	1.07455	1.07455	1.0742	1.07433	2631
2024-06-20 02:30:00	1.07433	1.07433	1.07388	1.07394	2411
2024-06-20 03:00:00	1.07394	1.07417	1.0739	1.07414	2081
2024-06-20 03:30:00	1.07415	1.0742	1.07401	1.07419	1999
2024-06-20 04:00:00	1.07419	1.07449	1.07409	1.07442	1099
2024-06-20 04:30:00	1.07441	1.07442	1.07418	1.07426	1316
2024-06-20 05:00:00	1.07425	1.07434	1.07386	1.07395	1456
2024-06-20 05:30:00	1.07396	1.07405	1.07371	1.07373	2529
2024-06-20 06:00:00	1.07373	1.07383	1.07321	1.07373	3980
2024-06-20 06:30:00	1.07372	1.07372	1.07305	1.07327	3130
2024-06-20 07:00:00	1.07326	1.07341	1.07308	1.07334	2673
2024-06-20 07:30:00	1.07335	1.07362	1.07243	1.07247	5367
2024-06-20 08:00:00	1.07246	1.07246	1.07126	1.07146	6577
2024-06-20 08:30:00	1.07145	1.07196	1.07134	1.07167	4107
2024-06-20 09:00:00	1.07167	1.07248	1.07141	1.07151	5428
2024-06-20 09:30:00	1.07151	1.07279	1.07151	1.07252	3398
2024-06-20 10:00:00	1.07252	1.07307	1.07244	1.0727	3603
2024-06-20 10:30:00	1.07269	1.07316	1.07266	1.07285	3282
2024-06-20 11:00:00	1.07287	1.07321	1.07262	1.07285	5958
2024-06-20 11:30:00	1.07284	1.07313	1.07128	1.07147	5918
2024-06-20 12:00:00	1.07147	1.0726	1.07131	1.07247	6198
2024-06-20 12:30:00	1.07248	1.07307	1.07172	1.0719	12854
2024-06-20 13:00:00	1.07191	1.07243	1.07165	1.07239	7434
2024-06-20 13:30:00	1.07238	1.07287	1.07207	1.07244	7802
2024-06-20 14:00:00	1.07245	1.07307	1.0723	1.07285	5893
2024-06-20 14:30:00	1.07285	1.07305	1.07208	1.07217	7512
2024-06-20 15:00:00	1.07217	1.07225	1.07118	1.07156	6734
2024-06-20 15:30:00	1.07157	1.07194	1.0707	1.07073	4760
2024-06-20 16:00:00	1.07072	1.07099	1.0705	1.0708	3258
2024-06-20 16:30:00	1.07081	1.07105	1.07033	1.0707	3032
2024-06-20 17:00:00	1.07071	1.07094	1.07042	1.07067	3573
2024-06-20 17:30:00	1.07067	1.07081	1.07039	1.07069	2899
2024-06-20 18:00:00	1.0707	1.07177	1.0707	1.07164	2450
2024-06-20 18:30:00	1.07163	1.07173	1.07099	1.07103	3844
2024-06-20 19:00:00	1.07103	1.07111	1.07035	1.07063	2897
2024-06-20 19:30:00	1.07062	1.07084	1.07037	1.0705	3566
2024-06-20 20:00:00	1.0705	1.07059	1.07019	1.07025	1088
2024-06-20 20:30:00	1.07026	1.07039	1.07016	1.07016	780
2024-06-20 21:00:00	1.07014	1.07039	1.07012	1.07034	183
2024-06-20 21:30:00	1.07039	1.07042	1.07029	1.0704	451
2024-06-20 22:00:00	1.07041	1.07041	1.07012	1.07022	544
2024-06-20 22:30:00	1.07024	1.07029	1.07018	1.07023	664
2024-06-20 23:00:00	1.07023	1.07075	1.07019	1.07069	1458
2024-06-20 23:30:00	1.07069	1.0707	1.07048	1.07059	1335
2024-06-21 00:00:00	1.07059	1.07071	1.07033	1.07054	2687
2024-06-21 00:30:00	1.07054	1.07075	1.07044	1.07065	3370
2024-06-21 01:00:00	1.07065	1.07088	1.0705	1.07081	4346
2024-06-21 01:30:00	1.07082	1.07106	1.07066	1.07101	3999
2024-06-21 02:00:00	1.07102	1.07137	1.07102	1.07136	3441
2024-06-21 02:30:00	1.07137	1.07175	1.07136	1.07168	2589
2024-06-21 03:00:00	1.07167	1.07167	1.07136	1.07155	3493
2024-06-21 03:30:00	1.07154	1.07163	1.07149	1.07162	1923
2024-06-21 04:00:00	1.07162	1.07163	1.07152	1.07162	780
2024-06-21 04:30:00	1.07162	1.07184	1.07155	1.07184	2019
2024-06-21 05:00:00	1.07184	1.07197	1.07179	1.07193	2556
2024-06-21 05:30:00	1.07194	1.07198	1.0715	1.07178	2882
2024-06-21 06:00:00	1.07178	1.07205	1.07164	1.07178	3932
2024-06-21 06:30:00	1.07179	1.0718	1.07083	1.07099	6503
2024-06-21 07:00:00	1071	1.07102	1.06905	1.06983	8565
2024-06-21 07:30:00	1.06982	1.06982	1.0671	1.06777	13380
2024-06-21 08:00:00	1.06776	1.06897	1.06759	1.06842	7460
2024-06-21 08:30:00	1.06842	1.06955	1.06815	1.06909	6304
2024-06-21 09:00:00	1.06909	1.06935	1.06833	1.06869	5942
2024-06-21 09:30:00	1.06867	1.06981	1.06866	1.06978	4713
2024-06-21 10:00:00	1.06978	1.06981	1.06861	1.06898	4213
2024-06-21 10:30:00	1.06898	1.06902	1.06765	1.06808	5295
2024-06-21 11:00:00	1.06809	1.06868	1.06797	1.06863	3882
2024-06-21 11:30:00	1.06863	1069	1.06832	1.06889	3985
2024-06-21 12:00:00	1.0689	1.06933	1.06847	1.06932	6408
2024-06-21 12:30:00	1.06932	1.06952	1.06876	1.06947	5464
2024-06-21 13:00:00	1.06947	1.06977	1.06874	1.06928	7593
2024-06-21 13:30:00	1.06928	1.06971	1.06779	1.06823	11405
2024-06-21 14:00:00	1.06823	1.0696	1.06808	1.06957	9625
2024-06-21 14:30:00	1.06956	1.06976	1.06795	1.06814	8970
2024-06-21 15:00:00	1.06815	1.06872	1.06804	1.06841	7874
2024-06-21 15:30:00	1.06841	1.06944	1.06826	1.06936	3999
2024-06-21 16:00:00	1.06937	1.06955	1.06901	1.06901	3077
2024-06-21 16:30:00	1.06901	1.0696	1.06895	1.06921	2458
2024-06-21 17:00:00	1.06921	1.06932	1.06907	1.06922	2041
2024-06-21 17:30:00	1.06921	1.06942	1.06907	1.06932	2477
2024-06-21 18:00:00	1.06931	1.06964	1.06917	1.06957	1700
2024-06-21 18:30:00	1.06956	1.06967	1.06936	1.06948	1600
2024-06-21 19:00:00	1.06947	1.06968	1.06935	1.06936	1836
2024-06-21 19:30:00	1.06935	1.06943	1.06909	1.06916	2131
2024-06-21 20:00:00	1.06916	1.0695	1.0691	1.06939	1035
2024-06-21 20:30:00	1.06939	1.06945	1.06915	1.06918	2193
2024-06-23 21:00:00	1.06849	1.06923	1.06849	1.06894	444
2024-06-23 21:30:00	1.06896	1.06904	1.06891	1.06901	742
2024-06-23 22:00:00	1.06904	1.0693	1.06899	1.06919	786
2024-06-23 22:30:00	1.0692	1.06937	1.06908	1.06937	1105
2024-06-23 23:00:00	1.06938	1.06955	1.06912	1.06912	1811
2024-06-23 23:30:00	1.06912	1.06914	1.06873	1.06877	1960
2024-06-24 00:00:00	1.06878	1.06887	1.06847	1.06885	2094
2024-06-24 00:30:00	1.06885	1.06936	1.06884	1.06917	1411
2024-06-24 01:00:00	1.06916	1.06926	1.06837	1.06879	3990
2024-06-24 01:30:00	1.06879	1.06911	1.06852	1.06906	3084
2024-06-24 02:00:00	1.06908	1.06931	1.06891	1.06924	417
2024-06-24 02:30:00	1.06925	1.06934	1.0688	1.06892	326
2024-06-24 03:00:00	1.06893	1.06919	1.06891	1.06913	577
2024-06-24 03:30:00	1.06914	1.06935	1.06909	1.06916	367
2024-06-24 04:00:00	1.06916	1.06933	1.06914	1.06927	348
2024-06-24 04:30:00	1.06927	1.06946	1.06925	1.06945	377
2024-06-24 05:00:00	1.06944	1.06982	1.06944	1.06963	467
2024-06-24 05:30:00	1.06965	1.06995	1.06965	1.06986	399
2024-06-24 06:00:00	1.06987	1.07063	1.06973	1.07037	1312
2024-06-24 06:30:00	1.07038	1.07072	1.0701	1.07032	929
2024-06-24 07:00:00	1.07031	1.07087	1.07023	1.07041	1449
2024-06-24 07:30:00	1.07041	1.07149	1.07036	1.07125	1740
2024-06-24 08:00:00	1.07126	1.07168	1.07088	1.07142	2575
2024-06-24 08:30:00	1.07141	1.07178	1.07113	1.07135	4407
2024-06-24 09:00:00	1.07134	1.07264	1.07131	1.07247	5144
2024-06-24 09:30:00	1.07246	1.0729	1.07219	1.07226	4242
2024-06-24 10:00:00	1.07225	1.07259	1.07195	1.07213	8680
2024-06-24 10:30:00	1.07212	1.07307	1072	1.07301	3932
2024-06-24 11:00:00	1073	1.07341	1.07266	1.07283	5237
2024-06-24 11:30:00	1.07286	1.07358	1.07268	1.07357	5039
2024-06-24 12:00:00	1.07357	1.07357	1.07263	1.07289	6797
2024-06-24 12:30:00	1.0729	1.07348	1.07262	1.07345	6869
2024-06-24 13:00:00	1.07345	1.07409	1.07345	1.07378	8289
2024-06-24 13:30:00	1.0738	1.07435	1.07357	1.07427	5220
2024-06-24 14:00:00	1.07426	1.07463	1.07326	1.07327	9495
2024-06-24 14:30:00	1.07327	1.07358	1.07271	1.07299	5937
2024-06-24 15:00:00	1073	1.0733	1.07262	1.07279	3335
2024-06-24 15:30:00	1.0728	1.0731	1.07233	1.0727	3302
2024-06-24 16:00:00	1.07272	1.07314	1.07261	1.07273	2755
2024-06-24 16:30:00	1.07272	1.07294	1.07272	1.07276	2159
2024-06-24 17:00:00	1.07277	1.07277	1.07226	1.07235	2615
2024-06-24 17:30:00	1.07235	1.07264	1.0722	1.07249	1886
2024-06-24 18:00:00	1.0725	1.07318	1.07243	1.07316	1737
2024-06-24 18:30:00	1.07316	1.07375	1.07316	1.07355	1519
2024-06-24 19:00:00	1.07355	1.07367	1.07342	1.07356	2327
2024-06-24 19:30:00	1.07356	1.07382	1.07346	1.07361	3666
2024-06-24 20:00:00	1.07358	1.07373	1.0735	1.07356	1764
2024-06-24 20:30:00	1.07355	1.07358	1.07319	1.07319	1451
2024-06-24 21:00:00	1.07316	1.07338	1.07313	1.07337	283
2024-06-24 21:30:00	1.07338	1.07338	1.07322	1.07333	674
2024-06-24 22:00:00	1.07332	1.07345	1.07318	1.07343	1119
2024-06-24 22:30:00	1.07343	1.07344	1.07328	1.07328	419
2024-06-24 23:00:00	1.07329	1.07329	1.07308	1.07318	824
2024-06-24 23:30:00	1.07319	1.07328	1.07313	1.07322	1197
2024-06-25 00:00:00	1.07322	1.07356	1.07319	1.0733	2477
2024-06-25 00:30:00	1.0733	1.07355	1.07325	1.07341	2650
2024-06-25 01:00:00	1.07341	1.07359	1.07322	1.07325	2160
2024-06-25 01:30:00	1.07325	1.07355	1.07323	1.07345	1687
2024-06-25 02:00:00	1.07346	1.0736	1.07339	1.07357	1997
2024-06-25 02:30:00	1.07358	1.07369	1.07351	1.07369	1786
2024-06-25 03:00:00	1.07369	1.07394	1.07364	1.07366	996
2024-06-25 03:30:00	1.07366	1.07389	1.07358	1.07385	1282
2024-06-25 04:00:00	1.07385	1.07386	1.07364	1.07377	1075
2024-06-25 04:30:00	1.07377	1074	1.07365	1.07395	1063
2024-06-25 05:00:00	1.07396	1.07441	1.07395	1.07433	890
2024-06-25 05:30:00	1.07433	1.07437	1.07409	1.07415	1346
2024-06-25 06:00:00	1.07416	1.07416	1.07343	1.07347	4657
2024-06-25 06:30:00	1.07347	1.07376	1.07313	1.07318	3323
2024-06-25 07:00:00	1.07317	1.07328	1.07208	1.07248	7274
2024-06-25 07:30:00	1.07248	1.07296	1.0724	1.0727	5712
2024-06-25 08:00:00	1.07269	1.07315	1.07254	1.07301	3780
2024-06-25 08:30:00	1.07299	1.07358	1.07294	1.07342	3985
2024-06-25 09:00:00	1.0734	1.07352	1.07266	1.0728	3116
2024-06-25 09:30:00	1.07278	1.07307	1.07232	1.07245	3585
2024-06-25 10:00:00	1.07245	1.07302	1.07239	1.07272	3926
2024-06-25 10:30:00	1.07273	1.07277	1.07211	1.07233	3032
2024-06-25 11:00:00	1.07232	1.07242	1.07142	1.07145	5029
2024-06-25 11:30:00	1.07146	1.0715	1.07091	1.07093	4630
2024-06-25 12:00:00	1.07093	1.07149	1.07091	1.07099	3506
2024-06-25 12:30:00	1.07097	1.07124	1.07022	1.07048	6364
2024-06-25 13:00:00	1.07048	1.0713	1.07031	1.07039	3849
2024-06-25 13:30:00	1.07039	1.0708	1.07001	1.07025	6650
2024-06-25 14:00:00	1.07025	1.07032	1.06906	1.06941	9265
2024-06-25 14:30:00	1.0694	1.07013	1.06927	1.07005	4709
2024-06-25 15:00:00	1.07006	1.07084	1.07005	1.07058	6734
2024-06-25 15:30:00	1.07057	1.07093	1.07031	1.07039	4668
2024-06-25 16:00:00	1.0704	1.07086	1.07029	1.07076	3041
2024-06-25 16:30:00	1.07077	1.07082	1.0702	1.07045	2920
2024-06-25 17:00:00	1.07045	1.07114	1.07044	1.07114	2358
2024-06-25 17:30:00	1.07112	1.07144	1.07089	1.07134	1977
2024-06-25 18:00:00	1.07134	1.07172	1.07121	1.07171	1404
2024-06-25 18:30:00	1.0717	1.07172	1.07145	1.0716	2466
2024-06-25 19:00:00	1.0716	1.07174	1.07139	1.07172	2697
2024-06-25 19:30:00	1.07171	1.07175	1.07152	1.07159	1298
2024-06-25 20:00:00	1.07159	1.07159	1.07111	1.07114	855
2024-06-25 20:30:00	1.07113	1.07146	1.07111	1.07139	962
2024-06-25 21:00:00	1.07136	1.07141	1.07072	1.07138	581
2024-06-25 21:30:00	1.0714	1.07143	1.07119	1.07126	1040
2024-06-25 22:00:00	1.07125	1.07151	1.07122	1.07148	699
2024-06-25 22:30:00	1.07149	1.07151	1.07123	1.07123	752
2024-06-25 23:00:00	1.07124	1.07124	1.07097	1.07097	1820
2024-06-25 23:30:00	1.07098	1.07101	1.07088	1.07091	1274
2024-06-26 00:00:00	1.0709	1.07102	1.07061	1.07097	1942
2024-06-26 00:30:00	1.07098	1.07125	1.07083	1.07114	972
2024-06-26 01:00:00	1.07113	1.07157	1.07113	1.07134	2171
2024-06-26 01:30:00	1.07135	1.07164	1.07108	1.07157	4338
2024-06-26 02:00:00	1.07158	1.07179	1.07147	1.07152	3436
2024-06-26 02:30:00	1.07152	1.07153	1.07086	1071	2006
2024-06-26 03:00:00	1.07099	1.07119	1.07094	1.07115	1279
2024-06-26 03:30:00	1.07115	1.07125	1.07099	1.0711	1496
2024-06-26 04:00:00	1.07109	1.07112	1.07074	1.07112	1405
2024-06-26 04:30:00	1.07113	1.07115	1.07091	1.07103	2080
2024-06-26 05:00:00	1.07104	1.07112	1.07053	1.07057	1660
2024-06-26 05:30:00	1.07056	1.07064	1.07022	1.07037	2425
2024-06-26 06:00:00	1.07038	1.07055	1.06993	1.07016	3803
2024-06-26 06:30:00	1.07015	1.07034	1.06937	1.06948	5115
2024-06-26 07:00:00	1.06948	1.06958	1.06852	1.06882	4964
2024-06-26 07:30:00	1.06882	1.06953	1.06856	1.06938	4993
2024-06-26 08:00:00	1.06937	1.06998	1.06923	1.0699	6112
2024-06-26 08:30:00	1.0699	1.06992	1.06901	1.06947	4857
2024-06-26 09:00:00	1.06947	1.06995	1.06947	1.06968	3780
2024-06-26 09:30:00	1.06969	1.06971	1.06881	1.06888	3690
2024-06-26 10:00:00	1.06889	1.06889	1.0682	1.06828	2857
2024-06-26 10:30:00	1.06828	1.06878	1.06826	1.06849	3431
2024-06-26 11:00:00	1.06849	1.06868	1.06808	1.0681	6651
2024-06-26 11:30:00	1.06809	1.06947	1.06795	1.0694	4508
2024-06-26 12:00:00	1.06941	1.06944	1.06855	1.06863	8860
2024-06-26 12:30:00	1.06863	1.06868	1.0677	1.0677	7686
2024-06-26 13:00:00	1.06771	1.06822	1.06692	1.06701	7727
2024-06-26 13:30:00	1.06702	1.06813	1.0666	1.06745	9005
2024-06-26 14:00:00	1.06746	1.06883	1.06744	1.06846	10018
2024-06-26 14:30:00	1.06846	1.06958	1.06801	1.06801	11650
2024-06-26 15:00:00	1068	1.06832	1.06743	1.06821	8328
2024-06-26 15:30:00	1.0682	1.06873	1.06805	1.06818	5469
2024-06-26 16:00:00	1.06818	1.06872	1.06793	1.0686	4595
2024-06-26 16:30:00	1.0686	1.06877	1.06807	1.0682	4023
2024-06-26 17:00:00	1.0682	1.06887	1.06814	1.06887	4176
2024-06-26 17:30:00	1.06888	1.06908	1.06821	1.06856	3194
2024-06-26 18:00:00	1.06854	1.06855	1.06786	1.06794	2806
2024-06-26 18:30:00	1.06795	1.06808	1.06782	1.06799	1832
2024-06-26 19:00:00	1.06798	1.06799	1.0675	1.06768	1744
2024-06-26 19:30:00	1.06766	1.06814	1.06751	1.0681	1104
2024-06-26 20:00:00	1.06809	1.06815	1.06776	1.06779	516
2024-06-26 20:30:00	1.06779	1.06806	1.06776	1.06799	724
2024-06-26 21:00:00	1.06798	1.06813	1.06781	1.06796	462
2024-06-26 21:30:00	1.06797	1.0681	1.06791	1.06799	602
2024-06-26 22:00:00	1.06799	1.0682	1.06795	1.06799	708
2024-06-26 22:30:00	1.06801	1.06807	1.06796	1.06804	540
2024-06-26 23:00:00	1.06806	1.06806	1.06777	1.06799	1345
2024-06-26 23:30:00	1.06799	1.06813	1.06797	1.06797	975
2024-06-27 00:00:00	1.06798	1.06816	1.06783	1.06795	2273
2024-06-27 00:30:00	1.06795	1.0681	1.0677	1.06781	3569
2024-06-27 01:00:00	1.06782	1.06848	1.06777	1.06845	2794
2024-06-27 01:30:00	1.06845	1.06895	1.06841	1.06886	3303
2024-06-27 02:00:00	1.06886	1.06915	1.06881	1.0691	2914
2024-06-27 02:30:00	1.0691	1.06913	1.06881	1.06892	2656
2024-06-27 03:00:00	1.06892	1.06916	1.06881	1.06911	1692
2024-06-27 03:30:00	1.06912	1.06923	1.06905	1.06908	1642
2024-06-27 04:00:00	1.06907	1.06946	1.06906	1.0693	1776
2024-06-27 04:30:00	1.06931	1.06946	1.06905	1.06942	2252
2024-06-27 05:00:00	1.06943	1.06943	1.06921	1.0693	1877
2024-06-27 05:30:00	1.06929	1.06972	1.06927	1.06956	3196
2024-06-27 06:00:00	1.06957	1.06968	1.06932	1.06962	3745
2024-06-27 06:30:00	1.06963	1.06989	1.0691	1.0693	3619
2024-06-27 07:00:00	1.06929	1.06979	1069	1.06926	5273
2024-06-27 07:30:00	1.06927	1.06967	1.06882	1.06901	6067
2024-06-27 08:00:00	1.06901	1.06907	1.06805	1.06839	5588
2024-06-27 08:30:00	1.06839	1.06913	1.06831	1.06879	5198
2024-06-27 09:00:00	1.06879	1.06979	1.06873	1.0696	4822
2024-06-27 09:30:00	1.06962	1.07009	1.06941	1.06971	4319
2024-06-27 10:00:00	1.06972	1.06983	1.06904	1.06957	5321
2024-06-27 10:30:00	1.06958	1.07043	1.06953	1.07036	5195
2024-06-27 11:00:00	1.07037	1.07041	1.06981	1.07006	4013
2024-06-27 11:30:00	1.07007	1.07028	1.06926	1.06927	4567
2024-06-27 12:00:00	1.06928	1.07037	1.06927	1.07015	5202
2024-06-27 12:30:00	1.07017	1.07221	1.06969	1.07194	17253
2024-06-27 13:00:00	1.07194	1.07252	1.07171	1.07199	13324
2024-06-27 13:30:00	1072	1.07264	1.07176	1.07204	9594
2024-06-27 14:00:00	1.07205	1.07253	1.07077	1.07114	9058
2024-06-27 14:30:00	1.07113	1.07174	1.07095	1.07125	7099
2024-06-27 15:00:00	1.07125	1.0713	1.07003	1.07016	5988
2024-06-27 15:30:00	1.07017	1.07111	1.07014	1.07069	5430
2024-06-27 16:00:00	1.0707	1.07101	1.07032	1.0705	5081
2024-06-27 16:30:00	1.07049	1.07076	1.07036	1.07066	2370
2024-06-27 17:00:00	1.07066	1.07083	1.07043	1.07058	3712
2024-06-27 17:30:00	1.07058	1.07075	1.07045	1.07054	1982
2024-06-27 18:00:00	1.07053	1.07054	1.0702	1.07037	3862
2024-06-27 18:30:00	1.07037	1.07077	1.07032	1.07055	2641
2024-06-27 19:00:00	1.07057	1.07072	1.0704	1.0705	2182
2024-06-27 19:30:00	1.07049	1.07052	1.07012	1.07028	2455
2024-06-27 20:00:00	1.07028	1.07051	1.07027	1.07034	580
2024-06-27 20:30:00	1.07035	1.07046	1.07029	1.07031	665
2024-06-27 21:00:00	1.07031	1.07053	1.07029	1.07038	846
2024-06-27 21:30:00	1.07038	1.07054	1.07038	1.07049	1706
2024-06-27 22:00:00	1.07049	1.07049	1.07027	1.07045	335
2024-06-27 22:30:00	1.07045	1.07054	1.07036	1.07038	723
2024-06-27 23:00:00	1.07039	1.07076	1.07034	1.07076	882
2024-06-27 23:30:00	1.07076	1.07092	1.07076	1.07076	1082
2024-06-28 00:00:00	1.07078	1.07108	1.0707	1.07092	1459
2024-06-28 00:30:00	1.07093	1.07097	1.06975	1.06976	3174
2024-06-28 01:00:00	1.06975	1.06989	1.06881	1.06888	7283
2024-06-28 01:30:00	1.06889	1.06923	1.06852	1.06912	4352
2024-06-28 02:00:00	1.06913	1.0695	1.06879	1.06944	2728
2024-06-28 02:30:00	1.06946	1.06971	1.06934	1.06939	2321
2024-06-28 03:00:00	1.06939	1.06948	1.06914	1.0693	2282
2024-06-28 03:30:00	1.06931	1.06934	1.06899	1.06921	1164
2024-06-28 04:00:00	1.06921	1.06921	1.06857	1.06858	1440
2024-06-28 04:30:00	1.06858	1.06876	1.06856	1.06866	2395
2024-06-28 05:00:00	1.06866	1.06914	1.06861	1.06907	1381
2024-06-28 05:30:00	1.06908	1.06923	1.06889	1.06902	2863
2024-06-28 06:00:00	1.06903	1.06969	1.06899	1.06965	3691
2024-06-28 06:30:00	1.06965	1.06982	1.06933	1.06968	4591
2024-06-28 07:00:00	1.06968	1.06993	1.06917	1.06988	5744
2024-06-28 07:30:00	1.06987	1.0704	1.06957	1.06969	4605
2024-06-28 08:00:00	1.06968	1.06972	1.06922	1.06933	7782
2024-06-28 08:30:00	1.06933	1.07	1.06931	1.06977	4882
2024-06-28 09:00:00	1.06978	1.06983	1.06933	1.06951	4715
2024-06-28 09:30:00	1.06951	1.07094	1.06949	1.07091	5414
2024-06-28 10:00:00	1.0709	1.07099	1.07048	1.07056	5469
2024-06-28 10:30:00	1.07057	1.07102	1.07043	1.07094	4016
2024-06-28 11:00:00	1.07092	1.07116	1.07024	1.07029	4362
2024-06-28 11:30:00	1.0703	1.0703	1.0692	1.06971	3460
2024-06-28 12:00:00	1.06971	1.07068	1.06968	1.07041	5359
2024-06-28 12:30:00	1.07041	1.07197	1.06973	1.07046	18063
2024-06-28 13:00:00	1.07048	1.07078	1.06953	1.06966	12985
2024-06-28 13:30:00	1.06968	1.07038	1.06927	1.06983	8411
2024-06-28 14:00:00	1.06982	1.07073	1.06928	1.07008	12225
2024-06-28 14:30:00	1.07009	1.07221	1.06924	1.07183	20934
2024-06-28 15:00:00	1.07184	1.07184	1.07097	1.07145	14762
2024-06-28 15:30:00	1.07145	1.07177	1.07095	1.07112	8319
2024-06-28 16:00:00	1.07112	1.07213	1.07097	1.07195	3903
2024-06-28 16:30:00	1.07195	1.07215	1.07134	1.07159	4735
2024-06-28 17:00:00	1.07158	1.07246	1.07149	1.07184	2700
2024-06-28 17:30:00	1.07183	1.07185	1.07137	1.07143	3906
2024-06-28 18:00:00	1.07142	1.07185	1.07134	1.07148	1762
2024-06-28 18:30:00	1.07148	1.07166	1.07109	1.07117	2304
2024-06-28 19:00:00	1.07119	1.07124	1.07088	1.07089	2142
2024-06-28 19:30:00	1.0709	1.07125	1.07061	1.07111	2207
2024-06-28 20:00:00	1.07111	1.07116	1.07078	1.07102	1926
2024-06-28 20:30:00	1.07102	1.07145	1.07098	1.07119	5391
2024-06-30 21:00:00	1.07438	1.07455	1.07362	1.07375	588
2024-06-30 21:30:00	1.0738	1.07401	1.07355	1.07381	1218
2024-06-30 22:00:00	1.07381	1.07416	1.0732	1.07381	2267
2024-06-30 22:30:00	1.07382	1.07382	1.07348	1.07367	2070
2024-06-30 23:00:00	1.0737	1.07395	1.07364	1.07364	2121
2024-06-30 23:30:00	1.07365	1.07371	1.07339	1.07349	1539
2024-07-01 00:00:00	1.0735	1.07468	1.07348	1.07426	4253
2024-07-01 00:30:00	1.07426	1.07497	1.07421	1.07456	6869
2024-07-01 01:00:00	1.07455	1.07575	1.07429	1.07569	8547
2024-07-01 01:30:00	1.07569	1.07615	1.07468	1.07482	7563
2024-07-01 02:00:00	1.07484	1.07514	1.07469	1.07503	3361
2024-07-01 02:30:00	1.07503	1.07551	1.07479	1.07549	2091
2024-07-01 03:00:00	1.07549	1.07565	1.07526	1.07543	1103
2024-07-01 03:30:00	1.07543	1.07543	1.07515	1.07528	1685
2024-07-01 04:00:00	1.07527	1.07586	1.07524	1.07551	3176
2024-07-01 04:30:00	1.0755	1.07557	1.07526	1.07548	1700
2024-07-01 05:00:00	1.07546	1.07575	1.07541	1.07573	2594
2024-07-01 05:30:00	1.07573	1.07621	1.07548	1.07556	3399
2024-07-01 06:00:00	1.07555	1.07762	1.07553	1.07753	6179
2024-07-01 06:30:00	1.07753	1.07763	1.07613	1.07697	10666
2024-07-01 07:00:00	1.07699	1.07725	1.07554	1.07587	11834
2024-07-01 07:30:00	1.07587	1.0761	1.07513	1.07545	6558
2024-07-01 08:00:00	1.07544	1.07646	1.07495	1.07631	7432
2024-07-01 08:30:00	1.07629	1.0772	1.07621	1.07682	4843
2024-07-01 09:00:00	1.07681	1.07685	1.07599	1.0762	5705
2024-07-01 09:30:00	1.07619	1.07657	1.0756	1.07571	4301
2024-07-01 10:00:00	1.0757	1.0757	1.07478	1.07526	3865
2024-07-01 10:30:00	1.07525	1.07546	1.07473	1.07485	3521
2024-07-01 11:00:00	1.07487	1.07523	1.07468	1.07478	2725
2024-07-01 11:30:00	1.07478	1.07505	1.07426	1.07489	3820
2024-07-01 12:00:00	1.07487	1075	1.07413	1.07419	4873
2024-07-01 12:30:00	1.07418	1.07481	1.07398	1.07481	5191
2024-07-01 13:00:00	1.07481	1.07572	1.07481	1.07554	5616
2024-07-01 13:30:00	1.07553	1.07592	1.07517	1.07547	8115
2024-07-01 14:00:00	1.07552	1.07697	1.07401	1.07439	16258
2024-07-01 14:30:00	1.07443	1.07448	1.07284	1.07301	12109
2024-07-01 15:00:00	1.07302	1.07305	1.07197	1.07226	7644
2024-07-01 15:30:00	1.07224	1.07275	1.07201	1.07269	5297
2024-07-01 16:00:00	1.07272	1.07328	1.07242	1.07292	4262
2024-07-01 16:30:00	1.07291	1.07332	1.07279	1.07315	4113
2024-07-01 17:00:00	1.07315	1.07333	1.07291	1.07329	1924
2024-07-01 17:30:00	1.07329	1.07333	1.07281	1.07293	2449
2024-07-01 18:00:00	1.07292	1073	1.07242	1.0725	2753
2024-07-01 18:30:00	1.07252	1.07301	1.07242	1.07295	2177
2024-07-01 19:00:00	1.07295	1.0736	1.07293	1.07354	1703
2024-07-01 19:30:00	1.07355	1.07392	1.0735	1.07384	3078
2024-07-01 20:00:00	1.07384	1.07415	1.07382	1.07412	3794
2024-07-01 20:30:00	1.07413	1.07426	1.07392	1.07402	1033
2024-07-01 21:00:00	1.07393	1.07393	1.07347	1.07378	648
2024-07-01 21:30:00	1.0738	1.07399	1.07371	1.07379	1360
2024-07-01 22:00:00	1.07382	1.07411	1.07373	1.07384	693
2024-07-01 22:30:00	1.07384	1.07386	1.07371	1.07372	701
2024-07-01 23:00:00	1.07371	1.07377	1.07357	1.07372	1278
2024-07-01 23:30:00	1.07372	1.07374	1.07361	1.07365	1848
2024-07-02 00:00:00	1.07364	1.07385	1.07349	1.07357	3419
2024-07-02 00:30:00	1.07356	1.07372	1.07331	1.07346	3098
2024-07-02 01:00:00	1.07347	1.07352	1.07318	1.07332	2289
2024-07-02 01:30:00	1.07332	1.07363	1.07332	1.07344	2776
2024-07-02 02:00:00	1.07345	1.07358	1.07327	1.07329	2513
2024-07-02 02:30:00	1.0733	1.07355	1.07319	1.07351	1632
2024-07-02 03:00:00	1.0735	1.07355	1.07318	1.07319	2630
2024-07-02 03:30:00	1.07319	1.07324	1.07308	1.07322	1206
2024-07-02 04:00:00	1.07323	1.07332	1.07321	1.07324	1518
2024-07-02 04:30:00	1.07325	1.07328	1.07282	1.07294	3664
2024-07-02 05:00:00	1.07295	1.07301	1.07267	1.07276	3369
2024-07-02 05:30:00	1.07276	1.07329	1.07276	1.07318	2743
2024-07-02 06:00:00	1.07319	1.07357	1.07307	1.07338	4289
2024-07-02 06:30:00	1.07338	1.07341	1.07249	1.0725	4152
2024-07-02 07:00:00	1.07249	1.07281	1.07128	1.07161	8040
2024-07-02 07:30:00	1.07163	1.07202	1.0712	1.07181	5195
2024-07-02 08:00:00	1.07181	1.0724	1.07147	1.07151	6643
2024-07-02 08:30:00	1.07149	1.07229	1.07142	1.07204	4723
2024-07-02 09:00:00	1.07203	1.07225	1.07127	1.07154	5343
2024-07-02 09:30:00	1.07154	1.07177	1.07105	1.07108	3767
2024-07-02 10:00:00	1.07109	1.07188	1071	1.07181	3788
2024-07-02 10:30:00	1.07181	1.07182	1.07112	1.07171	3578
2024-07-02 11:00:00	1.07172	1.07184	1.07149	1.07181	2050
2024-07-02 11:30:00	1.07181	1.07246	1.07181	1.07239	2730
2024-07-02 12:00:00	1.07239	1.07333	1.07239	1.07281	5869
2024-07-02 12:30:00	1.07281	1.07335	1.07271	1.07317	5003
2024-07-02 13:00:00	1.07317	1.07367	1073	1.07356	6230
2024-07-02 13:30:00	1.07357	1.07469	1.07317	1.07419	13827
2024-07-02 14:00:00	1.07417	1.0745	1.0724	1.07311	18190
2024-07-02 14:30:00	1.07312	1.07433	1.07262	1.07432	12662
2024-07-02 15:00:00	1.07432	1.07446	1.07353	1.07375	6836
2024-07-02 15:30:00	1.07375	1.0738	1.07332	1.07363	4342
2024-07-02 16:00:00	1.07362	1.07365	1.07314	1.0732	3331
2024-07-02 16:30:00	1.07319	1.07331	1.07306	1.07319	2776
2024-07-02 17:00:00	1.07319	1.07362	1.07316	1.07356	2138
2024-07-02 17:30:00	1.07357	1.07406	1.07328	1.07384	1636
2024-07-02 18:00:00	1.07383	1.07425	1.07381	1.0741	1480
2024-07-02 18:30:00	1.0741	1.07428	1.07392	1.07421	2187
2024-07-02 19:00:00	1.0742	1.07462	1.07416	1.0746	1402
2024-07-02 19:30:00	1.07459	1.07465	1.07448	1.07462	2164
2024-07-02 20:00:00	1.0746	1.07471	1.07452	1.07458	2363
2024-07-02 20:30:00	1.07459	1.07466	1.07446	1.07446	984
2024-07-02 21:00:00	1.07443	1.07448	1.07408	1.07441	951
2024-07-02 21:30:00	1.07445	1.07451	1.07441	1.07447	586
2024-07-02 22:00:00	1.07449	1.07489	1.07447	1.07473	695
2024-07-02 22:30:00	1.07473	1.07489	1.07473	1.07488	823
2024-07-02 23:00:00	1.07488	1.07488	1.07469	1.07471	592
2024-07-02 23:30:00	1.0747	1.07491	1.07467	1.0748	1847
2024-07-03 00:00:00	1.0748	1.07542	1.0748	1.07511	2784
2024-07-03 00:30:00	1.07511	1.07511	1.07473	1.07479	2480
2024-07-03 01:00:00	1.07478	1.07478	1.07439	1.07444	1717
2024-07-03 01:30:00	1.07445	1.07455	1.07404	1.07419	3494
2024-07-03 02:00:00	1.07419	1.07452	1.07418	1.0745	1244
2024-07-03 02:30:00	1.0745	1.07468	1.0743	1.07439	2279
2024-07-03 03:00:00	1.07436	1.07451	1.0743	1.07441	1577
2024-07-03 03:30:00	1.07441	1.0745	1.07433	1.07435	4126
2024-07-03 04:00:00	1.07434	1.07445	1.07433	1.07445	2070
2024-07-03 04:30:00	1.07444	1.07445	1.07419	1.07423	3806
2024-07-03 05:00:00	1.07423	1.07423	1.07363	1.07378	2995
2024-07-03 05:30:00	1.07377	1.07401	1.07368	1.07384	1270
2024-07-03 06:00:00	1.07385	1.07408	1.07368	1.07374	4306
2024-07-03 06:30:00	1.07373	1.07482	1.07368	1.07469	2907
2024-07-03 07:00:00	1.0747	1.07595	1.07468	1.0755	6202
2024-07-03 07:30:00	1.07551	1.07617	1.07547	1.07595	6144
2024-07-03 08:00:00	1.07595	1.07633	1.07555	1076	5571
2024-07-03 08:30:00	1.07601	1.07635	1.07573	1.07581	5224
2024-07-03 09:00:00	1.07581	1.07603	1.07557	1.07591	3976
2024-07-03 09:30:00	1.0759	1.07623	1.07543	1.07551	4831
2024-07-03 10:00:00	1.07551	1.07611	1.07525	1.07598	2912
2024-07-03 10:30:00	1.07597	1.07628	1.07574	1.07583	4411
2024-07-03 11:00:00	1.07583	1.07622	1.07562	1.07573	4164
2024-07-03 11:30:00	1.07572	1.07605	1.07564	1.07576	3436
2024-07-03 12:00:00	1.07576	1.07663	1.07549	1.07658	5586
2024-07-03 12:30:00	1.07657	1.07783	1.07652	1.07745	10052
2024-07-03 13:00:00	1.07744	1.07849	1.0772	1.07831	3977
2024-07-03 13:30:00	1.07832	1.07922	1.07829	1.07889	5262
2024-07-03 14:00:00	1.07895	1.08168	1.07885	1.08034	20158
2024-07-03 14:30:00	1.08034	1.08136	1.08007	1.08059	11617
2024-07-03 15:00:00	1.08058	1.08091	1.07992	1.08003	12385
2024-07-03 15:30:00	1.08002	1.08035	1.0797	1.07987	6884
2024-07-03 16:00:00	1.07987	1.08003	1.07953	1.07962	3323
2024-07-03 16:30:00	1.07961	1.07965	1.07919	1.07957	3280
2024-07-03 17:00:00	1.07958	1.07958	1.07846	1.07852	3322
2024-07-03 17:30:00	1.07852	1.07853	1.0782	1.07833	2227
2024-07-03 18:00:00	1.07833	1.07847	1.07781	1.07785	1696
2024-07-03 18:30:00	1.07786	1.07827	1.07785	1.07801	1726
2024-07-03 19:00:00	1.07804	1.07876	1.07797	1.07872	2536
2024-07-03 19:30:00	1.07873	1.07877	1.07847	1.07848	1057
2024-07-03 20:00:00	1.07848	1.0787	1.0784	1.07867	453
2024-07-03 20:30:00	1.07867	1.07886	1.07857	1.07868	464
2024-07-03 21:00:00	1.07853	1.07879	1.07833	1.07861	457
2024-07-03 21:30:00	1.07861	1.07872	1.07839	1.0786	439
2024-07-03 22:00:00	1.07857	1.0788	1.07854	1.07876	566
2024-07-03 22:30:00	1.07875	1.07901	1.07875	1.07895	164
2024-07-03 23:00:00	1.07896	1.07898	1.07884	1.0789	477
2024-07-03 23:30:00	1.07891	1.07916	1.07881	1.0791	594
2024-07-04 00:00:00	1.0791	1.07937	1.07887	1.07897	2483
2024-07-04 00:30:00	1.07896	1.0793	1.07894	1.07925	939
2024-07-04 01:00:00	1.07926	1.07949	1.07888	1.07911	2587
2024-07-04 01:30:00	1.07911	1.07929	1.07883	1.07907	2342
2024-07-04 02:00:00	1.07906	1.07914	1.07867	1.07869	1954
2024-07-04 02:30:00	1.0787	1.07883	1.07863	1.07863	1236
2024-07-04 03:00:00	1.07864	1.07873	1.07854	1.07862	1160
2024-07-04 03:30:00	1.07863	1.07865	1.07836	1.07852	1030
2024-07-04 04:00:00	1.07852	1.0787	1.07852	1.0786	924
2024-07-04 04:30:00	1.0786	1.07871	1.07847	1.07865	1428
2024-07-04 05:00:00	1.07865	1.07866	1.07848	1.07856	873
2024-07-04 05:30:00	1.07857	1.07907	1.07854	1.07899	1218
2024-07-04 06:00:00	1079	1.07911	1.07849	1.07878	3894
2024-07-04 06:30:00	1.07877	1.07935	1.07869	1.07926	4373
2024-07-04 07:00:00	1.07925	1.07955	1.07889	1.07922	4453
2024-07-04 07:30:00	1.07923	1.07965	1.07914	1.07944	3630
2024-07-04 08:00:00	1.07943	1.0803	1.0794	1.08028	2511
2024-07-04 08:30:00	1.08028	1.08029	1.0797	1.08018	3483
2024-07-04 09:00:00	1.08017	1.0803	1.07971	1.07983	5113
2024-07-04 09:30:00	1.07982	1.08007	1.07952	1.07976	4428
2024-07-04 10:00:00	1.07977	1.07994	1.07939	1.07949	1933
2024-07-04 10:30:00	1.0795	1.08014	1.07943	1.0801	2321
2024-07-04 11:00:00	1.08009	1.0802	1.07961	1.07965	2947
2024-07-04 11:30:00	1.07966	1.08014	1.07965	1.0797	3133
2024-07-04 12:00:00	1.07969	1.08013	1.0796	1.07994	2058
2024-07-04 12:30:00	1.07994	1.08022	1.07963	1.0797	2752
2024-07-04 13:00:00	1.07969	1.07983	1.07948	1.07971	2588
2024-07-04 13:30:00	1.07971	1.08016	1.07965	1.0801	2450
2024-07-04 14:00:00	1.08009	1.08038	1.07993	1.08029	2600
2024-07-04 14:30:00	1.08029	1.08092	1.08026	1.08083	3652
2024-07-04 15:00:00	1.08083	1.08138	1.08069	1.08114	3806
2024-07-04 15:30:00	1.08114	1.08137	1.08106	1.08106	1336
2024-07-04 16:00:00	1.08107	1.08137	1.08099	1.08135	1834
2024-07-04 16:30:00	1.08134	1.08135	1.08096	1.08121	1308
2024-07-04 17:00:00	1.08121	1.08128	1.08109	1.08109	789
2024-07-04 17:30:00	1.08111	1.08117	1.08106	1.08114	741
2024-07-04 18:00:00	1.08117	1.08124	1.08113	1.08123	664
2024-07-04 18:30:00	1.08122	1.08126	1.08117	1.0812	315
2024-07-04 19:00:00	1.08119	1.08125	1.08119	1.08121	578
2024-07-04 19:30:00	1.08122	1.08131	1.08122	1.08129	397
2024-07-04 20:00:00	1.08129	1.08137	1.08124	1.0813	417
2024-07-04 20:30:00	1.0813	1.08132	1.08101	1.08101	674
2024-07-04 21:00:00	1.08101	1.08115	1081	1.0811	318
2024-07-04 21:30:00	1.08109	1.08117	1.08102	1.08116	696
2024-07-04 22:00:00	1.08119	1.0814	1.08103	1.08108	717
2024-07-04 22:30:00	1.08107	1.08119	1.08103	1.08116	601
2024-07-04 23:00:00	1.08117	1.08117	1.08103	1.08103	981
2024-07-04 23:30:00	1.08101	1.08105	1.08093	1.08103	1132
2024-07-05 00:00:00	1.08105	1.08142	1.08102	1.08141	1937
2024-07-05 00:30:00	1.08141	1.08179	1.08138	1.08149	1981
2024-07-05 01:00:00	1.08148	1.0818	1.08139	1.08155	1272
2024-07-05 01:30:00	1.08156	1.08173	1.08137	1.08157	1336
2024-07-05 02:00:00	1.08158	1.08173	1.08142	1.08172	1283
2024-07-05 02:30:00	1.08172	1.0818	1.08159	1.08179	684
2024-07-05 03:00:00	1.08179	1.08241	1.08179	1.0824	3039
2024-07-05 03:30:00	1.0824	1.08245	1.08203	1.08218	2352
2024-07-05 04:00:00	1.08216	1.08217	1.08197	1.08208	1820
2024-07-05 04:30:00	1.08208	1.08227	1.08201	1.0822	1765
2024-07-05 05:00:00	1.08219	1.08221	1.08192	1.08197	1520
2024-07-05 05:30:00	1.08199	1.08224	1.08191	1.08213	1287
2024-07-05 06:00:00	1.08214	1.08238	1.08206	1.08219	2367
2024-07-05 06:30:00	1.08223	1.08258	1.08188	1.08192	3541
2024-07-05 07:00:00	1.08191	1.08252	1.08164	1.08237	6227
2024-07-05 07:30:00	1.08237	1.08302	1.08217	1.0829	4828
2024-07-05 08:00:00	1.08289	1.08289	1.08227	1.08262	4950
2024-07-05 08:30:00	1.08263	1.08305	1.08252	1.0828	2191
2024-07-05 09:00:00	1.08278	1.08307	1.08263	1.08272	2860
2024-07-05 09:30:00	1.08272	1.08298	1.08256	1.08264	2769
2024-07-05 10:00:00	1.08264	1.08319	1.08241	1.08256	2719
2024-07-05 10:30:00	1.08255	1.08266	1.08221	1.08246	3131
2024-07-05 11:00:00	1.08247	1.08252	1.08202	1.08221	4321
2024-07-05 11:30:00	1.08222	1.08226	1.08184	1.0819	5010
2024-07-05 12:00:00	1.0819	1.08275	1.0819	1.08261	4088
2024-07-05 12:30:00	1.0826	1.08423	1.07993	1.08296	35209
2024-07-05 13:00:00	1.08295	1.08341	1.08214	1.08283	25848
2024-07-05 13:30:00	1.08283	1.08315	1.08141	1.08191	13082
2024-07-05 14:00:00	1.08191	1.08195	1.08106	1.08157	12849
2024-07-05 14:30:00	1.08158	1.08261	1.08156	1.08241	10370
2024-07-05 15:00:00	1.08241	1.0829	1.08193	1.08281	7092
2024-07-05 15:30:00	1.0828	1.08307	1.0825	1.08277	5389
2024-07-05 16:00:00	1.08278	1.08303	1.08264	1.08273	3270
2024-07-05 16:30:00	1.08273	1.08275	1.08232	1.08255	3376
2024-07-05 17:00:00	1.08255	1.08288	1.08248	1.08279	3415
2024-07-05 17:30:00	1.0828	1.08304	1.08253	1.08278	1847
2024-07-05 18:00:00	1.08278	1.08328	1.08276	1.08321	1454
2024-07-05 18:30:00	1.0832	1.08374	1.08306	1.0837	1631
2024-07-05 19:00:00	1.08369	1.0842	1.08365	1.0841	1837
2024-07-05 19:30:00	1.08408	1.08426	1.08393	1.08414	2121
2024-07-05 20:00:00	1.08412	1.08412	1.08387	1.08405	1399
2024-07-05 20:30:00	1.08404	1.08411	1.08363	1.0837	2731
2024-07-07 21:00:00	1.08014	1.08225	1.07998	1.08132	600
2024-07-07 21:30:00	1.0813	1.08202	1.08116	1.08177	744
2024-07-07 22:00:00	1.08181	1.08329	1.08178	1.08263	2909
2024-07-07 22:30:00	1.08262	1.08278	1.08242	1.08244	3079
2024-07-07 23:00:00	1.08245	1.08279	1.08218	1.08261	4007
2024-07-07 23:30:00	1.08262	1.08278	1.08253	1.08256	3744
2024-07-08 00:00:00	1.08255	1.08293	1.08249	1.08279	5799
2024-07-08 00:30:00	1.08281	1.08282	1.0819	1.08216	5436
2024-07-08 01:00:00	1.08215	1.08266	1.08201	1.08252	3457
2024-07-08 01:30:00	1.08252	1.08295	1.08248	1.0829	3707
2024-07-08 02:00:00	1.08291	1083	1.08271	1.0828	4539
2024-07-08 02:30:00	1.0828	1.08292	1.0825	1.08259	3358
2024-07-08 03:00:00	1.0826	1.08336	1.08258	1.08327	2137
2024-07-08 03:30:00	1.08328	1.08363	1.08299	1.08314	3684
2024-07-08 04:00:00	1.08314	1.08316	1.08286	1.0829	1533
2024-07-08 04:30:00	1.08289	1.08294	1.08273	1.08286	1976
2024-07-08 05:00:00	1.08285	1083	1.08235	1.08246	3437
2024-07-08 05:30:00	1.08247	1.0826	1.08209	1.08222	4144
2024-07-08 06:00:00	1.08223	1.08243	1.08146	1.08161	6973
2024-07-08 06:30:00	1.0816	1.08292	1.08159	1.08216	6254
2024-07-08 07:00:00	1.08218	1.08326	1.08208	1.08304	11637
2024-07-08 07:30:00	1.08303	1.08382	1.08303	1.08368	10719
2024-07-08 08:00:00	1.08369	1.08424	1.08346	1.08358	6079
2024-07-08 08:30:00	1.08359	1.0843	1.08358	1.08383	6728
2024-07-08 09:00:00	1.08382	1.08418	1.08353	1.08412	4214
2024-07-08 09:30:00	1.08412	1.08415	1.08373	1.08381	3019
2024-07-08 10:00:00	1.08381	1.08396	1.08326	1.0835	3589
2024-07-08 10:30:00	1.0835	1.0836	1.08235	1.08298	4544
2024-07-08 11:00:00	1.08297	1.08304	1.08267	1.08287	3477
2024-07-08 11:30:00	1.08286	1.08335	1.08272	1.08334	4139
2024-07-08 12:00:00	1.08335	1.08415	1.08322	1.08402	7841
2024-07-08 12:30:00	1.08402	1.08445	1.0839	1.08437	5903
2024-07-08 13:00:00	1.08438	1.08449	1.08387	1.08442	5102
2024-07-08 13:30:00	1.08442	1.0845	1.08383	1.08411	7903
2024-07-08 14:00:00	1.08411	1.08448	1.08378	1.08391	5916
2024-07-08 14:30:00	1.08391	1.08399	1.08321	1.08347	8542
2024-07-08 15:00:00	1.08347	1.08361	1.08311	1.0833	3512
2024-07-08 15:30:00	1.08331	1.08349	1.0832	1.08346	4630
2024-07-08 16:00:00	1.08345	1.08361	1.08285	1.08321	5079
2024-07-08 16:30:00	1.08321	1.08331	1.08308	1.08323	2748
2024-07-08 17:00:00	1.08323	1.08332	1.08294	1.08306	2167
2024-07-08 17:30:00	1.08307	1.08336	1.08304	1.08319	2196
2024-07-08 18:00:00	1.08319	1.08319	1.08283	1.08288	1922
2024-07-08 18:30:00	1.08289	1.08289	1.08234	1.08259	2077
2024-07-08 19:00:00	1.0826	1.08265	1.08223	1.0823	2135
2024-07-08 19:30:00	1.08232	1.08257	1.08231	1.0825	1569
2024-07-08 20:00:00	1.0825	1.08251	1.08232	1.08242	829
2024-07-08 20:30:00	1.08242	1.08247	1.08226	1.0823	1109
2024-07-08 21:00:00	1.0824	1.0824	1.08237	1.08238	133
2024-07-08 21:30:00	1.08239	1.08251	1.08236	1.08241	436
2024-07-08 22:00:00	1.08244	1.08256	1.08241	1.08249	408
2024-07-08 22:30:00	1.08249	1.08258	1.08242	1.08256	845
2024-07-08 23:00:00	1.08258	1.08297	1.08255	1.08296	1538
2024-07-08 23:30:00	1.08297	1.08313	1.08297	1.08305	790
2024-07-09 00:00:00	1.08307	1.08333	1.08304	1.08317	1937
2024-07-09 00:30:00	1.08318	1.08318	1.08261	1.08269	2741
2024-07-09 01:00:00	1.0827	1.08296	1.08259	1.08293	1941
2024-07-09 01:30:00	1.08293	1.08293	1.08226	1.08235	3660
2024-07-09 02:00:00	1.08234	1.08238	1.08192	1.0823	3503
2024-07-09 02:30:00	1.08232	1.08274	1.08232	1.08264	2427
2024-07-09 03:00:00	1.08264	1.08284	1.08257	1.08265	2494
2024-07-09 03:30:00	1.08266	1.08297	1.08266	1.08281	1547
2024-07-09 04:00:00	1.08283	1.08307	1.08281	1.0829	2010
2024-07-09 04:30:00	1.08289	1.08311	1.08278	1.08296	1798
2024-07-09 05:00:00	1.08296	1.08306	1.08276	1.08293	2412
2024-07-09 05:30:00	1.08293	1.08301	1.08262	1.08286	2903
2024-07-09 06:00:00	1.08287	1.08302	1.08246	1.08289	4208
2024-07-09 06:30:00	1.08291	1.08291	1.08239	1.08247	3575
2024-07-09 07:00:00	1.08247	1.08298	1.08246	1.0827	6376
2024-07-09 07:30:00	1.0827	1.08271	1.0817	1.08174	9697
2024-07-09 08:00:00	1.08174	1.08211	1.08151	1.08184	4507
2024-07-09 08:30:00	1.08183	1.08242	1.08174	1.08223	4728
2024-07-09 09:00:00	1.08225	1.08225	1.08188	1.08219	4137
2024-07-09 09:30:00	1.08219	1.08258	1.08212	1.08227	2952
2024-07-09 10:00:00	1.08226	1.08245	1.08202	1.08239	1775
2024-07-09 10:30:00	1.08239	1.08283	1.08217	1.08222	4657
2024-07-09 11:00:00	1.08221	1.08239	1.08154	1.08168	7066
2024-07-09 11:30:00	1.08168	1.08174	1.08121	1.08137	5463
2024-07-09 12:00:00	1.08138	1.08166	1.08128	1.08151	3863
2024-07-09 12:30:00	1.0815	1.08177	1.08126	1.08157	5117
2024-07-09 13:00:00	1.08159	1.0822	1.08158	1.08206	7598
2024-07-09 13:30:00	1.08205	1.08261	1.08203	1.08218	8165
2024-07-09 14:00:00	1.08218	1.08282	1.08093	1.08157	16472
2024-07-09 14:30:00	1.08157	1.08196	1.08123	1.08156	12019
2024-07-09 15:00:00	1.08156	1.08192	1.08054	1.08084	9268
2024-07-09 15:30:00	1.08084	1.08137	1.08082	1.08125	7312
2024-07-09 16:00:00	1.08126	1.08162	1.08099	1.08105	5268
2024-07-09 16:30:00	1.08105	1.08121	1.08058	1.08099	2801
2024-07-09 17:00:00	1.08099	1.08138	1.08065	1.0807	4994
2024-07-09 17:30:00	1.0807	1.08112	1.08065	1.08092	3433
2024-07-09 18:00:00	1.08091	1.08123	1.08084	1.08086	2837
2024-07-09 18:30:00	1.08086	1.0814	1.08081	1.08133	2450
2024-07-09 19:00:00	1.08134	1.08147	1.08109	1.08146	1154
2024-07-09 19:30:00	1.08145	1.08158	1.08124	1.08142	2155
2024-07-09 20:00:00	1.08143	1.08165	1.08137	1.08152	1598
2024-07-09 20:30:00	1.08152	1.08156	1.08127	1.08127	638
2024-07-09 21:00:00	1.08125	1.08152	1.08124	1.08149	343
2024-07-09 21:30:00	1.08147	1.08152	1.08137	1.08145	511
2024-07-09 22:00:00	1.08145	1.08152	1.08135	1.08144	321
2024-07-09 22:30:00	1.08145	1.08146	1.08137	1.08144	532
2024-07-09 23:00:00	1.08144	1.08155	1.08141	1.08155	560
2024-07-09 23:30:00	1.08156	1.0816	1.08139	1.08142	1331
2024-07-10 00:00:00	1.08142	1.08166	1.0813	1.08146	3144
2024-07-10 00:30:00	1.08148	1.0816	1.08111	1.0812	2571
2024-07-10 01:00:00	1.08119	1.08145	1.08115	1.08144	2502
2024-07-10 01:30:00	1.08143	1.08152	1.08108	1.08145	3775
2024-07-10 02:00:00	1.08148	1.08156	1.08118	1.08153	5112
2024-07-10 02:30:00	1.08153	1.08168	1.08143	1.08167	3062
2024-07-10 03:00:00	1.08168	1.08206	1.08164	1.08201	1304
2024-07-10 03:30:00	1.08202	1.0821	1.08189	1.08199	1900
2024-07-10 04:00:00	1082	1.08204	1.0818	1.08182	3109
2024-07-10 04:30:00	1.08183	1.08205	1.08176	1.08185	2192
2024-07-10 05:00:00	1.08185	1.08211	1.08167	1.08174	2372
2024-07-10 05:30:00	1.08174	1.08185	1.08159	1.08176	2046
2024-07-10 06:00:00	1.08177	1.08198	1.08147	1.08192	4132
2024-07-10 06:30:00	1.08191	1.08233	1.08168	1.0822	4054
2024-07-10 07:00:00	1.08219	1.08249	1.08203	1.08218	6257
2024-07-10 07:30:00	1.08217	1.08245	1.0815	1.08161	5234
2024-07-10 08:00:00	1.08161	1.08199	1.08122	1.08155	5753
2024-07-10 08:30:00	1.08157	1.08159	1.08118	1.08153	4476
2024-07-10 09:00:00	1.08152	1.08251	1.08145	1.0822	4332
2024-07-10 09:30:00	1.08221	1.08237	1.08175	1.08188	3846
2024-07-10 10:00:00	1.08188	1.08198	1.08134	1.08198	3658
2024-07-10 10:30:00	1082	1.0824	1.0819	1.08216	3721
2024-07-10 11:00:00	1.08217	1.08235	1.08198	1.08226	3027
2024-07-10 11:30:00	1.08225	1.08269	1.0822	1.08256	3134
2024-07-10 12:00:00	1.08255	1.08273	1.08233	1.08247	5616
2024-07-10 12:30:00	1.08247	1.08282	1.0824	1.0827	3353
2024-07-10 13:00:00	1.08269	1.08288	1.08212	1.0824	6407
2024-07-10 13:30:00	1.08239	1.08255	1.08201	1.08226	9331
2024-07-10 14:00:00	1.08226	1.08276	1.08209	1.08259	7314
2024-07-10 14:30:00	1.08259	1.08286	1.08199	1.08232	6587
2024-07-10 15:00:00	1.08233	1.08266	1.08208	1.08259	6369
2024-07-10 15:30:00	1.08262	1.08275	1.08212	1.08223	4509
2024-07-10 16:00:00	1.08224	1.0826	1.08216	1.0825	3002
2024-07-10 16:30:00	1.08253	1.08277	1.08243	1.08269	2971
2024-07-10 17:00:00	1.0827	1.08285	1.08223	1.08223	3570
2024-07-10 17:30:00	1.08224	1.08232	1.08208	1.08221	2391
2024-07-10 18:00:00	1.08219	1.08224	1.08173	1.08186	2769
2024-07-10 18:30:00	1.08187	1.08251	1.08187	1.0825	2696
2024-07-10 19:00:00	1.08249	1.08264	1.08237	1.08259	2457
2024-07-10 19:30:00	1.08258	1.08295	1.08252	1.08287	3838
2024-07-10 20:00:00	1.08287	1.08296	1.08273	1.08294	1124
2024-07-10 20:30:00	1.08294	1.08305	1.08282	1.08295	744
2024-07-10 21:00:00	1.08292	1.08297	1.08254	1.08277	430
2024-07-10 21:30:00	1.08278	1.08291	1.08278	1.08289	286
2024-07-10 22:00:00	1.08289	1.08332	1.08289	1.08324	458
2024-07-10 22:30:00	1.08325	1.08331	1.08324	1.08327	724
2024-07-10 23:00:00	1.08328	1.08365	1.08323	1.0835	1700
2024-07-10 23:30:00	1.08349	1.08349	1.0831	1.08333	2776
2024-07-11 00:00:00	1.08332	1.0836	1.08325	1.08348	3395
2024-07-11 00:30:00	1.08348	1.08367	1.08333	1.08351	2823
2024-07-11 01:00:00	1.08351	1.08356	1.08325	1.08337	1422
2024-07-11 01:30:00	1.08337	1084	1.08337	1.08392	2479
2024-07-11 02:00:00	1.08393	1084	1.08387	1.08394	2000
2024-07-11 02:30:00	1.08394	1084	1.08368	1.08371	1389
2024-07-11 03:00:00	1.08372	1.08385	1.08355	1.08369	2674
2024-07-11 03:30:00	1.0837	1.08388	1.08368	1.08379	693
2024-07-11 04:00:00	1.08379	1.08387	1.08363	1.08366	1241
2024-07-11 04:30:00	1.08365	1.08366	1.08355	1.08364	2177
2024-07-11 05:00:00	1.08363	1.08372	1.08352	1.08358	1188
2024-07-11 05:30:00	1.0836	1.08377	1.08344	1.08344	1689
2024-07-11 06:00:00	1.08344	1.08396	1.08343	1.08366	2846
2024-07-11 06:30:00	1.08367	1.08373	1.08322	1.0834	1884
2024-07-11 07:00:00	1.0834	1.08366	1.08324	1.08366	2334
2024-07-11 07:30:00	1.08367	1.08399	1.08366	1.08394	2090
2024-07-11 08:00:00	1.08396	1.0841	1.08384	1.08403	2751
2024-07-11 08:30:00	1.08404	1.08478	1.08382	1.08473	3051
2024-07-11 09:00:00	1.08472	1.08526	1.08465	1.08467	3782
2024-07-11 09:30:00	1.08468	1.08479	1.08433	1.08468	3772
2024-07-11 10:00:00	1.08467	1.08524	1.08455	1.08499	2688
2024-07-11 10:30:00	1.08498	1.08509	1.08462	1.08487	2386
2024-07-11 11:00:00	1.08486	1.08519	1.08486	1.08509	2077
2024-07-11 11:30:00	1.0851	1.08577	1.08499	1.08547	3373
2024-07-11 12:00:00	1.08547	1.08582	1.08443	1.08478	7187
2024-07-11 12:30:00	1.08479	1.08999	1.08456	1.08868	37849
2024-07-11 13:00:00	1.08868	1.08991	1.08805	1.08841	27232
2024-07-11 13:30:00	1.0884	1.08874	1.08685	1.08865	24770
2024-07-11 14:00:00	1.08866	1.08899	1.0871	1.08712	18923
2024-07-11 14:30:00	1.08712	1.08806	1.08706	1.08784	12303
2024-07-11 15:00:00	1.08784	1.08807	1.08691	1.08695	10862
2024-07-11 15:30:00	1.08694	1.08714	1.08665	1.08697	9344
2024-07-11 16:00:00	1.08697	1.08705	1.0864	1.08673	6843
2024-07-11 16:30:00	1.08672	1.08701	1.08641	1.08669	4715
2024-07-11 17:00:00	1.0867	1.08673	1.08614	1.08652	6751
2024-07-11 17:30:00	1.08651	1.08656	1.08597	1.08608	5166
2024-07-11 18:00:00	1.08607	1.08656	1.08604	1.08629	1753
2024-07-11 18:30:00	1.08629	1.0869	1.08629	1.08679	3411
2024-07-11 19:00:00	1.0868	1.08698	1.0865	1.08652	2691
2024-07-11 19:30:00	1.08652	1.08675	1.08641	1.08647	4698
2024-07-11 20:00:00	1.08645	1.08667	1.08641	1.08659	719
2024-07-11 20:30:00	1.08658	1.08679	1.08657	1.08678	977
2024-07-11 21:00:00	1.08673	1.08677	1.08614	1.08659	453
2024-07-11 21:30:00	1.08659	1.08677	1.08656	1.0866	528
2024-07-11 22:00:00	1.0866	1.08672	1.0864	1.08667	974
2024-07-11 22:30:00	1.08668	1.08681	1.08659	1.08662	1112
2024-07-11 23:00:00	1.08663	1.08719	1.08663	1.08717	1889
2024-07-11 23:30:00	1.08717	1.08743	1.08649	1.0874	6373
2024-07-12 00:00:00	1.0874	1.08744	1.08676	1.08707	5272
2024-07-12 00:30:00	1.08707	1.08739	1.08685	1.08697	3857
2024-07-12 01:00:00	1.08698	1.0872	1.08667	1.08691	4729
2024-07-12 01:30:00	1.0869	1.08703	1.08637	1.08646	4903
2024-07-12 02:00:00	1.08647	1.08667	1.08634	1.08646	2719
2024-07-12 02:30:00	1.08646	1.08675	1.08644	1.08657	2925
2024-07-12 03:00:00	1.08656	1.08683	1.08645	1.08678	2439
2024-07-12 03:30:00	1.08678	1.08707	1.08678	1.08687	1605
2024-07-12 04:00:00	1.08686	1.08702	1.08681	1.08697	1733
2024-07-12 04:30:00	1.08697	1.0871	1.08688	1.08697	1972
2024-07-12 05:00:00	1.08699	1.08717	1.08676	1.08697	1779
2024-07-12 05:30:00	1.08698	1.08724	1.08688	1.08694	2736
2024-07-12 06:00:00	1.08694	1.08722	1.08653	1.08673	5047
2024-07-12 06:30:00	1.08673	1.08677	1.08632	1.08649	3390
2024-07-12 07:00:00	1.0865	1.08687	1.08617	1.08684	5341
2024-07-12 07:30:00	1.08683	1.08761	1.0868	1.08754	3333
2024-07-12 08:00:00	1.08754	1.08835	1.08753	1.08829	3432
2024-07-12 08:30:00	1.08828	1.08872	1.08822	1.08868	6164
2024-07-12 09:00:00	1.08867	1.08893	1.08814	1.08834	5577
2024-07-12 09:30:00	1.08834	1.08872	1.0883	1.08852	8366
2024-07-12 10:00:00	1.08851	1.0889	1.08846	1.08889	3802
2024-07-12 10:30:00	1.0889	1.08919	1.08872	1.08899	3837
2024-07-12 11:00:00	1.08899	1.0892	1.08884	1.08901	2878
2024-07-12 11:30:00	1.08902	1.08922	1.08864	1.08876	4721
2024-07-12 12:00:00	1.08876	1.08929	1.08853	1.08866	10218
2024-07-12 12:30:00	1.08866	1.08918	1.08734	1.08904	22329
2024-07-12 13:00:00	1.08905	1.08978	1.08868	1.08944	16303
2024-07-12 13:30:00	1.08945	1.0898	1.08901	1.08966	13614
2024-07-12 14:00:00	1.08966	1.09014	1.08932	1.08984	15836
2024-07-12 14:30:00	1.08985	1.09094	1.08974	1.09092	8733
2024-07-12 15:00:00	1.09092	1.09109	1.09036	1.0907	7619
2024-07-12 15:30:00	1.0907	1.09075	1.0901	1.09012	4657
2024-07-12 16:00:00	1.09011	1.09049	1.09005	1.09019	4054
2024-07-12 16:30:00	1.09019	1.09053	1.09005	1.09045	1790
2024-07-12 17:00:00	1.09046	1.09052	1.0901	1.09031	2258
2024-07-12 17:30:00	1.09031	1.09073	1.09025	1.09064	1613
2024-07-12 18:00:00	1.09064	1.09064	1.0901	1.0903	2376
2024-07-12 18:30:00	1.09031	1.09065	1.09021	1.09061	1795
2024-07-12 19:00:00	1.0906	1.09113	1.09046	1.09101	1686
2024-07-12 19:30:00	1.09101	1.09101	1.09048	1.09063	4022
2024-07-12 20:00:00	1.09066	1.09077	1.09051	1.09068	2975
2024-07-12 20:30:00	1.09068	1.0908	1.09039	1.09054	2397
2024-07-14 21:00:00	1.08852	1.08944	1.08818	1.08918	486
2024-07-14 21:30:00	1.0891	1.0895	1.08883	1.08888	1134
2024-07-14 22:00:00	1.08888	1.08934	1.08846	1.08868	3233
2024-07-14 22:30:00	1.08867	1.08877	1.08848	1.08869	2513
2024-07-14 23:00:00	1.0887	1.08883	1.08832	1.08837	2708
2024-07-14 23:30:00	1.08837	1.0886	1.08832	1.08856	1474
2024-07-15 00:00:00	1.08857	1.08888	1.08833	1.08868	1577
2024-07-15 00:30:00	1.08868	1.08888	1.08853	1.08883	2381
2024-07-15 01:00:00	1.08882	1.08894	1.08859	1.08875	1751
2024-07-15 01:30:00	1.08875	1.08901	1.08862	1.08896	1031
2024-07-15 02:00:00	1.08896	1.08904	1.08863	1.08886	1243
2024-07-15 02:30:00	1.08886	1.08918	1.0888	1.08917	1159
2024-07-15 03:00:00	1.08917	1.08938	1.08906	1.08938	632
2024-07-15 03:30:00	1.08937	1.08956	1.08934	1.0894	411
2024-07-15 04:00:00	1.0894	1.08946	1.08924	1.08945	1218
2024-07-15 04:30:00	1.08945	1.08945	1.08928	1.08935	850
2024-07-15 05:00:00	1.08934	1.08958	1.08925	1.08958	1172
2024-07-15 05:30:00	1.08957	1.08958	1.08932	1.08943	1316
2024-07-15 06:00:00	1.08944	1.0896	1.08862	1.08873	4046
2024-07-15 06:30:00	1.08872	1.08904	1.08862	1.08894	3404
2024-07-15 07:00:00	1.08895	1.08904	1.08837	1.08885	5314
2024-07-15 07:30:00	1.08885	1.08963	1.08855	1.08956	3020
2024-07-15 08:00:00	1.08956	1.09059	1.08956	1.09045	3936
2024-07-15 08:30:00	1.09045	1.09093	1.09045	1.09083	3218
2024-07-15 09:00:00	1.09083	1.09104	1.09068	1.09096	7374
2024-07-15 09:30:00	1.09098	1.09152	1.09077	1.09128	3563
2024-07-15 10:00:00	1.09128	1.09203	1.09115	1.09129	6275
2024-07-15 10:30:00	1.09129	1.09145	1.09048	1.09097	8337
2024-07-15 11:00:00	1.09097	1.09148	1.09094	1.09104	9187
2024-07-15 11:30:00	1.09105	1.09147	1.0905	1.09055	9862
2024-07-15 12:00:00	1.09055	1.09083	1.09023	1.09036	10355
2024-07-15 12:30:00	1.09036	1.09087	1.0902	1.09073	5210
2024-07-15 13:00:00	1.09075	1.09162	1.09068	1.09156	6726
2024-07-15 13:30:00	1.09155	1.09165	1.09095	1.09151	10265
2024-07-15 14:00:00	1.09152	1.09175	1.09114	1.09175	7394
2024-07-15 14:30:00	1.09174	1.09177	1.09075	1.0917	8932
2024-07-15 15:00:00	1.09171	1.09222	1.09114	1.0913	9879
2024-07-15 15:30:00	1.0913	1.0914	1091	1.09118	5208
2024-07-15 16:00:00	1.09118	1.09118	1.0902	1.09051	5932
2024-07-15 16:30:00	1.09052	1.09171	1.08999	1.09061	13319
2024-07-15 17:00:00	1.09062	1.09063	1.08965	1.0898	10286
2024-07-15 17:30:00	1.08979	1.08981	1.08932	1.08948	8294
2024-07-15 18:00:00	1.08947	1.08981	1.08934	1.08974	2987
2024-07-15 18:30:00	1.08973	1.09018	1.08966	1.09014	4110
2024-07-15 19:00:00	1.09013	1.09013	1.08972	1.08983	2757
2024-07-15 19:30:00	1.08983	1.08992	1.08963	1.08987	5172
2024-07-15 20:00:00	1.08988	1.08991	1.08963	1.08984	2228
2024-07-15 20:30:00	1.08984	1.08988	1.08938	1.08938	4507
2024-07-15 21:00:00	1.08938	1.08969	1.08935	1.0895	348
2024-07-15 21:30:00	1.08953	1.08956	1.08938	1.08952	314
2024-07-15 22:00:00	1.08952	1.08965	1.08943	1.08956	914
2024-07-15 22:30:00	1.08956	1.08956	1.0894	1.08944	1337
2024-07-15 23:00:00	1.08943	1.08974	1.08943	1.08967	2995
2024-07-15 23:30:00	1.08966	1.08985	1.0896	1.08981	1323
2024-07-16 00:00:00	1.0898	1.08981	1.08935	1.08955	3850
2024-07-16 00:30:00	1.08956	1.08958	1.08909	1.08913	4181
2024-07-16 01:00:00	1.08914	1.08933	1.08901	1.08906	4232
2024-07-16 01:30:00	1.08907	1.08929	1.08904	1.08928	4162
2024-07-16 02:00:00	1.08928	1.08936	1.08901	1.08905	2288
2024-07-16 02:30:00	1.08905	1.08914	1.08887	1.08909	1956
2024-07-16 03:00:00	1.08908	1.0894	1.08907	1.08936	1703
2024-07-16 03:30:00	1.08935	1.08936	1.08914	1.0893	2328
2024-07-16 04:00:00	1.08929	1.0894	1.0892	1.0892	1086
2024-07-16 04:30:00	1.08919	1.08945	1.08918	1.08923	2904
2024-07-16 05:00:00	1.08923	1.08924	1.0888	1.08882	5617
2024-07-16 05:30:00	1.08882	1.08904	1.0887	1.08884	2954
2024-07-16 06:00:00	1.08884	1.08887	1.08837	1.08864	5486
2024-07-16 06:30:00	1.08864	1.08907	1.08836	1.08885	5584
2024-07-16 07:00:00	1.08884	1.08974	1.08884	1.08961	4647
2024-07-16 07:30:00	1.08959	1.09003	1.0894	1.08992	10391
2024-07-16 08:00:00	1.08992	1.09027	1.08939	1.0898	9070
2024-07-16 08:30:00	1.0898	1.09025	1.08946	1.09002	5844
2024-07-16 09:00:00	1.09002	1.09041	1.08964	1.09005	7337
2024-07-16 09:30:00	1.09004	1.09007	1.08938	1.08979	6800
2024-07-16 10:00:00	1.08979	1.09029	1.08969	1.09005	6790
2024-07-16 10:30:00	1.09006	1.09016	1.08959	1.08989	6354
2024-07-16 11:00:00	1.0899	1.09005	1.08958	1.0896	4785
2024-07-16 11:30:00	1.08959	1.09038	1.08944	1.09021	6787
2024-07-16 12:00:00	1.0902	1.09054	1.09005	1.09028	8951
2024-07-16 12:30:00	1.09027	1.09027	1.08756	1.08806	21016
2024-07-16 13:00:00	1.08807	1.08812	1.08715	1.08781	9038
2024-07-16 13:30:00	1.08779	1.08832	1.08752	1.08831	6996
2024-07-16 14:00:00	1.08832	1.08848	1.08764	1.08777	7037
2024-07-16 14:30:00	1.08775	1.08815	1.08731	1.08785	6832
2024-07-16 15:00:00	1.08786	1.08832	1.08783	1.08821	5290
2024-07-16 15:30:00	1.0882	1.08861	1088	1.08844	4474
2024-07-16 16:00:00	1.08845	1.08864	1.08819	1.08822	3383
2024-07-16 16:30:00	1.08822	1.08891	1.08812	1.0889	3516
2024-07-16 17:00:00	1.08888	1.08906	1.08876	1.08889	2761
2024-07-16 17:30:00	1.08888	1.08923	1.08884	1.0892	1805
2024-07-16 18:00:00	1.08921	1.08933	1.08904	1.08927	2149
2024-07-16 18:30:00	1.08927	1.08973	1.0892	1.08959	1481
2024-07-16 19:00:00	1.08959	1.08983	1.08953	1.08978	2359
2024-07-16 19:30:00	1.08977	1.09029	1.08969	1.09018	1413
2024-07-16 20:00:00	1.09017	1.09026	1.09007	1.0901	1300
2024-07-16 20:30:00	1.09009	1.09016	1.08982	1.0899	1615
2024-07-16 21:00:00	1.08984	1.08999	1.08983	1.08996	270
2024-07-16 21:30:00	1.08996	1.08999	1.08982	1.08991	708
2024-07-16 22:00:00	1.0899	1.08995	1.08978	1.08994	670
2024-07-16 22:30:00	1.08994	1.09019	1.08975	1.09019	2228
2024-07-16 23:00:00	1.0902	1.0902	1.09001	1.09014	1549
2024-07-16 23:30:00	1.09014	1.09029	1.09002	1.0902	3543
2024-07-17 00:00:00	1.09019	1.09028	1.08958	1.08974	4045
2024-07-17 00:30:00	1.08976	1.09	1.08963	1.08975	3924
2024-07-17 01:00:00	1.08974	1.08991	1.08955	1.08982	4179
2024-07-17 01:30:00	1.08982	1.09029	1.08979	1.09023	1967
2024-07-17 02:00:00	1.09024	1.09033	1.09008	1.0902	2042
2024-07-17 02:30:00	1.0902	1.09068	1.0902	1.09042	1908
2024-07-17 03:00:00	1.09043	1.09044	1.09004	1.09025	1973
2024-07-17 03:30:00	1.09026	1.09063	1.09018	1.09061	1971
2024-07-17 04:00:00	1.09062	1.09066	1.09049	1.0905	2028
2024-07-17 04:30:00	1.09051	1.09053	1.0902	1.09029	2407
2024-07-17 05:00:00	1.0903	1.09047	1.09008	1.0903	2754
2024-07-17 05:30:00	1.0903	1.09068	1.09028	1.09045	2839
2024-07-17 06:00:00	1.09044	1.09054	1.08988	1.09022	8685
2024-07-17 06:30:00	1.09021	1.09054	1.08975	1.08975	8052
2024-07-17 07:00:00	1.08974	1.09063	1.0895	1.09061	10613
2024-07-17 07:30:00	1.09061	1.09134	1.09055	1.09083	10568
2024-07-17 08:00:00	1.09085	1.09135	1.09075	1.09127	11133
2024-07-17 08:30:00	1.09127	1.09437	1.09127	1.09416	10666
2024-07-17 09:00:00	1.09416	1.0945	1.09359	1.09397	12846
2024-07-17 09:30:00	1.09396	1.09448	1.09371	1.09438	7757
2024-07-17 10:00:00	1.09437	1.09448	1.09417	1.09432	7660
2024-07-17 10:30:00	1.09433	1.09436	1.09302	1.09307	5818
2024-07-17 11:00:00	1.09306	1.09412	1.09289	1.09411	3879
2024-07-17 11:30:00	1.0941	1.0942	1.09346	1.09347	4794
2024-07-17 12:00:00	1.09345	1.0937	1.0932	1.09362	6504
2024-07-17 12:30:00	1.09363	1.0944	1.09343	1.09424	6761
2024-07-17 13:00:00	1.09425	1.09433	1.09355	1.09387	5131
2024-07-17 13:30:00	1.09387	1.0948	1.09361	1.09386	15108
2024-07-17 14:00:00	1.09387	1.09387	1.0932	1.09371	14374
2024-07-17 14:30:00	1.09372	1.09377	1.09315	1.09325	10571
2024-07-17 15:00:00	1.09323	1.09361	1.09276	1.09335	6692
2024-07-17 15:30:00	1.09334	1.09335	1.09275	1.09324	7548
2024-07-17 16:00:00	1.09323	1.09336	1.09237	1.09247	6005
2024-07-17 16:30:00	1.09248	1.09308	1.09245	1.09297	3803
2024-07-17 17:00:00	1.09296	1.09337	1.09283	1.09336	3260
2024-07-17 17:30:00	1.09337	1.09363	1.09309	1.09312	2513
2024-07-17 18:00:00	1.09313	1.09385	1.09303	1.09384	2779
2024-07-17 18:30:00	1.09384	1.09394	1.09343	1.09368	3160
2024-07-17 19:00:00	1.09367	1.09397	1.09361	1.09382	2928
2024-07-17 19:30:00	1.09383	1.09385	1.09347	1.09362	2700
2024-07-17 20:00:00	1.09362	1.09386	1.09352	1.09384	749
2024-07-17 20:30:00	1.09385	1094	1.09383	1.09386	3933
2024-07-17 21:00:00	1.09384	1.09401	1.09381	1.09385	190
2024-07-17 21:30:00	1.09385	1.09387	1.0938	1.09381	177
2024-07-17 22:00:00	1.09382	1.09395	1.0938	1.09386	536
2024-07-17 22:30:00	1.09388	1.09397	1.09387	1.09395	747
2024-07-17 23:00:00	1.09394	1.09408	1.09394	1.09403	1968
2024-07-17 23:30:00	1.09404	1.0941	1.09386	1.09402	2096
2024-07-18 00:00:00	1.09402	1.09407	1.09384	1094	3951
2024-07-18 00:30:00	1.09401	1.09405	1.09366	1.09371	3185
2024-07-18 01:00:00	1.0937	1.09377	1.09345	1.09371	6967
2024-07-18 01:30:00	1.09372	1.0939	1.0934	1.09342	6286
2024-07-18 02:00:00	1.09342	1.09357	1.09321	1.09328	3788
2024-07-18 02:30:00	1.09326	1.09358	1.09326	1.0935	2996
2024-07-18 03:00:00	1.0935	1.09365	1.09342	1.09359	1819
2024-07-18 03:30:00	1.09359	1.09362	1.09322	1.09328	2271
2024-07-18 04:00:00	1.09329	1.09362	1.09316	1.09337	2394
2024-07-18 04:30:00	1.09336	1.09345	1.0933	1.09335	1912
2024-07-18 05:00:00	1.09335	1.09356	1.09327	1.09339	2392
2024-07-18 05:30:00	1.0934	1.09382	1.09337	1.0937	3550
2024-07-18 06:00:00	1.09369	1.09371	1.09292	1.09314	5366
2024-07-18 06:30:00	1.09314	1.09324	1.09275	1.09311	4960
2024-07-18 07:00:00	1.09311	1.0935	1.09271	1.09291	9183
2024-07-18 07:30:00	1.09291	1.09317	1.09261	1.09314	6251
2024-07-18 08:00:00	1.09314	1.0935	1.09289	1.09347	4604
2024-07-18 08:30:00	1.09347	1.09388	1.09301	1.09306	6523
2024-07-18 09:00:00	1.09306	1.09317	1.09271	1.09291	5293
2024-07-18 09:30:00	1.09292	1.09315	1.09275	1.09308	2085
2024-07-18 10:00:00	1.09307	1.0931	1.09285	1.09303	2124
2024-07-18 10:30:00	1.09303	1.09361	1.09302	1.0933	2308
2024-07-18 11:00:00	1.09329	1.09331	1.09305	1.09306	4695
2024-07-18 11:30:00	1.09307	1.09312	1.09262	1.09276	4356
2024-07-18 12:00:00	1.09275	1.09343	1.09267	1.09306	6890
2024-07-18 12:30:00	1.09306	1.09369	1.09237	1.09284	13035
2024-07-18 13:00:00	1.09285	1.0929	1.09151	1.09152	13417
2024-07-18 13:30:00	1.09151	1.09189	1.09073	1.09112	10342
2024-07-18 14:00:00	1.09111	1.09119	1.0905	1091	9685
2024-07-18 14:30:00	1.09101	1.09166	1.09076	1.09148	8612
2024-07-18 15:00:00	1.09147	1.09164	1.09064	1.09064	10864
2024-07-18 15:30:00	1.09063	1.09183	1.0905	1.09123	8060
2024-07-18 16:00:00	1.09122	1.09157	1.0911	1.09157	4779
2024-07-18 16:30:00	1.09157	1.09163	1.09121	1.09159	4775
2024-07-18 17:00:00	1.09159	1.09164	1.09113	1.09115	5590
2024-07-18 17:30:00	1.09115	1.09123	1.09067	1.09069	4642
2024-07-18 18:00:00	1.0907	1.09073	1.0899	1.08994	5426
2024-07-18 18:30:00	1.08994	1.09009	1.08956	1.08989	5144
2024-07-18 19:00:00	1.08988	1.08999	1.08935	1.08954	8342
2024-07-18 19:30:00	1.08953	1.08997	1.08951	1.0897	2999
2024-07-18 20:00:00	1.0897	1.08987	1.08965	1.08978	1248
2024-07-18 20:30:00	1.08979	1.08979	1.08951	1.08964	859
2024-07-18 21:00:00	1.08956	1.08977	1.08952	1.08965	612
2024-07-18 21:30:00	1.08967	1.08986	1.08958	1.08977	1022
2024-07-18 22:00:00	1.08977	1.09001	1.08954	1.08998	973
2024-07-18 22:30:00	1.08997	1.08997	1.08971	1.08974	827
2024-07-18 23:00:00	1.08976	1.09	1.08966	1.09	1645
2024-07-18 23:30:00	1.09	1.09017	1.08989	1.09003	1623
2024-07-19 00:00:00	1.09002	1.09003	1.08931	1.08954	5900
2024-07-19 00:30:00	1.08954	1.08971	1.08908	1.08919	4263
2024-07-19 01:00:00	1.08919	1.08946	1.08901	1.08903	4338
2024-07-19 01:30:00	1.08903	1.08913	1.08863	1.08876	4710
2024-07-19 02:00:00	1.08877	1.08906	1.08871	1.08889	2575
2024-07-19 02:30:00	1.0889	1.08923	1.08887	1.0892	1688
2024-07-19 03:00:00	1.0892	1.08922	1.08878	1.0889	2303
2024-07-19 03:30:00	1.0889	1.08896	1.08877	1.08883	2141
2024-07-19 04:00:00	1.08883	1.08886	1.08866	1.0887	3194
2024-07-19 04:30:00	1.08869	1.08895	1.08861	1.08869	2555
2024-07-19 05:00:00	1.08872	1.08884	1.08845	1.08882	2040
2024-07-19 05:30:00	1.08885	1.08904	1.08872	1.08888	3248
2024-07-19 06:00:00	1.08887	1.08892	1.08841	1.08864	5094
2024-07-19 06:30:00	1.08865	1.08896	1.08833	1.08851	4752
2024-07-19 07:00:00	1.08849	1.08905	1.08818	1.08895	8049
2024-07-19 07:30:00	1.08895	1.08901	1.08848	1.08878	4900
2024-07-19 08:00:00	1.08877	1.08878	1.08785	1.08807	8198
2024-07-19 08:30:00	1.08806	1.08834	1.08761	1.0879	6429
2024-07-19 09:00:00	1.0879	1.08814	1.08774	1.08797	4373
2024-07-19 09:30:00	1.08798	1.08846	1.08792	1.08803	3073
2024-07-19 10:00:00	1.08803	1.08859	1.08775	1.08854	5639
2024-07-19 10:30:00	1.08853	1.08863	1.08832	1.08841	5011
2024-07-19 11:00:00	1.08841	1.08908	1.0883	1.08907	5743
2024-07-19 11:30:00	1.08908	1.08932	1.08871	1.08931	5985
2024-07-19 12:00:00	1.08932	1.08941	1.08863	1.08889	9181
2024-07-19 12:30:00	1.0889	1.08922	1.08843	1.08889	5503
2024-07-19 13:00:00	1.08889	1.08896	1.08843	1.08879	9041
2024-07-19 13:30:00	1.08879	1.08896	1.08813	1.08815	8246
2024-07-19 14:00:00	1.08814	1.08891	1.08792	1.08861	8441
2024-07-19 14:30:00	1.08862	1089	1.08837	1.08896	9940
2024-07-19 15:00:00	1.08897	1089	1.08853	1.08856	4969
2024-07-19 15:30:00	1.08856	1.0889	1.08835	1.08879	5871
2024-07-19 16:00:00	1.08882	1.08911	1.08869	1.08885	4631
2024-07-19 16:30:00	1.08884	1.08893	1.08839	1.08848	4042
2024-07-19 17:00:00	1.08849	1.08854	1.08809	1.08818	4003
2024-07-19 17:30:00	1.08818	1.08852	1.08807	1.08839	2364
2024-07-19 18:00:00	1.08839	1.08845	1.08798	1.08802	2572
2024-07-19 18:30:00	1.08801	1.08807	1.08756	1.08786	2399
2024-07-19 19:00:00	1.08786	1.08821	1.08786	1.08794	3757
2024-07-19 19:30:00	1.08793	1.08798	1.08769	1.08793	3425
2024-07-19 20:00:00	1.08793	1.08828	1.0879	1.08825	1336
2024-07-19 20:30:00	1.08826	1.08836	1.08779	1.08779	3524
2024-07-21 21:00:00	1.08861	1.08864	1.08807	1.0883	153
2024-07-21 21:30:00	1.08829	1.08855	1.08815	1.08839	695
2024-07-21 22:00:00	1.0884	1.08934	1.0884	1.08934	1029
2024-07-21 22:30:00	1.08934	1.09001	1.08934	1.08997	2617
2024-07-21 23:00:00	1.08997	1.09023	1.08983	1.09019	4917
2024-07-21 23:30:00	1.09021	1.09027	1.08985	1.08988	3720
2024-07-22 00:00:00	1.08988	1.08998	1.08927	1.0894	4522
2024-07-22 00:30:00	1.08939	1.08953	1.08924	1.08938	3336
2024-07-22 01:00:00	1.08937	1.08948	1.08896	1.08926	2367
2024-07-22 01:30:00	1.08926	1.08937	1.08847	1.08866	2690
2024-07-22 02:00:00	1.08866	1.08897	1.08846	1.08896	3940
2024-07-22 02:30:00	1.08899	1.08953	1.08887	1.08927	2970
2024-07-22 03:00:00	1.08926	1.08937	1.08916	1.08926	2440
2024-07-22 03:30:00	1.08927	1.08936	1.08907	1.08915	2389
2024-07-22 04:00:00	1.08916	1.08927	1.08892	1.08912	3823
2024-07-22 04:30:00	1.08913	1.08913	1.0887	1.08874	1848
2024-07-22 05:00:00	1.08873	1.08876	1.08837	1.0885	3443
2024-07-22 05:30:00	1.0885	1.08863	1.08824	1.08846	2640
2024-07-22 06:00:00	1.08845	1.08891	1.08807	1.08833	7094
2024-07-22 06:30:00	1.08832	1.08902	1.08788	1.08809	10843
2024-07-22 07:00:00	1.0881	1.08878	1.08804	1.0887	9753
2024-07-22 07:30:00	1.0887	1.08879	1.08833	1.08871	6618
2024-07-22 08:00:00	1.08871	1.08919	1.08858	1.08897	5195
2024-07-22 08:30:00	1.08897	1.08924	1.08848	1.0888	4592
2024-07-22 09:00:00	1.08881	1.0893	1.08869	1.08929	7045
2024-07-22 09:30:00	1.08928	1.08953	1.0891	1.08918	5890
2024-07-22 10:00:00	1.08917	1.08929	1.08852	1.08894	5333
2024-07-22 10:30:00	1.08897	1.08924	1.08872	1.08894	3483
2024-07-22 11:00:00	1.08894	1.08911	1.08842	1.08854	4773
2024-07-22 11:30:00	1.08852	1.08879	1.08838	1.08857	4816
2024-07-22 12:00:00	1.08856	1.08884	1.08835	1.08859	5974
2024-07-22 12:30:00	1.08859	1.08861	1.08752	1.08781	10019
2024-07-22 13:00:00	1.08779	1.08823	1.08753	1088	4676
2024-07-22 13:30:00	1.08799	1.08862	1.08791	1.08804	9294
2024-07-22 14:00:00	1.08803	1.08823	1.0873	1.08788	7126
2024-07-22 14:30:00	1.08789	1.08856	1.08782	1.08845	4736
2024-07-22 15:00:00	1.08846	1.08863	1.08817	1.0882	4958
2024-07-22 15:30:00	1.08821	1.08828	1.08766	1.08798	6727
2024-07-22 16:00:00	1.08797	1.08847	1.08788	1.08831	3088
2024-07-22 16:30:00	1.08831	1.08867	1.0882	1.08862	2982
2024-07-22 17:00:00	1.08864	1.08917	1.08864	1.08889	3615
2024-07-22 17:30:00	1.0889	1.0891	1.08875	1.08901	2147
2024-07-22 18:00:00	1.08901	1.08903	1.08877	1.08882	2202
2024-07-22 18:30:00	1.08882	1.08904	1.0888	1.08894	2059
2024-07-22 19:00:00	1.08896	1.08896	1.08869	1.0887	2490
2024-07-22 19:30:00	1.08871	1.08884	1.08858	1.08872	1820
2024-07-22 20:00:00	1.08872	1.08879	1.08864	1.08866	1247
2024-07-22 20:30:00	1.08866	1.08918	1.08862	1.08908	909
2024-07-22 21:00:00	1.08908	1.08933	1.08866	1.08889	887
2024-07-22 21:30:00	1.08888	1.0891	1.08887	1.08893	817
2024-07-22 22:00:00	1.08903	1.08924	1.08902	1.08918	877
2024-07-22 22:30:00	1.08919	1.08921	1.08907	1.08909	511
2024-07-22 23:00:00	1.08909	1.08916	1.08903	1.08911	699
2024-07-22 23:30:00	1.08912	1.08913	1.08889	1.08889	897
2024-07-23 00:00:00	1.08888	1.08924	1.08888	1.08896	3775
2024-07-23 00:30:00	1.08897	1.08915	1.0887	1.08896	4535
2024-07-23 01:00:00	1.08896	1.08939	1.0889	1.08921	4254
2024-07-23 01:30:00	1.08922	1.08923	1.08874	1.08886	2822
2024-07-23 02:00:00	1.08885	1.08912	1.08883	1.08901	2014
2024-07-23 02:30:00	1.08902	1.08937	1.08902	1.08919	1502
2024-07-23 03:00:00	1.08919	1.08967	1.08919	1.08957	1947
2024-07-23 03:30:00	1.08958	1.08959	1.08934	1.08941	3164
2024-07-23 04:00:00	1.08941	1.08947	1.08934	1.08939	1926
2024-07-23 04:30:00	1.08939	1.08939	1.08906	1.08908	4827
2024-07-23 05:00:00	1.08908	1.08913	1.08884	1.08885	4080
2024-07-23 05:30:00	1.08885	1.08906	1.08881	1089	2930
2024-07-23 06:00:00	1089	1.08903	1.08837	1.08837	7342
2024-07-23 06:30:00	1.08837	1.08848	1.08793	1.08848	4527
2024-07-23 07:00:00	1.08848	1.08886	1.08764	1.08764	6410
2024-07-23 07:30:00	1.08764	1.08787	1.08739	1.0876	5547
2024-07-23 08:00:00	1.0876	1.08774	1.08679	1.08755	6177
2024-07-23 08:30:00	1.08753	1.08824	1.08751	1.08778	4975
2024-07-23 09:00:00	1.08778	1.08783	1087	1.08737	5351
2024-07-23 09:30:00	1.08737	1.08745	1.08659	1.08673	3240
2024-07-23 10:00:00	1.08673	1.08689	1.08568	1.08573	6695
2024-07-23 10:30:00	1.08572	1.08621	1.08564	1.08614	6247
2024-07-23 11:00:00	1.08614	1.08684	1.0861	1.08661	3945
2024-07-23 11:30:00	1.08662	1.08665	1.0856	1.0857	5571
2024-07-23 12:00:00	1.08569	1.08634	1.08559	1.08611	5195
2024-07-23 12:30:00	1.08613	1.08614	1.08547	1.08559	5001
2024-07-23 13:00:00	1.08559	1.08561	1085	1.08506	4355
2024-07-23 13:30:00	1.08509	1.08526	1.08458	1.08491	11103
2024-07-23 14:00:00	1.08492	1.08552	1.08492	1.0852	11737
2024-07-23 14:30:00	1.08521	1.08521	1.08438	1.08447	7907
2024-07-23 15:00:00	1.08447	1.08552	1.08446	1.08537	3832
2024-07-23 15:30:00	1.08537	1.08576	1.08521	1.08542	4526
2024-07-23 16:00:00	1.08543	1.08578	1.08521	1.08535	2720
2024-07-23 16:30:00	1.08535	1.08563	1.08518	1.08533	3094
2024-07-23 17:00:00	1.08534	1.08564	1.08531	1.08539	2578
2024-07-23 17:30:00	1.08538	1.08543	1.08506	1.08532	2536
2024-07-23 18:00:00	1.08532	1.08554	1.08523	1.0853	4521
2024-07-23 18:30:00	1.0853	1.08548	1.08513	1.08522	2828
2024-07-23 19:00:00	1.08522	1.08524	1.08502	1.08507	1191
2024-07-23 19:30:00	1.08507	1.08515	1.08492	1.08507	3153
2024-07-23 20:00:00	1.08508	1.08524	1.08495	1.08524	1366
2024-07-23 20:30:00	1.08524	1.08563	1.0852	1.08533	1231
2024-07-23 21:00:00	1.08528	1.08541	1.08528	1.0854	233
2024-07-23 21:30:00	1.08538	1.08548	1.08533	1.08533	472
2024-07-23 22:00:00	1.08539	1.08539	1.08491	1085	1948
2024-07-23 22:30:00	1.08501	1.08514	1.08497	1.08508	1170
2024-07-23 23:00:00	1.08509	1.08513	1.08495	1.08512	839
2024-07-23 23:30:00	1.08511	1.0852	1.08485	1.08496	2059
2024-07-24 00:00:00	1.08495	1.08502	1.08465	1.08481	4550
2024-07-24 00:30:00	1.08481	1.08481	1.08456	1.08466	3092
2024-07-24 01:00:00	1.08467	1.08494	1.08458	1.0847	4863
2024-07-24 01:30:00	1.08471	1.08503	1.08461	1.08483	3542
2024-07-24 02:00:00	1.08483	1.08483	1.08429	1.08435	4153
2024-07-24 02:30:00	1.08434	1.08445	1.08416	1.08428	2567
2024-07-24 03:00:00	1.08429	1.08456	1.08425	1.08447	2565
2024-07-24 03:30:00	1.08447	1.08452	1.08438	1.0845	1486
2024-07-24 04:00:00	1.08451	1.08469	1.08433	1.08453	2666
2024-07-24 04:30:00	1.08454	1.08475	1.08441	1.08468	3365
2024-07-24 05:00:00	1.08469	1.08496	1.08466	1.08494	4402
2024-07-24 05:30:00	1.08494	1.08532	1.08488	1.08526	2667
2024-07-24 06:00:00	1.08526	1.08526	1.08455	1.08462	6899
2024-07-24 06:30:00	1.0846	1.08463	1.08424	1.08432	6383
2024-07-24 07:00:00	1.0843	1.08537	1.08424	1.08468	12055
2024-07-24 07:30:00	1.08466	1.08466	1.08256	1.0829	16101
2024-07-24 08:00:00	1.0829	1.08345	1.08257	1.0831	10582
2024-07-24 08:30:00	1.08311	1.08375	1.08305	1.08349	5043
2024-07-24 09:00:00	1.08349	1.08378	1.08323	1.08352	3499
2024-07-24 09:30:00	1.08351	1.08412	1.08336	1.08406	3359
2024-07-24 10:00:00	1.08406	1.08454	1084	1.0845	4000
2024-07-24 10:30:00	1.0845	1.08463	1.08414	1.08426	3870
2024-07-24 11:00:00	1.08425	1.08427	1.08385	1.08406	6199
2024-07-24 11:30:00	1.08407	1.08489	1.08388	1.08461	4834
2024-07-24 12:00:00	1.08464	1.08502	1.08456	1.08471	5329
2024-07-24 12:30:00	1.08469	1.08592	1.08462	1.08582	5710
2024-07-24 13:00:00	1.08583	1.08614	1.08515	1.08553	8632
2024-07-24 13:30:00	1.08553	1.08628	1.08524	1.08543	14404
2024-07-24 14:00:00	1.08543	1.08664	1.08542	1.08645	11370
2024-07-24 14:30:00	1.08645	1.08658	1.08504	1.08536	10552
2024-07-24 15:00:00	1.08539	1.08573	1.08535	1.08562	6132
2024-07-24 15:30:00	1.08562	1.08576	1.08516	1.08527	8975
2024-07-24 16:00:00	1.08528	1.08529	1.08475	1.08484	4284
2024-07-24 16:30:00	1.08485	1.08513	1.08475	1.08509	3848
2024-07-24 17:00:00	1.08509	1.08549	1.08495	1.08501	2507
2024-07-24 17:30:00	1085	1.08525	1.08459	1.08463	2424
2024-07-24 18:00:00	1.08463	1.08463	1.08406	1.08411	3805
2024-07-24 18:30:00	1.08414	1.08429	1.08367	1.08375	2730
2024-07-24 19:00:00	1.08374	1.0841	1.08359	1.08398	3045
2024-07-24 19:30:00	1.08397	1.08425	1.08373	1.08389	4774
2024-07-24 20:00:00	1.08388	1.08401	1.08383	1.08388	1171
2024-07-24 20:30:00	1.08388	1.08399	1.08378	1.08397	1087
2024-07-24 21:00:00	1.08396	1.08404	1.08383	1.08392	489
2024-07-24 21:30:00	1.08391	1.08401	1.08385	1.08394	718
2024-07-24 22:00:00	1.08394	1.0842	1.08394	1.08418	767
2024-07-24 22:30:00	1.08417	1.08419	1.08378	1.08393	590
2024-07-24 23:00:00	1.08394	1.08399	1.08381	1.08393	858
2024-07-24 23:30:00	1.08392	1.08395	1.08374	1.08378	1262
2024-07-25 00:00:00	1.08379	1.08387	1.08363	1.08367	2851
2024-07-25 00:30:00	1.08367	1.08412	1.08349	1.08394	6125
2024-07-25 01:00:00	1.08395	1.08414	1.08384	1.08387	3843
2024-07-25 01:30:00	1.08386	1.08428	1.08372	1.08379	5316
2024-07-25 02:00:00	1.08379	1.08414	1.08362	1.08403	4004
2024-07-25 02:30:00	1.08403	1.08412	1.08362	1.08395	3228
2024-07-25 03:00:00	1.08394	1.08433	1.08389	1.0843	3238
2024-07-25 03:30:00	1.08431	1.08439	1.08415	1.08427	2203
2024-07-25 04:00:00	1.08427	1.08434	1.08409	1.08417	1797
2024-07-25 04:30:00	1.08417	1.08417	1.08376	1.08399	3595
2024-07-25 05:00:00	1.08401	1.08406	1.08382	1.08398	3067
2024-07-25 05:30:00	1.08398	1.08454	1.08389	1.0845	2951
2024-07-25 06:00:00	1.08451	1.08451	1.08373	1.08377	6025
2024-07-25 06:30:00	1.08378	1.08378	1.08334	1.08347	6362
2024-07-25 07:00:00	1.08348	1.08369	1.08282	1.08353	8642
2024-07-25 07:30:00	1.08352	1.08531	1.08336	1.08487	11358
2024-07-25 08:00:00	1.08487	1.08577	1.0844	1.08441	16342
2024-07-25 08:30:00	1.0844	1.08492	1.08433	1.0846	10109
2024-07-25 09:00:00	1.08459	1.08519	1.08438	1.08515	7460
2024-07-25 09:30:00	1.08515	1.08559	1.08506	1.08515	4981
2024-07-25 10:00:00	1.08514	1.08588	1.08513	1.08526	4262
2024-07-25 10:30:00	1.08525	1.08529	1.08479	1.08512	7111
2024-07-25 11:00:00	1.08513	1.08537	1.08482	1.08507	5298
2024-07-25 11:30:00	1.08508	1.08508	1.08436	1.08457	4319
2024-07-25 12:00:00	1.08456	1.08549	1.08456	1.08508	4681
2024-07-25 12:30:00	1.08513	1.08548	1.08363	1.08497	18835
2024-07-25 13:00:00	1.08497	1.08508	1084	1.08402	15560
2024-07-25 13:30:00	1.08401	1.08452	1.08302	1.0839	11095
2024-07-25 14:00:00	1.0839	1085	1.08361	1.08497	15933
2024-07-25 14:30:00	1.08498	1.08568	1.08494	1.08545	12291
2024-07-25 15:00:00	1.08546	1.08646	1.08544	1.08579	6810
2024-07-25 15:30:00	1.08578	1.08617	1.08559	1.08598	8553
2024-07-25 16:00:00	1.08599	1.08634	1.08565	1.08612	4936
2024-07-25 16:30:00	1.08611	1.08634	1.08586	1.0862	4168
2024-07-25 17:00:00	1.08621	1.08699	1.08586	1.08586	6715
2024-07-25 17:30:00	1.08586	1086	1.08539	1.08543	6095
2024-07-25 18:00:00	1.08543	1.08547	1.08486	1.08497	3182
2024-07-25 18:30:00	1.08498	1.08523	1.08478	1.08479	4194
2024-07-25 19:00:00	1.08478	1.08536	1.0846	1.08522	2497
2024-07-25 19:30:00	1.08522	1.08533	1.08454	1.08459	5283
2024-07-25 20:00:00	1.08459	1.08463	1.08439	1.08445	1070
2024-07-25 20:30:00	1.08444	1.08461	1.08434	1.0845	1081
2024-07-25 21:00:00	1.08448	1.08463	1.08442	1.08455	267
2024-07-25 21:30:00	1.08455	1.08466	1.08447	1.0845	968
2024-07-25 22:00:00	1.0845	1.08477	1.08434	1.08469	948
2024-07-25 22:30:00	1.0847	1.08484	1.08465	1.08469	889
2024-07-25 23:00:00	1.08471	1.08509	1.08468	1.08509	2347
2024-07-25 23:30:00	1.08508	1.08514	1.08492	1.08513	2112
2024-07-26 00:00:00	1.08514	1.08553	1.08514	1.08545	2885
2024-07-26 00:30:00	1.08545	1.08554	1.08525	1.08538	2789
2024-07-26 01:00:00	1.08537	1.08543	1.0852	1.08528	2397
2024-07-26 01:30:00	1.08528	1.08594	1.08528	1.08579	2466
2024-07-26 02:00:00	1.0858	1.08604	1.08554	1.08594	1687
2024-07-26 02:30:00	1.08594	1.08594	1.08546	1.08551	2690
2024-07-26 03:00:00	1.08552	1.08568	1.08544	1.08563	2490
2024-07-26 03:30:00	1.08564	1.08585	1.0854	1.08583	3483
2024-07-26 04:00:00	1.08582	1.08597	1.08574	1.08581	3354
2024-07-26 04:30:00	1.0858	1.08587	1.08567	1.08582	2887
2024-07-26 05:00:00	1.08583	1.08602	1.08568	1.08597	1970
2024-07-26 05:30:00	1.08597	1.08607	1.08565	1.08572	2545
2024-07-26 06:00:00	1.08572	1.08572	1.08505	1.08521	7175
2024-07-26 06:30:00	1.08522	1.08531	1.08506	1.08522	2143
2024-07-26 07:00:00	1.08522	1.08549	1.08474	1.08528	6248
2024-07-26 07:30:00	1.08529	1.08556	1.08449	1.08491	5221
2024-07-26 08:00:00	1.08491	1.08529	1.08447	1.08477	4535
2024-07-26 08:30:00	1.08477	1.08529	1.0842	1.08514	5376
2024-07-26 09:00:00	1.08514	1.08547	1085	1.08535	5238
2024-07-26 09:30:00	1.08536	1.08566	1.08516	1.08539	4082
2024-07-26 10:00:00	1.0854	1.08566	1.08508	1.08563	2464
2024-07-26 10:30:00	1.08562	1.08586	1.08541	1.08562	3310
2024-07-26 11:00:00	1.08561	1.08577	1.08522	1.08562	3188
2024-07-26 11:30:00	1.08561	1.08614	1.08542	1.0861	3586
2024-07-26 12:00:00	1.08611	1.08627	1.08535	1.08538	4164
2024-07-26 12:30:00	1.08536	1.08654	1.08484	1.08606	8918
2024-07-26 13:00:00	1.08606	1.08638	1.0859	1.08632	4874
2024-07-26 13:30:00	1.08631	1.08672	1.08596	1.08651	6075
2024-07-26 14:00:00	1.08651	1.08681	1.08556	1.08594	13803
2024-07-26 14:30:00	1.08596	1.08603	1.08514	1.08557	7967
2024-07-26 15:00:00	1.08558	1.08585	1.08532	1.08537	4906
2024-07-26 15:30:00	1.08536	1086	1.08525	1.08579	3744
2024-07-26 16:00:00	1.08579	1.08646	1.08564	1.0864	2101
2024-07-26 16:30:00	1.08641	1.08669	1.08622	1.08653	1775
2024-07-26 17:00:00	1.08653	1.08654	1.08606	1.08615	3583
2024-07-26 17:30:00	1.08616	1.0862	1.08579	1.08607	3210
2024-07-26 18:00:00	1.08606	1.08633	1.08589	1.08592	1834
2024-07-26 18:30:00	1.08593	1.08603	1.08561	1.08566	2983
2024-07-26 19:00:00	1.08567	1.08591	1.08554	1.08587	2208
2024-07-26 19:30:00	1.08587	1.08587	1.08562	1.08577	2770
2024-07-26 20:00:00	1.08576	1.08576	1.08557	1.08567	2192
2024-07-26 20:30:00	1.08568	1.08578	1.08547	1.08547	1675
2024-07-28 21:00:00	1.08553	1.08586	1.08548	1.08582	122
2024-07-28 21:30:00	1.08581	1.08585	1.08527	1.08549	869
2024-07-28 22:00:00	1.0855	1.08599	1.08547	1.08592	1797
2024-07-28 22:30:00	1.08592	1.08592	1.08555	1.08559	2017
2024-07-28 23:00:00	1.0856	1.08567	1.08535	1.08541	1816
2024-07-28 23:30:00	1.08539	1.0855	1.08527	1.08527	1688
2024-07-29 00:00:00	1.08524	1.08583	1.08508	1.08567	2603
2024-07-29 00:30:00	1.0857	1.08664	1.08568	1.08633	3322
2024-07-29 01:00:00	1.08634	1.08659	1.08606	1.08654	3322
2024-07-29 01:30:00	1.08656	1.08679	1.08645	1.08657	3034
2024-07-29 02:00:00	1.08656	1087	1.08656	1.08694	3584
2024-07-29 02:30:00	1.08693	1.08696	1.08642	1.08642	3608
2024-07-29 03:00:00	1.08641	1.08657	1.08637	1.08642	2014
2024-07-29 03:30:00	1.08642	1.08647	1.08616	1.08622	1104
2024-07-29 04:00:00	1.08623	1.08637	1.08598	1.08599	1414
2024-07-29 04:30:00	1.08598	1.08611	1.08582	1.0859	1691
2024-07-29 05:00:00	1.08589	1.08622	1.08587	1.08621	910
2024-07-29 05:30:00	1.0862	1.08629	1.08574	1.0859	2901
2024-07-29 06:00:00	1.08589	1.08621	1.0857	1086	4037
2024-07-29 06:30:00	1.08601	1.08601	1.0855	1.0858	3148
2024-07-29 07:00:00	1.0858	1.08597	1.08474	1.08509	6134
2024-07-29 07:30:00	1.08509	1.08561	1.08432	1.08445	6271
2024-07-29 08:00:00	1.08443	1.08443	1.08377	1.08383	6550
2024-07-29 08:30:00	1.08382	1.08382	1.08316	1.08321	3434
2024-07-29 09:00:00	1.08321	1.08321	1.08266	1.08282	3075
2024-07-29 09:30:00	1.08282	1.08413	1.08269	1.08371	3321
2024-07-29 10:00:00	1.0837	1.08395	1.08329	1.08368	4468
2024-07-29 10:30:00	1.08367	1.0842	1.08341	1.08358	6000
2024-07-29 11:00:00	1.08358	1.08358	1.08283	1.08294	4581
2024-07-29 11:30:00	1.08294	1.0831	1.08167	1.08177	3829
2024-07-29 12:00:00	1.08178	1.08215	1.0815	1.08189	3447
2024-07-29 12:30:00	1.08189	1.08191	1.0815	1.0816	4696
2024-07-29 13:00:00	1.08161	1.08169	1.08114	1.08154	6217
2024-07-29 13:30:00	1.08155	1.08174	1.08109	1.08117	8970
2024-07-29 14:00:00	1.08118	1.08142	1.08074	1.08084	5916
2024-07-29 14:30:00	1.08085	1.08161	1.08028	1.08153	8985
2024-07-29 15:00:00	1.08154	1.08239	1.08154	1.08223	11243
2024-07-29 15:30:00	1.08224	1.08224	1.08177	1.08189	7073
2024-07-29 16:00:00	1.0819	1.08194	1.08149	1.08172	3024
2024-07-29 16:30:00	1.08175	1.08237	1.0817	1.08214	2158
2024-07-29 17:00:00	1.08214	1.08249	1.08195	1.08223	1923
2024-07-29 17:30:00	1.08224	1.08259	1.08223	1.0825	1718
2024-07-29 18:00:00	1.08251	1.08251	1.0822	1.08221	1267
2024-07-29 18:30:00	1.0822	1.08226	1.08193	1.08215	1422
2024-07-29 19:00:00	1.08216	1.08251	1.08216	1.08243	2464
2024-07-29 19:30:00	1.08244	1.08255	1.08223	1.08237	2041
2024-07-29 20:00:00	1.08238	1.08238	1.08209	1.08212	860
2024-07-29 20:30:00	1.08212	1.0822	1.08197	1.08212	1413
2024-07-29 21:00:00	1.08203	1.08235	1.08199	1.08224	380
2024-07-29 21:30:00	1.08224	1.08228	1.08212	1.08228	759
2024-07-29 22:00:00	1.08232	1.08233	1.08213	1.08223	962
2024-07-29 22:30:00	1.08224	1.08236	1.08221	1.08222	591
2024-07-29 23:00:00	1.08222	1.08222	1082	1.08214	997
2024-07-29 23:30:00	1.08214	1.08221	1.08182	1.0819	1355
2024-07-30 00:00:00	1.08191	1082	1.08158	1.08168	4151
2024-07-30 00:30:00	1.08169	1.08181	1.08153	1.0817	1473
2024-07-30 01:00:00	1.08169	1082	1.08152	1.08156	1631
2024-07-30 01:30:00	1.08154	1.0818	1.08142	1.08173	1958
2024-07-30 02:00:00	1.08173	1.08185	1.08155	1.08156	2822
2024-07-30 02:30:00	1.08156	1.08181	1.08146	1.08179	1393
2024-07-30 03:00:00	1.0818	1.08199	1.08175	1.0819	1304
2024-07-30 03:30:00	1.0819	1.08224	1.08177	1.08221	697
2024-07-30 04:00:00	1.0822	1.08249	1.08219	1.08247	924
2024-07-30 04:30:00	1.08248	1.08251	1.08218	1.0824	3695
2024-07-30 05:00:00	1.08238	1.08248	1.08216	1.08229	4034
2024-07-30 05:30:00	1.08228	1.08234	1.0819	1.08205	3957
2024-07-30 06:00:00	1.08204	1.08236	1.08176	1.08232	3110
2024-07-30 06:30:00	1.08234	1.08246	1.0819	1.08226	4140
2024-07-30 07:00:00	1.08223	1.08268	1.08181	1.08238	6836
2024-07-30 07:30:00	1.08237	1.08258	1.08163	1.08187	6453
2024-07-30 08:00:00	1.08187	1.08307	1.0816	1.08303	7673
2024-07-30 08:30:00	1.08303	1.08346	1.08263	1.08283	5194
2024-07-30 09:00:00	1.08284	1.0834	1.08277	1.08329	6078
2024-07-30 09:30:00	1.08329	1.0835	1.08313	1.08317	3146
2024-07-30 10:00:00	1.08317	1.08356	1.08316	1.08348	2608
2024-07-30 10:30:00	1.08348	1.08356	1.08319	1.08332	3503
2024-07-30 11:00:00	1.08333	1.08334	1.08284	1.08289	2942
2024-07-30 11:30:00	1.08289	1.08297	1.08238	1.08242	3073
2024-07-30 12:00:00	1.0824	1.08259	1.08149	1.08156	4203
2024-07-30 12:30:00	1.08155	1.08162	1.08015	1.08019	6775
2024-07-30 13:00:00	1.08019	1.08149	1.08018	1.08137	6639
2024-07-30 13:30:00	1.08137	1.08151	1.08071	1.08103	10993
2024-07-30 14:00:00	1.08102	1.08102	1.07993	1.08028	12312
2024-07-30 14:30:00	1.08027	1.08068	1.07982	1.0805	11356
2024-07-30 15:00:00	1.08051	1.08059	1.07989	1.08036	9056
2024-07-30 15:30:00	1.08034	1.0811	1.08027	1.08087	6836
2024-07-30 16:00:00	1.08088	1.08137	1.08068	1.08135	4018
2024-07-30 16:30:00	1.08134	1.08166	1.08109	1.08138	6831
2024-07-30 17:00:00	1.08139	1.08176	1.08097	1.08135	6505
2024-07-30 17:30:00	1.08138	1.0817	1.0813	1.08143	5352
2024-07-30 18:00:00	1.08143	1.08161	1.08118	1.0813	2765
2024-07-30 18:30:00	1.08129	1.08136	1.08102	1.08111	2255
2024-07-30 19:00:00	1.08111	1.08133	1.08105	1.08129	2389
2024-07-30 19:30:00	1.08128	1.08135	1.08093	1.08106	3264
2024-07-30 20:00:00	1.08107	1.08121	1.08085	1.08119	1572
2024-07-30 20:30:00	1.0812	1.08154	1.08111	1.08151	1613
2024-07-30 21:00:00	1.08144	1.08149	1.08127	1.08138	296
2024-07-30 21:30:00	1.08138	1.08142	1.08127	1.08131	715
2024-07-30 22:00:00	1.08131	1.08164	1.08131	1.08156	1649
2024-07-30 22:30:00	1.08155	1.0816	1.08123	1.08148	2001
2024-07-30 23:00:00	1.08148	1.08172	1.08141	1.0817	3124
2024-07-30 23:30:00	1.0817	1.08178	1.08148	1.08157	1784
2024-07-31 00:00:00	1.08156	1.08177	1.08127	1.08176	3934
2024-07-31 00:30:00	1.08176	1082	1.08175	1082	3873
2024-07-31 01:00:00	1082	1.08234	1.08195	1082	4267
2024-07-31 01:30:00	1.08199	1.08243	1.08166	1.0822	7960
2024-07-31 02:00:00	1.08218	1.08262	1.08201	1.08256	6155
2024-07-31 02:30:00	1.08256	1.08282	1.08254	1.08265	3660
2024-07-31 03:00:00	1.08265	1.08296	1.08254	1.08294	2855
2024-07-31 03:30:00	1.08293	1.08302	1.08219	1.0822	8065
2024-07-31 04:00:00	1.0822	1.08259	1.08214	1.08244	5552
2024-07-31 04:30:00	1.08244	1.08259	1.0823	1.08254	3569
2024-07-31 05:00:00	1.08254	1.08265	1.08228	1.08235	2903
2024-07-31 05:30:00	1.08236	1.08268	1082	1.08248	4391
2024-07-31 06:00:00	1.08249	1.08249	1.0817	1082	10587
2024-07-31 06:30:00	1.08201	1.08255	1.08156	1.08252	8771
2024-07-31 07:00:00	1.08252	1.08252	1.08115	1.08203	10088
2024-07-31 07:30:00	1.08203	1.08243	1.08141	1.08181	9743
2024-07-31 08:00:00	1.08181	1.08185	1.08065	1.0816	12780
2024-07-31 08:30:00	1.0816	1.08276	1.08108	1.08224	8797
2024-07-31 09:00:00	1.08225	1.08268	1.08219	1.08263	8988
2024-07-31 09:30:00	1.08263	1.08276	1.08245	1.08258	3999
2024-07-31 10:00:00	1.08258	1.08332	1.0825	1.0831	4780
2024-07-31 10:30:00	1.08309	1.08352	1.08294	1.08331	3521
2024-07-31 11:00:00	1.08331	1.08387	1.08325	1.0836	4042
2024-07-31 11:30:00	1.08361	1.08401	1.08268	1.08281	5037
2024-07-31 12:00:00	1.08281	1.08439	1.08251	1.08415	7513
2024-07-31 12:30:00	1.08415	1.08479	1.08367	1.08408	13506
2024-07-31 13:00:00	1.08408	1.08464	1.08385	1.0846	7722
2024-07-31 13:30:00	1.0846	1.08493	1.08399	1.08428	12261
2024-07-31 14:00:00	1.08429	1.08467	1.08368	1.08396	11960
2024-07-31 14:30:00	1.08397	1.0842	1.08172	1.08215	15451
2024-07-31 15:00:00	1.08216	1.08253	1.08189	1.08204	11384
2024-07-31 15:30:00	1.08205	1.08277	1082	1.08231	5455
2024-07-31 16:00:00	1.08228	1.08232	1.08071	1.08078	3729
2024-07-31 16:30:00	1.08077	1.08099	1.08042	1.08092	4427
2024-07-31 17:00:00	1.08092	1.08116	1.08077	1.08091	1889
2024-07-31 17:30:00	1.08091	1.08164	1.08057	1.08161	3204
2024-07-31 18:00:00	1.0816	1.0816	1.08019	1.08129	12375
2024-07-31 18:30:00	1.08128	1.08292	1.08117	1.08268	18353
2024-07-31 19:00:00	1.08266	1.08329	1.08221	1.08225	10167
2024-07-31 19:30:00	1.08224	1.08313	1.08192	1.08227	12003
2024-07-31 20:00:00	1.08226	1.0826	1.08169	1.08243	1498
2024-07-31 20:30:00	1.08243	1.0828	1.08237	1.08256	1907
2024-07-31 21:00:00	1.08256	1.08282	1.08227	1.0827	287
2024-07-31 21:30:00	1.08272	1.08272	1.08261	1.08272	306
2024-07-31 22:00:00	1.0827	1.08309	1.08265	1.08267	1078
2024-07-31 22:30:00	1.08267	1.08268	1.0824	1.08243	1138
2024-07-31 23:00:00	1.08246	1.08255	1.0823	1.08245	1562
2024-07-31 23:30:00	1.08244	1.08252	1.08217	1.08238	2684
2024-08-01 00:00:00	1.08235	1083	1.08232	1.08291	3493
2024-08-01 00:30:00	1.08291	1.08291	1.08248	1.08276	4853
2024-08-01 01:00:00	1.08275	1.08316	1.08269	1.08311	4630
2024-08-01 01:30:00	1.08311	1.08336	1.08273	1.08276	4970
2024-08-01 02:00:00	1.08275	1.08307	1.08242	1.08285	4233
2024-08-01 02:30:00	1.08286	1.08306	1.08253	1.08261	4506
2024-08-01 03:00:00	1.08261	1.08322	1.08255	1.0832	2736
2024-08-01 03:30:00	1.0832	1.08345	1.08308	1.08328	3388
2024-08-01 04:00:00	1.08328	1.08354	1.08315	1.08326	3613
2024-08-01 04:30:00	1.08328	1.08334	1.08263	1.08267	3424
2024-08-01 05:00:00	1.08267	1.0829	1.08253	1.08277	4005
2024-08-01 05:30:00	1.08277	1.08296	1.08259	1.08272	3901
2024-08-01 06:00:00	1.0827	1.08277	1.08173	1.08176	6030
2024-08-01 06:30:00	1.08175	1.08177	1.0811	1.0816	8101
2024-08-01 07:00:00	1.08161	1.08199	1.08071	1.08087	12592
2024-08-01 07:30:00	1.08088	1.08093	1.07991	1.08009	6475
2024-08-01 08:00:00	1.08009	1.08021	1.07813	1.07841	6747
2024-08-01 08:30:00	1.07841	1.07908	1.07838	1.07843	7993
2024-08-01 09:00:00	1.07842	1.07858	1.07785	1.07821	5674
2024-08-01 09:30:00	1.07819	1.07861	1.07774	1.07778	5628
2024-08-01 10:00:00	1.07781	1.0789	1.07779	1.07871	4078
2024-08-01 10:30:00	1.07872	1.07896	1.07805	1.07842	3445
2024-08-01 11:00:00	1.07844	1.07958	1.07805	1.07911	8218
2024-08-01 11:30:00	1.0791	1.07949	1.07859	1.07918	11936
2024-08-01 12:00:00	1.07919	1.07955	1.07869	1.07909	13526
2024-08-01 12:30:00	1.07909	1.08084	1.07905	1.07964	18652
2024-08-01 13:00:00	1.07963	1.07964	1.07872	1.07919	10950
2024-08-01 13:30:00	1.07919	1.0806	1.07916	1.08027	11986
2024-08-01 14:00:00	1.08034	1.08182	1.07958	1.08005	19813
2024-08-01 14:30:00	1.08007	1.08043	1.07872	1.07921	16434
2024-08-01 15:00:00	1.07922	1.07945	1.07836	1.07849	12640
2024-08-01 15:30:00	1.07849	1.07926	1.07842	1.07886	8292
2024-08-01 16:00:00	1.07887	1.07967	1.07879	1.07909	7843
2024-08-01 16:30:00	1.07908	1.0791	1.07802	1.07862	10863
2024-08-01 17:00:00	1.07863	1.07905	1.07849	1.07891	3109
2024-08-01 17:30:00	1.07892	1.0792	1.07871	1.07915	5090
2024-08-01 18:00:00	1.07917	1.07919	1.07835	1.07852	4923
2024-08-01 18:30:00	1.07851	1.07884	1.07828	1.07837	7187
2024-08-01 19:00:00	1.07838	1.07915	1.07825	1.07914	5677
2024-08-01 19:30:00	1.07914	1.07954	1.07892	1.07897	6032
2024-08-01 20:00:00	1.07897	1.07897	1.07864	1.07866	1552
2024-08-01 20:30:00	1.07865	1.07917	1.07865	1.07911	2349
2024-08-01 21:00:00	1.07911	1.07925	1.07887	1.07906	689
2024-08-01 21:30:00	1.07907	1.0792	1.07906	1.07913	1289
2024-08-01 22:00:00	1.07911	1.07932	1.07891	1.07909	1493
2024-08-01 22:30:00	1.07908	1.07915	1.07874	1.07884	4286
2024-08-01 23:00:00	1.07885	1.07906	1.0788	1079	3131
2024-08-01 23:30:00	1.07899	1.07918	1.07863	1.07864	3038
2024-08-02 00:00:00	1.07864	1.0789	1.07818	1.07889	6253
2024-08-02 00:30:00	1.0789	1.07925	1.07874	1.07909	3388
2024-08-02 01:00:00	1.07908	1.07921	1.07884	1.07899	9099
2024-08-02 01:30:00	1079	1.07937	1.07878	1.07908	4303
2024-08-02 02:00:00	1.07909	1.07913	1.07846	1.07874	5424
2024-08-02 02:30:00	1.07874	1.07917	1.07869	1.07902	3555
2024-08-02 03:00:00	1.07901	1.07951	1.07901	1.07935	2767
2024-08-02 03:30:00	1.07934	1.07951	1.07916	1.0793	3056
2024-08-02 04:00:00	1.07931	1.07972	1.07924	1.07969	3035
2024-08-02 04:30:00	1.0797	1.07986	1.07947	1.07976	4014
2024-08-02 05:00:00	1.07976	1.08001	1.07969	1.0798	3985
2024-08-02 05:30:00	1.07979	1.08042	1.07955	1.08042	4533
2024-08-02 06:00:00	1.08041	1.08087	1.08013	1.08039	10778
2024-08-02 06:30:00	1.08038	1.08052	1.07929	1.07963	9718
2024-08-02 07:00:00	1.07961	1.07969	1.07861	1.07954	14043
2024-08-02 07:30:00	1.07955	1.08042	1.07916	1.0804	9113
2024-08-02 08:00:00	1.08041	1.08115	1.08031	1.08102	9998
2024-08-02 08:30:00	1.08102	1.08152	1.08079	1.08145	6340
2024-08-02 09:00:00	1.08144	1.08248	1.08144	1.08217	9439
2024-08-02 09:30:00	1.08216	1.08241	1.08172	1.08202	7358
2024-08-02 10:00:00	1.08203	1.08225	1.08156	1.08179	7073
2024-08-02 10:30:00	1.0818	1.08244	1.08162	1.0823	3813
2024-08-02 11:00:00	1.08229	1.08364	1.08229	1.08364	5763
2024-08-02 11:30:00	1.08363	1.08372	1.08287	1.08312	9423
2024-08-02 12:00:00	1.08313	1.08357	1.08292	1.08315	10167
2024-08-02 12:30:00	1.08311	1.0897	1.08311	1.0891	30624
2024-08-02 13:00:00	1.0891	1.08999	1.08844	1.08942	25165
2024-08-02 13:30:00	1.08941	1.09064	1.08854	1.09054	16730
2024-08-02 14:00:00	1.09056	1.09178	1.09001	1.09163	16591
2024-08-02 14:30:00	1.09164	1.09265	1.09093	1.09223	18279
2024-08-02 15:00:00	1.09224	1.09244	1.0914	1.09216	14514
2024-08-02 15:30:00	1.09217	1.09247	1.09121	1.09132	16011
2024-08-02 16:00:00	1.09132	1.09146	1.09032	1.09127	13946
2024-08-02 16:30:00	1.09127	1.09148	1.09093	1.0912	7827
2024-08-02 17:00:00	1.0912	1.09153	1.09071	1.09099	5278
2024-08-02 17:30:00	1.09099	1.09137	1.09082	1.09111	5526
2024-08-02 18:00:00	1.0911	1.09153	1091	1.09152	7922
2024-08-02 18:30:00	1.09152	1.09166	1.09101	1.09129	3940
2024-08-02 19:00:00	1.09128	1.09165	1.09098	1.09153	3450
2024-08-02 19:30:00	1.09154	1.09159	1.09096	1.09126	3827
2024-08-02 20:00:00	1.09127	1.09147	1.0908	1.09082	1936
2024-08-02 20:30:00	1.09082	1.09122	1.0908	1.09098	1858
2024-08-04 21:00:00	1.09225	1.09234	1.09175	1.09202	318
2024-08-04 21:30:00	1.09203	1.09209	1.09195	1.09202	287
2024-08-04 22:00:00	1.09203	1.0921	1.09062	1.09066	2963
2024-08-04 22:30:00	1.09066	1.09071	1.09028	1.0906	3519
2024-08-04 23:00:00	1.09064	1.09099	1.09054	1.09072	5416
2024-08-04 23:30:00	1.09071	1.09114	1.09043	1.09103	6469
2024-08-05 00:00:00	1.09104	1.09224	1.09068	1.09217	10092
2024-08-05 00:30:00	1.09218	1.09221	1.09143	1.09166	11206
2024-08-05 01:00:00	1.09165	1.09215	1.09119	1.09184	10687
2024-08-05 01:30:00	1.09183	1.09199	1.09132	1.09188	9568
2024-08-05 02:00:00	1.09188	1.09214	1.09129	1.09183	9595
2024-08-05 02:30:00	1.09185	1.09238	1.0916	1.09216	5113
2024-08-05 03:00:00	1.09217	1.09255	1.09208	1.09212	5994
2024-08-05 03:30:00	1.09214	1.09311	1.09214	1.09305	5188
2024-08-05 04:00:00	1.09305	1.09395	1.09276	1.09388	8748
2024-08-05 04:30:00	1.09388	1.09396	1.09316	1.09324	9218
2024-08-05 05:00:00	1.09325	1.0935	1.09288	1.0931	10549
2024-08-05 05:30:00	1.0931	1.09386	1.09119	1.09122	23897
2024-08-05 06:00:00	1.09124	1.09178	1.08923	1.09012	33746
2024-08-05 06:30:00	1.09011	1.09161	1.09003	1.09051	31457
2024-08-05 07:00:00	1.09051	1.09462	1.09034	1.09426	28265
2024-08-05 07:30:00	1.09426	1.0967	1.09375	1.09487	27951
2024-08-05 08:00:00	1.09488	1.09748	1.09464	1.09631	24011
2024-08-05 08:30:00	1.09631	1.09746	1.09475	1.09508	17360
2024-08-05 09:00:00	1.09511	1.09588	1.09455	1.09547	15884
2024-08-05 09:30:00	1.09547	1.09607	1.09449	1.09513	14256
2024-08-05 10:00:00	1.09511	1.09512	1.0933	1.09479	11347
2024-08-05 10:30:00	1.09481	1.09513	1.09387	1.09483	10556
2024-08-05 11:00:00	1.09483	1.09582	1.09434	1.09485	9648
2024-08-05 11:30:00	1.09487	1.09647	1.09446	1.09629	12056
2024-08-05 12:00:00	1.09628	1.09748	1.09617	1.09693	21345
2024-08-05 12:30:00	1.09693	1.10088	1.09671	1.0991	25599
2024-08-05 13:00:00	1.0991	1.09988	1.09848	1.09968	30319
2024-08-05 13:30:00	1.09967	1.10032	1.09754	1.09791	21668
2024-08-05 14:00:00	1.0979	1.09791	1.0959	1.09674	29820
2024-08-05 14:30:00	1.09674	1098	1.09563	1.09793	21598
2024-08-05 15:00:00	1.09793	1.09862	1.09616	1.09682	17076
2024-08-05 15:30:00	1.09679	1.09731	1.09559	1.09561	19301
2024-08-05 16:00:00	1.09561	1.09607	1.09476	1.09568	15963
2024-08-05 16:30:00	1.09569	1.0961	1.09544	1.09598	11165
2024-08-05 17:00:00	1.09598	1.09643	1.09514	1.09531	12311
2024-08-05 17:30:00	1.09532	1.09557	1.09472	1.09532	10395
2024-08-05 18:00:00	1.09532	1.09574	1.09504	1.09547	6715
2024-08-05 18:30:00	1.09549	1.09567	1.0949	1.0951	6225
2024-08-05 19:00:00	1.0951	1.09555	1.09495	1.09536	7920
2024-08-05 19:30:00	1.09537	1.09587	1.09519	1.09587	4130
2024-08-05 20:00:00	1.0959	1.09602	1.09555	1.09568	2173
2024-08-05 20:30:00	1.09568	1.0957	1.09491	1.09505	2611
2024-08-05 21:00:00	1095	1.09504	1.09462	1.09501	1093
2024-08-05 21:30:00	1.09502	1.09529	1.09502	1.09525	595
2024-08-05 22:00:00	1.09528	1.09619	1.0952	1.09583	1923
2024-08-05 22:30:00	1.09584	1.09589	1.09541	1.09547	1480
2024-08-05 23:00:00	1.09548	1.09577	1.09525	1.09529	8243
2024-08-05 23:30:00	1.0953	1.09562	1.09498	1.09505	5351
2024-08-06 00:00:00	1.09506	1.09526	1.09437	1.09523	9967
2024-08-06 00:30:00	1.09523	1.0963	1.09512	1.09627	7861
2024-08-06 01:00:00	1.09627	1.09631	1.09545	1.09562	7442
2024-08-06 01:30:00	1.09561	1.09573	1095	1.09548	8237
2024-08-06 02:00:00	1.09548	1.09575	1.09527	1.09547	6231
2024-08-06 02:30:00	1.09547	1.09552	1.09517	1.09519	4688
2024-08-06 03:00:00	1.09518	1.09552	1.09514	1.09539	3734
2024-08-06 03:30:00	1.09539	1.0956	1.09517	1.0954	4307
2024-08-06 04:00:00	1.09541	1.09558	1.09507	1.09547	5767
2024-08-06 04:30:00	1.09548	1.09551	1.09496	1.09519	5800
2024-08-06 05:00:00	1.09519	1.09549	1.09502	1.09535	10471
2024-08-06 05:30:00	1.09534	1.09539	1.09448	1.09465	14010
2024-08-06 06:00:00	1.09466	1.09486	1.09419	1.09449	21980
2024-08-06 06:30:00	1.09448	1.09471	1.09344	1.09389	15661
2024-08-06 07:00:00	1.09389	1.09408	1.09311	1.09367	19230
2024-08-06 07:30:00	1.09368	1.09388	1.09218	1.09268	15863
2024-08-06 08:00:00	1.09267	1.09314	1.09185	1.09314	14275
2024-08-06 08:30:00	1.09315	1.0935	1.09263	1.09276	7855
2024-08-06 09:00:00	1.09277	1.09277	1.09133	1.09148	11535
2024-08-06 09:30:00	1.0915	1.09169	1.09076	1.09117	9536
2024-08-06 10:00:00	1.09115	1.09143	1.0908	1.09099	9706
2024-08-06 10:30:00	1.09099	1.09116	1.09041	1.09083	9112
2024-08-06 11:00:00	1.09084	1.09121	1.09037	1.09076	10084
2024-08-06 11:30:00	1.09076	1.09174	1.09038	1.09167	8260
2024-08-06 12:00:00	1.09166	1.09179	1.09101	1.09133	9346
2024-08-06 12:30:00	1.09133	1.09157	1.09046	1.09051	9916
2024-08-06 13:00:00	1.0905	1.09195	1.0905	1.09184	11531
2024-08-06 13:30:00	1.09186	1.09245	1.09154	1.09183	16022
2024-08-06 14:00:00	1.09185	1.09281	1.09152	1.09259	13477
2024-08-06 14:30:00	1.0926	1.09348	1.09208	1.09337	14619
2024-08-06 15:00:00	1.09338	1.09341	1.09268	1.09284	11630
2024-08-06 15:30:00	1.09284	1.09304	1.09222	1.09251	11564
2024-08-06 16:00:00	1.09253	1.09301	1.09207	1.0929	6022
2024-08-06 16:30:00	1.0929	1.09321	1.09241	1.09277	5281
2024-08-06 17:00:00	1.09277	1.0931	1.09226	1.09253	5892
2024-08-06 17:30:00	1.09255	1.09288	1.09227	1.09259	3959
2024-08-06 18:00:00	1.0926	1.09311	1.0925	1.09308	3684
2024-08-06 18:30:00	1.09307	1.09335	1.09273	1.09285	3488
2024-08-06 19:00:00	1.09285	1.09285	1.09226	1.09258	7662
2024-08-06 19:30:00	1.09257	1.09305	1.09244	1.09299	5758
2024-08-06 20:00:00	1.09298	1.09319	1.09286	1.09294	1389
2024-08-06 20:30:00	1.09293	1.09321	1.09276	1.09313	3572
2024-08-06 21:00:00	1.09299	1.09312	1.09253	1.0931	674
2024-08-06 21:30:00	1.09312	1.09317	1.09269	1.09286	879
2024-08-06 22:00:00	1.09286	1.09316	1.09274	1.09305	1493
2024-08-06 22:30:00	1.09303	1.09315	1.09282	1.09294	1077
2024-08-06 23:00:00	1.09296	1.09303	1.09262	1.09269	1303
2024-08-06 23:30:00	1.09265	1.09279	1.09238	1.09259	1016
2024-08-07 00:00:00	1.09259	1.09288	1.09231	1.09256	2499
2024-08-07 00:30:00	1.09258	1.09305	1.09238	1.09296	1734
2024-08-07 01:00:00	1.09296	1.09303	1.09239	1.09247	2020
2024-08-07 01:30:00	1.09246	1.09249	1.09109	1.09181	4505
2024-08-07 02:00:00	1.09183	1.09193	1.09122	1.0917	5515
2024-08-07 02:30:00	1.09169	1.09192	1.09144	1.09162	2252
2024-08-07 03:00:00	1.09163	1.09174	1.09117	1.09152	1663
2024-08-07 03:30:00	1.0915	1.09167	1.09135	1.09157	1658
2024-08-07 04:00:00	1.09157	1.09168	1.09137	1.09159	2658
2024-08-07 04:30:00	1.09156	1.09158	1.09115	1.09116	1445
2024-08-07 05:00:00	1.09114	1.09129	1.09086	1.09087	1684
2024-08-07 05:30:00	1.09088	1.09116	1.09068	1.09102	2453
2024-08-07 06:00:00	1.09101	1.09134	1.09053	1.09133	4213
2024-08-07 06:30:00	1.09133	1.09153	1.09087	1.0915	3228
2024-08-07 07:00:00	1.09151	1.09227	1.09128	1.09214	5405
2024-08-07 07:30:00	1.09215	1.09278	1092	1.09222	4853
2024-08-07 08:00:00	1.09222	1.09279	1.09185	1.09268	5287
2024-08-07 08:30:00	1.09268	1.09268	1.09183	1.09186	4962
2024-08-07 09:00:00	1.09187	1.09195	1.09097	1.09164	8146
2024-08-07 09:30:00	1.09164	1.09186	1.09085	1.09134	8514
2024-08-07 10:00:00	1.09137	1.09181	1.09096	1.0915	5420
2024-08-07 10:30:00	1.09151	1.09232	1.09151	1.09179	5649
2024-08-07 11:00:00	1.09178	1.09219	1.09177	1.09218	6946
2024-08-07 11:30:00	1.09219	1.09266	1.09199	1.09232	5524
2024-08-07 12:00:00	1.09233	1.09256	1.09144	1.09144	9077
2024-08-07 12:30:00	1.09144	1.09223	1.09133	1.09219	5581
2024-08-07 13:00:00	1.09219	1.09229	1.09165	1.09219	6046
2024-08-07 13:30:00	1.0922	1.09264	1.09124	1.09187	9547
2024-08-07 14:00:00	1.0919	1.09247	1.09188	1.09245	8223
2024-08-07 14:30:00	1.09247	1.0934	1.09241	1.09318	6873
2024-08-07 15:00:00	1.09318	1.09366	1.09303	1.09324	6634
2024-08-07 15:30:00	1.09325	1.09334	1.09239	1.09246	7924
2024-08-07 16:00:00	1.09246	1.09269	1.09217	1.09245	4282
2024-08-07 16:30:00	1.09245	1.0926	1.0921	1.09221	5245
2024-08-07 17:00:00	1.0922	1.09264	1.09175	1.0923	9049
2024-08-07 17:30:00	1.09231	1.09271	1.09208	1.09221	4517
2024-08-07 18:00:00	1.09221	1.09238	1.09193	1.09214	6120
2024-08-07 18:30:00	1.09214	1.09224	1.09174	1.09221	6189
2024-08-07 19:00:00	1.09221	1.09264	1.09213	1.09254	6662
2024-08-07 19:30:00	1.09254	1.09266	1.0922	1.09233	4857
2024-08-07 20:00:00	1.09233	1.09233	1.0921	1.09213	3533
2024-08-07 20:30:00	1.09211	1.09237	1092	1.0922	4849
2024-08-07 21:00:00	1.0921	1.09228	1.09173	1.09208	935
2024-08-07 21:30:00	1.0921	1.09244	1.09208	1.09233	943
2024-08-07 22:00:00	1.09233	1.09255	1.09225	1.09254	2049
2024-08-07 22:30:00	1.09255	1.09269	1.09249	1.09266	1370
2024-08-07 23:00:00	1.09267	1.09313	1.09263	1.09303	1239
2024-08-07 23:30:00	1.09305	1.09338	1.09267	1.09273	2882
2024-08-08 00:00:00	1.09275	1.09323	1.09262	1.09286	3110
2024-08-08 00:30:00	1.09285	1.09324	1.09258	1.09279	2598
2024-08-08 01:00:00	1.0928	1.09307	1.09244	1.0925	3036
2024-08-08 01:30:00	1.09251	1.09289	1.09235	1.09277	2068
2024-08-08 02:00:00	1.09278	1.09326	1.09265	1.09294	1504
2024-08-08 02:30:00	1.09297	1.09351	1.09292	1.09336	2207
2024-08-08 03:00:00	1.09337	1.09339	1.09298	1.09312	2355
2024-08-08 03:30:00	1.09313	1.09354	1.09301	1.09348	1440
2024-08-08 04:00:00	1.09348	1.09376	1.09348	1.09358	2441
2024-08-08 04:30:00	1.0936	1.09369	1.09307	1.09316	1806
2024-08-08 05:00:00	1.09317	1.0933	1.09302	1.0932	1854
2024-08-08 05:30:00	1.09321	1.09358	1.09298	1.09357	2760
2024-08-08 06:00:00	1.09356	1.09427	1.09339	1.09345	4040
2024-08-08 06:30:00	1.09342	1.09447	1.09335	1.09428	3767
2024-08-08 07:00:00	1.0943	1.09451	1.09361	1.09375	5735
2024-08-08 07:30:00	1.09373	1.09407	1.09338	1.09399	4287
2024-08-08 08:00:00	1.09399	1.09443	1.09374	1.0939	2895
2024-08-08 08:30:00	1.09389	1.09415	1.09354	1.09369	2752
2024-08-08 09:00:00	1.0937	1.09395	1.09308	1.09334	3215
2024-08-08 09:30:00	1.09335	1.09344	1.0926	1.09268	4143
2024-08-08 10:00:00	1.09268	1.09286	1.09208	1.09272	5304
2024-08-08 10:30:00	1.09272	1.09286	1.09218	1.09252	4407
2024-08-08 11:00:00	1.09252	1.09298	1.0923	1.09279	5004
2024-08-08 11:30:00	1.09278	1.09332	1.09235	1.09304	5836
2024-08-08 12:00:00	1.09305	1.09325	1.09283	1.09293	5605
2024-08-08 12:30:00	1.09284	1.09292	1.08915	1.08974	20200
2024-08-08 13:00:00	1.08975	1.09062	1.08927	1.08971	11498
2024-08-08 13:30:00	1.08971	1.08979	1.08814	1.08926	12737
2024-08-08 14:00:00	1.08931	1.08992	1.08913	1.08979	12432
2024-08-08 14:30:00	1.0898	1.09077	1.08956	1.09063	14716
2024-08-08 15:00:00	1.09062	1.09146	1.09055	1.09081	13347
2024-08-08 15:30:00	1.09082	1.09145	1.09061	1.0913	9529
2024-08-08 16:00:00	1.0913	1.09145	1.09057	1.09069	7630
2024-08-08 16:30:00	1.09069	1.09105	1.0905	1.09086	6157
2024-08-08 17:00:00	1.09087	1.09162	1.09074	1.09148	6949
2024-08-08 17:30:00	1.09148	1.09161	1.09109	1.09126	3969
2024-08-08 18:00:00	1.09128	1.0915	1.0911	1.09129	5152
2024-08-08 18:30:00	1.09129	1.09188	1.09128	1.09183	6589
2024-08-08 19:00:00	1.09182	1.09182	1.09133	1.09165	5584
2024-08-08 19:30:00	1.09164	1.09169	1.09142	1.09159	4568
2024-08-08 20:00:00	1.09159	1.09181	1.09159	1.09175	1949
2024-08-08 20:30:00	1.09175	1.0919	1.09169	1.09181	1148
2024-08-08 21:00:00	1.09174	1.09177	1091	1.0916	565
2024-08-08 21:30:00	1.09158	1.09164	1.09151	1.09162	658
2024-08-08 22:00:00	1.09163	1.0918	1.09155	1.0917	1002
2024-08-08 22:30:00	1.09169	1.09189	1.09169	1.09182	470
2024-08-08 23:00:00	1.09183	1.09193	1.09153	1.09153	681
2024-08-08 23:30:00	1.09154	1.09177	1.09143	1.09149	351
2024-08-09 00:00:00	1.09147	1.09159	1.09127	1.09128	1922
2024-08-09 00:30:00	1.09128	1.09144	1.09114	1.0913	1812
2024-08-09 01:00:00	1.09131	1.09173	1.09119	1.09173	1388
2024-08-09 01:30:00	1.09174	1.09188	1.09159	1.09177	2688
2024-08-09 02:00:00	1.09178	1.09217	1.09157	1.09217	2034
2024-08-09 02:30:00	1.09217	1.09243	1.09206	1.09212	1685
2024-08-09 03:00:00	1.09211	1.09235	1.09204	1.09227	1215
2024-08-09 03:30:00	1.09227	1.0924	1.09208	1.09228	1997
2024-08-09 04:00:00	1.09228	1.09239	1.09204	1.09206	975
2024-08-09 04:30:00	1.09205	1.09223	1.09199	1.09201	1549
2024-08-09 05:00:00	1.09201	1.09213	1.09181	1.09198	2618
2024-08-09 05:30:00	1.09197	1.09213	1.09183	1.09193	1718
2024-08-09 06:00:00	1.09194	1.09253	1.09175	1.09249	2159
2024-08-09 06:30:00	1.0925	1.09281	1.09243	1.09273	2119
2024-08-09 07:00:00	1.09272	1.0929	1.09247	1.09262	5129
2024-08-09 07:30:00	1.09263	1.09269	1.09202	1.09218	4475
2024-08-09 08:00:00	1.09218	1.09224	1.09156	1.09195	4002
2024-08-09 08:30:00	1.09195	1.09224	1.09129	1.09175	2507
2024-08-09 09:00:00	1.09176	1.09245	1.09172	1.09234	1892
2024-08-09 09:30:00	1.09235	1.09257	1.09182	1.09195	4975
2024-08-09 10:00:00	1.09195	1.09231	1.09166	1.09185	4488
2024-08-09 10:30:00	1.09186	1.09226	1.09172	1.09174	4355
2024-08-09 11:00:00	1.09175	1.09206	1.09143	1.09153	4982
2024-08-09 11:30:00	1.09154	1.0918	1.09112	1.0916	7390
2024-08-09 12:00:00	1.09159	1.09195	1.09117	1.09145	5018
2024-08-09 12:30:00	1.09144	1.09166	1.0909	1.09117	5624
2024-08-09 13:00:00	1.09117	1.09227	1.09097	1.09223	4051
2024-08-09 13:30:00	1.09224	1.09239	1.09183	1.09223	6786
2024-08-09 14:00:00	1.09223	1.09313	1.09212	1.09299	5706
2024-08-09 14:30:00	1.09298	1.09301	1.09217	1.09231	6329
2024-08-09 15:00:00	1.09231	1.09261	1.09216	1.09239	4662
2024-08-09 15:30:00	1.09239	1.09276	1.09217	1.09241	5682
2024-08-09 16:00:00	1.0924	1.09245	1.09178	1.0918	3827
2024-08-09 16:30:00	1.0918	1.09208	1.09178	1.09186	2809
2024-08-09 17:00:00	1.09186	1.09202	1.09151	1092	3227
2024-08-09 17:30:00	1.09201	1.09234	1.09193	1.09206	2674
2024-08-09 18:00:00	1.09207	1.09217	1.09174	1.0918	1797
2024-08-09 18:30:00	1.0918	1.09201	1.0917	1.09195	1646
2024-08-09 19:00:00	1.09195	1.09211	1.09184	1.09187	1749
2024-08-09 19:30:00	1.09188	1.09196	1.09171	1.09187	2982
2024-08-09 20:00:00	1.09186	1.09194	1.09167	1.09175	2064
2024-08-09 20:30:00	1.09176	1.0919	1.09148	1.09167	1891
2024-08-11 21:00:00	1.09142	1.09185	1.09142	1.09182	159
2024-08-11 21:30:00	1.09182	1.09196	1.09162	1.09189	292
2024-08-11 22:00:00	1.09189	1.09191	1091	1.09105	1706
2024-08-11 22:30:00	1.09104	1.0914	1.09103	1.09128	1808
2024-08-11 23:00:00	1.09128	1.0915	1.09125	1.09148	1656
2024-08-11 23:30:00	1.09147	1.09148	1.09125	1.09127	1873
2024-08-12 00:00:00	1.09125	1.0919	1.09116	1.09159	1987
2024-08-12 00:30:00	1.09159	1.09197	1.09156	1.09182	1699
2024-08-12 01:00:00	1.09182	1.09229	1.0918	1.09223	2247
2024-08-12 01:30:00	1.09223	1.0923	1.09193	1.09206	2202
2024-08-12 02:00:00	1.09205	1.09217	1.09193	1.09212	2675
2024-08-12 02:30:00	1.09213	1.09214	1.09178	1.09178	1680
2024-08-12 03:00:00	1.09177	1.09187	1.09136	1.09141	1540
2024-08-12 03:30:00	1.0914	1.09147	1.09126	1.0914	1091
2024-08-12 04:00:00	1.09138	1.09167	1.09136	1.09164	949
2024-08-12 04:30:00	1.09164	1.09214	1.09161	1.09189	2209
2024-08-12 05:00:00	1.0919	1.0921	1.0919	1.09203	3411
2024-08-12 05:30:00	1.09204	1.09204	1.09175	1.09185	2963
2024-08-12 06:00:00	1.09185	1.09215	1.09157	1.09185	4507
2024-08-12 06:30:00	1.09184	1.09235	1.09184	1.09211	3744
2024-08-12 07:00:00	1.09211	1.09284	1.09202	1.0927	4722
2024-08-12 07:30:00	1.09271	1.09271	1.09194	1.09221	5939
2024-08-12 08:00:00	1.09223	1.09254	1.0916	1.09172	4776
2024-08-12 08:30:00	1.09171	1.09213	1.09163	1.09206	3411
2024-08-12 09:00:00	1.09206	1.0924	1.09176	1.09223	2884
2024-08-12 09:30:00	1.09224	1.09279	1.09224	1.09267	4452
2024-08-12 10:00:00	1.09268	1.09299	1.09251	1.09291	3068
2024-08-12 10:30:00	1.09291	1.09295	1.09215	1.09265	2252
2024-08-12 11:00:00	1.09265	1.09292	1.09216	1.09218	4625
2024-08-12 11:30:00	1.09217	1.09267	1.09197	1.09259	2967
2024-08-12 12:00:00	1.09259	1.09288	1.09207	1.09218	4082
2024-08-12 12:30:00	1.09218	1.09228	1.09176	1.09199	3219
2024-08-12 13:00:00	1.09199	1.09281	1.09199	1.09264	3945
2024-08-12 13:30:00	1.09264	1.09333	1.09241	1.09251	10865
2024-08-12 14:00:00	1.09253	1.09253	1.09152	1.09212	5563
2024-08-12 14:30:00	1.09213	1.09333	1.09211	1.09312	5307
2024-08-12 15:00:00	1.09312	1.09393	1.09302	1.09376	9241
2024-08-12 15:30:00	1.09377	1.09377	1.09272	1.09279	5902
2024-08-12 16:00:00	1.09278	1.09294	1.09252	1.09274	3537
2024-08-12 16:30:00	1.09273	1.09278	1.09218	1.09228	3741
2024-08-12 17:00:00	1.09227	1.09286	1.09221	1.09284	3410
2024-08-12 17:30:00	1.09285	1.09336	1.09285	1.09331	3762
2024-08-12 18:00:00	1.09331	1.0935	1.09297	1.09297	2679
2024-08-12 18:30:00	1.09296	1.09305	1.09282	1.09304	1840
2024-08-12 19:00:00	1.09304	1.09331	1.09303	1.09315	1984
2024-08-12 19:30:00	1.09315	1.09331	1.09297	1.09314	2575
2024-08-12 20:00:00	1.09314	1.09314	1.09272	1.09273	744
2024-08-12 20:30:00	1.09273	1.09322	1.09273	1.09312	886
2024-08-12 21:00:00	1.09303	1.09334	1.09249	1.09319	406
2024-08-12 21:30:00	1.09319	1.09324	1.0931	1.09317	758
2024-08-12 22:00:00	1.09317	1.0933	1.09307	1.09315	1180
2024-08-12 22:30:00	1.09316	1.09326	1.09309	1.09323	696
2024-08-12 23:00:00	1.09324	1.09334	1.09312	1.09319	674
2024-08-12 23:30:00	1.09322	1.09363	1.09318	1.09361	1359
2024-08-13 00:00:00	1.0936	1.09361	1.09305	1.09311	3290
2024-08-13 00:30:00	1.09311	1.09313	1.09292	1.09299	2760
2024-08-13 01:00:00	1.09299	1.09312	1.09292	1.09307	1985
2024-08-13 01:30:00	1.09308	1.09352	1.09303	1.09349	1935
2024-08-13 02:00:00	1.09348	1.09375	1.09345	1.09367	1326
2024-08-13 02:30:00	1.09367	1.09371	1.09339	1.09353	1407
2024-08-13 03:00:00	1.09353	1.09381	1.0935	1.09369	1125
2024-08-13 03:30:00	1.09369	1.09384	1.09358	1.09369	939
2024-08-13 04:00:00	1.09369	1.09384	1.09367	1.09383	1017
2024-08-13 04:30:00	1.09384	1.09392	1.09357	1.09391	1519
2024-08-13 05:00:00	1.09392	1.09409	1.09387	1.09399	1205
2024-08-13 05:30:00	1.09399	1.09411	1.09373	1.09397	2386
2024-08-13 06:00:00	1.09398	1.09408	1.0934	1.09343	7353
2024-08-13 06:30:00	1.09342	1.0937	1.09325	1.09333	3294
2024-08-13 07:00:00	1.09333	1.09346	1.09262	1.09334	4655
2024-08-13 07:30:00	1.09334	1.09347	1.09272	1.09301	4821
2024-08-13 08:00:00	1093	1093	1.09209	1.09218	5560
2024-08-13 08:30:00	1.09218	1.0925	1.09206	1.09233	2809
2024-08-13 09:00:00	1.09234	1.09234	1.09137	1.09218	3694
2024-08-13 09:30:00	1.09218	1.09269	1.09196	1.09196	3037
2024-08-13 10:00:00	1.09196	1.09237	1.09179	1.09205	4145
2024-08-13 10:30:00	1.09204	1.09251	1.09201	1.09231	3244
2024-08-13 11:00:00	1.0923	1.09273	1.09225	1.09272	2496
2024-08-13 11:30:00	1.09272	1.09322	1.09265	1.09302	2302
2024-08-13 12:00:00	1.09301	1.09318	1.09254	1.09277	3533
2024-08-13 12:30:00	1.09277	1.09465	1.09277	1.09409	10665
2024-08-13 13:00:00	1.0941	1.09546	1.0938	1.0954	7743
2024-08-13 13:30:00	1.0954	1.09623	1.09521	1.09586	7062
2024-08-13 14:00:00	1.09587	1.09587	1.09515	1.09547	7254
2024-08-13 14:30:00	1.09548	1.09618	1.09501	1.09559	5908
2024-08-13 15:00:00	1.0956	1.09586	1.09496	1095	5842
2024-08-13 15:30:00	1.09499	1.09544	1.0948	1.09535	3727
2024-08-13 16:00:00	1.09536	1.09612	1.09529	1.0961	2793
2024-08-13 16:30:00	1.09609	1.09739	1.09598	1.09723	6217
2024-08-13 17:00:00	1.09725	1.09784	1.09697	1.09766	5973
2024-08-13 17:30:00	1.09765	1.09771	1.09725	1.09767	5392
2024-08-13 18:00:00	1.09768	1.0992	1.09767	1.09913	3889
2024-08-13 18:30:00	1.09914	1.09994	1.09903	1.09991	4766
2024-08-13 19:00:00	1.09991	1.09996	1.09939	1.09966	7626
2024-08-13 19:30:00	1.09966	1.09981	1.09947	1.09959	7838
2024-08-13 20:00:00	1.0996	1.09989	1.09944	1.09984	3628
2024-08-13 20:30:00	1.09984	1.09986	1.09916	1.09916	3719
2024-08-13 21:00:00	1.09916	1.09941	1.09754	1.09911	692
2024-08-13 21:30:00	1.09911	1.09933	1.09897	1.09918	2055
2024-08-13 22:00:00	1.09918	1.09958	1.09908	1.09942	1807
2024-08-13 22:30:00	1.09943	1.09973	1.0994	1.09965	663
2024-08-13 23:00:00	1.09966	1.09984	1.0996	1.09964	1978
2024-08-13 23:30:00	1.09963	1.0997	1.09943	1.09959	2868
2024-08-14 00:00:00	1.09958	1.09971	1.0994	1.09949	4612
2024-08-14 00:30:00	1.09948	1.09961	1.09916	1.09919	3090
2024-08-14 01:00:00	1.09918	1.09965	1.09904	1.09963	4830
2024-08-14 01:30:00	1.09962	1.09963	1.09915	1.09918	3529
2024-08-14 02:00:00	1.09916	1.09931	1.09902	1.09915	6296
2024-08-14 02:30:00	1.09916	1.0994	1.09911	1.09914	2686
2024-08-14 03:00:00	1.09915	1.09916	1.09896	1.09899	3636
2024-08-14 03:30:00	1.09898	1.09909	1.09887	1099	3117
2024-08-14 04:00:00	1099	1.09926	1.09894	1.09919	2032
2024-08-14 04:30:00	1.09919	1.09931	1.09913	1.09928	1532
2024-08-14 05:00:00	1.09928	1.09948	1.09916	1.09927	2935
2024-08-14 05:30:00	1.09927	1.09927	1.09895	1.09907	2775
2024-08-14 06:00:00	1.09908	1.09918	1.09863	1.09915	6662
2024-08-14 06:30:00	1.09915	1.10018	1.09892	1.09999	4945
2024-08-14 07:00:00	1.09999	1.10049	1.09961	1.10012	4870
2024-08-14 07:30:00	1.1001	1.10079	1.10006	1.10057	5838
2024-08-14 08:00:00	1.10056	1.10103	1.10025	1.1008	5199
2024-08-14 08:30:00	1.1008	1.10199	1.10074	1.10192	4871
2024-08-14 09:00:00	1.10192	1.10263	1.10154	1.10253	5250
2024-08-14 09:30:00	1.10252	1.10286	1.10246	1.10256	2739
2024-08-14 10:00:00	1.10256	1.10256	1.10199	1.1022	4736
2024-08-14 10:30:00	1.10218	1.10246	1.1018	1.10219	3900
2024-08-14 11:00:00	1.1022	1.1024	1.10199	1.10221	4340
2024-08-14 11:30:00	1.10221	1.10251	1.10205	1.10225	5178
2024-08-14 12:00:00	1.10227	1.10278	1.10174	1.10228	8079
2024-08-14 12:30:00	1.10225	1.10354	1.10039	1.10168	22964
2024-08-14 13:00:00	1.10168	1.1042	1.10162	1.1022	14053
2024-08-14 13:30:00	1.10223	1.10424	1.10216	1.10376	8861
2024-08-14 14:00:00	1.10377	1.10394	1.10271	1.10393	9758
2024-08-14 14:30:00	1.10395	1.10473	1.10342	1.10355	8807
2024-08-14 15:00:00	1.10356	1.10361	1.10229	1.1023	6517
2024-08-14 15:30:00	1.1023	1.10253	1.10212	1.10231	5033
2024-08-14 16:00:00	1.10232	1.10241	1.10162	1.10174	4092
2024-08-14 16:30:00	1.10175	1.10202	1.10155	1.10183	3235
2024-08-14 17:00:00	1.10182	1.10184	1.10131	1.10149	3022
2024-08-14 17:30:00	1.10148	1.1017	1.1013	1.10142	5157
2024-08-14 18:00:00	1.10141	1.10147	1.10108	1.10128	7008
2024-08-14 18:30:00	1.10128	1.1017	1.10124	1.1016	4263
2024-08-14 19:00:00	1.1016	1.10165	1.10129	1.10129	2781
2024-08-14 19:30:00	1.10131	1.10153	1.10113	1.10129	6303
2024-08-14 20:00:00	1.1013	1.10145	1.10118	1.1012	1816
2024-08-14 20:30:00	1.1012	1.1013	1.10108	1.10125	1871
2024-08-14 21:00:00	1.10124	1.10132	1.10114	1.10125	297
2024-08-14 21:30:00	1.10125	1.10129	1.10112	1.10115	383
2024-08-14 22:00:00	1.10121	1.10154	1.10109	1.1012	683
2024-08-14 22:30:00	1.10119	1.10144	1.10116	1.1013	959
2024-08-14 23:00:00	1.10134	1.10139	1.1011	1.1011	1799
2024-08-14 23:30:00	1.10109	1.1012	1.10097	1.10116	1578
2024-08-15 00:00:00	1.10117	1.10134	1.10109	1.10131	1905
2024-08-15 00:30:00	1.10132	1.10142	1.10092	1.10096	2418
2024-08-15 01:00:00	1.10095	1.10098	1.10033	1.10042	2420
2024-08-15 01:30:00	1.10042	1.10072	1.1003	1.10069	3032
2024-08-15 02:00:00	1.10069	1.10112	1.10062	1.10075	2625
2024-08-15 02:30:00	1.10076	1.10091	1.10056	1.10085	2175
2024-08-15 03:00:00	1.10085	1.10106	1.10075	1.10083	1554
2024-08-15 03:30:00	1.10081	1.10086	1.10075	1.1008	1302
2024-08-15 04:00:00	1.10082	1.10107	1.1008	1.10101	1311
2024-08-15 04:30:00	1.10101	1.1012	1101	1.10116	1150
2024-08-15 05:00:00	1.10116	1.10117	1.10089	1.10112	2063
2024-08-15 05:30:00	1.10111	1.1013	1.10085	1.10096	2450
2024-08-15 06:00:00	1.10098	1.10148	1.10079	1.1013	3275
2024-08-15 06:30:00	1.10131	1.10153	1.10092	1.10145	2821
2024-08-15 07:00:00	1.10146	1.10154	1.1011	1.10121	4747
2024-08-15 07:30:00	1.10121	1.10142	1.10075	1.10134	4441
2024-08-15 08:00:00	1.10132	1.10135	1.10079	1.10087	4393
2024-08-15 08:30:00	1.10087	1.10087	1.10052	1.10061	3413
2024-08-15 09:00:00	1.1006	1.10128	1.10033	1.10117	2922
2024-08-15 09:30:00	1.10117	1.10128	1.10091	1.10118	1579
2024-08-15 10:00:00	1.10118	1.10141	1.10109	1.10114	1188
2024-08-15 10:30:00	1.10113	1.10124	1.1008	1.10101	1944
2024-08-15 11:00:00	1.10101	1.10129	1.10098	1.10113	1949
2024-08-15 11:30:00	1.10112	1.10136	1101	1.10133	3537
2024-08-15 12:00:00	1.10132	1.10142	1.10106	1.10113	3045
2024-08-15 12:30:00	1.10114	1.10114	1.09518	1.09564	18408
2024-08-15 13:00:00	1.09564	1.0966	1.09495	1.09593	9185
2024-08-15 13:30:00	1.09594	1.09697	1.09554	1.09685	14876
2024-08-15 14:00:00	1.09685	1.0976	1.09651	1.09751	11993
2024-08-15 14:30:00	1.09752	1.09861	1.09707	1.09831	7259
2024-08-15 15:00:00	1.0983	1.09894	1.09815	1.09855	9219
2024-08-15 15:30:00	1.09856	1.09889	1.0983	1.09854	6923
2024-08-15 16:00:00	1.09855	1.09892	1.09851	1.09864	5897
2024-08-15 16:30:00	1.09862	1.09862	1.09774	1.09778	6427
2024-08-15 17:00:00	1.09779	1.09797	1.09765	1.09773	3051
2024-08-15 17:30:00	1.09773	1.09778	1.09715	1.09742	3198
2024-08-15 18:00:00	1.09743	1.0979	1.09736	1.09787	2723
2024-08-15 18:30:00	1.09786	1.09792	1.09761	1.09782	2818
2024-08-15 19:00:00	1.09781	1.09799	1.09761	1.09762	3867
2024-08-15 19:30:00	1.09761	1.09763	1.09725	1.09741	3357
2024-08-15 20:00:00	1.0974	1.0974	1.09714	1.09717	2007
2024-08-15 20:30:00	1.09716	1.09724	1.09704	1.09724	1044
2024-08-15 21:00:00	1.09713	1.09724	1.09703	1.09713	488
2024-08-15 21:30:00	1.09719	1.09722	1.0971	1.09717	380
2024-08-15 22:00:00	1.09717	1.09743	1.09708	1.09742	654
2024-08-15 22:30:00	1.09743	1.09743	1.09712	1.09712	1077
2024-08-15 23:00:00	1.09714	1.09748	1.09711	1.09747	1103
2024-08-15 23:30:00	1.09748	1.09748	1.09712	1.09723	1350
2024-08-16 00:00:00	1.09723	1.09754	1.09718	1.09739	3546
2024-08-16 00:30:00	1.09739	1.09769	1.09737	1.09756	2532
2024-08-16 01:00:00	1.09757	1.09776	1.09743	1.09775	2217
2024-08-16 01:30:00	1.09775	1.09813	1.09775	1.09808	1882
2024-08-16 02:00:00	1.09808	1.09813	1.09782	1.09782	1320
2024-08-16 02:30:00	1.09782	1.09825	1.09782	1.09812	1383
2024-08-16 03:00:00	1.09812	1.09817	1.09792	1.09799	1207
2024-08-16 03:30:00	1.09799	1.09805	1.09767	1.0977	909
2024-08-16 04:00:00	1.09771	1.09789	1.0976	1.09788	893
2024-08-16 04:30:00	1.09787	1.09823	1.09785	1.0982	1143
2024-08-16 05:00:00	1.09821	1.0984	1.09813	1.09839	1017
2024-08-16 05:30:00	1.09839	1.0986	1.0983	1.09856	1784
2024-08-16 06:00:00	1.09856	1.0986	1.09824	1.09849	3503
2024-08-16 06:30:00	1.09848	1.09866	1.09806	1.09815	4718
2024-08-16 07:00:00	1.09814	1.09861	1.09789	1.09792	5252
2024-08-16 07:30:00	1.09791	1.09855	1.09767	1.0985	4643
2024-08-16 08:00:00	1.09853	1.09897	1.09851	1.09887	4425
2024-08-16 08:30:00	1.09886	1.09891	1.09798	1.09808	3991
2024-08-16 09:00:00	1.09807	1.09858	1.09788	1.09857	3546
2024-08-16 09:30:00	1.09858	1.09899	1.09858	1.09897	2768
2024-08-16 10:00:00	1.09898	1.09901	1.09872	1.09897	1577
2024-08-16 10:30:00	1.09896	1.09949	1.09853	1.09939	2787
2024-08-16 11:00:00	1.09938	1.09946	1.0989	1099	5790
2024-08-16 11:30:00	1.09901	1.09948	1099	1.09921	6478
2024-08-16 12:00:00	1.09922	1.09941	1.09881	1.09889	5489
2024-08-16 12:30:00	1.09889	1.09945	1.09853	1.09938	7527
2024-08-16 13:00:00	1.0994	1.09987	1.09918	1.0998	3941
2024-08-16 13:30:00	1.09981	1.10044	1.09969	1.10025	7631
2024-08-16 14:00:00	1.10022	1.10022	1.09873	1.09886	6177
2024-08-16 14:30:00	1.09888	1.0991	1.09826	1.09904	6594
2024-08-16 15:00:00	1.09903	1.09954	1.09903	1.09948	5694
2024-08-16 15:30:00	1.09949	1.09975	1.09936	1.0996	3633
2024-08-16 16:00:00	1.0996	1.10029	1.09956	1.10025	2763
2024-08-16 16:30:00	1.10026	1.10042	1.10013	1.10036	2278
2024-08-16 17:00:00	1.10037	1.10117	1.10036	1.10113	2594
2024-08-16 17:30:00	1.10115	1.10128	1.10094	1.10127	2330
2024-08-16 18:00:00	1.10125	1.10132	1.10092	1.10111	2968
2024-08-16 18:30:00	1.10111	1.10214	1.10111	1.10205	2593
2024-08-16 19:00:00	1.10206	1.10218	1.1018	1.10195	3476
2024-08-16 19:30:00	1.10195	1.10247	1.10193	1.10244	2215
2024-08-16 20:00:00	1.10245	1.1025	1.10221	1.10225	2366
2024-08-16 20:30:00	1.10225	1.10296	1.10201	1.10211	2657
2024-08-18 21:00:00	1.10265	1.10276	1.10232	1.10248	197
2024-08-18 21:30:00	1.10248	1.10259	1.10237	1.10258	350
2024-08-18 22:00:00	1.10254	1.1034	1.10231	1.10254	1625
2024-08-18 22:30:00	1.10254	1.1027	1.10244	1.10249	1652
2024-08-18 23:00:00	1.10252	1.10261	1.10229	1.10232	1836
2024-08-18 23:30:00	1.10232	1.10259	1.10227	1.10246	1803
2024-08-19 00:00:00	1.10246	1.10271	1.10231	1.10242	3411
2024-08-19 00:30:00	1.10242	1.1036	1.10242	1.10302	3535
2024-08-19 01:00:00	1.10302	1.10314	1.10275	1.10308	4321
2024-08-19 01:30:00	1.10308	1.10334	1.10286	1.10311	2820
2024-08-19 02:00:00	1.10311	1.10313	1.10299	1.10301	1149
2024-08-19 02:30:00	1.10301	1.10318	1.10288	1.10307	1522
2024-08-19 03:00:00	1.10306	1.10395	1.10301	1.10366	2614
2024-08-19 03:30:00	1.10367	1.10403	1.10367	1.10389	2444
2024-08-19 04:00:00	1.1039	1104	1.10365	1.10388	1600
2024-08-19 04:30:00	1.10389	1.10417	1.10379	1.10396	1757
2024-08-19 05:00:00	1.10399	1.10436	1.10396	1.1041	2798
2024-08-19 05:30:00	1.10411	1.1049	1.10409	1.10474	3821
2024-08-19 06:00:00	1.10475	1.10501	1.10407	1.10412	5819
2024-08-19 06:30:00	1.10411	1.10471	1.10409	1.1042	6994
2024-08-19 07:00:00	1.10419	1.10456	1.10402	1.10427	6792
2024-08-19 07:30:00	1.10428	1.10471	1.10407	1.10427	5867
2024-08-19 08:00:00	1.10428	1.10504	1.10411	1.10484	4573
2024-08-19 08:30:00	1.10483	1.10489	1.10356	1.10372	8235
2024-08-19 09:00:00	1.10371	1104	1.10352	1.10378	3715
2024-08-19 09:30:00	1.10379	1.10412	1.10344	1.1035	4741
2024-08-19 10:00:00	1.10351	1.10362	1.10308	1.10327	7502
2024-08-19 10:30:00	1.10328	1.10381	1.10328	1.10368	3460
2024-08-19 11:00:00	1.10366	1.10384	1.10336	1.10355	3689
2024-08-19 11:30:00	1.10356	1.10437	1.10325	1.10422	5606
2024-08-19 12:00:00	1.10424	1.10443	1.10378	1.10378	7368
2024-08-19 12:30:00	1.10378	1.10398	1.10345	1.10389	6051
2024-08-19 13:00:00	1.10388	1.10389	1.10301	1.10345	7461
2024-08-19 13:30:00	1.10345	1.10444	1.10316	1.10443	4730
2024-08-19 14:00:00	1.10443	1.10596	1.10429	1.10593	8587
2024-08-19 14:30:00	1.10594	1.10735	1.10587	1.10655	13275
2024-08-19 15:00:00	1.10654	1.10693	1.10597	1.10625	8911
2024-08-19 15:30:00	1.10624	1.1072	1.10618	1.10691	7146
2024-08-19 16:00:00	1.10691	1.10722	1.10671	1.10701	7068
2024-08-19 16:30:00	1.10702	1.10739	1.10689	1.10735	5877
2024-08-19 17:00:00	1.10734	1.10738	1.10707	1.10709	3372
2024-08-19 17:30:00	1.1071	1.10769	1.10703	1.10769	1696
2024-08-19 18:00:00	1.1077	1.10837	1.10764	1.10836	2989
2024-08-19 18:30:00	1.10838	1.10849	1.10809	1.10815	4901
2024-08-19 19:00:00	1.10814	1.10858	1.10789	1.10852	2552
2024-08-19 19:30:00	1.1085	1.10863	1.10825	1.10836	2411
2024-08-19 20:00:00	1.10835	1.10844	1.10815	1.10827	2139
2024-08-19 20:30:00	1.10827	1.10861	1.10824	1.10848	1555
2024-08-19 21:00:00	1.10843	1.10858	1.10804	1.10848	299
2024-08-19 21:30:00	1.10848	1.1085	1.10814	1.10835	765
2024-08-19 22:00:00	1.10836	1.10875	1.10835	1.10861	1122
2024-08-19 22:30:00	1.1086	1.10861	1.10836	1.10851	808
2024-08-19 23:00:00	1.10852	1.10866	1.10833	1.10836	2155
2024-08-19 23:30:00	1.10835	1.10866	1.10835	1.10854	1543
2024-08-20 00:00:00	1.10855	1.10871	1.10809	1.1081	3098
2024-08-20 00:30:00	1.10811	1.10841	1.10799	1.10818	3006
2024-08-20 01:00:00	1.10819	1.10871	1.10814	1.10857	4523
2024-08-20 01:30:00	1.10857	1.10857	1.10819	1.10853	3339
2024-08-20 02:00:00	1.10853	1.1087	1.10809	1.10814	3042
2024-08-20 02:30:00	1.10814	1.10832	1.1075	1.10761	5340
2024-08-20 03:00:00	1.10762	1.10791	1.10762	1.10771	2397
2024-08-20 03:30:00	1.10771	1.10771	1.10751	1.10755	3327
2024-08-20 04:00:00	1.10756	1.10781	1.10748	1.10768	1512
2024-08-20 04:30:00	1.10769	1.10791	1.10758	1.10769	2811
2024-08-20 05:00:00	1.10768	1.10776	1.1074	1.10751	3555
2024-08-20 05:30:00	1.10751	1.10767	1.10729	1.10765	4837
2024-08-20 06:00:00	1.10766	1.10781	1.10743	1.10779	9777
2024-08-20 06:30:00	1.10778	1.1082	1.10778	1.1081	6209
2024-08-20 07:00:00	1.1081	1.1083	1.10733	1.10735	11124
2024-08-20 07:30:00	1.10736	1.1087	1.10719	1.10866	7593
2024-08-20 08:00:00	1.10868	1.10888	1.10777	1.10785	9355
2024-08-20 08:30:00	1.10784	1.10875	1.10783	1.10795	6941
2024-08-20 09:00:00	1.10796	1.10818	1.10754	1.10764	7838
2024-08-20 09:30:00	1.10764	1.10816	1.10749	1.10755	6745
2024-08-20 10:00:00	1.10756	1108	1.1075	1.10799	6892
2024-08-20 10:30:00	1.10798	1.10827	1.10772	1.10819	5197
2024-08-20 11:00:00	1.10821	1.10865	1.10772	1.10776	4487
2024-08-20 11:30:00	1.10777	1.10838	1.10766	1.10808	6033
2024-08-20 12:00:00	1.10809	1.1088	1.10804	1.10868	5986
2024-08-20 12:30:00	1.10869	1.10986	1.10822	1.10983	9120
2024-08-20 13:00:00	1.10982	1.11047	1.10926	1.1098	11931
2024-08-20 13:30:00	1.10982	1.11051	1.10951	1.1102	15058
2024-08-20 14:00:00	1.11021	1.11052	1.10935	1.11048	15093
2024-08-20 14:30:00	1.11048	1.11168	1.11029	1.11117	13957
2024-08-20 15:00:00	1.11116	1.1112	1.10996	1.11025	14239
2024-08-20 15:30:00	1.11026	1.11074	1.11008	1.11051	7046
2024-08-20 16:00:00	1.11057	1.11182	1.11041	1.11167	6044
2024-08-20 16:30:00	1.11167	1.11191	1.11143	1.11148	4993
2024-08-20 17:00:00	1.11148	1.11148	1.11088	1.11148	7012
2024-08-20 17:30:00	1.11147	1.11167	1.11128	1.1116	3245
2024-08-20 18:00:00	1.1116	1.11225	1.11156	1.11211	4896
2024-08-20 18:30:00	1.11212	1.11217	1.11193	1.11206	10176
2024-08-20 19:00:00	1.11206	1.11273	1.11193	1.11272	4891
2024-08-20 19:30:00	1.11272	1.11273	1.11241	1.11245	7502
2024-08-20 20:00:00	1.11248	1.11295	1.11239	1.11289	3707
2024-08-20 20:30:00	1.11288	1.11304	1.11283	1.11294	4501
2024-08-20 21:00:00	1.1129	1.11295	1.11236	1.11286	1089
2024-08-20 21:30:00	1.11287	1.11292	1.11279	1.1129	363
2024-08-20 22:00:00	1.1129	1.11294	1.1126	1.1129	1131
2024-08-20 22:30:00	1.11289	1.11293	1.11273	1.11285	1391
2024-08-20 23:00:00	1.11284	1.11301	1.11268	1.11301	1391
2024-08-20 23:30:00	1113	1.11317	1.1127	1.11275	956
2024-08-21 00:00:00	1.11274	1.11319	1.11258	1.11317	1955
2024-08-21 00:30:00	1.11318	1.11325	1.11253	1.11278	2521
2024-08-21 01:00:00	1.11277	1.1128	1.11235	1.11237	2561
2024-08-21 01:30:00	1.11238	1.11239	1.1119	1.11216	4132
2024-08-21 02:00:00	1.11215	1.11252	1.11213	1.11219	2026
2024-08-21 02:30:00	1.11219	1.11232	1.11202	1.11217	1397
2024-08-21 03:00:00	1.11218	1.11224	1.11173	1112	1880
2024-08-21 03:30:00	1.11201	1.11212	1.11171	1.1121	2396
2024-08-21 04:00:00	1.1121	1.11213	1.11165	1.11191	2248
2024-08-21 04:30:00	1.11192	1.11197	1.11177	1.1119	1730
2024-08-21 05:00:00	1.1119	1.11209	1.11188	1.11194	1666
2024-08-21 05:30:00	1.11194	1.11196	1.11161	1.11177	3383
2024-08-21 06:00:00	1.11179	1.11198	1.11146	1.11185	4961
2024-08-21 06:30:00	1.11185	1.11197	1.11131	1.11178	7866
2024-08-21 07:00:00	1.11179	1.11287	1.11179	1.11249	3366
2024-08-21 07:30:00	1.1125	1.1127	1.11103	1.11142	6870
2024-08-21 08:00:00	1.11143	1.11175	1.11109	1.11174	6085
2024-08-21 08:30:00	1.11173	1.11224	1.1116	1.11184	3428
2024-08-21 09:00:00	1.11183	1.11253	1.11182	1.11217	2688
2024-08-21 09:30:00	1.11216	1.11217	1.11133	1.11169	4135
2024-08-21 10:00:00	1.11168	1.11245	1.11155	1.11241	2966
2024-08-21 10:30:00	1.1124	1.11259	1.11217	1.11248	2303
2024-08-21 11:00:00	1.11247	1.11247	1.11138	1.11138	4090
2024-08-21 11:30:00	1.11139	1.11159	1111	1.11147	4030
2024-08-21 12:00:00	1.11149	1.11222	1.11133	1.11217	3549
2024-08-21 12:30:00	1.11218	1.11299	1.11216	1.11248	4953
2024-08-21 13:00:00	1.11248	1.11277	1.11186	1.11209	6714
2024-08-21 13:30:00	1.11207	1.1122	1.11113	1.11145	7689
2024-08-21 14:00:00	1.11145	1.11272	1.10992	1.11216	16917
2024-08-21 14:30:00	1.11214	1.11298	1.1108	1.11247	14729
2024-08-21 15:00:00	1.11245	1.11424	1.11244	1.11372	6274
2024-08-21 15:30:00	1.11371	1.11476	1.11347	1.1142	6545
2024-08-21 16:00:00	1.11421	1.11478	1.11415	1.11477	3786
2024-08-21 16:30:00	1.11477	1.11481	1.11443	1.11462	2748
2024-08-21 17:00:00	1.11464	1.11519	1.11455	1.11506	2043
2024-08-21 17:30:00	1.11507	1.11583	1.11501	1.11554	2310
2024-08-21 18:00:00	1.11553	1.1174	1.11549	1.11733	3289
2024-08-21 18:30:00	1.11732	1.11733	1.11596	1.11617	3813
2024-08-21 19:00:00	1.11616	1.11617	1.1152	1.11532	2823
2024-08-21 19:30:00	1.1153	1.11551	1.11514	1.11516	1872
2024-08-21 20:00:00	1.11517	1.11523	1.11471	1.11476	677
2024-08-21 20:30:00	1.11474	1.11523	1.11472	1.11493	1629
2024-08-21 21:00:00	1.11491	1.11523	1.1147	1.11519	1061
2024-08-21 21:30:00	1.11519	1.11519	1.11468	1.11482	1016
2024-08-21 22:00:00	1.11482	1.11538	1.11481	1.11535	1279
2024-08-21 22:30:00	1.11536	1.11562	1.1152	1.11562	271
2024-08-21 23:00:00	1.11562	1.1158	1.11557	1.11561	807
2024-08-21 23:30:00	1.11561	1.11571	1.11529	1.11548	708
2024-08-22 00:00:00	1.11549	1.11567	1.11514	1.11518	1829
2024-08-22 00:30:00	1.11519	1.11519	1.11453	1.11474	3071
2024-08-22 01:00:00	1.11475	1.1149	1.11447	1.11465	2295
2024-08-22 01:30:00	1.11466	1.11468	1.11424	1.11432	1797
2024-08-22 02:00:00	1.11432	1.11436	1.11404	1.11421	1925
2024-08-22 02:30:00	1.11422	1.11444	1.11404	1.1143	1656
2024-08-22 03:00:00	1.11432	1.11446	1.11427	1.1144	880
2024-08-22 03:30:00	1.1144	1.11454	1.11433	1.11446	1018
2024-08-22 04:00:00	1.11446	1.11447	1.11406	1.11432	879
2024-08-22 04:30:00	1.11431	1.11456	1.11428	1.11432	1530
2024-08-22 05:00:00	1.11431	1.11441	1.11419	1.11435	1416
2024-08-22 05:30:00	1.11434	1.11443	1.11401	1.11431	1753
2024-08-22 06:00:00	1.11429	1.11487	1.11408	1.11487	2515
2024-08-22 06:30:00	1.11486	1.11497	1.11456	1.11494	2201
2024-08-22 07:00:00	1.11494	1.11646	1.11456	1.1147	4807
2024-08-22 07:30:00	1.1147	1.1147	1.11272	1.11367	8152
2024-08-22 08:00:00	1.11367	1.11488	1.11367	1.11454	5225
2024-08-22 08:30:00	1.11455	1.11509	1.11419	1.11424	3457
2024-08-22 09:00:00	1.11425	1.11426	1.11333	1.1141	4254
2024-08-22 09:30:00	1.11411	1.11412	1.11359	1.11396	2540
2024-08-22 10:00:00	1.11397	1.11403	1.11324	1.11365	2709
2024-08-22 10:30:00	1.11366	1.1146	1.11366	1.11453	1926
2024-08-22 11:00:00	1.11453	1.11453	1.1134	1.1137	3161
2024-08-22 11:30:00	1.11371	1.11379	1.1132	1.11367	3162
2024-08-22 12:00:00	1.11368	1.11381	1.11288	1.11298	3549
2024-08-22 12:30:00	1.11298	1.11431	1.11253	1114	6680
2024-08-22 13:00:00	1.11403	1.11414	1.11326	1.11381	4154
2024-08-22 13:30:00	1.1138	1.1139	1.11122	1.11188	10035
2024-08-22 14:00:00	1.11188	1.11195	1.1098	1.11017	7895
2024-08-22 14:30:00	1.11016	1.11163	1.11009	1.11148	4688
2024-08-22 15:00:00	1.11148	1.11149	1.11051	1.11108	3611
2024-08-22 15:30:00	1.1111	1.11146	1.11066	1.1113	3509
2024-08-22 16:00:00	1.1113	1.1116	1.11116	1.11159	2819
2024-08-22 16:30:00	1.11162	1.11175	1.11077	1.11103	3237
2024-08-22 17:00:00	1.11103	1.11106	1.11019	1.1103	2539
2024-08-22 17:30:00	1.11028	1.11032	1.10987	1.11027	1937
2024-08-22 18:00:00	1.11028	1.11095	1.11027	1.11072	1694
2024-08-22 18:30:00	1.11071	1.11109	1.11063	1.11104	1309
2024-08-22 19:00:00	1.11103	1.11133	1.11088	1.11102	1985
2024-08-22 19:30:00	1.11102	1.11104	1.11046	1.11084	2101
2024-08-22 20:00:00	1.11083	1.11105	1.11074	1.1108	931
2024-08-22 20:30:00	1.11081	1.11131	1.11081	1.11118	1336
2024-08-22 21:00:00	1.1111	1.11112	1.11071	1.11101	684
2024-08-22 21:30:00	1.11104	1.11116	1.11096	1.11108	549
2024-08-22 22:00:00	1.1111	1.11151	1.11105	1.11151	337
2024-08-22 22:30:00	1.1115	1.11162	1.11134	1.11135	787
2024-08-22 23:00:00	1.11137	1.1117	1.11135	1.11153	901
2024-08-22 23:30:00	1.11152	1.11177	1.11152	1.1116	746
2024-08-23 00:00:00	1.11159	1.11195	1.11129	1.11184	3036
2024-08-23 00:30:00	1.11185	1.11224	1.11176	1.11197	2192
2024-08-23 01:00:00	1.11196	1.11247	1.11181	1.11237	1477
2024-08-23 01:30:00	1.11236	1.11282	1.11205	1.11274	1904
2024-08-23 02:00:00	1.11275	1.11286	1.11229	1.11246	2021
2024-08-23 02:30:00	1.11248	1.11257	1.1123	1.1125	1067
2024-08-23 03:00:00	1.11251	1.11273	1.11242	1.11263	908
2024-08-23 03:30:00	1.11263	1.11263	1.11231	1.11247	869
2024-08-23 04:00:00	1.11248	1.11283	1.11248	1.11252	682
2024-08-23 04:30:00	1.11252	1.11278	1.11245	1.11276	539
2024-08-23 05:00:00	1.11275	1.11287	1.11255	1.11277	991
2024-08-23 05:30:00	1.11275	1.11281	1.11246	1.11259	1465
2024-08-23 06:00:00	1.11258	1.11258	1.11202	1.11228	2090
2024-08-23 06:30:00	1.11228	1.11304	1.11223	1.11283	1688
2024-08-23 07:00:00	1.11284	1.11318	1.11219	1.11222	4531
2024-08-23 07:30:00	1.11224	1.11229	1.11124	1.11192	3842
2024-08-23 08:00:00	1.11193	1.11225	1.11172	1.11223	2976
2024-08-23 08:30:00	1.11222	1.11237	1.11195	1.11226	2446
2024-08-23 09:00:00	1.11226	1.11271	1.11211	1.1125	2388
2024-08-23 09:30:00	1.1125	1.11258	1.11166	1.11172	2196
2024-08-23 10:00:00	1.11172	1.11214	1.11151	1.11161	2438
2024-08-23 10:30:00	1.11159	1.11232	1.11159	1.11196	1635
2024-08-23 11:00:00	1.11194	1.11209	1.11115	1.11121	2251
2024-08-23 11:30:00	1.11124	1.11205	1.11109	1.11189	2441
2024-08-23 12:00:00	1.11188	1.11227	1.11111	1.11145	3931
2024-08-23 12:30:00	1.11145	1.11164	1.11114	1.1114	3201
2024-08-23 13:00:00	1.1114	1.11141	1.11059	1.11095	3351
2024-08-23 13:30:00	1.11094	1.11145	1.11055	1.11144	3573
2024-08-23 14:00:00	1.11144	1.1173	1.11133	1.11698	18829
2024-08-23 14:30:00	1.11699	1.11848	1.11669	1.11749	12366
2024-08-23 15:00:00	1.11747	1.1196	1.11736	1.11921	6534
2024-08-23 15:30:00	1.11919	1.11936	1.11735	1.11753	7332
2024-08-23 16:00:00	1.11753	1.11788	1.11653	1.11687	5076
2024-08-23 16:30:00	1.11686	1.11745	1.11642	1.11738	3424
2024-08-23 17:00:00	1.11739	1.11915	1.1173	1.11907	3717
2024-08-23 17:30:00	1.11908	1.11975	1.11908	1.11925	3900
2024-08-23 18:00:00	1.11924	1.12008	1.11902	1.1194	2865
2024-08-23 18:30:00	1.11939	1.11963	1.11855	1.11872	3069
2024-08-23 19:00:00	1.11872	1.11955	1.11855	1.11912	1955
2024-08-23 19:30:00	1.11911	1.11923	1.1188	1.11911	1961
2024-08-23 20:00:00	1.11909	1.11924	1.11874	1.11888	1701
2024-08-23 20:30:00	1.11888	1.11941	1.11886	1.1191	1040
2024-08-25 21:00:00	1.11854	1.11948	1.11854	1.11907	362
2024-08-25 21:30:00	1.11911	1.11927	1.11892	1.11908	276
2024-08-25 22:00:00	1.11908	1.1193	1.11867	1.11871	1126
2024-08-25 22:30:00	1.11871	1.11918	1.11868	1.1191	912
2024-08-25 23:00:00	1.11911	1.11924	1.11882	1.11889	1859
2024-08-25 23:30:00	1.11887	1.11898	1.11863	1.11892	1250
2024-08-26 00:00:00	1.11892	1.11991	1.11869	1.11978	2152
2024-08-26 00:30:00	1.11977	1.12015	1.11934	1.11937	2251
2024-08-26 01:00:00	1.11936	1.12001	1.11922	1.11971	2351
2024-08-26 01:30:00	1.1197	1.11974	1.11872	1.11894	2936
2024-08-26 02:00:00	1.11894	1.11947	1.11884	1.11917	2178
2024-08-26 02:30:00	1.11918	1.11924	1.11856	1.11867	2047
2024-08-26 03:00:00	1.11866	1.11887	1.1186	1.1186	1688
2024-08-26 03:30:00	1.1186	1.11861	1.11815	1.11834	1707
2024-08-26 04:00:00	1.11834	1.11862	1.11825	1.11835	1312
2024-08-26 04:30:00	1.11836	1.11851	1.11821	1.11833	1078
2024-08-26 05:00:00	1.11832	1.11852	1.11818	1.11834	1157
2024-08-26 05:30:00	1.11833	1.11836	1.11775	1.1179	2634
2024-08-26 06:00:00	1.11791	1.11841	1.11791	1.11834	2681
2024-08-26 06:30:00	1.11833	1.11892	1118	1.11813	3080
2024-08-26 07:00:00	1.11813	1.11846	1.11769	1.11769	4318
2024-08-26 07:30:00	1.1177	1.11811	1.11757	1.11807	2991
2024-08-26 08:00:00	1.11808	1.11848	1.11763	1.11825	3770
2024-08-26 08:30:00	1.11825	1.11835	1.11792	1.11804	3694
2024-08-26 09:00:00	1.11803	1.11819	1.11779	1.11817	4529
2024-08-26 09:30:00	1.11818	1.11827	1.11715	1.11743	5984
2024-08-26 10:00:00	1.11743	1.11768	1.11693	1.11765	4171
2024-08-26 10:30:00	1.11765	1.11766	1.11691	1.11714	4423
2024-08-26 11:00:00	1.11715	1.11734	1.11645	1.11656	5861
2024-08-26 11:30:00	1.11657	1.11685	1.1163	1.11652	5889
2024-08-26 12:00:00	1.11651	1.11685	1.11627	1.11648	6165
2024-08-26 12:30:00	1.11648	1.11663	1.11584	1.11612	11121
2024-08-26 13:00:00	1.1161	1.11617	1115	1.11608	8770
2024-08-26 13:30:00	1.11609	1.11625	1.11528	1.11596	10423
2024-08-26 14:00:00	1.11596	1.11702	1.11539	1.11701	5376
2024-08-26 14:30:00	1117	1.11788	1.11695	1.11765	9811
2024-08-26 15:00:00	1.11765	1.11768	1.1166	1.11669	7954
2024-08-26 15:30:00	1.11671	1.11692	1.11634	1.11636	5757
2024-08-26 16:00:00	1.11635	1.11665	1.11596	1.11644	9219
2024-08-26 16:30:00	1.11645	1.1172	1.11639	1.11711	4790
2024-08-26 17:00:00	1.1171	1.11753	1.11708	1.11732	4249
2024-08-26 17:30:00	1.11733	1.1174	1.11677	1.11696	4962
2024-08-26 18:00:00	1.11698	1.11712	1.11649	1.11671	3295
2024-08-26 18:30:00	1.11669	1.1167	1.11594	1.11635	5055
2024-08-26 19:00:00	1.11635	1.11655	1.11604	1.11624	4126
2024-08-26 19:30:00	1.11623	1.11629	1.11586	1.11595	3717
2024-08-26 20:00:00	1.11596	1.11612	1.11586	1.11612	923
2024-08-26 20:30:00	1.11613	1.11615	1.11596	1.11609	1280
2024-08-26 21:00:00	1.11605	1.11626	1.11575	1.11615	907
2024-08-26 21:30:00	1.11614	1.11617	1.11599	1.11604	1846
2024-08-26 22:00:00	1.11604	1.11632	1.11598	1.11631	851
2024-08-26 22:30:00	1.11632	1.11639	1.1162	1.11627	1664
2024-08-26 23:00:00	1.11629	1.11668	1.11628	1.11659	1846
2024-08-26 23:30:00	1.11658	1.11662	1.11642	1.11644	1730
2024-08-27 00:00:00	1.11646	1.11656	1.11621	1.11641	2785
2024-08-27 00:30:00	1.1164	1.11649	1.11595	1.1161	3538
2024-08-27 01:00:00	1.1161	1.11678	1.11597	1.11677	3600
2024-08-27 01:30:00	1.11676	1.11706	1.11652	1.11692	2104
2024-08-27 02:00:00	1.11692	1.11703	1.11658	1.11662	2777
2024-08-27 02:30:00	1.11661	1.11682	1.1164	1.11682	2751
2024-08-27 03:00:00	1.11682	1.11689	1.11652	1.11657	2565
2024-08-27 03:30:00	1.1166	1.11674	1.11651	1.11667	2029
2024-08-27 04:00:00	1.11667	1.11683	1.11667	1.1168	2276
2024-08-27 04:30:00	1.11681	1.11695	1.11673	1.11683	1000
2024-08-27 05:00:00	1.11683	1.11722	1.11683	1.11697	1821
2024-08-27 05:30:00	1.11698	1.11703	1.11647	1.11668	3873
2024-08-27 06:00:00	1.11667	1.11714	1.1165	1.11686	3949
2024-08-27 06:30:00	1.11687	1.11692	1.11612	1.11617	4747
2024-08-27 07:00:00	1.11616	1.11724	1.11616	1.11673	6095
2024-08-27 07:30:00	1.11674	1.11704	1.11637	1.1164	4935
2024-08-27 08:00:00	1.11638	1.11737	1.1162	1.11721	3817
2024-08-27 08:30:00	1.1172	1.11739	1.11666	1.11666	3724
2024-08-27 09:00:00	1.11666	1.11786	1.11661	1.11713	4272
2024-08-27 09:30:00	1.11712	1.11744	1.1168	1.11681	3984
2024-08-27 10:00:00	1.1168	1.11699	1.11635	1.11636	3860
2024-08-27 10:30:00	1.11635	1.11667	1.11618	1.11659	2941
2024-08-27 11:00:00	1.11659	1.11696	1.11625	1.11696	2845
2024-08-27 11:30:00	1.11697	1.11697	1.11605	1.11605	4219
2024-08-27 12:00:00	1.11606	1.11646	1.11534	1.11547	5897
2024-08-27 12:30:00	1.11548	1.11609	1.11501	1.11585	5214
2024-08-27 13:00:00	1.11585	1.11639	1.11559	1.1156	4945
2024-08-27 13:30:00	1.11564	1.11697	1.11525	1.11681	5412
2024-08-27 14:00:00	1.11682	1.11718	1.11628	1.11699	11247
2024-08-27 14:30:00	1.11701	1.11707	1.11634	1.11661	11036
2024-08-27 15:00:00	1.11661	1.11698	1.11619	1.11632	7750
2024-08-27 15:30:00	1.11633	1.11639	1.11587	1.11597	5121
2024-08-27 16:00:00	1.11597	1.11677	1.11595	1.11649	3408
2024-08-27 16:30:00	1.1165	1.11665	1.11631	1.11657	2869
2024-08-27 17:00:00	1.11656	1.11815	1.11643	1.11786	3373
2024-08-27 17:30:00	1.11788	1.11826	1.11762	1.11813	2560
2024-08-27 18:00:00	1.11813	1.11893	1118	1.11878	3010
2024-08-27 18:30:00	1.11879	1.11905	1.11852	1.11857	2356
2024-08-27 19:00:00	1.11857	1.11857	1.11814	1.1183	2250
2024-08-27 19:30:00	1.11829	1.11845	1.11816	1.11842	2149
2024-08-27 20:00:00	1.11841	1.11853	1.11827	1.11847	1353
2024-08-27 20:30:00	1.11847	1.11858	1.11835	1.11836	1507
2024-08-27 21:00:00	1.11834	1.11852	1.11784	1.11827	499
2024-08-27 21:30:00	1.11827	1.11847	1.11825	1.11833	632
2024-08-27 22:00:00	1.11833	1.11846	1.11829	1.11837	699
2024-08-27 22:30:00	1.11837	1.11849	1.11835	1.11836	156
2024-08-27 23:00:00	1.11837	1.11845	1.11823	1.11833	418
2024-08-27 23:30:00	1.11833	1.11837	1.11747	1.11769	737
2024-08-28 00:00:00	1.11769	1.11784	1.11745	1.1178	1186
2024-08-28 00:30:00	1.11781	1118	1.11765	1.11798	939
2024-08-28 01:00:00	1.11798	1.11798	1.11743	1.11748	1297
2024-08-28 01:30:00	1.11748	1.11793	1.11719	1.11737	2269
2024-08-28 02:00:00	1.11738	1.11776	1.11728	1.11738	1269
2024-08-28 02:30:00	1.11737	1.11748	1.11665	1.11665	1946
2024-08-28 03:00:00	1.11668	1.11691	1.11631	1.11652	1162
2024-08-28 03:30:00	1.11651	1.11666	1.11624	1.11657	1117
2024-08-28 04:00:00	1.11657	1.11679	1.11651	1.11657	769
2024-08-28 04:30:00	1.11658	1.11666	1.11582	1.11596	1266
2024-08-28 05:00:00	1.11596	1.11607	1.11459	1.11462	2438
2024-08-28 05:30:00	1.11461	1.11475	1.11395	1.11437	3018
2024-08-28 06:00:00	1.11438	1.11449	1.11351	1.11407	4002
2024-08-28 06:30:00	1.11407	1.11513	1114	1.11477	2793
2024-08-28 07:00:00	1.11478	1.11578	1.11478	1.11554	5006
2024-08-28 07:30:00	1.11553	1.1159	1.11488	1.11562	3200
2024-08-28 08:00:00	1.11561	1.11593	1.11436	1.11437	3907
2024-08-28 08:30:00	1.11439	1.11494	1.11389	1.11413	3732
2024-08-28 09:00:00	1.11413	1.11455	1.11363	1.11434	4613
2024-08-28 09:30:00	1.11433	1.11449	1.1133	1.11357	5937
2024-08-28 10:00:00	1.11358	1.11375	1.11245	1.11276	7588
2024-08-28 10:30:00	1.11276	1.11306	1.1122	1.11252	5249
2024-08-28 11:00:00	1.11253	1.1131	1.11233	1.11246	4987
2024-08-28 11:30:00	1.11247	1.11309	1.11173	1.11205	5256
2024-08-28 12:00:00	1.11206	1.11228	1.11094	1.11099	7234
2024-08-28 12:30:00	1111	1.11141	1.1105	1.11118	6897
2024-08-28 13:00:00	1.11118	1.11209	1.11118	1.11175	7243
2024-08-28 13:30:00	1.11177	1.11219	1.11105	1.11111	10393
2024-08-28 14:00:00	1.11112	1.11291	1.11107	1.11228	9060
2024-08-28 14:30:00	1.11231	1.11377	1.11228	1.11301	12386
2024-08-28 15:00:00	1.11301	1.11311	1.11212	1.11251	9397
2024-08-28 15:30:00	1.11251	1.11305	1.11243	1.1126	5667
2024-08-28 16:00:00	1.11261	1.11261	1.11102	1.11123	6405
2024-08-28 16:30:00	1.11122	1.11173	1.11114	1.11146	2873
2024-08-28 17:00:00	1.11146	1.11172	1.11105	1.11108	5460
2024-08-28 17:30:00	1.11107	1.11117	1.11053	1.11068	5872
2024-08-28 18:00:00	1.11067	1.1113	1.11056	1.11119	3693
2024-08-28 18:30:00	1.1112	1.11162	1.11096	1.11157	5294
2024-08-28 19:00:00	1.11158	1.11179	1.11141	1.11168	5588
2024-08-28 19:30:00	1.11169	1.1117	1.1113	1.11132	3713
2024-08-28 20:00:00	1.11132	1.11163	1.11123	1.11159	2501
2024-08-28 20:30:00	1.11158	1.11199	1.11157	1.11194	1595
2024-08-28 21:00:00	1.11193	1.11193	1.11184	1.11188	287
2024-08-28 21:30:00	1.11189	1.11193	1.11188	1.11191	91
2024-08-28 22:00:00	1.11189	1.1124	1.11175	1.1124	727
2024-08-28 22:30:00	1.11239	1.11242	1.11225	1.11239	1332
2024-08-28 23:00:00	1.11239	1.11258	1.11227	1.11257	1889
2024-08-28 23:30:00	1.11256	1.11261	1.11233	1.11244	1446
2024-08-29 00:00:00	1.11245	1.11321	1.11241	1.11311	2351
2024-08-29 00:30:00	1.1131	1.11324	1.11282	1.11313	3799
2024-08-29 01:00:00	1.11314	1.11338	1.11308	1.1131	4029
2024-08-29 01:30:00	1.11309	1.1131	1.11285	1.11289	3650
2024-08-29 02:00:00	1.1129	1.11304	1.11272	1.11303	2689
2024-08-29 02:30:00	1.11304	1.11321	1.11298	1.11315	952
2024-08-29 03:00:00	1.11315	1.11342	1113	1.1134	1436
2024-08-29 03:30:00	1.1134	1.11357	1.1132	1.11356	2034
2024-08-29 04:00:00	1.11357	1.1137	1.11337	1.11339	1645
2024-08-29 04:30:00	1.1134	1.11355	1.11333	1.11354	1265
2024-08-29 05:00:00	1.11352	1.11361	1.11321	1.11349	1619
2024-08-29 05:30:00	1.1135	1.11379	1.11323	1.11355	2494
2024-08-29 06:00:00	1.11354	1.11399	1.1132	1.11321	3203
2024-08-29 06:30:00	1.11319	1.11327	1.11255	1.11281	3428
2024-08-29 07:00:00	1.11281	1.11305	1.11162	1.11301	6742
2024-08-29 07:30:00	1113	1.11314	1.11247	1.11299	4518
2024-08-29 08:00:00	1.11299	1.11299	1.10719	1.10797	15072
2024-08-29 08:30:00	1.10797	1.10857	1.10772	1.10848	9186
2024-08-29 09:00:00	1.1085	1.10936	1.10832	1.10928	7297
2024-08-29 09:30:00	1.10929	1.1099	1.10903	1.10938	6691
2024-08-29 10:00:00	1.10941	1.1097	1.10873	1.1093	4838
2024-08-29 10:30:00	1.10931	1.10999	1.10912	1.10973	4838
2024-08-29 11:00:00	1.10974	1.10992	1.10934	1.10967	3918
2024-08-29 11:30:00	1.10967	1.10997	1.10914	1.10958	5533
2024-08-29 12:00:00	1.10956	1.10964	1.10878	1.10945	8728
2024-08-29 12:30:00	1.10941	1.10976	1.10727	1.10841	19433
2024-08-29 13:00:00	1.10842	1.10895	1.10809	1.10834	10957
2024-08-29 13:30:00	1.10833	1.10877	1.10727	1.10821	12229
2024-08-29 14:00:00	1.1082	1.10832	1.10589	1.10608	13835
2024-08-29 14:30:00	1.10609	1.1072	1.10556	1.10698	10308
2024-08-29 15:00:00	1.10699	1.10776	1.10668	1.10751	7721
2024-08-29 15:30:00	1.10752	1.10855	1.10734	1.10848	8456
2024-08-29 16:00:00	1.10849	1.10879	1.10782	1.10878	7494
2024-08-29 16:30:00	1.10878	1.10878	1.10794	1.10816	5947
2024-08-29 17:00:00	1.10816	1.10844	1.10784	1.10828	5564
2024-08-29 17:30:00	1.10827	1.10854	1.10787	1.10837	3493
2024-08-29 18:00:00	1.10838	1.10846	1.10782	1.10805	2832
2024-08-29 18:30:00	1.10806	1.10823	1.10752	1.1079	6568
2024-08-29 19:00:00	1.1079	1.10813	1.10754	1.10802	3549
2024-08-29 19:30:00	1.10803	1.10803	1.10747	1.10757	2722
2024-08-29 20:00:00	1.10756	1.10778	1.10749	1.10766	1044
2024-08-29 20:30:00	1.10767	1.1079	1.10762	1.10771	1080
2024-08-29 21:00:00	1.10766	1.10796	1.10743	1.10782	511
2024-08-29 21:30:00	1.10784	1.10788	1.10774	1.10777	117
2024-08-29 22:00:00	1.10776	1.10795	1.10772	1.10778	620
2024-08-29 22:30:00	1.10779	1.10801	1.10775	1.10799	453
2024-08-29 23:00:00	1.10799	1.1083	1.1079	1.10809	1241
2024-08-29 23:30:00	1.10808	1.10811	1.10787	1108	1559
2024-08-30 00:00:00	1.10802	1.10827	1.10788	1.10813	2277
2024-08-30 00:30:00	1.10814	1.10828	1.10795	1.10804	2040
2024-08-30 01:00:00	1.10803	1.1082	1.10774	1.1079	2412
2024-08-30 01:30:00	1.10789	1.10804	1.10714	1.10714	5289
2024-08-30 02:00:00	1.10715	1.10734	1.10697	1.10707	3461
2024-08-30 02:30:00	1.10707	1.10735	1.10703	1.1072	1582
2024-08-30 03:00:00	1.10719	1.10745	1.10711	1.10742	1854
2024-08-30 03:30:00	1.10741	1.10763	1.10728	1.10737	2655
2024-08-30 04:00:00	1.10736	1.10773	1.10719	1.10766	2764
2024-08-30 04:30:00	1.10766	1.10766	1.10723	1.10739	2280
2024-08-30 05:00:00	1.10739	1.10771	1.10734	1.1075	1746
2024-08-30 05:30:00	1.10749	1.10778	1.10749	1.10769	3698
2024-08-30 06:00:00	1.10769	1.10786	1.10743	1.10771	3549
2024-08-30 06:30:00	1.10771	1.10856	1.10764	1.10848	5392
2024-08-30 07:00:00	1.10849	1.10858	1.10752	1.10854	7482
2024-08-30 07:30:00	1.10853	1.10888	1.1082	1.1084	4895
2024-08-30 08:00:00	1.10841	1.10931	1.10821	1.10929	6440
2024-08-30 08:30:00	1.1093	1.1095	1.10735	1.10749	8382
2024-08-30 09:00:00	1.10748	1.10852	1.10747	1.10819	5599
2024-08-30 09:30:00	1.10819	1.10854	1.10798	1.10827	6721
2024-08-30 10:00:00	1.10827	1.10843	1.10782	1.10827	5169
2024-08-30 10:30:00	1.10829	1.10832	1.10745	1.10793	5906
2024-08-30 11:00:00	1.10792	1.10839	1.10782	1.10825	4655
2024-08-30 11:30:00	1.10827	1.10881	1.10807	1.10813	5159
2024-08-30 12:00:00	1.10816	1.1088	1.10816	1.10824	6882
2024-08-30 12:30:00	1.10825	1.10878	1.10577	1.10679	19460
2024-08-30 13:00:00	1.1068	1.10695	1.10538	1.10597	20518
2024-08-30 13:30:00	1.10597	1.10758	1.10591	1.10722	9987
2024-08-30 14:00:00	1.10718	1.10791	1.10618	1.10691	15870
2024-08-30 14:30:00	1.1069	1108	1.10653	1.10686	17091
2024-08-30 15:00:00	1.10685	1.1072	1.10591	1.10629	11621
2024-08-30 15:30:00	1.10629	1.1064	1.1053	1.10597	7111
2024-08-30 16:00:00	1.10596	1.10597	1.10452	1.10466	7021
2024-08-30 16:30:00	1.10465	1.10508	1.10438	1.10494	6759
2024-08-30 17:00:00	1.10494	1.10566	1.10482	1.10491	4337
2024-08-30 17:30:00	1.10492	1.10545	1.10486	1.10525	7316
2024-08-30 18:00:00	1.10525	1.10563	1.10506	1.10538	6152
2024-08-30 18:30:00	1.10537	1.10552	1.10495	1.10521	3759
2024-08-30 19:00:00	1.1052	1.10531	1.10494	1.10526	5155
2024-08-30 19:30:00	1.10526	1.10547	1.10473	1.10527	7601
2024-08-30 20:00:00	1.10525	1.10551	1.10498	1.10498	5304
2024-08-30 20:30:00	1.10499	1.10511	1.10453	1.10456	3678
2024-09-01 21:00:00	1.10462	1.10494	1.10462	1.10472	93
2024-09-01 21:30:00	1.10466	1.10488	1.10462	1.1048	300
2024-09-01 22:00:00	1.10483	1.10486	1.1044	1.10473	928
2024-09-01 22:30:00	1.10476	1.10496	1.10456	1.10458	1749
2024-09-01 23:00:00	1.10458	1.10471	1.10448	1.10457	3187
2024-09-01 23:30:00	1.10458	1.1047	1.10441	1.10446	1920
2024-09-02 00:00:00	1.10445	1.10511	1.10419	1.1051	2495
2024-09-02 00:30:00	1.1051	1.10556	1.10508	1.10534	2641
2024-09-02 01:00:00	1.10535	1.10556	1.10508	1.10537	3810
2024-09-02 01:30:00	1.10537	1.10549	1.10501	1.10514	2814
2024-09-02 02:00:00	1.10513	1.10513	1.1046	1.10465	4282
2024-09-02 02:30:00	1.10465	1.10536	1.10458	1.10514	2723
2024-09-02 03:00:00	1.10515	1.10544	1.10502	1.10544	1977
2024-09-02 03:30:00	1.10545	1.10554	1.10484	1.10484	1783
2024-09-02 04:00:00	1.10485	1.10485	1.10439	1.10477	2022
2024-09-02 04:30:00	1.10478	1.10484	1.10461	1.10484	1179
2024-09-02 05:00:00	1.10483	1.10517	1.10454	1.10517	2197
2024-09-02 05:30:00	1.10517	1.10563	1.10513	1.10551	1953
2024-09-02 06:00:00	1.10551	1.10594	1.10548	1.10586	3404
2024-09-02 06:30:00	1.10585	1.10702	1.10576	1.10657	3839
2024-09-02 07:00:00	1.10656	1.10658	1.10559	1.10564	9720
2024-09-02 07:30:00	1.10563	1.10686	1.1056	1.10666	6227
2024-09-02 08:00:00	1.10666	1.10773	1.10662	1.10721	7526
2024-09-02 08:30:00	1.10723	1.10748	1.1064	1.10674	6977
2024-09-02 09:00:00	1.10674	1.10702	1.10635	1.10697	4528
2024-09-02 09:30:00	1.10695	1.10727	1.1066	1.1069	5661
2024-09-02 10:00:00	1.1069	1.10705	1.10627	1.10629	5874
2024-09-02 10:30:00	1.10628	1.10685	1.10613	1.10663	4578
2024-09-02 11:00:00	1.10663	1.10688	1.10637	1.10653	3589
2024-09-02 11:30:00	1.10652	1.10653	1.10596	1.10596	5797
2024-09-02 12:00:00	1.10594	1.10643	1.10585	1.10621	4334
2024-09-02 12:30:00	1.10621	1.10714	1.1061	1.10679	3634
2024-09-02 13:00:00	1.1068	1.10718	1.10663	1.10689	4403
2024-09-02 13:30:00	1.10689	1.10714	1.10668	1.10678	3390
2024-09-02 14:00:00	1.10678	1.10701	1.10631	1.10633	3649
2024-09-02 14:30:00	1.10633	1.10715	1106	1.1069	4441
2024-09-02 15:00:00	1.10688	1.10709	1.10637	1.10666	3039
2024-09-02 15:30:00	1.10666	1.1069	1.10666	1.10678	1103
2024-09-02 16:00:00	1.10678	1.10682	1.10636	1.10639	1748
2024-09-02 16:30:00	1.10639	1.10661	1.10623	1.10658	1335
2024-09-02 17:00:00	1.10658	1.10681	1.10658	1.10681	218
2024-09-02 17:30:00	1.10682	1.10687	1.10677	1.10687	285
2024-09-02 18:00:00	1.10687	1.10702	1.10685	1107	420
2024-09-02 18:30:00	1.10702	1.10714	1.10702	1.10709	232
2024-09-02 19:00:00	1.10708	1.1072	1.10707	1.10717	311
2024-09-02 19:30:00	1.10717	1.10727	1.10716	1.10722	350
2024-09-02 20:00:00	1.10721	1.10723	1.10708	1.10708	205
2024-09-02 20:30:00	1.10707	1.10725	1.1069	1.1069	177
2024-09-02 21:00:00	1.1069	1.10723	1.10613	1107	484
2024-09-02 21:30:00	1107	1.10715	1.10695	1.10702	400
2024-09-02 22:00:00	1.10706	1.10727	1107	1.10705	549
2024-09-02 22:30:00	1.10704	1.10709	1.10663	1.10663	338
2024-09-02 23:00:00	1.10664	1.1067	1.1065	1.1065	382
2024-09-02 23:30:00	1.1065	1.10681	1.10645	1.1067	686
2024-09-03 00:00:00	1.10671	1.10687	1.10646	1.10676	1561
2024-09-03 00:30:00	1.10677	1.10678	1.10589	1.10605	1814
2024-09-03 01:00:00	1.10605	1.10651	1106	1.10616	1484
2024-09-03 01:30:00	1.10618	1.10682	1.10611	1.10668	2327
2024-09-03 02:00:00	1.10669	1.10702	1.1066	1.10669	1524
2024-09-03 02:30:00	1.1067	1.10678	1.10629	1.10636	1688
2024-09-03 03:00:00	1.10636	1.10636	1.10584	1.10586	2127
2024-09-03 03:30:00	1.10586	1106	1.10573	1.10579	1177
2024-09-03 04:00:00	1.10579	1.10587	1.10542	1.10545	3755
2024-09-03 04:30:00	1.10548	1.1056	1.10538	1.1054	1099
2024-09-03 05:00:00	1.10541	1.10571	1.10539	1.1055	2406
2024-09-03 05:30:00	1.10549	1.10599	1.1054	1.10596	1922
2024-09-03 06:00:00	1.10595	1.10595	1.10535	1.1056	3594
2024-09-03 06:30:00	1.10561	1.10614	1.1051	1.10614	3812
2024-09-03 07:00:00	1.10615	1.10676	1.10571	1.10645	4026
2024-09-03 07:30:00	1.10644	1.10647	1.10555	1.1056	4595
2024-09-03 08:00:00	1.10557	1.10596	1105	1.10511	4941
2024-09-03 08:30:00	1.10511	1.10539	1.10479	1.10485	4278
2024-09-03 09:00:00	1.10485	1.10505	1.10341	1.10387	5689
2024-09-03 09:30:00	1.10385	1.10419	1.10373	1.10399	3372
2024-09-03 10:00:00	1.10399	1.10417	1.10361	1.10397	3781
2024-09-03 10:30:00	1.10396	1.10398	1.1033	1.10357	6875
2024-09-03 11:00:00	1.10355	1.10403	1.10337	1.10381	5876
2024-09-03 11:30:00	1.10379	1.10429	1.10359	1.10363	8228
2024-09-03 12:00:00	1.10362	1.10396	1.10335	1.10388	9896
2024-09-03 12:30:00	1.10389	1.10525	1.10388	1.10478	13051
2024-09-03 13:00:00	1.1048	1.10624	1.1048	1.10621	16722
2024-09-03 13:30:00	1.10622	1.10634	1.10509	1.10612	18023
2024-09-03 14:00:00	1.10614	1.1069	1.1037	1.10388	27167
2024-09-03 14:30:00	1.10389	1.10549	1.10381	1.10421	20112
2024-09-03 15:00:00	1.10422	1.10444	1.10364	1.10399	11655
2024-09-03 15:30:00	1104	1.10433	1.1036	1.10422	6097
2024-09-03 16:00:00	1.10424	1.1047	1.10394	1.10443	6715
2024-09-03 16:30:00	1.10444	1.1045	1.1038	1.10392	5001
2024-09-03 17:00:00	1.10391	1.10399	1.1033	1.10361	4919
2024-09-03 17:30:00	1.1036	1.1036	1.10263	1.10279	4070
2024-09-03 18:00:00	1.10278	1.10328	1.10265	1.10317	3637
2024-09-03 18:30:00	1.10317	1.10391	1.1031	1.1038	7132
2024-09-03 19:00:00	1.10381	1.1042	1.10374	1.10401	4513
2024-09-03 19:30:00	1.10401	1.10421	1.1039	1.10418	3070
2024-09-03 20:00:00	1.10418	1.10427	1.10395	1.10415	1486
2024-09-03 20:30:00	1.10415	1.10442	1.10415	1.10431	1093
2024-09-03 21:00:00	1.1043	1.10436	1.10363	1.10432	2368
2024-09-03 21:30:00	1.10433	1.1045	1.10432	1.10446	472
2024-09-03 22:00:00	1.10446	1.1045	1.1039	1.10446	1400
2024-09-03 22:30:00	1.10447	1.10468	1.10445	1.10456	938
2024-09-03 23:00:00	1.10456	1105	1.1045	1.10493	1460
2024-09-03 23:30:00	1.10493	1.10503	1.10471	1.10485	1655
2024-09-04 00:00:00	1.10485	1.10506	1.10464	1.10472	3578
2024-09-04 00:30:00	1.10471	1.10512	1.10468	1.10481	5199
2024-09-04 01:00:00	1.10481	1.10516	1.10474	1.10506	2729
2024-09-04 01:30:00	1.10507	1.10561	1.10491	1.1053	4123
2024-09-04 02:00:00	1.10531	1.10559	1.10494	1.1054	2781
2024-09-04 02:30:00	1.10539	1.10562	1.10519	1.10525	2872
2024-09-04 03:00:00	1.10524	1.10552	1.10523	1.10523	2969
2024-09-04 03:30:00	1.10521	1.10545	1.10501	1.1054	1954
2024-09-04 04:00:00	1.10538	1.10556	1.10536	1.10544	2317
2024-09-04 04:30:00	1.10544	1.1057	1.10535	1.10562	1498
2024-09-04 05:00:00	1.10562	1.10586	1.10561	1.10583	2021
2024-09-04 05:30:00	1.10582	1.10598	1.10546	1.10578	2457
2024-09-04 06:00:00	1.10577	1.10579	1.10473	1.10486	6012
2024-09-04 06:30:00	1.10486	1.10566	1.10477	1.10532	5117
2024-09-04 07:00:00	1.10534	1.10608	1.10468	1.10603	8309
2024-09-04 07:30:00	1.10602	1.10628	1.10548	1.10559	7793
2024-09-04 08:00:00	1.10556	1.10564	1.10496	1.10544	4643
2024-09-04 08:30:00	1.10546	1.10588	1.10509	1.10516	6354
2024-09-04 09:00:00	1.10518	1.10556	1.10502	1.10537	4335
2024-09-04 09:30:00	1.10536	1.10585	1.10528	1.10531	3174
2024-09-04 10:00:00	1.10531	1.1054	1.10507	1.10529	3901
2024-09-04 10:30:00	1.10527	1.10557	1105	1.1053	3684
2024-09-04 11:00:00	1.1053	1.10538	1.1046	1.10522	4820
2024-09-04 11:30:00	1.1052	1.10525	1.10427	1.10503	6153
2024-09-04 12:00:00	1.10503	1.10509	1104	1.10438	7098
2024-09-04 12:30:00	1.10439	1.10526	1.10407	1.10524	6936
2024-09-04 13:00:00	1.10523	1.10569	1.10498	1.10557	8490
2024-09-04 13:30:00	1.10558	1.10591	1.10512	1.10578	6929
2024-09-04 14:00:00	1.10574	1.10862	1.10569	1.10784	22151
2024-09-04 14:30:00	1.10784	1.10951	1.10781	1.10898	12934
2024-09-04 15:00:00	1.10897	1.10917	1.10766	1.10801	9290
2024-09-04 15:30:00	1.10801	1.10831	1.10765	1.10809	5189
2024-09-04 16:00:00	1.10809	1.10858	1.10779	1.1085	3901
2024-09-04 16:30:00	1.10851	1.10865	1.10758	1.10845	4754
2024-09-04 17:00:00	1.10844	1.10861	1.10714	1.10714	2907
2024-09-04 17:30:00	1.10714	1.10763	1.10658	1.10662	3629
2024-09-04 18:00:00	1.10661	1.10743	1.10653	1.1071	3656
2024-09-04 18:30:00	1.10713	1.10767	1.10701	1.1076	2685
2024-09-04 19:00:00	1.1076	1.10824	1.1075	1.1081	2137
2024-09-04 19:30:00	1.10811	1.10825	1.10777	1.10781	2454
2024-09-04 20:00:00	1.10782	1.10812	1.10755	1108	1389
2024-09-04 20:30:00	1.10798	1.10836	1.10796	1.10818	1347
2024-09-04 21:00:00	1.10817	1.10835	1.10795	1.10828	640
2024-09-04 21:30:00	1.10828	1.10836	1.10816	1.10823	496
2024-09-04 22:00:00	1.10826	1.10863	1.10822	1.10834	934
2024-09-04 22:30:00	1.10835	1.10848	1.10826	1.10848	598
2024-09-04 23:00:00	1.1085	1.10853	1.10802	1.10815	1316
2024-09-04 23:30:00	1.10818	1.10845	1.1079	1.10801	3085
2024-09-05 00:00:00	1108	1.10818	1.10791	1.10796	3096
2024-09-05 00:30:00	1.10796	1.10801	1.10756	1.1079	3581
2024-09-05 01:00:00	1.10791	1.10854	1.10775	1.10817	3720
2024-09-05 01:30:00	1.10818	1.10838	1.10784	1.10788	3271
2024-09-05 02:00:00	1.10787	1.10815	1.10783	1.10804	2519
2024-09-05 02:30:00	1.10803	1.10833	1.10792	1.10797	1187
2024-09-05 03:00:00	1.10796	1.10797	1.10762	1.10774	1655
2024-09-05 03:30:00	1.10776	1.10786	1.10761	1.10769	1867
2024-09-05 04:00:00	1.10769	1.10769	1.10746	1.10755	2026
2024-09-05 04:30:00	1.10757	1.10778	1.10751	1.10769	2117
2024-09-05 05:00:00	1.10767	1.10794	1.10766	1.10794	2348
2024-09-05 05:30:00	1.10795	1.10806	1.10782	1.10802	2646
2024-09-05 06:00:00	1.10802	1.10853	1.10796	1.10835	5136
2024-09-05 06:30:00	1.10836	1.10881	1.10826	1.10837	3937
2024-09-05 07:00:00	1.10837	1.10903	1.10802	1.10827	5934
2024-09-05 07:30:00	1.10827	1.10871	1.10798	1.10871	4866
2024-09-05 08:00:00	1.1087	1.11002	1.1084	1.10978	6690
2024-09-05 08:30:00	1.1098	1.11001	1.10916	1.10988	5442
2024-09-05 09:00:00	1.10989	1.11004	1.10958	1.10985	6812
2024-09-05 09:30:00	1.10986	1.11002	1.10926	1.10946	7374
2024-09-05 10:00:00	1.10945	1.10978	1.10921	1.10954	4795
2024-09-05 10:30:00	1.10955	1.10996	1.10941	1.10989	2199
2024-09-05 11:00:00	1.10988	1.1108	1.10985	1.11079	4053
2024-09-05 11:30:00	1.1108	1.11082	1.1093	1.1095	6948
2024-09-05 12:00:00	1.10952	1.11197	1.10948	1.11147	12177
2024-09-05 12:30:00	1.11147	1.11147	1.10871	1.10922	18827
2024-09-05 13:00:00	1.10923	1.11067	1.10905	1.11063	10619
2024-09-05 13:30:00	1.11062	1.11083	1.11004	1.11052	13358
2024-09-05 14:00:00	1.11047	1.11048	1.10833	1.10868	16305
2024-09-05 14:30:00	1.10869	1.10902	1.10762	1.10795	12653
2024-09-05 15:00:00	1.10796	1.10887	1.10781	1.10814	8428
2024-09-05 15:30:00	1.10814	1.10957	1.10804	1.10952	7032
2024-09-05 16:00:00	1.10952	1.1103	1.10952	1.11024	5219
2024-09-05 16:30:00	1.11027	1.11054	1.1099	1.11009	5051
2024-09-05 17:00:00	1.1101	1.11067	1.10998	1.11011	3826
2024-09-05 17:30:00	1.1101	1.11073	1.10994	1.11067	4982
2024-09-05 18:00:00	1.11068	1.11132	1.11068	1.11081	3324
2024-09-05 18:30:00	1.11081	1.11114	1.11025	1.11041	3025
2024-09-05 19:00:00	1.1104	1.11067	1.1103	1.11047	3425
2024-09-05 19:30:00	1.11046	1.11077	1.11027	1.11036	4305
2024-09-05 20:00:00	1.11038	1.1111	1.11038	1.11102	1291
2024-09-05 20:30:00	1.11102	1.11112	1.11097	1.11102	1771
2024-09-05 21:00:00	1111	1.1111	1.11062	1111	321
2024-09-05 21:30:00	1111	1.11115	1.11081	1.11086	516
2024-09-05 22:00:00	1.11081	1.11109	1.1108	1.11099	656
2024-09-05 22:30:00	1111	1111	1.11085	1.11095	1504
2024-09-05 23:00:00	1.11096	1.11105	1.11085	1.11091	964
2024-09-05 23:30:00	1.11091	1.11123	1.11085	1.1111	1874
2024-09-06 00:00:00	1.11111	1.11123	1.11096	1.11103	3745
2024-09-06 00:30:00	1.11104	1.11145	1.11097	1.11133	3006
2024-09-06 01:00:00	1.11133	1.11139	1.11098	1.11121	3532
2024-09-06 01:30:00	1.11122	1.11132	1111	1.11106	2456
2024-09-06 02:00:00	1.11107	1.11126	1.11099	1.1112	3096
2024-09-06 02:30:00	1.11121	1.11124	1.11092	1.11111	2982
2024-09-06 03:00:00	1.11111	1.11141	1.11109	1.11136	2530
2024-09-06 03:30:00	1.11135	1.11161	1.11134	1.11151	2428
2024-09-06 04:00:00	1.11151	1.11168	1.11137	1.11167	2314
2024-09-06 04:30:00	1.11166	1.11175	1.11152	1.11158	1334
2024-09-06 05:00:00	1.11158	1.11187	1.11154	1.1117	2628
2024-09-06 05:30:00	1.1117	1.11173	1.11139	1.11169	3819
2024-09-06 06:00:00	1.11169	1.11197	1.11141	1.11175	4520
2024-09-06 06:30:00	1.11176	1.11208	1.11149	1.11206	3117
2024-09-06 07:00:00	1.11205	1.11206	1.11147	1.11188	4416
2024-09-06 07:30:00	1.11185	1.11188	1.11108	1.11158	5171
2024-09-06 08:00:00	1.11157	1.11186	1.11129	1.11162	4763
2024-09-06 08:30:00	1.11161	1.11207	1.11151	1.11173	4698
2024-09-06 09:00:00	1.11171	1.11171	1.11075	1.1108	5393
2024-09-06 09:30:00	1.11081	1.11135	1.11073	1.11134	4227
2024-09-06 10:00:00	1.11133	1.11137	1.11068	1.11082	4006
2024-09-06 10:30:00	1.11084	1.11108	1.11068	1.11073	3833
2024-09-06 11:00:00	1.11072	1.11098	1.11041	1.11056	4273
2024-09-06 11:30:00	1.11057	1.11086	1.11026	1.11069	4129
2024-09-06 12:00:00	1.1107	1.11103	1.11008	1.11076	7805
2024-09-06 12:30:00	1.11082	1.11556	1.10796	1.11208	38525
2024-09-06 13:00:00	1.11209	1.11255	1.1088	1.10952	25515
2024-09-06 13:30:00	1.10953	1.11006	1.10656	1.10832	23692
2024-09-06 14:00:00	1.10832	1.1096	1.10731	1.10871	25205
2024-09-06 14:30:00	1.10871	1.11132	1.10817	1.11018	25065
2024-09-06 15:00:00	1.1102	1.1135	1.1084	1.11056	37974
2024-09-06 15:30:00	1.11056	1.1106	1.1083	1.10856	19825
2024-09-06 16:00:00	1.10854	1.10855	1.10709	1.10782	10702
2024-09-06 16:30:00	1.10785	1.10811	1.10695	1.10767	10433
2024-09-06 17:00:00	1.10768	1.10892	1.10695	1.1087	6526
2024-09-06 17:30:00	1.1087	1.10872	1.10801	1.10846	8839
2024-09-06 18:00:00	1.10845	1.10866	1.10781	1.1086	9350
2024-09-06 18:30:00	1.1086	1.10869	1.10798	1.10861	3731
2024-09-06 19:00:00	1.10862	1.10895	1.10822	1.10892	3254
2024-09-06 19:30:00	1.10891	1.10893	1.1086	1.10884	2687
2024-09-06 20:00:00	1.10886	1.10887	1.10859	1.10869	2932
2024-09-06 20:30:00	1.10869	1.10872	1.10822	1.10825	4540
2024-09-08 21:00:00	1.10781	1.10838	1.10781	1.1083	337
2024-09-08 21:30:00	1.1083	1.10831	1.10817	1.1083	108
2024-09-08 22:00:00	1.1083	1.10888	1.10819	1.10873	2195
2024-09-08 22:30:00	1.10873	1.10904	1.10866	1.10867	2089
2024-09-08 23:00:00	1.10867	1.10903	1.10867	1.10901	4210
2024-09-08 23:30:00	1.10901	1.10908	1.10866	1.10867	4958
2024-09-09 00:00:00	1.10864	1.1091	1.10851	1.10866	4916
2024-09-09 00:30:00	1.10864	1.10889	1.10823	1.10832	3358
2024-09-09 01:00:00	1.10831	1.10909	1.1083	1.10872	6993
2024-09-09 01:30:00	1.10873	1.10875	1.10813	1.1082	5711
2024-09-09 02:00:00	1.10821	1.10829	1.10804	1.10815	2398
2024-09-09 02:30:00	1.10816	1.10831	1.10804	1.10806	2132
2024-09-09 03:00:00	1.10806	1.10815	1.10786	1.10812	1939
2024-09-09 03:30:00	1.10811	1.10817	1.10789	1.10799	1759
2024-09-09 04:00:00	1.10798	1.10802	1.10784	1.10792	1942
2024-09-09 04:30:00	1.10791	1.10798	1.10745	1.10756	2567
2024-09-09 05:00:00	1.10757	1.10757	1.10728	1.1073	2067
2024-09-09 05:30:00	1.10729	1.10735	1.10689	1.10689	3175
2024-09-09 06:00:00	1.10691	1.10718	1.10649	1.10675	5109
2024-09-09 06:30:00	1.10674	1.10702	1.10606	1.10645	4467
2024-09-09 07:00:00	1.10644	1.1066	1.10549	1.10591	7669
2024-09-09 07:30:00	1.10591	1.10639	1.10566	1.10591	6689
2024-09-09 08:00:00	1.10591	1.10624	1.10456	1.10481	8260
2024-09-09 08:30:00	1.10482	1.10512	1.10466	1.10476	5166
2024-09-09 09:00:00	1.10476	1.10543	1.10456	1.10528	4077
2024-09-09 09:30:00	1.10527	1.10591	1.10511	1.10561	5479
2024-09-09 10:00:00	1.10561	1.10567	1.10419	1.10422	6832
2024-09-09 10:30:00	1.10421	1.10424	1.10368	1.10401	4719
2024-09-09 11:00:00	1.10401	1.10451	1.1038	1.10383	4174
2024-09-09 11:30:00	1.10381	1.10448	1.10357	1.10448	4707
2024-09-09 12:00:00	1.10448	1.10448	1.10403	1.10421	6139
2024-09-09 12:30:00	1.10422	1.10489	1.1038	1.10396	7029
2024-09-09 13:00:00	1.10395	1.1052	1.10394	1.10495	5287
2024-09-09 13:30:00	1.10494	1.10506	1.1042	1.1047	8361
2024-09-09 14:00:00	1.1047	1.10471	1.10344	1.10422	10120
2024-09-09 14:30:00	1.10422	1.10436	1.1034	1.10421	7545
2024-09-09 15:00:00	1.1042	1.10446	1.10365	1.10365	6541
2024-09-09 15:30:00	1.10366	1.10447	1.10354	1.10415	5557
2024-09-09 16:00:00	1.10414	1.10486	1.10414	1.1048	4389
2024-09-09 16:30:00	1.10479	1.10507	1.10469	1.10487	3485
2024-09-09 17:00:00	1.10489	1.10536	1.10482	1.10517	5462
2024-09-09 17:30:00	1.10516	1.10529	1.10434	1.10435	5928
2024-09-09 18:00:00	1.10436	1.10452	1.10415	1.1044	4706
2024-09-09 18:30:00	1.1044	1.10463	1.10423	1.10429	4987
2024-09-09 19:00:00	1.10428	1.10429	1.10393	1.10398	3766
2024-09-09 19:30:00	1.10398	1.10402	1.10376	1.10382	3478
2024-09-09 20:00:00	1.10382	1.10392	1.10362	1.10383	1992
2024-09-09 20:30:00	1.10382	1.10385	1.10335	1.10342	2548
2024-09-09 21:00:00	1.10334	1.10371	1.10331	1.10358	485
2024-09-09 21:30:00	1.10358	1.10373	1.10355	1.10368	504
2024-09-09 22:00:00	1.10368	1.10393	1.10349	1.1038	866
2024-09-09 22:30:00	1.10382	1.10396	1.10373	1.10375	764
2024-09-09 23:00:00	1.10376	1.1038	1.10364	1.10374	468
2024-09-09 23:30:00	1.10375	1.10381	1.10345	1.10352	1188
2024-09-10 00:00:00	1.10352	1.10352	1.10283	1.10295	4552
2024-09-10 00:30:00	1.10295	1.10327	1.10291	1.10308	1765
2024-09-10 01:00:00	1.10307	1.10335	1.10305	1.10325	2749
2024-09-10 01:30:00	1.10326	1.10355	1.10317	1.10347	2680
2024-09-10 02:00:00	1.1035	1.10359	1.10326	1.10341	1988
2024-09-10 02:30:00	1.10342	1.10361	1.1034	1.10347	1185
2024-09-10 03:00:00	1.10348	1.10382	1.10348	1.1037	1299
2024-09-10 03:30:00	1.1037	1.10391	1.10366	1.10384	1804
2024-09-10 04:00:00	1.10384	1.10388	1.1036	1.10373	1643
2024-09-10 04:30:00	1.10372	1.10405	1.10372	1104	821
2024-09-10 05:00:00	1.10399	1.10411	1.10383	1.10406	1155
2024-09-10 05:30:00	1.10406	1.10426	1.10392	1.10394	2174
2024-09-10 06:00:00	1.10394	1.10415	1.10337	1.10385	4686
2024-09-10 06:30:00	1.10385	1.10496	1.10379	1.10496	5301
2024-09-10 07:00:00	1.10494	1.10494	1.10411	1.10418	10407
2024-09-10 07:30:00	1.10417	1.10444	1.10367	1.1037	6184
2024-09-10 08:00:00	1.1037	1104	1.10349	1.10363	7381
2024-09-10 08:30:00	1.10364	1.10383	1.10335	1.10377	6286
2024-09-10 09:00:00	1.10376	1.10385	1.10323	1.10379	6395
2024-09-10 09:30:00	1.10376	1.10422	1.10366	1.10385	4210
2024-09-10 10:00:00	1.10386	1.10418	1.10358	1.10375	3155
2024-09-10 10:30:00	1.10374	1.10409	1.10338	1.10403	2991
2024-09-10 11:00:00	1.10404	1.10438	1.10349	1.10355	3874
2024-09-10 11:30:00	1.10355	1.10356	1.10267	1.10312	4602
2024-09-10 12:00:00	1.10311	1.10368	1.10278	1.10281	8230
2024-09-10 12:30:00	1.10281	1.10342	1.10265	1.10298	10488
2024-09-10 13:00:00	1.10298	1.10349	1.10278	1.10345	7170
2024-09-10 13:30:00	1.10344	1.10344	1.10175	1.10196	11655
2024-09-10 14:00:00	1.10196	1.10234	1.10171	1.10225	8856
2024-09-10 14:30:00	1.10224	1.10225	1.10151	1.10185	7811
2024-09-10 15:00:00	1.10185	1.10261	1.10174	1.10251	7296
2024-09-10 15:30:00	1.10251	1.10272	1.10198	1.1025	5933
2024-09-10 16:00:00	1.10251	1.10272	1.10225	1.10262	6098
2024-09-10 16:30:00	1.10262	1.10288	1.10248	1.10266	3203
2024-09-10 17:00:00	1.10266	1.10278	1.10226	1.10244	3286
2024-09-10 17:30:00	1.10245	1.1027	1.10229	1.10229	2426
2024-09-10 18:00:00	1.1023	1.1027	1.10205	1.10265	1674
2024-09-10 18:30:00	1.10266	1.1027	1.10234	1.10245	1856
2024-09-10 19:00:00	1.10244	1.10272	1.10223	1.10257	1825
2024-09-10 19:30:00	1.10256	1.10276	1.10234	1.10268	2504
2024-09-10 20:00:00	1.10267	1.1027	1.1023	1.10233	2224
2024-09-10 20:30:00	1.10232	1.10239	1.10182	1.10193	1325
2024-09-10 21:00:00	1.10189	1.10195	1.10185	1.1019	179
2024-09-10 21:30:00	1.10192	1.10193	1.10186	1.10188	82
2024-09-10 22:00:00	1.10191	1.10216	1.10186	1.10207	751
2024-09-10 22:30:00	1.10208	1.1021	1.10195	1.10197	832
2024-09-10 23:00:00	1.10198	1.10237	1.10195	1.10224	1046
2024-09-10 23:30:00	1.10224	1.10225	1.10194	1102	1995
2024-09-11 00:00:00	1102	1.10219	1.10166	1102	4457
2024-09-11 00:30:00	1.10201	1.10227	1.10192	1102	2002
2024-09-11 01:00:00	1.10199	1.10273	1.10182	1.10272	2525
2024-09-11 01:30:00	1.10275	1.10401	1.10273	1.10366	6352
2024-09-11 02:00:00	1.10367	1.10443	1.10365	1104	5156
2024-09-11 02:30:00	1.10401	1.10406	1.10327	1.10331	4110
2024-09-11 03:00:00	1.1033	1.10394	1.10316	1.10388	2443
2024-09-11 03:30:00	1.10389	1.10425	1.1038	1.10385	2638
2024-09-11 04:00:00	1.10386	1.10443	1.10379	1.10427	3603
2024-09-11 04:30:00	1.10428	1.10471	1.10422	1.10465	2418
2024-09-11 05:00:00	1.10466	1.10514	1.10462	1.10503	3213
2024-09-11 05:30:00	1.10501	1.10507	1.10425	1.10438	3009
2024-09-11 06:00:00	1.10437	1.1049	1.10416	1.10436	3320
2024-09-11 06:30:00	1.10435	1.1046	1.10407	1.10451	2622
2024-09-11 07:00:00	1.10451	1.10506	1.10413	1.10496	6313
2024-09-11 07:30:00	1.10495	1.1052	1.10403	1.10412	4076
2024-09-11 08:00:00	1.10412	1.10466	1.10366	1.10447	4125
2024-09-11 08:30:00	1.10447	1.10479	1.10434	1.10437	5798
2024-09-11 09:00:00	1.10437	1.10489	1.10418	1.10435	6396
2024-09-11 09:30:00	1.10435	1.10482	1.10419	1.1042	3933
2024-09-11 10:00:00	1.1042	1.10463	1.10385	1.10441	5240
2024-09-11 10:30:00	1.1044	1.10488	1.10431	1.10486	4008
2024-09-11 11:00:00	1.10487	1.10549	1.10486	1.10524	4843
2024-09-11 11:30:00	1.10523	1.10526	1.10427	1.10436	4458
2024-09-11 12:00:00	1.10435	1.10488	1.10398	1.10421	6428
2024-09-11 12:30:00	1.10419	1.10422	1.10033	1.10162	36809
2024-09-11 13:00:00	1.10161	1.10262	1.10126	1.10158	21807
2024-09-11 13:30:00	1.10157	1.10213	1.10097	1.10128	19162
2024-09-11 14:00:00	1.10129	1.10152	1.10046	1.10085	15584
2024-09-11 14:30:00	1.10086	1.10113	1.10019	1.10102	12903
2024-09-11 15:00:00	1.10102	1.10167	1.10077	1.10136	12919
2024-09-11 15:30:00	1.10135	1.10155	1.10104	1.1012	8661
2024-09-11 16:00:00	1.10119	1.10177	1.10097	1.10124	6466
2024-09-11 16:30:00	1.10124	1.1017	1.10101	1.10158	6812
2024-09-11 17:00:00	1.10159	1.10205	1.10154	1.10163	6328
2024-09-11 17:30:00	1.10161	1.10209	1.10151	1.10185	5403
2024-09-11 18:00:00	1.10184	1.1021	1.10182	1.10199	4869
2024-09-11 18:30:00	1.10202	1.10226	1.1018	1.10181	5255
2024-09-11 19:00:00	1.10181	1.10265	1.10178	1.10244	4040
2024-09-11 19:30:00	1.10244	1.10244	1.1016	1.10174	4474
2024-09-11 20:00:00	1.10175	1.1018	1.10144	1.10152	1745
2024-09-11 20:30:00	1.10153	1.10158	1.10108	1.10117	1927
2024-09-11 21:00:00	1.10111	1.10144	1.10104	1.10126	596
2024-09-11 21:30:00	1.10125	1.10136	1.10118	1.10124	350
2024-09-11 22:00:00	1.10124	1.10149	1.10118	1.10127	835
2024-09-11 22:30:00	1.10126	1.10129	1.10112	1.10121	584
2024-09-11 23:00:00	1.10122	1.10128	1.10107	1.10107	789
2024-09-11 23:30:00	1.10108	1.10126	1.10101	1.10102	1845
2024-09-12 00:00:00	1.10101	1.10117	1.1007	1.10081	2979
2024-09-12 00:30:00	1.10082	1.10087	1.10059	1.10067	2388
2024-09-12 01:00:00	1.10066	1.10103	1.10065	1.10091	3331
2024-09-12 01:30:00	1.10091	1.10127	1.10086	1.10111	2292
2024-09-12 02:00:00	1.10111	1.10116	1.10075	1.10104	2963
2024-09-12 02:30:00	1.10103	1.10122	1.10092	1.10097	3862
2024-09-12 03:00:00	1.10096	1.10137	1.10096	1.10133	2658
2024-09-12 03:30:00	1.10132	1.1014	1.10124	1.10136	1669
2024-09-12 04:00:00	1.10136	1.10163	1.10136	1.10157	1492
2024-09-12 04:30:00	1.10156	1.10168	1.10145	1.10162	1021
2024-09-12 05:00:00	1.10161	1.10168	1.10152	1.10166	818
2024-09-12 05:30:00	1.10167	1.1022	1.10165	1.10218	2222
2024-09-12 06:00:00	1.10219	1.10238	1.10174	1.10185	3594
2024-09-12 06:30:00	1.10184	1.10203	1.10077	1.1008	4122
2024-09-12 07:00:00	1.1008	1.10138	1.10059	1.10136	6453
2024-09-12 07:30:00	1.10137	1.10157	1.10072	1.10076	8658
2024-09-12 08:00:00	1.10077	1.10177	1.10055	1.10169	7407
2024-09-12 08:30:00	1.1017	1.10218	1.10139	1.10154	6291
2024-09-12 09:00:00	1.10158	1102	1.10158	1.10182	5360
2024-09-12 09:30:00	1.10184	1.10199	1.10127	1.10144	5723
2024-09-12 10:00:00	1.10144	1.10197	1.10144	1.10184	4780
2024-09-12 10:30:00	1.10183	1.10234	1.10168	1.10217	4082
2024-09-12 11:00:00	1.10217	1.10228	1.1017	1.10193	4788
2024-09-12 11:30:00	1.10193	1.10235	1.10129	1.10138	5933
2024-09-12 12:00:00	1.10139	1.10261	1.10089	1.10204	13454
2024-09-12 12:30:00	1.10205	1.10324	1.10112	1.1025	23721
2024-09-12 13:00:00	1.10251	1.10407	1.10246	1.10393	18837
2024-09-12 13:30:00	1.10394	1.10401	1.10297	1.10368	11318
2024-09-12 14:00:00	1.10367	1.10397	1.10323	1.10367	10503
2024-09-12 14:30:00	1.10367	1.10471	1.10298	1.10398	8930
2024-09-12 15:00:00	1.10398	1.10403	1.10307	1.10342	9291
2024-09-12 15:30:00	1.10342	1.10428	1.10335	1.10401	7580
2024-09-12 16:00:00	1.10401	1.10479	1104	1.10417	4733
2024-09-12 16:30:00	1.10417	1.10477	1.1037	1.1046	3818
2024-09-12 17:00:00	1.10461	1.10509	1.10431	1.10464	8108
2024-09-12 17:30:00	1.10464	1.10568	1.10425	1.10564	5233
2024-09-12 18:00:00	1.10563	1.10614	1.10511	1.10601	8982
2024-09-12 18:30:00	1106	1.10622	1.10581	1.10607	6012
2024-09-12 19:00:00	1.10607	1.10658	1.10599	1.10654	5435
2024-09-12 19:30:00	1.10655	1.10716	1.10655	1.10703	9180
2024-09-12 20:00:00	1.10704	1.1075	1.10685	1.10743	3362
2024-09-12 20:30:00	1.10744	1.1075	1.10725	1.10741	2933
2024-09-12 21:00:00	1.10739	1.10743	1.10715	1.10727	331
2024-09-12 21:30:00	1.10729	1.10741	1.10728	1.10737	99
2024-09-12 22:00:00	1.10738	1.10749	1.10703	1.1071	1345
2024-09-12 22:30:00	1.10711	1.10742	1.1071	1.10717	1082
2024-09-12 23:00:00	1.10716	1.10759	1.10715	1.10751	2159
2024-09-12 23:30:00	1.1075	1.10791	1.10737	1.10789	1667
2024-09-13 00:00:00	1.10786	1.10843	1.10775	1.10825	3670
2024-09-13 00:30:00	1.10826	1.10873	1.10804	1.1087	3342
2024-09-13 01:00:00	1.1087	1.10889	1.10838	1.10847	3940
2024-09-13 01:30:00	1.10846	1.10858	1.10803	1.10816	4346
2024-09-13 02:00:00	1.10817	1.10898	1.10794	1.10887	3609
2024-09-13 02:30:00	1.10886	1.10893	1.10853	1.10867	3659
2024-09-13 03:00:00	1.10867	1.10886	1.1084	1.10884	4067
2024-09-13 03:30:00	1.10885	1.10902	1.10854	1.10869	2004
2024-09-13 04:00:00	1.1087	1.10881	1.10859	1.1086	746
2024-09-13 04:30:00	1.10862	1.10882	1.1084	1.10844	1900
2024-09-13 05:00:00	1.10843	1.10846	1.10821	1.10833	2742
2024-09-13 05:30:00	1.10834	1.10862	1.10815	1.10824	3066
2024-09-13 06:00:00	1.10825	1.10845	1.10749	1.10759	7164
2024-09-13 06:30:00	1.1076	1.10795	1.10745	1.10789	4419
2024-09-13 07:00:00	1.10789	1.10819	1.1073	1.10813	6411
2024-09-13 07:30:00	1.10814	1.1094	1.10812	1.10924	5833
2024-09-13 08:00:00	1.10924	1.10933	1.10876	1.10897	8187
2024-09-13 08:30:00	1.10899	1.10939	1.10859	1.10927	6781
2024-09-13 09:00:00	1.10928	1.10966	1.10882	1.10948	7084
2024-09-13 09:30:00	1.10949	1.11007	1.10911	1.10919	7016
2024-09-13 10:00:00	1.10918	1.10931	1.1088	1.10924	6184
2024-09-13 10:30:00	1.10924	1.10973	1.10868	1.10904	6044
2024-09-13 11:00:00	1.10904	1.1093	1.10867	1.10873	7746
2024-09-13 11:30:00	1.10873	1.10891	1.10812	1.10841	11072
2024-09-13 12:00:00	1.10842	1.10884	1.10791	1.10841	7866
2024-09-13 12:30:00	1.10842	1.10935	1.10806	1.10928	8895
2024-09-13 13:00:00	1.10929	1.11017	1.10916	1.10933	12259
2024-09-13 13:30:00	1.10934	1.10961	1.10879	1.10943	7917
2024-09-13 14:00:00	1.10943	1.10951	1.10855	1.10907	10036
2024-09-13 14:30:00	1.10908	1.10943	1.10844	1.10889	9142
2024-09-13 15:00:00	1.10891	1.10918	1.10836	1.10873	6940
2024-09-13 15:30:00	1.10874	1.10878	1.1082	1.10844	5441
2024-09-13 16:00:00	1.10845	1.10851	1.10786	1.10822	4673
2024-09-13 16:30:00	1.10823	1.10838	1.10768	1.10838	3398
2024-09-13 17:00:00	1.10839	1.10858	1.10814	1.10834	4674
2024-09-13 17:30:00	1.10835	1.10841	1.10801	1.10815	3508
2024-09-13 18:00:00	1.10814	1.10845	1.10805	1.10834	4091
2024-09-13 18:30:00	1.10835	1.10835	1.10766	1.1078	4449
2024-09-13 19:00:00	1.10779	1.10813	1.1076	1.10802	2786
2024-09-13 19:30:00	1.10802	1.10802	1.10764	1.10777	2648
2024-09-13 20:00:00	1.10777	1.10782	1.10744	1.1075	2101
2024-09-13 20:30:00	1.10752	1.10757	1.10721	1.10732	4284
2024-09-15 21:00:00	1.10757	1.10777	1.10747	1.10756	497
2024-09-15 21:30:00	1.10755	1.10781	1.10743	1.10751	348
2024-09-15 22:00:00	1.10743	1.10862	1.10743	1.10861	1544
2024-09-15 22:30:00	1.1086	1.10873	1.10855	1.10868	2455
2024-09-15 23:00:00	1.10868	1.10878	1.10848	1.1087	1315
2024-09-15 23:30:00	1.1087	1.10894	1.1087	1.10873	2130
2024-09-16 00:00:00	1.10872	1.10914	1.1087	1.10908	2645
2024-09-16 00:30:00	1.10908	1.10923	1.10895	1.10895	1943
2024-09-16 01:00:00	1.10894	1.10922	1.10878	1.10918	2978
2024-09-16 01:30:00	1.10916	1.10924	1.10873	1.10877	3353
2024-09-16 02:00:00	1.10876	1.1089	1.10867	1.10879	1962
2024-09-16 02:30:00	1.1088	1.1091	1.10868	1.1089	2904
2024-09-16 03:00:00	1.1089	1.10977	1.1088	1.10969	2354
2024-09-16 03:30:00	1.1097	1.11049	1.1097	1.1104	4742
2024-09-16 04:00:00	1.1104	1.11048	1.11001	1.11007	4396
2024-09-16 04:30:00	1.11006	1.11006	1.10969	1.10971	2315
2024-09-16 05:00:00	1.10971	1.10992	1.10962	1.10971	3064
2024-09-16 05:30:00	1.1097	1.10996	1.10956	1.10983	2343
2024-09-16 06:00:00	1.10982	1.11045	1.10975	1.11021	3753
2024-09-16 06:30:00	1.11024	1.11157	1.1102	1.11145	4580
2024-09-16 07:00:00	1.11143	1.11143	1.11095	1.11104	6828
2024-09-16 07:30:00	1.11105	1.11197	1.11105	1.1115	6455
2024-09-16 08:00:00	1.11149	1.11231	1.11138	1.11226	5489
2024-09-16 08:30:00	1.11226	1.1126	1.11192	1.11228	6515
2024-09-16 09:00:00	1.11227	1.11291	1.11193	1.11279	5704
2024-09-16 09:30:00	1.1128	1.11293	1.11181	1.11204	5379
2024-09-16 10:00:00	1.11204	1.11277	1.11203	1.11265	3757
2024-09-16 10:30:00	1.11265	1.11282	1.11201	1.11219	5362
2024-09-16 11:00:00	1.1122	1.11256	1.11159	1.11205	5336
2024-09-16 11:30:00	1.11205	1.11254	1.11201	1.11237	4710
2024-09-16 12:00:00	1.11238	1113	1.11234	1.11294	5875
2024-09-16 12:30:00	1.11293	1.11327	1.11165	1.11249	10031
2024-09-16 13:00:00	1.11249	1.11313	1.11227	1.11305	7367
2024-09-16 13:30:00	1.11304	1.11374	1.11264	1.11294	11011
2024-09-16 14:00:00	1.11296	1.11298	1.11204	1.11277	8144
2024-09-16 14:30:00	1.11278	1.11305	1.1118	1.11238	7856
2024-09-16 15:00:00	1.11238	1.11242	1.11191	1.11229	5495
2024-09-16 15:30:00	1.11232	1.11239	1.11165	1.11225	4832
2024-09-16 16:00:00	1.11226	1.11266	1.11195	1.11242	4780
2024-09-16 16:30:00	1.11242	1113	1.11237	1.1129	4451
2024-09-16 17:00:00	1.11288	1113	1.11209	1.11222	3252
2024-09-16 17:30:00	1.11221	1.11239	1.1116	1.11233	2631
2024-09-16 18:00:00	1.11234	1.11243	1112	1.1123	2907
2024-09-16 18:30:00	1.11232	1.11243	1.11197	1.11208	3731
2024-09-16 19:00:00	1.11207	1.1123	1.11186	1.11216	2712
2024-09-16 19:30:00	1.11217	1.11297	1.11212	1.11289	2568
2024-09-16 20:00:00	1.11288	1.11303	1.11279	1.11297	1659
2024-09-16 20:30:00	1.11297	1.11332	1.11294	1.11325	2240
2024-09-16 21:00:00	1.1132	1.11324	1.11315	1.11316	150
2024-09-16 21:30:00	1.11316	1.11324	1.11306	1.1131	176
2024-09-16 22:00:00	1.1131	1.11321	1.11278	1.11287	803
2024-09-16 22:30:00	1.11286	1.11289	1.11266	1.11272	1630
2024-09-16 23:00:00	1.11275	1.11284	1.11232	1.11267	2727
2024-09-16 23:30:00	1.11267	1.11299	1.11265	1.11291	1719
2024-09-17 00:00:00	1.11291	1.11311	1.11259	1.11272	3521
2024-09-17 00:30:00	1.11273	1.11292	1.11219	1.1123	3032
2024-09-17 01:00:00	1.11229	1.11256	1.11226	1.11236	3433
2024-09-17 01:30:00	1.11239	1.11294	1.11236	1.11278	2685
2024-09-17 02:00:00	1.11277	1.11292	1.11248	1.11287	3270
2024-09-17 02:30:00	1.11289	1.11296	1.11271	1.11271	1523
2024-09-17 03:00:00	1.1127	1.11283	1.11235	1.11264	1973
2024-09-17 03:30:00	1.11265	1.11267	1.11228	1.11239	1997
2024-09-17 04:00:00	1.1124	1.11243	1.11217	1.11231	1573
2024-09-17 04:30:00	1.1123	1.11246	1.11227	1.11244	1827
2024-09-17 05:00:00	1.11243	1.11257	1.1122	1.11256	1754
2024-09-17 05:30:00	1.11256	1.11288	1.1125	1.11266	1980
2024-09-17 06:00:00	1.11267	1.1131	1.11256	1.11299	3446
2024-09-17 06:30:00	1.11299	1.11334	1.11208	1.11208	4431
2024-09-17 07:00:00	1.11208	1.11253	1.11156	1.11239	7139
2024-09-17 07:30:00	1.1124	1.11378	1.1124	1.11361	6025
2024-09-17 08:00:00	1.11361	1.11369	1.11329	1.11337	5630
2024-09-17 08:30:00	1.11339	1.11461	1.11337	1.11445	5948
2024-09-17 09:00:00	1.11445	1.11445	1.11369	1.11395	8654
2024-09-17 09:30:00	1.11396	1.11401	1.11346	1.1138	6123
2024-09-17 10:00:00	1.11381	1.11398	1.11339	1.11364	3562
2024-09-17 10:30:00	1.11363	1.11382	1.11318	1.11343	5270
2024-09-17 11:00:00	1.11342	1.11352	1.11302	1.11343	4173
2024-09-17 11:30:00	1.11343	1.11427	1.11339	1.11385	5235
2024-09-17 12:00:00	1.11384	1.11418	1.11317	1.11334	7771
2024-09-17 12:30:00	1.1134	1.11436	1.11177	1.11246	26633
2024-09-17 13:00:00	1.11247	1.11277	1.11151	1.11194	14976
2024-09-17 13:30:00	1.11192	1.11224	1.11117	1.11129	16523
2024-09-17 14:00:00	1.1113	1.11281	1.1113	1.11241	17844
2024-09-17 14:30:00	1.11241	1.11278	1112	1.11245	12708
2024-09-17 15:00:00	1.11246	1.11262	1.11156	1.11196	7624
2024-09-17 15:30:00	1.11196	1.11226	1.11152	1.11173	8341
2024-09-17 16:00:00	1.11172	1.11207	1.1115	1.11176	5008
2024-09-17 16:30:00	1.11177	1.11216	1.1116	1.11193	4731
2024-09-17 17:00:00	1.11192	1.11208	1.11109	1.1116	7888
2024-09-17 17:30:00	1.11158	1.11168	1.11113	1.11162	5820
2024-09-17 18:00:00	1.11162	1.11189	1.11155	1.11171	6322
2024-09-17 18:30:00	1.1117	1.11226	1.11166	1.11223	6241
2024-09-17 19:00:00	1.11223	1.11235	1.11176	1.11179	5425
2024-09-17 19:30:00	1.11179	1.11186	1.11147	1.11158	5533
2024-09-17 20:00:00	1.11158	1.11168	1.11152	1.11154	3438
2024-09-17 20:30:00	1.11154	1.11163	1.11126	1.11134	2362
2024-09-17 21:00:00	1.11128	1.11155	1.11124	1.11143	405
2024-09-17 21:30:00	1.11145	1.11153	1.11128	1.1113	293
2024-09-17 22:00:00	1.1113	1.11161	1.1113	1.11157	851
2024-09-17 22:30:00	1.11157	1.11186	1.11157	1.11179	1028
2024-09-17 23:00:00	1.1118	1.11221	1.11179	1.11221	1047
2024-09-17 23:30:00	1.11221	1.11238	1.11217	1.1122	971
2024-09-18 00:00:00	1.11221	1.11247	1.11215	1.11238	2428
2024-09-18 00:30:00	1.11239	1.11285	1.1122	1.1127	2684
2024-09-18 01:00:00	1.11271	1.11303	1.11261	1.11264	3171
2024-09-18 01:30:00	1.11263	1.11291	1.11252	1.11277	3286
2024-09-18 02:00:00	1.11278	1.11285	1.11247	1.11251	2311
2024-09-18 02:30:00	1.11251	1.1128	1.11251	1.11279	2877
2024-09-18 03:00:00	1.1128	1.11285	1.11253	1.11273	3158
2024-09-18 03:30:00	1.11272	1.11278	1.11256	1.11262	3386
2024-09-18 04:00:00	1.11262	1.11263	1.11231	1.11236	3051
2024-09-18 04:30:00	1.11237	1.11243	1.11199	1112	2470
2024-09-18 05:00:00	1112	1.11213	1.11191	1.11191	2876
2024-09-18 05:30:00	1.11192	1.11215	1.11177	1.11205	2524
2024-09-18 06:00:00	1.11204	1.1126	1.11198	1.11207	7148
2024-09-18 06:30:00	1.11206	1.11233	1.11152	1.11186	6563
2024-09-18 07:00:00	1.11186	1.11276	1.11174	1.11237	6880
2024-09-18 07:30:00	1.1124	1.11311	1.11222	1.11311	8356
2024-09-18 08:00:00	1.11311	1.1133	1.11278	1.11313	9278
2024-09-18 08:30:00	1.11314	1.11332	1.1129	1.11294	5426
2024-09-18 09:00:00	1.11295	1.11366	1.11268	1.11333	4795
2024-09-18 09:30:00	1.1133	1.11398	1.11329	1.11381	5137
2024-09-18 10:00:00	1.1138	1.11387	1.11343	1.11377	5498
2024-09-18 10:30:00	1.11378	1.11379	1.11297	1.11299	3974
2024-09-18 11:00:00	1.11298	1.11301	1.11238	1.1126	3429
2024-09-18 11:30:00	1.11259	1.11263	1.11224	1.11244	4005
2024-09-18 12:00:00	1.11243	1.11285	1.11223	1.11232	6460
2024-09-18 12:30:00	1.11231	1.11238	1.11179	1.11222	8548
2024-09-18 13:00:00	1.11222	1.11398	1.11222	1.11392	6117
2024-09-18 13:30:00	1.11394	1.11395	1.11303	1.11352	7782
2024-09-18 14:00:00	1.11352	1.11361	1.11157	1.11158	10445
2024-09-18 14:30:00	1.11158	1.11182	1.11082	1.1118	9223
2024-09-18 15:00:00	1.11181	1.1122	1.11149	1.11206	5152
2024-09-18 15:30:00	1.11206	1.1121	1.11119	1.11158	6502
2024-09-18 16:00:00	1.11158	1.11261	1.11154	1.11257	3931
2024-09-18 16:30:00	1.11256	1.11259	1.11209	1.11242	5648
2024-09-18 17:00:00	1.11243	1.11263	1.11171	1.11207	4756
2024-09-18 17:30:00	1.11208	1.11304	1.11208	1.11247	5553
2024-09-18 18:00:00	1.11247	1.1179	1.11238	1.11715	34311
2024-09-18 18:30:00	1.11716	1.11891	1.11466	1.11492	45323
2024-09-18 19:00:00	1.11489	1.1149	1.11199	1.11319	26049
2024-09-18 19:30:00	1.11319	1.11325	1.10966	1.11056	20764
2024-09-18 20:00:00	1.11054	1.11186	1.11043	1.11181	3889
2024-09-18 20:30:00	1.11181	1.11201	1.1116	1.11184	6111
2024-09-18 21:00:00	1.11184	1.11184	1.11104	1.11154	628
2024-09-18 21:30:00	1.11158	1.11168	1.11151	1.11164	242
2024-09-18 22:00:00	1.1116	1.11231	1.11149	1.11224	2316
2024-09-18 22:30:00	1.11223	1.1124	1.11197	1.11218	1421
2024-09-18 23:00:00	1.11219	1.11219	1.1112	1.11129	2362
2024-09-18 23:30:00	1.11129	1.1115	1.11111	1.11139	2758
2024-09-19 00:00:00	1.1114	1.11166	1.11064	1.11078	6573
2024-09-19 00:30:00	1.11077	1.11085	1.10788	1.10815	11972
2024-09-19 01:00:00	1.10815	1.10856	1.10756	1.1076	6977
2024-09-19 01:30:00	1.10761	1.10844	1.10683	1.10832	6336
2024-09-19 02:00:00	1.10834	1.10996	1.10834	1.10996	5887
2024-09-19 02:30:00	1.10996	1.11035	1.10958	1.11019	7820
2024-09-19 03:00:00	1.11019	1.11121	1.10994	1.11119	4909
2024-09-19 03:30:00	1.11123	1.11191	1.1111	1.11185	4726
2024-09-19 04:00:00	1.11185	1112	1.11149	1.11152	4953
2024-09-19 04:30:00	1.11154	1.11212	1.1115	1.11201	4058
2024-09-19 05:00:00	1.11202	1.11297	1.11202	1.11286	4507
2024-09-19 05:30:00	1.11289	1.11311	1.11256	1.1131	5418
2024-09-19 06:00:00	1.11309	1.11349	1.11287	1.11314	9930
2024-09-19 06:30:00	1.11314	1.11451	1.11301	1.11451	8648
2024-09-19 07:00:00	1.11453	1.1153	1.11401	1.11444	16549
2024-09-19 07:30:00	1.11444	1.1153	1.11401	1.11458	15279
2024-09-19 08:00:00	1.11457	1.1158	1.11448	1.11574	8254
2024-09-19 08:30:00	1.11573	1.1169	1.1157	1.11626	8443
2024-09-19 09:00:00	1.11626	1.11759	1.11622	1.11705	8738
2024-09-19 09:30:00	1.11704	1.11787	1.11691	1.11776	8562
2024-09-19 10:00:00	1.11777	1.11787	1.11686	1.1173	9054
2024-09-19 10:30:00	1.1173	1.11753	1.11689	1.11702	7413
2024-09-19 11:00:00	1.11705	1.1176	1.11519	1.1159	12448
2024-09-19 11:30:00	1.11594	1.11636	1.11538	1.1158	7855
2024-09-19 12:00:00	1.11581	1.11582	1.1149	1.11531	10933
2024-09-19 12:30:00	1.1153	1.1153	1.11257	1.11258	21348
2024-09-19 13:00:00	1.11259	1.11405	1.11249	1.11305	15602
2024-09-19 13:30:00	1.11308	1.11335	1.11174	1.11213	17481
2024-09-19 14:00:00	1.11213	1.1133	1.11164	1.11275	19601
2024-09-19 14:30:00	1.11276	1.11313	1.11177	1.11292	14173
2024-09-19 15:00:00	1.11293	1.11437	1.11255	1.11437	10052
2024-09-19 15:30:00	1.11438	1.11487	1.11406	1.11468	14049
2024-09-19 16:00:00	1.11469	1.1157	1.11452	1.11542	10939
2024-09-19 16:30:00	1.11543	1.11583	1.11501	1.11554	11177
2024-09-19 17:00:00	1.11553	1.11583	1.11524	1.11539	7464
2024-09-19 17:30:00	1.11539	1.11613	1.11537	1.11605	3441
2024-09-19 18:00:00	1.11605	1.11672	1.11605	1.11671	5390
2024-09-19 18:30:00	1.11672	1.11678	1.1163	1.11654	7636
2024-09-19 19:00:00	1.11654	1.11666	1.11596	1.11601	7520
2024-09-19 19:30:00	1.11601	1.11635	1.11588	1.1162	8932
2024-09-19 20:00:00	1.1162	1.11642	1.11608	1.11613	2623
2024-09-19 20:30:00	1.11614	1.11637	1.11604	1.11611	2384
2024-09-19 21:00:00	1.11611	1.11623	1.11598	1.11613	430
2024-09-19 21:30:00	1.11616	1.11621	1.11611	1.11615	171
2024-09-19 22:00:00	1.11616	1.11627	1.11608	1.11616	752
2024-09-19 22:30:00	1.11615	1.11622	1.11603	1.11607	735
2024-09-19 23:00:00	1.11608	1.11609	1.11584	1.1159	1551
2024-09-19 23:30:00	1.11591	1.11602	1.11585	1.11593	1323
2024-09-20 00:00:00	1.11593	1.11613	1.11571	1.11611	3775
2024-09-20 00:30:00	1.11612	1.11615	1.11577	1.11603	4306
2024-09-20 01:00:00	1.11604	1.11632	1.11586	1.1161	4823
2024-09-20 01:30:00	1.11609	1.1164	1.11583	1.11591	4877
2024-09-20 02:00:00	1.11592	1.11614	1.11572	1.11595	4510
2024-09-20 02:30:00	1.11596	1.11632	1.11592	1.11614	4060
2024-09-20 03:00:00	1.11613	1.11682	1.11612	1.11666	4724
2024-09-20 03:30:00	1.11665	1.11692	1.11639	1.11656	3226
2024-09-20 04:00:00	1.11657	1.11679	1.11655	1.1167	2197
2024-09-20 04:30:00	1.11668	1.1167	1.11638	1.11649	2010
2024-09-20 05:00:00	1.1165	1.11656	1.1161	1.11616	3652
2024-09-20 05:30:00	1.11617	1.11664	1.11615	1.11637	4296
2024-09-20 06:00:00	1.1164	1.11735	1.1164	1.11723	6190
2024-09-20 06:30:00	1.11723	1.11785	1.1172	1.11764	7781
2024-09-20 07:00:00	1.11763	1.11818	1.11734	1.11764	9282
2024-09-20 07:30:00	1.11764	1.11771	1.11594	1.11627	9574
2024-09-20 08:00:00	1.11626	1.11653	1.11523	1.11589	8891
2024-09-20 08:30:00	1.11589	1.11691	1.11586	1.11643	7113
2024-09-20 09:00:00	1.11644	1.1166	1.1161	1.1164	5711
2024-09-20 09:30:00	1.1164	1.1165	1.1157	1.11607	6039
2024-09-20 10:00:00	1.1161	1.11626	1.11551	1.11587	6437
2024-09-20 10:30:00	1.11587	1.11605	1.11573	1.11592	4289
2024-09-20 11:00:00	1.11593	1.1161	1.1154	1.11587	7288
2024-09-20 11:30:00	1.11587	1.11622	1.11551	1.11615	7855
2024-09-20 12:00:00	1.11615	1.11722	1.11615	1.11712	6434
2024-09-20 12:30:00	1.11711	1.11768	1.11662	1.11744	8349
2024-09-20 13:00:00	1.11743	1.11762	1.11574	1.11585	9651
2024-09-20 13:30:00	1.11584	1.11625	1.11538	1.11547	11819
2024-09-20 14:00:00	1.11546	1.11546	1.11379	1.11443	13989
2024-09-20 14:30:00	1.11443	1.11545	1.11409	1.11437	7894
2024-09-20 15:00:00	1.11437	1.11458	1.1136	1.11373	7764
2024-09-20 15:30:00	1.11373	1.11594	1.11366	1.11588	21006
2024-09-20 16:00:00	1.11588	1.11734	1.11588	1.11716	15630
2024-09-20 16:30:00	1.11714	1.11757	1.1167	1.11738	10828
2024-09-20 17:00:00	1.11736	1.11742	1.11659	1.11662	6162
2024-09-20 17:30:00	1.11662	1.1167	1.11582	1.11593	7862
2024-09-20 18:00:00	1.11594	1.11604	1.11571	1.11585	7590
2024-09-20 18:30:00	1.11585	1.1166	1.11576	1.1165	5059
2024-09-20 19:00:00	1.1165	1.11654	1.11621	1.11648	4739
2024-09-20 19:30:00	1.11648	1.11659	1.11616	1.1162	5534
2024-09-20 20:00:00	1.11619	1.1162	1.11564	1.11574	3449
2024-09-20 20:30:00	1.11574	1.11638	1.11561	1.11626	3720
2024-09-22 21:00:00	1.1158	1.11647	1.1158	1.1161	135
2024-09-22 21:30:00	1.1161	1.11612	1.11597	1.11612	460
2024-09-22 22:00:00	1.11612	1.11645	1.11594	1.11641	1262
2024-09-22 22:30:00	1.1164	1.11645	1.11619	1.11621	1173
2024-09-22 23:00:00	1.11622	1.11636	1.11594	1.11633	1735
2024-09-22 23:30:00	1.11632	1.1164	1.11591	1.11591	1710
2024-09-23 00:00:00	1.11589	1.11607	1.1156	1.1158	2741
2024-09-23 00:30:00	1.11583	1.11597	1.11567	1.11589	1581
2024-09-23 01:00:00	1.11588	1.1161	1.11558	1.11577	1898
2024-09-23 01:30:00	1.11576	1.11615	1.11575	1.11589	3385
2024-09-23 02:00:00	1.11588	1.11601	1.11565	1.11592	1908
2024-09-23 02:30:00	1.11593	1.11636	1.11585	1.11622	2089
2024-09-23 03:00:00	1.11622	1.11648	1.11622	1.11642	1961
2024-09-23 03:30:00	1.11642	1.11642	1.1161	1.11615	2150
2024-09-23 04:00:00	1.11615	1.1164	1116	1.11639	3089
2024-09-23 04:30:00	1.1164	1.1165	1.11634	1.11635	1666
2024-09-23 05:00:00	1.11634	1.11649	1.11631	1.11643	2564
2024-09-23 05:30:00	1.11643	1.11672	1.11614	1.11631	2348
2024-09-23 06:00:00	1.11632	1.11642	1.11551	1.11584	7615
2024-09-23 06:30:00	1.11582	1.11599	1.11552	1.11588	5181
2024-09-23 07:00:00	1.11587	1.11595	1.11151	1.11259	15766
2024-09-23 07:30:00	1.11258	1.11258	1.10978	1.11013	15537
2024-09-23 08:00:00	1.11012	1.11017	1.10831	1.10926	9515
2024-09-23 08:30:00	1.10925	1.10989	1.10864	1.10924	7291
2024-09-23 09:00:00	1.10923	1.11123	1.10921	1.1108	5585
2024-09-23 09:30:00	1.11081	1.11099	1.11043	1.11058	5990
2024-09-23 10:00:00	1.11061	1.11129	1.11053	1.11089	5034
2024-09-23 10:30:00	1.1109	1.11193	1.11087	1.11129	10137
2024-09-23 11:00:00	1.11131	1.11235	1.11125	1.11201	6032
2024-09-23 11:30:00	1112	1.11258	1.11192	1.11196	8312
2024-09-23 12:00:00	1.11197	1.11228	1.11085	1.11119	8092
2024-09-23 12:30:00	1.11119	1.11238	1.11118	1.11223	6995
2024-09-23 13:00:00	1.11224	1.11347	1.11223	1.11327	10687
2024-09-23 13:30:00	1.11326	1.11396	1.11201	1.11292	17248
2024-09-23 14:00:00	1.11291	1.11352	1.11152	1.11349	14798
2024-09-23 14:30:00	1.11349	1.11433	1.11279	1.11323	12455
2024-09-23 15:00:00	1.11325	1.11367	1.11235	1.11339	11561
2024-09-23 15:30:00	1.11337	1.11371	1.11262	1.11302	8004
2024-09-23 16:00:00	1.11299	1.11299	1.11213	1.11263	11794
2024-09-23 16:30:00	1.11261	1.11267	1.11212	1.11251	5007
2024-09-23 17:00:00	1.11251	1.11257	1.1121	1.11252	4173
2024-09-23 17:30:00	1.11252	1.11284	1.11202	1.11206	3817
2024-09-23 18:00:00	1.11205	1.11234	1.11181	1.11224	2856
2024-09-23 18:30:00	1.11224	1.11238	1.11159	1.11167	3543
2024-09-23 19:00:00	1.11166	1.11172	1.1114	1.11151	4523
2024-09-23 19:30:00	1.1115	1.11176	1.11119	1.11145	3622
2024-09-23 20:00:00	1.11146	1.11148	1.11115	1.11125	1888
2024-09-23 20:30:00	1.11124	1.11127	1.11097	1.11109	1629
2024-09-23 21:00:00	1.11107	1.11144	1.11107	1.1114	475
2024-09-23 21:30:00	1.1114	1.11142	1.11111	1.11116	492
2024-09-23 22:00:00	1.11116	1.1114	1.1111	1.1112	854
2024-09-23 22:30:00	1.11119	1.11129	1.11108	1.11109	570
2024-09-23 23:00:00	1.11111	1.11115	1.11085	1.11085	1264
2024-09-23 23:30:00	1.11086	1.11116	1.11074	1.11109	708
2024-09-24 00:00:00	1.1111	1.11137	1.11073	1.11077	4709
2024-09-24 00:30:00	1.11078	1.11079	1.11043	1.11057	2985
2024-09-24 01:00:00	1.11056	1.11085	1.11043	1.11061	4983
2024-09-24 01:30:00	1.11062	1.1111	1.11057	1.11073	3583
2024-09-24 02:00:00	1.11074	1.11083	1.11035	1.11046	2530
2024-09-24 02:30:00	1.11045	1.11067	1.11033	1.11055	2260
2024-09-24 03:00:00	1.11055	1.11118	1.11055	1.11118	2758
2024-09-24 03:30:00	1.11119	1.11136	1111	1.11126	2558
2024-09-24 04:00:00	1.11125	1.11151	1.11093	1.11141	2957
2024-09-24 04:30:00	1.11142	1.11176	1.1114	1.11167	2719
2024-09-24 05:00:00	1.11167	1.11194	1.11139	1.11189	3813
2024-09-24 05:30:00	1.11189	1.11191	1.11142	1.11163	5876
2024-09-24 06:00:00	1.11162	1.11162	1.1105	1.11051	9256
2024-09-24 06:30:00	1.11051	1.11189	1.11042	1.1115	7204
2024-09-24 07:00:00	1.11149	1.11264	1.11125	1.11224	10326
2024-09-24 07:30:00	1.11223	1.11322	1.11203	1.11272	8013
2024-09-24 08:00:00	1.11271	1.11396	1.11263	1.11374	9375
2024-09-24 08:30:00	1.11375	1.11449	1.11372	1.11401	8289
2024-09-24 09:00:00	1.11401	1.11437	1.11382	1.11419	6066
2024-09-24 09:30:00	1.11418	1.11459	1.11315	1.11355	6504
2024-09-24 10:00:00	1.11356	1.11411	1.11337	1.11338	5024
2024-09-24 10:30:00	1.11338	1.11368	1.11269	1.1128	6261
2024-09-24 11:00:00	1.1128	1.11281	1.1123	1.1125	4854
2024-09-24 11:30:00	1.11251	1.11298	1.11221	1.1129	4550
2024-09-24 12:00:00	1.11289	1.11388	1.11289	1.11346	8237
2024-09-24 12:30:00	1.11345	1.11477	1.11334	1.11408	10937
2024-09-24 13:00:00	1.11408	1.11442	1.11368	1.11409	9444
2024-09-24 13:30:00	1.1141	1.11426	1.11324	1.11389	9487
2024-09-24 14:00:00	1.11389	1.11635	1.11387	1.11606	24074
2024-09-24 14:30:00	1.11605	1.11613	1.11456	1.11507	15744
2024-09-24 15:00:00	1.11506	1.11561	1.11478	1.11539	9067
2024-09-24 15:30:00	1.11541	1.11548	1.11467	1.11497	7861
2024-09-24 16:00:00	1.11497	1.11588	1.11493	1.11557	5687
2024-09-24 16:30:00	1.11557	1.1162	1.11524	1.11584	4214
2024-09-24 17:00:00	1.11583	1.11603	1.11556	1.1157	4112
2024-09-24 17:30:00	1.11568	1.11637	1.11546	1.11626	3278
2024-09-24 18:00:00	1.11628	1.11668	1.11598	1.11645	2790
2024-09-24 18:30:00	1.11646	1.11669	1.1163	1.11662	2494
2024-09-24 19:00:00	1.11663	1.11734	1.1165	1.11726	3768
2024-09-24 19:30:00	1.11724	1.11767	1.11721	1.11766	3265
2024-09-24 20:00:00	1.11766	1.11784	1.1175	1.11766	1723
2024-09-24 20:30:00	1.11766	1.11809	1.11766	1.11794	1709
2024-09-24 21:00:00	1.11791	1.11798	1.11756	1.11783	134
2024-09-24 21:30:00	1.11784	1.11791	1.11779	1.11783	191
2024-09-24 22:00:00	1.11782	1.11802	1.11782	1118	616
2024-09-24 22:30:00	1.11801	1.11888	1.11799	1.11886	1716
2024-09-24 23:00:00	1.11885	1.11887	1.11836	1.11837	2820
2024-09-24 23:30:00	1.11841	1.1191	1.11833	1.11909	1169
2024-09-25 00:00:00	1.11907	1.11928	1.11873	1.11876	3650
2024-09-25 00:30:00	1.11875	1.11939	1.11874	1.11931	2962
2024-09-25 01:00:00	1.11933	1.11937	1.11892	1.11908	6285
2024-09-25 01:30:00	1.11908	1.11929	1.11853	1.1188	5407
2024-09-25 02:00:00	1.1188	1.11922	1.11876	1.11921	2925
2024-09-25 02:30:00	1.11922	1.11961	1.11908	1.11947	3310
2024-09-25 03:00:00	1.11948	1.1198	1.11917	1.11979	3080
2024-09-25 03:30:00	1.11978	1.11987	1.11953	1.1198	2342
2024-09-25 04:00:00	1.1198	1.11987	1.11955	1.11983	2083
2024-09-25 04:30:00	1.11982	1.11982	1.11936	1.11956	2440
2024-09-25 05:00:00	1.11955	1.1196	1.11927	1.11932	1965
2024-09-25 05:30:00	1.1193	1.11959	1.11922	1.11956	2015
2024-09-25 06:00:00	1.11955	1.11956	1.11869	1.11926	4037
2024-09-25 06:30:00	1.11926	1.11944	1.11894	1.11905	5090
2024-09-25 07:00:00	1.11906	1.11964	1.11858	1.11887	5451
2024-09-25 07:30:00	1.11888	1.11959	1.11872	1.11917	4759
2024-09-25 08:00:00	1.11917	1.11954	1.11842	1.11847	5505
2024-09-25 08:30:00	1.11847	1.11915	1.11821	1.11848	7387
2024-09-25 09:00:00	1.11848	1.11877	1.11784	1.11786	4791
2024-09-25 09:30:00	1.11787	1.11842	1.11782	1.11832	3623
2024-09-25 10:00:00	1.11832	1.11889	1.11813	1.11856	3878
2024-09-25 10:30:00	1.11856	1.11885	1.11809	1.11871	4487
2024-09-25 11:00:00	1.11872	1.11924	1.11831	1.11841	4683
2024-09-25 11:30:00	1.1184	1.11974	1.11838	1.11959	5180
2024-09-25 12:00:00	1.11959	1.11969	1.11917	1.11956	6268
2024-09-25 12:30:00	1.11955	1.12078	1.11918	1.11976	13002
2024-09-25 13:00:00	1.11976	1.1214	1.11968	1.12049	13900
2024-09-25 13:30:00	1.1205	1.12076	1.11952	1.11952	14110
2024-09-25 14:00:00	1.11952	1.11954	1.11789	1.11813	13924
2024-09-25 14:30:00	1.11813	1.11863	1.11652	1.11726	11017
2024-09-25 15:00:00	1.11727	1.11752	1.11538	1.11572	9982
2024-09-25 15:30:00	1.11572	1.11585	1.11418	1.11432	10030
2024-09-25 16:00:00	1.1143	1.11476	1.11379	1.11404	6610
2024-09-25 16:30:00	1.11405	1.1142	1.11329	1.11344	4153
2024-09-25 17:00:00	1.11344	1.11344	1.11215	1.11333	5345
2024-09-25 17:30:00	1.11333	1.11378	1.1131	1.11369	3403
2024-09-25 18:00:00	1.11368	1.11383	1.11326	1.11367	4123
2024-09-25 18:30:00	1.11368	1.11387	1.11331	1.11342	3457
2024-09-25 19:00:00	1.11342	1.11358	1113	1.11301	5104
2024-09-25 19:30:00	1.11301	1.11311	1.11254	1.11259	4430
2024-09-25 20:00:00	1.1126	1.11289	1.11249	1.11271	2006
2024-09-25 20:30:00	1.1127	1.11327	1.1126	1.11325	2233
2024-09-25 21:00:00	1.11322	1.11322	1.1129	1.11304	732
2024-09-25 21:30:00	1.11305	1.11334	1.11304	1.1133	536
2024-09-25 22:00:00	1.11329	1.11329	1.11303	1.11317	1106
2024-09-25 22:30:00	1.11317	1.1133	1.11313	1.11316	515
2024-09-25 23:00:00	1.11316	1.11322	1.11302	1.11308	1799
2024-09-25 23:30:00	1.11307	1.1132	1.11295	1.11296	1677
2024-09-26 00:00:00	1.11297	1.11364	1.1129	1.11363	3136
2024-09-26 00:30:00	1.11364	1.11368	1.1134	1.11365	3639
2024-09-26 01:00:00	1.11367	1.11371	1.11316	1.1133	2844
2024-09-26 01:30:00	1.1133	1.11411	1.11317	1.11394	3931
2024-09-26 02:00:00	1.11395	1.11412	1.11371	1.11411	2387
2024-09-26 02:30:00	1.11412	1.11419	1.11385	1.1141	2016
2024-09-26 03:00:00	1.1141	1.11451	1.11408	1.11425	1742
2024-09-26 03:30:00	1.11425	1.11429	1.11378	1.11405	2982
2024-09-26 04:00:00	1.11404	1.11422	1.11377	1.11405	2858
2024-09-26 04:30:00	1.11406	1.11435	1.11405	1.11416	2160
2024-09-26 05:00:00	1.11416	1.11473	1.11405	1.1147	3472
2024-09-26 05:30:00	1.11471	1.11519	1.11461	1.11497	2734
2024-09-26 06:00:00	1.11498	1.11528	1.1147	1.11522	4667
2024-09-26 06:30:00	1.11522	1.11566	1.11504	1.11534	4946
2024-09-26 07:00:00	1.11534	1.11579	1.11468	1.11484	6763
2024-09-26 07:30:00	1.11485	1.1154	1.11336	1.11348	12480
2024-09-26 08:00:00	1.11347	1.11381	1.11257	1.11355	9879
2024-09-26 08:30:00	1.11354	1.11435	1.11339	1.11413	6970
2024-09-26 09:00:00	1.11414	1.11517	1.11414	1.11485	5516
2024-09-26 09:30:00	1.11485	1.11523	1.11428	1.11436	4459
2024-09-26 10:00:00	1.11436	1.11487	1.11397	1.11466	5851
2024-09-26 10:30:00	1.11465	1.1155	1.11442	1.11538	7896
2024-09-26 11:00:00	1.11539	1.11598	1.1148	1.1152	7536
2024-09-26 11:30:00	1.11521	1.11614	1115	1.1154	7287
2024-09-26 12:00:00	1.11541	1.11654	1.11525	1.11604	10292
2024-09-26 12:30:00	1.11607	1.11622	1.11374	1.1151	13423
2024-09-26 13:00:00	1.11511	1.11559	1.11367	1.11554	9720
2024-09-26 13:30:00	1.11556	1.11597	1.11347	1.11398	11756
2024-09-26 14:00:00	1.11398	1.11528	1.11257	1.11416	10857
2024-09-26 14:30:00	1.11416	1.11747	1.11403	1.11648	11108
2024-09-26 15:00:00	1.11647	1.11789	1.11642	1.1175	8396
2024-09-26 15:30:00	1.11751	1.11893	1.11747	1.11828	5328
2024-09-26 16:00:00	1.11827	1.11828	1.11675	1.11727	5573
2024-09-26 16:30:00	1.11726	1.11731	1.11662	1.11692	3689
2024-09-26 17:00:00	1.11691	1.11777	1.11683	1.11757	3655
2024-09-26 17:30:00	1.1176	1118	1.11735	1.11795	2293
2024-09-26 18:00:00	1.11797	1.11823	1.11772	1.11772	2676
2024-09-26 18:30:00	1.11771	1.11805	1.11734	1.11795	2620
2024-09-26 19:00:00	1.11796	1.11841	1.1179	1.1181	3013
2024-09-26 19:30:00	1.11809	1.11811	1.11761	1.11778	3289
2024-09-26 20:00:00	1.11778	1.11787	1.11744	1.11748	2043
2024-09-26 20:30:00	1.11748	1.11772	1.11744	1.11764	2897
2024-09-26 21:00:00	1.11763	1.11773	1.11739	1.1175	442
2024-09-26 21:30:00	1.11749	1.1178	1.1174	1.11747	957
2024-09-26 22:00:00	1.11751	1.11769	1.11748	1.11764	3360
2024-09-26 22:30:00	1.11765	1.11767	1.1176	1.1176	1001
2024-09-26 23:00:00	1.11761	1.11765	1.11736	1.11738	1472
2024-09-26 23:30:00	1.11738	1.11772	1.11737	1.11769	1745
2024-09-27 00:00:00	1.1177	1.11776	1.11701	1.11713	4042
2024-09-27 00:30:00	1.11713	1.11739	1.1168	1.11691	3383
2024-09-27 01:00:00	1.11691	1.11719	1.1168	1.11697	5539
2024-09-27 01:30:00	1.11696	1.11701	1.11624	1.11642	9278
2024-09-27 02:00:00	1.11641	1.1169	1.11624	1.11657	3839
2024-09-27 02:30:00	1.11656	1.11696	1.11654	1.11689	3215
2024-09-27 03:00:00	1.1169	1.11722	1.1169	1.11719	2786
2024-09-27 03:30:00	1.1172	1.11731	1.11687	1.1169	2671
2024-09-27 04:00:00	1.11689	1.11695	1.11637	1.11646	4976
2024-09-27 04:30:00	1.11646	1.11668	1.11638	1.11647	2502
2024-09-27 05:00:00	1.11647	1.11683	1.1159	1.11594	8233
2024-09-27 05:30:00	1.11594	1.11648	1.11584	1.11639	5225
2024-09-27 06:00:00	1.11638	1.11744	1.11606	1.11711	11812
2024-09-27 06:30:00	1.11712	1.1176	1.11402	1.11509	19717
2024-09-27 07:00:00	1.11506	1.11506	1.11248	1.11307	16795
2024-09-27 07:30:00	1.11307	1.1138	1.11259	1.1133	11247
2024-09-27 08:00:00	1.11328	1.11404	1.11263	1.11369	8891
2024-09-27 08:30:00	1.11368	1.11451	1.1134	1.11444	7842
2024-09-27 09:00:00	1.11446	1.11503	1.11371	1.11497	7898
2024-09-27 09:30:00	1.11495	1.11598	1.11471	1.11594	6660
2024-09-27 10:00:00	1.11595	1.11636	1.11556	1.11631	6719
2024-09-27 10:30:00	1.11632	1.11709	1.11609	1.11633	6930
2024-09-27 11:00:00	1.11632	1.11667	1.11589	1.11607	7360
2024-09-27 11:30:00	1.11608	1.11676	1.11598	1.11624	8560
2024-09-27 12:00:00	1.11625	1.11637	1.11541	1.11553	10300
2024-09-27 12:30:00	1.11561	1.12016	1.11545	1.11997	20448
2024-09-27 13:00:00	1.11997	1.1203	1.11851	1.11878	23281
2024-09-27 13:30:00	1.11879	1.1194	1.11795	1.11847	12316
2024-09-27 14:00:00	1.11849	1.1186	1.11734	1.11811	12241
2024-09-27 14:30:00	1.1181	1.1192	1.11692	1.11784	15247
2024-09-27 15:00:00	1.11785	1.11785	1.11634	1.11657	10359
2024-09-27 15:30:00	1.11657	1.11688	1.1154	1.11584	8075
2024-09-27 16:00:00	1.11585	1116	1.11502	1.11547	7990
2024-09-27 16:30:00	1.11548	1.11571	1.11463	1.11515	5764
2024-09-27 17:00:00	1.11515	1.11616	1.11503	1.11595	4894
2024-09-27 17:30:00	1.11594	1.11658	1.11552	1.11635	6189
2024-09-27 18:00:00	1.11636	1.11652	1.11607	1.11616	5104
2024-09-27 18:30:00	1.11617	1.11677	1.11596	1.11677	3877
2024-09-27 19:00:00	1.11676	1.11678	1.11626	1.11668	4142
2024-09-27 19:30:00	1.11669	1.11676	1.11636	1.1164	2739
2024-09-27 20:00:00	1.11639	1.11677	1.11623	1.11672	1413
2024-09-27 20:30:00	1.11671	1.11671	1.11589	1.11619	3811
2024-09-29 21:00:00	1.11582	1.11603	1.11526	1.11588	197
2024-09-29 21:30:00	1.11588	1.11615	1.11587	1.11594	340
2024-09-29 22:00:00	1.11594	1.1171	1.1159	1.11707	1814
2024-09-29 22:30:00	1.11707	1.11723	1.11696	1.11707	1739
2024-09-29 23:00:00	1.11707	1.11715	1.11688	1117	2056
2024-09-29 23:30:00	1.11701	1.11702	1.11675	1.11689	2500
2024-09-30 00:00:00	1.11688	1.11739	1.11684	1.11706	3763
2024-09-30 00:30:00	1.11706	1.11736	1.11688	1.11707	4339
2024-09-30 01:00:00	1.11709	1.11725	1.11656	1.11691	4110
2024-09-30 01:30:00	1.11692	1.11702	1.11605	1.11605	5695
2024-09-30 02:00:00	1.11604	1.11622	1.11564	1.11572	3956
2024-09-30 02:30:00	1.11572	1.11608	1.11565	1.11603	2097
2024-09-30 03:00:00	1.11604	1.11616	1.1158	1.1161	2014
2024-09-30 03:30:00	1.11609	1.11611	1.11562	1.11581	2786
2024-09-30 04:00:00	1.11582	1.11615	1.11582	1.11607	2084
2024-09-30 04:30:00	1.11607	1.1162	1.11586	1.11615	2609
2024-09-30 05:00:00	1.11616	1.11685	1.11614	1.11662	3708
2024-09-30 05:30:00	1.11661	1.11692	1.11655	1.11665	4154
2024-09-30 06:00:00	1.11665	1.11685	1.1156	1.11632	6608
2024-09-30 06:30:00	1.1163	1.11688	1.11624	1.11681	4925
2024-09-30 07:00:00	1.1168	1.11697	1.11608	1.11639	6957
2024-09-30 07:30:00	1.11637	1.11754	1.11593	1.11722	7518
2024-09-30 08:00:00	1.11721	1.11907	1.11721	1.11895	11336
2024-09-30 08:30:00	1.11896	1.12089	1.11896	1.12056	9550
2024-09-30 09:00:00	1.12056	1.12057	1.11907	1.1194	11941
2024-09-30 09:30:00	1.11939	1.11965	1.11884	1.11893	6562
2024-09-30 10:00:00	1.11893	1.11898	1.11845	1.11869	4051
2024-09-30 10:30:00	1.11868	1.1191	1.11832	1.11899	7097
2024-09-30 11:00:00	1119	1.11948	1.11889	1.11931	6522
2024-09-30 11:30:00	1.11931	1.12029	1.11931	1.11975	6566
2024-09-30 12:00:00	1.11976	1.12012	1.11891	1.11919	6146
2024-09-30 12:30:00	1.11919	1.11924	1.11863	1.11897	6381
2024-09-30 13:00:00	1.11898	1.11912	1.11666	1.11743	10902
2024-09-30 13:30:00	1.11745	1.11781	1.11682	1.11686	10293
2024-09-30 14:00:00	1.11684	1.11686	1.11409	1.11451	11514
2024-09-30 14:30:00	1.11453	1.11653	1.11448	1.11583	14430
2024-09-30 15:00:00	1.11582	1.11642	1.11478	1.11493	12187
2024-09-30 15:30:00	1.11493	1.11494	1.1135	1.11441	8676
2024-09-30 16:00:00	1.11442	1.11485	1.11399	1.11416	8333
2024-09-30 16:30:00	1.11414	1.11498	1.11399	1.11484	4721
2024-09-30 17:00:00	1.11484	1.11581	1.11481	1.11556	4079
2024-09-30 17:30:00	1.11556	1.11629	1.11524	1.1153	6466
2024-09-30 18:00:00	1.11528	1.11547	1.11136	1.1121	18295
2024-09-30 18:30:00	1.1121	1.11358	1.11201	1.11322	13114
2024-09-30 19:00:00	1.11322	1.11329	1.11215	1.11269	9530
2024-09-30 19:30:00	1.11268	1.11361	1.11248	1.11326	5974
2024-09-30 20:00:00	1.11326	1.11365	1.11302	1.11356	2497
2024-09-30 20:30:00	1.11355	1.11361	1.1133	1.11345	1684
2024-09-30 21:00:00	1.11344	1.1135	1.11289	1.11332	650
2024-09-30 21:30:00	1.11332	1.11356	1.11332	1.11351	440
2024-09-30 22:00:00	1.1135	1.11397	1.11342	1.11392	587
2024-09-30 22:30:00	1.11393	1.11419	1.1139	1.11415	243
2024-09-30 23:00:00	1.11417	1.11426	1.11383	1.11389	1051
2024-09-30 23:30:00	1.11388	1.11392	1.11355	1.11365	1636
2024-10-01 00:00:00	1.11365	1.11372	1.11334	1.11344	2730
2024-10-01 00:30:00	1.11344	1.11347	1.11271	1.11322	2272
2024-10-01 01:00:00	1.11322	1.11381	1.11313	1.11372	2122
2024-10-01 01:30:00	1.11374	1.11433	1.11374	1.1143	1999
2024-10-01 02:00:00	1.11431	1.11433	1.11378	1.11393	1207
2024-10-01 02:30:00	1.11391	1.11408	1.11359	1.11388	1152
2024-10-01 03:00:00	1.11389	1.11399	1.1136	1.1137	1196
2024-10-01 03:30:00	1.1137	1.11399	1.11354	1.11377	1303
2024-10-01 04:00:00	1.11377	1.11383	1.11346	1.11372	1331
2024-10-01 04:30:00	1.11372	1.11413	1.11371	1.11405	1055
2024-10-01 05:00:00	1.11407	1.11421	1.11379	1.11417	1758
2024-10-01 05:30:00	1.11418	1.11439	1.11362	1.11375	2085
2024-10-01 06:00:00	1.11374	1.1141	1.11309	1.1138	3150
2024-10-01 06:30:00	1.1138	1.11407	1.11319	1.11345	3549
2024-10-01 07:00:00	1.11345	1.11369	1.11116	1112	9219
2024-10-01 07:30:00	1112	1.11234	1.11128	1.1115	6039
2024-10-01 08:00:00	1.11153	1.11179	1.11005	1.11114	5962
2024-10-01 08:30:00	1.11114	1.11201	1.10981	1.11026	5329
2024-10-01 09:00:00	1.11026	1.11145	1.11026	1.11054	5611
2024-10-01 09:30:00	1.11053	1.11072	1.1092	1.1095	3892
2024-10-01 10:00:00	1.10949	1.10976	1.10872	1.10877	6873
2024-10-01 10:30:00	1.10878	1.1089	1.10839	1.10869	6800
2024-10-01 11:00:00	1.1087	1.10998	1.1086	1.10862	8872
2024-10-01 11:30:00	1.10861	1.10873	1.10785	1.10845	12986
2024-10-01 12:00:00	1.10845	1.10886	1.1075	1.10793	16968
2024-10-01 12:30:00	1.10793	1.10805	1.10702	1.10711	11631
2024-10-01 13:00:00	1.1071	1.10825	1.10708	1.10769	7556
2024-10-01 13:30:00	1.10769	1.1083	1.10584	1.10708	23551
2024-10-01 14:00:00	1.10708	1.10868	1.10565	1.10753	24959
2024-10-01 14:30:00	1.10755	1.10818	1.10716	1.10764	13756
2024-10-01 15:00:00	1.10765	1.10778	1.10627	1.10664	12083
2024-10-01 15:30:00	1.10665	1.10697	1.10598	1.10662	8332
2024-10-01 16:00:00	1.10662	1.10715	1.10598	1.10598	6533
2024-10-01 16:30:00	1.10596	1.10611	1.10482	1.10543	9050
2024-10-01 17:00:00	1.10543	1.1057	1.10458	1.10524	9483
2024-10-01 17:30:00	1.10523	1.1065	1.10523	1.10621	10992
2024-10-01 18:00:00	1.10624	1.10682	1.10624	1.10666	5812
2024-10-01 18:30:00	1.10666	1.10721	1.10663	1.10715	4706
2024-10-01 19:00:00	1.10716	1.10764	1.10693	1.10763	5369
2024-10-01 19:30:00	1.10761	1.10773	1.10662	1.10675	4863
2024-10-01 20:00:00	1.10677	1.10727	1.10663	1.10678	2067
2024-10-01 20:30:00	1.10676	1107	1.10656	1.10675	3119
2024-10-01 21:00:00	1.10668	1.10708	1.10667	1.10676	518
2024-10-01 21:30:00	1.10677	1.10692	1.10676	1.10684	405
2024-10-01 22:00:00	1.10683	1.10701	1.10669	1.10692	794
2024-10-01 22:30:00	1.10693	1.10706	1.10671	1.10672	815
2024-10-01 23:00:00	1.10671	1.10672	1.10654	1.10663	1055
2024-10-01 23:30:00	1.10661	1.10662	1.10634	1.10644	2166
2024-10-02 00:00:00	1.10645	1.10711	1.10645	1.10711	3739
2024-10-02 00:30:00	1.10713	1.10719	1.10633	1.10655	2978
2024-10-02 01:00:00	1.10656	1.10715	1.10656	1.10713	3478
2024-10-02 01:30:00	1.10715	1.10739	1.10706	1.10721	2998
2024-10-02 02:00:00	1.10721	1.1073	1.10691	1.10703	3128
2024-10-02 02:30:00	1.10703	1.10703	1.10634	1.10664	3396
2024-10-02 03:00:00	1.10664	1.10711	1.10639	1.10706	3937
2024-10-02 03:30:00	1.10705	1.1071	1.10684	1.10706	3692
2024-10-02 04:00:00	1.10706	1.10737	1.10699	1.10702	2788
2024-10-02 04:30:00	1.10701	1.10705	1.10603	1.10629	5219
2024-10-02 05:00:00	1.10629	1.10635	1.10552	1.10569	5871
2024-10-02 05:30:00	1.10568	1.1063	1.10541	1.10622	6663
2024-10-02 06:00:00	1.1062	1.1068	1.10599	1.10677	5154
2024-10-02 06:30:00	1.10676	1.10701	1.10633	1.10664	7621
2024-10-02 07:00:00	1.10667	1.10727	1.10633	1.10677	10339
2024-10-02 07:30:00	1.10677	1.10718	1.10632	1.10665	8703
2024-10-02 08:00:00	1.10664	1.10797	1.1064	1.10787	8058
2024-10-02 08:30:00	1.10787	1.10828	1.10716	1.10722	6619
2024-10-02 09:00:00	1.10723	1.10723	1.10637	1.10652	5360
2024-10-02 09:30:00	1.10653	1.10713	1.10612	1.10713	5258
2024-10-02 10:00:00	1.10713	1.10765	1.10685	1.1072	4990
2024-10-02 10:30:00	1.10723	1.10734	1.10664	1.10666	7645
2024-10-02 11:00:00	1.10668	1.10751	1.10646	1.10716	6561
2024-10-02 11:30:00	1.10718	1.10767	1.10699	1.10756	7028
2024-10-02 12:00:00	1.10755	1.10773	1.10602	1.10607	11521
2024-10-02 12:30:00	1.10605	1.10621	1.1051	1.10535	9421
2024-10-02 13:00:00	1.10537	1.10656	1.10508	1.10545	10582
2024-10-02 13:30:00	1.10545	1.10582	1.1047	1.10512	12424
2024-10-02 14:00:00	1.10511	1.10563	1.10421	1.10428	11095
2024-10-02 14:30:00	1.10426	1.10448	1.10353	1.10361	11663
2024-10-02 15:00:00	1.10361	1.10446	1.10325	1.10419	8778
2024-10-02 15:30:00	1.10422	1.10504	1.10399	1.10494	5107
2024-10-02 16:00:00	1.10495	1.10548	1.10481	1.10483	6314
2024-10-02 16:30:00	1.10482	1.10501	1.10436	1.10466	5282
2024-10-02 17:00:00	1.10466	1.10499	1.1045	1.10466	5829
2024-10-02 17:30:00	1.10465	1.10493	1.10445	1.1047	3792
2024-10-02 18:00:00	1.10469	1.10484	1.10387	1.10396	4930
2024-10-02 18:30:00	1.10396	1.10404	1.10376	1.10382	3518
2024-10-02 19:00:00	1.10382	1.10411	1.10367	1.10408	1391
2024-10-02 19:30:00	1.10408	1.10533	1.10399	1.10488	2465
2024-10-02 20:00:00	1.10488	1.10524	1.10481	1.10482	2196
2024-10-02 20:30:00	1.10482	1.10492	1.1044	1.1044	4771
2024-10-02 21:00:00	1.1044	1.10478	1.1043	1.10467	874
2024-10-02 21:30:00	1.1047	1.10482	1.1045	1.10478	593
2024-10-02 22:00:00	1.10471	1.1049	1.10468	1.10474	1085
2024-10-02 22:30:00	1.10474	1.10474	1.10457	1.10461	1299
2024-10-02 23:00:00	1.10462	1.10465	1.10436	1.10465	2347
2024-10-02 23:30:00	1.10465	1.10477	1.10457	1.10458	1153
2024-10-03 00:00:00	1.10459	1.10465	1.10379	1.10382	4609
2024-10-03 00:30:00	1.10381	1.10421	1.10372	1.10391	4839
2024-10-03 01:00:00	1.1039	1.10397	1.10351	1.10396	4238
2024-10-03 01:30:00	1.10399	1.10406	1.10355	1.10392	5411
2024-10-03 02:00:00	1.10393	1.10394	1.10352	1.10372	3164
2024-10-03 02:30:00	1.10373	1.10387	1.10358	1.10359	3169
2024-10-03 03:00:00	1.10359	1.10367	1.10333	1.10335	2877
2024-10-03 03:30:00	1.10334	1.10363	1.1032	1.10357	2678
2024-10-03 04:00:00	1.10356	1.10356	1.10322	1.10347	4397
2024-10-03 04:30:00	1.10345	1.10347	1.10323	1.10328	2060
2024-10-03 05:00:00	1.10329	1.10348	1.10248	1.10262	7202
2024-10-03 05:30:00	1.10263	1.10292	1.1025	1.10285	4458
2024-10-03 06:00:00	1.10285	1.10325	1.10264	1.10297	4443
2024-10-03 06:30:00	1.10297	1.10421	1.10277	1.10378	8929
2024-10-03 07:00:00	1.10377	1.10398	1.10325	1.10359	12045
2024-10-03 07:30:00	1.10358	1.10373	1.10275	1.1033	9720
2024-10-03 08:00:00	1.1033	1.10458	1.10293	1.10414	8125
2024-10-03 08:30:00	1.10413	1.10461	1.10358	1.10375	7113
2024-10-03 09:00:00	1.10375	1.10455	1.10353	1.10419	7468
2024-10-03 09:30:00	1.10419	1.10465	1.10346	1.10358	6697
2024-10-03 10:00:00	1.10357	1.10396	1.10352	1.10368	6140
2024-10-03 10:30:00	1.10368	1.10438	1.10342	1.10427	5325
2024-10-03 11:00:00	1.10428	1.1045	1.10381	1.10414	6088
2024-10-03 11:30:00	1.10414	1.10461	1.10404	1.10428	7239
2024-10-03 12:00:00	1.10427	1.1046	1.10356	1.10374	7394
2024-10-03 12:30:00	1.10372	1.10468	1.10281	1.10321	20686
2024-10-03 13:00:00	1.10321	1.10408	1.10284	1.10406	13336
2024-10-03 13:30:00	1.10405	1.10437	1.10346	1.10369	12360
2024-10-03 14:00:00	1.1037	1.10387	1.10173	1.10284	34283
2024-10-03 14:30:00	1.10284	1.10284	1.10082	1.1017	23266
2024-10-03 15:00:00	1.10169	1.10196	1.10122	1.10125	18025
2024-10-03 15:30:00	1.10125	1.1024	1.1012	1.10145	9255
2024-10-03 16:00:00	1.10147	1.10252	1.10141	1.10248	5093
2024-10-03 16:30:00	1.10247	1.10338	1.1022	1.10302	6084
2024-10-03 17:00:00	1.10303	1.10359	1.10301	1.10319	5897
2024-10-03 17:30:00	1.10319	1.10361	1.10315	1.10328	3884
2024-10-03 18:00:00	1.10329	1.10347	1.10296	1.1033	4727
2024-10-03 18:30:00	1.10331	1.10331	1.10257	1.1026	6373
2024-10-03 19:00:00	1.10261	1.10318	1.10249	1.10309	3960
2024-10-03 19:30:00	1.10309	1.10312	1.10282	1.10284	3083
2024-10-03 20:00:00	1.10284	1.10296	1.1026	1.1029	1487
2024-10-03 20:30:00	1.10291	1.10306	1.10275	1.10293	2836
2024-10-03 21:00:00	1.10292	1.1033	1.10283	1.1031	724
2024-10-03 21:30:00	1.1031	1.1033	1.1031	1.10321	994
2024-10-03 22:00:00	1.10321	1.10339	1103	1.10336	960
2024-10-03 22:30:00	1.10337	1.1035	1.10335	1.10342	1137
2024-10-03 23:00:00	1.10342	1.10352	1.10332	1.10349	1088
2024-10-03 23:30:00	1.10349	1.1037	1.10345	1.10351	1467
2024-10-04 00:00:00	1.1035	1.10395	1.10342	1.1038	2671
2024-10-04 00:30:00	1.1038	1.10383	1.10331	1.10346	3338
2024-10-04 01:00:00	1.10346	1.10359	1.10314	1.10315	4862
2024-10-04 01:30:00	1.10316	1.10342	1.10286	1.10298	5508
2024-10-04 02:00:00	1.10299	1.10344	1.10279	1.10329	4287
2024-10-04 02:30:00	1.10329	1.1034	1.10299	1.10305	2872
2024-10-04 03:00:00	1.10307	1.10315	1.10258	1.10262	3203
2024-10-04 03:30:00	1.10265	1.1029	1.10255	1.1027	2780
2024-10-04 04:00:00	1.1027	1.10293	1.10254	1.10287	2697
2024-10-04 04:30:00	1.10287	1.10299	1.10251	1.10276	2703
2024-10-04 05:00:00	1.10277	1103	1.10265	1.10298	2876
2024-10-04 05:30:00	1.10299	1.10352	1.10285	1.10333	2872
2024-10-04 06:00:00	1.10333	1.10333	1.10271	1.10308	4452
2024-10-04 06:30:00	1.10308	1.10347	1.10302	1.1032	5090
2024-10-04 07:00:00	1.10319	1.10355	1.10285	1.10325	9188
2024-10-04 07:30:00	1.10327	1.10346	1.10254	1.10278	14662
2024-10-04 08:00:00	1.10278	1103	1.10233	1.10243	6407
2024-10-04 08:30:00	1.10249	1.10296	1.10212	1.10254	6448
2024-10-04 09:00:00	1.10253	1.10266	1.10201	1.10256	5837
2024-10-04 09:30:00	1.10257	1.10282	1.10229	1.1027	5591
2024-10-04 10:00:00	1.10272	1.10297	1.10261	1.10288	4440
2024-10-04 10:30:00	1.10289	1.10335	1.10271	1.10275	4801
2024-10-04 11:00:00	1.10275	1.10333	1.1027	1.10317	6377
2024-10-04 11:30:00	1.10316	1.10367	1.10296	1.10324	6113
2024-10-04 12:00:00	1.10321	1.1033	1.10259	1103	9417
2024-10-04 12:30:00	1103	1.10304	1.0959	1.09608	27376
2024-10-04 13:00:00	1.09608	1.09775	1.09588	1.09643	20520
2024-10-04 13:30:00	1.09643	1.0979	1.09618	1.09732	13464
2024-10-04 14:00:00	1.09733	1.09817	1.09701	1.09711	11946
2024-10-04 14:30:00	1.09711	1.09794	1.0967	1.09694	11269
2024-10-04 15:00:00	1.09694	1.0974	1.09572	1.09575	8672
2024-10-04 15:30:00	1.09576	1.09662	1.09548	1.09606	8781
2024-10-04 16:00:00	1.09606	1.09608	1.09522	1.09536	7405
2024-10-04 16:30:00	1.09537	1.09618	1.09512	1.09596	4628
2024-10-04 17:00:00	1.09596	1.09679	1.09577	1.09638	3113
2024-10-04 17:30:00	1.09637	1.09693	1.09627	1.09679	3207
2024-10-04 18:00:00	1.09681	1.09692	1.09652	1.09683	2858
2024-10-04 18:30:00	1.09682	1.0974	1.09667	1.09726	3078
2024-10-04 19:00:00	1.09725	1.09743	1.09707	1.09738	2482
2024-10-04 19:30:00	1.09736	1.09777	1.09736	1.09763	3984
2024-10-04 20:00:00	1.09764	1.09777	1.09755	1.09765	5749
2024-10-04 20:30:00	1.09765	1.09765	1.09725	1.09739	5995
2024-10-06 21:00:00	1.0962	1.09681	1.0962	1.09653	136
2024-10-06 21:30:00	1.09653	1.09716	1.09628	1.09693	441
2024-10-06 22:00:00	1.09693	1.09717	1.09632	1.09703	4059
2024-10-06 22:30:00	1.09703	1.09706	1.09671	1.09693	1719
2024-10-06 23:00:00	1.09694	1.09709	1.09682	1.09692	3828
2024-10-06 23:30:00	1.09693	1.09717	1.09679	1.09705	2299
2024-10-07 00:00:00	1.09705	1.09754	1.09693	1.09748	3792
2024-10-07 00:30:00	1.0975	1.09753	1.09681	1.09698	4911
2024-10-07 01:00:00	1.09699	1.09753	1.09695	1.0972	5563
2024-10-07 01:30:00	1.09719	1.09775	1.09716	1.09733	6473
2024-10-07 02:00:00	1.09734	1.09773	1.09729	1.09755	4354
2024-10-07 02:30:00	1.09757	1.09774	1.09712	1.09713	4114
2024-10-07 03:00:00	1.09713	1.09732	1.09696	1.09713	3974
2024-10-07 03:30:00	1.09714	1.09728	1.09706	1.09719	3515
2024-10-07 04:00:00	1.0972	1.09735	1.09714	1.09723	2732
2024-10-07 04:30:00	1.09723	1.09732	1.09683	1.09684	1741
2024-10-07 05:00:00	1.09683	1.09689	1.09643	1.09644	3269
2024-10-07 05:30:00	1.09644	1.09701	1.09644	1.09692	3032
2024-10-07 06:00:00	1.09688	1.09712	1.09634	1.09665	5838
2024-10-07 06:30:00	1.09664	1.09723	1.0966	1.09712	6829
2024-10-07 07:00:00	1.09712	1.09725	1.09581	1.0963	10616
2024-10-07 07:30:00	1.0963	1.09706	1.09613	1.09693	9529
2024-10-07 08:00:00	1.09695	1.09788	1.09654	1.09745	6747
2024-10-07 08:30:00	1.09744	1.09785	1.09684	1.09699	7374
2024-10-07 09:00:00	1097	1097	1.09592	1.09599	9446
2024-10-07 09:30:00	1096	1.09641	1.09542	1.09586	8267
2024-10-07 10:00:00	1.09587	1.09693	1.09581	1.09639	7305
2024-10-07 10:30:00	1.09638	1.09698	1.09633	1.09651	5824
2024-10-07 11:00:00	1.09651	1.09746	1.09622	1.0972	7387
2024-10-07 11:30:00	1.0972	1.09805	1.09714	1.09767	6355
2024-10-07 12:00:00	1.09768	1.09836	1.09736	1.09752	8145
2024-10-07 12:30:00	1.09751	1.09799	1.09716	1.09771	8789
2024-10-07 13:00:00	1.09771	1.0983	1.09734	1.09746	10743
2024-10-07 13:30:00	1.09746	1.09805	1.09721	1.09796	10177
2024-10-07 14:00:00	1.09797	1.09848	1.09737	1.09764	11160
2024-10-07 14:30:00	1.09763	1.09789	1.09695	1.09747	12131
2024-10-07 15:00:00	1.09745	1.09781	1.0973	1.09764	9715
2024-10-07 15:30:00	1.09765	1.09791	1.09729	1.09758	6582
2024-10-07 16:00:00	1.09759	1.09836	1.09753	1.09805	4022
2024-10-07 16:30:00	1.09807	1.09846	1.09782	1.09839	2788
2024-10-07 17:00:00	1.09838	1.09854	1.09813	1.09837	4441
2024-10-07 17:30:00	1.09837	1.09868	1.09811	1.09821	3678
2024-10-07 18:00:00	1.09822	1.09823	1.0974	1.09742	3940
2024-10-07 18:30:00	1.09741	1.09758	1.09682	1.0969	7240
2024-10-07 19:00:00	1.0969	1.09727	1.09657	1.09701	6025
2024-10-07 19:30:00	1.09701	1.09727	1.09681	1.09723	5852
2024-10-07 20:00:00	1.09723	1.09736	1.0971	1.09732	1715
2024-10-07 20:30:00	1.09733	1.0975	1.09711	1.09731	2580
2024-10-07 21:00:00	1.09723	1.09754	1.09689	1.09752	1042
2024-10-07 21:30:00	1.09754	1.09757	1.0973	1.09732	796
2024-10-07 22:00:00	1.09731	1.09778	1.09718	1.09768	775
2024-10-07 22:30:00	1.09769	1.09789	1.0976	1.09777	1614
2024-10-07 23:00:00	1.09781	1.09791	1.09764	1.09767	1970
2024-10-07 23:30:00	1.09767	1.09772	1.09741	1.09742	2250
2024-10-08 00:00:00	1.09742	1.09803	1.09737	1.09795	3040
2024-10-08 00:30:00	1.09796	1.09839	1.09792	1.09817	3066
2024-10-08 01:00:00	1.09817	1.09848	1.09805	1.09826	4737
2024-10-08 01:30:00	1.09827	1.09844	1.09817	1.09836	4309
2024-10-08 02:00:00	1.09836	1.09845	1.09762	1.09767	6123
2024-10-08 02:30:00	1.09767	1.09817	1.09727	1.09815	6708
2024-10-08 03:00:00	1.09816	1.09863	1.09816	1.09831	5228
2024-10-08 03:30:00	1.09831	1.09868	1.09825	1.09832	3700
2024-10-08 04:00:00	1.09832	1.09855	1.09832	1.09842	1693
2024-10-08 04:30:00	1.09841	1.09867	1.09836	1.09854	2319
2024-10-08 05:00:00	1.09854	1.09869	1.09826	1.09841	4997
2024-10-08 05:30:00	1.09841	1.09846	1.09815	1.0983	4588
2024-10-08 06:00:00	1.0983	1.0987	1.09822	1.09836	6484
2024-10-08 06:30:00	1.09837	1.09888	1.09813	1.09836	4044
2024-10-08 07:00:00	1.09836	1.09852	1.09785	1.09805	10422
2024-10-08 07:30:00	1.09805	1.09956	1.09801	1.09951	8124
2024-10-08 08:00:00	1.09952	1.09971	1.09861	1.09885	8018
2024-10-08 08:30:00	1.09885	1.09941	1.0983	1.09938	6426
2024-10-08 09:00:00	1.09939	1.09948	1.09876	1.09891	7803
2024-10-08 09:30:00	1.09892	1.09941	1.09855	1.09874	4967
2024-10-08 10:00:00	1.09874	1.09919	1.09872	1.09898	3946
2024-10-08 10:30:00	1.09897	1.09913	1.09821	1.09852	5499
2024-10-08 11:00:00	1.09852	1.09878	1.09807	1.09813	4328
2024-10-08 11:30:00	1.09813	1.09897	1.09785	1.09876	5059
2024-10-08 12:00:00	1.09876	1.09898	1.09783	1.09792	8049
2024-10-08 12:30:00	1.09791	1.09791	1.09714	1.09759	8868
2024-10-08 13:00:00	1.09758	1.09839	1.09744	1.0979	7512
2024-10-08 13:30:00	1.09791	1.09837	1.09749	1.09778	9457
2024-10-08 14:00:00	1.09779	1.09803	1.09725	1.09741	8287
2024-10-08 14:30:00	1.09739	1.09739	1.09663	1.09708	8430
2024-10-08 15:00:00	1.09708	1.09722	1.0965	1.09652	7041
2024-10-08 15:30:00	1.09653	1.09713	1.09608	1.09697	5505
2024-10-08 16:00:00	1.09698	1.09767	1.09686	1.09758	4086
2024-10-08 16:30:00	1.09758	1.09777	1.09748	1.09757	2834
2024-10-08 17:00:00	1.09757	1.09757	1.09657	1.09727	7123
2024-10-08 17:30:00	1.09726	1.09751	1.09699	1.09743	3649
2024-10-08 18:00:00	1.09744	1.09763	1.09711	1.09717	2792
2024-10-08 18:30:00	1.09717	1.09741	1.09685	1.09722	3610
2024-10-08 19:00:00	1.09722	1.09737	1.09694	1.0973	3183
2024-10-08 19:30:00	1.09729	1.09782	1.09709	1.09778	2955
2024-10-08 20:00:00	1.09778	1.09791	1.09766	1.09786	1383
2024-10-08 20:30:00	1.09786	1.09806	1.09776	1.09798	1834
2024-10-08 21:00:00	1.09782	1.09796	1.09743	1.09784	1442
2024-10-08 21:30:00	1.09784	1.0979	1.0978	1.09786	780
2024-10-08 22:00:00	1.09788	1.09803	1.09783	1.09785	1130
2024-10-08 22:30:00	1.09785	1.09807	1.09782	1.09807	192
2024-10-08 23:00:00	1.09808	1.09809	1.0976	1.09766	663
2024-10-08 23:30:00	1.09766	1.0978	1.09749	1.09753	931
2024-10-09 00:00:00	1.09754	1.09771	1.09742	1.09759	1198
2024-10-09 00:30:00	1.09759	1.09787	1.09736	1.09755	1758
2024-10-09 01:00:00	1.09755	1.09772	1.09701	1.0972	2662
2024-10-09 01:30:00	1.09724	1.09748	1.09686	1.09736	3666
2024-10-09 02:00:00	1.09736	1.09741	1.09702	1.09707	3040
2024-10-09 02:30:00	1.09707	1.09733	1.09687	1.09706	2135
2024-10-09 03:00:00	1.09707	1.09712	1.09673	1.09698	2319
2024-10-09 03:30:00	1.09696	1.09709	1.09667	1.09678	2216
2024-10-09 04:00:00	1.09678	1.09684	1.09642	1.09651	1474
2024-10-09 04:30:00	1.09652	1.09657	1.0962	1.09631	728
2024-10-09 05:00:00	1.09635	1.0976	1.09635	1.09692	3297
2024-10-09 05:30:00	1.09693	1.09743	1.09676	1.0973	4083
2024-10-09 06:00:00	1.0973	1.0973	1.09655	1.09665	3706
2024-10-09 06:30:00	1.09665	1.09679	1.09622	1.09629	3344
2024-10-09 07:00:00	1.09626	1.09641	1.0951	1.09581	6010
2024-10-09 07:30:00	1.0958	1.09668	1.09562	1.09602	5805
2024-10-09 08:00:00	1.09603	1.09642	1.09573	1.09576	4948
2024-10-09 08:30:00	1.09576	1.09595	1.09533	1.09577	3779
2024-10-09 09:00:00	1.09576	1.09631	1.09568	1.09611	3957
2024-10-09 09:30:00	1.09612	1.09676	1.0961	1.09666	2383
2024-10-09 10:00:00	1.09666	1.09707	1.09655	1.09665	2534
2024-10-09 10:30:00	1.09665	1.09687	1.09633	1.09656	2802
2024-10-09 11:00:00	1.09656	1.09669	1.09624	1.09625	5603
2024-10-09 11:30:00	1.09625	1.09642	1.09539	1.0954	6065
2024-10-09 12:00:00	1.09539	1.09591	1.09535	1.09545	5466
2024-10-09 12:30:00	1.09546	1.09588	1.09527	1.09567	6402
2024-10-09 13:00:00	1.09566	1.09584	1.09462	1.09521	6811
2024-10-09 13:30:00	1.09521	1.09583	1.09516	1.09532	7007
2024-10-09 14:00:00	1.09532	1.09598	1.09477	1.09536	9211
2024-10-09 14:30:00	1.09535	1.09543	1.09396	1.09479	11032
2024-10-09 15:00:00	1.09478	1.09561	1.09469	1.09536	5910
2024-10-09 15:30:00	1.09536	1.09536	1.09487	1.09506	5325
2024-10-09 16:00:00	1.09505	1.09505	1.09455	1.09471	4080
2024-10-09 16:30:00	1.09472	1.09472	1.09401	1.09413	3683
2024-10-09 17:00:00	1.09415	1.09421	1.09369	1.09377	3785
2024-10-09 17:30:00	1.09376	1094	1.0937	1.0939	2533
2024-10-09 18:00:00	1.09393	1.09426	1.09362	1.0942	4297
2024-10-09 18:30:00	1.09418	1.09426	1.09362	1.09365	3650
2024-10-09 19:00:00	1.09366	1.09413	1.09365	1.09401	3657
2024-10-09 19:30:00	1.09403	1.09408	1.09369	1.09386	4415
2024-10-09 20:00:00	1.09386	1.09389	1.0937	1.09379	1802
2024-10-09 20:30:00	1.0938	1.09407	1.09366	1.09376	1736
2024-10-09 21:00:00	1.09368	1.09395	1.09367	1.09392	432
2024-10-09 21:30:00	1.09391	1.09426	1.09381	1.09403	1906
2024-10-09 22:00:00	1.09403	1.09426	1.09378	1.09398	1010
2024-10-09 22:30:00	1.09399	1.09411	1.09396	1.09407	1123
2024-10-09 23:00:00	1.09406	1.09406	1.09389	1.09394	564
2024-10-10 00:00:00	1.09422	1.09423	1.09392	1.09418	1735
2024-10-10 00:30:00	1.09418	1.09429	1094	1.09405	2621
2024-10-10 01:00:00	1.09404	1.09449	1.09397	1.09416	3564
2024-10-10 01:30:00	1.09417	1.09459	1.09413	1.09429	5226
2024-10-10 02:00:00	1.09428	1.09443	1.09389	1.09431	4979
2024-10-10 02:30:00	1.09431	1.09454	1.09419	1.09419	5658
2024-10-10 03:00:00	1.09418	1.09458	1.09414	1.09433	3862
2024-10-10 03:30:00	1.09433	1.09437	1.09419	1.09435	2271
2024-10-10 04:00:00	1.09435	1.09445	1.09425	1.09425	1504
2024-10-10 04:30:00	1.09425	1.09425	1.09383	1.09409	3238
2024-10-10 05:00:00	1.09408	1.09425	1.0937	1.09397	4580
2024-10-10 05:30:00	1.09398	1.09415	1.09382	1.09391	3785
2024-10-10 06:00:00	1.09388	1.09418	1.09364	1.09417	4333
2024-10-10 06:30:00	1.09415	1.0943	1.09367	1.09368	4065
2024-10-10 07:00:00	1.09369	1.09391	1.0933	1.09354	4965
2024-10-10 07:30:00	1.09354	1.0943	1.09343	1.09374	6402
2024-10-10 08:00:00	1.09378	1.09392	1.09282	1.09325	6667
2024-10-10 08:30:00	1.09328	1.09361	1.09319	1.09329	3599
2024-10-10 09:00:00	1.0933	1.0933	1.09278	1.09316	4230
2024-10-10 09:30:00	1.09319	1.09339	1.09299	1.09336	3607
2024-10-10 10:00:00	1.09336	1.09347	1.09309	1.09339	3060
2024-10-10 10:30:00	1.0934	1.09396	1.09339	1.0939	3537
2024-10-10 11:00:00	1.09391	1.09395	1.09322	1.09343	4397
2024-10-10 11:30:00	1.09344	1.09357	1.0927	1.0931	4998
2024-10-10 12:00:00	1.0931	1.09346	1.09298	1.09315	6275
2024-10-10 12:30:00	1.09314	1.09548	1.09088	1.09439	35413
2024-10-10 13:00:00	1.0944	1.09498	1.09394	1.09447	19251
2024-10-10 13:30:00	1.09447	1.09457	1.09339	1.09372	15997
2024-10-10 14:00:00	1.09371	1.09422	1.09223	1.09223	16685
2024-10-10 14:30:00	1.09224	1.09251	1.09136	1.09222	13847
2024-10-10 15:00:00	1.09222	1.09278	1.09164	1.09269	9248
2024-10-10 15:30:00	1.09268	1.09297	1.09232	1.09248	5847
2024-10-10 16:00:00	1.09249	1.09281	1.09245	1.09266	4649
2024-10-10 16:30:00	1.09266	1.09266	1.0903	1.09059	9306
2024-10-10 17:00:00	1.09059	1.09161	1.09	1.09153	9131
2024-10-10 17:30:00	1.09154	1.09206	1.09154	1.09189	4852
2024-10-10 18:00:00	1.09189	1.09253	1.09182	1.0922	3535
2024-10-10 18:30:00	1.09221	1.09266	1.09209	1.0922	5087
2024-10-10 19:00:00	1.0922	1.09282	1.0921	1.09266	6170
2024-10-10 19:30:00	1.09266	1.09345	1.09266	1.09344	4021
2024-10-10 20:00:00	1.09344	1.09376	1.09342	1.09367	1975
2024-10-10 20:30:00	1.09366	1.09375	1.09286	1.09286	2118
2024-10-10 21:00:00	1.09299	1.09345	1.09116	1.09341	669
2024-10-10 21:30:00	1.0934	1.09369	1.09336	1.0935	879
2024-10-10 22:00:00	1.09351	1.09362	1.09328	1.09336	974
2024-10-10 22:30:00	1.09337	1.09343	1.0933	1.09337	454
2024-10-10 23:00:00	1.09337	1.09343	1.09324	1.09329	1013
2024-10-10 23:30:00	1.09329	1.09343	1.09328	1.09334	911
2024-10-11 00:00:00	1.09335	1.09358	1.09321	1.09339	2695
2024-10-11 00:30:00	1.0934	1.09378	1.09335	1.09373	2523
2024-10-11 01:00:00	1.09375	1.09379	1.09339	1.09341	3341
2024-10-11 01:30:00	1.0934	1.0934	1.09294	1.0932	2587
2024-10-11 02:00:00	1.09319	1.09353	1.09308	1.0934	1742
2024-10-11 02:30:00	1.09341	1.09376	1.0933	1.09368	2802
2024-10-11 03:00:00	1.09368	1.09397	1.09363	1.09396	2948
2024-10-11 03:30:00	1.09397	1.09407	1.09378	1.09395	3235
2024-10-11 04:00:00	1.09395	1.09405	1.09374	1.09375	2243
2024-10-11 04:30:00	1.09376	1.09377	1.09352	1.09356	3046
2024-10-11 05:00:00	1.09356	1.09365	1.09342	1.09355	2199
2024-10-11 05:30:00	1.09355	1.09379	1.09325	1.09354	2075
2024-10-11 06:00:00	1.09354	1.09379	1.09323	1.09375	3344
2024-10-11 06:30:00	1.09376	1.09406	1.09327	1.09401	3988
2024-10-11 07:00:00	1094	1.09428	1.09321	1.09369	6941
2024-10-11 07:30:00	1.09366	1.09453	1.09349	1.09446	3325
2024-10-11 08:00:00	1.09446	1.09501	1.09416	1.09491	3661
2024-10-11 08:30:00	1.0949	1.09537	1.09462	1.09495	3717
2024-10-11 09:00:00	1.09493	1.09511	1.09459	1.09464	3777
2024-10-11 09:30:00	1.09464	1.09478	1.0938	1.09389	3649
2024-10-11 10:00:00	1.09387	1.09393	1.0935	1.09352	3612
2024-10-11 10:30:00	1.09351	1.09376	1.0931	1.0935	4115
2024-10-11 11:00:00	1.09351	1.0936	1.09273	1.09286	4435
2024-10-11 11:30:00	1.09287	1.09341	1.09279	1.09309	4003
2024-10-11 12:00:00	1.09309	1.0942	1.09309	1.09412	4960
2024-10-11 12:30:00	1.09412	1.09506	1.0926	1.09331	14421
2024-10-11 13:00:00	1.0933	1.09383	1.0928	1.09336	7047
2024-10-11 13:30:00	1.09336	1.09403	1.09329	1.09384	8070
2024-10-11 14:00:00	1.09386	1.09473	1.09336	1.0943	13375
2024-10-11 14:30:00	1.09431	1.09491	1.09414	1.09429	8465
2024-10-11 15:00:00	1.09428	1.09511	1.09423	1.09498	7372
2024-10-11 15:30:00	1.09501	1.09524	1.0941	1.09412	7017
2024-10-11 16:00:00	1.09413	1.09475	1.09403	1.0946	3346
2024-10-11 16:30:00	1.09461	1.09466	1.09426	1.09449	3473
2024-10-11 17:00:00	1.09448	1.09474	1.0943	1.0944	2866
2024-10-11 17:30:00	1.09439	1.09454	1.09427	1.09434	3227
2024-10-11 18:00:00	1.09433	1.0946	1.09422	1.09438	2128
2024-10-11 18:30:00	1.09438	1.09438	1.09389	1.0939	2379
2024-10-11 19:00:00	1.09391	1.09393	1.09371	1.09376	2043
2024-10-11 19:30:00	1.09375	1.09378	1.09332	1.09332	1920
2024-10-11 20:00:00	1.09332	1.09374	1.09324	1.0937	1379
2024-10-11 20:30:00	1.09369	1.09381	1.09337	1.09353	5210
2024-10-13 21:00:00	1.0931	1.0933	1.09307	1.0932	49
2024-10-13 21:30:00	1.09319	1.09335	1.09313	1.09316	583
2024-10-13 22:00:00	1.09313	1.09335	1.09281	1.09305	1653
2024-10-13 22:30:00	1.09305	1.09319	1.0927	1.09271	1846
2024-10-13 23:00:00	1.09273	1.09283	1.09239	1.09258	1393
2024-10-13 23:30:00	1.09259	1.09259	1.09221	1.0923	1739
2024-10-14 00:00:00	1.09231	1.09243	1.09153	1.09224	3457
2024-10-14 00:30:00	1.09223	1.09236	1.0919	1.09214	1795
2024-10-14 01:00:00	1.09214	1.09234	1.09179	1.09221	2970
2024-10-14 01:30:00	1.09219	1.09254	1.09192	1.09232	4424
2024-10-14 02:00:00	1.09232	1.09248	1.09184	1.09242	3536
2024-10-14 02:30:00	1.09242	1.09268	1.0924	1.09246	2776
2024-10-14 03:00:00	1.09247	1.09291	1.09235	1.0929	2026
2024-10-14 03:30:00	1.09291	1.09291	1.09253	1.09256	1672
2024-10-14 04:00:00	1.09255	1.09257	1.09232	1.09239	1058
2024-10-14 04:30:00	1.0924	1.09246	1.09234	1.09236	742
2024-10-14 05:00:00	1.09237	1.09257	1.09223	1.09245	2015
2024-10-14 05:30:00	1.09245	1.09263	1.09233	1.09259	2155
2024-10-14 06:00:00	1.0926	1.09304	1.0926	1.09287	3333
2024-10-14 06:30:00	1.09286	1.09299	1.09248	1.0925	3150
2024-10-14 07:00:00	1.0925	1.09303	1.09238	1.09262	5264
2024-10-14 07:30:00	1.09262	1.09311	1.0925	1.09282	4844
2024-10-14 08:00:00	1.09282	1.09316	1.0927	1.09271	6280
2024-10-14 08:30:00	1.09271	1.09311	1.09236	1.09268	7019
2024-10-14 09:00:00	1.09268	1.09366	1.09266	1.09347	3581
2024-10-14 09:30:00	1.09346	1.09346	1.09275	1.0929	3667
2024-10-14 10:00:00	1.09288	1.09301	1.09254	1.09273	2868
2024-10-14 10:30:00	1.09272	1.09276	1.0922	1.09228	3871
2024-10-14 11:00:00	1.09228	1.09246	1.09148	1.09153	5013
2024-10-14 11:30:00	1.09153	1.09168	1.09091	1.09126	6725
2024-10-14 12:00:00	1.09124	1.09167	1.09113	1.09149	5571
2024-10-14 12:30:00	1.09149	1.09161	1.09073	1.09096	7274
2024-10-14 13:00:00	1.09096	1.09138	1.09047	1.09104	5067
2024-10-14 13:30:00	1.09104	1.09272	1.09086	1.09191	11625
2024-10-14 14:00:00	1.09188	1.09191	1.0908	1.09107	8358
2024-10-14 14:30:00	1.09107	1.0915	1.0905	1.09148	8946
2024-10-14 15:00:00	1.09148	1.09163	1.09104	1.09123	4281
2024-10-14 15:30:00	1.09122	1.09162	1.09048	1.09068	4017
2024-10-14 16:00:00	1.09069	1.09085	1.09008	1.09017	3357
2024-10-14 16:30:00	1.09016	1.09036	1.09008	1.09015	2239
2024-10-14 17:00:00	1.09014	1.09023	1.08973	1.0899	2349
2024-10-14 17:30:00	1.0899	1.09042	1.0899	1.0904	1779
2024-10-14 18:00:00	1.0904	1.0905	1.09025	1.09026	1714
2024-10-14 18:30:00	1.09026	1.09026	1.08949	1.08971	2556
2024-10-14 19:00:00	1.08972	1.09059	1.08881	1.09035	7957
2024-10-14 19:30:00	1.09034	1.09057	1.09021	1.09038	3612
2024-10-14 20:00:00	1.09038	1.09086	1.09028	1.0907	991
2024-10-14 20:30:00	1.09071	1.09093	1.09061	1.09082	2574
2024-10-14 21:00:00	1.09078	1.09078	1.09039	1.09069	440
2024-10-14 21:30:00	1.09069	1.09083	1.09066	1.0908	227
2024-10-14 22:00:00	1.09078	1.09078	1.09048	1.09063	678
2024-10-14 22:30:00	1.09064	1.09095	1.09057	1.09084	565
2024-10-14 23:00:00	1.09085	1.09103	1.09065	1.09098	990
2024-10-14 23:30:00	1.09099	1.09099	1.09071	1.0909	889
2024-10-15 00:00:00	1.0909	1.09097	1.09044	1.0906	2312
2024-10-15 00:30:00	1.09059	1.09077	1.0904	1.09074	2812
2024-10-15 01:00:00	1.09071	1.09083	1.09047	1.09079	1669
2024-10-15 01:30:00	1.09077	1.09086	1.09052	1.09073	2396
2024-10-15 02:00:00	1.09073	1.09087	1.09043	1.09044	3685
2024-10-15 02:30:00	1.09045	1.09049	1.09005	1.0902	2072
2024-10-15 03:00:00	1.09019	1.0903	1.08982	1.09017	1965
2024-10-15 03:30:00	1.09016	1.09019	1.08957	1.08964	2686
2024-10-15 04:00:00	1.08964	1.08964	1.08918	1.08922	2613
2024-10-15 04:30:00	1.08923	1.08942	1.08915	1.08929	1257
2024-10-15 05:00:00	1.08928	1.08928	1.08895	1.08896	1814
2024-10-15 05:30:00	1.08895	1.08924	1.08882	1.08915	4339
2024-10-15 06:00:00	1.08915	1.08924	1.08849	1.08897	5175
2024-10-15 06:30:00	1.08898	1.08956	1.08893	1.08924	4239
2024-10-15 07:00:00	1.08924	1.08934	1.0885	1.08912	6754
2024-10-15 07:30:00	1.08911	1.08987	1.08876	1.08986	5243
2024-10-15 08:00:00	1.08985	1.09094	1.08971	1.09047	5500
2024-10-15 08:30:00	1.09048	1.09161	1.0902	1.09103	4868
2024-10-15 09:00:00	1.09103	1.09145	1.0907	1.09075	5487
2024-10-15 09:30:00	1.09074	1.09141	1.09059	1.09135	3568
2024-10-15 10:00:00	1.09137	1.09149	1.09067	1.09112	4181
2024-10-15 10:30:00	1.09113	1.09124	1.09026	1.09027	4075
2024-10-15 11:00:00	1.09026	1.09056	1.08973	1.08993	4999
2024-10-15 11:30:00	1.08994	1.09092	1.0898	1.09008	4710
2024-10-15 12:00:00	1.0901	1.09091	1.08995	1.09074	5090
2024-10-15 12:30:00	1.09074	1.09125	1.09047	1.09101	6515
2024-10-15 13:00:00	1.09101	1.09148	1.09084	1.09124	6251
2024-10-15 13:30:00	1.09124	1.09167	1.09091	1.09098	6631
2024-10-15 14:00:00	1.09097	1.09118	1.09042	1.09042	4785
2024-10-15 14:30:00	1.09041	1.09088	1.08988	1.09026	9880
2024-10-15 15:00:00	1.09027	1.09071	1.09008	1.0906	6180
2024-10-15 15:30:00	1.09059	1.09071	1.08986	1.08989	4643
2024-10-15 16:00:00	1.08989	1.09023	1.08931	1.08949	2999
2024-10-15 16:30:00	1.0895	1.0895	1.08894	1.08894	2193
2024-10-15 17:00:00	1.08894	1.08904	1.08835	1.08843	3029
2024-10-15 17:30:00	1.08844	1.08872	1.08819	1.08849	3507
2024-10-15 18:00:00	1.0885	1.08898	1.08838	1.0889	3084
2024-10-15 18:30:00	1.0889	1.08904	1.08869	1.08872	2867
2024-10-15 19:00:00	1.08874	1089	1.08864	1.08884	3126
2024-10-15 19:30:00	1.08885	1.08886	1.08858	1.08868	3327
2024-10-15 20:00:00	1.08868	1.08893	1.08865	1.08871	1331
2024-10-15 20:30:00	1.0887	1.08923	1.08857	1089	2540
2024-10-15 21:00:00	1.08883	1.08921	1.08871	1.08914	1162
2024-10-15 21:30:00	1.08914	1.08927	1.08906	1.08919	380
2024-10-15 22:00:00	1.0892	1.08924	1.08887	1.08901	896
2024-10-15 22:30:00	1089	1.08901	1.08876	1.08895	542
2024-10-15 23:00:00	1.08896	1089	1.08864	1.08875	967
2024-10-15 23:30:00	1.08876	1.08885	1.08831	1.08832	1599
2024-10-16 00:00:00	1.08832	1.08852	1.08821	1.08831	2587
2024-10-16 00:30:00	1.0883	1.08866	1.0883	1.08853	1717
2024-10-16 01:00:00	1.08853	1.08876	1.08842	1.08873	2912
2024-10-16 01:30:00	1.08874	1.0892	1.08864	1.08917	4473
2024-10-16 02:00:00	1.08918	1.08929	1.08885	1.08896	3618
2024-10-16 02:30:00	1.08897	1.08932	1.08891	1.08925	2316
2024-10-16 03:00:00	1.08926	1.08956	1.08925	1.08941	2177
2024-10-16 03:30:00	1.08942	1.08944	1.08906	1.08909	2245
2024-10-16 04:00:00	1.08908	1.0893	1.08897	1.08904	1781
2024-10-16 04:30:00	1.08905	1.08906	1.08877	1.08893	2384
2024-10-16 05:00:00	1.08894	1.08898	1.08869	1.08886	2249
2024-10-16 05:30:00	1.08885	1.08902	1.08864	1.08878	2860
2024-10-16 06:00:00	1.08882	1.08892	1.08784	1.08812	7817
2024-10-16 06:30:00	1.08812	1.08814	1.08762	1.08776	5137
2024-10-16 07:00:00	1.08776	1.08845	1.08752	1.08831	6133
2024-10-16 07:30:00	1.08829	1.08852	1.08781	1.08821	5008
2024-10-16 08:00:00	1.08821	1.08843	1.08783	1.0881	5224
2024-10-16 08:30:00	1.08809	1.08835	1.08777	1.08832	4755
2024-10-16 09:00:00	1.08832	1.08971	1.08825	1.08955	6433
2024-10-16 09:30:00	1.08956	1.08972	1.08924	1.08946	3887
2024-10-16 10:00:00	1.08946	1.08954	1.08908	1.08941	4171
2024-10-16 10:30:00	1.0894	1.08949	1.08894	1.08899	2896
2024-10-16 11:00:00	1.08897	1.08932	1.08868	1.08908	5011
2024-10-16 11:30:00	1.08909	1.08956	1.08909	1.08943	4881
2024-10-16 12:00:00	1.08944	1.09014	1.0893	1.0898	6131
2024-10-16 12:30:00	1.08979	1.08996	1.08863	1.08887	8160
2024-10-16 13:00:00	1.08888	1.08974	1.0885	1.08924	5220
2024-10-16 13:30:00	1.08922	1.08943	1.08862	1089	8227
2024-10-16 14:00:00	1.08902	1.08907	1.08721	1.08755	8399
2024-10-16 14:30:00	1.08754	1.08815	1.08714	1.08797	7061
2024-10-16 15:00:00	1.08797	1.08801	1.08734	1.0874	5353
2024-10-16 15:30:00	1.08741	1.08753	1.08661	1.08724	4722
2024-10-16 16:00:00	1.08723	1.08767	1.08711	1.0873	3192
2024-10-16 16:30:00	1.0873	1.0873	1.08669	1.08682	3874
2024-10-16 17:00:00	1.08683	1.08684	1.08631	1.08634	3654
2024-10-16 17:30:00	1.08634	1.08637	1.08615	1.08621	2418
2024-10-16 18:00:00	1.08621	1.08628	1.08575	1.08586	3189
2024-10-16 18:30:00	1.08586	1.08593	1.08553	1.08556	2596
2024-10-16 19:00:00	1.08557	1.08566	1.08532	1.08549	2391
2024-10-16 19:30:00	1.08549	1.08602	1.08549	1.08577	3527
2024-10-16 20:00:00	1.08577	1.08594	1.08573	1.08591	1218
2024-10-16 20:30:00	1.0859	1.08627	1.08582	1.08618	2612
2024-10-16 21:00:00	1.08611	1.08705	1.08574	1.08618	1182
2024-10-16 21:30:00	1.0862	1.08638	1.08617	1.08632	1356
2024-10-16 22:00:00	1.0863	1.08643	1.08605	1.08607	846
2024-10-16 22:30:00	1.08606	1.08611	1.08574	1.08585	988
2024-10-16 23:00:00	1.08585	1.08588	1.08562	1.08585	1371
2024-10-16 23:30:00	1.08584	1.08594	1.08573	1.08587	1701
2024-10-17 00:00:00	1.08588	1.08622	1.08578	1.08619	3433
2024-10-17 00:30:00	1.08621	1.08642	1.08603	1.08632	4638
2024-10-17 01:00:00	1.08631	1.08632	1.0859	1.08605	5260
2024-10-17 01:30:00	1.08605	1.08637	1.08596	1.08623	5391
2024-10-17 02:00:00	1.08625	1.0865	1.08595	1.08607	6470
2024-10-17 02:30:00	1.08608	1.08621	1.08591	1.08619	6022
2024-10-17 03:00:00	1.08617	1.0862	1.08536	1.08539	4783
2024-10-17 03:30:00	1.0854	1.08542	1.08512	1.0853	2097
2024-10-17 04:00:00	1.0853	1.08555	1.08523	1.08553	2565
2024-10-17 04:30:00	1.08554	1.08555	1.08531	1.08533	2735
2024-10-17 05:00:00	1.08532	1.08554	1.08524	1.08543	5460
2024-10-17 05:30:00	1.08542	1.08545	1.08524	1.08545	4441
2024-10-17 06:00:00	1.0854	1.0854	1.08513	1.08533	5092
2024-10-17 06:30:00	1.08534	1.08583	1.08498	1.08506	3975
2024-10-17 07:00:00	1.08505	1.08546	1.0849	1.08535	6521
2024-10-17 07:30:00	1.08535	1.08576	1.08503	1.08546	4656
2024-10-17 08:00:00	1.08545	1.08566	1.0852	1.08552	5434
2024-10-17 08:30:00	1.08551	1.08551	1.0849	1.08517	7643
2024-10-17 09:00:00	1.08517	1.08551	1.08503	1.08523	5532
2024-10-17 09:30:00	1.08524	1.08641	1.0852	1.08587	6355
2024-10-17 10:00:00	1.08587	1.08632	1.0858	1.08613	3535
2024-10-17 10:30:00	1.08612	1.08649	1.08602	1.0864	3606
2024-10-17 11:00:00	1.08641	1.08673	1.0864	1.08665	3906
2024-10-17 11:30:00	1.08664	1.08672	1.0863	1.08632	4411
2024-10-17 12:00:00	1.08633	1.08737	1086	1.08649	8540
2024-10-17 12:30:00	1.08649	1.08649	1.08334	1.08427	21561
2024-10-17 13:00:00	1.08427	1.08446	1.0811	1.08139	18385
2024-10-17 13:30:00	1.08139	1.08356	1.08121	1.0833	11654
2024-10-17 14:00:00	1.08331	1.0835	1.08181	1.08207	15691
2024-10-17 14:30:00	1.08206	1.08287	1.08141	1.08286	13559
2024-10-17 15:00:00	1.08288	1.08386	1.08244	1.08371	10080
2024-10-17 15:30:00	1.08371	1.08408	1.08359	1.08365	6053
2024-10-17 16:00:00	1.08366	1.08369	1.08248	1.08253	5994
2024-10-17 16:30:00	1.08253	1.0826	1.08224	1.08247	4621
2024-10-17 17:00:00	1.08249	1.08275	1.08228	1.08228	2811
2024-10-17 17:30:00	1.08229	1.0828	1.0821	1.08254	1951
2024-10-17 18:00:00	1.08255	1.08275	1.08244	1.08272	2920
2024-10-17 18:30:00	1.0827	1.08319	1.08248	1.08249	3323
2024-10-17 19:00:00	1.0825	1.08274	1.08234	1.08268	3257
2024-10-17 19:30:00	1.08269	1.08285	1.08259	1.08279	3910
2024-10-17 20:00:00	1.08279	1.08289	1.08269	1.08282	2058
2024-10-17 20:30:00	1.08283	1.08311	1.08283	1.08307	3419
2024-10-17 21:00:00	1.08308	1.08322	1.08263	1.08318	273
2024-10-17 21:30:00	1.0832	1.08323	1.08308	1.08318	354
2024-10-17 22:00:00	1.08318	1.08331	1.08309	1.08312	783
2024-10-17 22:30:00	1.08313	1.08316	1.08289	1.08289	1246
2024-10-17 23:00:00	1.0829	1.08291	1.0827	1.08275	1185
2024-10-17 23:30:00	1.08275	1.08299	1.08252	1.08291	1028
2024-10-18 00:00:00	1.08291	1.08313	1.08276	1.08279	3969
2024-10-18 00:30:00	1.08278	1.08323	1.08274	1.08289	3892
2024-10-18 01:00:00	1.08288	1.08323	1.08274	1.08316	4629
2024-10-18 01:30:00	1.08318	1.08362	1.08309	1.08349	6299
2024-10-18 02:00:00	1.0835	1.08368	1.08333	1.08345	4233
2024-10-18 02:30:00	1.08347	1.08396	1.08347	1.08389	4811
2024-10-18 03:00:00	1.08387	1.08395	1.0837	1.08383	3950
2024-10-18 03:30:00	1.08382	1.08391	1.0837	1.08385	2368
2024-10-18 04:00:00	1.08386	1.08395	1.08382	1.08394	1443
2024-10-18 04:30:00	1.08395	1.08405	1.08389	1.08404	1450
2024-10-18 05:00:00	1.08405	1.08417	1.08384	1.08397	2891
2024-10-18 05:30:00	1.08397	1.08441	1.08394	1.08434	3683
2024-10-18 06:00:00	1.08432	1.08458	1.08381	1.08456	7249
2024-10-18 06:30:00	1.08458	1.08486	1.0842	1.08443	5517
2024-10-18 07:00:00	1.08442	1.08442	1.08369	1.08376	8636
2024-10-18 07:30:00	1.08377	1.08439	1.08369	1.08409	7237
2024-10-18 08:00:00	1.0841	1.08468	1.08409	1.08448	4750
2024-10-18 08:30:00	1.08448	1.08449	1.08345	1.08378	5601
2024-10-18 09:00:00	1.08378	1.08456	1.08361	1.08363	5320
2024-10-18 09:30:00	1.08362	1.08444	1.08341	1.08442	5845
2024-10-18 10:00:00	1.08443	1.08452	1.0838	1.08432	4928
2024-10-18 10:30:00	1.08432	1.08488	1.08431	1.0845	5058
2024-10-18 11:00:00	1.0845	1.08461	1.08417	1.08448	5067
2024-10-18 11:30:00	1.08448	1.08518	1.08441	1.08482	4762
2024-10-18 12:00:00	1.08481	1.08509	1.08466	1.08488	6255
2024-10-18 12:30:00	1.08489	1086	1.08486	1.08591	8365
2024-10-18 13:00:00	1.08593	1.08632	1.08578	1.08606	6880
2024-10-18 13:30:00	1.08607	1.08621	1.08511	1.08569	6070
2024-10-18 14:00:00	1.08569	1.08645	1.08564	1.08595	8473
2024-10-18 14:30:00	1.08596	1.08622	1.08549	1.08571	9186
2024-10-18 15:00:00	1.08571	1086	1.08549	1.08596	6783
2024-10-18 15:30:00	1.08596	1.08602	1.0853	1.08535	4103
2024-10-18 16:00:00	1.08534	1.08634	1.08528	1.08634	3273
2024-10-18 16:30:00	1.08634	1.08682	1.08608	1.08666	2385
2024-10-18 17:00:00	1.08666	1.08666	1.08619	1.0862	3607
2024-10-18 17:30:00	1.08621	1.08624	1.08591	1.08618	2446
2024-10-18 18:00:00	1.08618	1.08646	1.08616	1.08641	3750
2024-10-18 18:30:00	1.0864	1.08679	1.08618	1.08653	2819
2024-10-18 19:00:00	1.08653	1.08658	1.08622	1.08651	3916
2024-10-18 19:30:00	1.08649	1.08652	1.08631	1.08638	3115
2024-10-18 20:00:00	1.08638	1.08692	1.0863	1.08689	2036
2024-10-18 20:30:00	1.08688	1.08694	1.08654	1.08655	3288
2024-10-20 21:00:00	1.08605	1.08649	1.08605	1.08634	182
2024-10-20 21:30:00	1.08634	1.08664	1.08632	1.08664	107
2024-10-20 22:00:00	1.08664	1.08717	1.0865	1.08678	955
2024-10-20 22:30:00	1.08679	1.08697	1.08673	1.0869	973
2024-10-20 23:00:00	1.08691	1.08696	1.08667	1.08669	1087
2024-10-20 23:30:00	1.0867	1.08686	1.08652	1.08681	1786
2024-10-21 00:00:00	1.08682	1.08688	1.0864	1.08658	3978
2024-10-21 00:30:00	1.0866	1.08672	1.08639	1.08649	3756
2024-10-21 01:00:00	1.08648	1.08672	1.08636	1.08671	6977
2024-10-21 01:30:00	1.08672	1.08682	1.08646	1.08651	5602
2024-10-21 02:00:00	1.08651	1.08671	1.08643	1.08668	4609
2024-10-21 02:30:00	1.08667	1.08672	1.08641	1.08644	4439
2024-10-21 03:00:00	1.08643	1.08667	1.08642	1.08648	4126
2024-10-21 03:30:00	1.08649	1.08678	1.08648	1.08662	2825
2024-10-21 04:00:00	1.08662	1.08662	1.08637	1.08641	1685
2024-10-21 04:30:00	1.08642	1.08642	1.08583	1.08587	3740
2024-10-21 05:00:00	1.08587	1.08635	1.08587	1.08618	2388
2024-10-21 05:30:00	1.08616	1.08619	1.08585	1.08598	4275
2024-10-21 06:00:00	1.08598	1.08598	1.08542	1.0856	5289
2024-10-21 06:30:00	1.0856	1.08564	1.08495	1.08522	5766
2024-10-21 07:00:00	1.08522	1.08571	1.0849	1.08529	4424
2024-10-21 07:30:00	1.08529	1.08532	1.08462	1.0848	4116
2024-10-21 08:00:00	1.0848	1.08545	1.0848	1.08517	4249
2024-10-21 08:30:00	1.08517	1.08578	1.08508	1.08552	3603
2024-10-21 09:00:00	1.08552	1.08573	1.08542	1.08562	2940
2024-10-21 09:30:00	1.08562	1.08582	1.08464	1.08465	4851
2024-10-21 10:00:00	1.08464	1.08488	1.08447	1.08459	3411
2024-10-21 10:30:00	1.08458	1.08494	1.08454	1.08474	3757
2024-10-21 11:00:00	1.08475	1.08519	1.08466	1.0851	2590
2024-10-21 11:30:00	1.08511	1.08563	1.0849	1.08557	5189
2024-10-21 12:00:00	1.08557	1.08566	1.08511	1.08563	7920
2024-10-21 12:30:00	1.08564	1.0859	1.08547	1.08573	5134
2024-10-21 13:00:00	1.08573	1.08578	1.08508	1.08524	5462
2024-10-21 13:30:00	1.08526	1.08552	1.08438	1.08474	8423
2024-10-21 14:00:00	1.08475	1.08487	1.08396	1.08404	5535
2024-10-21 14:30:00	1.08403	1.08408	1.08331	1.08348	6336
2024-10-21 15:00:00	1.08348	1.08349	1.08249	1.08255	7661
2024-10-21 15:30:00	1.08254	1.08261	1.08199	1.08199	4304
2024-10-21 16:00:00	1.08199	1.08229	1.08175	1.08194	4026
2024-10-21 16:30:00	1.08194	1.08215	1.0817	1.08186	3390
2024-10-21 17:00:00	1.08186	1.0823	1.08155	1.08185	3312
2024-10-21 17:30:00	1.08186	1.08196	1.08156	1.08161	3737
2024-10-21 18:00:00	1.08161	1.08171	1.08147	1.08156	1889
2024-10-21 18:30:00	1.08156	1.08162	1.08111	1.08114	3433
2024-10-21 19:00:00	1.08116	1.08148	1.08111	1.08131	3614
2024-10-21 19:30:00	1.08131	1.08153	1.08115	1.08153	2376
2024-10-21 20:00:00	1.08152	1.08167	1.08145	1.08165	1384
2024-10-21 20:30:00	1.08164	1.08165	1.08123	1.08149	2747
2024-10-21 21:00:00	1.08149	1.08172	1.08121	1.08141	445
2024-10-21 21:30:00	1.08143	1.08163	1.08133	1.08152	374
2024-10-21 22:00:00	1.08153	1.08174	1.08149	1.08172	534
2024-10-21 22:30:00	1.08174	1.08176	1.08153	1.08154	976
2024-10-21 23:00:00	1.08154	1.08166	1.08141	1.08142	2357
2024-10-21 23:30:00	1.08144	1.08159	1.0814	1.08153	1365
2024-10-22 00:00:00	1.08151	1.08183	1.08142	1.08172	3899
2024-10-22 00:30:00	1.08172	1.08175	1.08142	1.08162	2920
2024-10-22 01:00:00	1.08162	1.08196	1.08162	1.08195	5299
2024-10-22 01:30:00	1.08196	1.08207	1.08183	1.08189	4940
2024-10-22 02:00:00	1.0819	1.08213	1.08183	1.08188	3058
2024-10-22 02:30:00	1.08188	1.08193	1.08151	1.08156	2763
2024-10-22 03:00:00	1.08156	1.08169	1.08149	1.08162	3814
2024-10-22 03:30:00	1.08162	1.0819	1.08156	1.0819	2884
2024-10-22 04:00:00	1.0819	1.08195	1.0818	1.08192	1935
2024-10-22 04:30:00	1.08192	1.08209	1.08182	1.08201	2756
2024-10-22 05:00:00	1.08202	1.08218	1.08194	1.08217	1724
2024-10-22 05:30:00	1.08216	1.08236	1.08192	1.08192	4220
2024-10-22 06:00:00	1.08193	1.08256	1.0818	1.08251	3655
2024-10-22 06:30:00	1.08252	1.08288	1.08242	1.08255	2720
2024-10-22 07:00:00	1.08254	1083	1.08207	1.08279	5909
2024-10-22 07:30:00	1.0828	1.0838	1.08272	1.08366	6251
2024-10-22 08:00:00	1.08365	1.0837	1.08299	1.08304	4254
2024-10-22 08:30:00	1.08303	1.08309	1.08259	1.0827	4864
2024-10-22 09:00:00	1.0827	1.08306	1.08251	1.0827	4568
2024-10-22 09:30:00	1.08269	1.08278	1.08146	1.08159	5059
2024-10-22 10:00:00	1.08158	1.08272	1.08143	1.08242	4060
2024-10-22 10:30:00	1.08242	1.08292	1.08234	1.08285	4698
2024-10-22 11:00:00	1.08286	1.08289	1.0825	1.08278	4237
2024-10-22 11:30:00	1.08279	1.08285	1.08149	1.08175	8790
2024-10-22 12:00:00	1.08174	1.08216	1.08152	1.08176	6860
2024-10-22 12:30:00	1.08176	1.08176	1.08111	1.08117	6133
2024-10-22 13:00:00	1.08116	1.08184	1.08062	1.08172	6781
2024-10-22 13:30:00	1.08172	1.08184	1.08013	1.08073	12752
2024-10-22 14:00:00	1.08072	1.08108	1.08009	1.08052	7771
2024-10-22 14:30:00	1.08054	1.08133	1.08041	1.08096	7310
2024-10-22 15:00:00	1.08097	1.08146	1.08047	1.08135	5222
2024-10-22 15:30:00	1.08136	1.08154	1.0804	1.08045	6650
2024-10-22 16:00:00	1.08044	1.08092	1.08031	1.08085	3422
2024-10-22 16:30:00	1.08085	1.08143	1.08057	1.08076	3413
2024-10-22 17:00:00	1.08078	1.08087	1.08019	1.08029	6926
2024-10-22 17:30:00	1.0803	1.08041	1.08014	1.08029	3469
2024-10-22 18:00:00	1.08028	1.0804	1.08009	1.0802	2061
2024-10-22 18:30:00	1.08019	1.08036	1.07998	1.07999	2211
2024-10-22 19:00:00	1.07999	1.08017	1.07962	1.08013	2055
2024-10-22 19:30:00	1.08012	1.08013	1.07939	1.07948	3607
2024-10-22 20:00:00	1.07947	1.07986	1.07926	1.07981	1886
2024-10-22 20:30:00	1.07982	1.07989	1.07962	1.07967	2121
2024-10-22 21:00:00	1.07964	1.07971	1.07933	1.07964	372
2024-10-22 21:30:00	1.07963	1.07986	1.0796	1.07982	477
2024-10-22 22:00:00	1.07982	1.07999	1.07968	1.07983	972
2024-10-22 22:30:00	1.07984	1.07991	1.07971	1.07984	913
2024-10-22 23:00:00	1.07983	1.07984	1.07967	1.07972	1234
2024-10-22 23:30:00	1.07972	1.07975	1.07962	1.07962	1350
2024-10-23 00:00:00	1.07962	1.07976	1.0794	1.07973	5814
2024-10-23 00:30:00	1.07974	1.08008	1.07922	1.07952	4205
2024-10-23 01:00:00	1.07953	1.07983	1.07936	1.07952	4267
2024-10-23 01:30:00	1.07953	1.07968	1.07944	1.07949	5896
2024-10-23 02:00:00	1.07948	1.07995	1.07947	1.07989	5329
2024-10-23 02:30:00	1.0799	1.08053	1.07985	1.08045	4718
2024-10-23 03:00:00	1.08046	1.08053	1.08002	1.08006	4188
2024-10-23 03:30:00	1.08006	1.08023	1.07987	1.08021	3755
2024-10-23 04:00:00	1.08022	1.08025	1.07995	1.08012	4353
2024-10-23 04:30:00	1.08012	1.08026	1.08004	1.0802	2552
2024-10-23 05:00:00	1.08021	1.08059	1.0802	1.08047	4796
2024-10-23 05:30:00	1.08048	1.08065	1.08027	1.08065	4369
2024-10-23 06:00:00	1.08066	1.08066	1.07954	1.0797	7582
2024-10-23 06:30:00	1.0797	1.07972	1.07924	1.07924	8173
2024-10-23 07:00:00	1.07924	1.07924	1.07826	1.07849	7506
2024-10-23 07:30:00	1.0785	1.07867	1.07806	1.07817	6904
2024-10-23 08:00:00	1.07816	1.07844	1.07794	1.07813	6655
2024-10-23 08:30:00	1.07813	1.07914	1.07803	1.07882	3794
2024-10-23 09:00:00	1.07881	1.07893	1.07821	1.07835	7779
2024-10-23 09:30:00	1.07837	1.07867	1.07813	1.07823	6028
2024-10-23 10:00:00	1.07822	1.07833	1078	1.07811	6044
2024-10-23 10:30:00	1.0781	1.0782	1.07774	1.07774	5351
2024-10-23 11:00:00	1.07775	1.07798	1.07769	1.07777	5982
2024-10-23 11:30:00	1.07776	1.07781	1.0763	1.07631	7927
2024-10-23 12:00:00	1.07632	1.07695	1.07612	1.07637	8806
2024-10-23 12:30:00	1.07636	1.0775	1.07634	1.07742	6623
2024-10-23 13:00:00	1.07743	1.07795	1.07695	1.07789	6855
2024-10-23 13:30:00	1.07787	1.07831	1.07728	1.07751	7419
2024-10-23 14:00:00	1.0775	1.07823	1.07738	1.07801	8491
2024-10-23 14:30:00	1078	1.07815	1.07708	1.07745	7957
2024-10-23 15:00:00	1.07745	1.07862	1.0774	1.07808	8306
2024-10-23 15:30:00	1.07808	1.07828	1.07774	1.07787	5490
2024-10-23 16:00:00	1.07787	1.0779	1.07713	1.07716	5960
2024-10-23 16:30:00	1.07715	1.0777	1.07706	1.07731	4738
2024-10-23 17:00:00	1.0773	1.07746	1077	1.07707	3714
2024-10-23 17:30:00	1.07706	1.07712	1.07672	1.07687	4239
2024-10-23 18:00:00	1.07686	1.07777	1.07683	1.07777	4740
2024-10-23 18:30:00	1.07778	1.07824	1.07746	1.07805	4714
2024-10-23 19:00:00	1.07805	1.07853	1.07799	1.07819	3511
2024-10-23 19:30:00	1.07818	1.07865	1.07812	1.07857	3268
2024-10-23 20:00:00	1.07858	1.07864	1.07836	1.07847	2357
2024-10-23 20:30:00	1.07847	1.07848	1.07804	1.07804	2217
2024-10-23 21:00:00	1.07804	1.07835	1.07794	1.07833	266
2024-10-23 21:30:00	1.07828	1.07833	1.0782	1.07824	188
2024-10-23 22:00:00	1.07827	1.07832	1.07799	1.07822	769
2024-10-23 22:30:00	1.07822	1.07825	1.0781	1.07822	468
2024-10-23 23:00:00	1.07823	1.07837	1.07812	1.07834	603
2024-10-23 23:30:00	1.07834	1.07846	1.07794	1.07803	1065
2024-10-24 00:00:00	1.07804	1.07835	1.07798	1.07829	4830
2024-10-24 00:30:00	1.0783	1.07898	1.07823	1.07887	3858
2024-10-24 01:00:00	1.07887	1.07892	1.0782	1.07829	5566
2024-10-24 01:30:00	1.07829	1.07846	1.07825	1.07829	5931
2024-10-24 02:00:00	1.07829	1.07883	1.07811	1.07873	3991
2024-10-24 02:30:00	1.07872	1.07888	1.07849	1.07875	5285
2024-10-24 03:00:00	1.07876	1.0789	1.07872	1.07878	2867
2024-10-24 03:30:00	1.07878	1.07879	1.07851	1.07868	3201
2024-10-24 04:00:00	1.07868	1.07919	1.07868	1.07913	3275
2024-10-24 04:30:00	1.07914	1.07935	1079	1.07931	3308
2024-10-24 05:00:00	1.07931	1.07932	1.07899	1.07909	5531
2024-10-24 05:30:00	1.07909	1.07915	1.07884	1.07888	5508
2024-10-24 06:00:00	1.07887	1.07906	1.07862	1.07867	6575
2024-10-24 06:30:00	1.07866	1.07893	1.07816	1.07833	7674
2024-10-24 07:00:00	1.07833	1.07887	1.07706	1.07728	12287
2024-10-24 07:30:00	1.07735	1.07987	1.07724	1.07955	10635
2024-10-24 08:00:00	1.07954	1.08047	1.07954	1.07999	12835
2024-10-24 08:30:00	1.07999	1.0808	1.07966	1.0803	8283
2024-10-24 09:00:00	1.0803	1.08052	1.07964	1.08018	5668
2024-10-24 09:30:00	1.08017	1.08036	1.07954	1.07968	4739
2024-10-24 10:00:00	1.07969	1.0803	1.0796	1.08003	3430
2024-10-24 10:30:00	1.08004	1.08042	1.07988	1.07989	4086
2024-10-24 11:00:00	1.07989	1.08029	1.0794	1.07946	5168
2024-10-24 11:30:00	1.07946	1.07966	1.0792	1.0795	5852
2024-10-24 12:00:00	1.0795	1.08039	1.0795	1.08028	6688
2024-10-24 12:30:00	1.08028	1.08028	1.07881	1.07965	16832
2024-10-24 13:00:00	1.07965	1.08054	1.07962	1.08048	7263
2024-10-24 13:30:00	1.08047	1.08113	1.0795	1.08	10310
2024-10-24 14:00:00	1.07999	1.08107	1.07979	1.08007	12304
2024-10-24 14:30:00	1.08007	1.08052	1.07969	1.07978	10822
2024-10-24 15:00:00	1.07979	1.0803	1.07969	1.0801	5851
2024-10-24 15:30:00	1.0801	1.08054	1.07963	1.08049	5575
2024-10-24 16:00:00	1.0805	1.08058	1.08026	1.08045	4585
2024-10-24 16:30:00	1.08045	1.0811	1.08043	1.08107	2873
2024-10-24 17:00:00	1.08108	1.08231	1.08106	1.08217	3116
2024-10-24 17:30:00	1.08218	1.08243	1.08195	1.08208	3487
2024-10-24 18:00:00	1.08206	1.0821	1.08183	1.08183	3152
2024-10-24 18:30:00	1.08182	1.08259	1.08177	1.08229	3974
2024-10-24 19:00:00	1.08228	1.08254	1.08212	1.0824	4978
2024-10-24 19:30:00	1.0824	1.08289	1.08238	1.08289	4948
2024-10-24 20:00:00	1.0829	1.08298	1.0827	1.08277	2203
2024-10-24 20:30:00	1.08278	1.08289	1.08271	1.08274	2496
2024-10-24 21:00:00	1.0827	1.08281	1.08235	1.0828	276
2024-10-24 21:30:00	1.08281	1.08284	1.08268	1.08281	438
2024-10-24 22:00:00	1.0828	1.08285	1.08273	1.08273	737
2024-10-24 22:30:00	1.08273	1.08277	1.08241	1.08241	522
2024-10-24 23:00:00	1.08241	1.08245	1.08231	1.08238	641
2024-10-24 23:30:00	1.08238	1.08244	1.08226	1.08237	636
2024-10-25 00:00:00	1.08239	1.0825	1.08204	1.08217	2138
2024-10-25 00:30:00	1.08217	1.08227	1.08201	1.08218	2619
2024-10-25 01:00:00	1.08217	1.08239	1082	1.08219	3107
2024-10-25 01:30:00	1.08219	1.08249	1.08213	1.08234	2585
2024-10-25 02:00:00	1.08234	1.08273	1.08228	1.08263	2285
2024-10-25 02:30:00	1.08264	1.08275	1.08241	1.08259	2582
2024-10-25 03:00:00	1.08258	1.08258	1.08216	1.08232	2724
2024-10-25 03:30:00	1.08231	1.08234	1.08201	1.08217	2648
2024-10-25 04:00:00	1.08216	1.08226	1.08206	1.08207	3114
2024-10-25 04:30:00	1.08207	1.08231	1.08205	1.08218	1981
2024-10-25 05:00:00	1.08217	1.08253	1.08211	1.08251	2773
2024-10-25 05:30:00	1.08251	1.08254	1.08208	1.08215	2663
2024-10-25 06:00:00	1.08217	1.08226	1.08162	1.08183	2923
2024-10-25 06:30:00	1.08182	1.08192	1.08145	1.08155	2971
2024-10-25 07:00:00	1.08155	1.08249	1.08136	1.08245	4164
2024-10-25 07:30:00	1.08243	1.08273	1.08205	1.08242	4197
2024-10-25 08:00:00	1.08242	1.08372	1.08216	1.08332	4895
2024-10-25 08:30:00	1.08332	1.08332	1.08222	1.08237	3392
2024-10-25 09:00:00	1.08238	1.08271	1.08223	1.08263	2958
2024-10-25 09:30:00	1.08263	1.08271	1.08221	1.08226	2202
2024-10-25 10:00:00	1.08226	1.08275	1.08223	1.08256	2155
2024-10-25 10:30:00	1.08256	1.08277	1.08231	1.08241	2046
2024-10-25 11:00:00	1.08241	1.08262	1.08219	1.08225	1973
2024-10-25 11:30:00	1.08226	1.0829	1.08214	1.08214	3105
2024-10-25 12:00:00	1.08214	1.0826	1.08214	1.08245	3190
2024-10-25 12:30:00	1.08246	1.08392	1.0821	1.08384	6991
2024-10-25 13:00:00	1.08384	1.08386	1.08276	1.08298	5523
2024-10-25 13:30:00	1083	1.08357	1.08257	1.0834	5817
2024-10-25 14:00:00	1.08339	1.08375	1.08315	1.0836	8195
2024-10-25 14:30:00	1.08361	1.08364	1.08267	1.08307	8703
2024-10-25 15:00:00	1.08307	1.08347	1.08198	1.08202	7477
2024-10-25 15:30:00	1.08202	1.08219	1.08107	1.08121	5496
2024-10-25 16:00:00	1.08121	1.08121	1.08072	1.08089	4050
2024-10-25 16:30:00	1.08088	1.08088	1.08025	1.08048	3223
2024-10-25 17:00:00	1.08049	1.08065	1.0802	1.08034	3142
2024-10-25 17:30:00	1.08033	1.08057	1.08021	1.08031	3557
2024-10-25 18:00:00	1.08032	1.08042	1.07988	1.08011	3622
2024-10-25 18:30:00	1.08011	1.08047	1.08001	1.08029	2903
2024-10-25 19:00:00	1.08028	1.08029	1.07955	1.07956	4092
2024-10-25 19:30:00	1.07956	1.07959	1.0793	1.07956	3749
2024-10-25 20:00:00	1.07957	1.07972	1.07951	1.07959	3176
2024-10-25 20:30:00	1.0796	1.07962	1.07945	1.07945	4917
2024-10-27 21:00:00	1.07933	1.07945	1.07867	1.07904	252
2024-10-27 21:30:00	1.07903	1.0794	1.07884	1.07939	309
2024-10-27 22:00:00	1.07938	1.07962	1.07866	1.07952	2335
2024-10-27 22:30:00	1.07952	1.07982	1.07933	1.07956	3118
2024-10-27 23:00:00	1.07957	1.08013	1.07956	1.08009	3737
2024-10-27 23:30:00	1.08008	1.08015	1.07938	1.0796	3699
2024-10-28 00:00:00	1.0796	1.08005	1.07946	1.07953	5065
2024-10-28 00:30:00	1.07954	1.08012	1.07939	1.0794	6629
2024-10-28 01:00:00	1.07941	1.07959	1.07902	1.07938	6490
2024-10-28 01:30:00	1.07938	1.07942	1.0791	1.0791	7292
2024-10-28 02:00:00	1.07909	1.07955	1.07904	1.07929	5443
2024-10-28 02:30:00	1.07929	1.07929	1.07858	1.07884	4394
2024-10-28 03:00:00	1.07886	1.07898	1.07869	1.07875	4386
2024-10-28 03:30:00	1.07873	1.0788	1.0782	1.07828	4200
2024-10-28 04:00:00	1.07829	1.07857	1.07827	1.07852	2414
2024-10-28 04:30:00	1.07851	1.0789	1.07847	1.07876	2843
2024-10-28 05:00:00	1.07876	1.0788	1.07819	1.0784	4352
2024-10-28 05:30:00	1.07839	1.07883	1.07833	1.07877	3430
2024-10-28 06:00:00	1.07877	1.07949	1.07862	1.07909	5069
2024-10-28 06:30:00	1.07908	1.07966	1.07904	1.07941	4563
2024-10-28 07:00:00	1.0794	1.08	1.07932	1.07989	4817
2024-10-28 07:30:00	1.07989	1.08056	1.07966	1.08042	4225
2024-10-28 08:00:00	1.08042	1.08163	1.08009	1.08141	6581
2024-10-28 08:30:00	1.08142	1.08213	1.08093	1.08191	4988
2024-10-28 09:00:00	1.08191	1.08199	1.08128	1.08139	5909
2024-10-28 09:30:00	1.08138	1.08156	1.08084	1.0813	4807
2024-10-28 10:00:00	1.08134	1.08194	1.08109	1.08118	6379
2024-10-28 10:30:00	1.0812	1.08188	1.08119	1.08166	4518
2024-10-28 11:00:00	1.08165	1082	1.08161	1.08176	3450
2024-10-28 11:30:00	1.08177	1.08196	1.08151	1.08194	3171
2024-10-28 12:00:00	1.08194	1.08261	1.0819	1.08236	5359
2024-10-28 12:30:00	1.08236	1.08256	1.08131	1.08155	8685
2024-10-28 13:00:00	1.08154	1.08204	1.0814	1.0816	5553
2024-10-28 13:30:00	1.08161	1.08224	1.08141	1.08203	5343
2024-10-28 14:00:00	1.08204	1.08244	1.08152	1.08235	5727
2024-10-28 14:30:00	1.08235	1.08276	1.08184	1.08242	7208
2024-10-28 15:00:00	1.08242	1.08252	1.08176	1.08186	5594
2024-10-28 15:30:00	1.08186	1.08194	1.08137	1.08188	7567
2024-10-28 16:00:00	1.08187	1.08262	1.08171	1.08208	7113
2024-10-28 16:30:00	1.08207	1.08211	1.08145	1.08154	4322
2024-10-28 17:00:00	1.08154	1.08179	1.0813	1.08157	3952
2024-10-28 17:30:00	1.08158	1.08178	1.08133	1.08136	3605
2024-10-28 18:00:00	1.08135	1.08145	1.08099	1.08116	3585
2024-10-28 18:30:00	1.08116	1.08149	1.08112	1.0812	2361
2024-10-28 19:00:00	1.08119	1.08162	1.08112	1.08156	2433
2024-10-28 19:30:00	1.08157	1.0819	1.08149	1.08152	2807
2024-10-28 20:00:00	1.08153	1.08174	1.08139	1.08157	1267
2024-10-28 20:30:00	1.08157	1.08158	1.08114	1.08119	2291
2024-10-28 21:00:00	1.08117	1.08136	1.08117	1.08133	378
2024-10-28 21:30:00	1.08134	1.08143	1.08124	1.0814	318
2024-10-28 22:00:00	1.08143	1.08143	1.08114	1.08119	750
2024-10-28 22:30:00	1.08117	1.08128	1.08111	1.08124	1119
2024-10-28 23:00:00	1.08125	1.08137	1.08112	1.08112	1095
2024-10-28 23:30:00	1.08111	1.08178	1.08107	1.08176	1029
2024-10-29 00:00:00	1.08175	1.08192	1.08152	1.08177	2845
2024-10-29 00:30:00	1.08177	1.08183	1.08128	1.08158	5388
2024-10-29 01:00:00	1.08158	1.08169	1.0812	1.08121	5323
2024-10-29 01:30:00	1.08121	1.08168	1.08116	1.08157	5992
2024-10-29 02:00:00	1.08157	1.08181	1.08146	1.08178	3491
2024-10-29 02:30:00	1.08178	1.0818	1.08114	1.08122	3525
2024-10-29 03:00:00	1.08122	1.08133	1.0809	1.08099	3370
2024-10-29 03:30:00	1081	1.08102	1.08061	1.0808	3660
2024-10-29 04:00:00	1.0808	1.0809	1.08071	1.08077	3223
2024-10-29 04:30:00	1.08077	1.08086	1.08066	1.08086	1794
2024-10-29 05:00:00	1.08087	1.08115	1.08086	1.08111	4332
2024-10-29 05:30:00	1.08112	1.08133	1.08096	1.08111	4129
2024-10-29 06:00:00	1.08111	1.08112	1.08066	1.08071	3240
2024-10-29 06:30:00	1.08071	1.08139	1.0807	1.08113	3167
2024-10-29 07:00:00	1.08112	1.08132	1.08054	1.08113	4507
2024-10-29 07:30:00	1.08113	1.08161	1.08095	1.08095	4790
2024-10-29 08:00:00	1.08094	1.0819	1.08094	1.0819	6391
2024-10-29 08:30:00	1.08191	1.08204	1.08151	1.08185	8060
2024-10-29 09:00:00	1.08184	1.08246	1.08182	1.08241	4717
2024-10-29 09:30:00	1.08242	1.08263	1.08131	1.08178	3902
2024-10-29 10:00:00	1.08179	1.08209	1.08071	1.08084	4509
2024-10-29 10:30:00	1.08083	1.08099	1.08034	1.08055	4875
2024-10-29 11:00:00	1.08056	1.0806	1.07967	1.0798	7197
2024-10-29 11:30:00	1.07982	1.08038	1.07971	1.07992	5351
2024-10-29 12:00:00	1.07991	1.07997	1.0788	1.07881	7281
2024-10-29 12:30:00	1.07881	1.07885	1.07721	1.07774	9231
2024-10-29 13:00:00	1.07775	1.07817	1.07688	1.07789	11149
2024-10-29 13:30:00	1.07789	1.0791	1.0777	1.07877	7924
2024-10-29 14:00:00	1.07879	1.08121	1.07879	1.08053	22722
2024-10-29 14:30:00	1.08053	1.08104	1.07998	1.08003	15185
2024-10-29 15:00:00	1.08005	1.08011	1.07851	1.07878	10541
2024-10-29 15:30:00	1.07878	1.07991	1.07877	1.07975	10368
2024-10-29 16:00:00	1.07974	1.08075	1.07974	1.08011	9554
2024-10-29 16:30:00	1.0801	1.0801	1.07923	1.0799	6887
2024-10-29 17:00:00	1.07989	1.08111	1.0798	1.08045	9565
2024-10-29 17:30:00	1.08046	1.08068	1.08006	1.08057	4467
2024-10-29 18:00:00	1.08057	1.08105	1.0803	1.08102	4782
2024-10-29 18:30:00	1.08101	1.08163	1.08092	1.08134	2663
2024-10-29 19:00:00	1.08134	1.08152	1.08108	1.08127	4247
2024-10-29 19:30:00	1.0813	1.08151	1.08114	1.08139	4590
2024-10-29 20:00:00	1.08139	1.08168	1.0813	1.08147	1644
2024-10-29 20:30:00	1.08147	1.08183	1.08147	1.08179	3114
2024-10-29 21:00:00	1.08178	1.08178	1.08121	1.0816	298
2024-10-29 21:30:00	1.0816	1.08163	1.08148	1.08153	215
2024-10-29 22:00:00	1.08153	1.08188	1.08149	1.08188	815
2024-10-29 22:30:00	1.08189	1.08214	1.08188	1.08198	1034
2024-10-29 23:00:00	1082	1.08217	1.08193	1.08209	1233
2024-10-29 23:30:00	1.08207	1.08207	1.0818	1.08197	1715
2024-10-30 00:00:00	1.08196	1.08259	1.08195	1.08238	2013
2024-10-30 00:30:00	1.08237	1.08252	1.08202	1.08218	5145
2024-10-30 01:00:00	1.08217	1.08257	1082	1.08251	5803
2024-10-30 01:30:00	1.08251	1.08254	1.08209	1.08215	6400
2024-10-30 02:00:00	1.08215	1.08215	1.0818	1.08183	5399
2024-10-30 02:30:00	1.08184	1.08192	1.08173	1.08182	5326
2024-10-30 03:00:00	1.0818	1.0818	1.08147	1.0815	5531
2024-10-30 03:30:00	1.0815	1.08156	1.08136	1.08141	5606
2024-10-30 04:00:00	1.08141	1.08158	1.0813	1.08158	2339
2024-10-30 04:30:00	1.08159	1.08177	1.08159	1.08165	2518
2024-10-30 05:00:00	1.08166	1.08168	1.0815	1.08155	3336
2024-10-30 05:30:00	1.08154	1.08163	1.0814	1.08156	2659
2024-10-30 06:00:00	1.08155	1.08216	1.08155	1.08216	4096
2024-10-30 06:30:00	1.08217	1.08263	1.08217	1.08234	4837
2024-10-30 07:00:00	1.08236	1.0824	1.08184	1.08208	4499
2024-10-30 07:30:00	1.08207	1.08219	1.08158	1.08191	4276
2024-10-30 08:00:00	1.0819	1.08444	1.0819	1.08443	13269
2024-10-30 08:30:00	1.08442	1.08447	1.08339	1.08344	12162
2024-10-30 09:00:00	1.08344	1.08593	1.08344	1.08375	12488
2024-10-30 09:30:00	1.08376	1.08407	1.08327	1.08397	6241
2024-10-30 10:00:00	1.08398	1.08439	1.0837	1.08383	5220
2024-10-30 10:30:00	1.08383	1.08383	1.0831	1.08343	5522
2024-10-30 11:00:00	1.08343	1.08353	1083	1.08322	5415
2024-10-30 11:30:00	1.08324	1.08336	1.08216	1.08242	4901
2024-10-30 12:00:00	1.08242	1.08294	1.08099	1.08105	11120
2024-10-30 12:30:00	1.08101	1.08177	1.08079	1.08138	15175
2024-10-30 13:00:00	1.08139	1.08207	1.08113	1.08207	15690
2024-10-30 13:30:00	1.08206	1.08443	1.08202	1.08433	16708
2024-10-30 14:00:00	1.08437	1.08542	1.0842	1.08473	11780
2024-10-30 14:30:00	1.08472	1.08577	1.08461	1.08488	14265
2024-10-30 15:00:00	1.0849	1.08581	1.08417	1.08566	10494
2024-10-30 15:30:00	1.08567	1.08668	1.08566	1.08637	9341
2024-10-30 16:00:00	1.08636	1.08655	1.0857	1.08596	6565
2024-10-30 16:30:00	1.08596	1.08655	1.0858	1.08611	7230
2024-10-30 17:00:00	1.0861	1.08647	1.08537	1.08647	5958
2024-10-30 17:30:00	1.08648	1.08687	1.08609	1.0866	4657
2024-10-30 18:00:00	1.08662	1.08707	1.08651	1.08681	2838
2024-10-30 18:30:00	1.08681	1.08713	1.08677	1.08692	2845
2024-10-30 19:00:00	1.08692	1.08692	1.08562	1.08609	7817
2024-10-30 19:30:00	1.08608	1.08633	1.08588	1.08604	4393
2024-10-30 20:00:00	1.08605	1.08618	1.08561	1.08569	3260
2024-10-30 20:30:00	1.08571	1.08605	1.08551	1.08555	4068
2024-10-30 21:00:00	1.08551	1.0859	1.08551	1.08584	282
2024-10-30 21:30:00	1.08584	1.08585	1.08561	1.08572	670
2024-10-30 22:00:00	1.08581	1.08585	1.08538	1.08558	1535
2024-10-30 22:30:00	1.08559	1.08586	1.08557	1.08584	1357
2024-10-30 23:00:00	1.08586	1086	1.08581	1.08592	1496
2024-10-30 23:30:00	1.08594	1.08599	1.08578	1.08582	992
2024-10-31 00:00:00	1.08581	1.08592	1.08558	1.08558	2004
2024-10-31 00:30:00	1.08558	1.08558	1.0853	1.08534	3583
2024-10-31 01:00:00	1.08533	1.08581	1.08527	1.08536	4142
2024-10-31 01:30:00	1.08537	1.08544	1.08441	1.08446	6080
2024-10-31 02:00:00	1.08446	1.08498	1.08443	1.0848	3719
2024-10-31 02:30:00	1.08479	1.08511	1.08468	1.0849	4260
2024-10-31 03:00:00	1.08491	1.08525	1.0849	1.08521	2980
2024-10-31 03:30:00	1.0852	1.08533	1.08485	1.08498	3605
2024-10-31 04:00:00	1.08497	1.08497	1.0845	1.08456	4067
2024-10-31 04:30:00	1.08455	1.08496	1.08454	1.08478	4010
2024-10-31 05:00:00	1.08477	1.08497	1.08465	1.08487	2661
2024-10-31 05:30:00	1.08488	1.0852	1.08485	1.08512	2851
2024-10-31 06:00:00	1.08513	1.08516	1.08492	1.08504	4761
2024-10-31 06:30:00	1.08509	1.08557	1.0848	1.08517	5414
2024-10-31 07:00:00	1.08516	1.08548	1.08476	1.08536	5876
2024-10-31 07:30:00	1.08537	1.08635	1.08537	1.08589	7009
2024-10-31 08:00:00	1.0859	1.0861	1.08518	1.08568	7683
2024-10-31 08:30:00	1.08568	1.08593	1.08511	1.08561	6208
2024-10-31 09:00:00	1.08563	1.08597	1.08542	1.08572	6717
2024-10-31 09:30:00	1.08571	1.08673	1.08557	1.08665	5497
2024-10-31 10:00:00	1.08663	1.08753	1.08646	1.08737	6220
2024-10-31 10:30:00	1.08738	1.08741	1.08664	1.0867	4273
2024-10-31 11:00:00	1.08669	1.08672	1.08624	1.08637	4596
2024-10-31 11:30:00	1.08635	1.08698	1.08591	1.0868	7138
2024-10-31 12:00:00	1.08682	1.08775	1.08661	1.08727	7004
2024-10-31 12:30:00	1.08727	1.08866	1.08639	1.08797	21306
2024-10-31 13:00:00	1.08796	1.08847	1.08721	1.08793	11938
2024-10-31 13:30:00	1.08793	1.08881	1.08559	1.08594	13625
2024-10-31 14:00:00	1.08594	1.08714	1.08515	1.08713	14603
2024-10-31 14:30:00	1.08713	1.08767	1.08625	1.08655	12335
2024-10-31 15:00:00	1.08654	1.08654	1.0851	1.08539	11619
2024-10-31 15:30:00	1.08539	1.08609	1.08461	1.08554	11814
2024-10-31 16:00:00	1.08554	1.08629	1.08536	1.08579	11154
2024-10-31 16:30:00	1.08578	1.08629	1.08552	1.0858	5283
2024-10-31 17:00:00	1.08581	1.08643	1.08574	1.08588	5756
2024-10-31 17:30:00	1.08587	1.08617	1.08554	1.08615	3896
2024-10-31 18:00:00	1.08616	1.08731	1.08606	1.08668	4255
2024-10-31 18:30:00	1.08669	1.08728	1.08638	1.08704	6862
2024-10-31 19:00:00	1.08705	1.08755	1.08679	1.08714	6135
2024-10-31 19:30:00	1.08714	1.08783	1.08705	1.08773	5153
2024-10-31 20:00:00	1.08775	1.08832	1.08772	1.08827	2808
2024-10-31 20:30:00	1.08826	1.08851	1.08814	1.08833	3125
2024-10-31 21:00:00	1.0883	1.08855	1.08823	1.08833	324
2024-10-31 21:30:00	1.08833	1.08835	1.08815	1.08821	513
2024-10-31 22:00:00	1.0882	1.08844	1.0881	1.0883	960
2024-10-31 22:30:00	1.08829	1.08863	1.08829	1.08859	916
2024-10-31 23:00:00	1.0886	1.08863	1.08839	1.08845	1850
2024-10-31 23:30:00	1.08844	1.08859	1.08834	1.08839	1585
2024-11-01 00:00:00	1.08838	1.08843	1.08804	1.08812	3619
2024-11-01 00:30:00	1.08811	1.08874	1.08805	1.08866	2778
2024-11-01 01:00:00	1.08866	1.08885	1.08854	1.08854	3779
2024-11-01 01:30:00	1.08853	1.08853	1.08785	1.08798	9042
2024-11-01 02:00:00	1.08799	1.08811	1.08772	1.08808	5160
2024-11-01 02:30:00	1.08808	1.08809	1.08765	1.08782	5378
2024-11-01 03:00:00	1.08783	1.08787	1.08751	1.08763	5183
2024-11-01 03:30:00	1.08763	1.08789	1.08761	1.08763	2358
2024-11-01 04:00:00	1.08762	1.08789	1.08757	1.08789	1909
2024-11-01 04:30:00	1.08789	1.08789	1.08763	1.0877	2767
2024-11-01 05:00:00	1.08771	1.0878	1.08732	1.08737	3666
2024-11-01 05:30:00	1.08737	1.08738	1.08708	1.08716	5421
2024-11-01 06:00:00	1.08716	1.0875	1.08708	1.0874	4782
2024-11-01 06:30:00	1.08739	1.08748	1.08711	1.08729	4777
2024-11-01 07:00:00	1.08729	1.08775	1.08729	1.08758	3347
2024-11-01 07:30:00	1.08759	1.08774	1.08679	1.08679	4803
2024-11-01 08:00:00	1.08679	1.0868	1.08573	1.08604	8485
2024-11-01 08:30:00	1.08603	1.08654	1.08585	1.08622	5958
2024-11-01 09:00:00	1.08622	1.08684	1.08583	1.08591	4915
2024-11-01 09:30:00	1.08592	1.08619	1.0858	1.08583	4904
2024-11-01 10:00:00	1.08582	1.08585	1.0854	1.08557	6950
2024-11-01 10:30:00	1.08558	1.08611	1.08524	1.08606	3291
2024-11-01 11:00:00	1.08607	1.08649	1.08592	1086	3270
2024-11-01 11:30:00	1086	1.08693	1.08588	1.08679	2980
2024-11-01 12:00:00	1.0868	1.08708	1.08596	1.08596	10957
2024-11-01 12:30:00	1.08601	1.09057	1.08601	1.08861	28217
2024-11-01 13:00:00	1.08862	1.08896	1.08693	1.08704	18409
2024-11-01 13:30:00	1.08703	1.08785	1.08655	1.08693	13075
2024-11-01 14:00:00	1.08683	1.0875	1.08556	1.08585	15992
2024-11-01 14:30:00	1.08585	1.08617	1.08499	1.08544	12906
2024-11-01 15:00:00	1.08544	1.08586	1.08505	1.08544	10979
2024-11-01 15:30:00	1.08546	1.08563	1.08472	1.08484	8657
2024-11-01 16:00:00	1.08485	1.0854	1.08475	1.08488	5807
2024-11-01 16:30:00	1.08489	1.08543	1.08463	1.08524	5389
2024-11-01 17:00:00	1.08524	1.08529	1.08456	1.08462	4353
2024-11-01 17:30:00	1.08462	1.08462	1.0834	1.08361	5997
2024-11-01 18:00:00	1.0836	1.08415	1.08359	1.08409	5261
2024-11-01 18:30:00	1.08409	1.08455	1.08374	1.08393	6278
2024-11-01 19:00:00	1.08389	1.08416	1.08368	1.0837	4022
2024-11-01 19:30:00	1.08371	1.08378	1.08344	1.08358	3263
2024-11-01 20:00:00	1.08359	1.0837	1.08317	1.08323	2288
2024-11-01 20:30:00	1.08322	1.08353	1.0832	1.08327	6356
2024-11-03 22:00:00	1.08778	1088	1.08749	1.08767	1496
2024-11-03 22:30:00	1.08767	1.08809	1.08766	1.08806	657
2024-11-03 23:00:00	1.08811	1.08811	1.08719	1.0876	4545
2024-11-03 23:30:00	1.0876	1.0877	1.08727	1.08727	4646
2024-11-04 00:00:00	1.08728	1.08747	1.08699	1.08717	5152
2024-11-04 00:30:00	1.08718	1.08791	1.08709	1.08771	4594
2024-11-04 01:00:00	1.08772	1.08868	1.08767	1.08844	4600
2024-11-04 01:30:00	1.08844	1.08912	1.08821	1.08882	6548
2024-11-04 02:00:00	1.08882	1.08902	1.08847	1.08886	8099
2024-11-04 02:30:00	1.08887	1.08942	1.08867	1.08941	7721
2024-11-04 03:00:00	1.08942	1.0901	1.08942	1.08987	8936
2024-11-04 03:30:00	1.0899	1.09049	1.08965	1.09015	4225
2024-11-04 04:00:00	1.09015	1.0903	1.0898	1.08987	5325
2024-11-04 04:30:00	1.08989	1.09026	1.08967	1.08974	4573
2024-11-04 05:00:00	1.08973	1.08975	1.08942	1.08951	5865
2024-11-04 05:30:00	1.0895	1.08999	1.08945	1.08988	6833
2024-11-04 06:00:00	1.08988	1.09019	1.08949	1.0897	6762
2024-11-04 06:30:00	1.08969	1.08976	1.08912	1.08915	7940
2024-11-04 07:00:00	1.08915	1.08946	1.08871	1.08891	8492
2024-11-04 07:30:00	1.0889	1.08955	1.08881	1.08912	4413
2024-11-04 08:00:00	1.08913	1.09007	1.08896	1.08952	7464
2024-11-04 08:30:00	1.08952	1.08956	1.08892	1.08928	7523
2024-11-04 09:00:00	1.08927	1.08983	1.08911	1.08975	6018
2024-11-04 09:30:00	1.08976	1.09021	1.0895	1.08962	6095
2024-11-04 10:00:00	1.08961	1.08984	1.08936	1.08968	4667
2024-11-04 10:30:00	1.08967	1.09028	1.08965	1.09016	3145
2024-11-04 11:00:00	1.09016	1.09047	1.09001	1.09014	5897
2024-11-04 11:30:00	1.09015	1.0914	1.08995	1.09134	4240
2024-11-04 12:00:00	1.09133	1.09147	1.09025	1.09081	7214
2024-11-04 12:30:00	1.09084	1.09091	1.09015	1.09045	6283
2024-11-04 13:00:00	1.09046	1.0909	1.08939	1.08952	8162
2024-11-04 13:30:00	1.08951	1.09092	1.08933	1.09052	6972
2024-11-04 14:00:00	1.0905	1.09096	1.09002	1.0901	8445
2024-11-04 14:30:00	1.0901	1.09051	1.08955	1.08997	11624
2024-11-04 15:00:00	1.08995	1.09081	1.08981	1.09028	12795
2024-11-04 15:30:00	1.09028	1.09074	1.0896	1.08992	9870
2024-11-04 16:00:00	1.08992	1.09009	1.08859	1.08888	7519
2024-11-04 16:30:00	1.08887	1.0892	1.08802	1.0884	7377
2024-11-04 17:00:00	1.08841	1.08933	1.08798	1.0892	5048
2024-11-04 17:30:00	1.08921	1.08937	1.08825	1.08887	4999
2024-11-04 18:00:00	1.08887	1.08891	1.08797	1.08798	5022
2024-11-04 18:30:00	1.08799	1.08872	1.08781	1.08852	3539
2024-11-04 19:00:00	1.08853	1.08857	1.08796	1.08797	2841
2024-11-04 19:30:00	1.08796	1.08835	1.08777	1.08788	2719
2024-11-04 20:00:00	1.08788	1.08814	1.08771	1.08786	2373
2024-11-04 20:30:00	1.08785	1.08787	1.08753	1.08756	3160
2024-11-04 21:00:00	1.08756	1.08761	1.08739	1.08743	986
2024-11-04 21:30:00	1.08743	1.08775	1.08743	1.08767	1564
2024-11-04 22:00:00	1.08757	1.0878	1.08752	1.08773	266
2024-11-04 22:30:00	1.08772	1.08787	1.08772	1.08786	211
2024-11-04 23:00:00	1.08786	1.08787	1.08773	1.08774	529
2024-11-04 23:30:00	1.08774	1.08774	1.08733	1.08735	1316
2024-11-05 00:00:00	1.08736	1.08756	1.0873	1.08747	1529
2024-11-05 00:30:00	1.08746	1.08765	1.08724	1.08756	1775
2024-11-05 01:00:00	1.08756	1.08759	1.0873	1.08739	2546
2024-11-05 01:30:00	1.08739	1.0878	1.08733	1.08775	3792
2024-11-05 02:00:00	1.08776	1.08794	1.08765	1.08787	2860
2024-11-05 02:30:00	1.08788	1.08797	1.08753	1.08773	2741
2024-11-05 03:00:00	1.08773	1.08788	1.08768	1.08785	3849
2024-11-05 03:30:00	1.08785	1.08795	1.08752	1.08757	2874
2024-11-05 04:00:00	1.08757	1.08783	1.08753	1.08778	3074
2024-11-05 04:30:00	1.08778	1.08779	1.08743	1.08752	3034
2024-11-05 05:00:00	1.08752	1.08773	1.08749	1.08769	2258
2024-11-05 05:30:00	1.08768	1088	1.08768	1.08786	1932
2024-11-05 06:00:00	1.08785	1.08804	1.08769	1.08778	2616
2024-11-05 06:30:00	1.08778	1.08822	1.08778	1.08808	2233
2024-11-05 07:00:00	1.08809	1.08898	1.08809	1.08874	4981
2024-11-05 07:30:00	1.08875	1.08907	1.08858	1.08886	4578
2024-11-05 08:00:00	1.08888	1.08903	1.08842	1.08881	9647
2024-11-05 08:30:00	1.08882	1.08941	1.08878	1.08919	4372
2024-11-05 09:00:00	1.08918	1.08976	1.08915	1.08926	4113
2024-11-05 09:30:00	1.08927	1.08937	1.08902	1.08917	3773
2024-11-05 10:00:00	1.08919	1.08938	1.08908	1.08918	4066
2024-11-05 10:30:00	1.08918	1.08944	1.0891	1.08939	2838
2024-11-05 11:00:00	1.08939	1.09015	1.08927	1.0901	3036
2024-11-05 11:30:00	1.0901	1.09017	1.08974	1.08994	4918
2024-11-05 12:00:00	1.08994	1.09014	1.08945	1.08956	3165
2024-11-05 12:30:00	1.08957	1.08976	1.0894	1.08957	3187
2024-11-05 13:00:00	1.08958	1.0898	1.08926	1.08926	3800
2024-11-05 13:30:00	1.08927	1.08985	1.08895	1.08927	6351
2024-11-05 14:00:00	1.08927	1.09108	1.08924	1.09073	7043
2024-11-05 14:30:00	1.09074	1.09111	1.09018	1.09061	10503
2024-11-05 15:00:00	1.09058	1.09074	1.08894	1.09037	12263
2024-11-05 15:30:00	1.09038	1.09122	1.09013	1.0902	10307
2024-11-05 16:00:00	1.09021	1.09195	1.09011	1.09151	6241
2024-11-05 16:30:00	1.09152	1.09205	1.0914	1.09199	4523
2024-11-05 17:00:00	1092	1.09249	1.09181	1.09246	4373
2024-11-05 17:30:00	1.09246	1.09303	1.09232	1.09302	3627
2024-11-05 18:00:00	1.09301	1.09359	1.09289	1.09354	5057
2024-11-05 18:30:00	1.09354	1.09365	1.09288	1.09303	7693
2024-11-05 19:00:00	1.09303	1.09334	1.09269	1.09316	7160
2024-11-05 19:30:00	1.09316	1.0934	1.09299	1.0931	5198
2024-11-05 20:00:00	1.09311	1.09311	1.09269	1.09278	1935
2024-11-05 20:30:00	1.09277	1.09281	1.09241	1.09251	1889
2024-11-05 21:00:00	1.0925	1.09267	1.09241	1.09252	1091
2024-11-05 21:30:00	1.0925	1093	1.09244	1.09294	1493
2024-11-05 22:00:00	1.09235	1.09277	1.09235	1.09277	781
2024-11-05 22:30:00	1.09278	1.09292	1.09235	1.09235	479
2024-11-05 23:00:00	1.09238	1.09269	1.09118	1.09173	3337
2024-11-05 23:30:00	1.09173	1.09369	1.09165	1.09339	6878
2024-11-06 00:00:00	1.09338	1.09339	1.08785	1.08785	25013
2024-11-06 00:30:00	1.08786	1.08821	1.08319	1.08362	34817
2024-11-06 01:00:00	1.08367	1.08571	1.08214	1.08354	28699
2024-11-06 01:30:00	1.08353	1.08502	1.08282	1.08364	22030
2024-11-06 02:00:00	1.08363	1.08392	1.07821	1.07823	28085
2024-11-06 02:30:00	1.07821	1.07923	1.07616	1.07624	34651
2024-11-06 03:00:00	1.07626	1.07795	1.07464	1.07615	31706
2024-11-06 03:30:00	1.07614	1.07635	1.0719	1.07464	26878
2024-11-06 04:00:00	1.07463	1.07658	1.07393	1.07541	21856
2024-11-06 04:30:00	1.07542	1.07879	1.07521	1.07775	21083
2024-11-06 05:00:00	1.07774	1.07944	1.07683	1.07759	27178
2024-11-06 05:30:00	1.0776	1.07763	1075	1076	23110
2024-11-06 06:00:00	1.07601	1.07615	1.07203	1.07204	23852
2024-11-06 06:30:00	1.07205	1.07276	1.07027	1.07252	25481
2024-11-06 07:00:00	1.07258	1.07523	1.07258	1.07492	27609
2024-11-06 07:30:00	1.0749	1.07497	1.0727	1.07342	23806
2024-11-06 08:00:00	1.07342	1.07545	1.0732	1.07506	19577
2024-11-06 08:30:00	1.07511	1.07812	1.0747	1.07731	21419
2024-11-06 09:00:00	1.07731	1.07741	1075	1.07559	19558
2024-11-06 09:30:00	1.07559	1.07647	1.0752	1.07551	16920
2024-11-06 10:00:00	1.07551	1.07618	1.07415	1.07579	11646
2024-11-06 10:30:00	1.07579	1.07583	1.07462	1.07465	10350
2024-11-06 11:00:00	1.07463	1.07467	1.07137	1.0717	18030
2024-11-06 11:30:00	1.0717	1.07214	1.07011	1.0708	18257
2024-11-06 12:00:00	1.07081	1.07187	1.0697	1.06976	23465
2024-11-06 12:30:00	1.06974	1.07006	1.06824	1.06885	19868
2024-11-06 13:00:00	1.06884	1.07143	1.06824	1.07041	21735
2024-11-06 13:30:00	1.0704	1.07192	1.07021	1.07098	18834
2024-11-06 14:00:00	1.07097	1.07199	1.07085	1.07094	16538
2024-11-06 14:30:00	1.07094	1.0719	1.06984	1.07156	18938
2024-11-06 15:00:00	1.07157	1.07374	1.07141	1.07282	19539
2024-11-06 15:30:00	1.07283	1.07397	1.07201	1.07383	20433
2024-11-06 16:00:00	1.07383	1.07452	1.07275	1.07308	17376
2024-11-06 16:30:00	1.07309	1.07326	1.0726	1.07313	9847
2024-11-06 17:00:00	1.07312	1.07447	1.07273	1.07425	10612
2024-11-06 17:30:00	1.07424	1.07424	1.07257	1.07272	9891
2024-11-06 18:00:00	1.07272	1.0758	1.07259	1.07536	12266
2024-11-06 18:30:00	1.07537	1.07576	1.07466	1.07529	8597
2024-11-06 19:00:00	1.0753	1.07534	1.0738	1.07425	8208
2024-11-06 19:30:00	1.07425	1.0745	1.07297	1.07351	7010
2024-11-06 20:00:00	1.07352	1.07384	1.07327	1.07358	10168
2024-11-06 20:30:00	1.07359	1.07377	1.07334	1.07353	3506
2024-11-06 21:00:00	1.07352	1.07359	1.07293	1.07304	1435
2024-11-06 21:30:00	1.07303	1.07322	1.07267	1.07269	1885
2024-11-06 22:00:00	1.07271	1.07294	1.07267	1.07275	748
2024-11-06 22:30:00	1.07275	1.07295	1.07249	1.07288	663
2024-11-06 23:00:00	1.07289	1.07341	1.07288	1.07313	1321
2024-11-06 23:30:00	1.07315	1.07344	1.07302	1.07315	2640
2024-11-07 00:00:00	1.07316	1.07372	1.0726	1.07283	5379
2024-11-07 00:30:00	1.07284	1.07303	1.07205	1.0721	5324
2024-11-07 01:00:00	1.0721	1.07286	1.07129	1.0714	8976
2024-11-07 01:30:00	1.0714	1.07227	1.0713	1.07176	6876
2024-11-07 02:00:00	1.07176	1.07305	1.07174	1.07291	5153
2024-11-07 02:30:00	1.07292	1.07368	1.07277	1.07366	4461
2024-11-07 03:00:00	1.07366	1.07377	1.07321	1.07372	3339
2024-11-07 03:30:00	1.07375	1.07413	1.07363	1.07398	2787
2024-11-07 04:00:00	1.07398	1.07454	1.07341	1.07407	4253
2024-11-07 04:30:00	1.07407	1.07411	1.07362	1.07377	4018
2024-11-07 05:00:00	1.07378	1.07418	1.07374	1.07408	3771
2024-11-07 05:30:00	1.07408	1.07477	1.07402	1.07461	3938
2024-11-07 06:00:00	1.0746	1.07469	1.07411	1.07469	4350
2024-11-07 06:30:00	1.07469	1.07504	1.07445	1.07499	3675
2024-11-07 07:00:00	1.07475	1.07701	1.0745	1.07645	7683
2024-11-07 07:30:00	1.07645	1.07654	1.07502	1.0752	10994
2024-11-07 08:00:00	1.07522	1.07709	1.07491	1.0768	12268
2024-11-07 08:30:00	1.07681	1.07716	1.07562	1.07688	12156
2024-11-07 09:00:00	1.07687	1.0769	1.07567	1.07621	10753
2024-11-07 09:30:00	1.07622	1.07638	1.07459	1.07462	9957
2024-11-07 10:00:00	1.07462	1.07665	1.07462	1.07581	5801
2024-11-07 10:30:00	1.07581	1076	1.07506	1.07559	8345
2024-11-07 11:00:00	1.07559	1.07618	1.07521	1.07603	5865
2024-11-07 11:30:00	1.07604	1.07622	1.07562	1.07589	5860
2024-11-07 12:00:00	1.0759	1.07696	1.07566	1.07693	11098
2024-11-07 12:30:00	1.07693	1.07779	1.07653	1.07752	10245
2024-11-07 13:00:00	1.07753	1.07938	1.07736	1.07852	14651
2024-11-07 13:30:00	1.0785	1.07946	1.07779	1.07923	16665
2024-11-07 14:00:00	1.07924	1.07973	1.07812	1.07962	10348
2024-11-07 14:30:00	1.07963	1.08167	1.07901	1.08092	14366
2024-11-07 15:00:00	1.08091	1082	1.08063	1.08186	12113
2024-11-07 15:30:00	1.08186	1.08247	1.08049	1.0811	14147
2024-11-07 16:00:00	1.0811	1.08149	1.07845	1.07864	16166
2024-11-07 16:30:00	1.07864	1.07948	1.07855	1.07915	8066
2024-11-07 17:00:00	1.07912	1.08003	1.07873	1.07997	5886
2024-11-07 17:30:00	1.07998	1.08062	1.0798	1.08047	5226
2024-11-07 18:00:00	1.08048	1.08066	1.07927	1.08011	4715
2024-11-07 18:30:00	1.08011	1.08014	1.0796	1.07977	6404
2024-11-07 19:00:00	1.07982	1.08034	1.07752	1.07838	18196
2024-11-07 19:30:00	1.07839	1.07992	1.07669	1.07817	31475
2024-11-07 20:00:00	1.07819	1.08094	1078	1.08029	17132
2024-11-07 20:30:00	1.0803	1.08049	1.0793	1.08025	10851
2024-11-07 21:00:00	1.08023	1.08033	1.07993	1.08017	1734
2024-11-07 21:30:00	1.08016	1.08038	1.08004	1.08038	1099
2024-11-07 22:00:00	1.08038	1.08042	1.08025	1.08025	782
2024-11-07 22:30:00	1.08025	1.08048	1.08025	1.08035	748
2024-11-07 23:00:00	1.08044	1.08046	1.07979	1.08	1579
2024-11-07 23:30:00	1.08	1.08021	1.07941	1.07954	2645
2024-11-08 00:00:00	1.07954	1.07964	1.07896	1.07939	4946
2024-11-08 00:30:00	1.07939	1.07973	1.07883	1.07904	6059
2024-11-08 01:00:00	1.07905	1.07913	1.07822	1.07832	7262
2024-11-08 01:30:00	1.07831	1.07889	1.0779	1.07868	8428
2024-11-08 02:00:00	1.07868	1.07898	1.07846	1.07862	7451
2024-11-08 02:30:00	1.0786	1.07883	1.07796	1.07809	6611
2024-11-08 03:00:00	1.07808	1.07887	1.07808	1.07849	3770
2024-11-08 03:30:00	1.07851	1.07854	1.07769	1.07781	3841
2024-11-08 04:00:00	1.07781	1.07837	1.07765	1.07818	3264
2024-11-08 04:30:00	1.0782	1.0783	1.07786	1.07828	3087
2024-11-08 05:00:00	1.07828	1.07863	1.07816	1.07843	4290
2024-11-08 05:30:00	1.07843	1.07853	1.07799	1.07817	4089
2024-11-08 06:00:00	1.07819	1.07837	1.07727	1.07773	8314
2024-11-08 06:30:00	1.07775	1.07788	1.07736	1.07773	7569
2024-11-08 07:00:00	1.07773	1.07823	1.0775	1.07776	6646
2024-11-08 07:30:00	1.07776	1.07838	1.07751	1.07796	6259
2024-11-08 08:00:00	1.07796	1.07817	1.07609	1.07773	20099
2024-11-08 08:30:00	1.07774	1.07826	1.07738	1.07787	12350
2024-11-08 09:00:00	1.07787	1.07891	1.07772	1.07806	12378
2024-11-08 09:30:00	1.07806	1.07853	1.07722	1.07789	8534
2024-11-08 10:00:00	1.07789	1.07795	1.0769	1.07764	7541
2024-11-08 10:30:00	1.07763	1.07785	1.07672	1.07785	7154
2024-11-08 11:00:00	1.07787	1.07949	1.07787	1.07947	5570
2024-11-08 11:30:00	1.07948	1.07974	1.07816	1.07829	7949
2024-11-08 12:00:00	1.07831	1.07843	1.07693	1.07716	9405
2024-11-08 12:30:00	1.07717	1.07765	1.07667	1.0772	11614
2024-11-08 13:00:00	1.07719	1.07726	1.0761	1.07627	11733
2024-11-08 13:30:00	1.07627	1.07629	1.07445	1.07527	12053
2024-11-08 14:00:00	1.07528	1.07656	1.07515	1.0765	7660
2024-11-08 14:30:00	1.07651	1.07656	1.07495	1.07516	9825
2024-11-08 15:00:00	1.07516	1.07517	1.07402	1.07424	12088
2024-11-08 15:30:00	1.07425	1.07522	1.07418	1.07483	14325
2024-11-08 16:00:00	1.07483	1.07502	1.07253	1.07293	13377
2024-11-08 16:30:00	1.07294	1.07301	1.07092	1.07096	10056
2024-11-08 17:00:00	1.07097	1.07113	1.06868	1.06977	14394
2024-11-08 17:30:00	1.06976	1.07131	1.06948	1.0709	9933
2024-11-08 18:00:00	1.07091	1.07187	1.0707	1.0707	7591
2024-11-08 18:30:00	1.0707	1.07083	1.06999	1.07065	7532
2024-11-08 19:00:00	1.07064	1.07129	1.07055	1.07085	6085
2024-11-08 19:30:00	1.07086	1.07153	1.07069	1.07136	6676
2024-11-08 20:00:00	1.07136	1.07157	1.07103	1.07139	4657
2024-11-08 20:30:00	1.0714	1.07196	1.07139	1.07175	14400
2024-11-08 21:00:00	1.07177	1.07212	1.07175	1.07208	1840
2024-11-08 21:30:00	1.07207	1.07214	1.07173	1.07182	3195
2024-11-10 22:00:00	1.07093	1.07128	1.07086	1.07126	602
2024-11-10 22:30:00	1.07122	1.07127	1.07075	1.07079	1673
2024-11-10 23:00:00	1.07085	1.07133	1.07077	1.07127	1750
2024-11-10 23:30:00	1.07125	1.07169	1.07123	1.07132	2659
2024-11-11 00:00:00	1.07131	1.07184	1.07087	1.07184	5057
2024-11-11 00:30:00	1.07183	1.07187	1.07135	1.07168	4275
2024-11-11 01:00:00	1.07168	1.07277	1.07157	1.0725	4672
2024-11-11 01:30:00	1.07251	1.07271	1.07195	1.07202	3912
2024-11-11 02:00:00	1.07201	1.07252	1.07195	1.07206	2996
2024-11-11 02:30:00	1.07207	1.07249	1072	1.07228	2222
2024-11-11 03:00:00	1.07228	1.07271	1.07218	1.07222	2289
2024-11-11 03:30:00	1.07221	1.07222	1.07151	1.07167	2249
2024-11-11 04:00:00	1.07167	1.07168	1.07112	1.07143	1093
2024-11-11 04:30:00	1.07144	1.07147	1.07078	1.07138	2125
2024-11-11 05:00:00	1.07141	1.07167	1.07112	1.07133	2387
2024-11-11 05:30:00	1.07134	1.07188	1.07113	1.07174	1983
2024-11-11 06:00:00	1.07173	1.07174	1.07124	1.07154	2819
2024-11-11 06:30:00	1.07153	1.07213	1.0715	1.07208	1994
2024-11-11 07:00:00	1.07208	1.07221	1.07056	1.07078	5221
2024-11-11 07:30:00	1.07079	1.07084	1.06858	1.06899	11882
2024-11-11 08:00:00	1069	1.06942	1.06789	1.06824	7909
2024-11-11 08:30:00	1.06823	1.06939	1.06785	1.06872	6340
2024-11-11 09:00:00	1.06873	1.06896	1.06698	1.06706	8400
2024-11-11 09:30:00	1.06707	1.06829	1.0668	1.06815	7115
2024-11-11 10:00:00	1.06814	1.06863	1.06752	1.06858	6631
2024-11-11 10:30:00	1.06858	1.06885	1.06708	1.06719	5522
2024-11-11 11:00:00	1.06718	1.06718	1066	1.06622	8884
2024-11-11 11:30:00	1.06621	1.06657	1.06557	1.06624	7016
2024-11-11 12:00:00	1.06628	1.06645	1.06568	1.06579	4173
2024-11-11 12:30:00	1.06578	1.06602	1.06521	1.06522	5057
2024-11-11 13:00:00	1.06522	1.06553	1.0641	1.0641	9040
2024-11-11 13:30:00	1.0641	1.06493	1.06366	1.0648	6853
2024-11-11 14:00:00	1.06481	1.06575	1.0647	1.06559	6511
2024-11-11 14:30:00	1.06559	1.0657	1.06286	1.06426	13598
2024-11-11 15:00:00	1.06426	1.06505	1.06375	1.06417	9584
2024-11-11 15:30:00	1.06416	1.06477	1.06364	1.06473	7557
2024-11-11 16:00:00	1.06473	1.0654	1.06448	1.06488	6223
2024-11-11 16:30:00	1.06489	1.06541	1.06476	1.06519	3968
2024-11-11 17:00:00	1.06517	1.06562	1.0645	1.06479	3279
2024-11-11 17:30:00	1.06479	1.06539	1.06478	1.0649	3350
2024-11-11 18:00:00	1.06489	1.06516	1.06469	1.06475	4442
2024-11-11 18:30:00	1.06475	1.06518	1.06458	1.06504	3551
2024-11-11 19:00:00	1.06503	1.06547	1.06493	1.06526	2716
2024-11-11 19:30:00	1.06527	1.06573	1.0651	1.06511	1861
2024-11-11 20:00:00	1.06512	1.06559	1.06512	1.06539	3117
2024-11-11 20:30:00	1.06538	1.06563	1.06516	1.06556	2065
2024-11-11 21:00:00	1.06555	1.06578	1.06554	1.06575	1033
2024-11-11 21:30:00	1.06575	1.06575	1.06533	1.06533	1844
2024-11-11 22:00:00	1.06534	1.06564	1.06514	1.06558	390
2024-11-11 22:30:00	1.06557	1.0657	1.06547	1.0656	302
2024-11-11 23:00:00	1.06558	1.06577	1.06539	1.06574	719
2024-11-11 23:30:00	1.06574	1.06631	1.06569	1.06631	1463
2024-11-12 00:00:00	1.0663	1.06631	1.06549	1.06568	5038
2024-11-12 00:30:00	1.06567	1.06585	1.06541	1.06578	4043
2024-11-12 01:00:00	1.06583	1.06589	1.06531	1.06535	5782
2024-11-12 01:30:00	1.06536	1.06598	1.06478	1.06481	10035
2024-11-12 02:00:00	1.06482	1.06505	1.06432	1.06502	5482
2024-11-12 02:30:00	1.06501	1.06519	1.06419	1.06434	5319
2024-11-12 03:00:00	1.06434	1.06491	1.06434	1.06482	3825
2024-11-12 03:30:00	1.06483	1.06493	1.0638	1.06382	4058
2024-11-12 04:00:00	1.06382	1.06445	1.06378	1.06438	4231
2024-11-12 04:30:00	1.06439	1.06456	1.06393	1.0644	3788
2024-11-12 05:00:00	1.0644	1.06457	1.06397	1.06399	4426
2024-11-12 05:30:00	1.06398	1.06442	1.06392	1.06398	5400
2024-11-12 06:00:00	1.06398	1.06398	1.06318	1.06365	4967
2024-11-12 06:30:00	1.06364	1.06379	1.06294	1.06343	5776
2024-11-12 07:00:00	1.06342	1.06372	1.06252	1.06292	9052
2024-11-12 07:30:00	1.06292	1.06364	1.06214	1.0632	7801
2024-11-12 08:00:00	1.06319	1.06341	1.06192	1.06195	11282
2024-11-12 08:30:00	1.06194	1.06329	1.0617	1.06317	8293
2024-11-12 09:00:00	1.06317	1.06322	1.06199	1.06199	6639
2024-11-12 09:30:00	1.06199	1.06301	1.06165	1.0626	7187
2024-11-12 10:00:00	1.06258	1.06258	1.06134	1.06153	11473
2024-11-12 10:30:00	1.06153	1.06204	1.06111	1.06178	6295
2024-11-12 11:00:00	1.06178	1.0629	1.06178	1.06286	5331
2024-11-12 11:30:00	1.06288	1.06296	1.06174	1.06188	5513
2024-11-12 12:00:00	1.06188	1.06213	1.06068	1.06097	7913
2024-11-12 12:30:00	1061	1.06213	1.06063	1.06196	8087
2024-11-12 13:00:00	1.06197	1.06258	1.06143	1.06219	11507
2024-11-12 13:30:00	1.06219	1.06272	1.06167	1.0623	9673
2024-11-12 14:00:00	1.06229	1.0626	1.06167	1.06168	9654
2024-11-12 14:30:00	1.06167	1.06234	1.06137	1.06174	11856
2024-11-12 15:00:00	1.06175	1.06178	1.06053	1.06085	10920
2024-11-12 15:30:00	1.06085	1.06138	1.06019	1.06089	9768
2024-11-12 16:00:00	1.0609	1.06157	1.06061	1.06091	10254
2024-11-12 16:30:00	1.0609	1.0609	1.0596	1.0598	9422
2024-11-12 17:00:00	1.0598	1.06032	1.05951	1.05983	9329
2024-11-12 17:30:00	1.05984	1.06082	1.05955	1.06068	5834
2024-11-12 18:00:00	1.06068	1.06135	1.06065	1.06113	4989
2024-11-12 18:30:00	1.06114	1.06171	1.0609	1.06159	4860
2024-11-12 19:00:00	1.06159	1.06185	1.06151	1.06158	3078
2024-11-12 19:30:00	1.06157	1.06177	1.06122	1.06124	3883
2024-11-12 20:00:00	1.06124	1.06163	1.06094	1.06141	3913
2024-11-12 20:30:00	1.06141	1.06235	1.06122	1.06221	4381
2024-11-12 21:00:00	1.06222	1.06266	1.06222	1.06244	2609
2024-11-12 21:30:00	1.06243	1.06266	1.06216	1.06216	1823
2024-11-12 22:00:00	1.06208	1.06229	1.06179	1.06222	561
2024-11-12 22:30:00	1.06223	1.06231	1.0619	1.06193	2546
2024-11-12 23:00:00	1.06197	1.06213	1.0616	1.06161	1324
2024-11-12 23:30:00	1.0616	1.06206	1.06138	1.06166	1224
2024-11-13 00:00:00	1.06166	1.06168	1.06109	1.06134	1193
2024-11-13 00:30:00	1.06134	1.06171	1.06122	1.06127	2429
2024-11-13 01:00:00	1.06127	1.06243	1.0612	1.06198	3058
2024-11-13 01:30:00	1.06199	1.06291	1.06189	1.06279	1898
2024-11-13 02:00:00	1.06279	1.06294	1.06217	1.06223	2335
2024-11-13 02:30:00	1.06224	1.0628	1.06216	1.06261	1838
2024-11-13 03:00:00	1.06262	1.06279	1.06239	1.06239	1511
2024-11-13 03:30:00	1.06239	1.06241	1.06177	1.06191	1464
2024-11-13 04:00:00	1.0619	1.06225	1.06178	1.06215	2019
2024-11-13 04:30:00	1.06215	1.0622	1.06176	1.06177	1965
2024-11-13 05:00:00	1.06178	1.06184	1.06094	1.06122	1806
2024-11-13 05:30:00	1.06122	1.06153	1.0612	1.0613	1718
2024-11-13 06:00:00	1.0613	1.06169	1.06075	1.06128	3054
2024-11-13 06:30:00	1.06128	1.06144	1.06087	1.06134	2390
2024-11-13 07:00:00	1.06134	1.06143	1.06041	1.06064	3452
2024-11-13 07:30:00	1.06062	1.06109	1.06024	1.0603	3356
2024-11-13 08:00:00	1.06029	1.06051	1.05933	1.06007	4505
2024-11-13 08:30:00	1.06007	1.06131	1.05997	1.06121	3986
2024-11-13 09:00:00	1.06121	1.06233	1.06079	1.06222	4378
2024-11-13 09:30:00	1.06222	1.06298	1.06219	1.06269	4314
2024-11-13 10:00:00	1.06268	1.06283	1.06211	1.06229	5752
2024-11-13 10:30:00	1.06228	1.06231	1.06117	1.06149	4265
2024-11-13 11:00:00	1.0615	1.06165	1.0611	1.06115	3462
2024-11-13 11:30:00	1.06116	1.0638	1061	1.06375	5442
2024-11-13 12:00:00	1.06375	1.06435	1.06255	1.06266	9516
2024-11-13 12:30:00	1.06268	1.06361	1.06243	1.06313	6637
2024-11-13 13:00:00	1.06312	1.06328	1.06237	1.06256	10539
2024-11-13 13:30:00	1.0626	1.0654	1.06242	1.06365	34355
2024-11-13 14:00:00	1.06365	1.06379	1.0619	1.06206	22449
2024-11-13 14:30:00	1.06207	1.06212	1.05762	1.05854	27476
2024-11-13 15:00:00	1.05854	1.05881	1.05556	1.0572	19896
2024-11-13 15:30:00	1.0572	1.05936	1.05718	1.05886	18963
2024-11-13 16:00:00	1.05887	1.0592	1.05668	1.05758	13532
2024-11-13 16:30:00	1.05758	1.05779	1.05623	1.0566	11372
2024-11-13 17:00:00	1.05661	1.05774	1.05615	1.05657	10494
2024-11-13 17:30:00	1.05656	1.05745	1.05637	1.05688	7889
2024-11-13 18:00:00	1.0569	1.05695	1.05576	1.05592	7852
2024-11-13 18:30:00	1.05591	1.05612	1.05564	1.05588	4144
2024-11-13 19:00:00	1.05588	1.05758	1.05565	1.0575	4104
2024-11-13 19:30:00	1.05749	1.05757	1.05649	1.05655	4258
2024-11-13 20:00:00	1.05655	1.05688	1.05624	1.05644	3904
2024-11-13 20:30:00	1.05645	1.05651	1.05588	1.0562	2682
2024-11-13 21:00:00	1.0562	1.05668	1.0562	1.05637	1113
2024-11-13 21:30:00	1.05638	1.05654	1.05617	1.05622	2740
2024-11-13 22:00:00	1.05617	1.05636	1.05577	1.05604	1171
2024-11-13 22:30:00	1.05613	1.05626	1.05603	1.05621	851
2024-11-13 23:00:00	1.05621	1.05658	1.0561	1.05639	1444
2024-11-13 23:30:00	1.05639	1.05658	1.0562	1.05657	1080
2024-11-14 00:00:00	1.05656	1.05663	1.05626	1.05659	2312
2024-11-14 00:30:00	1.05658	1.05686	1.05638	1.05652	3889
2024-11-14 01:00:00	1.05651	1.05651	1.05565	1.05578	7856
2024-11-14 01:30:00	1.05579	1.0559	1.0551	1.05561	4954
2024-11-14 02:00:00	1.0556	1.05577	1.05522	1.0554	5301
2024-11-14 02:30:00	1.05541	1.05556	1.05473	1.05493	5190
2024-11-14 03:00:00	1.05493	1.05557	1.05476	1.05532	3805
2024-11-14 03:30:00	1.05532	1.05532	1.05454	1.05477	5660
2024-11-14 04:00:00	1.05477	1.05501	1.05456	1.05495	4270
2024-11-14 04:30:00	1.05495	1.05501	1.05451	1.05484	2914
2024-11-14 05:00:00	1.05485	1.05485	1.05339	1.05384	5036
2024-11-14 05:30:00	1.05384	1.05471	1.05383	1.05471	4134
2024-11-14 06:00:00	1.05471	1.05541	1.05461	1.05504	6066
2024-11-14 06:30:00	1.05505	1.05526	1.05424	1.0545	6130
2024-11-14 07:00:00	1.0545	1.05473	1.05407	1.05429	5541
2024-11-14 07:30:00	1.0543	1.05546	1.05429	1.0551	6493
2024-11-14 08:00:00	1.0551	1.05579	1.05441	1.05462	7474
2024-11-14 08:30:00	1.05462	1.05499	1.05323	1.05361	7638
2024-11-14 09:00:00	1.05361	1.0542	1.05228	1.05234	8393
2024-11-14 09:30:00	1.05234	1.05256	1.05177	1.05202	7979
2024-11-14 10:00:00	1.05201	1.05208	1.05062	1.05091	9044
2024-11-14 10:30:00	1.05091	1.05182	1.05018	1.05112	7428
2024-11-14 11:00:00	1.05112	1.05117	1.0496	1.05097	9321
2024-11-14 11:30:00	1.05098	1.05339	1.0506	1.05288	8464
2024-11-14 12:00:00	1.0529	1.05335	1.05232	1.05315	8137
2024-11-14 12:30:00	1.05314	1.0545	1.05303	1.05358	11657
2024-11-14 13:00:00	1.05358	1.05435	1.05307	1.05394	13111
2024-11-14 13:30:00	1.05394	1.05421	1.05134	1.05304	27517
2024-11-14 14:00:00	1.05303	1.05566	1.05295	1.05522	19654
2024-11-14 14:30:00	1.05523	1.05689	1.05477	1.05527	15084
2024-11-14 15:00:00	1.05528	1.05769	1.05527	1.05707	13682
2024-11-14 15:30:00	1.05706	1.05777	1.0559	1.05748	15580
2024-11-14 16:00:00	1.05747	1.05825	1.05659	1.05771	14199
2024-11-14 16:30:00	1.05772	1.05772	1.05605	1.05618	8252
2024-11-14 17:00:00	1.05617	1.05636	1.0557	1.05592	8047
2024-11-14 17:30:00	1.05592	1.05622	1.05549	1.05591	6490
2024-11-14 18:00:00	1.05594	1.05605	1.05466	1.05467	4813
2024-11-14 18:30:00	1.05466	1.05512	1.05459	1.0547	4718
2024-11-14 19:00:00	1.05469	1.05517	1.05452	1.05487	3357
2024-11-14 19:30:00	1.05487	1.05512	1.05433	1.05477	4234
2024-11-14 20:00:00	1.05478	1.05489	1.05146	1.05295	28370
2024-11-14 20:30:00	1.05295	1.05317	1.05119	1.05203	15955
2024-11-14 21:00:00	1.05202	1.0527	1.05188	1.05224	3220
2024-11-14 21:30:00	1.05223	1.05301	1.05215	1.05299	2440
2024-11-14 22:00:00	1.05299	1.0533	1.0525	1.05279	581
2024-11-14 22:30:00	1.0528	1.05312	1.05269	1.0531	838
2024-11-14 23:00:00	1.0531	1.0532	1.05256	1.05267	1161
2024-11-14 23:30:00	1.05267	1.05317	1.05267	1.05295	1927
2024-11-15 00:00:00	1.05295	1.05336	1.05252	1.05266	3762
2024-11-15 00:30:00	1.05268	1.05329	1.05236	1.05306	4935
2024-11-15 01:00:00	1.05306	1.05414	1.05281	1.05413	7271
2024-11-15 01:30:00	1.05415	1.05415	1.0531	1.05318	7980
2024-11-15 02:00:00	1.05317	1.05423	1.05317	1.05405	5965
2024-11-15 02:30:00	1.05406	1.05426	1.05368	1.0541	5586
2024-11-15 03:00:00	1.0541	1.05459	1.05408	1.05434	4555
2024-11-15 03:30:00	1.05433	1.05451	1.05392	1.05402	3329
2024-11-15 04:00:00	1.05402	1.05458	1.05391	1.05441	3080
2024-11-15 04:30:00	1.0544	1.05441	1.05406	1.05425	3342
2024-11-15 05:00:00	1.05425	1.05428	1.05392	1.0541	4422
2024-11-15 05:30:00	1.0541	1.05421	1.05392	1.05402	4294
2024-11-15 06:00:00	1.05401	1.05421	1.05336	1.05373	6023
2024-11-15 06:30:00	1.05375	1.05612	1.05374	1.0554	5655
2024-11-15 07:00:00	1.0554	1.0561	1.05508	1.05568	7523
2024-11-15 07:30:00	1.05567	1.05639	1.05548	1.05565	5322
2024-11-15 08:00:00	1.05566	1.05613	1.05523	1.05598	6516
2024-11-15 08:30:00	1.05598	1.05718	1.05598	1.05698	7012
2024-11-15 09:00:00	1.05697	1.05799	1.05656	1.05698	6714
2024-11-15 09:30:00	1.05697	1.05737	1.05605	1.05621	7630
2024-11-15 10:00:00	1.05621	1.05695	1.05602	1.05675	6155
2024-11-15 10:30:00	1.05673	1.05777	1.05587	1.05745	8133
2024-11-15 11:00:00	1.05745	1.05787	1.05706	1.05786	6218
2024-11-15 11:30:00	1.05787	1.05798	1.05758	1.05772	6088
2024-11-15 12:00:00	1.05771	1.05789	1.05669	1.05696	6107
2024-11-15 12:30:00	1.05697	1.05768	1.0564	1.05759	5698
2024-11-15 13:00:00	1.0576	1.0593	1.05756	1.0584	9966
2024-11-15 13:30:00	1.0584	1.05897	1.0554	1.05584	28250
2024-11-15 14:00:00	1.05583	1.05632	1.05394	1.05452	20605
2024-11-15 14:30:00	1.05451	1.05482	1.05231	1.05315	19206
2024-11-15 15:00:00	1.05316	1.05422	1.0528	1.05361	18742
2024-11-15 15:30:00	1.05363	1.05389	1.05247	1.05352	21385
2024-11-15 16:00:00	1.05351	1.05497	1.0533	1.05463	15661
2024-11-15 16:30:00	1.05465	1.05514	1.05417	1.05511	13431
2024-11-15 17:00:00	1.05511	1056	1.05504	1.05509	10636
2024-11-15 17:30:00	1.05509	1.05579	1.05471	1.05486	11315
2024-11-15 18:00:00	1.05488	1.05521	1.05456	1.05473	8287
2024-11-15 18:30:00	1.05473	1.05546	1.05386	1.05515	6103
2024-11-15 19:00:00	1.05515	1.05522	1054	1.05407	6863
2024-11-15 19:30:00	1.05408	1.05425	1.05359	1.05371	8265
2024-11-15 20:00:00	1.05371	1.05378	1.05222	1.05232	6438
2024-11-15 20:30:00	1.05231	1.05287	1.05163	1.05275	4731
2024-11-15 21:00:00	1.05277	1053	1.05228	1.05294	3009
2024-11-15 21:30:00	1.05293	1.05404	1.05293	1.05394	3171
2024-11-17 22:00:00	1.0528	1.05349	1.0528	1.05317	758
2024-11-17 22:30:00	1.05316	1.05356	1.05295	1.05315	831
2024-11-17 23:00:00	1.05315	1.05384	1.05314	1.05338	1792
2024-11-17 23:30:00	1.05337	1.05377	1.05327	1.05362	1153
2024-11-18 00:00:00	1.05362	1.05396	1.0533	1.05392	2761
2024-11-18 00:30:00	1.05393	1.05497	1.05393	1.05487	2509
2024-11-18 01:00:00	1.05486	1.05505	1.05387	1.05396	6542
2024-11-18 01:30:00	1.05395	1.05455	1.05387	1.05421	4526
2024-11-18 02:00:00	1.05421	1.05464	1.05379	1.05452	3030
2024-11-18 02:30:00	1.05451	1.05457	1.0539	1.05413	3364
2024-11-18 03:00:00	1.05414	1.05446	1.05377	1.05387	2398
2024-11-18 03:30:00	1.05387	1.05387	1.05302	1.05341	1988
2024-11-18 04:00:00	1.0534	1.0538	1.05334	1.05376	2333
2024-11-18 04:30:00	1.05376	1.05424	1.05354	1.05407	1726
2024-11-18 05:00:00	1.05406	1.05406	1.05354	1.05376	3259
2024-11-18 05:30:00	1.05376	1.0544	1.05359	1.0538	2290
2024-11-18 06:00:00	1.0538	1.05455	1.05361	1.05431	3043
2024-11-18 06:30:00	1.05433	1.05475	1.05421	1.05427	2404
2024-11-18 07:00:00	1.05428	1.0545	1.05386	1.05405	3818
2024-11-18 07:30:00	1.05404	1.05482	1.05379	1.05472	3611
2024-11-18 08:00:00	1.05472	1.05561	1.05417	1.05536	6310
2024-11-18 08:30:00	1.05536	1.05538	1.05435	1.05467	9074
2024-11-18 09:00:00	1.05468	1.05687	1.05432	1.05676	10362
2024-11-18 09:30:00	1.05675	1.05711	1.0562	1.05661	8722
2024-11-18 10:00:00	1.05661	1.05671	1.05488	1.05499	9318
2024-11-18 10:30:00	1.05501	1.05506	1.05458	1.0548	5975
2024-11-18 11:00:00	1.0548	1.0548	1.05359	1.0537	6832
2024-11-18 11:30:00	1.0537	1.05443	1.05325	1.05423	6799
2024-11-18 12:00:00	1.05424	1.05443	1.05346	1.05383	8681
2024-11-18 12:30:00	1.05388	1.05488	1.05367	1.05471	7030
2024-11-18 13:00:00	1.05472	1.05587	1.05454	1.05569	7662
2024-11-18 13:30:00	1.0557	1.05686	1.05536	1.05677	9089
2024-11-18 14:00:00	1.05678	1.05706	1.05605	1.05626	10917
2024-11-18 14:30:00	1.05626	1.05744	1.05615	1.05685	9639
2024-11-18 15:00:00	1.05686	1.05732	1.05606	1.05614	9465
2024-11-18 15:30:00	1.05613	1.05754	1.05613	1.05736	8362
2024-11-18 16:00:00	1.05735	1.05736	1.05652	1.05676	7316
2024-11-18 16:30:00	1.05676	1.05858	1.05675	1.05858	5156
2024-11-18 17:00:00	1.0586	1.0589	1.05798	1.05815	10818
2024-11-18 17:30:00	1.05814	1.05924	1058	1.0591	4193
2024-11-18 18:00:00	1.0591	1.05934	1.05872	1.05927	2923
2024-11-18 18:30:00	1.05926	1.05978	1.0591	1.05972	4708
2024-11-18 19:00:00	1.05972	1.06071	1.05935	1.05948	6065
2024-11-18 19:30:00	1.05947	1.05953	1.05887	1.05908	4256
2024-11-18 20:00:00	1.05907	1.05963	1.05907	1.05946	2620
2024-11-18 20:30:00	1.05947	1.05948	1.0589	1.05924	3077
2024-11-18 21:00:00	1.05924	1.05978	1.05904	1.05962	1179
2024-11-18 21:30:00	1.05962	1.06004	1.05948	1.05979	1638
2024-11-18 22:00:00	1.05979	1.0599	1.0596	1.05983	360
2024-11-18 22:30:00	1.05984	1.05995	1.05969	1.05982	446
2024-11-18 23:00:00	1.05981	1.05986	1.05931	1.05952	1296
2024-11-18 23:30:00	1.05952	1.05975	1.05942	1.05945	1250
2024-11-19 00:00:00	1.05945	1.05946	1.05911	1.05921	2616
2024-11-19 00:30:00	1.05921	1.05939	1.05871	1.05896	4422
2024-11-19 01:00:00	1.05898	1.0596	1.05889	1.05929	4929
2024-11-19 01:30:00	1.05928	1.05947	1.05888	1.05931	5322
2024-11-19 02:00:00	1.0593	1.05963	1.05887	1.05912	4748
2024-11-19 02:30:00	1.05913	1.0593	1.05894	1.05917	3850
2024-11-19 03:00:00	1.05917	1.06007	1.05914	1.05978	5501
2024-11-19 03:30:00	1.05976	1.05983	1.05938	1.05967	4641
2024-11-19 04:00:00	1.05969	1.06007	1.05915	1.05915	4505
2024-11-19 04:30:00	1.05916	1.0592	1.05864	1.0587	3743
2024-11-19 05:00:00	1.0587	1.05885	1.0584	1.05849	4947
2024-11-19 05:30:00	1.05849	1.05865	1.05826	1.05835	2410
2024-11-19 06:00:00	1.05836	1.05884	1.05832	1.05883	4967
2024-11-19 06:30:00	1.05881	1.05963	1.05881	1.05927	4270
2024-11-19 07:00:00	1.05928	1.05948	1.05744	1.05784	8246
2024-11-19 07:30:00	1.05786	1.05866	1.05753	1.05775	7183
2024-11-19 08:00:00	1.05774	1.0588	1.05764	1.05858	9795
2024-11-19 08:30:00	1.05858	1.0586	1.05625	1.05715	20535
2024-11-19 09:00:00	1.05715	1.0578	1.05233	1.05345	25342
2024-11-19 09:30:00	1.05344	1.05524	1.05315	1.05492	21110
2024-11-19 10:00:00	1.05493	1.05639	1.05434	1.05598	11909
2024-11-19 10:30:00	1056	1.05692	1.05583	1.05609	13191
2024-11-19 11:00:00	1.0561	1.05646	1.05499	1.05527	10207
2024-11-19 11:30:00	1.05528	1.05634	1.05493	1.05619	7556
2024-11-19 12:00:00	1.0562	1.05679	1.05595	1.0567	8325
2024-11-19 12:30:00	1.05667	1.05721	1.05654	1.0572	6085
2024-11-19 13:00:00	1.05721	1.05846	1.05718	1.05801	9209
2024-11-19 13:30:00	1058	1.05975	1.05736	1.05767	18032
2024-11-19 14:00:00	1.05768	1.05955	1.05698	1.05897	19721
2024-11-19 14:30:00	1.05899	1.0594	1.05701	1.05725	19842
2024-11-19 15:00:00	1.05725	1.05803	1.05655	1.05785	14745
2024-11-19 15:30:00	1.05786	1.0601	1.05785	1.05866	12618
2024-11-19 16:00:00	1.05867	1.05927	1.05824	1.05831	9528
2024-11-19 16:30:00	1.05831	1.05834	1.05708	1.05776	9109
2024-11-19 17:00:00	1.05775	1.05889	1.05765	1.0587	6601
2024-11-19 17:30:00	1.0587	1.05888	1.05797	1.05803	6773
2024-11-19 18:00:00	1.05802	1.05802	1.0571	1.0577	5488
2024-11-19 18:30:00	1.0577	1.05902	1.05753	1.05898	4610
2024-11-19 19:00:00	1.05899	1.05918	1.05836	1.05868	7653
2024-11-19 19:30:00	1.05869	1.05952	1.05843	1.05936	4500
2024-11-19 20:00:00	1.05935	1.05962	1.05913	1.05936	3675
2024-11-19 20:30:00	1.05935	1.05978	1.05915	1.05935	5167
2024-11-19 21:00:00	1.05935	1.0596	1.05928	1.05955	1401
2024-11-19 21:30:00	1.05955	1.05974	1.05937	1.05937	1978
2024-11-19 22:00:00	1.05931	1.05949	1.05859	1.05944	797
2024-11-19 22:30:00	1.05943	1.05955	1.05933	1.05944	1088
2024-11-19 23:00:00	1.05947	1.06	1.05938	1.05998	668
2024-11-19 23:30:00	1.05997	1.0608	1.05997	1.0607	1548
2024-11-20 00:00:00	1.0607	1.06097	1.06056	1.0608	2010
2024-11-20 00:30:00	1.06079	1.06087	1.05989	1.05992	4159
2024-11-20 01:00:00	1.05993	1.06039	1.05968	1.0597	4327
2024-11-20 01:30:00	1.05969	1.06007	1.05958	1.06001	4458
2024-11-20 02:00:00	1.06002	1.06032	1.05987	1.0602	4769
2024-11-20 02:30:00	1.06019	1.06034	1.05956	1.05958	3309
2024-11-20 03:00:00	1.05959	1.05987	1.05934	1.05942	3238
2024-11-20 03:30:00	1.05943	1.05943	1.05883	1.05897	3011
2024-11-20 04:00:00	1.05896	1.05903	1.05877	1.05879	2977
2024-11-20 04:30:00	1.0588	1.05944	1.05879	1.05929	1669
2024-11-20 05:00:00	1.05929	1.05941	1.05905	1.05909	2337
2024-11-20 05:30:00	1.05908	1.05908	1.05866	1.0587	3021
2024-11-20 06:00:00	1.0587	1.05899	1.05829	1.05888	5002
2024-11-20 06:30:00	1.05889	1.05954	1.05859	1.05874	5564
2024-11-20 07:00:00	1.05873	1.05947	1.05832	1.05835	10253
2024-11-20 07:30:00	1.05835	1.05861	1.05765	1.05783	10245
2024-11-20 08:00:00	1.05782	1.0579	1.0565	1.05723	10468
2024-11-20 08:30:00	1.05723	1.05744	1.05601	1.05643	8653
2024-11-20 09:00:00	1.05642	1.05688	1.05578	1.05588	6667
2024-11-20 09:30:00	1.05587	1.05641	1.0553	1.05555	8861
2024-11-20 10:00:00	1.05554	1.05614	1.05509	1.0551	10241
2024-11-20 10:30:00	1.0551	1.05553	1.05454	1.05489	6634
2024-11-20 11:00:00	1.05488	1.05496	1.05421	1.05475	8224
2024-11-20 11:30:00	1.05475	1.05562	1.05467	1.05543	7691
2024-11-20 12:00:00	1.05545	1.05606	1.05517	1056	6625
2024-11-20 12:30:00	1056	1.05679	1.05581	1.05584	8061
2024-11-20 13:00:00	1.05584	1.05632	1.05556	1.05568	6595
2024-11-20 13:30:00	1.05567	1.05603	1.05513	1.05565	9594
2024-11-20 14:00:00	1.05565	1.05568	1.05242	1.05376	11533
2024-11-20 14:30:00	1.05375	1.05444	1.05224	1.05249	11078
2024-11-20 15:00:00	1.05251	1.05359	1.05227	1.05353	9879
2024-11-20 15:30:00	1.05354	1.05379	1.05159	1.05214	11962
2024-11-20 16:00:00	1.05215	1.05248	1.05068	1.05134	11056
2024-11-20 16:30:00	1.05134	1.05245	1.05084	1052	7337
2024-11-20 17:00:00	1052	1.05298	1.05161	1.05293	5719
2024-11-20 17:30:00	1.05292	1.05363	1.05271	1.0532	5707
2024-11-20 18:00:00	1.05319	1.05324	1.05255	1.05274	7861
2024-11-20 18:30:00	1.05274	1.05362	1.05257	1.0536	6579
2024-11-20 19:00:00	1.05361	1.0539	1.0536	1.05378	5563
2024-11-20 19:30:00	1.05377	1.05423	1.05367	1.05395	4937
2024-11-20 20:00:00	1.05393	1.05399	1.05366	1.0538	3236
2024-11-20 20:30:00	1.05379	1.05394	1.05362	1.05392	3208
2024-11-20 21:00:00	1.05389	1.0543	1.05383	1.05423	2048
2024-11-20 21:30:00	1.0542	1.05443	1.05379	1.05435	2681
2024-11-20 22:00:00	1.0543	1.05431	1.05394	1.05429	697
2024-11-20 22:30:00	1.05428	1.0543	1.05407	1.05413	1558
2024-11-20 23:00:00	1.05421	1.05457	1.05418	1.0545	924
2024-11-20 23:30:00	1.0545	1.05459	1.05441	1.05456	1386
2024-11-21 00:00:00	1.05457	1.05461	1.05424	1.05426	3397
2024-11-21 00:30:00	1.05425	1.05473	1.05424	1.05456	3203
2024-11-21 01:00:00	1.05458	1.05497	1.05455	1.05473	4724
2024-11-21 01:30:00	1.05473	1.05495	1.05449	1.05457	4296
2024-11-21 02:00:00	1.05457	1055	1.05457	1.05488	4005
2024-11-21 02:30:00	1.05489	1.05501	1.05476	1.05493	2295
2024-11-21 03:00:00	1.05494	1.05508	1.05475	1.0549	2951
2024-11-21 03:30:00	1.0549	1.05531	1.05488	1.0553	2566
2024-11-21 04:00:00	1.05531	1.05548	1.05504	1.0551	2346
2024-11-21 04:30:00	1.05509	1.05533	1.05489	1.05512	3660
2024-11-21 05:00:00	1.05513	1.05515	1.05476	1.05488	3947
2024-11-21 05:30:00	1.05487	1.05492	1.05463	1.05466	5119
2024-11-21 06:00:00	1.05467	1.05544	1.05463	1.05485	6708
2024-11-21 06:30:00	1.05485	1.05486	1.0542	1.05454	7062
2024-11-21 07:00:00	1.05453	1.05472	1.05325	1.05327	10539
2024-11-21 07:30:00	1.05326	1.0539	1.05295	1.05364	11725
2024-11-21 08:00:00	1.05365	1.05389	1.05274	1.05285	12316
2024-11-21 08:30:00	1.05286	1.05432	1.0524	1.05406	8963
2024-11-21 09:00:00	1.05405	1.05407	1.05139	1.0521	14350
2024-11-21 09:30:00	1.05213	1.0524	1.05139	1.05168	12188
2024-11-21 10:00:00	1.05169	1.05205	1.05138	1.0516	5517
2024-11-21 10:30:00	1.05161	1.05284	1.05153	1.05208	7195
2024-11-21 11:00:00	1.05208	1.05313	1.0516	1.0529	5683
2024-11-21 11:30:00	1.0529	1.05298	1.05172	1052	7705
2024-11-21 12:00:00	1052	1.05235	1.05175	1.05185	5201
2024-11-21 12:30:00	1.05187	1.05357	1.05184	1.05274	7613
2024-11-21 13:00:00	1.05273	1.05296	1.05193	1.05193	10870
2024-11-21 13:30:00	1.05192	1.05392	1.05152	1.0533	17921
2024-11-21 14:00:00	1.0533	1.05349	1.05211	1.05262	16006
2024-11-21 14:30:00	1.05264	1.05356	1.05209	1.05351	16901
2024-11-21 15:00:00	1.05351	1.05447	1.05326	1.05327	12609
2024-11-21 15:30:00	1.05326	1.0535	1.05089	1.05103	14603
2024-11-21 16:00:00	1.05103	1.05146	1.04743	1.04887	25434
2024-11-21 16:30:00	1.04888	1.04928	1.04713	1.04742	13238
2024-11-21 17:00:00	1.04741	1.04785	1.04622	1.04767	12394
2024-11-21 17:30:00	1.04766	1.04878	1.04755	1.04873	6363
2024-11-21 18:00:00	1.04873	1.04887	1.04781	1.04827	5436
2024-11-21 18:30:00	1.04827	1.04893	1.0482	1.04861	3857
2024-11-21 19:00:00	1.04862	1.04872	1.04732	1.04769	7347
2024-11-21 19:30:00	1.04768	1.04853	1.04755	1.04844	3947
2024-11-21 20:00:00	1.04843	1.04867	1.0478	1.04801	3180
2024-11-21 20:30:00	1048	1.04828	1.04779	1.04791	2473
2024-11-21 21:00:00	1.04791	1.04807	1.04737	1.04738	1591
2024-11-21 21:30:00	1.04736	1.04743	1.04717	1.04738	1544
2024-11-21 22:00:00	1.04735	1.04775	1.04718	1.04761	638
2024-11-21 22:30:00	1.0476	1.04764	1.04747	1.04748	360
2024-11-21 23:00:00	1.0475	1.04768	1.04724	1.04725	1230
2024-11-21 23:30:00	1.04725	1.04742	1.04676	1.0469	3197
2024-11-22 00:00:00	1.04689	1.0473	1.04663	1.04686	5149
2024-11-22 00:30:00	1.04687	1.04756	1.04684	1.04756	4260
2024-11-22 01:00:00	1.04754	1.04771	1.04733	1.04733	4406
2024-11-22 01:30:00	1.04732	1.04777	1.04693	1.04715	4626
2024-11-22 02:00:00	1.04715	1.04732	1.04671	1047	4715
2024-11-22 02:30:00	1047	1.04728	1.04673	1.04728	4965
2024-11-22 03:00:00	1.04728	1.04782	1.04722	1.0477	3847
2024-11-22 03:30:00	1.0477	1.0477	1.04731	1.0475	3278
2024-11-22 04:00:00	1.0475	1.04757	1.04719	1.04735	2839
2024-11-22 04:30:00	1.04733	1.04762	1.04695	1.04747	2960
2024-11-22 05:00:00	1.04745	1.04745	1.04654	1.04662	4976
2024-11-22 05:30:00	1.0466	1.04664	1.04615	1.04646	6519
2024-11-22 06:00:00	1.04646	1.04697	1.04635	1.04659	5366
2024-11-22 06:30:00	1.04659	1.04704	1.04659	1.04694	4499
2024-11-22 07:00:00	1.04692	1.04795	1.04624	1.04794	7267
2024-11-22 07:30:00	1.04793	1.04892	1.04781	1.04861	9073
2024-11-22 08:00:00	1.04861	1.04981	1.04663	1.04784	18692
2024-11-22 08:30:00	1.04785	1.04861	1.0441	1.04434	12527
2024-11-22 09:00:00	1.04437	1.04441	1.03325	1.04082	23979
2024-11-22 09:30:00	1.04082	1.04204	1.03995	1.04019	18663
2024-11-22 10:00:00	1.04019	1.04191	1.03848	1.04167	15447
2024-11-22 10:30:00	1.04166	1.04374	1.04156	1.04297	12209
2024-11-22 11:00:00	1.04297	1.04298	1.04159	1.04227	10414
2024-11-22 11:30:00	1.04227	1.04266	1.0408	1.04165	10473
2024-11-22 12:00:00	1.04167	1.04195	1.04005	1.0401	10750
2024-11-22 12:30:00	1.04009	1.04136	1.03979	1.04074	9988
2024-11-22 13:00:00	1.04077	1.04287	1.04063	1.0419	12048
2024-11-22 13:30:00	1.04191	1.04344	1.0419	1.04294	12031
2024-11-22 14:00:00	1.04295	1.04346	1.0411	1.04114	15012
2024-11-22 14:30:00	1.04114	1.04255	1.04022	1.04043	19753
2024-11-22 15:00:00	1.04041	1042	1.03951	1.04126	23151
2024-11-22 15:30:00	1.04126	1.04182	1.04015	1.04106	18069
2024-11-22 16:00:00	1.04107	1.04118	1.03919	1.03954	15007
2024-11-22 16:30:00	1.03954	1.03997	1.03936	1.03983	7728
2024-11-22 17:00:00	1.03985	1.04101	1.03982	1.04093	6170
2024-11-22 17:30:00	1.04095	1.04205	1.04082	1.04189	4393
2024-11-22 18:00:00	1.04188	1.04254	1.04184	1.04206	4638
2024-11-22 18:30:00	1.04207	1.04227	1.04147	1.04166	5624
2024-11-22 19:00:00	1.04166	1.04189	1.04137	1.04147	4486
2024-11-22 19:30:00	1.04147	1.04147	1.04086	1.04109	3471
2024-11-22 20:00:00	1.04108	1.04147	1.0408	1.04142	2375
2024-11-22 20:30:00	1.04145	1.04174	1.04129	1.04145	4205
2024-11-22 21:00:00	1.04146	1.04179	1.04133	1.04175	1763
2024-11-22 21:30:00	1.04176	1.04201	1.04144	1.04193	3237
2024-11-24 22:00:00	1.04806	1.04815	1.04618	1.04657	3523
2024-11-24 22:30:00	1.0466	1.04816	1.04659	1.04793	4517
2024-11-24 23:00:00	1.04792	1.05013	1.04646	1.04984	6466
2024-11-24 23:30:00	1.04984	1.0501	1.04763	1.04793	9190
2024-11-25 00:00:00	1.04792	1.04848	1.04735	1.04775	8706
2024-11-25 00:30:00	1.04774	1.04849	1.04745	1.04812	5441
2024-11-25 01:00:00	1.04811	1.04875	1.04741	1.04868	7101
2024-11-25 01:30:00	1.04869	1049	1.04762	1.04778	10340
2024-11-25 02:00:00	1.04778	1.04849	1.04745	1.04844	6572
2024-11-25 02:30:00	1.04845	1.04894	1.04837	1.0487	6998
2024-11-25 03:00:00	1.0487	1.04881	1.04813	1.04837	4777
2024-11-25 03:30:00	1.04837	1.04852	1.04757	1.04778	4846
2024-11-25 04:00:00	1.04778	1.04799	1.04745	1.04785	3629
2024-11-25 04:30:00	1.04785	1.0481	1.04767	1.04791	3851
2024-11-25 05:00:00	1.04792	1.0483	1.04752	1.0478	3894
2024-11-25 05:30:00	1.04778	1.04807	1.04765	1.04791	4091
2024-11-25 06:00:00	1.04792	1.04891	1.04749	1.04871	8612
2024-11-25 06:30:00	1.04871	1.04895	1.04821	1.04835	6444
2024-11-25 07:00:00	1.04835	1.04836	1.04695	1.04705	8533
2024-11-25 07:30:00	1.04705	1.04709	1.04498	1.04504	11662
2024-11-25 08:00:00	1.04505	1.04594	1.0449	1.04534	17814
2024-11-25 08:30:00	1.04533	1.04671	1.04507	1.04655	11564
2024-11-25 09:00:00	1.04652	1.04872	1.04628	1.04744	18246
2024-11-25 09:30:00	1.04745	1.0497	1.04739	1.04895	12745
2024-11-25 10:00:00	1.04894	1.04944	1.04856	1.04908	11576
2024-11-25 10:30:00	1.04908	1.04969	1.04835	1.0486	8485
2024-11-25 11:00:00	1.04859	1.04904	1.04803	1.04831	6904
2024-11-25 11:30:00	1.04832	1.04847	1.0475	1.04793	10569
2024-11-25 12:00:00	1.04794	1.04839	1.0474	1.04758	9664
2024-11-25 12:30:00	1.04758	1.04934	1.04752	1.04886	10570
2024-11-25 13:00:00	1.04887	1.05255	1.04887	1.05208	16389
2024-11-25 13:30:00	1.05209	1.05301	1.05143	1.05284	18976
2024-11-25 14:00:00	1.05286	1.05303	1.05155	1.05252	17065
2024-11-25 14:30:00	1.05253	1.05282	1.05046	1.0508	16521
2024-11-25 15:00:00	1.0508	1.05147	1.04862	1.05135	13172
2024-11-25 15:30:00	1.05135	1.05192	1.04862	1.04884	17830
2024-11-25 16:00:00	1.04884	1.04945	1.0481	1.04847	12952
2024-11-25 16:30:00	1.04848	1.04883	1.04667	1.04776	8878
2024-11-25 17:00:00	1.04775	1.04792	1.04689	1.04749	6422
2024-11-25 17:30:00	1.04749	1.0487	1.04749	1.04861	5728
2024-11-25 18:00:00	1.0486	1.04981	1.04857	1.04966	6669
2024-11-25 18:30:00	1.04966	1.05079	1.04966	1.05074	5409
2024-11-25 19:00:00	1.05075	1.05107	1.05055	1.05092	5491
2024-11-25 19:30:00	1.05093	1.05098	1.05014	1.05055	3811
2024-11-25 20:00:00	1.05052	1.05093	1.0501	1.0503	3495
2024-11-25 20:30:00	1.0503	1.05036	1.04919	1.04922	3605
2024-11-25 21:00:00	1.04922	1.0497	1.0492	1.04936	2291
2024-11-25 21:30:00	1.04936	1.04962	1.04918	1.04942	2716
2024-11-25 22:00:00	1.04928	1.0496	1.04876	1.04943	637
2024-11-25 22:30:00	1.04942	1.04959	1.0494	1.04949	1649
2024-11-25 23:00:00	1.0495	1.05006	1.04946	1.04971	1037
2024-11-25 23:30:00	1.04972	1.04974	1.04428	1.04437	16619
2024-11-26 00:00:00	1.04437	1.04564	1.0425	1.04532	21040
2024-11-26 00:30:00	1.04532	1.04572	1.04333	1.04349	16182
2024-11-26 01:00:00	1.04347	1.0457	1.04303	1.04557	18009
2024-11-26 01:30:00	1.04559	1.04645	1.04509	1.0454	12021
2024-11-26 02:00:00	1.0454	1.04625	1.04511	1.04583	8009
2024-11-26 02:30:00	1.04582	1.04647	1.04534	1.04609	7266
2024-11-26 03:00:00	1.04608	1.04691	1.04584	1.04669	6013
2024-11-26 03:30:00	1.04669	1.04801	1.0466	1.04779	4994
2024-11-26 04:00:00	1.04779	1.04904	1.04778	1.04841	4613
2024-11-26 04:30:00	1.04841	1.04841	1.04767	1.04797	1680
2024-11-26 05:00:00	1.04795	1.04814	1.04754	1.04758	3921
2024-11-26 05:30:00	1.04757	1.04808	1.04741	1.04752	3838
2024-11-26 06:00:00	1.04752	1.04835	1.0475	1.04784	5262
2024-11-26 06:30:00	1.04783	1.04823	1.04741	1.04761	5502
2024-11-26 07:00:00	1.04762	1.04816	1.0472	1.0475	13081
2024-11-26 07:30:00	1.04749	1.04855	1.0472	1.0472	16129
2024-11-26 08:00:00	1.0472	1.04887	1047	1.04827	15846
2024-11-26 08:30:00	1.04827	1.04962	1.04782	1.04912	15385
2024-11-26 09:00:00	1.04912	1.05189	1.0491	1.04982	19426
2024-11-26 09:30:00	1.04982	1.05093	1.04924	1.05072	12869
2024-11-26 10:00:00	1.05072	1.05157	1.05055	1.05127	8539
2024-11-26 10:30:00	1.05128	1.05207	1.05089	1.05169	6572
2024-11-26 11:00:00	1.05169	1.05188	1.0505	1.05079	6925
2024-11-26 11:30:00	1.05079	1.05209	1.05066	1.05132	5301
2024-11-26 12:00:00	1.05132	1.05447	1051	1.05313	15528
2024-11-26 12:30:00	1.05314	1.05447	1.05224	1.05238	12421
2024-11-26 13:00:00	1.05237	1.05266	1.05012	1.05018	22730
2024-11-26 13:30:00	1.05017	1.05158	1.05	1.05035	13374
2024-11-26 14:00:00	1.05034	1.05059	1.04897	1.04993	12801
2024-11-26 14:30:00	1.04992	1.05052	1.04923	1.05031	14365
2024-11-26 15:00:00	1.05027	1051	1.04865	1.04869	12617
2024-11-26 15:30:00	1.04869	1.05014	1.04786	1.04796	14960
2024-11-26 16:00:00	1.04796	1.04859	1.04636	1.04729	15394
2024-11-26 16:30:00	1.04728	1.04862	1.04717	1.04799	11523
2024-11-26 17:00:00	1.04799	1.04806	1.04663	1.04688	8364
2024-11-26 17:30:00	1.04689	1.0472	1.04642	1.04704	7731
2024-11-26 18:00:00	1.04704	1.04744	1.04608	1.04617	7586
2024-11-26 18:30:00	1.04618	1.04672	1.04571	1.0465	5141
2024-11-26 19:00:00	1.04651	1.04809	1.04604	1.04605	10031
2024-11-26 19:30:00	1.04603	1.04767	1.04581	1.04727	7527
2024-11-26 20:00:00	1.04727	1.04777	1.04722	1.0474	4794
2024-11-26 20:30:00	1.04741	1.04819	1.04717	1.04809	5018
2024-11-26 21:00:00	1.04808	1.04902	1.04807	1.04889	1823
2024-11-26 21:30:00	1.04889	1.04898	1.04863	1.04873	2004
2024-11-26 22:00:00	1.04868	1.04874	1.0485	1.04858	523
2024-11-26 22:30:00	1.04858	1.04881	1.0485	1.04867	2270
2024-11-26 23:00:00	1.0487	1.04917	1.0486	1.04861	1848
2024-11-26 23:30:00	1.04861	1.0492	1.04861	1.04918	1180
2024-11-27 00:00:00	1.04918	1.04964	1.04917	1.04924	2670
2024-11-27 00:30:00	1.04923	1.04944	1.04888	1.04894	4179
2024-11-27 01:00:00	1.04893	1.04928	1.04859	1.04874	7657
2024-11-27 01:30:00	1.04874	1.04899	1.04846	1.04868	5252
2024-11-27 02:00:00	1.04868	1.04882	1.04827	1.04842	5424
2024-11-27 02:30:00	1.04843	1.04868	1.04814	1.04854	3952
2024-11-27 03:00:00	1.04855	1.04857	1.04777	1.04808	3673
2024-11-27 03:30:00	1.04807	1.04852	1.04805	1.04829	4430
2024-11-27 04:00:00	1.04829	1.04838	1.04787	1.04789	3355
2024-11-27 04:30:00	1.0479	1.04816	1.04773	1.04786	2881
2024-11-27 05:00:00	1.04785	1.04801	1.04771	1.04786	3412
2024-11-27 05:30:00	1.04786	1048	1.04744	1.04768	2811
2024-11-27 06:00:00	1.04767	1.04847	1.04752	1.04843	3945
2024-11-27 06:30:00	1.04845	1.04862	1.04772	1.04799	4797
2024-11-27 07:00:00	1.04798	1.0495	1.04797	1.04929	6951
2024-11-27 07:30:00	1.04928	1.05052	1.04923	1.04982	7872
2024-11-27 08:00:00	1.04982	1.05402	1.04961	1.05292	26600
2024-11-27 08:30:00	1.05294	1.0532	1.05074	1.05141	22581
2024-11-27 09:00:00	1.05141	1.05175	1.0509	1.05153	12558
2024-11-27 09:30:00	1.05152	1.05186	1.05103	1.05165	7084
2024-11-27 10:00:00	1.05164	1.0523	1.05126	1.0519	9733
2024-11-27 10:30:00	1.05191	1.05305	1.05169	1.05277	8108
2024-11-27 11:00:00	1.05277	1.05305	1.05107	1.05113	7160
2024-11-27 11:30:00	1.05112	1.05278	1.05103	1.05261	7187
2024-11-27 12:00:00	1.05261	1.05295	1.05199	1.05268	9025
2024-11-27 12:30:00	1.05267	1.05377	1.0526	1.05277	11561
2024-11-27 13:00:00	1.0528	1.05367	1.0527	1.05335	11985
2024-11-27 13:30:00	1.05334	1.05737	1.05324	1.05726	21663
2024-11-27 14:00:00	1.05727	1.05787	1.05542	1.05576	20247
2024-11-27 14:30:00	1.05576	1.05608	1.05482	1.05562	13348
2024-11-27 15:00:00	1.05566	1.05566	1.05331	1.05447	16872
2024-11-27 15:30:00	1.05448	1.05797	1.05414	1.05706	14898
2024-11-27 16:00:00	1.05706	1.05749	1.05549	1.05577	11528
2024-11-27 16:30:00	1.05575	1.05846	1.05568	1.05742	14607
2024-11-27 17:00:00	1.05742	1.05876	1.05714	1.05817	8147
2024-11-27 17:30:00	1.05816	1.05818	1.05729	1.05764	8291
2024-11-27 18:00:00	1.05763	1.05786	1.05725	1.05726	4833
2024-11-27 18:30:00	1.05727	1.05756	1.05652	1.05661	5206
2024-11-27 19:00:00	1.0566	1.05709	1.05626	1.05636	3874
2024-11-27 19:30:00	1.05636	1.05685	1.05605	1.05628	3975
2024-11-27 20:00:00	1.05628	1.0564	1.05593	1.05639	4030
2024-11-27 20:30:00	1.05638	1.05665	1.05618	1.05653	4101
2024-11-27 21:00:00	1.05653	1.05683	1.05625	1.05667	1360
2024-11-27 21:30:00	1.05668	1.05674	1.05639	1.05657	4409
2024-11-27 22:00:00	1.05654	1.05669	1.05628	1.05662	217
2024-11-27 22:30:00	1.05661	1.05692	1.05658	1.05667	896
2024-11-27 23:00:00	1.05671	1.05691	1.05654	1.05658	1083
2024-11-27 23:30:00	1.05658	1.05658	1.05609	1.05619	1689
2024-11-28 00:00:00	1.05619	1.05622	1.05566	1.05603	2574
2024-11-28 00:30:00	1.05603	1.0562	1.0551	1.05517	3896
2024-11-28 01:00:00	1.05517	1.05582	1.05473	1.05579	6002
2024-11-28 01:30:00	1.05579	1.05627	1.05536	1.05571	6330
2024-11-28 02:00:00	1.05572	1.0561	1.05551	1.05556	4867
2024-11-28 02:30:00	1.05556	1.05572	1.05511	1.05571	3182
2024-11-28 03:00:00	1.0557	1.05579	1.05526	1.05556	3265
2024-11-28 03:30:00	1.05556	1.05556	1.05501	1.05522	2612
2024-11-28 04:00:00	1.05524	1.05572	1.05487	1.05554	2508
2024-11-28 04:30:00	1.05554	1.05562	1.05514	1.05546	2972
2024-11-28 05:00:00	1.05547	1.0558	1.05525	1.05535	2941
2024-11-28 05:30:00	1.05536	1.05569	1.05496	1055	2590
2024-11-28 06:00:00	1055	1055	1.05427	1.0548	5198
2024-11-28 06:30:00	1.0548	1.05517	1.05465	1.05483	3273
2024-11-28 07:00:00	1.05484	1.05551	1.05415	1.05463	4888
2024-11-28 07:30:00	1.05462	1.05462	1.05319	1.05415	10940
2024-11-28 08:00:00	1.05414	1.05415	1.05275	1.05365	16194
2024-11-28 08:30:00	1.05365	1.05495	1.0534	1.05441	13189
2024-11-28 09:00:00	1.05441	1.05563	1.05329	1.05355	21666
2024-11-28 09:30:00	1.05356	1.05398	1.0531	1.05319	10753
2024-11-28 10:00:00	1.05319	1.05402	1.05299	1.05397	10231
2024-11-28 10:30:00	1.05399	1.05505	1.05396	1.05504	6000
2024-11-28 11:00:00	1.05505	1.05561	1.05482	1.05555	6112
2024-11-28 11:30:00	1.05556	1.05562	1.05455	1055	5641
2024-11-28 12:00:00	1.05498	1.05538	1.05466	1.05531	5054
2024-11-28 12:30:00	1.05533	1.05538	1.05438	1.05449	5090
2024-11-28 13:00:00	1.05449	1.05477	1.05377	1.05411	9061
2024-11-28 13:30:00	1.05411	1.05465	1.05302	1.05338	12491
2024-11-28 14:00:00	1.05338	1.05423	1.05315	1.05379	9167
2024-11-28 14:30:00	1.0538	1.05494	1.05374	1.05492	8567
2024-11-28 15:00:00	1.05493	1.0557	1.0548	1.0554	6853
2024-11-28 15:30:00	1.05541	1.05555	1.05417	1.05525	9672
2024-11-28 16:00:00	1.05524	1.05545	1.05475	1.0549	5483
2024-11-28 16:30:00	1.0549	1.05548	1.05483	1.05539	2885
2024-11-28 17:00:00	1.05539	1.05545	1.05504	1.05532	2171
2024-11-28 17:30:00	1.05531	1.05555	1.05515	1.05528	1255
2024-11-28 18:00:00	1.0553	1.05567	1.0553	1.05542	752
2024-11-28 18:30:00	1.05542	1.05556	1.05521	1.05554	655
2024-11-28 19:00:00	1.05554	1.05555	1.05541	1.05541	706
2024-11-28 19:30:00	1.05542	1.05568	1.0554	1.05566	660
2024-11-28 20:00:00	1.05566	1.0557	1.05544	1.05548	555
2024-11-28 20:30:00	1.05548	1.05565	1.05537	1.05546	678
2024-11-28 21:00:00	1.05547	1.05568	1.05547	1.05558	420
2024-11-28 21:30:00	1.05557	1.05566	1.05511	1.05511	738
2024-11-28 22:00:00	1.05511	1.05551	1.05507	1.05537	372
2024-11-28 22:30:00	1.05537	1.05551	1.05502	1.05508	491
2024-11-28 23:00:00	1.05508	1.0562	1.05508	1.05591	1556
2024-11-28 23:30:00	1.05591	1.05621	1.05559	1056	1705
2024-11-29 00:00:00	1.05601	1.05628	1.05586	1.05621	2548
2024-11-29 00:30:00	1.0562	1.05716	1.05603	1.05625	5300
2024-11-29 01:00:00	1.05625	1.05748	1.05605	1.0568	8365
2024-11-29 01:30:00	1.05679	1.05692	1.05564	1.05598	7246
2024-11-29 02:00:00	1.05597	1.05702	1.0559	1.05697	3542
2024-11-29 02:30:00	1.05697	1.05739	1.05673	1.0571	3851
2024-11-29 03:00:00	1.0571	1.05718	1.0566	1.05682	3751
2024-11-29 03:30:00	1.05683	1.0576	1.05668	1.05736	3091
2024-11-29 04:00:00	1.05736	1.05767	1057	1.0574	3245
2024-11-29 04:30:00	1.0574	1.05744	1.05684	1.05699	2221
2024-11-29 05:00:00	1.05698	1.05741	1.05691	1.05722	3390
2024-11-29 05:30:00	1.05721	1.05721	1.05663	1.0568	3888
2024-11-29 06:00:00	1.05677	1.05721	1.05652	1.05721	3166
2024-11-29 06:30:00	1.05721	1.05805	1.05719	1.05801	4150
2024-11-29 07:00:00	1.05803	1.05971	1.05784	1.05952	9651
2024-11-29 07:30:00	1.05951	1.05951	1.05753	1.05795	14835
2024-11-29 08:00:00	1.05794	1.0582	1.05639	1.05691	13133
2024-11-29 08:30:00	1.05691	1.05777	1.05665	1.05699	11261
2024-11-29 09:00:00	1057	1.05815	1.05642	1.05705	17354
2024-11-29 09:30:00	1.05704	1.05716	1.05518	1.05574	13813
2024-11-29 10:00:00	1.05573	1.05675	1.05564	1.05642	9953
2024-11-29 10:30:00	1.05644	1.05732	1.0557	1.05645	10667
2024-11-29 11:00:00	1.05644	1.05652	1.0555	1.05591	10452
2024-11-29 11:30:00	1.0559	1.05677	1.05565	1.05625	8644
2024-11-29 12:00:00	1.05626	1.05655	1.05499	1.05514	9188
2024-11-29 12:30:00	1.05515	1.05656	1.0548	1.05642	13247
2024-11-29 13:00:00	1.05644	1.05684	1.05596	1.05624	10676
2024-11-29 13:30:00	1.05624	1.05647	1.05553	1.05628	11448
2024-11-29 14:00:00	1.05629	1.05645	1.05454	1055	11903
2024-11-29 14:30:00	1.05498	1.05556	1.0548	1.05532	11810
2024-11-29 15:00:00	1.05531	1.05637	1.05471	1.05475	14796
2024-11-29 15:30:00	1.05476	1.05677	1.05459	1.05612	17939
2024-11-29 16:00:00	1.05612	1.0563	1.05478	1.05546	16384
2024-11-29 16:30:00	1.05547	1.05573	1.05414	1.05465	11574
2024-11-29 17:00:00	1.05465	1.0552	1.05435	1.05461	9260
2024-11-29 17:30:00	1.05461	1.05678	1.05451	1.05673	6325
2024-11-29 18:00:00	1.05674	1.05781	1.05674	1.05723	6533
2024-11-29 18:30:00	1.05722	1.05757	1.05707	1.05753	8201
2024-11-29 19:00:00	1.05753	1.05786	1.05722	1.05778	4444
2024-11-29 19:30:00	1.05777	1058	1.05769	1.05795	7350
2024-11-29 20:00:00	1.05796	1.05818	1.05781	1.05818	5103
2024-11-29 20:30:00	1.0582	1.05843	1.05813	1.05823	6647
2024-11-29 21:00:00	1.05822	1.0583	1.05776	1.05792	6377
2024-11-29 21:30:00	1.05794	1.05798	1.05747	1.05748	2888
2024-12-01 22:00:00	1.05711	1.05733	1.05659	1.05675	413
2024-12-01 22:30:00	1.05675	1.05694	1.05604	1.05608	2175
2024-12-01 23:00:00	1.0561	1.05661	1.05336	1.0534	5241
2024-12-01 23:30:00	1.05339	1.05461	1.05336	1.05439	3590
2024-12-02 00:00:00	1.05439	1.05463	1.05331	1.05408	4636
2024-12-02 00:30:00	1.05408	1.05431	1.05313	1.05362	6380
2024-12-02 01:00:00	1.05361	1.05391	1.05279	1053	6933
2024-12-02 01:30:00	1.05301	1.05357	1.05291	1.05305	5797
2024-12-02 02:00:00	1.05304	1.05319	1052	1.0524	8546
2024-12-02 02:30:00	1.05243	1.0528	1.05238	1.05253	5253
2024-12-02 03:00:00	1.05254	1.05269	1052	1.05231	4942
2024-12-02 03:30:00	1.0523	1.05261	1.05214	1.05235	5165
2024-12-02 04:00:00	1.05235	1.0529	1.0522	1.0527	2942
2024-12-02 04:30:00	1.05271	1.05283	1.05189	1.05233	3541
2024-12-02 05:00:00	1.05233	1.05241	1.05151	1.05219	4906
2024-12-02 05:30:00	1.05221	1.05282	1.05208	1.05219	5914
2024-12-02 06:00:00	1.05218	1.05276	1.05213	1.05254	6826
2024-12-02 06:30:00	1.05254	1.05361	1.05235	1.05328	7968
2024-12-02 07:00:00	1.0533	1.0537	1.0507	1052	16333
2024-12-02 07:30:00	1.05199	1.05199	1.05018	1.05027	16366
2024-12-02 08:00:00	1.05027	1.05124	1.04959	1.05059	16150
2024-12-02 08:30:00	1.05059	1.05065	1.04968	1.0502	16657
2024-12-02 09:00:00	1.05019	1.05182	1.05019	1.05126	13105
2024-12-02 09:30:00	1.05126	1.05191	1.05081	1.05135	8678
2024-12-02 10:00:00	1.05133	1.0519	1.05062	1.0514	12763
2024-12-02 10:30:00	1.05139	1.05239	1.05085	1.05217	8782
2024-12-02 11:00:00	1.05216	1.05275	1.05202	1.05265	6018
2024-12-02 11:30:00	1.05264	1.05288	1.05206	1.05229	6569
2024-12-02 12:00:00	1.05229	1.05382	1.05171	1.05196	11883
2024-12-02 12:30:00	1.05196	1.05223	1.0495	1.05009	11733
2024-12-02 13:00:00	1.05008	1.05142	1.05005	1.05097	10012
2024-12-02 13:30:00	1.05098	1.05105	1.04961	1.05056	17792
2024-12-02 14:00:00	1.05057	1.05147	1.04906	1.04937	17805
2024-12-02 14:30:00	1.04938	1.04955	1.04724	1.04737	17244
2024-12-02 15:00:00	1.04735	1.04808	1.0462	1.04667	24646
2024-12-02 15:30:00	1.04667	1.04737	1.04621	1.0469	17417
2024-12-02 16:00:00	1.04691	1.04977	1.04607	1.04911	18443
2024-12-02 16:30:00	1.04911	1.04911	1048	1.04835	13718
2024-12-02 17:00:00	1.04836	1.04989	1048	1.04932	7716
2024-12-02 17:30:00	1.04931	1.04956	1.04825	1.04874	7379
2024-12-02 18:00:00	1.04875	1.04931	1.04857	1.04906	5209
2024-12-02 18:30:00	1.04906	1.04913	1.04845	1.04897	6753
2024-12-02 19:00:00	1.04897	1.04942	1.04873	1.04918	6599
2024-12-02 19:30:00	1.0492	1.04932	1.04882	1.04903	4516
2024-12-02 20:00:00	1.04902	1.05158	1.04887	1.05092	14014
2024-12-02 20:30:00	1.05091	1.05148	1.04994	1.04999	9780
2024-12-02 21:00:00	1.04999	1.05029	1.04969	1.04982	2252
2024-12-02 21:30:00	1.04983	1.05001	1.0497	1.04971	1446
2024-12-02 22:00:00	1.04966	1.05002	1.04966	1.05	366
2024-12-02 22:30:00	1.05001	1.05004	1.04934	1.04963	513
2024-12-02 23:00:00	1.04962	1.05004	1.04962	1.04995	1289
2024-12-02 23:30:00	1.04995	1.05017	1.04988	1.05008	2627
2024-12-03 00:00:00	1.05008	1.05014	1.04893	1.04894	7267
2024-12-03 00:30:00	1.04893	1.04938	1.04887	1.04912	4419
2024-12-03 01:00:00	1.04913	1.04971	1.04866	1.04867	5618
2024-12-03 01:30:00	1.04867	1.04949	1.04842	1.04878	11664
2024-12-03 02:00:00	1.04878	1.04898	1.04823	1.04842	7856
2024-12-03 02:30:00	1.04842	1.04921	1.04838	1.04893	5254
2024-12-03 03:00:00	1.04892	1.04911	1.04869	1.04883	5468
2024-12-03 03:30:00	1.04885	1.04944	1.04883	1.04903	4687
2024-12-03 04:00:00	1.04903	1.04912	1.04848	1.04871	4155
2024-12-03 04:30:00	1.04873	1.04873	1.04843	1.04853	3230
2024-12-03 05:00:00	1.04854	1.04865	1.04807	1.04865	3597
2024-12-03 05:30:00	1.04866	1.04924	1.04861	1.04914	4529
2024-12-03 06:00:00	1.04915	1.04946	1.04849	1.04871	5266
2024-12-03 06:30:00	1.04871	1.04914	1.04834	1.04878	5046
2024-12-03 07:00:00	1.04878	1.05031	1.04863	1.05026	7263
2024-12-03 07:30:00	1.05027	1.05115	1.04969	1.0498	11148
2024-12-03 08:00:00	1.04981	1.05161	1.04972	1.05145	15341
2024-12-03 08:30:00	1.05144	1.05278	1.05144	1.05252	15664
2024-12-03 09:00:00	1.05253	1.05307	1.05176	1.05195	13545
2024-12-03 09:30:00	1.05194	1.0522	1.05163	1.05204	8790
2024-12-03 10:00:00	1.05203	1.05274	1.05174	1.05257	5141
2024-12-03 10:30:00	1.05258	1.05298	1.0512	1.05146	5679
2024-12-03 11:00:00	1.05146	1.05255	1.05137	1.05215	6301
2024-12-03 11:30:00	1.05214	1.05273	1.05177	1.05226	9479
2024-12-03 12:00:00	1.05225	1.05244	1.05097	1.05103	11359
2024-12-03 12:30:00	1.05102	1.0519	1.05071	1.05075	7002
2024-12-03 13:00:00	1.05076	1.05152	1.05062	1.05143	7597
2024-12-03 13:30:00	1.05143	1.05269	1.05143	1.05239	9107
2024-12-03 14:00:00	1.05241	1.0529	1.05193	1.05271	15159
2024-12-03 14:30:00	1.05271	1.05287	1.0517	1.05194	12530
2024-12-03 15:00:00	1.05194	1.05194	1.04923	1.0494	18597
2024-12-03 15:30:00	1.0494	1.05184	1.0492	1.05166	14945
2024-12-03 16:00:00	1.05165	1.05185	1.05032	1.05078	13710
2024-12-03 16:30:00	1.0508	1.05194	1.05031	1.05175	8940
2024-12-03 17:00:00	1.05175	1.05232	1.05139	1.05163	8219
2024-12-03 17:30:00	1.05165	1.05303	1.05083	1.05284	9833
2024-12-03 18:00:00	1.05281	1.0535	1.05273	1.05319	7294
2024-12-03 18:30:00	1.05321	1.0534	1.05247	1.05277	9306
2024-12-03 19:00:00	1.05277	1.05287	1.05119	1.05134	4701
2024-12-03 19:30:00	1.05134	1.05165	1.05045	1.05045	3932
2024-12-03 20:00:00	1.05045	1.05126	1.05028	1.05085	4635
2024-12-03 20:30:00	1.05085	1.05106	1.05058	1.05089	4751
2024-12-03 21:00:00	1.05088	1.05107	1.0507	1.05093	1773
2024-12-03 21:30:00	1.05093	1.05117	1.05062	1.05062	1847
2024-12-03 22:00:00	1.05065	1.0509	1.05045	1.05075	423
2024-12-03 22:30:00	1.05075	1.05084	1.05065	1.05079	949
2024-12-03 23:00:00	1.05079	1.05089	1.05056	1.05076	1297
2024-12-03 23:30:00	1.05077	1.05108	1.05073	1.05099	2233
2024-12-04 00:00:00	1.05098	1.0512	1.0503	1.05034	2562
2024-12-04 00:30:00	1.05034	1.05034	1.04972	1.04991	5762
2024-12-04 01:00:00	1.04993	1.05096	1.04971	1.0506	5997
2024-12-04 01:30:00	1.05059	1.05125	1.05039	1.05061	6435
2024-12-04 02:00:00	1.05061	1.05083	1.05013	1.05058	6658
2024-12-04 02:30:00	1.05056	1.05071	1.04976	1.05004	6747
2024-12-04 03:00:00	1.05002	1.05006	1.04918	1.04923	5411
2024-12-04 03:30:00	1.04924	1.04945	1.04879	1.04936	4851
2024-12-04 04:00:00	1.04936	1.05039	1.04908	1.05035	5778
2024-12-04 04:30:00	1.05035	1.05134	1.05024	1.05107	3683
2024-12-04 05:00:00	1.05107	1.05158	1.05095	1.05153	6039
2024-12-04 05:30:00	1.05155	1.05201	1.05147	1.05149	4380
2024-12-04 06:00:00	1.05151	1.05158	1.05104	1.05139	4818
2024-12-04 06:30:00	1.05138	1.05289	1.05127	1.05228	5253
2024-12-04 07:00:00	1.05227	1.05266	1.05123	1.05128	9503
2024-12-04 07:30:00	1.05127	1.05153	1.05073	1.0509	9207
2024-12-04 08:00:00	1.0509	1.05148	1.05032	1.05037	13913
2024-12-04 08:30:00	1.05038	1.05038	1.04904	1.0491	9839
2024-12-04 09:00:00	1.04911	1.04948	1.04825	1.04947	12256
2024-12-04 09:30:00	1.04949	1.05061	1.04921	1.05028	9510
2024-12-04 10:00:00	1.05029	1.05093	1.04971	1.04991	8821
2024-12-04 10:30:00	1.04989	1.05031	1.04958	1.04992	7361
2024-12-04 11:00:00	1.04991	1.05068	1.04972	1.0504	8238
2024-12-04 11:30:00	1.05041	1.05122	1.05021	1.05048	6125
2024-12-04 12:00:00	1.05047	1.05048	1.04965	1.04982	7006
2024-12-04 12:30:00	1.04982	1.05016	1.04879	1.04911	6225
2024-12-04 13:00:00	1.0491	1.04973	1.04837	1.04887	11166
2024-12-04 13:30:00	1.04887	1.04962	1.04792	1.04834	18511
2024-12-04 14:00:00	1.04833	1.04916	1.04723	1049	11503
2024-12-04 14:30:00	1.04901	1.04986	1.04843	1.04946	13416
2024-12-04 15:00:00	1.04949	1.05439	1.04949	1.05351	26853
2024-12-04 15:30:00	1.05352	1.0539	1.05187	1.05294	25687
2024-12-04 16:00:00	1.05293	1.05342	1.05201	1.05325	18289
2024-12-04 16:30:00	1.05328	1.05366	1.05212	1.05267	9050
2024-12-04 17:00:00	1.05268	1.05396	1.0525	1.05393	8162
2024-12-04 17:30:00	1.05394	1.05425	1.05329	1.05372	4948
2024-12-04 18:00:00	1.05372	1.05389	1.05293	1.05318	4952
2024-12-04 18:30:00	1.05318	1.05361	1.05153	1.05167	5438
2024-12-04 19:00:00	1.05163	1.05292	1.05072	1.05151	17402
2024-12-04 19:30:00	1.05151	1.05246	1.05094	1.05138	9693
2024-12-04 20:00:00	1.05138	1.0515	1.05049	1.05109	4819
2024-12-04 20:30:00	1.05107	1.05173	1.05104	1.05128	4788
2024-12-04 21:00:00	1.0513	1.05157	1051	1.05102	1237
2024-12-04 21:30:00	1.05101	1.05114	1.05078	1.05114	1912
2024-12-04 22:00:00	1051	1.05123	1.05091	1.05113	386
2024-12-04 22:30:00	1.05111	1.05124	1.05096	1051	569
2024-12-04 23:00:00	1.05099	1.05151	1.05077	1.05138	1258
2024-12-04 23:30:00	1.05142	1.05155	1.05111	1.05123	1683
2024-12-05 00:00:00	1.05124	1.05127	1.05081	1.05105	3272
2024-12-05 00:30:00	1.05105	1.05157	1.05105	1.05141	4124
2024-12-05 01:00:00	1.05141	1.05158	1.05105	1.05133	4956
2024-12-05 01:30:00	1.05134	1.05156	1.0509	1.05122	6156
2024-12-05 02:00:00	1.0512	1.05177	1.05105	1.05168	5092
2024-12-05 02:30:00	1.0517	1.05227	1.0517	1.05198	3647
2024-12-05 03:00:00	1.05198	1.05232	1.0518	1.05184	2917
2024-12-05 03:30:00	1.05183	1.05231	1.05158	1.05229	2599
2024-12-05 04:00:00	1.05228	1.05256	1.05215	1.05231	2361
2024-12-05 04:30:00	1.05232	1.05232	1.05171	1.05182	1756
2024-12-05 05:00:00	1.05181	1.05267	1.05171	1.05242	2028
2024-12-05 05:30:00	1.05241	1.05288	1.05241	1.05265	3852
2024-12-05 06:00:00	1.05264	1.05297	1.05238	1.05243	5041
2024-12-05 06:30:00	1.05242	1.05282	1.05228	1.05256	4060
2024-12-05 07:00:00	1.05255	1.05386	1.05252	1.05295	7773
2024-12-05 07:30:00	1.05294	1.05361	1.05248	1.05353	7547
2024-12-05 08:00:00	1.05352	1.05463	1.05332	1.05433	9736
2024-12-05 08:30:00	1.05434	1.0544	1.05291	1053	9135
2024-12-05 09:00:00	1.05301	1.05343	1.05213	1.05231	6295
2024-12-05 09:30:00	1.05234	1.05346	1.05215	1.05285	8950
2024-12-05 10:00:00	1.05283	1.05352	1.05271	1.05294	6880
2024-12-05 10:30:00	1.05293	1.0531	1.05251	1.0526	8056
2024-12-05 11:00:00	1.0526	1.05284	1.05233	1.05253	5593
2024-12-05 11:30:00	1.05252	1.0538	1.05251	1.05364	5139
2024-12-05 12:00:00	1.05364	1.05385	1.05237	1.0529	6163
2024-12-05 12:30:00	1.0529	1.05386	1.05276	1.05367	8509
2024-12-05 13:00:00	1.05368	1.05495	1.05332	1.05455	11011
2024-12-05 13:30:00	1.05459	1.05681	1.05459	1.0567	19323
2024-12-05 14:00:00	1.05671	1.05798	1.05657	1.05795	14002
2024-12-05 14:30:00	1.05795	1.05896	1.05752	1.05754	13700
2024-12-05 15:00:00	1.05753	1.05799	1.05544	1.05567	11825
2024-12-05 15:30:00	1.05566	1.05762	1.05508	1.05722	10982
2024-12-05 16:00:00	1.05721	1.05783	1.05648	1.05709	11354
2024-12-05 16:30:00	1.05709	1.05723	1.05648	1.05702	9517
2024-12-05 17:00:00	1.05703	1.05746	1.05592	1.05605	8588
2024-12-05 17:30:00	1.05607	1.05699	1.05574	1.05675	7024
2024-12-05 18:00:00	1.05674	1.05696	1.0557	1.05587	6822
2024-12-05 18:30:00	1.05587	1.05686	1.05571	1.0568	6176
2024-12-05 19:00:00	1.05683	1.05798	1.05683	1.05781	10175
2024-12-05 19:30:00	1.05781	1.05886	1.05771	1.05873	7284
2024-12-05 20:00:00	1.05873	1.05875	1.05825	1.05869	6666
2024-12-05 20:30:00	1.05869	1.0588	1.0581	1.05844	5671
2024-12-05 21:00:00	1.0584	1.05878	1.05819	1.05875	1633
2024-12-05 21:30:00	1.05875	1.05883	1.0584	1.0584	1370
2024-12-05 22:00:00	1.05839	1.05882	1.05816	1.0588	387
2024-12-05 22:30:00	1.0588	1.05883	1.05862	1.05871	707
2024-12-05 23:00:00	1.0587	1.05876	1.0584	1.05855	468
2024-12-05 23:30:00	1.05856	1.05869	1.05838	1.05865	946
2024-12-06 00:00:00	1.05864	1.05864	1.05782	1.05802	3093
2024-12-06 00:30:00	1.05801	1.05822	1.05765	1.05771	3025
2024-12-06 01:00:00	1.05772	1.05781	1.05719	1.05729	7138
2024-12-06 01:30:00	1.0573	1.05737	1.05659	1.05686	8342
2024-12-06 02:00:00	1.05687	1.05751	1.05683	1.05739	6460
2024-12-06 02:30:00	1.05739	1.05781	1.05733	1.05768	4448
2024-12-06 03:00:00	1.05768	1.05803	1.0575	1.05754	4360
2024-12-06 03:30:00	1.05753	1.05765	1.05729	1.05759	3118
2024-12-06 04:00:00	1.05759	1.0577	1.0574	1.05744	1885
2024-12-06 04:30:00	1.05745	1.05753	1.05724	1.05752	1759
2024-12-06 05:00:00	1.05753	1.05753	1.05688	1.0572	2590
2024-12-06 05:30:00	1.0572	1.0574	1.05711	1.05723	4163
2024-12-06 06:00:00	1.05722	1.05778	1.05692	1.05756	3943
2024-12-06 06:30:00	1.05757	1.05774	1.0573	1.05743	3661
2024-12-06 07:00:00	1.05745	1.05774	1.05674	1.05719	7560
2024-12-06 07:30:00	1.05719	1.05845	1.05701	1.05836	5494
2024-12-06 08:00:00	1.05837	1.0594	1.05818	1.05829	9208
2024-12-06 08:30:00	1.05828	1.05836	1.05765	1.0582	8123
2024-12-06 09:00:00	1.05819	1.05834	1.05734	1.05749	8250
2024-12-06 09:30:00	1.0575	1.05824	1.05713	1.05772	5231
2024-12-06 10:00:00	1.05773	1.05793	1.05715	1.05746	4985
2024-12-06 10:30:00	1.05747	1.05849	1.05732	1.05825	4896
2024-12-06 11:00:00	1.05826	1.05871	1.05766	1.05817	5073
2024-12-06 11:30:00	1.05818	1.05888	1.05783	1.05869	5850
2024-12-06 12:00:00	1.05869	1.05884	1.05805	1.0584	5771
2024-12-06 12:30:00	1.0584	1.05864	1.05805	1.05812	6906
2024-12-06 13:00:00	1.05812	1.05897	1.05791	1.05831	8422
2024-12-06 13:30:00	1.05831	1.06298	1.05829	1.06042	36054
2024-12-06 14:00:00	1.06043	1.06072	1.0568	1.05816	24073
2024-12-06 14:30:00	1.05816	1.05898	1.05725	1.05788	21992
2024-12-06 15:00:00	1.05788	1.05788	1.05519	1.05654	16860
2024-12-06 15:30:00	1.05653	1.05677	1.05441	1.05633	18327
2024-12-06 16:00:00	1.05633	1.05728	1.05539	1.0571	9884
2024-12-06 16:30:00	1.05711	1.05754	1.05618	1.05624	11107
2024-12-06 17:00:00	1.05624	1.05624	1.05471	1.05529	11993
2024-12-06 17:30:00	1.05531	1.05619	1.05482	1.0551	6729
2024-12-06 18:00:00	1.0551	1.05611	1.05505	1.05577	4631
2024-12-06 18:30:00	1.05577	1.05577	1.05461	1.05494	3387
2024-12-06 19:00:00	1.05495	1.05497	1.05423	1.05484	3767
2024-12-06 19:30:00	1.05485	1.0555	1.05477	1.05543	4239
2024-12-06 20:00:00	1.05544	1.05606	1.0554	1.05602	2700
2024-12-06 20:30:00	1.05602	1.05639	1.05586	1.05634	2649
2024-12-06 21:00:00	1.05635	1.05662	1.05616	1.05658	2143
2024-12-06 21:30:00	1.05658	1.05694	1.05647	1.05673	3834
2024-12-08 22:00:00	1.05544	1.05614	1.05544	1.05601	373
2024-12-08 22:30:00	1.05601	1.05635	1.05587	1.05624	999
2024-12-08 23:00:00	1.05623	1.05692	1.05596	1.05626	2397
2024-12-08 23:30:00	1.05625	1.05672	1.05611	1.05656	2082
2024-12-09 00:00:00	1.05657	1.05659	1.05576	1.05585	3659
2024-12-09 00:30:00	1.05584	1.05601	1.05555	1.05592	3216
2024-12-09 01:00:00	1.05593	1.0561	1.05532	1.05567	5818
2024-12-09 01:30:00	1.05568	1.05572	1.05511	1.05518	4723
2024-12-09 02:00:00	1.05519	1.05561	1.05518	1.05526	3701
2024-12-09 02:30:00	1.05525	1.05548	1.05505	1.05548	3581
2024-12-09 03:00:00	1.05547	1.05563	1.05451	1.05465	4479
2024-12-09 03:30:00	1.05466	1.05495	1.05366	1.05372	4124
2024-12-09 04:00:00	1.05373	1.05399	1.05329	1.05332	3733
2024-12-09 04:30:00	1.05331	1.05364	1.0532	1.05346	3745
2024-12-09 05:00:00	1.05347	1.05382	1.0534	1.05344	3399
2024-12-09 05:30:00	1.05343	1.05381	1.05337	1.0537	3609
2024-12-09 06:00:00	1.05371	1.05419	1.05365	1.05397	4463
2024-12-09 06:30:00	1.05397	1.05449	1.05397	1.05443	4107
2024-12-09 07:00:00	1.05442	1.05567	1.05411	1.05541	8425
2024-12-09 07:30:00	1.05542	1.05664	1.05475	1.05642	11061
2024-12-09 08:00:00	1.05641	1.05663	1.05566	1.05641	15038
2024-12-09 08:30:00	1.05642	1.05704	1.05567	1.05674	10884
2024-12-09 09:00:00	1.05673	1.05751	1.05654	1.0573	9926
2024-12-09 09:30:00	1.0573	1.0574	1.05615	1.05661	7093
2024-12-09 10:00:00	1.05662	1.05846	1.05662	1.05808	9133
2024-12-09 10:30:00	1.05808	1.05853	1.0579	1.05803	7538
2024-12-09 11:00:00	1.05803	1.0585	1.05793	1.05805	5968
2024-12-09 11:30:00	1.05804	1.05808	1.05675	1.05688	5171
2024-12-09 12:00:00	1.05688	1.05711	1.05622	1.05663	5564
2024-12-09 12:30:00	1.05664	1.05675	1.05578	1.05657	6763
2024-12-09 13:00:00	1.05656	1.05714	1.05581	1.05705	10328
2024-12-09 13:30:00	1.05703	1.05776	1.05698	1.05761	12200
2024-12-09 14:00:00	1.05762	1.05847	1.05716	1.05788	8682
2024-12-09 14:30:00	1.05789	1.05824	1.05726	1.05781	11116
2024-12-09 15:00:00	1.05781	1.05806	1.05717	1.0575	8880
2024-12-09 15:30:00	1.05752	1.05928	1.05752	1.05911	9334
2024-12-09 16:00:00	1.05912	1.05944	1.05774	1.05818	7309
2024-12-09 16:30:00	1.05818	1.05845	1.05681	1.05703	4797
2024-12-09 17:00:00	1.05702	1.05743	1.05674	1.05692	4109
2024-12-09 17:30:00	1.05689	1.05724	1.05666	1.05669	2932
2024-12-09 18:00:00	1.05668	1.05676	1.05623	1.05633	2846
2024-12-09 18:30:00	1.05633	1.05659	1.05604	1.05636	3681
2024-12-09 19:00:00	1.05636	1.05645	1.05571	1.05577	3822
2024-12-09 19:30:00	1.05579	1.05611	1.05516	1.05552	3176
2024-12-09 20:00:00	1.05552	1.05576	1.05472	1.05473	3386
2024-12-09 20:30:00	1.05473	1.0551	1.05471	1055	2753
2024-12-09 21:00:00	1.05501	1.05549	1.05501	1.05527	1735
2024-12-09 21:30:00	1.05527	1.05544	1.05507	1.05531	1800
2024-12-09 22:00:00	1.05529	1.05547	1.05479	1.0553	602
2024-12-09 22:30:00	1.05531	1.05557	1.05527	1.05537	1325
2024-12-09 23:00:00	1.05537	1.0555	1.05531	1.05533	1075
2024-12-09 23:30:00	1.05533	1.05571	1.05527	1.05541	1889
2024-12-10 00:00:00	1.05542	1.05545	1.0549	1.05523	3686
2024-12-10 00:30:00	1.05521	1.05539	1.05496	1.0553	4205
2024-12-10 01:00:00	1.0553	1.05533	1.05475	1.05492	6042
2024-12-10 01:30:00	1.05492	1.05536	1.05452	1.05529	6131
2024-12-10 02:00:00	1.0553	1.05614	1.05529	1.05544	5749
2024-12-10 02:30:00	1.05544	1.05587	1.05515	1.05532	5616
2024-12-10 03:00:00	1.05533	1.05546	1.05505	1.05526	3255
2024-12-10 03:30:00	1.05527	1.05576	1.05489	1.05564	5911
2024-12-10 04:00:00	1.05566	1.05597	1.05562	1.05578	2935
2024-12-10 04:30:00	1.05577	1.05599	1.05571	1.05575	2738
2024-12-10 05:00:00	1.05574	1.05594	1.05541	1.05552	3427
2024-12-10 05:30:00	1.05551	1.05625	1.05551	1.05619	3388
2024-12-10 06:00:00	1.0562	1.0567	1.05609	1.05668	4062
2024-12-10 06:30:00	1.0567	1.0568	1.05618	1.05665	4497
2024-12-10 07:00:00	1.05664	1.05664	1.05561	1.05601	6741
2024-12-10 07:30:00	1.05601	1.05626	1.05469	1.05488	7118
2024-12-10 08:00:00	1.05487	1.05515	1.0539	1.05471	8558
2024-12-10 08:30:00	1.05471	1.05495	1.05377	1.05377	6500
2024-12-10 09:00:00	1.05376	1.05381	1.05257	1.0526	8693
2024-12-10 09:30:00	1.05258	1.0536	1.0523	1.05311	7584
2024-12-10 10:00:00	1.05311	1.05378	1.0527	1.05301	7178
2024-12-10 10:30:00	1053	1.05342	1.05259	1.0528	5907
2024-12-10 11:00:00	1.0528	1.05328	1.0524	1.05324	7139
2024-12-10 11:30:00	1.05326	1.05328	1.0528	1.05312	5188
2024-12-10 12:00:00	1.05313	1.05337	1.05211	1.05231	7194
2024-12-10 12:30:00	1.05231	1.05331	1.05203	1.05306	8678
2024-12-10 13:00:00	1.05307	1.05318	1.05158	1.05211	9440
2024-12-10 13:30:00	1.05216	1.05284	1.05181	1.0523	6821
2024-12-10 14:00:00	1.05231	1.05297	1.05214	1.05274	6859
2024-12-10 14:30:00	1.05275	1.05311	1.05193	1.05196	8849
2024-12-10 15:00:00	1.05197	1.05257	1.05008	1.05028	11217
2024-12-10 15:30:00	1.05026	1.05132	1.04984	1.05037	11205
2024-12-10 16:00:00	1.05039	1.05104	1.04997	1.05071	7833
2024-12-10 16:30:00	1.05072	1.05125	1.05005	1.05116	5472
2024-12-10 17:00:00	1.05117	1.05166	1.05079	1.05086	5580
2024-12-10 17:30:00	1.05085	1.05135	1.05046	1.05096	4395
2024-12-10 18:00:00	1.05095	1.05197	1.05086	1.0519	5623
2024-12-10 18:30:00	1.05191	1.05268	1.05191	1.05254	4362
2024-12-10 19:00:00	1.05254	1.05312	1.05248	1.05266	3502
2024-12-10 19:30:00	1.05267	1.05281	1.05242	1.05268	3965
2024-12-10 20:00:00	1.05267	1.05282	1.05238	1.05268	2944
2024-12-10 20:30:00	1.05268	1.05305	1.05257	1.05263	3765
2024-12-10 21:00:00	1.05264	1.05284	1.05236	1.0527	1125
2024-12-10 21:30:00	1.0527	1.05287	1.05257	1.05268	1345
2024-12-10 22:00:00	1.05261	1.05282	1.0526	1.05274	170
2024-12-10 22:30:00	1.05274	1.05283	1.05274	1.05281	93
2024-12-10 23:00:00	1.05282	1.05317	1.0528	1.05315	889
2024-12-10 23:30:00	1.05315	1.05318	1.05306	1.05311	1030
2024-12-11 00:00:00	1.05312	1.05319	1.05276	1.05283	2507
2024-12-11 00:30:00	1.05282	1.05323	1.05278	1.05288	2593
2024-12-11 01:00:00	1.05288	1.05338	1.05281	1.05336	4506
2024-12-11 01:30:00	1.05337	1.05355	1.05317	1.05346	5425
2024-12-11 02:00:00	1.05345	1.05393	1.0533	1.05382	3705
2024-12-11 02:30:00	1.05383	1.05387	1.05336	1.05368	4210
2024-12-11 03:00:00	1.05369	1.05376	1.05283	1.05311	4663
2024-12-11 03:30:00	1.0531	1.05317	1.05277	1.05282	3331
2024-12-11 04:00:00	1.05281	1.05303	1.05267	1.05268	2844
2024-12-11 04:30:00	1.05267	1.05267	1.05204	1.05245	3418
2024-12-11 05:00:00	1.05245	1.05258	1.05212	1.05218	2799
2024-12-11 05:30:00	1.05217	1.05269	1.05209	1.05239	3831
2024-12-11 06:00:00	1.05239	1.05279	1.05224	1.05246	3636
2024-12-11 06:30:00	1.05247	1.05279	1.05229	1.05259	3725
2024-12-11 07:00:00	1.0526	1.05284	1.05065	1.05069	13426
2024-12-11 07:30:00	1.05071	1.05106	1.0488	1.04899	15816
2024-12-11 08:00:00	1049	1.05039	1.04896	1.05026	8416
2024-12-11 08:30:00	1.05027	1.05124	1.05024	1.05055	6509
2024-12-11 09:00:00	1.05055	1.05097	1.04964	1.0503	12247
2024-12-11 09:30:00	1.0503	1.05071	1.0499	1.05005	10246
2024-12-11 10:00:00	1.05004	1.05014	1.0487	1.04946	9215
2024-12-11 10:30:00	1.04946	1.05012	1.04924	1.0495	7153
2024-12-11 11:00:00	1.04949	1.05033	1.04901	1.04982	6782
2024-12-11 11:30:00	1.04983	1.05052	1.04963	1.05033	6195
2024-12-11 12:00:00	1.05033	1.05181	1.05033	1.05071	8915
2024-12-11 12:30:00	1.05071	1.05092	1.05	1.0503	6689
2024-12-11 13:00:00	1.05032	1.05162	1.05032	1.05138	8606
2024-12-11 13:30:00	1.05138	1.05373	1.05027	1.05241	27950
2024-12-11 14:00:00	1.05238	1.05291	1.05048	1.05075	18514
2024-12-11 14:30:00	1.05075	1.05091	1.0494	1.05007	15912
2024-12-11 15:00:00	1.05007	1.05081	1.04906	1.04972	13833
2024-12-11 15:30:00	1.04972	1.04994	1.04802	1.04906	15001
2024-12-11 16:00:00	1.04907	1.04981	1.04852	1049	8005
2024-12-11 16:30:00	1049	1.05119	1.04891	1.05078	9421
2024-12-11 17:00:00	1.05079	1.05116	1.04927	1.04942	6748
2024-12-11 17:30:00	1.04941	1.04979	1.04861	1.04876	6340
2024-12-11 18:00:00	1.04876	1.04999	1.04875	1.04988	9308
2024-12-11 18:30:00	1.04987	1.04999	1.04832	1.04845	7025
2024-12-11 19:00:00	1.04844	1.04897	1.04816	1.04895	5793
2024-12-11 19:30:00	1.04896	1.04941	1.04873	1.04911	4589
2024-12-11 20:00:00	1.04912	1.04953	1.04911	1.04935	3538
2024-12-11 20:30:00	1.04934	1.04942	1.04882	1.04926	2752
2024-12-11 21:00:00	1.04926	1.04964	1.04925	1.04952	1413
2024-12-11 21:30:00	1.04953	1.04972	1.04932	1.04933	1231
2024-12-11 22:00:00	1.04935	1.04962	1.04904	1.04958	669
2024-12-11 22:30:00	1.0496	1.04971	1.04955	1.04962	964
2024-12-11 23:00:00	1.04962	1.05004	1.04962	1.05004	827
2024-12-11 23:30:00	1.05004	1.05064	1.05004	1.05061	382
2024-12-12 00:00:00	1.05059	1.05085	1.05035	1.05036	540
2024-12-12 00:30:00	1.05043	1.05053	1.05024	1.0504	58
2024-12-12 01:00:00	1.05065	1.05087	1.05032	1.05077	1197
2024-12-12 01:30:00	1.05077	1.05082	1.05044	1.0506	1502
2024-12-12 02:00:00	1.05061	1.05072	1.05029	1.05036	1670
2024-12-12 02:30:00	1.05037	1.05052	1.05019	1.05033	1408
2024-12-12 03:00:00	1.05033	1.05077	1.05009	1.05075	1023
2024-12-12 03:30:00	1.05076	1.05085	1.05034	1.05053	1084
2024-12-12 04:00:00	1.05052	1.0509	1.05043	1.0508	693
2024-12-12 04:30:00	1.0508	1.0509	1.05043	1.05089	1050
2024-12-12 05:00:00	1.0509	1.05095	1.05046	1.05062	1479
2024-12-12 05:30:00	1.05063	1.05078	1.05034	1.05064	1789
2024-12-12 06:00:00	1.05065	1.05086	1.05044	1.05067	1536
2024-12-12 06:30:00	1.05068	1.05141	1.05068	1.0514	1358
2024-12-12 07:00:00	1.0514	1.05308	1.05126	1.05219	5362
2024-12-12 07:30:00	1.05221	1.05263	1.05162	1.05163	4977
2024-12-12 08:00:00	1.05162	1.05207	1.0511	1.05111	4686
2024-12-12 08:30:00	1.0511	1.05141	1.05046	1.05091	7468
2024-12-12 09:00:00	1.0509	1.05171	1.05054	1.05135	4352
2024-12-12 09:30:00	1.05117	1.0515	1.05071	1051	688
2024-12-12 10:00:00	1051	1.05141	1.05065	1.05091	3293
2024-12-12 10:30:00	1.05091	1051	1.04952	1.04965	3204
2024-12-12 11:00:00	1.04965	1.05032	1.04942	1.05028	4399
2024-12-12 11:30:00	1.05031	1.05076	1.05024	1.05025	2908
2024-12-12 12:00:00	1.05025	1.0504	1.04925	1.04975	2550
2024-12-12 12:30:00	1.04974	1.05031	1.04889	1.0489	3664
2024-12-12 13:00:00	1.04892	1.04979	1.04694	1.0481	9522
2024-12-12 13:30:00	1.04809	1.05019	1.04795	1.04846	12442
2024-12-12 14:00:00	1.0485	1.04947	1.0472	1.04811	10858
2024-12-12 14:30:00	1.0481	1.05203	1.04793	1.05193	21588
2024-12-12 15:00:00	1.05195	1.05209	1.04832	1.04834	20880
2024-12-12 15:30:00	1.04833	1.04833	1.04637	1.04728	19475
2024-12-12 16:00:00	1.04727	1.04968	1.04718	1.04944	14546
2024-12-12 16:30:00	1.04946	1.05157	1.04946	1.05132	10723
2024-12-12 17:00:00	1.05132	1.05174	1.04998	1.05047	10504
2024-12-12 17:30:00	1.05046	1.05057	1.04951	1.05006	6619
2024-12-12 18:00:00	1.05007	1.05024	1.0491	1.0493	8123
2024-12-12 18:30:00	1.0493	1.04943	1.0482	1.04823	7640
2024-12-12 19:00:00	1.04822	1.04851	1.04763	1.04772	4871
2024-12-12 19:30:00	1.04772	1.04788	1.04724	1.04726	5580
2024-12-12 20:00:00	1.04725	1.04746	1.04702	1.04713	3865
2024-12-12 20:30:00	1.04713	1.04726	1.04646	1.04671	3955
2024-12-12 21:00:00	1.04672	1.0472	1.04643	1.04673	1771
2024-12-12 21:30:00	1.04674	1.04683	1.04641	1.04663	1360
2024-12-12 22:00:00	1.04653	1.04702	1.04653	1.04697	903
2024-12-12 22:30:00	1.04698	1.04712	1.04689	1.04702	661
2024-12-12 23:00:00	1.04701	1.04728	1.04645	1.04711	1352
2024-12-12 23:30:00	1.04712	1.04739	1.04703	1.04736	1334
2024-12-13 00:00:00	1.04736	1.04754	1047	1.0475	3971
2024-12-13 00:30:00	1.0475	1.04805	1.04725	1.04793	4511
2024-12-13 01:00:00	1.04794	1.04808	1.04648	1.04671	2732
2024-12-13 01:30:00	1.0467	1.04691	1.04633	1.04651	3179
2024-12-13 02:00:00	1.04652	1.04654	1.04621	1.04646	2680
2024-12-13 02:30:00	1.04646	1.04667	1.04601	1.04606	2055
2024-12-13 03:00:00	1.04606	1.04639	1.04606	1.0462	1433
2024-12-13 03:30:00	1.0462	1.0465	1.04595	1.04602	1191
2024-12-13 04:00:00	1.04602	1.04616	1.04562	1.04578	1241
2024-12-13 04:30:00	1.04577	1.04635	1.04577	1.04634	822
2024-12-13 05:00:00	1.04636	1.04645	1.04603	1.04616	1418
2024-12-13 05:30:00	1.04615	1.04657	1.04608	1.04652	1053
2024-12-13 06:00:00	1.04653	1.04656	1.04566	1.04605	1828
2024-12-13 06:30:00	1.04604	1.04661	1.04592	1.04656	1087
2024-12-13 07:00:00	1.04655	1.04655	1.04531	1.04563	4632
2024-12-13 07:30:00	1.04562	1.04638	1.04532	1.04592	3527
2024-12-13 08:00:00	1.04592	1.04717	1.04562	1.0466	4259
2024-12-13 08:30:00	1.0466	1.04702	1.04637	1.04687	3700
2024-12-13 09:00:00	1.04686	1.04733	1.04663	1.04707	3094
2024-12-13 09:30:00	1.04706	1.0494	1.04677	1.04871	3987
2024-12-13 10:00:00	1.04873	1.04955	1.04834	1.04945	12111
2024-12-13 10:30:00	1.04946	1.04958	1.04842	1.0487	8687
2024-12-13 11:00:00	1.0487	1.04944	1.04863	1.04916	3085
2024-12-13 11:30:00	1.04916	1.04943	1.04868	1.04887	2683
2024-12-13 12:00:00	1.04887	1.04955	1.04879	1.04939	2810
2024-12-13 12:30:00	1.0494	1.05193	1.0494	1.05159	6392
2024-12-13 13:00:00	1.05161	1.05241	1.05131	1.05158	5613
2024-12-13 13:30:00	1.05157	1.05215	1.05089	1.05102	11145
2024-12-13 14:00:00	1.05102	1.05103	1.0496	1.04976	5342
2024-12-13 14:30:00	1.04976	1.04981	1.04885	1.04906	4850
2024-12-13 15:00:00	1.04904	1.04954	1.04828	1.04877	6378
2024-12-13 15:30:00	1.04876	1.04937	1.04822	1.0489	6486
2024-12-13 16:00:00	1.0489	1.05024	1.04868	1.04943	5837
2024-12-13 16:30:00	1.04944	1.0506	1.04936	1.04977	7999
2024-12-13 17:00:00	1.04978	1.04986	1.04924	1.04941	5350
2024-12-13 17:30:00	1.04941	1.05042	1.04912	1.04963	5621
2024-12-13 18:00:00	1.04964	1.04976	1.04891	1.04929	5334
2024-12-13 18:30:00	1.04927	1.04986	1.04923	1.04958	4335
2024-12-13 19:00:00	1.04958	1.05024	1.04931	1.04973	3358
2024-12-13 19:30:00	1.04972	1.04994	1.04919	1.04946	3147
2024-12-13 20:00:00	1.04949	1.04966	1.04927	1.04962	3400
2024-12-13 20:30:00	1.04961	1.04975	1.04937	1.0497	1834
2024-12-13 21:00:00	1.04971	1.05031	1.04958	1.05016	1251
2024-12-13 21:30:00	1.05015	1.05045	1.04984	1.05017	2014
2024-12-15 22:00:00	1.04854	1.04915	1.04847	1.04861	368
2024-12-15 22:30:00	1.04862	1.05008	1.04857	1.04931	3116
2024-12-15 23:00:00	1.04953	1.05073	1.04953	1.05051	1925
2024-12-15 23:30:00	1.05049	1.05107	1.05036	1.05096	2695
2024-12-16 00:00:00	1.05095	1.05125	1.05091	1.05116	2168
2024-12-16 00:30:00	1.05115	1.05189	1.05115	1.05143	4331
2024-12-16 01:00:00	1.05143	1.05206	1.05123	1052	5699
2024-12-16 01:30:00	1.05204	1.05213	1.05175	1.05188	4048
2024-12-16 02:00:00	1.05189	1.05228	1.05144	1.05151	3923
2024-12-16 02:30:00	1.05151	1.05158	1.05097	1.05124	3872
2024-12-16 03:00:00	1.05125	1.05152	1051	1.05113	3638
2024-12-16 03:30:00	1.05114	1.05131	1.05097	1.05117	2385
2024-12-16 04:00:00	1.05119	1.0516	1.05119	1.05136	2221
2024-12-16 04:30:00	1.05135	1.05164	1.05118	1.05159	2420
2024-12-16 05:00:00	1.05159	1.05187	1.05157	1.05186	2213
2024-12-16 05:30:00	1.05185	1.05214	1.05164	1.05196	2583
2024-12-16 06:00:00	1.05196	1.05206	1.0513	1.05178	4112
2024-12-16 06:30:00	1.05177	1.0518	1.05116	1.05135	2563
2024-12-16 07:00:00	1.05136	1.05208	1.05119	1.05178	4926
2024-12-16 07:30:00	1.05179	1.05198	1.05043	1.05048	7991
2024-12-16 08:00:00	1.05048	1.05126	1.05002	1.05077	12891
2024-12-16 08:30:00	1.05085	1.05247	1.05066	1.05083	11614
2024-12-16 09:00:00	1.0509	1.0521	1.05067	1.05123	9688
2024-12-16 09:30:00	1.05124	1.05165	1.05035	1.0505	8301
2024-12-16 10:00:00	1.05051	1.05062	1.04978	1.05013	4279
2024-12-16 10:30:00	1.05014	1.05014	1.04884	1.0489	3698
2024-12-16 11:00:00	1.0489	1.04924	1.04882	1.04905	1879
2024-12-16 11:30:00	1.04905	1.04915	1.04833	1.04906	1942
2024-12-16 12:00:00	1.04906	1.04977	1.04898	1.04961	1682
2024-12-16 12:30:00	1.04961	1.04999	1.04904	1.04906	6259
2024-12-16 13:00:00	1.04906	1.05044	1.04904	1.05014	6781
2024-12-16 13:30:00	1.05015	1.05081	1.04963	1.05075	6538
2024-12-16 14:00:00	1.05075	1.05081	1.04885	1.04908	8710
2024-12-16 14:30:00	1.04907	1.04908	1.04745	1.04825	6691
2024-12-16 15:00:00	1.04827	1.0497	1.04826	1.04959	6419
2024-12-16 15:30:00	1.0496	1.05127	1.04956	1.05065	10221
2024-12-16 16:00:00	1.05066	1.05128	1.04951	1.04998	7855
2024-12-16 16:30:00	1.04999	1.05131	1.04973	1.05113	6345
2024-12-16 17:00:00	1.05113	1.05205	1.05055	1.05124	4714
2024-12-16 17:30:00	1.05124	1.05148	1.05067	1.05111	3623
2024-12-16 18:00:00	1.05112	1.05142	1.05072	1.05084	2694
2024-12-16 18:30:00	1.05084	1.05216	1.05058	1.05206	2148
2024-12-16 19:00:00	1.05205	1.05226	1.05119	1.0514	2608
2024-12-16 19:30:00	1.0514	1.05141	1.05065	1.05099	1683
2024-12-16 20:00:00	1.05099	1.0511	1.05075	1051	1326
2024-12-16 20:30:00	1.05099	1.05111	1.05066	1.05081	2040
2024-12-16 21:00:00	1.05082	1051	1.05068	1.05087	459
2024-12-16 21:30:00	1.05087	1.05155	1.05078	1.05094	1199
2024-12-16 22:00:00	1.05094	1.05113	1.05087	1.05094	286
2024-12-16 22:30:00	1.05094	1.05104	1.05073	1.05085	1085
2024-12-16 23:00:00	1.05086	1.05149	1.05086	1.05142	910
2024-12-16 23:30:00	1.05143	1.05185	1.05133	1.0517	273
2024-12-17 00:00:00	1.0517	1.05194	1.05149	1.05191	1744
2024-12-17 00:30:00	1.05191	1.05343	1.05173	1.05287	2278
2024-12-17 01:00:00	1.05291	1.05299	1.05197	1.05201	1938
2024-12-17 01:30:00	1.05204	1.05222	1.05188	1.05214	1557
2024-12-17 02:00:00	1.05212	1.05267	1.05201	1.05248	2232
2024-12-17 02:30:00	1.05246	1.05251	1.05167	1.05172	2058
2024-12-17 03:00:00	1.05171	1.05194	1.05153	1.05169	1471
2024-12-17 03:30:00	1.05168	1.0517	1.05113	1.05122	1167
2024-12-17 04:00:00	1.05123	1.05125	1.05093	1.05106	1075
2024-12-17 04:30:00	1.05105	1.05116	1.05078	1.05081	889
2024-12-17 05:00:00	1.05081	1.05092	1.05067	1.0509	1260
2024-12-17 05:30:00	1.05091	1051	1.05026	1.05046	2307
2024-12-17 06:00:00	1.05046	1.05077	1.04975	1.04983	2117
2024-12-17 06:30:00	1.04983	1.05032	1.04977	1.05028	2250
2024-12-17 07:00:00	1.05028	1.05077	1.04992	1.05065	3057
2024-12-17 07:30:00	1.05066	1.05091	1.04956	1.04975	3343
2024-12-17 08:00:00	1.04974	1.05003	1.04922	1.04922	3547
2024-12-17 08:30:00	1.04922	1.04925	1.04851	1.04891	5828
2024-12-17 09:00:00	1.0489	1.0489	1.04806	1.04838	7662
2024-12-17 09:30:00	1.04838	1.04884	1.04804	1.04852	5929
2024-12-17 10:00:00	1.04854	1.04896	1.0479	1.04818	7182
2024-12-17 10:30:00	1.04818	1.04882	1.04809	1.0488	4593
2024-12-17 11:00:00	1.0488	1.04929	1.04839	1.04894	4850
2024-12-17 11:30:00	1.04898	1.0494	1.04888	1.04913	2214
2024-12-17 12:00:00	1.04913	1.04949	1.04882	1.04911	2465
2024-12-17 12:30:00	1.0491	1.05016	1.04899	1.05012	2880
2024-12-17 13:00:00	1.05013	1.05014	1.04941	1.04948	4368
2024-12-17 13:30:00	1.0495	1.05066	1.04919	1.05047	7010
2024-12-17 14:00:00	1.05046	1.05115	1.05021	1.05063	6158
2024-12-17 14:30:00	1.05063	1.05097	1.04977	1.05049	6038
2024-12-17 15:00:00	1.0505	1.05093	1.05003	1.05046	7514
2024-12-17 15:30:00	1.05048	1.05052	1.04957	1.04989	6621
2024-12-17 16:00:00	1.04989	1.05061	1.04945	1.04989	4892
2024-12-17 16:30:00	1.04987	1.05061	1.04957	1.05051	2837
2024-12-17 17:00:00	1.05051	1.05159	1.04986	1.05061	5692
2024-12-17 17:30:00	1.0506	1.05077	1.0498	1.04996	3690
2024-12-17 18:00:00	1.04996	1.05002	1.04952	1.04988	2520
2024-12-17 18:30:00	1.04988	1.05041	1.04901	1.04934	3455
2024-12-17 19:00:00	1.04934	1.04952	1.04879	1.04882	2010
2024-12-17 19:30:00	1.04882	1.04935	1.04882	1.04883	1677
2024-12-17 20:00:00	1.04883	1.04904	1.04875	1.04902	1268
2024-12-17 20:30:00	1.04903	1.04906	1.04851	1.04881	2007
2024-12-17 21:00:00	1.0488	1.04898	1.04866	1.04894	778
2024-12-17 21:30:00	1.04893	1.04928	1.04893	1.04903	742
2024-12-17 22:00:00	1.04904	1.04935	1049	1.04916	511
2024-12-17 22:30:00	1.04916	1.04944	1.04914	1.04918	283
2024-12-17 23:00:00	1.0492	1.04943	1.04917	1.0493	749
2024-12-17 23:30:00	1.04931	1.04952	1.04931	1.04944	262
2024-12-18 00:00:00	1.04943	1.05013	1.04928	1.05008	983
2024-12-18 00:30:00	1.05008	1.05027	1.0497	1.04992	1500
2024-12-18 01:00:00	1.04991	1.05007	1.04961	1.0499	1409
2024-12-18 01:30:00	1.04989	1.05027	1.04955	1.05021	1602
2024-12-18 02:00:00	1.05025	1.05037	1.0497	1.04989	1411
2024-12-18 02:30:00	1.0499	1.0503	1.04962	1.05009	1638
2024-12-18 03:00:00	1.05008	1.05027	1.04988	1.05025	1490
2024-12-18 03:30:00	1.05025	1.05025	1.04987	1.0499	1568
2024-12-18 04:00:00	1.04989	1.05008	1.0496	1.05002	1429
2024-12-18 04:30:00	1.05005	1.05056	1.05005	1.0503	1311
2024-12-18 05:00:00	1.05029	1.05029	1.05002	1.05006	979
2024-12-18 05:30:00	1.05006	1.05046	1.05002	1.05022	1158
2024-12-18 06:00:00	1.05022	1.05082	1.05014	1.05061	1172
2024-12-18 06:30:00	1.05061	1.05118	1.05051	1.05111	1574
2024-12-18 07:00:00	1.05113	1.05127	1.05074	1.05074	2671
2024-12-18 07:30:00	1.05074	1.05087	1.04935	1.04968	3670
2024-12-18 08:00:00	1.04967	1.04989	1.04874	1.04926	3763
2024-12-18 08:30:00	1.04926	1.04963	1049	1.04932	3147
2024-12-18 09:00:00	1.04931	1.04984	1.04911	1.04941	3021
2024-12-18 09:30:00	1.04938	1.0497	1.04915	1.04941	3070
2024-12-18 10:00:00	1.04942	1.04975	1.0489	1.04894	2665
2024-12-18 10:30:00	1.04894	1.05002	1.0489	1.04985	2653
2024-12-18 11:00:00	1.04986	1.05033	1.04955	1.05003	2458
2024-12-18 11:30:00	1.05004	1.05034	1.04946	1.04966	2831
2024-12-18 12:00:00	1.04966	1.04975	1.04919	1.04949	2509
2024-12-18 12:30:00	1.04949	1.05019	1.04857	1.04905	3732
2024-12-18 13:00:00	1.04905	1.04985	1.04825	1.04872	4281
2024-12-18 13:30:00	1.04871	1.0494	1.04851	1.04919	7221
2024-12-18 14:00:00	1.04919	1.0496	1.0488	1.04888	5750
2024-12-18 14:30:00	1.04887	1.05032	1.04873	1.04964	7595
2024-12-18 15:00:00	1.04964	1.04987	1.04856	1.04887	8503
2024-12-18 15:30:00	1.04886	1.04897	1047	1.04738	9278
2024-12-18 16:00:00	1.04738	1.04809	1.04697	1.04753	5843
2024-12-18 16:30:00	1.04754	1.04771	1.04671	1.0469	5390
2024-12-18 17:00:00	1.04691	1.04757	1.04688	1.04747	5333
2024-12-18 17:30:00	1.04745	1048	1.04732	1.04753	2883
2024-12-18 18:00:00	1.04754	1.04844	1.04736	1.04844	2340
2024-12-18 18:30:00	1.04845	1.04924	1.04844	1.04864	3569
2024-12-18 19:00:00	1.04857	1.04857	1.04109	1.04152	17417
2024-12-18 19:30:00	1.04152	1.04236	1.03732	1.03774	15828
2024-12-18 20:00:00	1.03774	1.03803	1.03439	1.03559	17292
2024-12-18 20:30:00	1.03558	1.03719	1.03499	1.03649	10001
2024-12-18 21:00:00	1.0365	1.03758	1.03632	1.03658	2894
2024-12-18 21:30:00	1.03657	1.03676	1.03483	1.03513	3303
2024-12-18 22:00:00	1.03507	1.03517	1.03472	1.03489	860
2024-12-18 22:30:00	1.0349	1.03535	1.03476	1.03504	778
2024-12-18 23:00:00	1.03503	1.03605	1.0349	1.03548	1494
2024-12-18 23:30:00	1.03548	1.03579	1.03473	1.03506	1819
2024-12-19 00:00:00	1.03506	1.03671	1.03504	1.03656	3004
2024-12-19 00:30:00	1.03657	1.03799	1.03648	1.03729	3478
2024-12-19 01:00:00	1.03732	1.03798	1.03714	1.03749	3277
2024-12-19 01:30:00	1.03749	1.03784	1.0371	1.03781	2462
2024-12-19 02:00:00	1.03783	1.03794	1.03724	1.03766	2330
2024-12-19 02:30:00	1.03767	1.03905	1.03734	1039	3161
2024-12-19 03:00:00	1039	1.03909	1.03744	1.03803	2827
2024-12-19 03:30:00	1.03804	1.03812	1.03772	1.03782	1606
2024-12-19 04:00:00	1.03781	1.03805	1.03749	1.03798	1804
2024-12-19 04:30:00	1.03799	1.03821	1.03759	1.03789	1560
2024-12-19 05:00:00	1.03789	1.03851	1.03781	1.03844	1908
2024-12-19 05:30:00	1.03844	1.03855	1.0376	1.0382	2657
2024-12-19 06:00:00	1.03819	1.03872	1.03772	1.03872	2151
2024-12-19 06:30:00	1.03875	1.0388	1.03818	1.03851	4177
2024-12-19 07:00:00	1.03851	1.04094	1.03849	1.03987	5414
2024-12-19 07:30:00	1.03986	1.04005	1.03904	1.03949	5065
2024-12-19 08:00:00	1.03949	1.04051	1.03904	1.03997	6540
2024-12-19 08:30:00	1.03997	1.04092	1.03918	1.04083	8307
2024-12-19 09:00:00	1.04083	1042	1.0408	1.04198	10201
2024-12-19 09:30:00	1.04198	1.04222	1.04088	1.04124	6555
2024-12-19 10:00:00	1.04123	1.04158	1.04041	1.04101	5401
2024-12-19 10:30:00	1.04101	1.04138	1.04045	1.04052	5046
2024-12-19 11:00:00	1.04051	1.04152	1.04049	1.04106	4472
2024-12-19 11:30:00	1.04106	1.04123	1.03999	1.04034	6458
2024-12-19 12:00:00	1.04035	1.04085	1.03988	1.04006	13407
2024-12-19 12:30:00	1.04006	1.04102	1.03907	1.03935	11229
2024-12-19 13:00:00	1.03934	1.04117	1.03858	1.0407	13915
2024-12-19 13:30:00	1.04069	1.04139	1.03969	1.03989	10318
2024-12-19 14:00:00	1.03988	1.04072	1.03939	1.03999	7641
2024-12-19 14:30:00	1.03999	1.0405	1.03951	1.03955	10275
2024-12-19 15:00:00	1.03955	1.04018	1.03902	1.03997	9807
2024-12-19 15:30:00	1.03998	1.04009	1.03767	1.03799	14391
2024-12-19 16:00:00	1.03798	1.03843	1.03684	1.03824	8037
2024-12-19 16:30:00	1.03824	1.03843	1.03561	1.03566	11359
2024-12-19 17:00:00	1.03567	1.03762	1.03545	1.03742	9194
2024-12-19 17:30:00	1.03741	1.03741	1.03592	1.03615	10434
2024-12-19 18:00:00	1.03616	1.03727	1.03552	1.03684	12192
2024-12-19 18:30:00	1.03684	1.03754	1.0365	1.0374	6004
2024-12-19 19:00:00	1.0374	1.03772	1.03632	1.03652	6224
2024-12-19 19:30:00	1.03651	1.0368	1.03612	1.03613	3541
2024-12-19 20:00:00	1.03614	1.03685	1.03586	1.03672	5590
2024-12-19 20:30:00	1.03672	1.03691	1.03642	1.03681	3518
2024-12-19 21:00:00	1.03679	1.03681	1.03607	1.03632	1043
2024-12-19 21:30:00	1.03631	1.03645	1.03605	1.03605	1147
2024-12-19 22:00:00	1.03599	1.03646	1.03599	1.03636	206
2024-12-19 22:30:00	1.03636	1.03654	1.0363	1.03647	645
2024-12-19 23:00:00	1.03649	1.03653	1.03608	1.03618	841
2024-12-19 23:30:00	1.03618	1.03645	1.0361	1.03643	805
2024-12-20 00:00:00	1.03644	1.03692	1.03624	1.03667	1494
2024-12-20 00:30:00	1.03665	1.03669	1.03616	1.03651	1842
2024-12-20 01:00:00	1.0365	1.03658	1.03587	1.03634	3223
2024-12-20 01:30:00	1.03633	1.03675	1.03629	1.03633	1689
2024-12-20 02:00:00	1.03632	1.03647	1.03601	1.03641	1672
2024-12-20 02:30:00	1.03642	1.03642	1036	1.03634	1668
2024-12-20 03:00:00	1.03634	1.03656	1.03613	1.03626	1480
2024-12-20 03:30:00	1.03627	1.03633	1.0359	1.03618	1589
2024-12-20 04:00:00	1.03619	1.03629	1.03598	1.03608	1229
2024-12-20 04:30:00	1.03608	1.03629	1.03583	1.03587	1120
2024-12-20 05:00:00	1.03587	1.03617	1.03568	1.03583	1213
2024-12-20 05:30:00	1.03583	1.03666	1.03566	1.03662	1625
2024-12-20 06:00:00	1.03662	1.03699	1.03429	1.0362	5152
2024-12-20 06:30:00	1.0362	1.03773	1.03612	1.03747	3549
2024-12-20 07:00:00	1.03748	1.03817	1.03724	1.03779	4639
2024-12-20 07:30:00	1.03778	1.03853	1.03725	1.03828	4413
2024-12-20 08:00:00	1.03828	1.03983	1.0378	1.03946	5043
2024-12-20 08:30:00	1.03945	1.03979	1.03904	1.03921	5042
2024-12-20 09:00:00	1.03921	1.03922	1.03783	1.03825	6359
2024-12-20 09:30:00	1.03824	1.03866	1.03759	1.03828	5435
2024-12-20 10:00:00	1.03828	1.03901	1.03813	1.03865	5647
2024-12-20 10:30:00	1.03866	1.03931	1.03834	1.03917	6398
2024-12-20 11:00:00	1.03917	1.03917	1.03796	1.0388	9538
2024-12-20 11:30:00	1.03881	1.03974	1.03871	1.03915	7573
2024-12-20 12:00:00	1.03916	1.03986	1.03908	1.03982	7409
2024-12-20 12:30:00	1.03982	1.04002	1.03879	1.03895	9593
2024-12-20 13:00:00	1.03895	1.0401	1.03877	1.03979	7790
2024-12-20 13:30:00	1.03976	1.0419	1.03976	1.04073	16410
2024-12-20 14:00:00	1.04072	1.04088	1.03889	1.03924	13100
2024-12-20 14:30:00	1.03924	1.0398	1.0386	1.03934	9688
2024-12-20 15:00:00	1.03944	1.04073	1.03915	1.03942	11503
2024-12-20 15:30:00	1.03941	1.04072	1.0391	1.03967	14628
2024-12-20 16:00:00	1.03967	1.04191	1.03959	1.04125	9826
2024-12-20 16:30:00	1.04124	1.04354	1.04124	1.04281	11145
2024-12-20 17:00:00	1.04282	1.04448	1.04256	1.04383	16805
2024-12-20 17:30:00	1.04382	1.04382	1.0428	1.04285	15561
2024-12-20 18:00:00	1.04284	1.04329	1.04238	1.04243	8529
2024-12-20 18:30:00	1.04243	1.04429	1.04222	1.04368	6833
2024-12-20 19:00:00	1.04367	1.04447	1.04339	1.04436	6297
2024-12-20 19:30:00	1.04436	1.04474	1.04405	1.04447	5089
2024-12-20 20:00:00	1.04446	1.04471	1.04384	1.04441	4110
2024-12-20 20:30:00	1.0444	1.0444	1.04285	1.04287	6156
2024-12-20 21:00:00	1.04287	1.04336	1.04252	1.04253	3239
2024-12-20 21:30:00	1.04254	1.04311	1.04219	1.04254	3026
2024-12-22 22:00:00	1.04308	1.04368	1.04279	1.04367	462
2024-12-22 22:30:00	1.04366	1.04451	1.04299	1.04318	1115
2024-12-22 23:00:00	1.04325	1.04432	1.0431	1.04316	3588
2024-12-22 23:30:00	1.04316	1.04341	1.04302	1.04336	2379
2024-12-23 00:00:00	1.04335	1.04365	1.04334	1.04354	2347
2024-12-23 00:30:00	1.04354	1.04354	1.04306	1.04318	3153
2024-12-23 01:00:00	1.04319	1.04325	1.04268	1.04309	1987
2024-12-23 01:30:00	1.04309	1.04381	1.04309	1.04358	1484
2024-12-23 02:00:00	1.04359	1.04409	1.04358	1.04397	1296
2024-12-23 02:30:00	1.04399	1.04431	1.04388	1.04406	1731
2024-12-23 03:00:00	1.04406	1.04411	1.04384	1.04401	993
2024-12-23 03:30:00	1.04402	1.04425	1.04383	1.04392	978
2024-12-23 04:00:00	1.04391	1.04423	1.04387	1.04415	1467
2024-12-23 04:30:00	1.04414	1.04452	1.04403	1.04429	1307
2024-12-23 05:00:00	1.04429	1.04443	1044	1.04412	1205
2024-12-23 05:30:00	1.04412	1.0443	1.04394	1.04401	2039
2024-12-23 06:00:00	1.04401	1.04421	1.04356	1.04364	3465
2024-12-23 06:30:00	1.04363	1.04386	1.04332	1.04339	3806
2024-12-23 07:00:00	1.0434	1.04367	1.04304	1.04322	5764
2024-12-23 07:30:00	1.04321	1.04321	1.04112	1.04127	8379
2024-12-23 08:00:00	1.04126	1.04179	1.04072	1.04107	6926
2024-12-23 08:30:00	1.04107	1.04187	1.04083	1.0418	7998
2024-12-23 09:00:00	1.04179	1.04195	1.04117	1.04182	5491
2024-12-23 09:30:00	1.04182	1.04193	1.04072	1.04077	6322
2024-12-23 10:00:00	1.04077	1.04096	1.04026	1.04043	6455
2024-12-23 10:30:00	1.04043	1.04044	1.03867	1.03898	8459
2024-12-23 11:00:00	1.03897	1.04001	1.03897	1.03984	4092
2024-12-23 11:30:00	1.03984	1.04011	1.03874	1.03999	4437
2024-12-23 12:00:00	1.03999	1.04013	1.03856	1.03897	7668
2024-12-23 12:30:00	1.03896	1.03985	1.03888	1.03954	7446
2024-12-23 13:00:00	1.03954	1.03989	1.03882	1.03971	10268
2024-12-23 13:30:00	1.03969	1.04028	1.03909	1.03994	10600
2024-12-23 14:00:00	1.03996	1.04084	1.0398	1.04022	10391
2024-12-23 14:30:00	1.04023	1.04023	1.03915	1.03932	9534
2024-12-23 15:00:00	1.03935	1.03959	1.03842	1.03906	12275
2024-12-23 15:30:00	1.03906	1.03966	1.03892	1.03908	10476
2024-12-23 16:00:00	1.03908	1.03998	1.03893	1.03969	9586
2024-12-23 16:30:00	1.03969	1.04101	1.03968	1.04077	4175
2024-12-23 17:00:00	1.04078	1.04179	1.04068	1.04076	2688
2024-12-23 17:30:00	1.04076	1.04076	1.03964	1.03976	6269
2024-12-23 18:00:00	1.03977	1.04106	1.03976	1.04097	4161
2024-12-23 18:30:00	1.04096	1.04123	1.0405	1.04088	1199
2024-12-23 19:00:00	1.04086	1.04093	1.03992	1.04006	2016
2024-12-23 19:30:00	1.04006	1.04124	1.04006	1.04114	1917
2024-12-23 20:00:00	1.04113	1.04141	1.04032	1.04061	2308
2024-12-23 20:30:00	1.04059	1.04085	1.04037	1.04058	1339
2024-12-23 21:00:00	1.04059	1.04069	1.0404	1.04054	682
2024-12-23 21:30:00	1.04054	1.04079	1.04043	1.04044	1311
2024-12-23 22:00:00	1.04043	1.04062	1.0403	1.0406	554
2024-12-23 22:30:00	1.04059	1.04064	1.04032	1.04034	344
2024-12-23 23:00:00	1.04035	1.04081	1.04035	1.0407	738
2024-12-23 23:30:00	1.04071	1.04079	1.04034	1.0404	650
2024-12-24 00:00:00	1.04041	1.04045	1.03985	1.03997	902
2024-12-24 00:30:00	1.03996	1.04005	1.03979	1.04003	958
2024-12-24 01:00:00	1.04003	1.04047	1.03997	1.04008	921
2024-12-24 01:30:00	1.04009	1.04032	1.04003	1.04027	907
2024-12-24 02:00:00	1.04027	1.04086	1.04022	1.04029	1072
2024-12-24 02:30:00	1.04029	1.04029	1.03965	1.03997	1109
2024-12-24 03:00:00	1.03998	1.04003	1.03949	1.03953	911
2024-12-24 03:30:00	1.03952	1.03972	1.03887	1.03908	1171
2024-12-24 04:00:00	1.03909	1.03954	1.03908	1.03954	800
2024-12-24 04:30:00	1.03954	1.0397	1.03945	1.03963	806
2024-12-24 05:00:00	1.03967	1.03976	1.03936	1.03945	747
2024-12-24 05:30:00	1.03944	1.03971	1.03938	1.03969	2327
2024-12-24 06:00:00	1.03969	1.03984	1.03924	1.03961	2585
2024-12-24 06:30:00	1.03961	1.03973	1.03931	1.0396	2063
2024-12-24 07:00:00	1.03959	1.03985	1.03933	1.03975	3455
2024-12-24 07:30:00	1.03977	1.03977	1.03903	1.03904	4548
2024-12-24 08:00:00	1.03906	1.03971	1.03901	1.03965	5583
2024-12-24 08:30:00	1.03966	1.04055	1.03919	1.03953	5698
2024-12-24 09:00:00	1.03952	1.03987	1.03937	1.03958	4601
2024-12-24 09:30:00	1.03958	1.03982	1.03902	1.0392	5406
2024-12-24 10:00:00	1.03919	1.03966	1.03891	1.03941	3341
2024-12-24 10:30:00	1.0394	1.03974	1.03904	1.03966	3053
2024-12-24 11:00:00	1.03965	1.04036	1.03953	1.04002	3544
2024-12-24 11:30:00	1.04001	1.04004	1.03915	1.03947	5032
2024-12-24 12:00:00	1.03949	1.04034	1.03934	1.03999	5373
2024-12-24 12:30:00	1.04001	1.04034	1.0389	1.03912	6126
2024-12-24 13:00:00	1.03912	1.04013	1.03894	1.04003	6094
2024-12-24 13:30:00	1.04003	1.04031	1.03927	1.04023	2948
2024-12-24 14:00:00	1.04023	1.04074	1.03954	1.0407	2669
2024-12-24 14:30:00	1.04071	1.04098	1.04027	1.04048	9405
2024-12-24 15:00:00	1.04048	1.04078	1.03933	1.03951	8117
2024-12-24 15:30:00	1.03951	1.03973	1.03906	1.03917	7632
2024-12-24 16:00:00	1.03916	1.03962	1.03876	1.0391	4354
2024-12-24 16:30:00	1.0391	1.03951	1.03874	1.03875	5487
2024-12-24 17:00:00	1.03875	1.03938	1.03862	1.03912	5681
2024-12-24 17:30:00	1.03911	1.03919	1.03835	1.03883	4444
2024-12-24 18:00:00	1.03882	1.0393	1.03872	1.03873	2615
2024-12-24 18:30:00	1.03873	1.03924	1.03867	1.03916	628
2024-12-24 19:00:00	1.03916	1.03977	1.03911	1.03922	2805
2024-12-24 19:30:00	1.03923	1.03941	1039	1.0393	670
2024-12-24 20:00:00	1.03934	1.03942	1.03886	1.03902	1978
2024-12-24 20:30:00	1.03903	1.04015	1.03892	1.03995	3348
2024-12-24 21:00:00	1.03993	1.04031	1.03916	1.03922	1570
2024-12-24 21:30:00	1.03969	1.04015	1039	1.03912	1836
2024-12-24 22:00:00	1.0386	1.03894	1.0386	1.03894	10
2024-12-24 22:30:00	1.03894	1.03894	1.03872	1.03872	5
2024-12-24 23:00:00	1.03861	1.03962	1.03861	1.03958	13
2024-12-24 23:30:00	1.03958	1.03958	1.0395	1.03952	6
2024-12-25 00:00:00	1.03952	1.0405	1.03952	1.04015	37
2024-12-25 00:30:00	1.04006	1.04106	1.04005	1.04043	157
2024-12-25 01:00:00	1.04043	1.04043	1.04008	1.04011	48
2024-12-25 01:30:00	1.04011	1.04039	1.04011	1.04039	11
2024-12-25 02:00:00	1.04045	1.04047	1.04027	1.04027	4
2024-12-25 02:30:00	1.04051	1.04055	1.04017	1.04053	54
2024-12-25 03:00:00	1.04053	1.04071	1.04042	1.04044	33
2024-12-25 03:30:00	1.04044	1.04074	1.04027	1.0405	35
2024-12-25 04:00:00	1.04051	1.04059	1.04051	1.04053	14
2024-12-25 04:30:00	1.04055	1.04058	1.04055	1.04058	3
2024-12-25 05:00:00	1.04037	1.04053	1.04024	1.04024	30
2024-12-25 05:30:00	1.04024	1.04032	1.04008	1.04009	48
2024-12-25 06:00:00	1.04009	1.04057	1.04	1.04045	55
2024-12-25 06:30:00	1.04045	1.04045	1.04006	1.04024	63
2024-12-25 07:00:00	1.04016	1.04083	1.03987	1.04015	93
2024-12-25 07:30:00	1.0398	1.04056	1.0397	1.04004	283
2024-12-25 22:00:00	1.04012	1.04055	1.03996	1.04044	483
2024-12-25 22:30:00	1.0404	1.0404	1.03975	1.03999	1216
2024-12-25 23:00:00	1.04001	1.04031	1.03951	1.04002	2259
2024-12-25 23:30:00	1.04001	1.04006	1.03974	1.03991	963
2024-12-26 00:00:00	1.0399	1.04013	1.03935	1.03941	841
2024-12-26 00:30:00	1.0394	1.04001	1.0393	1.03965	1548
2024-12-26 01:00:00	1.03964	1.03992	1.03941	1.0397	2666
2024-12-26 01:30:00	1.0397	1.04	1.03966	1.0397	2220
2024-12-26 02:00:00	1.0397	1.03999	1.03965	1.03981	1369
2024-12-26 02:30:00	1.0398	1.03997	1.03968	1.03987	1171
2024-12-26 03:00:00	1.03988	1.04042	1.03983	1.04022	1285
2024-12-26 03:30:00	1.04023	1.04031	1.04007	1.04009	1038
2024-12-26 04:00:00	1.04007	1.04007	1.03979	1.03992	474
2024-12-26 04:30:00	1.03992	1.04013	1.03977	1.03977	1316
2024-12-26 05:00:00	1.03976	1.0401	1.03976	1.04002	1141
2024-12-26 05:30:00	1.04002	1.04027	1.03972	1.03977	1354
2024-12-26 06:00:00	1.03975	1.03999	1.03967	1.03996	2106
2024-12-26 06:30:00	1.03996	1.04003	1.03978	1.03982	1494
2024-12-26 07:00:00	1.03981	1.03993	1.03905	1.03927	3592
2024-12-26 07:30:00	1.03928	1.04	1.03916	1.03976	3514
2024-12-26 08:00:00	1.03975	1.03986	1.03931	1.03948	3910
2024-12-26 08:30:00	1.03947	1.03959	1.03925	1.03948	1825
2024-12-26 09:00:00	1.03947	1.03978	1.03914	1.03971	1589
2024-12-26 09:30:00	1.03971	1.04001	1.03957	1.03991	1712
2024-12-26 10:00:00	1.03992	1.04018	1.03981	1.04014	1332
2024-12-26 10:30:00	1.04013	1.0403	1.03999	1.04017	2010
2024-12-26 11:00:00	1.04016	1.04021	1.03992	1.04004	1930
2024-12-26 11:30:00	1.04004	1.04015	1.04003	1.04012	1588
2024-12-26 12:00:00	1.04011	1.04013	1.03926	1.03945	4514
2024-12-26 12:30:00	1.03944	1.03999	1.0393	1.03995	5339
2024-12-26 13:00:00	1.03997	1.04057	1.03973	1.03973	6099
2024-12-26 13:30:00	1.03974	1.0404	1.03974	1.04026	5193
2024-12-26 14:00:00	1.04027	1.04037	1.0397	1.03984	3405
2024-12-26 14:30:00	1.03983	1.04044	1.03951	1.04022	7185
2024-12-26 15:00:00	1.04022	1.04116	1.03979	1.04099	7625
2024-12-26 15:30:00	1.04098	1.04151	1.04084	1.04089	8239
2024-12-26 16:00:00	1.04089	1.04185	1.04083	1.0418	6843
2024-12-26 16:30:00	1.04179	1.04228	1.04151	1.0422	5010
2024-12-26 17:00:00	1.04219	1.04225	1.04109	1.04121	4850
2024-12-26 17:30:00	1.04123	1.04144	1.04063	1.04119	6954
2024-12-26 18:00:00	1.04117	1.04277	1.04117	1.04268	3538
2024-12-26 18:30:00	1.04268	1.04301	1.04203	1.04209	3500
2024-12-26 19:00:00	1.04209	1.04209	1.04142	1.0417	2231
2024-12-26 19:30:00	1.0417	1.04233	1.04157	1.04175	3175
2024-12-26 20:00:00	1.04175	1.04213	1.04154	1.04192	3919
2024-12-26 20:30:00	1.04191	1.04213	1.0418	1.04199	4529
2024-12-26 21:00:00	1.04199	1.04216	1.04188	1.04209	1889
2024-12-26 21:30:00	1.04207	1.04231	1.04205	1.04222	2286
2024-12-26 22:00:00	1.04174	1.04234	1.04146	1.04206	1474
2024-12-26 22:30:00	1.04206	1.04241	1.04205	1.04234	968
2024-12-26 23:00:00	1.04235	1.0424	1.04214	1.04226	1245
2024-12-26 23:30:00	1.04227	1.04237	1.04208	1.04216	575
2024-12-27 00:00:00	1.04216	1.04237	1.04207	1.04211	1275
2024-12-27 00:30:00	1.04211	1.04225	1.04177	1.0418	1563
2024-12-27 01:00:00	1.0418	1.04181	1.0414	1.04165	2501
2024-12-27 01:30:00	1.04164	1.04181	1.04121	1.04131	1844
2024-12-27 02:00:00	1.0413	1.04139	1.04097	1.04097	1911
2024-12-27 02:30:00	1.04097	1.04108	1.04079	1.04095	1745
2024-12-27 03:00:00	1.04095	1.04095	1.04065	1.04085	1482
2024-12-27 03:30:00	1.04085	1.04127	1.04085	1.04125	1228
2024-12-27 04:00:00	1.04126	1.04132	1.04101	1.04101	1059
2024-12-27 04:30:00	1.04098	1.04106	1.04078	1.0409	741
2024-12-27 05:00:00	1.0409	1.04112	1.04072	1.0411	1195
2024-12-27 05:30:00	1.04111	1.04112	1.04085	1.04092	3284
2024-12-27 06:00:00	1.04093	1.04118	1.04075	1.04107	3956
2024-12-27 06:30:00	1.04107	1.04123	1.04091	1.0412	3207
2024-12-27 07:00:00	1.04119	1.04119	1.04081	1.04094	4909
2024-12-27 07:30:00	1.04093	1.04248	1.04049	1.04218	8464
2024-12-27 08:00:00	1.04217	1.04257	1.04132	1.04137	9287
2024-12-27 08:30:00	1.04136	1.04173	1.04103	1.04123	7157
2024-12-27 09:00:00	1.04123	1.04158	1.0409	1.04145	5217
2024-12-27 09:30:00	1.04144	1.04179	1.04107	1.04167	6656
2024-12-27 10:00:00	1.04167	1.04198	1.04134	1.04176	5005
2024-12-27 10:30:00	1.04177	1.04213	1.04116	1.04187	4970
2024-12-27 11:00:00	1.04185	1.04318	1.04185	1.04288	5867
2024-12-27 11:30:00	1.04288	1.04407	1.04281	1.04386	5341
2024-12-27 12:00:00	1.04387	1.0444	1.04341	1.04346	5957
2024-12-27 12:30:00	1.04346	1.04346	1.04281	1.04325	5679
2024-12-27 13:00:00	1.04325	1.0438	1.04286	1.04307	8622
2024-12-27 13:30:00	1.04307	1.04384	1.04307	1.04384	8253
2024-12-27 14:00:00	1.04386	1.04396	1.04293	1.0432	11595
2024-12-27 14:30:00	1.04319	1.04377	1.04245	1.04264	12371
2024-12-27 15:00:00	1.04265	1.04272	1.04157	1.04229	9645
2024-12-27 15:30:00	1.04228	1.04357	1.04177	1.04219	13678
2024-12-27 16:00:00	1.04219	1.04302	1.04207	1.04299	10582
2024-12-27 16:30:00	1.04299	1.04324	1.0422	1.04221	8870
2024-12-27 17:00:00	1.0422	1.04226	1.04144	1.04192	9387
2024-12-27 17:30:00	1.04191	1.04214	1.04155	1.04212	7309
2024-12-27 18:00:00	1.0421	1.04276	1.04207	1.04244	4653
2024-12-27 18:30:00	1.04244	1.04288	1.04243	1.04262	1769
2024-12-27 19:00:00	1.04261	1.04283	1.04237	1.04259	2472
2024-12-27 19:30:00	1.04258	1.04303	1.04242	1.04282	1836
2024-12-27 20:00:00	1.04283	1.04283	1.04228	1.04232	2780
2024-12-27 20:30:00	1.04232	1.04272	1.04227	1.04257	5737
2024-12-27 21:00:00	1.04255	1.04263	1.04233	1.04233	786
2024-12-27 21:30:00	1.04233	1.04254	1.04216	1.04225	1535
2024-12-29 22:00:00	1.04247	1.04309	1.04247	1043	639
2024-12-29 22:30:00	1.04301	1.04308	1.04266	1.04307	591
2024-12-29 23:00:00	1.04311	1.04346	1.0427	1.04318	1251
2024-12-29 23:30:00	1.04319	1.04319	1.0428	1.04292	666
2024-12-30 00:00:00	1.04297	1.04304	1.04257	1.04291	1213
2024-12-30 00:30:00	1.04293	1.04311	1.04257	1.04274	1141
2024-12-30 01:00:00	1.04275	1.0429	1.04253	1.04271	1052
2024-12-30 01:30:00	1.04272	1.04308	1.0425	1.04254	1125
2024-12-30 02:00:00	1.04254	1.04268	1.0424	1.04259	831
2024-12-30 02:30:00	1.04259	1.04275	1.04245	1.04255	830
2024-12-30 03:00:00	1.04256	1.04256	1.04208	1.04231	1187
2024-12-30 03:30:00	1.04232	1.04255	1.04228	1.04245	868
2024-12-30 04:00:00	1.04245	1.04256	1.04243	1.04253	897
2024-12-30 04:30:00	1.04253	1.0426	1.0425	1.04253	502
2024-12-30 05:00:00	1.04252	1.04261	1.04247	1.04251	867
2024-12-30 05:30:00	1.0425	1.04267	1.04228	1.04251	2940
2024-12-30 06:00:00	1.04251	1.04306	1.04251	1.04293	3118
2024-12-30 06:30:00	1.04293	1.04314	1.04273	1.04288	3034
2024-12-30 07:00:00	1.04287	1.04294	1.04246	1.04251	5681
2024-12-30 07:30:00	1.04251	1.04288	1.04209	1.04267	6014
2024-12-30 08:00:00	1.04266	1.04297	1.04183	1.04195	9338
2024-12-30 08:30:00	1.04194	1.04227	1.04093	1.04128	5847
2024-12-30 09:00:00	1.04127	1.04186	1.04109	1.04181	6212
2024-12-30 09:30:00	1.04182	1.04393	1.04169	1.04338	7375
2024-12-30 10:00:00	1.04337	1.04439	1.04327	1.04359	10692
2024-12-30 10:30:00	1.04359	1.0444	1.04352	1.04383	6169
2024-12-30 11:00:00	1.04383	1.04498	1.04368	1.04469	6075
2024-12-30 11:30:00	1.04467	1.04521	1.04449	1.04479	5863
2024-12-30 12:00:00	1.0448	1.04583	1.0439	1.04448	7886
2024-12-30 12:30:00	1.0445	1.04516	1.04409	1.04493	5983
2024-12-30 13:00:00	1.04495	1.04518	1.0436	1.04375	7439
2024-12-30 13:30:00	1.04375	1.04377	1.03851	1.03878	16422
2024-12-30 14:00:00	1.0388	1.04078	1.03799	1.04007	11762
2024-12-30 14:30:00	1.04005	1.04088	1.03857	1.04052	10764
2024-12-30 15:00:00	1.04052	1.04056	1.03869	1.03912	12676
2024-12-30 15:30:00	1.03912	1.03956	1.03717	1.03804	13284
2024-12-30 16:00:00	1.03803	1.03888	1.03747	1.0379	7774
2024-12-30 16:30:00	1.03789	1.03914	1.03789	1.03857	7317
2024-12-30 17:00:00	1.03858	1.03935	1.03845	1.03913	7060
2024-12-30 17:30:00	1.03914	1.03953	1.03862	1.03941	3430
2024-12-30 18:00:00	1.03942	1.03997	1.03937	1.03971	2320
2024-12-30 18:30:00	1.03971	1.0407	1.03963	1.04044	2516
2024-12-30 19:00:00	1.04044	1.04053	1.03981	1.04021	2879
2024-12-30 19:30:00	1.04021	1.04041	1.0396	1.03965	1813
2024-12-30 20:00:00	1.03966	1.04051	1.03951	1.04024	2015
2024-12-30 20:30:00	1.04025	1.04042	1.03985	1.03987	2820
2024-12-30 21:00:00	1.03993	1.04019	1.03982	1.03997	782
2024-12-30 21:30:00	1.03998	1.04069	1.03996	1.04069	1064
2024-12-30 22:00:00	1.04069	1.04071	1.03991	1.04016	460
2024-12-30 22:30:00	1.04014	1.04045	1.04014	1.04043	613
2024-12-30 23:00:00	1.04045	1.0405	1.03987	1.04031	750
2024-12-30 23:30:00	1.04031	1.04059	1.04031	1.04056	554
2024-12-31 00:00:00	1.04057	1.04058	1.04019	1.04023	764
2024-12-31 00:30:00	1.04024	1.04036	1.03969	1.04034	1130
2024-12-31 01:00:00	1.04035	1.04113	1.04022	1.04105	1038
2024-12-31 01:30:00	1.04105	1.04131	1.04068	1.04119	3529
2024-12-31 02:00:00	1.04119	1.04148	1.04079	1.04092	2403
2024-12-31 02:30:00	1.04093	1.04129	1.04084	1.04125	1152
2024-12-31 03:00:00	1.04125	1.04134	1.04094	1.04107	1170
2024-12-31 03:30:00	1.04107	1.04109	1.04072	1.04085	1211
2024-12-31 04:00:00	1.04084	1.04091	1.0405	1.0405	1081
2024-12-31 04:30:00	1.04051	1.04075	1.04037	1.04041	1075
2024-12-31 05:00:00	1.04042	1.0407	1.04039	1.04064	686
2024-12-31 05:30:00	1.04065	1.04075	1.04025	1.04038	1270
2024-12-31 06:00:00	1.04038	1.04051	1.04014	1.04014	1447
2024-12-31 06:30:00	1.04013	1.04059	1.03996	1.04038	1696
2024-12-31 07:00:00	1.04039	1.04087	1.04023	1.04076	2699
2024-12-31 07:30:00	1.04077	1.04129	1.04065	1.04118	2299
2024-12-31 08:00:00	1.0412	1.04147	1.04058	1.04071	3396
2024-12-31 08:30:00	1.04072	1042	1.04071	1.04183	3897
2024-12-31 09:00:00	1.04182	1.04188	1.04117	1.04137	3342
2024-12-31 09:30:00	1.04137	1.04243	1.04133	1.04185	5104
2024-12-31 10:00:00	1.04184	1.04189	1.04051	1.04101	5255
2024-12-31 10:30:00	1.04102	1.04199	1.04078	1.04128	4267
2024-12-31 11:00:00	1.04129	1.04193	1.04127	1.04137	4073
2024-12-31 11:30:00	1.04137	1.04148	1.04053	1.04103	4363
2024-12-31 12:00:00	1.04103	1.04143	1.0403	1.0403	4990
2024-12-31 12:30:00	1.04029	1.04057	1.03912	1.03927	8099
2024-12-31 13:00:00	1.03927	1.03967	1.03834	1.03906	11058
2024-12-31 13:30:00	1.03905	1.03973	1.03879	1.03927	10740
2024-12-31 14:00:00	1.03929	1.03942	1.03778	1.03807	10195
2024-12-31 14:30:00	1.03807	1.03857	1.03747	1.03758	13267
2024-12-31 15:00:00	1.03758	1.03891	1037	1.03751	9741
2024-12-31 15:30:00	1.03751	1.03761	1.03525	1.03547	8448
2024-12-31 16:00:00	1.03548	1.03611	1.03467	1.03523	5519
2024-12-31 16:30:00	1.03522	1.03578	1.03474	1.03502	4844
2024-12-31 17:00:00	1.03503	1.03549	1.03473	1.03474	6099
2024-12-31 17:30:00	1.03474	1.03535	1.0344	1.03485	4116
2024-12-31 18:00:00	1.03485	1.03532	1.03454	1.03527	3203
2024-12-31 18:30:00	1.03526	1.03566	1.03511	1.03529	2052
2024-12-31 19:00:00	1.03529	1.03646	1.03516	1.03589	2197
2024-12-31 19:30:00	1.03588	1.03588	1.03538	1.03547	2155
2024-12-31 20:00:00	1.03547	1.0363	1.03544	1.03612	1542
2024-12-31 20:30:00	1.03612	1.03613	1.03569	1.03583	1148
2024-12-31 21:00:00	1.03584	1.03609	1.03576	1.03584	605
2024-12-31 21:30:00	1.03585	1.03594	1.03526	1.03526	1204
2025-01-01 22:00:00	1.03503	1.03546	1.03483	1.03543	331
2025-01-01 22:30:00	1.03542	1.03577	1.03526	1.0355	1110
2025-01-01 23:00:00	1.0355	1.03563	1.03501	1.03513	2384
2025-01-01 23:30:00	1.03515	1.03531	1.03462	1.03507	2060
2025-01-02 00:00:00	1.03508	1.03518	1.03472	1.03506	2019
2025-01-02 00:30:00	1.03505	1.03564	1.03485	1.0352	1660
2025-01-02 01:00:00	1.03521	1.03538	1.03442	1.03508	2598
2025-01-02 01:30:00	1.03509	1.03606	1.03489	1.03578	2412
2025-01-02 02:00:00	1.03577	1.03635	1.03577	1.0363	1626
2025-01-02 02:30:00	1.0363	1.03712	1.03629	1.03709	1166
2025-01-02 03:00:00	1.03711	1.03732	1.03682	1.03704	1275
2025-01-02 03:30:00	1.03707	1.0374	1.03694	1.03715	1569
2025-01-02 04:00:00	1.03716	1.03756	1.03709	1.03711	1596
2025-01-02 04:30:00	1.03712	1.03716	1.03664	1.03692	1666
2025-01-02 05:00:00	1.03693	1.03706	1.03635	1.03646	1875
2025-01-02 05:30:00	1.03647	1.03653	1.03617	1.03638	1395
2025-01-02 06:00:00	1.03637	1.03637	1.03603	1.03616	1785
2025-01-02 06:30:00	1.03616	1.0365	1.03599	1.03637	2303
2025-01-02 07:00:00	1.03637	1.03695	1.03629	1.03686	4180
2025-01-02 07:30:00	1.03688	1.03723	1.03623	1.03627	3707
2025-01-02 08:00:00	1.03628	1.03709	1.03483	1.03487	6131
2025-01-02 08:30:00	1.03487	1.03628	1.03461	1.03627	4408
2025-01-02 09:00:00	1.03626	1.03701	1.03569	1.0362	4620
2025-01-02 09:30:00	1.0362	1.03647	1.03493	1.03515	3684
2025-01-02 10:00:00	1.03514	1.03568	1.03499	1.03506	3548
2025-01-02 10:30:00	1.03506	1.03506	1.03135	1.03168	8204
2025-01-02 11:00:00	1.03166	1.0334	1.03157	1.03218	5075
2025-01-02 11:30:00	1.03218	1.03322	1.0315	1.03321	3341
2025-01-02 12:00:00	1.03321	1.03342	1.03266	1.03293	2965
2025-01-02 12:30:00	1.03292	1.03314	1.03148	1.03182	4498
2025-01-02 13:00:00	1.03181	1.03236	1.03127	1.03179	4899
2025-01-02 13:30:00	1.03177	1.03296	1.03112	1.03133	8839
2025-01-02 14:00:00	1.03134	1032	1.03062	1.03158	9434
2025-01-02 14:30:00	1.03159	1.03239	1.03021	1.03038	11958
2025-01-02 15:00:00	1.03037	1.03087	1.02809	1.02855	15142
2025-01-02 15:30:00	1.02855	1.02971	1.02725	1.02741	21869
2025-01-02 16:00:00	1.0274	1.02762	1.02237	1.02531	20443
2025-01-02 16:30:00	1.02531	1.02642	1.0241	1.02611	10193
2025-01-02 17:00:00	1.02611	1.02679	1.02557	1.02569	5339
2025-01-02 17:30:00	1.02568	1.02664	1.02513	1.02648	3957
2025-01-02 18:00:00	1.02651	1.02662	1.02601	1.02625	3010
2025-01-02 18:30:00	1.02625	1.02625	1.02557	1.02563	2032
2025-01-02 19:00:00	1.02563	1.02592	1.02492	1.02569	1993
2025-01-02 19:30:00	1.02568	1.02595	1.02477	1.0251	2398
2025-01-02 20:00:00	1.02511	1.02631	1.02506	1.02621	2151
2025-01-02 20:30:00	1.02621	1.02645	1.02597	1.02613	1094
2025-01-02 21:00:00	1.02613	1.02656	1.02612	1.0265	504
2025-01-02 21:30:00	1.02648	1.02687	1.0263	1.0264	1152
2025-01-02 22:00:00	1.0264	1.02663	1.02612	1.02655	226
2025-01-02 22:30:00	1.02655	1.02666	1.02643	1.02651	1798
2025-01-02 23:00:00	1.0265	1.02672	1.02646	1.02662	862
2025-01-02 23:30:00	1.02662	1.0268	1.02649	1.02678	623
2025-01-03 00:00:00	1.02679	1.02692	1.02659	1.02675	1026
2025-01-03 00:30:00	1.02676	1.02734	1.02673	1.02729	807
2025-01-03 01:00:00	1.02728	1.02728	1.02671	1.02683	1040
2025-01-03 01:30:00	1.02684	1.02701	1.02665	1.02674	1136
2025-01-03 02:00:00	1.02674	1.02717	1.02668	1.02713	1402
2025-01-03 02:30:00	1.02716	1.02745	1.02703	1.02722	948
2025-01-03 03:00:00	1.02723	1.02743	1.02705	1.02735	937
2025-01-03 03:30:00	1.02738	1.02739	1.02687	1.02707	783
2025-01-03 04:00:00	1.02706	1.02709	1.0267	1.02688	748
2025-01-03 04:30:00	1.02689	1.02697	1.02673	1.02695	750
2025-01-03 05:00:00	1.02696	1.02719	1.02646	1.02716	865
2025-01-03 05:30:00	1.02718	1.02736	1.02697	1.02717	984
2025-01-03 06:00:00	1.02717	1.02746	1.02715	1.02737	775
2025-01-03 06:30:00	1.02732	1.02793	1.02722	1.0279	957
2025-01-03 07:00:00	1.0279	1.02826	1.02687	1.02782	4525
2025-01-03 07:30:00	1.02781	1.02847	1.02779	1.02807	2950
2025-01-03 08:00:00	1.02806	1.0288	1.02781	1.02809	4090
2025-01-03 08:30:00	1.02808	1.02859	1.02729	1.02803	4463
2025-01-03 09:00:00	1.02803	1.02991	1.02802	1.02962	8240
2025-01-03 09:30:00	1.02962	1.02999	1.02875	1.02901	5844
2025-01-03 10:00:00	1.02901	1.02938	1028	1.02837	5046
2025-01-03 10:30:00	1.02837	1.02859	1.02791	1.02813	4692
2025-01-03 11:00:00	1.02813	1.0299	1.02813	1.0298	3331
2025-01-03 11:30:00	1.0298	1.03028	1.02919	1.02972	2576
2025-01-03 12:00:00	1.02971	1.03009	1.02942	1.02961	4077
2025-01-03 12:30:00	1.0296	1.03007	1.02952	1.02956	3008
2025-01-03 13:00:00	1.02958	1.03001	1.02916	1.02938	3624
2025-01-03 13:30:00	1.02939	1.03	1.02915	1.02931	5122
2025-01-03 14:00:00	1.02931	1.02947	1.0288	1.0291	4280
2025-01-03 14:30:00	1.02911	1.03023	1.02892	1.03002	4766
2025-01-03 15:00:00	1.03001	1.03057	1.02734	1.0275	10874
2025-01-03 15:30:00	1.02751	1.02891	1.02729	1.02891	5407
2025-01-03 16:00:00	1.02891	1.02959	1.0286	1.02956	3780
2025-01-03 16:30:00	1.02957	1.02997	1.02835	1.02907	3203
2025-01-03 17:00:00	1.02908	1.03045	1.02908	1.03022	3099
2025-01-03 17:30:00	1.03023	1.03057	1.02972	1.02979	3908
2025-01-03 18:00:00	1.02979	1.03013	1.02924	1.03012	4779
2025-01-03 18:30:00	1.0301	1.03021	1.02937	1.02973	2276
2025-01-03 19:00:00	1.02971	1.03045	1.02937	1.03037	1421
2025-01-03 19:30:00	1.03037	1.03059	1.02985	1.03012	1297
2025-01-03 20:00:00	1.03011	1.03075	1.02987	1.03029	1613
2025-01-03 20:30:00	1.03028	1.03071	1.03009	1.03059	1264
2025-01-03 21:00:00	1.03058	1.03099	1.03047	1.03076	1134
2025-01-03 21:30:00	1.03076	1.03091	1.03058	1.03066	1039
2025-01-05 22:00:00	1.03015	1.03051	1.03015	1.03047	174
2025-01-05 22:30:00	1.03047	1.03062	1.02932	1.03009	768
2025-01-05 23:00:00	1.03009	1.03065	1.03009	1.03054	668
2025-01-05 23:30:00	1.03053	1.0308	1.03035	1.03051	646
2025-01-06 00:00:00	1.03051	1.03053	1.02957	1.02972	1804
2025-01-06 00:30:00	1.02973	1.03046	1.02955	1.03031	1286
2025-01-06 01:00:00	1.03031	1.03112	1.03012	1.0307	1728
2025-01-06 01:30:00	1.03069	1.03136	1.03052	1.03123	1486
2025-01-06 02:00:00	1.03123	1.03176	1.03107	1.03133	1687
2025-01-06 02:30:00	1.03133	1.03177	1.03117	1.0316	1220
2025-01-06 03:00:00	1.0316	1.03181	1.03145	1.03154	1071
2025-01-06 03:30:00	1.03153	1.03182	1.0313	1.03163	884
2025-01-06 04:00:00	1.03162	1.03175	1.03128	1.03154	946
2025-01-06 04:30:00	1.03154	1.0317	1.03148	1.03151	605
2025-01-06 05:00:00	1.03151	1.03175	1.03123	1.03162	979
2025-01-06 05:30:00	1.03161	1.03181	1.03084	1.03088	2001
2025-01-06 06:00:00	1.03087	1.03123	1.03076	1.03089	1674
2025-01-06 06:30:00	1.0309	1.03165	1.0309	1.03125	1804
2025-01-06 07:00:00	1.03127	1.03198	1.03099	1.03191	1909
2025-01-06 07:30:00	1.03192	1.03284	1.03183	1.03272	3311
2025-01-06 08:00:00	1.03274	1.03421	1.03267	1.03402	5411
2025-01-06 08:30:00	1.03403	1.03525	1.03326	1035	5176
2025-01-06 09:00:00	1.03499	1.03688	1.03401	1.03582	8259
2025-01-06 09:30:00	1.03583	1.03592	1.03497	1.03554	4295
2025-01-06 10:00:00	1.03556	1.0358	1.03423	1.03451	3574
2025-01-06 10:30:00	1.0345	1.03487	1.0335	1.0335	3027
2025-01-06 11:00:00	1.03349	1.04167	1.03287	1.04134	14621
2025-01-06 11:30:00	1.04136	1.04325	1.04084	1.04217	12846
2025-01-06 12:00:00	1.04218	1.04305	1.03983	1.03991	8352
2025-01-06 12:30:00	1.03991	1.04132	1.0392	1.04108	6799
2025-01-06 13:00:00	1.04112	1.04367	1.04108	1.04355	7586
2025-01-06 13:30:00	1.04356	1.04358	1.04043	1.04167	9173
2025-01-06 14:00:00	1.04168	1.04237	1.03527	1.03813	25250
2025-01-06 14:30:00	1.03812	1.03988	1.03666	1.03925	13882
2025-01-06 15:00:00	1.03925	1.03987	1.03758	1.03808	14651
2025-01-06 15:30:00	1.03809	1.03985	1.03712	1.03935	17273
2025-01-06 16:00:00	1.03936	1.03974	1.03854	1.03948	11841
2025-01-06 16:30:00	1.03948	1.04027	1.0392	1.03967	8592
2025-01-06 17:00:00	1.03968	1.03968	1.03805	1.03833	10327
2025-01-06 17:30:00	1.03832	1.03878	1.03793	1.03873	4758
2025-01-06 18:00:00	1.03873	1.03892	1.0377	1.03856	3021
2025-01-06 18:30:00	1.03855	1.03881	1.03795	1.03818	2112
2025-01-06 19:00:00	1.03819	1.03901	1.03788	1.03881	2968
2025-01-06 19:30:00	1.0388	1.03917	1.03858	1.03882	1929
2025-01-06 20:00:00	1.03883	1.03919	1.03868	1.03892	1516
2025-01-06 20:30:00	1.03892	1.03892	1.03859	1.03877	2470
2025-01-06 21:00:00	1.03879	1.03921	1.0386	1.0391	1026
2025-01-06 21:30:00	1.03911	1.03916	1.03885	1.03895	1091
2025-01-06 22:00:00	1.03893	1.03906	1.0385	1.03901	255
2025-01-06 22:30:00	1.03901	1.03909	1.0388	1.0389	901
2025-01-06 23:00:00	1.0389	1.03901	1.03824	1.0383	1445
2025-01-06 23:30:00	1.0383	1.03858	1.03816	1.03831	433
2025-01-07 00:00:00	1.03831	1.03835	1.03771	1.03772	1015
2025-01-07 00:30:00	1.03774	1.03853	1.03772	1.03842	1266
2025-01-07 01:00:00	1.03841	1.03846	1.03775	1.03798	1566
2025-01-07 01:30:00	1.03798	1.03832	1.03761	1.03811	1756
2025-01-07 02:00:00	1.03811	1.03853	1.03809	1.03842	1250
2025-01-07 02:30:00	1.03842	1.03842	1.03799	1.03822	1546
2025-01-07 03:00:00	1.03821	1.03855	1038	1.03855	979
2025-01-07 03:30:00	1.03855	1.03929	1.03855	1.03927	1280
2025-01-07 04:00:00	1.03927	1.03933	1.03905	1.03927	754
2025-01-07 04:30:00	1.03927	1.03943	1.03913	1.03917	625
2025-01-07 05:00:00	1.03918	1.03961	1.03909	1.03953	807
2025-01-07 05:30:00	1.03954	1.04031	1.03954	1.03967	2094
2025-01-07 06:00:00	1.03967	1.04041	1.03964	1.04004	1482
2025-01-07 06:30:00	1.04005	1.04024	1.03963	1.03974	1592
2025-01-07 07:00:00	1.03975	1.04159	1.03975	1.04127	2787
2025-01-07 07:30:00	1.04127	1.04244	1.04093	1.04145	5690
2025-01-07 08:00:00	1.04147	1.04208	1.04031	1.04064	6588
2025-01-07 08:30:00	1.04063	1.04253	1.04053	1.0425	5350
2025-01-07 09:00:00	1.04252	1.04342	1.0424	1.04252	4614
2025-01-07 09:30:00	1.04251	1043	1.04241	1.04274	3264
2025-01-07 10:00:00	1.04274	1.04343	1.04166	1.04229	6530
2025-01-07 10:30:00	1.0423	1.04341	1.04208	1.04278	4418
2025-01-07 11:00:00	1.04278	1.04282	1.04092	1.04093	5811
2025-01-07 11:30:00	1.04092	1.04148	1.04051	1.04133	6249
2025-01-07 12:00:00	1.04134	1.04168	1.04038	1.04053	6715
2025-01-07 12:30:00	1.04053	1.0406	1.03871	1.03892	18509
2025-01-07 13:00:00	1.03891	1.04038	1.03884	1.04013	8560
2025-01-07 13:30:00	1.04014	1.04052	1.03866	1.03965	9416
2025-01-07 14:00:00	1.03965	1.03969	1.03892	1.03954	12085
2025-01-07 14:30:00	1.03953	1.03975	1.0391	1.03925	12388
2025-01-07 15:00:00	1.03929	1.03929	1.03587	1.03791	28463
2025-01-07 15:30:00	1.03792	1.03806	1.03551	1.03727	25746
2025-01-07 16:00:00	1.03727	1.03749	1.03636	1.03662	17928
2025-01-07 16:30:00	1.03661	1.03811	1.03625	1.03681	8846
2025-01-07 17:00:00	1.03681	1.03735	1.03537	1.0369	6962
2025-01-07 17:30:00	1.0369	1.03738	1.03615	1.03667	4068
2025-01-07 18:00:00	1.03666	1.03692	1.03565	1.0361	5647
2025-01-07 18:30:00	1.0361	1.0361	1.03493	1.03543	4196
2025-01-07 19:00:00	1.03543	1.03587	1.0352	1.03575	2857
2025-01-07 19:30:00	1.03575	1.03596	1.03532	1.03551	4854
2025-01-07 20:00:00	1.0355	1.0356	1.03465	1.03475	4794
2025-01-07 20:30:00	1.03476	1.0348	1.0344	1.03443	5212
2025-01-07 21:00:00	1.03443	1.03443	1.03406	1.03431	1165
2025-01-07 21:30:00	1.03432	1.03434	1.03394	1.03394	1599
2025-01-07 22:00:00	1.03395	1.03416	1.03388	1.03415	587
2025-01-07 22:30:00	1.03415	1.03426	1.03401	1.03421	414
2025-01-07 23:00:00	1.03421	1.03436	1.03391	1.03422	1268
2025-01-07 23:30:00	1.03421	1.03449	1.0341	1.03415	1959
2025-01-08 00:00:00	1.03416	1.03492	1.03416	1.0349	3317
2025-01-08 00:30:00	1.03489	1.03492	1.03439	1.03467	4051
2025-01-08 01:00:00	1.03468	1.03494	1.03452	1.03487	3320
2025-01-08 01:30:00	1.03486	1.03529	1.03472	1.03528	4016
2025-01-08 02:00:00	1.03529	1.03547	1.03522	1.03529	2581
2025-01-08 02:30:00	1.0353	1.03545	1.03514	1.03541	2226
2025-01-08 03:00:00	1.03541	1.03541	1035	1.03502	2251
2025-01-08 03:30:00	1.03502	1.03503	1.03462	1.03477	1801
2025-01-08 04:00:00	1.03476	1.0352	1.03475	1.03502	1638
2025-01-08 04:30:00	1.03503	1.03514	1.03474	1.03512	1727
2025-01-08 05:00:00	1.03512	1.03552	1.03495	1.03548	1857
2025-01-08 05:30:00	1.03549	1.03557	1.03529	1.03549	1858
2025-01-08 06:00:00	1.03549	1.03575	1.03531	1.03543	3399
2025-01-08 06:30:00	1.03541	1.03566	1.03461	1.03512	3757
2025-01-08 07:00:00	1.03512	1.03513	1.03411	1.03445	9580
2025-01-08 07:30:00	1.03445	1.03445	1.03285	1.03324	11243
2025-01-08 08:00:00	1.03324	1.03397	1.0322	1.03254	9739
2025-01-08 08:30:00	1.03254	1.03327	1.03179	1.03187	11368
2025-01-08 09:00:00	1.03187	1.03263	1.03154	1.03205	13379
2025-01-08 09:30:00	1.03206	1.03247	1.03169	1.03194	5423
2025-01-08 10:00:00	1.03193	1.03211	1031	1.03148	6359
2025-01-08 10:30:00	1.03147	1.03203	1.03111	1.03191	5299
2025-01-08 11:00:00	1.03189	1.03198	1.03002	1.03003	10482
2025-01-08 11:30:00	1.03004	1.03005	1.02731	1.02976	19513
2025-01-08 12:00:00	1.02975	1.02998	1.02844	1.02888	14061
2025-01-08 12:30:00	1.02888	1.03001	1.02808	1.02827	12595
2025-01-08 13:00:00	1.02825	1.03041	1.02808	1.02955	15425
2025-01-08 13:30:00	1.02955	1.03042	1.02905	1.03033	23671
2025-01-08 14:00:00	1.03033	1.03075	1.02931	1.02934	11050
2025-01-08 14:30:00	1.02934	1.03019	1.0289	1.02914	12336
2025-01-08 15:00:00	1.02913	1.03098	1.02913	1.03009	13195
2025-01-08 15:30:00	1.0301	1.03036	1.02952	1.03016	12107
2025-01-08 16:00:00	1.03017	1.03082	1.02944	1.03035	10555
2025-01-08 16:30:00	1.03034	1.03144	1.03019	1.03125	10395
2025-01-08 17:00:00	1.03127	1.03133	1.02984	1.03029	11299
2025-01-08 17:30:00	1.03028	1.03063	1.02982	1.03053	5749
2025-01-08 18:00:00	1.03053	1.03133	1.03053	1.0312	3664
2025-01-08 18:30:00	1.0312	1.03158	1.03106	1.03124	2620
2025-01-08 19:00:00	1.03126	1.03242	1.03122	1.03237	3170
2025-01-08 19:30:00	1.03236	1.03236	1.03081	1.0309	3347
2025-01-08 20:00:00	1.03091	1.03131	1.03079	1.03116	2308
2025-01-08 20:30:00	1.03116	1.03167	1.03107	1.0316	1470
2025-01-08 21:00:00	1.03161	1.03191	1.03155	1.03157	608
2025-01-08 21:30:00	1.03156	1.03196	1.03146	1.03178	784
2025-01-08 22:00:00	1.03178	1.03178	1.03156	1.03176	438
2025-01-08 22:30:00	1.0318	1.03181	1.03172	1.03178	149
2025-01-08 23:00:00	1.03178	1.03186	1.03138	1.03151	547
2025-01-08 23:30:00	1.03152	1.03167	1.03132	1.03132	467
2025-01-09 00:00:00	1.03133	1.03147	1.03105	1.03121	2219
2025-01-09 00:30:00	1.03122	1.03133	1.03049	1.03131	3937
2025-01-09 01:00:00	1.03131	1.03173	1.03114	1.03162	3654
2025-01-09 01:30:00	1.0316	1.03164	1.03121	1.03143	3236
2025-01-09 02:00:00	1.03144	1032	1.03141	1.03168	2043
2025-01-09 02:30:00	1.03169	1.03176	1.03148	1.03165	2739
2025-01-09 03:00:00	1.03165	1.03214	1.0316	1.03183	2411
2025-01-09 03:30:00	1.03183	1032	1.03108	1.0311	2473
2025-01-09 04:00:00	1.03109	1.03123	1.03056	1.03095	2930
2025-01-09 04:30:00	1.03094	1.03094	1.03067	1.0309	2046
2025-01-09 05:00:00	1.03089	1.03125	1.03076	1.03096	3040
2025-01-09 05:30:00	1.03097	1.0312	1.03053	1.03066	3639
2025-01-09 06:00:00	1.03065	1.03067	1.0297	1.03012	5276
2025-01-09 06:30:00	1.03012	1.03082	1.0297	1.03002	4374
2025-01-09 07:00:00	1.03001	1.03082	1.02992	1.03033	5217
2025-01-09 07:30:00	1.03034	1.03036	1.02877	1.02909	8702
2025-01-09 08:00:00	1.0291	1.03043	1.02836	1.02992	13843
2025-01-09 08:30:00	1.0299	1.03076	1.02977	1.03076	9144
2025-01-09 09:00:00	1.03077	1.03175	1.03031	1.03133	7559
2025-01-09 09:30:00	1.03134	1.03155	1.03031	1.03056	7377
2025-01-09 10:00:00	1.03057	1.03124	1.03001	1.03106	6064
2025-01-09 10:30:00	1.03105	1.03114	1.02996	1.03029	8515
2025-01-09 11:00:00	1.0303	1.03035	1.02968	1.03002	9095
2025-01-09 11:30:00	1.03003	1.03044	1.02984	1.03011	6556
2025-01-09 12:00:00	1.03011	1.0304	1.02982	1.0301	5446
2025-01-09 12:30:00	1.03011	1.03049	1.02959	1.03034	4748
2025-01-09 13:00:00	1.03034	1.03123	1.03008	1.03117	6361
2025-01-09 13:30:00	1.03118	1.0319	1.03053	1.03078	5334
2025-01-09 14:00:00	1.03078	1.03145	1.03072	1.03099	7596
2025-01-09 14:30:00	1.03099	1.03119	1.03052	1.03073	7400
2025-01-09 15:00:00	1.03073	1.03095	1.03002	1.03042	4824
2025-01-09 15:30:00	1.03042	1.03042	1.02947	1.02992	6607
2025-01-09 16:00:00	1.02993	1.03	1.02935	1.0295	5671
2025-01-09 16:30:00	1.02951	1.0301	1.0291	1.02972	4740
2025-01-09 17:00:00	1.02973	1.03017	1.02952	1.02973	3939
2025-01-09 17:30:00	1.02973	1.02984	1.02937	1.02974	3731
2025-01-09 18:00:00	1.02972	1.02995	1.02939	1.02994	2869
2025-01-09 18:30:00	1.02995	1.03024	1.02987	1.03001	2116
2025-01-09 19:00:00	1.03002	1.0302	1.02979	1.03002	1364
2025-01-09 19:30:00	1.03001	1.03019	1.02977	1.02979	1723
2025-01-09 20:00:00	1.0298	1.03016	1.0298	1.03009	1090
2025-01-09 20:30:00	1.03009	1.03035	1.03009	1.03011	1147
2025-01-09 21:00:00	1.0301	1.0301	1.02991	1.03003	722
2025-01-09 21:30:00	1.03003	1.03006	1.0299	1.0299	1547
2025-01-09 22:00:00	1.0299	1.03015	1.0299	1.02993	285
2025-01-09 22:30:00	1.02993	1.03007	1.02959	1.03006	1168
2025-01-09 23:00:00	1.03007	1.03013	1.02985	1.02997	1184
2025-01-09 23:30:00	1.02997	1.02997	1.02956	1.02964	552
2025-01-10 00:00:00	1.02965	1.03002	1.02925	1.02943	1241
2025-01-10 00:30:00	1.02942	1.0297	1.0292	1.02954	1351
2025-01-10 01:00:00	1.02953	1.03033	1.02935	1.03015	1184
2025-01-10 01:30:00	1.03014	1.03044	1.02991	1.03018	1138
2025-01-10 02:00:00	1.03018	1.03037	1.02993	1.03013	891
2025-01-10 02:30:00	1.03014	1.03032	1.02983	1.03016	614
2025-01-10 03:00:00	1.03015	1.03032	1.02997	1.03002	633
2025-01-10 03:30:00	1.03003	1.03009	1.02977	1.02985	733
2025-01-10 04:00:00	1.02983	1.02998	1.02966	1.02972	649
2025-01-10 04:30:00	1.02972	1.02972	1.02935	1.0295	709
2025-01-10 05:00:00	1.0295	1.02974	1.02938	1.02948	1193
2025-01-10 05:30:00	1.02949	1.02949	1.02847	1.02857	3349
2025-01-10 06:00:00	1.02858	1.02882	1.02822	1.02847	4501
2025-01-10 06:30:00	1.02846	1.02864	1.02812	1.02817	3558
2025-01-10 07:00:00	1.02817	1.02909	1.02811	1.02883	4673
2025-01-10 07:30:00	1.02883	1.02972	1.02883	1.0297	5096
2025-01-10 08:00:00	1.02971	1.03047	1.02927	1.03014	5555
2025-01-10 08:30:00	1.03014	1.03118	1.03006	1.03027	12171
2025-01-10 09:00:00	1.03027	1.03039	1.0299	1.03009	7484
2025-01-10 09:30:00	1.03007	1.03058	1.02993	1.02998	4945
2025-01-10 10:00:00	1.02999	1.03052	1.02997	1.03052	4574
2025-01-10 10:30:00	1.03051	1.03057	1.03008	1.03021	5694
2025-01-10 11:00:00	1.03021	1.03049	1.02988	1.03023	5511
2025-01-10 11:30:00	1.03024	1.03052	1.02995	1.03016	4861
2025-01-10 12:00:00	1.03016	1.03086	1.02992	1.03067	3630
2025-01-10 12:30:00	1.0307	1.03093	1.03035	1.03055	3824
2025-01-10 13:00:00	1.03054	1.03118	1.03026	1.03055	5144
2025-01-10 13:30:00	1.03046	1.03046	1.02127	1.02563	40692
2025-01-10 14:00:00	1.02563	1.02684	1.02442	1.02607	30183
2025-01-10 14:30:00	1.02608	1.02727	1.02472	1.02522	20130
2025-01-10 15:00:00	1.02522	1.02787	1.02361	1.02675	14777
2025-01-10 15:30:00	1.02674	1.02674	1.02451	1.02503	10381
2025-01-10 16:00:00	1.02503	1.02511	1.0228	1.02321	7673
2025-01-10 16:30:00	1.02322	1.02409	1.02275	1.02373	6303
2025-01-10 17:00:00	1.02373	1.02455	1.02329	1.0239	5263
2025-01-10 17:30:00	1.02391	1.02506	1.0239	1.02445	5087
2025-01-10 18:00:00	1.02444	1.0246	1.02361	1.02399	6527
2025-01-10 18:30:00	1024	1.02428	1.02359	1.02415	4978
2025-01-10 19:00:00	1.02417	1.02437	1.02348	1.02406	6004
2025-01-10 19:30:00	1.02405	1.02489	1.02384	1.02454	5222
2025-01-10 20:00:00	1.02454	1.02454	1.0237	1.02404	4742
2025-01-10 20:30:00	1.02405	1.02458	1.02395	1.02446	3628
2025-01-10 21:00:00	1.02445	1.02488	1.02437	1.0244	1436
2025-01-10 21:30:00	1.02439	1.02464	1024	1024	2377
2025-01-12 22:00:00	1.02357	1.0244	1.02357	1.02407	527
2025-01-12 22:30:00	1.02408	1.02464	1.02401	1.02462	756
2025-01-12 23:00:00	1.02461	1.02461	1.02387	1.02448	1782
2025-01-12 23:30:00	1.02451	1.02468	1.02423	1.02429	2781
2025-01-13 00:00:00	1.0243	1.02452	1.02391	1.02404	4730
2025-01-13 00:30:00	1.02403	1.02433	1.02364	1.02424	3377
2025-01-13 01:00:00	1.02424	1.02499	1.02411	1.02449	5001
2025-01-13 01:30:00	1.02449	1.02458	1.02392	1.02417	5546
2025-01-13 02:00:00	1.02417	1.02451	1.02388	1.02448	3754
2025-01-13 02:30:00	1.02447	1.02449	1.02384	1.02401	2950
2025-01-13 03:00:00	1.02402	1.02404	1.0227	1.02278	6079
2025-01-13 03:30:00	1.02278	1.02288	1.02128	1.02153	5363
2025-01-13 04:00:00	1.02154	1.02198	1.02147	1.02152	3890
2025-01-13 04:30:00	1.02152	1.02158	1.02076	1.02117	4734
2025-01-13 05:00:00	1.02116	1.02154	1.02102	1.02138	3044
2025-01-13 05:30:00	1.02138	1.02203	1.02118	1.02194	4536
2025-01-13 06:00:00	1.02193	1.02248	1.02166	1.02172	5314
2025-01-13 06:30:00	1.02171	1.02218	1.02143	1.02173	4594
2025-01-13 07:00:00	1.02166	1.02219	1.02074	1.02078	11299
2025-01-13 07:30:00	1.02077	1.02235	1.02074	1.02152	7605
2025-01-13 08:00:00	1.02151	1.02312	1.02136	1.02238	12530
2025-01-13 08:30:00	1.02238	1.02273	1.02138	1.02215	17113
2025-01-13 09:00:00	1.02214	1.02239	1.01772	1.01867	16167
2025-01-13 09:30:00	1.01868	1.02015	1.01814	1.01932	10451
2025-01-13 10:00:00	1.01931	1.02063	1.01926	1.02005	5211
2025-01-13 10:30:00	1.02004	1.02074	1.01962	1.02019	3936
2025-01-13 11:00:00	1.02018	1.0204	1.0186	1.01906	4999
2025-01-13 11:30:00	1.01906	1.02027	1.01885	1.01958	3692
2025-01-13 12:00:00	1.01958	1.01979	1.01878	1.01887	4014
2025-01-13 12:30:00	1.01887	1.02061	1.01887	1.02027	4579
2025-01-13 13:00:00	1.02027	1.0213	1.01964	1.02085	5565
2025-01-13 13:30:00	1.02087	1.02207	1.02064	1.02083	5782
2025-01-13 14:00:00	1.02083	1.02126	1.02018	1.02106	12086
2025-01-13 14:30:00	1.02107	1.02126	1.02003	1.0208	6521
2025-01-13 15:00:00	1.02082	1.02088	1.01974	1.02013	6374
2025-01-13 15:30:00	1.02012	1.02055	1.01957	1.01968	7275
2025-01-13 16:00:00	1.01969	1.02069	1.01916	1.02068	4949
2025-01-13 16:30:00	1.02067	1.02174	1.02067	1.0208	3879
2025-01-13 17:00:00	1.02081	1.02174	1.0207	1.0216	4219
2025-01-13 17:30:00	1.0216	1.02195	1.02125	1.02178	2840
2025-01-13 18:00:00	1.02179	1.02193	1.02122	1.0215	3009
2025-01-13 18:30:00	1.02152	1.02213	1.02152	1.02161	2343
2025-01-13 19:00:00	1.02159	1.02161	1.0211	1.02143	2104
2025-01-13 19:30:00	1.02143	1.02146	1.02071	1.02071	2549
2025-01-13 20:00:00	1.02071	1.02161	1.02069	1.0213	1915
2025-01-13 20:30:00	1.02129	1.02175	1.02112	1.02165	1114
2025-01-13 21:00:00	1.02167	1.02224	1.02163	1.02223	589
2025-01-13 21:30:00	1.02224	1.02466	1.02208	1.02441	2367
2025-01-13 22:00:00	1.02441	1.02588	1.02371	1.02548	2028
2025-01-13 22:30:00	1.02548	1.02727	1.02529	1.02581	1982
2025-01-13 23:00:00	1.02581	1.02703	1.02507	1.02687	2358
2025-01-13 23:30:00	1.02688	1.02774	1.02627	1.02639	2160
2025-01-14 00:00:00	1.02637	1.02637	1.02489	1.02494	3095
2025-01-14 00:30:00	1.02494	1.02518	1.02457	1.02478	2161
2025-01-14 01:00:00	1.0248	1.02487	1.0243	1.02455	1627
2025-01-14 01:30:00	1.02455	1.02499	1.02411	1.0249	4053
2025-01-14 02:00:00	1.0249	1.02502	1.02406	1.02442	2916
2025-01-14 02:30:00	1.02444	1.02459	1.02384	1.02446	2113
2025-01-14 03:00:00	1.02445	1.02552	1.02438	1.02521	1963
2025-01-14 03:30:00	1.02521	1.02541	1.02484	1.02486	1292
2025-01-14 04:00:00	1.02485	1.02494	1.02451	1.02494	1136
2025-01-14 04:30:00	1.02494	1.0255	1.02489	1.02502	1047
2025-01-14 05:00:00	1.02501	1.02516	1.02422	1.02424	1658
2025-01-14 05:30:00	1.02424	1.02516	1.02424	1.02447	1693
2025-01-14 06:00:00	1.02452	1.02498	1.02451	1.02476	2165
2025-01-14 06:30:00	1.02475	1.02532	1.02456	1.02526	2039
2025-01-14 07:00:00	1.02527	1.0266	1.02527	1.02581	5134
2025-01-14 07:30:00	1.02582	1.02609	1.02499	1.02543	4051
2025-01-14 08:00:00	1.02544	1.02748	1.02529	1.02663	6813
2025-01-14 08:30:00	1.02664	1.02719	1.02589	1.02614	5187
2025-01-14 09:00:00	1.02613	1.02664	1.0254	1.0256	5591
2025-01-14 09:30:00	1.02561	1.02651	1.02535	1.02595	4702
2025-01-14 10:00:00	1.02595	1.02635	1.02551	1.02595	4032
2025-01-14 10:30:00	1.02596	1.0261	1.02519	1.02599	3608
2025-01-14 11:00:00	1.02598	1.02631	1.02559	1.02589	2839
2025-01-14 11:30:00	1.02591	1.02616	1.02524	1.0254	3201
2025-01-14 12:00:00	1.0254	1.02549	1.02394	1.0253	5593
2025-01-14 12:30:00	1.02531	1.02551	1.02458	1.02479	3692
2025-01-14 13:00:00	1.02478	1.02544	1.02423	1.02424	5317
2025-01-14 13:30:00	1.02421	1.02731	1.02421	1.02531	25068
2025-01-14 14:00:00	1.02531	1.02687	1.02435	1.02651	13042
2025-01-14 14:30:00	1.02651	1.02748	1.02573	1.0268	14521
2025-01-14 15:00:00	1.02682	1.0278	1.0263	1.02698	10231
2025-01-14 15:30:00	1.02698	1.02958	1.02681	1.02949	7580
2025-01-14 16:00:00	1.02948	1.03043	1.02856	1.02862	6895
2025-01-14 16:30:00	1.02861	1.02916	1.02828	1.02914	5450
2025-01-14 17:00:00	1.02913	1.02913	1.0279	1.02843	4638
2025-01-14 17:30:00	1.02844	1.02885	1.02839	1.02882	2365
2025-01-14 18:00:00	1.02881	1.02942	1.02867	1.02937	2332
2025-01-14 18:30:00	1.02938	1.03003	1.02937	1.02992	2398
2025-01-14 19:00:00	1.02992	1.03019	1.02963	1.03009	1479
2025-01-14 19:30:00	1.03009	1.03054	1.02963	1.02981	1750
2025-01-14 20:00:00	1.02981	1.03086	1.02965	1.03071	2232
2025-01-14 20:30:00	1.03071	1.03079	1.03016	1.03018	1716
2025-01-14 21:00:00	1.03019	1.03076	1.03007	1.03064	797
2025-01-14 21:30:00	1.03063	1.03082	1.03057	1.03076	1452
2025-01-14 22:00:00	1.03074	1.03074	1.03017	1.03065	520
2025-01-14 22:30:00	1.03065	1.03074	1.03057	1.03069	519
2025-01-14 23:00:00	1.03068	1.03081	1.03045	1.03046	1139
2025-01-14 23:30:00	1.03046	1.03065	1.03023	1.03062	405
2025-01-15 00:00:00	1.03061	1.03061	1.02997	1.03007	1082
2025-01-15 00:30:00	1.03006	1.03028	1.02998	1.03011	1449
2025-01-15 01:00:00	1.03012	1.03048	1.02999	1.03004	1772
2025-01-15 01:30:00	1.03003	1.0302	1.02978	1.03	1713
2025-01-15 02:00:00	1.03	1.03014	1.0299	1.03002	1359
2025-01-15 02:30:00	1.03001	1.03003	1.02953	1.0297	1673
2025-01-15 03:00:00	1.0297	1.03014	1.02963	1.03003	1263
2025-01-15 03:30:00	1.03002	1.03021	1.02987	1.03019	968
2025-01-15 04:00:00	1.03019	1.03019	1.02975	1.02998	988
2025-01-15 04:30:00	1.02999	1.03025	1.02998	1.03023	1056
2025-01-15 05:00:00	1.03022	1.03052	1.02984	1.03017	1079
2025-01-15 05:30:00	1.03017	1.03019	1.02925	1.02932	2083
2025-01-15 06:00:00	1.0293	1.0298	1.02919	1.02976	1328
2025-01-15 06:30:00	1.02977	1.02986	1.02951	1.02961	1464
2025-01-15 07:00:00	1.02963	1.02976	1.02866	1.02952	6734
2025-01-15 07:30:00	1.02953	1.03081	1.02922	1.03058	5571
2025-01-15 08:00:00	1.03058	1.03171	1.02997	1.03016	8121
2025-01-15 08:30:00	1.03015	1.03024	1.02942	1.02964	4328
2025-01-15 09:00:00	1.02964	1.03069	1.0296	1.03052	3966
2025-01-15 09:30:00	1.03052	1.03131	1.03052	1.03098	4328
2025-01-15 10:00:00	1.03098	1.0314	1.03046	1.03058	3878
2025-01-15 10:30:00	1.03057	1.03094	1.03007	1.03075	4838
2025-01-15 11:00:00	1.03075	1.03122	1.03051	1.03082	5650
2025-01-15 11:30:00	1.03082	1.03084	1.02995	1.03011	5799
2025-01-15 12:00:00	1.0301	1.03066	1.03002	1.03031	3230
2025-01-15 12:30:00	1.0303	1.03052	1.02934	1.02997	5196
2025-01-15 13:00:00	1.02996	1.03046	1.02961	1.03024	6280
2025-01-15 13:30:00	1.03016	1.03544	1.03016	1.03444	31104
2025-01-15 14:00:00	1.03444	1.03456	1.03283	1.03407	20472
2025-01-15 14:30:00	1.03411	1.03452	1.03251	1.03271	16455
2025-01-15 15:00:00	1.03271	1.03281	1.03098	1.03262	10075
2025-01-15 15:30:00	1.03262	1.03309	1.02988	1.03061	14627
2025-01-15 16:00:00	1.0306	1.03077	1.0286	1.02889	11968
2025-01-15 16:30:00	1.0289	1.0289	1.0259	1.02811	15079
2025-01-15 17:00:00	1.02813	1.02919	1.02809	1.02857	6076
2025-01-15 17:30:00	1.02857	1.02931	1.02822	1.02855	2772
2025-01-15 18:00:00	1.0286	1.02923	1.02843	1.02903	3443
2025-01-15 18:30:00	1.02906	1.02929	1.02882	1.02921	1942
2025-01-15 19:00:00	1.02923	1.02933	1.02892	1.02926	1406
2025-01-15 19:30:00	1.02927	1.02946	1.02896	1.02932	1676
2025-01-15 20:00:00	1.02931	1.02974	1.02902	1.02972	1741
2025-01-15 20:30:00	1.02972	1.02988	1.02947	1.02958	1326
2025-01-15 21:00:00	1.02959	1.02962	1029	1.02901	765
2025-01-15 21:30:00	1029	1.02907	1.0288	1.0288	1342
2025-01-15 22:00:00	1.02892	1.02919	1.0288	1.02919	602
2025-01-15 22:30:00	1.02918	1.02939	1.02905	1.02921	390
2025-01-15 23:00:00	1.02923	1.02942	1.02906	1.02936	1535
2025-01-15 23:30:00	1.02936	1.02954	1.02929	1.0295	1030
2025-01-16 00:00:00	1.0295	1.02961	1.02902	1.02942	1014
2025-01-16 00:30:00	1.02948	1.02998	1.02848	1.02988	2895
2025-01-16 01:00:00	1.0299	1.02995	1.02911	1.02925	2150
2025-01-16 01:30:00	1.02928	1.02982	1.02875	1.02895	2614
2025-01-16 02:00:00	1.02895	1.0293	1.02848	1.02874	2766
2025-01-16 02:30:00	1.02873	1.02921	1.02858	1.02869	1698
2025-01-16 03:00:00	1.02869	1.02885	1.02845	1.02851	1292
2025-01-16 03:30:00	1.02851	1.02889	1.02848	1.02888	921
2025-01-16 04:00:00	1.02888	1.02937	1.02888	1.02891	984
2025-01-16 04:30:00	1.02891	1.02929	1.02853	1.02869	1111
2025-01-16 05:00:00	1.0287	1.02871	1.02833	1.02856	1821
2025-01-16 05:30:00	1.02855	1.02856	1.02809	1.02824	3039
2025-01-16 06:00:00	1.02823	1.02891	1.02822	1.02884	3082
2025-01-16 06:30:00	1.02883	1.02895	1.0284	1.02888	3888
2025-01-16 07:00:00	1.02888	1.02992	1.02859	1.02948	4860
2025-01-16 07:30:00	1.02949	1.03014	1.02946	1.02975	5398
2025-01-16 08:00:00	1.02976	1.02999	1.02891	1.02929	8099
2025-01-16 08:30:00	1.02928	1.02968	1.02879	1.02959	8080
2025-01-16 09:00:00	1.0296	1.02988	1.02887	1.0294	6534
2025-01-16 09:30:00	1.0294	1.0296	1.02816	1.0286	7168
2025-01-16 10:00:00	1.02861	1.02961	1.02827	1.02923	5391
2025-01-16 10:30:00	1.02921	1.02939	1.02848	1.02855	6541
2025-01-16 11:00:00	1.02854	1.02905	1.02839	1.02879	5072
2025-01-16 11:30:00	1.02881	1.02919	1.02856	1.02901	5029
2025-01-16 12:00:00	1029	1.02901	1.02721	1.02744	6850
2025-01-16 12:30:00	1.02743	1.02753	1.0264	1.02717	12430
2025-01-16 13:00:00	1.02718	1.0275	1.02627	1.02661	11943
2025-01-16 13:30:00	1.02661	1.02851	1.02604	1.02814	21866
2025-01-16 14:00:00	1.02814	1.02814	1.02701	1.02747	10159
2025-01-16 14:30:00	1.02749	1.02838	1.02678	1.02791	9185
2025-01-16 15:00:00	1.02791	1.03043	1.02741	1.02982	14433
2025-01-16 15:30:00	1.02983	1.03056	1.02942	1.03008	8181
2025-01-16 16:00:00	1.03009	1.03115	1.02861	1.02994	15290
2025-01-16 16:30:00	1.02994	1.03114	1.02985	1.03022	11247
2025-01-16 17:00:00	1.03024	1.03149	1.02974	1.03127	5698
2025-01-16 17:30:00	1.03127	1.03135	1.02943	1.02964	7075
2025-01-16 18:00:00	1.02962	1.03027	1.02953	1.02979	4488
2025-01-16 18:30:00	1.02976	1.03008	1.02934	1.03002	4927
2025-01-16 19:00:00	1.03	1.03077	1.02976	1.03009	2803
2025-01-16 19:30:00	1.0301	1.03053	1.02989	1.03019	1696
2025-01-16 20:00:00	1.03017	1.03019	1.02975	1.03011	1345
2025-01-16 20:30:00	1.03012	1.03037	1.02971	1.03	1937
2025-01-16 21:00:00	1.02999	1.02999	1.02966	1.02995	1043
2025-01-16 21:30:00	1.02996	1.03034	1.0299	1.0299	1998
2025-01-16 22:00:00	1.02996	1.03021	1.02979	1.03015	964
2025-01-16 22:30:00	1.03014	1.03017	1.02999	1.03008	1032
2025-01-16 23:00:00	1.03012	1.03042	1.02999	1.03019	818
2025-01-16 23:30:00	1.0302	1.03029	1.03003	1.03014	707
2025-01-17 00:00:00	1.03012	1.03016	1.02979	1.03008	1027
2025-01-17 00:30:00	1.03009	1.03067	1.03009	1.03047	2006
2025-01-17 01:00:00	1.03048	1.03056	1.03014	1.03049	1743
2025-01-17 01:30:00	1.0305	1.03093	1.03021	1.03049	1525
2025-01-17 02:00:00	1.0305	1.03088	1.03037	1.03066	2581
2025-01-17 02:30:00	1.03067	1.0309	1.03029	1.03033	1144
2025-01-17 03:00:00	1.03032	1.03049	1.02999	1.03016	1508
2025-01-17 03:30:00	1.03016	1.03033	1.02999	1.03005	1344
2025-01-17 04:00:00	1.03005	1.03009	1.02977	1.0298	705
2025-01-17 04:30:00	1.0298	1.02983	1.02918	1.02936	1171
2025-01-17 05:00:00	1.02937	1.02951	1.02902	1.02928	1215
2025-01-17 05:30:00	1.02928	1.02935	1.02874	1.02932	1702
2025-01-17 06:00:00	1.02933	1.02938	1.02851	1.02868	2500
2025-01-17 06:30:00	1.02869	1.02911	1.02858	1.02904	3319
2025-01-17 07:00:00	1.02903	1.02909	1028	1.02815	9400
2025-01-17 07:30:00	1.02815	1.0288	1.02776	1.02844	5646
2025-01-17 08:00:00	1.02844	1.02954	1.02844	1.02933	4177
2025-01-17 08:30:00	1.02935	1.02986	1.02919	1.02969	3350
2025-01-17 09:00:00	1.02969	1.0304	1.02943	1.02987	6083
2025-01-17 09:30:00	1.02986	1.03009	1.02892	1.02964	8611
2025-01-17 10:00:00	1.02968	1.03045	1.02965	1.03043	6202
2025-01-17 10:30:00	1.03042	1.0306	1.03004	1.03036	4536
2025-01-17 11:00:00	1.03037	1031	1.02992	1.03075	4566
2025-01-17 11:30:00	1.03075	1.03082	1.02989	1.03045	5692
2025-01-17 12:00:00	1.03045	1.03064	1.0296	1.03021	6948
2025-01-17 12:30:00	1.0302	1.03058	1.02902	1.02929	10113
2025-01-17 13:00:00	1.0293	1.02995	1.02854	1.02862	8461
2025-01-17 13:30:00	1.02861	1.02965	1.02855	1.02901	10790
2025-01-17 14:00:00	1.02902	1.02903	1.02652	1.02792	12689
2025-01-17 14:30:00	1.02794	1.03023	1.02746	1.02985	17945
2025-01-17 15:00:00	1.02984	1.03306	1.02954	1.03144	14033
2025-01-17 15:30:00	1.03143	1.03145	1.02976	1.02989	11553
2025-01-17 16:00:00	1.02988	1.02989	1.02854	1.02938	10668
2025-01-17 16:30:00	1.02938	1.03003	1.02818	1.02861	10122
2025-01-17 17:00:00	1.02861	1.0291	1.02813	1.02835	6962
2025-01-17 17:30:00	1.02835	1.02871	1.02789	1.02807	5632
2025-01-17 18:00:00	1.02806	1.0292	1.0279	1.02847	4324
2025-01-17 18:30:00	1.02846	1.02847	1028	1.0281	4195
2025-01-17 19:00:00	1.02809	1.02841	1.02755	1.02776	4341
2025-01-17 19:30:00	1.02774	1.02785	1.02727	1.02761	3805
2025-01-17 20:00:00	1.02762	1.02797	1.02737	1.02791	3461
2025-01-17 20:30:00	1.02792	1.02815	1.02742	1.02753	2693
2025-01-17 21:00:00	1.02753	1.02753	1.0269	1.02719	1349
2025-01-17 21:30:00	1.0272	1.02729	1.02681	1.0271	2976
2025-01-19 22:00:00	1.02792	1.02792	1.02741	1.02747	277
2025-01-19 22:30:00	1.02746	1.02812	1.02733	1.02773	2038
2025-01-19 23:00:00	1.02775	1.02788	1.02663	1.02683	2773
2025-01-19 23:30:00	1.02684	1.02807	1.02681	1.02804	2208
2025-01-20 00:00:00	1.02805	1.02901	1.02782	1.02828	4629
2025-01-20 00:30:00	1.02828	1.02871	1.02828	1.02865	3983
2025-01-20 01:00:00	1.02864	1.02864	1.02805	1.02819	4486
2025-01-20 01:30:00	1.02819	1.02929	1.02791	1.02906	4839
2025-01-20 02:00:00	1.02905	1.02915	1.02868	1.02874	3798
2025-01-20 02:30:00	1.02874	1.02922	1.02872	1.02909	3973
2025-01-20 03:00:00	1.02908	1.02961	1.02908	1.02955	2713
2025-01-20 03:30:00	1.02955	1.03064	1.02954	1.03062	5234
2025-01-20 04:00:00	1.03063	1.03071	1.0303	1.03035	3844
2025-01-20 04:30:00	1.03034	1.03043	1.03018	1.03042	1848
2025-01-20 05:00:00	1.03043	1.03052	1.03019	1.03029	2810
2025-01-20 05:30:00	1.03028	1.03063	1.03017	1.03024	2591
2025-01-20 06:00:00	1.03024	1.03062	1.02994	1.03062	4299
2025-01-20 06:30:00	1.03062	1.03188	1.03023	1.03103	2819
2025-01-20 07:00:00	1.03103	1.03126	1.03057	1.03102	3293
2025-01-20 07:30:00	1.03106	1.03184	1.03076	1.03167	3505
2025-01-20 08:00:00	1.03167	1.03175	1.03068	1.03092	4597
2025-01-20 08:30:00	1031	1.03136	1.03072	1.03098	4606
2025-01-20 09:00:00	1.03097	1.03168	1.03055	1.03092	9109
2025-01-20 09:30:00	1.03092	1.03125	1.0305	1.03061	8757
2025-01-20 10:00:00	1.03062	1.03181	1.03062	1.03163	6882
2025-01-20 10:30:00	1.03163	1.03223	1.03123	1.03149	5242
2025-01-20 11:00:00	1.0315	1.03249	1.0313	1.03213	5326
2025-01-20 11:30:00	1.03212	1.03263	1.0318	1.0326	4461
2025-01-20 12:00:00	1.03261	1.03264	1.03149	1.03149	5612
2025-01-20 12:30:00	1.0315	1.03256	1.0315	1.03202	5358
2025-01-20 13:00:00	1032	1032	1.0312	1.03137	4085
2025-01-20 13:30:00	1.03138	1.03999	1.03077	1.0398	23101
2025-01-20 14:00:00	1.0398	1.04045	1.03793	1.03998	15652
2025-01-20 14:30:00	1.03999	1043	1.03871	1.04148	11364
2025-01-20 15:00:00	1.04147	1.04298	1.03987	1.04032	8202
2025-01-20 15:30:00	1.04034	1.04094	1.03848	1.04003	9415
2025-01-20 16:00:00	1.04005	1.04056	1.03906	1.04023	5136
2025-01-20 16:30:00	1.04023	1.04042	1.0396	1.03983	2689
2025-01-20 17:00:00	1.03982	1.03984	1.03534	1.03701	7436
2025-01-20 17:30:00	1.03701	1.04021	1.03698	1.03854	5953
2025-01-20 18:00:00	1.03853	1.03931	1.03834	1.03857	1506
2025-01-20 18:30:00	1.03861	1.03966	1.03832	1.03965	1417
2025-01-20 19:00:00	1.03964	1.03996	1.03904	1.03945	799
2025-01-20 19:30:00	1.03947	1.0423	1.03941	1.04207	2559
2025-01-20 20:00:00	1.04206	1.04342	1.04126	1.04143	4418
2025-01-20 20:30:00	1.04142	1.04243	1.04118	1.04159	1471
2025-01-20 21:00:00	1.0416	1.04191	1.04119	1.04145	967
2025-01-20 21:30:00	1.04144	1.04168	1.04097	1.04155	2136
2025-01-20 22:00:00	1.04156	1.04172	1.04106	1.04145	355
2025-01-20 22:30:00	1.04145	1.0415	1.04116	1.04125	765
2025-01-20 23:00:00	1.04136	1.04255	1.0412	1.04183	2866
2025-01-20 23:30:00	1.04184	1.04237	1.04108	1.04208	2332
2025-01-21 00:00:00	1.04209	1.04343	1.04196	1.04286	5131
2025-01-21 00:30:00	1.04286	1.04305	1.03528	1.03621	16840
2025-01-21 01:00:00	1.0362	1.03976	1.03556	1.0384	12445
2025-01-21 01:30:00	1.03841	1.03845	1.03631	1037	6160
2025-01-21 02:00:00	1037	1.03848	1.0369	1.03815	4873
2025-01-21 02:30:00	1.03816	1.03902	1.03794	1.03876	3771
2025-01-21 03:00:00	1.03877	1.04008	1.03871	1.03968	2712
2025-01-21 03:30:00	1.03968	1.03981	1.03852	1.03874	2635
2025-01-21 04:00:00	1.03874	1.03989	1.03849	1.03973	1939
2025-01-21 04:30:00	1.03973	1.03974	1.03889	1.03897	1610
2025-01-21 05:00:00	1.03897	1.0392	1.03833	1.03841	1519
2025-01-21 05:30:00	1.03839	1.03847	1.03773	1.03787	1931
2025-01-21 06:00:00	1.03789	1.03814	1.03767	1.03793	2133
2025-01-21 06:30:00	1.03795	1.03795	1.03665	1.0369	2874
2025-01-21 07:00:00	1.03687	1.03784	1.03651	1.0377	3298
2025-01-21 07:30:00	1.03771	1.03861	1.03733	1.03734	4255
2025-01-21 08:00:00	1.03734	1.03734	1.03621	1.03631	4847
2025-01-21 08:30:00	1.03631	1.03681	1.03501	1.03607	5136
2025-01-21 09:00:00	1.03606	1.03637	1.03529	1.03573	4876
2025-01-21 09:30:00	1.03571	1.03575	1.0342	1.03533	6309
2025-01-21 10:00:00	1.03532	1.03558	1.0343	1.03544	7273
2025-01-21 10:30:00	1.03544	1.03595	1.03495	1.03528	5066
2025-01-21 11:00:00	1.03528	1.03544	1.03474	1.03495	3354
2025-01-21 11:30:00	1.03494	1.03579	1.03428	1.03533	4509
2025-01-21 12:00:00	1.03532	1.0357	1.03458	1.03562	5505
2025-01-21 12:30:00	1.03561	1.03581	1.03456	1.0354	4665
2025-01-21 13:00:00	1.03541	1.0367	1.03527	1.03628	5018
2025-01-21 13:30:00	1.03628	1.03778	1.0362	1.03777	7104
2025-01-21 14:00:00	1.0378	1.03945	1.03728	1.03937	5625
2025-01-21 14:30:00	1.03937	1.03984	1.03791	1.03868	9232
2025-01-21 15:00:00	1.03867	1.03986	1.03786	1.03945	6907
2025-01-21 15:30:00	1.03947	1.04104	1.03942	1.04006	8206
2025-01-21 16:00:00	1.04005	1.04158	1.03984	1.04156	5401
2025-01-21 16:30:00	1.04155	1.04227	1.04112	1.04223	4884
2025-01-21 17:00:00	1.04223	1.04295	1.04212	1.04283	4110
2025-01-21 17:30:00	1.04283	1.04299	1.04211	1.04211	3308
2025-01-21 18:00:00	1.04211	1.0427	1.04197	1.04263	2741
2025-01-21 18:30:00	1.04264	1.04353	1.04244	1.04289	2160
2025-01-21 19:00:00	1.04289	1.04305	1.04211	1.04219	2119
2025-01-21 19:30:00	1.04221	1.04222	1.0416	1.04179	1872
2025-01-21 20:00:00	1.04178	1.04215	1.04157	1.04178	1419
2025-01-21 20:30:00	1.04177	1.04202	1.04161	1.04199	3527
2025-01-21 21:00:00	1.04199	1.04262	1.04188	1.04252	1213
2025-01-21 21:30:00	1.04251	1.04296	1.0422	1.04253	1040
2025-01-21 22:00:00	1.04228	1.04251	1.04214	1.04236	845
2025-01-21 22:30:00	1.04236	1.04334	1.04236	1.04261	1674
2025-01-21 23:00:00	1.0426	1.04273	1.03921	1.0407	6266
2025-01-21 23:30:00	1.0407	1.04122	1.04026	1.04057	1750
2025-01-22 00:00:00	1.04057	1.04236	1.04057	1.04187	2474
2025-01-22 00:30:00	1.04187	1.04245	1.04187	1.0423	1678
2025-01-22 01:00:00	1.0423	1.04231	1.04143	1.04165	2720
2025-01-22 01:30:00	1.04163	1.04165	1.04075	1.04095	2340
2025-01-22 02:00:00	1.04095	1.04142	1.04061	1.04095	2597
2025-01-22 02:30:00	1.04094	1.04162	1.04085	1.04136	1317
2025-01-22 03:00:00	1.04136	1.04145	1.04109	1.04131	1124
2025-01-22 03:30:00	1.04131	1.04156	1041	1.04119	1499
2025-01-22 04:00:00	1.04119	1.04192	1.04113	1.04192	1017
2025-01-22 04:30:00	1.04193	1.04213	1.04158	1.04171	1379
2025-01-22 05:00:00	1.0417	1.04179	1.04082	1.04116	1210
2025-01-22 05:30:00	1.04116	1.04165	1.04099	1.04156	1141
2025-01-22 06:00:00	1.04156	1.04185	1.0405	1.04112	3018
2025-01-22 06:30:00	1.04111	1.04118	1.03998	1.04036	2354
2025-01-22 07:00:00	1.04037	1.04168	1.04033	1.04165	3097
2025-01-22 07:30:00	1.04164	1.04196	1.04081	1.04117	4499
2025-01-22 08:00:00	1.04117	1042	1.04095	1.04129	6181
2025-01-22 08:30:00	1.0413	1.04239	1.04115	1.0423	6155
2025-01-22 09:00:00	1.04232	1.04346	1.04199	1.04321	7492
2025-01-22 09:30:00	1.04322	1.04473	1.04279	1.04463	6622
2025-01-22 10:00:00	1.04464	1.04555	1.04426	1.04549	6590
2025-01-22 10:30:00	1.0455	1.04573	1.04476	1.04499	4712
2025-01-22 11:00:00	1.04498	1.04562	1.04453	1.04459	4084
2025-01-22 11:30:00	1.04458	1.04474	1.04404	1.04427	3331
2025-01-22 12:00:00	1.04426	1.04427	1.04315	1.04318	3921
2025-01-22 12:30:00	1.04318	1.04402	1.0431	1.0438	4234
2025-01-22 13:00:00	1.04382	1.04457	1.04353	1.04354	4812
2025-01-22 13:30:00	1.04357	1.04392	1.04221	1.04316	6257
2025-01-22 14:00:00	1.04314	1.04319	1.04166	1.04207	7208
2025-01-22 14:30:00	1.04209	1.0429	1.04141	1.04244	12564
2025-01-22 15:00:00	1.04244	1.04249	1.04152	1.04162	7354
2025-01-22 15:30:00	1.04162	1.0423	1.04147	1.04199	8917
2025-01-22 16:00:00	1.04198	1.04226	1.04121	1.04135	5196
2025-01-22 16:30:00	1.04137	1.04221	1.04131	1.04194	3799
2025-01-22 17:00:00	1.04195	1.04203	1.04119	1.04132	4483
2025-01-22 17:30:00	1.0413	1.04193	1.0412	1.04169	2742
2025-01-22 18:00:00	1.0417	1.04204	1.04117	1.04192	3557
2025-01-22 18:30:00	1.04191	1.0421	1.04146	1.0416	2606
2025-01-22 19:00:00	1.04161	1.04225	1.04155	1.04214	1944
2025-01-22 19:30:00	1.04214	1.04227	1.0417	1.04201	1982
2025-01-22 20:00:00	1042	1.04228	1.04176	1.04201	1800
2025-01-22 20:30:00	1.04202	1.04207	1.0411	1.04121	4682
2025-01-22 21:00:00	1.04123	1.04131	1.04097	1.04103	2865
2025-01-22 21:30:00	1.04104	1.04105	1.04077	1.04077	1505
2025-01-22 22:00:00	1.04072	1.04103	1.04061	1.04081	149
2025-01-22 22:30:00	1.04082	1.04109	1.04071	1.04071	393
2025-01-22 23:00:00	1.04071	1.0409	1.04052	1.04063	1470
2025-01-22 23:30:00	1.04063	1.04084	1.04062	1.04077	535
2025-01-23 00:00:00	1.04076	1.04116	1.04076	1.04087	1369
2025-01-23 00:30:00	1.04088	1.04106	1.04067	1.04103	1891
2025-01-23 01:00:00	1.04102	1.04158	1.04082	1.04082	2588
2025-01-23 01:30:00	1.04082	1.04125	1.04019	1.04035	3108
2025-01-23 02:00:00	1.04035	1.04061	1.03967	1.04053	3512
2025-01-23 02:30:00	1.04054	1.04055	1.04011	1.04035	1984
2025-01-23 03:00:00	1.04035	1.04076	1.04029	1.04067	2088
2025-01-23 03:30:00	1.04066	1.0409	1.04056	1.04088	1292
2025-01-23 04:00:00	1.04086	1.04117	1.04086	1.04116	1448
2025-01-23 04:30:00	1.04119	1.04127	1.04099	1.04107	1232
2025-01-23 05:00:00	1.04107	1.04115	1.04052	1.04069	1685
2025-01-23 05:30:00	1.04068	1.04077	1.04041	1.04051	1532
2025-01-23 06:00:00	1.0405	1.0412	1.04047	1.04118	2539
2025-01-23 06:30:00	1.04119	1.04119	1.04028	1.04033	2094
2025-01-23 07:00:00	1.04033	1.04054	1.03899	1.03956	5280
2025-01-23 07:30:00	1.03957	1.04018	1.0393	1.04	4078
2025-01-23 08:00:00	1.03999	1.04022	1.03939	1.03954	4673
2025-01-23 08:30:00	1.03954	1.03978	1.03902	1.03939	4515
2025-01-23 09:00:00	1.03939	1.04085	1.03933	1.04042	4718
2025-01-23 09:30:00	1.04043	1.04147	1.04038	1.04115	4501
2025-01-23 10:00:00	1.04116	1.04177	1.04098	1.04177	4344
2025-01-23 10:30:00	1.04178	1.04203	1.0411	1.04112	3214
2025-01-23 11:00:00	1.04111	1.04135	1.04077	1.04124	3344
2025-01-23 11:30:00	1.04124	1.0414	1.04011	1.04031	4658
2025-01-23 12:00:00	1.04032	1.04047	1.0394	1.03993	4420
2025-01-23 12:30:00	1.03992	1.0406	1.0396	1.04035	4238
2025-01-23 13:00:00	1.04036	1.04089	1.03972	1.04057	7072
2025-01-23 13:30:00	1.04057	1.04149	1.04043	1.04107	9280
2025-01-23 14:00:00	1.04107	1.04179	1.04089	1.04116	5300
2025-01-23 14:30:00	1.04117	1.04132	1.04057	1.04086	5407
2025-01-23 15:00:00	1.04088	1.04097	1.03869	1.0395	9867
2025-01-23 15:30:00	1.0395	1.03995	1.03892	1.03972	6839
2025-01-23 16:00:00	1.03973	1.04157	1.03719	1.04087	15442
2025-01-23 16:30:00	1.04086	1.0429	1.04034	1.04193	8992
2025-01-23 17:00:00	1.0419	1.04239	1.04136	1.04159	4262
2025-01-23 17:30:00	1.0416	1.04378	1.0416	1.04351	5690
2025-01-23 18:00:00	1.04352	1.04369	1.04271	1.04274	4968
2025-01-23 18:30:00	1.04273	1.04283	1.04217	1.04238	3878
2025-01-23 19:00:00	1.04237	1.04257	1.04197	1.04233	2183
2025-01-23 19:30:00	1.04234	1.04264	1.04203	1.04227	2374
2025-01-23 20:00:00	1.04227	1.04289	1.04186	1.04257	2425
2025-01-23 20:30:00	1.04256	1.04261	1.04158	1.04172	3376
2025-01-23 21:00:00	1.04172	1.04191	1.04126	1.04143	1641
2025-01-23 21:30:00	1.04144	1.04179	1.04132	1.04148	1317
2025-01-23 22:00:00	1.0414	1.04179	1.0414	1.0416	419
2025-01-23 22:30:00	1.0416	1.04176	1.04131	1.04163	920
2025-01-23 23:00:00	1.04166	1.04175	1.04143	1.04158	738
2025-01-23 23:30:00	1.04158	1.04167	1.04144	1.04156	708
2025-01-24 00:00:00	1.04155	1.04197	1.04133	1.04185	1534
2025-01-24 00:30:00	1.04186	1.0423	1.04168	1.0419	1999
2025-01-24 01:00:00	1.04192	1.04201	1.04165	1.04165	2607
2025-01-24 01:30:00	1.04164	1.0417	1.04115	1.04157	2702
2025-01-24 02:00:00	1.04158	1.0442	1.04158	1.04355	5465
2025-01-24 02:30:00	1.04354	1.04489	1.04345	1.04486	4793
2025-01-24 03:00:00	1.04485	1.04537	1.04364	1.04407	6292
2025-01-24 03:30:00	1.04408	1.04498	1.04381	1.0446	4459
2025-01-24 04:00:00	1.04459	1.04503	1.04441	1.04486	3583
2025-01-24 04:30:00	1.04488	1.04513	1.04434	1.04472	2023
2025-01-24 05:00:00	1.04471	1.04537	1.04456	1.04456	2496
2025-01-24 05:30:00	1.04455	1.04513	1.04436	1.04513	2314
2025-01-24 06:00:00	1.04512	1.04581	1.04492	1.04551	2935
2025-01-24 06:30:00	1.04549	1.04708	1.04521	1.04572	6005
2025-01-24 07:00:00	1.04572	1.0458	1.04471	1.04531	6431
2025-01-24 07:30:00	1.04531	1.04647	1.04474	1.04608	4679
2025-01-24 08:00:00	1.04608	1.04891	1.04577	1.04782	8712
2025-01-24 08:30:00	1.04795	1.04952	1.04795	1.04931	7944
2025-01-24 09:00:00	1.04931	1.0515	1.04913	1.05064	10273
2025-01-24 09:30:00	1.05069	1.05089	1.04907	1.04942	5743
2025-01-24 10:00:00	1.04944	1.04977	1.0486	1.04923	4164
2025-01-24 10:30:00	1.04924	1.04949	1.04863	1.0489	4690
2025-01-24 11:00:00	1.04891	1.0493	1.04864	1.0488	2926
2025-01-24 11:30:00	1.0488	1.04895	1.04811	1.04859	3586
2025-01-24 12:00:00	1.04858	1.04872	1.04779	1.04866	3667
2025-01-24 12:30:00	1.04867	1.04875	1.04732	1.04736	4399
2025-01-24 13:00:00	1.04737	1.04797	1.0466	1.04667	6215
2025-01-24 13:30:00	1.04666	1.04731	1.04636	1.04685	3876
2025-01-24 14:00:00	1.04683	1.04776	1.04671	1.04752	4368
2025-01-24 14:30:00	1.04753	1.0494	1.04723	1.04916	10425
2025-01-24 15:00:00	1.04916	1.05112	1.04894	1.05019	9566
2025-01-24 15:30:00	1.05021	1.05206	1.05009	1.05162	9952
2025-01-24 16:00:00	1.05162	1.05203	1.05089	1.05137	8776
2025-01-24 16:30:00	1.05136	1.0517	1.05054	1.05145	5093
2025-01-24 17:00:00	1.05143	1.05213	1.05124	1.05126	4547
2025-01-24 17:30:00	1.05128	1.05178	1.05097	1.05109	3667
2025-01-24 18:00:00	1.05109	1.05118	1.05016	1.05026	2732
2025-01-24 18:30:00	1.05028	1.05041	1.04939	1.0495	2303
2025-01-24 19:00:00	1.04952	1.04956	1.0492	1.04949	2004
2025-01-24 19:30:00	1.0495	1.04985	1.0492	1.04952	2094
2025-01-24 20:00:00	1.04952	1.04961	1.04903	1.04936	1725
2025-01-24 20:30:00	1.04937	1.04951	1.04881	1.04945	1585
2025-01-24 21:00:00	1.04948	1.04972	1.04936	1.04944	656
2025-01-24 21:30:00	1.04942	1.04962	1.04891	1.04919	1958
2025-01-26 22:00:00	1.04763	1.04838	1.04753	1.04832	521
2025-01-26 22:30:00	1.04832	1.04846	1.0482	1.0482	636
2025-01-26 23:00:00	1.04826	1.04851	1.04704	1.04724	2493
2025-01-26 23:30:00	1.04723	1.04731	1.04651	1.04673	1282
2025-01-27 00:00:00	1.04673	1.04746	1.04652	1.04741	2749
2025-01-27 00:30:00	1.0474	1.04762	1.04706	1.04727	2185
2025-01-27 01:00:00	1.04726	1.04787	1.04713	1.0472	3705
2025-01-27 01:30:00	1.04721	1.04721	1.0461	1.04628	3681
2025-01-27 02:00:00	1.04627	1.04653	1.04598	1.04621	2563
2025-01-27 02:30:00	1.04623	1.04665	1.04588	1.04659	1962
2025-01-27 03:00:00	1.04659	1.04774	1.04632	1.04702	3041
2025-01-27 03:30:00	1.04702	1.04716	1.04638	1.04684	2401
2025-01-27 04:00:00	1.04685	1.04688	1.04628	1.04632	2009
2025-01-27 04:30:00	1.04632	1.04656	1.04598	1.04632	2239
2025-01-27 05:00:00	1.04632	1.04632	1.04558	1.04588	3602
2025-01-27 05:30:00	1.04589	1.04645	1.04577	1.04628	2414
2025-01-27 06:00:00	1.04628	1.04653	1.04585	1.04637	2304
2025-01-27 06:30:00	1.04636	1.04638	1.04569	1.04591	3052
2025-01-27 07:00:00	1.04593	1.04636	1.04539	1.04616	5617
2025-01-27 07:30:00	1.04617	1.04711	1.0456	1.0457	5148
2025-01-27 08:00:00	1.04568	1.04776	1.04543	1.04728	8900
2025-01-27 08:30:00	1.04726	1.04886	1.04712	1.04873	6806
2025-01-27 09:00:00	1.04874	1.04936	1.04778	1.04825	10870
2025-01-27 09:30:00	1.04827	1.04895	1.04751	1.04886	6434
2025-01-27 10:00:00	1.04886	1.0502	1.04886	1.04962	9773
2025-01-27 10:30:00	1.04963	1.05089	1.04961	1.05055	6437
2025-01-27 11:00:00	1.05053	1.05173	1.05044	1.05134	6782
2025-01-27 11:30:00	1.05136	1.0518	1.05087	1.05129	6506
2025-01-27 12:00:00	1.05129	1.05182	1.05088	1.05145	4637
2025-01-27 12:30:00	1.05145	1.05278	1.05125	1.05213	5222
2025-01-27 13:00:00	1.05211	1.0533	1.05096	1.05132	12830
2025-01-27 13:30:00	1.05132	1.05287	1.0511	1.05198	8695
2025-01-27 14:00:00	1.05197	1.05243	1.05141	1.05163	7327
2025-01-27 14:30:00	1.05163	1.05193	1.05077	1.05092	8139
2025-01-27 15:00:00	1.05092	1.05097	1.05028	1.05028	9964
2025-01-27 15:30:00	1.05029	1.05035	1.04938	1.04989	9771
2025-01-27 16:00:00	1.04989	1.05076	1.04975	1.05059	7979
2025-01-27 16:30:00	1.05059	1.05059	1.0489	1.04906	8940
2025-01-27 17:00:00	1.04906	1.04946	1.04846	1.04878	5341
2025-01-27 17:30:00	1.04878	1.04945	1.04855	1.04885	3986
2025-01-27 18:00:00	1.04884	1.04941	1.04842	1.04844	5210
2025-01-27 18:30:00	1.04843	1.04887	1.04816	1.04846	4040
2025-01-27 19:00:00	1.04848	1.04878	1.04791	1.04873	3579
2025-01-27 19:30:00	1.04874	1.04927	1.04853	1.04925	3601
2025-01-27 20:00:00	1.04926	1.04926	1.04883	1.0491	5955
2025-01-27 20:30:00	1.04911	1.04942	1.04872	1.04879	5862
2025-01-27 21:00:00	1.04878	1.04909	1.04858	1.04898	1265
2025-01-27 21:30:00	1.04898	1.04922	1.04885	1.04911	953
2025-01-27 22:00:00	1.04911	1.04923	1.0488	1.04918	907
2025-01-27 22:30:00	1.04919	1.04932	1.04871	1.04883	541
2025-01-27 23:00:00	1.04883	1.04888	1.04403	1.04454	5036
2025-01-27 23:30:00	1.04454	1.0453	1.04283	1.04369	8929
2025-01-28 00:00:00	1.04369	1.04502	1.04322	1.04444	7009
2025-01-28 00:30:00	1.04442	1.04517	1.04434	1.04451	2897
2025-01-28 01:00:00	1.04452	1.04553	1.04415	1.04548	3211
2025-01-28 01:30:00	1.04546	1.04564	1.04298	1.04377	3991
2025-01-28 02:00:00	1.0437	1.04414	1.04244	1.04363	4740
2025-01-28 02:30:00	1.04364	1.04385	1.04286	1.04336	2410
2025-01-28 03:00:00	1.04335	1.04378	1.04314	1.04374	2237
2025-01-28 03:30:00	1.04375	1.04393	1.0429	1.04292	2940
2025-01-28 04:00:00	1.04291	1.04326	1.04279	1.04281	1893
2025-01-28 04:30:00	1.0428	1.04344	1.04254	1.04335	2479
2025-01-28 05:00:00	1.04335	1.0438	1.04332	1.04377	2110
2025-01-28 05:30:00	1.04376	1.04389	1.0436	1.04363	1098
2025-01-28 06:00:00	1.04362	1.04434	1.04359	1.04423	2425
2025-01-28 06:30:00	1.04423	1.04442	1.04336	1.04374	2384
2025-01-28 07:00:00	1.04375	1.04428	1.04331	1.04413	3914
2025-01-28 07:30:00	1.04414	1.04417	1.04279	1.04341	3989
2025-01-28 08:00:00	1.04341	1.04357	1.04279	1.04281	6087
2025-01-28 08:30:00	1.04281	1.04348	1.04194	1.04251	5922
2025-01-28 09:00:00	1.04254	1.04422	1.04224	1.04414	5616
2025-01-28 09:30:00	1.04414	1.04441	1.04321	1.04351	5821
2025-01-28 10:00:00	1.04351	1.04373	1.04294	1.04315	3355
2025-01-28 10:30:00	1.04314	1.04357	1.04247	1.04247	3130
2025-01-28 11:00:00	1.04247	1.04325	1.0424	1.04276	3138
2025-01-28 11:30:00	1.04277	1.04294	1.04226	1.04232	2769
2025-01-28 12:00:00	1.04235	1.04242	1.04137	1.04199	6264
2025-01-28 12:30:00	1.04199	1.04255	1.04171	1042	3941
2025-01-28 13:00:00	1042	1.04281	1.04171	1.0425	5270
2025-01-28 13:30:00	1.0425	1.04311	1.04208	1.04247	7354
2025-01-28 14:00:00	1.04245	1.04345	1.0424	1.04321	6499
2025-01-28 14:30:00	1.0432	1.04409	1.0428	1.04315	6635
2025-01-28 15:00:00	1.04312	1.04382	1.0431	1.04373	5868
2025-01-28 15:30:00	1.04372	1.04394	1.04209	1.0424	6155
2025-01-28 16:00:00	1.04241	1.04328	1.04237	1.0427	7972
2025-01-28 16:30:00	1.0427	1.04305	1.04224	1.0426	5870
2025-01-28 17:00:00	1.0426	1.04296	1.04246	1.04272	3443
2025-01-28 17:30:00	1.04271	1.04346	1.04256	1.04278	2779
2025-01-28 18:00:00	1.0428	1.0436	1.04265	1.04346	2987
2025-01-28 18:30:00	1.04346	1.04381	1.04231	1.04263	6175
2025-01-28 19:00:00	1.04262	1.0429	1.04225	1.04271	6324
2025-01-28 19:30:00	1.0427	1.04365	1.04267	1.04348	2249
2025-01-28 20:00:00	1.04349	1.04354	1.04294	1.04331	3384
2025-01-28 20:30:00	1.0433	1.04339	1043	1.04313	2255
2025-01-28 21:00:00	1.04313	1.04339	1.04302	1.04305	1041
2025-01-28 21:30:00	1.04303	1.04311	1.04298	1.04298	3489
2025-01-28 22:00:00	1.04298	1.04298	1.04237	1.04282	251
2025-01-28 22:30:00	1.04278	1.04287	1.04271	1.04284	247
2025-01-28 23:00:00	1.04283	1.04297	1.04263	1.04296	930
2025-01-28 23:30:00	1.04297	1.04299	1.0427	1.04271	512
2025-01-29 00:00:00	1.04272	1.04342	1.04267	1.0432	896
2025-01-29 00:30:00	1.04317	1.04333	1.04285	1.04301	3207
2025-01-29 01:00:00	1043	1.0434	1.04295	1.04324	1531
2025-01-29 01:30:00	1.04325	1.04335	1.0427	1.04271	2061
2025-01-29 02:00:00	1.0427	1.04323	1.04256	1.04299	1764
2025-01-29 02:30:00	1.04298	1.04355	1.04291	1.04337	1564
2025-01-29 03:00:00	1.04338	1.04363	1.04311	1.04359	2569
2025-01-29 03:30:00	1.04358	1.0439	1.0434	1.04372	2436
2025-01-29 04:00:00	1.04373	1.04424	1.04372	1.04397	1970
2025-01-29 04:30:00	1.04398	1.04411	1.04375	1.04384	1759
2025-01-29 05:00:00	1.04383	1.04408	1.04368	1.04392	1467
2025-01-29 05:30:00	1.04392	1.04403	1.04354	1.04402	1132
2025-01-29 06:00:00	1.04403	1.04434	1.04384	1.04411	2158
2025-01-29 06:30:00	1.04411	1.04434	1.04364	1.04371	2630
2025-01-29 07:00:00	1.04369	1.04377	1.04181	1.04215	5089
2025-01-29 07:30:00	1.04215	1.04232	1.04131	1.04158	3471
2025-01-29 08:00:00	1.04168	1.04296	1.04167	1.04254	5050
2025-01-29 08:30:00	1.04255	1.04303	1.04219	1.04241	3519
2025-01-29 09:00:00	1.0424	1.04246	1.04089	1.04136	3708
2025-01-29 09:30:00	1.04137	1.04185	1.0402	1.04035	4912
2025-01-29 10:00:00	1.04037	1.04056	1.03947	1.04043	6216
2025-01-29 10:30:00	1.04043	1.04082	1.03984	1.04035	3585
2025-01-29 11:00:00	1.04036	1.04074	1.04017	1.04056	3198
2025-01-29 11:30:00	1.04057	1.04081	1.03972	1.04014	3834
2025-01-29 12:00:00	1.04014	1.04041	1.03935	1.03954	4956
2025-01-29 12:30:00	1.03954	1.04047	1.0395	1.0404	3999
2025-01-29 13:00:00	1.0404	1.04056	1.03823	1.03874	8947
2025-01-29 13:30:00	1.03874	1.03928	1.03822	1.03876	5925
2025-01-29 14:00:00	1.03876	1.03991	1.03862	1.03965	4629
2025-01-29 14:30:00	1.03966	1.04016	1.0392	1.04012	6170
2025-01-29 15:00:00	1.04011	1.04113	1.03945	1.04069	5358
2025-01-29 15:30:00	1.04069	1.0427	1.04067	1.04193	8254
2025-01-29 16:00:00	1.04193	1.04238	1.04113	1.04174	7300
2025-01-29 16:30:00	1.04173	1.0422	1.04136	1.04156	6950
2025-01-29 17:00:00	1.04156	1.04283	1.04152	1.04225	6121
2025-01-29 17:30:00	1.04224	1.04238	1.04163	1.04212	3435
2025-01-29 18:00:00	1.04213	1.04244	1.04149	1.04231	4566
2025-01-29 18:30:00	1.0423	1.04243	1.04156	1.04196	3163
2025-01-29 19:00:00	1.04196	1.04223	1.03928	1.03964	13089
2025-01-29 19:30:00	1.03964	1.04288	1.03883	1.0416	16870
2025-01-29 20:00:00	1.04157	1.04254	1.04048	1.04148	11672
2025-01-29 20:30:00	1.04149	1.04158	1.04058	1.04103	7607
2025-01-29 21:00:00	1.04102	1.04189	1.04087	1.04178	3491
2025-01-29 21:30:00	1.04177	1.04213	1.04133	1.04207	1729
2025-01-29 22:00:00	1.04203	1.04203	1.04149	1.04192	1001
2025-01-29 22:30:00	1.04193	1.04211	1.04192	1.04207	772
2025-01-29 23:00:00	1.04211	1.04229	1.0418	1.0422	1409
2025-01-29 23:30:00	1.04218	1.04271	1.0421	1.04245	1037
2025-01-30 00:00:00	1.04244	1.04288	1.04238	1.04269	939
2025-01-30 00:30:00	1.04268	1.04275	1.04249	1.0426	835
2025-01-30 01:00:00	1.04258	1.0426	1.04188	1.04205	1546
2025-01-30 01:30:00	1.04206	1.04223	1.04194	1.04198	1068
2025-01-30 02:00:00	1.04201	1.04266	1.04196	1.04237	1639
2025-01-30 02:30:00	1.04237	1.04254	1.04216	1.0423	1402
2025-01-30 03:00:00	1.04229	1.04264	1.04222	1.04249	1282
2025-01-30 03:30:00	1.04252	1.0426	1.04223	1.04252	1786
2025-01-30 04:00:00	1.04251	1.04276	1.0423	1.04235	1271
2025-01-30 04:30:00	1.04237	1.04237	1.04175	1.04189	1915
2025-01-30 05:00:00	1.04188	1.04212	1.04175	1042	1502
2025-01-30 05:30:00	1042	1.04219	1.04176	1.04217	1202
2025-01-30 06:00:00	1.04219	1.04225	1.04137	1.04144	2321
2025-01-30 06:30:00	1.04143	1.0415	1.04106	1.04138	2425
2025-01-30 07:00:00	1.04138	1.04153	1.04093	1.04144	2850
2025-01-30 07:30:00	1.04143	1.04237	1.04125	1.04236	2557
2025-01-30 08:00:00	1.04237	1.04288	1.04175	1.04237	6322
2025-01-30 08:30:00	1.04236	1.0424	1.04159	1.04214	4592
2025-01-30 09:00:00	1.04214	1.04224	1.04029	1.04084	5111
2025-01-30 09:30:00	1.04085	1.04115	1.04019	1.04074	4401
2025-01-30 10:00:00	1.0407	1.04116	1.0403	1.04097	4065
2025-01-30 10:30:00	1.04097	1.04121	1.03958	1.04006	5155
2025-01-30 11:00:00	1.04005	1.04006	1.03915	1.03943	4826
2025-01-30 11:30:00	1.03942	1.03998	1.03911	1.03917	3871
2025-01-30 12:00:00	1.03917	1.0401	1.03901	1.0401	4335
2025-01-30 12:30:00	1.04012	1.04057	1.03954	1.04033	3985
2025-01-30 13:00:00	1.04035	1.04202	1.04012	1.0415	5829
2025-01-30 13:30:00	1.0415	1.04597	1.0402	1.04564	12436
2025-01-30 14:00:00	1.0456	1.04677	1.0429	1.04334	11794
2025-01-30 14:30:00	1.04336	1.04363	1.04191	1.0428	8486
2025-01-30 15:00:00	1.04285	1.04404	1.04277	1.04323	6374
2025-01-30 15:30:00	1.04321	1.04422	1.04268	1.04311	8283
2025-01-30 16:00:00	1.04313	1.04346	1.04224	1.04249	4756
2025-01-30 16:30:00	1.04249	1.04283	1.0417	1.04194	3222
2025-01-30 17:00:00	1.04194	1.04233	1.04093	1.04152	4012
2025-01-30 17:30:00	1.04154	1.04198	1.04143	1.04168	3016
2025-01-30 18:00:00	1.04171	1.0424	1.04156	1.04225	1800
2025-01-30 18:30:00	1.04226	1.04253	1.04216	1.04248	2303
2025-01-30 19:00:00	1.04249	1.04262	1.04229	1.04257	3284
2025-01-30 19:30:00	1.04257	1043	1.04252	1.0428	3257
2025-01-30 20:00:00	1.04281	1.0431	1.04263	1.04307	2909
2025-01-30 20:30:00	1.04309	1.04322	1.03861	1.04073	21744
2025-01-30 21:00:00	1.04071	1.0414	1.03868	1.03925	5642
2025-01-30 21:30:00	1.03925	1.03962	1.03879	1.03879	2409
2025-01-30 22:00:00	1.03879	1.03932	1.03876	1.03878	1132
2025-01-30 22:30:00	1.03876	1.03905	1.03856	1.03867	899
2025-01-30 23:00:00	1.03872	1.03913	1.0385	1.0391	1820
2025-01-30 23:30:00	1.03911	1.0398	1.03905	1.03966	866
2025-01-31 00:00:00	1.03968	1.04022	1.03959	1.03965	1694
2025-01-31 00:30:00	1.03963	1.03974	1.0385	1.03866	1831
2025-01-31 01:00:00	1.03865	1.03914	1.03768	1.0386	3594
2025-01-31 01:30:00	1.03861	1.03924	1.03855	1.03884	3191
2025-01-31 02:00:00	1.03885	1.0393	1.03866	1.03904	2282
2025-01-31 02:30:00	1.03905	1.03948	1.03894	1.03894	2767
2025-01-31 03:00:00	1.03894	1.03913	1.03841	1.03879	2032
2025-01-31 03:30:00	1.03878	1.03892	1.03835	1.03848	1767
2025-01-31 04:00:00	1.03848	1.03862	1.03826	1.0386	1787
2025-01-31 04:30:00	1.03861	1.03898	1.03836	1.03873	1500
2025-01-31 05:00:00	1.03872	1.03907	1.03863	1.03873	1249
2025-01-31 05:30:00	1.03871	1.03893	1.03845	1.03887	2133
2025-01-31 06:00:00	1.03888	1.03906	1.03873	1.03905	1798
2025-01-31 06:30:00	1.03905	1.03953	1.03905	1.03944	1953
2025-01-31 07:00:00	1.03944	1.04043	1.03911	1.04035	3365
2025-01-31 07:30:00	1.04037	1.04125	1.03965	1.0404	5441
2025-01-31 08:00:00	1.04039	1.04066	1.03905	1.03911	4682
2025-01-31 08:30:00	1.03912	1.03917	1.03807	1.03841	5227
2025-01-31 09:00:00	1.03841	1.03841	1.03652	1.03677	10012
2025-01-31 09:30:00	1.03675	1.0385	1.03658	1.03834	5518
2025-01-31 10:00:00	1.03833	1.03839	1.03736	1.03822	5231
2025-01-31 10:30:00	1.03821	1.03834	1.03747	1.03762	3736
2025-01-31 11:00:00	1.03764	1038	1.03723	1.03757	3219
2025-01-31 11:30:00	1.03756	1.03791	1.03718	1.03757	3213
2025-01-31 12:00:00	1.03758	1.03856	1.03744	1.03818	2939
2025-01-31 12:30:00	1.03819	1.03842	1.03775	1.03824	2591
2025-01-31 13:00:00	1.03825	1.03952	1.03817	1.03877	6670
2025-01-31 13:30:00	1.03882	1.03891	1.03766	1.0382	6434
2025-01-31 14:00:00	1.03823	1.03825	1.03667	1.03751	10478
2025-01-31 14:30:00	1.03752	1.03779	1.03678	1.03684	10471
2025-01-31 15:00:00	1.03686	1.03754	1.03601	1.0375	6464
2025-01-31 15:30:00	1.0375	1.04006	1.03716	1.03962	15164
2025-01-31 16:00:00	1.03964	1.03964	1.03859	1.03953	6865
2025-01-31 16:30:00	1.03952	1.04073	1.0393	1.03996	5400
2025-01-31 17:00:00	1.03995	1.0434	1.03901	1.04318	12549
2025-01-31 17:30:00	1.04318	1.04322	1.04134	1.04197	7833
2025-01-31 18:00:00	1.04198	1.04217	1.03735	1.03824	10543
2025-01-31 18:30:00	1.03821	1.03862	1.03614	1.03696	11405
2025-01-31 19:00:00	1.03696	1.03731	1.03643	1.03711	9197
2025-01-31 19:30:00	1.0371	1.03789	1.03652	1.03763	5896
2025-01-31 20:00:00	1.03763	1.03771	1.03677	1.03752	5135
2025-01-31 20:30:00	1.03749	1.03817	1.03626	1.03734	5034
2025-01-31 21:00:00	1.03735	1.0387	1.03496	1.03662	9653
2025-01-31 21:30:00	1.03663	1.03667	1.03563	1.03602	3388
2025-02-02 22:00:00	1.02327	1.02567	1.02324	1.02509	1872
2025-02-02 22:30:00	1.0251	1.02572	1.0246	1.02508	2330
2025-02-02 23:00:00	1.02509	1.02698	1.02344	1.02406	11665
2025-02-02 23:30:00	1.02413	1.02577	1.02359	1.02467	5392
2025-02-03 00:00:00	1.02467	1.02671	1.02103	1.02365	9102
2025-02-03 00:30:00	1.02368	1.02436	1.02197	1.02316	7555
2025-02-03 01:00:00	1.02317	1.02519	1.02217	1.02481	7616
2025-02-03 01:30:00	1.02481	1.0252	1.02358	1.02375	5240
2025-02-03 02:00:00	1.02376	1.02377	1.02228	1.02311	5451
2025-02-03 02:30:00	1.02312	1.02313	1.02207	1.02234	4673
2025-02-03 03:00:00	1.02235	1.02247	1.0215	1.02191	3728
2025-02-03 03:30:00	1.02191	1.02238	1.0212	1.02211	3505
2025-02-03 04:00:00	1.02211	1.02394	1.02203	1.02238	5443
2025-02-03 04:30:00	1.0224	1.02281	1.02213	1.02264	2467
2025-02-03 05:00:00	1.02266	1.02397	1.02255	1.02384	3321
2025-02-03 05:30:00	1.02384	1.02432	1.0236	1.02402	2956
2025-02-03 06:00:00	1024	1.0249	1.02394	1.02459	3319
2025-02-03 06:30:00	1.0246	1.02515	1.02414	1.02428	3610
2025-02-03 07:00:00	1.02428	1.02491	1.02273	1.02329	5635
2025-02-03 07:30:00	1.02326	1.02413	1.02217	1.02247	5366
2025-02-03 08:00:00	1.02248	1.02439	1.02126	1.02428	6966
2025-02-03 08:30:00	1.02427	1.0251	1.02371	1.02433	6284
2025-02-03 09:00:00	1.02433	1.02513	1.02408	1.02509	4202
2025-02-03 09:30:00	1.0251	1.02543	1.02255	1.02303	3933
2025-02-03 10:00:00	1.02304	1.02431	1.02298	1.02369	3637
2025-02-03 10:30:00	1.02371	1.02442	1.02361	1.02435	3363
2025-02-03 11:00:00	1.02434	1.02496	1.02392	1.02392	3411
2025-02-03 11:30:00	1.0239	1.02557	1.02362	1.02522	3278
2025-02-03 12:00:00	1.02521	1.0275	1.02514	1.02711	7212
2025-02-03 12:30:00	1.02713	1.02778	1.02534	1.02576	6209
2025-02-03 13:00:00	1.02574	1.02874	1.02574	1027	10844
2025-02-03 13:30:00	1027	1.02706	1.02592	1.02638	5868
2025-02-03 14:00:00	1.02636	1.02657	1.02518	1.02602	5794
2025-02-03 14:30:00	1.02605	1.02638	1.02471	1.02503	7347
2025-02-03 15:00:00	1.02501	1.03207	1.02434	1.03015	16624
2025-02-03 15:30:00	1.03019	1.03351	1.02974	1.03161	21303
2025-02-03 16:00:00	1.03162	1.03212	1.02947	1.03041	15119
2025-02-03 16:30:00	1.0304	1.03116	1.02726	1.02757	9334
2025-02-03 17:00:00	1.02759	1.02884	1.02714	1.02855	8031
2025-02-03 17:30:00	1.02856	1.03027	1.02715	1.02792	7787
2025-02-03 18:00:00	1.02793	1.02873	1.02699	1.02794	8766
2025-02-03 18:30:00	1.02795	1.02817	1.02735	1.02783	4029
2025-02-03 19:00:00	1.02782	1.02968	1.02782	1.02922	3263
2025-02-03 19:30:00	1.02921	1.02938	1.0285	1.02851	2828
2025-02-03 20:00:00	1.02844	1.02964	1.02826	1.02952	1980
2025-02-03 20:30:00	1.02951	1.02991	1.02931	1.02951	2202
2025-02-03 21:00:00	1.02952	1.03118	1.02926	1.03073	2657
2025-02-03 21:30:00	1.03073	1.03497	1.0306	1.03425	6725
2025-02-03 22:00:00	1.03423	1.03459	1.03296	1.03457	2135
2025-02-03 22:30:00	1.03457	1.03457	1.03406	1.0341	346
2025-02-03 23:00:00	1.03413	1.03503	1.03365	1.03377	2027
2025-02-03 23:30:00	1.03379	1.03379	1.03262	1.03279	1767
2025-02-04 00:00:00	1.03279	1.03309	1.03209	1.03229	1706
2025-02-04 00:30:00	1.03228	1.03234	1.0316	1.03177	1610
2025-02-04 01:00:00	1.03175	1.03178	1.03083	1.03153	3366
2025-02-04 01:30:00	1.03155	1.03224	1.03099	1.03218	3385
2025-02-04 02:00:00	1.03216	1.03229	1.03164	1.03179	2565
2025-02-04 02:30:00	1.03178	1.03238	1.03165	1.03218	3780
2025-02-04 03:00:00	1.03218	1.03238	1.03179	1.03192	3007
2025-02-04 03:30:00	1.03194	1.03194	1.03115	1.03146	2883
2025-02-04 04:00:00	1.03148	1.0315	1.0311	1.03135	2241
2025-02-04 04:30:00	1.03135	1.03137	1.03057	1.03057	2588
2025-02-04 05:00:00	1.03056	1.03057	1.02721	1.0286	9129
2025-02-04 05:30:00	1.02859	1.02973	1.02856	1.02929	4351
2025-02-04 06:00:00	1.0293	1.02979	1.02923	1.02947	2346
2025-02-04 06:30:00	1.02947	1.03074	1.0292	1.03065	3156
2025-02-04 07:00:00	1.03064	1.03087	1.02997	1.03066	3007
2025-02-04 07:30:00	1.03068	1.03171	1.03066	1.0311	3269
2025-02-04 08:00:00	1.03111	1.03331	1.03087	1.03315	6207
2025-02-04 08:30:00	1.03312	1.03351	1.03234	1.03342	5001
2025-02-04 09:00:00	1.03341	1.03475	1.0332	1.03473	4840
2025-02-04 09:30:00	1.0347	1.03494	1.03381	1.03385	4335
2025-02-04 10:00:00	1.03383	1.03432	1.03349	1.03358	3190
2025-02-04 10:30:00	1.03357	1.03358	1.03251	1.03348	3876
2025-02-04 11:00:00	1.03349	1.03351	1.03228	1.03247	2870
2025-02-04 11:30:00	1.03245	1.03274	1.03219	1.03221	2962
2025-02-04 12:00:00	1.0322	1.03254	1.03201	1.03249	3815
2025-02-04 12:30:00	1.03249	1.03283	1.03225	1.03251	4173
2025-02-04 13:00:00	1.0325	1.03393	1.03236	1.03338	3803
2025-02-04 13:30:00	1.03338	1.03403	1.03296	1.03403	4399
2025-02-04 14:00:00	1.03404	1.03593	1.03399	1.03495	5034
2025-02-04 14:30:00	1.03494	1.03661	1.03433	1.03594	6125
2025-02-04 15:00:00	1.03592	1.03775	1.03576	1.03707	12149
2025-02-04 15:30:00	1.03707	1.03857	1.03684	1.03799	7654
2025-02-04 16:00:00	1038	1.03857	1.03731	1.03782	7220
2025-02-04 16:30:00	1.03784	1.03872	1.03747	1.03781	5318
2025-02-04 17:00:00	1.03782	1.03787	1.03658	1.03721	5961
2025-02-04 17:30:00	1.03722	1.0378	1.03656	1.03765	4304
2025-02-04 18:00:00	1.03765	1.03833	1.03742	1.03796	2985
2025-02-04 18:30:00	1.03797	1.0386	1.03794	1.03808	2219
2025-02-04 19:00:00	1.03812	1.03823	1.03769	1038	2011
2025-02-04 19:30:00	1.03801	1.03852	1.03786	1.03816	2724
2025-02-04 20:00:00	1.03817	1.03849	1.0379	1.03829	2191
2025-02-04 20:30:00	1.03829	1.03857	1.03807	1.03852	1812
2025-02-04 21:00:00	1.03851	1.03874	1.03777	1.03783	1169
2025-02-04 21:30:00	1.03785	1.03806	1.03777	1.03783	1852
2025-02-04 22:00:00	1.03783	1.03795	1.0373	1.03783	463
2025-02-04 22:30:00	1.03782	1.03798	1.03727	1.0378	799
2025-02-04 23:00:00	1.0378	1.03802	1.03747	1.0377	834
2025-02-04 23:30:00	1.0377	1.03793	1.03707	1.03712	931
2025-02-05 00:00:00	1.03712	1.03754	1.03696	1.03751	1142
2025-02-05 00:30:00	1.03752	1.03817	1.03743	1.03786	2198
2025-02-05 01:00:00	1.03787	1.03864	1.03773	1.03848	3345
2025-02-05 01:30:00	1.03848	1.0385	1.0372	1.03732	3100
2025-02-05 02:00:00	1.03733	1.0384	1.03728	1.03831	3283
2025-02-05 02:30:00	1.03834	1.03848	1.03816	1.03843	3249
2025-02-05 03:00:00	1.03843	1.0386	1.03808	1.03839	2661
2025-02-05 03:30:00	1.03839	1.03855	1.03791	1.03794	2544
2025-02-05 04:00:00	1.03795	1.03822	1.03778	1.03781	1648
2025-02-05 04:30:00	1.03783	1.03791	1.0376	1.03784	1762
2025-02-05 05:00:00	1.03784	1.03785	1.03737	1.03745	1918
2025-02-05 05:30:00	1.03745	1.03777	1.03732	1.03777	2182
2025-02-05 06:00:00	1.03775	1.03937	1.0374	1.03931	3139
2025-02-05 06:30:00	1.03932	1.03932	1.03836	1.03848	2381
2025-02-05 07:00:00	1.03847	1.04086	1.03819	1.0407	4364
2025-02-05 07:30:00	1.0407	1.04096	1.03978	1.04025	3947
2025-02-05 08:00:00	1.04024	1.04068	1.03929	1.03972	5681
2025-02-05 08:30:00	1.03971	1.04082	1.03899	1.04037	5213
2025-02-05 09:00:00	1.04036	1.04174	1.04033	1.04118	4978
2025-02-05 09:30:00	1.04118	1.04118	1.04014	1.04037	4352
2025-02-05 10:00:00	1.04038	1.04189	1.04017	1.0418	3822
2025-02-05 10:30:00	1.04179	1.04304	1.04161	1.0425	5620
2025-02-05 11:00:00	1.04249	1.04252	1.04137	1.04174	3987
2025-02-05 11:30:00	1.04175	1.04179	1.04114	1.04147	2564
2025-02-05 12:00:00	1.04144	1.04164	1.04106	1.04152	2969
2025-02-05 12:30:00	1.04152	1.04218	1.04128	1.04188	4169
2025-02-05 13:00:00	1.04189	1.04256	1.04099	1.04132	5551
2025-02-05 13:30:00	1.04135	1.0418	1.04013	1.04076	7000
2025-02-05 14:00:00	1.04079	1.04233	1.0406	1.04216	6095
2025-02-05 14:30:00	1.04215	1.04261	1.04125	1.04232	6284
2025-02-05 15:00:00	1.04269	1.04424	1.04198	1.04201	9716
2025-02-05 15:30:00	1.04202	1.04248	1.04149	1.04221	8125
2025-02-05 16:00:00	1.0422	1.04245	1.04104	1.0418	6053
2025-02-05 16:30:00	1.0418	1.04245	1.04102	1.04179	4021
2025-02-05 17:00:00	1.04181	1.04241	1.04102	1.04128	3004
2025-02-05 17:30:00	1.04132	1.04213	1.04127	1.04198	2241
2025-02-05 18:00:00	1.04196	1.0421	1.0414	1.04185	1844
2025-02-05 18:30:00	1.04183	1.04215	1.04149	1.04153	1627
2025-02-05 19:00:00	1.04154	1.04166	1.04095	1.04135	2385
2025-02-05 19:30:00	1.04137	1.04139	1.04044	1.04069	2558
2025-02-05 20:00:00	1.04068	1.04069	1.04009	1.04044	1522
2025-02-05 20:30:00	1.04044	1.04065	1.04023	1.04045	1980
2025-02-05 21:00:00	1.04045	1.04066	1.04018	1.04034	1407
2025-02-05 21:30:00	1.04033	1.04038	1.03967	1.04021	1611
2025-02-05 22:00:00	1.0402	1.04046	1.03959	1.04039	214
2025-02-05 22:30:00	1.04038	1.04043	1.04012	1.04041	435
2025-02-05 23:00:00	1.04039	1.04058	1.03969	1.04028	927
2025-02-05 23:30:00	1.04027	1.04035	1.03976	1.03985	983
2025-02-06 00:00:00	1.03985	1.04021	1.03963	1.03995	1387
2025-02-06 00:30:00	1.03994	1.04008	1.03948	1.03973	1574
2025-02-06 01:00:00	1.03973	1.0402	1.03951	1.03998	2036
2025-02-06 01:30:00	1.03994	1.04043	1.03992	1.04023	3240
2025-02-06 02:00:00	1.04022	1.04053	1.03934	1.03938	2335
2025-02-06 02:30:00	1.03939	1.03971	1.03908	1.03949	2064
2025-02-06 03:00:00	1.03949	1.03961	1.03919	1.03934	1623
2025-02-06 03:30:00	1.03933	1.03949	1.03895	1.03918	1205
2025-02-06 04:00:00	1.03918	1.03937	1.03903	1.03917	1236
2025-02-06 04:30:00	1.03917	1.03923	1.03852	1.03869	1517
2025-02-06 05:00:00	1.03868	1.03901	1.03864	1.03889	1909
2025-02-06 05:30:00	1.0389	1039	1.03858	1.03861	1587
2025-02-06 06:00:00	1.03864	1.03892	1.03854	1.0387	2047
2025-02-06 06:30:00	1.0387	1.03923	1.03868	1.03899	2401
2025-02-06 07:00:00	1039	1.03912	1.03842	1.03887	3012
2025-02-06 07:30:00	1.03886	1.03891	1.03779	1.03799	2820
2025-02-06 08:00:00	1.03798	1.03808	1.03625	1.03627	5354
2025-02-06 08:30:00	1.03628	1.03654	1.03559	1.03647	5069
2025-02-06 09:00:00	1.03649	1.03677	1.03561	1.03615	2685
2025-02-06 09:30:00	1.03614	1.03654	1.03574	1.03592	3436
2025-02-06 10:00:00	1.03592	1.03662	1.03573	1.03642	2990
2025-02-06 10:30:00	1.0364	1.03647	1.03557	1.03623	2517
2025-02-06 11:00:00	1.03622	1.03673	1.03578	1.03671	2903
2025-02-06 11:30:00	1.03671	1.03676	1.03592	1.03617	3554
2025-02-06 12:00:00	1.03619	1.03639	1.03548	1.03563	6992
2025-02-06 12:30:00	1.03564	1.03632	1.03523	1.03617	4963
2025-02-06 13:00:00	1.03616	1.0363	1.03532	1.03595	4876
2025-02-06 13:30:00	1.03595	1.03673	1.03552	1.03601	6189
2025-02-06 14:00:00	1.03601	1.03676	1.03595	1.03673	3624
2025-02-06 14:30:00	1.03671	1.03746	1.03616	1.0362	6038
2025-02-06 15:00:00	1.03621	1.03762	1.0361	1.03663	4921
2025-02-06 15:30:00	1.03661	1.03714	1.03612	1.03692	6211
2025-02-06 16:00:00	1.03692	1.03759	1.03681	1.0374	4951
2025-02-06 16:30:00	1.0374	1.03762	1.03666	1.03666	3697
2025-02-06 17:00:00	1.03666	1.03796	1.03657	1.03786	2924
2025-02-06 17:30:00	1.03784	1.03803	1.0373	1.03791	2224
2025-02-06 18:00:00	1.03789	1.03863	1.03736	1.0385	4788
2025-02-06 18:30:00	1.03849	1.03964	1.03825	1.03893	3449
2025-02-06 19:00:00	1.03891	1.03912	1.03839	1.03843	2186
2025-02-06 19:30:00	1.03842	1.03854	1.03801	1.03845	2044
2025-02-06 20:00:00	1.03844	1.03906	1.03839	1.03853	1557
2025-02-06 20:30:00	1.03853	1.03894	1.03838	1.03888	1996
2025-02-06 21:00:00	1.03883	1.03891	1.03841	1.03867	911
2025-02-06 21:30:00	1.03867	1.03868	1.0382	1.03827	763
2025-02-06 22:00:00	1.03826	1.03853	1.03826	1.03831	283
2025-02-06 22:30:00	1.03834	1.03837	1.03815	1.03827	366
2025-02-06 23:00:00	1.03822	1.03866	1.03822	1.03847	494
2025-02-06 23:30:00	1.03849	1.03856	1.0384	1.0385	367
2025-02-07 00:00:00	1.03849	1.03909	1.03826	1.0383	1733
2025-02-07 00:30:00	1.03832	1.03836	1.03773	1.03775	1864
2025-02-07 01:00:00	1.0378	1.03801	1.03741	1.03789	2921
2025-02-07 01:30:00	1.03787	1.03867	1.0377	1.03837	2617
2025-02-07 02:00:00	1.03836	1.0386	1.03831	1.03853	2777
2025-02-07 02:30:00	1.03852	1.03856	1.03807	1.03838	3300
2025-02-07 03:00:00	1.03841	1.03848	1.03807	1.03825	1836
2025-02-07 03:30:00	1.03825	1.03838	1.0377	1.03796	1678
2025-02-07 04:00:00	1.03796	1.03804	1.03755	1.03802	1419
2025-02-07 04:30:00	1.03801	1.03833	1.03792	1.0381	1461
2025-02-07 05:00:00	1.03809	1.03813	1.03775	1.03784	3120
2025-02-07 05:30:00	1.03784	1.03811	1.03738	1.03749	2173
2025-02-07 06:00:00	1.03748	1.03758	1.03724	1.03752	1876
2025-02-07 06:30:00	1.03753	1.03772	1.0374	1.03756	2250
2025-02-07 07:00:00	1.03756	1.03823	1.03739	1.03816	2769
2025-02-07 07:30:00	1.03815	1.03899	1.03789	1.03891	2883
2025-02-07 08:00:00	1.0389	1.03958	1.03852	1.03955	3597
2025-02-07 08:30:00	1.03957	1.03997	1.03949	1.03977	2596
2025-02-07 09:00:00	1.03977	1.03991	1.03908	1.03908	3118
2025-02-07 09:30:00	1.03908	1.03984	1.03896	1.0391	3599
2025-02-07 10:00:00	1.03909	1.03914	1.03851	1.03879	3187
2025-02-07 10:30:00	1.03879	1.03889	1.03789	1.03812	3040
2025-02-07 11:00:00	1.03811	1.03818	1.03773	1.03802	2825
2025-02-07 11:30:00	1.03801	1.0384	1.03787	1.03822	2643
2025-02-07 12:00:00	1.03822	1.03822	1.03707	1.03713	3142
2025-02-07 12:30:00	1.03712	1.03782	1.03681	1.03742	4003
2025-02-07 13:00:00	1.03741	1.03789	1.03725	1.0374	5393
2025-02-07 13:30:00	1.03732	1.04124	1.03489	1.03634	16100
2025-02-07 14:00:00	1.03633	1.03823	1.03606	1.03814	7717
2025-02-07 14:30:00	1.03816	1.03886	1.03791	1.03852	6302
2025-02-07 15:00:00	1.03851	1.03876	1.03696	1.03711	8700
2025-02-07 15:30:00	1.03711	1.03863	1.03271	1.03551	13064
2025-02-07 16:00:00	1.0355	1.0355	1.03291	1.0335	15293
2025-02-07 16:30:00	1.03351	1.03389	1.03221	1.03276	7810
2025-02-07 17:00:00	1.03276	1.03608	1.03049	1032	14546
2025-02-07 17:30:00	1032	1.03258	1.03126	1.03217	5037
2025-02-07 18:00:00	1.03214	1.03357	1.0321	1.03316	2948
2025-02-07 18:30:00	1.03315	1.03345	1.03206	1.03249	2640
2025-02-07 19:00:00	1.03249	1.03326	1.03236	1.03304	2633
2025-02-07 19:30:00	1.03303	1.03367	1.03282	1.03322	3093
2025-02-07 20:00:00	1.03322	1.03381	1.03291	1.03298	2927
2025-02-07 20:30:00	1033	1.03308	1.03214	1.03277	2299
2025-02-07 21:00:00	1.0328	1.03321	1.03273	1.0329	1136
2025-02-07 21:30:00	1.03289	1.03293	1.03248	1.0326	2176
2025-02-09 22:00:00	1.02918	1.02974	1.02839	1.02955	2314
2025-02-09 22:30:00	1.02953	1.03016	1.02888	1.02904	1529
2025-02-09 23:00:00	1.02904	1.03107	1.02904	1.03088	3287
2025-02-09 23:30:00	1.03088	1.03134	1.03088	1.03095	1625
2025-02-10 00:00:00	1.03096	1.03183	1.03094	1.03154	3096
2025-02-10 00:30:00	1.03154	1.03181	1.03092	1.03099	2916
2025-02-10 01:00:00	1.03102	1.03144	1.0306	1.03061	3412
2025-02-10 01:30:00	1.0306	1.03078	1.02999	1.03027	3240
2025-02-10 02:00:00	1.03028	1.03065	1.03002	1.03014	2211
2025-02-10 02:30:00	1.03016	1.03026	1.02985	1.02995	1367
2025-02-10 03:00:00	1.02996	1.03098	1.02995	1.03087	2548
2025-02-10 03:30:00	1.03086	1.03115	1.03077	1.03114	1676
2025-02-10 04:00:00	1.03114	1.03153	1.0311	1.03145	1421
2025-02-10 04:30:00	1.03144	1.03158	1.03125	1.03132	1348
2025-02-10 05:00:00	1.03134	1.03209	1.03131	1.03207	1419
2025-02-10 05:30:00	1.03207	1.03214	1.03135	1.0316	1639
2025-02-10 06:00:00	1.0316	1.03165	1.0312	1.03142	1568
2025-02-10 06:30:00	1.03142	1.03199	1.03126	1.03187	1716
2025-02-10 07:00:00	1.03187	1.03253	1.03103	1.03123	3224
2025-02-10 07:30:00	1.03124	1.03161	1.03098	1.03128	2986
2025-02-10 08:00:00	1.03129	1.0319	1.03064	1.03166	4995
2025-02-10 08:30:00	1.03165	1.03228	1.03134	1.0322	4323
2025-02-10 09:00:00	1.03221	1.03323	1.03209	1.03299	3990
2025-02-10 09:30:00	1033	1.03346	1.03237	1.03266	5010
2025-02-10 10:00:00	1.03266	1.0328	1.03232	1.03245	3859
2025-02-10 10:30:00	1.03245	1.03336	1.03237	1.03297	3350
2025-02-10 11:00:00	1.03299	1.03363	1.03282	1.0333	3646
2025-02-10 11:30:00	1.0333	1.03334	1.03198	1.03205	3919
2025-02-10 12:00:00	1.03205	1.0322	1.03083	1.03135	4285
2025-02-10 12:30:00	1.03135	1.0318	1.03112	1.03135	2731
2025-02-10 13:00:00	1.03137	1.03255	1.03137	1.03218	3688
2025-02-10 13:30:00	1.03218	1.03262	1.03198	1.03213	3050
2025-02-10 14:00:00	1.03212	1.03233	1.03041	1.03063	4213
2025-02-10 14:30:00	1.03064	1.03114	1.03053	1.03112	4156
2025-02-10 15:00:00	1.03114	1.03176	1.03105	1.03168	3838
2025-02-10 15:30:00	1.03172	1.03197	1.0312	1.0315	4380
2025-02-10 16:00:00	1.0315	1.03181	1.03089	1.0313	3935
2025-02-10 16:30:00	1.0313	1.03144	1.03043	1.03112	3145
2025-02-10 17:00:00	1.03113	1.03146	1.03101	1.03109	2689
2025-02-10 17:30:00	1.03111	1.03126	1.03065	1.03123	1550
2025-02-10 18:00:00	1.03121	1.03159	1.03096	1.03125	1496
2025-02-10 18:30:00	1.03124	1.03131	1.03058	1.0307	1670
2025-02-10 19:00:00	1.03069	1.03107	1.03051	1.0307	1175
2025-02-10 19:30:00	1.03069	1.03097	1.0306	1.03066	1332
2025-02-10 20:00:00	1.03067	1.03083	1.03048	1.03052	1280
2025-02-10 20:30:00	1.03052	1.03081	1.03048	1.03067	992
2025-02-10 21:00:00	1.03066	1.03081	1.03051	1.03054	683
2025-02-10 21:30:00	1.03054	1.0307	1.03049	1.03062	440
2025-02-10 22:00:00	1.03061	1.03089	1.0304	1.03054	564
2025-02-10 22:30:00	1.03053	1.03066	1.03025	1.03049	1048
2025-02-10 23:00:00	1.03042	1.03075	1.02983	1.02997	2343
2025-02-10 23:30:00	1.02999	1.03013	1.02982	1.03005	777
2025-02-11 00:00:00	1.03006	1.03042	1.02993	1.03042	940
2025-02-11 00:30:00	1.03042	1.03065	1.0303	1.03045	500
2025-02-11 01:00:00	1.03045	1.03045	1.03	1.03019	3387
2025-02-11 01:30:00	1.03017	1.03038	1.02999	1.03018	1962
2025-02-11 02:00:00	1.03018	1.03027	1.02985	1.02999	3574
2025-02-11 02:30:00	1.03	1.03001	1.0292	1.02928	3217
2025-02-11 03:00:00	1.02927	1.02968	1.02919	1.02955	2195
2025-02-11 03:30:00	1.02954	1.03004	1.02952	1.02981	2291
2025-02-11 04:00:00	1.02979	1.03025	1.02974	1.03019	2045
2025-02-11 04:30:00	1.03018	1.03041	1.03007	1.0304	2040
2025-02-11 05:00:00	1.03041	1.03058	1.03031	1.03035	2341
2025-02-11 05:30:00	1.03039	1.03056	1.03019	1.03046	2218
2025-02-11 06:00:00	1.03045	1.03093	1.0304	1.03087	1914
2025-02-11 06:30:00	1.03086	1.03103	1.03046	1.0305	2754
2025-02-11 07:00:00	1.0305	1.03073	1.03008	1.03054	4216
2025-02-11 07:30:00	1.03053	1.03077	1.03009	1.0303	3900
2025-02-11 08:00:00	1.0303	1.03086	1.02998	1.03071	4465
2025-02-11 08:30:00	1.03071	1.03196	1.03065	1.0318	3404
2025-02-11 09:00:00	1.0318	1.03218	1.03125	1.03136	5109
2025-02-11 09:30:00	1.03137	1.03203	1.03128	1.03177	4280
2025-02-11 10:00:00	1.03178	1.03251	1.03165	1.03221	3959
2025-02-11 10:30:00	1.03222	1.03231	1.03143	1.03159	3274
2025-02-11 11:00:00	1.03158	1.03212	1.03158	1.03169	2444
2025-02-11 11:30:00	1.03168	1.03226	1.03155	1.03218	1927
2025-02-11 12:00:00	1.03216	1.03285	1.03204	1.0327	3322
2025-02-11 12:30:00	1.03266	1.03279	1.03206	1.03219	3626
2025-02-11 13:00:00	1.03219	1.03259	1.03165	1.03178	3556
2025-02-11 13:30:00	1.03179	1.03238	1.03164	1.03222	3014
2025-02-11 14:00:00	1.03222	1.03307	1.03216	1.03303	3256
2025-02-11 14:30:00	1.03305	1.03371	1.03292	1.03321	4677
2025-02-11 15:00:00	1.03327	1.03421	1.0328	1.0341	5314
2025-02-11 15:30:00	1.03411	1.03432	1.03335	1.03398	4968
2025-02-11 16:00:00	1.03397	1.03493	1.03388	1.03485	5115
2025-02-11 16:30:00	1.03486	1.03512	1.03448	1.03457	3475
2025-02-11 17:00:00	1.03456	1.03476	1.03433	1.03469	2197
2025-02-11 17:30:00	1.03468	1.03485	1.03446	1.03453	1709
2025-02-11 18:00:00	1.03451	1.03513	1.03443	1.03464	2111
2025-02-11 18:30:00	1.03469	1.03488	1.03445	1.03453	1429
2025-02-11 19:00:00	1.03451	1.03464	1.03418	1.0346	1415
2025-02-11 19:30:00	1.03459	1.03813	1.03457	1.03578	5204
2025-02-11 20:00:00	1.0358	1.03636	1.03574	1.03619	2669
2025-02-11 20:30:00	1.03619	1.03674	1.03614	1.03628	3208
2025-02-11 21:00:00	1.03627	1.03638	1.03604	1.03618	1521
2025-02-11 21:30:00	1.03619	1.03623	1.03587	1.03609	1146
2025-02-11 22:00:00	1.03603	1.03623	1.03583	1036	424
2025-02-11 22:30:00	1.03598	1.03636	1.03585	1.03607	682
2025-02-11 23:00:00	1.03607	1.03674	1036	1.03629	796
2025-02-11 23:30:00	1.0363	1.03654	1.03627	1.0363	678
2025-02-12 00:00:00	1.03638	1.03641	1.03571	1.03583	1049
2025-02-12 00:30:00	1.03582	1.03586	1.03562	1.03572	1230
2025-02-12 01:00:00	1.03571	1.03577	1.03537	1.03572	2347
2025-02-12 01:30:00	1.03571	1.03639	1.03561	1.03602	2374
2025-02-12 02:00:00	1.03603	1.03656	1.03602	1.03654	2716
2025-02-12 02:30:00	1.03656	1.03677	1.03622	1.03623	2221
2025-02-12 03:00:00	1.03623	1.03652	1.03591	1.0363	2401
2025-02-12 03:30:00	1.03628	1.03648	1.03584	1.03621	1731
2025-02-12 04:00:00	1.03619	1.03632	1.03588	1.03617	1589
2025-02-12 04:30:00	1.03619	1.0362	1.03559	1.03561	1826
2025-02-12 05:00:00	1.03561	1.03583	1.03547	1.03577	2361
2025-02-12 05:30:00	1.03579	1.03592	1.03564	1.03583	1611
2025-02-12 06:00:00	1.03584	1036	1.03574	1.03588	1786
2025-02-12 06:30:00	1.03589	1.03599	1.03569	1.03587	2328
2025-02-12 07:00:00	1.03588	1.03671	1.03587	1.0366	3743
2025-02-12 07:30:00	1.03661	1.03791	1.03613	1.03757	3830
2025-02-12 08:00:00	1.03758	1.03797	1.03714	1.03717	6216
2025-02-12 08:30:00	1.03717	1.03774	1.03679	1.0371	4593
2025-02-12 09:00:00	1.03709	1.03724	1.03646	1.03676	3427
2025-02-12 09:30:00	1.03676	1.03739	1.03669	1.03733	2842
2025-02-12 10:00:00	1.03736	1.03771	1.03699	1.03721	3483
2025-02-12 10:30:00	1.0372	1.03763	1.0371	1.03753	3419
2025-02-12 11:00:00	1.03754	1.03856	1.03735	1.03833	3296
2025-02-12 11:30:00	1.03832	1.0385	1.03744	1.0375	2964
2025-02-12 12:00:00	1.0375	1.03766	1.03719	1.0374	2955
2025-02-12 12:30:00	1.03739	1.03786	1.03723	1.03727	4139
2025-02-12 13:00:00	1.03727	1.0376	1.03632	1.03669	6358
2025-02-12 13:30:00	1.0367	1.03681	1.03168	1.03329	15661
2025-02-12 14:00:00	1.03329	1.03483	1.03254	1.03478	8191
2025-02-12 14:30:00	1.03479	1.03534	1.03418	1035	8922
2025-02-12 15:00:00	1035	1.03739	1.03379	1.03593	8213
2025-02-12 15:30:00	1.03593	1.03825	1.03573	1.03743	9526
2025-02-12 16:00:00	1.03743	1.0377	1.03501	1.03597	7876
2025-02-12 16:30:00	1.03598	1.03954	1.03577	1.0391	5919
2025-02-12 17:00:00	1.0391	1042	1.03905	1.04176	11222
2025-02-12 17:30:00	1.0418	1.04273	1.04016	1.0426	6354
2025-02-12 18:00:00	1.0426	1.04298	1.04058	1.04092	5742
2025-02-12 18:30:00	1.04092	1.04094	1.03872	1.03891	5017
2025-02-12 19:00:00	1.03891	1.03917	1.03844	1.03894	4706
2025-02-12 19:30:00	1.03895	1.03931	1.03866	1.0391	3143
2025-02-12 20:00:00	1.03908	1.03972	1.03879	1.03953	3063
2025-02-12 20:30:00	1.03955	1.03973	1.03913	1.03915	1892
2025-02-12 21:00:00	1.03917	1.0392	1.03812	1.03869	2759
2025-02-12 21:30:00	1.0387	1.03876	1.03804	1.03821	2303
2025-02-12 22:00:00	1.03818	1.03867	1.03811	1.03841	443
2025-02-12 22:30:00	1.03839	1.03869	1.03828	1.03828	1517
2025-02-12 23:00:00	1.03829	1.03882	1.03825	1.03882	965
2025-02-12 23:30:00	1.03883	1.0392	1.0386	1.0392	662
2025-02-13 00:00:00	1.0392	1.03977	1.03895	1.03951	1055
2025-02-13 00:30:00	1.03952	1.04003	1.03879	1.03895	1909
2025-02-13 01:00:00	1.03895	1.0396	1.03871	1.03925	2375
2025-02-13 01:30:00	1.03924	1.04017	1.03915	1.03996	2947
2025-02-13 02:00:00	1.03998	1.04027	1.03964	1.04025	3349
2025-02-13 02:30:00	1.04024	1.04076	1.04023	1.04038	2201
2025-02-13 03:00:00	1.04039	1.04146	1.04034	1.04131	2338
2025-02-13 03:30:00	1.04131	1.04217	1.0413	1.04189	2799
2025-02-13 04:00:00	1.04189	1.04297	1.04186	1.04274	3595
2025-02-13 04:30:00	1.04274	1.04353	1.0427	1.04344	4826
2025-02-13 05:00:00	1.04345	1.04382	1.0433	1.04374	3839
2025-02-13 05:30:00	1.04373	1.04373	1.04303	1.04346	3318
2025-02-13 06:00:00	1.04347	1.04398	1.04324	1.04368	4676
2025-02-13 06:30:00	1.04369	1.04373	1.04283	1.04304	3664
2025-02-13 07:00:00	1.04307	1.04364	1.04267	1.04272	5406
2025-02-13 07:30:00	1.04273	1.04344	1.04222	1.04253	5967
2025-02-13 08:00:00	1.04256	1.04264	1.04159	1.0419	5114
2025-02-13 08:30:00	1.04191	1.04198	1.04101	1.04134	4056
2025-02-13 09:00:00	1.04134	1.04195	1.04108	1.04136	4047
2025-02-13 09:30:00	1.04136	1.04261	1.04114	1.04229	3686
2025-02-13 10:00:00	1.04229	1.04289	1.0422	1.04241	3076
2025-02-13 10:30:00	1.04242	1.0425	1.04131	1.04158	3310
2025-02-13 11:00:00	1.04157	1.04272	1.04156	1.04195	2503
2025-02-13 11:30:00	1.04195	1.0421	1.03924	1.04029	6528
2025-02-13 12:00:00	1.04029	1.04033	1.03855	1.03943	4862
2025-02-13 12:30:00	1.03945	1.04005	1.03886	1.03899	4435
2025-02-13 13:00:00	1.03897	1.03944	1.0384	1.03851	4558
2025-02-13 13:30:00	1.03852	1.04068	1.03756	1.03923	11842
2025-02-13 14:00:00	1.03924	1.03941	1.03818	1.03847	6351
2025-02-13 14:30:00	1.03847	1.04014	1.03836	1.03995	5323
2025-02-13 15:00:00	1.03995	1.0438	1.03995	1.04247	12455
2025-02-13 15:30:00	1.04249	1.04364	1.04208	1.04332	9225
2025-02-13 16:00:00	1.04332	1.04451	1.04305	1.04421	5543
2025-02-13 16:30:00	1.0442	1.0443	1.04242	1.04273	4664
2025-02-13 17:00:00	1.0427	1.04375	1.04256	1.04352	3121
2025-02-13 17:30:00	1.04354	1.04388	1.04248	1.04255	3240
2025-02-13 18:00:00	1.04252	1.04275	1.04167	1.04259	4389
2025-02-13 18:30:00	1.04259	1.04315	1.03727	1.0409	11126
2025-02-13 19:00:00	1.04091	1.0441	1.04082	1.04391	4764
2025-02-13 19:30:00	1.0439	1.04425	1.04301	1.0437	3440
2025-02-13 20:00:00	1.0437	1.04603	1.04353	1.04574	3842
2025-02-13 20:30:00	1.04573	1.04656	1.04556	1.04614	2524
2025-02-13 21:00:00	1.04616	1.04627	1.04568	1.04595	1768
2025-02-13 21:30:00	1.04595	1.04668	1.0459	1.04626	1110
2025-02-13 22:00:00	1.04625	1.04674	1.04619	1.04673	624
2025-02-13 22:30:00	1.0467	1.04685	1.04629	1.0466	847
2025-02-13 23:00:00	1.04661	1.0467	1.04624	1.04635	1727
2025-02-13 23:30:00	1.04636	1.04643	1.04559	1.04614	1143
2025-02-14 00:00:00	1.04614	1.04668	1.04575	1.04645	1593
2025-02-14 00:30:00	1.04641	1.04643	1.04589	1.04606	2094
2025-02-14 01:00:00	1.04607	1.04667	1.04586	1.04629	2798
2025-02-14 01:30:00	1.04629	1.04649	1.04582	1.04591	2490
2025-02-14 02:00:00	1.0459	1.04609	1.04567	1.0457	2810
2025-02-14 02:30:00	1.04573	1.04589	1.0455	1.04564	2353
2025-02-14 03:00:00	1.04567	1.04585	1.04536	1.04571	2100
2025-02-14 03:30:00	1.04571	1.04615	1.04569	1.04586	1295
2025-02-14 04:00:00	1.04587	1.04638	1.04587	1.04596	971
2025-02-14 04:30:00	1.04596	1.0461	1.04546	1.04547	1594
2025-02-14 05:00:00	1.04548	1.04557	1.04505	1.04506	1898
2025-02-14 05:30:00	1.04507	1.0453	1.0447	1.04525	2506
2025-02-14 06:00:00	1.04524	1.04583	1.04515	1.04554	2418
2025-02-14 06:30:00	1.04553	1.04609	1.04552	1.04584	3738
2025-02-14 07:00:00	1.04584	1.0472	1.04582	1.04677	4152
2025-02-14 07:30:00	1.04678	1.04698	1.04634	1.04645	2810
2025-02-14 08:00:00	1.04645	1.04802	1.04633	1.04782	4832
2025-02-14 08:30:00	1.04782	1.04862	1.04737	1.04766	5170
2025-02-14 09:00:00	1.04765	1.04863	1.04765	1.04849	4105
2025-02-14 09:30:00	1.04852	1.04875	1.04757	1.04809	3168
2025-02-14 10:00:00	1.04809	1.04827	1.04747	1.04749	2712
2025-02-14 10:30:00	1.04748	1.04776	1.04641	1.04668	2516
2025-02-14 11:00:00	1.04669	1.04691	1.04628	1.04656	2117
2025-02-14 11:30:00	1.04655	1.04687	1.04647	1.04674	1348
2025-02-14 12:00:00	1.04674	1.04706	1.04567	1.04687	1686
2025-02-14 12:30:00	1.04688	1.04747	1.04661	1.04715	1893
2025-02-14 13:00:00	1.04715	1.0487	1.04711	1.04828	2130
2025-02-14 13:30:00	1.04823	1.04976	1.04823	1.0488	7122
2025-02-14 14:00:00	1.04882	1.05005	1.04871	1.04986	3416
2025-02-14 14:30:00	1.04987	1.0514	1.04965	1.05085	5296
2025-02-14 15:00:00	1.05085	1.05088	1.04913	1.04916	4323
2025-02-14 15:30:00	1.04914	1.05126	1.04907	1.05083	3804
2025-02-14 16:00:00	1.05081	1051	1.05001	1.05036	1915
2025-02-14 16:30:00	1.05034	1.05045	1.04968	1.04974	1945
2025-02-14 17:00:00	1.04974	1.05011	1.0494	1.04982	1417
2025-02-14 17:30:00	1.04983	1.05088	1.0498	1.05071	1462
2025-02-14 18:00:00	1.05071	1.05079	1.05012	1.05016	859
2025-02-14 18:30:00	1.05018	1.05047	1.04994	1.05042	787
2025-02-14 19:00:00	1.05043	1.0505	1.04986	1.04997	1474
2025-02-14 19:30:00	1.04997	1.05009	1.04947	1.04984	1085
2025-02-14 20:00:00	1.04981	1.04981	1.04936	1.04947	735
2025-02-14 20:30:00	1.04945	1.04975	1.0491	1.04918	833
2025-02-14 21:00:00	1.04917	1.04941	1.04903	1.04935	994
2025-02-14 21:30:00	1.04936	1.04948	1.04882	1.04913	1066
2025-02-16 22:00:00	1.04858	1.04881	1.0485	1.04863	332
2025-02-16 22:30:00	1.04869	1.04893	1.04854	1.04878	699
2025-02-16 23:00:00	1.0488	1.04938	1.04847	1.04859	1148
2025-02-16 23:30:00	1.0486	1.04909	1.04848	1.04883	382
2025-02-17 00:00:00	1.04886	1.04911	1.04853	1.04869	547
2025-02-17 00:30:00	1.0487	1.04933	1.04866	1.04922	937
2025-02-17 01:00:00	1.04927	1.04989	1.04895	1.04984	1466
2025-02-17 01:30:00	1.04985	1.05062	1.04981	1.05051	1826
2025-02-17 02:00:00	1.05051	1.05052	1.04987	1.0501	1093
2025-02-17 02:30:00	1.0501	1.05021	1.04956	1.05012	406
2025-02-17 03:00:00	1.0501	1.05035	1.0495	1.04957	349
2025-02-17 03:30:00	1.04957	1.04971	1.04942	1.04945	1016
2025-02-17 04:00:00	1.04944	1.04954	1.0489	1.04931	805
2025-02-17 04:30:00	1.04932	1.04972	1.04926	1.04954	1064
2025-02-17 05:00:00	1.04956	1.04981	1.0489	1.0491	1298
2025-02-17 05:30:00	1.04908	1.04912	1.04846	1.04897	615
2025-02-17 06:00:00	1.04896	1.04919	1.04878	1.04907	856
2025-02-17 06:30:00	1.04907	1.04933	1.04885	1.04916	706
2025-02-17 07:00:00	1.04917	1.04953	1.04879	1.04883	1875
2025-02-17 07:30:00	1.04881	1.04913	1.04803	1.04824	2285
2025-02-17 08:00:00	1.04825	1.04847	1.04727	1.04744	2998
2025-02-17 08:30:00	1.04743	1.04778	1.04708	1.04743	1970
2025-02-17 09:00:00	1.04743	1.04812	1.04723	1.04786	1454
2025-02-17 09:30:00	1.04784	1.04787	1.04711	1.04741	1637
2025-02-17 10:00:00	1.04739	1.04847	1.04731	1.04833	1729
2025-02-17 10:30:00	1.04832	1.04891	1.04809	1.04888	2295
2025-02-17 11:00:00	1.04888	1.0489	1.04822	1.04827	3967
2025-02-17 11:30:00	1.04826	1.04831	1.04777	1.04818	1098
2025-02-17 12:00:00	1.04819	1.04848	1.04759	1.04762	1302
2025-02-17 12:30:00	1.04762	1.04767	1.04683	1.04721	2266
2025-02-17 13:00:00	1.04723	1.04741	1.04667	1.04684	1995
2025-02-17 13:30:00	1.04687	1.04763	1.04684	1.04741	1392
2025-02-17 14:00:00	1.04742	1.0478	1.04712	1.04736	1087
2025-02-17 14:30:00	1.04733	1.04793	1.04713	1.04782	1397
2025-02-17 15:00:00	1.04783	1.04841	1.04775	1.04804	981
2025-02-17 15:30:00	1.04806	1.04829	1.04739	1.04796	1582
2025-02-17 16:00:00	1.04796	1.04822	1.04767	1.04816	1292
2025-02-17 16:30:00	1.04816	1.0483	1.04771	1.04786	565
2025-02-17 17:00:00	1.04788	1.04847	1.04778	1.04838	742
2025-02-17 17:30:00	1.04835	1.04843	1.04805	1.04824	299
2025-02-17 18:00:00	1.04825	1.04825	1.04795	1.04811	211
2025-02-17 18:30:00	1.04807	1.04821	1.04791	1.04819	85
2025-02-17 19:00:00	1.0482	1.04837	1.04808	1.0483	326
2025-02-17 19:30:00	1.04828	1.04831	1.04794	1.04815	295
2025-02-17 20:00:00	1.04815	1.04825	1.04805	1.04812	580
2025-02-17 20:30:00	1.04811	1.04836	1.04811	1.04831	306
2025-02-17 21:00:00	1.04833	1.04838	1.04824	1.04833	522
2025-02-17 21:30:00	1.04832	1.04849	1.04827	1.0484	217
2025-02-17 22:00:00	1.04835	1.04835	1.04698	1.04797	681
2025-02-17 22:30:00	1.04799	1.04836	1.0478	1.04795	586
2025-02-17 23:00:00	1.04805	1.04835	1.0477	1.04786	667
2025-02-17 23:30:00	1.04786	1.04856	1.04786	1.04848	115
2025-02-18 00:00:00	1.04847	1.04862	1.0479	1.04801	961
2025-02-18 00:30:00	1.04803	1.04808	1.04726	1.0475	633
2025-02-18 01:00:00	1.04749	1.04753	1.04639	1.04645	1468
2025-02-18 01:30:00	1.04645	1.04674	1.04624	1.04659	1860
2025-02-18 02:00:00	1.04659	1.04696	1.04653	1.04671	2734
2025-02-18 02:30:00	1.0467	1.04705	1.04664	1.04673	1791
2025-02-18 03:00:00	1.04672	1.04695	1.04638	1.04666	1148
2025-02-18 03:30:00	1.04666	1.04723	1.04619	1.0463	883
2025-02-18 04:00:00	1.04628	1.04638	1.04588	1.04591	487
2025-02-18 04:30:00	1.04593	1.04601	1.04552	1.0457	1584
2025-02-18 05:00:00	1.0457	1.0459	1.04545	1.04546	645
2025-02-18 05:30:00	1.04548	1.0456	1.04521	1.0455	477
2025-02-18 06:00:00	1.04549	1.04599	1.04547	1.04583	630
2025-02-18 06:30:00	1.04584	1.04632	1.04546	1.0461	1655
2025-02-18 07:00:00	1.04611	1.04684	1.04603	1.04607	4147
2025-02-18 07:30:00	1.04608	1.04691	1.04583	1.04635	1553
2025-02-18 08:00:00	1.04634	1.04675	1.04547	1.04657	1440
2025-02-18 08:30:00	1.0466	1.04691	1.0455	1.04568	871
2025-02-18 09:00:00	1.04568	1.04601	1.04555	1.04581	982
2025-02-18 09:30:00	1.04579	1.0465	1.0456	1.04635	1319
2025-02-18 10:00:00	1.04635	1.0467	1.04601	1.04604	2273
2025-02-18 10:30:00	1.04603	1.04645	1.04588	1.0462	2418
2025-02-18 11:00:00	1.0462	1.04649	1.04611	1.04637	567
2025-02-18 11:30:00	1.04637	1.04647	1.04615	1.04626	1114
2025-02-18 12:00:00	1.04628	1.04669	1.04528	1.04538	2007
2025-02-18 12:30:00	1.04537	1.04601	1.04536	1.04552	2174
2025-02-18 13:00:00	1.04551	1.04566	1.04456	1.04492	3286
2025-02-18 13:30:00	1.04493	1.04522	1.04415	1.04446	2207
2025-02-18 14:00:00	1.04446	1.04548	1.04414	1.04522	1491
2025-02-18 14:30:00	1.04522	1.0454	1.04451	1.04523	2408
2025-02-18 15:00:00	1.04524	1.04598	1.04522	1.04563	2889
2025-02-18 15:30:00	1.04561	1.04669	1.04513	1.04662	4081
2025-02-18 16:00:00	1.04662	1.04692	1.04606	1.04626	2673
2025-02-18 16:30:00	1.04627	1.04642	1.04539	1.04566	1237
2025-02-18 17:00:00	1.04566	1.04566	1.04438	1.04475	1258
2025-02-18 17:30:00	1.04474	1.04486	1.0439	1.04457	2585
2025-02-18 18:00:00	1.04457	1.04478	1.0435	1.0439	2179
2025-02-18 18:30:00	1.04392	1.0444	1.04365	1.04439	1748
2025-02-18 19:00:00	1.04438	1.04469	1.04403	1.04466	714
2025-02-18 19:30:00	1.04464	1.04496	1.04437	1.04451	679
2025-02-18 20:00:00	1.04449	1.0447	1.0441	1.04427	840
2025-02-18 20:30:00	1.04431	1.04476	1.04428	1.04475	1032
2025-02-18 21:00:00	1.04475	1.04492	1.04444	1.04459	1082
2025-02-18 21:30:00	1.04458	1.04468	1.04444	1.04459	1592
2025-02-18 22:00:00	1.04453	1.0448	1.04442	1.0448	1775
2025-02-18 22:30:00	1.0448	1.04517	1.04468	1.04505	727
2025-02-18 23:00:00	1.04509	1.04509	1.04447	1.04461	633
2025-02-18 23:30:00	1.04461	1.04489	1.04461	1.04479	253
2025-02-19 00:00:00	1.0448	1.04493	1.04435	1.04489	930
2025-02-19 00:30:00	1.04487	1.04488	1.0445	1.04456	731
2025-02-19 01:00:00	1.04458	1.04479	1.04414	1.0446	1251
2025-02-19 01:30:00	1.04459	1.0447	1.04409	1.04463	1363
2025-02-19 02:00:00	1.04462	1.04499	1.04446	1.04491	657
2025-02-19 02:30:00	1.04491	1.04521	1.04487	1.04516	974
2025-02-19 03:00:00	1.04517	1.04517	1.04476	1.04485	1420
2025-02-19 03:30:00	1.04488	1.0452	1.04478	1.0451	1222
2025-02-19 04:00:00	1.0451	1.0453	1.04494	1.04503	378
2025-02-19 04:30:00	1.04503	1.04526	1.0448	1.04523	913
2025-02-19 05:00:00	1.04522	1.04527	1.04487	1.04499	825
2025-02-19 05:30:00	1.04501	1.04562	1045	1.04561	728
2025-02-19 06:00:00	1.0456	1.04608	1.04553	1.04605	2559
2025-02-19 06:30:00	1.04605	1.04613	1.04542	1.04549	1528
2025-02-19 07:00:00	1.04551	1.04593	1.0452	1.04529	1459
2025-02-19 07:30:00	1.04529	1.04572	1.04486	1.04511	1691
2025-02-19 08:00:00	1.04514	1.0456	1.04476	1.04486	2460
2025-02-19 08:30:00	1.04486	1.04539	1.04385	1.04404	1358
2025-02-19 09:00:00	1.04403	1.04436	1.04348	1.04412	2008
2025-02-19 09:30:00	1.0441	1.04428	1.04281	1.04287	2590
2025-02-19 10:00:00	1.04288	1.04296	1.04239	1.04261	1909
2025-02-19 10:30:00	1.04262	1.04282	1.04188	1.04237	1577
2025-02-19 11:00:00	1.04239	1.0433	1.04218	1.04263	3435
2025-02-19 11:30:00	1.04263	1.04278	1.04199	1.04244	4389
2025-02-19 12:00:00	1.04243	1.04306	1.04216	1.04236	4612
2025-02-19 12:30:00	1.04236	1.04318	1.04228	1.0428	4542
2025-02-19 13:00:00	1.04282	1.04352	1.0425	1.04294	3704
2025-02-19 13:30:00	1.04293	1.0435	1.04269	1.04338	4139
2025-02-19 14:00:00	1.04339	1.04346	1.04275	1.04294	4254
2025-02-19 14:30:00	1.04295	1.04378	1.04273	1.04341	5511
2025-02-19 15:00:00	1.04341	1.04363	1.04298	1.04315	5863
2025-02-19 15:30:00	1.04315	1.04412	1.04215	1.0424	8077
2025-02-19 16:00:00	1.04239	1.04247	1.04057	1.04066	6133
2025-02-19 16:30:00	1.04066	1.04147	1.0404	1.04044	3412
2025-02-19 17:00:00	1.04044	1.04112	1.04009	1.04103	3387
2025-02-19 17:30:00	1.04102	1.0413	1.04056	1.04096	1972
2025-02-19 18:00:00	1.04097	1.04132	1.04083	1.04119	2259
2025-02-19 18:30:00	1.0412	1.04218	1.04119	1.0419	2119
2025-02-19 19:00:00	1.0419	1.04324	1.04177	1.04312	3104
2025-02-19 19:30:00	1.04312	1.04312	1.04224	1.04256	3121
2025-02-19 20:00:00	1.04255	1.04264	1.04211	1.0423	1850
2025-02-19 20:30:00	1.0423	1.04257	1.04207	1.0425	1450
2025-02-19 21:00:00	1.0425	1.04262	1.04237	1.04256	679
2025-02-19 21:30:00	1.04254	1.04255	1.04218	1.0422	572
2025-02-19 22:00:00	1.0422	1.04243	1.04163	1.0424	846
2025-02-19 22:30:00	1.04239	1.04257	1.04228	1.04238	244
2025-02-19 23:00:00	1.04242	1.04254	1.04222	1.04229	735
2025-02-19 23:30:00	1.04227	1.04229	1.04197	1.04206	437
2025-02-20 00:00:00	1.04205	1.04241	1.04195	1.04219	1427
2025-02-20 00:30:00	1.04225	1.04299	1.04198	1.0429	2337
2025-02-20 01:00:00	1.04292	1.04325	1.04258	1.04262	2929
2025-02-20 01:30:00	1.04261	1.04265	1.04185	1.04212	3077
2025-02-20 02:00:00	1.04212	1.04292	1042	1.04245	4384
2025-02-20 02:30:00	1.04244	1.04375	1.04221	1.04354	6825
2025-02-20 03:00:00	1.04355	1.0436	1.04266	1.0428	5598
2025-02-20 03:30:00	1.04281	1.0434	1.04272	1.04311	3300
2025-02-20 04:00:00	1.04309	1.04316	1.04262	1.04263	2961
2025-02-20 04:30:00	1.04263	1.04308	1.0424	1.04302	2338
2025-02-20 05:00:00	1043	1.0434	1.0429	1.04312	2233
2025-02-20 05:30:00	1.04313	1.04313	1.04267	1.04276	3545
2025-02-20 06:00:00	1.04276	1.04343	1.04267	1.04322	3560
2025-02-20 06:30:00	1.04323	1.04331	1.04242	1.04247	2793
2025-02-20 07:00:00	1.04254	1.04315	1.04233	1.04286	4621
2025-02-20 07:30:00	1.04285	1.04332	1.04264	1.04313	1915
2025-02-20 08:00:00	1.04313	1.04409	1.04313	1.04392	3577
2025-02-20 08:30:00	1.04392	1.04418	1.04292	1.04333	4537
2025-02-20 09:00:00	1.04332	1.04382	1.04299	1.04328	3519
2025-02-20 09:30:00	1.04329	1.04378	1.04284	1.04369	3027
2025-02-20 10:00:00	1.04369	1.04426	1.04341	1.04417	3066
2025-02-20 10:30:00	1.04419	1.04439	1.04383	1.04421	3246
2025-02-20 11:00:00	1.04424	1.04461	1.04394	1.04394	2548
2025-02-20 11:30:00	1.04394	1.04397	1.04307	1.04383	2780
2025-02-20 12:00:00	1.04384	1.04436	1.04332	1.04346	3804
2025-02-20 12:30:00	1.04347	1.04404	1.04331	1.04356	4172
2025-02-20 13:00:00	1.04356	1.04517	1.04349	1.04502	4461
2025-02-20 13:30:00	1.04508	1.04546	1.04433	1.04479	6705
2025-02-20 14:00:00	1.0448	1.04544	1.04419	1.04543	5361
2025-02-20 14:30:00	1.04544	1.04605	1.04449	1.04464	5621
2025-02-20 15:00:00	1.04462	1.04663	1.04417	1.04662	6272
2025-02-20 15:30:00	1.04661	1.04752	1.04619	1.04739	5502
2025-02-20 16:00:00	1.04736	1.04743	1.0464	1.04664	5091
2025-02-20 16:30:00	1.04667	1.04781	1.04667	1.04748	3166
2025-02-20 17:00:00	1.04747	1.04888	1.04709	1.04862	3113
2025-02-20 17:30:00	1.04862	1.04946	1.04859	1.04891	2909
2025-02-20 18:00:00	1.04889	1.04962	1.04852	1.04908	2602
2025-02-20 18:30:00	1.04907	1.04985	1.04906	1.04977	2478
2025-02-20 19:00:00	1.0498	1.0498	1.04891	1.04928	2502
2025-02-20 19:30:00	1.04929	1.05031	1.04921	1.05014	2093
2025-02-20 20:00:00	1.05015	1.05015	1.04951	1.04979	2133
2025-02-20 20:30:00	1.0498	1.05032	1.04968	1.05027	1908
2025-02-20 21:00:00	1.05026	1.05033	1.05001	1.05027	1048
2025-02-20 21:30:00	1.05026	1.05032	1.05001	1.05002	1408
2025-02-20 22:00:00	1.05001	1.05007	1.0496	1.04968	444
2025-02-20 22:30:00	1.04971	1.04997	1.04968	1.04977	946
2025-02-20 23:00:00	1.04976	1.05044	1.04975	1.05037	763
2025-02-20 23:30:00	1.0504	1.05054	1.04997	1.05001	862
2025-02-21 00:00:00	1.04999	1.05001	1.04927	1.04938	1372
2025-02-21 00:30:00	1.04938	1.04948	1.0489	1.04898	1525
2025-02-21 01:00:00	1.04899	1.0493	1.04866	1.04876	3204
2025-02-21 01:30:00	1.04877	1.04887	1.04843	1.04866	2117
2025-02-21 02:00:00	1.04866	1.04992	1.04862	1.04937	3037
2025-02-21 02:30:00	1.04936	1.0503	1.04927	1.05026	3202
2025-02-21 03:00:00	1.05027	1.05037	1.04993	1.05034	2300
2025-02-21 03:30:00	1.05035	1.05045	1.05001	1.05023	1789
2025-02-21 04:00:00	1.05023	1.05047	1.05011	1.05035	1724
2025-02-21 04:30:00	1.05039	1.05044	1.0497	1.04988	1412
2025-02-21 05:00:00	1.04988	1.05005	1.04945	1.04963	2404
2025-02-21 05:30:00	1.04964	1.04972	1.04914	1.04929	2309
2025-02-21 06:00:00	1.04928	1.0494	1.04876	1.04901	2568
2025-02-21 06:30:00	1049	1.04936	1.04878	1.04884	2274
2025-02-21 07:00:00	1.04885	1.04979	1.04885	1.04972	3351
2025-02-21 07:30:00	1.04973	1.04994	1.04914	1.04919	3875
2025-02-21 08:00:00	1.0492	1.04939	1.04677	1.04709	6678
2025-02-21 08:30:00	1.04718	1.04869	1.04711	1.04762	5671
2025-02-21 09:00:00	1.04766	1.0481	1.04692	1.04725	4061
2025-02-21 09:30:00	1.04723	1.0478	1.04665	1.04691	3504
2025-02-21 10:00:00	1.0469	1.0472	1.04656	1.0471	3360
2025-02-21 10:30:00	1.04707	1.04715	1.04645	1.04651	2954
2025-02-21 11:00:00	1.04651	1.04697	1.04629	1.0469	3403
2025-02-21 11:30:00	1.04691	1.04739	1.04683	1.0469	2471
2025-02-21 12:00:00	1.0469	1.04709	1.04592	1.04685	3574
2025-02-21 12:30:00	1.04684	1.04701	1.04596	1.04619	3397
2025-02-21 13:00:00	1.04616	1.04681	1.04612	1.04674	2782
2025-02-21 13:30:00	1.04674	1.04779	1.04667	1.04749	4269
2025-02-21 14:00:00	1.04749	1048	1.04715	1.0477	4697
2025-02-21 14:30:00	1.0477	1.04923	1.04699	1.04807	7204
2025-02-21 15:00:00	1.04807	1.04859	1.04543	1.04546	8760
2025-02-21 15:30:00	1.04545	1.04612	1.04525	1.04539	6516
2025-02-21 16:00:00	1.04538	1.04576	1.04492	1.04511	5283
2025-02-21 16:30:00	1.0451	1.04569	1.04494	1.04544	4516
2025-02-21 17:00:00	1.04549	1.04587	1.04518	1.04583	3332
2025-02-21 17:30:00	1.04583	1.04643	1.04554	1.04629	3796
2025-02-21 18:00:00	1.04627	1.04678	1.0455	1.04569	4620
2025-02-21 18:30:00	1.0457	1.0462	1.04506	1.04596	4130
2025-02-21 19:00:00	1.04596	1.04656	1.0457	1.0464	3199
2025-02-21 19:30:00	1.04639	1.04663	1.04602	1.0462	3263
2025-02-21 20:00:00	1.04619	1.04643	1.04607	1.04612	2850
2025-02-21 20:30:00	1.04614	1.04627	1.04572	1.04605	2217
2025-02-21 21:00:00	1.04605	1.04619	1.04585	1.04594	1544
2025-02-21 21:30:00	1.04593	1.04607	1.0455	1.0457	1662
2025-02-23 22:00:00	1.04706	1.04706	1.04618	1.04636	1041
2025-02-23 22:30:00	1.04636	1.0481	1.04636	1.04727	2864
2025-02-23 23:00:00	1.04727	1.04846	1.04705	1.04795	1648
2025-02-23 23:30:00	1.04796	1.04817	1.0473	1.04736	1261
2025-02-24 00:00:00	1.04738	1.04985	1.04716	1.04967	2289
2025-02-24 00:30:00	1.04968	1.05071	1.04904	1.0504	2907
2025-02-24 01:00:00	1.05041	1.05123	1.05027	1.05078	5162
2025-02-24 01:30:00	1.05079	1.05208	1.05021	1.05178	5089
2025-02-24 02:00:00	1.05179	1.05239	1.05154	1.05192	5827
2025-02-24 02:30:00	1.05192	1.05282	1.05191	1.05227	4815
2025-02-24 03:00:00	1.05228	1.05254	1.05185	1.05188	3089
2025-02-24 03:30:00	1.05188	1.05216	1.05162	1.05192	2682
2025-02-24 04:00:00	1.05194	1.05206	1.05122	1.05126	2433
2025-02-24 04:30:00	1.05129	1.05158	1.0511	1.05154	1836
2025-02-24 05:00:00	1.05152	1.05158	1.05098	1.0515	3217
2025-02-24 05:30:00	1.0515	1.05196	1.05125	1.05163	2531
2025-02-24 06:00:00	1.05162	1.05162	1.05079	1.05099	3827
2025-02-24 06:30:00	1.05101	1.05113	1.05009	1.05087	2473
2025-02-24 07:00:00	1.05088	1.05147	1.05029	1.05042	4227
2025-02-24 07:30:00	1.05044	1.05078	1.04865	1.04909	4735
2025-02-24 08:00:00	1.04912	1.04925	1.04695	1.0478	5951
2025-02-24 08:30:00	1.0478	1.04849	1.04748	1.04795	4347
2025-02-24 09:00:00	1.04794	1.04846	1.04728	1.04745	3794
2025-02-24 09:30:00	1.04745	1.04763	1.04686	1.04717	3226
2025-02-24 10:00:00	1.04716	1.04746	1.04668	1.04698	3742
2025-02-24 10:30:00	1.04699	1.04805	1.04684	1.04801	2714
2025-02-24 11:00:00	1.04802	1.04811	1.04677	1.04694	2472
2025-02-24 11:30:00	1.04691	1.04716	1.04637	1.04683	2240
2025-02-24 12:00:00	1.04683	1.04724	1.04645	1.04645	2744
2025-02-24 12:30:00	1.04645	1.04691	1.04599	1.04687	3152
2025-02-24 13:00:00	1.04688	1.04738	1.04647	1.04709	3183
2025-02-24 13:30:00	1.04709	1.04753	1.04646	1.04667	3812
2025-02-24 14:00:00	1.04668	1.04695	1.04614	1.04655	3750
2025-02-24 14:30:00	1.04658	1.0466	1.04527	1.04603	6284
2025-02-24 15:00:00	1.04603	1.04704	1.04599	1.04668	6040
2025-02-24 15:30:00	1.04668	1.04694	1.04607	1.04689	6929
2025-02-24 16:00:00	1.04688	1.0472	1.04655	1.04699	5478
2025-02-24 16:30:00	1047	1.04799	1.04698	1.04775	4377
2025-02-24 17:00:00	1.04777	1.0479	1.04679	1.04766	3654
2025-02-24 17:30:00	1.04768	1.04835	1.04712	1.04723	3648
2025-02-24 18:00:00	1.04721	1.04856	1.04704	1.04848	2720
2025-02-24 18:30:00	1.04848	1.04851	1.04779	1.04803	1997
2025-02-24 19:00:00	1.04804	1.04839	1.0474	1.04759	2119
2025-02-24 19:30:00	1.04758	1.04818	1.04725	1.04749	3356
2025-02-24 20:00:00	1.0475	1.04792	1.04683	1.04719	3933
2025-02-24 20:30:00	1.04719	1.04741	1.04644	1.0465	3227
2025-02-24 21:00:00	1.04651	1.04662	1.04616	1.04639	1964
2025-02-24 21:30:00	1.04638	1.0468	1.04638	1.04671	1400
2025-02-24 22:00:00	1.04671	1.0468	1.04634	1.04664	360
2025-02-24 22:30:00	1.04665	1.04702	1.04651	1.04689	870
2025-02-24 23:00:00	1.04687	1.04687	1.04614	1.04619	585
2025-02-24 23:30:00	1.04619	1.04643	1.04602	1.04611	847
2025-02-25 00:00:00	1.04611	1.04628	1.04596	1.04604	1124
2025-02-25 00:30:00	1.04606	1.04641	1.04601	1.04631	969
2025-02-25 01:00:00	1.04633	1.04656	1.04605	1.04625	2850
2025-02-25 01:30:00	1.04626	1.04654	1.04605	1.04649	3900
2025-02-25 02:00:00	1.04651	1.04704	1.04651	1.04683	3342
2025-02-25 02:30:00	1.04683	1.04747	1.04681	1.04743	3874
2025-02-25 03:00:00	1.04744	1.04761	1.04712	1.04725	3139
2025-02-25 03:30:00	1.04725	1.04748	1.04721	1.0473	2183
2025-02-25 04:00:00	1.04731	1.04771	1.04725	1.04762	2037
2025-02-25 04:30:00	1.04763	1.04767	1.04723	1.0473	1936
2025-02-25 05:00:00	1.04731	1.04749	1.04722	1.04745	1434
2025-02-25 05:30:00	1.04744	1.0478	1.04733	1.04767	2146
2025-02-25 06:00:00	1.04767	1.04799	1.0475	1.0478	1826
2025-02-25 06:30:00	1.04779	1.04787	1.04724	1.04767	2705
2025-02-25 07:00:00	1.04767	1.04774	1.04666	1.04729	3481
2025-02-25 07:30:00	1.04729	1.0473	1.04633	1.0464	4855
2025-02-25 08:00:00	1.04642	1.04787	1.0456	1.04673	6659
2025-02-25 08:30:00	1.04673	1.04719	1.04586	1047	4256
2025-02-25 09:00:00	1.04702	1.04784	1.04687	1.04737	5328
2025-02-25 09:30:00	1.04737	1.0475	1.04683	1.04729	4383
2025-02-25 10:00:00	1.04729	1.04739	1.04651	1.04689	4063
2025-02-25 10:30:00	1.0469	1.04734	1.04678	1.04725	3963
2025-02-25 11:00:00	1.04724	1.04793	1.04714	1.04774	2806
2025-02-25 11:30:00	1.04774	1.04896	1.04766	1.04891	3307
2025-02-25 12:00:00	1.04893	1.04999	1.04888	1.04963	5428
2025-02-25 12:30:00	1.04962	1.04998	1.04882	1.04934	5719
2025-02-25 13:00:00	1.04934	1.04996	1.04933	1.0499	5414
2025-02-25 13:30:00	1.0499	1.05096	1.04982	1.04999	5524
2025-02-25 14:00:00	1.05	1.05047	1.04918	1.0504	4819
2025-02-25 14:30:00	1.05039	1.05047	1.04975	1.05023	4619
2025-02-25 15:00:00	1.05027	1.05191	1.05015	1.05174	6691
2025-02-25 15:30:00	1.05174	1.05176	1.04949	1.04984	7907
2025-02-25 16:00:00	1.04983	1.05037	1.04944	1.05009	5912
2025-02-25 16:30:00	1.05008	1.05059	1.04957	1.04975	4986
2025-02-25 17:00:00	1.04975	1.04975	1.04837	1.0493	4352
2025-02-25 17:30:00	1.0493	1.05021	1.04912	1.0502	2309
2025-02-25 18:00:00	1.0502	1.0509	1.0502	1.05034	3073
2025-02-25 18:30:00	1.05034	1.05179	1.05027	1.05083	3287
2025-02-25 19:00:00	1.05082	1.05126	1.05044	1.05064	2727
2025-02-25 19:30:00	1.05062	1.05114	1.05053	1.05104	2381
2025-02-25 20:00:00	1.05103	1.05188	1.0509	1.05164	2314
2025-02-25 20:30:00	1.05165	1.05174	1.05108	1.05162	2160
2025-02-25 21:00:00	1.05161	1.05174	1.05138	1.05172	896
2025-02-25 21:30:00	1.05171	1.05175	1.05123	1.05124	1488
2025-02-25 22:00:00	1.05116	1.05137	1.05106	1.05134	477
2025-02-25 22:30:00	1.05134	1.05141	1.05116	1.05122	669
2025-02-25 23:00:00	1.05136	1.05203	1.05119	1052	2145
2025-02-25 23:30:00	1052	1.05227	1.05194	1.05204	1059
2025-02-26 00:00:00	1.05205	1.0525	1.05195	1.05243	1259
2025-02-26 00:30:00	1.05243	1.05243	1.05211	1.05227	1601
2025-02-26 01:00:00	1.05226	1.05235	1.0517	1.05214	2678
2025-02-26 01:30:00	1.05214	1.05214	1.05138	1.0515	3209
2025-02-26 02:00:00	1.05151	1.05167	1.05073	1.05077	2906
2025-02-26 02:30:00	1.05075	1.05094	1.0504	1.05061	4259
2025-02-26 03:00:00	1.05062	1.05085	1.05011	1.05029	2953
2025-02-26 03:30:00	1.0503	1.05055	1.0502	1.05043	2211
2025-02-26 04:00:00	1.05043	1.05049	1.05001	1.05034	1457
2025-02-26 04:30:00	1.05033	1.05054	1.04966	1.04971	1755
2025-02-26 05:00:00	1.0497	1.04979	1.04928	1.04958	2378
2025-02-26 05:30:00	1.0496	1.04961	1.04903	1.04912	3235
2025-02-26 06:00:00	1.04913	1.04933	1.04868	1.04881	3088
2025-02-26 06:30:00	1.04882	1.04962	1.04881	1.04942	3866
2025-02-26 07:00:00	1.04943	1.05013	1.04935	1.04975	3976
2025-02-26 07:30:00	1.04972	1.05	1.04923	1.04938	4446
2025-02-26 08:00:00	1.04938	1.05105	1.04913	1.0509	5716
2025-02-26 08:30:00	1.05093	1.05113	1.04937	1.05024	5731
2025-02-26 09:00:00	1.05024	1.0503	1.04947	1.04959	4822
2025-02-26 09:30:00	1.04958	1.05004	1.04948	1.04968	4388
2025-02-26 10:00:00	1.04968	1.05007	1.04918	1.0493	4279
2025-02-26 10:30:00	1.04929	1.05005	1.0491	1.04976	3919
2025-02-26 11:00:00	1.04975	1.0502	1.04911	1.04943	3481
2025-02-26 11:30:00	1.04945	1.04954	1.04865	1.04914	3114
2025-02-26 12:00:00	1.04914	1.04947	1.04855	1.04892	3896
2025-02-26 12:30:00	1.04891	1.04929	1.04747	1.04765	4842
2025-02-26 13:00:00	1.04765	1.04944	1.04763	1.04916	5097
2025-02-26 13:30:00	1.04917	1.04919	1.04813	1.04839	4704
2025-02-26 14:00:00	1.0484	1.04894	1.0482	1.04892	4894
2025-02-26 14:30:00	1.04894	1.04924	1.04875	1.04895	5946
2025-02-26 15:00:00	1.04895	1.04956	1.04791	1.04952	6761
2025-02-26 15:30:00	1.04952	1.0509	1.04934	1.05058	8111
2025-02-26 16:00:00	1.05061	1.05153	1.05017	1.05088	6442
2025-02-26 16:30:00	1.05089	1.05146	1.05065	1.05135	5277
2025-02-26 17:00:00	1.05133	1.05242	1.05056	1.05233	8107
2025-02-26 17:30:00	1.0523	1.05287	1.0483	1.04921	11660
2025-02-26 18:00:00	1.04922	1.05002	1.04906	1.04972	8927
2025-02-26 18:30:00	1.04972	1.04996	1.04848	1.04879	5857
2025-02-26 19:00:00	1.0488	1.04883	1.04819	1.0486	5096
2025-02-26 19:30:00	1.04859	1.04932	1.04856	1.04908	3634
2025-02-26 20:00:00	1.04908	1.04909	1.04806	1.04834	3328
2025-02-26 20:30:00	1.04833	1.04877	1.0483	1.0486	2081
2025-02-26 21:00:00	1.0486	1.04878	1.04796	1.04798	1922
2025-02-26 21:30:00	1.04799	1.04848	1.04784	1.04844	915
2025-02-26 22:00:00	1.04843	1.04852	1.04782	1.04851	1014
2025-02-26 22:30:00	1.0485	1.04873	1.0485	1.04865	557
2025-02-26 23:00:00	1.04869	1.04922	1.04856	1.04921	945
2025-02-26 23:30:00	1.0492	1.04922	1.04873	1.04876	471
2025-02-27 00:00:00	1.04877	1.04878	1048	1.04842	1845
2025-02-27 00:30:00	1.04842	1.04856	1.04766	1.04771	2055
2025-02-27 01:00:00	1.04773	1.04789	1.04726	1.04765	3009
2025-02-27 01:30:00	1.04767	1.04831	1.04765	1.0478	2897
2025-02-27 02:00:00	1.04782	1.04804	1.04723	1.0473	4458
2025-02-27 02:30:00	1.04729	1.04757	1.04701	1.04707	3845
2025-02-27 03:00:00	1.0471	1.04741	1.04707	1.0474	2424
2025-02-27 03:30:00	1.04741	1.04743	1.04647	1.04656	2458
2025-02-27 04:00:00	1.04656	1.04694	1.04639	1.04655	2757
2025-02-27 04:30:00	1.04653	1.04657	1.04589	1.04626	3100
2025-02-27 05:00:00	1.04628	1.0465	1.04617	1.0462	2498
2025-02-27 05:30:00	1.0462	1.04653	1.04613	1.04649	2562
2025-02-27 06:00:00	1.04648	1.0468	1.04639	1.04671	2838
2025-02-27 06:30:00	1.04669	1.04729	1.04661	1.04715	3025
2025-02-27 07:00:00	1.04716	1.04737	1.04683	1.04733	3172
2025-02-27 07:30:00	1.04733	1048	1.04714	1.0475	2956
2025-02-27 08:00:00	1.04752	1.04802	1.04702	1.0471	5330
2025-02-27 08:30:00	1.04709	1.04783	1.04702	1.04782	4511
2025-02-27 09:00:00	1.04784	1.0482	1.0475	1.04776	4163
2025-02-27 09:30:00	1.04777	1.04851	1.04758	1.04841	2904
2025-02-27 10:00:00	1.0484	1.04842	1.0474	1.04751	3668
2025-02-27 10:30:00	1.04748	1.04815	1.04737	1.04814	3061
2025-02-27 11:00:00	1.04814	1.04871	1.04767	1.04774	3313
2025-02-27 11:30:00	1.04775	1.04824	1.04757	1.04757	3517
2025-02-27 12:00:00	1.04756	1.04805	1.04729	1.04775	4000
2025-02-27 12:30:00	1.04774	1.04839	1.04755	1.04763	5535
2025-02-27 13:00:00	1.04763	1.04807	1.04736	1.04791	5093
2025-02-27 13:30:00	1.04819	1.04893	1.0419	1.04232	14423
2025-02-27 14:00:00	1.04231	1.04416	1.04204	1.04359	8525
2025-02-27 14:30:00	1.04361	1.0437	1.04139	1.04198	8331
2025-02-27 15:00:00	1.04197	1.04276	1.04107	1.04203	10066
2025-02-27 15:30:00	1.04203	1.04219	1.04093	1.04148	9146
2025-02-27 16:00:00	1.04149	1.04155	1.04032	1.04065	8410
2025-02-27 16:30:00	1.04065	1.0416	1.04031	1.04134	6834
2025-02-27 17:00:00	1.04136	1.04179	1.04106	1.04109	3872
2025-02-27 17:30:00	1.04109	1.04115	1.04001	1.04071	4524
2025-02-27 18:00:00	1.04072	1.04156	1.04072	1.04141	3149
2025-02-27 18:30:00	1.04141	1.04174	1.04119	1.04171	2526
2025-02-27 19:00:00	1.04171	1.04176	1.04099	1.04099	2624
2025-02-27 19:30:00	1041	1041	1.04031	1.04042	4134
2025-02-27 20:00:00	1.04043	1.04082	1.04019	1.04029	2570
2025-02-27 20:30:00	1.04027	1.04062	1.04013	1.04051	2418
2025-02-27 21:00:00	1.0405	1.04052	1.03977	1.03979	1416
2025-02-27 21:30:00	1.03978	1.03996	1.03966	1.03978	1856
2025-02-27 22:00:00	1.03974	1.0399	1.03959	1.03967	108
2025-02-27 22:30:00	1.03967	1.03967	1.03882	1.0394	1135
2025-02-27 23:00:00	1.03941	1.04001	1.03921	1.03986	870
2025-02-27 23:30:00	1.03987	1.03987	1.03932	1.03936	895
2025-02-28 00:00:00	1.03936	1.04016	1.03936	1.03996	2324
2025-02-28 00:30:00	1.03994	1.04027	1.03978	1.04023	2134
2025-02-28 01:00:00	1.04024	1.04042	1.03974	1.03979	3400
2025-02-28 01:30:00	1.0398	1.0398	1.03843	1.03848	5650
2025-02-28 02:00:00	1.03848	1.03915	1.03802	1.03894	3557
2025-02-28 02:30:00	1.03892	1.03904	1.03821	1.03822	3578
2025-02-28 03:00:00	1.03823	1.03883	1.03811	1.03878	2319
2025-02-28 03:30:00	1.03883	1.03894	1.0386	1.03882	2910
2025-02-28 04:00:00	1.03882	1.03899	1.03871	1.03888	1813
2025-02-28 04:30:00	1.03888	1.03907	1.03859	1.03864	1721
2025-02-28 05:00:00	1.03866	1.0389	1.03841	1.03884	2763
2025-02-28 05:30:00	1.03882	1039	1.03857	1.03886	2278
2025-02-28 06:00:00	1.03885	1.0389	1.03828	1.03835	3384
2025-02-28 06:30:00	1.03835	1.03876	1.03825	1.03874	3159
2025-02-28 07:00:00	1.03873	1.0391	1.0386	1.03878	3924
2025-02-28 07:30:00	1.03879	1.04005	1.03854	1.03959	5198
2025-02-28 08:00:00	1.03959	1.04016	1.03949	1.03978	5046
2025-02-28 08:30:00	1.03977	1.04042	1.03971	1.04009	4229
2025-02-28 09:00:00	1.04014	1.04078	1.03993	1.04017	4588
2025-02-28 09:30:00	1.04019	1.04022	1.03943	1.03952	3823
2025-02-28 10:00:00	1.03951	1.03968	1.03922	1.03933	2921
2025-02-28 10:30:00	1.03934	1.04058	1.03933	1.03992	3319
2025-02-28 11:00:00	1.03992	1.04011	1.03938	1.03958	3228
2025-02-28 11:30:00	1.03957	1.03991	1.03933	1.03986	3284
2025-02-28 12:00:00	1.03985	1.04061	1.03977	1.04049	3755
2025-02-28 12:30:00	1.04048	1.04078	1.04035	1.04067	2309
2025-02-28 13:00:00	1.04066	1.04161	1.04065	1.04108	5480
2025-02-28 13:30:00	1.04107	1.04151	1.04052	1.04066	6597
2025-02-28 14:00:00	1.04071	1.04141	1.04025	1.04103	5507
2025-02-28 14:30:00	1.04102	1.04122	1.04007	1.04098	5589
2025-02-28 15:00:00	1.04099	1.04191	1.0408	1.04168	5732
2025-02-28 15:30:00	1.04169	1.04198	1.03932	1.03998	9143
2025-02-28 16:00:00	1.03998	1.04114	1.03984	1.04001	7870
2025-02-28 16:30:00	1.04001	1.04106	1.03979	1.04013	6593
2025-02-28 17:00:00	1.04014	1.04099	1.03898	1.04048	6121
2025-02-28 17:30:00	1.04048	1.04053	1.03955	1.03963	5294
2025-02-28 18:00:00	1.03962	1.0398	1.03633	1.03724	9872
2025-02-28 18:30:00	1.03725	1.03824	1.03625	1.03634	6949
2025-02-28 19:00:00	1.03634	1.03702	1.03597	1.03678	4619
2025-02-28 19:30:00	1.03679	1.03736	1.03658	1.03677	3617
2025-02-28 20:00:00	1.03676	1.03688	1.03647	1.03657	2828
2025-02-28 20:30:00	1.03656	1.03769	1.0362	1.03747	4929
2025-02-28 21:00:00	1.03746	1.03767	1.03681	1.03747	2541
2025-02-28 21:30:00	1.03746	1.03758	1.0372	1.03747	2535
2025-03-02 22:00:00	1.04032	1.04042	1.03992	1.04018	986
2025-03-02 22:30:00	1.04017	1.0404	1.04014	1.04032	484
2025-03-02 23:00:00	1.04033	1.04208	1.03997	1.04152	4176
2025-03-02 23:30:00	1.04153	1.04208	1.04117	1.04119	3047
2025-03-03 00:00:00	1.04119	1.04199	1.04021	1.04158	4343
2025-03-03 00:30:00	1.04163	1.04184	1.04087	1.04091	3919
2025-03-03 01:00:00	1.04092	1.04225	1.04074	1.04195	4960
2025-03-03 01:30:00	1.04199	1.04228	1.04166	1.04195	3713
2025-03-03 02:00:00	1.04195	1.04229	1.0416	1.04165	2868
2025-03-03 02:30:00	1.04162	1.04231	1.04147	1.04197	2134
2025-03-03 03:00:00	1.04196	1.04198	1.04099	1.04134	3417
2025-03-03 03:30:00	1.04134	1.04183	1.04129	1.04168	2353
2025-03-03 04:00:00	1.04167	1042	1.04165	1.04197	2032
2025-03-03 04:30:00	1.04197	1.04203	1.04177	1.04177	2186
2025-03-03 05:00:00	1.04175	1.04193	1.04141	1.04172	3782
2025-03-03 05:30:00	1.04172	1.04192	1.04123	1.04142	1960
2025-03-03 06:00:00	1.04141	1.04162	1.0412	1.04142	2934
2025-03-03 06:30:00	1.04142	1.04156	1.04065	1.04081	2978
2025-03-03 07:00:00	1.04081	1.04087	1.04018	1.04052	4840
2025-03-03 07:30:00	1.04052	1041	1.04018	1.04054	3816
2025-03-03 08:00:00	1.04053	1.04065	1.03926	1.03963	6786
2025-03-03 08:30:00	1.03963	1.0402	1.03883	1.04009	6281
2025-03-03 09:00:00	1.04015	1.04181	1.04012	1.04117	4257
2025-03-03 09:30:00	1.04117	1.04288	1.04095	1.04269	3676
2025-03-03 10:00:00	1.0427	1.04441	1.0427	1.04393	6535
2025-03-03 10:30:00	1.04394	1.0443	1.0439	1.04418	424
2025-03-03 11:00:00	1.04419	1.04512	1.04403	1.04502	4782
2025-03-03 11:30:00	1.04502	1.04579	1.04487	1.04524	6821
2025-03-03 12:00:00	1.04525	1.04686	1.04525	1.04682	6192
2025-03-03 12:30:00	1.04683	1.04759	1.04664	1.04702	4950
2025-03-03 13:00:00	1.04703	1.04725	1.04592	1.04682	6021
2025-03-03 13:30:00	1.04682	1.04762	1.04661	1.04717	5430
2025-03-03 14:00:00	1.04719	1.04845	1.04686	1.04845	5231
2025-03-03 14:30:00	1.04846	1.04906	1.04795	1.04823	6261
2025-03-03 15:00:00	1.04795	1.0502	1.04764	1.0499	7756
2025-03-03 15:30:00	1.0499	1.05036	1.04838	1.04845	8568
2025-03-03 16:00:00	1.04844	1.04994	1.04838	1.04984	5525
2025-03-03 16:30:00	1.04985	1.05011	1.04923	1.0496	4181
2025-03-03 17:00:00	1.04959	1.04967	1.04897	1049	3031
2025-03-03 17:30:00	1049	1.0491	1.04866	1.04902	2385
2025-03-03 18:00:00	1.04904	1.04923	1.04874	1.04879	2980
2025-03-03 18:30:00	1.04879	1.05032	1.04821	1.04868	4927
2025-03-03 19:00:00	1.04867	1.04904	1.04839	1.04888	2902
2025-03-03 19:30:00	1.04889	1.04936	1.04721	1.04728	5999
2025-03-03 20:00:00	1.04727	1.0485	1.04671	1.04733	8948
2025-03-03 20:30:00	1.04733	1.04822	1.04665	1.04819	6958
2025-03-03 21:00:00	1.0482	1.04905	1.04803	1.04899	1663
2025-03-03 21:30:00	1049	1.04925	1.04851	1.04856	2283
2025-03-03 22:00:00	1.04849	1.04882	1.04795	1.04863	1064
2025-03-03 22:30:00	1.04861	1.04874	1.04852	1.04867	410
2025-03-03 23:00:00	1.04865	1.04922	1.04826	1.04913	879
2025-03-03 23:30:00	1.04912	1.04914	1.04763	1.04851	1994
2025-03-04 00:00:00	1.04851	1.04883	1.04773	1.04813	2680
2025-03-04 00:30:00	1.04813	1.04886	1.04764	1.0488	4137
2025-03-04 01:00:00	1.0488	1.04936	1.04823	1.04919	4047
2025-03-04 01:30:00	1.0492	1.04959	1.04856	1.04881	4665
2025-03-04 02:00:00	1.04882	1049	1.04813	1.04839	3218
2025-03-04 02:30:00	1.04839	1.04862	1048	1.04806	5321
2025-03-04 03:00:00	1.04806	1.04837	1.04768	1.04805	4585
2025-03-04 03:30:00	1.04805	1.04809	1.04747	1.04771	3105
2025-03-04 04:00:00	1.0477	1.04798	1.0471	1.04777	4225
2025-03-04 04:30:00	1.04778	1.04803	1.04761	1.04778	2244
2025-03-04 05:00:00	1.04778	1.04832	1.04708	1.0479	4690
2025-03-04 05:30:00	1.04791	1.04862	1.04785	1.04833	3671
2025-03-04 06:00:00	1.04833	1.0489	1.04789	1.0488	2785
2025-03-04 06:30:00	1.04883	1.04894	1.04812	1.04856	2495
2025-03-04 07:00:00	1.0486	1.04944	1.04809	1.04834	5929
2025-03-04 07:30:00	1.04834	1.05003	1.0481	1.04927	6969
2025-03-04 08:00:00	1.04928	1.05169	1.04861	1.05169	7217
2025-03-04 08:30:00	1.05168	1.05238	1.0511	1.05187	7493
2025-03-04 09:00:00	1.05187	1.05225	1.05093	1.05172	5741
2025-03-04 09:30:00	1.05173	1.0527	1.05111	1.05118	6154
2025-03-04 10:00:00	1.05119	1.05133	1.05024	1.05049	5594
2025-03-04 10:30:00	1.05049	1.05194	1.05042	1.05113	3059
2025-03-04 11:00:00	1.05112	1.05208	1.05096	1.0518	2700
2025-03-04 11:30:00	1.05177	1.05443	1.05166	1.05439	5151
2025-03-04 12:00:00	1.0544	1.05502	1.05358	1.05492	6104
2025-03-04 12:30:00	1.05489	1.05569	1.05421	1.05529	4725
2025-03-04 13:00:00	1.05531	1.05596	1.05375	1.05394	7272
2025-03-04 13:30:00	1.05394	1.05432	1.05305	1.05388	6734
2025-03-04 14:00:00	1.05389	1.05483	1.05225	1.05281	7745
2025-03-04 14:30:00	1.05279	1.05319	1.05204	1.05212	8779
2025-03-04 15:00:00	1.05211	1.05262	1.04962	1.05148	9451
2025-03-04 15:30:00	1.0515	1.05279	1.05085	1.05263	7771
2025-03-04 16:00:00	1.0526	1.05394	1.05151	1.05259	7150
2025-03-04 16:30:00	1.05258	1.05369	1.05237	1.05335	7076
2025-03-04 17:00:00	1.05334	1.05407	1.05306	1.05372	5745
2025-03-04 17:30:00	1.05372	1.05439	1.05304	1.05415	6248
2025-03-04 18:00:00	1.05414	1.05733	1.05376	1.05728	8793
2025-03-04 18:30:00	1.05729	1.05911	1057	1.05904	6330
2025-03-04 19:00:00	1.05903	1.05992	1.05863	1.05949	6051
2025-03-04 19:30:00	1.05949	1.06019	1.05912	1.06006	4271
2025-03-04 20:00:00	1.06005	1.06236	1.06004	1.0617	5022
2025-03-04 20:30:00	1.06169	1.0617	1.06029	1.06082	7367
2025-03-04 21:00:00	1.06085	1.06272	1.06082	1.06241	5300
2025-03-04 21:30:00	1.06239	1.06271	1.06172	1.06253	3313
2025-03-04 22:00:00	1.06254	1.06254	1.06176	1.0618	1803
2025-03-04 22:30:00	1.06179	1062	1.06168	1.06191	1528
2025-03-04 23:00:00	1.06191	1.06369	1.06191	1.06257	2389
2025-03-04 23:30:00	1.06255	1.06291	1.06221	1.0623	1624
2025-03-05 00:00:00	1.0623	1.06237	1.06105	1.0616	2939
2025-03-05 00:30:00	1.06159	1.06273	1.06134	1.06207	4181
2025-03-05 01:00:00	1.06209	1.06274	1.06148	1.06169	4441
2025-03-05 01:30:00	1.06173	1.06186	1.06084	1.06125	6487
2025-03-05 02:00:00	1.06126	1.06155	1.06055	1.06062	7335
2025-03-05 02:30:00	1.06064	1.06106	1.06036	1.0604	6171
2025-03-05 03:00:00	1.0604	1.06096	1.06018	1.06074	5694
2025-03-05 03:30:00	1.06076	1.06202	1.06055	1.0618	5379
2025-03-05 04:00:00	1.06181	1.06218	1.06152	1.06162	3082
2025-03-05 04:30:00	1.06161	1.06256	1.06155	1.06189	3206
2025-03-05 05:00:00	1.06188	1.06242	1.06187	1.06193	3085
2025-03-05 05:30:00	1.06192	1.06323	1.06186	1.06312	3388
2025-03-05 06:00:00	1.06313	1.06388	1.06257	1.06264	5758
2025-03-05 06:30:00	1.06265	1.06344	1.06241	1.06322	4342
2025-03-05 07:00:00	1.06321	1.06562	1.06294	1.0652	8506
2025-03-05 07:30:00	1.06523	1.06763	1.0648	1.06745	9150
2025-03-05 08:00:00	1.06743	1.06885	1.06585	1.06876	10109
2025-03-05 08:30:00	1.06877	1.06996	1.06737	1.06977	8941
2025-03-05 09:00:00	1.06981	1.07142	1.06954	1.07123	8717
2025-03-05 09:30:00	1.0712	1.0722	1.07066	1.07116	6102
2025-03-05 10:00:00	1.07115	1.0715	1.06834	1.06875	6763
2025-03-05 10:30:00	1.06875	1.06975	1.06872	1.06969	4478
2025-03-05 11:00:00	1.0697	1.06984	1.06764	1.06804	4598
2025-03-05 11:30:00	1.06802	1.06867	1.06764	1.06787	4807
2025-03-05 12:00:00	1.06787	1.07032	1.06784	1.07029	5863
2025-03-05 12:30:00	1.0703	1.0714	1.06937	1.06955	5324
2025-03-05 13:00:00	1.06959	1.07085	1.06867	1.07067	9962
2025-03-05 13:30:00	1.07068	1.07225	1.07041	1.07157	8608
2025-03-05 14:00:00	1.07157	1.07521	1.07137	1.07505	8821
2025-03-05 14:30:00	1.07512	1.07769	1.07483	1.07691	12999
2025-03-05 15:00:00	1.07684	1.07705	1.07408	1.0754	14359
2025-03-05 15:30:00	1.07541	1.0769	1.07481	1.07649	10439
2025-03-05 16:00:00	1.07651	1.07866	1.0761	1.07712	8373
2025-03-05 16:30:00	1.07711	1.07832	1.0762	1.07668	8628
2025-03-05 17:00:00	1.07666	1.07861	1.07622	1.0784	9185
2025-03-05 17:30:00	1.07841	1.07877	1.07795	1.07851	5881
2025-03-05 18:00:00	1.07852	1.07887	1.07648	1.0773	9287
2025-03-05 18:30:00	1.07729	1.07782	1.07637	1.07734	5747
2025-03-05 19:00:00	1.07736	1.07799	1.07697	1.07788	5708
2025-03-05 19:30:00	1.07786	1.07907	1.07786	1079	5216
2025-03-05 20:00:00	1079	1.07948	1.07876	1.07945	3110
2025-03-05 20:30:00	1.07944	1.07965	1.07908	1.0792	2352
2025-03-05 21:00:00	1.07921	1.07928	1.07854	1.07905	2304
2025-03-05 21:30:00	1.07905	1.07921	1.07857	1.07857	2570
2025-03-05 22:00:00	1.07854	1.07911	1.07853	1.07906	305
2025-03-05 22:30:00	1.07907	1.07922	1.07889	1.07901	954
2025-03-05 23:00:00	1.07904	1.07947	1.07869	1.07915	1514
2025-03-05 23:30:00	1.07915	1.0795	1.07878	1.07941	1568
2025-03-06 00:00:00	1.07942	1.07997	1.07871	1.0796	3056
2025-03-06 00:30:00	1.07959	1.08028	1.07932	1.07942	2829
2025-03-06 01:00:00	1.07942	1.08016	1.07893	1.08005	3018
2025-03-06 01:30:00	1.08007	1082	1.07992	1.08151	4237
2025-03-06 02:00:00	1.0815	1.08191	1.07976	1.08036	5325
2025-03-06 02:30:00	1.08035	1.08088	1.08013	1.0805	3591
2025-03-06 03:00:00	1.0805	1.08051	1.07927	1.07964	4789
2025-03-06 03:30:00	1.07962	1.0797	1.07879	1.07893	3396
2025-03-06 04:00:00	1.07894	1.07926	1.0784	1.07891	3686
2025-03-06 04:30:00	1.07891	1.0804	1.07891	1.08033	2868
2025-03-06 05:00:00	1.08035	1.08069	1.07999	1.0803	3400
2025-03-06 05:30:00	1.08028	1.08116	1.08014	1.08102	3131
2025-03-06 06:00:00	1.08102	1.08199	1.08091	1.08103	4304
2025-03-06 06:30:00	1.08102	1.08105	1.07988	1.08025	3597
2025-03-06 07:00:00	1.08024	1.08178	1.07917	1.08011	6572
2025-03-06 07:30:00	1.08013	1.08221	1.07962	1.07989	9159
2025-03-06 08:00:00	1.07989	1.08099	1.07928	1.08027	9203
2025-03-06 08:30:00	1.08026	1.08167	1.07973	1.08012	9017
2025-03-06 09:00:00	1.08009	1.08026	1.07863	1.07926	7817
2025-03-06 09:30:00	1.07923	1.08065	1.07802	1.07995	7523
2025-03-06 10:00:00	1.07996	1.08034	1.07826	1.07888	7646
2025-03-06 10:30:00	1.07889	1.08015	1.0787	1.07916	6112
2025-03-06 11:00:00	1.07916	1.07981	1.0783	1.07847	5340
2025-03-06 11:30:00	1.07849	1.08007	1.07847	1.0799	4841
2025-03-06 12:00:00	1.0799	1.08063	1.07953	1.08023	3175
2025-03-06 12:30:00	1.08024	1.08067	1.0788	1.08	5194
2025-03-06 13:00:00	1.08	1.08452	1.07905	1.08154	12131
2025-03-06 13:30:00	1.08147	1.08373	1.0805	1.08257	9303
2025-03-06 14:00:00	1.08258	1.08409	1.08111	1.08235	13038
2025-03-06 14:30:00	1.08234	1.08395	1.08147	1.08369	10652
2025-03-06 15:00:00	1.08369	1.08534	1.08231	1.08308	13125
2025-03-06 15:30:00	1.0831	1.08313	1.08112	1.0817	11094
2025-03-06 16:00:00	1.08172	1.08381	1.08159	1.08314	7845
2025-03-06 16:30:00	1.08315	1.08364	1.08153	1.08174	9523
2025-03-06 17:00:00	1.08172	1.08222	1.08005	1.08097	7594
2025-03-06 17:30:00	1.08097	1.08112	1.07913	1.07969	7507
2025-03-06 18:00:00	1.07968	1.08017	1.07864	1.07868	6063
2025-03-06 18:30:00	1.07868	1.07894	1.07655	1.07836	7018
2025-03-06 19:00:00	1.07835	1.07965	1.07825	1.07923	4499
2025-03-06 19:30:00	1.07924	1.08113	1.07904	1.08014	4673
2025-03-06 20:00:00	1.08013	1.08032	1.07956	1.07971	4296
2025-03-06 20:30:00	1.0797	1.08007	1.07853	1.07863	4025
2025-03-06 21:00:00	1.07864	1.07902	1.07748	1.07792	1599
2025-03-06 21:30:00	1.07794	1.07855	1.07794	1.07818	2276
2025-03-06 22:00:00	1.0782	1.07873	1.07757	1.07826	1225
2025-03-06 22:30:00	1.0783	1.07908	1.07827	1.07877	643
2025-03-06 23:00:00	1.07877	1.07961	1.07875	1.07933	1077
2025-03-06 23:30:00	1.07933	1.07941	1.07843	1.07871	1664
2025-03-07 00:00:00	1.07872	1.07952	1.07868	1.07901	2458
2025-03-07 00:30:00	1079	1.0794	1.07875	1.07875	2258
2025-03-07 01:00:00	1.07877	1.07928	1.0781	1.07822	3547
2025-03-07 01:30:00	1.07823	1079	1.07814	1.07898	3098
2025-03-07 02:00:00	1.07901	1.07968	1.07845	1.07946	3176
2025-03-07 02:30:00	1.07946	1.07992	1.07911	1.0799	3285
2025-03-07 03:00:00	1.0799	1.08065	1.07963	1.08063	2970
2025-03-07 03:30:00	1.08064	1.08146	1.08047	1.08057	2882
2025-03-07 04:00:00	1.08055	1.08114	1.08027	1.08064	2418
2025-03-07 04:30:00	1.08064	1.0813	1.08064	1.08128	1818
2025-03-07 05:00:00	1.08128	1.08146	1.08075	1.08095	2401
2025-03-07 05:30:00	1.08093	1.08174	1.08093	1.08131	3261
2025-03-07 06:00:00	1.08131	1.08195	1.08079	1.08175	3571
2025-03-07 06:30:00	1.08175	1.0825	1.08164	1.08232	2729
2025-03-07 07:00:00	1.08231	1.08319	1.08198	1.08314	5558
2025-03-07 07:30:00	1.08315	1.08406	1.0827	1.08295	4886
2025-03-07 08:00:00	1.08298	1.08479	1.08259	1.08478	5584
2025-03-07 08:30:00	1.08478	1.0855	1.08438	1.08507	5710
2025-03-07 09:00:00	1.08508	1.08714	1.08445	1.08635	6442
2025-03-07 09:30:00	1.08637	1.08667	1.08573	1.0861	4521
2025-03-07 10:00:00	1.08611	1.08665	1.08571	1.08648	4654
2025-03-07 10:30:00	1.08647	1.0867	1.08575	1.08605	4396
2025-03-07 11:00:00	1.08604	1.08604	1.08451	1.08506	5490
2025-03-07 11:30:00	1.08506	1.08554	1.08444	1.08492	5044
2025-03-07 12:00:00	1.08491	1.08528	1.08409	1.08432	4741
2025-03-07 12:30:00	1.08434	1.0857	1.08426	1.08542	6007
2025-03-07 13:00:00	1.08544	1.08616	1.08493	1.08577	7855
2025-03-07 13:30:00	1.08576	1.08884	1.0843	1.08447	16360
2025-03-07 14:00:00	1.08444	1.08706	1.0844	1.08672	11147
2025-03-07 14:30:00	1.08673	1.08818	1085	1.08534	11240
2025-03-07 15:00:00	1.08534	1.08623	1.0845	1.08513	8897
2025-03-07 15:30:00	1.08512	1.08862	1.08352	1.08699	14119
2025-03-07 16:00:00	1.08699	1.08725	1.08458	1.08464	7819
2025-03-07 16:30:00	1.08462	1.08588	1.08374	1.08585	6047
2025-03-07 17:00:00	1.08583	1.08642	1.08384	1.08483	7656
2025-03-07 17:30:00	1.08484	1.08484	1.08317	1.0843	7450
2025-03-07 18:00:00	1.08428	1.0844	1.08254	1.08322	5850
2025-03-07 18:30:00	1.08323	1.0842	1.08276	1.08398	3761
2025-03-07 19:00:00	1.08397	1.08409	1.0833	1.08379	4157
2025-03-07 19:30:00	1.0838	1.0844	1.08371	1.08425	3455
2025-03-07 20:00:00	1.08424	1.08461	1.08399	1.08455	2421
2025-03-07 20:30:00	1.08456	1.08491	1.08434	1.08472	1990
2025-03-07 21:00:00	1.08471	1.08511	1.08396	1.08407	1193
2025-03-07 21:30:00	1.08406	1.08411	1.08292	1.08292	3103
2025-03-09 21:00:00	1.08312	1.08372	1.08269	1.08301	216
2025-03-09 21:30:00	1.08298	1.08399	1.08288	1.08388	327
2025-03-09 22:00:00	1.08388	1.08594	1.08381	1.08486	3402
2025-03-09 22:30:00	1.08486	1.08549	1.08449	1.0849	3176
2025-03-09 23:00:00	1.08491	1.08653	1.0848	1.08625	3839
2025-03-09 23:30:00	1.08623	1.0864	1.08573	1086	2030
2025-03-10 00:00:00	1.08602	1.08608	1.08527	1.08555	2872
2025-03-10 00:30:00	1.08557	1.08671	1.0854	1.08641	2960
2025-03-10 01:00:00	1.0864	1.08711	1.08601	1.08612	3100
2025-03-10 01:30:00	1.08611	1.08637	1.08524	1.08528	3527
2025-03-10 02:00:00	1.08526	1.08557	1.08457	1.08464	3627
2025-03-10 02:30:00	1.08467	1.08491	1.08355	1.08368	5134
2025-03-10 03:00:00	1.08368	1.08384	1.08311	1.0833	3140
2025-03-10 03:30:00	1.0833	1.0838	1.08301	1.08314	3152
2025-03-10 04:00:00	1.08313	1.08376	1.08308	1.08365	1919
2025-03-10 04:30:00	1.08366	1.08366	1083	1.08306	2399
2025-03-10 05:00:00	1.08303	1.08322	1.08278	1.08299	3961
2025-03-10 05:30:00	1.08298	1.08355	1.08289	1.0835	3401
2025-03-10 06:00:00	1.08351	1.08446	1.08343	1.08423	4175
2025-03-10 06:30:00	1.08422	1.08442	1.08342	1.08367	4272
2025-03-10 07:00:00	1.08374	1.08438	1.08297	1.08334	3830
2025-03-10 07:30:00	1.08335	1.08389	1.08107	1.08224	5897
2025-03-10 08:00:00	1.08227	1.08241	1.08087	1.08184	9251
2025-03-10 08:30:00	1.08184	1.0822	1.08051	1.08099	6777
2025-03-10 09:00:00	1.08099	1.08463	1.08085	1.08401	7663
2025-03-10 09:30:00	1084	1.08566	1.08394	1.0851	7079
2025-03-10 10:00:00	1.08517	1.08744	1.08504	1.08668	7359
2025-03-10 10:30:00	1.08668	1.08705	1.08566	1.08609	6188
2025-03-10 11:00:00	1.08609	1.08643	1.08122	1.08512	12986
2025-03-10 11:30:00	1.08512	1.08605	1.08447	1.08505	6117
2025-03-10 12:00:00	1.08505	1.08558	1.0845	1.08549	4856
2025-03-10 12:30:00	1.0855	1.08599	1.08418	1.08437	7311
2025-03-10 13:00:00	1.08438	1.08507	1.08386	1.08447	6111
2025-03-10 13:30:00	1.08446	1.08457	1.08332	1.08349	5512
2025-03-10 14:00:00	1.08349	1.08466	1.08313	1.08374	7086
2025-03-10 14:30:00	1.08374	1.08454	1.08315	1.0845	7090
2025-03-10 15:00:00	1.08451	1.08477	1.08278	1.08397	7479
2025-03-10 15:30:00	1.08397	1.08407	1.08206	1.08369	7732
2025-03-10 16:00:00	1.08368	1.08413	1.08333	1.08348	6208
2025-03-10 16:30:00	1.08351	1.08416	1.08278	1.08302	5045
2025-03-10 17:00:00	1.08301	1.08391	1.08256	1.08364	4770
2025-03-10 17:30:00	1.08365	1.08456	1.08287	1.08297	4256
2025-03-10 18:00:00	1.08295	1.08352	1.08183	1.08188	4539
2025-03-10 18:30:00	1.08189	1.08305	1.08175	1.08296	3559
2025-03-10 19:00:00	1.08296	1.08301	1.08175	1.0827	3950
2025-03-10 19:30:00	1.08269	1.08326	1.08188	1.08315	3370
2025-03-10 20:00:00	1.08316	1.08351	1.08264	1.08268	1396
2025-03-10 20:30:00	1.08267	1.08362	1.08254	1.08324	2006
2025-03-10 21:00:00	1.0832	1.08326	1.08293	1.08317	312
2025-03-10 21:30:00	1.08313	1.08359	1.08313	1.08342	678
2025-03-10 22:00:00	1.08341	1.08413	1.08336	1.0837	1010
2025-03-10 22:30:00	1.08371	1.08381	1.08329	1.08344	1228
2025-03-10 23:00:00	1.08349	1.08432	1.08347	1.0842	1448
2025-03-10 23:30:00	1.08424	1.08432	1.0838	1.0839	1075
2025-03-11 00:00:00	1.0839	1.08484	1.08389	1.08458	2193
2025-03-11 00:30:00	1.08457	1.08533	1.08417	1.08513	2804
2025-03-11 01:00:00	1.08515	1.08527	1.08447	1.08476	2910
2025-03-11 01:30:00	1.08475	1.08584	1.08435	1.08579	4459
2025-03-11 02:00:00	1.08579	1.08604	1.08549	1.08555	4868
2025-03-11 02:30:00	1.08556	1.08581	1085	1.08558	3611
2025-03-11 03:00:00	1.08559	1.08596	1.08495	1085	3558
2025-03-11 03:30:00	1085	1.08547	1.08487	1.08542	2436
2025-03-11 04:00:00	1.0854	1.08567	1.08503	1.08561	2131
2025-03-11 04:30:00	1.08561	1.08615	1.08526	1.08543	1760
2025-03-11 05:00:00	1.08543	1.08554	1.08417	1.08448	2352
2025-03-11 05:30:00	1.08449	1.08479	1.08354	1.08381	2270
2025-03-11 06:00:00	1.08383	1.08687	1.08363	1.08613	4830
2025-03-11 06:30:00	1.08614	1.08758	1.08541	1.08563	5281
2025-03-11 07:00:00	1.08562	1.08812	1.08551	1.08755	6261
2025-03-11 07:30:00	1.08754	1.09014	1.08722	1.08906	6857
2025-03-11 08:00:00	1.08906	1.0905	1.08846	1.09027	6750
2025-03-11 08:30:00	1.09027	1.09191	1.08941	1.0917	7227
2025-03-11 09:00:00	1.09167	1.09207	1.09012	1.09048	5454
2025-03-11 09:30:00	1.09047	1.09195	1.08959	1.09082	5044
2025-03-11 10:00:00	1.09083	1.09083	1.08843	1.08895	5349
2025-03-11 10:30:00	1.08893	1.08979	1.08821	1.08905	4471
2025-03-11 11:00:00	1.08903	1.0896	1.0881	1.08954	3919
2025-03-11 11:30:00	1.08955	1.09047	1.0893	1.09044	3042
2025-03-11 12:00:00	1.09044	1.09139	1.0902	1.09075	5774
2025-03-11 12:30:00	1.09074	1.09203	1.09059	1.09178	5295
2025-03-11 13:00:00	1.09179	1.09234	1.09112	1.09231	7055
2025-03-11 13:30:00	1.09232	1.09306	1.09173	1.09197	7432
2025-03-11 14:00:00	1.09195	1.09202	1.08949	1.09002	11649
2025-03-11 14:30:00	1.09001	1.09195	1.09001	1.0919	6362
2025-03-11 15:00:00	1.0919	1.09225	1.09121	1.09172	6315
2025-03-11 15:30:00	1.0917	1.09285	1.09151	1.0927	6512
2025-03-11 16:00:00	1.09269	1.09295	1.09177	1.09224	5106
2025-03-11 16:30:00	1.09225	1.09281	1092	1.09249	3738
2025-03-11 17:00:00	1.0925	1.09316	1.09237	1.09288	3034
2025-03-11 17:30:00	1.09288	1.0935	1.09264	1.09341	3552
2025-03-11 18:00:00	1.09343	1.09471	1.09323	1.09411	5547
2025-03-11 18:30:00	1.09412	1.09428	1.09251	1.09306	6026
2025-03-11 19:00:00	1.09305	1.09338	1.09265	1.09273	3915
2025-03-11 19:30:00	1.09275	1.09318	1.09195	1.09196	3299
2025-03-11 20:00:00	1.09199	1.09207	1.09119	1.09119	1198
2025-03-11 20:30:00	1.09121	1.09193	1.09098	1.09181	2143
2025-03-11 21:00:00	1.09174	1.09209	1.09068	1.09109	1229
2025-03-11 21:30:00	1.09111	1.09142	1.09102	1.0911	1401
2025-03-11 22:00:00	1.0911	1.09185	1.09104	1.09149	1567
2025-03-11 22:30:00	1.09152	1.09162	1.09132	1.09155	311
2025-03-11 23:00:00	1.09154	1.09173	1.09129	1.09161	762
2025-03-11 23:30:00	1.0916	1.09169	1.09131	1.09136	639
2025-03-12 00:00:00	1.09137	1.09157	1.09113	1.09123	1899
2025-03-12 00:30:00	1.09124	1.09124	1.09054	1.09088	2469
2025-03-12 01:00:00	1.09088	1.09125	1.09058	1.09113	2623
2025-03-12 01:30:00	1.09113	1.09151	1.09059	1.09062	4030
2025-03-12 02:00:00	1.09062	1.09114	1.09054	1.0906	6245
2025-03-12 02:30:00	1.0906	1.09079	1.09033	1.09035	1719
2025-03-12 03:00:00	1.09035	1.09046	1.08968	1.08996	2700
2025-03-12 03:30:00	1.08996	1.08996	1.08959	1.0897	2297
2025-03-12 04:00:00	1.0897	1.09025	1.08957	1.09015	2764
2025-03-12 04:30:00	1.09014	1.09025	1.08975	1.08988	2353
2025-03-12 05:00:00	1.08987	1.08989	1.08949	1.08961	2025
2025-03-12 05:30:00	1.08962	1.09041	1.08962	1.09034	3402
2025-03-12 06:00:00	1.09033	1.09086	1.09015	1.09034	3775
2025-03-12 06:30:00	1.09035	1.09044	1.08917	1.08921	3566
2025-03-12 07:00:00	1.08919	1.08978	1.08872	1.08945	6125
2025-03-12 07:30:00	1.08947	1.0903	1.08912	1.09013	5162
2025-03-12 08:00:00	1.09012	1.09128	1.08975	1.0909	6033
2025-03-12 08:30:00	1.09088	1.09216	1.09059	1.09212	7761
2025-03-12 09:00:00	1.09214	1.09251	1.09148	1.09215	6056
2025-03-12 09:30:00	1.09214	1.09263	1.09132	1.09142	4718
2025-03-12 10:00:00	1.09142	1.09208	1.09115	1.0914	4564
2025-03-12 10:30:00	1.0914	1.09153	1.09044	1.0906	4241
2025-03-12 11:00:00	1.0906	1.09128	1.09053	1.09116	4181
2025-03-12 11:30:00	1.09115	1.09126	1.08992	1.09007	5645
2025-03-12 12:00:00	1.09007	1.09013	1.08882	1.08922	6381
2025-03-12 12:30:00	1.08922	1.09314	1.08761	1.0878	15341
2025-03-12 13:00:00	1.0878	1.08962	1.0877	1.08914	8771
2025-03-12 13:30:00	1.08915	1.08946	1.08755	1.08819	8963
2025-03-12 14:00:00	1.08819	1.08945	1.08809	1.08918	6743
2025-03-12 14:30:00	1.08919	1.09134	1.08886	1.09128	6240
2025-03-12 15:00:00	1.09127	1.09222	1.09098	1.09188	6333
2025-03-12 15:30:00	1.09188	1.09241	1.09114	1.09241	6769
2025-03-12 16:00:00	1.09242	1.09277	1.09135	1.09153	6330
2025-03-12 16:30:00	1.09153	1.09161	1.09055	1.09055	5369
2025-03-12 17:00:00	1.09055	1.09129	1.09031	1.09125	4665
2025-03-12 17:30:00	1.09124	1.0914	1.09042	1.09066	4209
2025-03-12 18:00:00	1.09067	1.09094	1.08965	1.08967	2789
2025-03-12 18:30:00	1.08964	1.08965	1.08795	1.08844	3175
2025-03-12 19:00:00	1.08846	1.08958	1.08829	1.08939	3708
2025-03-12 19:30:00	1.0894	1.08975	1.08881	1089	2176
2025-03-12 20:00:00	1.08901	1.08934	1.08869	1.08906	2087
2025-03-12 20:30:00	1.08906	1.08907	1.0886	1.08874	1405
2025-03-12 21:00:00	1.08868	1.08899	1.08858	1.08861	494
2025-03-12 21:30:00	1.08863	1.08879	1.08853	1.08859	396
2025-03-12 22:00:00	1.08858	1.08897	1.08846	1.0888	545
2025-03-12 22:30:00	1.08881	1.08897	1.08875	1.08889	396
2025-03-12 23:00:00	1.08889	1.08897	1.08847	1.08847	1019
2025-03-12 23:30:00	1.08848	1.08866	1.08831	1.08852	847
2025-03-13 00:00:00	1.08852	1.08865	1.08823	1.0885	1972
2025-03-13 00:30:00	1.08848	1.08916	1.08843	1.08913	1762
2025-03-13 01:00:00	1.08914	1.08929	1.08863	1.0889	3279
2025-03-13 01:30:00	1.08891	1.08915	1.08862	1.08889	3407
2025-03-13 02:00:00	1.08888	1.08968	1.08886	1.08939	2137
2025-03-13 02:30:00	1.08939	1.0897	1.08922	1.08951	3435
2025-03-13 03:00:00	1.08953	1.08955	1.08884	1.08904	2377
2025-03-13 03:30:00	1.08902	1.08905	1.08848	1.08849	1654
2025-03-13 04:00:00	1.08848	1.08897	1.08816	1.08893	2439
2025-03-13 04:30:00	1.08894	1.08933	1.08873	1.08933	2122
2025-03-13 05:00:00	1.08933	1.08933	1.08801	1.08819	2003
2025-03-13 05:30:00	1.08819	1.08852	1.0879	1.0885	2865
2025-03-13 06:00:00	1.08851	1.08854	1.08766	1.08787	3803
2025-03-13 06:30:00	1.08785	1.08825	1.08694	1.08745	3349
2025-03-13 07:00:00	1.08743	1.0885	1.08735	1.08753	5102
2025-03-13 07:30:00	1.08753	1.08764	1.08596	1.08652	6199
2025-03-13 08:00:00	1.08654	1.0883	1.08591	1.08829	7873
2025-03-13 08:30:00	1.08829	1.08837	1.08729	1.08731	6401
2025-03-13 09:00:00	1.08731	1.08851	1.08719	1.0884	4570
2025-03-13 09:30:00	1.0884	1.08852	1.08685	1.08792	3902
2025-03-13 10:00:00	1.08793	1.08827	1.08691	1.08717	4117
2025-03-13 10:30:00	1.08719	1.0873	1.08621	1.08698	3770
2025-03-13 11:00:00	1087	1.08749	1.08603	1.08679	5121
2025-03-13 11:30:00	1.08678	1.08706	1.08451	1.0856	6104
2025-03-13 12:00:00	1.08559	1.08639	1.08445	1.08618	7240
2025-03-13 12:30:00	1.08615	1.08773	1.08259	1.08344	9861
2025-03-13 13:00:00	1.08346	1.08392	1.08222	1.08351	6082
2025-03-13 13:30:00	1.08352	1.0853	1.08338	1.08473	5237
2025-03-13 14:00:00	1.08471	1.0867	1.08459	1.0861	6777
2025-03-13 14:30:00	1.08611	1.08696	1.08513	1.08649	4837
2025-03-13 15:00:00	1.08649	1.08652	1.08564	1.08569	4778
2025-03-13 15:30:00	1.08567	1.08714	1.08539	1.08585	8450
2025-03-13 16:00:00	1.08584	1.08654	1.0855	1.08628	5209
2025-03-13 16:30:00	1.08628	1.08781	1.08611	1.08724	4844
2025-03-13 17:00:00	1.08724	1.08733	1.08547	1.0859	4270
2025-03-13 17:30:00	1.0859	1.08663	1.08542	1.08545	4394
2025-03-13 18:00:00	1.08545	1.08578	1.08529	1.08558	2884
2025-03-13 18:30:00	1.08557	1.08569	1.08518	1.08536	2962
2025-03-13 19:00:00	1.08536	1.08567	1.08479	1.0852	2047
2025-03-13 19:30:00	1.08521	1.08542	1.08475	1.08482	2984
2025-03-13 20:00:00	1.08482	1.08522	1.08462	1.08478	1147
2025-03-13 20:30:00	1.08478	1.08556	1.08475	1.08507	1916
2025-03-13 21:00:00	1.08506	1.08548	1.0844	1.08512	1349
2025-03-13 21:30:00	1.08514	1.08521	1.08507	1.08514	504
2025-03-13 22:00:00	1.08514	1.08552	1.0851	1.08521	770
2025-03-13 22:30:00	1.08521	1.08541	1.08508	1.08521	633
2025-03-13 23:00:00	1.08522	1.08531	1.08499	1.08522	871
2025-03-13 23:30:00	1.08522	1.0855	1.08505	1.08548	465
2025-03-14 00:00:00	1.08543	1.08583	1.08482	1.08496	1715
2025-03-14 00:30:00	1.08493	1.08556	1.08488	1.08489	1615
2025-03-14 01:00:00	1.08489	1.08493	1.08413	1.08427	3696
2025-03-14 01:30:00	1.08428	1.08486	1.08403	1.08407	4219
2025-03-14 02:00:00	1.08407	1.08428	1.08343	1.08352	4566
2025-03-14 02:30:00	1.08355	1.08401	1.08341	1.08401	2250
2025-03-14 03:00:00	1.08402	1.08431	1.08374	1.08415	2991
2025-03-14 03:30:00	1.08415	1.08456	1.08414	1.08454	3521
2025-03-14 04:00:00	1.08452	1.08461	1.08422	1.08427	2605
2025-03-14 04:30:00	1.08426	1.0844	1.08374	1.08407	3719
2025-03-14 05:00:00	1.08408	1.08461	1.08406	1.08431	3597
2025-03-14 05:30:00	1.08432	1.08513	1.08414	1.08506	3197
2025-03-14 06:00:00	1.08506	1.08506	1.08366	1.0837	4393
2025-03-14 06:30:00	1.08372	1.0842	1.08348	1.0838	3666
2025-03-14 07:00:00	1.0838	1.0847	1.08327	1.08439	4648
2025-03-14 07:30:00	1.08439	1.08439	1.08304	1.08388	4255
2025-03-14 08:00:00	1.0839	1.08552	1.08351	1.08547	5322
2025-03-14 08:30:00	1.08549	1.08567	1.08465	1.08537	3749
2025-03-14 09:00:00	1.08537	1.0855	1.08468	1.08505	3154
2025-03-14 09:30:00	1.08506	1.0862	1.08493	1.0852	3518
2025-03-14 10:00:00	1.08519	1.0875	1.08514	1.08711	4332
2025-03-14 10:30:00	1.0871	1.09125	1.08657	1.08948	12241
2025-03-14 11:00:00	1.08947	1.09023	1.08872	1.08982	8032
2025-03-14 11:30:00	1.08983	1.09092	1.08919	1.08964	5600
2025-03-14 12:00:00	1.08963	1.09112	1.08963	1.09085	4992
2025-03-14 12:30:00	1.09087	1.09099	1.08898	1.08945	4780
2025-03-14 13:00:00	1.08948	1.08957	1.08871	1.08934	3893
2025-03-14 13:30:00	1.08934	1.08979	1.08699	1.08737	6755
2025-03-14 14:00:00	1.08736	1.08863	1.08681	1.08774	7020
2025-03-14 14:30:00	1.08773	1.08814	1.08652	1.08776	5018
2025-03-14 15:00:00	1.08776	1.08865	1.08717	1.08743	4986
2025-03-14 15:30:00	1.08744	1.08786	1.08666	1.08715	5048
2025-03-14 16:00:00	1.08716	1.08827	1.08703	1.08771	4144
2025-03-14 16:30:00	1.08773	1.08898	1.08768	1.08829	2363
2025-03-14 17:00:00	1.0883	1.0883	1.08789	1.08817	1705
2025-03-14 17:30:00	1.08815	1.08878	1.08803	1.08819	2558
2025-03-14 18:00:00	1.08821	1.08862	1.08751	1.08754	2188
2025-03-14 18:30:00	1.08753	1.08811	1.08732	1.08803	2131
2025-03-14 19:00:00	1.08801	1.08817	1.08781	1.0881	1457
2025-03-14 19:30:00	1.08813	1.08844	1.0881	1.08829	1809
2025-03-14 20:00:00	1.08828	1.08849	1.08816	1.08835	907
2025-03-14 20:30:00	1.08836	1.08855	1.08742	1.08765	1979
2025-03-16 21:00:00	1.08766	1.08805	1.08759	1.08783	117
2025-03-16 21:30:00	1.08787	1.08809	1.08762	1.08801	266
2025-03-16 22:00:00	1.08809	1.08816	1.08752	1.08796	1825
2025-03-16 22:30:00	1.08796	1.0885	1.08744	1.08812	1398
2025-03-16 23:00:00	1.08812	1.08849	1.08807	1.08829	1951
2025-03-16 23:30:00	1.08828	1.08839	1.0879	1.08792	1000
2025-03-17 00:00:00	1.08794	1.08826	1.08756	1.08794	1885
2025-03-17 00:30:00	1.08794	1.08825	1.08754	1.08793	1651
2025-03-17 01:00:00	1.08793	1.0882	1.08741	1.08802	2236
2025-03-17 01:30:00	1.08803	1.08901	1.08782	1.08824	1773
2025-03-17 02:00:00	1.08824	1.08855	1.08793	1.08827	1863
2025-03-17 02:30:00	1.08826	1.08843	1.08802	1.08811	1397
2025-03-17 03:00:00	1.08813	1.08838	1.08766	1.08792	1964
2025-03-17 03:30:00	1.08792	1.08861	1.08789	1.08833	1902
2025-03-17 04:00:00	1.08831	1.08936	1.08775	1.08822	2578
2025-03-17 04:30:00	1.08823	1.08845	1.08808	1.08818	1175
2025-03-17 05:00:00	1.0882	1.08821	1.08755	1.08775	1592
2025-03-17 05:30:00	1.08774	1.08789	1.08737	1.08775	1682
2025-03-17 06:00:00	1.08775	1.08838	1.08752	1.08809	2121
2025-03-17 06:30:00	1.08807	1.08841	1.08732	1.08776	1999
2025-03-17 07:00:00	1.08775	1.08842	1.08741	1.0876	3427
2025-03-17 07:30:00	1.0876	1.0879	1.08685	1.0876	5494
2025-03-17 08:00:00	1.08762	1.08867	1.08703	1.08809	15521
2025-03-17 08:30:00	1.0881	1.08863	1.08767	1.08835	4530
2025-03-17 09:00:00	1.08838	1.08886	1.08769	1.08851	5524
2025-03-17 09:30:00	1.08851	1.09003	1.08836	1.08996	3864
2025-03-17 10:00:00	1.08998	1.09086	1.08963	1.0907	3588
2025-03-17 10:30:00	1.09071	1.09096	1.09038	1.09075	3009
2025-03-17 11:00:00	1.09077	1.09119	1.09025	1.09038	2732
2025-03-17 11:30:00	1.09039	1.09069	1.0896	1.09019	3117
2025-03-17 12:00:00	1.09019	1.09063	1.08962	1.08988	3706
2025-03-17 12:30:00	1.08987	1.09087	1.0887	1.09016	7372
2025-03-17 13:00:00	1.09017	1.09051	1.08973	1.09006	3498
2025-03-17 13:30:00	1.09007	1.09063	1.08968	1.09047	4734
2025-03-17 14:00:00	1.09048	1.09118	1.09019	1.09104	4594
2025-03-17 14:30:00	1.09104	1.09184	1.09075	1.09158	4587
2025-03-17 15:00:00	1.09159	1.09297	1.09156	1.09273	3655
2025-03-17 15:30:00	1.09274	1.09281	1.09203	1.09214	4600
2025-03-17 16:00:00	1.09214	1.09219	1.09143	1.09206	3249
2025-03-17 16:30:00	1.09205	1.09259	1.09184	1.0921	2692
2025-03-17 17:00:00	1.09209	1.09237	1.0913	1.09132	2412
2025-03-17 17:30:00	1.09133	1.09173	1.09114	1.09139	2032
2025-03-17 18:00:00	1.09138	1.09214	1.09125	1.09212	2028
2025-03-17 18:30:00	1.09214	1.09264	1.09196	1.09254	1785
2025-03-17 19:00:00	1.09254	1.09254	1.09203	1.09206	1168
2025-03-17 19:30:00	1.09206	1.09222	1.09183	1.09204	1155
2025-03-17 20:00:00	1.09208	1.09236	1.09202	1.09236	729
2025-03-17 20:30:00	1.09233	1.09276	1.09206	1.09213	1523
2025-03-17 21:00:00	1.0921	1.09218	1.09125	1.09201	533
2025-03-17 21:30:00	1.09201	1.0922	1092	1.09212	771
2025-03-17 22:00:00	1.09211	1.09226	1.09188	1.09193	773
2025-03-17 22:30:00	1.09196	1.09224	1.09194	1.09209	387
2025-03-17 23:00:00	1.09209	1.09216	1.09187	1.09194	436
2025-03-17 23:30:00	1.09195	1.09204	1.09179	1.0918	314
2025-03-18 00:00:00	1.0918	1.09209	1.09173	1.09188	1394
2025-03-18 00:30:00	1.09187	1.09192	1.09147	1.09158	2657
2025-03-18 01:00:00	1.09157	1.09189	1.09147	1.0916	2044
2025-03-18 01:30:00	1.0916	1.09161	1.0912	1.09131	3323
2025-03-18 02:00:00	1.09131	1.0916	1.09078	1.0908	5408
2025-03-18 02:30:00	1.0908	1.09107	1.09078	1.09084	1688
2025-03-18 03:00:00	1.09085	1.09109	1.09075	1.09078	1769
2025-03-18 03:30:00	1.09078	1.0909	1.09062	1.09081	978
2025-03-18 04:00:00	1.09082	1.09106	1.09078	1.09098	1574
2025-03-18 04:30:00	1.09097	1.09115	1.09092	1.09108	1648
2025-03-18 05:00:00	1.09106	1.09122	1.09097	1.09101	1389
2025-03-18 05:30:00	1.09102	1.09132	1.0907	1.09075	1593
2025-03-18 06:00:00	1.09076	1.09115	1.09033	1.09038	3228
2025-03-18 06:30:00	1.09039	1.09212	1.09037	1.09205	3008
2025-03-18 07:00:00	1.09206	1.09224	1.09161	1.09187	5900
2025-03-18 07:30:00	1.0919	1.09366	1.0919	1.09349	3892
2025-03-18 08:00:00	1.09351	1.09545	1.09327	1.09521	5614
2025-03-18 08:30:00	1.09519	1.09538	1.0948	1.09512	4606
2025-03-18 09:00:00	1.09515	1.0953	1.09423	1.09425	4559
2025-03-18 09:30:00	1.09428	1.09513	1.09393	1.09497	3997
2025-03-18 10:00:00	1.09498	1.09518	1.0935	1.09367	5651
2025-03-18 10:30:00	1.09368	1.09377	1.09316	1.09339	4457
2025-03-18 11:00:00	1.09343	1.0937	1.09302	1.09327	3923
2025-03-18 11:30:00	1.09327	1.09345	1.0914	1.09162	5996
2025-03-18 12:00:00	1.09162	1.09236	1.09141	1.09147	3845
2025-03-18 12:30:00	1.09145	1.09149	1.08924	1.09113	7665
2025-03-18 13:00:00	1.09114	1.09208	1.09111	1.09167	5107
2025-03-18 13:30:00	1.09167	1.09178	1.09013	1.09123	6888
2025-03-18 14:00:00	1.09124	1.09189	1.09068	1.09177	10588
2025-03-18 14:30:00	1.09175	1.09194	1.09113	1.09166	8292
2025-03-18 15:00:00	1.09171	1.0925	1.08964	1.0913	7468
2025-03-18 15:30:00	1.09128	1.09341	1.09106	1.09264	6293
2025-03-18 16:00:00	1.09264	1.09346	1.09234	1.09339	5326
2025-03-18 16:30:00	1.09337	1.09398	1.09311	1.09385	3662
2025-03-18 17:00:00	1.09385	1.09517	1.09385	1.0948	4531
2025-03-18 17:30:00	1.0948	1095	1.09424	1.09497	3049
2025-03-18 18:00:00	1.09499	1.09511	1.09413	1.09429	3699
2025-03-18 18:30:00	1.0943	1.09464	1.09404	1.0944	2303
2025-03-18 19:00:00	1.09439	1.09494	1.09422	1.0947	2232
2025-03-18 19:30:00	1.09469	1.09484	1.09415	1.09461	1727
2025-03-18 20:00:00	1.09461	1.09485	1.09434	1.09437	813
2025-03-18 20:30:00	1.09436	1.09458	1.09426	1.09449	2365
2025-03-18 21:00:00	1.09434	1.09465	1.09395	1.09453	387
2025-03-18 21:30:00	1.09454	1.09454	1.09405	1.0944	704
2025-03-18 22:00:00	1.09437	1.09458	1.09412	1.09412	1144
2025-03-18 22:30:00	1.09413	1.09422	1.09401	1.09415	459
2025-03-18 23:00:00	1.09417	1.09434	1.09412	1.09412	370
2025-03-18 23:30:00	1.09414	1.09428	1.09375	1.09385	380
2025-03-19 00:00:00	1.09386	1.09388	1.09336	1.09366	1103
2025-03-19 00:30:00	1.09367	1.09377	1.09316	1.09346	1734
2025-03-19 01:00:00	1.09346	1.09361	1.09333	1.0935	1088
2025-03-19 01:30:00	1.09351	1.09372	1.09337	1.09368	1235
2025-03-19 02:00:00	1.0937	1.09418	1.09354	1.09392	1482
2025-03-19 02:30:00	1.09392	1.09449	1.09391	1.09408	1140
2025-03-19 03:00:00	1.09411	1.09436	1.09326	1.09337	1313
2025-03-19 03:30:00	1.09337	1.09396	1.09336	1.09381	989
2025-03-19 04:00:00	1.09378	1.09378	1.0932	1.0933	1599
2025-03-19 04:30:00	1.09329	1.09335	1.09279	1.09298	913
2025-03-19 05:00:00	1.09296	1.0936	1.09295	1.09344	1307
2025-03-19 05:30:00	1.09345	1.0935	1.09302	1.09311	1055
2025-03-19 06:00:00	1.09312	1.09324	1.09223	1.09238	2618
2025-03-19 06:30:00	1.09239	1.09285	1.09203	1.09206	2963
2025-03-19 07:00:00	1.09206	1.0923	1.09022	1.09097	4460
2025-03-19 07:30:00	1.09097	1.09098	1.08731	1.08924	12317
2025-03-19 08:00:00	1.08928	1.09066	1.08921	1.09056	7451
2025-03-19 08:30:00	1.09055	1.09105	1.08999	1.0907	5978
2025-03-19 09:00:00	1.0907	1.09071	1.08954	1.09006	4832
2025-03-19 09:30:00	1.09005	1.09101	1.08997	1.09021	5631
2025-03-19 10:00:00	1.09021	1.0904	1.08957	1.09014	4559
2025-03-19 10:30:00	1.09013	1.09015	1.08912	1.08997	3164
2025-03-19 11:00:00	1.08997	1.09016	1.08935	1.08998	2718
2025-03-19 11:30:00	1.08997	1.09129	1.08979	1.09082	3533
2025-03-19 12:00:00	1.09085	1.09174	1.0907	1.09075	5976
2025-03-19 12:30:00	1.09074	1.0916	1.0899	1.09009	7241
2025-03-19 13:00:00	1.09012	1.09036	1.08925	1.08961	5602
2025-03-19 13:30:00	1.0896	1.09032	1.08928	1.08943	4934
2025-03-19 14:00:00	1.08942	1.09004	1.08926	1.08975	3548
2025-03-19 14:30:00	1.08975	1.08988	1.08817	1.08838	3465
2025-03-19 15:00:00	1.08837	1.08875	1.08816	1.08869	4032
2025-03-19 15:30:00	1.08869	1.08877	1.08753	1.08766	5682
2025-03-19 16:00:00	1.08769	1.08861	1.08758	1.0885	6907
2025-03-19 16:30:00	1.0885	1.08857	1.08781	1.0885	2792
2025-03-19 17:00:00	1.08848	1.08852	1.08658	1.08658	3153
2025-03-19 17:30:00	1.08657	1.08725	1.08603	1.08691	4254
2025-03-19 18:00:00	1.08692	1.08961	1.08632	1.08883	9914
2025-03-19 18:30:00	1.0888	1.0913	1.08859	1.09077	8705
2025-03-19 19:00:00	1.09073	1.09127	1.08848	1.08888	6149
2025-03-19 19:30:00	1.08886	1.08995	1.08865	1.08986	4355
2025-03-19 20:00:00	1.08986	1.0904	1.08955	1.0901	1281
2025-03-19 20:30:00	1.0901	1.09059	1.09002	1.09009	5423
2025-03-19 21:00:00	1.09004	1.09033	1.09001	1.09032	545
2025-03-19 21:30:00	1.09036	1.0905	1.09019	1.0904	973
2025-03-19 22:00:00	1.09041	1.09129	1.09032	1.09102	972
2025-03-19 22:30:00	1.09102	1.09104	1.09076	1.09083	493
2025-03-19 23:00:00	1.09083	1.09086	1.09048	1.09071	764
2025-03-19 23:30:00	1.09069	1.09118	1.09069	1.09115	497
2025-03-20 00:00:00	1.09116	1.09163	1.09071	1.0908	1226
2025-03-20 00:30:00	1.09078	1.09141	1.09035	1.09122	3231
2025-03-20 01:00:00	1.0912	1.09129	1.09042	1.09068	1952
2025-03-20 01:30:00	1.09072	1.09092	1.09034	1.09057	1922
2025-03-20 02:00:00	1.09055	1.09168	1.09053	1.09152	2952
2025-03-20 02:30:00	1.09152	1.09171	1.09087	1.0909	1835
2025-03-20 03:00:00	1.09089	1.09115	1.09069	1.09112	1449
2025-03-20 03:30:00	1.0911	1.0914	1.09074	1.09096	2211
2025-03-20 04:00:00	1.09095	1.09104	1.09066	1.09085	1444
2025-03-20 04:30:00	1.09087	1.09087	1.09003	1.09031	2610
2025-03-20 05:00:00	1.09032	1.09032	1.0894	1.08945	1431
2025-03-20 05:30:00	1.08945	1.0896	1.08906	1.08953	1292
2025-03-20 06:00:00	1.08953	1.08988	1.08923	1.08934	2227
2025-03-20 06:30:00	1.08936	1.08973	1.08895	1.08933	3458
2025-03-20 07:00:00	1.08932	1.08941	1088	1.08806	6411
2025-03-20 07:30:00	1.08805	1.08823	1.08647	1.08791	3350
2025-03-20 08:00:00	1.08795	1.08857	1.08658	1.08679	4463
2025-03-20 08:30:00	1.08669	1.08764	1.08629	1.08652	6572
2025-03-20 09:00:00	1.08651	1.08684	1.08381	1.08406	7604
2025-03-20 09:30:00	1.08404	1.08543	1.08401	1.08519	6028
2025-03-20 10:00:00	1.08524	1.08545	1.08332	1.08433	12597
2025-03-20 10:30:00	1.08432	1.08522	1.08354	1.08456	6016
2025-03-20 11:00:00	1.08455	1.08483	1.08392	1.08422	2614
2025-03-20 11:30:00	1.08421	1.08517	1.08406	1.08493	2927
2025-03-20 12:00:00	1.08494	1.08559	1.08396	1.08408	3696
2025-03-20 12:30:00	1.08407	1.08443	1.08307	1.08336	6554
2025-03-20 13:00:00	1.08335	1.0839	1.08216	1.08223	5438
2025-03-20 13:30:00	1.08224	1.08271	1.08145	1.08251	6269
2025-03-20 14:00:00	1.0825	1.08385	1.08239	1.0827	5830
2025-03-20 14:30:00	1.08271	1.08303	1.08224	1.08292	4872
2025-03-20 15:00:00	1.08292	1.08454	1.08231	1.08438	6785
2025-03-20 15:30:00	1.08437	1.08492	1.0835	1.08472	7232
2025-03-20 16:00:00	1.0847	1.08515	1.0842	1.08481	4471
2025-03-20 16:30:00	1.08482	1.0852	1.08443	1.08486	2554
2025-03-20 17:00:00	1.08483	1.08517	1.08389	1.08438	3046
2025-03-20 17:30:00	1.08437	1.08452	1084	1.08444	2707
2025-03-20 18:00:00	1.08444	1.08489	1.08417	1.08479	3032
2025-03-20 18:30:00	1.08479	1.08495	1.08442	1.08483	1745
2025-03-20 19:00:00	1.08481	1.0854	1.0847	1.08531	1482
2025-03-20 19:30:00	1.08528	1.08541	1.08498	1.08529	1981
2025-03-20 20:00:00	1.08529	1.08577	1.08515	1.08577	672
2025-03-20 20:30:00	1.08577	1.08589	1.08493	1.08501	1445
2025-03-20 21:00:00	1.08494	1.08546	1084	1.08546	716
2025-03-20 21:30:00	1.08534	1.08541	1.0853	1.08539	838
2025-03-20 22:00:00	1.08545	1.08585	1.08529	1.08581	1688
2025-03-20 22:30:00	1.08583	1.08584	1.08567	1.08568	814
2025-03-20 23:00:00	1.08569	1.08574	1.08561	1.08568	528
2025-03-20 23:30:00	1.08565	1.08574	1.08531	1.08532	529
2025-03-21 00:00:00	1.08535	1.08586	1.08504	1.0853	3267
2025-03-21 00:30:00	1.0853	1.08557	1.08521	1.08529	1802
2025-03-21 01:00:00	1.08529	1.0855	1.08483	1.08519	2871
2025-03-21 01:30:00	1.08519	1.08555	1.08498	1.08522	2560
2025-03-21 02:00:00	1.08525	1.08549	1.08444	1.0849	1857
2025-03-21 02:30:00	1.08489	1.08491	1.08422	1.08441	4331
2025-03-21 03:00:00	1.08441	1.08462	1.08394	1.08397	7465
2025-03-21 03:30:00	1.08396	1.08401	1.08331	1.08345	3454
2025-03-21 04:00:00	1.08345	1.08364	1.08298	1.08305	1974
2025-03-21 04:30:00	1.08309	1.08339	1.08274	1.08301	4353
2025-03-21 05:00:00	1083	1.08301	1.08247	1.08248	1868
2025-03-21 05:30:00	1.08249	1.08297	1.08197	1.08284	2799
2025-03-21 06:00:00	1.08284	1.08305	1.0824	1.08294	2346
2025-03-21 06:30:00	1.08296	1.08373	1.08289	1.0834	2551
2025-03-21 07:00:00	1.08338	1.08377	1.0827	1.08358	2907
2025-03-21 07:30:00	1.08357	1.08416	1.08334	1.08386	4618
2025-03-21 08:00:00	1.08386	1.08453	1.08239	1.08274	6026
2025-03-21 08:30:00	1.08274	1.08369	1.08239	1.08358	3398
2025-03-21 09:00:00	1.08357	1.08387	1.08323	1.08359	3260
2025-03-21 09:30:00	1.08359	1.08363	1.08246	1.08255	2924
2025-03-21 10:00:00	1.08258	1.08387	1.08257	1.08281	3752
2025-03-21 10:30:00	1.08281	1.0837	1.08259	1.08368	3303
2025-03-21 11:00:00	1.08367	1.08438	1.0835	1.08397	3147
2025-03-21 11:30:00	1.08395	1.08512	1.08374	1.08506	2893
2025-03-21 12:00:00	1.08505	1.08611	1.08431	1.08433	7908
2025-03-21 12:30:00	1.08433	1.0847	1.08295	1.08321	7331
2025-03-21 13:00:00	1.08319	1.08347	1.08261	1.08316	4166
2025-03-21 13:30:00	1.08318	1.08359	1.0825	1.08319	4742
2025-03-21 14:00:00	1.0832	1.08355	1.08251	1.08252	5229
2025-03-21 14:30:00	1.08251	1.08297	1.08186	1.08235	4418
2025-03-21 15:00:00	1.08237	1.0829	1.08224	1.08264	3924
2025-03-21 15:30:00	1.08267	1.08278	1.0797	1.08062	8942
2025-03-21 16:00:00	1.0806	1.08204	1.08042	1.08155	6473
2025-03-21 16:30:00	1.08154	1.08249	1.08145	1.08179	3671
2025-03-21 17:00:00	1.0818	1.0818	1.0805	1.08115	3079
2025-03-21 17:30:00	1.08115	1.08254	1.0811	1.08224	3609
2025-03-21 18:00:00	1.08225	1.08237	1.08146	1.08229	2421
2025-03-21 18:30:00	1.08227	1.08266	1.08196	1.08207	2413
2025-03-21 19:00:00	1.08209	1.08242	1.08155	1.08198	1936
2025-03-21 19:30:00	1.08197	1.0823	1.08151	1.08175	2405
2025-03-21 20:00:00	1.08174	1.08174	1.08135	1.08148	919
2025-03-21 20:30:00	1.08149	1.08153	1.08115	1.08121	1983
2025-03-23 21:00:00	1.0813	1.0816	1.08115	1.0816	93
2025-03-23 21:30:00	1.08155	1.08173	1.0815	1.0817	77
2025-03-23 22:00:00	1.08167	1.08296	1.0816	1.08188	2376
2025-03-23 22:30:00	1.08188	1.08215	1.08173	1.08195	1041
2025-03-23 23:00:00	1.08197	1.08247	1.08186	1.0824	714
2025-03-23 23:30:00	1.0824	1.08367	1.08231	1.08358	1379
2025-03-24 00:00:00	1.08358	1.08398	1.08324	1.08382	2005
2025-03-24 00:30:00	1.08382	1.08383	1.08329	1.0837	4039
2025-03-24 01:00:00	1.0837	1.08374	1.08252	1.08256	3784
2025-03-24 01:30:00	1.08256	1.08286	1.08226	1.08259	4434
2025-03-24 02:00:00	1.0826	1.08319	1.08258	1.08318	2459
2025-03-24 02:30:00	1.08316	1.08318	1.08243	1.08248	2281
2025-03-24 03:00:00	1.08248	1.08292	1.08246	1.08274	3122
2025-03-24 03:30:00	1.08274	1.08275	1.08199	1.08202	2339
2025-03-24 04:00:00	1.08201	1.08223	1.08169	1.08191	2362
2025-03-24 04:30:00	1.08192	1.08242	1.0819	1.08227	1295
2025-03-24 05:00:00	1.08225	1.08259	1.0818	1.08257	2310
2025-03-24 05:30:00	1.08258	1.08307	1.08243	1.08289	2050
2025-03-24 06:00:00	1.0829	1.08393	1.08279	1.08381	2844
2025-03-24 06:30:00	1.08381	1.08444	1.08366	1.08396	2953
2025-03-24 07:00:00	1.08394	1.08494	1.08374	1.08486	3838
2025-03-24 07:30:00	1.08486	1.08499	1.08329	1.08379	4052
2025-03-24 08:00:00	1.08381	1.08579	1.08371	1.08541	6215
2025-03-24 08:30:00	1.08542	1.08542	1.08392	1.08427	4948
2025-03-24 09:00:00	1.08432	1.0845	1.08287	1.08333	4242
2025-03-24 09:30:00	1.08331	1.08443	1.08283	1.0839	4687
2025-03-24 10:00:00	1.08394	1.0852	1.08364	1.08519	3269
2025-03-24 10:30:00	1.0852	1.08547	1.08459	1.08478	4676
2025-03-24 11:00:00	1.08478	1.08492	1.08436	1.08455	3038
2025-03-24 11:30:00	1.08455	1.08465	1.08321	1.08323	3185
2025-03-24 12:00:00	1.08323	1.08344	1.08215	1.08245	3421
2025-03-24 12:30:00	1.08244	1.08297	1.08216	1.08296	5345
2025-03-24 13:00:00	1.08297	1.08303	1.08173	1.08221	3680
2025-03-24 13:30:00	1.08219	1.08249	1.07923	1.07933	6474
2025-03-24 14:00:00	1.07931	1.08201	1.07903	1.08119	9815
2025-03-24 14:30:00	1.08118	1.08118	1.07941	1.07991	6622
2025-03-24 15:00:00	1.07994	1.08051	1.07929	1.07958	6610
2025-03-24 15:30:00	1.07957	1.08038	1.07904	1.07936	5776
2025-03-24 16:00:00	1.07939	1.08069	1.07935	1.07961	4483
2025-03-24 16:30:00	1.07961	1.0798	1.07813	1.07917	5996
2025-03-24 17:00:00	1.07919	1.07962	1.07881	1.07941	2564
2025-03-24 17:30:00	1.07943	1.07946	1.07845	1.07874	3071
2025-03-24 18:00:00	1.07875	1.07936	1.07838	1.07932	1951
2025-03-24 18:30:00	1.07931	1.0813	1.07931	1.08048	4299
2025-03-24 19:00:00	1.08053	1.0807	1.08011	1.0803	1593
2025-03-24 19:30:00	1.0803	1.08037	1.0797	1.08021	1147
2025-03-24 20:00:00	1.0802	1.0806	1.08008	1.08028	659
2025-03-24 20:30:00	1.08028	1.08028	1.07995	1.08004	1577
2025-03-24 21:00:00	1.08003	1.08014	1.07954	1.07965	1046
2025-03-24 21:30:00	1.07963	1.08004	1.07952	1.07995	1421
2025-03-24 22:00:00	1.07994	1.08024	1.07946	1.07987	892
2025-03-24 22:30:00	1.07987	1.08023	1.07981	1.08021	362
2025-03-24 23:00:00	1.08022	1.08033	1.08004	1.0802	585
2025-03-24 23:30:00	1.08019	1.08032	1.08004	1.08022	500
2025-03-25 00:00:00	1.08022	1.08023	1.07961	1.07961	1156
2025-03-25 00:30:00	1.0796	1.08025	1.07959	1.08001	1213
2025-03-25 01:00:00	1.08	1.08084	1.07998	1.08043	1607
2025-03-25 01:30:00	1.08042	1.08064	1.08013	1.08022	1385
2025-03-25 02:00:00	1.08021	1.08049	1.07978	1.07985	1372
2025-03-25 02:30:00	1.07985	1.08014	1.0794	1.07964	1527
2025-03-25 03:00:00	1.07964	1.0803	1.07957	1.07999	1408
2025-03-25 03:30:00	1.07999	1.08034	1.07989	1.08029	1477
2025-03-25 04:00:00	1.08031	1.08078	1.08025	1.08076	1251
2025-03-25 04:30:00	1.08076	1.08087	1.08029	1.08032	1405
2025-03-25 05:00:00	1.08031	1.0807	1.08018	1.08059	1086
2025-03-25 05:30:00	1.08058	1.08058	1.08009	1.08028	1127
2025-03-25 06:00:00	1.08029	1.08044	1.07959	1.07961	2282
2025-03-25 06:30:00	1.0796	1.07985	1.07927	1.07943	2389
2025-03-25 07:00:00	1.07944	1.08018	1.07893	1.07933	6691
2025-03-25 07:30:00	1.07932	1.07935	1.07849	1.07871	3762
2025-03-25 08:00:00	1.07873	1.07898	1.07767	1.07783	6210
2025-03-25 08:30:00	1.07783	1.07922	1.07781	1.07901	4521
2025-03-25 09:00:00	1079	1.07995	1.07873	1.07978	4746
2025-03-25 09:30:00	1.07979	1.08039	1.0794	1.08005	4043
2025-03-25 10:00:00	1.08004	1.08188	1.07997	1.08169	12675
2025-03-25 10:30:00	1.08167	1.08243	1.08109	1.08199	6795
2025-03-25 11:00:00	1.08199	1.08238	1.08107	1.08207	4886
2025-03-25 11:30:00	1.08206	1.08275	1.08161	1.08176	6897
2025-03-25 12:00:00	1.08178	1.08226	1.08156	1.08209	4104
2025-03-25 12:30:00	1.08209	1083	1.08191	1.08249	4530
2025-03-25 13:00:00	1.08248	1.08275	1.08186	1.08223	7289
2025-03-25 13:30:00	1.08222	1.08262	1.08136	1.08167	6590
2025-03-25 14:00:00	1.08167	1.08216	1.08017	1.08058	6943
2025-03-25 14:30:00	1.08059	1082	1.08045	1.08124	12079
2025-03-25 15:00:00	1.08125	1.08194	1.08121	1.08177	5142
2025-03-25 15:30:00	1.08181	1.08183	1.0797	1.0803	8422
2025-03-25 16:00:00	1.0803	1.0812	1.08018	1.08099	19545
2025-03-25 16:30:00	1.08095	1.0813	1.08052	1.08064	4186
2025-03-25 17:00:00	1.08065	1.08167	1.08064	1.08089	3040
2025-03-25 17:30:00	1.08091	1.08119	1.08058	1.08096	2368
2025-03-25 18:00:00	1.08093	1.08093	1.08008	1.08016	1331
2025-03-25 18:30:00	1.08017	1.08042	1.07969	1.07983	1842
2025-03-25 19:00:00	1.07985	1.08017	1.07906	1.0791	2550
2025-03-25 19:30:00	1.07912	1.07989	1.07912	1.07952	1935
2025-03-25 20:00:00	1.07951	1.07956	1.07898	1.0791	879
2025-03-25 20:30:00	1.07909	1.07929	1.07899	1.07905	965
2025-03-25 21:00:00	1.07905	1.07939	1.07885	1.07904	584
2025-03-25 21:30:00	1.07905	1.07925	1.07904	1.07908	273
2025-03-25 22:00:00	1.0791	1.0794	1.07905	1.07913	1472
2025-03-25 22:30:00	1.07912	1.07912	1.07878	1.07883	684
2025-03-25 23:00:00	1.07884	1.07889	1.07861	1.07873	486
2025-03-25 23:30:00	1.07872	1.07888	1.07852	1.07888	452
2025-03-26 00:00:00	1.07889	1.07922	1.07867	1.07891	1069
2025-03-26 00:30:00	1.07886	1.0792	1.07835	1.07841	1717
2025-03-26 01:00:00	1.0784	1.07871	1.07777	1.07862	2603
2025-03-26 01:30:00	1.07862	1.07952	1.07856	1.07934	2290
2025-03-26 02:00:00	1.07934	1.07954	1.07902	1.07939	1373
2025-03-26 02:30:00	1.07939	1.0797	1.07927	1.07951	1050
2025-03-26 03:00:00	1.0795	1.0796	1.07897	1079	1244
2025-03-26 03:30:00	1.07899	1.07911	1.07837	1.07857	1090
2025-03-26 04:00:00	1.07858	1.07878	1.07824	1.07849	783
2025-03-26 04:30:00	1.07849	1.07853	1.07809	1.07841	1111
2025-03-26 05:00:00	1.07839	1.07841	1.07777	1.07826	1531
2025-03-26 05:30:00	1.07826	1.07868	1.07816	1.0785	1923
2025-03-26 06:00:00	1.0785	1.0788	1.07821	1.07872	2195
2025-03-26 06:30:00	1.0787	1.07881	1.07821	1.07868	1735
2025-03-26 07:00:00	1.07868	1.07913	1.07811	1.07902	3454
2025-03-26 07:30:00	1.07902	1.07906	1.07828	1.0786	3562
2025-03-26 08:00:00	1.07859	1.07938	1.07851	1.07924	4337
2025-03-26 08:30:00	1.07923	1.07996	1.07885	1.0799	4130
2025-03-26 09:00:00	1.0799	1.07998	1.07928	1.0798	2969
2025-03-26 09:30:00	1.07981	1.08025	1.07941	1.07958	2759
2025-03-26 10:00:00	1.07957	1.08014	1.07939	1.07957	2222
2025-03-26 10:30:00	1.07956	1.07958	1.07865	1.07916	2656
2025-03-26 11:00:00	1.07915	1.07948	1.07886	1.07925	2397
2025-03-26 11:30:00	1.07928	1.07976	1.07911	1.07922	2490
2025-03-26 12:00:00	1.07922	1.07935	1.07826	1.07913	3154
2025-03-26 12:30:00	1.07913	1.07913	1.07817	1.07841	5191
2025-03-26 13:00:00	1.07843	1.07906	1.07702	1.07705	5882
2025-03-26 13:30:00	1.07705	1.07793	1.07675	1.07747	6102
2025-03-26 14:00:00	1.07745	1.0795	1.07729	1.07925	5792
2025-03-26 14:30:00	1.07928	1.07951	1.07878	1.07906	5027
2025-03-26 15:00:00	1.07905	1.07943	1.07816	1.07849	4519
2025-03-26 15:30:00	1.07849	1.07895	1.07673	1.07807	6171
2025-03-26 16:00:00	1.07807	1.07906	1.07767	1.07877	6256
2025-03-26 16:30:00	1.07878	1.07915	1.07861	1.07874	3740
2025-03-26 17:00:00	1.07875	1.07891	1.07547	1.07568	7580
2025-03-26 17:30:00	1.07567	1.07708	1.07516	1.07565	6621
2025-03-26 18:00:00	1.07563	1.07614	1.07537	1.07546	3603
2025-03-26 18:30:00	1.07549	1.07588	1.0753	1.07551	2231
2025-03-26 19:00:00	1.07552	1.07558	1.07449	1.07454	1953
2025-03-26 19:30:00	1.07455	1.07532	1.07437	1.07512	2677
2025-03-26 20:00:00	1.07512	1.07556	1.07505	1.07532	1387
2025-03-26 20:30:00	1.07532	1.07565	1.07503	1.07528	1741
2025-03-26 21:00:00	1.07524	1.07556	1.07354	1.07372	1568
2025-03-26 21:30:00	1.07371	1.07438	1.07344	1.07362	1236
2025-03-26 22:00:00	1.07363	1.07444	1.07328	1.07347	3624
2025-03-26 22:30:00	1.07347	1.07396	1.07331	1.0737	1395
2025-03-26 23:00:00	1.07368	1.07425	1.07354	1.0741	1178
2025-03-26 23:30:00	1.07408	1.07443	1.07402	1.07409	824
2025-03-27 00:00:00	1.07411	1.07496	1.07407	1.07448	1965
2025-03-27 00:30:00	1.07448	1.07574	1.07443	1.07554	2067
2025-03-27 01:00:00	1.07555	1.07641	1.0755	1.0764	2106
2025-03-27 01:30:00	1.07644	1.07688	1.07606	1.07649	2459
2025-03-27 02:00:00	1.07649	1.07771	1.07649	1.07763	2253
2025-03-27 02:30:00	1.07765	1.07798	1.07748	1.07758	1953
2025-03-27 03:00:00	1.07758	1.07786	1.07727	1.07739	1312
2025-03-27 03:30:00	1.07739	1.07797	1.07737	1.0778	1075
2025-03-27 04:00:00	1.07782	1.0786	1.07769	1.07855	1318
2025-03-27 04:30:00	1.07855	1.07869	1.07796	1.07803	1293
2025-03-27 05:00:00	1.07802	1.07811	1.07772	1.07792	995
2025-03-27 05:30:00	1.07791	1.07791	1.07636	1.07691	2497
2025-03-27 06:00:00	1.0769	1.07764	1.0768	1.07739	2315
2025-03-27 06:30:00	1.07741	1.07824	1.07716	1.07729	3096
2025-03-27 07:00:00	1.07729	1.07743	1.07623	1.07639	5762
2025-03-27 07:30:00	1.07638	1.07694	1.0754	1.07644	4817
2025-03-27 08:00:00	1.07646	1.07662	1.07554	1.0758	7308
2025-03-27 08:30:00	1.07578	1.07766	1.07569	1.07758	4730
2025-03-27 09:00:00	1.07756	1.0779	1.07655	1.07661	3975
2025-03-27 09:30:00	1.07661	1.07712	1.0761	1.07707	3228
2025-03-27 10:00:00	1.07706	1.07742	1.07665	1.07697	4205
2025-03-27 10:30:00	1.07696	1.07816	1.07676	1.07816	3103
2025-03-27 11:00:00	1.07815	1.07995	1.07786	1.07845	3870
2025-03-27 11:30:00	1.07843	1.0788	1.07792	1.07868	3218
2025-03-27 12:00:00	1.07868	1.07939	1.07838	1.07888	3126
2025-03-27 12:30:00	1.07889	1.07981	1.0783	1.07868	4333
2025-03-27 13:00:00	1.0787	1.07924	1.07769	1.07795	3736
2025-03-27 13:30:00	1.07795	1.07971	1.07762	1.07797	5060
2025-03-27 14:00:00	1078	1.07881	1.07779	1.07813	4633
2025-03-27 14:30:00	1.07813	1.07945	1.07771	1.07891	4460
2025-03-27 15:00:00	1.07892	1.07984	1.07853	1.07976	3950
2025-03-27 15:30:00	1.07974	1.0821	1.07967	1.07995	8455
2025-03-27 16:00:00	1.07995	1.07998	1.07929	1.07959	5169
2025-03-27 16:30:00	1.07961	1.07992	1.07914	1.07989	3328
2025-03-27 17:00:00	1.07989	1.08085	1.07964	1.07979	3057
2025-03-27 17:30:00	1.0798	1.07992	1.07893	1.07895	2532
2025-03-27 18:00:00	1.07896	1.07964	1.07889	1.07958	1605
2025-03-27 18:30:00	1.07958	1.07981	1.07904	1.07908	1764
2025-03-27 19:00:00	1.07907	1.07981	1.07881	1.07979	1407
2025-03-27 19:30:00	1.07978	1.07996	1.07938	1.07947	1490
2025-03-27 20:00:00	1.07945	1.07984	1.07936	1.07965	456
2025-03-27 20:30:00	1.07964	1.0802	1.07959	1.08007	944
2025-03-27 21:00:00	1.08004	1.08004	1.07941	1.07968	1227
2025-03-27 21:30:00	1.07969	1.07973	1.07957	1.07969	423
2025-03-27 22:00:00	1.07971	1.07987	1.07955	1.07963	689
2025-03-27 22:30:00	1.07964	1.07981	1.07951	1.07963	523
2025-03-27 23:00:00	1.07963	1.07979	1.0796	1.07971	396
2025-03-27 23:30:00	1.07971	1.08012	1.07966	1.08006	562
2025-03-28 00:00:00	1.08005	1.08005	1.07917	1.0794	1632
2025-03-28 00:30:00	1.07942	1.0795	1.07879	1.07948	2204
2025-03-28 01:00:00	1.07949	1.0798	1.07924	1.07935	2199
2025-03-28 01:30:00	1.07934	1.07987	1.07913	1.07934	1466
2025-03-28 02:00:00	1.07936	1.07967	1.07929	1.07936	1405
2025-03-28 02:30:00	1.07935	1.07946	1.07901	1.07944	1597
2025-03-28 03:00:00	1.07944	1.07967	1.07927	1.07927	962
2025-03-28 03:30:00	1.07929	1.07943	1.07907	1.07917	1103
2025-03-28 04:00:00	1.07917	1.07928	1.07845	1.07867	1763
2025-03-28 04:30:00	1.07868	1.07903	1.07854	1.07884	1058
2025-03-28 05:00:00	1.07884	1.07904	1.07861	1.07891	1465
2025-03-28 05:30:00	1.07891	1.07931	1.07866	1.07907	1546
2025-03-28 06:00:00	1.07906	1.0792	1.07854	1.0786	1370
2025-03-28 06:30:00	1.07858	1.07895	1.07824	1.07848	1631
2025-03-28 07:00:00	1.07848	1.07995	1.07836	1.07992	3042
2025-03-28 07:30:00	1.07993	1.07998	1.07815	1.0787	3485
2025-03-28 08:00:00	1.07867	1.07964	1.07784	1.07797	4494
2025-03-28 08:30:00	1.07797	1.0782	1.07751	1.07782	3770
2025-03-28 09:00:00	1.07782	1.07804	1.07687	1.07714	4048
2025-03-28 09:30:00	1.07715	1.07795	1.07702	1.07734	3401
2025-03-28 10:00:00	1.07735	1.0776	1.07674	1.0776	3235
2025-03-28 10:30:00	1.07764	1.07784	1.07685	1.07685	3433
2025-03-28 11:00:00	1.07686	1.07717	1.07644	1.0771	2435
2025-03-28 11:30:00	1.07711	1.07747	1.07678	1.07716	2360
2025-03-28 12:00:00	1.07717	1.07738	1.07653	1.07697	2728
2025-03-28 12:30:00	1.07695	1.07918	1.07651	1.07888	5650
2025-03-28 13:00:00	1.07887	1.08099	1.07847	1.0804	7214
2025-03-28 13:30:00	1.08038	1.08168	1.08	1.08103	5533
2025-03-28 14:00:00	1.08103	1.08311	1.0809	1.08274	5680
2025-03-28 14:30:00	1.08274	1.08314	1.08187	1.08229	4978
2025-03-28 15:00:00	1.08229	1.08432	1.08228	1.08407	5631
2025-03-28 15:30:00	1.08405	1.08447	1.08189	1.08248	5984
2025-03-28 16:00:00	1.08249	1.0833	1.08215	1.08307	4190
2025-03-28 16:30:00	1.08309	1.08325	1.08199	1.08215	2804
2025-03-28 17:00:00	1.08215	1.08236	1.0812	1.08178	2996
2025-03-28 17:30:00	1.08178	1.08286	1.08167	1.08195	2779
2025-03-28 18:00:00	1.08193	1.08216	1.08135	1.08198	1969
2025-03-28 18:30:00	1.08196	1.08277	1.08191	1.08243	2632
2025-03-28 19:00:00	1.08244	1.08285	1.08242	1.08258	1837
2025-03-28 19:30:00	1.08258	1.08285	1.08229	1.08255	2052
2025-03-28 20:00:00	1.08254	1.08325	1.0825	1.08323	764
2025-03-28 20:30:00	1.08323	1.08359	1.08237	1.08237	2667
2025-03-30 21:00:00	1.08228	1.0828	1.08219	1.08238	95
2025-03-30 21:30:00	1.08239	1.08239	1.08139	1.0815	419
2025-03-30 22:00:00	1.08149	1.08181	1.08049	1.08137	3879
2025-03-30 22:30:00	1.08136	1.08221	1.08129	1.08205	1770
2025-03-30 23:00:00	1.08206	1.0829	1.08106	1.08118	3190
2025-03-30 23:30:00	1.08117	1.0825	1.08116	1.08234	2433
2025-03-31 00:00:00	1.08235	1.08341	1.0823	1.08318	2891
2025-03-31 00:30:00	1.08319	1.08415	1.08313	1.08415	2622
2025-03-31 01:00:00	1.08415	1.08448	1.08399	1.08444	3108
2025-03-31 01:30:00	1.08443	1.08454	1.0831	1.08324	4123
2025-03-31 02:00:00	1.08323	1.08433	1.08288	1.08416	2528
2025-03-31 02:30:00	1.08415	1.08458	1.08399	1.08404	1635
2025-03-31 03:00:00	1.08404	1.08414	1.08347	1.08367	2991
2025-03-31 03:30:00	1.08366	1.08376	1.08323	1.08327	1551
2025-03-31 04:00:00	1.08328	1.08358	1.08313	1.08335	1720
2025-03-31 04:30:00	1.08333	1.08349	1.0831	1.08341	2011
2025-03-31 05:00:00	1.08341	1.08412	1.08314	1.08394	2314
2025-03-31 05:30:00	1.08393	1.08427	1.08311	1.08342	2373
2025-03-31 06:00:00	1.08342	1.08348	1.08247	1.08293	4874
2025-03-31 06:30:00	1.08292	1.08447	1.08281	1.08371	5413
2025-03-31 07:00:00	1.08371	1.08492	1.08259	1.08274	7775
2025-03-31 07:30:00	1.08272	1.08334	1.08206	1.08313	5095
2025-03-31 08:00:00	1.08313	1.0834	1.08115	1.0812	5690
2025-03-31 08:30:00	1.08117	1.08296	1.08117	1.08273	4118
2025-03-31 09:00:00	1.08272	1.08303	1.08248	1.08259	3313
2025-03-31 09:30:00	1.08259	1.0827	1.08145	1.0816	3103
2025-03-31 10:00:00	1.08159	1.0819	1.08054	1.08155	4279
2025-03-31 10:30:00	1.08155	1.08208	1.08097	1.08182	4214
2025-03-31 11:00:00	1.08183	1.08291	1.0815	1.08184	4656
2025-03-31 11:30:00	1.08182	1.08272	1.08171	1.0819	3839
