Timestamp	Open	High	Low	Close	Volume
2024-11-01 17:30:00	1.08462	1.08462	1.0835	1.08357	3076
2024-11-01 17:45:00	1.08358	1.08383	1.0834	1.08361	2921
2024-11-01 18:00:00	1.0836	1.08415	1.08359	1.08384	1974
2024-11-01 18:15:00	1.08384	1.08413	1.08367	1.08409	3287
2024-11-01 18:30:00	1.08409	1.08455	1.08403	1.08409	3518
2024-11-01 18:45:00	1.08409	1.08412	1.08374	1.08393	2760
2024-11-01 19:00:00	1.08389	1.08416	1.0837	1.08398	2091
2024-11-01 19:15:00	1.08397	1.08403	1.08368	1.0837	1931
2024-11-01 19:30:00	1.08371	1.08378	1.08344	1.08352	1325
2024-11-01 19:45:00	1.08352	1.08366	1.08346	1.08358	1938
2024-11-01 20:00:00	1.08359	1.0837	1.0832	1.08324	1253
2024-11-01 20:15:00	1.08324	1.08329	1.08317	1.08323	1035
2024-11-01 20:30:00	1.08322	1.08351	1.0832	1.08342	2945
2024-11-01 20:45:00	1.08343	1.08353	1.08325	1.08327	3411
2024-11-03 22:00:00	1.08778	1088	1.08754	1.0878	1004
2024-11-03 22:15:00	1.0878	1.08789	1.08749	1.08767	492
2024-11-03 22:30:00	1.08767	1.08788	1.08766	1.0878	241
2024-11-03 22:45:00	1.0878	1.08809	1.0878	1.08806	416
2024-11-03 23:00:00	1.08811	1.08811	1.08719	1.08767	3161
2024-11-03 23:15:00	1.08766	1.08766	1.08732	1.0876	1384
2024-11-03 23:30:00	1.0876	1.0877	1.08743	1.08758	2659
2024-11-03 23:45:00	1.08759	1.08769	1.08727	1.08727	1987
2024-11-04 00:00:00	1.08728	1.08747	1087	1.08702	2664
2024-11-04 00:15:00	1.08702	1.08727	1.08699	1.08717	2488
2024-11-04 00:30:00	1.08718	1.08734	1.08709	1.08729	2085
2024-11-04 00:45:00	1.08728	1.08791	1.08728	1.08771	2509
2024-11-04 01:00:00	1.08772	1.08799	1.08767	1.08797	2456
2024-11-04 01:15:00	1.08799	1.08868	1.08799	1.08844	2144
2024-11-04 01:30:00	1.08844	1.08873	1.08821	1.08847	3079
2024-11-04 01:45:00	1.08845	1.08912	1.08838	1.08882	3469
2024-11-04 02:00:00	1.08882	1.08902	1.08871	1.08883	3697
2024-11-04 02:15:00	1.08882	1.08897	1.08847	1.08886	4402
2024-11-04 02:30:00	1.08887	1.08919	1.08867	1.08913	3969
2024-11-04 02:45:00	1.08912	1.08942	1.08911	1.08941	3752
2024-11-04 03:00:00	1.08942	1.0901	1.08942	1.09001	4398
2024-11-04 03:15:00	1.09002	1.09009	1.08985	1.08987	4538
2024-11-04 03:30:00	1.0899	1.09032	1.08965	1.09013	1653
2024-11-04 03:45:00	1.09013	1.09049	1.09001	1.09015	2572
2024-11-04 04:00:00	1.09015	1.0903	1.08997	1.09001	3169
2024-11-04 04:15:00	1.09	1.09	1.0898	1.08987	2156
2024-11-04 04:30:00	1.08989	1.09022	1.08974	1.09019	1830
2024-11-04 04:45:00	1.0902	1.09026	1.08967	1.08974	2743
2024-11-04 05:00:00	1.08973	1.08975	1.08942	1.08952	3009
2024-11-04 05:15:00	1.08953	1.08965	1.08942	1.08951	2856
2024-11-04 05:30:00	1.0895	1.0897	1.08946	1.08966	3567
2024-11-04 05:45:00	1.08965	1.08999	1.08945	1.08988	3266
2024-11-04 06:00:00	1.08988	1.09019	1.08949	1.08955	3504
2024-11-04 06:15:00	1.08956	1.08991	1.08949	1.0897	3258
2024-11-04 06:30:00	1.08969	1.08976	1.08946	1.08957	3517
2024-11-04 06:45:00	1.08957	1.08957	1.08912	1.08915	4423
2024-11-04 07:00:00	1.08915	1.08921	1.08887	1.08912	5291
2024-11-04 07:15:00	1.08912	1.08946	1.08871	1.08891	3201
2024-11-04 07:30:00	1.0889	1.08955	1.0889	1.08922	2004
2024-11-04 07:45:00	1.08923	1.08931	1.08881	1.08912	2409
2024-11-04 08:00:00	1.08913	1.09007	1.08896	1.08992	3689
2024-11-04 08:15:00	1.08994	1.08999	1.08934	1.08952	3775
2024-11-04 08:30:00	1.08952	1.08956	1.08902	1.08915	3909
2024-11-04 08:45:00	1.08916	1.08942	1.08892	1.08928	3614
2024-11-04 09:00:00	1.08927	1.08963	1.08911	1.08962	3373
2024-11-04 09:15:00	1.08963	1.08983	1.08921	1.08975	2645
2024-11-04 09:30:00	1.08976	1.09021	1.08971	1.09003	2131
2024-11-04 09:45:00	1.09004	1.09008	1.0895	1.08962	3964
2024-11-04 10:00:00	1.08961	1.08984	1.0895	1.08977	2264
2024-11-04 10:15:00	1.08977	1.08983	1.08936	1.08968	2403
2024-11-04 10:30:00	1.08967	1.09028	1.08965	1.09018	1550
2024-11-04 10:45:00	1.09018	1.09022	1.0898	1.09016	1595
2024-11-04 11:00:00	1.09016	1.09047	1.09007	1.09034	2034
2024-11-04 11:15:00	1.09033	1.09042	1.09001	1.09014	3863
2024-11-04 11:30:00	1.09015	1.09084	1.08995	1.09079	2279
2024-11-04 11:45:00	1.09078	1.0914	1.09071	1.09134	1961
2024-11-04 12:00:00	1.09133	1.09147	1.09029	1.0903	4200
2024-11-04 12:15:00	1.09033	1.09097	1.09025	1.09081	3014
2024-11-04 12:30:00	1.09084	1.09091	1.09035	1.09035	2984
2024-11-04 12:45:00	1.09035	1.09065	1.09015	1.09045	3299
2024-11-04 13:00:00	1.09046	1.09079	1.09027	1.09079	3988
2024-11-04 13:15:00	1.0908	1.0909	1.08939	1.08952	4174
2024-11-04 13:30:00	1.08951	1.08986	1.08933	1.08983	3997
2024-11-04 13:45:00	1.08982	1.09092	1.08974	1.09052	2975
2024-11-04 14:00:00	1.0905	1.09096	1.09023	1.09055	4874
2024-11-04 14:15:00	1.09056	1.09073	1.09002	1.0901	3571
2024-11-04 14:30:00	1.0901	1.09051	1.09003	1.09032	4917
2024-11-04 14:45:00	1.09034	1.09046	1.08955	1.08997	6707
2024-11-04 15:00:00	1.08995	1.09069	1.08981	1.09041	6722
2024-11-04 15:15:00	1.0904	1.09081	1.08985	1.09028	6073
2024-11-04 15:30:00	1.09028	1.09074	1.0901	1.09036	5035
2024-11-04 15:45:00	1.09036	1.09036	1.0896	1.08992	4835
2024-11-04 16:00:00	1.08992	1.09009	1.0891	1.0891	4099
2024-11-04 16:15:00	1.08908	1.08929	1.08859	1.08888	3420
2024-11-04 16:30:00	1.08887	1.0892	1.08868	1.0888	2780
2024-11-04 16:45:00	1.08881	1.08886	1.08802	1.0884	4597
2024-11-04 17:00:00	1.08841	1.08844	1.08798	1.08833	2722
2024-11-04 17:15:00	1.08834	1.08933	1.08831	1.0892	2326
2024-11-04 17:30:00	1.08921	1.08937	1.08825	1.08836	2733
2024-11-04 17:45:00	1.08837	1.08887	1.08825	1.08887	2266
2024-11-04 18:00:00	1.08887	1.08891	1.08806	1.08857	2803
2024-11-04 18:15:00	1.08856	1.0886	1.08797	1.08798	2219
2024-11-04 18:30:00	1.08799	1.08863	1.08781	1.08839	2255
2024-11-04 18:45:00	1.08838	1.08872	1.08832	1.08852	1284
2024-11-04 19:00:00	1.08853	1.08857	1.08802	1.08811	1602
2024-11-04 19:15:00	1.0881	1.08824	1.08796	1.08797	1239
2024-11-04 19:30:00	1.08796	1.08835	1.08777	1.08818	1212
2024-11-04 19:45:00	1.08818	1.08821	1.08778	1.08788	1507
2024-11-04 20:00:00	1.08788	1.08802	1.08771	1.08787	1164
2024-11-04 20:15:00	1.08787	1.08814	1.08782	1.08786	1209
2024-11-04 20:30:00	1.08785	1.08787	1.08755	1.0878	1446
2024-11-04 20:45:00	1.08778	1.08779	1.08753	1.08756	1714
2024-11-04 21:00:00	1.08756	1.08761	1.08739	1.0875	471
2024-11-04 21:15:00	1.08751	1.08757	1.08743	1.08743	515
2024-11-04 21:30:00	1.08743	1.0876	1.08743	1.08753	723
2024-11-04 21:45:00	1.08753	1.08775	1.08751	1.08767	841
2024-11-04 22:00:00	1.08757	1.0878	1.08752	1.08779	143
2024-11-04 22:15:00	1.08773	1.0878	1.0876	1.08773	123
2024-11-04 22:30:00	1.08772	1.08781	1.08772	1.0878	93
2024-11-04 22:45:00	1.08776	1.08787	1.08776	1.08786	118
2024-11-04 23:00:00	1.08786	1.08787	1.08779	1.08779	249
2024-11-04 23:15:00	1.08779	1.08781	1.08773	1.08774	280
2024-11-04 23:30:00	1.08774	1.08774	1.08748	1.08749	482
2024-11-04 23:45:00	1.0875	1.08751	1.08733	1.08735	834
2024-11-05 00:00:00	1.08736	1.08742	1.0873	1.08741	906
2024-11-05 00:15:00	1.08742	1.08756	1.08742	1.08747	623
2024-11-05 00:30:00	1.08746	1.08751	1.08724	1.08749	792
2024-11-05 00:45:00	1.08749	1.08765	1.08742	1.08756	983
2024-11-05 01:00:00	1.08756	1.08759	1.0873	1.08734	1253
2024-11-05 01:15:00	1.08735	1.08743	1.0873	1.08739	1293
2024-11-05 01:30:00	1.08739	1.08769	1.08733	1.08769	1693
2024-11-05 01:45:00	1.08769	1.0878	1.08763	1.08775	2099
2024-11-05 02:00:00	1.08776	1.08787	1.08765	1.08785	1462
2024-11-05 02:15:00	1.08785	1.08794	1.08769	1.08787	1398
2024-11-05 02:30:00	1.08788	1.08797	1.08775	1.08778	1029
2024-11-05 02:45:00	1.08778	1.0878	1.08753	1.08773	1712
2024-11-05 03:00:00	1.08773	1.08782	1.08768	1.0878	1851
2024-11-05 03:15:00	1.08779	1.08788	1.08778	1.08785	1998
2024-11-05 03:30:00	1.08785	1.08795	1.08767	1.08769	1458
2024-11-05 03:45:00	1.08769	1.08773	1.08752	1.08757	1416
2024-11-05 04:00:00	1.08757	1.08779	1.08753	1.08775	1637
2024-11-05 04:15:00	1.08774	1.08783	1.08767	1.08778	1437
2024-11-05 04:30:00	1.08778	1.08779	1.08758	1.08762	1616
2024-11-05 04:45:00	1.08762	1.08762	1.08743	1.08752	1418
2024-11-05 05:00:00	1.08752	1.0877	1.08749	1.08764	1184
2024-11-05 05:15:00	1.08765	1.08773	1.08764	1.08769	1074
2024-11-05 05:30:00	1.08768	1088	1.08768	1.0879	893
2024-11-05 05:45:00	1.08793	1.08796	1.08783	1.08786	1039
2024-11-05 06:00:00	1.08785	1.08804	1.08775	1.08783	1191
2024-11-05 06:15:00	1.08784	1.08795	1.08769	1.08778	1425
2024-11-05 06:30:00	1.08778	1.08799	1.08778	1.08791	1164
2024-11-05 06:45:00	1.08791	1.08822	1.08778	1.08808	1069
2024-11-05 07:00:00	1.08809	1.08877	1.08809	1.08859	2314
2024-11-05 07:15:00	1.08859	1.08898	1.08851	1.08874	2667
2024-11-05 07:30:00	1.08875	1.08907	1.08868	1.08892	2125
2024-11-05 07:45:00	1.08891	1.08892	1.08858	1.08886	2453
2024-11-05 08:00:00	1.08888	1.08903	1.08842	1.08871	5464
2024-11-05 08:15:00	1.08872	1.08897	1.08866	1.08881	4183
2024-11-05 08:30:00	1.08882	1.08941	1.08878	1.08916	2301
2024-11-05 08:45:00	1.08917	1.08929	1.08906	1.08919	2071
2024-11-05 09:00:00	1.08918	1.08976	1.08915	1.08971	1518
2024-11-05 09:15:00	1.08971	1.08976	1.08922	1.08926	2595
2024-11-05 09:30:00	1.08927	1.08937	1.08905	1.0892	2518
2024-11-05 09:45:00	1.08921	1.08931	1.08902	1.08917	1255
2024-11-05 10:00:00	1.08919	1.08938	1.0891	1.08931	1976
2024-11-05 10:15:00	1.08931	1.08932	1.08908	1.08918	2090
2024-11-05 10:30:00	1.08918	1.08933	1.0891	1.08929	1331
2024-11-05 10:45:00	1.08928	1.08944	1.0892	1.08939	1507
2024-11-05 11:00:00	1.08939	1.08983	1.08938	1.08948	1586
2024-11-05 11:15:00	1.08949	1.09015	1.08927	1.0901	1450
2024-11-05 11:30:00	1.0901	1.09017	1.08974	1.08998	2970
2024-11-05 11:45:00	1.08997	1.09012	1.08976	1.08994	1948
2024-11-05 12:00:00	1.08994	1.09014	1.08967	1.08969	1739
2024-11-05 12:15:00	1.0897	1.08981	1.08945	1.08956	1426
2024-11-05 12:30:00	1.08957	1.08974	1.08946	1.08963	1280
2024-11-05 12:45:00	1.08966	1.08976	1.0894	1.08957	1907
2024-11-05 13:00:00	1.08958	1.0898	1.08941	1.08957	2193
2024-11-05 13:15:00	1.08958	1.08971	1.08926	1.08926	1607
2024-11-05 13:30:00	1.08927	1.08985	1.08895	1.08972	3184
2024-11-05 13:45:00	1.0897	1.08979	1.0892	1.08927	3167
2024-11-05 14:00:00	1.08927	1.09038	1.08924	1.09036	2968
2024-11-05 14:15:00	1.09035	1.09108	1.09029	1.09073	4075
2024-11-05 14:30:00	1.09074	1.09111	1.09059	1.09066	5490
2024-11-05 14:45:00	1.09066	1.09072	1.09018	1.09061	5013
2024-11-05 15:00:00	1.09058	1.0906	1.08894	1.08973	7990
2024-11-05 15:15:00	1.08973	1.09074	1.08957	1.09037	4273
2024-11-05 15:30:00	1.09038	1.09122	1.09023	1.09047	5039
2024-11-05 15:45:00	1.09046	1.09097	1.09013	1.0902	5268
2024-11-05 16:00:00	1.09021	1.09129	1.09011	1.09129	3972
2024-11-05 16:15:00	1.09128	1.09195	1.09119	1.09151	2269
2024-11-05 16:30:00	1.09152	1.09189	1.0914	1.09179	2480
2024-11-05 16:45:00	1.09183	1.09205	1.09174	1.09199	2043
2024-11-05 17:00:00	1092	1.09241	1.09181	1.09241	2605
2024-11-05 17:15:00	1.0924	1.09249	1.09212	1.09246	1768
2024-11-05 17:30:00	1.09246	1.09293	1.09232	1.0929	1885
2024-11-05 17:45:00	1.09291	1.09303	1.09271	1.09302	1742
2024-11-05 18:00:00	1.09301	1.09337	1.09289	1.09321	3454
2024-11-05 18:15:00	1.09323	1.09359	1.0932	1.09354	1603
2024-11-05 18:30:00	1.09354	1.09365	1.09315	1.09344	4343
2024-11-05 18:45:00	1.09343	1.09356	1.09288	1.09303	3350
2024-11-05 19:00:00	1.09303	1.09309	1.09273	1.09278	3568
2024-11-05 19:15:00	1.09278	1.09334	1.09269	1.09316	3592
2024-11-05 19:30:00	1.09316	1.09324	1.09299	1.09309	3183
2024-11-05 19:45:00	1.09311	1.0934	1.09305	1.0931	2015
2024-11-05 20:00:00	1.09311	1.09311	1.09269	1.09295	1078
2024-11-05 20:15:00	1.09294	1.09294	1.09277	1.09278	857
2024-11-05 20:30:00	1.09277	1.09281	1.09262	1.09262	770
2024-11-05 20:45:00	1.09261	1.09267	1.09241	1.09251	1119
2024-11-05 21:00:00	1.0925	1.09267	1.09241	1.09258	687
2024-11-05 21:15:00	1.0926	1.09264	1.09249	1.09252	404
2024-11-05 21:30:00	1.0925	1.0927	1.09244	1.09261	634
2024-11-05 21:45:00	1.09264	1093	1.0926	1.09294	859
2024-11-05 22:00:00	1.09235	1.09272	1.09235	1.09248	177
2024-11-05 22:15:00	1.09248	1.09277	1.09244	1.09277	604
2024-11-05 22:30:00	1.09278	1.09292	1.09262	1.09267	281
2024-11-05 22:45:00	1.09267	1.09268	1.09235	1.09235	198
2024-11-05 23:00:00	1.09238	1.09269	1.09178	1.09184	1298
2024-11-05 23:15:00	1.09184	1.09184	1.09118	1.09173	2039
2024-11-05 23:30:00	1.09173	1.09296	1.09165	1.09263	2921
2024-11-05 23:45:00	1.09263	1.09369	1.09225	1.09339	3957
2024-11-06 00:00:00	1.09338	1.09339	1.08829	1.08945	10531
2024-11-06 00:15:00	1.08946	1.09011	1.08785	1.08785	14482
2024-11-06 00:30:00	1.08786	1.08821	1.08502	1.08506	19716
2024-11-06 00:45:00	1.08502	1.08551	1.08319	1.08362	15101
2024-11-06 01:00:00	1.08367	1.08448	1.08214	1.08415	17284
2024-11-06 01:15:00	1.08415	1.08571	1.08338	1.08354	11415
2024-11-06 01:30:00	1.08353	1.08396	1.08282	1.08385	11409
2024-11-06 01:45:00	1.08386	1.08502	1.08347	1.08364	10621
2024-11-06 02:00:00	1.08363	1.08392	1.08048	1.08052	14333
2024-11-06 02:15:00	1.08055	1.08186	1.07821	1.07823	13752
2024-11-06 02:30:00	1.07821	1.07923	1.07638	1.07762	19214
2024-11-06 02:45:00	1.07763	1.07871	1.07616	1.07624	15437
2024-11-06 03:00:00	1.07626	1.07795	1.07464	1.07612	17396
2024-11-06 03:15:00	1.07614	1.07713	1.07493	1.07615	14310
2024-11-06 03:30:00	1.07614	1.07635	1.0719	1.0719	13842
2024-11-06 03:45:00	1.07191	1.0748	1.0719	1.07464	13036
2024-11-06 04:00:00	1.07463	1.07623	1.07393	1076	12436
2024-11-06 04:15:00	1076	1.07658	1.07529	1.07541	9420
2024-11-06 04:30:00	1.07542	1.07879	1.07521	1.07726	10598
2024-11-06 04:45:00	1.07725	1.07792	1.07606	1.07775	10485
2024-11-06 05:00:00	1.07774	1.07944	1.07696	1.07696	13520
2024-11-06 05:15:00	1.07695	1.07927	1.07683	1.07759	13658
2024-11-06 05:30:00	1.0776	1.07763	1075	1.0762	12688
2024-11-06 05:45:00	1.0762	1.07663	1.07549	1076	10422
2024-11-06 06:00:00	1.07601	1.07615	1.07265	1.07302	13255
2024-11-06 06:15:00	1.07302	1.07394	1.07203	1.07204	10597
2024-11-06 06:30:00	1.07205	1.07266	1.07027	1.07128	12670
2024-11-06 06:45:00	1.07127	1.07276	1.07085	1.07252	12811
2024-11-06 07:00:00	1.07258	1.07425	1.07258	1.07398	13970
2024-11-06 07:15:00	1074	1.07523	1.07335	1.07492	13639
2024-11-06 07:30:00	1.0749	1.07497	1.07283	1.07302	12831
2024-11-06 07:45:00	1.07302	1.07428	1.0727	1.07342	10975
2024-11-06 08:00:00	1.07342	1.07468	1.0732	1.07407	11150
2024-11-06 08:15:00	1.07408	1.07545	1.07385	1.07506	8427
2024-11-06 08:30:00	1.07511	1.07706	1.0747	1.07655	11371
2024-11-06 08:45:00	1.07655	1.07812	1.07648	1.07731	10048
2024-11-06 09:00:00	1.07731	1.07741	1.07618	1.07676	8089
2024-11-06 09:15:00	1.07677	1.07678	1075	1.07559	11469
2024-11-06 09:30:00	1.07559	1.07647	1.0752	1.07563	9718
2024-11-06 09:45:00	1.07564	1.07645	1.07541	1.07551	7202
2024-11-06 10:00:00	1.07551	1.07571	1.07415	1.07465	7036
2024-11-06 10:15:00	1.07464	1.07618	1.07451	1.07579	4610
2024-11-06 10:30:00	1.07579	1.07583	1.07476	1.07491	5841
2024-11-06 10:45:00	1.07491	1.07528	1.07462	1.07465	4509
2024-11-06 11:00:00	1.07463	1.07467	1.07293	1.07304	7858
2024-11-06 11:15:00	1.07305	1.07327	1.07137	1.0717	10172
2024-11-06 11:30:00	1.0717	1.07214	1.07084	1.07106	8379
2024-11-06 11:45:00	1.07107	1.07125	1.07011	1.0708	9878
2024-11-06 12:00:00	1.07081	1.07187	1.07063	1.07106	13451
2024-11-06 12:15:00	1.07106	1.07136	1.0697	1.06976	10014
2024-11-06 12:30:00	1.06974	1.07006	1.06824	1.06882	10961
2024-11-06 12:45:00	1.06883	1.06989	1.06839	1.06885	8907
2024-11-06 13:00:00	1.06884	1.07115	1.06824	1.0704	10332
2024-11-06 13:15:00	1.07041	1.07143	1.06993	1.07041	11403
2024-11-06 13:30:00	1.0704	1.07133	1.07025	1.0709	7658
2024-11-06 13:45:00	1.0709	1.07192	1.07021	1.07098	11176
2024-11-06 14:00:00	1.07097	1.07199	1.07085	1.07183	8551
2024-11-06 14:15:00	1.07184	1.07199	1.07092	1.07094	7987
2024-11-06 14:30:00	1.07094	1.07112	1.06996	1.07068	9871
2024-11-06 14:45:00	1.07066	1.0719	1.06984	1.07156	9067
2024-11-06 15:00:00	1.07157	1.07374	1.07157	1.07226	10867
2024-11-06 15:15:00	1.07228	1.07291	1.07141	1.07282	8672
2024-11-06 15:30:00	1.07283	1.07317	1.07201	1.07238	10110
2024-11-06 15:45:00	1.07237	1.07397	1.07237	1.07383	10323
2024-11-06 16:00:00	1.07383	1.07452	1.07347	1.07362	8652
2024-11-06 16:15:00	1.07361	1.07368	1.07275	1.07308	8724
2024-11-06 16:30:00	1.07309	1.07326	1.07264	1.07304	4247
2024-11-06 16:45:00	1.07303	1.07323	1.0726	1.07313	5600
2024-11-06 17:00:00	1.07312	1.07399	1.07273	1.07376	4193
2024-11-06 17:15:00	1.07377	1.07447	1.0734	1.07425	6419
2024-11-06 17:30:00	1.07424	1.07424	1.07356	1.0736	6973
2024-11-06 17:45:00	1.0736	1.07365	1.07257	1.07272	2918
2024-11-06 18:00:00	1.07272	1.07465	1.07259	1.0745	6667
2024-11-06 18:15:00	1.07452	1.0758	1.07424	1.07536	5599
2024-11-06 18:30:00	1.07537	1.0755	1.07466	1.07518	4156
2024-11-06 18:45:00	1.07517	1.07576	1.07507	1.07529	4441
2024-11-06 19:00:00	1.0753	1.07534	1.07393	1.07397	5566
2024-11-06 19:15:00	1.07397	1.0746	1.0738	1.07425	2642
2024-11-06 19:30:00	1.07425	1.0745	1.07313	1.07319	3588
2024-11-06 19:45:00	1.0732	1.07352	1.07297	1.07351	3422
2024-11-06 20:00:00	1.07352	1.07384	1.07331	1.07354	5337
2024-11-06 20:15:00	1.07356	1.07374	1.07327	1.07358	4831
2024-11-06 20:30:00	1.07359	1.07377	1.07341	1.07358	1400
2024-11-06 20:45:00	1.07358	1.07375	1.07334	1.07353	2106
2024-11-06 21:00:00	1.07352	1.07359	1.07317	1.0732	867
2024-11-06 21:15:00	1.07321	1.07321	1.07293	1.07304	568
2024-11-06 21:30:00	1.07303	1.07322	1.07294	1.07313	892
2024-11-06 21:45:00	1.07315	1.07315	1.07267	1.07269	993
2024-11-06 22:00:00	1.07271	1.07294	1.07267	1.07278	444
2024-11-06 22:15:00	1.07278	1.07294	1.07268	1.07275	304
2024-11-06 22:30:00	1.07275	1.07282	1.07272	1.0728	185
2024-11-06 22:45:00	1.0728	1.07295	1.07249	1.07288	478
2024-11-06 23:00:00	1.07289	1.07341	1.07288	1.0733	542
2024-11-06 23:15:00	1.07331	1.07331	1.07308	1.07313	779
2024-11-06 23:30:00	1.07315	1.07321	1.07302	1.07312	1085
2024-11-06 23:45:00	1.07313	1.07344	1.07309	1.07315	1555
2024-11-07 00:00:00	1.07316	1.07372	1.07312	1.0736	2013
2024-11-07 00:15:00	1.07361	1.07366	1.0726	1.07283	3366
2024-11-07 00:30:00	1.07284	1.07303	1.07269	1.07285	2130
2024-11-07 00:45:00	1.07283	1.07302	1.07205	1.0721	3194
2024-11-07 01:00:00	1.0721	1.07286	1.07207	1.07275	3118
2024-11-07 01:15:00	1.07275	1.07275	1.07129	1.0714	5858
2024-11-07 01:30:00	1.0714	1.07173	1.0713	1.07171	3196
2024-11-07 01:45:00	1.07172	1.07227	1.07151	1.07176	3680
2024-11-07 02:00:00	1.07176	1.07273	1.07174	1.07252	2849
2024-11-07 02:15:00	1.07253	1.07305	1.0725	1.07291	2304
2024-11-07 02:30:00	1.07292	1.07342	1.07277	1.07337	1954
2024-11-07 02:45:00	1.07337	1.07368	1.07327	1.07366	2507
2024-11-07 03:00:00	1.07366	1.07375	1.07321	1.07343	1896
2024-11-07 03:15:00	1.07342	1.07377	1.07341	1.07372	1443
2024-11-07 03:30:00	1.07375	1.07399	1.07363	1.07392	1247
2024-11-07 03:45:00	1.07392	1.07413	1.0739	1.07398	1540
2024-11-07 04:00:00	1.07398	1.07399	1.07341	1.07373	1316
2024-11-07 04:15:00	1.07373	1.07454	1.07373	1.07407	2937
2024-11-07 04:30:00	1.07407	1.07411	1.07381	1.07383	2559
2024-11-07 04:45:00	1.07382	1.07392	1.07362	1.07377	1459
2024-11-07 05:00:00	1.07378	1.07416	1.07374	1.07413	1847
2024-11-07 05:15:00	1.07413	1.07418	1.07377	1.07408	1924
2024-11-07 05:30:00	1.07408	1.07424	1.07402	1.07418	1864
2024-11-07 05:45:00	1.07417	1.07477	1.07413	1.07461	2074
2024-11-07 06:00:00	1.0746	1.07464	1.07411	1.07423	3011
2024-11-07 06:15:00	1.07424	1.07469	1.07414	1.07469	1339
2024-11-07 06:30:00	1.07469	1.07485	1.07445	1.07484	1550
2024-11-07 06:45:00	1.07483	1.07504	1.07447	1.07499	2125
2024-11-07 07:00:00	1.07475	1.07645	1.0745	1.07605	3723
2024-11-07 07:15:00	1.07605	1.07701	1076	1.07645	3960
2024-11-07 07:30:00	1.07645	1.07654	1.07563	1.07609	5293
2024-11-07 07:45:00	1.07608	1.07608	1.07502	1.0752	5701
2024-11-07 08:00:00	1.07522	1.07602	1.07491	1.07596	5788
2024-11-07 08:15:00	1.07596	1.07709	1.07596	1.0768	6480
2024-11-07 08:30:00	1.07681	1.07689	1.07562	1.07601	7221
2024-11-07 08:45:00	1076	1.07716	1.07577	1.07688	4935
2024-11-07 09:00:00	1.07687	1.0769	1.07589	1.07591	6234
2024-11-07 09:15:00	1.07592	1.07627	1.07567	1.07621	4519
2024-11-07 09:30:00	1.07622	1.07638	1.07546	1.07548	5381
2024-11-07 09:45:00	1.07548	1.07557	1.07459	1.07462	4576
2024-11-07 10:00:00	1.07462	1.07572	1.07462	1.07568	2950
2024-11-07 10:15:00	1.0757	1.07665	1.0757	1.07581	2851
2024-11-07 10:30:00	1.07581	1076	1.07542	1.07559	4319
2024-11-07 10:45:00	1.07558	1.07577	1.07506	1.07559	4026
2024-11-07 11:00:00	1.07559	1.07565	1.07521	1.07545	3078
2024-11-07 11:15:00	1.07545	1.07618	1.07523	1.07603	2787
2024-11-07 11:30:00	1.07604	1.07622	1.07575	1.07579	2948
2024-11-07 11:45:00	1.07578	1.07601	1.07562	1.07589	2912
2024-11-07 12:00:00	1.0759	1.07644	1.07566	1.07617	7427
2024-11-07 12:15:00	1.07618	1.07696	1.07608	1.07693	3671
2024-11-07 12:30:00	1.07693	1.07715	1.07653	1.07668	4058
2024-11-07 12:45:00	1.07669	1.07779	1.07663	1.07752	6187
2024-11-07 13:00:00	1.07753	1.07923	1.07736	1.07919	6755
2024-11-07 13:15:00	1.07921	1.07938	1.07847	1.07852	7896
2024-11-07 13:30:00	1.0785	1.07897	1.07779	1.07827	10337
2024-11-07 13:45:00	1.07828	1.07946	1.07819	1.07923	6328
2024-11-07 14:00:00	1.07924	1.07932	1.07813	1.07822	6303
2024-11-07 14:15:00	1.07821	1.07973	1.07812	1.07962	4045
2024-11-07 14:30:00	1.07963	1.08167	1.07901	1.08142	6665
2024-11-07 14:45:00	1.08144	1.08159	1.08077	1.08092	7701
2024-11-07 15:00:00	1.08091	1.08178	1.08063	1.08174	5807
2024-11-07 15:15:00	1.08173	1082	1.08113	1.08186	6306
2024-11-07 15:30:00	1.08186	1.08247	1.08101	1.08111	6379
2024-11-07 15:45:00	1.0811	1.08177	1.08049	1.0811	7768
2024-11-07 16:00:00	1.0811	1.08149	1.07951	1.07964	8259
2024-11-07 16:15:00	1.07964	1.07968	1.07845	1.07864	7907
2024-11-07 16:30:00	1.07864	1.07948	1.07855	1.07934	4630
2024-11-07 16:45:00	1.07935	1.07943	1.0787	1.07915	3436
2024-11-07 17:00:00	1.07912	1.07946	1.07873	1.07937	3140
2024-11-07 17:15:00	1.07937	1.08003	1.07931	1.07997	2746
2024-11-07 17:30:00	1.07998	1.08018	1.0798	1.08001	3468
2024-11-07 17:45:00	1.08002	1.08062	1.08002	1.08047	1758
2024-11-07 18:00:00	1.08048	1.08066	1.07927	1.07968	2841
2024-11-07 18:15:00	1.07968	1.08025	1.07962	1.08011	1874
2024-11-07 18:30:00	1.08011	1.08014	1.0796	1.07983	2881
2024-11-07 18:45:00	1.07982	1.08005	1.07971	1.07977	3523
2024-11-07 19:00:00	1.07982	1.08034	1.07752	1.07882	10502
2024-11-07 19:15:00	1.07883	1.07927	1.07831	1.07838	7694
2024-11-07 19:30:00	1.07839	1.07992	1.07669	1.07757	15237
2024-11-07 19:45:00	1.0776	1.07966	1.07749	1.07817	16238
2024-11-07 20:00:00	1.07819	1.08088	1078	1.08068	11012
2024-11-07 20:15:00	1.08066	1.08094	1.08003	1.08029	6120
2024-11-07 20:30:00	1.0803	1.08049	1.07935	1.07939	6888
2024-11-07 20:45:00	1.07938	1.08035	1.0793	1.08025	3963
2024-11-07 21:00:00	1.08023	1.08023	1.07993	1.08017	1094
2024-11-07 21:15:00	1.08016	1.08033	1.07997	1.08017	640
2024-11-07 21:30:00	1.08016	1.08027	1.08004	1.08013	636
2024-11-07 21:45:00	1.08012	1.08038	1.08012	1.08038	463
2024-11-07 22:00:00	1.08038	1.08042	1.0803	1.08033	76
2024-11-07 22:15:00	1.08033	1.08033	1.08025	1.08025	706
2024-11-07 22:30:00	1.08025	1.08046	1.08025	1.08041	408
2024-11-07 22:45:00	1.08042	1.08048	1.08034	1.08035	340
2024-11-07 23:00:00	1.08044	1.08046	1.07979	1.07989	884
2024-11-07 23:15:00	1.07988	1.08013	1.07984	1.08	695
2024-11-07 23:30:00	1.08	1.08021	1.07994	1.08013	759
2024-11-07 23:45:00	1.08013	1.08018	1.07941	1.07954	1886
2024-11-08 00:00:00	1.07954	1.07956	1.07896	1.07939	2733
2024-11-08 00:15:00	1.07939	1.07964	1.07911	1.07939	2213
2024-11-08 00:30:00	1.07939	1.07973	1.0791	1.07911	2879
2024-11-08 00:45:00	1.07912	1.07924	1.07883	1.07904	3180
2024-11-08 01:00:00	1.07905	1.07913	1.07852	1.07853	3419
2024-11-08 01:15:00	1.07851	1.07858	1.07822	1.07832	3843
2024-11-08 01:30:00	1.07831	1.07837	1.0779	1.07821	5188
2024-11-08 01:45:00	1.07821	1.07889	1.0781	1.07868	3240
2024-11-08 02:00:00	1.07868	1.07898	1.07846	1.07878	4448
2024-11-08 02:15:00	1.07878	1.07893	1.07847	1.07862	3003
2024-11-08 02:30:00	1.0786	1.07883	1.07796	1.07808	3486
2024-11-08 02:45:00	1.0781	1.07825	1.07797	1.07809	3125
2024-11-08 03:00:00	1.07808	1.07864	1.07808	1.07863	1605
2024-11-08 03:15:00	1.07863	1.07887	1.07847	1.07849	2165
2024-11-08 03:30:00	1.07851	1.07854	1.07796	1.07808	2210
2024-11-08 03:45:00	1.07807	1.07828	1.07769	1.07781	1631
2024-11-08 04:00:00	1.07781	1.07807	1.07765	1.07804	1467
2024-11-08 04:15:00	1.07803	1.07837	1.07798	1.07818	1797
2024-11-08 04:30:00	1.0782	1.07821	1.07786	1.07798	1696
2024-11-08 04:45:00	1.07797	1.0783	1.07797	1.07828	1391
2024-11-08 05:00:00	1.07828	1.07839	1.07816	1.07832	2168
2024-11-08 05:15:00	1.07835	1.07863	1.07826	1.07843	2122
2024-11-08 05:30:00	1.07843	1.07853	1.07809	1.0782	1930
2024-11-08 05:45:00	1.07818	1.0785	1.07799	1.07817	2159
2024-11-08 06:00:00	1.07819	1.07837	1.07765	1.07766	3863
2024-11-08 06:15:00	1.07765	1.07778	1.07727	1.07773	4451
2024-11-08 06:30:00	1.07775	1.07783	1.07744	1.07769	3970
2024-11-08 06:45:00	1.07768	1.07788	1.07736	1.07773	3599
2024-11-08 07:00:00	1.07773	1.07823	1.07759	1.0781	3465
2024-11-08 07:15:00	1.0781	1.0781	1.0775	1.07776	3181
2024-11-08 07:30:00	1.07776	1.07813	1.07751	1.07807	2056
2024-11-08 07:45:00	1.07808	1.07838	1.0776	1.07796	4203
2024-11-08 08:00:00	1.07796	1.07817	1.07609	1.07673	12381
2024-11-08 08:15:00	1.07674	1.07781	1.07639	1.07773	7718
2024-11-08 08:30:00	1.07774	1.07826	1.07743	1.07766	7143
2024-11-08 08:45:00	1.07765	1.07815	1.07738	1.07787	5207
2024-11-08 09:00:00	1.07787	1.07883	1.07778	1.07848	5873
2024-11-08 09:15:00	1.07849	1.07891	1.07772	1.07806	6505
2024-11-08 09:30:00	1.07806	1.07853	1.07802	1.07834	4227
2024-11-08 09:45:00	1.07834	1.07842	1.07722	1.07789	4307
2024-11-08 10:00:00	1.07789	1.07795	1.0769	1.0776	4506
2024-11-08 10:15:00	1.07761	1.07781	1.07735	1.07764	3035
2024-11-08 10:30:00	1.07763	1.07767	1.07672	1.07693	3799
2024-11-08 10:45:00	1.07693	1.07785	1.07685	1.07785	3355
2024-11-08 11:00:00	1.07787	1.07859	1.07787	1.07853	2370
2024-11-08 11:15:00	1.07852	1.07949	1.07852	1.07947	3200
2024-11-08 11:30:00	1.07948	1.07974	1.07911	1.07911	2560
2024-11-08 11:45:00	1.07909	1.07909	1.07816	1.07829	5389
2024-11-08 12:00:00	1.07831	1.07843	1.07757	1.07762	5043
2024-11-08 12:15:00	1.07763	1.07792	1.07693	1.07716	4362
2024-11-08 12:30:00	1.07717	1.07765	1.07667	1.07702	3860
2024-11-08 12:45:00	1.07702	1.07751	1.07695	1.0772	7754
2024-11-08 13:00:00	1.07719	1.07726	1.07662	1.07669	5540
2024-11-08 13:15:00	1.0767	1.07694	1.0761	1.07627	6193
2024-11-08 13:30:00	1.07627	1.07629	1.07445	1.07498	7240
2024-11-08 13:45:00	1075	1.07587	1.0749	1.07527	4813
2024-11-08 14:00:00	1.07528	1.07595	1.07515	1.0757	4636
2024-11-08 14:15:00	1.07568	1.07656	1.0755	1.0765	3024
2024-11-08 14:30:00	1.07651	1.07656	1.07567	1.07573	5521
2024-11-08 14:45:00	1.07572	1.07594	1.07495	1.07516	4304
2024-11-08 15:00:00	1.07516	1.07517	1.07417	1.07455	7054
2024-11-08 15:15:00	1.07456	1.07458	1.07402	1.07424	5034
2024-11-08 15:30:00	1.07425	1.07504	1.07418	1.07475	6194
2024-11-08 15:45:00	1.07476	1.07522	1.07456	1.07483	8131
2024-11-08 16:00:00	1.07483	1.07502	1.0732	1.07322	8819
2024-11-08 16:15:00	1.07322	1.07332	1.07253	1.07293	4558
2024-11-08 16:30:00	1.07294	1.07301	1.07229	1.07253	5553
2024-11-08 16:45:00	1.07253	1.07259	1.07092	1.07096	4503
2024-11-08 17:00:00	1.07097	1.07113	1.06868	1.06948	8372
2024-11-08 17:15:00	1.06947	1.07002	1.06912	1.06977	6022
2024-11-08 17:30:00	1.06976	1.0702	1.06948	1.06994	4739
2024-11-08 17:45:00	1.06996	1.07131	1.06975	1.0709	5194
2024-11-08 18:00:00	1.07091	1.07187	1.0708	1.07162	4363
2024-11-08 18:15:00	1.07163	1.07173	1.0707	1.0707	3228
2024-11-08 18:30:00	1.0707	1.07083	1.07016	1.07021	3618
2024-11-08 18:45:00	1.07022	1.07075	1.06999	1.07065	3914
2024-11-08 19:00:00	1.07064	1.0711	1.07055	1071	3075
2024-11-08 19:15:00	1.07099	1.07129	1.07076	1.07085	3010
2024-11-08 19:30:00	1.07086	1.07131	1.07069	1.0712	3511
2024-11-08 19:45:00	1.0712	1.07153	1.07088	1.07136	3165
2024-11-08 20:00:00	1.07136	1.07145	1.07103	1.07126	2661
2024-11-08 20:15:00	1.07126	1.07157	1.07122	1.07139	1996
2024-11-08 20:30:00	1.0714	1.07186	1.07139	1.07184	8678
2024-11-08 20:45:00	1.07185	1.07196	1.07173	1.07175	5722
2024-11-08 21:00:00	1.07177	1.07203	1.07175	1.07194	1181
2024-11-08 21:15:00	1.07194	1.07212	1.0719	1.07208	659
2024-11-08 21:30:00	1.07207	1.07214	1.07175	1.07194	1149
2024-11-08 21:45:00	1.07194	1.07195	1.07173	1.07182	2046
2024-11-10 22:00:00	1.07093	1.07125	1.07086	1.0711	233
2024-11-10 22:15:00	1.0711	1.07128	1.07101	1.07126	369
2024-11-10 22:30:00	1.07122	1.07127	1.07101	1.07117	478
2024-11-10 22:45:00	1.07116	1.07121	1.07075	1.07079	1195
2024-11-10 23:00:00	1.07085	1.0713	1.07077	1.07099	868
2024-11-10 23:15:00	1071	1.07133	1.07093	1.07127	882
2024-11-10 23:30:00	1.07125	1.07169	1.07123	1.07134	1180
2024-11-10 23:45:00	1.07136	1.07167	1.07124	1.07132	1479
2024-11-11 00:00:00	1.07131	1.07134	1.07087	1.07127	2530
2024-11-11 00:15:00	1.07128	1.07184	1.07113	1.07184	2527
2024-11-11 00:30:00	1.07183	1.07187	1.07156	1.07161	2081
2024-11-11 00:45:00	1.07162	1.07177	1.07135	1.07168	2194
2024-11-11 01:00:00	1.07168	1.07217	1.07157	1.07212	2512
2024-11-11 01:15:00	1.07213	1.07277	1.07208	1.0725	2160
2024-11-11 01:30:00	1.07251	1.07271	1.07212	1.07231	2080
2024-11-11 01:45:00	1.07232	1.07237	1.07195	1.07202	1832
2024-11-11 02:00:00	1.07201	1.07245	1.07195	1.07243	1441
2024-11-11 02:15:00	1.07245	1.07252	1.07202	1.07206	1555
2024-11-11 02:30:00	1.07207	1.07231	1072	1.07224	1263
2024-11-11 02:45:00	1.07225	1.07249	1.07217	1.07228	959
2024-11-11 03:00:00	1.07228	1.07271	1.07227	1.07234	1416
2024-11-11 03:15:00	1.07234	1.07246	1.07218	1.07222	873
2024-11-11 03:30:00	1.07221	1.07222	1.07158	1.07174	1159
2024-11-11 03:45:00	1.07174	1.07187	1.07151	1.07167	1090
2024-11-11 04:00:00	1.07167	1.07168	1.07112	1.07143	926
2024-11-11 04:15:00	1.07143	1.0715	1.07139	1.07143	167
2024-11-11 04:30:00	1.07144	1.07146	1.07081	1.07087	918
2024-11-11 04:45:00	1.07088	1.07147	1.07078	1.07138	1207
2024-11-11 05:00:00	1.07141	1.07167	1.07133	1.07152	1087
2024-11-11 05:15:00	1.07152	1.07153	1.07112	1.07133	1300
2024-11-11 05:30:00	1.07134	1.07143	1.07113	1.07128	892
2024-11-11 05:45:00	1.07129	1.07188	1.07128	1.07174	1091
2024-11-11 06:00:00	1.07173	1.07174	1.07124	1.07131	1792
2024-11-11 06:15:00	1.07132	1.0717	1.07128	1.07154	1027
2024-11-11 06:30:00	1.07153	1.07182	1.0715	1.07175	1121
2024-11-11 06:45:00	1.07176	1.07213	1.07174	1.07208	873
2024-11-11 07:00:00	1.07208	1.07221	1.07158	1.07177	1971
2024-11-11 07:15:00	1.07176	1.07177	1.07056	1.07078	3250
2024-11-11 07:30:00	1.07079	1.07084	1.06971	1.06974	5746
2024-11-11 07:45:00	1.06974	1.06979	1.06858	1.06899	6136
2024-11-11 08:00:00	1069	1.06942	1.06865	1.06908	3724
2024-11-11 08:15:00	1.06908	1.06928	1.06789	1.06824	4185
2024-11-11 08:30:00	1.06823	1.06899	1.06785	1.06898	3171
2024-11-11 08:45:00	1.06896	1.06939	1.06837	1.06872	3169
2024-11-11 09:00:00	1.06873	1.06896	1.06832	1.0685	3763
2024-11-11 09:15:00	1.06849	1.06878	1.06698	1.06706	4637
2024-11-11 09:30:00	1.06707	1.06748	1.0668	1.06739	4505
2024-11-11 09:45:00	1.06737	1.06829	1.06737	1.06815	2610
2024-11-11 10:00:00	1.06814	1.06851	1.06752	1.06774	4130
2024-11-11 10:15:00	1.06774	1.06863	1.06773	1.06858	2501
2024-11-11 10:30:00	1.06858	1.06885	1.06782	1.06795	2030
2024-11-11 10:45:00	1.06794	1.06797	1.06708	1.06719	3492
2024-11-11 11:00:00	1.06718	1.06718	1.06622	1.06656	4602
2024-11-11 11:15:00	1.06656	1.06656	1066	1.06622	4282
2024-11-11 11:30:00	1.06621	1.06657	1.06557	1.06634	4355
2024-11-11 11:45:00	1.06634	1.06641	1.06587	1.06624	2661
2024-11-11 12:00:00	1.06628	1.06645	1.06601	1.06638	2257
2024-11-11 12:15:00	1.06639	1.06643	1.06568	1.06579	1916
2024-11-11 12:30:00	1.06578	1.06602	1.06536	1.06595	2271
2024-11-11 12:45:00	1.06594	1.06601	1.06521	1.06522	2786
2024-11-11 13:00:00	1.06522	1.06553	1.06499	1.06503	4217
2024-11-11 13:15:00	1.06504	1.06509	1.0641	1.0641	4823
2024-11-11 13:30:00	1.0641	1.0647	1.06366	1.0645	3875
2024-11-11 13:45:00	1.06448	1.06493	1.06445	1.0648	2978
2024-11-11 14:00:00	1.06481	1.06565	1.0647	1.0656	3731
2024-11-11 14:15:00	1.0656	1.06575	1.06514	1.06559	2780
2024-11-11 14:30:00	1.06559	1.0657	1.06424	1.06432	6281
2024-11-11 14:45:00	1.06433	1.06435	1.06286	1.06426	7317
2024-11-11 15:00:00	1.06426	1.06505	1.06411	1.06429	5668
2024-11-11 15:15:00	1.06428	1.06465	1.06375	1.06417	3916
2024-11-11 15:30:00	1.06416	1.06437	1.06364	1.06396	3187
2024-11-11 15:45:00	1.06395	1.06477	1.06373	1.06473	4370
2024-11-11 16:00:00	1.06473	1.06516	1.06448	1.06508	3684
2024-11-11 16:15:00	1.06509	1.0654	1.06488	1.06488	2539
2024-11-11 16:30:00	1.06489	1.06541	1.06476	1.06526	2225
2024-11-11 16:45:00	1.06525	1.06526	1.06488	1.06519	1743
2024-11-11 17:00:00	1.06517	1.06551	1.06509	1.06545	1510
2024-11-11 17:15:00	1.06545	1.06562	1.0645	1.06479	1769
2024-11-11 17:30:00	1.06479	1.06539	1.06478	1.06499	1884
2024-11-11 17:45:00	1065	1.06533	1.0649	1.0649	1466
2024-11-11 18:00:00	1.06489	1.06512	1.0648	1.06505	2174
2024-11-11 18:15:00	1.06506	1.06516	1.06469	1.06475	2268
2024-11-11 18:30:00	1.06475	1065	1.06458	1.06484	1834
2024-11-11 18:45:00	1.06483	1.06518	1.06474	1.06504	1717
2024-11-11 19:00:00	1.06503	1.06527	1.06493	1.06521	1802
2024-11-11 19:15:00	1.06519	1.06547	1.06519	1.06526	914
2024-11-11 19:30:00	1.06527	1.0654	1.06518	1.06539	661
2024-11-11 19:45:00	1.06539	1.06573	1.0651	1.06511	1200
2024-11-11 20:00:00	1.06512	1.06546	1.06512	1.06535	2143
2024-11-11 20:15:00	1.06535	1.06559	1.06529	1.06539	974
2024-11-11 20:30:00	1.06538	1.06552	1.0652	1.06521	743
2024-11-11 20:45:00	1.06521	1.06563	1.06516	1.06556	1322
2024-11-11 21:00:00	1.06555	1.06573	1.06554	1.06572	650
2024-11-11 21:15:00	1.06571	1.06578	1.06564	1.06575	383
2024-11-11 21:30:00	1.06575	1.06575	1.06558	1.06558	986
2024-11-11 21:45:00	1.06558	1.06568	1.06533	1.06533	858
2024-11-11 22:00:00	1.06534	1.06553	1.06514	1.06541	144
2024-11-11 22:15:00	1.06541	1.06564	1.0653	1.06558	246
2024-11-11 22:30:00	1.06557	1.0657	1.06547	1.0657	248
2024-11-11 22:45:00	1.0657	1.0657	1.06557	1.0656	54
2024-11-11 23:00:00	1.06558	1.06567	1.06539	1.0656	367
2024-11-11 23:15:00	1.06561	1.06577	1.06558	1.06574	352
2024-11-11 23:30:00	1.06574	1.06584	1.06569	1.06584	310
2024-11-11 23:45:00	1.06584	1.06631	1.06584	1.06631	1153
2024-11-12 00:00:00	1.0663	1.06631	1.06577	1.06618	2438
2024-11-12 00:15:00	1.0662	1.0662	1.06549	1.06568	2600
2024-11-12 00:30:00	1.06567	1.06584	1.06541	1.06573	1528
2024-11-12 00:45:00	1.06573	1.06585	1.06555	1.06578	2515
2024-11-12 01:00:00	1.06583	1.06589	1.06556	1.06584	3249
2024-11-12 01:15:00	1.06585	1.06585	1.06531	1.06535	2533
2024-11-12 01:30:00	1.06536	1.06551	1.06503	1.0655	4625
2024-11-12 01:45:00	1.06551	1.06598	1.06478	1.06481	5410
2024-11-12 02:00:00	1.06482	1.06493	1.06432	1.06448	3199
2024-11-12 02:15:00	1.06448	1.06505	1.06434	1.06502	2283
2024-11-12 02:30:00	1.06501	1.06519	1.06442	1.06444	2196
2024-11-12 02:45:00	1.06443	1.06464	1.06419	1.06434	3123
2024-11-12 03:00:00	1.06434	1.06481	1.06434	1.06466	1882
2024-11-12 03:15:00	1.06466	1.06491	1.06446	1.06482	1943
2024-11-12 03:30:00	1.06483	1.06493	1.06405	1.06413	1510
2024-11-12 03:45:00	1.06415	1.06426	1.0638	1.06382	2548
2024-11-12 04:00:00	1.06382	1.06445	1.06378	1.06422	2098
2024-11-12 04:15:00	1.0642	1.06438	1.06387	1.06438	2133
2024-11-12 04:30:00	1.06439	1.06456	1.06413	1.06418	1570
2024-11-12 04:45:00	1.06418	1.06442	1.06393	1.0644	2218
2024-11-12 05:00:00	1.0644	1.06457	1.06416	1.06423	2062
2024-11-12 05:15:00	1.06422	1.06429	1.06397	1.06399	2364
2024-11-12 05:30:00	1.06398	1.06427	1.06392	1.06416	2397
2024-11-12 05:45:00	1.06417	1.06442	1.06395	1.06398	3003
2024-11-12 06:00:00	1.06398	1.06398	1.06337	1.06358	2502
2024-11-12 06:15:00	1.06358	1.06381	1.06318	1.06365	2465
2024-11-12 06:30:00	1.06364	1.06379	1.06294	1.06296	2516
2024-11-12 06:45:00	1.06296	1.06349	1.06296	1.06343	3260
2024-11-12 07:00:00	1.06342	1.06372	1.06295	1.06302	4870
2024-11-12 07:15:00	1.06302	1.06349	1.06252	1.06292	4182
2024-11-12 07:30:00	1.06292	1.06341	1.06214	1.06334	3907
2024-11-12 07:45:00	1.06334	1.06364	1.06286	1.0632	3894
2024-11-12 08:00:00	1.06319	1.06341	1.06249	1.06293	6346
2024-11-12 08:15:00	1.06292	1.06319	1.06192	1.06195	4936
2024-11-12 08:30:00	1.06194	1.06254	1.0617	1.0625	4926
2024-11-12 08:45:00	1.0625	1.06329	1.06218	1.06317	3367
2024-11-12 09:00:00	1.06317	1.06322	1.0624	1.06264	3371
2024-11-12 09:15:00	1.06264	1.06289	1.06199	1.06199	3268
2024-11-12 09:30:00	1.06199	1.06245	1.06165	1.0617	3021
2024-11-12 09:45:00	1.06172	1.06301	1.06172	1.0626	4166
2024-11-12 10:00:00	1.06258	1.06258	1.06152	1.06152	6816
2024-11-12 10:15:00	1.06153	1.06183	1.06134	1.06153	4657
2024-11-12 10:30:00	1.06153	1.06162	1.06111	1.06151	3633
2024-11-12 10:45:00	1.06151	1.06204	1.06148	1.06178	2662
2024-11-12 11:00:00	1.06178	1.06264	1.06178	1.06226	2760
2024-11-12 11:15:00	1.06225	1.0629	1.06219	1.06286	2571
2024-11-12 11:30:00	1.06288	1.06296	1.06207	1.06218	2336
2024-11-12 11:45:00	1.06219	1.06226	1.06174	1.06188	3177
2024-11-12 12:00:00	1.06188	1.06213	1.06117	1.06159	4011
2024-11-12 12:15:00	1.06158	1.06161	1.06068	1.06097	3902
2024-11-12 12:30:00	1061	1.06168	1.06063	1.06162	4830
2024-11-12 12:45:00	1.06161	1.06213	1.06139	1.06196	3257
2024-11-12 13:00:00	1.06197	1.06206	1.06143	1.06204	5580
2024-11-12 13:15:00	1.06206	1.06258	1.06181	1.06219	5927
2024-11-12 13:30:00	1.06219	1.06272	1.06167	1.06169	5219
2024-11-12 13:45:00	1.0617	1.06245	1.06167	1.0623	4454
2024-11-12 14:00:00	1.06229	1.06234	1.06172	1.06225	5285
2024-11-12 14:15:00	1.06225	1.0626	1.06167	1.06168	4369
2024-11-12 14:30:00	1.06167	1.06234	1.06137	1.06197	6126
2024-11-12 14:45:00	1.06196	1.06218	1.06171	1.06174	5730
2024-11-12 15:00:00	1.06175	1.06178	1.06071	1.06114	5987
2024-11-12 15:15:00	1.06115	1.06148	1.06053	1.06085	4933
2024-11-12 15:30:00	1.06085	1.06105	1.06055	1.06055	3573
2024-11-12 15:45:00	1.06055	1.06138	1.06019	1.06089	6195
2024-11-12 16:00:00	1.0609	1.06127	1.06061	1.06123	5128
2024-11-12 16:15:00	1.06123	1.06157	1.06083	1.06091	5126
2024-11-12 16:30:00	1.0609	1.0609	1.0597	1.05983	6449
2024-11-12 16:45:00	1.05982	1.06015	1.0596	1.0598	2973
2024-11-12 17:00:00	1.0598	1.06032	1.05951	1.05977	4577
2024-11-12 17:15:00	1.05977	1.06009	1.05956	1.05983	4752
2024-11-12 17:30:00	1.05984	1.06027	1.05955	1.05978	3269
2024-11-12 17:45:00	1.05979	1.06082	1.05972	1.06068	2565
2024-11-12 18:00:00	1.06068	1.06134	1.06065	1.06115	2732
2024-11-12 18:15:00	1.06115	1.06135	1.06074	1.06113	2257
2024-11-12 18:30:00	1.06114	1.06156	1.06105	1.06129	1978
2024-11-12 18:45:00	1.06131	1.06171	1.0609	1.06159	2882
2024-11-12 19:00:00	1.06159	1.0618	1.06151	1.06176	1569
2024-11-12 19:15:00	1.06176	1.06185	1.06153	1.06158	1509
2024-11-12 19:30:00	1.06157	1.06165	1.06133	1.06162	1879
2024-11-12 19:45:00	1.06163	1.06177	1.06122	1.06124	2004
2024-11-12 20:00:00	1.06124	1.06141	1.06094	1.0613	1797
2024-11-12 20:15:00	1.0613	1.06163	1.0613	1.06141	2116
2024-11-12 20:30:00	1.06141	1.06174	1.06122	1.06166	1518
2024-11-12 20:45:00	1.06167	1.06235	1.06162	1.06221	2863
2024-11-12 21:00:00	1.06222	1.06266	1.06222	1.06245	1349
2024-11-12 21:15:00	1.06243	1.06246	1.06229	1.06244	1260
2024-11-12 21:30:00	1.06243	1.06266	1.06241	1.06259	881
2024-11-12 21:45:00	1.0626	1.06261	1.06216	1.06216	942
2024-11-12 22:00:00	1.06208	1.06229	1.06179	1.06211	325
2024-11-12 22:15:00	1.0621	1.06224	1.06185	1.06222	236
2024-11-12 22:30:00	1.06223	1.06231	1.06191	1.06191	1534
2024-11-12 22:45:00	1.06195	1.06219	1.0619	1.06193	1012
2024-11-12 23:00:00	1.06197	1.06213	1.0616	1.06179	753
2024-11-12 23:15:00	1.06178	1.06195	1.0616	1.06161	571
2024-11-12 23:30:00	1.0616	1.06165	1.06138	1.06161	557
2024-11-12 23:45:00	1.06162	1.06206	1.06158	1.06166	667
2024-11-13 00:00:00	1.06166	1.06168	1.06113	1.06113	752
2024-11-13 00:15:00	1.06112	1.06148	1.06109	1.06134	441
2024-11-13 00:30:00	1.06134	1.06158	1.06126	1.06146	902
2024-11-13 00:45:00	1.06147	1.06171	1.06122	1.06127	1527
2024-11-13 01:00:00	1.06127	1.06164	1.0612	1.0616	1138
2024-11-13 01:15:00	1.06161	1.06243	1.06159	1.06198	1920
2024-11-13 01:30:00	1.06199	1.06282	1.06189	1.06279	1036
2024-11-13 01:45:00	1.06279	1.06291	1.06252	1.06279	862
2024-11-13 02:00:00	1.06279	1.06294	1.06227	1.06228	1285
2024-11-13 02:15:00	1.06227	1.06239	1.06217	1.06223	1050
2024-11-13 02:30:00	1.06224	1.06239	1.06216	1.06224	1008
2024-11-13 02:45:00	1.06224	1.0628	1.0622	1.06261	830
2024-11-13 03:00:00	1.06262	1.06274	1.06239	1.0626	741
2024-11-13 03:15:00	1.06262	1.06279	1.06239	1.06239	770
2024-11-13 03:30:00	1.06239	1.06241	1.06193	1.06194	874
2024-11-13 03:45:00	1.06194	1.06206	1.06177	1.06191	590
2024-11-13 04:00:00	1.0619	1.06208	1.06178	1.06178	907
2024-11-13 04:15:00	1.06179	1.06225	1.06178	1.06215	1112
2024-11-13 04:30:00	1.06215	1.0622	1.06184	1.06184	847
2024-11-13 04:45:00	1.06183	1.06189	1.06176	1.06177	1118
2024-11-13 05:00:00	1.06178	1.06184	1.0615	1.06152	620
2024-11-13 05:15:00	1.06151	1.06152	1.06094	1.06122	1186
2024-11-13 05:30:00	1.06122	1.06143	1.0612	1.0614	962
2024-11-13 05:45:00	1.06141	1.06153	1.06129	1.0613	756
2024-11-13 06:00:00	1.0613	1.06169	1.06077	1.06079	1834
2024-11-13 06:15:00	1.06078	1.0613	1.06075	1.06128	1220
2024-11-13 06:30:00	1.06128	1.06137	1061	1.06114	1322
2024-11-13 06:45:00	1.06115	1.06144	1.06087	1.06134	1068
2024-11-13 07:00:00	1.06134	1.06143	1.06068	1.0607	1686
2024-11-13 07:15:00	1.0607	1.06078	1.06041	1.06064	1766
2024-11-13 07:30:00	1.06062	1.06109	1.06038	1.06079	1619
2024-11-13 07:45:00	1.06078	1.06079	1.06024	1.0603	1737
2024-11-13 08:00:00	1.06029	1.06048	1.05933	1.05962	2638
2024-11-13 08:15:00	1.05961	1.06051	1.05951	1.06007	1867
2024-11-13 08:30:00	1.06007	1.06077	1.05997	1.06039	2159
2024-11-13 08:45:00	1.06039	1.06131	1.06038	1.06121	1827
2024-11-13 09:00:00	1.06121	1.06137	1.06081	1.06094	1991
2024-11-13 09:15:00	1.06094	1.06233	1.06079	1.06222	2387
2024-11-13 09:30:00	1.06222	1.06274	1.06219	1.06245	2454
2024-11-13 09:45:00	1.06247	1.06298	1.06232	1.06269	1860
2024-11-13 10:00:00	1.06268	1.06283	1.06211	1.0623	3249
2024-11-13 10:15:00	1.0623	1.06258	1.06213	1.06229	2503
2024-11-13 10:30:00	1.06228	1.06231	1.06117	1.06137	2603
2024-11-13 10:45:00	1.06137	1.06155	1.06121	1.06149	1662
2024-11-13 11:00:00	1.0615	1.06165	1.06121	1.0615	1725
2024-11-13 11:15:00	1.06148	1.06159	1.0611	1.06115	1737
2024-11-13 11:30:00	1.06116	1.06141	1061	1.06133	1910
2024-11-13 11:45:00	1.06133	1.0638	1.06131	1.06375	3532
2024-11-13 12:00:00	1.06375	1.06435	1.0629	1.06296	5405
2024-11-13 12:15:00	1.06296	1.06324	1.06255	1.06266	4111
2024-11-13 12:30:00	1.06268	1.06334	1.06243	1.06333	3760
2024-11-13 12:45:00	1.06335	1.06361	1.06297	1.06313	2877
2024-11-13 13:00:00	1.06312	1.06328	1.06251	1.06257	4375
2024-11-13 13:15:00	1.06258	1.06308	1.06237	1.06256	6164
2024-11-13 13:30:00	1.0626	1.0654	1.06256	1.06318	18781
2024-11-13 13:45:00	1.06316	1.06395	1.06242	1.06365	15574
2024-11-13 14:00:00	1.06365	1.06379	1.06299	1.06332	10916
2024-11-13 14:15:00	1.06333	1.06334	1.0619	1.06206	11533
2024-11-13 14:30:00	1.06207	1.06212	1.0602	1.06153	14732
2024-11-13 14:45:00	1.06153	1.06153	1.05762	1.05854	12744
2024-11-13 15:00:00	1.05854	1.05881	1.05556	1.05669	10619
2024-11-13 15:15:00	1.0567	1.05728	1.05652	1.0572	9277
2024-11-13 15:30:00	1.0572	1.05907	1.05718	1.05814	11684
2024-11-13 15:45:00	1.05815	1.05936	1.05758	1.05886	7279
2024-11-13 16:00:00	1.05887	1.0592	1.05693	1.05715	8247
2024-11-13 16:15:00	1.05715	1.05808	1.05668	1.05758	5285
2024-11-13 16:30:00	1.05758	1.05779	1.05672	1.05681	6406
2024-11-13 16:45:00	1.05682	1.05712	1.05623	1.0566	4966
2024-11-13 17:00:00	1.05661	1.05741	1.05615	1.05734	5533
2024-11-13 17:15:00	1.05733	1.05774	1.05637	1.05657	4961
2024-11-13 17:30:00	1.05656	1.05715	1.05637	1.05677	3950
2024-11-13 17:45:00	1.05676	1.05745	1.05654	1.05688	3939
2024-11-13 18:00:00	1.0569	1.05695	1.05576	1.05648	5019
2024-11-13 18:15:00	1.05648	1.05651	1.05583	1.05592	2833
2024-11-13 18:30:00	1.05591	1.05612	1.05568	1.05589	2160
2024-11-13 18:45:00	1.05591	1.05612	1.05564	1.05588	1984
2024-11-13 19:00:00	1.05588	1.05675	1.05565	1.05674	2343
2024-11-13 19:15:00	1.05675	1.05758	1.05675	1.0575	1761
2024-11-13 19:30:00	1.05749	1.05757	1.0568	1.05723	1876
2024-11-13 19:45:00	1.05723	1.05735	1.05649	1.05655	2382
2024-11-13 20:00:00	1.05655	1.05688	1.05635	1.05636	2184
2024-11-13 20:15:00	1.05637	1.05659	1.05624	1.05644	1720
2024-11-13 20:30:00	1.05645	1.05651	1.05618	1.05636	1395
2024-11-13 20:45:00	1.05637	1.05638	1.05588	1.0562	1287
2024-11-13 21:00:00	1.0562	1.05659	1.0562	1.05659	611
2024-11-13 21:15:00	1.0566	1.05668	1.05635	1.05637	502
2024-11-13 21:30:00	1.05638	1.05654	1.05628	1.05629	805
2024-11-13 21:45:00	1.05629	1.0565	1.05617	1.05622	1935
2024-11-13 22:00:00	1.05617	1.05636	1.05584	1.05607	548
2024-11-13 22:15:00	1056	1.05626	1.05577	1.05604	623
2024-11-13 22:30:00	1.05613	1.0562	1.05603	1.05619	423
2024-11-13 22:45:00	1.05619	1.05626	1.05613	1.05621	428
2024-11-13 23:00:00	1.05621	1.05656	1.0561	1.05627	922
2024-11-13 23:15:00	1.0563	1.05658	1.0563	1.05639	522
2024-11-13 23:30:00	1.05639	1.0565	1.05624	1.05628	449
2024-11-13 23:45:00	1.05627	1.05658	1.0562	1.05657	631
2024-11-14 00:00:00	1.05656	1.0566	1.05626	1.05635	1388
2024-11-14 00:15:00	1.05637	1.05663	1.0563	1.05659	924
2024-11-14 00:30:00	1.05658	1.05683	1.05638	1.05682	1448
2024-11-14 00:45:00	1.05681	1.05686	1.05643	1.05652	2441
2024-11-14 01:00:00	1.05651	1.05651	1.05571	1.05595	4170
2024-11-14 01:15:00	1.05596	1.05622	1.05565	1.05578	3686
2024-11-14 01:30:00	1.05579	1.05589	1.0551	1.05524	2760
2024-11-14 01:45:00	1.05524	1.0559	1.05524	1.05561	2194
2024-11-14 02:00:00	1.0556	1.05568	1.05524	1.05568	3306
2024-11-14 02:15:00	1.05569	1.05577	1.05522	1.0554	1995
2024-11-14 02:30:00	1.05541	1.05556	1.05522	1.05531	1977
2024-11-14 02:45:00	1.05532	1.05545	1.05473	1.05493	3213
2024-11-14 03:00:00	1.05493	1.05551	1.05476	1.05551	2232
2024-11-14 03:15:00	1.05552	1.05557	1.05515	1.05532	1573
2024-11-14 03:30:00	1.05532	1.05532	1.05499	1.05509	2291
2024-11-14 03:45:00	1.05509	1.05509	1.05454	1.05477	3369
2024-11-14 04:00:00	1.05477	1.05492	1.05465	1.05466	2470
2024-11-14 04:15:00	1.05467	1.05501	1.05456	1.05495	1800
2024-11-14 04:30:00	1.05495	1.05495	1.05464	1.05464	1260
2024-11-14 04:45:00	1.05464	1.05501	1.05451	1.05484	1654
2024-11-14 05:00:00	1.05485	1.05485	1.05404	1.05409	2477
2024-11-14 05:15:00	1.05408	1.05408	1.05339	1.05384	2559
2024-11-14 05:30:00	1.05384	1.05455	1.05383	1.05449	2097
2024-11-14 05:45:00	1.05449	1.05471	1.0543	1.05471	2037
2024-11-14 06:00:00	1.05471	1.05541	1.05461	1.05511	3152
2024-11-14 06:15:00	1.05514	1.05532	1.05498	1.05504	2914
2024-11-14 06:30:00	1.05505	1.05521	1055	1.05514	2532
2024-11-14 06:45:00	1.05515	1.05526	1.05424	1.0545	3598
2024-11-14 07:00:00	1.0545	1.05469	1.05417	1.05444	3144
2024-11-14 07:15:00	1.05445	1.05473	1.05407	1.05429	2397
2024-11-14 07:30:00	1.0543	1.0551	1.05429	1.05457	3299
2024-11-14 07:45:00	1.05458	1.05546	1.05456	1.0551	3194
2024-11-14 08:00:00	1.0551	1.05579	1.05491	1.05511	3775
2024-11-14 08:15:00	1.0551	1.05532	1.05441	1.05462	3699
2024-11-14 08:30:00	1.05462	1.05499	1.0541	1.05461	3481
2024-11-14 08:45:00	1.05462	1.05467	1.05323	1.05361	4157
2024-11-14 09:00:00	1.05361	1.0542	1.05335	1.05336	3469
2024-11-14 09:15:00	1.05336	1.05336	1.05228	1.05234	4924
2024-11-14 09:30:00	1.05234	1.05256	1.0518	1.05236	4480
2024-11-14 09:45:00	1.05236	1.0525	1.05177	1.05202	3499
2024-11-14 10:00:00	1.05201	1.05208	1.0512	1.0514	4846
2024-11-14 10:15:00	1.05141	1.05151	1.05062	1.05091	4198
2024-11-14 10:30:00	1.05091	1.05133	1.05018	1.05121	4753
2024-11-14 10:45:00	1.05122	1.05182	1.05111	1.05112	2675
2024-11-14 11:00:00	1.05112	1.05117	1.0496	1.05013	4908
2024-11-14 11:15:00	1.05013	1.05103	1.0501	1.05097	4413
2024-11-14 11:30:00	1.05098	1.05203	1.0506	1.05203	3198
2024-11-14 11:45:00	1.05204	1.05339	1.05203	1.05288	5266
2024-11-14 12:00:00	1.0529	1.05302	1.05232	1.05297	4592
2024-11-14 12:15:00	1.05297	1.05335	1.05288	1.05315	3545
2024-11-14 12:30:00	1.05314	1.05406	1.05303	1.05397	5253
2024-11-14 12:45:00	1.05397	1.0545	1.05343	1.05358	6404
2024-11-14 13:00:00	1.05358	1.0538	1.05307	1.05367	7006
2024-11-14 13:15:00	1.05367	1.05435	1.05342	1.05394	6105
2024-11-14 13:30:00	1.05394	1.05421	1.05134	1.05227	15046
2024-11-14 13:45:00	1.05229	1.05352	1.05197	1.05304	12471
2024-11-14 14:00:00	1.05303	1.05444	1.05295	1.05427	10554
2024-11-14 14:15:00	1.05428	1.05566	1.05423	1.05522	9100
2024-11-14 14:30:00	1.05523	1.05689	1.05501	1.05564	6558
2024-11-14 14:45:00	1.05563	1.05588	1.05477	1.05527	8526
2024-11-14 15:00:00	1.05528	1.05686	1.05527	1.05628	6575
2024-11-14 15:15:00	1.05627	1.05769	1.05609	1.05707	7107
2024-11-14 15:30:00	1.05706	1.05709	1.0559	1.05647	8390
2024-11-14 15:45:00	1.05649	1.05777	1.05648	1.05748	7190
2024-11-14 16:00:00	1.05747	1.05749	1.05659	1.05674	8548
2024-11-14 16:15:00	1.05674	1.05825	1.05674	1.05771	5651
2024-11-14 16:30:00	1.05772	1.05772	1.05688	1.05706	4264
2024-11-14 16:45:00	1.05706	1.05727	1.05605	1.05618	3988
2024-11-14 17:00:00	1.05617	1.05636	1.0559	1.05601	3537
2024-11-14 17:15:00	1056	1.05629	1.0557	1.05592	4510
2024-11-14 17:30:00	1.05592	1.05622	1.05549	1.0558	3431
2024-11-14 17:45:00	1.05582	1.05607	1.05566	1.05591	3059
2024-11-14 18:00:00	1.05594	1.05605	1.05551	1.05555	1885
2024-11-14 18:15:00	1.05556	1.05557	1.05466	1.05467	2928
2024-11-14 18:30:00	1.05466	1.05505	1.05461	1.05502	2533
2024-11-14 18:45:00	1.05501	1.05512	1.05459	1.0547	2185
2024-11-14 19:00:00	1.05469	1.05497	1.05452	1.05476	1647
2024-11-14 19:15:00	1.05476	1.05517	1.05472	1.05487	1710
2024-11-14 19:30:00	1.05487	1.05511	1.05467	1.05467	2079
2024-11-14 19:45:00	1.05467	1.05512	1.05433	1.05477	2155
2024-11-14 20:00:00	1.05478	1.05489	1.05146	1.05205	19933
2024-11-14 20:15:00	1.05204	1.05341	1.05204	1.05295	8437
2024-11-14 20:30:00	1.05295	1.05317	1.05203	1.05243	7498
2024-11-14 20:45:00	1.05244	1.05244	1.05119	1.05203	8457
2024-11-14 21:00:00	1.05202	1.0527	1.0519	1.05205	1822
2024-11-14 21:15:00	1.05206	1.05226	1.05188	1.05224	1398
2024-11-14 21:30:00	1.05223	1.05248	1.05215	1.05243	745
2024-11-14 21:45:00	1.05243	1.05301	1.05243	1.05299	1695
2024-11-14 22:00:00	1.05299	1.05299	1.0525	1.05283	295
2024-11-14 22:15:00	1.05281	1.0533	1.05277	1.05279	286
2024-11-14 22:30:00	1.0528	1.05312	1.05269	1.05298	498
2024-11-14 22:45:00	1.05299	1.0531	1.05294	1.0531	340
2024-11-14 23:00:00	1.0531	1.0532	1.05289	1.05291	545
2024-11-14 23:15:00	1.0529	1.05293	1.05256	1.05267	616
2024-11-14 23:30:00	1.05267	1.05308	1.05267	1.05308	585
2024-11-14 23:45:00	1.05307	1.05317	1.05273	1.05295	1342
2024-11-15 00:00:00	1.05295	1.05336	1.05275	1.05288	2537
2024-11-15 00:15:00	1.05289	1.05306	1.05252	1.05266	1225
2024-11-15 00:30:00	1.05268	1.05284	1.05236	1.05243	1470
2024-11-15 00:45:00	1.05243	1.05329	1.05242	1.05306	3465
2024-11-15 01:00:00	1.05306	1.05352	1.05281	1.05339	4144
2024-11-15 01:15:00	1.05338	1.05414	1.05328	1.05413	3127
2024-11-15 01:30:00	1.05415	1.05415	1.05311	1.05311	3989
2024-11-15 01:45:00	1.05312	1.05346	1.0531	1.05318	3991
2024-11-15 02:00:00	1.05317	1.05394	1.05317	1.05388	2921
2024-11-15 02:15:00	1.05387	1.05423	1.05387	1.05405	3044
2024-11-15 02:30:00	1.05406	1.05406	1.05368	1.05379	2367
2024-11-15 02:45:00	1.05378	1.05426	1.05378	1.0541	3219
2024-11-15 03:00:00	1.0541	1.05459	1.05408	1.05454	2102
2024-11-15 03:15:00	1.05454	1.05458	1.05433	1.05434	2453
2024-11-15 03:30:00	1.05433	1.05448	1.05418	1.05445	1801
2024-11-15 03:45:00	1.05445	1.05451	1.05392	1.05402	1528
2024-11-15 04:00:00	1.05402	1.05454	1.05391	1.05443	1451
2024-11-15 04:15:00	1.05443	1.05458	1.05431	1.05441	1629
2024-11-15 04:30:00	1.0544	1.05441	1.05418	1.05423	1976
2024-11-15 04:45:00	1.05423	1.05438	1.05406	1.05425	1366
2024-11-15 05:00:00	1.05425	1.05425	1.05392	1.05402	2637
2024-11-15 05:15:00	1.05405	1.05428	1.05394	1.0541	1785
2024-11-15 05:30:00	1.0541	1.05421	1.05392	1.05406	1539
2024-11-15 05:45:00	1.05405	1.05413	1.05397	1.05402	2755
2024-11-15 06:00:00	1.05401	1.05421	1.05378	1.05403	1996
2024-11-15 06:15:00	1.05405	1.05405	1.05336	1.05373	4027
2024-11-15 06:30:00	1.05375	1.0549	1.05374	1.05486	1841
2024-11-15 06:45:00	1.05489	1.05612	1.05489	1.0554	3814
2024-11-15 07:00:00	1.0554	1.05586	1.05508	1.05564	4469
2024-11-15 07:15:00	1.05563	1.0561	1.05554	1.05568	3054
2024-11-15 07:30:00	1.05567	1.05639	1.05549	1.05573	2608
2024-11-15 07:45:00	1.05572	1.05601	1.05548	1.05565	2714
2024-11-15 08:00:00	1.05566	1.05613	1.05523	1.05572	3596
2024-11-15 08:15:00	1.0557	1.05599	1.05556	1.05598	2920
2024-11-15 08:30:00	1.05598	1.05705	1.05598	1.05703	3426
2024-11-15 08:45:00	1.05704	1.05718	1.05673	1.05698	3586
2024-11-15 09:00:00	1.05697	1.05788	1.05656	1.05777	3465
2024-11-15 09:15:00	1.05778	1.05799	1.05688	1.05698	3249
2024-11-15 09:30:00	1.05697	1.05737	1.05678	1.05697	3023
2024-11-15 09:45:00	1.05697	1.05697	1.05605	1.05621	4607
2024-11-15 10:00:00	1.05621	1.05674	1.05602	1.05664	3350
2024-11-15 10:15:00	1.05663	1.05695	1.05636	1.05675	2805
2024-11-15 10:30:00	1.05673	1.05738	1.05587	1.05724	5069
2024-11-15 10:45:00	1.05723	1.05777	1.05717	1.05745	3064
2024-11-15 11:00:00	1.05745	1.05745	1.05706	1.05733	4245
2024-11-15 11:15:00	1.05733	1.05787	1.0571	1.05786	1973
2024-11-15 11:30:00	1.05787	1.05797	1.05761	1.05779	3402
2024-11-15 11:45:00	1.05779	1.05798	1.05758	1.05772	2686
2024-11-15 12:00:00	1.05771	1.05789	1.05702	1.05712	2637
2024-11-15 12:15:00	1.05713	1.05723	1.05669	1.05696	3470
2024-11-15 12:30:00	1.05697	1.05702	1.0564	1.05657	3386
2024-11-15 12:45:00	1.05656	1.05768	1.05652	1.05759	2312
2024-11-15 13:00:00	1.0576	1.0593	1.05756	1.05854	4786
2024-11-15 13:15:00	1.05856	1.05884	1.05826	1.0584	5180
2024-11-15 13:30:00	1.0584	1.05897	1.0554	1.05631	14902
2024-11-15 13:45:00	1.0563	1.05773	1.05571	1.05584	13348
2024-11-15 14:00:00	1.05583	1.05632	1.0546	1.05486	10418
2024-11-15 14:15:00	1.05487	1.05502	1.05394	1.05452	10187
2024-11-15 14:30:00	1.05451	1.05482	1.05259	1.05356	11577
2024-11-15 14:45:00	1.05354	1.05418	1.05231	1.05315	7629
2024-11-15 15:00:00	1.05316	1.05422	1.0528	1.0535	8228
2024-11-15 15:15:00	1.0535	1.05367	1.05284	1.05361	10514
2024-11-15 15:30:00	1.05363	1.05389	1.05247	1.05263	12272
2024-11-15 15:45:00	1.05263	1.05372	1.05262	1.05352	9113
2024-11-15 16:00:00	1.05351	1.05445	1.0533	1.05424	8863
2024-11-15 16:15:00	1.05425	1.05497	1.05366	1.05463	6798
2024-11-15 16:30:00	1.05465	1.05482	1.05417	1.05438	6924
2024-11-15 16:45:00	1.05439	1.05514	1.05427	1.05511	6507
2024-11-15 17:00:00	1.05511	1.05578	1.05511	1.05554	5360
2024-11-15 17:15:00	1.05553	1056	1.05504	1.05509	5276
2024-11-15 17:30:00	1.05509	1.05579	1.05471	1.05553	4878
2024-11-15 17:45:00	1.05553	1.05558	1.05481	1.05486	6437
2024-11-15 18:00:00	1.05488	1.05521	1.05456	1.05476	5330
2024-11-15 18:15:00	1.05476	1.05492	1.0546	1.05473	2957
2024-11-15 18:30:00	1.05473	1.05482	1.05386	1.05431	3804
2024-11-15 18:45:00	1.05431	1.05546	1.05431	1.05515	2299
2024-11-15 19:00:00	1.05515	1.05522	1.05431	1.05465	3809
2024-11-15 19:15:00	1.05466	1.05475	1054	1.05407	3054
2024-11-15 19:30:00	1.05408	1.05425	1.05386	1.05386	4169
2024-11-15 19:45:00	1.05386	1.05416	1.05359	1.05371	4096
2024-11-15 20:00:00	1.05371	1.05378	1.05308	1.05311	3217
2024-11-15 20:15:00	1.05312	1.0532	1.05222	1.05232	3221
2024-11-15 20:30:00	1.05231	1.05235	1.05163	1.05231	2743
2024-11-15 20:45:00	1.05232	1.05287	1.05232	1.05275	1988
2024-11-15 21:00:00	1.05277	1.05283	1.05228	1.05266	1693
2024-11-15 21:15:00	1.05267	1053	1.05264	1.05294	1316
2024-11-15 21:30:00	1.05293	1.05335	1.05293	1.05327	1057
2024-11-15 21:45:00	1.05328	1.05404	1.0531	1.05394	2114
2024-11-17 22:00:00	1.0528	1.05349	1.0528	1.0532	275
2024-11-17 22:15:00	1.0532	1.05322	1.05305	1.05317	483
2024-11-17 22:30:00	1.05316	1.05356	1.05309	1.05318	477
2024-11-17 22:45:00	1.05311	1.05332	1.05295	1.05315	354
2024-11-17 23:00:00	1.05315	1.05384	1.05314	1.05352	1121
2024-11-17 23:15:00	1.05352	1.05361	1.05329	1.05338	671
2024-11-17 23:30:00	1.05337	1.05373	1.05336	1.05373	466
2024-11-17 23:45:00	1.05373	1.05377	1.05327	1.05362	687
2024-11-18 00:00:00	1.05362	1.05372	1.0533	1.05366	1891
2024-11-18 00:15:00	1.05365	1.05396	1.05361	1.05392	870
2024-11-18 00:30:00	1.05393	1.05457	1.05393	1.05456	635
2024-11-18 00:45:00	1.05456	1.05497	1.05456	1.05487	1874
2024-11-18 01:00:00	1.05486	1.05505	1.05421	1.05451	3505
2024-11-18 01:15:00	1.0545	1.05491	1.05387	1.05396	3037
2024-11-18 01:30:00	1.05395	1.05438	1.05387	1.05436	2288
2024-11-18 01:45:00	1.05435	1.05455	1.05402	1.05421	2238
2024-11-18 02:00:00	1.05421	1.05447	1.05379	1.05444	1548
2024-11-18 02:15:00	1.05444	1.05464	1.05438	1.05452	1482
2024-11-18 02:30:00	1.05451	1.05457	1.05395	1.05401	1936
2024-11-18 02:45:00	1054	1.05423	1.0539	1.05413	1428
2024-11-18 03:00:00	1.05414	1.05446	1.05394	1.05401	1205
2024-11-18 03:15:00	1.05401	1.05417	1.05377	1.05387	1193
2024-11-18 03:30:00	1.05387	1.05387	1.05331	1.05331	629
2024-11-18 03:45:00	1.05332	1.0536	1.05302	1.05341	1359
2024-11-18 04:00:00	1.0534	1.0537	1.05334	1.05354	1366
2024-11-18 04:15:00	1.05354	1.0538	1.05354	1.05376	967
2024-11-18 04:30:00	1.05376	1.05386	1.05354	1.05381	1086
2024-11-18 04:45:00	1.05381	1.05424	1.05381	1.05407	640
2024-11-18 05:00:00	1.05406	1.05406	1.05354	1.05375	2038
2024-11-18 05:15:00	1.05376	1.05386	1.05356	1.05376	1221
2024-11-18 05:30:00	1.05376	1.05421	1.05359	1.0542	960
2024-11-18 05:45:00	1.05422	1.0544	1.05371	1.0538	1330
2024-11-18 06:00:00	1.0538	1.05406	1.05361	1.05402	1213
2024-11-18 06:15:00	1.05403	1.05455	1.05402	1.05431	1830
2024-11-18 06:30:00	1.05433	1.05475	1.05426	1.05451	1150
2024-11-18 06:45:00	1.05453	1.05461	1.05421	1.05427	1254
2024-11-18 07:00:00	1.05428	1.05434	1.05394	1.0542	2244
2024-11-18 07:15:00	1.0542	1.0545	1.05386	1.05405	1574
2024-11-18 07:30:00	1.05404	1.05457	1.05379	1.05457	1419
2024-11-18 07:45:00	1.05456	1.05482	1.05438	1.05472	2192
2024-11-18 08:00:00	1.05472	1.05503	1.05417	1.05446	3061
2024-11-18 08:15:00	1.05445	1.05561	1.05437	1.05536	3249
2024-11-18 08:30:00	1.05536	1.05538	1.05452	1.0548	5056
2024-11-18 08:45:00	1.05479	1.05489	1.05435	1.05467	4018
2024-11-18 09:00:00	1.05468	1.05521	1.05432	1.05517	4965
2024-11-18 09:15:00	1.05515	1.05687	1.0551	1.05676	5397
2024-11-18 09:30:00	1.05675	1.05711	1.0562	1.05635	4401
2024-11-18 09:45:00	1.05634	1.05682	1.05629	1.05661	4321
2024-11-18 10:00:00	1.05661	1.05671	1.0554	1.05549	4593
2024-11-18 10:15:00	1.0555	1.0559	1.05488	1.05499	4725
2024-11-18 10:30:00	1.05501	1.05506	1.05467	1.05482	2681
2024-11-18 10:45:00	1.05485	1055	1.05458	1.0548	3294
2024-11-18 11:00:00	1.0548	1.0548	1.05359	1.05394	4254
2024-11-18 11:15:00	1.05394	1.05435	1.05364	1.0537	2578
2024-11-18 11:30:00	1.0537	1.05405	1.05325	1.05388	2628
2024-11-18 11:45:00	1.05389	1.05443	1.05389	1.05423	4171
2024-11-18 12:00:00	1.05424	1.05443	1.05357	1.05385	3728
2024-11-18 12:15:00	1.05389	1.05398	1.05346	1.05383	4953
2024-11-18 12:30:00	1.05388	1.05441	1.05367	1.0544	3342
2024-11-18 12:45:00	1.05439	1.05488	1.05414	1.05471	3688
2024-11-18 13:00:00	1.05472	1.0553	1.05454	1.05496	3283
2024-11-18 13:15:00	1.05497	1.05587	1.05479	1.05569	4379
2024-11-18 13:30:00	1.0557	1.05605	1.05536	1.05595	4857
2024-11-18 13:45:00	1.05595	1.05686	1.05587	1.05677	4232
2024-11-18 14:00:00	1.05678	1.05706	1.05624	1.0564	5506
2024-11-18 14:15:00	1.05638	1.05661	1.05605	1.05626	5411
2024-11-18 14:30:00	1.05626	1.05744	1.05615	1.0569	5261
2024-11-18 14:45:00	1.05689	1.05719	1.05669	1.05685	4378
2024-11-18 15:00:00	1.05686	1.05732	1.05657	1.05682	4869
2024-11-18 15:15:00	1.05682	1.05698	1.05606	1.05614	4596
2024-11-18 15:30:00	1.05613	1.05716	1.05613	1.05659	3716
2024-11-18 15:45:00	1.05659	1.05754	1.05646	1.05736	4646
2024-11-18 16:00:00	1.05735	1.05736	1.05667	1.05687	4856
2024-11-18 16:15:00	1.05686	1.05706	1.05652	1.05676	2460
2024-11-18 16:30:00	1.05676	1.05732	1.05675	1.05717	2465
2024-11-18 16:45:00	1.05717	1.05858	1.05714	1.05858	2691
2024-11-18 17:00:00	1.0586	1.0589	1.0581	1.05815	6531
2024-11-18 17:15:00	1.05814	1.05845	1.05798	1.05815	4287
2024-11-18 17:30:00	1.05814	1.05907	1058	1.0589	2057
2024-11-18 17:45:00	1.0589	1.05924	1.05878	1.0591	2136
2024-11-18 18:00:00	1.0591	1.0591	1.05872	1.05897	1209
2024-11-18 18:15:00	1.05897	1.05934	1.05888	1.05927	1714
2024-11-18 18:30:00	1.05926	1.05957	1.0591	1.05924	2608
2024-11-18 18:45:00	1.05925	1.05978	1.0592	1.05972	2100
2024-11-18 19:00:00	1.05972	1.06071	1.05972	1.06036	2538
2024-11-18 19:15:00	1.06036	1.06036	1.05935	1.05948	3527
2024-11-18 19:30:00	1.05947	1.05953	1.05896	1.05896	1830
2024-11-18 19:45:00	1.05896	1.05923	1.05887	1.05908	2426
2024-11-18 20:00:00	1.05907	1.0596	1.05907	1.05942	1440
2024-11-18 20:15:00	1.05942	1.05963	1.05928	1.05946	1180
2024-11-18 20:30:00	1.05947	1.05948	1.0589	1.0589	2354
2024-11-18 20:45:00	1.05891	1.05927	1.05891	1.05924	723
2024-11-18 21:00:00	1.05924	1.05953	1.05904	1.0594	615
2024-11-18 21:15:00	1.0594	1.05978	1.05934	1.05962	564
2024-11-18 21:30:00	1.05962	1.05996	1.05948	1.0599	894
2024-11-18 21:45:00	1.05991	1.06004	1.05979	1.05979	744
2024-11-18 22:00:00	1.05979	1.0599	1.0596	1.0598	189
2024-11-18 22:15:00	1.0598	1.05986	1.05965	1.05983	171
2024-11-18 22:30:00	1.05984	1.05995	1.05977	1.05978	251
2024-11-18 22:45:00	1.05978	1.05988	1.05969	1.05982	195
2024-11-18 23:00:00	1.05981	1.05986	1.05934	1.05945	777
2024-11-18 23:15:00	1.05944	1.05955	1.05931	1.05952	519
2024-11-18 23:30:00	1.05952	1.05972	1.05946	1.05972	661
2024-11-18 23:45:00	1.05972	1.05975	1.05942	1.05945	589
2024-11-19 00:00:00	1.05945	1.05946	1.05911	1.05915	1471
2024-11-19 00:15:00	1.05916	1.05939	1.05914	1.05921	1145
2024-11-19 00:30:00	1.05921	1.05936	1.05888	1.05889	1364
2024-11-19 00:45:00	1.0589	1.05939	1.05871	1.05896	3058
2024-11-19 01:00:00	1.05898	1.05958	1.05889	1.05956	2829
2024-11-19 01:15:00	1.05955	1.0596	1.05915	1.05929	2100
2024-11-19 01:30:00	1.05928	1.0593	1.05888	1.05915	2707
2024-11-19 01:45:00	1.05916	1.05947	1.05908	1.05931	2615
2024-11-19 02:00:00	1.0593	1.05963	1.05897	1.05909	2888
2024-11-19 02:15:00	1.0591	1.05921	1.05887	1.05912	1860
2024-11-19 02:30:00	1.05913	1.05922	1.05894	1.05897	1757
2024-11-19 02:45:00	1.05897	1.0593	1.05895	1.05917	2093
2024-11-19 03:00:00	1.05917	1.05952	1.05914	1.05951	2827
2024-11-19 03:15:00	1.0595	1.06007	1.0595	1.05978	2674
2024-11-19 03:30:00	1.05976	1.05983	1.05949	1.05962	2786
2024-11-19 03:45:00	1.05963	1.05971	1.05938	1.05967	1855
2024-11-19 04:00:00	1.05969	1.06007	1.05954	1.05956	1884
2024-11-19 04:15:00	1.05955	1.05966	1.05915	1.05915	2621
2024-11-19 04:30:00	1.05916	1.0592	1.05889	1.05918	1525
2024-11-19 04:45:00	1.05919	1.05919	1.05864	1.0587	2218
2024-11-19 05:00:00	1.0587	1.05877	1.05851	1.05875	3168
2024-11-19 05:15:00	1.05875	1.05885	1.0584	1.05849	1779
2024-11-19 05:30:00	1.05849	1.05865	1.05829	1.05861	1019
2024-11-19 05:45:00	1.05861	1.05861	1.05826	1.05835	1391
2024-11-19 06:00:00	1.05836	1.05874	1.05832	1.05843	2268
2024-11-19 06:15:00	1.05842	1.05884	1.05841	1.05883	2699
2024-11-19 06:30:00	1.05881	1.05938	1.05881	1.05937	1990
2024-11-19 06:45:00	1.05937	1.05963	1.05918	1.05927	2280
2024-11-19 07:00:00	1.05928	1.05948	1.05746	1.05751	3943
2024-11-19 07:15:00	1.05752	1.05824	1.05744	1.05784	4303
2024-11-19 07:30:00	1.05786	1.05858	1.05753	1.05854	3589
2024-11-19 07:45:00	1.05854	1.05866	1.05775	1.05775	3594
2024-11-19 08:00:00	1.05774	1.05875	1.05764	1.05814	5035
2024-11-19 08:15:00	1.05815	1.0588	1.05814	1.05858	4760
2024-11-19 08:30:00	1.05858	1.0586	1.05625	1.05731	12075
2024-11-19 08:45:00	1.05732	1.05768	1.05657	1.05715	8460
2024-11-19 09:00:00	1.05715	1.0578	1.05705	1.05734	5970
2024-11-19 09:15:00	1.05734	1.05734	1.05233	1.05345	19372
2024-11-19 09:30:00	1.05344	1.05467	1.05315	1.05445	11224
2024-11-19 09:45:00	1.05447	1.05524	1.05379	1.05492	9886
2024-11-19 10:00:00	1.05493	1.05584	1.05434	1.0558	6634
2024-11-19 10:15:00	1.0558	1.05639	1.05543	1.05598	5275
2024-11-19 10:30:00	1056	1.05692	1.05586	1.05644	6360
2024-11-19 10:45:00	1.05645	1.05668	1.05583	1.05609	6831
2024-11-19 11:00:00	1.0561	1.05646	1.05573	1.05574	5346
2024-11-19 11:15:00	1.05575	1.05583	1.05499	1.05527	4861
2024-11-19 11:30:00	1.05528	1.05577	1.05493	1.05546	2985
2024-11-19 11:45:00	1.05545	1.05634	1.05543	1.05619	4571
2024-11-19 12:00:00	1.0562	1.05666	1.05595	1.05632	4902
2024-11-19 12:15:00	1.05632	1.05679	1.05602	1.0567	3423
2024-11-19 12:30:00	1.05667	1.05705	1.05654	1.0569	2782
2024-11-19 12:45:00	1.05689	1.05721	1.05676	1.0572	3303
2024-11-19 13:00:00	1.05721	1.05808	1.05718	1.05801	3431
2024-11-19 13:15:00	1.05802	1.05846	1.0576	1.05801	5778
2024-11-19 13:30:00	1058	1.05975	1.05777	1.05913	7051
2024-11-19 13:45:00	1.05915	1.05929	1.05736	1.05767	10981
2024-11-19 14:00:00	1.05768	1.05902	1.05698	1.05893	10689
2024-11-19 14:15:00	1.05891	1.05955	1.05848	1.05897	9032
2024-11-19 14:30:00	1.05899	1.0594	1.05826	1.05864	10397
2024-11-19 14:45:00	1.05867	1.05879	1.05701	1.05725	9445
2024-11-19 15:00:00	1.05725	1.05741	1.05655	1.05732	8905
2024-11-19 15:15:00	1.05733	1.05803	1.05684	1.05785	5840
2024-11-19 15:30:00	1.05786	1.0601	1.05785	1.0594	6533
2024-11-19 15:45:00	1.05939	1.05941	1.05831	1.05866	6085
2024-11-19 16:00:00	1.05867	1.05927	1.05837	1.05878	4857
2024-11-19 16:15:00	1.05878	1.05925	1.05824	1.05831	4671
2024-11-19 16:30:00	1.05831	1.05834	1.05708	1.05778	5961
2024-11-19 16:45:00	1.05777	1.05816	1.05744	1.05776	3148
2024-11-19 17:00:00	1.05775	1.05888	1.05765	1.05882	3188
2024-11-19 17:15:00	1.05883	1.05889	1.05835	1.0587	3413
2024-11-19 17:30:00	1.0587	1.05888	1.05807	1.0584	3197
2024-11-19 17:45:00	1.05839	1.05855	1.05797	1.05803	3576
2024-11-19 18:00:00	1.05802	1.05802	1.0571	1.05732	3736
2024-11-19 18:15:00	1.05731	1.05779	1.0572	1.0577	1752
2024-11-19 18:30:00	1.0577	1.05839	1.05753	1.05834	1772
2024-11-19 18:45:00	1.05835	1.05902	1.05826	1.05898	2838
2024-11-19 19:00:00	1.05899	1.05918	1.05858	1.05888	3385
2024-11-19 19:15:00	1.05886	1.05889	1.05836	1.05868	4268
2024-11-19 19:30:00	1.05869	1.05877	1.05843	1.05868	2319
2024-11-19 19:45:00	1.05866	1.05952	1.05865	1.05936	2181
2024-11-19 20:00:00	1.05935	1.05961	1.05913	1.05956	2044
2024-11-19 20:15:00	1.05957	1.05962	1.05933	1.05936	1631
2024-11-19 20:30:00	1.05935	1.05961	1.05915	1.05949	2349
2024-11-19 20:45:00	1.05949	1.05978	1.05935	1.05935	2818
2024-11-19 21:00:00	1.05935	1.0596	1.05928	1.05951	976
2024-11-19 21:15:00	1.05952	1.05958	1.0594	1.05955	425
2024-11-19 21:30:00	1.05955	1.05974	1.05953	1.05965	809
2024-11-19 21:45:00	1.05966	1.0597	1.05937	1.05937	1169
2024-11-19 22:00:00	1.05931	1.05948	1.05859	1.05922	285
2024-11-19 22:15:00	1.05924	1.05949	1.05917	1.05944	512
2024-11-19 22:30:00	1.05943	1.05955	1.05933	1.05941	786
2024-11-19 22:45:00	1.05947	1.05953	1.05935	1.05944	302
2024-11-19 23:00:00	1.05947	1.05988	1.05938	1.05984	311
2024-11-19 23:15:00	1.05984	1.06	1.05979	1.05998	357
2024-11-19 23:30:00	1.05997	1.0607	1.05997	1.0607	967
2024-11-19 23:45:00	1.06072	1.0608	1.06059	1.0607	581
2024-11-20 00:00:00	1.0607	1.06097	1.06063	1.06063	1035
2024-11-20 00:15:00	1.06062	1.0608	1.06056	1.0608	975
2024-11-20 00:30:00	1.06079	1.06087	1.0606	1.06065	1237
2024-11-20 00:45:00	1.06067	1.06069	1.05989	1.05992	2922
2024-11-20 01:00:00	1.05993	1.06039	1.05988	1.05989	2698
2024-11-20 01:15:00	1.05987	1.05999	1.05968	1.0597	1629
2024-11-20 01:30:00	1.05969	1.06007	1.05958	1.05988	2737
2024-11-20 01:45:00	1.05986	1.06001	1.05967	1.06001	1721
2024-11-20 02:00:00	1.06002	1.06032	1.05991	1.06009	2592
2024-11-20 02:15:00	1.06009	1.06032	1.05987	1.0602	2177
2024-11-20 02:30:00	1.06019	1.06034	1.05957	1.05964	1892
2024-11-20 02:45:00	1.05965	1.05989	1.05956	1.05958	1417
2024-11-20 03:00:00	1.05959	1.05987	1.05959	1.05971	1446
2024-11-20 03:15:00	1.05971	1.05973	1.05934	1.05942	1792
2024-11-20 03:30:00	1.05943	1.05943	1.05911	1.05918	1405
2024-11-20 03:45:00	1.05918	1.05918	1.05883	1.05897	1606
2024-11-20 04:00:00	1.05896	1.05903	1.05884	1.05889	1517
2024-11-20 04:15:00	1.05889	1.05897	1.05877	1.05879	1460
2024-11-20 04:30:00	1.0588	1.05909	1.05879	1.05904	714
2024-11-20 04:45:00	1.05903	1.05944	1.05903	1.05929	955
2024-11-20 05:00:00	1.05929	1.05937	1.05905	1.05928	1243
2024-11-20 05:15:00	1.05929	1.05941	1.05905	1.05909	1094
2024-11-20 05:30:00	1.05908	1.05908	1.05879	1.05887	1275
2024-11-20 05:45:00	1.05889	1.05899	1.05866	1.0587	1746
2024-11-20 06:00:00	1.0587	1.0589	1.05829	1.05848	2616
2024-11-20 06:15:00	1.05849	1.05899	1.05832	1.05888	2386
2024-11-20 06:30:00	1.05889	1.05954	1.05873	1.05935	2741
2024-11-20 06:45:00	1.05936	1.0594	1.05859	1.05874	2823
2024-11-20 07:00:00	1.05873	1.05918	1.0586	1.05894	5224
2024-11-20 07:15:00	1.05895	1.05947	1.05832	1.05835	5029
2024-11-20 07:30:00	1.05835	1.05835	1.05785	1.05816	5306
2024-11-20 07:45:00	1.05817	1.05861	1.05765	1.05783	4939
2024-11-20 08:00:00	1.05782	1.0579	1.0565	1.05684	6073
2024-11-20 08:15:00	1.05684	1.05757	1.05683	1.05723	4395
2024-11-20 08:30:00	1.05723	1.05744	1.05634	1.05638	4605
2024-11-20 08:45:00	1.05638	1.05658	1.05601	1.05643	4048
2024-11-20 09:00:00	1.05642	1.05688	1.05579	1.05681	3323
2024-11-20 09:15:00	1.05682	1.05682	1.05578	1.05588	3344
2024-11-20 09:30:00	1.05587	1.05641	1.0553	1.05602	4320
2024-11-20 09:45:00	1.05601	1.05633	1.05537	1.05555	4541
2024-11-20 10:00:00	1.05554	1.05614	1.05543	1.05585	5360
2024-11-20 10:15:00	1.05586	1.05586	1.05509	1.0551	4881
2024-11-20 10:30:00	1.0551	1.05553	1.05464	1.05503	3297
2024-11-20 10:45:00	1.05502	1.05521	1.05454	1.05489	3337
2024-11-20 11:00:00	1.05488	1.05496	1.0545	1.05476	3605
2024-11-20 11:15:00	1.05476	1.05496	1.05421	1.05475	4619
2024-11-20 11:30:00	1.05475	1.05561	1.05467	1.05523	4366
2024-11-20 11:45:00	1.05522	1.05562	1.05512	1.05543	3325
2024-11-20 12:00:00	1.05545	1.05604	1.05517	1.05532	3453
2024-11-20 12:15:00	1.05532	1.05606	1.05532	1056	3172
2024-11-20 12:30:00	1056	1.05654	1.05592	1.05653	3164
2024-11-20 12:45:00	1.05652	1.05679	1.05581	1.05584	4897
2024-11-20 13:00:00	1.05584	1.05632	1.05584	1.05599	3070
2024-11-20 13:15:00	1056	1.05618	1.05556	1.05568	3525
2024-11-20 13:30:00	1.05567	1.05603	1.05513	1.0553	5329
2024-11-20 13:45:00	1.05529	1.05597	1.05527	1.05565	4265
2024-11-20 14:00:00	1.05565	1.05568	1.05481	1.05501	4183
2024-11-20 14:15:00	1.05501	1.05503	1.05242	1.05376	7350
2024-11-20 14:30:00	1.05375	1.05444	1.05329	1.05423	4861
2024-11-20 14:45:00	1.05423	1.0543	1.05224	1.05249	6217
2024-11-20 15:00:00	1.05251	1.05333	1.05251	1.05291	4552
2024-11-20 15:15:00	1.05291	1.05359	1.05227	1.05353	5327
2024-11-20 15:30:00	1.05354	1.05379	1.05264	1.0527	6164
2024-11-20 15:45:00	1.0527	1.05277	1.05159	1.05214	5798
2024-11-20 16:00:00	1.05215	1.05248	1.05068	1.0517	6397
2024-11-20 16:15:00	1.0517	1.05194	1.05095	1.05134	4659
2024-11-20 16:30:00	1.05134	1.05184	1.05084	1.05182	3907
2024-11-20 16:45:00	1.05183	1.05245	1.05157	1052	3430
2024-11-20 17:00:00	1052	1.0525	1.05161	1.0525	3305
2024-11-20 17:15:00	1.05248	1.05298	1.05238	1.05293	2414
2024-11-20 17:30:00	1.05292	1.05348	1.05271	1.0533	2746
2024-11-20 17:45:00	1.05331	1.05363	1053	1.0532	2961
2024-11-20 18:00:00	1.05319	1.05324	1.05275	1.05276	4523
2024-11-20 18:15:00	1.05275	1.05314	1.05255	1.05274	3338
2024-11-20 18:30:00	1.05274	1.0531	1.05257	1.05281	2545
2024-11-20 18:45:00	1.0528	1.05362	1.05275	1.0536	4034
2024-11-20 19:00:00	1.05361	1.05387	1.0536	1.0538	2632
2024-11-20 19:15:00	1.05381	1.0539	1.05368	1.05378	2931
2024-11-20 19:30:00	1.05377	1.05423	1.05367	1.05422	2358
2024-11-20 19:45:00	1.05422	1.05423	1.0538	1.05395	2579
2024-11-20 20:00:00	1.05393	1.05393	1.05366	1.05387	1391
2024-11-20 20:15:00	1.05388	1.05399	1.05366	1.0538	1845
2024-11-20 20:30:00	1.05379	1.05394	1.05362	1.0539	1510
2024-11-20 20:45:00	1.0539	1.05393	1.0537	1.05392	1698
2024-11-20 21:00:00	1.05389	1.05419	1.05383	1.05417	1345
2024-11-20 21:15:00	1.05415	1.0543	1.05408	1.05423	703
2024-11-20 21:30:00	1.0542	1.0542	1.05379	1.05389	1125
2024-11-20 21:45:00	1.05388	1.05443	1.05388	1.05435	1556
2024-11-20 22:00:00	1.0543	1.05431	1.05394	1.05417	293
2024-11-20 22:15:00	1.05416	1.05429	1.05408	1.05429	404
2024-11-20 22:30:00	1.05428	1.05429	1.05413	1.05416	792
2024-11-20 22:45:00	1.05417	1.0543	1.05407	1.05413	766
2024-11-20 23:00:00	1.05421	1.05446	1.05418	1.05436	446
2024-11-20 23:15:00	1.05436	1.05457	1.0543	1.0545	478
2024-11-20 23:30:00	1.0545	1.05455	1.05441	1.05452	643
2024-11-20 23:45:00	1.05453	1.05459	1.0545	1.05456	743
2024-11-21 00:00:00	1.05457	1.05461	1.05437	1.0545	1870
2024-11-21 00:15:00	1.05449	1.05454	1.05424	1.05426	1527
2024-11-21 00:30:00	1.05425	1.05462	1.05424	1.05445	1448
2024-11-21 00:45:00	1.05446	1.05473	1.05437	1.05456	1755
2024-11-21 01:00:00	1.05458	1.05472	1.05455	1.05463	2853
2024-11-21 01:15:00	1.05463	1.05497	1.05461	1.05473	1871
2024-11-21 01:30:00	1.05473	1.05492	1.05459	1.05485	2471
2024-11-21 01:45:00	1.05486	1.05495	1.05449	1.05457	1825
2024-11-21 02:00:00	1.05457	1.05491	1.05457	1.05489	2703
2024-11-21 02:15:00	1.05489	1055	1.05477	1.05488	1302
2024-11-21 02:30:00	1.05489	1.05496	1.05476	1.05487	1761
2024-11-21 02:45:00	1.05486	1.05501	1.05485	1.05493	534
2024-11-21 03:00:00	1.05494	1.05508	1.05475	1.05477	1423
2024-11-21 03:15:00	1.05476	1.05491	1.05475	1.0549	1528
2024-11-21 03:30:00	1.0549	1.05525	1.05488	1.05506	1445
2024-11-21 03:45:00	1.05506	1.05531	1055	1.0553	1121
2024-11-21 04:00:00	1.05531	1.05548	1.05512	1.05516	1283
2024-11-21 04:15:00	1.05515	1.05517	1.05504	1.0551	1063
2024-11-21 04:30:00	1.05509	1.05533	1.05506	1.05506	1695
2024-11-21 04:45:00	1.05505	1.05516	1.05489	1.05512	1965
2024-11-21 05:00:00	1.05513	1.05515	1.05479	1.05479	1954
2024-11-21 05:15:00	1.05479	1.05502	1.05476	1.05488	1993
2024-11-21 05:30:00	1.05487	1.05489	1.05463	1.05479	2450
2024-11-21 05:45:00	1.05479	1.05492	1.05463	1.05466	2669
2024-11-21 06:00:00	1.05467	1.05529	1.05463	1.05529	2615
2024-11-21 06:15:00	1.0553	1.05544	1.05475	1.05485	4093
2024-11-21 06:30:00	1.05485	1.05486	1.0542	1.05469	3951
2024-11-21 06:45:00	1.05469	1.05474	1.05443	1.05454	3111
2024-11-21 07:00:00	1.05453	1.05472	1.05346	1.0536	4552
2024-11-21 07:15:00	1.05361	1.05392	1.05325	1.05327	5987
2024-11-21 07:30:00	1.05326	1.0537	1.05295	1.05341	7289
2024-11-21 07:45:00	1.05344	1.0539	1.05327	1.05364	4436
2024-11-21 08:00:00	1.05365	1.05386	1.05347	1.05365	5673
2024-11-21 08:15:00	1.05364	1.05389	1.05274	1.05285	6643
2024-11-21 08:30:00	1.05286	1.0532	1.0524	1.05296	4986
2024-11-21 08:45:00	1.05296	1.05432	1.05296	1.05406	3977
2024-11-21 09:00:00	1.05405	1.05407	1.05312	1.05314	6333
2024-11-21 09:15:00	1.05315	1.05324	1.05139	1.0521	8017
2024-11-21 09:30:00	1.05213	1.0524	1.05139	1.05159	7027
2024-11-21 09:45:00	1.05158	1.05194	1.05141	1.05168	5161
2024-11-21 10:00:00	1.05169	1.05205	1.05138	1.05149	2892
2024-11-21 10:15:00	1.0515	1.05197	1.05149	1.0516	2625
2024-11-21 10:30:00	1.05161	1.05284	1.05153	1.05238	3128
2024-11-21 10:45:00	1.05237	1.05237	1.05171	1.05208	4067
2024-11-21 11:00:00	1.05208	1.05227	1.0516	1.05197	3655
2024-11-21 11:15:00	1.05196	1.05313	1.05196	1.0529	2028
2024-11-21 11:30:00	1.0529	1.05298	1.05195	1.05213	3549
2024-11-21 11:45:00	1.05211	1.05231	1.05172	1052	4156
2024-11-21 12:00:00	1052	1.05235	1.05189	1.05218	2649
2024-11-21 12:15:00	1.05217	1.05227	1.05175	1.05185	2552
2024-11-21 12:30:00	1.05187	1.05278	1.05184	1.05276	2366
2024-11-21 12:45:00	1.05276	1.05357	1.05251	1.05274	5247
2024-11-21 13:00:00	1.05273	1.05286	1.05231	1.05282	5167
2024-11-21 13:15:00	1.05283	1.05296	1.05193	1.05193	5703
2024-11-21 13:30:00	1.05192	1.05392	1.05152	1.05339	9083
2024-11-21 13:45:00	1.05339	1.05383	1.05283	1.0533	8838
2024-11-21 14:00:00	1.0533	1.05349	1.0522	1.05245	8712
2024-11-21 14:15:00	1.05244	1.05295	1.05211	1.05262	7294
2024-11-21 14:30:00	1.05264	1.05309	1.05209	1.05309	9354
2024-11-21 14:45:00	1.05308	1.05356	1.0525	1.05351	7547
2024-11-21 15:00:00	1.05351	1.05447	1.0533	1.0535	7483
2024-11-21 15:15:00	1.05351	1.05397	1.05326	1.05327	5126
2024-11-21 15:30:00	1.05326	1.0535	1.05277	1.05305	5420
2024-11-21 15:45:00	1.05306	1.05306	1.05089	1.05103	9183
2024-11-21 16:00:00	1.05103	1.05146	1.04981	1.05036	10298
2024-11-21 16:15:00	1.05036	1.05036	1.04743	1.04887	15136
2024-11-21 16:30:00	1.04888	1.04928	1.04795	1.04795	6619
2024-11-21 16:45:00	1.04794	1.04813	1.04713	1.04742	6619
2024-11-21 17:00:00	1.04741	1.04752	1.04622	1.04688	6711
2024-11-21 17:15:00	1.04687	1.04785	1.04645	1.04767	5683
2024-11-21 17:30:00	1.04766	1.04852	1.04755	1.04826	3566
2024-11-21 17:45:00	1.04828	1.04878	1.04813	1.04873	2797
2024-11-21 18:00:00	1.04873	1.04882	1.04781	1.04868	2997
2024-11-21 18:15:00	1.04869	1.04887	1.04826	1.04827	2439
2024-11-21 18:30:00	1.04827	1.04872	1.0482	1.04854	1897
2024-11-21 18:45:00	1.04855	1.04893	1.04836	1.04861	1960
2024-11-21 19:00:00	1.04862	1.04872	1.0477	1.04791	3905
2024-11-21 19:15:00	1.04792	1.04807	1.04732	1.04769	3442
2024-11-21 19:30:00	1.04768	1.04832	1.04755	1.04831	2443
2024-11-21 19:45:00	1.04832	1.04853	1.04803	1.04844	1504
2024-11-21 20:00:00	1.04843	1.04867	1.04818	1.04822	1623
2024-11-21 20:15:00	1.04822	1.04823	1.0478	1.04801	1557
2024-11-21 20:30:00	1048	1.04813	1.04779	1.04791	1159
2024-11-21 20:45:00	1.04793	1.04828	1.04781	1.04791	1314
2024-11-21 21:00:00	1.04791	1.04807	1.04763	1.04766	978
2024-11-21 21:15:00	1.04767	1.04775	1.04737	1.04738	613
2024-11-21 21:30:00	1.04736	1.04741	1.04717	1.04727	649
2024-11-21 21:45:00	1.04725	1.04743	1.04721	1.04738	895
2024-11-21 22:00:00	1.04735	1.0474	1.04718	1.0473	288
2024-11-21 22:15:00	1.04736	1.04775	1.0473	1.04761	350
2024-11-21 22:30:00	1.0476	1.04764	1.0475	1.04753	186
2024-11-21 22:45:00	1.04752	1.04762	1.04747	1.04748	174
2024-11-21 23:00:00	1.0475	1.04768	1.04735	1.04735	685
2024-11-21 23:15:00	1.04733	1.04736	1.04724	1.04725	545
2024-11-21 23:30:00	1.04725	1.04742	1.04722	1.04722	1140
2024-11-21 23:45:00	1.04722	1.04733	1.04676	1.0469	2057
2024-11-22 00:00:00	1.04689	1.0473	1.04683	1.04707	2635
2024-11-22 00:15:00	1.04706	1.04709	1.04663	1.04686	2514
2024-11-22 00:30:00	1.04687	1.04722	1.04684	1.04705	1834
2024-11-22 00:45:00	1.04705	1.04756	1.04686	1.04756	2426
2024-11-22 01:00:00	1.04754	1.04771	1.04741	1.0475	2514
2024-11-22 01:15:00	1.04749	1.04766	1.04733	1.04733	1892
2024-11-22 01:30:00	1.04732	1.0476	1.04721	1.04746	2388
2024-11-22 01:45:00	1.04745	1.04777	1.04693	1.04715	2238
2024-11-22 02:00:00	1.04715	1.04732	1.04671	1.04675	2457
2024-11-22 02:15:00	1.04674	1.04716	1.04673	1047	2258
2024-11-22 02:30:00	1047	1.04704	1.04673	1.04695	2506
2024-11-22 02:45:00	1.04696	1.04728	1.04681	1.04728	2459
2024-11-22 03:00:00	1.04728	1.0475	1.04722	1.0474	1839
2024-11-22 03:15:00	1.0474	1.04782	1.0473	1.0477	2008
2024-11-22 03:30:00	1.0477	1.0477	1.04731	1.04739	2194
2024-11-22 03:45:00	1.04739	1.04767	1.04731	1.0475	1084
2024-11-22 04:00:00	1.0475	1.04757	1.04725	1.04725	1300
2024-11-22 04:15:00	1.04725	1.0474	1.04719	1.04735	1539
2024-11-22 04:30:00	1.04733	1.04733	1.04704	1.04704	1334
2024-11-22 04:45:00	1.04702	1.04762	1.04695	1.04747	1626
2024-11-22 05:00:00	1.04745	1.04745	1.04688	1047	1695
2024-11-22 05:15:00	1047	1.04704	1.04654	1.04662	3281
2024-11-22 05:30:00	1.0466	1.04663	1.04623	1.04625	4159
2024-11-22 05:45:00	1.04624	1.04664	1.04615	1.04646	2360
2024-11-22 06:00:00	1.04646	1.04697	1.04635	1.04678	3094
2024-11-22 06:15:00	1.04679	1.04691	1.04639	1.04659	2272
2024-11-22 06:30:00	1.04659	1.04698	1.04659	1.0468	1830
2024-11-22 06:45:00	1.04679	1.04704	1.04679	1.04694	2669
2024-11-22 07:00:00	1.04692	1.04714	1.04624	1.0464	4250
2024-11-22 07:15:00	1.04639	1.04795	1.04639	1.04794	3017
2024-11-22 07:30:00	1.04793	1.04892	1.04781	1.04862	4450
2024-11-22 07:45:00	1.04861	1.04888	1.04834	1.04861	4623
2024-11-22 08:00:00	1.04861	1.04981	1.04852	1.0496	5181
2024-11-22 08:15:00	1.04959	1.04959	1.04663	1.04784	13511
2024-11-22 08:30:00	1.04785	1.04861	1.04661	1.04723	6564
2024-11-22 08:45:00	1.04724	1.04741	1.0441	1.04434	5963
2024-11-22 09:00:00	1.04437	1.04441	1.03325	1.03398	10678
2024-11-22 09:15:00	1.03396	1.04088	1.03377	1.04082	13301
2024-11-22 09:30:00	1.04082	1.04204	1.03995	1.04156	10694
2024-11-22 09:45:00	1.04158	1.04191	1.04012	1.04019	7969
2024-11-22 10:00:00	1.04019	1.04033	1.03848	1.03972	10031
2024-11-22 10:15:00	1.03972	1.04191	1.03969	1.04167	5416
2024-11-22 10:30:00	1.04166	1.04302	1.04156	1.04281	6845
2024-11-22 10:45:00	1.0428	1.04374	1.04222	1.04297	5364
2024-11-22 11:00:00	1.04297	1.04298	1.04159	1.04225	5394
2024-11-22 11:15:00	1.0423	1.0427	1.04167	1.04227	5020
2024-11-22 11:30:00	1.04227	1.04266	1.04116	1.04131	4881
2024-11-22 11:45:00	1.04132	1.04166	1.0408	1.04165	5592
2024-11-22 12:00:00	1.04167	1.04195	1.0411	1.04126	5493
2024-11-22 12:15:00	1.04126	1.04148	1.04005	1.0401	5257
2024-11-22 12:30:00	1.04009	1.04094	1.03979	1.04086	3829
2024-11-22 12:45:00	1.04087	1.04136	1.04007	1.04074	6159
2024-11-22 13:00:00	1.04077	1.04188	1.04063	1.04187	7207
2024-11-22 13:15:00	1.04189	1.04287	1.0418	1.0419	4841
2024-11-22 13:30:00	1.04191	1.04344	1.0419	1.04335	6297
2024-11-22 13:45:00	1.04335	1.0434	1.04235	1.04294	5734
2024-11-22 14:00:00	1.04295	1.04346	1.04239	1.04248	7206
2024-11-22 14:15:00	1.04249	1.0429	1.0411	1.04114	7806
2024-11-22 14:30:00	1.04114	1.04255	1.04105	1.04212	5931
2024-11-22 14:45:00	1.04212	1.04212	1.04022	1.04043	13822
2024-11-22 15:00:00	1.04041	1042	1.03951	1.04122	14143
2024-11-22 15:15:00	1.04121	1.04192	1.04112	1.04126	9008
2024-11-22 15:30:00	1.04126	1.04133	1.04051	1.04127	8348
2024-11-22 15:45:00	1.04128	1.04182	1.04015	1.04106	9721
2024-11-22 16:00:00	1.04107	1.04118	1.04034	1.04044	7970
2024-11-22 16:15:00	1.04043	1.0406	1.03919	1.03954	7037
2024-11-22 16:30:00	1.03954	1.03996	1.03947	1.03974	4401
2024-11-22 16:45:00	1.03975	1.03997	1.03936	1.03983	3327
2024-11-22 17:00:00	1.03985	1.04085	1.03982	1.04076	3553
2024-11-22 17:15:00	1.04077	1.04101	1.04027	1.04093	2617
2024-11-22 17:30:00	1.04095	1.04176	1.04082	1.04168	2113
2024-11-22 17:45:00	1.04167	1.04205	1.04147	1.04189	2280
2024-11-22 18:00:00	1.04188	1.04254	1.04184	1.04222	2271
2024-11-22 18:15:00	1.04222	1.04233	1.04191	1.04206	2367
2024-11-22 18:30:00	1.04207	1.04227	1.04171	1.04175	2217
2024-11-22 18:45:00	1.04176	1.04198	1.04147	1.04166	3407
2024-11-22 19:00:00	1.04166	1.04189	1.04145	1.04158	2424
2024-11-22 19:15:00	1.0416	1.04175	1.04137	1.04147	2062
2024-11-22 19:30:00	1.04147	1.04147	1.04086	1.04105	1667
2024-11-22 19:45:00	1.04106	1.04127	1.04088	1.04109	1804
2024-11-22 20:00:00	1.04108	1.04122	1.0408	1.04098	1239
2024-11-22 20:15:00	1.04098	1.04147	1.04081	1.04142	1136
2024-11-22 20:30:00	1.04145	1.04174	1.04143	1.04161	1849
2024-11-22 20:45:00	1.04162	1.04172	1.04129	1.04145	2356
2024-11-22 21:00:00	1.04146	1.04163	1.04133	1.04159	985
2024-11-22 21:15:00	1.04161	1.04179	1.04158	1.04175	778
2024-11-22 21:30:00	1.04176	1.04184	1.04144	1.04152	1400
2024-11-22 21:45:00	1.04153	1.04201	1.04144	1.04193	1837
2024-11-24 22:00:00	1.04806	1.04815	1.04718	1.04732	1553
2024-11-24 22:15:00	1.04732	1.0474	1.04618	1.04657	1970
2024-11-24 22:30:00	1.0466	1.04816	1.04659	1.04799	2958
2024-11-24 22:45:00	1.04799	1.04816	1.04741	1.04793	1559
2024-11-24 23:00:00	1.04792	1.04847	1.04646	1.04834	3185
2024-11-24 23:15:00	1.04833	1.05013	1.0482	1.04984	3281
2024-11-24 23:30:00	1.04984	1.0501	1.04803	1.04814	6321
2024-11-24 23:45:00	1.04812	1.04814	1.04763	1.04793	2869
2024-11-25 00:00:00	1.04792	1.04801	1.04735	1.04794	4860
2024-11-25 00:15:00	1.04794	1.04848	1.04764	1.04775	3846
2024-11-25 00:30:00	1.04774	1.04815	1.04745	1.04805	2558
2024-11-25 00:45:00	1.04804	1.04849	1.04765	1.04812	2883
2024-11-25 01:00:00	1.04811	1.0484	1.0475	1.0475	3353
2024-11-25 01:15:00	1.0475	1.04875	1.04741	1.04868	3748
2024-11-25 01:30:00	1.04869	1049	1.04811	1.04822	5938
2024-11-25 01:45:00	1.04822	1.04854	1.04762	1.04778	4402
2024-11-25 02:00:00	1.04778	1.04817	1.04745	1.04814	3289
2024-11-25 02:15:00	1.04815	1.04849	1.04804	1.04844	3283
2024-11-25 02:30:00	1.04845	1.04894	1.04845	1.04863	3855
2024-11-25 02:45:00	1.04862	1.04878	1.04837	1.0487	3143
2024-11-25 03:00:00	1.0487	1.0487	1.04813	1.04833	2969
2024-11-25 03:15:00	1.04833	1.04881	1.04825	1.04837	1808
2024-11-25 03:30:00	1.04837	1.04852	1.04812	1.04815	2158
2024-11-25 03:45:00	1.04815	1.04815	1.04757	1.04778	2688
2024-11-25 04:00:00	1.04778	1.04799	1.0477	1.04774	1824
2024-11-25 04:15:00	1.04774	1.04786	1.04745	1.04785	1805
2024-11-25 04:30:00	1.04785	1.0481	1.04782	1.04794	1641
2024-11-25 04:45:00	1.04795	1.04807	1.04767	1.04791	2210
2024-11-25 05:00:00	1.04792	1.0483	1.04762	1.04823	1891
2024-11-25 05:15:00	1.04823	1.04823	1.04752	1.0478	2003
2024-11-25 05:30:00	1.04778	1.04794	1.04772	1.0478	1856
2024-11-25 05:45:00	1.0478	1.04807	1.04765	1.04791	2235
2024-11-25 06:00:00	1.04792	1.04799	1.04749	1.04781	4322
2024-11-25 06:15:00	1.04781	1.04891	1.04779	1.04871	4290
2024-11-25 06:30:00	1.04871	1.04895	1.04846	1.0487	3528
2024-11-25 06:45:00	1.04869	1.04875	1.04821	1.04835	2916
2024-11-25 07:00:00	1.04835	1.04836	1.04739	1.04764	4771
2024-11-25 07:15:00	1.04765	1.04767	1.04695	1.04705	3762
2024-11-25 07:30:00	1.04705	1.04709	1.04634	1.04646	5607
2024-11-25 07:45:00	1.04646	1.04659	1.04498	1.04504	6055
2024-11-25 08:00:00	1.04505	1.04594	1.04491	1.04529	8825
2024-11-25 08:15:00	1.04529	1.04538	1.0449	1.04534	8989
2024-11-25 08:30:00	1.04533	1.04595	1.04507	1.04535	6720
2024-11-25 08:45:00	1.04535	1.04671	1.0451	1.04655	4844
2024-11-25 09:00:00	1.04652	1.04872	1.04628	1.04818	9714
2024-11-25 09:15:00	1.04817	1.0482	1.04712	1.04744	8532
2024-11-25 09:30:00	1.04745	1.04823	1.04739	1.0479	6318
2024-11-25 09:45:00	1.04793	1.0497	1.04791	1.04895	6427
2024-11-25 10:00:00	1.04894	1.04932	1.04865	1.04873	6935
2024-11-25 10:15:00	1.04872	1.04944	1.04856	1.04908	4641
2024-11-25 10:30:00	1.04908	1.04969	1.0486	1.04879	4274
2024-11-25 10:45:00	1.04879	1.04907	1.04835	1.0486	4211
2024-11-25 11:00:00	1.04859	1.0489	1.04837	1.04845	3615
2024-11-25 11:15:00	1.04844	1.04904	1.04803	1.04831	3289
2024-11-25 11:30:00	1.04832	1.04847	1.04761	1.04769	4658
2024-11-25 11:45:00	1.0477	1.04805	1.0475	1.04793	5911
2024-11-25 12:00:00	1.04794	1.04839	1.04767	1.04802	5342
2024-11-25 12:15:00	1.04802	1.04802	1.0474	1.04758	4322
2024-11-25 12:30:00	1.04758	1.04859	1.04752	1.04827	6464
2024-11-25 12:45:00	1.04827	1.04934	1.04826	1.04886	4106
2024-11-25 13:00:00	1.04887	1.05018	1.04887	1.05001	6745
2024-11-25 13:15:00	1.05	1.05255	1.04974	1.05208	9644
2024-11-25 13:30:00	1.05209	1.05278	1.05162	1.05196	10628
2024-11-25 13:45:00	1.05195	1.05301	1.05143	1.05284	8348
2024-11-25 14:00:00	1.05286	1.05303	1.0521	1.0527	8680
2024-11-25 14:15:00	1.0527	1.05282	1.05155	1.05252	8385
2024-11-25 14:30:00	1.05253	1.05282	1.05046	1.05053	8895
2024-11-25 14:45:00	1.05055	1.05117	1.05055	1.0508	7626
2024-11-25 15:00:00	1.0508	1.05086	1.04862	1.04967	8022
2024-11-25 15:15:00	1.04967	1.05147	1.04965	1.05135	5150
2024-11-25 15:30:00	1.05135	1.05192	1.0509	1.05123	6288
2024-11-25 15:45:00	1.05122	1.05148	1.04862	1.04884	11542
2024-11-25 16:00:00	1.04884	1.04945	1.04865	1.04901	6583
2024-11-25 16:15:00	1.04901	1.04924	1.0481	1.04847	6369
2024-11-25 16:30:00	1.04848	1.04883	1.04745	1.04745	4430
2024-11-25 16:45:00	1.04745	1.04788	1.04667	1.04776	4448
2024-11-25 17:00:00	1.04775	1.04792	1.0472	1.04723	3597
2024-11-25 17:15:00	1.04724	1.04774	1.04689	1.04749	2825
2024-11-25 17:30:00	1.04749	1.04854	1.04749	1.04835	3596
2024-11-25 17:45:00	1.04835	1.0487	1.04826	1.04861	2132
2024-11-25 18:00:00	1.0486	1.04981	1.04857	1.0492	3791
2024-11-25 18:15:00	1.04919	1.04971	1.04905	1.04966	2878
2024-11-25 18:30:00	1.04966	1.05048	1.04966	1.04987	2794
2024-11-25 18:45:00	1.04985	1.05079	1.04972	1.05074	2615
2024-11-25 19:00:00	1.05075	1.05107	1.05068	1.05086	3007
2024-11-25 19:15:00	1.05086	1.05101	1.05055	1.05092	2484
2024-11-25 19:30:00	1.05093	1.05098	1.05057	1.05057	1843
2024-11-25 19:45:00	1.05057	1.05058	1.05014	1.05055	1968
2024-11-25 20:00:00	1.05052	1.0509	1.05049	1.05085	2093
2024-11-25 20:15:00	1.05085	1.05093	1.0501	1.0503	1402
2024-11-25 20:30:00	1.0503	1.05036	1.05	1.05006	1623
2024-11-25 20:45:00	1.05005	1.05026	1.04919	1.04922	1982
2024-11-25 21:00:00	1.04922	1.0497	1.0492	1.04944	964
2024-11-25 21:15:00	1.04945	1.04966	1.04935	1.04936	1327
2024-11-25 21:30:00	1.04936	1.04946	1.04926	1.04932	1225
2024-11-25 21:45:00	1.04931	1.04962	1.04918	1.04942	1491
2024-11-25 22:00:00	1.04928	1.04953	1.04876	1.04951	270
2024-11-25 22:15:00	1.0495	1.0496	1.04926	1.04943	367
2024-11-25 22:30:00	1.04942	1.04952	1.0494	1.0495	812
2024-11-25 22:45:00	1.04947	1.04959	1.04942	1.04949	837
2024-11-25 23:00:00	1.0495	1.05006	1.04946	1.04987	537
2024-11-25 23:15:00	1.04988	1.04988	1.04954	1.04971	500
2024-11-25 23:30:00	1.04972	1.04974	1.04652	1.04679	5896
2024-11-25 23:45:00	1.04682	1.04693	1.04428	1.04437	10723
2024-11-26 00:00:00	1.04437	1.04564	1.04324	1.04327	11620
2024-11-26 00:15:00	1.0433	1.04548	1.0425	1.04532	9420
2024-11-26 00:30:00	1.04532	1.04572	1.04427	1.04448	7722
2024-11-26 00:45:00	1.04449	1.04497	1.04333	1.04349	8460
2024-11-26 01:00:00	1.04347	1.04483	1.04303	1.04464	11318
2024-11-26 01:15:00	1.04468	1.0457	1.04437	1.04557	6691
2024-11-26 01:30:00	1.04559	1.04645	1.04531	1.04539	8137
2024-11-26 01:45:00	1.04538	1.04614	1.04509	1.0454	3884
2024-11-26 02:00:00	1.0454	1.04601	1.04511	1.04593	3532
2024-11-26 02:15:00	1.04593	1.04625	1.04565	1.04583	4477
2024-11-26 02:30:00	1.04582	1.04598	1.04534	1.04573	3769
2024-11-26 02:45:00	1.04572	1.04647	1.04559	1.04609	3497
2024-11-26 03:00:00	1.04608	1.0468	1.04584	1.04674	3254
2024-11-26 03:15:00	1.04674	1.04691	1.04645	1.04669	2759
2024-11-26 03:30:00	1.04669	1.04737	1.0466	1.04726	1948
2024-11-26 03:45:00	1.04724	1.04801	1.04723	1.04779	3046
2024-11-26 04:00:00	1.04779	1.04904	1.04778	1.04839	2473
2024-11-26 04:15:00	1.04838	1.04863	1.04814	1.04841	2140
2024-11-26 04:30:00	1.04841	1.04841	1.04787	1.04794	1112
2024-11-26 04:45:00	1.04793	1048	1.04767	1.04797	568
2024-11-26 05:00:00	1.04795	1.04814	1.04763	1.04773	1896
2024-11-26 05:15:00	1.04774	1.0479	1.04754	1.04758	2025
2024-11-26 05:30:00	1.04757	1.04808	1.04757	1.04774	1806
2024-11-26 05:45:00	1.04774	1.04778	1.04741	1.04752	2032
2024-11-26 06:00:00	1.04752	1.04835	1.0475	1.04818	2601
2024-11-26 06:15:00	1.04818	1.04821	1.04771	1.04784	2661
2024-11-26 06:30:00	1.04783	1.04823	1.04762	1.04803	2571
2024-11-26 06:45:00	1.04803	1.04805	1.04741	1.04761	2931
2024-11-26 07:00:00	1.04762	1.04816	1.0472	1.04809	6982
2024-11-26 07:15:00	1.04808	1.04815	1.04732	1.0475	6099
2024-11-26 07:30:00	1.04749	1.04855	1.0474	1.04817	8369
2024-11-26 07:45:00	1.04818	1.04847	1.0472	1.0472	7760
2024-11-26 08:00:00	1.0472	1.04809	1047	1.04718	9489
2024-11-26 08:15:00	1.04718	1.04887	1.04718	1.04827	6357
2024-11-26 08:30:00	1.04827	1.0486	1.04782	1.04808	7991
2024-11-26 08:45:00	1.04807	1.04962	1.04805	1.04912	7394
2024-11-26 09:00:00	1.04912	1.05189	1.0491	1.05156	10725
2024-11-26 09:15:00	1.05154	1.05154	1.0498	1.04982	8701
2024-11-26 09:30:00	1.04982	1.05057	1.04924	1.05049	7568
2024-11-26 09:45:00	1.0505	1.05093	1.05019	1.05072	5301
2024-11-26 10:00:00	1.05072	1.05125	1.05055	1.0509	4774
2024-11-26 10:15:00	1.0509	1.05157	1.0507	1.05127	3765
2024-11-26 10:30:00	1.05128	1.05178	1.05089	1.05165	3297
2024-11-26 10:45:00	1.05163	1.05207	1.05148	1.05169	3275
2024-11-26 11:00:00	1.05169	1.05188	1.05128	1.05128	3231
2024-11-26 11:15:00	1.05127	1.05151	1.0505	1.05079	3694
2024-11-26 11:30:00	1.05079	1.05197	1.05066	1.05196	2250
2024-11-26 11:45:00	1.05196	1.05209	1.05117	1.05132	3051
2024-11-26 12:00:00	1.05132	1.05237	1051	1.05233	6012
2024-11-26 12:15:00	1.05233	1.05447	1.05212	1.05313	9516
2024-11-26 12:30:00	1.05314	1.05447	1.05308	1.0537	6254
2024-11-26 12:45:00	1.0537	1.0538	1.05224	1.05238	6167
2024-11-26 13:00:00	1.05237	1.05266	1.05154	1.05211	10719
2024-11-26 13:15:00	1.05212	1.05235	1.05012	1.05018	12011
2024-11-26 13:30:00	1.05017	1.05133	1.05	1.05121	6617
2024-11-26 13:45:00	1.05123	1.05158	1.05002	1.05035	6757
2024-11-26 14:00:00	1.05034	1.05052	1.04897	1.04933	6434
2024-11-26 14:15:00	1.04932	1.05059	1.0491	1.04993	6367
2024-11-26 14:30:00	1.04992	1.05031	1.04923	1.05028	7632
2024-11-26 14:45:00	1.05028	1.05052	1.04963	1.05031	6733
2024-11-26 15:00:00	1.05027	1051	1.04971	1.05026	6561
2024-11-26 15:15:00	1.05026	1.05048	1.04865	1.04869	6056
2024-11-26 15:30:00	1.04869	1.04944	1.04851	1.04914	5144
2024-11-26 15:45:00	1.04914	1.05014	1.04786	1.04796	9816
2024-11-26 16:00:00	1.04796	1.04859	1.04657	1.04675	8732
2024-11-26 16:15:00	1.04676	1.0474	1.04636	1.04729	6662
2024-11-26 16:30:00	1.04728	1.04862	1.04717	1.04759	5640
2024-11-26 16:45:00	1.04761	1.04859	1.04761	1.04799	5883
2024-11-26 17:00:00	1.04799	1.04806	1.04698	1047	5151
2024-11-26 17:15:00	1.04701	1.04733	1.04663	1.04688	3213
2024-11-26 17:30:00	1.04689	1.0472	1.04648	1.04653	3794
2024-11-26 17:45:00	1.04654	1.04705	1.04642	1.04704	3937
2024-11-26 18:00:00	1.04704	1.04744	1.04672	1.04704	4514
2024-11-26 18:15:00	1.04705	1.04718	1.04608	1.04617	3072
2024-11-26 18:30:00	1.04618	1.04657	1.04571	1.04646	2458
2024-11-26 18:45:00	1.04645	1.04672	1.04618	1.0465	2683
2024-11-26 19:00:00	1.04651	1.04809	1.04626	1.04693	5409
2024-11-26 19:15:00	1.04692	1.04692	1.04604	1.04605	4622
2024-11-26 19:30:00	1.04603	1.04676	1.04581	1.04671	2881
2024-11-26 19:45:00	1.04671	1.04767	1.04671	1.04727	4646
2024-11-26 20:00:00	1.04727	1.04761	1.04722	1.04742	2271
2024-11-26 20:15:00	1.04744	1.04777	1.04728	1.0474	2523
2024-11-26 20:30:00	1.04741	1.04766	1.04717	1.04764	2269
2024-11-26 20:45:00	1.04764	1.04819	1.04729	1.04809	2749
2024-11-26 21:00:00	1.04808	1.04881	1.04807	1.04872	1076
2024-11-26 21:15:00	1.04871	1.04902	1.04866	1.04889	747
2024-11-26 21:30:00	1.04889	1.04896	1.04875	1.04884	870
2024-11-26 21:45:00	1.04886	1.04898	1.04863	1.04873	1134
2024-11-26 22:00:00	1.04868	1.04872	1.0485	1.04868	269
2024-11-26 22:15:00	1.04869	1.04874	1.04857	1.04858	254
2024-11-26 22:30:00	1.04858	1.04867	1.04858	1.04865	627
2024-11-26 22:45:00	1.04866	1.04881	1.0485	1.04867	1643
2024-11-26 23:00:00	1.0487	1.04917	1.04866	1.04903	1025
2024-11-26 23:15:00	1.04903	1.04903	1.0486	1.04861	823
2024-11-26 23:30:00	1.04861	1.04899	1.04861	1.04898	656
2024-11-26 23:45:00	1.04898	1.0492	1.04893	1.04918	524
2024-11-27 00:00:00	1.04918	1.04964	1.04917	1.04939	1443
2024-11-27 00:15:00	1.04938	1.04959	1.04921	1.04924	1227
2024-11-27 00:30:00	1.04923	1.04944	1.04893	1.04908	2091
2024-11-27 00:45:00	1.04908	1.04934	1.04888	1.04894	2088
2024-11-27 01:00:00	1.04893	1.04916	1.04859	1.04867	4670
2024-11-27 01:15:00	1.04867	1.04928	1.04864	1.04874	2987
2024-11-27 01:30:00	1.04874	1.04899	1.04854	1.04874	3159
2024-11-27 01:45:00	1.04876	1.04898	1.04846	1.04868	2093
2024-11-27 02:00:00	1.04868	1.04882	1.04828	1.04849	2869
2024-11-27 02:15:00	1.04849	1.04859	1.04827	1.04842	2555
2024-11-27 02:30:00	1.04843	1.04858	1.04814	1.04843	2083
2024-11-27 02:45:00	1.04843	1.04868	1.04843	1.04854	1869
2024-11-27 03:00:00	1.04855	1.04857	1.04777	1.04797	2128
2024-11-27 03:15:00	1.04797	1.04815	1.04779	1.04808	1545
2024-11-27 03:30:00	1.04807	1.04839	1.04805	1.04828	2051
2024-11-27 03:45:00	1.04831	1.04852	1.04811	1.04829	2379
2024-11-27 04:00:00	1.04829	1.04838	1.04809	1.04829	1133
2024-11-27 04:15:00	1.04828	1.0483	1.04787	1.04789	2222
2024-11-27 04:30:00	1.0479	1.04809	1.04773	1.04809	1706
2024-11-27 04:45:00	1.04809	1.04816	1.04782	1.04786	1175
2024-11-27 05:00:00	1.04785	1.04796	1.04778	1.04789	1117
2024-11-27 05:15:00	1.04788	1.04801	1.04771	1.04786	2295
2024-11-27 05:30:00	1.04786	1048	1.04779	1.0479	951
2024-11-27 05:45:00	1.04791	1.04794	1.04744	1.04768	1860
2024-11-27 06:00:00	1.04767	1.04796	1.04752	1.04793	1726
2024-11-27 06:15:00	1.04795	1.04847	1.04764	1.04843	2219
2024-11-27 06:30:00	1.04845	1.04862	1.04776	1.04792	2756
2024-11-27 06:45:00	1.04793	1.04811	1.04772	1.04799	2041
2024-11-27 07:00:00	1.04798	1.04912	1.04797	1.04847	3829
2024-11-27 07:15:00	1.04846	1.0495	1.04833	1.04929	3122
2024-11-27 07:30:00	1.04928	1.05014	1.04923	1.04978	3889
2024-11-27 07:45:00	1.04978	1.05052	1.04956	1.04982	3983
2024-11-27 08:00:00	1.04982	1.05144	1.04961	1.05101	12157
2024-11-27 08:15:00	1.05101	1.05402	1.05059	1.05292	14443
2024-11-27 08:30:00	1.05294	1.0532	1.05199	1.05201	12759
2024-11-27 08:45:00	1.05202	1.05223	1.05074	1.05141	9822
2024-11-27 09:00:00	1.05141	1.05175	1.0509	1.05156	7205
2024-11-27 09:15:00	1.05157	1.05167	1.05094	1.05153	5353
2024-11-27 09:30:00	1.05152	1.05177	1.05107	1.05113	3479
2024-11-27 09:45:00	1.05112	1.05186	1.05103	1.05165	3605
2024-11-27 10:00:00	1.05164	1.0523	1.05148	1.05192	4908
2024-11-27 10:15:00	1.05192	1.05217	1.05126	1.0519	4825
2024-11-27 10:30:00	1.05191	1.05237	1.05169	1.05222	3945
2024-11-27 10:45:00	1.05221	1.05305	1.05185	1.05277	4163
2024-11-27 11:00:00	1.05277	1.05305	1.05192	1.05194	3764
2024-11-27 11:15:00	1.05195	1.05197	1.05107	1.05113	3396
2024-11-27 11:30:00	1.05112	1.05252	1.05103	1.05232	3476
2024-11-27 11:45:00	1.05233	1.05278	1.05166	1.05261	3711
2024-11-27 12:00:00	1.05261	1.05295	1.05232	1.05248	4459
2024-11-27 12:15:00	1.05247	1.05272	1.05199	1.05268	4566
2024-11-27 12:30:00	1.05267	1.05376	1.05261	1.05356	5483
2024-11-27 12:45:00	1.05356	1.05377	1.0526	1.05277	6078
2024-11-27 13:00:00	1.0528	1.05343	1.0527	1.0532	6260
2024-11-27 13:15:00	1.05322	1.05367	1.05292	1.05335	5725
2024-11-27 13:30:00	1.05334	1.05597	1.05324	1.05489	11803
2024-11-27 13:45:00	1.05489	1.05737	1.05447	1.05726	9860
2024-11-27 14:00:00	1.05727	1.05787	1.05638	1.0565	12005
2024-11-27 14:15:00	1.0565	1.05651	1.05542	1.05576	8242
2024-11-27 14:30:00	1.05576	1.05608	1.05502	1.05568	6917
2024-11-27 14:45:00	1.05567	1.05591	1.05482	1.05562	6431
2024-11-27 15:00:00	1.05566	1.05566	1.05335	1.05358	9880
2024-11-27 15:15:00	1.05357	1.05469	1.05331	1.05447	6992
2024-11-27 15:30:00	1.05448	1.05597	1.05414	1.05584	5411
2024-11-27 15:45:00	1.05584	1.05797	1.05546	1.05706	9487
2024-11-27 16:00:00	1.05706	1.05749	1.05613	1.05634	7206
2024-11-27 16:15:00	1.05633	1.05651	1.05549	1.05577	4322
2024-11-27 16:30:00	1.05575	1.05796	1.05568	1.05778	8813
2024-11-27 16:45:00	1.05779	1.05846	1.05733	1.05742	5794
2024-11-27 17:00:00	1.05742	1.0584	1.05714	1.05809	4045
2024-11-27 17:15:00	1.05809	1.05876	1.05798	1.05817	4102
2024-11-27 17:30:00	1.05816	1.05818	1.05737	1.05789	4505
2024-11-27 17:45:00	1.05789	1.05795	1.05729	1.05764	3786
2024-11-27 18:00:00	1.05763	1.05786	1.05729	1.05736	2827
2024-11-27 18:15:00	1.05736	1.05783	1.05725	1.05726	2006
2024-11-27 18:30:00	1.05727	1.05756	1.05692	1.05708	3008
2024-11-27 18:45:00	1.0571	1.05715	1.05652	1.05661	2198
2024-11-27 19:00:00	1.0566	1.05709	1.05641	1.05686	2234
2024-11-27 19:15:00	1.05686	1.05691	1.05626	1.05636	1640
2024-11-27 19:30:00	1.05636	1.05685	1.05633	1.05684	1568
2024-11-27 19:45:00	1.05685	1.05685	1.05605	1.05628	2407
2024-11-27 20:00:00	1.05628	1.05635	1.05603	1.05617	2667
2024-11-27 20:15:00	1.05618	1.0564	1.05593	1.05639	1363
2024-11-27 20:30:00	1.05638	1.05654	1.05618	1.05626	1927
2024-11-27 20:45:00	1.05627	1.05665	1.05627	1.05653	2174
2024-11-27 21:00:00	1.05653	1.05673	1.05625	1.05656	1035
2024-11-27 21:15:00	1.05657	1.05683	1.05648	1.05667	325
2024-11-27 21:30:00	1.05668	1.05668	1.05639	1.05652	2498
2024-11-27 21:45:00	1.05653	1.05674	1.05648	1.05657	1911
2024-11-27 22:00:00	1.05654	1.05666	1.05628	1.05658	148
2024-11-27 22:15:00	1.05669	1.05669	1.0565	1.05662	69
2024-11-27 22:30:00	1.05661	1.05692	1.05658	1.0568	419
2024-11-27 22:45:00	1.0568	1.05686	1.05665	1.05667	477
2024-11-27 23:00:00	1.05671	1.05691	1.05664	1.05674	525
2024-11-27 23:15:00	1.05676	1.05681	1.05654	1.05658	558
2024-11-27 23:30:00	1.05658	1.05658	1.0564	1.0564	911
2024-11-27 23:45:00	1.0564	1.05642	1.05609	1.05619	778
2024-11-28 00:00:00	1.05619	1.05622	1.05566	1.0557	1582
2024-11-28 00:15:00	1.05569	1.0562	1.05567	1.05603	992
2024-11-28 00:30:00	1.05603	1.0562	1.05571	1.05575	1248
2024-11-28 00:45:00	1.05576	1.05582	1.0551	1.05517	2648
2024-11-28 01:00:00	1.05517	1.05523	1.05473	1.05498	2908
2024-11-28 01:15:00	1055	1.05582	1.05499	1.05579	3094
2024-11-28 01:30:00	1.05579	1.05621	1.05536	1.05584	3298
2024-11-28 01:45:00	1.05585	1.05627	1.05554	1.05571	3032
2024-11-28 02:00:00	1.05572	1.0561	1.05551	1.05586	3104
2024-11-28 02:15:00	1.05586	1.05595	1.05554	1.05556	1763
2024-11-28 02:30:00	1.05556	1.05557	1.05511	1.0554	1794
2024-11-28 02:45:00	1.0554	1.05572	1.05536	1.05571	1388
2024-11-28 03:00:00	1.0557	1.05579	1.05533	1.0555	1901
2024-11-28 03:15:00	1.05551	1.05558	1.05526	1.05556	1364
2024-11-28 03:30:00	1.05556	1.05556	1.05511	1.05547	1400
2024-11-28 03:45:00	1.05546	1.05546	1.05501	1.05522	1212
2024-11-28 04:00:00	1.05524	1.05532	1.05487	1.05512	1187
2024-11-28 04:15:00	1.05511	1.05572	1.05511	1.05554	1321
2024-11-28 04:30:00	1.05554	1.05562	1.05538	1.05541	1280
2024-11-28 04:45:00	1.05541	1.05547	1.05514	1.05546	1692
2024-11-28 05:00:00	1.05547	1.0558	1.05545	1.05555	1305
2024-11-28 05:15:00	1.05554	1.05565	1.05525	1.05535	1636
2024-11-28 05:30:00	1.05536	1.05566	1.05536	1.05558	1030
2024-11-28 05:45:00	1.05558	1.05569	1.05496	1055	1560
2024-11-28 06:00:00	1055	1055	1.05427	1.0547	2973
2024-11-28 06:15:00	1.05471	1.05489	1.05449	1.0548	2225
2024-11-28 06:30:00	1.0548	1.05502	1.05465	1055	1431
2024-11-28 06:45:00	1.05502	1.05517	1.05467	1.05483	1842
2024-11-28 07:00:00	1.05484	1.0549	1.05415	1.05466	2318
2024-11-28 07:15:00	1.05466	1.05551	1.05456	1.05463	2570
2024-11-28 07:30:00	1.05462	1.05462	1.05323	1.05326	5686
2024-11-28 07:45:00	1.05324	1.05444	1.05319	1.05415	5254
2024-11-28 08:00:00	1.05414	1.05415	1.05275	1.05413	9562
2024-11-28 08:15:00	1.05413	1.05413	1053	1.05365	6632
2024-11-28 08:30:00	1.05365	1.05431	1.0534	1.05426	7109
2024-11-28 08:45:00	1.05427	1.05495	1.05421	1.05441	6080
2024-11-28 09:00:00	1.05441	1.05563	1.05359	1.0542	12611
2024-11-28 09:15:00	1.05419	1.05419	1.05329	1.05355	9055
2024-11-28 09:30:00	1.05356	1.05398	1.05331	1.05365	5880
2024-11-28 09:45:00	1.05366	1.05377	1.0531	1.05319	4873
2024-11-28 10:00:00	1.05319	1.05386	1.05299	1.05356	5473
2024-11-28 10:15:00	1.05355	1.05402	1.05335	1.05397	4758
2024-11-28 10:30:00	1.05399	1.05445	1.05396	1.05423	2998
2024-11-28 10:45:00	1.05424	1.05505	1.05422	1.05504	3002
2024-11-28 11:00:00	1.05505	1.05561	1.05482	1.05546	3393
2024-11-28 11:15:00	1.05545	1.05556	1.05512	1.05555	2719
2024-11-28 11:30:00	1.05556	1.05562	1055	1.05518	2882
2024-11-28 11:45:00	1.05517	1.05528	1.05455	1055	2759
2024-11-28 12:00:00	1.05498	1.05507	1.05466	1.05495	2830
2024-11-28 12:15:00	1.05496	1.05538	1.05485	1.05531	2224
2024-11-28 12:30:00	1.05533	1.05538	1.05477	1.05507	2563
2024-11-28 12:45:00	1.05507	1.05521	1.05438	1.05449	2527
2024-11-28 13:00:00	1.05449	1.05477	1.05377	1.05457	4175
2024-11-28 13:15:00	1.05458	1.05467	1.05409	1.05411	4886
2024-11-28 13:30:00	1.05411	1.05465	1.05361	1.05397	5821
2024-11-28 13:45:00	1.05398	1.05413	1.05302	1.05338	6670
2024-11-28 14:00:00	1.05338	1.05388	1.05322	1.05383	4424
2024-11-28 14:15:00	1.05385	1.05423	1.05315	1.05379	4743
2024-11-28 14:30:00	1.0538	1.05447	1.05374	1.05441	3756
2024-11-28 14:45:00	1.05444	1.05494	1.05419	1.05492	4811
2024-11-28 15:00:00	1.05493	1.0557	1.0548	1.05547	3180
2024-11-28 15:15:00	1.05546	1.05551	1.05488	1.0554	3673
2024-11-28 15:30:00	1.05541	1.05555	1.05417	1.05461	4375
2024-11-28 15:45:00	1.0546	1.05544	1.05438	1.05525	5297
2024-11-28 16:00:00	1.05524	1.05545	1.05495	1.05505	3234
2024-11-28 16:15:00	1.05505	1.05516	1.05475	1.0549	2249
2024-11-28 16:30:00	1.0549	1.05531	1.05483	1.05518	1841
2024-11-28 16:45:00	1.05518	1.05548	1.05516	1.05539	1044
2024-11-28 17:00:00	1.05539	1.05545	1.05509	1.0552	1085
2024-11-28 17:15:00	1.0552	1.05539	1.05504	1.05532	1086
2024-11-28 17:30:00	1.05531	1.05542	1.05521	1.05537	674
2024-11-28 17:45:00	1.05538	1.05555	1.05515	1.05528	581
2024-11-28 18:00:00	1.0553	1.05567	1.0553	1.05533	552
2024-11-28 18:15:00	1.05532	1.05545	1.05531	1.05542	200
2024-11-28 18:30:00	1.05542	1.05545	1.05532	1.05535	294
2024-11-28 18:45:00	1.05534	1.05556	1.05521	1.05554	361
2024-11-28 19:00:00	1.05554	1.05555	1.05543	1.05548	387
2024-11-28 19:15:00	1.05549	1.05552	1.05541	1.05541	319
2024-11-28 19:30:00	1.05542	1.05551	1.0554	1.05547	311
2024-11-28 19:45:00	1.05547	1.05568	1.05547	1.05566	349
2024-11-28 20:00:00	1.05566	1.0557	1.05555	1.05558	304
2024-11-28 20:15:00	1.05559	1.05563	1.05544	1.05548	251
2024-11-28 20:30:00	1.05548	1.05565	1.05537	1.05538	362
2024-11-28 20:45:00	1.0554	1.05551	1.0554	1.05546	316
2024-11-28 21:00:00	1.05547	1.05563	1.05547	1.05563	292
2024-11-28 21:15:00	1.05563	1.05568	1.05557	1.05558	128
2024-11-28 21:30:00	1.05557	1.05565	1.05557	1.05562	338
2024-11-28 21:45:00	1.05565	1.05566	1.05511	1.05511	400
2024-11-28 22:00:00	1.05511	1.05537	1.05507	1.05531	149
2024-11-28 22:15:00	1.05531	1.05551	1.05531	1.05537	223
2024-11-28 22:30:00	1.05537	1.05537	1.05519	1.05528	30
2024-11-28 22:45:00	1.05528	1.05551	1.05502	1.05508	461
2024-11-28 23:00:00	1.05508	1.05573	1.05508	1.05569	569
2024-11-28 23:15:00	1.05569	1.0562	1.05569	1.05591	987
2024-11-28 23:30:00	1.05591	1.05601	1.05559	1.05595	1005
2024-11-28 23:45:00	1.05596	1.05621	1.0559	1056	700
2024-11-29 00:00:00	1.05601	1.05618	1.05586	1.05613	1495
2024-11-29 00:15:00	1.05614	1.05628	1.05598	1.05621	1053
2024-11-29 00:30:00	1.0562	1.05716	1.05615	1.05688	2315
2024-11-29 00:45:00	1.05689	1.0569	1.05603	1.05625	2985
2024-11-29 01:00:00	1.05625	1.05728	1.05605	1.05706	4387
2024-11-29 01:15:00	1.05708	1.05748	1.05662	1.0568	3978
2024-11-29 01:30:00	1.05679	1.05692	1.05613	1.0562	3729
2024-11-29 01:45:00	1.0562	1.05635	1.05564	1.05598	3517
2024-11-29 02:00:00	1.05597	1057	1.0559	1.05688	2141
2024-11-29 02:15:00	1.05688	1.05702	1.05652	1.05697	1401
2024-11-29 02:30:00	1.05697	1.05739	1.05693	1.05731	2064
2024-11-29 02:45:00	1.05731	1.05731	1.05673	1.0571	1787
2024-11-29 03:00:00	1.0571	1.05718	1.0567	1.0567	2208
2024-11-29 03:15:00	1.0567	1.05685	1.0566	1.05682	1543
2024-11-29 03:30:00	1.05683	1.05728	1.05668	1.05726	1354
2024-11-29 03:45:00	1.05726	1.0576	1.05721	1.05736	1737
2024-11-29 04:00:00	1.05736	1.05743	1057	1.0572	1335
2024-11-29 04:15:00	1.05721	1.05767	1.0572	1.0574	1910
2024-11-29 04:30:00	1.0574	1.05744	1.05685	1.05689	1273
2024-11-29 04:45:00	1.0569	1.05705	1.05684	1.05699	948
2024-11-29 05:00:00	1.05698	1.05721	1.05691	1.05718	1655
2024-11-29 05:15:00	1.05718	1.05741	1.05709	1.05722	1735
2024-11-29 05:30:00	1.05721	1.05721	1.0568	1.05707	2210
2024-11-29 05:45:00	1.05706	1.05721	1.05663	1.0568	1678
2024-11-29 06:00:00	1.05677	1.05697	1.05652	1.05669	1713
2024-11-29 06:15:00	1.0567	1.05721	1.05669	1.05721	1453
2024-11-29 06:30:00	1.05721	1.05757	1.05719	1.05748	1630
2024-11-29 06:45:00	1.05749	1.05805	1.0574	1.05801	2520
2024-11-29 07:00:00	1.05803	1.05854	1.05784	1.0585	4582
2024-11-29 07:15:00	1.05851	1.05971	1.05814	1.05952	5069
2024-11-29 07:30:00	1.05951	1.05951	1.05787	1.05794	6475
2024-11-29 07:45:00	1.05792	1.0588	1.05753	1.05795	8360
2024-11-29 08:00:00	1.05794	1.0582	1.05668	1.0567	6117
2024-11-29 08:15:00	1.05672	1.05714	1.05639	1.05691	7016
2024-11-29 08:30:00	1.05691	1.05714	1.05665	1.05676	5208
2024-11-29 08:45:00	1.05674	1.05777	1.05666	1.05699	6053
2024-11-29 09:00:00	1057	1.05815	1.05642	1.05796	10887
2024-11-29 09:15:00	1.05795	1.05797	1.05694	1.05705	6467
2024-11-29 09:30:00	1.05704	1.05716	1.05518	1.05575	7465
2024-11-29 09:45:00	1.05576	1.05626	1.05562	1.05574	6348
2024-11-29 10:00:00	1.05573	1.05675	1.05564	1.05638	4861
2024-11-29 10:15:00	1.05637	1.05666	1.05605	1.05642	5092
2024-11-29 10:30:00	1.05644	1.05732	1.05585	1.05589	5164
2024-11-29 10:45:00	1.0559	1.0565	1.0557	1.05645	5503
2024-11-29 11:00:00	1.05644	1.05652	1.05551	1.05552	4949
2024-11-29 11:15:00	1.05551	1.0562	1.0555	1.05591	5503
2024-11-29 11:30:00	1.0559	1.05641	1.05565	1.05626	4170
2024-11-29 11:45:00	1.05625	1.05677	1.0558	1.05625	4474
2024-11-29 12:00:00	1.05626	1.05655	1.05599	1.05601	4668
2024-11-29 12:15:00	1.05598	1.05598	1.05499	1.05514	4520
2024-11-29 12:30:00	1.05515	1.05563	1.05499	1.05529	5591
2024-11-29 12:45:00	1.05529	1.05656	1.0548	1.05642	7656
2024-11-29 13:00:00	1.05644	1.05684	1.05599	1.05611	6429
2024-11-29 13:15:00	1.0561	1.05682	1.05596	1.05624	4247
2024-11-29 13:30:00	1.05624	1.05647	1.05553	1.05555	5602
2024-11-29 13:45:00	1.05556	1.0563	1.05555	1.05628	5846
2024-11-29 14:00:00	1.05629	1.05645	1.05469	1.05475	6872
2024-11-29 14:15:00	1.05476	1.05507	1.05454	1055	5031
2024-11-29 14:30:00	1.05498	1.05545	1.05485	1.05545	5933
2024-11-29 14:45:00	1.05544	1.05556	1.0548	1.05532	5877
2024-11-29 15:00:00	1.05531	1.05637	1.0548	1.05615	6973
2024-11-29 15:15:00	1.05614	1.05624	1.05471	1.05475	7823
2024-11-29 15:30:00	1.05476	1.05641	1.05459	1.05617	7937
2024-11-29 15:45:00	1.05616	1.05677	1.05534	1.05612	10002
2024-11-29 16:00:00	1.05612	1.0563	1.05478	1.05533	9483
2024-11-29 16:15:00	1.05533	1.05561	1.05502	1.05546	6901
2024-11-29 16:30:00	1.05547	1.05573	1.05418	1.05422	6942
2024-11-29 16:45:00	1.05423	1.0548	1.05414	1.05465	4632
2024-11-29 17:00:00	1.05465	1.0552	1.05439	1.0544	6072
2024-11-29 17:15:00	1.05439	1.05496	1.05435	1.05461	3188
2024-11-29 17:30:00	1.05461	1.05552	1.05451	1.05549	2324
2024-11-29 17:45:00	1.05547	1.05678	1.05547	1.05673	4001
2024-11-29 18:00:00	1.05674	1.05781	1.05674	1.05708	4356
2024-11-29 18:15:00	1.05709	1.05726	1.05697	1.05723	2177
2024-11-29 18:30:00	1.05722	1.05757	1.05707	1.05721	4276
2024-11-29 18:45:00	1.05723	1.05753	1.0572	1.05753	3925
2024-11-29 19:00:00	1.05753	1.05754	1.05722	1.05735	1950
2024-11-29 19:15:00	1.05733	1.05786	1.05726	1.05778	2494
2024-11-29 19:30:00	1.05777	1.05797	1.05769	1.05783	3524
2024-11-29 19:45:00	1.05784	1058	1.05781	1.05795	3826
2024-11-29 20:00:00	1.05796	1.05799	1.05781	1.05796	3953
2024-11-29 20:15:00	1.05797	1.05818	1.05792	1.05818	1150
2024-11-29 20:30:00	1.0582	1.05843	1.0582	1.05842	1676
2024-11-29 20:45:00	1.05842	1.05842	1.05813	1.05823	4971
2024-11-29 21:00:00	1.05822	1.0583	1.05784	1.05792	3321
2024-11-29 21:15:00	1.05792	1.05802	1.05776	1.05792	3056
2024-11-29 21:30:00	1.05794	1.05797	1.05778	1.05786	1826
2024-11-29 21:45:00	1.05786	1.05798	1.05747	1.05748	1062
2024-12-01 22:00:00	1.05711	1.05733	1.05666	1.05684	169
2024-12-01 22:15:00	1.05683	1.05703	1.05659	1.05675	244
2024-12-01 22:30:00	1.05675	1.05694	1.05662	1.05671	878
2024-12-01 22:45:00	1.0567	1.05673	1.05604	1.05608	1297
2024-12-01 23:00:00	1.0561	1.05661	1.05467	1.05488	2917
2024-12-01 23:15:00	1.05489	1.05514	1.05336	1.0534	2324
2024-12-01 23:30:00	1.05339	1.05459	1.05336	1.05449	2375
2024-12-01 23:45:00	1.05447	1.05461	1.05412	1.05439	1215
2024-12-02 00:00:00	1.05439	1.05463	1.05331	1.05395	2298
2024-12-02 00:15:00	1.05395	1.05415	1.05376	1.05408	2338
2024-12-02 00:30:00	1.05408	1.05431	1.05313	1.05333	2943
2024-12-02 00:45:00	1.05334	1.05373	1.05318	1.05362	3437
2024-12-02 01:00:00	1.05361	1.05391	1.0531	1.0531	3932
2024-12-02 01:15:00	1.05312	1.05331	1.05279	1053	3001
2024-12-02 01:30:00	1.05301	1.05351	1053	1.05348	2299
2024-12-02 01:45:00	1.05349	1.05357	1.05291	1.05305	3498
2024-12-02 02:00:00	1.05304	1.05319	1.05249	1.0525	4555
2024-12-02 02:15:00	1.05249	1.05258	1052	1.0524	3991
2024-12-02 02:30:00	1.05243	1.0528	1.05238	1.05247	2825
2024-12-02 02:45:00	1.05248	1.0527	1.05242	1.05253	2428
2024-12-02 03:00:00	1.05254	1.05269	1.05225	1.05237	2865
2024-12-02 03:15:00	1.05239	1.05256	1052	1.05231	2077
2024-12-02 03:30:00	1.0523	1.05261	1.05229	1.05233	3163
2024-12-02 03:45:00	1.05231	1.0526	1.05214	1.05235	2002
2024-12-02 04:00:00	1.05235	1.05247	1.0522	1.05242	1277
2024-12-02 04:15:00	1.05241	1.0529	1.05226	1.0527	1665
2024-12-02 04:30:00	1.05271	1.05283	1.05228	1.05229	1412
2024-12-02 04:45:00	1.0523	1.05239	1.05189	1.05233	2129
2024-12-02 05:00:00	1.05233	1.05241	1.05217	1.05228	2088
2024-12-02 05:15:00	1.05226	1.05226	1.05151	1.05219	2818
2024-12-02 05:30:00	1.05221	1.05267	1.05208	1.05261	2420
2024-12-02 05:45:00	1.05261	1.05282	1.05215	1.05219	3494
2024-12-02 06:00:00	1.05218	1.05276	1.05213	1.05259	3313
2024-12-02 06:15:00	1.0526	1.0527	1.0523	1.05254	3513
2024-12-02 06:30:00	1.05254	1.05334	1.05235	1.05315	3740
2024-12-02 06:45:00	1.05316	1.05361	1.05289	1.05328	4228
2024-12-02 07:00:00	1.0533	1.0537	1.05156	1.05174	8333
2024-12-02 07:15:00	1.05173	1.0523	1.0507	1052	8000
2024-12-02 07:30:00	1.05199	1.05199	1.05058	1.05061	7977
2024-12-02 07:45:00	1.0506	1.05111	1.05018	1.05027	8389
2024-12-02 08:00:00	1.05027	1.05124	1.04959	1.05078	9261
2024-12-02 08:15:00	1.05078	1.05104	1.04973	1.05059	6889
2024-12-02 08:30:00	1.05059	1.05065	1.04968	1.05045	8364
2024-12-02 08:45:00	1.05048	1.05048	1.04972	1.0502	8293
2024-12-02 09:00:00	1.05019	1.05182	1.05019	1.05137	7086
2024-12-02 09:15:00	1.05138	1.05162	1.0509	1.05126	6019
2024-12-02 09:30:00	1.05126	1.05175	1.05109	1.05119	4530
2024-12-02 09:45:00	1.05119	1.05191	1.05081	1.05135	4148
2024-12-02 10:00:00	1.05133	1.05181	1.05062	1.05089	4612
2024-12-02 10:15:00	1.05089	1.0519	1.05064	1.0514	8151
2024-12-02 10:30:00	1.05139	1.05165	1.05085	1.05131	4354
2024-12-02 10:45:00	1.05131	1.05239	1.0513	1.05217	4428
2024-12-02 11:00:00	1.05216	1.0527	1.05202	1.05235	3393
2024-12-02 11:15:00	1.05234	1.05275	1.05216	1.05265	2625
2024-12-02 11:30:00	1.05264	1.05288	1.05247	1.05252	3021
2024-12-02 11:45:00	1.0525	1.05265	1.05206	1.05229	3548
2024-12-02 12:00:00	1.05229	1.05382	1.05171	1.0533	5934
2024-12-02 12:15:00	1.05329	1.05332	1.05187	1.05196	5949
2024-12-02 12:30:00	1.05196	1.05223	1051	1.05146	5616
2024-12-02 12:45:00	1.05145	1.05164	1.0495	1.05009	6117
2024-12-02 13:00:00	1.05008	1.05097	1.05005	1.05087	5082
2024-12-02 13:15:00	1.05089	1.05142	1.05065	1.05097	4930
2024-12-02 13:30:00	1.05098	1.05101	1.04998	1.05013	6754
2024-12-02 13:45:00	1.05011	1.05105	1.04961	1.05056	11038
2024-12-02 14:00:00	1.05057	1.05147	1.05019	1.05082	9408
2024-12-02 14:15:00	1.05083	1.0509	1.04906	1.04937	8397
2024-12-02 14:30:00	1.04938	1.04955	1.04804	1.04839	8732
2024-12-02 14:45:00	1.0484	1.0484	1.04724	1.04737	8512
2024-12-02 15:00:00	1.04735	1.04808	1.0462	1.04678	13859
2024-12-02 15:15:00	1.04677	1.04793	1.04667	1.04667	10787
2024-12-02 15:30:00	1.04667	1.04737	1.04647	1.04711	8809
2024-12-02 15:45:00	1.04712	1.04717	1.04621	1.0469	8608
2024-12-02 16:00:00	1.04691	1.04745	1.04607	1.04715	5523
2024-12-02 16:15:00	1.04716	1.04977	1.04706	1.04911	12920
2024-12-02 16:30:00	1.04911	1.04911	1.04802	1.04848	8338
2024-12-02 16:45:00	1.04849	1.04891	1048	1.04835	5380
2024-12-02 17:00:00	1.04836	1.04925	1048	1.04921	4378
2024-12-02 17:15:00	1.04921	1.04989	1.04891	1.04932	3338
2024-12-02 17:30:00	1.04931	1.04956	1.04854	1.04859	3367
2024-12-02 17:45:00	1.04857	1.04874	1.04825	1.04874	4012
2024-12-02 18:00:00	1.04875	1.0491	1.04857	1.04904	2763
2024-12-02 18:15:00	1.04905	1.04931	1.0488	1.04906	2446
2024-12-02 18:30:00	1.04906	1.04906	1.04871	1.04886	3080
2024-12-02 18:45:00	1.04887	1.04913	1.04845	1.04897	3673
2024-12-02 19:00:00	1.04897	1.04925	1.04873	1.04902	3394
2024-12-02 19:15:00	1.04904	1.04942	1.04896	1.04918	3205
2024-12-02 19:30:00	1.0492	1.04925	1.04892	1.04919	2383
2024-12-02 19:45:00	1.0492	1.04932	1.04882	1.04903	2133
2024-12-02 20:00:00	1.04902	1.04929	1.04887	1049	2081
2024-12-02 20:15:00	1.04902	1.05158	1.04902	1.05092	11933
2024-12-02 20:30:00	1.05091	1.05148	1.05059	1.05076	5625
2024-12-02 20:45:00	1.05075	1.0509	1.04994	1.04999	4155
2024-12-02 21:00:00	1.04999	1.05029	1.04969	1.05013	1338
2024-12-02 21:15:00	1.05012	1.05015	1.04976	1.04982	914
2024-12-02 21:30:00	1.04983	1.04991	1.0497	1.04985	575
2024-12-02 21:45:00	1.04985	1.05001	1.0497	1.04971	871
2024-12-02 22:00:00	1.04966	1.04996	1.04966	1.04996	139
2024-12-02 22:15:00	1.04995	1.05002	1.04983	1.05	227
2024-12-02 22:30:00	1.05001	1.05004	1.04985	1.04985	222
2024-12-02 22:45:00	1.04985	1.04991	1.04934	1.04963	291
2024-12-02 23:00:00	1.04962	1.04997	1.04962	1.04975	564
2024-12-02 23:15:00	1.04974	1.05004	1.04974	1.04995	725
2024-12-02 23:30:00	1.04995	1.05005	1.04988	1.05003	1050
2024-12-02 23:45:00	1.05004	1.05017	1.05002	1.05008	1577
2024-12-03 00:00:00	1.05008	1.05014	1.04954	1.04959	3346
2024-12-03 00:15:00	1.04959	1.04959	1.04893	1.04894	3921
2024-12-03 00:30:00	1.04893	1.04932	1.04887	1.04917	2665
2024-12-03 00:45:00	1.04917	1.04938	1.04911	1.04912	1754
2024-12-03 01:00:00	1.04913	1.0497	1.04912	1.04966	2645
2024-12-03 01:15:00	1.04968	1.04971	1.04866	1.04867	2973
2024-12-03 01:30:00	1.04867	1.04949	1.04855	1.04945	6574
2024-12-03 01:45:00	1.04945	1.04949	1.04842	1.04878	5090
2024-12-03 02:00:00	1.04878	1.04898	1.0485	1.04883	4127
2024-12-03 02:15:00	1.04883	1.0489	1.04823	1.04842	3729
2024-12-03 02:30:00	1.04842	1.04914	1.04838	1.04898	2948
2024-12-03 02:45:00	1.04897	1.04921	1.04891	1.04893	2306
2024-12-03 03:00:00	1.04892	1.04897	1.04869	1.0489	2962
2024-12-03 03:15:00	1.04891	1.04911	1.04878	1.04883	2506
2024-12-03 03:30:00	1.04885	1.04944	1.04883	1.04924	2741
2024-12-03 03:45:00	1.04923	1.04933	1.04894	1.04903	1946
2024-12-03 04:00:00	1.04903	1.04912	1.04889	1.04889	2346
2024-12-03 04:15:00	1.04889	1.04894	1.04848	1.04871	1809
2024-12-03 04:30:00	1.04873	1.04873	1.04848	1.04855	1806
2024-12-03 04:45:00	1.04856	1.0487	1.04843	1.04853	1424
2024-12-03 05:00:00	1.04854	1.04859	1.04807	1.04825	1889
2024-12-03 05:15:00	1.04827	1.04865	1.04827	1.04865	1708
2024-12-03 05:30:00	1.04866	1.04905	1.04861	1.04884	2467
2024-12-03 05:45:00	1.04884	1.04924	1.04878	1.04914	2062
2024-12-03 06:00:00	1.04915	1.04946	1.04878	1.04882	3328
2024-12-03 06:15:00	1.04883	1.04897	1.04849	1.04871	1938
2024-12-03 06:30:00	1.04871	1.04914	1.04858	1.04869	2235
2024-12-03 06:45:00	1.04868	1.04909	1.04834	1.04878	2811
2024-12-03 07:00:00	1.04878	1.04953	1.04863	1.0495	4128
2024-12-03 07:15:00	1.04951	1.05031	1.04937	1.05026	3135
2024-12-03 07:30:00	1.05027	1.05115	1.04996	1.05024	5861
2024-12-03 07:45:00	1.05024	1.05073	1.04969	1.0498	5287
2024-12-03 08:00:00	1.04981	1.05087	1.04972	1.05063	8917
2024-12-03 08:15:00	1.05063	1.05161	1.05062	1.05145	6424
2024-12-03 08:30:00	1.05144	1.05278	1.05144	1.05264	7501
2024-12-03 08:45:00	1.05264	1.0527	1.05217	1.05252	8163
2024-12-03 09:00:00	1.05253	1.05304	1.0523	1.05292	7154
2024-12-03 09:15:00	1.05293	1.05307	1.05176	1.05195	6391
2024-12-03 09:30:00	1.05194	1.0522	1.05163	1.05183	4257
2024-12-03 09:45:00	1.05184	1.05218	1.05163	1.05204	4533
2024-12-03 10:00:00	1.05203	1.0526	1.05174	1.05251	3002
2024-12-03 10:15:00	1.05252	1.05274	1.05235	1.05257	2139
2024-12-03 10:30:00	1.05258	1.05298	1.05244	1.05253	1458
2024-12-03 10:45:00	1.05252	1.05252	1.0512	1.05146	4221
2024-12-03 11:00:00	1.05146	1.05204	1.05137	1.05181	2401
2024-12-03 11:15:00	1.05181	1.05255	1.05168	1.05215	3900
2024-12-03 11:30:00	1.05214	1.05238	1.05178	1.05213	5149
2024-12-03 11:45:00	1.05213	1.05273	1.05177	1.05226	4330
2024-12-03 12:00:00	1.05225	1.05244	1.05178	1.05198	7038
2024-12-03 12:15:00	1.05198	1.05198	1.05097	1.05103	4321
2024-12-03 12:30:00	1.05102	1.05149	1.05083	1.05137	3217
2024-12-03 12:45:00	1.05134	1.0519	1.05071	1.05075	3785
2024-12-03 13:00:00	1.05076	1.05152	1.05062	1.05148	3366
2024-12-03 13:15:00	1.05149	1.05149	1.05112	1.05143	4231
2024-12-03 13:30:00	1.05143	1.05191	1.05143	1.05185	3977
2024-12-03 13:45:00	1.05186	1.05269	1.05183	1.05239	5130
2024-12-03 14:00:00	1.05241	1.05264	1.05193	1.05254	8782
2024-12-03 14:15:00	1.05255	1.0529	1.05219	1.05271	6377
2024-12-03 14:30:00	1.05271	1.05287	1.05192	1.05208	7283
2024-12-03 14:45:00	1.05207	1.05249	1.0517	1.05194	5247
2024-12-03 15:00:00	1.05194	1.05194	1.0502	1.05021	11329
2024-12-03 15:15:00	1.05022	1.05051	1.04923	1.0494	7268
2024-12-03 15:30:00	1.0494	1.05085	1.0492	1.05085	7511
2024-12-03 15:45:00	1.05085	1.05184	1.05063	1.05166	7434
2024-12-03 16:00:00	1.05165	1.05185	1.05032	1.05059	8276
2024-12-03 16:15:00	1.05061	1.05159	1.05061	1.05078	5434
2024-12-03 16:30:00	1.0508	1.05129	1.05031	1.05123	4631
2024-12-03 16:45:00	1.05124	1.05194	1.05097	1.05175	4309
2024-12-03 17:00:00	1.05175	1.05227	1.05175	1.0521	4506
2024-12-03 17:15:00	1.05211	1.05232	1.05139	1.05163	3713
2024-12-03 17:30:00	1.05165	1.05191	1.05098	1.05098	5551
2024-12-03 17:45:00	1.05099	1.05303	1.05083	1.05284	4282
2024-12-03 18:00:00	1.05281	1.0535	1.05281	1.05301	4103
2024-12-03 18:15:00	1.05303	1.0534	1.05273	1.05319	3191
2024-12-03 18:30:00	1.05321	1.0534	1.05282	1.05293	4357
2024-12-03 18:45:00	1.05293	1.05299	1.05247	1.05277	4949
2024-12-03 19:00:00	1.05277	1.05287	1.0518	1.05181	1859
2024-12-03 19:15:00	1.0518	1.05199	1.05119	1.05134	2842
2024-12-03 19:30:00	1.05134	1.05165	1.0512	1.05125	2336
2024-12-03 19:45:00	1.05125	1.05125	1.05045	1.05045	1596
2024-12-03 20:00:00	1.05045	1.05126	1.05028	1.05117	2749
2024-12-03 20:15:00	1.05119	1.05123	1.05078	1.05085	1886
2024-12-03 20:30:00	1.05085	1.05106	1.05059	1.05069	2214
2024-12-03 20:45:00	1.05068	1.05098	1.05058	1.05089	2537
2024-12-03 21:00:00	1.05088	1.05107	1.0507	1.05081	1314
2024-12-03 21:15:00	1.0508	1.05098	1.05074	1.05093	459
2024-12-03 21:30:00	1.05093	1.05117	1.05088	1.05115	615
2024-12-03 21:45:00	1.05115	1.05115	1.05062	1.05062	1232
2024-12-03 22:00:00	1.05065	1.0509	1.05046	1.05047	157
2024-12-03 22:15:00	1.05046	1.05084	1.05045	1.05075	266
2024-12-03 22:30:00	1.05075	1.05084	1.05074	1.05076	176
2024-12-03 22:45:00	1.05077	1.05082	1.05065	1.05079	773
2024-12-03 23:00:00	1.05079	1.05089	1.05056	1.05061	804
2024-12-03 23:15:00	1.05063	1.05079	1.05062	1.05076	493
2024-12-03 23:30:00	1.05077	1.05086	1.05073	1.05083	1372
2024-12-03 23:45:00	1.05083	1.05108	1.05075	1.05099	861
2024-12-04 00:00:00	1.05098	1.0512	1.05071	1.05081	994
2024-12-04 00:15:00	1.0508	1.0508	1.0503	1.05034	1568
2024-12-04 00:30:00	1.05034	1.05034	1.04972	1.0499	2884
2024-12-04 00:45:00	1.04991	1.05031	1.04977	1.04991	2878
2024-12-04 01:00:00	1.04993	1.05005	1.04971	1.04988	2822
2024-12-04 01:15:00	1.04988	1.05096	1.04981	1.0506	3175
2024-12-04 01:30:00	1.05059	1.05125	1.05056	1.0509	1838
2024-12-04 01:45:00	1.05091	1.05093	1.05039	1.05061	4597
2024-12-04 02:00:00	1.05061	1.05083	1.05013	1.05031	4177
2024-12-04 02:15:00	1.05032	1.05069	1.05024	1.05058	2481
2024-12-04 02:30:00	1.05056	1.05071	1.05002	1.0501	3317
2024-12-04 02:45:00	1.05012	1.05019	1.04976	1.05004	3430
2024-12-04 03:00:00	1.05002	1.05006	1.04936	1.04956	3280
2024-12-04 03:15:00	1.04957	1.0498	1.04918	1.04923	2131
2024-12-04 03:30:00	1.04924	1.04941	1.04879	1.04922	3022
2024-12-04 03:45:00	1.04922	1.04945	1.04914	1.04936	1829
2024-12-04 04:00:00	1.04936	1.05002	1.04908	1.05002	3082
2024-12-04 04:15:00	1.05003	1.05039	1.05003	1.05035	2696
2024-12-04 04:30:00	1.05035	1.05085	1.05024	1.05084	1422
2024-12-04 04:45:00	1.05085	1.05134	1.05072	1.05107	2261
2024-12-04 05:00:00	1.05107	1.05127	1.05095	1.05123	3197
2024-12-04 05:15:00	1.05122	1.05158	1.0512	1.05153	2842
2024-12-04 05:30:00	1.05155	1.05201	1.05154	1.0517	2062
2024-12-04 05:45:00	1.0517	1.05188	1.05147	1.05149	2318
2024-12-04 06:00:00	1.05151	1.05152	1.05109	1.05119	2059
2024-12-04 06:15:00	1.0512	1.05158	1.05104	1.05139	2759
2024-12-04 06:30:00	1.05138	1.05182	1.05127	1.05179	2241
2024-12-04 06:45:00	1.05178	1.05289	1.05178	1.05228	3012
2024-12-04 07:00:00	1.05227	1.05266	1.05154	1.05163	5276
2024-12-04 07:15:00	1.05157	1.05188	1.05123	1.05128	4227
2024-12-04 07:30:00	1.05127	1.05153	1.05084	1.05134	4969
2024-12-04 07:45:00	1.05134	1.05153	1.05073	1.0509	4238
2024-12-04 08:00:00	1.0509	1.05148	1.05062	1.05078	7319
2024-12-04 08:15:00	1.05079	1.05108	1.05032	1.05037	6594
2024-12-04 08:30:00	1.05038	1.05038	1.04983	1.04995	5409
2024-12-04 08:45:00	1.04995	1.04995	1.04904	1.0491	4430
2024-12-04 09:00:00	1.04911	1.04934	1.04825	1.04902	6299
2024-12-04 09:15:00	1.04903	1.04948	1.04857	1.04947	5957
2024-12-04 09:30:00	1.04949	1.0502	1.04921	1.04999	5367
2024-12-04 09:45:00	1.04999	1.05061	1.04995	1.05028	4143
2024-12-04 10:00:00	1.05029	1.05077	1.05004	1.05067	4141
2024-12-04 10:15:00	1.05068	1.05093	1.04971	1.04991	4680
2024-12-04 10:30:00	1.04989	1.05018	1.04972	1.04996	3894
2024-12-04 10:45:00	1.04997	1.05031	1.04958	1.04992	3467
2024-12-04 11:00:00	1.04991	1.05068	1.04985	1.04997	5135
2024-12-04 11:15:00	1.04997	1.05044	1.04972	1.0504	3103
2024-12-04 11:30:00	1.05041	1.05122	1.0504	1.05118	2564
2024-12-04 11:45:00	1.05119	1.05121	1.05021	1.05048	3561
2024-12-04 12:00:00	1.05047	1.05048	1.04967	1.04978	3639
2024-12-04 12:15:00	1.04976	1.05022	1.04965	1.04982	3367
2024-12-04 12:30:00	1.04982	1.05011	1.04954	1.05003	2968
2024-12-04 12:45:00	1.05003	1.05016	1.04879	1.04911	3257
2024-12-04 13:00:00	1.0491	1.04932	1.04872	1.04924	4047
2024-12-04 13:15:00	1.04924	1.04973	1.04837	1.04887	7119
2024-12-04 13:30:00	1.04887	1.04962	1.04799	1.04837	10465
2024-12-04 13:45:00	1.04839	1.04874	1.04792	1.04834	8046
2024-12-04 14:00:00	1.04833	1.04842	1.04723	1.04798	6445
2024-12-04 14:15:00	1.04798	1.04916	1.04773	1049	5058
2024-12-04 14:30:00	1.04901	1.04926	1.04843	1.04897	5848
2024-12-04 14:45:00	1.04897	1.04986	1.04889	1.04946	7568
2024-12-04 15:00:00	1.04949	1.05221	1.04949	1.05215	14780
2024-12-04 15:15:00	1.05216	1.05439	1.05199	1.05351	12073
2024-12-04 15:30:00	1.05352	1.0539	1.0522	1.05257	10404
2024-12-04 15:45:00	1.05258	1.05375	1.05187	1.05294	15283
2024-12-04 16:00:00	1.05293	1.05326	1.05227	1.05252	10271
2024-12-04 16:15:00	1.05252	1.05342	1.05201	1.05325	8018
2024-12-04 16:30:00	1.05328	1.05366	1.05213	1.05223	5419
2024-12-04 16:45:00	1.05222	1.05273	1.05212	1.05267	3631
2024-12-04 17:00:00	1.05268	1.05348	1.0525	1.0532	4156
2024-12-04 17:15:00	1.05319	1.05396	1.05319	1.05393	4006
2024-12-04 17:30:00	1.05394	1.05425	1.05329	1.05337	2619
2024-12-04 17:45:00	1.05339	1.05386	1.05333	1.05372	2329
2024-12-04 18:00:00	1.05372	1.05389	1.05331	1.05341	2569
2024-12-04 18:15:00	1.05341	1.0535	1.05293	1.05318	2383
2024-12-04 18:30:00	1.05318	1.05361	1.05266	1.05282	2079
2024-12-04 18:45:00	1.05282	1.05302	1.05153	1.05167	3359
2024-12-04 19:00:00	1.05163	1.05289	1.05076	1.0527	10697
2024-12-04 19:15:00	1.05271	1.05292	1.05072	1.05151	6705
2024-12-04 19:30:00	1.05151	1.05246	1.05094	1.05131	6071
2024-12-04 19:45:00	1.05129	1.05187	1.05109	1.05138	3622
2024-12-04 20:00:00	1.05138	1.0515	1.05113	1.05129	2039
2024-12-04 20:15:00	1.05129	1.05129	1.05049	1.05109	2780
2024-12-04 20:30:00	1.05107	1.05154	1.05104	1.05153	1809
2024-12-04 20:45:00	1.05154	1.05173	1.05128	1.05128	2979
2024-12-04 21:00:00	1.0513	1.05157	1.05108	1.05108	765
2024-12-04 21:15:00	1.05109	1.05127	1051	1.05102	472
2024-12-04 21:30:00	1.05101	1.05109	1.05078	1.05093	754
2024-12-04 21:45:00	1.05093	1.05114	1.05088	1.05114	1158
2024-12-04 22:00:00	1051	1.05123	1.05091	1.05097	186
2024-12-04 22:15:00	1.05097	1.05118	1.05097	1.05113	200
2024-12-04 22:30:00	1.05111	1.05124	1.05105	1.05111	198
2024-12-04 22:45:00	1.05114	1.05124	1.05096	1051	371
2024-12-04 23:00:00	1.05099	1.05109	1.05077	1.05087	640
2024-12-04 23:15:00	1.05088	1.05151	1.05088	1.05138	618
2024-12-04 23:30:00	1.05142	1.05155	1.05115	1.05118	1095
2024-12-04 23:45:00	1.05117	1.05144	1.05111	1.05123	588
2024-12-05 00:00:00	1.05124	1.05126	1.05081	1.05116	1873
2024-12-05 00:15:00	1.05115	1.05127	1.05095	1.05105	1399
2024-12-05 00:30:00	1.05105	1.05157	1.05105	1.05149	2070
2024-12-05 00:45:00	1.05149	1.05151	1.05129	1.05141	2054
2024-12-05 01:00:00	1.05141	1.05155	1.05132	1.05155	2384
2024-12-05 01:15:00	1.05157	1.05158	1.05105	1.05133	2572
2024-12-05 01:30:00	1.05134	1.05146	1.05103	1.05136	3150
2024-12-05 01:45:00	1.05134	1.05156	1.0509	1.05122	3006
2024-12-05 02:00:00	1.0512	1.05151	1.05105	1.05151	2993
2024-12-05 02:15:00	1.0515	1.05177	1.05143	1.05168	2099
2024-12-05 02:30:00	1.0517	1.05227	1.0517	1.05219	2211
2024-12-05 02:45:00	1.05219	1.05225	1.05186	1.05198	1436
2024-12-05 03:00:00	1.05198	1.05232	1.05193	1.05221	1333
2024-12-05 03:15:00	1.05221	1.05227	1.0518	1.05184	1584
2024-12-05 03:30:00	1.05183	1.05189	1.05158	1.05181	1327
2024-12-05 03:45:00	1.0518	1.05231	1.05176	1.05229	1272
2024-12-05 04:00:00	1.05228	1.05244	1.05227	1.0523	1404
2024-12-05 04:15:00	1.05229	1.05256	1.05215	1.05231	957
2024-12-05 04:30:00	1.05232	1.05232	1.05176	1.05182	1070
2024-12-05 04:45:00	1.0518	1.05198	1.05171	1.05182	686
2024-12-05 05:00:00	1.05181	1.05212	1.05171	1.05211	422
2024-12-05 05:15:00	1.05213	1.05267	1.05213	1.05242	1606
2024-12-05 05:30:00	1.05241	1.05282	1.05241	1.05276	2468
2024-12-05 05:45:00	1.05277	1.05288	1.05257	1.05265	1384
2024-12-05 06:00:00	1.05264	1.05297	1.05245	1.05251	2764
2024-12-05 06:15:00	1.05252	1.05273	1.05238	1.05243	2277
2024-12-05 06:30:00	1.05242	1.05278	1.05228	1.0527	2326
2024-12-05 06:45:00	1.0527	1.05282	1.05251	1.05256	1734
2024-12-05 07:00:00	1.05255	1.05386	1.05252	1.05384	3431
2024-12-05 07:15:00	1.05383	1.05385	1.05289	1.05295	4342
2024-12-05 07:30:00	1.05294	1.05307	1.05248	1.0529	4727
2024-12-05 07:45:00	1.0529	1.05361	1.05262	1.05353	2820
2024-12-05 08:00:00	1.05352	1.05454	1.05332	1.05405	5199
2024-12-05 08:15:00	1.05405	1.05463	1.05374	1.05433	4537
2024-12-05 08:30:00	1.05434	1.0544	1.05347	1.05357	4815
2024-12-05 08:45:00	1.05355	1.05386	1.05291	1053	4320
2024-12-05 09:00:00	1.05301	1.05343	1.0522	1.05278	3380
2024-12-05 09:15:00	1.05277	1.0529	1.05213	1.05231	2915
2024-12-05 09:30:00	1.05234	1.05346	1.05215	1.05339	3448
2024-12-05 09:45:00	1.0534	1.0534	1.05256	1.05285	5502
2024-12-05 10:00:00	1.05283	1.05336	1.05271	1.05334	2875
2024-12-05 10:15:00	1.05335	1.05352	1.05282	1.05294	4005
2024-12-05 10:30:00	1.05293	1.0531	1.05251	1.05273	3896
2024-12-05 10:45:00	1.05272	1.05295	1.05251	1.0526	4160
2024-12-05 11:00:00	1.0526	1.05284	1.05236	1.05259	3524
2024-12-05 11:15:00	1.05259	1.05284	1.05233	1.05253	2069
2024-12-05 11:30:00	1.05252	1.0536	1.05251	1.05335	2928
2024-12-05 11:45:00	1.05335	1.0538	1.05324	1.05364	2211
2024-12-05 12:00:00	1.05364	1.05385	1.05305	1.0531	3187
2024-12-05 12:15:00	1.0531	1.0532	1.05237	1.0529	2976
2024-12-05 12:30:00	1.0529	1.05386	1.05276	1.0533	2956
2024-12-05 12:45:00	1.05331	1.05376	1.0528	1.05367	5553
2024-12-05 13:00:00	1.05368	1.05458	1.05332	1.05444	5903
2024-12-05 13:15:00	1.05445	1.05495	1.05436	1.05455	5108
2024-12-05 13:30:00	1.05459	1.05681	1.05459	1.05503	11651
2024-12-05 13:45:00	1.05504	1.05673	1.05487	1.0567	7672
2024-12-05 14:00:00	1.05671	1.05784	1.05659	1.05771	7796
2024-12-05 14:15:00	1.0577	1.05798	1.05657	1.05795	6206
2024-12-05 14:30:00	1.05795	1.05896	1.0577	1.05845	6843
2024-12-05 14:45:00	1.05844	1.0586	1.05752	1.05754	6857
2024-12-05 15:00:00	1.05753	1.05799	1.05625	1.05647	5284
2024-12-05 15:15:00	1.05648	1.0569	1.05544	1.05567	6541
2024-12-05 15:30:00	1.05566	1.05607	1.05508	1.05518	4974
2024-12-05 15:45:00	1.05519	1.05762	1.05519	1.05722	6008
2024-12-05 16:00:00	1.05721	1.05783	1.05653	1.05665	5254
2024-12-05 16:15:00	1.05667	1.05726	1.05648	1.05709	6100
2024-12-05 16:30:00	1.05709	1.05723	1.05648	1.05659	5017
2024-12-05 16:45:00	1.05659	1.05712	1.0565	1.05702	4500
2024-12-05 17:00:00	1.05703	1.05746	1.05645	1.0566	3538
2024-12-05 17:15:00	1.05661	1.05701	1.05592	1.05605	5050
2024-12-05 17:30:00	1.05607	1.05655	1.05574	1.0562	4358
2024-12-05 17:45:00	1.0562	1.05699	1.05612	1.05675	2666
2024-12-05 18:00:00	1.05674	1.05696	1.05642	1.05649	2487
2024-12-05 18:15:00	1.05649	1.05653	1.0557	1.05587	4335
2024-12-05 18:30:00	1.05587	1.05629	1.05571	1.05625	3472
2024-12-05 18:45:00	1.05626	1.05686	1.05621	1.0568	2704
2024-12-05 19:00:00	1.05683	1.05776	1.05683	1.05776	5796
2024-12-05 19:15:00	1.05774	1.05798	1.05751	1.05781	4379
2024-12-05 19:30:00	1.05781	1.05847	1.05771	1.05835	3501
2024-12-05 19:45:00	1.05835	1.05886	1.05833	1.05873	3783
2024-12-05 20:00:00	1.05873	1.05875	1.05825	1.05828	3608
2024-12-05 20:15:00	1.0583	1.05873	1.05827	1.05869	3058
2024-12-05 20:30:00	1.05869	1.0588	1.05835	1.05858	2408
2024-12-05 20:45:00	1.05858	1.05861	1.0581	1.05844	3263
2024-12-05 21:00:00	1.0584	1.05859	1.05819	1.05847	998
2024-12-05 21:15:00	1.05848	1.05878	1.05845	1.05875	635
2024-12-05 21:30:00	1.05875	1.05881	1.05868	1.0588	657
2024-12-05 21:45:00	1.0588	1.05883	1.0584	1.0584	713
2024-12-05 22:00:00	1.05839	1.05882	1.05816	1.05859	285
2024-12-05 22:15:00	1.05874	1.05882	1.05861	1.0588	102
2024-12-05 22:30:00	1.0588	1.05883	1.05863	1.05863	201
2024-12-05 22:45:00	1.05867	1.05872	1.05862	1.05871	506
2024-12-05 23:00:00	1.0587	1.05876	1.0584	1.05851	210
2024-12-05 23:15:00	1.05853	1.05857	1.05841	1.05855	258
2024-12-05 23:30:00	1.05856	1.05869	1.05838	1.05864	457
2024-12-05 23:45:00	1.05865	1.05867	1.05847	1.05865	489
2024-12-06 00:00:00	1.05864	1.05864	1.05791	1058	2022
2024-12-06 00:15:00	1.05801	1.05809	1.05782	1.05802	1071
2024-12-06 00:30:00	1.05801	1.05822	1.0579	1.05798	976
2024-12-06 00:45:00	1.05799	1058	1.05765	1.05771	2049
2024-12-06 01:00:00	1.05772	1.05781	1.05738	1.05742	3889
2024-12-06 01:15:00	1.05743	1.05743	1.05719	1.05729	3249
2024-12-06 01:30:00	1.0573	1.05737	1.05684	1.05693	3592
2024-12-06 01:45:00	1.05692	1.05697	1.05659	1.05686	4750
2024-12-06 02:00:00	1.05687	1.05731	1.05683	1.05726	3216
2024-12-06 02:15:00	1.05727	1.05751	1.05706	1.05739	3244
2024-12-06 02:30:00	1.05739	1.05781	1.05733	1.05774	2965
2024-12-06 02:45:00	1.05773	1.05774	1.05749	1.05768	1483
2024-12-06 03:00:00	1.05768	1.05803	1.05759	1.0579	1917
2024-12-06 03:15:00	1.05791	1.05798	1.0575	1.05754	2443
2024-12-06 03:30:00	1.05753	1.05764	1.05729	1.05743	1661
2024-12-06 03:45:00	1.05743	1.05765	1.0573	1.05759	1457
2024-12-06 04:00:00	1.05759	1.0577	1.0574	1.0576	1242
2024-12-06 04:15:00	1.0576	1.05762	1.05741	1.05744	643
2024-12-06 04:30:00	1.05745	1.05753	1.05724	1.0575	931
2024-12-06 04:45:00	1.0575	1.05753	1.05732	1.05752	828
2024-12-06 05:00:00	1.05753	1.05753	1.05688	1.05708	1653
2024-12-06 05:15:00	1.05709	1.0573	1.05704	1.0572	937
2024-12-06 05:30:00	1.0572	1.0574	1.05713	1.05718	2093
2024-12-06 05:45:00	1.05718	1.05739	1.05711	1.05723	2070
2024-12-06 06:00:00	1.05722	1.05735	1.05692	1.05735	2223
2024-12-06 06:15:00	1.05735	1.05778	1.05735	1.05756	1720
2024-12-06 06:30:00	1.05757	1.05774	1.05737	1.0577	1469
2024-12-06 06:45:00	1.0577	1.05772	1.0573	1.05743	2192
2024-12-06 07:00:00	1.05745	1.05746	1.05674	1.05734	3910
2024-12-06 07:15:00	1.05733	1.05774	1.05708	1.05719	3650
2024-12-06 07:30:00	1.05719	1.05732	1.05701	1.05708	2197
2024-12-06 07:45:00	1.05709	1.05845	1.05709	1.05836	3297
2024-12-06 08:00:00	1.05837	1.0594	1.05818	1.05883	5053
2024-12-06 08:15:00	1.05883	1.05908	1.05829	1.05829	4155
2024-12-06 08:30:00	1.05828	1.05836	1.05794	1.05796	4766
2024-12-06 08:45:00	1.05796	1.0582	1.05765	1.0582	3357
2024-12-06 09:00:00	1.05819	1.05834	1.05734	1.05795	4661
2024-12-06 09:15:00	1.05795	1.0583	1.05741	1.05749	3589
2024-12-06 09:30:00	1.0575	1.05814	1.05713	1.05789	2617
2024-12-06 09:45:00	1.0579	1.05824	1.05768	1.05772	2614
2024-12-06 10:00:00	1.05773	1.05793	1.05715	1.05735	2870
2024-12-06 10:15:00	1.05736	1.05766	1.05724	1.05746	2115
2024-12-06 10:30:00	1.05747	1.05829	1.05732	1.05797	2134
2024-12-06 10:45:00	1.05796	1.05849	1.05795	1.05825	2762
2024-12-06 11:00:00	1.05826	1.05871	1.05777	1.05782	2964
2024-12-06 11:15:00	1.05781	1.05824	1.05766	1.05817	2109
2024-12-06 11:30:00	1.05818	1.05838	1.05783	1.05808	2607
2024-12-06 11:45:00	1.05808	1.05888	1.05806	1.05869	3243
2024-12-06 12:00:00	1.05869	1.05872	1.05805	1.0584	3115
2024-12-06 12:15:00	1.05839	1.05884	1.05818	1.0584	2656
2024-12-06 12:30:00	1.0584	1.05864	1.05817	1.05825	2564
2024-12-06 12:45:00	1.05824	1.05861	1.05805	1.05812	4342
2024-12-06 13:00:00	1.05812	1.0585	1.05791	1.05829	4239
2024-12-06 13:15:00	1.0583	1.05897	1.05801	1.05831	4183
2024-12-06 13:30:00	1.05831	1.06298	1.05829	1.06169	19715
2024-12-06 13:45:00	1.06171	1.06183	1.05958	1.06042	16339
2024-12-06 14:00:00	1.06043	1.06072	1.0568	1.05823	13966
2024-12-06 14:15:00	1.05823	1.05875	1.05697	1.05816	10107
2024-12-06 14:30:00	1.05816	1.05898	1.05725	1.05814	13199
2024-12-06 14:45:00	1.05815	1.0587	1.05758	1.05788	8793
2024-12-06 15:00:00	1.05788	1.05788	1.05561	1.05583	10308
2024-12-06 15:15:00	1.05584	1.05659	1.05519	1.05654	6552
2024-12-06 15:30:00	1.05653	1.05664	1.05441	1.05504	10054
2024-12-06 15:45:00	1.05503	1.05677	1.05491	1.05633	8273
2024-12-06 16:00:00	1.05633	1.05656	1.05539	1.05632	4982
2024-12-06 16:15:00	1.05633	1.05728	1.05613	1.0571	4902
2024-12-06 16:30:00	1.05711	1.05754	1.05679	1.05703	4633
2024-12-06 16:45:00	1.05704	1.05714	1.05618	1.05624	6474
2024-12-06 17:00:00	1.05624	1.05624	1.05519	1.05574	6575
2024-12-06 17:15:00	1.05573	1.05587	1.05471	1.05529	5418
2024-12-06 17:30:00	1.05531	1.05619	1.05489	1.05505	3026
2024-12-06 17:45:00	1.05505	1.05546	1.05482	1.0551	3703
2024-12-06 18:00:00	1.0551	1.0559	1.05505	1.05584	2718
2024-12-06 18:15:00	1.05584	1.05611	1.05573	1.05577	1913
2024-12-06 18:30:00	1.05577	1.05577	1.05515	1.05545	1649
2024-12-06 18:45:00	1.05543	1.05543	1.05461	1.05494	1738
2024-12-06 19:00:00	1.05495	1.05497	1.05423	1.05441	2519
2024-12-06 19:15:00	1.05441	1.05486	1.05425	1.05484	1248
2024-12-06 19:30:00	1.05485	1.05526	1.05477	1.05503	1806
2024-12-06 19:45:00	1.05503	1.0555	1.0549	1.05543	2433
2024-12-06 20:00:00	1.05544	1.05581	1.0554	1.05568	1801
2024-12-06 20:15:00	1.05567	1.05606	1.05561	1.05602	899
2024-12-06 20:30:00	1.05602	1.05638	1.05586	1.05636	1121
2024-12-06 20:45:00	1.05635	1.05639	1.05605	1.05634	1528
2024-12-06 21:00:00	1.05635	1.05651	1.05616	1.05647	753
2024-12-06 21:15:00	1.05647	1.05662	1.05637	1.05658	1390
2024-12-06 21:30:00	1.05658	1.05672	1.05654	1.05671	1404
2024-12-06 21:45:00	1.05671	1.05694	1.05647	1.05673	2430
2024-12-08 22:00:00	1.05544	1.05614	1.05544	1.05599	203
2024-12-08 22:15:00	1.05599	1.05605	1.05591	1.05601	170
2024-12-08 22:30:00	1.05601	1.05628	1.05587	1.05615	470
2024-12-08 22:45:00	1.05615	1.05635	1.05615	1.05624	529
2024-12-08 23:00:00	1.05623	1.05692	1.05596	1.05671	1208
2024-12-08 23:15:00	1.05671	1.05671	1.05619	1.05626	1189
2024-12-08 23:30:00	1.05625	1.05653	1.05611	1.05636	1051
2024-12-08 23:45:00	1.05636	1.05672	1.05613	1.05656	1031
2024-12-09 00:00:00	1.05657	1.05659	1.05576	1.05605	2104
2024-12-09 00:15:00	1.05605	1.05612	1.05579	1.05585	1555
2024-12-09 00:30:00	1.05584	1.05585	1.05555	1.05556	1847
2024-12-09 00:45:00	1.05556	1.05601	1.05555	1.05592	1369
2024-12-09 01:00:00	1.05593	1.0561	1.0555	1.05579	2915
2024-12-09 01:15:00	1.0558	1.05583	1.05532	1.05567	2903
2024-12-09 01:30:00	1.05568	1.05572	1.05527	1.0553	2847
2024-12-09 01:45:00	1.05531	1.05536	1.05511	1.05518	1876
2024-12-09 02:00:00	1.05519	1.05561	1.05518	1.05528	2780
2024-12-09 02:15:00	1.05528	1.05555	1.05518	1.05526	921
2024-12-09 02:30:00	1.05525	1.05548	1.05505	1.05521	1750
2024-12-09 02:45:00	1.05521	1.05548	1.05521	1.05548	1831
2024-12-09 03:00:00	1.05547	1.05563	1.05512	1.05527	2290
2024-12-09 03:15:00	1.05527	1.05537	1.05451	1.05465	2189
2024-12-09 03:30:00	1.05466	1.05495	1.05426	1.05438	1750
2024-12-09 03:45:00	1.05437	1.05439	1.05366	1.05372	2374
2024-12-09 04:00:00	1.05373	1.05399	1.05353	1.05396	2153
2024-12-09 04:15:00	1.05395	1.05397	1.05329	1.05332	1580
2024-12-09 04:30:00	1.05331	1.05353	1.0532	1.05342	1901
2024-12-09 04:45:00	1.05342	1.05364	1.05331	1.05346	1844
2024-12-09 05:00:00	1.05347	1.05382	1.05341	1.05341	1610
2024-12-09 05:15:00	1.05342	1.05373	1.0534	1.05344	1789
2024-12-09 05:30:00	1.05343	1.05367	1.05337	1.05361	1742
2024-12-09 05:45:00	1.05361	1.05381	1.05344	1.0537	1867
2024-12-09 06:00:00	1.05371	1.05419	1.05368	1.05388	2117
2024-12-09 06:15:00	1.05388	1.05419	1.05365	1.05397	2346
2024-12-09 06:30:00	1.05397	1.0544	1.05397	1.05412	2033
2024-12-09 06:45:00	1.05412	1.05449	1.05411	1.05443	2074
2024-12-09 07:00:00	1.05442	1.05486	1.05411	1.05478	3113
2024-12-09 07:15:00	1.05478	1.05567	1.05462	1.05541	5312
2024-12-09 07:30:00	1.05542	1.05586	1.05475	1.05496	6002
2024-12-09 07:45:00	1.05495	1.05664	1.05487	1.05642	5059
2024-12-09 08:00:00	1.05641	1.0566	1.05566	1.05598	9028
2024-12-09 08:15:00	1.05599	1.05663	1.05571	1.05641	6010
2024-12-09 08:30:00	1.05642	1.05657	1.05567	1.05622	5382
2024-12-09 08:45:00	1.05623	1.05704	1.05618	1.05674	5502
2024-12-09 09:00:00	1.05673	1.05744	1.05654	1.05703	6564
2024-12-09 09:15:00	1.05706	1.05751	1.05683	1.0573	3362
2024-12-09 09:30:00	1.0573	1.0574	1.05633	1.05647	2913
2024-12-09 09:45:00	1.05647	1.05681	1.05615	1.05661	4180
2024-12-09 10:00:00	1.05662	1.05834	1.05662	1.05789	4351
2024-12-09 10:15:00	1.05788	1.05846	1.0578	1.05808	4782
2024-12-09 10:30:00	1.05808	1.05851	1058	1.0583	3265
2024-12-09 10:45:00	1.05829	1.05853	1.0579	1.05803	4273
2024-12-09 11:00:00	1.05803	1.05845	1.05793	1.05843	3207
2024-12-09 11:15:00	1.05843	1.0585	1.05802	1.05805	2761
2024-12-09 11:30:00	1.05804	1.05808	1.05768	1.05779	2491
2024-12-09 11:45:00	1.0578	1.05785	1.05675	1.05688	2680
2024-12-09 12:00:00	1.05688	1.05711	1.05633	1.05677	3000
2024-12-09 12:15:00	1.05676	1.05677	1.05622	1.05663	2564
2024-12-09 12:30:00	1.05664	1.05672	1.05595	1.05611	2520
2024-12-09 12:45:00	1.05611	1.05675	1.05578	1.05657	4243
2024-12-09 13:00:00	1.05656	1.05707	1.05602	1.05639	5477
2024-12-09 13:15:00	1.0564	1.05714	1.05581	1.05705	4851
2024-12-09 13:30:00	1.05703	1.05766	1.05698	1.05729	6291
2024-12-09 13:45:00	1.05731	1.05776	1.05712	1.05761	5909
2024-12-09 14:00:00	1.05762	1.05821	1.05716	1.05773	4819
2024-12-09 14:15:00	1.05773	1.05847	1.05725	1.05788	3863
2024-12-09 14:30:00	1.05789	1.05796	1.05726	1.05756	5848
2024-12-09 14:45:00	1.05757	1.05824	1.05733	1.05781	5268
2024-12-09 15:00:00	1.05781	1.05806	1.0572	1.0573	5615
2024-12-09 15:15:00	1.05734	1.05783	1.05717	1.0575	3265
2024-12-09 15:30:00	1.05752	1.05865	1.05752	1.05828	4425
2024-12-09 15:45:00	1.05828	1.05928	1.05773	1.05911	4909
2024-12-09 16:00:00	1.05912	1.05944	1.05872	1.05877	4297
2024-12-09 16:15:00	1.05877	1.05881	1.05774	1.05818	3012
2024-12-09 16:30:00	1.05818	1.05845	1.05744	1.05747	2330
2024-12-09 16:45:00	1.05745	1.05769	1.05681	1.05703	2467
2024-12-09 17:00:00	1.05702	1.05722	1.05674	1.05697	2119
2024-12-09 17:15:00	1.05697	1.05743	1.05688	1.05692	1990
2024-12-09 17:30:00	1.05689	1.05707	1.05673	1.05689	1321
2024-12-09 17:45:00	1.05688	1.05724	1.05666	1.05669	1611
2024-12-09 18:00:00	1.05668	1.05676	1.05638	1.05638	1456
2024-12-09 18:15:00	1.05639	1.05663	1.05623	1.05633	1390
2024-12-09 18:30:00	1.05633	1.05637	1.05604	1.05619	1831
2024-12-09 18:45:00	1.05618	1.05659	1.05617	1.05636	1850
2024-12-09 19:00:00	1.05636	1.05645	1.05606	1.05611	2004
2024-12-09 19:15:00	1.05612	1.05617	1.05571	1.05577	1818
2024-12-09 19:30:00	1.05579	1.05611	1.05577	1.0559	1574
2024-12-09 19:45:00	1.05589	1.05589	1.05516	1.05552	1602
2024-12-09 20:00:00	1.05552	1.05576	1.05527	1.05535	1813
2024-12-09 20:15:00	1.05534	1.05534	1.05472	1.05473	1573
2024-12-09 20:30:00	1.05473	1.05504	1.05471	1.05493	1156
2024-12-09 20:45:00	1.05493	1.0551	1.05472	1055	1597
2024-12-09 21:00:00	1.05501	1.05549	1.05501	1.05518	946
2024-12-09 21:15:00	1.05517	1.0553	1.05501	1.05527	789
2024-12-09 21:30:00	1.05527	1.05527	1.05507	1.05512	745
2024-12-09 21:45:00	1.05511	1.05544	1.0551	1.05531	1055
2024-12-09 22:00:00	1.05529	1.05547	1.05493	1.05503	224
2024-12-09 22:15:00	1.05505	1.05535	1.05479	1.0553	378
2024-12-09 22:30:00	1.05531	1.05557	1.05527	1.05541	632
2024-12-09 22:45:00	1.05541	1.05549	1.05528	1.05537	693
2024-12-09 23:00:00	1.05537	1.0555	1.05531	1.05549	554
2024-12-09 23:15:00	1.05548	1.05548	1.05531	1.05533	521
2024-12-09 23:30:00	1.05533	1.05571	1.05527	1.05545	739
2024-12-09 23:45:00	1.05546	1.05557	1.05536	1.05541	1150
2024-12-10 00:00:00	1.05542	1.05545	1.0549	1.05523	2183
2024-12-10 00:15:00	1.05521	1.05527	1.05503	1.05523	1503
2024-12-10 00:30:00	1.05521	1.05533	1.0551	1.05516	1728
2024-12-10 00:45:00	1.05517	1.05539	1.05496	1.0553	2477
2024-12-10 01:00:00	1.0553	1.05533	1.05477	1.05491	3251
2024-12-10 01:15:00	1.05492	1.05498	1.05475	1.05492	2791
2024-12-10 01:30:00	1.05492	1.05499	1.05452	1.05476	3771
2024-12-10 01:45:00	1.05475	1.05536	1.05472	1.05529	2360
2024-12-10 02:00:00	1.0553	1.05614	1.05529	1.05585	2963
2024-12-10 02:15:00	1.05584	1056	1.05529	1.05544	2786
2024-12-10 02:30:00	1.05544	1.05572	1.05537	1.05572	2458
2024-12-10 02:45:00	1.05573	1.05587	1.05515	1.05532	3158
2024-12-10 03:00:00	1.05533	1.05546	1.05516	1.05522	1695
2024-12-10 03:15:00	1.05522	1.05544	1.05505	1.05526	1560
2024-12-10 03:30:00	1.05527	1.05557	1.05489	1.05547	3538
2024-12-10 03:45:00	1.05549	1.05576	1.05531	1.05564	2373
2024-12-10 04:00:00	1.05566	1.05597	1.05565	1.05571	1601
2024-12-10 04:15:00	1.05571	1.05588	1.05562	1.05578	1334
2024-12-10 04:30:00	1.05577	1.05599	1.05573	1.05592	1576
2024-12-10 04:45:00	1.05592	1.05597	1.05571	1.05575	1162
2024-12-10 05:00:00	1.05574	1.05594	1.05549	1.05554	1873
2024-12-10 05:15:00	1.05555	1.0557	1.05541	1.05552	1554
2024-12-10 05:30:00	1.05551	1.05594	1.05551	1.05594	1389
2024-12-10 05:45:00	1.05593	1.05625	1.05588	1.05619	1999
2024-12-10 06:00:00	1.0562	1.05648	1.05609	1.05647	2076
2024-12-10 06:15:00	1.05647	1.0567	1.05631	1.05668	1986
2024-12-10 06:30:00	1.0567	1.0568	1.05626	1.05636	2300
2024-12-10 06:45:00	1.05635	1.05668	1.05618	1.05665	2197
2024-12-10 07:00:00	1.05664	1.05664	1.05589	1056	3344
2024-12-10 07:15:00	1.05599	1.05606	1.05561	1.05601	3397
2024-12-10 07:30:00	1.05601	1.05626	1.0556	1.05563	3258
2024-12-10 07:45:00	1.05564	1.05575	1.05469	1.05488	3860
2024-12-10 08:00:00	1.05487	1.05515	1.0542	1.05422	4835
2024-12-10 08:15:00	1.05422	1.05481	1.0539	1.05471	3723
2024-12-10 08:30:00	1.05471	1.05495	1.05433	1.0547	2897
2024-12-10 08:45:00	1.05469	1.05469	1.05377	1.05377	3603
2024-12-10 09:00:00	1.05376	1.05381	1.05287	1.05316	5322
2024-12-10 09:15:00	1.05318	1.05372	1.05257	1.0526	3371
2024-12-10 09:30:00	1.05258	1.0536	1.05249	1.05282	3299
2024-12-10 09:45:00	1.05281	1.05318	1.0523	1.05311	4285
2024-12-10 10:00:00	1.05311	1.05378	1.05301	1.05343	3505
2024-12-10 10:15:00	1.05342	1.05348	1.0527	1.05301	3673
2024-12-10 10:30:00	1053	1.05342	1.05271	1.05273	2701
2024-12-10 10:45:00	1.05271	1.05312	1.05259	1.0528	3206
2024-12-10 11:00:00	1.0528	1.05297	1.0524	1.05297	3972
2024-12-10 11:15:00	1.05297	1.05328	1.0528	1.05324	3167
2024-12-10 11:30:00	1.05326	1.05326	1.05285	1.05312	2562
2024-12-10 11:45:00	1.05313	1.05328	1.0528	1.05312	2626
2024-12-10 12:00:00	1.05313	1.05337	1.05282	1.05285	3356
2024-12-10 12:15:00	1.05285	1.05303	1.05211	1.05231	3838
2024-12-10 12:30:00	1.05231	1.05311	1.05203	1.05284	5077
2024-12-10 12:45:00	1.05285	1.05331	1.05272	1.05306	3601
2024-12-10 13:00:00	1.05307	1.05318	1.05225	1.05227	5220
2024-12-10 13:15:00	1.05227	1.05236	1.05158	1.05211	4220
2024-12-10 13:30:00	1.05216	1.05284	1.05214	1.0522	3664
2024-12-10 13:45:00	1.05221	1.05266	1.05181	1.0523	3157
2024-12-10 14:00:00	1.05231	1.05287	1.05214	1.05286	3825
2024-12-10 14:15:00	1.05287	1.05297	1.05265	1.05274	3034
2024-12-10 14:30:00	1.05275	1.05311	1.05236	1.05287	4473
2024-12-10 14:45:00	1.05287	1.05293	1.05193	1.05196	4376
2024-12-10 15:00:00	1.05197	1.05257	1.05052	1.05076	7010
2024-12-10 15:15:00	1.05076	1.05099	1.05008	1.05028	4207
2024-12-10 15:30:00	1.05026	1.05106	1.0501	1.05056	4330
2024-12-10 15:45:00	1.05057	1.05132	1.04984	1.05037	6875
2024-12-10 16:00:00	1.05039	1.05104	1.04997	1.05069	4439
2024-12-10 16:15:00	1.05069	1.05097	1.05022	1.05071	3394
2024-12-10 16:30:00	1.05072	1.05096	1.05005	1.0507	3090
2024-12-10 16:45:00	1.05071	1.05125	1.05067	1.05116	2382
2024-12-10 17:00:00	1.05117	1.05166	1.05087	1.05135	3263
2024-12-10 17:15:00	1.05136	1.05144	1.05079	1.05086	2317
2024-12-10 17:30:00	1.05085	1.05125	1.05046	1.05114	2212
2024-12-10 17:45:00	1.05115	1.05135	1.0508	1.05096	2183
2024-12-10 18:00:00	1.05095	1.05172	1.05086	1.05169	2867
2024-12-10 18:15:00	1.05168	1.05197	1.05133	1.0519	2756
2024-12-10 18:30:00	1.05191	1.05237	1.05191	1.05209	2378
2024-12-10 18:45:00	1.05209	1.05268	1.05209	1.05254	1984
2024-12-10 19:00:00	1.05254	1.05303	1.05248	1.05299	1782
2024-12-10 19:15:00	1.05298	1.05312	1.05266	1.05266	1720
2024-12-10 19:30:00	1.05267	1.05281	1.05246	1.05263	1936
2024-12-10 19:45:00	1.05263	1.05279	1.05242	1.05268	2029
2024-12-10 20:00:00	1.05267	1.05282	1.05242	1.0527	1456
2024-12-10 20:15:00	1.05271	1.05278	1.05238	1.05268	1488
2024-12-10 20:30:00	1.05268	1.05305	1.05268	1.05297	1918
2024-12-10 20:45:00	1.05298	1.05298	1.05257	1.05263	1847
2024-12-10 21:00:00	1.05264	1.05268	1.0524	1.05259	529
2024-12-10 21:15:00	1.05258	1.05284	1.05236	1.0527	596
2024-12-10 21:30:00	1.0527	1.05287	1.05257	1.05268	498
2024-12-10 21:45:00	1.05269	1.05276	1.05257	1.05268	847
2024-12-10 22:00:00	1.05261	1.05273	1.0526	1.05267	115
2024-12-10 22:15:00	1.05268	1.05282	1.0526	1.05274	55
2024-12-10 22:30:00	1.05274	1.05283	1.05274	1.0528	70
2024-12-10 22:45:00	1.0528	1.05282	1.05279	1.05281	23
2024-12-10 23:00:00	1.05282	1.05306	1.0528	1.05306	479
2024-12-10 23:15:00	1.05306	1.05317	1.05303	1.05315	410
2024-12-10 23:30:00	1.05315	1.05317	1.05306	1.0531	516
2024-12-10 23:45:00	1.0531	1.05318	1.05306	1.05311	514
2024-12-11 00:00:00	1.05312	1.05319	1.05276	1.05281	1396
2024-12-11 00:15:00	1.05284	1.05302	1.05283	1.05283	1111
2024-12-11 00:30:00	1.05282	1.05305	1.05278	1.05301	805
2024-12-11 00:45:00	1053	1.05323	1.05286	1.05288	1788
2024-12-11 01:00:00	1.05288	1.05308	1.05281	1.05305	2471
2024-12-11 01:15:00	1.05306	1.05338	1.05302	1.05336	2035
2024-12-11 01:30:00	1.05337	1.05354	1.05321	1.05339	2813
2024-12-11 01:45:00	1.05339	1.05355	1.05317	1.05346	2612
2024-12-11 02:00:00	1.05345	1.05355	1.0533	1.05354	1624
2024-12-11 02:15:00	1.05353	1.05393	1.05341	1.05382	2081
2024-12-11 02:30:00	1.05383	1.05387	1.05344	1.05346	2226
2024-12-11 02:45:00	1.05345	1.05384	1.05336	1.05368	1984
2024-12-11 03:00:00	1.05369	1.05376	1.05332	1.05332	2394
2024-12-11 03:15:00	1.05333	1.05349	1.05283	1.05311	2269
2024-12-11 03:30:00	1.0531	1.05317	1.05283	1.05314	2180
2024-12-11 03:45:00	1.05313	1.05313	1.05277	1.05282	1151
2024-12-11 04:00:00	1.05281	1.05303	1.05276	1.05287	2011
2024-12-11 04:15:00	1.05287	1.0529	1.05267	1.05268	833
2024-12-11 04:30:00	1.05267	1.05267	1.05204	1.05226	2307
2024-12-11 04:45:00	1.05225	1.05256	1.0522	1.05245	1111
2024-12-11 05:00:00	1.05245	1.05258	1.05231	1.05245	1381
2024-12-11 05:15:00	1.05244	1.05244	1.05212	1.05218	1418
2024-12-11 05:30:00	1.05217	1.05246	1.05209	1.05228	1906
2024-12-11 05:45:00	1.05229	1.05269	1.05224	1.05239	1925
2024-12-11 06:00:00	1.05239	1.05276	1.05224	1.05274	2077
2024-12-11 06:15:00	1.05275	1.05279	1.05246	1.05246	1559
2024-12-11 06:30:00	1.05247	1.05279	1.05245	1.05257	1291
2024-12-11 06:45:00	1.05258	1.05266	1.05229	1.05259	2434
2024-12-11 07:00:00	1.0526	1.05284	1.05088	1.05156	6165
2024-12-11 07:15:00	1.05156	1.0519	1.05065	1.05069	7261
2024-12-11 07:30:00	1.05071	1.05106	1.0488	1.04903	9872
2024-12-11 07:45:00	1.04902	1.04956	1.04881	1.04899	5944
2024-12-11 08:00:00	1049	1.05005	1.04896	1.04982	4313
2024-12-11 08:15:00	1.04984	1.05039	1.04945	1.05026	4103
2024-12-11 08:30:00	1.05027	1.05118	1.05024	1.05092	2893
2024-12-11 08:45:00	1.05092	1.05124	1.05045	1.05055	3616
2024-12-11 09:00:00	1.05055	1.05097	1.05013	1.0505	5569
2024-12-11 09:15:00	1.0505	1.05066	1.04964	1.0503	6678
2024-12-11 09:30:00	1.0503	1.05071	1.05	1.0502	5416
2024-12-11 09:45:00	1.05019	1.05054	1.0499	1.05005	4830
2024-12-11 10:00:00	1.05004	1.05014	1.0487	1.04937	4829
2024-12-11 10:15:00	1.04937	1.04988	1.04921	1.04946	4386
2024-12-11 10:30:00	1.04946	1.04997	1.04924	1.04995	3191
2024-12-11 10:45:00	1.04993	1.05012	1.04933	1.0495	3962
2024-12-11 11:00:00	1.04949	1.04965	1.04901	1.04921	3231
2024-12-11 11:15:00	1.04919	1.05033	1.04912	1.04982	3551
2024-12-11 11:30:00	1.04983	1.05021	1.04963	1.04993	3582
2024-12-11 11:45:00	1.04993	1.05052	1.04964	1.05033	2613
2024-12-11 12:00:00	1.05033	1.05095	1.05033	1.05092	3145
2024-12-11 12:15:00	1.05093	1.05181	1.05064	1.05071	5770
2024-12-11 12:30:00	1.05071	1.05092	1.05021	1.05067	3207
2024-12-11 12:45:00	1.05066	1.05087	1.05	1.0503	3482
2024-12-11 13:00:00	1.05032	1.05094	1.05032	1.05074	3922
2024-12-11 13:15:00	1.05076	1.05162	1.05041	1.05138	4684
2024-12-11 13:30:00	1.05138	1.05336	1.05027	1.05332	15160
2024-12-11 13:45:00	1.05332	1.05373	1.05204	1.05241	12790
2024-12-11 14:00:00	1.05238	1.05291	1.05131	1.05179	11802
2024-12-11 14:15:00	1.05178	1.05224	1.05048	1.05075	6712
2024-12-11 14:30:00	1.05075	1.05091	1.0498	1.05041	6617
2024-12-11 14:45:00	1.05043	1.05088	1.0494	1.05007	9295
2024-12-11 15:00:00	1.05007	1.05077	1.04906	1.05072	8286
2024-12-11 15:15:00	1.05072	1.05081	1.04966	1.04972	5547
2024-12-11 15:30:00	1.04972	1.04994	1.04826	1.04882	6309
2024-12-11 15:45:00	1.04883	1.04932	1.04802	1.04906	8692
2024-12-11 16:00:00	1.04907	1.04973	1.0488	1.04969	4142
2024-12-11 16:15:00	1.04968	1.04981	1.04852	1049	3863
2024-12-11 16:30:00	1049	1.05087	1.04891	1.05075	4264
2024-12-11 16:45:00	1.05075	1.05119	1.05066	1.05078	5157
2024-12-11 17:00:00	1.05079	1.05116	1.05011	1.05036	3868
2024-12-11 17:15:00	1.05037	1.05038	1.04927	1.04942	2880
2024-12-11 17:30:00	1.04941	1.04979	1.04918	1.04947	3507
2024-12-11 17:45:00	1.04946	1.04948	1.04861	1.04876	2833
2024-12-11 18:00:00	1.04876	1.04994	1.04875	1.04967	5835
2024-12-11 18:15:00	1.04966	1.04999	1.04944	1.04988	3473
2024-12-11 18:30:00	1.04987	1.04999	1.04907	1.04929	3704
2024-12-11 18:45:00	1.04931	1.04945	1.04832	1.04845	3321
2024-12-11 19:00:00	1.04844	1.04873	1.04816	1.04856	3576
2024-12-11 19:15:00	1.04858	1.04897	1.04832	1.04895	2217
2024-12-11 19:30:00	1.04896	1.04941	1.04883	1.04894	2456
2024-12-11 19:45:00	1.04893	1.04913	1.04873	1.04911	2133
2024-12-11 20:00:00	1.04912	1.04946	1.04911	1.04935	1755
2024-12-11 20:15:00	1.04936	1.04953	1.04917	1.04935	1783
2024-12-11 20:30:00	1.04934	1.04942	1.04913	1.04917	1244
2024-12-11 20:45:00	1.04915	1.04938	1.04882	1.04926	1508
2024-12-11 21:00:00	1.04926	1.04964	1.04925	1.04941	953
2024-12-11 21:15:00	1.0494	1.04961	1.0494	1.04952	460
2024-12-11 21:30:00	1.04953	1.04972	1.04944	1.04955	690
2024-12-11 21:45:00	1.04956	1.04961	1.04932	1.04933	541
2024-12-11 22:00:00	1.04935	1.04962	1.04904	1.04956	371
2024-12-11 22:15:00	1.04959	1.04961	1.04947	1.04958	298
2024-12-11 22:30:00	1.0496	1.04971	1.04955	1.04965	797
2024-12-11 22:45:00	1.04965	1.0497	1.04957	1.04962	167
2024-12-11 23:00:00	1.04962	1.05004	1.04962	1.04999	635
2024-12-11 23:15:00	1.05	1.05004	1.04989	1.05004	192
2024-12-11 23:30:00	1.05004	1.0503	1.05004	1.0503	165
2024-12-11 23:45:00	1.05031	1.05064	1.05031	1.05061	217
2024-12-12 00:00:00	1.05059	1.05085	1.05059	1.0507	373
2024-12-12 00:15:00	1.05069	1.05069	1.05035	1.05036	167
2024-12-12 00:30:00	1.05043	1.05043	1.05024	1.05026	31
2024-12-12 00:45:00	1.05039	1.05053	1.05037	1.0504	27
2024-12-12 01:00:00	1.05065	1.05075	1.05044	1.05049	506
2024-12-12 01:15:00	1.05048	1.05087	1.05032	1.05077	691
2024-12-12 01:30:00	1.05077	1.05082	1.05049	1.0507	795
2024-12-12 01:45:00	1.05069	1.05077	1.05044	1.0506	707
2024-12-12 02:00:00	1.05061	1.05072	1.05029	1.05049	961
2024-12-12 02:15:00	1.05049	1.05049	1.05029	1.05036	709
2024-12-12 02:30:00	1.05037	1.05051	1.05019	1.05043	976
2024-12-12 02:45:00	1.05043	1.05052	1.05021	1.05033	432
2024-12-12 03:00:00	1.05033	1.05034	1.05009	1.05016	468
2024-12-12 03:15:00	1.05018	1.05077	1.05018	1.05075	555
2024-12-12 03:30:00	1.05076	1.05085	1.05039	1.0504	609
2024-12-12 03:45:00	1.05039	1.05063	1.05034	1.05053	475
2024-12-12 04:00:00	1.05052	1.05072	1.05043	1.05066	403
2024-12-12 04:15:00	1.05067	1.0509	1.05065	1.0508	290
2024-12-12 04:30:00	1.0508	1.05084	1.05043	1.05055	508
2024-12-12 04:45:00	1.05055	1.0509	1.05043	1.05089	542
2024-12-12 05:00:00	1.0509	1.05095	1.05046	1.05052	960
2024-12-12 05:15:00	1.05051	1.05063	1.05046	1.05062	519
2024-12-12 05:30:00	1.05063	1.05078	1.05034	1.05048	1159
2024-12-12 05:45:00	1.05048	1.0507	1.05039	1.05064	630
2024-12-12 06:00:00	1.05065	1.05086	1.05049	1.05058	677
2024-12-12 06:15:00	1.05058	1.05071	1.05044	1.05067	859
2024-12-12 06:30:00	1.05068	1.05098	1.05068	1.05098	565
2024-12-12 06:45:00	1.05099	1.05141	1.05086	1.0514	793
2024-12-12 07:00:00	1.0514	1.05264	1.05126	1.05249	2353
2024-12-12 07:15:00	1.05247	1.05308	1.05212	1.05219	3009
2024-12-12 07:30:00	1.05221	1.05255	1.05213	1.05234	2726
2024-12-12 07:45:00	1.05237	1.05263	1.05162	1.05163	2251
2024-12-12 08:00:00	1.05162	1.05207	1.05113	1.05125	2526
2024-12-12 08:15:00	1.05123	1.05178	1.0511	1.05111	2160
2024-12-12 08:30:00	1.0511	1.05141	1.05046	1.0508	4865
2024-12-12 08:45:00	1.05082	1.05118	1.05049	1.05091	2603
2024-12-12 09:00:00	1.0509	1.05138	1.05054	1.05124	2850
2024-12-12 09:15:00	1.05126	1.05171	1.05103	1.05135	1502
2024-12-12 09:30:00	1.05117	1.0515	1.05112	1.05134	130
2024-12-12 09:45:00	1.05108	1.05122	1.05071	1051	558
2024-12-12 10:00:00	1051	1.05141	1.05095	1.05116	1571
2024-12-12 10:15:00	1.05117	1.05122	1.05065	1.05091	1722
2024-12-12 10:30:00	1.05091	1051	1.05026	1.05035	1534
2024-12-12 10:45:00	1.05034	1.05037	1.04952	1.04965	1670
2024-12-12 11:00:00	1.04965	1.0501	1.04942	1.04988	2907
2024-12-12 11:15:00	1.04988	1.05032	1.04976	1.05028	1492
2024-12-12 11:30:00	1.05031	1.05076	1.05029	1.05061	1603
2024-12-12 11:45:00	1.05062	1.05075	1.05024	1.05025	1305
2024-12-12 12:00:00	1.05025	1.0504	1.04964	1.04997	1278
2024-12-12 12:15:00	1.04997	1.05009	1.04925	1.04975	1272
2024-12-12 12:30:00	1.04974	1.0502	1.04965	1.05014	1396
2024-12-12 12:45:00	1.05014	1.05031	1.04889	1.0489	2268
2024-12-12 13:00:00	1.04892	1.04919	1.04808	1.04849	3321
2024-12-12 13:15:00	1.04851	1.04979	1.04694	1.0481	6201
2024-12-12 13:30:00	1.04809	1.05019	1.04795	1.04947	6862
2024-12-12 13:45:00	1.04947	1.04996	1.0482	1.04846	5580
2024-12-12 14:00:00	1.0485	1.04947	1.0472	1.04774	4774
2024-12-12 14:15:00	1.04774	1.04939	1.04747	1.04811	6084
2024-12-12 14:30:00	1.0481	1.05063	1.04793	1.05049	8749
2024-12-12 14:45:00	1.05048	1.05203	1.05048	1.05193	12839
2024-12-12 15:00:00	1.05195	1.05209	1.05004	1.0503	12125
2024-12-12 15:15:00	1.05029	1.05043	1.04832	1.04834	8755
2024-12-12 15:30:00	1.04833	1.04833	1.04637	1.04662	9791
2024-12-12 15:45:00	1.04663	1.04756	1.04644	1.04728	9684
2024-12-12 16:00:00	1.04727	1.04894	1.04718	1.0488	8388
2024-12-12 16:15:00	1.04881	1.04968	1.04859	1.04944	6158
2024-12-12 16:30:00	1.04946	1.05076	1.04946	1.05076	5631
2024-12-12 16:45:00	1.05075	1.05157	1.05047	1.05132	5092
2024-12-12 17:00:00	1.05132	1.05174	1.05107	1.05171	5961
2024-12-12 17:15:00	1.05172	1.05172	1.04998	1.05047	4543
2024-12-12 17:30:00	1.05046	1.05057	1.04951	1.04977	3177
2024-12-12 17:45:00	1.04979	1.05035	1.04971	1.05006	3442
2024-12-12 18:00:00	1.05007	1.05024	1.04912	1.04928	5290
2024-12-12 18:15:00	1.04928	1.04963	1.0491	1.0493	2833
2024-12-12 18:30:00	1.0493	1.04943	1.04826	1.04854	3650
2024-12-12 18:45:00	1.04854	1.04867	1.0482	1.04823	3990
2024-12-12 19:00:00	1.04822	1.04851	1048	1.04832	2854
2024-12-12 19:15:00	1.04831	1.04839	1.04763	1.04772	2017
2024-12-12 19:30:00	1.04772	1.04777	1.04736	1.04761	2646
2024-12-12 19:45:00	1.04762	1.04788	1.04724	1.04726	2934
2024-12-12 20:00:00	1.04725	1.04736	1.04702	1.04713	1964
2024-12-12 20:15:00	1.04714	1.04746	1.04708	1.04713	1901
2024-12-12 20:30:00	1.04713	1.04726	1.04646	1.04652	2001
2024-12-12 20:45:00	1.04652	1.04673	1.04646	1.04671	1954
2024-12-12 21:00:00	1.04672	1.0472	1.04656	1.04682	979
2024-12-12 21:15:00	1.04683	1.04686	1.04643	1.04673	792
2024-12-12 21:30:00	1.04674	1.04682	1.04641	1.04647	834
2024-12-12 21:45:00	1.04647	1.04683	1.04646	1.04663	526
2024-12-12 22:00:00	1.04653	1.0469	1.04653	1.04686	507
2024-12-12 22:15:00	1.04686	1.04702	1.04683	1.04697	396
2024-12-12 22:30:00	1.04698	1.04712	1.04689	1.04693	375
2024-12-12 22:45:00	1.04693	1.04702	1.04689	1.04702	286
2024-12-12 23:00:00	1.04701	1.04703	1.04645	1.04695	571
2024-12-12 23:15:00	1.04694	1.04728	1.04694	1.04711	781
2024-12-12 23:30:00	1.04712	1.04731	1.04703	1.04729	586
2024-12-12 23:45:00	1.04728	1.04739	1.04721	1.04736	748
2024-12-13 00:00:00	1.04736	1.04754	1047	1.04753	2138
2024-12-13 00:15:00	1.04753	1.04754	1.04727	1.0475	1833
2024-12-13 00:30:00	1.0475	1.04768	1.04736	1.04756	1856
2024-12-13 00:45:00	1.04756	1.04805	1.04725	1.04793	2655
2024-12-13 01:00:00	1.04794	1.04808	1.04732	1.04732	1294
2024-12-13 01:15:00	1.0473	1.04744	1.04648	1.04671	1438
2024-12-13 01:30:00	1.0467	1.04691	1.04633	1.04672	1816
2024-12-13 01:45:00	1.04673	1.04691	1.04643	1.04651	1363
2024-12-13 02:00:00	1.04652	1.04654	1.04621	1.0464	1815
2024-12-13 02:15:00	1.04643	1.04653	1.04623	1.04646	865
2024-12-13 02:30:00	1.04646	1.04667	1.04614	1.04642	1146
2024-12-13 02:45:00	1.04642	1.04651	1.04601	1.04606	909
2024-12-13 03:00:00	1.04606	1.04628	1.04606	1.04622	627
2024-12-13 03:15:00	1.04623	1.04639	1.04617	1.0462	806
2024-12-13 03:30:00	1.0462	1.0465	1.04617	1.04637	467
2024-12-13 03:45:00	1.04637	1.0464	1.04595	1.04602	724
2024-12-13 04:00:00	1.04602	1.04616	1.04591	1.04593	556
2024-12-13 04:15:00	1.04593	1.04597	1.04562	1.04578	685
2024-12-13 04:30:00	1.04577	1.04624	1.04577	1.04614	430
2024-12-13 04:45:00	1.04614	1.04635	1.04612	1.04634	392
2024-12-13 05:00:00	1.04636	1.04645	1.04611	1.04615	552
2024-12-13 05:15:00	1.04615	1.04629	1.04603	1.04616	866
2024-12-13 05:30:00	1.04615	1.04638	1.04608	1.04627	469
2024-12-13 05:45:00	1.04627	1.04657	1.04618	1.04652	584
2024-12-13 06:00:00	1.04653	1.04656	1.04606	1.04608	844
2024-12-13 06:15:00	1.04608	1.04619	1.04566	1.04605	984
2024-12-13 06:30:00	1.04604	1.04627	1.04592	1.0461	479
2024-12-13 06:45:00	1.04609	1.04661	1.04608	1.04656	608
2024-12-13 07:00:00	1.04655	1.04655	1.04531	1.04581	2879
2024-12-13 07:15:00	1.0458	1.04596	1.04535	1.04563	1753
2024-12-13 07:30:00	1.04562	1.0462	1.04532	1.04594	1894
2024-12-13 07:45:00	1.04593	1.04638	1.04575	1.04592	1633
2024-12-13 08:00:00	1.04592	1.04717	1.04562	1.0471	2371
2024-12-13 08:15:00	1.0471	1.04711	1.04619	1.0466	1888
2024-12-13 08:30:00	1.0466	1.04702	1.04638	1.04661	1966
2024-12-13 08:45:00	1.04659	1.04694	1.04637	1.04687	1734
2024-12-13 09:00:00	1.04686	1.04702	1.04663	1.04687	1617
2024-12-13 09:15:00	1.04687	1.04733	1.0467	1.04707	1477
2024-12-13 09:30:00	1.04706	1.04736	1.04677	1.04726	1523
2024-12-13 09:45:00	1.04725	1.0494	1.04707	1.04871	2464
2024-12-13 10:00:00	1.04873	1.04955	1.04834	1.04902	6458
2024-12-13 10:15:00	1.04902	1.04954	1.04881	1.04945	5653
2024-12-13 10:30:00	1.04946	1.04958	1.04863	1.04888	5091
2024-12-13 10:45:00	1.04889	1.04915	1.04842	1.0487	3596
2024-12-13 11:00:00	1.0487	1.04927	1.04863	1.04915	1675
2024-12-13 11:15:00	1.04914	1.04944	1.04907	1.04916	1410
2024-12-13 11:30:00	1.04916	1.04943	1.0488	1.04921	1592
2024-12-13 11:45:00	1.04921	1.04936	1.04868	1.04887	1091
2024-12-13 12:00:00	1.04887	1.04955	1.04879	1.0494	1640
2024-12-13 12:15:00	1.04942	1.04952	1.04905	1.04939	1170
2024-12-13 12:30:00	1.0494	1.05193	1.0494	1.05171	2783
2024-12-13 12:45:00	1.05171	1.05182	1.05068	1.05159	3609
2024-12-13 13:00:00	1.05161	1.05241	1.05131	1.05197	2824
2024-12-13 13:15:00	1.05196	1.0522	1.05133	1.05158	2789
2024-12-13 13:30:00	1.05157	1.05203	1.05099	1.05201	5591
2024-12-13 13:45:00	1.05202	1.05215	1.05089	1.05102	5554
2024-12-13 14:00:00	1.05102	1.05103	1.04993	1.05035	3069
2024-12-13 14:15:00	1.05036	1.05051	1.0496	1.04976	2273
2024-12-13 14:30:00	1.04976	1.04981	1.04889	1.04915	2501
2024-12-13 14:45:00	1.04915	1.04959	1.04885	1.04906	2349
2024-12-13 15:00:00	1.04904	1.04904	1.04828	1.04866	2500
2024-12-13 15:15:00	1.04868	1.04954	1.04849	1.04877	3878
2024-12-13 15:30:00	1.04876	1.04929	1.04851	1.04929	2470
2024-12-13 15:45:00	1.04927	1.04937	1.04822	1.0489	4016
2024-12-13 16:00:00	1.0489	1.05024	1.04868	1.05003	3642
2024-12-13 16:15:00	1.05007	1.05018	1.04932	1.04943	2195
2024-12-13 16:30:00	1.04944	1.05015	1.04936	1.04994	3210
2024-12-13 16:45:00	1.04995	1.0506	1.04968	1.04977	4789
2024-12-13 17:00:00	1.04978	1.04986	1.04924	1.04961	3426
2024-12-13 17:15:00	1.04961	1.04962	1.04927	1.04941	1924
2024-12-13 17:30:00	1.04941	1.05042	1.04912	1.04989	2329
2024-12-13 17:45:00	1.0499	1.04992	1.04941	1.04963	3292
2024-12-13 18:00:00	1.04964	1.04976	1.04891	1.04898	3602
2024-12-13 18:15:00	1.04899	1.0495	1.04891	1.04929	1732
2024-12-13 18:30:00	1.04927	1.04986	1.04927	1.04979	2203
2024-12-13 18:45:00	1.0498	1.04982	1.04923	1.04958	2132
2024-12-13 19:00:00	1.04958	1.05024	1.04931	1.05013	2092
2024-12-13 19:15:00	1.05013	1.05024	1.04972	1.04973	1266
2024-12-13 19:30:00	1.04972	1.04994	1.04949	1.0495	1725
2024-12-13 19:45:00	1.0495	1.0495	1.04919	1.04946	1422
2024-12-13 20:00:00	1.04949	1.04965	1.04939	1.04945	1499
2024-12-13 20:15:00	1.04944	1.04966	1.04927	1.04962	1901
2024-12-13 20:30:00	1.04961	1.04974	1.0494	1.04945	936
2024-12-13 20:45:00	1.04946	1.04975	1.04937	1.0497	898
2024-12-13 21:00:00	1.04971	1.04977	1.04958	1.04965	726
2024-12-13 21:15:00	1.04967	1.05031	1.04963	1.05016	525
2024-12-13 21:30:00	1.05015	1.05021	1.04984	1.05015	723
2024-12-13 21:45:00	1.05017	1.05045	1.04996	1.05017	1291
2024-12-15 22:00:00	1.04854	1.04881	1.04847	1.0488	79
2024-12-15 22:15:00	1.0488	1.04915	1.04855	1.04861	289
2024-12-15 22:30:00	1.04862	1.05008	1.04857	1.04964	1712
2024-12-15 22:45:00	1.04964	1.05007	1.0493	1.04931	1404
2024-12-15 23:00:00	1.04953	1.05063	1.04953	1.0506	1116
2024-12-15 23:15:00	1.05062	1.05073	1.05046	1.05051	809
2024-12-15 23:30:00	1.05049	1.05105	1.05036	1.05103	1063
2024-12-15 23:45:00	1.05101	1.05107	1.05087	1.05096	1632
2024-12-16 00:00:00	1.05095	1.05124	1.05091	1.05109	1158
2024-12-16 00:15:00	1.05108	1.05125	1051	1.05116	1010
2024-12-16 00:30:00	1.05115	1.05187	1.05115	1.05159	1199
2024-12-16 00:45:00	1.05158	1.05189	1.05137	1.05143	3132
2024-12-16 01:00:00	1.05143	1.05206	1.05123	1.05198	3208
2024-12-16 01:15:00	1.05196	1.05206	1.05179	1052	2491
2024-12-16 01:30:00	1.05204	1.05213	1.0518	1.05187	2760
2024-12-16 01:45:00	1.05187	1.05206	1.05175	1.05188	1288
2024-12-16 02:00:00	1.05189	1.05228	1.05171	1.0522	2030
2024-12-16 02:15:00	1.05218	1.0522	1.05144	1.05151	1893
2024-12-16 02:30:00	1.05151	1.05158	1.05125	1.05129	1522
2024-12-16 02:45:00	1.0513	1.05135	1.05097	1.05124	2350
2024-12-16 03:00:00	1.05125	1.05141	1.05115	1.05134	2150
2024-12-16 03:15:00	1.05134	1.05152	1051	1.05113	1488
2024-12-16 03:30:00	1.05114	1.05129	1.05097	1.05116	1312
2024-12-16 03:45:00	1.05119	1.05131	1.05111	1.05117	1073
2024-12-16 04:00:00	1.05119	1.0515	1.05119	1.05146	903
2024-12-16 04:15:00	1.05145	1.0516	1.05131	1.05136	1318
2024-12-16 04:30:00	1.05135	1.05164	1.05128	1.05136	1311
2024-12-16 04:45:00	1.05136	1.05162	1.05118	1.05159	1109
2024-12-16 05:00:00	1.05159	1.05187	1.05157	1.05173	1263
2024-12-16 05:15:00	1.05173	1.05187	1.05165	1.05186	950
2024-12-16 05:30:00	1.05185	1.0521	1.05183	1.05202	1304
2024-12-16 05:45:00	1.05202	1.05214	1.05164	1.05196	1279
2024-12-16 06:00:00	1.05196	1.05206	1.05146	1.05168	1816
2024-12-16 06:15:00	1.05168	1.05186	1.0513	1.05178	2296
2024-12-16 06:30:00	1.05177	1.0518	1.05118	1.05128	1237
2024-12-16 06:45:00	1.05129	1.05144	1.05116	1.05135	1326
2024-12-16 07:00:00	1.05136	1.05167	1.05127	1.05128	2441
2024-12-16 07:15:00	1.05128	1.05208	1.05119	1.05178	2485
2024-12-16 07:30:00	1.05179	1.05198	1.05102	1.05132	3225
2024-12-16 07:45:00	1.05131	1.05156	1.05043	1.05048	4766
2024-12-16 08:00:00	1.05048	1.05106	1.05002	1.05024	6329
2024-12-16 08:15:00	1.05078	1.05126	1.05021	1.05077	6562
2024-12-16 08:30:00	1.05085	1.05247	1.05085	1.05119	8081
2024-12-16 08:45:00	1.05119	1.05136	1.05066	1.05083	3533
2024-12-16 09:00:00	1.0509	1.0521	1.05067	1.05184	4546
2024-12-16 09:15:00	1.05184	1.0519	1.05101	1.05123	5142
2024-12-16 09:30:00	1.05124	1.05165	1.05061	1.05069	5139
2024-12-16 09:45:00	1.05069	1.05098	1.05035	1.0505	3162
2024-12-16 10:00:00	1.05051	1.05062	1.04986	1.04987	2822
2024-12-16 10:15:00	1.04988	1.05032	1.04978	1.05013	1457
2024-12-16 10:30:00	1.05014	1.05014	1.04931	1.04935	1069
2024-12-16 10:45:00	1.04937	1.04947	1.04884	1.0489	2629
2024-12-16 11:00:00	1.0489	1.04924	1.04882	1.04903	996
2024-12-16 11:15:00	1.04903	1.04923	1.04887	1.04905	883
2024-12-16 11:30:00	1.04905	1.04915	1.04861	1.04863	896
2024-12-16 11:45:00	1.04864	1.04909	1.04833	1.04906	1046
2024-12-16 12:00:00	1.04906	1.04956	1.04898	1.04945	882
2024-12-16 12:15:00	1.04945	1.04977	1.04925	1.04961	800
2024-12-16 12:30:00	1.04961	1.04999	1.04934	1.04979	2678
2024-12-16 12:45:00	1.04978	1.04997	1.04904	1.04906	3581
2024-12-16 13:00:00	1.04906	1.05002	1.04904	1.04987	3300
2024-12-16 13:15:00	1.04988	1.05044	1.04972	1.05014	3481
2024-12-16 13:30:00	1.05015	1.05037	1.04983	1.04987	3222
2024-12-16 13:45:00	1.04988	1.05081	1.04963	1.05075	3316
2024-12-16 14:00:00	1.05075	1.05081	1.04973	1.04975	4223
2024-12-16 14:15:00	1.04974	1.04989	1.04885	1.04908	4487
2024-12-16 14:30:00	1.04907	1.04908	1.0485	1.04887	3177
2024-12-16 14:45:00	1.04887	1.04887	1.04745	1.04825	3514
2024-12-16 15:00:00	1.04827	1.04915	1.04826	1.04912	2356
2024-12-16 15:15:00	1.04912	1.0497	1.0483	1.04959	4063
2024-12-16 15:30:00	1.0496	1.05122	1.04956	1.05091	4917
2024-12-16 15:45:00	1.0509	1.05127	1.05042	1.05065	5304
2024-12-16 16:00:00	1.05066	1.05128	1.05041	1.05041	3713
2024-12-16 16:15:00	1.05042	1.05058	1.04951	1.04998	4142
2024-12-16 16:30:00	1.04999	1.05064	1.04973	1.05064	3315
2024-12-16 16:45:00	1.05063	1.05131	1.05041	1.05113	3030
2024-12-16 17:00:00	1.05113	1.05134	1.05055	1.0512	2447
2024-12-16 17:15:00	1.05119	1.05205	1051	1.05124	2267
2024-12-16 17:30:00	1.05124	1.05148	1.05067	1.05081	1990
2024-12-16 17:45:00	1.05081	1.0513	1.05072	1.05111	1633
2024-12-16 18:00:00	1.05112	1.05142	1.05095	1.05123	1342
2024-12-16 18:15:00	1.05121	1.05127	1.05072	1.05084	1352
2024-12-16 18:30:00	1.05084	1.05088	1.05058	1.05084	828
2024-12-16 18:45:00	1.05085	1.05216	1.05076	1.05206	1320
2024-12-16 19:00:00	1.05205	1.05226	1.05148	1.05157	1707
2024-12-16 19:15:00	1.05156	1.05165	1.05119	1.0514	901
2024-12-16 19:30:00	1.0514	1.05141	1.05072	1.05083	848
2024-12-16 19:45:00	1.05082	1.05111	1.05065	1.05099	835
2024-12-16 20:00:00	1.05099	1.0511	1.05084	1.0509	741
2024-12-16 20:15:00	1.0509	1.05105	1.05075	1051	585
2024-12-16 20:30:00	1.05099	1.05111	1.05076	1.0508	739
2024-12-16 20:45:00	1.05079	1.05095	1.05066	1.05081	1301
2024-12-16 21:00:00	1.05082	1.05099	1.05068	1.05081	311
2024-12-16 21:15:00	1.0508	1051	1.05068	1.05087	148
2024-12-16 21:30:00	1.05087	1.0511	1.05078	1.05108	589
2024-12-16 21:45:00	1.05107	1.05155	1.05094	1.05094	610
2024-12-16 22:00:00	1.05094	1.05113	1.05087	1.05103	204
2024-12-16 22:15:00	1.05103	1.05106	1.05088	1.05094	82
2024-12-16 22:30:00	1.05094	1.05104	1.05073	1.05083	700
2024-12-16 22:45:00	1.05083	1.05096	1.05079	1.05085	385
2024-12-16 23:00:00	1.05086	1.05124	1.05086	1.05124	557
2024-12-16 23:15:00	1.05124	1.05149	1.05123	1.05142	353
2024-12-16 23:30:00	1.05143	1.05148	1.05133	1.05147	107
2024-12-16 23:45:00	1.05146	1.05185	1.05146	1.0517	166
2024-12-17 00:00:00	1.0517	1.05193	1.05149	1.05157	699
2024-12-17 00:15:00	1.05156	1.05194	1.05156	1.05191	1045
2024-12-17 00:30:00	1.05191	1.05214	1.05173	1.05213	619
2024-12-17 00:45:00	1.05212	1.05343	1.05205	1.05287	1659
2024-12-17 01:00:00	1.05291	1.05299	1.05217	1.05219	1069
2024-12-17 01:15:00	1.0522	1.05232	1.05197	1.05201	869
2024-12-17 01:30:00	1.05204	1.05214	1.05188	1.05205	828
2024-12-17 01:45:00	1.05203	1.05222	1.05191	1.05214	729
2024-12-17 02:00:00	1.05212	1.05266	1.05201	1.05257	1235
2024-12-17 02:15:00	1.05259	1.05267	1.05242	1.05248	997
2024-12-17 02:30:00	1.05246	1.05251	1.05212	1.05226	712
2024-12-17 02:45:00	1.05227	1.05232	1.05167	1.05172	1346
2024-12-17 03:00:00	1.05171	1.05194	1.05161	1.05171	883
2024-12-17 03:15:00	1.0517	1.05185	1.05153	1.05169	588
2024-12-17 03:30:00	1.05168	1.0517	1.05141	1.05141	554
2024-12-17 03:45:00	1.0514	1.0514	1.05113	1.05122	613
2024-12-17 04:00:00	1.05123	1.05125	1.05095	1.05102	642
2024-12-17 04:15:00	1.05101	1.0511	1.05093	1.05106	433
2024-12-17 04:30:00	1.05105	1.05116	1.05097	1.05099	418
2024-12-17 04:45:00	1.05099	1.05103	1.05078	1.05081	471
2024-12-17 05:00:00	1.05081	1.05085	1.05077	1.05083	751
2024-12-17 05:15:00	1.05084	1.05092	1.05067	1.0509	509
2024-12-17 05:30:00	1.05091	1051	1.0506	1.05071	1030
2024-12-17 05:45:00	1.0507	1.05074	1.05026	1.05046	1277
2024-12-17 06:00:00	1.05046	1.05077	1.05035	1.05035	794
2024-12-17 06:15:00	1.05035	1.05035	1.04975	1.04983	1323
2024-12-17 06:30:00	1.04983	1.05008	1.04983	1.04988	1114
2024-12-17 06:45:00	1.04987	1.05032	1.04977	1.05028	1136
2024-12-17 07:00:00	1.05028	1.05062	1.04992	1.05061	1525
2024-12-17 07:15:00	1.0506	1.05077	1.0504	1.05065	1532
2024-12-17 07:30:00	1.05066	1.05091	1.05008	1.05014	1641
2024-12-17 07:45:00	1.05011	1.05012	1.04956	1.04975	1702
2024-12-17 08:00:00	1.04974	1.05003	1.0495	1.0497	1750
2024-12-17 08:15:00	1.04969	1.04977	1.04922	1.04922	1797
2024-12-17 08:30:00	1.04922	1.04925	1.04851	1.04903	2071
2024-12-17 08:45:00	1.04902	1.04921	1.04885	1.04891	3757
2024-12-17 09:00:00	1.0489	1.0489	1.04806	1.04824	4934
2024-12-17 09:15:00	1.04825	1.04866	1.04818	1.04838	2728
2024-12-17 09:30:00	1.04838	1.0484	1.04804	1.04825	3170
2024-12-17 09:45:00	1.04826	1.04884	1.04823	1.04852	2759
2024-12-17 10:00:00	1.04854	1.04896	1.04811	1.04858	4085
2024-12-17 10:15:00	1.04859	1.04863	1.0479	1.04818	3097
2024-12-17 10:30:00	1.04818	1.04879	1.04809	1.04863	2784
2024-12-17 10:45:00	1.04862	1.04882	1.04837	1.0488	1809
2024-12-17 11:00:00	1.0488	1.04929	1.04839	1.04855	2529
2024-12-17 11:15:00	1.04854	1.04899	1.04848	1.04894	2321
2024-12-17 11:30:00	1.04898	1.04928	1.04888	1.04904	1076
2024-12-17 11:45:00	1.04904	1.0494	1.04893	1.04913	1138
2024-12-17 12:00:00	1.04913	1.04949	1.04882	1.04919	1249
2024-12-17 12:15:00	1.04919	1.04934	1.04897	1.04911	1216
2024-12-17 12:30:00	1.0491	1.04955	1.04899	1.04951	1288
2024-12-17 12:45:00	1.04949	1.05016	1.04936	1.05012	1592
2024-12-17 13:00:00	1.05013	1.05014	1.04947	1.04961	2250
2024-12-17 13:15:00	1.0496	1.04985	1.04941	1.04948	2118
2024-12-17 13:30:00	1.0495	1.05063	1.04927	1.04939	4606
2024-12-17 13:45:00	1.04938	1.05066	1.04919	1.05047	2404
2024-12-17 14:00:00	1.05046	1.05101	1.05043	1.05068	2842
2024-12-17 14:15:00	1.05068	1.05115	1.05021	1.05063	3316
2024-12-17 14:30:00	1.05063	1.05097	1.05042	1.0506	3166
2024-12-17 14:45:00	1.0506	1.0508	1.04977	1.05049	2872
2024-12-17 15:00:00	1.0505	1.05065	1.05003	1.05057	4331
2024-12-17 15:15:00	1.05057	1.05093	1.05004	1.05046	3183
2024-12-17 15:30:00	1.05048	1.05052	1.04997	1.05005	3637
2024-12-17 15:45:00	1.05006	1.05035	1.04957	1.04989	2984
2024-12-17 16:00:00	1.04989	1.05061	1.04987	1.05012	2694
2024-12-17 16:15:00	1.05013	1.05036	1.04945	1.04989	2198
2024-12-17 16:30:00	1.04987	1.05016	1.04957	1.05001	1670
2024-12-17 16:45:00	1.05002	1.05061	1.04994	1.05051	1167
2024-12-17 17:00:00	1.05051	1.05159	1.04996	1.04998	3295
2024-12-17 17:15:00	1.04998	1.05061	1.04986	1.05061	2397
2024-12-17 17:30:00	1.0506	1.05077	1.05008	1.05045	1467
2024-12-17 17:45:00	1.05046	1.05068	1.0498	1.04996	2223
2024-12-17 18:00:00	1.04996	1.05002	1.04953	1.04987	1580
2024-12-17 18:15:00	1.04988	1.04991	1.04952	1.04988	940
2024-12-17 18:30:00	1.04988	1.05041	1.04981	1.05015	958
2024-12-17 18:45:00	1.05018	1.05021	1.04901	1.04934	2497
2024-12-17 19:00:00	1.04934	1.04952	1.04916	1.0493	1209
2024-12-17 19:15:00	1.04931	1.04939	1.04879	1.04882	801
2024-12-17 19:30:00	1.04882	1.04924	1.04882	1.04916	877
2024-12-17 19:45:00	1.04915	1.04935	1.04882	1.04883	800
2024-12-17 20:00:00	1.04883	1.04903	1.04875	1.04877	685
2024-12-17 20:15:00	1.04877	1.04904	1.04875	1.04902	583
2024-12-17 20:30:00	1.04903	1.04906	1.04874	1.04879	816
2024-12-17 20:45:00	1.04878	1.04898	1.04851	1.04881	1191
2024-12-17 21:00:00	1.0488	1.04887	1.04866	1.04881	449
2024-12-17 21:15:00	1.04882	1.04898	1.04881	1.04894	329
2024-12-17 21:30:00	1.04893	1.04928	1.04893	1.04925	284
2024-12-17 21:45:00	1.04924	1.04928	1.04902	1.04903	458
2024-12-17 22:00:00	1.04904	1.04931	1049	1.04917	169
2024-12-17 22:15:00	1.04917	1.04935	1.04912	1.04916	342
2024-12-17 22:30:00	1.04916	1.04921	1.04914	1.0492	62
2024-12-17 22:45:00	1.0492	1.04944	1.04918	1.04918	221
2024-12-17 23:00:00	1.0492	1.04943	1.04917	1.04923	558
2024-12-17 23:15:00	1.04922	1.04935	1.04917	1.0493	191
2024-12-17 23:30:00	1.04931	1.04947	1.04931	1.04947	151
2024-12-17 23:45:00	1.04947	1.04952	1.04943	1.04944	111
2024-12-18 00:00:00	1.04943	1.04976	1.04928	1.04975	458
2024-12-18 00:15:00	1.04974	1.05013	1.04967	1.05008	525
2024-12-18 00:30:00	1.05008	1.05021	1.04988	1.05015	519
2024-12-18 00:45:00	1.05015	1.05027	1.0497	1.04992	981
2024-12-18 01:00:00	1.04991	1.05007	1.04961	1.04967	932
2024-12-18 01:15:00	1.04968	1.05006	1.04968	1.0499	477
2024-12-18 01:30:00	1.04989	1.05004	1.04968	1.04999	891
2024-12-18 01:45:00	1.04999	1.05027	1.04955	1.05021	711
2024-12-18 02:00:00	1.05025	1.05037	1.0499	1.05001	833
2024-12-18 02:15:00	1.05	1.05002	1.0497	1.04989	578
2024-12-18 02:30:00	1.0499	1.05003	1.04962	1.04991	715
2024-12-18 02:45:00	1.0499	1.0503	1.04989	1.05009	923
2024-12-18 03:00:00	1.05008	1.05018	1.04988	1.05013	709
2024-12-18 03:15:00	1.05014	1.05027	1.05002	1.05025	781
2024-12-18 03:30:00	1.05025	1.05025	1.04998	1.04998	1039
2024-12-18 03:45:00	1.04998	1.05016	1.04987	1.0499	529
2024-12-18 04:00:00	1.04989	1.04996	1.0496	1.04965	746
2024-12-18 04:15:00	1.04965	1.05008	1.0496	1.05002	683
2024-12-18 04:30:00	1.05005	1.05055	1.05005	1.05053	576
2024-12-18 04:45:00	1.05054	1.05056	1.05024	1.0503	735
2024-12-18 05:00:00	1.05029	1.05029	1.05002	1.05023	506
2024-12-18 05:15:00	1.05023	1.05027	1.05003	1.05006	473
2024-12-18 05:30:00	1.05006	1.05029	1.05002	1.05019	611
2024-12-18 05:45:00	1.05019	1.05046	1.05009	1.05022	547
2024-12-18 06:00:00	1.05022	1.05067	1.05014	1.05058	623
2024-12-18 06:15:00	1.05057	1.05082	1.05055	1.05061	549
2024-12-18 06:30:00	1.05061	1.05094	1.05051	1.05093	727
2024-12-18 06:45:00	1.05095	1.05118	1.05079	1.05111	847
2024-12-18 07:00:00	1.05113	1.05127	1.05079	1.05109	1324
2024-12-18 07:15:00	1.05107	1.05121	1.05074	1.05074	1347
2024-12-18 07:30:00	1.05074	1.05087	1.05026	1.05028	1548
2024-12-18 07:45:00	1.05028	1.05031	1.04935	1.04968	2122
2024-12-18 08:00:00	1.04967	1.04989	1.04892	1.04915	2165
2024-12-18 08:15:00	1.04916	1.04935	1.04874	1.04926	1598
2024-12-18 08:30:00	1.04926	1.04963	1.04919	1.04944	1634
2024-12-18 08:45:00	1.04943	1.04962	1049	1.04932	1513
2024-12-18 09:00:00	1.04931	1.04974	1.04911	1.04965	1663
2024-12-18 09:15:00	1.04964	1.04984	1.04928	1.04941	1358
2024-12-18 09:30:00	1.04938	1.0497	1.04915	1.04938	1599
2024-12-18 09:45:00	1.04938	1.04951	1.04919	1.04941	1471
2024-12-18 10:00:00	1.04942	1.04975	1.04911	1.04914	1502
2024-12-18 10:15:00	1.04913	1.04937	1.0489	1.04894	1163
2024-12-18 10:30:00	1.04894	1.05002	1.0489	1.04985	1410
2024-12-18 10:45:00	1.04986	1.04988	1.04941	1.04985	1243
2024-12-18 11:00:00	1.04986	1.05033	1.04968	1.05007	1301
2024-12-18 11:15:00	1.05009	1.05011	1.04955	1.05003	1157
2024-12-18 11:30:00	1.05004	1.05034	1.04997	1.05024	1388
2024-12-18 11:45:00	1.05024	1.05024	1.04946	1.04966	1443
2024-12-18 12:00:00	1.04966	1.04975	1.04919	1.04924	1366
2024-12-18 12:15:00	1.04924	1.04975	1.04923	1.04949	1143
2024-12-18 12:30:00	1.04949	1.05019	1.04942	1.04947	1774
2024-12-18 12:45:00	1.04948	1.04952	1.04857	1.04905	1958
2024-12-18 13:00:00	1.04905	1.04985	1.04896	1.04947	2062
2024-12-18 13:15:00	1.04948	1.04948	1.04825	1.04872	2219
2024-12-18 13:30:00	1.04871	1.04936	1.04851	1.04899	1961
2024-12-18 13:45:00	1.04898	1.0494	1.04876	1.04919	5260
2024-12-18 14:00:00	1.04919	1.0496	1.0489	1.04918	3469
2024-12-18 14:15:00	1.04919	1.04942	1.0488	1.04888	2281
2024-12-18 14:30:00	1.04887	1.04929	1.04873	1.04896	3756
2024-12-18 14:45:00	1.04896	1.05032	1.04893	1.04964	3839
2024-12-18 15:00:00	1.04964	1.04987	1.04898	1.04899	4718
2024-12-18 15:15:00	1.04899	1.04908	1.04856	1.04887	3785
2024-12-18 15:30:00	1.04886	1.04897	1.04847	1.04871	3401
2024-12-18 15:45:00	1.04872	1.04872	1047	1.04738	5877
2024-12-18 16:00:00	1.04738	1.04758	1.04697	1.04744	3207
2024-12-18 16:15:00	1.04745	1.04809	1.04732	1.04753	2636
2024-12-18 16:30:00	1.04754	1.04771	1.04681	1.0471	2818
2024-12-18 16:45:00	1.04709	1.04709	1.04671	1.0469	2572
2024-12-18 17:00:00	1.04691	1.04751	1.04688	1.04739	2888
2024-12-18 17:15:00	1.04739	1.04757	1.04698	1.04747	2445
2024-12-18 17:30:00	1.04745	1.0478	1.04738	1.04774	1612
2024-12-18 17:45:00	1.04774	1048	1.04732	1.04753	1271
2024-12-18 18:00:00	1.04754	1.04793	1.04736	1.0478	1153
2024-12-18 18:15:00	1.04781	1.04844	1.04778	1.04844	1187
2024-12-18 18:30:00	1.04845	1.0492	1.04844	1.04911	2087
2024-12-18 18:45:00	1.0491	1.04924	1.04855	1.04864	1482
2024-12-18 19:00:00	1.04857	1.04857	1.04109	1.04143	8749
2024-12-18 19:15:00	1.04143	1.0427	1.04137	1.04152	8668
2024-12-18 19:30:00	1.04152	1.04236	1.03886	1.03913	7500
2024-12-18 19:45:00	1.03912	1.03933	1.03732	1.03774	8328
2024-12-18 20:00:00	1.03774	1.03803	1.03546	1.03627	9541
2024-12-18 20:15:00	1.03628	1.0371	1.03439	1.03559	7751
2024-12-18 20:30:00	1.03558	1.03631	1.03499	1.0356	3942
2024-12-18 20:45:00	1.0356	1.03719	1.03536	1.03649	6059
2024-12-18 21:00:00	1.0365	1.03758	1.0365	1.03724	1784
2024-12-18 21:15:00	1.03723	1.03731	1.03632	1.03658	1110
2024-12-18 21:30:00	1.03657	1.03676	1.03615	1.03663	821
2024-12-18 21:45:00	1.03662	1.03662	1.03483	1.03513	2482
2024-12-18 22:00:00	1.03507	1.03508	1.03472	1.03479	236
2024-12-18 22:15:00	1.03479	1.03517	1.03476	1.03489	624
2024-12-18 22:30:00	1.0349	1.03535	1.0349	1.03513	255
2024-12-18 22:45:00	1.03511	1.03513	1.03476	1.03504	523
2024-12-18 23:00:00	1.03503	1.03605	1.0349	1.03577	847
2024-12-18 23:15:00	1.03578	1.03597	1.03543	1.03548	647
2024-12-18 23:30:00	1.03548	1.03579	1.03539	1.0354	624
2024-12-18 23:45:00	1.03541	1.03541	1.03473	1.03506	1195
2024-12-19 00:00:00	1.03506	1.03633	1.03504	1.03622	1516
2024-12-19 00:15:00	1.03624	1.03671	1.03617	1.03656	1488
2024-12-19 00:30:00	1.03657	1.03739	1.03648	1.03738	1423
2024-12-19 00:45:00	1.03736	1.03799	1.0372	1.03729	2055
2024-12-19 01:00:00	1.03732	1.03764	1.03714	1.03746	1862
2024-12-19 01:15:00	1.03745	1.03798	1.03731	1.03749	1415
2024-12-19 01:30:00	1.03749	1.03779	1.0371	1.03764	1405
2024-12-19 01:45:00	1.03763	1.03784	1.03732	1.03781	1057
2024-12-19 02:00:00	1.03783	1.03793	1.0373	1.0373	1429
2024-12-19 02:15:00	1.0373	1.03794	1.03724	1.03766	901
2024-12-19 02:30:00	1.03767	1.03771	1.03741	1.03749	938
2024-12-19 02:45:00	1.0375	1.03905	1.03734	1039	2223
2024-12-19 03:00:00	1039	1.03909	1.03744	1.03793	2047
2024-12-19 03:15:00	1.03793	1.03835	1.03788	1.03803	780
2024-12-19 03:30:00	1.03804	1.03811	1.03775	1.03805	704
2024-12-19 03:45:00	1.03805	1.03812	1.03772	1.03782	902
2024-12-19 04:00:00	1.03781	1.03794	1.03749	1.03778	1111
2024-12-19 04:15:00	1.03777	1.03805	1.03771	1.03798	693
2024-12-19 04:30:00	1.03799	1.03821	1.03773	1.03781	527
2024-12-19 04:45:00	1.03781	1.03802	1.03759	1.03789	1033
2024-12-19 05:00:00	1.03789	1.03826	1.03781	1.03804	1157
2024-12-19 05:15:00	1.03806	1.03851	1.03798	1.03844	751
2024-12-19 05:30:00	1.03844	1.03855	1.03794	1.0381	917
2024-12-19 05:45:00	1.0381	1.0382	1.0376	1.0382	1740
2024-12-19 06:00:00	1.03819	1.03819	1.03772	1038	1189
2024-12-19 06:15:00	1038	1.03872	1.03799	1.03872	962
2024-12-19 06:30:00	1.03875	1.0388	1.03827	1.03836	2046
2024-12-19 06:45:00	1.03837	1.03875	1.03818	1.03851	2131
2024-12-19 07:00:00	1.03851	1.04094	1.03849	1.04079	3075
2024-12-19 07:15:00	1.04079	1.04079	1.03968	1.03987	2339
2024-12-19 07:30:00	1.03986	1.04005	1.03904	1.03985	3198
2024-12-19 07:45:00	1.03984	1.04003	1.03939	1.03949	1867
2024-12-19 08:00:00	1.03949	1.04051	1.03904	1.04004	3824
2024-12-19 08:15:00	1.04005	1.04019	1.03935	1.03997	2716
2024-12-19 08:30:00	1.03997	1.0407	1.03918	1.04063	2789
2024-12-19 08:45:00	1.04062	1.04092	1.03998	1.04083	5518
2024-12-19 09:00:00	1.04083	1042	1.0408	1.04197	7004
2024-12-19 09:15:00	1.04197	1.04199	1.0415	1.04198	3197
2024-12-19 09:30:00	1.04198	1.04222	1.04116	1.04193	2993
2024-12-19 09:45:00	1.04191	1.04196	1.04088	1.04124	3562
2024-12-19 10:00:00	1.04123	1.04124	1.04041	1.04107	3175
2024-12-19 10:15:00	1.04107	1.04158	1.04093	1.04101	2226
2024-12-19 10:30:00	1.04101	1.04138	1.04071	1.0409	2775
2024-12-19 10:45:00	1.04091	1.04129	1.04045	1.04052	2271
2024-12-19 11:00:00	1.04051	1.04126	1.04049	1.04099	2303
2024-12-19 11:15:00	1041	1.04152	1.04082	1.04106	2169
2024-12-19 11:30:00	1.04106	1.04123	1.04042	1.04046	2155
2024-12-19 11:45:00	1.04044	1.04062	1.03999	1.04034	4303
2024-12-19 12:00:00	1.04035	1.04085	1.03988	1.04037	7246
2024-12-19 12:15:00	1.04036	1.0406	1.03995	1.04006	6161
2024-12-19 12:30:00	1.04006	1.04094	1.03991	1.0401	4816
2024-12-19 12:45:00	1.0401	1.04102	1.03907	1.03935	6413
2024-12-19 13:00:00	1.03934	1.0402	1.03858	1.03997	9254
2024-12-19 13:15:00	1.03997	1.04117	1.03997	1.0407	4661
2024-12-19 13:30:00	1.04069	1.04139	1.03975	1.04081	6364
2024-12-19 13:45:00	1.04082	1.04106	1.03969	1.03989	3954
2024-12-19 14:00:00	1.03988	1.04072	1.03959	1.04003	4111
2024-12-19 14:15:00	1.04002	1.0402	1.03939	1.03999	3530
2024-12-19 14:30:00	1.03999	1.0405	1.0397	1.0399	4804
2024-12-19 14:45:00	1.03988	1.04011	1.03951	1.03955	5471
2024-12-19 15:00:00	1.03955	1.04018	1.03902	1.03954	5247
2024-12-19 15:15:00	1.03953	1.04012	1.0393	1.03997	4560
2024-12-19 15:30:00	1.03998	1.04009	1.03874	1.0389	6411
2024-12-19 15:45:00	1.03891	1.03898	1.03767	1.03799	7980
2024-12-19 16:00:00	1.03798	1.03803	1.03685	1.03685	4792
2024-12-19 16:15:00	1.03687	1.03843	1.03684	1.03824	3245
2024-12-19 16:30:00	1.03824	1.03843	1.03718	1.0373	5946
2024-12-19 16:45:00	1.03729	1.03729	1.03561	1.03566	5413
2024-12-19 17:00:00	1.03567	1.03694	1.03545	1.03649	4776
2024-12-19 17:15:00	1.03649	1.03762	1.03643	1.03742	4418
2024-12-19 17:30:00	1.03741	1.03741	1.03662	1.03685	4630
2024-12-19 17:45:00	1.03684	1.03696	1.03592	1.03615	5804
2024-12-19 18:00:00	1.03616	1.03689	1.03552	1.03688	6989
2024-12-19 18:15:00	1.03687	1.03727	1.03659	1.03684	5203
2024-12-19 18:30:00	1.03684	1.03706	1.0365	1.03683	2358
2024-12-19 18:45:00	1.03682	1.03754	1.03658	1.0374	3646
2024-12-19 19:00:00	1.0374	1.03772	1.03698	1.03706	3577
2024-12-19 19:15:00	1.03705	1.03715	1.03632	1.03652	2647
2024-12-19 19:30:00	1.03651	1.0368	1.03645	1.03661	1620
2024-12-19 19:45:00	1.0366	1.0366	1.03612	1.03613	1921
2024-12-19 20:00:00	1.03614	1.03676	1.03586	1.03672	3366
2024-12-19 20:15:00	1.03672	1.03685	1.03656	1.03672	2224
2024-12-19 20:30:00	1.03672	1.03687	1.03642	1.03681	1944
2024-12-19 20:45:00	1.03682	1.03691	1.03662	1.03681	1574
2024-12-19 21:00:00	1.03679	1.03681	1.03607	1.03615	757
2024-12-19 21:15:00	1.03617	1.03633	1.03608	1.03632	286
2024-12-19 21:30:00	1.03631	1.03645	1.03624	1.03627	328
2024-12-19 21:45:00	1.03626	1.03641	1.03605	1.03605	819
2024-12-19 22:00:00	1.03599	1.03646	1.03599	1.03644	62
2024-12-19 22:15:00	1.03643	1.03644	1.03627	1.03636	144
2024-12-19 22:30:00	1.03636	1.03648	1.0363	1.03645	358
2024-12-19 22:45:00	1.03644	1.03654	1.03634	1.03647	287
2024-12-19 23:00:00	1.03649	1.03653	1.03608	1.03621	508
2024-12-19 23:15:00	1.03621	1.03641	1.03616	1.03618	333
2024-12-19 23:30:00	1.03618	1.0363	1.0361	1.03625	456
2024-12-19 23:45:00	1.03625	1.03645	1.03623	1.03643	349
2024-12-20 00:00:00	1.03644	1.03692	1.03624	1.03652	932
2024-12-20 00:15:00	1.03651	1.03669	1.03645	1.03667	562
2024-12-20 00:30:00	1.03665	1.03669	1.03616	1.03623	713
2024-12-20 00:45:00	1.03624	1.03669	1.03623	1.03651	1129
2024-12-20 01:00:00	1.0365	1.03651	1.03598	1.03606	1959
2024-12-20 01:15:00	1.03603	1.03658	1.03587	1.03634	1264
2024-12-20 01:30:00	1.03633	1.03675	1.03632	1.0365	855
2024-12-20 01:45:00	1.0365	1.03664	1.03629	1.03633	834
2024-12-20 02:00:00	1.03632	1.03645	1.03601	1.03632	868
2024-12-20 02:15:00	1.03633	1.03647	1.03614	1.03641	804
2024-12-20 02:30:00	1.03642	1.03642	1.03603	1.03605	824
2024-12-20 02:45:00	1.03603	1.03639	1036	1.03634	844
2024-12-20 03:00:00	1.03634	1.03656	1.03613	1.03632	669
2024-12-20 03:15:00	1.03632	1.03644	1.03613	1.03626	811
2024-12-20 03:30:00	1.03627	1.03633	1.03594	1.03598	978
2024-12-20 03:45:00	1.03599	1.03623	1.0359	1.03618	611
2024-12-20 04:00:00	1.03619	1.03629	1.03607	1.03614	627
2024-12-20 04:15:00	1.03614	1.03617	1.03598	1.03608	602
2024-12-20 04:30:00	1.03608	1.03629	1.03605	1.03613	643
2024-12-20 04:45:00	1.03614	1.03622	1.03583	1.03587	477
2024-12-20 05:00:00	1.03587	1.0361	1.03568	1.03608	653
2024-12-20 05:15:00	1.03606	1.03617	1.03583	1.03583	560
2024-12-20 05:30:00	1.03583	1.03621	1.03566	1.03617	667
2024-12-20 05:45:00	1.03617	1.03666	1.03606	1.03662	958
2024-12-20 06:00:00	1.03662	1.03699	1.03429	1035	3303
2024-12-20 06:15:00	1.03502	1.0362	1.03496	1.0362	1849
2024-12-20 06:30:00	1.0362	1.03709	1.03612	1.03701	1681
2024-12-20 06:45:00	1.03701	1.03773	1.0367	1.03747	1868
2024-12-20 07:00:00	1.03748	1.03817	1.03731	1.03784	2519
2024-12-20 07:15:00	1.03783	1.03814	1.03724	1.03779	2120
2024-12-20 07:30:00	1.03778	1.03805	1.03725	1.03799	2368
2024-12-20 07:45:00	1.03799	1.03853	1.0378	1.03828	2045
2024-12-20 08:00:00	1.03828	1.03916	1.0378	1.03915	2390
2024-12-20 08:15:00	1.03915	1.03983	1.03888	1.03946	2653
2024-12-20 08:30:00	1.03945	1.03979	1.03923	1.0394	2668
2024-12-20 08:45:00	1.03939	1.03979	1.03904	1.03921	2374
2024-12-20 09:00:00	1.03921	1.03922	1.03807	1.03817	3846
2024-12-20 09:15:00	1.03817	1.03858	1.03783	1.03825	2513
2024-12-20 09:30:00	1.03824	1.0384	1.03791	1.03796	2380
2024-12-20 09:45:00	1.0379	1.03866	1.03759	1.03828	3055
2024-12-20 10:00:00	1.03828	1.03901	1.03826	1.03858	2596
2024-12-20 10:15:00	1.03857	1.03885	1.03813	1.03865	3051
2024-12-20 10:30:00	1.03866	1.03896	1.03834	1.03887	2702
2024-12-20 10:45:00	1.03888	1.03931	1.0387	1.03917	3696
2024-12-20 11:00:00	1.03917	1.03917	1.03796	1.03854	3935
2024-12-20 11:15:00	1.03853	1.03882	1038	1.0388	5603
2024-12-20 11:30:00	1.03881	1.03974	1.03871	1.03907	3849
2024-12-20 11:45:00	1.03906	1.03945	1.03902	1.03915	3724
2024-12-20 12:00:00	1.03916	1.03949	1.03908	1.03941	4311
2024-12-20 12:15:00	1.03942	1.03986	1.03924	1.03982	3098
2024-12-20 12:30:00	1.03982	1.04002	1.03937	1.03968	3921
2024-12-20 12:45:00	1.03967	1.03988	1.03879	1.03895	5672
2024-12-20 13:00:00	1.03895	1.03935	1.03877	1.03933	3827
2024-12-20 13:15:00	1.03934	1.0401	1.03915	1.03979	3963
2024-12-20 13:30:00	1.03976	1.0419	1.03976	1.04137	9771
2024-12-20 13:45:00	1.04137	1.04137	1.04032	1.04073	6639
2024-12-20 14:00:00	1.04072	1.04088	1.03934	1.03959	6759
2024-12-20 14:15:00	1.03958	1.03985	1.03889	1.03924	6341
2024-12-20 14:30:00	1.03924	1.0398	1.03895	1.03899	5729
2024-12-20 14:45:00	1.03899	1.03969	1.0386	1.03934	3959
2024-12-20 15:00:00	1.03944	1.04073	1.03927	1.03994	4477
2024-12-20 15:15:00	1.03993	1.04052	1.03915	1.03942	7026
2024-12-20 15:30:00	1.03941	1.04069	1.03924	1.04062	7042
2024-12-20 15:45:00	1.04064	1.04072	1.0391	1.03967	7586
2024-12-20 16:00:00	1.03967	1.04038	1.03959	1.04013	6031
2024-12-20 16:15:00	1.04013	1.04191	1.04006	1.04125	3795
2024-12-20 16:30:00	1.04124	1.04339	1.04124	1.04265	3702
2024-12-20 16:45:00	1.04264	1.04354	1.04244	1.04281	7443
2024-12-20 17:00:00	1.04282	1.04408	1.04256	1.04387	9491
2024-12-20 17:15:00	1.04386	1.04448	1.04374	1.04383	7314
2024-12-20 17:30:00	1.04382	1.04382	1.04303	1.04337	9082
2024-12-20 17:45:00	1.04336	1.04336	1.0428	1.04285	6479
2024-12-20 18:00:00	1.04284	1.04329	1.0425	1.04315	4372
2024-12-20 18:15:00	1.04314	1.04316	1.04238	1.04243	4157
2024-12-20 18:30:00	1.04243	1.04406	1.04222	1.04406	3166
2024-12-20 18:45:00	1.04407	1.04429	1.04362	1.04368	3667
2024-12-20 19:00:00	1.04367	1.0442	1.04339	1.04401	3928
2024-12-20 19:15:00	1.04401	1.04447	1.04396	1.04436	2369
2024-12-20 19:30:00	1.04436	1.04449	1.04405	1.04436	2105
2024-12-20 19:45:00	1.04436	1.04474	1.04413	1.04447	2984
2024-12-20 20:00:00	1.04446	1.04471	1.04384	1.04451	2527
2024-12-20 20:15:00	1.0445	1.04465	1.04431	1.04441	1583
2024-12-20 20:30:00	1.0444	1.0444	1.04377	1.04399	2719
2024-12-20 20:45:00	1044	1.04406	1.04285	1.04287	3437
2024-12-20 21:00:00	1.04287	1.04336	1.04266	1.04279	1790
2024-12-20 21:15:00	1.0428	1.04287	1.04252	1.04253	1449
2024-12-20 21:30:00	1.04254	1.04264	1.04219	1.04264	1947
2024-12-20 21:45:00	1.04264	1.04311	1.04245	1.04254	1079
2024-12-22 22:00:00	1.04308	1.04308	1.04279	1.04289	132
2024-12-22 22:15:00	1.04288	1.04368	1.04284	1.04367	330
2024-12-22 22:30:00	1.04366	1.04451	1.04322	1.04324	784
2024-12-22 22:45:00	1.04324	1.04382	1.04299	1.04318	331
2024-12-22 23:00:00	1.04325	1.04432	1.04322	1.04379	1501
2024-12-22 23:15:00	1.04378	1.04378	1.0431	1.04316	2087
2024-12-22 23:30:00	1.04316	1.04328	1.04302	1.04318	1291
2024-12-22 23:45:00	1.04318	1.04341	1.04314	1.04336	1088
2024-12-23 00:00:00	1.04335	1.04365	1.04334	1.04339	1443
2024-12-23 00:15:00	1.0434	1.04358	1.04336	1.04354	904
2024-12-23 00:30:00	1.04354	1.04354	1.04323	1.04332	1556
2024-12-23 00:45:00	1.04333	1.04343	1.04306	1.04318	1597
2024-12-23 01:00:00	1.04319	1.04325	1.0428	1.04294	1285
2024-12-23 01:15:00	1.04294	1.04313	1.04268	1.04309	702
2024-12-23 01:30:00	1.04309	1.04333	1.04309	1.04323	701
2024-12-23 01:45:00	1.04322	1.04381	1.04322	1.04358	783
2024-12-23 02:00:00	1.04359	1.04405	1.04358	1.04388	595
2024-12-23 02:15:00	1.04388	1.04409	1.04377	1.04397	701
2024-12-23 02:30:00	1.04399	1.04431	1.04388	1.04404	1097
2024-12-23 02:45:00	1.04404	1.04429	1.04391	1.04406	634
2024-12-23 03:00:00	1.04406	1.04411	1.04384	1.04407	603
2024-12-23 03:15:00	1.04407	1.0441	1.04385	1.04401	390
2024-12-23 03:30:00	1.04402	1.04421	1.04394	1.04405	314
2024-12-23 03:45:00	1.04405	1.04425	1.04383	1.04392	664
2024-12-23 04:00:00	1.04391	1.04415	1.04387	1.04415	642
2024-12-23 04:15:00	1.04416	1.04423	1.04406	1.04415	825
2024-12-23 04:30:00	1.04414	1.04431	1.04403	1.04416	741
2024-12-23 04:45:00	1.04416	1.04452	1.04411	1.04429	566
2024-12-23 05:00:00	1.04429	1.04443	1.04402	1.04408	610
2024-12-23 05:15:00	1.04409	1.04425	1044	1.04412	595
2024-12-23 05:30:00	1.04412	1.04421	1.04396	1.04408	592
2024-12-23 05:45:00	1.04408	1.0443	1.04394	1.04401	1447
2024-12-23 06:00:00	1.04401	1.04421	1.04369	1.04397	1708
2024-12-23 06:15:00	1.04397	1.04416	1.04356	1.04364	1757
2024-12-23 06:30:00	1.04363	1.04382	1.04341	1.04382	1688
2024-12-23 06:45:00	1.04381	1.04386	1.04332	1.04339	2118
2024-12-23 07:00:00	1.0434	1.04367	1.04321	1.04356	2475
2024-12-23 07:15:00	1.04355	1.04357	1.04304	1.04322	3289
2024-12-23 07:30:00	1.04321	1.04321	1.04227	1.04227	3269
2024-12-23 07:45:00	1.04228	1.04233	1.04112	1.04127	5110
2024-12-23 08:00:00	1.04126	1.04179	1.04125	1.04156	3350
2024-12-23 08:15:00	1.04159	1.04176	1.04072	1.04107	3576
2024-12-23 08:30:00	1.04107	1.04138	1.04083	1.04118	4619
2024-12-23 08:45:00	1.04118	1.04187	1.04117	1.0418	3379
2024-12-23 09:00:00	1.04179	1.0419	1.04117	1.04178	3751
2024-12-23 09:15:00	1.04178	1.04195	1.04154	1.04182	1740
2024-12-23 09:30:00	1.04182	1.04193	1.04112	1.04115	3087
2024-12-23 09:45:00	1.04115	1.04132	1.04072	1.04077	3235
2024-12-23 10:00:00	1.04077	1.04089	1.04038	1.04088	3426
2024-12-23 10:15:00	1.04088	1.04096	1.04026	1.04043	3029
2024-12-23 10:30:00	1.04043	1.04044	1.03943	1.03961	3651
2024-12-23 10:45:00	1.03961	1.03961	1.03867	1.03898	4808
2024-12-23 11:00:00	1.03897	1.03981	1.03897	1.03966	1912
2024-12-23 11:15:00	1.03966	1.04001	1.03949	1.03984	2180
2024-12-23 11:30:00	1.03984	1.03986	1.03874	1.03919	2965
2024-12-23 11:45:00	1.03918	1.04011	1.0391	1.03999	1472
2024-12-23 12:00:00	1.03999	1.04013	1.03922	1.03923	3446
2024-12-23 12:15:00	1.03922	1.03927	1.03856	1.03897	4222
2024-12-23 12:30:00	1.03896	1.03939	1.03888	1.03923	3839
2024-12-23 12:45:00	1.03923	1.03985	1.03892	1.03954	3607
2024-12-23 13:00:00	1.03954	1.03985	1.03909	1.03912	6387
2024-12-23 13:15:00	1.03911	1.03989	1.03882	1.03971	3881
2024-12-23 13:30:00	1.03969	1.03998	1.03909	1.03941	5882
2024-12-23 13:45:00	1.03943	1.04028	1.03938	1.03994	4718
2024-12-23 14:00:00	1.03996	1.04084	1.0398	1.04042	5517
2024-12-23 14:15:00	1.04043	1.04081	1.04007	1.04022	4874
2024-12-23 14:30:00	1.04023	1.04023	1.03963	1.03973	4265
2024-12-23 14:45:00	1.03973	1.04009	1.03915	1.03932	5269
2024-12-23 15:00:00	1.03935	1.03943	1.03842	1.03923	6809
2024-12-23 15:15:00	1.03924	1.03959	1.03899	1.03906	5466
2024-12-23 15:30:00	1.03906	1.03966	1.03902	1.03959	5189
2024-12-23 15:45:00	1.03958	1.03958	1.03892	1.03908	5287
2024-12-23 16:00:00	1.03908	1.0399	1.03893	1.03982	4277
2024-12-23 16:15:00	1.03981	1.03998	1.03932	1.03969	5309
2024-12-23 16:30:00	1.03969	1.04092	1.03968	1.04075	2349
2024-12-23 16:45:00	1.04074	1.04101	1.04046	1.04077	1826
2024-12-23 17:00:00	1.04078	1.04179	1.04068	1.04162	1236
2024-12-23 17:15:00	1.04161	1.04167	1.04076	1.04076	1452
2024-12-23 17:30:00	1.04076	1.04076	1.0402	1.04021	1993
2024-12-23 17:45:00	1.04015	1.04017	1.03964	1.03976	4276
2024-12-23 18:00:00	1.03977	1.04093	1.03976	1.0408	2543
2024-12-23 18:15:00	1.04078	1.04106	1.0405	1.04097	1618
2024-12-23 18:30:00	1.04096	1.04123	1.04055	1.04062	685
2024-12-23 18:45:00	1.04061	1.04093	1.0405	1.04088	514
2024-12-23 19:00:00	1.04086	1.04093	1.0401	1.04011	1059
2024-12-23 19:15:00	1.0401	1.04023	1.03992	1.04006	957
2024-12-23 19:30:00	1.04006	1.04107	1.04006	1.04096	684
2024-12-23 19:45:00	1.04097	1.04124	1.04072	1.04114	1233
2024-12-23 20:00:00	1.04113	1.04141	1.0404	1.04052	1405
2024-12-23 20:15:00	1.0405	1.04063	1.04032	1.04061	903
2024-12-23 20:30:00	1.04059	1.04071	1.04037	1.04054	632
2024-12-23 20:45:00	1.04055	1.04085	1.04054	1.04058	707
2024-12-23 21:00:00	1.04059	1.04069	1.0404	1.04061	457
2024-12-23 21:15:00	1.04061	1.04066	1.0405	1.04054	225
2024-12-23 21:30:00	1.04054	1.04079	1.04054	1.04058	434
2024-12-23 21:45:00	1.0406	1.04067	1.04043	1.04044	877
2024-12-23 22:00:00	1.04043	1.04062	1.0403	1.04048	186
2024-12-23 22:15:00	1.04048	1.0406	1.0404	1.0406	368
2024-12-23 22:30:00	1.04059	1.04064	1.04052	1.04058	195
2024-12-23 22:45:00	1.04059	1.04059	1.04032	1.04034	149
2024-12-23 23:00:00	1.04035	1.04081	1.04035	1.04062	469
2024-12-23 23:15:00	1.04062	1.04081	1.04056	1.0407	269
2024-12-23 23:30:00	1.04071	1.04079	1.04051	1.04055	332
2024-12-23 23:45:00	1.04055	1.04059	1.04034	1.0404	318
2024-12-24 00:00:00	1.04041	1.04045	1.0401	1.04018	559
2024-12-24 00:15:00	1.04017	1.0402	1.03985	1.03997	343
2024-12-24 00:30:00	1.03996	1.04	1.03979	1.03993	288
2024-12-24 00:45:00	1.03992	1.04005	1.03981	1.04003	670
2024-12-24 01:00:00	1.04003	1.04047	1.03997	1.04002	498
2024-12-24 01:15:00	1.04003	1.04029	1.04002	1.04008	423
2024-12-24 01:30:00	1.04009	1.04025	1.04005	1.04006	460
2024-12-24 01:45:00	1.04007	1.04032	1.04003	1.04027	447
2024-12-24 02:00:00	1.04027	1.04086	1.04026	1.04076	540
2024-12-24 02:15:00	1.04076	1.04076	1.04022	1.04029	532
2024-12-24 02:30:00	1.04029	1.04029	1.03965	1.03978	711
2024-12-24 02:45:00	1.03978	1.04007	1.03977	1.03997	398
2024-12-24 03:00:00	1.03998	1.04003	1.03951	1.03967	397
2024-12-24 03:15:00	1.0397	1.0397	1.03949	1.03953	514
2024-12-24 03:30:00	1.03952	1.03972	1.03949	1.03952	426
2024-12-24 03:45:00	1.03952	1.03955	1.03887	1.03908	745
2024-12-24 04:00:00	1.03909	1.03931	1.03908	1.03927	394
2024-12-24 04:15:00	1.03928	1.03954	1.03913	1.03954	406
2024-12-24 04:30:00	1.03954	1.0397	1.03946	1.03963	388
2024-12-24 04:45:00	1.03963	1.03965	1.03945	1.03963	418
2024-12-24 05:00:00	1.03967	1.03976	1.03941	1.03942	342
2024-12-24 05:15:00	1.03943	1.03963	1.03936	1.03945	405
2024-12-24 05:30:00	1.03944	1.03956	1.03938	1.03949	950
2024-12-24 05:45:00	1.0395	1.03971	1.03944	1.03969	1377
2024-12-24 06:00:00	1.03969	1.03984	1.03956	1.03968	1035
2024-12-24 06:15:00	1.03967	1.03969	1.03924	1.03961	1550
2024-12-24 06:30:00	1.03961	1.0397	1.03931	1.03963	1021
2024-12-24 06:45:00	1.03962	1.03973	1.03942	1.0396	1042
2024-12-24 07:00:00	1.03959	1.03985	1.03947	1.0395	1883
2024-12-24 07:15:00	1.0395	1.03982	1.03933	1.03975	1572
2024-12-24 07:30:00	1.03977	1.03977	1.03926	1.03939	2278
2024-12-24 07:45:00	1.0394	1.03948	1.03903	1.03904	2270
2024-12-24 08:00:00	1.03906	1.03954	1.03901	1.03937	3106
2024-12-24 08:15:00	1.03938	1.03971	1.03933	1.03965	2477
2024-12-24 08:30:00	1.03966	1.04055	1.03966	1.04017	2033
2024-12-24 08:45:00	1.04018	1.04018	1.03919	1.03953	3665
2024-12-24 09:00:00	1.03952	1.03977	1.03937	1.03973	2526
2024-12-24 09:15:00	1.03975	1.03987	1.03952	1.03958	2075
2024-12-24 09:30:00	1.03958	1.03982	1.0394	1.03948	2270
2024-12-24 09:45:00	1.03948	1.03949	1.03902	1.0392	3136
2024-12-24 10:00:00	1.03919	1.0394	1.03891	1.03934	1994
2024-12-24 10:15:00	1.03934	1.03966	1.0392	1.03941	1347
2024-12-24 10:30:00	1.0394	1.0394	1.03904	1.03917	1447
2024-12-24 10:45:00	1.03917	1.03974	1.03908	1.03966	1606
2024-12-24 11:00:00	1.03965	1.04035	1.03953	1.04033	1896
2024-12-24 11:15:00	1.04034	1.04036	1.04001	1.04002	1648
2024-12-24 11:30:00	1.04001	1.04004	1.03945	1.03968	2438
2024-12-24 11:45:00	1.03969	1.0397	1.03915	1.03947	2594
2024-12-24 12:00:00	1.03949	1.03989	1.03934	1.03985	2166
2024-12-24 12:15:00	1.03984	1.04034	1.03984	1.03999	3207
2024-12-24 12:30:00	1.04001	1.04034	1.03995	1.03995	2261
2024-12-24 12:45:00	1.03995	1.04029	1.0389	1.03912	3865
2024-12-24 13:00:00	1.03912	1.03999	1.03894	1.03976	3388
2024-12-24 13:15:00	1.03976	1.04013	1.03972	1.04003	2706
2024-12-24 13:30:00	1.04003	1.04008	1.03927	1.03945	1569
2024-12-24 13:45:00	1.03946	1.04031	1.03946	1.04023	1379
2024-12-24 14:00:00	1.04023	1.04026	1.03954	1.03989	1188
2024-12-24 14:15:00	1.03988	1.04074	1.03987	1.0407	1481
2024-12-24 14:30:00	1.04071	1.04098	1.04031	1.04074	4289
2024-12-24 14:45:00	1.04074	1.04089	1.04027	1.04048	5116
2024-12-24 15:00:00	1.04048	1.04078	1.04027	1.04036	4230
2024-12-24 15:15:00	1.04036	1.04038	1.03933	1.03951	3887
2024-12-24 15:30:00	1.03951	1.03973	1.03917	1.03929	3588
2024-12-24 15:45:00	1.03929	1.03967	1.03906	1.03917	4044
2024-12-24 16:00:00	1.03916	1.03962	1.03876	1.03889	2589
2024-12-24 16:15:00	1.03888	1.03914	1.03885	1.0391	1765
2024-12-24 16:30:00	1.0391	1.03951	1.03897	1.03938	2253
2024-12-24 16:45:00	1.0394	1.03944	1.03874	1.03875	3234
2024-12-24 17:00:00	1.03875	1.03938	1.03862	1.03915	3152
2024-12-24 17:15:00	1.03915	1.03928	1.0388	1.03912	2529
2024-12-24 17:30:00	1.03911	1.03919	1.03845	1.03853	2560
2024-12-24 17:45:00	1.03856	1.03914	1.03835	1.03883	1884
2024-12-24 18:00:00	1.03882	1.0393	1.03882	1.03904	1362
2024-12-24 18:15:00	1.03903	1.03915	1.03872	1.03873	1253
2024-12-24 18:30:00	1.03873	1.03902	1.03867	1.03901	406
2024-12-24 18:45:00	1039	1.03924	1.03887	1.03916	222
2024-12-24 19:00:00	1.03916	1.03926	1.03911	1.03926	2256
2024-12-24 19:15:00	1.03926	1.03977	1.03915	1.03922	549
2024-12-24 19:30:00	1.03923	1.03941	1.03921	1.03936	198
2024-12-24 19:45:00	1.03936	1.03938	1039	1.0393	472
2024-12-24 20:00:00	1.03934	1.03942	1.03902	1.03908	553
2024-12-24 20:15:00	1.03907	1.03942	1.03886	1.03902	1425
2024-12-24 20:30:00	1.03903	1.03958	1.03892	1.03914	1383
2024-12-24 20:45:00	1.03905	1.04015	1039	1.03995	1965
2024-12-24 21:00:00	1.03993	1.04031	1.03938	1.0401	578
2024-12-24 21:15:00	1.0401	1.04026	1.03916	1.03922	992
2024-12-24 21:30:00	1.03969	1.03985	1.03916	1.0392	1128
2024-12-24 21:45:00	1.03929	1.04015	1039	1.03912	708
2024-12-24 22:00:00	1.0386	1.03892	1.0386	1.03892	6
2024-12-24 22:15:00	1.03892	1.03894	1.03892	1.03894	4
2024-12-24 22:30:00	1.03894	1.03894	1.03894	1.03894	3
2024-12-24 22:45:00	1.03894	1.03894	1.03872	1.03872	2
2024-12-24 23:00:00	1.03861	1.03958	1.03861	1.03958	9
2024-12-24 23:15:00	1.03958	1.03962	1.03958	1.03958	4
2024-12-24 23:30:00	1.03958	1.03958	1.03958	1.03958	3
2024-12-24 23:45:00	1.0395	1.03952	1.0395	1.03952	3
2024-12-25 00:00:00	1.03952	1.04008	1.03952	1.04005	15
2024-12-25 00:15:00	1.04002	1.0405	1.04	1.04015	22
2024-12-25 00:30:00	1.04006	1.04069	1.04005	1.0401	31
2024-12-25 00:45:00	1.04011	1.04106	1.04009	1.04043	126
2024-12-25 01:00:00	1.04043	1.04043	1.04008	1.04009	26
2024-12-25 01:15:00	1.04008	1.04017	1.04008	1.04011	22
2024-12-25 01:30:00	1.04011	1.04038	1.04011	1.04038	9
2024-12-25 01:45:00	1.04039	1.04039	1.04039	1.04039	2
2024-12-25 02:00:00	1.04045	1.04047	1.04027	1.04027	4
2024-12-25 02:30:00	1.04051	1.04051	1.04017	1.04025	19
2024-12-25 02:45:00	1.0403	1.04055	1.04027	1.04053	35
2024-12-25 03:00:00	1.04053	1.04071	1.04042	1.04044	30
2024-12-25 03:15:00	1.04062	1.04062	1.04044	1.04044	3
2024-12-25 03:30:00	1.04044	1.04044	1.04027	1.04028	10
2024-12-25 03:45:00	1.04028	1.04074	1.04028	1.0405	25
2024-12-25 04:00:00	1.04051	1.04059	1.04051	1.04055	11
2024-12-25 04:15:00	1.04057	1.04057	1.04053	1.04053	3
2024-12-25 04:30:00	1.04055	1.04058	1.04055	1.04058	3
2024-12-25 05:00:00	1.04037	1.04046	1.04037	1.04046	8
2024-12-25 05:15:00	1.04047	1.04053	1.04024	1.04024	22
2024-12-25 05:30:00	1.04024	1.04027	1.0402	1.0402	32
2024-12-25 05:45:00	1.04017	1.04032	1.04008	1.04009	16
2024-12-25 06:00:00	1.04009	1.04057	1.04	1.04002	27
2024-12-25 06:15:00	1.04002	1.04053	1.04002	1.04045	28
2024-12-25 06:30:00	1.04045	1.04045	1.04006	1.04023	59
2024-12-25 06:45:00	1.04025	1.04025	1.04024	1.04024	4
2024-12-25 07:00:00	1.04016	1.04083	1.0401	1.04015	57
2024-12-25 07:15:00	1.04	1.04076	1.03987	1.04015	36
2024-12-25 07:30:00	1.0398	1.04015	1.0397	1.04015	20
2024-12-25 07:45:00	1.04014	1.04056	1.03997	1.04004	263
2024-12-25 22:00:00	1.04012	1.04032	1.03996	1.04012	131
2024-12-25 22:15:00	1.04016	1.04055	1.04008	1.04044	352
2024-12-25 22:30:00	1.0404	1.0404	1.03975	1.03996	523
2024-12-25 22:45:00	1.03997	1.04009	1.0399	1.03999	693
2024-12-25 23:00:00	1.04001	1.04014	1.03951	1.04008	1064
2024-12-25 23:15:00	1.04008	1.04031	1.03991	1.04002	1195
2024-12-25 23:30:00	1.04001	1.04006	1.03988	1.03998	605
2024-12-25 23:45:00	1.03999	1.04003	1.03974	1.03991	358
2024-12-26 00:00:00	1.0399	1.04013	1.03965	1.03965	427
2024-12-26 00:15:00	1.03965	1.03971	1.03935	1.03941	414
2024-12-26 00:30:00	1.0394	1.03952	1.0393	1.03949	715
2024-12-26 00:45:00	1.03949	1.04001	1.03941	1.03965	833
2024-12-26 01:00:00	1.03964	1.03982	1.03941	1.0397	1397
2024-12-26 01:15:00	1.03974	1.03992	1.03955	1.0397	1269
2024-12-26 01:30:00	1.0397	1.04	1.03968	1.03978	1114
2024-12-26 01:45:00	1.0398	1.0399	1.03966	1.0397	1106
2024-12-26 02:00:00	1.0397	1.03995	1.03965	1.03989	566
2024-12-26 02:15:00	1.03988	1.03999	1.03976	1.03981	803
2024-12-26 02:30:00	1.0398	1.0399	1.03971	1.03976	578
2024-12-26 02:45:00	1.03979	1.03997	1.03968	1.03987	593
2024-12-26 03:00:00	1.03988	1.03998	1.03983	1.03997	548
2024-12-26 03:15:00	1.03998	1.04042	1.03993	1.04022	737
2024-12-26 03:30:00	1.04023	1.04031	1.04014	1.04024	700
2024-12-26 03:45:00	1.04024	1.04028	1.04007	1.04009	338
2024-12-26 04:00:00	1.04007	1.04007	1.03979	1.03986	146
2024-12-26 04:15:00	1.03985	1.03994	1.0398	1.03992	328
2024-12-26 04:30:00	1.03992	1.04013	1.03991	1.04001	618
2024-12-26 04:45:00	1.04001	1.04002	1.03977	1.03977	698
2024-12-26 05:00:00	1.03976	1.04	1.03976	1.03986	557
2024-12-26 05:15:00	1.03987	1.0401	1.03981	1.04002	584
2024-12-26 05:30:00	1.04002	1.04027	1.04002	1.04017	683
2024-12-26 05:45:00	1.04017	1.0402	1.03972	1.03977	671
2024-12-26 06:00:00	1.03975	1.03996	1.03967	1.03995	594
2024-12-26 06:15:00	1.03995	1.03999	1.03991	1.03996	1512
2024-12-26 06:30:00	1.03996	1.04003	1.03991	1.04	684
2024-12-26 06:45:00	1.03996	1.04002	1.03978	1.03982	810
2024-12-26 07:00:00	1.03981	1.03993	1.0396	1.03965	1419
2024-12-26 07:15:00	1.03967	1.0397	1.03905	1.03927	2173
2024-12-26 07:30:00	1.03928	1.03953	1.03916	1.03952	1470
2024-12-26 07:45:00	1.0395	1.04	1.03946	1.03976	2044
2024-12-26 08:00:00	1.03975	1.03986	1.03948	1.03966	2017
2024-12-26 08:15:00	1.03965	1.03968	1.03931	1.03948	1893
2024-12-26 08:30:00	1.03947	1.03954	1.03925	1.0394	977
2024-12-26 08:45:00	1.03943	1.03959	1.03939	1.03948	848
2024-12-26 09:00:00	1.03947	1.03978	1.03914	1.03962	806
2024-12-26 09:15:00	1.03961	1.03973	1.03941	1.03971	783
2024-12-26 09:30:00	1.03971	1.03983	1.03957	1.03977	703
2024-12-26 09:45:00	1.03978	1.04001	1.0397	1.03991	1009
2024-12-26 10:00:00	1.03992	1.04008	1.03981	1.04007	791
2024-12-26 10:15:00	1.04008	1.04018	1.04	1.04014	541
2024-12-26 10:30:00	1.04013	1.0403	1.04008	1.04015	1176
2024-12-26 10:45:00	1.04016	1.04021	1.03999	1.04017	834
2024-12-26 11:00:00	1.04016	1.04021	1.03992	1.04002	826
2024-12-26 11:15:00	1.04002	1.04018	1.03996	1.04004	1104
2024-12-26 11:30:00	1.04004	1.04015	1.04003	1.04012	866
2024-12-26 11:45:00	1.04013	1.04014	1.04006	1.04012	722
2024-12-26 12:00:00	1.04011	1.04013	1.03949	1.03949	1945
2024-12-26 12:15:00	1.03949	1.03955	1.03926	1.03945	2569
2024-12-26 12:30:00	1.03944	1.03948	1.03933	1.03943	2432
2024-12-26 12:45:00	1.03944	1.03999	1.0393	1.03995	2907
2024-12-26 13:00:00	1.03997	1.04051	1.03995	1.04047	3416
2024-12-26 13:15:00	1.04047	1.04057	1.03973	1.03973	2683
2024-12-26 13:30:00	1.03974	1.04024	1.03974	1.04013	3610
2024-12-26 13:45:00	1.04012	1.0404	1.04001	1.04026	1583
2024-12-26 14:00:00	1.04027	1.04037	1.03998	1.04008	1991
2024-12-26 14:15:00	1.04008	1.04012	1.0397	1.03984	1414
2024-12-26 14:30:00	1.03983	1.03983	1.03951	1.03957	1873
2024-12-26 14:45:00	1.03957	1.04044	1.03951	1.04022	5312
2024-12-26 15:00:00	1.04022	1.04087	1.03979	1.04086	3859
2024-12-26 15:15:00	1.04085	1.04116	1.04048	1.04099	3766
2024-12-26 15:30:00	1.04098	1.04151	1.04084	1.04144	3347
2024-12-26 15:45:00	1.04145	1.04149	1.04088	1.04089	4892
2024-12-26 16:00:00	1.04089	1.04146	1.04083	1.04137	3864
2024-12-26 16:15:00	1.04137	1.04185	1.04114	1.0418	2979
2024-12-26 16:30:00	1.04179	1.04185	1.04151	1.04177	1922
2024-12-26 16:45:00	1.04177	1.04228	1.04152	1.0422	3088
2024-12-26 17:00:00	1.04219	1.04225	1.04178	1.04188	2233
2024-12-26 17:15:00	1.04189	1.04189	1.04109	1.04121	2617
2024-12-26 17:30:00	1.04123	1.04144	1.04067	1.04089	2803
2024-12-26 17:45:00	1.04089	1.04127	1.04063	1.04119	4151
2024-12-26 18:00:00	1.04117	1.04247	1.04117	1.04225	2377
2024-12-26 18:15:00	1.04226	1.04277	1.04217	1.04268	1161
2024-12-26 18:30:00	1.04268	1.04301	1.04238	1.04243	1729
2024-12-26 18:45:00	1.04243	1.04264	1.04203	1.04209	1771
2024-12-26 19:00:00	1.04209	1.04209	1.04153	1.04162	1223
2024-12-26 19:15:00	1.04163	1.04173	1.04142	1.0417	1008
2024-12-26 19:30:00	1.0417	1.04224	1.04157	1.0422	1558
2024-12-26 19:45:00	1.04221	1.04233	1.04174	1.04175	1617
2024-12-26 20:00:00	1.04175	1.04213	1.04154	1.04201	2411
2024-12-26 20:15:00	1042	1.04204	1.04184	1.04192	1508
2024-12-26 20:30:00	1.04191	1.04205	1.0418	1.0419	2049
2024-12-26 20:45:00	1.0419	1.04213	1.04183	1.04199	2480
2024-12-26 21:00:00	1.04199	1.04202	1.04188	1.04198	898
2024-12-26 21:15:00	1.04198	1.04216	1.0419	1.04209	991
2024-12-26 21:30:00	1.04207	1.04224	1.04205	1.04223	1352
2024-12-26 21:45:00	1.04223	1.04231	1.04221	1.04222	934
2024-12-26 22:00:00	1.04174	1.04219	1.04146	1.04181	561
2024-12-26 22:15:00	1.04186	1.04234	1.0417	1.04206	913
2024-12-26 22:30:00	1.04206	1.04241	1.04205	1.04231	811
2024-12-26 22:45:00	1.04233	1.04237	1.04225	1.04234	157
2024-12-26 23:00:00	1.04235	1.04238	1.04214	1.04226	611
2024-12-26 23:15:00	1.04226	1.0424	1.0422	1.04226	634
2024-12-26 23:30:00	1.04227	1.04236	1.04211	1.04236	191
2024-12-26 23:45:00	1.04236	1.04237	1.04208	1.04216	384
2024-12-27 00:00:00	1.04216	1.04237	1.04207	1.04221	501
2024-12-27 00:15:00	1.0422	1.04226	1.04207	1.04211	774
2024-12-27 00:30:00	1.04211	1.04213	1.04177	1.04177	536
2024-12-27 00:45:00	1.04178	1.04225	1.04177	1.0418	1027
2024-12-27 01:00:00	1.0418	1.04181	1.04158	1.04169	1108
2024-12-27 01:15:00	1.0417	1.04174	1.0414	1.04165	1393
2024-12-27 01:30:00	1.04164	1.04181	1.04141	1.04152	881
2024-12-27 01:45:00	1.04152	1.04161	1.04121	1.04131	963
2024-12-27 02:00:00	1.0413	1.04139	1.04107	1.04115	996
2024-12-27 02:15:00	1.04117	1.04129	1.04097	1.04097	915
2024-12-27 02:30:00	1.04097	1.04099	1.04079	1.04094	940
2024-12-27 02:45:00	1.04094	1.04108	1.04091	1.04095	805
2024-12-27 03:00:00	1.04095	1.04095	1.04079	1.04087	809
2024-12-27 03:15:00	1.04087	1.04091	1.04065	1.04085	673
2024-12-27 03:30:00	1.04085	1.04107	1.04085	1.04102	416
2024-12-27 03:45:00	1.04104	1.04127	1.04097	1.04125	812
2024-12-27 04:00:00	1.04126	1.04132	1.04104	1.04106	643
2024-12-27 04:15:00	1.04108	1.04112	1.04101	1.04101	416
2024-12-27 04:30:00	1.04098	1.04105	1.04078	1.04105	452
2024-12-27 04:45:00	1.04105	1.04106	1.04085	1.0409	289
2024-12-27 05:00:00	1.0409	1.0409	1.04075	1.04079	634
2024-12-27 05:15:00	1.04082	1.04112	1.04072	1.0411	561
2024-12-27 05:30:00	1.04111	1.04112	1.04089	1.04099	1403
2024-12-27 05:45:00	1.04099	1.04111	1.04085	1.04092	1881
2024-12-27 06:00:00	1.04093	1041	1.04075	1.04087	2241
2024-12-27 06:15:00	1.04087	1.04118	1.04077	1.04107	1715
2024-12-27 06:30:00	1.04107	1.0412	1.04101	1.04104	1831
2024-12-27 06:45:00	1.04104	1.04123	1.04091	1.0412	1376
2024-12-27 07:00:00	1.04119	1.04119	1.04081	1.04098	2799
2024-12-27 07:15:00	1.04097	1.04118	1.04082	1.04094	2110
2024-12-27 07:30:00	1.04093	1.04114	1.04049	1.04069	2712
2024-12-27 07:45:00	1.0407	1.04248	1.04057	1.04218	5752
2024-12-27 08:00:00	1.04217	1.04257	1.04175	1.04247	4801
2024-12-27 08:15:00	1.04247	1.04247	1.04132	1.04137	4486
2024-12-27 08:30:00	1.04136	1.04173	1.04103	1.04162	4298
2024-12-27 08:45:00	1.04163	1.04171	1.04111	1.04123	2859
2024-12-27 09:00:00	1.04123	1.04135	1.0409	1.04117	2526
2024-12-27 09:15:00	1.04117	1.04158	1.04105	1.04145	2691
2024-12-27 09:30:00	1.04144	1.04162	1.04107	1.04119	3010
2024-12-27 09:45:00	1.04118	1.04179	1.04117	1.04167	3646
2024-12-27 10:00:00	1.04167	1.04198	1.04134	1.04157	2490
2024-12-27 10:15:00	1.04158	1.04185	1.04145	1.04176	2515
2024-12-27 10:30:00	1.04177	1.04191	1.04116	1.04153	2365
2024-12-27 10:45:00	1.04152	1.04213	1.04148	1.04187	2605
2024-12-27 11:00:00	1.04185	1.04225	1.04185	1.04219	2499
2024-12-27 11:15:00	1.04218	1.04318	1.04217	1.04288	3368
2024-12-27 11:30:00	1.04288	1.04307	1.04281	1.04304	2381
2024-12-27 11:45:00	1.04303	1.04407	1.04302	1.04386	2960
2024-12-27 12:00:00	1.04387	1.0444	1.04381	1.04385	2984
2024-12-27 12:15:00	1.04386	1.04405	1.04341	1.04346	2973
2024-12-27 12:30:00	1.04346	1.04346	1.04295	1.04338	2500
2024-12-27 12:45:00	1.04338	1.04346	1.04281	1.04325	3179
2024-12-27 13:00:00	1.04325	1.0438	1.0432	1.04337	4165
2024-12-27 13:15:00	1.04337	1.04337	1.04286	1.04307	4457
2024-12-27 13:30:00	1.04307	1.04337	1.04307	1.04321	3609
2024-12-27 13:45:00	1.04323	1.04384	1.04317	1.04384	4644
2024-12-27 14:00:00	1.04386	1.04396	1.04326	1.04337	6416
2024-12-27 14:15:00	1.04337	1.04348	1.04293	1.0432	5179
2024-12-27 14:30:00	1.04319	1.04359	1.04306	1.04323	5698
2024-12-27 14:45:00	1.04324	1.04377	1.04245	1.04264	6673
2024-12-27 15:00:00	1.04265	1.04272	1.04171	1.04174	5766
2024-12-27 15:15:00	1.04175	1.0424	1.04157	1.04229	3879
2024-12-27 15:30:00	1.04228	1.04303	1.04219	1.04298	5400
2024-12-27 15:45:00	1.04298	1.04357	1.04177	1.04219	8278
2024-12-27 16:00:00	1.04219	1.04271	1.04207	1.04257	6789
2024-12-27 16:15:00	1.04257	1.04302	1.04253	1.04299	3793
2024-12-27 16:30:00	1.04299	1.04306	1.04256	1043	3752
2024-12-27 16:45:00	1.04301	1.04324	1.0422	1.04221	5118
2024-12-27 17:00:00	1.0422	1.04226	1.04161	1.04175	5534
2024-12-27 17:15:00	1.04176	1042	1.04144	1.04192	3853
2024-12-27 17:30:00	1.04191	1.04193	1.04155	1.04185	3886
2024-12-27 17:45:00	1.04186	1.04214	1.0416	1.04212	3423
2024-12-27 18:00:00	1.0421	1.04276	1.04207	1.0427	2519
2024-12-27 18:15:00	1.0427	1.0427	1.04237	1.04244	2134
2024-12-27 18:30:00	1.04244	1.04288	1.04244	1.04278	928
2024-12-27 18:45:00	1.04279	1.04279	1.04243	1.04262	841
2024-12-27 19:00:00	1.04261	1.04283	1.04237	1.04255	1372
2024-12-27 19:15:00	1.04254	1.04269	1.0424	1.04259	1100
2024-12-27 19:30:00	1.04258	1.0428	1.04242	1.04276	801
2024-12-27 19:45:00	1.04275	1.04303	1.04258	1.04282	1035
2024-12-27 20:00:00	1.04283	1.04283	1.04229	1.04237	1705
2024-12-27 20:15:00	1.04237	1.04248	1.04228	1.04232	1075
2024-12-27 20:30:00	1.04232	1.04272	1.04227	1.04249	3503
2024-12-27 20:45:00	1.0425	1.04271	1.04241	1.04257	2234
2024-12-27 21:00:00	1.04255	1.04259	1.04235	1.04253	504
2024-12-27 21:15:00	1.04253	1.04263	1.04233	1.04233	282
2024-12-27 21:30:00	1.04233	1.04239	1.04216	1.04221	988
2024-12-27 21:45:00	1.04221	1.04254	1.04219	1.04225	547
2024-12-29 22:00:00	1.04247	1.04309	1.04247	1.04299	397
2024-12-29 22:15:00	1.04298	1.04308	1.04298	1043	242
2024-12-29 22:30:00	1.04301	1.04302	1.04282	1.04282	120
2024-12-29 22:45:00	1.04282	1.04308	1.04266	1.04307	471
2024-12-29 23:00:00	1.04311	1.04346	1.0427	1.04324	833
2024-12-29 23:15:00	1.04326	1.04329	1.04305	1.04318	418
2024-12-29 23:30:00	1.04319	1.04319	1.0428	1.04295	321
2024-12-29 23:45:00	1.04295	1.04306	1.04283	1.04292	345
2024-12-30 00:00:00	1.04297	1.04304	1.04258	1.04259	845
2024-12-30 00:15:00	1.04259	1043	1.04257	1.04291	368
2024-12-30 00:30:00	1.04293	1.04305	1.04282	1.04299	297
2024-12-30 00:45:00	1.04298	1.04311	1.04257	1.04274	844
2024-12-30 01:00:00	1.04275	1.0429	1.04253	1.04258	553
2024-12-30 01:15:00	1.04259	1.04282	1.04258	1.04271	499
2024-12-30 01:30:00	1.04272	1.04308	1.04269	1.04302	567
2024-12-30 01:45:00	1.04301	1.04301	1.0425	1.04254	558
2024-12-30 02:00:00	1.04254	1.04268	1.0424	1.04263	393
2024-12-30 02:15:00	1.04261	1.04268	1.04253	1.04259	438
2024-12-30 02:30:00	1.04259	1.04275	1.04245	1.04271	498
2024-12-30 02:45:00	1.04272	1.04273	1.04248	1.04255	332
2024-12-30 03:00:00	1.04256	1.04256	1.04208	1.04212	524
2024-12-30 03:15:00	1.04211	1.04235	1.04211	1.04231	663
2024-12-30 03:30:00	1.04232	1.04251	1.04228	1.04251	439
2024-12-30 03:45:00	1.0425	1.04255	1.04234	1.04245	429
2024-12-30 04:00:00	1.04245	1.04254	1.04243	1.04251	405
2024-12-30 04:15:00	1.04252	1.04256	1.04248	1.04253	492
2024-12-30 04:30:00	1.04253	1.04255	1.04251	1.04254	197
2024-12-30 04:45:00	1.04253	1.0426	1.0425	1.04253	305
2024-12-30 05:00:00	1.04252	1.0426	1.04247	1.04256	415
2024-12-30 05:15:00	1.04257	1.04261	1.04247	1.04251	452
2024-12-30 05:30:00	1.0425	1.04266	1.04242	1.04245	1361
2024-12-30 05:45:00	1.04245	1.04267	1.04228	1.04251	1579
2024-12-30 06:00:00	1.04251	1.04306	1.04251	1.04287	1607
2024-12-30 06:15:00	1.04287	1043	1.04273	1.04293	1511
2024-12-30 06:30:00	1.04293	1.04314	1.04282	1.04284	1597
2024-12-30 06:45:00	1.04285	1.04293	1.04273	1.04288	1437
2024-12-30 07:00:00	1.04287	1.04294	1.04246	1.04257	2631
2024-12-30 07:15:00	1.04257	1.04286	1.04247	1.04251	3050
2024-12-30 07:30:00	1.04251	1.04259	1.04209	1.04257	2677
2024-12-30 07:45:00	1.04256	1.04288	1.04227	1.04267	3337
2024-12-30 08:00:00	1.04266	1.04297	1.0423	1.04236	5203
2024-12-30 08:15:00	1.04237	1.04245	1.04183	1.04195	4135
2024-12-30 08:30:00	1.04194	1.04227	1.04169	1.04215	2414
2024-12-30 08:45:00	1.04215	1.04222	1.04093	1.04128	3433
2024-12-30 09:00:00	1.04127	1.04186	1.04109	1.04146	2569
2024-12-30 09:15:00	1.04145	1.04184	1.04131	1.04181	3643
2024-12-30 09:30:00	1.04182	1.04239	1.04169	1.04216	2843
2024-12-30 09:45:00	1.04215	1.04393	1.04215	1.04338	4532
2024-12-30 10:00:00	1.04337	1.04439	1.04327	1.04416	4914
2024-12-30 10:15:00	1.04416	1.04429	1.04356	1.04359	5778
2024-12-30 10:30:00	1.04359	1.04396	1.04352	1.04389	3310
2024-12-30 10:45:00	1.0439	1.0444	1.04381	1.04383	2859
2024-12-30 11:00:00	1.04383	1.04435	1.04368	1.04432	3085
2024-12-30 11:15:00	1.04431	1.04498	1.04413	1.04469	2990
2024-12-30 11:30:00	1.04467	1.04508	1.04459	1.04469	2817
2024-12-30 11:45:00	1.04468	1.04521	1.04449	1.04479	3046
2024-12-30 12:00:00	1.0448	1.04583	1.04471	1.04573	2967
2024-12-30 12:15:00	1.04573	1.04574	1.0439	1.04448	4919
2024-12-30 12:30:00	1.0445	1.04492	1.04409	1.04479	3158
2024-12-30 12:45:00	1.04482	1.04516	1.04466	1.04493	2825
2024-12-30 13:00:00	1.04495	1.04518	1.04391	1.04398	3458
2024-12-30 13:15:00	1.04398	1.04427	1.0436	1.04375	3981
2024-12-30 13:30:00	1.04375	1.04377	1.04309	1.04313	5345
2024-12-30 13:45:00	1.04314	1.04321	1.03851	1.03878	11077
2024-12-30 14:00:00	1.0388	1.04041	1.03799	1.04019	8242
2024-12-30 14:15:00	1.04018	1.04078	1.04	1.04007	3520
2024-12-30 14:30:00	1.04005	1.04005	1.03857	1.03903	5167
2024-12-30 14:45:00	1.03903	1.04088	1.03903	1.04052	5597
2024-12-30 15:00:00	1.04052	1.04056	1.03921	1.03934	7797
2024-12-30 15:15:00	1.03935	1.03963	1.03869	1.03912	4879
2024-12-30 15:30:00	1.03912	1.03956	1.03828	1.03834	5670
2024-12-30 15:45:00	1.03833	1.03856	1.03717	1.03804	7614
2024-12-30 16:00:00	1.03803	1.03842	1.03784	1.03805	3637
2024-12-30 16:15:00	1.03805	1.03888	1.03747	1.0379	4137
2024-12-30 16:30:00	1.03789	1.03914	1.03789	1.03885	3135
2024-12-30 16:45:00	1.03884	1039	1.03789	1.03857	4182
2024-12-30 17:00:00	1.03858	1.03906	1.03845	1.03897	5106
2024-12-30 17:15:00	1.03897	1.03935	1.03877	1.03913	1954
2024-12-30 17:30:00	1.03914	1.03923	1.03862	1.03886	1787
2024-12-30 17:45:00	1.03887	1.03953	1.03876	1.03941	1643
2024-12-30 18:00:00	1.03942	1.03994	1.03937	1.03978	1150
2024-12-30 18:15:00	1.03979	1.03997	1.03957	1.03971	1170
2024-12-30 18:30:00	1.03971	1.04036	1.03963	1.0403	1303
2024-12-30 18:45:00	1.0403	1.0407	1.04025	1.04044	1213
2024-12-30 19:00:00	1.04044	1.04053	1.0399	1.04003	1790
2024-12-30 19:15:00	1.04002	1.0403	1.03981	1.04021	1089
2024-12-30 19:30:00	1.04021	1.04041	1.04013	1.04016	797
2024-12-30 19:45:00	1.04017	1.04022	1.0396	1.03965	1016
2024-12-30 20:00:00	1.03966	1.04021	1.03951	1.04017	1079
2024-12-30 20:15:00	1.04019	1.04051	1.04016	1.04024	936
2024-12-30 20:30:00	1.04025	1.04031	1.04003	1.04023	1237
2024-12-30 20:45:00	1.04024	1.04042	1.03985	1.03987	1583
2024-12-30 21:00:00	1.03993	1.04019	1.03982	1.04005	517
2024-12-30 21:15:00	1.04005	1.04014	1.03995	1.03997	265
2024-12-30 21:30:00	1.03998	1.04039	1.03996	1.04039	396
2024-12-30 21:45:00	1.04038	1.04069	1.0403	1.04069	668
2024-12-30 22:00:00	1.04069	1.04071	1.03999	1.04017	241
2024-12-30 22:15:00	1.04018	1.04022	1.03991	1.04016	219
2024-12-30 22:30:00	1.04014	1.04034	1.04014	1.04022	231
2024-12-30 22:45:00	1.04021	1.04045	1.04017	1.04043	382
2024-12-30 23:00:00	1.04045	1.0405	1.03987	1.04009	459
2024-12-30 23:15:00	1.0401	1.04037	1.04009	1.04031	291
2024-12-30 23:30:00	1.04031	1.04055	1.04031	1.04049	338
2024-12-30 23:45:00	1.04048	1.04059	1.04039	1.04056	216
2024-12-31 00:00:00	1.04057	1.04058	1.04032	1.04034	372
2024-12-31 00:15:00	1.04033	1.04037	1.04019	1.04023	392
2024-12-31 00:30:00	1.04024	1.04024	1.03969	1.0399	682
2024-12-31 00:45:00	1.03988	1.04036	1.03986	1.04034	448
2024-12-31 01:00:00	1.04035	1.0407	1.04022	1.04068	470
2024-12-31 01:15:00	1.04068	1.04113	1.04067	1.04105	568
2024-12-31 01:30:00	1.04105	1.04128	1.04068	1.04114	1524
2024-12-31 01:45:00	1.04113	1.04131	1.04095	1.04119	2005
2024-12-31 02:00:00	1.04119	1.04148	1.04089	1.04101	1353
2024-12-31 02:15:00	1.04102	1.0411	1.04079	1.04092	1050
2024-12-31 02:30:00	1.04093	1.04118	1.0409	1.04096	588
2024-12-31 02:45:00	1.04096	1.04129	1.04084	1.04125	564
2024-12-31 03:00:00	1.04125	1.04134	1.04094	1041	609
2024-12-31 03:15:00	1.04103	1.04114	1041	1.04107	561
2024-12-31 03:30:00	1.04107	1.04109	1.0409	1.04093	725
2024-12-31 03:45:00	1.04096	1.04096	1.04072	1.04085	486
2024-12-31 04:00:00	1.04084	1.04091	1.04065	1.04074	446
2024-12-31 04:15:00	1.04075	1.04077	1.0405	1.0405	635
2024-12-31 04:30:00	1.04051	1.04075	1.04037	1.04065	612
2024-12-31 04:45:00	1.04066	1.04072	1.0404	1.04041	463
2024-12-31 05:00:00	1.04042	1.04068	1.04039	1.04064	401
2024-12-31 05:15:00	1.04067	1.0407	1.04061	1.04064	285
2024-12-31 05:30:00	1.04065	1.04075	1.04059	1.0406	573
2024-12-31 05:45:00	1.04062	1.04062	1.04025	1.04038	697
2024-12-31 06:00:00	1.04038	1.04051	1.04025	1.0403	709
2024-12-31 06:15:00	1.04029	1.04033	1.04014	1.04014	738
2024-12-31 06:30:00	1.04013	1.04018	1.03996	1.04013	775
2024-12-31 06:45:00	1.04013	1.04059	1.04004	1.04038	921
2024-12-31 07:00:00	1.04039	1.04051	1.04023	1.04035	1495
2024-12-31 07:15:00	1.04035	1.04087	1.04031	1.04076	1204
2024-12-31 07:30:00	1.04077	1.04107	1.04065	1.04105	1152
2024-12-31 07:45:00	1.04107	1.04129	1.04095	1.04118	1147
2024-12-31 08:00:00	1.0412	1.04147	1.04102	1.04108	1641
2024-12-31 08:15:00	1.04109	1.04119	1.04058	1.04071	1755
2024-12-31 08:30:00	1.04072	1.04137	1.04071	1.04101	1742
2024-12-31 08:45:00	1.04101	1042	1.04073	1.04183	2155
2024-12-31 09:00:00	1.04182	1.04188	1.04117	1.04152	1766
2024-12-31 09:15:00	1.04151	1.04159	1.04126	1.04137	1576
2024-12-31 09:30:00	1.04137	1.04238	1.04133	1.04202	2573
2024-12-31 09:45:00	1.04201	1.04243	1.04183	1.04185	2531
2024-12-31 10:00:00	1.04184	1.04189	1.04051	1.04126	3652
2024-12-31 10:15:00	1.04126	1.04126	1.0407	1.04101	1603
2024-12-31 10:30:00	1.04102	1.04121	1.04078	1.04091	1682
2024-12-31 10:45:00	1.04092	1.04199	1.04087	1.04128	2585
2024-12-31 11:00:00	1.04129	1.04187	1.04127	1.0418	2046
2024-12-31 11:15:00	1.0418	1.04193	1.04135	1.04137	2027
2024-12-31 11:30:00	1.04137	1.04148	1.04086	1.04088	2136
2024-12-31 11:45:00	1.04088	1.04113	1.04053	1.04103	2227
2024-12-31 12:00:00	1.04103	1.04143	1.04063	1.04098	1644
2024-12-31 12:15:00	1.04097	1.04118	1.0403	1.0403	3346
2024-12-31 12:30:00	1.04029	1.04037	1.03993	1.04031	2999
2024-12-31 12:45:00	1.04031	1.04057	1.03912	1.03927	5100
2024-12-31 13:00:00	1.03927	1.03967	1.03859	1.03896	6394
2024-12-31 13:15:00	1.03896	1.03926	1.03834	1.03906	4664
2024-12-31 13:30:00	1.03905	1.03973	1.03901	1.03928	5224
2024-12-31 13:45:00	1.03927	1.03932	1.03879	1.03927	5516
2024-12-31 14:00:00	1.03929	1.03942	1.03778	1.03878	6333
2024-12-31 14:15:00	1.03877	1.03891	1.0379	1.03807	3862
2024-12-31 14:30:00	1.03807	1.03857	1.0375	1.0379	6058
2024-12-31 14:45:00	1.03791	1.03802	1.03747	1.03758	7209
2024-12-31 15:00:00	1.03758	1.03891	1037	1.03854	6446
2024-12-31 15:15:00	1.03853	1.03866	1.03735	1.03751	3295
2024-12-31 15:30:00	1.03751	1.03761	1.0364	1.03645	3681
2024-12-31 15:45:00	1.03645	1.03664	1.03525	1.03547	4767
2024-12-31 16:00:00	1.03548	1.03611	1.03467	1.03512	3617
2024-12-31 16:15:00	1.03511	1.03554	1.03488	1.03523	1902
2024-12-31 16:30:00	1.03522	1.03578	1.03476	1.03479	1726
2024-12-31 16:45:00	1.03478	1.03526	1.03474	1.03502	3118
2024-12-31 17:00:00	1.03503	1.03544	1.0348	1.03536	3506
2024-12-31 17:15:00	1.03535	1.03549	1.03473	1.03474	2593
2024-12-31 17:30:00	1.03474	1.03512	1.0344	1.03469	2389
2024-12-31 17:45:00	1.03469	1.03535	1.03442	1.03485	1727
2024-12-31 18:00:00	1.03485	1.03507	1.03454	1.03466	1848
2024-12-31 18:15:00	1.03464	1.03532	1.0346	1.03527	1355
2024-12-31 18:30:00	1.03526	1.03566	1.03511	1.03565	959
2024-12-31 18:45:00	1.03564	1.03564	1.03526	1.03529	1093
2024-12-31 19:00:00	1.03529	1.03623	1.03516	1.03619	1106
2024-12-31 19:15:00	1.03618	1.03646	1.03574	1.03589	1091
2024-12-31 19:30:00	1.03588	1.03588	1.03541	1.03558	1114
2024-12-31 19:45:00	1.0356	1.03569	1.03538	1.03547	1041
2024-12-31 20:00:00	1.03547	1.03601	1.03544	1.03573	849
2024-12-31 20:15:00	1.03572	1.0363	1.03572	1.03612	693
2024-12-31 20:30:00	1.03612	1.03613	1.03587	1.03601	460
2024-12-31 20:45:00	1036	1.03607	1.03569	1.03583	688
2024-12-31 21:00:00	1.03584	1.03609	1.03584	1.03594	305
2024-12-31 21:15:00	1.03594	1.03602	1.03576	1.03584	300
2024-12-31 21:30:00	1.03585	1.03594	1.03567	1.03579	274
2024-12-31 21:45:00	1.0358	1.03584	1.03526	1.03526	930
2025-01-01 22:00:00	1.03503	1.03519	1.03483	1.03485	91
2025-01-01 22:15:00	1.03485	1.03546	1.03485	1.03543	240
2025-01-01 22:30:00	1.03542	1.03573	1.03526	1.03566	572
2025-01-01 22:45:00	1.03561	1.03577	1.0355	1.0355	538
2025-01-01 23:00:00	1.0355	1.03563	1.03501	1.03536	1378
2025-01-01 23:15:00	1.03536	1.03543	1.03513	1.03513	1006
2025-01-01 23:30:00	1.03515	1.03517	1.03462	1.03491	1127
2025-01-01 23:45:00	1.03491	1.03531	1.03491	1.03507	933
2025-01-02 00:00:00	1.03508	1.03518	1.03491	1.03493	849
2025-01-02 00:15:00	1.03492	1.03513	1.03472	1.03506	1170
2025-01-02 00:30:00	1.03505	1.03516	1.03485	1.03508	753
2025-01-02 00:45:00	1.03509	1.03564	1.03503	1.0352	907
2025-01-02 01:00:00	1.03521	1.03521	1.03442	1.03489	1530
2025-01-02 01:15:00	1.03489	1.03538	1.03463	1.03508	1068
2025-01-02 01:30:00	1.03509	1.03606	1.03489	1.03581	1101
2025-01-02 01:45:00	1.03581	1.03598	1.03572	1.03578	1311
2025-01-02 02:00:00	1.03577	1.03613	1.03577	1.03602	822
2025-01-02 02:15:00	1.03602	1.03635	1.03594	1.0363	804
2025-01-02 02:30:00	1.0363	1.03671	1.03629	1.03668	491
2025-01-02 02:45:00	1.03667	1.03712	1.03662	1.03709	675
2025-01-02 03:00:00	1.03711	1.03732	1.03705	1.03713	735
2025-01-02 03:15:00	1.03717	1.03717	1.03682	1.03704	540
2025-01-02 03:30:00	1.03707	1.0374	1037	1.03718	991
2025-01-02 03:45:00	1.03718	1.03725	1.03694	1.03715	578
2025-01-02 04:00:00	1.03716	1.03756	1.03716	1.03743	716
2025-01-02 04:15:00	1.03742	1.03751	1.03709	1.03711	880
2025-01-02 04:30:00	1.03712	1.03716	1.03664	1.03669	1043
2025-01-02 04:45:00	1.03669	1.03705	1.03664	1.03692	623
2025-01-02 05:00:00	1.03693	1.03706	1.03655	1.03662	947
2025-01-02 05:15:00	1.03663	1.0367	1.03635	1.03646	928
2025-01-02 05:30:00	1.03647	1.03653	1.03618	1.03618	687
2025-01-02 05:45:00	1.03619	1.03648	1.03617	1.03638	708
2025-01-02 06:00:00	1.03637	1.03637	1.03607	1.03623	962
2025-01-02 06:15:00	1.03622	1.03633	1.03603	1.03616	823
2025-01-02 06:30:00	1.03616	1.03639	1.03599	1.03632	1237
2025-01-02 06:45:00	1.03633	1.0365	1.03622	1.03637	1066
2025-01-02 07:00:00	1.03637	1.03682	1.03629	1.03675	2587
2025-01-02 07:15:00	1.03675	1.03695	1.03659	1.03686	1593
2025-01-02 07:30:00	1.03688	1.03694	1.03659	1.03681	1892
2025-01-02 07:45:00	1.03682	1.03723	1.03623	1.03627	1815
2025-01-02 08:00:00	1.03628	1.03709	1.03578	1.03579	3676
2025-01-02 08:15:00	1.03579	1.03594	1.03483	1.03487	2455
2025-01-02 08:30:00	1.03487	1.03604	1.03461	1.03581	2414
2025-01-02 08:45:00	1.03587	1.03628	1.03552	1.03627	1994
2025-01-02 09:00:00	1.03626	1.03666	1.03569	1.03629	2269
2025-01-02 09:15:00	1.0363	1.03701	1.03614	1.0362	2351
2025-01-02 09:30:00	1.0362	1.03647	1.0355	1.03557	1981
2025-01-02 09:45:00	1.03556	1.03572	1.03493	1.03515	1703
2025-01-02 10:00:00	1.03514	1.03551	1.03514	1.03536	2083
2025-01-02 10:15:00	1.03536	1.03568	1.03499	1.03506	1465
2025-01-02 10:30:00	1.03506	1.03506	1.03398	1.03405	3259
2025-01-02 10:45:00	1.03406	1.03419	1.03135	1.03168	4945
2025-01-02 11:00:00	1.03166	1.03324	1.03157	1.03309	2444
2025-01-02 11:15:00	1.03309	1.0334	1.03218	1.03218	2631
2025-01-02 11:30:00	1.03218	1.0325	1.0315	1.03238	1986
2025-01-02 11:45:00	1.03238	1.03322	1.03213	1.03321	1355
2025-01-02 12:00:00	1.03321	1.03342	1.03271	1.03297	1698
2025-01-02 12:15:00	1.03297	1.03326	1.03266	1.03293	1267
2025-01-02 12:30:00	1.03292	1.03314	1.03231	1.03246	2043
2025-01-02 12:45:00	1.03245	1.03275	1.03148	1.03182	2455
2025-01-02 13:00:00	1.03181	1.03236	1.03136	1.03175	2365
2025-01-02 13:15:00	1.03176	1.03219	1.03127	1.03179	2534
2025-01-02 13:30:00	1.03177	1.03296	1.03112	1.03244	4927
2025-01-02 13:45:00	1.03243	1.03243	1.03116	1.03133	3912
2025-01-02 14:00:00	1.03134	1.03144	1.03062	1.03106	4629
2025-01-02 14:15:00	1.03107	1032	1.03078	1.03158	4805
2025-01-02 14:30:00	1.03159	1.03239	1.03101	1.03117	5689
2025-01-02 14:45:00	1.03116	1.03168	1.03021	1.03038	6269
2025-01-02 15:00:00	1.03037	1.03087	1.03009	1.03038	6612
2025-01-02 15:15:00	1.0304	1.03082	1.02809	1.02855	8530
2025-01-02 15:30:00	1.02855	1.02971	1.02817	1.02918	9620
2025-01-02 15:45:00	1.02917	1.02923	1.02725	1.02741	12249
2025-01-02 16:00:00	1.0274	1.02762	1.02237	1.02574	13766
2025-01-02 16:15:00	1.02574	1.02624	1.02499	1.02531	6677
2025-01-02 16:30:00	1.02531	1.02552	1.0241	1.02456	6769
2025-01-02 16:45:00	1.02456	1.02642	1.02429	1.02611	3424
2025-01-02 17:00:00	1.02611	1.02679	1.02557	1.02632	2978
2025-01-02 17:15:00	1.02632	1.02656	1.02565	1.02569	2361
2025-01-02 17:30:00	1.02568	1.02664	1.02513	1.02635	2039
2025-01-02 17:45:00	1.02637	1.02662	1.02587	1.02648	1918
2025-01-02 18:00:00	1.02651	1.02662	1.02612	1.02625	1686
2025-01-02 18:15:00	1.02625	1.02655	1.02601	1.02625	1324
2025-01-02 18:30:00	1.02625	1.02625	1.02561	1.0261	933
2025-01-02 18:45:00	1.0261	1.02618	1.02557	1.02563	1099
2025-01-02 19:00:00	1.02563	1.02592	1.02499	1.0251	1023
2025-01-02 19:15:00	1.0251	1.02578	1.02492	1.02569	970
2025-01-02 19:30:00	1.02568	1.02595	1.02524	1.02528	998
2025-01-02 19:45:00	1.0253	1.02536	1.02477	1.0251	1400
2025-01-02 20:00:00	1.02511	1.02566	1.02506	1.02547	1390
2025-01-02 20:15:00	1.02546	1.02631	1.02544	1.02621	761
2025-01-02 20:30:00	1.02621	1.02645	1.02597	1.02619	604
2025-01-02 20:45:00	1.02619	1.0264	1.02613	1.02613	490
2025-01-02 21:00:00	1.02613	1.02655	1.02612	1.02632	266
2025-01-02 21:15:00	1.0263	1.02656	1.02624	1.0265	238
2025-01-02 21:30:00	1.02648	1.02677	1.0263	1.02666	355
2025-01-02 21:45:00	1.02666	1.02687	1.0264	1.0264	797
2025-01-02 22:00:00	1.0264	1.0264	1.02612	1.02628	89
2025-01-02 22:15:00	1.02628	1.02663	1.02628	1.02655	137
2025-01-02 22:30:00	1.02655	1.02661	1.02649	1.02651	1570
2025-01-02 22:45:00	1.02653	1.02666	1.02643	1.02651	228
2025-01-02 23:00:00	1.0265	1.0267	1.02646	1.02665	439
2025-01-02 23:15:00	1.02665	1.02672	1.02648	1.02662	423
2025-01-02 23:30:00	1.02662	1.02664	1.02649	1.02657	294
2025-01-02 23:45:00	1.02657	1.0268	1.02652	1.02678	329
2025-01-03 00:00:00	1.02679	1.02692	1.02663	1.02664	559
2025-01-03 00:15:00	1.02663	1.02682	1.02659	1.02675	467
2025-01-03 00:30:00	1.02676	1.02691	1.02673	1.02691	435
2025-01-03 00:45:00	1.02692	1.02734	1.0269	1.02729	372
2025-01-03 01:00:00	1.02728	1.02728	1.02689	1.02693	583
2025-01-03 01:15:00	1.02695	1.02717	1.02671	1.02683	457
2025-01-03 01:30:00	1.02684	1.02701	1.02673	1.0268	587
2025-01-03 01:45:00	1.0268	1.02691	1.02665	1.02674	549
2025-01-03 02:00:00	1.02674	1.02717	1.02668	1.02696	712
2025-01-03 02:15:00	1.02695	1.02713	1.02676	1.02713	690
2025-01-03 02:30:00	1.02716	1.02723	1.02703	1.02717	380
2025-01-03 02:45:00	1.02717	1.02745	1.02712	1.02722	568
2025-01-03 03:00:00	1.02723	1.02727	1.02715	1.02719	313
2025-01-03 03:15:00	1.02718	1.02743	1.02705	1.02735	624
2025-01-03 03:30:00	1.02738	1.02739	1.02706	1.02716	326
2025-01-03 03:45:00	1.02716	1.02716	1.02687	1.02707	457
2025-01-03 04:00:00	1.02706	1.02709	1.02675	1.02693	311
2025-01-03 04:15:00	1.02694	1.02697	1.0267	1.02688	437
2025-01-03 04:30:00	1.02689	1.02697	1.02675	1.02676	312
2025-01-03 04:45:00	1.02678	1.02697	1.02673	1.02695	438
2025-01-03 05:00:00	1.02696	1.02697	1.02661	1.02662	552
2025-01-03 05:15:00	1.02662	1.02719	1.02646	1.02716	313
2025-01-03 05:30:00	1.02718	1.02736	1.02712	1.02721	415
2025-01-03 05:45:00	1.02718	1.02724	1.02697	1.02717	569
2025-01-03 06:00:00	1.02717	1.02746	1.02715	1.02742	444
2025-01-03 06:15:00	1.02743	1.02746	1.02734	1.02737	331
2025-01-03 06:30:00	1.02732	1.02744	1.02722	1.0274	418
2025-01-03 06:45:00	1.02741	1.02793	1.02736	1.0279	539
2025-01-03 07:00:00	1.0279	1.02826	1.0276	1.02802	1305
2025-01-03 07:15:00	1.02802	1.02816	1.02687	1.02782	3220
2025-01-03 07:30:00	1.02781	1.02847	1.02779	1.02828	1453
2025-01-03 07:45:00	1.02829	1.02839	1.02806	1.02807	1497
2025-01-03 08:00:00	1.02806	1.0288	1.02781	1.02844	2253
2025-01-03 08:15:00	1.02844	1.02879	1.02808	1.02809	1837
2025-01-03 08:30:00	1.02808	1.02809	1.02729	1.02775	2341
2025-01-03 08:45:00	1.02774	1.02859	1.02767	1.02803	2122
2025-01-03 09:00:00	1.02803	1.02946	1.02802	1.02933	3771
2025-01-03 09:15:00	1.02934	1.02991	1.02918	1.02962	4469
2025-01-03 09:30:00	1.02962	1.02999	1.02896	1.02896	3207
2025-01-03 09:45:00	1.02896	1.02913	1.02875	1.02901	2637
2025-01-03 10:00:00	1.02901	1.02938	1.02837	1.02853	2320
2025-01-03 10:15:00	1.02853	1.0286	1028	1.02837	2726
2025-01-03 10:30:00	1.02837	1.02859	1.0282	1.02837	2516
2025-01-03 10:45:00	1.02836	1.02848	1.02791	1.02813	2176
2025-01-03 11:00:00	1.02813	1.02893	1.02813	1.02892	2462
2025-01-03 11:15:00	1.02891	1.0299	1.02884	1.0298	869
2025-01-03 11:30:00	1.0298	1.02999	1.02919	1.02997	1283
2025-01-03 11:45:00	1.02997	1.03028	1.02972	1.02972	1293
2025-01-03 12:00:00	1.02971	1.03009	1.02946	1.02967	2363
2025-01-03 12:15:00	1.02966	1.0297	1.02942	1.02961	1714
2025-01-03 12:30:00	1.0296	1.03007	1.02957	1.02976	1422
2025-01-03 12:45:00	1.02977	1.03007	1.02952	1.02956	1586
2025-01-03 13:00:00	1.02958	1.03001	1.02953	1.02976	1462
2025-01-03 13:15:00	1.02979	1.02981	1.02916	1.02938	2162
2025-01-03 13:30:00	1.02939	1.03	1.02932	1.02994	1954
2025-01-03 13:45:00	1.02995	1.02998	1.02915	1.02931	3168
2025-01-03 14:00:00	1.02931	1.02931	1.0288	1.02898	2269
2025-01-03 14:15:00	1029	1.02947	1.02898	1.0291	2011
2025-01-03 14:30:00	1.02911	1.02983	1.02892	1.02967	2517
2025-01-03 14:45:00	1.02965	1.03023	1.02954	1.03002	2249
2025-01-03 15:00:00	1.03001	1.03057	1.02889	1.0289	6062
2025-01-03 15:15:00	1.02891	1.0291	1.02734	1.0275	4812
2025-01-03 15:30:00	1.02751	1.02848	1.02729	1.02833	2776
2025-01-03 15:45:00	1.02833	1.02891	1.02808	1.02891	2631
2025-01-03 16:00:00	1.02891	1.02943	1.0286	1.02893	2129
2025-01-03 16:15:00	1.02894	1.02959	1.02894	1.02956	1651
2025-01-03 16:30:00	1.02957	1.02997	1.02866	1.02897	1832
2025-01-03 16:45:00	1.02896	1.02908	1.02835	1.02907	1371
2025-01-03 17:00:00	1.02908	1.03033	1.02908	1.03025	1714
2025-01-03 17:15:00	1.03025	1.03045	1.02989	1.03022	1385
2025-01-03 17:30:00	1.03023	1.03057	1.02984	1.02998	1243
2025-01-03 17:45:00	1.02997	1.03028	1.02972	1.02979	2665
2025-01-03 18:00:00	1.02979	1.02986	1.02924	1.02981	3031
2025-01-03 18:15:00	1.02981	1.03013	1.02962	1.03012	1748
2025-01-03 18:30:00	1.0301	1.03021	1.02975	1.0298	1697
2025-01-03 18:45:00	1.02982	1.02992	1.02937	1.02973	579
2025-01-03 19:00:00	1.02971	1.02984	1.02937	1.02979	664
2025-01-03 19:15:00	1.02979	1.03045	1.02975	1.03037	757
2025-01-03 19:30:00	1.03037	1.03059	1.03027	1.03055	495
2025-01-03 19:45:00	1.03054	1.03055	1.02985	1.03012	802
2025-01-03 20:00:00	1.03011	1.03065	1.02987	1.03065	947
2025-01-03 20:15:00	1.03065	1.03075	1.03023	1.03029	666
2025-01-03 20:30:00	1.03028	1.03037	1.03009	1.03017	596
2025-01-03 20:45:00	1.03018	1.03071	1.03013	1.03059	668
2025-01-03 21:00:00	1.03058	1.03099	1.03047	1.03071	625
2025-01-03 21:15:00	1.0307	1.03079	1.03065	1.03076	509
2025-01-03 21:30:00	1.03076	1.03078	1.03058	1.0307	169
2025-01-03 21:45:00	1.0307	1.03091	1.03066	1.03066	870
2025-01-05 22:00:00	1.03015	1.03033	1.03015	1.03033	81
2025-01-05 22:15:00	1.03033	1.03051	1.03033	1.03047	93
2025-01-05 22:30:00	1.03047	1.0306	1.03041	1.03058	169
2025-01-05 22:45:00	1.03058	1.03062	1.02932	1.03009	599
2025-01-05 23:00:00	1.03009	1.03062	1.03009	1.03052	503
2025-01-05 23:15:00	1.03054	1.03065	1.03047	1.03054	165
2025-01-05 23:30:00	1.03053	1.03072	1.03035	1.03071	313
2025-01-05 23:45:00	1.0307	1.0308	1.0304	1.03051	333
2025-01-06 00:00:00	1.03051	1.03053	1.02957	1.02965	1146
2025-01-06 00:15:00	1.02965	1.03001	1.02962	1.02972	658
2025-01-06 00:30:00	1.02973	1.02977	1.02955	1.02969	634
2025-01-06 00:45:00	1.02969	1.03046	1.02968	1.03031	652
2025-01-06 01:00:00	1.03031	1.03068	1.03012	1.03063	721
2025-01-06 01:15:00	1.03066	1.03112	1.03054	1.0307	1007
2025-01-06 01:30:00	1.03069	1.03093	1.03052	1.03087	702
2025-01-06 01:45:00	1.03089	1.03136	1.03079	1.03123	784
2025-01-06 02:00:00	1.03123	1.03176	1.03107	1.03168	832
2025-01-06 02:15:00	1.03168	1.03173	1.0312	1.03133	855
2025-01-06 02:30:00	1.03133	1.03159	1.03117	1.03146	548
2025-01-06 02:45:00	1.03146	1.03177	1.03145	1.0316	672
2025-01-06 03:00:00	1.0316	1.03181	1.03145	1.03162	622
2025-01-06 03:15:00	1.03163	1.03174	1.03147	1.03154	449
2025-01-06 03:30:00	1.03153	1.03163	1.0313	1.03147	460
2025-01-06 03:45:00	1.03147	1.03182	1.03142	1.03163	424
2025-01-06 04:00:00	1.03162	1.03175	1.03139	1.03139	555
2025-01-06 04:15:00	1.0314	1.03156	1.03128	1.03154	391
2025-01-06 04:30:00	1.03154	1.0317	1.03153	1.03162	215
2025-01-06 04:45:00	1.03163	1.0317	1.03148	1.03151	390
2025-01-06 05:00:00	1.03151	1.03156	1.03134	1.03142	527
2025-01-06 05:15:00	1.03141	1.03175	1.03123	1.03162	452
2025-01-06 05:30:00	1.03161	1.03181	1.03125	1.03125	795
2025-01-06 05:45:00	1.03124	1.03145	1.03084	1.03088	1206
2025-01-06 06:00:00	1.03087	1.03123	1.03078	1.03115	978
2025-01-06 06:15:00	1.03115	1.03117	1.03076	1.03089	696
2025-01-06 06:30:00	1.0309	1.03155	1.0309	1.03155	625
2025-01-06 06:45:00	1.03156	1.03165	1.03108	1.03125	1179
2025-01-06 07:00:00	1.03127	1.03159	1.03099	1.03141	947
2025-01-06 07:15:00	1.03141	1.03198	1.0312	1.03191	962
2025-01-06 07:30:00	1.03192	1.0327	1.03183	1.03226	1815
2025-01-06 07:45:00	1.03225	1.03284	1.03214	1.03272	1496
2025-01-06 08:00:00	1.03274	1.03372	1.03267	1.0337	2832
2025-01-06 08:15:00	1.03371	1.03421	1.03331	1.03402	2579
2025-01-06 08:30:00	1.03403	1.03435	1.0335	1.0335	2337
2025-01-06 08:45:00	1.03349	1.03525	1.03326	1035	2839
2025-01-06 09:00:00	1.03499	1.03688	1.03401	1.03569	5605
2025-01-06 09:15:00	1.0357	1.03669	1.03546	1.03582	2654
2025-01-06 09:30:00	1.03583	1.03592	1.03497	1.03519	2258
2025-01-06 09:45:00	1.03519	1.03561	1.03507	1.03554	2037
2025-01-06 10:00:00	1.03556	1.0358	1.03453	1.03454	2009
2025-01-06 10:15:00	1.03453	1.0349	1.03423	1.03451	1565
2025-01-06 10:30:00	1.0345	1.03487	1.0342	1.03421	1172
2025-01-06 10:45:00	1.03425	1.03438	1.0335	1.0335	1855
2025-01-06 11:00:00	1.03349	1.03888	1.03287	1.03785	5270
2025-01-06 11:15:00	1.03784	1.04167	1.03779	1.04134	9351
2025-01-06 11:30:00	1.04136	1.04325	1.04129	1.04174	7708
2025-01-06 11:45:00	1.04173	1.04221	1.04084	1.04217	5138
2025-01-06 12:00:00	1.04218	1.04305	1.04103	1.04107	3921
2025-01-06 12:15:00	1.04105	1.04179	1.03983	1.03991	4431
2025-01-06 12:30:00	1.03991	1.04071	1.0392	1.04046	3417
2025-01-06 12:45:00	1.04045	1.04132	1.03961	1.04108	3382
2025-01-06 13:00:00	1.04112	1.04258	1.04108	1.04234	3605
2025-01-06 13:15:00	1.04235	1.04367	1.04201	1.04355	3981
2025-01-06 13:30:00	1.04356	1.04358	1.04098	1.04101	5088
2025-01-06 13:45:00	1041	1.04183	1.04043	1.04167	4085
2025-01-06 14:00:00	1.04168	1.04237	1.04098	1.04102	4324
2025-01-06 14:15:00	1.04102	1.0411	1.03527	1.03813	20926
2025-01-06 14:30:00	1.03812	1.03856	1.03666	1.03687	8543
2025-01-06 14:45:00	1.03692	1.03988	1.03692	1.03925	5339
2025-01-06 15:00:00	1.03925	1.03987	1038	1.03855	8143
2025-01-06 15:15:00	1.03855	1.03861	1.03758	1.03808	6508
2025-01-06 15:30:00	1.03809	1.03846	1.03712	1.03753	7417
2025-01-06 15:45:00	1.03753	1.03985	1.03751	1.03935	9856
2025-01-06 16:00:00	1.03936	1.03974	1.03854	1.03899	6903
2025-01-06 16:15:00	1.03899	1.03961	1.03866	1.03948	4938
2025-01-06 16:30:00	1.03948	1.04027	1.03946	1.03982	4054
2025-01-06 16:45:00	1.03983	1.03989	1.0392	1.03967	4538
2025-01-06 17:00:00	1.03968	1.03968	1.03821	1.03826	7053
2025-01-06 17:15:00	1.0383	1.03866	1.03805	1.03833	3274
2025-01-06 17:30:00	1.03832	1.03855	1.03802	1.03822	2530
2025-01-06 17:45:00	1.0382	1.03878	1.03793	1.03873	2228
2025-01-06 18:00:00	1.03873	1.03892	1.0377	1.03828	1795
2025-01-06 18:15:00	1.03828	1.03878	1.03801	1.03856	1226
2025-01-06 18:30:00	1.03855	1.03881	1.03795	1.03842	1067
2025-01-06 18:45:00	1.03846	1.03873	1.03808	1.03818	1045
2025-01-06 19:00:00	1.03819	1.03863	1.03788	1.03844	1195
2025-01-06 19:15:00	1.03843	1.03901	1.03841	1.03881	1773
2025-01-06 19:30:00	1.0388	1.03917	1.03872	1.03885	1091
2025-01-06 19:45:00	1.03885	1.03898	1.03858	1.03882	838
2025-01-06 20:00:00	1.03883	1.03918	1.03868	1.03916	760
2025-01-06 20:15:00	1.03917	1.03919	1.03885	1.03892	756
2025-01-06 20:30:00	1.03892	1.03892	1.03861	1.03879	931
2025-01-06 20:45:00	1.0388	1.03882	1.03859	1.03877	1539
2025-01-06 21:00:00	1.03879	1.03886	1.0386	1.03878	497
2025-01-06 21:15:00	1.03878	1.03921	1.03874	1.0391	529
2025-01-06 21:30:00	1.03911	1.03916	1.03887	1.03896	489
2025-01-06 21:45:00	1.03895	1.03902	1.03885	1.03895	602
2025-01-06 22:00:00	1.03893	1.03906	1.0385	1.03885	97
2025-01-06 22:15:00	1.03885	1.03903	1.03885	1.03901	158
2025-01-06 22:30:00	1.03901	1.03909	1.03885	1.03903	248
2025-01-06 22:45:00	1.03904	1.03904	1.0388	1.0389	653
2025-01-06 23:00:00	1.0389	1.03901	1.03856	1.03856	1113
2025-01-06 23:15:00	1.03856	1.03856	1.03824	1.0383	332
2025-01-06 23:30:00	1.0383	1.03858	1.03824	1.03852	225
2025-01-06 23:45:00	1.03851	1.03852	1.03816	1.03831	208
2025-01-07 00:00:00	1.03831	1.03835	1.03805	1.03813	502
2025-01-07 00:15:00	1.03813	1.03822	1.03771	1.03772	513
2025-01-07 00:30:00	1.03774	1.03812	1.03772	1.03812	413
2025-01-07 00:45:00	1.03812	1.03853	1.03803	1.03842	853
2025-01-07 01:00:00	1.03841	1.03846	1.03775	1.03793	919
2025-01-07 01:15:00	1.03793	1.03827	1.03783	1.03798	647
2025-01-07 01:30:00	1.03798	1.03801	1.03761	1.0377	709
2025-01-07 01:45:00	1.0377	1.03832	1.03766	1.03811	1047
2025-01-07 02:00:00	1.03811	1.03853	1.03809	1.03829	694
2025-01-07 02:15:00	1.03828	1.03846	1.03821	1.03842	556
2025-01-07 02:30:00	1.03842	1.03842	1.03816	1.03826	742
2025-01-07 02:45:00	1.03826	1.03834	1.03799	1.03822	804
2025-01-07 03:00:00	1.03821	1.0383	1038	1.03828	618
2025-01-07 03:15:00	1.03828	1.03855	1.03828	1.03855	361
2025-01-07 03:30:00	1.03855	1.03929	1.03855	1.03924	849
2025-01-07 03:45:00	1.03924	1.03928	1039	1.03927	431
2025-01-07 04:00:00	1.03927	1.03933	1.03905	1.03907	425
2025-01-07 04:15:00	1.03907	1.03927	1.03905	1.03927	329
2025-01-07 04:30:00	1.03927	1.03943	1.03917	1.03928	349
2025-01-07 04:45:00	1.03928	1.03938	1.03913	1.03917	276
2025-01-07 05:00:00	1.03918	1.03935	1.03909	1.03932	250
2025-01-07 05:15:00	1.03933	1.03961	1.03932	1.03953	557
2025-01-07 05:30:00	1.03954	1.04031	1.03954	1.04024	930
2025-01-07 05:45:00	1.04024	1.04029	1.03959	1.03967	1164
2025-01-07 06:00:00	1.03967	1.04041	1.03964	1.04018	885
2025-01-07 06:15:00	1.04017	1.04033	1.03984	1.04004	597
2025-01-07 06:30:00	1.04005	1.04024	1.03978	1.03987	972
2025-01-07 06:45:00	1.03988	1.03988	1.03963	1.03974	620
2025-01-07 07:00:00	1.03975	1041	1.03975	1.0409	1426
2025-01-07 07:15:00	1.04092	1.04159	1.04068	1.04127	1361
2025-01-07 07:30:00	1.04127	1.04244	1.04104	1.04229	2510
2025-01-07 07:45:00	1.04231	1.04231	1.04093	1.04145	3180
2025-01-07 08:00:00	1.04147	1.04208	1.04102	1.04102	3349
2025-01-07 08:15:00	1.04102	1.0414	1.04031	1.04064	3239
2025-01-07 08:30:00	1.04063	1.04155	1.04053	1.04155	2977
2025-01-07 08:45:00	1.04156	1.04253	1.04136	1.0425	2373
2025-01-07 09:00:00	1.04252	1.04342	1.04244	1.04263	2785
2025-01-07 09:15:00	1.04264	1.04285	1.0424	1.04252	1829
2025-01-07 09:30:00	1.04251	1043	1.04246	1.04281	1712
2025-01-07 09:45:00	1.0428	1.04296	1.04241	1.04274	1552
2025-01-07 10:00:00	1.04274	1.04302	1.04166	1.04275	4645
2025-01-07 10:15:00	1.04275	1.04343	1.04226	1.04229	1885
2025-01-07 10:30:00	1.0423	1.04264	1.04208	1.04262	2811
2025-01-07 10:45:00	1.04262	1.04341	1.04242	1.04278	1607
2025-01-07 11:00:00	1.04278	1.04282	1.04189	1.04202	2084
2025-01-07 11:15:00	1.04202	1.04207	1.04092	1.04093	3727
2025-01-07 11:30:00	1.04092	1.04113	1.04051	1.04109	4007
2025-01-07 11:45:00	1.04111	1.04148	1.04087	1.04133	2242
2025-01-07 12:00:00	1.04134	1.04168	1.04088	1.04097	2406
2025-01-07 12:15:00	1.04097	1.04126	1.04038	1.04053	4309
2025-01-07 12:30:00	1.04053	1.0406	1.0392	1.03941	5915
2025-01-07 12:45:00	1.03941	1.03988	1.03871	1.03892	12594
2025-01-07 13:00:00	1.03891	1.03976	1.03884	1.03964	5081
2025-01-07 13:15:00	1.03965	1.04038	1.03935	1.04013	3479
2025-01-07 13:30:00	1.04014	1.04052	1.03952	1.03956	4848
2025-01-07 13:45:00	1.03957	1.03969	1.03866	1.03965	4568
2025-01-07 14:00:00	1.03965	1.03969	1.03899	1039	5905
2025-01-07 14:15:00	1039	1.03967	1.03892	1.03954	6180
2025-01-07 14:30:00	1.03953	1.03971	1.0391	1.03925	6905
2025-01-07 14:45:00	1.03926	1.03975	1.03911	1.03925	5483
2025-01-07 15:00:00	1.03929	1.03929	1.03587	1.03681	15097
2025-01-07 15:15:00	1.03679	1.03804	1.03649	1.03791	13366
2025-01-07 15:30:00	1.03792	1.03806	1.03633	1.03638	12256
2025-01-07 15:45:00	1.03637	1.03733	1.03551	1.03727	13490
2025-01-07 16:00:00	1.03727	1.03749	1.03644	1.03645	10370
2025-01-07 16:15:00	1.03646	1.03728	1.03636	1.03662	7558
2025-01-07 16:30:00	1.03661	1.03811	1.03625	1.0376	5388
2025-01-07 16:45:00	1.03761	1.03772	1.03631	1.03681	3458
2025-01-07 17:00:00	1.03681	1.03723	1.03615	1.0363	3535
2025-01-07 17:15:00	1.0363	1.03735	1.03537	1.0369	3427
2025-01-07 17:30:00	1.0369	1.03738	1.03642	1.03651	2339
2025-01-07 17:45:00	1.03651	1.03689	1.03615	1.03667	1729
2025-01-07 18:00:00	1.03666	1.03692	1.03565	1.03601	2808
2025-01-07 18:15:00	1.03602	1.03685	1.03596	1.0361	2839
2025-01-07 18:30:00	1.0361	1.0361	1.03517	1.03521	2207
2025-01-07 18:45:00	1.0352	1.03554	1.03493	1.03543	1989
2025-01-07 19:00:00	1.03543	1.03587	1.03527	1.03549	1918
2025-01-07 19:15:00	1.0355	1.03575	1.0352	1.03575	939
2025-01-07 19:30:00	1.03575	1.03588	1.03532	1.03587	2310
2025-01-07 19:45:00	1.03587	1.03596	1.03537	1.03551	2544
2025-01-07 20:00:00	1.0355	1.0356	1.03485	1.03502	2685
2025-01-07 20:15:00	1.03503	1.03506	1.03465	1.03475	2109
2025-01-07 20:30:00	1.03476	1.0348	1.03449	1.03457	3115
2025-01-07 20:45:00	1.03456	1.03478	1.0344	1.03443	2097
2025-01-07 21:00:00	1.03443	1.03443	1.03406	1.03427	575
2025-01-07 21:15:00	1.03426	1.03432	1.03407	1.03431	590
2025-01-07 21:30:00	1.03432	1.03434	1.03403	1.03405	685
2025-01-07 21:45:00	1.03405	1.03416	1.03394	1.03394	914
2025-01-07 22:00:00	1.03395	1.03416	1.03388	1.03408	377
2025-01-07 22:15:00	1.03412	1.03416	1.03394	1.03415	210
2025-01-07 22:30:00	1.03415	1.03425	1.03401	1.03418	277
2025-01-07 22:45:00	1.03417	1.03426	1.03415	1.03421	137
2025-01-07 23:00:00	1.03421	1.03436	1.03391	1.03395	758
2025-01-07 23:15:00	1.03395	1.03426	1.03394	1.03422	510
2025-01-07 23:30:00	1.03421	1.03445	1.0342	1.03445	709
2025-01-07 23:45:00	1.03445	1.03449	1.0341	1.03415	1250
2025-01-08 00:00:00	1.03416	1.03456	1.03416	1.03453	1975
2025-01-08 00:15:00	1.03454	1.03492	1.03448	1.0349	1342
2025-01-08 00:30:00	1.03489	1.03492	1.03443	1.03487	2144
2025-01-08 00:45:00	1.03486	1.03486	1.03439	1.03467	1907
2025-01-08 01:00:00	1.03468	1.03494	1.03452	1.03472	1853
2025-01-08 01:15:00	1.03474	1.03491	1.03462	1.03487	1467
2025-01-08 01:30:00	1.03486	1.03522	1.03472	1.03501	1982
2025-01-08 01:45:00	1035	1.03529	1.03483	1.03528	2034
2025-01-08 02:00:00	1.03529	1.03547	1.03522	1.03542	1589
2025-01-08 02:15:00	1.03541	1.03544	1.03524	1.03529	992
2025-01-08 02:30:00	1.0353	1.03535	1.03514	1.03535	1266
2025-01-08 02:45:00	1.03534	1.03545	1.03522	1.03541	960
2025-01-08 03:00:00	1.03541	1.03541	1.03523	1.03523	1088
2025-01-08 03:15:00	1.03521	1.03533	1035	1.03502	1163
2025-01-08 03:30:00	1.03502	1.03503	1.03462	1.03467	1269
2025-01-08 03:45:00	1.03467	1.03493	1.03467	1.03477	532
2025-01-08 04:00:00	1.03476	1.0352	1.03475	1.03518	732
2025-01-08 04:15:00	1.03517	1.03518	1.03494	1.03502	906
2025-01-08 04:30:00	1.03503	1.03512	1.03477	1.03477	860
2025-01-08 04:45:00	1.03477	1.03514	1.03474	1.03512	867
2025-01-08 05:00:00	1.03512	1.0352	1.03495	1.03502	912
2025-01-08 05:15:00	1.03502	1.03552	1.03501	1.03548	945
2025-01-08 05:30:00	1.03549	1.03557	1.03532	1.03532	766
2025-01-08 05:45:00	1.03531	1.03557	1.03529	1.03549	1092
2025-01-08 06:00:00	1.03549	1.03575	1.03548	1.03567	1779
2025-01-08 06:15:00	1.03567	1.03573	1.03531	1.03543	1620
2025-01-08 06:30:00	1.03541	1.03562	1.03527	1.03552	1820
2025-01-08 06:45:00	1.03553	1.03566	1.03461	1.03512	1937
2025-01-08 07:00:00	1.03512	1.03513	1.03411	1.03453	5334
2025-01-08 07:15:00	1.03454	1.03478	1.03431	1.03445	4246
2025-01-08 07:30:00	1.03445	1.03445	1.03342	1.03356	5006
2025-01-08 07:45:00	1.03356	1.03374	1.03285	1.03324	6237
2025-01-08 08:00:00	1.03324	1.0338	1.0322	1.03305	5757
2025-01-08 08:15:00	1.03306	1.03397	1.03251	1.03254	3982
2025-01-08 08:30:00	1.03254	1.03327	1.03236	1.03282	3926
2025-01-08 08:45:00	1.03281	1.03281	1.03179	1.03187	7442
2025-01-08 09:00:00	1.03187	1.03263	1.03183	1.03246	7547
2025-01-08 09:15:00	1.03245	1.03261	1.03154	1.03205	5832
2025-01-08 09:30:00	1.03206	1.03247	1.03183	1.03225	3018
2025-01-08 09:45:00	1.03226	1.03226	1.03169	1.03194	2405
2025-01-08 10:00:00	1.03193	1.03211	1031	1.03141	2190
2025-01-08 10:15:00	1.03143	1.03177	1.03125	1.03148	4169
2025-01-08 10:30:00	1.03147	1.0316	1.03111	1.03143	2937
2025-01-08 10:45:00	1.03142	1.03203	1.03125	1.03191	2362
2025-01-08 11:00:00	1.03189	1.03198	1.03111	1.03111	3838
2025-01-08 11:15:00	1.0311	1.03117	1.03002	1.03003	6644
2025-01-08 11:30:00	1.03004	1.03005	1.02731	1.0285	12035
2025-01-08 11:45:00	1.02848	1.02978	1.02846	1.02976	7478
2025-01-08 12:00:00	1.02975	1.02998	1.02894	1.02895	5205
2025-01-08 12:15:00	1.02894	1.02929	1.02844	1.02888	8856
2025-01-08 12:30:00	1.02888	1.03001	1.02832	1.02923	5973
2025-01-08 12:45:00	1.02924	1.02947	1.02808	1.02827	6622
2025-01-08 13:00:00	1.02825	1.02947	1.02808	1.02887	9021
2025-01-08 13:15:00	1.02887	1.03041	1.02887	1.02955	6404
2025-01-08 13:30:00	1.02955	1.03022	1.02905	1.02943	14421
2025-01-08 13:45:00	1.02942	1.03042	1.02909	1.03033	9250
2025-01-08 14:00:00	1.03033	1.03075	1.0297	1.02987	5932
2025-01-08 14:15:00	1.02987	1.0299	1.02931	1.02934	5118
2025-01-08 14:30:00	1.02934	1.02967	1.02903	1.02928	6065
2025-01-08 14:45:00	1.02928	1.03019	1.0289	1.02914	6271
2025-01-08 15:00:00	1.02913	1.03098	1.02913	1.03076	5916
2025-01-08 15:15:00	1.03077	1.03085	1.03001	1.03009	7279
2025-01-08 15:30:00	1.0301	1.03029	1.02952	1.0299	6698
2025-01-08 15:45:00	1.02989	1.03036	1.02953	1.03016	5409
2025-01-08 16:00:00	1.03017	1.03023	1.02944	1.02995	6293
2025-01-08 16:15:00	1.02995	1.03082	1.02966	1.03035	4262
2025-01-08 16:30:00	1.03034	1.03113	1.03019	1.03052	5484
2025-01-08 16:45:00	1.03053	1.03144	1.03019	1.03125	4911
2025-01-08 17:00:00	1.03127	1.03133	1.03026	1.03038	4452
2025-01-08 17:15:00	1.03039	1.03053	1.02984	1.03029	6847
2025-01-08 17:30:00	1.03028	1.03049	1.02982	1.03049	3314
2025-01-08 17:45:00	1.03049	1.03063	1.03016	1.03053	2435
2025-01-08 18:00:00	1.03053	1.0312	1.03053	1.03071	2255
2025-01-08 18:15:00	1.03071	1.03133	1.0307	1.0312	1409
2025-01-08 18:30:00	1.0312	1.03158	1.0311	1.03156	1198
2025-01-08 18:45:00	1.03156	1.03157	1.03106	1.03124	1422
2025-01-08 19:00:00	1.03126	1.03186	1.03122	1.03127	1812
2025-01-08 19:15:00	1.03129	1.03242	1.03129	1.03237	1358
2025-01-08 19:30:00	1.03236	1.03236	1.03116	1.03116	1923
2025-01-08 19:45:00	1.03116	1.03125	1.03081	1.0309	1424
2025-01-08 20:00:00	1.03091	1.03121	1.03079	1.03088	940
2025-01-08 20:15:00	1.03088	1.03131	1.03088	1.03116	1368
2025-01-08 20:30:00	1.03116	1.03152	1.03107	1.03152	678
2025-01-08 20:45:00	1.03152	1.03167	1.0313	1.0316	792
2025-01-08 21:00:00	1.03161	1.03191	1.0316	1.03172	399
2025-01-08 21:15:00	1.03174	1.03181	1.03155	1.03157	209
2025-01-08 21:30:00	1.03156	1.03163	1.03146	1.03153	360
2025-01-08 21:45:00	1.03154	1.03196	1.03154	1.03178	424
2025-01-08 22:00:00	1.03178	1.03178	1.03156	1.03157	296
2025-01-08 22:15:00	1.03158	1.03177	1.03158	1.03176	142
2025-01-08 22:30:00	1.0318	1.03181	1.03172	1.03178	60
2025-01-08 22:45:00	1.03178	1.03179	1.03174	1.03178	89
2025-01-08 23:00:00	1.03178	1.03186	1.03152	1.03156	270
2025-01-08 23:15:00	1.03156	1.03157	1.03138	1.03151	277
2025-01-08 23:30:00	1.03152	1.03167	1.03149	1.03164	225
2025-01-08 23:45:00	1.03165	1.03166	1.03132	1.03132	242
2025-01-09 00:00:00	1.03133	1.03147	1.03105	1.03112	676
2025-01-09 00:15:00	1.03111	1.03124	1.03106	1.03121	1543
2025-01-09 00:30:00	1.03122	1.03124	1.03049	1.03083	2097
2025-01-09 00:45:00	1.03083	1.03133	1.03071	1.03131	1840
2025-01-09 01:00:00	1.03131	1.03147	1.03114	1.03133	1957
2025-01-09 01:15:00	1.03133	1.03173	1.03133	1.03162	1697
2025-01-09 01:30:00	1.0316	1.03164	1.03134	1.03141	1832
2025-01-09 01:45:00	1.0314	1.03149	1.03121	1.03143	1404
2025-01-09 02:00:00	1.03144	1.03174	1.03141	1.03171	1203
2025-01-09 02:15:00	1.03172	1032	1.03167	1.03168	840
2025-01-09 02:30:00	1.03169	1.03172	1.03148	1.03163	1145
2025-01-09 02:45:00	1.03163	1.03176	1.03154	1.03165	1594
2025-01-09 03:00:00	1.03165	1.03214	1.0316	1.03203	1161
2025-01-09 03:15:00	1.03203	1.03209	1.03176	1.03183	1250
2025-01-09 03:30:00	1.03183	1032	1.03178	1.03181	1235
2025-01-09 03:45:00	1.03182	1.03184	1.03108	1.0311	1238
2025-01-09 04:00:00	1.03109	1.03123	1.03056	1.03072	1598
2025-01-09 04:15:00	1.03073	1.03097	1.03059	1.03095	1332
2025-01-09 04:30:00	1.03094	1.03094	1.03067	1.03078	1055
2025-01-09 04:45:00	1.03077	1.03093	1.03073	1.0309	991
2025-01-09 05:00:00	1.03089	1.03117	1.03076	1.03109	1929
2025-01-09 05:15:00	1.03108	1.03125	1.03093	1.03096	1111
2025-01-09 05:30:00	1.03097	1.0312	1.03082	1.03084	1983
2025-01-09 05:45:00	1.03083	1.03111	1.03053	1.03066	1656
2025-01-09 06:00:00	1.03065	1.03067	1.0297	1.02992	3005
2025-01-09 06:15:00	1.02993	1.0303	1.02993	1.03012	2271
2025-01-09 06:30:00	1.03012	1.03065	1.03009	1.03057	1395
2025-01-09 06:45:00	1.03057	1.03082	1.0297	1.03002	2979
2025-01-09 07:00:00	1.03001	1.03063	1.02992	1.03052	2659
2025-01-09 07:15:00	1.03053	1.03082	1.03022	1.03033	2558
2025-01-09 07:30:00	1.03034	1.03036	1.0293	1.0294	3852
2025-01-09 07:45:00	1.02939	1.02966	1.02877	1.02909	4850
2025-01-09 08:00:00	1.0291	1.02972	1.02836	1.02941	7853
2025-01-09 08:15:00	1.02942	1.03043	1.02927	1.02992	5990
2025-01-09 08:30:00	1.0299	1.03046	1.0298	1.03006	5021
2025-01-09 08:45:00	1.03006	1.03076	1.02977	1.03076	4123
2025-01-09 09:00:00	1.03077	1.03099	1.03031	1.03063	4160
2025-01-09 09:15:00	1.03063	1.03175	1.03049	1.03133	3399
2025-01-09 09:30:00	1.03134	1.03155	1.03092	1.03107	3857
2025-01-09 09:45:00	1.0311	1.03117	1.03031	1.03056	3520
2025-01-09 10:00:00	1.03057	1.03068	1.03001	1.03063	3363
2025-01-09 10:15:00	1.03063	1.03124	1.03053	1.03106	2701
2025-01-09 10:30:00	1.03105	1.03114	1.02996	1.03022	4214
2025-01-09 10:45:00	1.03023	1.03076	1.03017	1.03029	4301
2025-01-09 11:00:00	1.0303	1.03035	1.02995	1.03002	4877
2025-01-09 11:15:00	1.03001	1.03018	1.02968	1.03002	4218
2025-01-09 11:30:00	1.03003	1.03018	1.02984	1.03015	3352
2025-01-09 11:45:00	1.03015	1.03044	1.02996	1.03011	3204
2025-01-09 12:00:00	1.03011	1.03029	1.02996	1.03017	2872
2025-01-09 12:15:00	1.03016	1.0304	1.02982	1.0301	2574
2025-01-09 12:30:00	1.03011	1.03032	1.02959	1.02993	2700
2025-01-09 12:45:00	1.02994	1.03049	1.02984	1.03034	2048
2025-01-09 13:00:00	1.03034	1.0308	1.03008	1.03064	3038
2025-01-09 13:15:00	1.03064	1.03123	1.03054	1.03117	3323
2025-01-09 13:30:00	1.03118	1.0319	1.03114	1.03124	2330
2025-01-09 13:45:00	1.03124	1.03134	1.03053	1.03078	3004
2025-01-09 14:00:00	1.03078	1.03131	1.03072	1.03124	3956
2025-01-09 14:15:00	1.03123	1.03145	1.03089	1.03099	3640
2025-01-09 14:30:00	1.03099	1.03119	1.03052	1.03082	3271
2025-01-09 14:45:00	1.03081	1.03112	1.03053	1.03073	4129
2025-01-09 15:00:00	1.03073	1.03095	1.03002	1.03032	2865
2025-01-09 15:15:00	1.03031	1.03051	1.03006	1.03042	1959
2025-01-09 15:30:00	1.03042	1.03042	1.02971	1.02978	2259
2025-01-09 15:45:00	1.02978	1.03015	1.02947	1.02992	4348
2025-01-09 16:00:00	1.02993	1.03	1.02935	1.02983	3214
2025-01-09 16:15:00	1.02983	1.02995	1.02936	1.0295	2457
2025-01-09 16:30:00	1.02951	1.03007	1.0291	1.03006	2666
2025-01-09 16:45:00	1.03005	1.0301	1.02962	1.02972	2074
2025-01-09 17:00:00	1.02973	1.03017	1.02972	1.02997	2066
2025-01-09 17:15:00	1.02998	1.03006	1.02952	1.02973	1873
2025-01-09 17:30:00	1.02973	1.02973	1.02937	1.02953	2173
2025-01-09 17:45:00	1.02954	1.02984	1.0294	1.02974	1558
2025-01-09 18:00:00	1.02972	1.02972	1.02939	1.02968	1994
2025-01-09 18:15:00	1.02969	1.02995	1.02957	1.02994	875
2025-01-09 18:30:00	1.02995	1.03017	1.02992	1.03017	851
2025-01-09 18:45:00	1.03016	1.03024	1.02987	1.03001	1265
2025-01-09 19:00:00	1.03002	1.0302	1.02988	1.02989	752
2025-01-09 19:15:00	1.02989	1.03005	1.02979	1.03002	612
2025-01-09 19:30:00	1.03001	1.03009	1.02987	1.03	1025
2025-01-09 19:45:00	1.03001	1.03019	1.02977	1.02979	698
2025-01-09 20:00:00	1.0298	1.03011	1.0298	1.03003	522
2025-01-09 20:15:00	1.03003	1.03016	1.02997	1.03009	568
2025-01-09 20:30:00	1.03009	1.03035	1.03009	1.03035	645
2025-01-09 20:45:00	1.03034	1.03035	1.0301	1.03011	502
2025-01-09 21:00:00	1.0301	1.0301	1.02991	1.02996	586
2025-01-09 21:15:00	1.02997	1.03008	1.02993	1.03003	136
2025-01-09 21:30:00	1.03003	1.03006	1.02993	1.02998	734
2025-01-09 21:45:00	1.03	1.03005	1.0299	1.0299	813
2025-01-09 22:00:00	1.0299	1.0301	1.0299	1.03003	167
2025-01-09 22:15:00	1.03003	1.03015	1.02993	1.02993	118
2025-01-09 22:30:00	1.02993	1.02993	1.02959	1.02977	283
2025-01-09 22:45:00	1.02979	1.03007	1.02975	1.03006	885
2025-01-09 23:00:00	1.03007	1.03013	1.0299	1.02992	833
2025-01-09 23:15:00	1.02991	1.02998	1.02985	1.02997	351
2025-01-09 23:30:00	1.02997	1.02997	1.0297	1.02972	206
2025-01-09 23:45:00	1.02972	1.02974	1.02956	1.02964	346
2025-01-10 00:00:00	1.02965	1.03002	1.02959	1.02987	507
2025-01-10 00:15:00	1.02986	1.02987	1.02925	1.02943	734
2025-01-10 00:30:00	1.02942	1.02944	1.0292	1.02937	607
2025-01-10 00:45:00	1.02936	1.0297	1.0293	1.02954	744
2025-01-10 01:00:00	1.02953	1.02989	1.02935	1.02988	620
2025-01-10 01:15:00	1.02987	1.03033	1.02978	1.03015	564
2025-01-10 01:30:00	1.03014	1.03044	1.02991	1.03028	527
2025-01-10 01:45:00	1.03028	1.03036	1.03004	1.03018	611
2025-01-10 02:00:00	1.03018	1.03037	1.02993	1.0301	521
2025-01-10 02:15:00	1.0301	1.03019	1.02996	1.03013	370
2025-01-10 02:30:00	1.03014	1.03032	1.02983	1.02993	278
2025-01-10 02:45:00	1.02992	1.03021	1.02984	1.03016	336
2025-01-10 03:00:00	1.03015	1.03032	1.02997	1.03026	390
2025-01-10 03:15:00	1.03026	1.03026	1.03	1.03002	243
2025-01-10 03:30:00	1.03003	1.03009	1.02983	1.03005	353
2025-01-10 03:45:00	1.03005	1.03007	1.02977	1.02985	380
2025-01-10 04:00:00	1.02983	1.02998	1.02968	1.02976	425
2025-01-10 04:15:00	1.02977	1.02982	1.02966	1.02972	224
2025-01-10 04:30:00	1.02972	1.02972	1.02935	1.02947	354
2025-01-10 04:45:00	1.02946	1.02963	1.02936	1.0295	355
2025-01-10 05:00:00	1.0295	1.02967	1.02938	1.02956	403
2025-01-10 05:15:00	1.02956	1.02974	1.02948	1.02948	790
2025-01-10 05:30:00	1.02949	1.02949	1.02901	1.02926	1316
2025-01-10 05:45:00	1.02926	1.02926	1.02847	1.02857	2033
2025-01-10 06:00:00	1.02858	1.02882	1.02824	1.02827	2549
2025-01-10 06:15:00	1.02828	1.02849	1.02822	1.02847	1952
2025-01-10 06:30:00	1.02846	1.02864	1.02826	1.02841	1817
2025-01-10 06:45:00	1.02841	1.02851	1.02812	1.02817	1741
2025-01-10 07:00:00	1.02817	1.02896	1.02811	1.02865	2684
2025-01-10 07:15:00	1.02864	1.02909	1.02857	1.02883	1989
2025-01-10 07:30:00	1.02883	1.02927	1.02883	1.02922	2209
2025-01-10 07:45:00	1.02922	1.02972	1.02917	1.0297	2887
2025-01-10 08:00:00	1.02971	1.02982	1.02927	1.02982	2807
2025-01-10 08:15:00	1.02981	1.03047	1.02947	1.03014	2748
2025-01-10 08:30:00	1.03014	1.03118	1.03013	1.03083	5812
2025-01-10 08:45:00	1.03082	1.03087	1.03006	1.03027	6359
2025-01-10 09:00:00	1.03027	1.03039	1.0299	1.03039	3906
2025-01-10 09:15:00	1.03038	1.03038	1.03001	1.03009	3578
2025-01-10 09:30:00	1.03007	1.03052	1.02995	1.03048	2355
2025-01-10 09:45:00	1.03048	1.03058	1.02993	1.02998	2590
2025-01-10 10:00:00	1.02999	1.03048	1.02997	1.03033	1998
2025-01-10 10:15:00	1.03033	1.03052	1.03003	1.03052	2576
2025-01-10 10:30:00	1.03051	1.03057	1.03012	1.03041	2366
2025-01-10 10:45:00	1.03041	1.03046	1.03008	1.03021	3328
2025-01-10 11:00:00	1.03021	1.03049	1.03001	1.03011	3393
2025-01-10 11:15:00	1.0301	1.03037	1.02988	1.03023	2118
2025-01-10 11:30:00	1.03024	1.03052	1.03006	1.03022	1908
2025-01-10 11:45:00	1.03022	1.03033	1.02995	1.03016	2953
2025-01-10 12:00:00	1.03016	1.0304	1.02992	1.03017	1852
2025-01-10 12:15:00	1.03017	1.03086	1.03008	1.03067	1778
2025-01-10 12:30:00	1.0307	1.03093	1.03057	1.0306	1489
2025-01-10 12:45:00	1.03061	1.03072	1.03035	1.03055	2335
2025-01-10 13:00:00	1.03054	1.03089	1.03026	1.03062	2051
2025-01-10 13:15:00	1.03063	1.03118	1.03034	1.03055	3093
2025-01-10 13:30:00	1.03046	1.03046	1.02127	1.02504	22608
2025-01-10 13:45:00	1.02505	1.02604	1.02378	1.02563	18084
2025-01-10 14:00:00	1.02563	1.02648	1.02442	1.02537	16486
2025-01-10 14:15:00	1.02537	1.02684	1.0251	1.02607	13697
2025-01-10 14:30:00	1.02608	1.02727	1.02505	1.02722	13432
2025-01-10 14:45:00	1.02722	1.02723	1.02472	1.02522	6698
2025-01-10 15:00:00	1.02522	1.02573	1.02361	1.02549	8622
2025-01-10 15:15:00	1.02549	1.02787	1.02541	1.02675	6155
2025-01-10 15:30:00	1.02674	1.02674	1.02544	1.02553	5236
2025-01-10 15:45:00	1.02552	1.02628	1.02451	1.02503	5145
2025-01-10 16:00:00	1.02503	1.02511	1.02358	1.02379	4198
2025-01-10 16:15:00	1.02379	1.02398	1.0228	1.02321	3475
2025-01-10 16:30:00	1.02322	1.02379	1.02275	1.0231	3437
2025-01-10 16:45:00	1.0231	1.02409	1.02301	1.02373	2866
2025-01-10 17:00:00	1.02373	1.02447	1.02329	1.02442	2879
2025-01-10 17:15:00	1.02442	1.02455	1.02339	1.0239	2384
2025-01-10 17:30:00	1.02391	1.02506	1.0239	1.02485	1895
2025-01-10 17:45:00	1.02485	1.02494	1.02429	1.02445	3192
2025-01-10 18:00:00	1.02444	1.0246	1.02398	1024	3969
2025-01-10 18:15:00	1024	1.02415	1.02361	1.02399	2558
2025-01-10 18:30:00	1024	1.02415	1.02359	1.0241	2274
2025-01-10 18:45:00	1.02409	1.02428	1.0237	1.02415	2704
2025-01-10 19:00:00	1.02417	1.02422	1.02348	1.02388	3287
2025-01-10 19:15:00	1.0239	1.02437	1.02387	1.02406	2717
2025-01-10 19:30:00	1.02405	1.0248	1.02384	1.0246	2094
2025-01-10 19:45:00	1.0246	1.02489	1.02435	1.02454	3128
2025-01-10 20:00:00	1.02454	1.02454	1.02408	1.02417	2996
2025-01-10 20:15:00	1.02416	1.02419	1.0237	1.02404	1746
2025-01-10 20:30:00	1.02405	1.02437	1.02395	1.0243	1633
2025-01-10 20:45:00	1.0243	1.02458	1.02403	1.02446	1995
2025-01-10 21:00:00	1.02445	1.02479	1.02439	1.02478	790
2025-01-10 21:15:00	1.02479	1.02488	1.02437	1.0244	646
2025-01-10 21:30:00	1.02439	1.02464	1.02438	1.02441	673
2025-01-10 21:45:00	1.02443	1.02462	1024	1024	1704
2025-01-12 22:00:00	1.02357	1.02422	1.02357	1.02412	243
2025-01-12 22:15:00	1.02411	1.0244	1.02385	1.02407	284
2025-01-12 22:30:00	1.02408	1.0243	1.02401	1.02416	498
2025-01-12 22:45:00	1.02418	1.02464	1.02416	1.02462	258
2025-01-12 23:00:00	1.02461	1.02461	1.02387	1.02423	1223
2025-01-12 23:15:00	1.02424	1.02454	1.02424	1.02448	559
2025-01-12 23:30:00	1.02451	1.02468	1.02448	1.02459	1339
2025-01-12 23:45:00	1.02458	1.02463	1.02423	1.02429	1442
2025-01-13 00:00:00	1.0243	1.02452	1.02391	1.0242	3027
2025-01-13 00:15:00	1.02421	1.02422	1.02398	1.02404	1703
2025-01-13 00:30:00	1.02403	1.02418	1.02386	1.02401	1502
2025-01-13 00:45:00	1.02402	1.02433	1.02364	1.02424	1875
2025-01-13 01:00:00	1.02424	1.02462	1.02411	1.02453	2574
2025-01-13 01:15:00	1.02452	1.02499	1.02449	1.02449	2427
2025-01-13 01:30:00	1.02449	1.02458	1.02392	1.02418	3053
2025-01-13 01:45:00	1.02419	1.02441	1.02401	1.02417	2493
2025-01-13 02:00:00	1.02417	1.02442	1.02396	1.02399	1952
2025-01-13 02:15:00	1.02399	1.02451	1.02388	1.02448	1802
2025-01-13 02:30:00	1.02447	1.02449	1.02391	1.02403	1398
2025-01-13 02:45:00	1.02404	1.02425	1.02384	1.02401	1552
2025-01-13 03:00:00	1.02402	1.02404	1.02334	1.02337	2147
2025-01-13 03:15:00	1.02338	1.02351	1.0227	1.02278	3932
2025-01-13 03:30:00	1.02278	1.02288	1.02172	1.02173	2526
2025-01-13 03:45:00	1.02172	1.02188	1.02128	1.02153	2837
2025-01-13 04:00:00	1.02154	1.02198	1.02152	1.02165	2101
2025-01-13 04:15:00	1.02164	1.02182	1.02147	1.02152	1789
2025-01-13 04:30:00	1.02152	1.02158	1.02076	1.02098	2816
2025-01-13 04:45:00	1.02097	1.02127	1.02097	1.02117	1918
2025-01-13 05:00:00	1.02116	1.02154	1.02102	1.02145	1619
2025-01-13 05:15:00	1.02144	1.0215	1.02124	1.02138	1425
2025-01-13 05:30:00	1.02138	1.02178	1.02118	1.02173	2076
2025-01-13 05:45:00	1.02171	1.02203	1.02156	1.02194	2460
2025-01-13 06:00:00	1.02193	1.02247	1.02193	1.02233	2393
2025-01-13 06:15:00	1.02234	1.02248	1.02166	1.02172	2921
2025-01-13 06:30:00	1.02171	1.02218	1.02171	1.02184	2009
2025-01-13 06:45:00	1.02185	1.02201	1.02143	1.02173	2585
2025-01-13 07:00:00	1.02166	1.02219	1.02145	1.02204	5050
2025-01-13 07:15:00	1.02202	1.02202	1.02074	1.02078	6249
2025-01-13 07:30:00	1.02077	1.0217	1.02074	1.02123	3826
2025-01-13 07:45:00	1.02123	1.02235	1.02123	1.02152	3779
2025-01-13 08:00:00	1.02151	1.02295	1.02136	1.02289	6767
2025-01-13 08:15:00	1.02289	1.02312	1.02216	1.02238	5763
2025-01-13 08:30:00	1.02238	1.02273	1.02168	1.02194	10361
2025-01-13 08:45:00	1.02194	1.02226	1.02138	1.02215	6752
2025-01-13 09:00:00	1.02214	1.02239	1.02178	1.02208	7243
2025-01-13 09:15:00	1.02208	1.02208	1.01772	1.01867	8924
2025-01-13 09:30:00	1.01868	1.01957	1.01814	1.01955	7203
2025-01-13 09:45:00	1.01954	1.02015	1.01887	1.01932	3248
2025-01-13 10:00:00	1.01931	1.02049	1.01926	1.02049	2799
2025-01-13 10:15:00	1.02049	1.02063	1.01997	1.02005	2412
2025-01-13 10:30:00	1.02004	1.02023	1.01962	1.01984	2047
2025-01-13 10:45:00	1.01983	1.02074	1.01975	1.02019	1889
2025-01-13 11:00:00	1.02018	1.0204	1.01927	1.01949	2639
2025-01-13 11:15:00	1.01948	1.01956	1.0186	1.01906	2360
2025-01-13 11:30:00	1.01906	1.02027	1.01885	1.01993	2062
2025-01-13 11:45:00	1.01992	1.01999	1.01953	1.01958	1630
2025-01-13 12:00:00	1.01958	1.01979	1.01904	1.01945	1801
2025-01-13 12:15:00	1.01946	1.01962	1.01878	1.01887	2213
2025-01-13 12:30:00	1.01887	1.01964	1.01887	1.01941	2556
2025-01-13 12:45:00	1.01942	1.02061	1.0194	1.02027	2023
2025-01-13 13:00:00	1.02027	1.02033	1.01964	1.02004	2892
2025-01-13 13:15:00	1.02005	1.0213	1.01992	1.02085	2673
2025-01-13 13:30:00	1.02087	1.02207	1.02087	1.02118	3146
2025-01-13 13:45:00	1.02121	1.02159	1.02064	1.02083	2636
2025-01-13 14:00:00	1.02083	1.02084	1.02018	1.02062	6990
2025-01-13 14:15:00	1.02064	1.02126	1.02044	1.02106	5096
2025-01-13 14:30:00	1.02107	1.02126	1.02003	1.02043	3171
2025-01-13 14:45:00	1.02042	1.02096	1.02014	1.0208	3350
2025-01-13 15:00:00	1.02082	1.02088	1.01974	1.02017	3166
2025-01-13 15:15:00	1.02017	1.02062	1.01991	1.02013	3208
2025-01-13 15:30:00	1.02012	1.02031	1.01957	1.0197	3063
2025-01-13 15:45:00	1.0197	1.02055	1.01962	1.01968	4212
2025-01-13 16:00:00	1.01969	1.02006	1.01916	1.01998	2746
2025-01-13 16:15:00	1.02	1.02069	1.01952	1.02068	2203
2025-01-13 16:30:00	1.02067	1.02159	1.02067	1.02152	1922
2025-01-13 16:45:00	1.02152	1.02174	1.0208	1.0208	1957
2025-01-13 17:00:00	1.02081	1.02139	1.0207	1.02123	2446
2025-01-13 17:15:00	1.02123	1.02174	1.02123	1.0216	1773
2025-01-13 17:30:00	1.0216	1.02179	1.02133	1.0216	1629
2025-01-13 17:45:00	1.02159	1.02195	1.02125	1.02178	1211
2025-01-13 18:00:00	1.02179	1.02193	1.02133	1.02162	1738
2025-01-13 18:15:00	1.02161	1.02161	1.02122	1.0215	1271
2025-01-13 18:30:00	1.02152	1.02187	1.02152	1.02184	1222
2025-01-13 18:45:00	1.02183	1.02213	1.02158	1.02161	1121
2025-01-13 19:00:00	1.02159	1.02161	1.02117	1.02121	1327
2025-01-13 19:15:00	1.02123	1.02145	1.0211	1.02143	777
2025-01-13 19:30:00	1.02143	1.02146	1.02093	1.02114	1356
2025-01-13 19:45:00	1.02111	1.02119	1.02071	1.02071	1193
2025-01-13 20:00:00	1.02071	1.02133	1.02069	1.02129	1153
2025-01-13 20:15:00	1.02128	1.02161	1.02128	1.0213	762
2025-01-13 20:30:00	1.02129	1.02159	1.02112	1.02114	663
2025-01-13 20:45:00	1.02116	1.02175	1.02112	1.02165	451
2025-01-13 21:00:00	1.02167	1.02189	1.02163	1.02189	390
2025-01-13 21:15:00	1.0219	1.02224	1.0219	1.02223	199
2025-01-13 21:30:00	1.02224	1.02296	1.02208	1.02275	839
2025-01-13 21:45:00	1.02274	1.02466	1.02258	1.02441	1528
2025-01-13 22:00:00	1.02441	1.02588	1.02371	1.0253	1177
2025-01-13 22:15:00	1.0253	1.02581	1.02493	1.02548	851
2025-01-13 22:30:00	1.02548	1.02586	1.02529	1.02576	778
2025-01-13 22:45:00	1.02575	1.02727	1.02574	1.02581	1204
2025-01-13 23:00:00	1.02581	1.02661	1.02507	1.02612	1402
2025-01-13 23:15:00	1.02612	1.02703	1.02611	1.02687	956
2025-01-13 23:30:00	1.02688	1.02774	1.02681	1.02697	1124
2025-01-13 23:45:00	1.02698	1.02733	1.02627	1.02639	1036
2025-01-14 00:00:00	1.02637	1.02637	1.02516	1.02517	2214
2025-01-14 00:15:00	1.02518	1.02526	1.02489	1.02494	881
2025-01-14 00:30:00	1.02494	1.02518	1.02468	1.02473	1269
2025-01-14 00:45:00	1.02474	1.02485	1.02457	1.02478	892
2025-01-14 01:00:00	1.0248	1.02487	1.02435	1.0247	893
2025-01-14 01:15:00	1.02471	1.0248	1.0243	1.02455	734
2025-01-14 01:30:00	1.02455	1.0249	1.02419	1.02452	2362
2025-01-14 01:45:00	1.02451	1.02499	1.02411	1.0249	1691
2025-01-14 02:00:00	1.0249	1.02502	1.02415	1.02419	1401
2025-01-14 02:15:00	1.0242	1.02456	1.02406	1.02442	1515
2025-01-14 02:30:00	1.02444	1.02447	1.02384	1.02409	1005
2025-01-14 02:45:00	1.02413	1.02459	1.02413	1.02446	1108
2025-01-14 03:00:00	1.02445	1.02552	1.02438	1.02521	992
2025-01-14 03:15:00	1.02522	1.02522	1.02495	1.02521	971
2025-01-14 03:30:00	1.02521	1.02541	1.02517	1.02521	816
2025-01-14 03:45:00	1.0252	1.0252	1.02484	1.02486	476
2025-01-14 04:00:00	1.02485	1.02486	1.02454	1.02464	737
2025-01-14 04:15:00	1.02464	1.02494	1.02451	1.02494	399
2025-01-14 04:30:00	1.02494	1.0255	1.02489	1.0252	600
2025-01-14 04:45:00	1.0252	1.02534	1.02501	1.02502	447
2025-01-14 05:00:00	1.02501	1.02516	1.02454	1.02468	872
2025-01-14 05:15:00	1.02468	1.02475	1.02422	1.02424	786
2025-01-14 05:30:00	1.02424	1025	1.02424	1.02491	613
2025-01-14 05:45:00	1.02492	1.02516	1.0243	1.02447	1080
2025-01-14 06:00:00	1.02452	1.0249	1.02451	1.02483	1136
2025-01-14 06:15:00	1.02484	1.02498	1.02457	1.02476	1029
2025-01-14 06:30:00	1.02475	1.02517	1.02463	1.02486	940
2025-01-14 06:45:00	1.02485	1.02532	1.02456	1.02526	1099
2025-01-14 07:00:00	1.02527	1.0266	1.02527	1.02559	2960
2025-01-14 07:15:00	1.02557	1.02621	1.02557	1.02581	2174
2025-01-14 07:30:00	1.02582	1.02609	1.02515	1.02547	1519
2025-01-14 07:45:00	1.02547	1.02571	1.02499	1.02543	2532
2025-01-14 08:00:00	1.02544	1.02647	1.02529	1.02609	3260
2025-01-14 08:15:00	1.02609	1.02748	1.02604	1.02663	3553
2025-01-14 08:30:00	1.02664	1.0269	1.02589	1.02689	2466
2025-01-14 08:45:00	1.0269	1.02719	1.02604	1.02614	2721
2025-01-14 09:00:00	1.02613	1.02629	1.02543	1.02628	3029
2025-01-14 09:15:00	1.02628	1.02664	1.0254	1.0256	2562
2025-01-14 09:30:00	1.02561	1.0263	1.02535	1.02621	2491
2025-01-14 09:45:00	1.0262	1.02651	1.02572	1.02595	2211
2025-01-14 10:00:00	1.02595	1.02635	1.02566	1026	1791
2025-01-14 10:15:00	1.02599	1.02634	1.02551	1.02595	2241
2025-01-14 10:30:00	1.02596	1026	1.02519	1.02574	2132
2025-01-14 10:45:00	1.02573	1.0261	1.0256	1.02599	1476
2025-01-14 11:00:00	1.02598	1.02631	1.02561	1.02581	1323
2025-01-14 11:15:00	1.02582	1.02589	1.02559	1.02589	1516
2025-01-14 11:30:00	1.02591	1.02616	1.02574	1.02581	1603
2025-01-14 11:45:00	1.0258	1.02605	1.02524	1.0254	1598
2025-01-14 12:00:00	1.0254	1.02549	1.02421	1.02428	2454
2025-01-14 12:15:00	1.02429	1.02541	1.02394	1.0253	3139
2025-01-14 12:30:00	1.02531	1.02539	1025	1.02528	1465
2025-01-14 12:45:00	1.02527	1.02551	1.02458	1.02479	2227
2025-01-14 13:00:00	1.02478	1.0253	1.02443	1.02526	2277
2025-01-14 13:15:00	1.02525	1.02544	1.02423	1.02424	3040
2025-01-14 13:30:00	1.02421	1.02731	1.02421	1.02533	15672
2025-01-14 13:45:00	1.02532	1.02648	1.02504	1.02531	9396
2025-01-14 14:00:00	1.02531	1.02538	1.02435	1.02512	8271
2025-01-14 14:15:00	1.02511	1.02687	1.02502	1.02651	4771
2025-01-14 14:30:00	1.02651	1.02748	1.02627	1.02684	8521
2025-01-14 14:45:00	1.02683	1.02705	1.02573	1.0268	6000
2025-01-14 15:00:00	1.02682	1.0278	1.02667	1.02746	5428
2025-01-14 15:15:00	1.02745	1.02779	1.0263	1.02698	4803
2025-01-14 15:30:00	1.02698	1.02897	1.02681	1.02891	3078
2025-01-14 15:45:00	1.02894	1.02958	1.02837	1.02949	4502
2025-01-14 16:00:00	1.02948	1.0301	1029	1.02994	3187
2025-01-14 16:15:00	1.02993	1.03043	1.02856	1.02862	3708
2025-01-14 16:30:00	1.02861	1.02916	1.02828	1.02863	3532
2025-01-14 16:45:00	1.02864	1.02916	1.02841	1.02914	1918
2025-01-14 17:00:00	1.02913	1.02913	1.0279	1.02833	3266
2025-01-14 17:15:00	1.02833	1.02885	1.02828	1.02843	1372
2025-01-14 17:30:00	1.02844	1.02883	1.02839	1.02868	1132
2025-01-14 17:45:00	1.02871	1.02885	1.02843	1.02882	1233
2025-01-14 18:00:00	1.02881	1.02901	1.02867	1.02889	1078
2025-01-14 18:15:00	1.0289	1.02942	1.02877	1.02937	1254
2025-01-14 18:30:00	1.02938	1.03003	1.02937	1.02984	1485
2025-01-14 18:45:00	1.02983	1.02996	1.0297	1.02992	913
2025-01-14 19:00:00	1.02992	1.02997	1.02963	1.02976	844
2025-01-14 19:15:00	1.02976	1.03019	1.02975	1.03009	635
2025-01-14 19:30:00	1.03009	1.03054	1.03009	1.03034	697
2025-01-14 19:45:00	1.03034	1.03042	1.02963	1.02981	1053
2025-01-14 20:00:00	1.02981	1.02999	1.02965	1.02984	1111
2025-01-14 20:15:00	1.02985	1.03086	1.02968	1.03071	1121
2025-01-14 20:30:00	1.03071	1.03079	1.03051	1.03053	807
2025-01-14 20:45:00	1.03051	1.03061	1.03016	1.03018	909
2025-01-14 21:00:00	1.03019	1.03046	1.03007	1.03027	471
2025-01-14 21:15:00	1.03027	1.03076	1.03027	1.03064	326
2025-01-14 21:30:00	1.03063	1.03073	1.03057	1.03058	186
2025-01-14 21:45:00	1.0306	1.03082	1.03059	1.03076	1266
2025-01-14 22:00:00	1.03074	1.03074	1.03017	1.03023	206
2025-01-14 22:15:00	1.03023	1.03071	1.03018	1.03065	314
2025-01-14 22:30:00	1.03065	1.03068	1.03061	1.03064	232
2025-01-14 22:45:00	1.03067	1.03074	1.03057	1.03069	287
2025-01-14 23:00:00	1.03068	1.03081	1.03051	1.03075	813
2025-01-14 23:15:00	1.03074	1.0308	1.03045	1.03046	326
2025-01-14 23:30:00	1.03046	1.03053	1.03042	1.03044	157
2025-01-14 23:45:00	1.03044	1.03065	1.03023	1.03062	248
2025-01-15 00:00:00	1.03061	1.03061	1.02997	1.03029	664
2025-01-15 00:15:00	1.03029	1.03034	1.03004	1.03007	418
2025-01-15 00:30:00	1.03006	1.03028	1.03005	1.03008	417
2025-01-15 00:45:00	1.03008	1.0302	1.02998	1.03011	1032
2025-01-15 01:00:00	1.03012	1.03048	1.03006	1.03034	1047
2025-01-15 01:15:00	1.03033	1.03045	1.02999	1.03004	725
2025-01-15 01:30:00	1.03003	1.0302	1.02978	1.03003	960
2025-01-15 01:45:00	1.03003	1.0301	1.02988	1.03	753
2025-01-15 02:00:00	1.03	1.03007	1.0299	1.02992	795
2025-01-15 02:15:00	1.02992	1.03014	1.02992	1.03002	564
2025-01-15 02:30:00	1.03001	1.03003	1.02966	1.02986	838
2025-01-15 02:45:00	1.02987	1.02987	1.02953	1.0297	835
2025-01-15 03:00:00	1.0297	1.03014	1.02963	1.03004	718
2025-01-15 03:15:00	1.03003	1.03008	1.02983	1.03003	545
2025-01-15 03:30:00	1.03002	1.03015	1.02987	1.02998	650
2025-01-15 03:45:00	1.03	1.03021	1.03	1.03019	318
2025-01-15 04:00:00	1.03019	1.03019	1.02981	1.02983	441
2025-01-15 04:15:00	1.02985	1.03002	1.02975	1.02998	547
2025-01-15 04:30:00	1.02999	1.03016	1.02998	1.03002	483
2025-01-15 04:45:00	1.03001	1.03025	1.03	1.03023	573
2025-01-15 05:00:00	1.03022	1.03025	1.02984	1.03011	537
2025-01-15 05:15:00	1.03011	1.03052	1.03009	1.03017	542
2025-01-15 05:30:00	1.03017	1.03019	1.02992	1.03002	716
2025-01-15 05:45:00	1.03003	1.03014	1.02925	1.02932	1367
2025-01-15 06:00:00	1.0293	1.0298	1.02919	1.02955	869
2025-01-15 06:15:00	1.02956	1.02976	1.02943	1.02976	459
2025-01-15 06:30:00	1.02977	1.02986	1.02961	1.0297	720
2025-01-15 06:45:00	1.0297	1.02971	1.02951	1.02961	744
2025-01-15 07:00:00	1.02963	1.02976	1.02881	1.0292	3594
2025-01-15 07:15:00	1.02919	1.02969	1.02866	1.02952	3140
2025-01-15 07:30:00	1.02953	1.03033	1.02922	1.03003	2244
2025-01-15 07:45:00	1.03001	1.03081	1.03001	1.03058	3327
2025-01-15 08:00:00	1.03058	1.03171	1.03036	1.03127	4089
2025-01-15 08:15:00	1.03126	1.03126	1.02997	1.03016	4032
2025-01-15 08:30:00	1.03015	1.03024	1.02971	1.02975	2276
2025-01-15 08:45:00	1.02975	1.02996	1.02942	1.02964	2052
2025-01-15 09:00:00	1.02964	1.03068	1.0296	1.03011	1938
2025-01-15 09:15:00	1.0301	1.03069	1.02999	1.03052	2028
2025-01-15 09:30:00	1.03052	1.03128	1.03052	1.03109	2352
2025-01-15 09:45:00	1.03108	1.03131	1.03081	1.03098	1976
2025-01-15 10:00:00	1.03098	1.0314	1.03082	1031	1823
2025-01-15 10:15:00	1.03099	1.0311	1.03046	1.03058	2055
2025-01-15 10:30:00	1.03057	1.0306	1.03007	1.03037	2359
2025-01-15 10:45:00	1.03037	1.03094	1.03036	1.03075	2479
2025-01-15 11:00:00	1.03075	1.03122	1.03066	1.03121	2685
2025-01-15 11:15:00	1.03121	1.03121	1.03051	1.03082	2965
2025-01-15 11:30:00	1.03082	1.03084	1.03003	1.03019	3244
2025-01-15 11:45:00	1.03018	1.03035	1.02995	1.03011	2555
2025-01-15 12:00:00	1.0301	1.03066	1.03002	1.03046	1730
2025-01-15 12:15:00	1.03045	1.03058	1.0302	1.03031	1500
2025-01-15 12:30:00	1.0303	1.03052	1.03009	1.03018	1801
2025-01-15 12:45:00	1.03019	1.03026	1.02934	1.02997	3395
2025-01-15 13:00:00	1.02996	1.03011	1.02961	1.02968	2479
2025-01-15 13:15:00	1.0297	1.03046	1.02965	1.03024	3801
2025-01-15 13:30:00	1.03016	1.03544	1.03016	1.0329	19055
2025-01-15 13:45:00	1.03289	1.03505	1.03271	1.03444	12049
2025-01-15 14:00:00	1.03444	1.03456	1.03283	1.03338	10941
2025-01-15 14:15:00	1.03339	1.03442	1.03295	1.03407	9531
2025-01-15 14:30:00	1.03411	1.03452	1.03284	1.03333	6881
2025-01-15 14:45:00	1.03333	1.03389	1.03251	1.03271	9574
2025-01-15 15:00:00	1.03271	1.03271	1.03098	1.03231	6416
2025-01-15 15:15:00	1.03231	1.03281	1.03176	1.03262	3659
2025-01-15 15:30:00	1.03262	1.03309	1.03137	1.03147	6080
2025-01-15 15:45:00	1.03147	1.03152	1.02988	1.03061	8547
2025-01-15 16:00:00	1.0306	1.03077	1.02891	1.02943	6721
2025-01-15 16:15:00	1.02946	1.02954	1.0286	1.02889	5247
2025-01-15 16:30:00	1.0289	1.0289	1.0259	1.02768	9540
2025-01-15 16:45:00	1.02768	1.02824	1.02744	1.02811	5539
2025-01-15 17:00:00	1.02813	1.02919	1.02809	1.02857	4250
2025-01-15 17:15:00	1.02857	1.0289	1.02825	1.02857	1826
2025-01-15 17:30:00	1.02857	1.02931	1.02845	1.02893	1424
2025-01-15 17:45:00	1.02893	1.02897	1.02822	1.02855	1348
2025-01-15 18:00:00	1.0286	1.02898	1.02843	1.02861	2047
2025-01-15 18:15:00	1.02862	1.02923	1.02856	1.02903	1396
2025-01-15 18:30:00	1.02906	1.02928	1.02882	1.0292	1207
2025-01-15 18:45:00	1.0292	1.02929	1.02902	1.02921	735
2025-01-15 19:00:00	1.02923	1.02928	1.02892	1.02906	599
2025-01-15 19:15:00	1.02906	1.02933	1.02892	1.02926	807
2025-01-15 19:30:00	1.02927	1.02946	1.02896	1.02906	733
2025-01-15 19:45:00	1.02907	1.02942	1.02907	1.02932	943
2025-01-15 20:00:00	1.02931	1.02939	1.02902	1.02926	1192
2025-01-15 20:15:00	1.02928	1.02974	1.02926	1.02972	549
2025-01-15 20:30:00	1.02972	1.02988	1.02956	1.02956	537
2025-01-15 20:45:00	1.02958	1.02975	1.02947	1.02958	789
2025-01-15 21:00:00	1.02959	1.02962	1.02935	1.02944	381
2025-01-15 21:15:00	1.02945	1.02947	1029	1.02901	384
2025-01-15 21:30:00	1029	1.02907	1.0288	1.02891	294
2025-01-15 21:45:00	1.02891	1.02905	1.0288	1.0288	1048
2025-01-15 22:00:00	1.02892	1029	1.0288	1.02894	259
2025-01-15 22:15:00	1.02894	1.02919	1.02894	1.02919	343
2025-01-15 22:30:00	1.02918	1.02919	1.02905	1.0291	57
2025-01-15 22:45:00	1.0291	1.02939	1.0291	1.02921	333
2025-01-15 23:00:00	1.02923	1.02936	1.02906	1.02908	945
2025-01-15 23:15:00	1.02912	1.02942	1.02906	1.02936	590
2025-01-15 23:30:00	1.02936	1.02944	1.02929	1.0294	366
2025-01-15 23:45:00	1.02939	1.02954	1.02932	1.0295	664
2025-01-16 00:00:00	1.0295	1.02961	1.02923	1.02925	531
2025-01-16 00:15:00	1.02927	1.02943	1.02902	1.02942	483
2025-01-16 00:30:00	1.02948	1.02998	1.02947	1.02977	1225
2025-01-16 00:45:00	1.02978	1.02995	1.02848	1.02988	1670
2025-01-16 01:00:00	1.0299	1.02995	1.02941	1.02946	1179
2025-01-16 01:15:00	1.02948	1.02956	1.02911	1.02925	971
2025-01-16 01:30:00	1.02928	1.02979	1.02928	1.02973	1265
2025-01-16 01:45:00	1.02972	1.02982	1.02875	1.02895	1349
2025-01-16 02:00:00	1.02895	1.0293	1.02876	1.02894	1872
2025-01-16 02:15:00	1.02894	1.02894	1.02848	1.02874	894
2025-01-16 02:30:00	1.02873	1.02921	1.02868	1.02918	967
2025-01-16 02:45:00	1.02918	1.02918	1.02858	1.02869	731
2025-01-16 03:00:00	1.02869	1.02885	1.02853	1.02868	812
2025-01-16 03:15:00	1.02869	1.02871	1.02845	1.02851	480
2025-01-16 03:30:00	1.02851	1.02864	1.02849	1.0286	468
2025-01-16 03:45:00	1.02859	1.02889	1.02848	1.02888	453
2025-01-16 04:00:00	1.02888	1.02937	1.02888	1.02928	486
2025-01-16 04:15:00	1.02929	1.02932	1.0289	1.02891	498
2025-01-16 04:30:00	1.02891	1.02929	1.02853	1.02877	707
2025-01-16 04:45:00	1.02877	1.02882	1.02859	1.02869	404
2025-01-16 05:00:00	1.0287	1.02871	1.02847	1.02848	528
2025-01-16 05:15:00	1.02848	1.02857	1.02833	1.02856	1293
2025-01-16 05:30:00	1.02855	1.02856	1.0282	1.02828	1432
2025-01-16 05:45:00	1.02827	1.02831	1.02809	1.02824	1607
2025-01-16 06:00:00	1.02823	1.02849	1.02822	1.02841	1129
2025-01-16 06:15:00	1.02842	1.02891	1.02838	1.02884	1953
2025-01-16 06:30:00	1.02883	1.02885	1.0284	1.02853	2039
2025-01-16 06:45:00	1.02851	1.02895	1.02843	1.02888	1849
2025-01-16 07:00:00	1.02888	1.02982	1.02859	1.02982	2031
2025-01-16 07:15:00	1.02981	1.02992	1.02938	1.02948	2829
2025-01-16 07:30:00	1.02949	1.03014	1.02947	1.02958	2384
2025-01-16 07:45:00	1.02961	1.0299	1.02946	1.02975	3014
2025-01-16 08:00:00	1.02976	1.02999	1.02924	1.02926	3764
2025-01-16 08:15:00	1.02928	1.02988	1.02891	1.02929	4335
2025-01-16 08:30:00	1.02928	1.02964	1.02879	1.02939	4403
2025-01-16 08:45:00	1.02938	1.02968	1.02932	1.02959	3677
2025-01-16 09:00:00	1.0296	1.02973	1.02887	1.02918	3911
2025-01-16 09:15:00	1.02917	1.02988	1.02916	1.0294	2623
2025-01-16 09:30:00	1.0294	1.0296	1.02824	1.02829	3907
2025-01-16 09:45:00	1.02829	1.02872	1.02816	1.0286	3261
2025-01-16 10:00:00	1.02861	1.02905	1.02827	1.02902	3048
2025-01-16 10:15:00	1.02903	1.02961	1.02881	1.02923	2343
2025-01-16 10:30:00	1.02921	1.02939	1.02883	1.02887	2997
2025-01-16 10:45:00	1.02888	1.02903	1.02848	1.02855	3544
2025-01-16 11:00:00	1.02854	1.02886	1.02839	1.02876	2723
2025-01-16 11:15:00	1.02876	1.02905	1.02859	1.02879	2349
2025-01-16 11:30:00	1.02881	1.02897	1.02856	1.02881	2238
2025-01-16 11:45:00	1.02882	1.02919	1.02882	1.02901	2791
2025-01-16 12:00:00	1029	1.02901	1.02825	1.02826	2814
2025-01-16 12:15:00	1.02826	1.02853	1.02721	1.02744	4036
2025-01-16 12:30:00	1.02743	1.02753	1.0264	1.02645	7661
2025-01-16 12:45:00	1.02646	1.0274	1.02644	1.02717	4769
2025-01-16 13:00:00	1.02718	1.0275	1.02676	1.02739	6412
2025-01-16 13:15:00	1.0274	1.02741	1.02627	1.02661	5531
2025-01-16 13:30:00	1.02661	1.02815	1.02604	1.02788	13992
2025-01-16 13:45:00	1.02789	1.02851	1.02751	1.02814	7874
2025-01-16 14:00:00	1.02814	1.02814	1.02704	1.02727	6120
2025-01-16 14:15:00	1.02728	1.02766	1.02701	1.02747	4039
2025-01-16 14:30:00	1.02749	1.02772	1.02678	1.02772	5762
2025-01-16 14:45:00	1.02774	1.02838	1.02765	1.02791	3423
2025-01-16 15:00:00	1.02791	1.0304	1.02741	1.02918	7948
2025-01-16 15:15:00	1.02913	1.03043	1.02886	1.02982	6485
2025-01-16 15:30:00	1.02983	1.03056	1.02944	1.03013	3947
2025-01-16 15:45:00	1.03013	1.03023	1.02942	1.03008	4234
2025-01-16 16:00:00	1.03009	1.03115	1029	1.0292	6121
2025-01-16 16:15:00	1.02925	1.03024	1.02861	1.02994	9169
2025-01-16 16:30:00	1.02994	1.03114	1.02985	1.03064	6148
2025-01-16 16:45:00	1.03064	1.03083	1.02994	1.03022	5099
2025-01-16 17:00:00	1.03024	1.03062	1.02974	1.03055	2501
2025-01-16 17:15:00	1.03055	1.03149	1.03003	1.03127	3197
2025-01-16 17:30:00	1.03127	1.03135	1.03027	1.03028	2324
2025-01-16 17:45:00	1.03027	1.03027	1.02943	1.02964	4751
2025-01-16 18:00:00	1.02962	1.03027	1.02953	1.03026	2212
2025-01-16 18:15:00	1.03026	1.03027	1.0297	1.02979	2276
2025-01-16 18:30:00	1.02976	1.0298	1.02934	1.0295	2953
2025-01-16 18:45:00	1.0295	1.03008	1.02947	1.03002	1974
2025-01-16 19:00:00	1.03	1.03061	1.02976	1.03054	1840
2025-01-16 19:15:00	1.03052	1.03077	1.02999	1.03009	963
2025-01-16 19:30:00	1.0301	1.03053	1.02989	1.03024	841
2025-01-16 19:45:00	1.03025	1.03052	1.02996	1.03019	855
2025-01-16 20:00:00	1.03017	1.03019	1.02975	1.0298	754
2025-01-16 20:15:00	1.02981	1.03017	1.02977	1.03011	591
2025-01-16 20:30:00	1.03012	1.03037	1.02985	1.02993	1018
2025-01-16 20:45:00	1.02994	1.03009	1.02971	1.03	919
2025-01-16 21:00:00	1.02999	1.02999	1.02966	1.02988	823
2025-01-16 21:15:00	1.02989	1.02995	1.02985	1.02995	220
2025-01-16 21:30:00	1.02996	1.03027	1.02996	1.03	911
2025-01-16 21:45:00	1.03	1.03034	1.0299	1.0299	1087
2025-01-16 22:00:00	1.02996	1.03019	1.02979	1.03013	747
2025-01-16 22:15:00	1.03013	1.03021	1.03001	1.03015	217
2025-01-16 22:30:00	1.03014	1.03017	1.02999	1.03002	556
2025-01-16 22:45:00	1.03001	1.03016	1.03001	1.03008	476
2025-01-16 23:00:00	1.03012	1.03039	1.02999	1.03029	448
2025-01-16 23:15:00	1.03029	1.03042	1.03007	1.03019	370
2025-01-16 23:30:00	1.0302	1.03029	1.03003	1.03008	462
2025-01-16 23:45:00	1.03011	1.03019	1.03005	1.03014	245
2025-01-17 00:00:00	1.03012	1.03016	1.02979	1.02992	542
2025-01-17 00:15:00	1.02991	1.03015	1.02989	1.03008	485
2025-01-17 00:30:00	1.03009	1.0305	1.03009	1.03046	658
2025-01-17 00:45:00	1.03045	1.03067	1.03036	1.03047	1348
2025-01-17 01:00:00	1.03048	1.03051	1.03014	1.03036	1031
2025-01-17 01:15:00	1.03035	1.03056	1.03021	1.03049	712
2025-01-17 01:30:00	1.0305	1.03074	1.03021	1.03072	725
2025-01-17 01:45:00	1.03073	1.03093	1.03043	1.03049	800
2025-01-17 02:00:00	1.0305	1.0308	1.03037	1.03068	1506
2025-01-17 02:15:00	1.03067	1.03088	1.03055	1.03066	1075
2025-01-17 02:30:00	1.03067	1.0309	1.03052	1.0306	634
2025-01-17 02:45:00	1.0306	1.03063	1.03029	1.03033	510
2025-01-17 03:00:00	1.03032	1.03049	1.03029	1.03035	706
2025-01-17 03:15:00	1.03034	1.03034	1.02999	1.03016	802
2025-01-17 03:30:00	1.03016	1.0303	1.03012	1.0303	724
2025-01-17 03:45:00	1.03031	1.03033	1.02999	1.03005	620
2025-01-17 04:00:00	1.03005	1.03009	1.0299	1.03002	300
2025-01-17 04:15:00	1.03002	1.03003	1.02977	1.0298	405
2025-01-17 04:30:00	1.0298	1.02983	1.02931	1.02931	551
2025-01-17 04:45:00	1.02931	1.02947	1.02918	1.02936	620
2025-01-17 05:00:00	1.02937	1.02951	1.02931	1.02936	642
2025-01-17 05:15:00	1.02937	1.02939	1.02902	1.02928	573
2025-01-17 05:30:00	1.02928	1.02935	1.02893	1.02894	812
2025-01-17 05:45:00	1.02894	1.02935	1.02874	1.02932	890
2025-01-17 06:00:00	1.02933	1.02938	1.02892	1.02892	910
2025-01-17 06:15:00	1.02891	1.02897	1.02851	1.02868	1590
2025-01-17 06:30:00	1.02869	1.02897	1.02858	1.02877	1657
2025-01-17 06:45:00	1.02878	1.02911	1.02862	1.02904	1662
2025-01-17 07:00:00	1.02903	1.02909	1.02826	1.02838	4964
2025-01-17 07:15:00	1.02838	1.02848	1028	1.02815	4436
2025-01-17 07:30:00	1.02815	1.02839	1.02776	1.02818	3798
2025-01-17 07:45:00	1.02818	1.0288	1.02818	1.02844	1848
2025-01-17 08:00:00	1.02844	1.02919	1.02844	1.02903	2542
2025-01-17 08:15:00	1.02903	1.02954	1.02891	1.02933	1635
2025-01-17 08:30:00	1.02935	1.02986	1.0293	1.02959	1825
2025-01-17 08:45:00	1.02959	1.02979	1.02919	1.02969	1525
2025-01-17 09:00:00	1.02969	1.0304	1.0296	1.02984	2271
2025-01-17 09:15:00	1.02987	1.03005	1.02943	1.02987	3812
2025-01-17 09:30:00	1.02986	1.03009	1.02918	1.02924	4247
2025-01-17 09:45:00	1.02924	1.02981	1.02892	1.02964	4364
2025-01-17 10:00:00	1.02968	1.03007	1.02965	1.02974	3911
2025-01-17 10:15:00	1.02973	1.03045	1.02972	1.03043	2291
2025-01-17 10:30:00	1.03042	1.03047	1.03004	1.03028	2327
2025-01-17 10:45:00	1.03027	1.0306	1.03018	1.03036	2209
2025-01-17 11:00:00	1.03037	1.03076	1.02992	1.03069	2718
2025-01-17 11:15:00	1.03069	1031	1.03049	1.03075	1848
2025-01-17 11:30:00	1.03075	1.03082	1.03003	1.03008	2296
2025-01-17 11:45:00	1.03007	1.0305	1.02989	1.03045	3396
2025-01-17 12:00:00	1.03045	1.03064	1.0296	1.0305	4044
2025-01-17 12:15:00	1.03051	1.03051	1.02995	1.03021	2904
2025-01-17 12:30:00	1.0302	1.03058	1.02954	1.02956	5224
2025-01-17 12:45:00	1.02956	1.02987	1.02902	1.02929	4889
2025-01-17 13:00:00	1.0293	1.02995	1.02928	1.02967	4214
2025-01-17 13:15:00	1.02966	1.0297	1.02854	1.02862	4247
2025-01-17 13:30:00	1.02861	1.02961	1.02857	1.02953	6621
2025-01-17 13:45:00	1.02954	1.02965	1.02855	1.02901	4169
2025-01-17 14:00:00	1.02902	1.02903	1.02734	1.0274	4442
2025-01-17 14:15:00	1.02741	1.02795	1.02652	1.02792	8247
2025-01-17 14:30:00	1.02794	1.02931	1.02746	1.02844	12979
2025-01-17 14:45:00	1.02844	1.03023	1.02813	1.02985	4966
2025-01-17 15:00:00	1.02984	1.03306	1.02954	1.03238	8434
2025-01-17 15:15:00	1.03238	1.03252	1.03085	1.03144	5599
2025-01-17 15:30:00	1.03143	1.03145	1.02994	1.03061	4579
2025-01-17 15:45:00	1.03061	1.03109	1.02976	1.02989	6974
2025-01-17 16:00:00	1.02988	1.02989	1.02854	1.02904	5662
2025-01-17 16:15:00	1.02902	1.02941	1.02877	1.02938	5006
2025-01-17 16:30:00	1.02938	1.03003	1.02928	1.02985	4953
2025-01-17 16:45:00	1.02986	1.02992	1.02818	1.02861	5169
2025-01-17 17:00:00	1.02861	1.02897	1.02813	1.02882	3852
2025-01-17 17:15:00	1.02884	1.0291	1.02822	1.02835	3110
2025-01-17 17:30:00	1.02835	1.02871	1.02808	1.02821	3350
2025-01-17 17:45:00	1.0282	1.02839	1.02789	1.02807	2282
2025-01-17 18:00:00	1.02806	1.02838	1.0279	1.02836	2270
2025-01-17 18:15:00	1.02835	1.0292	1.02831	1.02847	2054
2025-01-17 18:30:00	1.02846	1.02847	1.02804	1.02836	1351
2025-01-17 18:45:00	1.02836	1.02846	1028	1.0281	2844
2025-01-17 19:00:00	1.02809	1.02841	1.02799	1.02815	2254
2025-01-17 19:15:00	1.02815	1.02818	1.02755	1.02776	2087
2025-01-17 19:30:00	1.02774	1.02785	1.02727	1.02753	1847
2025-01-17 19:45:00	1.02754	1.02777	1.0274	1.02761	1958
2025-01-17 20:00:00	1.02762	1.02787	1.02738	1.02746	1778
2025-01-17 20:15:00	1.02745	1.02797	1.02737	1.02791	1683
2025-01-17 20:30:00	1.02792	1.02815	1.02743	1.02772	1266
2025-01-17 20:45:00	1.02771	1.02771	1.02742	1.02753	1427
2025-01-17 21:00:00	1.02753	1.02753	1027	1.02709	793
2025-01-17 21:15:00	1.02709	1.02724	1.0269	1.02719	556
2025-01-17 21:30:00	1.0272	1.02729	1.02706	1.02721	1252
2025-01-17 21:45:00	1.02722	1.02726	1.02681	1.0271	1724
2025-01-19 22:00:00	1.02792	1.02792	1.0275	1.02753	222
2025-01-19 22:15:00	1.02754	1.02763	1.02741	1.02747	55
2025-01-19 22:30:00	1.02746	1.02757	1.02733	1.02742	865
2025-01-19 22:45:00	1.02741	1.02812	1.02736	1.02773	1173
2025-01-19 23:00:00	1.02775	1.02788	1.02704	1.0271	1204
2025-01-19 23:15:00	1.02713	1.0272	1.02663	1.02683	1569
2025-01-19 23:30:00	1.02684	1.02754	1.02681	1.0273	1208
2025-01-19 23:45:00	1.02731	1.02807	1.02726	1.02804	1000
2025-01-20 00:00:00	1.02805	1.02901	1.02782	1.02899	2243
2025-01-20 00:15:00	1.02898	1.02899	1.02824	1.02828	2386
2025-01-20 00:30:00	1.02828	1.02855	1.02828	1.02844	1819
2025-01-20 00:45:00	1.02845	1.02871	1.02841	1.02865	2164
2025-01-20 01:00:00	1.02864	1.02864	1.0282	1.02844	2491
2025-01-20 01:15:00	1.02845	1.0285	1.02805	1.02819	1995
2025-01-20 01:30:00	1.02819	1.0285	1.02791	1.0285	2014
2025-01-20 01:45:00	1.02849	1.02929	1.02846	1.02906	2825
2025-01-20 02:00:00	1.02905	1.02912	1.02873	1.02903	2190
2025-01-20 02:15:00	1.02904	1.02915	1.02868	1.02874	1608
2025-01-20 02:30:00	1.02874	1.02922	1.02872	1.02908	1945
2025-01-20 02:45:00	1.02907	1.02913	1.02877	1.02909	2028
2025-01-20 03:00:00	1.02908	1.02951	1.02908	1.02946	1361
2025-01-20 03:15:00	1.02948	1.02961	1.0294	1.02955	1352
2025-01-20 03:30:00	1.02955	1.03004	1.02954	1.0297	2536
2025-01-20 03:45:00	1.02971	1.03064	1.02969	1.03062	2698
2025-01-20 04:00:00	1.03063	1.03071	1.03032	1.03048	2173
2025-01-20 04:15:00	1.03049	1.03057	1.0303	1.03035	1671
2025-01-20 04:30:00	1.03034	1.03039	1.0302	1.03028	904
2025-01-20 04:45:00	1.03029	1.03043	1.03018	1.03042	944
2025-01-20 05:00:00	1.03043	1.03052	1.03028	1.03032	1488
2025-01-20 05:15:00	1.03033	1.03036	1.03019	1.03029	1322
2025-01-20 05:30:00	1.03028	1.03062	1.03021	1.03059	1252
2025-01-20 05:45:00	1.03058	1.03063	1.03017	1.03024	1339
2025-01-20 06:00:00	1.03024	1.03033	1.02994	1.03016	2898
2025-01-20 06:15:00	1.03016	1.03062	1.03002	1.03062	1401
2025-01-20 06:30:00	1.03062	1.03078	1.03024	1.03027	939
2025-01-20 06:45:00	1.03027	1.03188	1.03023	1.03103	1880
2025-01-20 07:00:00	1.03103	1.03118	1.03067	1.03079	1984
2025-01-20 07:15:00	1.03079	1.03126	1.03057	1.03102	1309
2025-01-20 07:30:00	1.03106	1.03177	1.03076	1.03172	1568
2025-01-20 07:45:00	1.03173	1.03184	1.03113	1.03167	1937
2025-01-20 08:00:00	1.03167	1.03175	1.03112	1.03147	2180
2025-01-20 08:15:00	1.03149	1.03162	1.03068	1.03092	2417
2025-01-20 08:30:00	1031	1.03136	1.03072	1.03113	2254
2025-01-20 08:45:00	1.03113	1.03128	1.03072	1.03098	2352
2025-01-20 09:00:00	1.03097	1.03168	1.03095	1.03135	4796
2025-01-20 09:15:00	1.03134	1.03134	1.03055	1.03092	4313
2025-01-20 09:30:00	1.03092	1.03125	1.0305	1.03092	5003
2025-01-20 09:45:00	1.03094	1.03107	1.03051	1.03061	3754
2025-01-20 10:00:00	1.03062	1.03158	1.03062	1.03147	4404
2025-01-20 10:15:00	1.03148	1.03181	1.03133	1.03163	2478
2025-01-20 10:30:00	1.03163	1.03223	1.03158	1.03178	2125
2025-01-20 10:45:00	1.03177	1.03193	1.03123	1.03149	3117
2025-01-20 11:00:00	1.0315	1.03234	1.0313	1.03228	2990
2025-01-20 11:15:00	1.03226	1.03249	1.03181	1.03213	2336
2025-01-20 11:30:00	1.03212	1.03222	1.0318	1.03222	2611
2025-01-20 11:45:00	1.03224	1.03263	1.03213	1.0326	1850
2025-01-20 12:00:00	1.03261	1.03264	1.03197	1.03201	2331
2025-01-20 12:15:00	1.03205	1.03221	1.03149	1.03149	3281
2025-01-20 12:30:00	1.0315	1.03256	1.0315	1.03224	2737
2025-01-20 12:45:00	1.03224	1.0323	1.03179	1.03202	2621
2025-01-20 13:00:00	1032	1032	1.03149	1.0317	2574
2025-01-20 13:15:00	1.03171	1.03182	1.0312	1.03137	1511
2025-01-20 13:30:00	1.03138	1.03981	1.03077	1.03803	14176
2025-01-20 13:45:00	1.03804	1.03999	1.03799	1.0398	8925
2025-01-20 14:00:00	1.0398	1.04045	1.03793	1.03899	12076
2025-01-20 14:15:00	1.03899	1.04031	1.03891	1.03998	3576
2025-01-20 14:30:00	1.03999	1043	1.03871	1.04249	5440
2025-01-20 14:45:00	1.04248	1.04276	1.04073	1.04148	5924
2025-01-20 15:00:00	1.04147	1.04293	1.04084	1.04254	3807
2025-01-20 15:15:00	1.04254	1.04298	1.03987	1.04032	4395
2025-01-20 15:30:00	1.04034	1.04094	1.0388	1.03881	5236
2025-01-20 15:45:00	1.03883	1.04028	1.03848	1.04003	4179
2025-01-20 16:00:00	1.04005	1.04056	1.03906	1.03951	2823
2025-01-20 16:15:00	1.03953	1.04028	1.03906	1.04023	2313
2025-01-20 16:30:00	1.04023	1.04042	1.0396	1.03998	1542
2025-01-20 16:45:00	1.03998	1.04013	1.03967	1.03983	1147
2025-01-20 17:00:00	1.03982	1.03984	1.03761	1.03766	2228
2025-01-20 17:15:00	1.03765	1.03846	1.03534	1.03701	5208
2025-01-20 17:30:00	1.03701	1.04021	1.03698	1.03897	4554
2025-01-20 17:45:00	1.03898	1.03922	1.03829	1.03854	1399
2025-01-20 18:00:00	1.03853	1.03931	1.03846	1.0387	878
2025-01-20 18:15:00	1.0387	1.03895	1.03834	1.03857	628
2025-01-20 18:30:00	1.03861	1.03899	1.03832	1.03884	698
2025-01-20 18:45:00	1.03884	1.03966	1.03847	1.03965	719
2025-01-20 19:00:00	1.03964	1.03996	1.03929	1.03933	635
2025-01-20 19:15:00	1.03934	1.03948	1.03904	1.03945	164
2025-01-20 19:30:00	1.03947	1.04021	1.03941	1.04018	392
2025-01-20 19:45:00	1.04021	1.0423	1.04019	1.04207	2167
2025-01-20 20:00:00	1.04206	1.04342	1.0417	1.04292	2766
2025-01-20 20:15:00	1.04289	1.0429	1.04126	1.04143	1652
2025-01-20 20:30:00	1.04142	1.04243	1.04118	1.04147	1055
2025-01-20 20:45:00	1.04146	1.0417	1.04118	1.04159	416
2025-01-20 21:00:00	1.0416	1.04188	1.04119	1.04188	612
2025-01-20 21:15:00	1.04189	1.04191	1.04137	1.04145	355
2025-01-20 21:30:00	1.04144	1.04147	1.04097	1.04139	710
2025-01-20 21:45:00	1.04139	1.04168	1.04119	1.04155	1426
2025-01-20 22:00:00	1.04156	1.04172	1.04106	1.04164	254
2025-01-20 22:15:00	1.04155	1.04165	1.04109	1.04145	101
2025-01-20 22:30:00	1.04145	1.0415	1.0413	1.04135	132
2025-01-20 22:45:00	1.04135	1.04135	1.04116	1.04125	633
2025-01-20 23:00:00	1.04136	1.04255	1.0412	1.04211	1310
2025-01-20 23:15:00	1.04211	1.04242	1.04158	1.04183	1556
2025-01-20 23:30:00	1.04184	1.04207	1.04108	1.04205	1394
2025-01-20 23:45:00	1.04205	1.04237	1.04186	1.04208	938
2025-01-21 00:00:00	1.04209	1.04343	1.04196	1.04273	1993
2025-01-21 00:15:00	1.04273	1.04327	1.0424	1.04286	3138
2025-01-21 00:30:00	1.04286	1.04305	1.04178	1.04222	5834
2025-01-21 00:45:00	1.04221	1.04235	1.03528	1.03621	11006
2025-01-21 01:00:00	1.0362	1.03805	1.03556	1.03702	6670
2025-01-21 01:15:00	1.03702	1.03976	1.0369	1.0384	5775
2025-01-21 01:30:00	1.03841	1.03845	1.03641	1.03642	3424
2025-01-21 01:45:00	1.03641	1.03745	1.03631	1037	2736
2025-01-21 02:00:00	1037	1.03848	1.0369	1.03778	2857
2025-01-21 02:15:00	1.03779	1.03821	1.03728	1.03815	2016
2025-01-21 02:30:00	1.03816	1.03877	1.03794	1.03859	2088
2025-01-21 02:45:00	1.03859	1.03902	1.03843	1.03876	1683
2025-01-21 03:00:00	1.03877	1.03995	1.03871	1.0399	1759
2025-01-21 03:15:00	1.0399	1.04008	1.03965	1.03968	953
2025-01-21 03:30:00	1.03968	1.03981	1.03882	1.03899	1220
2025-01-21 03:45:00	1.03898	1.03917	1.03852	1.03874	1415
2025-01-21 04:00:00	1.03874	1.03912	1.03849	1.0391	1021
2025-01-21 04:15:00	1.03909	1.03989	1.03898	1.03973	918
2025-01-21 04:30:00	1.03973	1.03974	1.03892	1.03904	1076
2025-01-21 04:45:00	1.03902	1.0393	1.03889	1.03897	534
2025-01-21 05:00:00	1.03897	1.0392	1.03868	1.0387	706
2025-01-21 05:15:00	1.03871	1.03878	1.03833	1.03841	813
2025-01-21 05:30:00	1.03839	1.03847	1.03814	1.0382	775
2025-01-21 05:45:00	1.03821	1.03824	1.03773	1.03787	1156
2025-01-21 06:00:00	1.03789	1038	1.03767	1.03798	972
2025-01-21 06:15:00	1.03797	1.03814	1.03777	1.03793	1161
2025-01-21 06:30:00	1.03795	1.03795	1.03695	1.0372	1362
2025-01-21 06:45:00	1.03721	1.03721	1.03665	1.0369	1512
2025-01-21 07:00:00	1.03687	1.03766	1.03651	1.03754	1841
2025-01-21 07:15:00	1.03755	1.03784	1.03737	1.0377	1457
2025-01-21 07:30:00	1.03771	1.03861	1.03756	1.0381	1900
2025-01-21 07:45:00	1.03812	1.03821	1.03733	1.03734	2355
2025-01-21 08:00:00	1.03734	1.03734	1.0365	1.03687	2756
2025-01-21 08:15:00	1.03685	1.03715	1.03621	1.03631	2091
2025-01-21 08:30:00	1.03631	1.03681	1.03501	1.03534	2435
2025-01-21 08:45:00	1.03535	1.0365	1.03528	1.03607	2701
2025-01-21 09:00:00	1.03606	1.03636	1.03548	1.03562	2084
2025-01-21 09:15:00	1.03561	1.03637	1.03529	1.03573	2792
2025-01-21 09:30:00	1.03571	1.03575	1.0342	1.0346	3447
2025-01-21 09:45:00	1.0346	1.03548	1.03454	1.03533	2862
2025-01-21 10:00:00	1.03532	1.03549	1.0343	1.03454	3688
2025-01-21 10:15:00	1.03452	1.03558	1.03433	1.03544	3585
2025-01-21 10:30:00	1.03544	1.03595	1.03511	1.03512	3128
2025-01-21 10:45:00	1.03511	1.03544	1.03495	1.03528	1938
2025-01-21 11:00:00	1.03528	1.03544	1.03475	1.03539	1506
2025-01-21 11:15:00	1.03538	1.03539	1.03474	1.03495	1848
2025-01-21 11:30:00	1.03494	1.03496	1.03428	1.03484	2354
2025-01-21 11:45:00	1.03483	1.03579	1.03464	1.03533	2155
2025-01-21 12:00:00	1.03532	1.03561	1.03458	1.03476	2509
2025-01-21 12:15:00	1.03476	1.0357	1.03474	1.03562	2996
2025-01-21 12:30:00	1.03561	1.03581	1.03528	1.03552	1671
2025-01-21 12:45:00	1.03552	1.0356	1.03456	1.0354	2994
2025-01-21 13:00:00	1.03541	1.03594	1.03527	1.03594	2498
2025-01-21 13:15:00	1.03596	1.0367	1.03591	1.03628	2520
2025-01-21 13:30:00	1.03628	1.03745	1.0362	1.0372	2693
2025-01-21 13:45:00	1.0372	1.03778	1.03694	1.03777	4411
2025-01-21 14:00:00	1.0378	1.03835	1.03728	1.03833	3105
2025-01-21 14:15:00	1.03832	1.03945	1.03818	1.03937	2520
2025-01-21 14:30:00	1.03937	1.03984	1.03867	1.03953	4490
2025-01-21 14:45:00	1.03953	1.03957	1.03791	1.03868	4742
2025-01-21 15:00:00	1.03867	1.03918	1.03786	1.03894	3828
2025-01-21 15:15:00	1.03891	1.03986	1.03852	1.03945	3079
2025-01-21 15:30:00	1.03947	1.04104	1.03942	1.04024	3412
2025-01-21 15:45:00	1.04023	1.04085	1.03967	1.04006	4794
2025-01-21 16:00:00	1.04005	1.04061	1.03991	1.04018	2705
2025-01-21 16:15:00	1.04015	1.04158	1.03984	1.04156	2696
2025-01-21 16:30:00	1.04155	1.04209	1.04112	1.04182	2361
2025-01-21 16:45:00	1.04184	1.04227	1.04128	1.04223	2523
2025-01-21 17:00:00	1.04223	1.04278	1.04216	1.04232	2192
2025-01-21 17:15:00	1.04231	1.04295	1.04212	1.04283	1918
2025-01-21 17:30:00	1.04283	1.04299	1.04257	1.04264	1256
2025-01-21 17:45:00	1.04263	1.04287	1.04211	1.04211	2052
2025-01-21 18:00:00	1.04211	1.04249	1.04197	1.04225	1678
2025-01-21 18:15:00	1.04227	1.0427	1.04208	1.04263	1063
2025-01-21 18:30:00	1.04264	1.04353	1.04244	1.04324	1267
2025-01-21 18:45:00	1.04324	1.04342	1.04276	1.04289	893
2025-01-21 19:00:00	1.04289	1.04305	1.04271	1.04278	1062
2025-01-21 19:15:00	1.04279	1.04282	1.04211	1.04219	1057
2025-01-21 19:30:00	1.04221	1.04222	1.04166	1.04171	1003
2025-01-21 19:45:00	1.04172	1.04193	1.0416	1.04179	869
2025-01-21 20:00:00	1.04178	1.04215	1.04158	1.04177	867
2025-01-21 20:15:00	1.04178	1.0419	1.04157	1.04178	552
2025-01-21 20:30:00	1.04177	1.04202	1.04166	1.04191	2665
2025-01-21 20:45:00	1.04191	1.04201	1.04161	1.04199	862
2025-01-21 21:00:00	1.04199	1.04247	1.04188	1.04238	923
2025-01-21 21:15:00	1.04237	1.04262	1.04227	1.04252	290
2025-01-21 21:30:00	1.04251	1.04268	1.0425	1.04263	203
2025-01-21 21:45:00	1.04263	1.04296	1.0422	1.04253	837
2025-01-21 22:00:00	1.04228	1.0425	1.04214	1.04236	383
2025-01-21 22:15:00	1.0424	1.04251	1.04236	1.04236	462
2025-01-21 22:30:00	1.04236	1.04334	1.04236	1.04276	834
2025-01-21 22:45:00	1.04276	1.04297	1.04253	1.04261	840
2025-01-21 23:00:00	1.0426	1.04273	1.03955	1.03955	3885
2025-01-21 23:15:00	1.03955	1.04106	1.03921	1.0407	2381
2025-01-21 23:30:00	1.0407	1.04091	1.0403	1.04045	771
2025-01-21 23:45:00	1.04044	1.04122	1.04026	1.04057	979
2025-01-22 00:00:00	1.04057	1.0419	1.04057	1.04173	1278
2025-01-22 00:15:00	1.04173	1.04236	1.04156	1.04187	1196
2025-01-22 00:30:00	1.04187	1.04241	1.04187	1.0422	632
2025-01-22 00:45:00	1.0422	1.04245	1.04193	1.0423	1046
2025-01-22 01:00:00	1.0423	1.04231	1.04143	1.0417	1399
2025-01-22 01:15:00	1.04171	1.04196	1.04151	1.04165	1321
2025-01-22 01:30:00	1.04163	1.04165	1.04121	1.0413	1253
2025-01-22 01:45:00	1.0413	1.04142	1.04075	1.04095	1087
2025-01-22 02:00:00	1.04095	1.04125	1.04061	1.04123	1538
2025-01-22 02:15:00	1.04124	1.04142	1.04087	1.04095	1059
2025-01-22 02:30:00	1.04094	1.04133	1.04085	1.04126	664
2025-01-22 02:45:00	1.04127	1.04162	1.04092	1.04136	653
2025-01-22 03:00:00	1.04136	1.04145	1.04109	1.04122	697
2025-01-22 03:15:00	1.04123	1.04143	1.0412	1.04131	427
2025-01-22 03:30:00	1.04131	1.04156	1.04119	1.04137	454
2025-01-22 03:45:00	1.04136	1.04141	1041	1.04119	1045
2025-01-22 04:00:00	1.04119	1.04172	1.04113	1.04169	423
2025-01-22 04:15:00	1.04169	1.04192	1.04157	1.04192	594
2025-01-22 04:30:00	1.04193	1.04213	1.04175	1.04175	677
2025-01-22 04:45:00	1.04176	1.04207	1.04158	1.04171	702
2025-01-22 05:00:00	1.0417	1.04179	1.04145	1.0415	614
2025-01-22 05:15:00	1.0415	1.04151	1.04082	1.04116	596
2025-01-22 05:30:00	1.04116	1.04139	1.04099	1.04112	430
2025-01-22 05:45:00	1.04112	1.04165	1.04111	1.04156	711
2025-01-22 06:00:00	1.04156	1.04185	1.04105	1.04105	1293
2025-01-22 06:15:00	1.04106	1.04118	1.0405	1.04112	1725
2025-01-22 06:30:00	1.04111	1.04118	1.04026	1.04029	1161
2025-01-22 06:45:00	1.0403	1.04047	1.03998	1.04036	1193
2025-01-22 07:00:00	1.04037	1.04136	1.04033	1.04126	1679
2025-01-22 07:15:00	1.04126	1.04168	1.04116	1.04165	1418
2025-01-22 07:30:00	1.04164	1.04196	1.04135	1.0417	1971
2025-01-22 07:45:00	1.04171	1.04175	1.04081	1.04117	2528
2025-01-22 08:00:00	1.04117	1.04163	1.04095	1.04141	3453
2025-01-22 08:15:00	1.04141	1042	1.04105	1.04129	2728
2025-01-22 08:30:00	1.0413	1.0423	1.04115	1.04192	2962
2025-01-22 08:45:00	1.04193	1.04239	1.04173	1.0423	3193
2025-01-22 09:00:00	1.04232	1.04278	1.04199	1.04255	3548
2025-01-22 09:15:00	1.04255	1.04346	1.04244	1.04321	3944
2025-01-22 09:30:00	1.04322	1.04373	1.04279	1.0436	2691
2025-01-22 09:45:00	1.0436	1.04473	1.04311	1.04463	3931
2025-01-22 10:00:00	1.04464	1.04526	1.04426	1.04458	4043
2025-01-22 10:15:00	1.04458	1.04555	1.0445	1.04549	2547
2025-01-22 10:30:00	1.0455	1.04573	1.04512	1.04522	2369
2025-01-22 10:45:00	1.04522	1.04539	1.04476	1.04499	2343
2025-01-22 11:00:00	1.04498	1.04561	1.04478	1.04553	2283
2025-01-22 11:15:00	1.04553	1.04562	1.04453	1.04459	1801
2025-01-22 11:30:00	1.04458	1.04474	1.04404	1.04446	1819
2025-01-22 11:45:00	1.04448	1.0446	1.0441	1.04427	1512
2025-01-22 12:00:00	1.04426	1.04427	1.04375	1.04414	1892
2025-01-22 12:15:00	1.04415	1.04426	1.04315	1.04318	2029
2025-01-22 12:30:00	1.04318	1.04379	1.0431	1.04361	2107
2025-01-22 12:45:00	1.04361	1.04402	1.04331	1.0438	2127
2025-01-22 13:00:00	1.04382	1.04457	1.04364	1.04435	1783
2025-01-22 13:15:00	1.04436	1.04451	1.04353	1.04354	3029
2025-01-22 13:30:00	1.04357	1.04392	1.04221	1.04284	3421
2025-01-22 13:45:00	1.04285	1.04354	1.04264	1.04316	2836
2025-01-22 14:00:00	1.04314	1.04319	1.04174	1.04184	4019
2025-01-22 14:15:00	1.04185	1.04277	1.04166	1.04207	3189
2025-01-22 14:30:00	1.04209	1.04234	1.04141	1.04186	5600
2025-01-22 14:45:00	1.04186	1.0429	1.04184	1.04244	6964
2025-01-22 15:00:00	1.04244	1.04249	1.04155	1042	3542
2025-01-22 15:15:00	1042	1.04235	1.04152	1.04162	3812
2025-01-22 15:30:00	1.04162	1.0423	1.04147	1.04172	3762
2025-01-22 15:45:00	1.04172	1.04212	1.04152	1.04199	5155
2025-01-22 16:00:00	1.04198	1.04226	1.04161	1.04177	2710
2025-01-22 16:15:00	1.04177	1.04182	1.04121	1.04135	2486
2025-01-22 16:30:00	1.04137	1.04216	1.04131	1.04193	2204
2025-01-22 16:45:00	1.04192	1.04221	1.04176	1.04194	1595
2025-01-22 17:00:00	1.04195	1.04203	1.04135	1.04148	1844
2025-01-22 17:15:00	1.04148	1.04159	1.04119	1.04132	2639
2025-01-22 17:30:00	1.0413	1.04193	1.0412	1.04164	1390
2025-01-22 17:45:00	1.04165	1.04177	1.04129	1.04169	1352
2025-01-22 18:00:00	1.0417	1.04185	1.04117	1.04141	2269
2025-01-22 18:15:00	1.04143	1.04204	1.04134	1.04192	1288
2025-01-22 18:30:00	1.04191	1.04209	1.04181	1.04197	1215
2025-01-22 18:45:00	1.04198	1.0421	1.04146	1.0416	1391
2025-01-22 19:00:00	1.04161	1.04207	1.04155	1.04199	1180
2025-01-22 19:15:00	1.04199	1.04225	1.0419	1.04214	764
2025-01-22 19:30:00	1.04214	1.04227	1.0419	1.04197	878
2025-01-22 19:45:00	1.04196	1.04205	1.0417	1.04201	1104
2025-01-22 20:00:00	1042	1.04228	1.04176	1.04223	844
2025-01-22 20:15:00	1.04222	1.04228	1.04195	1.04201	956
2025-01-22 20:30:00	1.04202	1.04207	1.04146	1.04147	966
2025-01-22 20:45:00	1.04146	1.04159	1.0411	1.04121	3716
2025-01-22 21:00:00	1.04123	1.04131	1.04105	1.04108	2372
2025-01-22 21:15:00	1.04109	1.04113	1.04097	1.04103	493
2025-01-22 21:30:00	1.04104	1.04105	1.04079	1.04088	251
2025-01-22 21:45:00	1.04087	1.04101	1.04077	1.04077	1254
2025-01-22 22:00:00	1.04072	1.04103	1.04061	1.04083	117
2025-01-22 22:15:00	1.04083	1.04083	1.04068	1.04081	32
2025-01-22 22:30:00	1.04082	1.04109	1.04082	1.04092	256
2025-01-22 22:45:00	1.04091	1.04104	1.04071	1.04071	137
2025-01-22 23:00:00	1.04071	1.04089	1.04056	1.04057	800
2025-01-22 23:15:00	1.04055	1.0409	1.04052	1.04063	670
2025-01-22 23:30:00	1.04063	1.04075	1.04062	1.04074	297
2025-01-22 23:45:00	1.04073	1.04084	1.04062	1.04077	238
2025-01-23 00:00:00	1.04076	1.04113	1.04076	1.04102	738
2025-01-23 00:15:00	1.04101	1.04116	1.04081	1.04087	631
2025-01-23 00:30:00	1.04088	1.04095	1.04067	1.04095	1290
2025-01-23 00:45:00	1.04093	1.04106	1.04072	1.04103	601
2025-01-23 01:00:00	1.04102	1.04158	1.04097	1.04146	1267
2025-01-23 01:15:00	1.04146	1.04146	1.04082	1.04082	1321
2025-01-23 01:30:00	1.04082	1.04125	1.04081	1.04095	1646
2025-01-23 01:45:00	1.04094	1.04096	1.04019	1.04035	1462
2025-01-23 02:00:00	1.04035	1.04041	1.03967	1.04019	2012
2025-01-23 02:15:00	1.04019	1.04061	1.04012	1.04053	1500
2025-01-23 02:30:00	1.04054	1.04055	1.04011	1.04037	983
2025-01-23 02:45:00	1.04038	1.04046	1.04011	1.04035	1001
2025-01-23 03:00:00	1.04035	1.04063	1.04029	1.04048	1050
2025-01-23 03:15:00	1.04046	1.04076	1.04046	1.04067	1038
2025-01-23 03:30:00	1.04066	1.0409	1.04057	1.04076	590
2025-01-23 03:45:00	1.04075	1.04088	1.04056	1.04088	702
2025-01-23 04:00:00	1.04086	1.04107	1.04086	1.04094	552
2025-01-23 04:15:00	1.04093	1.04117	1.04088	1.04116	896
2025-01-23 04:30:00	1.04119	1.04127	1.04112	1.04117	640
2025-01-23 04:45:00	1.04116	1.04123	1.04099	1.04107	592
2025-01-23 05:00:00	1.04107	1.04115	1.04052	1.04101	1062
2025-01-23 05:15:00	1041	1.04105	1.04068	1.04069	623
2025-01-23 05:30:00	1.04068	1.04077	1.04052	1.04058	753
2025-01-23 05:45:00	1.04056	1.04065	1.04041	1.04051	779
2025-01-23 06:00:00	1.0405	1041	1.04047	1.04087	1185
2025-01-23 06:15:00	1.04086	1.0412	1.04083	1.04118	1354
2025-01-23 06:30:00	1.04119	1.04119	1.04065	1.04065	967
2025-01-23 06:45:00	1.04067	1.04075	1.04028	1.04033	1127
2025-01-23 07:00:00	1.04033	1.04054	1.03899	1.03961	3067
2025-01-23 07:15:00	1.03961	1.03992	1.03933	1.03956	2213
2025-01-23 07:30:00	1.03957	1.03981	1.0393	1.03954	1981
2025-01-23 07:45:00	1.03956	1.04018	1.03946	1.04	2097
2025-01-23 08:00:00	1.03999	1.04018	1.03939	1.04004	2810
2025-01-23 08:15:00	1.04002	1.04022	1.03953	1.03954	1863
2025-01-23 08:30:00	1.03954	1.03978	1.03902	1.03927	2393
2025-01-23 08:45:00	1.03928	1.03967	1.03914	1.03939	2122
2025-01-23 09:00:00	1.03939	1.04054	1.03933	1.0403	2133
2025-01-23 09:15:00	1.04029	1.04085	1.04015	1.04042	2585
2025-01-23 09:30:00	1.04043	1.04093	1.04038	1.04076	2354
2025-01-23 09:45:00	1.04074	1.04147	1.04062	1.04115	2147
2025-01-23 10:00:00	1.04116	1.04154	1.04098	1.04144	2189
2025-01-23 10:15:00	1.04145	1.04177	1.04121	1.04177	2155
2025-01-23 10:30:00	1.04178	1.04203	1.04153	1.04187	1755
2025-01-23 10:45:00	1.04187	1.04192	1.0411	1.04112	1459
2025-01-23 11:00:00	1.04111	1.04135	1.04077	1.04113	1994
2025-01-23 11:15:00	1.04112	1.04133	1.04089	1.04124	1350
2025-01-23 11:30:00	1.04124	1.0414	1.04103	1.04105	2192
2025-01-23 11:45:00	1.04104	1.04121	1.04011	1.04031	2466
2025-01-23 12:00:00	1.04032	1.04047	1.0394	1.03968	2493
2025-01-23 12:15:00	1.0397	1.03993	1.0395	1.03993	1927
2025-01-23 12:30:00	1.03992	1.04028	1.0396	1.04004	1941
2025-01-23 12:45:00	1.04004	1.0406	1.0399	1.04035	2297
2025-01-23 13:00:00	1.04036	1.04087	1.03972	1.0398	3752
2025-01-23 13:15:00	1.03984	1.04089	1.03976	1.04057	3320
2025-01-23 13:30:00	1.04057	1.04149	1.04057	1.04087	4710
2025-01-23 13:45:00	1.04085	1.04122	1.04043	1.04107	4570
2025-01-23 14:00:00	1.04107	1.0415	1.04089	1.04128	3179
2025-01-23 14:15:00	1.04129	1.04179	1.04108	1.04116	2121
2025-01-23 14:30:00	1.04117	1.04132	1.04058	1.04081	2735
2025-01-23 14:45:00	1.04082	1.04126	1.04057	1.04086	2672
2025-01-23 15:00:00	1.04088	1.04097	1.0398	1.0401	4957
2025-01-23 15:15:00	1.04011	1.0402	1.03869	1.0395	4910
2025-01-23 15:30:00	1.0395	1.03995	1.0393	1.03955	2646
2025-01-23 15:45:00	1.03955	1.03984	1.03892	1.03972	4193
2025-01-23 16:00:00	1.03973	1.04037	1.03719	1.03975	7800
2025-01-23 16:15:00	1.03976	1.04157	1.03963	1.04087	7642
2025-01-23 16:30:00	1.04086	1.04239	1.04034	1.04205	4643
2025-01-23 16:45:00	1.04207	1.0429	1.04123	1.04193	4349
2025-01-23 17:00:00	1.0419	1.04239	1.04136	1.04212	2410
2025-01-23 17:15:00	1.04209	1.04212	1.04146	1.04159	1852
2025-01-23 17:30:00	1.0416	1043	1.0416	1.04295	2229
2025-01-23 17:45:00	1.04294	1.04378	1.04291	1.04351	3461
2025-01-23 18:00:00	1.04352	1.04363	1.04312	1.04351	2180
2025-01-23 18:15:00	1.04352	1.04369	1.04271	1.04274	2788
2025-01-23 18:30:00	1.04273	1.04283	1.04217	1.04258	1886
2025-01-23 18:45:00	1.04258	1.04277	1.04231	1.04238	1992
2025-01-23 19:00:00	1.04237	1.04256	1.04203	1.04207	997
2025-01-23 19:15:00	1.04209	1.04257	1.04197	1.04233	1186
2025-01-23 19:30:00	1.04234	1.04264	1.04203	1.04217	1206
2025-01-23 19:45:00	1.04216	1.04252	1.0421	1.04227	1168
2025-01-23 20:00:00	1.04227	1.0428	1.04186	1.04257	1246
2025-01-23 20:15:00	1.04256	1.04289	1.04239	1.04257	1179
2025-01-23 20:30:00	1.04256	1.04261	1.04163	1.04174	1676
2025-01-23 20:45:00	1.04175	1.04198	1.04158	1.04172	1700
2025-01-23 21:00:00	1.04172	1.04191	1.04136	1.04144	1130
2025-01-23 21:15:00	1.04144	1.04177	1.04126	1.04143	511
2025-01-23 21:30:00	1.04144	1.04179	1.04143	1.04158	394
2025-01-23 21:45:00	1.04157	1.04162	1.04132	1.04148	923
2025-01-23 22:00:00	1.0414	1.04179	1.0414	1.04158	184
2025-01-23 22:15:00	1.04156	1.04169	1.04154	1.0416	235
2025-01-23 22:30:00	1.0416	1.04176	1.04154	1.04165	288
2025-01-23 22:45:00	1.04166	1.04173	1.04131	1.04163	632
2025-01-23 23:00:00	1.04166	1.04175	1.04143	1.04148	390
2025-01-23 23:15:00	1.04151	1.04168	1.04146	1.04158	348
2025-01-23 23:30:00	1.04158	1.04167	1.04145	1.04152	286
2025-01-23 23:45:00	1.04152	1.04166	1.04144	1.04156	422
2025-01-24 00:00:00	1.04155	1.04196	1.04133	1.04196	747
2025-01-24 00:15:00	1.04197	1.04197	1.04169	1.04185	787
2025-01-24 00:30:00	1.04186	1.04215	1.04181	1.04215	692
2025-01-24 00:45:00	1.04215	1.0423	1.04168	1.0419	1307
2025-01-24 01:00:00	1.04192	1.04196	1.0417	1.04189	1147
2025-01-24 01:15:00	1.0419	1.04201	1.04165	1.04165	1460
2025-01-24 01:30:00	1.04164	1.0417	1.04126	1.04159	1656
2025-01-24 01:45:00	1.04159	1.04166	1.04115	1.04157	1046
2025-01-24 02:00:00	1.04158	1.04327	1.04158	1.04308	1645
2025-01-24 02:15:00	1.04311	1.0442	1.04296	1.04355	3820
2025-01-24 02:30:00	1.04354	1.0448	1.04345	1.04475	2512
2025-01-24 02:45:00	1.04476	1.04489	1.04452	1.04486	2281
2025-01-24 03:00:00	1.04485	1.04537	1.04441	1.0445	3172
2025-01-24 03:15:00	1.04449	1.0445	1.04364	1.04407	3120
2025-01-24 03:30:00	1.04408	1.04454	1.04381	1.04429	2554
2025-01-24 03:45:00	1.04431	1.04498	1.04423	1.0446	1905
2025-01-24 04:00:00	1.04459	1045	1.04441	1045	1848
2025-01-24 04:15:00	1045	1.04503	1.04443	1.04486	1735
2025-01-24 04:30:00	1.04488	1.04513	1.04441	1.04446	1116
2025-01-24 04:45:00	1.04446	1.04476	1.04434	1.04472	907
2025-01-24 05:00:00	1.04471	1.04537	1.04471	1.04512	1279
2025-01-24 05:15:00	1.04512	1.04512	1.04456	1.04456	1217
2025-01-24 05:30:00	1.04455	1.04483	1.04436	1.04472	1122
2025-01-24 05:45:00	1.04473	1.04513	1.04463	1.04513	1192
2025-01-24 06:00:00	1.04512	1.04544	1.04492	1.04524	1384
2025-01-24 06:15:00	1.04524	1.04581	1.04514	1.04551	1551
2025-01-24 06:30:00	1.04549	1.04708	1.04521	1.04654	3201
2025-01-24 06:45:00	1.04652	1.04675	1.04551	1.04572	2804
2025-01-24 07:00:00	1.04572	1.0458	1.04476	1.04476	3634
2025-01-24 07:15:00	1.04475	1.04576	1.04471	1.04531	2797
2025-01-24 07:30:00	1.04531	1.04548	1.04474	1.04528	2141
2025-01-24 07:45:00	1.04527	1.04647	1.04526	1.04608	2538
2025-01-24 08:00:00	1.04608	1.04844	1.04577	1.04762	4405
2025-01-24 08:15:00	1.04784	1.04891	1.04717	1.04782	4307
2025-01-24 08:30:00	1.04795	1.04938	1.04795	1.04896	4823
2025-01-24 08:45:00	1.04897	1.04952	1.04845	1.04931	3121
2025-01-24 09:00:00	1.04931	1.05005	1.04913	1.04955	5138
2025-01-24 09:15:00	1.04955	1.0515	1.0494	1.05064	5135
2025-01-24 09:30:00	1.05069	1.05089	1.04956	1.04956	3333
2025-01-24 09:45:00	1.04958	1.04963	1.04907	1.04942	2410
2025-01-24 10:00:00	1.04944	1.04977	1.0491	1.04952	2198
2025-01-24 10:15:00	1.04951	1.04966	1.0486	1.04923	1966
2025-01-24 10:30:00	1.04924	1.04949	1.04864	1.04895	2937
2025-01-24 10:45:00	1.04896	1.04907	1.04863	1.0489	1753
2025-01-24 11:00:00	1.04891	1.0493	1.04864	1.04907	1457
2025-01-24 11:15:00	1.04908	1.04911	1.04871	1.0488	1469
2025-01-24 11:30:00	1.0488	1.0488	1.04811	1.04828	1877
2025-01-24 11:45:00	1.04829	1.04895	1.04826	1.04859	1709
2025-01-24 12:00:00	1.04858	1.04858	1.04779	1.04794	1778
2025-01-24 12:15:00	1.04794	1.04872	1.04794	1.04866	1889
2025-01-24 12:30:00	1.04867	1.04875	1.04813	1.04818	1636
2025-01-24 12:45:00	1.04819	1.0482	1.04732	1.04736	2763
2025-01-24 13:00:00	1.04737	1.04797	1.04692	1.04729	3476
2025-01-24 13:15:00	1.04728	1.04764	1.0466	1.04667	2739
2025-01-24 13:30:00	1.04666	1.04705	1.04636	1.04703	1883
2025-01-24 13:45:00	1.04701	1.04731	1.04671	1.04685	1993
2025-01-24 14:00:00	1.04683	1.0475	1.04671	1.04736	2243
2025-01-24 14:15:00	1.04736	1.04776	1.04718	1.04752	2125
2025-01-24 14:30:00	1.04753	1.04829	1.04723	1.0477	4640
2025-01-24 14:45:00	1.04841	1.0494	1.04815	1.04916	5785
2025-01-24 15:00:00	1.04916	1.05112	1.04894	1.05018	5173
2025-01-24 15:15:00	1.05017	1.05086	1.04974	1.05019	4393
2025-01-24 15:30:00	1.05021	1.05117	1.05009	1.05098	4194
2025-01-24 15:45:00	1.05102	1.05206	1.05044	1.05162	5758
2025-01-24 16:00:00	1.05162	1.05203	1.05115	1.05142	5330
2025-01-24 16:15:00	1.05142	1.05151	1.05089	1.05137	3446
2025-01-24 16:30:00	1.05136	1.0517	1.05114	1.05135	2222
2025-01-24 16:45:00	1.05134	1.05169	1.05054	1.05145	2871
2025-01-24 17:00:00	1.05143	1052	1.05125	1.0519	2608
2025-01-24 17:15:00	1.0519	1.05213	1.05124	1.05126	1939
2025-01-24 17:30:00	1.05128	1.05178	1.05118	1.05152	1580
2025-01-24 17:45:00	1.05152	1.05155	1.05097	1.05109	2087
2025-01-24 18:00:00	1.05109	1.05118	1.05058	1.05088	1436
2025-01-24 18:15:00	1.0509	1.05093	1.05016	1.05026	1296
2025-01-24 18:30:00	1.05028	1.05041	1.04977	1.04979	882
2025-01-24 18:45:00	1.04979	1.04981	1.04939	1.0495	1421
2025-01-24 19:00:00	1.04952	1.04956	1.0492	1.04947	1102
2025-01-24 19:15:00	1.04949	1.04952	1.04935	1.04949	902
2025-01-24 19:30:00	1.0495	1.04985	1.0495	1.04964	1135
2025-01-24 19:45:00	1.04963	1.0497	1.0492	1.04952	959
2025-01-24 20:00:00	1.04952	1.04952	1.04903	1.04941	882
2025-01-24 20:15:00	1.04944	1.04961	1.04923	1.04936	843
2025-01-24 20:30:00	1.04937	1.0494	1.04881	1.04905	733
2025-01-24 20:45:00	1.04904	1.04951	1.0489	1.04945	852
2025-01-24 21:00:00	1.04948	1.04972	1.04942	1.04966	482
2025-01-24 21:15:00	1.0497	1.0497	1.04936	1.04944	174
2025-01-24 21:30:00	1.04942	1.04959	1.04932	1.04957	410
2025-01-24 21:45:00	1.04957	1.04962	1.04891	1.04919	1548
2025-01-26 22:00:00	1.04763	1.0481	1.04753	1.0481	251
2025-01-26 22:15:00	1.0481	1.04838	1.0481	1.04832	270
2025-01-26 22:30:00	1.04832	1.04846	1.04823	1.04824	351
2025-01-26 22:45:00	1.04827	1.04831	1.0482	1.0482	285
2025-01-26 23:00:00	1.04826	1.04851	1.04748	1.04754	1573
2025-01-26 23:15:00	1.04758	1.04766	1.04704	1.04724	920
2025-01-26 23:30:00	1.04723	1.04731	1.04684	1.04721	675
2025-01-26 23:45:00	1.04721	1.04721	1.04651	1.04673	607
2025-01-27 00:00:00	1.04673	1.04684	1.04652	1.04671	1421
2025-01-27 00:15:00	1.04671	1.04746	1.04666	1.04741	1328
2025-01-27 00:30:00	1.0474	1.04762	1.04706	1.04721	1065
2025-01-27 00:45:00	1.04721	1.04754	1.04713	1.04727	1120
2025-01-27 01:00:00	1.04726	1.04787	1.0472	1.04774	1635
2025-01-27 01:15:00	1.04775	1.0478	1.04713	1.0472	2070
2025-01-27 01:30:00	1.04721	1.04721	1.04621	1.0465	2118
2025-01-27 01:45:00	1.04649	1.04663	1.0461	1.04628	1563
2025-01-27 02:00:00	1.04627	1.04653	1046	1.04609	1148
2025-01-27 02:15:00	1.04609	1.04635	1.04598	1.04621	1415
2025-01-27 02:30:00	1.04623	1.04634	1.04588	1.04632	985
2025-01-27 02:45:00	1.04631	1.04665	1.04617	1.04659	977
2025-01-27 03:00:00	1.04659	1.04714	1.04632	1.04714	1387
2025-01-27 03:15:00	1.04714	1.04774	1.04681	1.04702	1654
2025-01-27 03:30:00	1.04702	1.04716	1.04659	1.04673	1501
2025-01-27 03:45:00	1.04673	1.04695	1.04638	1.04684	900
2025-01-27 04:00:00	1.04685	1.04688	1.0466	1.04662	841
2025-01-27 04:15:00	1.04661	1.04671	1.04628	1.04632	1168
2025-01-27 04:30:00	1.04632	1.04637	1.04598	1.04637	1437
2025-01-27 04:45:00	1.04639	1.04656	1.04631	1.04632	802
2025-01-27 05:00:00	1.04632	1.04632	1.04562	1.04571	1714
2025-01-27 05:15:00	1.04572	1.04594	1.04558	1.04588	1888
2025-01-27 05:30:00	1.04589	1.04611	1.04577	1.04604	1473
2025-01-27 05:45:00	1.04604	1.04645	1.04604	1.04628	941
2025-01-27 06:00:00	1.04628	1.04637	1.04585	1.04617	929
2025-01-27 06:15:00	1.04618	1.04653	1.04601	1.04637	1375
2025-01-27 06:30:00	1.04636	1.04638	1.04585	1.04585	1456
2025-01-27 06:45:00	1.04585	1.04606	1.04569	1.04591	1596
2025-01-27 07:00:00	1.04593	1.04622	1.04539	1.04563	2480
2025-01-27 07:15:00	1.04562	1.04636	1.04543	1.04616	3137
2025-01-27 07:30:00	1.04617	1.04711	1.04602	1.04704	2411
2025-01-27 07:45:00	1.04702	1.04708	1.0456	1.0457	2737
2025-01-27 08:00:00	1.04568	1.04724	1.04543	1.04715	3746
2025-01-27 08:15:00	1.04716	1.04776	1.04689	1.04728	5154
2025-01-27 08:30:00	1.04726	1.0479	1.04712	1.04784	3595
2025-01-27 08:45:00	1.04785	1.04886	1.04778	1.04873	3211
2025-01-27 09:00:00	1.04874	1.04928	1.04798	1.04914	5692
2025-01-27 09:15:00	1.04914	1.04936	1.04778	1.04825	5178
2025-01-27 09:30:00	1.04827	1.04846	1.04751	1.04837	3849
2025-01-27 09:45:00	1.04838	1.04895	1.04798	1.04886	2585
2025-01-27 10:00:00	1.04886	1.0502	1.04886	1.04936	5967
2025-01-27 10:15:00	1.04935	1.04988	1.04916	1.04962	3806
2025-01-27 10:30:00	1.04963	1.05047	1.04961	1.05046	3523
2025-01-27 10:45:00	1.05045	1.05089	1.05009	1.05055	2914
2025-01-27 11:00:00	1.05053	1.05173	1.05044	1.05138	3829
2025-01-27 11:15:00	1.05137	1.05149	1.05078	1.05134	2953
2025-01-27 11:30:00	1.05136	1.0518	1.05099	1.05112	3698
2025-01-27 11:45:00	1.05112	1.05148	1.05087	1.05129	2808
2025-01-27 12:00:00	1.05129	1.05182	1.05095	1.05104	2541
2025-01-27 12:15:00	1.05103	1.05151	1.05088	1.05145	2096
2025-01-27 12:30:00	1.05145	1.05188	1.05125	1.05156	2221
2025-01-27 12:45:00	1.05156	1.05278	1.05126	1.05213	3001
2025-01-27 13:00:00	1.05211	1.0533	1.05169	1.05225	6699
2025-01-27 13:15:00	1.05227	1.05227	1.05096	1.05132	6131
2025-01-27 13:30:00	1.05132	1.05246	1.0511	1.05216	4273
2025-01-27 13:45:00	1.05215	1.05287	1.05187	1.05198	4422
2025-01-27 14:00:00	1.05197	1.05243	1.05164	1.05184	2957
2025-01-27 14:15:00	1.05183	1.05234	1.05141	1.05163	4370
2025-01-27 14:30:00	1.05163	1.05193	1.05097	1.05102	4914
2025-01-27 14:45:00	1.05103	1.05178	1.05077	1.05092	3225
2025-01-27 15:00:00	1.05092	1.05095	1.05028	1.05053	4515
2025-01-27 15:15:00	1.05052	1.05097	1.05028	1.05028	5449
2025-01-27 15:30:00	1.05029	1.05035	1.04938	1.04954	5740
2025-01-27 15:45:00	1.04954	1.05003	1.0495	1.04989	4031
2025-01-27 16:00:00	1.04989	1.0507	1.04975	1.05051	3480
2025-01-27 16:15:00	1.05051	1.05076	1.04997	1.05059	4499
2025-01-27 16:30:00	1.05059	1.05059	1.04915	1.04928	5569
2025-01-27 16:45:00	1.04932	1.04976	1.0489	1.04906	3371
2025-01-27 17:00:00	1.04906	1.04912	1.04848	1.04856	3183
2025-01-27 17:15:00	1.04856	1.04946	1.04846	1.04878	2158
2025-01-27 17:30:00	1.04878	1.04896	1.04855	1.04876	1778
2025-01-27 17:45:00	1.04874	1.04945	1.04872	1.04885	2208
2025-01-27 18:00:00	1.04884	1.04941	1.04852	1.04894	2510
2025-01-27 18:15:00	1.04893	1.04894	1.04842	1.04844	2700
2025-01-27 18:30:00	1.04843	1.04863	1.04816	1.04857	2225
2025-01-27 18:45:00	1.04857	1.04887	1.04837	1.04846	1815
2025-01-27 19:00:00	1.04848	1.04849	1.04791	1.04811	1828
2025-01-27 19:15:00	1.04811	1.04878	1.04804	1.04873	1751
2025-01-27 19:30:00	1.04874	1.04912	1.04853	1.04908	1847
2025-01-27 19:45:00	1.04909	1.04927	1.04878	1.04925	1754
2025-01-27 20:00:00	1.04926	1.04926	1.04883	1.04909	4190
2025-01-27 20:15:00	1.04909	1.04916	1.04892	1.0491	1765
2025-01-27 20:30:00	1.04911	1.04942	1.04889	1.04936	1513
2025-01-27 20:45:00	1.04935	1.04939	1.04872	1.04879	4349
2025-01-27 21:00:00	1.04878	1.04897	1.04858	1.04897	860
2025-01-27 21:15:00	1.04899	1.04909	1.04891	1.04898	405
2025-01-27 21:30:00	1.04898	1.04906	1.04885	1.04905	335
2025-01-27 21:45:00	1.04905	1.04922	1.04899	1.04911	618
2025-01-27 22:00:00	1.04911	1.04923	1.0488	1.04913	492
2025-01-27 22:15:00	1.04913	1.0492	1.04908	1.04918	415
2025-01-27 22:30:00	1.04919	1.04932	1.04915	1.04917	354
2025-01-27 22:45:00	1.0492	1.04922	1.04871	1.04883	187
2025-01-27 23:00:00	1.04883	1.04888	1.04718	1.04731	1102
2025-01-27 23:15:00	1.04731	1.04731	1.04403	1.04454	3934
2025-01-27 23:30:00	1.04454	1.0453	1.04283	1.04404	5690
2025-01-27 23:45:00	1.04405	1.04506	1.04342	1.04369	3239
2025-01-28 00:00:00	1.04369	1.04475	1.04353	1.04436	3877
2025-01-28 00:15:00	1.04437	1.04502	1.04322	1.04444	3132
2025-01-28 00:30:00	1.04442	1.04506	1.04436	1.04488	1438
2025-01-28 00:45:00	1.04491	1.04517	1.04434	1.04451	1459
2025-01-28 01:00:00	1.04452	1.04524	1.04415	1.04521	1599
2025-01-28 01:15:00	1.04521	1.04553	1.04517	1.04548	1612
2025-01-28 01:30:00	1.04546	1.04564	1.04471	1.04485	1597
2025-01-28 01:45:00	1.04484	1.0452	1.04298	1.04377	2394
2025-01-28 02:00:00	1.0437	1.04414	1.04244	1.04296	3839
2025-01-28 02:15:00	1.04294	1.04382	1.04283	1.04363	901
2025-01-28 02:30:00	1.04364	1.04385	1.04323	1.04329	1427
2025-01-28 02:45:00	1.04328	1.04372	1.04286	1.04336	983
2025-01-28 03:00:00	1.04335	1.04373	1.04314	1.04356	840
2025-01-28 03:15:00	1.04357	1.04378	1.04321	1.04374	1397
2025-01-28 03:30:00	1.04375	1.04393	1.04329	1.04344	1719
2025-01-28 03:45:00	1.04344	1.04354	1.0429	1.04292	1221
2025-01-28 04:00:00	1.04291	1.04324	1.04289	1.04312	928
2025-01-28 04:15:00	1.04311	1.04326	1.04279	1.04281	965
2025-01-28 04:30:00	1.0428	1.04289	1.04254	1.04288	974
2025-01-28 04:45:00	1.04288	1.04344	1.04282	1.04335	1505
2025-01-28 05:00:00	1.04335	1.04365	1.04332	1.04363	1230
2025-01-28 05:15:00	1.04363	1.0438	1.04347	1.04377	880
2025-01-28 05:30:00	1.04376	1.04389	1.04367	1.04372	531
2025-01-28 05:45:00	1.04373	1.04385	1.0436	1.04363	567
2025-01-28 06:00:00	1.04362	1.0443	1.04359	1.04421	1510
2025-01-28 06:15:00	1.0442	1.04434	1.04406	1.04423	915
2025-01-28 06:30:00	1.04423	1.04442	1.04376	1.04379	1087
2025-01-28 06:45:00	1.04377	1.04393	1.04336	1.04374	1297
2025-01-28 07:00:00	1.04375	1.04428	1.04331	1044	1914
2025-01-28 07:15:00	1.04399	1.04416	1.04362	1.04413	2000
2025-01-28 07:30:00	1.04414	1.04417	1.04279	1.04314	1944
2025-01-28 07:45:00	1.04313	1.04362	1.04288	1.04341	2045
2025-01-28 08:00:00	1.04341	1.04357	1.04279	1.04302	2882
2025-01-28 08:15:00	1.04303	1.04343	1.04281	1.04281	3205
2025-01-28 08:30:00	1.04281	1.04348	1.04246	1.04331	3612
2025-01-28 08:45:00	1.0433	1.0433	1.04194	1.04251	2310
2025-01-28 09:00:00	1.04254	1.04329	1.04224	1.04326	2564
2025-01-28 09:15:00	1.04327	1.04422	1.04321	1.04414	3052
2025-01-28 09:30:00	1.04414	1.04441	1.04397	1.04405	2659
2025-01-28 09:45:00	1.04408	1.04411	1.04321	1.04351	3162
2025-01-28 10:00:00	1.04351	1.04373	1.04315	1.04342	1653
2025-01-28 10:15:00	1.04344	1.04367	1.04294	1.04315	1702
2025-01-28 10:30:00	1.04314	1.04357	1.04302	1.04342	1374
2025-01-28 10:45:00	1.0434	1.04341	1.04247	1.04247	1756
2025-01-28 11:00:00	1.04247	1.04325	1.0424	1.04322	1706
2025-01-28 11:15:00	1.04321	1.04321	1.04272	1.04276	1432
2025-01-28 11:30:00	1.04277	1.04294	1.0423	1.04257	1275
2025-01-28 11:45:00	1.04256	1.04275	1.04226	1.04232	1494
2025-01-28 12:00:00	1.04235	1.04242	1.04137	1.04191	4186
2025-01-28 12:15:00	1.04191	1.04209	1.04143	1.04199	2078
2025-01-28 12:30:00	1.04199	1.0423	1.04173	1.04226	1853
2025-01-28 12:45:00	1.04227	1.04255	1.04171	1042	2088
2025-01-28 13:00:00	1042	1.0424	1.04171	1.0423	2735
2025-01-28 13:15:00	1.0423	1.04281	1.04229	1.0425	2535
2025-01-28 13:30:00	1.0425	1.04311	1.04239	1.04292	2979
2025-01-28 13:45:00	1.04292	1.04302	1.04208	1.04247	4375
2025-01-28 14:00:00	1.04245	1.04299	1.0424	1.04291	3875
2025-01-28 14:15:00	1.0429	1.04345	1.04283	1.04321	2624
2025-01-28 14:30:00	1.0432	1.04409	1.04311	1.04324	3160
2025-01-28 14:45:00	1.04325	1.0434	1.0428	1.04315	3475
2025-01-28 15:00:00	1.04312	1.04382	1.0431	1.04371	3282
2025-01-28 15:15:00	1.04374	1.04378	1.04325	1.04373	2586
2025-01-28 15:30:00	1.04372	1.04394	1.04305	1.0431	2529
2025-01-28 15:45:00	1.0431	1.04322	1.04209	1.0424	3626
2025-01-28 16:00:00	1.04241	1.04328	1.04237	1.04285	4677
2025-01-28 16:15:00	1.04286	1.04303	1.04259	1.0427	3295
2025-01-28 16:30:00	1.0427	1.04305	1.04225	1.04239	2987
2025-01-28 16:45:00	1.04239	1.04268	1.04224	1.0426	2883
2025-01-28 17:00:00	1.0426	1.04287	1.04246	1.04267	1938
2025-01-28 17:15:00	1.04267	1.04296	1.04251	1.04272	1505
2025-01-28 17:30:00	1.04271	1.04346	1.04256	1.04306	1240
2025-01-28 17:45:00	1.04307	1.04322	1.04267	1.04278	1539
2025-01-28 18:00:00	1.0428	1043	1.04265	1.04284	1682
2025-01-28 18:15:00	1.04285	1.0436	1.04284	1.04346	1305
2025-01-28 18:30:00	1.04346	1.04381	1.0425	1.04251	3994
2025-01-28 18:45:00	1.04252	1.04278	1.04231	1.04263	2181
2025-01-28 19:00:00	1.04262	1.0429	1.04233	1.04237	4137
2025-01-28 19:15:00	1.04236	1.04275	1.04225	1.04271	2187
2025-01-28 19:30:00	1.0427	1.04324	1.04267	1.0432	1181
2025-01-28 19:45:00	1.04322	1.04365	1.04322	1.04348	1068
2025-01-28 20:00:00	1.04349	1.04349	1.04294	1.04327	2312
2025-01-28 20:15:00	1.04326	1.04354	1.04319	1.04331	1072
2025-01-28 20:30:00	1.0433	1.04339	1.0431	1.04319	832
2025-01-28 20:45:00	1.04319	1.04335	1043	1.04313	1423
2025-01-28 21:00:00	1.04313	1.04336	1.04304	1.0433	702
2025-01-28 21:15:00	1.0433	1.04339	1.04302	1.04305	339
2025-01-28 21:30:00	1.04303	1.04311	1043	1.04306	1008
2025-01-28 21:45:00	1.04307	1.04309	1.04298	1.04298	2481
2025-01-28 22:00:00	1.04298	1.04298	1.04237	1.04279	161
2025-01-28 22:15:00	1.04286	1.04288	1.04278	1.04282	90
2025-01-28 22:30:00	1.04278	1.04287	1.04278	1.04281	89
2025-01-28 22:45:00	1.04279	1.04287	1.04271	1.04284	158
2025-01-28 23:00:00	1.04283	1.04297	1.04263	1.04269	654
2025-01-28 23:15:00	1.04272	1.04297	1.04269	1.04296	276
2025-01-28 23:30:00	1.04297	1.04299	1.04274	1.04278	259
2025-01-28 23:45:00	1.04278	1.04295	1.0427	1.04271	253
2025-01-29 00:00:00	1.04272	1.04341	1.04267	1.04334	388
2025-01-29 00:15:00	1.04334	1.04342	1.04308	1.0432	508
2025-01-29 00:30:00	1.04317	1.04327	1.04286	1.04322	1390
2025-01-29 00:45:00	1.04322	1.04333	1.04285	1.04301	1817
2025-01-29 01:00:00	1043	1.04318	1.04295	1.04315	820
2025-01-29 01:15:00	1.04316	1.0434	1.04295	1.04324	711
2025-01-29 01:30:00	1.04325	1.04335	1.04292	1.04304	1011
2025-01-29 01:45:00	1.04302	1.04313	1.0427	1.04271	1050
2025-01-29 02:00:00	1.0427	1.04323	1.04256	1.04315	1035
2025-01-29 02:15:00	1.04318	1.0432	1.04289	1.04299	729
2025-01-29 02:30:00	1.04298	1.04341	1.04291	1.04315	606
2025-01-29 02:45:00	1.04316	1.04355	1.04312	1.04337	958
2025-01-29 03:00:00	1.04338	1.04352	1.04324	1.0435	1386
2025-01-29 03:15:00	1.04349	1.04363	1.04311	1.04359	1183
2025-01-29 03:30:00	1.04358	1.04372	1.0434	1.04367	1160
2025-01-29 03:45:00	1.04368	1.0439	1.04361	1.04372	1276
2025-01-29 04:00:00	1.04373	1.04418	1.04372	1.04409	914
2025-01-29 04:15:00	1.0441	1.04424	1.04387	1.04397	1056
2025-01-29 04:30:00	1.04398	1.04411	1.04375	1.0438	957
2025-01-29 04:45:00	1.0438	1.04401	1.04375	1.04384	802
2025-01-29 05:00:00	1.04383	1.04395	1.04368	1.04391	676
2025-01-29 05:15:00	1.04392	1.04408	1.04383	1.04392	791
2025-01-29 05:30:00	1.04392	1.04392	1.04357	1.04357	643
2025-01-29 05:45:00	1.04357	1.04403	1.04354	1.04402	489
2025-01-29 06:00:00	1.04403	1.04434	1.04384	1.0441	1475
2025-01-29 06:15:00	1.04411	1.0443	1044	1.04411	683
2025-01-29 06:30:00	1.04411	1.04434	1.04398	1.04423	786
2025-01-29 06:45:00	1.04422	1.04423	1.04364	1.04371	1844
2025-01-29 07:00:00	1.04369	1.04377	1.04323	1.04339	2511
2025-01-29 07:15:00	1.04342	1.0435	1.04181	1.04215	2578
2025-01-29 07:30:00	1.04215	1.04232	1.04183	1.04184	1700
2025-01-29 07:45:00	1.04183	1.04211	1.04131	1.04158	1771
2025-01-29 08:00:00	1.04168	1.04265	1.04167	1.04239	2928
2025-01-29 08:15:00	1.04238	1.04296	1.04228	1.04254	2122
2025-01-29 08:30:00	1.04255	1.04303	1.04249	1.04272	1849
2025-01-29 08:45:00	1.04273	1.04291	1.04219	1.04241	1670
2025-01-29 09:00:00	1.0424	1.04246	1.04089	1.0413	2251
2025-01-29 09:15:00	1.04131	1.04154	1.04106	1.04136	1457
2025-01-29 09:30:00	1.04137	1.04185	1.04109	1.04139	2423
2025-01-29 09:45:00	1.04138	1.04143	1.0402	1.04035	2489
2025-01-29 10:00:00	1.04037	1.04056	1.03966	1.03984	2242
2025-01-29 10:15:00	1.03984	1.04045	1.03947	1.04043	3974
2025-01-29 10:30:00	1.04043	1.04082	1.03998	1.04017	1760
2025-01-29 10:45:00	1.04017	1.04047	1.03984	1.04035	1825
2025-01-29 11:00:00	1.04036	1.04073	1.04017	1.04072	1584
2025-01-29 11:15:00	1.04074	1.04074	1.04029	1.04056	1614
2025-01-29 11:30:00	1.04057	1.04081	1.03993	1.04	2276
2025-01-29 11:45:00	1.03998	1.04023	1.03972	1.04014	1558
2025-01-29 12:00:00	1.04014	1.04041	1.03983	1.03987	2057
2025-01-29 12:15:00	1.03984	1.04003	1.03935	1.03954	2899
2025-01-29 12:30:00	1.03954	1.04037	1.0395	1.04026	1868
2025-01-29 12:45:00	1.04027	1.04047	1.03993	1.0404	2131
2025-01-29 13:00:00	1.0404	1.04056	1.03881	1.03919	4678
2025-01-29 13:15:00	1.03919	1.0392	1.03823	1.03874	4269
2025-01-29 13:30:00	1.03874	1.03928	1.03832	1.03889	2884
2025-01-29 13:45:00	1.0389	1.03901	1.03822	1.03876	3041
2025-01-29 14:00:00	1.03876	1.03972	1.03862	1.03964	2234
2025-01-29 14:15:00	1.03966	1.03991	1.03952	1.03965	2395
2025-01-29 14:30:00	1.03966	1.03997	1.0392	1.03966	3014
2025-01-29 14:45:00	1.03966	1.04016	1.03936	1.04012	3156
2025-01-29 15:00:00	1.04011	1.04067	1.03945	1.04057	2673
2025-01-29 15:15:00	1.04056	1.04113	1.04054	1.04069	2685
2025-01-29 15:30:00	1.04069	1.04268	1.04067	1.04252	3675
2025-01-29 15:45:00	1.04252	1.0427	1.0417	1.04193	4579
2025-01-29 16:00:00	1.04193	1.04238	1.04113	1.04172	4331
2025-01-29 16:15:00	1.04172	1.04198	1.04145	1.04174	2969
2025-01-29 16:30:00	1.04173	1.0422	1.04156	1.04161	4263
2025-01-29 16:45:00	1.04159	1.04195	1.04136	1.04156	2687
2025-01-29 17:00:00	1.04156	1.04266	1.04152	1.04256	3753
2025-01-29 17:15:00	1.04257	1.04283	1.04205	1.04225	2368
2025-01-29 17:30:00	1.04224	1.04238	1.04163	1.0422	2001
2025-01-29 17:45:00	1.04219	1.04233	1.04197	1.04212	1434
2025-01-29 18:00:00	1.04213	1.04232	1.04149	1.0423	2931
2025-01-29 18:15:00	1.04231	1.04244	1042	1.04231	1635
2025-01-29 18:30:00	1.0423	1.04243	1042	1.04216	1259
2025-01-29 18:45:00	1.04214	1.04218	1.04156	1.04196	1904
2025-01-29 19:00:00	1.04196	1.04223	1.03928	1.04045	6792
2025-01-29 19:15:00	1.04047	1.04054	1.03951	1.03964	6297
2025-01-29 19:30:00	1.03964	1.04234	1.03883	1.04229	9961
2025-01-29 19:45:00	1.0423	1.04288	1.04126	1.0416	6909
2025-01-29 20:00:00	1.04157	1.04254	1.04048	1.04194	7348
2025-01-29 20:15:00	1.04193	1.04247	1.04114	1.04148	4324
2025-01-29 20:30:00	1.04149	1.04158	1.04096	1.04096	4163
2025-01-29 20:45:00	1.04095	1.04132	1.04058	1.04103	3444
2025-01-29 21:00:00	1.04102	1.04166	1.04087	1.04165	2684
2025-01-29 21:15:00	1.04164	1.04189	1.04152	1.04178	807
2025-01-29 21:30:00	1.04177	1.04185	1.04133	1.04166	1009
2025-01-29 21:45:00	1.04166	1.04213	1.04165	1.04207	720
2025-01-29 22:00:00	1.04203	1.04203	1.04149	1.0417	432
2025-01-29 22:15:00	1.04169	1.04203	1.04154	1.04192	569
2025-01-29 22:30:00	1.04193	1.04211	1.04193	1.04199	503
2025-01-29 22:45:00	1.04199	1.04209	1.04192	1.04207	269
2025-01-29 23:00:00	1.04211	1.04229	1.0418	1.0419	890
2025-01-29 23:15:00	1.04195	1.0422	1.04195	1.0422	519
2025-01-29 23:30:00	1.04218	1.04258	1.0421	1.04254	417
2025-01-29 23:45:00	1.04253	1.04271	1.0424	1.04245	620
2025-01-30 00:00:00	1.04244	1.04282	1.04238	1.04276	440
2025-01-30 00:15:00	1.04277	1.04288	1.04262	1.04269	499
2025-01-30 00:30:00	1.04268	1.04269	1.04249	1.04269	307
2025-01-30 00:45:00	1.04271	1.04275	1.04249	1.0426	528
2025-01-30 01:00:00	1.04258	1.0426	1.04201	1.04229	779
2025-01-30 01:15:00	1.04227	1.04229	1.04188	1.04205	767
2025-01-30 01:30:00	1.04206	1.04223	1.04194	1.04212	463
2025-01-30 01:45:00	1.04213	1.04222	1.04197	1.04198	605
2025-01-30 02:00:00	1.04201	1.04261	1.04196	1.04259	769
2025-01-30 02:15:00	1.0426	1.04266	1.04217	1.04237	870
2025-01-30 02:30:00	1.04237	1.04244	1.04216	1.04241	670
2025-01-30 02:45:00	1.04241	1.04254	1.04223	1.0423	732
2025-01-30 03:00:00	1.04229	1.04244	1.04222	1.04239	732
2025-01-30 03:15:00	1.0424	1.04264	1.04238	1.04249	550
2025-01-30 03:30:00	1.04252	1.0426	1.04223	1.04252	737
2025-01-30 03:45:00	1.04253	1.04257	1.04235	1.04252	1049
2025-01-30 04:00:00	1.04251	1.04276	1.0425	1.0427	733
2025-01-30 04:15:00	1.04269	1.04269	1.0423	1.04235	538
2025-01-30 04:30:00	1.04237	1.04237	1.04175	1.04195	964
2025-01-30 04:45:00	1.04193	1.04201	1.04178	1.04189	951
2025-01-30 05:00:00	1.04188	1.04212	1.04175	1.04188	835
2025-01-30 05:15:00	1.04189	1.04205	1.04177	1042	667
2025-01-30 05:30:00	1042	1.04215	1.0418	1.04186	733
2025-01-30 05:45:00	1.04186	1.04219	1.04176	1.04217	469
2025-01-30 06:00:00	1.04219	1.04225	1.04166	1.04173	1025
2025-01-30 06:15:00	1.04172	1.04188	1.04137	1.04144	1296
2025-01-30 06:30:00	1.04143	1.0415	1.04106	1.04128	1242
2025-01-30 06:45:00	1.04127	1.04146	1.04116	1.04138	1183
2025-01-30 07:00:00	1.04138	1.04139	1.04093	1.04129	1309
2025-01-30 07:15:00	1.04128	1.04153	1.04104	1.04144	1541
2025-01-30 07:30:00	1.04143	1.04207	1.04125	1.04202	1083
2025-01-30 07:45:00	1.04202	1.04237	1.04172	1.04236	1474
2025-01-30 08:00:00	1.04237	1.04288	1.04175	1.04202	3097
2025-01-30 08:15:00	1.04201	1.04243	1.04175	1.04237	3225
2025-01-30 08:30:00	1.04236	1.04238	1.04159	1.0421	2646
2025-01-30 08:45:00	1.04208	1.0424	1.04187	1.04214	1946
2025-01-30 09:00:00	1.04214	1.04224	1.04029	1.04095	3149
2025-01-30 09:15:00	1.04096	1.04132	1.04034	1.04084	1962
2025-01-30 09:30:00	1.04085	1.04115	1.04019	1.04054	2207
2025-01-30 09:45:00	1.04055	1.04084	1.04045	1.04074	2194
2025-01-30 10:00:00	1.0407	1.04081	1.0403	1.04069	1942
2025-01-30 10:15:00	1.04068	1.04116	1.04046	1.04097	2123
2025-01-30 10:30:00	1.04097	1.04121	1.0406	1.0406	2903
2025-01-30 10:45:00	1.04062	1.04064	1.03958	1.04006	2252
2025-01-30 11:00:00	1.04005	1.04006	1.03931	1.03935	2582
2025-01-30 11:15:00	1.03938	1.03977	1.03915	1.03943	2244
2025-01-30 11:30:00	1.03942	1.03998	1.03942	1.03982	1773
2025-01-30 11:45:00	1.03983	1.03994	1.03911	1.03917	2098
2025-01-30 12:00:00	1.03917	1.03958	1.03901	1.03942	2401
2025-01-30 12:15:00	1.03941	1.0401	1.03932	1.0401	1934
2025-01-30 12:30:00	1.04012	1.04014	1.03954	1.03998	1860
2025-01-30 12:45:00	1.03999	1.04057	1.03993	1.04033	2125
2025-01-30 13:00:00	1.04035	1.04055	1.04012	1.04052	2289
2025-01-30 13:15:00	1.04052	1.04202	1.0403	1.0415	3540
2025-01-30 13:30:00	1.0415	1.04198	1.0402	1.04149	5113
2025-01-30 13:45:00	1.04148	1.04597	1.04146	1.04564	7323
2025-01-30 14:00:00	1.0456	1.04677	1.0431	1.04381	7976
2025-01-30 14:15:00	1.04383	1.04421	1.0429	1.04334	3818
2025-01-30 14:30:00	1.04336	1.04363	1.04229	1.04266	3491
2025-01-30 14:45:00	1.04264	1.04319	1.04191	1.0428	4995
2025-01-30 15:00:00	1.04285	1.04404	1.04277	1.04326	3784
2025-01-30 15:15:00	1.04327	1.04396	1.04312	1.04323	2590
2025-01-30 15:30:00	1.04321	1.04422	1.04268	1.04351	3195
2025-01-30 15:45:00	1.04353	1.04386	1.04277	1.04311	5088
2025-01-30 16:00:00	1.04313	1.04346	1.0426	1.04303	2708
2025-01-30 16:15:00	1.04304	1.04315	1.04224	1.04249	2048
2025-01-30 16:30:00	1.04249	1.04283	1.04212	1.04218	1628
2025-01-30 16:45:00	1.04217	1.0423	1.0417	1.04194	1594
2025-01-30 17:00:00	1.04194	1.04211	1.04096	1.04125	1645
2025-01-30 17:15:00	1.04125	1.04233	1.04093	1.04152	2367
2025-01-30 17:30:00	1.04154	1.04176	1.04143	1.04155	1379
2025-01-30 17:45:00	1.04156	1.04198	1.04147	1.04168	1637
2025-01-30 18:00:00	1.04171	1.04212	1.04156	1.04199	1009
2025-01-30 18:15:00	1042	1.0424	1.04184	1.04225	791
2025-01-30 18:30:00	1.04226	1.04248	1.04216	1.04223	1203
2025-01-30 18:45:00	1.04224	1.04253	1.04224	1.04248	1100
2025-01-30 19:00:00	1.04249	1.04259	1.04229	1.04252	1877
2025-01-30 19:15:00	1.04253	1.04262	1.04232	1.04257	1407
2025-01-30 19:30:00	1.04257	1.04284	1.04252	1.04278	1446
2025-01-30 19:45:00	1.04276	1043	1.04257	1.0428	1811
2025-01-30 20:00:00	1.04281	1.04285	1.04263	1.04274	1289
2025-01-30 20:15:00	1.04275	1.0431	1.04274	1.04307	1620
2025-01-30 20:30:00	1.04309	1.04322	1.03861	1.03888	15195
2025-01-30 20:45:00	1.03889	1.0412	1.03879	1.04073	6549
2025-01-30 21:00:00	1.04071	1.0414	1.03868	1.03945	4216
2025-01-30 21:15:00	1.03946	1.0398	1.03895	1.03925	1426
2025-01-30 21:30:00	1.03925	1.03962	1.03888	1.03924	1306
2025-01-30 21:45:00	1.03923	1.03955	1.03879	1.03879	1103
2025-01-30 22:00:00	1.03879	1.03932	1.03879	1039	329
2025-01-30 22:15:00	1039	1.03914	1.03876	1.03878	803
2025-01-30 22:30:00	1.03876	1.03905	1.03861	1.03863	631
2025-01-30 22:45:00	1.03865	1.03873	1.03856	1.03867	268
2025-01-30 23:00:00	1.03872	1.03892	1.0385	1.03867	1339
2025-01-30 23:15:00	1.03866	1.03913	1.03861	1.0391	481
2025-01-30 23:30:00	1.03911	1.03964	1.03905	1.03958	559
2025-01-30 23:45:00	1.03957	1.0398	1.03936	1.03966	307
2025-01-31 00:00:00	1.03968	1.04022	1.0396	1.03987	1013
2025-01-31 00:15:00	1.03981	1.03988	1.03959	1.03965	681
2025-01-31 00:30:00	1.03963	1.03974	1039	1039	571
2025-01-31 00:45:00	1.03901	1.03905	1.0385	1.03866	1260
2025-01-31 01:00:00	1.03865	1.03914	1.03852	1.03884	1222
2025-01-31 01:15:00	1.03888	1.03898	1.03768	1.0386	2372
2025-01-31 01:30:00	1.03861	1.03924	1.03861	1.03878	2078
2025-01-31 01:45:00	1.03879	1.03903	1.03855	1.03884	1113
2025-01-31 02:00:00	1.03885	1.03912	1.03866	1.03902	964
2025-01-31 02:15:00	1.03903	1.0393	1.03902	1.03904	1318
2025-01-31 02:30:00	1.03905	1.03948	1.03894	1.03928	1456
2025-01-31 02:45:00	1.03928	1.03934	1.03894	1.03894	1311
2025-01-31 03:00:00	1.03894	1.03902	1.03841	1.03896	1134
2025-01-31 03:15:00	1.03897	1.03913	1.03875	1.03879	898
2025-01-31 03:30:00	1.03878	1.03892	1.03866	1.03876	952
2025-01-31 03:45:00	1.03876	1.0388	1.03835	1.03848	815
2025-01-31 04:00:00	1.03848	1.03849	1.03826	1.03847	957
2025-01-31 04:15:00	1.03846	1.03862	1.03832	1.0386	830
2025-01-31 04:30:00	1.03861	1.03887	1.03836	1.03882	808
2025-01-31 04:45:00	1.03883	1.03898	1.03864	1.03873	692
2025-01-31 05:00:00	1.03872	1.03907	1.03863	1.03891	645
2025-01-31 05:15:00	1.03892	1.03897	1.03866	1.03873	604
2025-01-31 05:30:00	1.03871	1.03873	1.03845	1.03865	1190
2025-01-31 05:45:00	1.03866	1.03893	1.03863	1.03887	943
2025-01-31 06:00:00	1.03888	1.03894	1.03873	1.03884	858
2025-01-31 06:15:00	1.03886	1.03906	1.03873	1.03905	940
2025-01-31 06:30:00	1.03905	1.03942	1.03905	1.03939	941
2025-01-31 06:45:00	1.03939	1.03953	1.03923	1.03944	1012
2025-01-31 07:00:00	1.03944	1.04007	1.03911	1.0398	1659
2025-01-31 07:15:00	1.03981	1.04043	1.03967	1.04035	1706
2025-01-31 07:30:00	1.04037	1.04125	1.04037	1.04111	2185
2025-01-31 07:45:00	1.04111	1.04111	1.03965	1.0404	3256
2025-01-31 08:00:00	1.04039	1.04066	1.03934	1.03988	2386
2025-01-31 08:15:00	1.03989	1.03993	1.03905	1.03911	2296
2025-01-31 08:30:00	1.03912	1.03917	1.0385	1.03869	2711
2025-01-31 08:45:00	1.03869	1.03893	1.03807	1.03841	2516
2025-01-31 09:00:00	1.03841	1.03841	1.03652	1.03719	6318
2025-01-31 09:15:00	1.0372	1.03736	1.03659	1.03677	3694
2025-01-31 09:30:00	1.03675	1.0382	1.03658	1.03774	2527
2025-01-31 09:45:00	1.03775	1.0385	1.03746	1.03834	2991
2025-01-31 10:00:00	1.03833	1.03834	1.03745	1.03758	2672
2025-01-31 10:15:00	1.03759	1.03839	1.03736	1.03822	2559
2025-01-31 10:30:00	1.03821	1.03834	1.03754	1038	1835
2025-01-31 10:45:00	1.03802	1.03818	1.03747	1.03762	1901
2025-01-31 11:00:00	1.03764	1038	1.03742	1.03783	1367
2025-01-31 11:15:00	1.03784	1.03799	1.03723	1.03757	1852
2025-01-31 11:30:00	1.03756	1.03791	1.03736	1.03777	1484
2025-01-31 11:45:00	1.03777	1.03779	1.03718	1.03757	1729
2025-01-31 12:00:00	1.03758	1.03808	1.03744	1.03757	1516
2025-01-31 12:15:00	1.03757	1.03856	1.03754	1.03818	1423
2025-01-31 12:30:00	1.03819	1.03836	1.03784	1.03823	1326
2025-01-31 12:45:00	1.03824	1.03842	1.03775	1.03824	1265
2025-01-31 13:00:00	1.03825	1.03949	1.03817	1.03935	4000
2025-01-31 13:15:00	1.03938	1.03952	1.03858	1.03877	2670
2025-01-31 13:30:00	1.03882	1.03891	1.0378	1.03806	3850
2025-01-31 13:45:00	1.03807	1.03838	1.03766	1.0382	2584
2025-01-31 14:00:00	1.03823	1.03825	1.03673	1.03698	4704
2025-01-31 14:15:00	1.03699	1.03764	1.03667	1.03751	5774
2025-01-31 14:30:00	1.03752	1.03754	1.03678	1.03714	7100
2025-01-31 14:45:00	1.03712	1.03779	1.03679	1.03684	3371
2025-01-31 15:00:00	1.03686	1.03704	1.03601	1.03703	3686
2025-01-31 15:15:00	1.03704	1.03754	1.03635	1.0375	2778
2025-01-31 15:30:00	1.0375	1.03836	1.03716	1.03783	4719
2025-01-31 15:45:00	1.03782	1.04006	1.03778	1.03962	10445
2025-01-31 16:00:00	1.03964	1.03964	1.0388	1.03891	4094
2025-01-31 16:15:00	1.0389	1.03956	1.03859	1.03953	2771
2025-01-31 16:30:00	1.03952	1.04073	1.0393	1.04053	3173
2025-01-31 16:45:00	1.04053	1.04059	1.03952	1.03996	2227
2025-01-31 17:00:00	1.03995	1.0434	1.03901	1.04253	7305
2025-01-31 17:15:00	1.04251	1.04334	1.04146	1.04318	5244
2025-01-31 17:30:00	1.04318	1.04322	1.04213	1.04244	4103
2025-01-31 17:45:00	1.04245	1.04247	1.04134	1.04197	3730
2025-01-31 18:00:00	1.04198	1.04212	1.04161	1.04194	2384
2025-01-31 18:15:00	1.04196	1.04217	1.03735	1.03824	8159
2025-01-31 18:30:00	1.03821	1.03862	1.03614	1.03787	5777
2025-01-31 18:45:00	1.03787	1.03847	1.03682	1.03696	5628
2025-01-31 19:00:00	1.03696	1.03725	1.03643	1.03695	5193
2025-01-31 19:15:00	1.03695	1.03731	1.03656	1.03711	4004
2025-01-31 19:30:00	1.0371	1.03741	1.03652	1.03683	2607
2025-01-31 19:45:00	1.03685	1.03789	1.03666	1.03763	3289
2025-01-31 20:00:00	1.03763	1.03771	1.03677	1.03758	2734
2025-01-31 20:15:00	1.03759	1.03764	1.03703	1.03752	2401
2025-01-31 20:30:00	1.03749	1038	1.03749	1.03783	1145
2025-01-31 20:45:00	1.03785	1.03817	1.03626	1.03734	3889
2025-01-31 21:00:00	1.03735	1.0387	1.03496	1.03521	7260
2025-01-31 21:15:00	1.03524	1.0369	1.03524	1.03662	2393
2025-01-31 21:30:00	1.03663	1.03667	1.03565	1.03596	1794
2025-01-31 21:45:00	1.03596	1.03631	1.03563	1.03602	1594
2025-02-02 22:00:00	1.02327	1.02567	1.02324	1.02543	948
2025-02-02 22:15:00	1.02542	1.02554	1.02495	1.02509	924
2025-02-02 22:30:00	1.0251	1.02534	1.0246	1.02533	911
2025-02-02 22:45:00	1.02534	1.02572	1.02483	1.02508	1419
2025-02-02 23:00:00	1.02509	1.02698	1.02344	1.02479	7368
2025-02-02 23:15:00	1.02474	1.02571	1.02347	1.02406	4297
2025-02-02 23:30:00	1.02413	1.0254	1.02359	1.02471	3085
2025-02-02 23:45:00	1.02472	1.02577	1.02447	1.02467	2307
2025-02-03 00:00:00	1.02467	1.02671	1.0243	1.02568	2898
2025-02-03 00:15:00	1.02567	1.02578	1.02103	1.02365	6204
2025-02-03 00:30:00	1.02368	1.02436	1.02263	1.02287	3777
2025-02-03 00:45:00	1.02286	1.02389	1.02197	1.02316	3778
2025-02-03 01:00:00	1.02317	1.02382	1.02217	1.02349	4264
2025-02-03 01:15:00	1.02349	1.02519	1.0233	1.02481	3352
2025-02-03 01:30:00	1.02481	1.0252	1.02414	1.02463	2730
2025-02-03 01:45:00	1.02461	1.02468	1.02358	1.02375	2510
2025-02-03 02:00:00	1.02376	1.02377	1.02228	1.02289	3249
2025-02-03 02:15:00	1.02286	1.02349	1.02265	1.02311	2202
2025-02-03 02:30:00	1.02312	1.02313	1.02236	1.02271	2546
2025-02-03 02:45:00	1.02272	1023	1.02207	1.02234	2127
2025-02-03 03:00:00	1.02235	1.02247	1.02152	1.02152	1718
2025-02-03 03:15:00	1.02152	1022	1.0215	1.02191	2010
2025-02-03 03:30:00	1.02191	1.02197	1.0212	1.02147	1488
2025-02-03 03:45:00	1.02148	1.02238	1.0214	1.02211	2017
2025-02-03 04:00:00	1.02211	1.02394	1.02203	1.02314	3758
2025-02-03 04:15:00	1.02314	1.02314	1.02221	1.02238	1685
2025-02-03 04:30:00	1.0224	1.0227	1.02218	1.02237	1414
2025-02-03 04:45:00	1.02236	1.02281	1.02213	1.02264	1053
2025-02-03 05:00:00	1.02266	1.02354	1.02255	1.02338	1740
2025-02-03 05:15:00	1.0234	1.02397	1.02334	1.02384	1581
2025-02-03 05:30:00	1.02384	1.0241	1.02361	1.02364	1440
2025-02-03 05:45:00	1.02364	1.02432	1.0236	1.02402	1516
2025-02-03 06:00:00	1024	1.02479	1.02394	1.02473	1561
2025-02-03 06:15:00	1.02473	1.0249	1.02437	1.02459	1758
2025-02-03 06:30:00	1.0246	1.02515	1.0245	1.02474	1720
2025-02-03 06:45:00	1.02474	1.02509	1.02414	1.02428	1890
2025-02-03 07:00:00	1.02428	1.02491	1.02341	1.02433	2995
2025-02-03 07:15:00	1.02434	1.02443	1.02273	1.02329	2640
2025-02-03 07:30:00	1.02326	1.02344	1.02227	1.02286	2340
2025-02-03 07:45:00	1.02286	1.02413	1.02217	1.02247	3026
2025-02-03 08:00:00	1.02248	1.02274	1.02126	1.02235	4057
2025-02-03 08:15:00	1.02235	1.02439	1.02207	1.02428	2909
2025-02-03 08:30:00	1.02427	1.0251	1.02371	1.02439	3810
2025-02-03 08:45:00	1.02438	1.02488	1.02397	1.02433	2474
2025-02-03 09:00:00	1.02433	1.02509	1.02413	1.02494	2343
2025-02-03 09:15:00	1.02493	1.02513	1.02408	1.02509	1859
2025-02-03 09:30:00	1.0251	1.02543	1.0241	1.02415	1739
2025-02-03 09:45:00	1.02412	1.02412	1.02255	1.02303	2194
2025-02-03 10:00:00	1.02304	1.02411	1.02298	1.02397	2151
2025-02-03 10:15:00	1024	1.02431	1.02323	1.02369	1486
2025-02-03 10:30:00	1.02371	1.02413	1.02361	1.02387	1648
2025-02-03 10:45:00	1.02391	1.02442	1.02389	1.02435	1715
2025-02-03 11:00:00	1.02434	1.02496	1.02419	1.02467	2179
2025-02-03 11:15:00	1.0247	1.0248	1.02392	1.02392	1232
2025-02-03 11:30:00	1.0239	1.0249	1.02362	1.02489	1497
2025-02-03 11:45:00	1.02488	1.02557	1.02473	1.02522	1781
2025-02-03 12:00:00	1.02521	1.02541	1.02514	1.02535	2667
2025-02-03 12:15:00	1.02538	1.0275	1.02532	1.02711	4545
2025-02-03 12:30:00	1.02713	1.02778	1.02657	1.02683	3182
2025-02-03 12:45:00	1.02685	1.02688	1.02534	1.02576	3027
2025-02-03 13:00:00	1.02574	1.02874	1.02574	1.02774	6580
2025-02-03 13:15:00	1.02774	1.02809	1.0269	1027	4264
2025-02-03 13:30:00	1027	1.02706	1.02592	1.02616	3208
2025-02-03 13:45:00	1.02616	1.02652	1.02598	1.02638	2660
2025-02-03 14:00:00	1.02636	1.02641	1.02518	1.02613	2980
2025-02-03 14:15:00	1.02613	1.02657	1.02553	1.02602	2814
2025-02-03 14:30:00	1.02605	1.02638	1.02529	1.02588	3576
2025-02-03 14:45:00	1.02587	1.02596	1.02471	1.02503	3771
2025-02-03 15:00:00	1.02501	1.02595	1.02434	1.02549	5765
2025-02-03 15:15:00	1.02551	1.03207	1.02537	1.03015	10859
2025-02-03 15:30:00	1.03019	1.03351	1.02974	1.03276	12645
2025-02-03 15:45:00	1.03274	1.0328	1.0308	1.03161	8658
2025-02-03 16:00:00	1.03162	1.03211	1.02947	1.03172	11255
2025-02-03 16:15:00	1.03173	1.03212	1.03009	1.03041	3864
2025-02-03 16:30:00	1.0304	1.03116	1.03018	1.03035	3963
2025-02-03 16:45:00	1.03034	1.03051	1.02726	1.02757	5371
2025-02-03 17:00:00	1.02759	1.02884	1.02714	1.02825	4821
2025-02-03 17:15:00	1.02825	1.02875	1.02766	1.02855	3210
2025-02-03 17:30:00	1.02856	1.0289	1.02807	1.02841	2967
2025-02-03 17:45:00	1.02841	1.03027	1.02715	1.02792	4820
2025-02-03 18:00:00	1.02793	1.02873	1.02699	1.02823	5302
2025-02-03 18:15:00	1.02825	1.02871	1.02783	1.02794	3464
2025-02-03 18:30:00	1.02795	1.02817	1.02735	1.02771	2227
2025-02-03 18:45:00	1.0277	1028	1.02745	1.02783	1802
2025-02-03 19:00:00	1.02782	1.02909	1.02782	1.02907	1645
2025-02-03 19:15:00	1.02908	1.02968	1.02899	1.02922	1618
2025-02-03 19:30:00	1.02921	1.02938	1.02859	1.0287	1586
2025-02-03 19:45:00	1.02868	1029	1.0285	1.02851	1242
2025-02-03 20:00:00	1.02844	1.0293	1.02826	1.02916	1017
2025-02-03 20:15:00	1.02915	1.02964	1.02914	1.02952	963
2025-02-03 20:30:00	1.02951	1.02991	1.02945	1.02965	1010
2025-02-03 20:45:00	1.02966	1.02985	1.02931	1.02951	1192
2025-02-03 21:00:00	1.02952	1.02955	1.02926	1.02936	821
2025-02-03 21:15:00	1.02936	1.03118	1.02933	1.03073	1836
2025-02-03 21:30:00	1.03073	1.03494	1.0306	1.0338	4058
2025-02-03 21:45:00	1.0338	1.03497	1.03322	1.03425	2667
2025-02-03 22:00:00	1.03423	1.03423	1.03302	1.03309	929
2025-02-03 22:15:00	1.03309	1.03459	1.03296	1.03457	1206
2025-02-03 22:30:00	1.03457	1.03457	1.0341	1.03427	204
2025-02-03 22:45:00	1.03429	1.03432	1.03406	1.0341	142
2025-02-03 23:00:00	1.03413	1.03503	1.03406	1.03455	1225
2025-02-03 23:15:00	1.03454	1.03456	1.03365	1.03377	802
2025-02-03 23:30:00	1.03379	1.03379	1.03312	1.0332	956
2025-02-03 23:45:00	1.0332	1.03324	1.03262	1.03279	811
2025-02-04 00:00:00	1.03279	1.03309	1.03209	1.03221	1004
2025-02-04 00:15:00	1.03221	1.03247	1.03212	1.03229	702
2025-02-04 00:30:00	1.03228	1.03234	1.03173	1.03197	616
2025-02-04 00:45:00	1.03196	1.03201	1.0316	1.03177	994
2025-02-04 01:00:00	1.03175	1.03178	1.03105	1.03116	1548
2025-02-04 01:15:00	1.03119	1.03165	1.03083	1.03153	1818
2025-02-04 01:30:00	1.03155	1.03179	1.03099	1.03169	1712
2025-02-04 01:45:00	1.03168	1.03224	1.03163	1.03218	1673
2025-02-04 02:00:00	1.03216	1.03229	1.03187	1.03215	1529
2025-02-04 02:15:00	1.03215	1.03215	1.03164	1.03179	1036
2025-02-04 02:30:00	1.03178	1.03199	1.03165	1.03176	1593
2025-02-04 02:45:00	1.03178	1.03238	1.03178	1.03218	2187
2025-02-04 03:00:00	1.03218	1.03238	1.03201	1.03209	1783
2025-02-04 03:15:00	1.03209	1.03215	1.03179	1.03192	1224
2025-02-04 03:30:00	1.03194	1.03194	1.03115	1.03124	1489
2025-02-04 03:45:00	1.03128	1.03158	1.0312	1.03146	1394
2025-02-04 04:00:00	1.03148	1.0315	1.0311	1.03139	949
2025-02-04 04:15:00	1.0314	1.03149	1.03122	1.03135	1292
2025-02-04 04:30:00	1.03135	1.03137	1.03102	1.03131	755
2025-02-04 04:45:00	1.0313	1.03132	1.03057	1.03057	1833
2025-02-04 05:00:00	1.03056	1.03057	1.02721	1.02789	5796
2025-02-04 05:15:00	1.02789	1.02869	1.02761	1.0286	3333
2025-02-04 05:30:00	1.02859	1.02944	1.02856	1.02932	2398
2025-02-04 05:45:00	1.02934	1.02973	1.02912	1.02929	1953
2025-02-04 06:00:00	1.0293	1.02979	1.02923	1.02967	1142
2025-02-04 06:15:00	1.02965	1.02976	1.0294	1.02947	1204
2025-02-04 06:30:00	1.02947	1.02966	1.0292	1.02945	1284
2025-02-04 06:45:00	1.02943	1.03074	1.02942	1.03065	1872
2025-02-04 07:00:00	1.03064	1.03067	1.02997	1.03048	1535
2025-02-04 07:15:00	1.03047	1.03087	1.03043	1.03066	1472
2025-02-04 07:30:00	1.03068	1.03168	1.03066	1.03156	1572
2025-02-04 07:45:00	1.03156	1.03171	1.03097	1.0311	1697
2025-02-04 08:00:00	1.03111	1.03197	1.03087	1.03197	2967
2025-02-04 08:15:00	1.03197	1.03331	1.03182	1.03315	3240
2025-02-04 08:30:00	1.03312	1.03315	1.03236	1.03299	2468
2025-02-04 08:45:00	1.03299	1.03351	1.03234	1.03342	2533
2025-02-04 09:00:00	1.03341	1.03453	1.0332	1.03419	2561
2025-02-04 09:15:00	1.03418	1.03475	1.03404	1.03473	2279
2025-02-04 09:30:00	1.0347	1.03494	1.03409	1.03424	2127
2025-02-04 09:45:00	1.03422	1.03461	1.03381	1.03385	2208
2025-02-04 10:00:00	1.03383	1.03432	1.03366	1.03416	1641
2025-02-04 10:15:00	1.03414	1.03414	1.03349	1.03358	1549
2025-02-04 10:30:00	1.03357	1.03357	1.03251	1.03301	2189
2025-02-04 10:45:00	1.03299	1.03358	1.03287	1.03348	1687
2025-02-04 11:00:00	1.03349	1.03351	1.03248	1.03256	1441
2025-02-04 11:15:00	1.03255	1.03273	1.03228	1.03247	1429
2025-02-04 11:30:00	1.03245	1.03268	1.03222	1.03258	1418
2025-02-04 11:45:00	1.03258	1.03274	1.03219	1.03221	1544
2025-02-04 12:00:00	1.0322	1.03238	1.03201	1.03208	1756
2025-02-04 12:15:00	1.03209	1.03254	1.03203	1.03249	2059
2025-02-04 12:30:00	1.03249	1.03281	1.03225	1.03258	2081
2025-02-04 12:45:00	1.0326	1.03283	1.03241	1.03251	2092
2025-02-04 13:00:00	1.0325	1.03385	1.03236	1.03357	1868
2025-02-04 13:15:00	1.0336	1.03393	1.03315	1.03338	1935
2025-02-04 13:30:00	1.03338	1.0337	1.03296	1.0337	2139
2025-02-04 13:45:00	1.03369	1.03403	1.03317	1.03403	2260
2025-02-04 14:00:00	1.03404	1.03558	1.03399	1.03533	2514
2025-02-04 14:15:00	1.03533	1.03593	1.03458	1.03495	2520
2025-02-04 14:30:00	1.03494	1.03519	1.03433	1.03512	3276
2025-02-04 14:45:00	1.0351	1.03661	1.0349	1.03594	2849
2025-02-04 15:00:00	1.03592	1.03773	1.03576	1.03584	7177
2025-02-04 15:15:00	1.03588	1.03775	1.03588	1.03707	4972
2025-02-04 15:30:00	1.03707	1.03845	1.03684	1.03791	3991
2025-02-04 15:45:00	1.03788	1.03857	1.03758	1.03799	3663
2025-02-04 16:00:00	1038	1.03857	1.0376	1.0376	4105
2025-02-04 16:15:00	1.03762	1.03814	1.03731	1.03782	3115
2025-02-04 16:30:00	1.03784	1.03851	1.03747	1.0382	2571
2025-02-04 16:45:00	1.03823	1.03872	1.03776	1.03781	2747
2025-02-04 17:00:00	1.03782	1.03787	1.03725	1.03726	2300
2025-02-04 17:15:00	1.03725	1.03775	1.03658	1.03721	3661
2025-02-04 17:30:00	1.03722	1.03746	1.03656	1.03727	2457
2025-02-04 17:45:00	1.03729	1.0378	1.03703	1.03765	1847
2025-02-04 18:00:00	1.03765	1.03809	1.03742	1.03801	1762
2025-02-04 18:15:00	1.03801	1.03833	1.0379	1.03796	1223
2025-02-04 18:30:00	1.03797	1.0386	1.03794	1.03852	1156
2025-02-04 18:45:00	1.03853	1.0386	1.03808	1.03808	1063
2025-02-04 19:00:00	1.03812	1.03823	1.03788	1.03811	773
2025-02-04 19:15:00	1.03812	1.03818	1.03769	1038	1238
2025-02-04 19:30:00	1.03801	1.03849	1.03786	1.03807	1002
2025-02-04 19:45:00	1.03806	1.03852	1.03791	1.03816	1722
2025-02-04 20:00:00	1.03817	1.03843	1.0379	1.03839	1327
2025-02-04 20:15:00	1.03838	1.03849	1.03804	1.03829	864
2025-02-04 20:30:00	1.03829	1.03833	1.03807	1.03827	782
2025-02-04 20:45:00	1.03826	1.03857	1.03814	1.03852	1030
2025-02-04 21:00:00	1.03851	1.03874	1.03818	1.0383	669
2025-02-04 21:15:00	1.03829	1.0383	1.03777	1.03783	500
2025-02-04 21:30:00	1.03785	1038	1.03777	1.03799	328
2025-02-04 21:45:00	1038	1.03806	1.03777	1.03783	1524
2025-02-04 22:00:00	1.03783	1.03783	1.0373	1.03777	255
2025-02-04 22:15:00	1.03779	1.03795	1.0376	1.03783	208
2025-02-04 22:30:00	1.03782	1.03796	1.03727	1.03768	297
2025-02-04 22:45:00	1.03768	1.03798	1.03768	1.0378	502
2025-02-04 23:00:00	1.0378	1.03802	1.03747	1.03783	450
2025-02-04 23:15:00	1.03782	1.03793	1.0377	1.0377	384
2025-02-04 23:30:00	1.0377	1.03793	1.03768	1.03793	372
2025-02-04 23:45:00	1.03793	1.03793	1.03707	1.03712	559
2025-02-05 00:00:00	1.03712	1.03746	1.03696	1.03723	614
2025-02-05 00:15:00	1.03725	1.03754	1.03709	1.03751	528
2025-02-05 00:30:00	1.03752	1.03817	1.03744	1.03782	1205
2025-02-05 00:45:00	1.03781	1.03802	1.03743	1.03786	993
2025-02-05 01:00:00	1.03787	1.03829	1.03782	1038	1510
2025-02-05 01:15:00	1038	1.03864	1.03773	1.03848	1835
2025-02-05 01:30:00	1.03848	1.0385	1.03751	1.03773	1540
2025-02-05 01:45:00	1.03779	1.0378	1.0372	1.03732	1560
2025-02-05 02:00:00	1.03733	1.03834	1.03728	1.0383	1579
2025-02-05 02:15:00	1.03829	1.0384	1.03792	1.03831	1704
2025-02-05 02:30:00	1.03834	1.03839	1.03816	1.03832	1518
2025-02-05 02:45:00	1.0383	1.03848	1.03823	1.03843	1731
2025-02-05 03:00:00	1.03843	1.0386	1.03808	1.03812	1668
2025-02-05 03:15:00	1.03812	1.03843	1.03809	1.03839	993
2025-02-05 03:30:00	1.03839	1.03855	1.03821	1.0384	1560
2025-02-05 03:45:00	1.03841	1.03844	1.03791	1.03794	984
2025-02-05 04:00:00	1.03795	1.03822	1.03786	1.03808	842
2025-02-05 04:15:00	1.03808	1.03821	1.03778	1.03781	806
2025-02-05 04:30:00	1.03783	1.03791	1.0376	1.03778	959
2025-02-05 04:45:00	1.03778	1.0379	1.03767	1.03784	803
2025-02-05 05:00:00	1.03784	1.03785	1.03737	1.0375	910
2025-02-05 05:15:00	1.0375	1.03772	1.03739	1.03745	1008
2025-02-05 05:30:00	1.03745	1.03761	1.03732	1.03742	970
2025-02-05 05:45:00	1.03739	1.03777	1.03734	1.03777	1212
2025-02-05 06:00:00	1.03775	1.03809	1.0374	1.03806	1161
2025-02-05 06:15:00	1.03809	1.03937	1.03809	1.03931	1978
2025-02-05 06:30:00	1.03932	1.03932	1.03862	1.03866	1209
2025-02-05 06:45:00	1.03868	1.0389	1.03836	1.03848	1172
2025-02-05 07:00:00	1.03847	1.03906	1.03819	1.03901	1665
2025-02-05 07:15:00	1.03903	1.04086	1.03903	1.0407	2699
2025-02-05 07:30:00	1.0407	1.04096	1.04014	1.04046	1809
2025-02-05 07:45:00	1.04047	1.0407	1.03978	1.04025	2138
2025-02-05 08:00:00	1.04024	1.04068	1.03993	1.04018	2821
2025-02-05 08:15:00	1.04018	1.04019	1.03929	1.03972	2860
2025-02-05 08:30:00	1.03971	1.04021	1.03899	1.04019	2860
2025-02-05 08:45:00	1.0402	1.04082	1.04009	1.04037	2353
2025-02-05 09:00:00	1.04036	1.04099	1.04033	1.04091	2506
2025-02-05 09:15:00	1.04088	1.04174	1.04077	1.04118	2472
2025-02-05 09:30:00	1.04118	1.04118	1.04037	1.04088	2437
2025-02-05 09:45:00	1.04088	1.04096	1.04014	1.04037	1915
2025-02-05 10:00:00	1.04038	1.04087	1.04017	1.04069	1993
2025-02-05 10:15:00	1.04069	1.04189	1.04067	1.0418	1829
2025-02-05 10:30:00	1.04179	1.04296	1.04161	1.0424	2977
2025-02-05 10:45:00	1.0424	1.04304	1.04221	1.0425	2643
2025-02-05 11:00:00	1.04249	1.04252	1.04165	1.04192	1904
2025-02-05 11:15:00	1.04192	1.04197	1.04137	1.04174	2083
2025-02-05 11:30:00	1.04175	1.04179	1.04114	1.04133	1485
2025-02-05 11:45:00	1.04132	1.04167	1.04122	1.04147	1079
2025-02-05 12:00:00	1.04144	1.04144	1.04109	1.04119	1288
2025-02-05 12:15:00	1.04118	1.04164	1.04106	1.04152	1681
2025-02-05 12:30:00	1.04152	1.04177	1.04128	1.04173	1986
2025-02-05 12:45:00	1.04174	1.04218	1.04155	1.04188	2183
2025-02-05 13:00:00	1.04189	1.04256	1.04175	1.04209	2327
2025-02-05 13:15:00	1.04206	1.04208	1.04099	1.04132	3224
2025-02-05 13:30:00	1.04135	1.0418	1.04061	1.04101	3652
2025-02-05 13:45:00	1.04101	1.0411	1.04013	1.04076	3348
2025-02-05 14:00:00	1.04079	1.04217	1.0406	1.04205	3292
2025-02-05 14:15:00	1.04203	1.04233	1.04155	1.04216	2803
2025-02-05 14:30:00	1.04215	1.04238	1.0414	1.04167	2853
2025-02-05 14:45:00	1.04165	1.04261	1.04125	1.04232	3431
2025-02-05 15:00:00	1.04269	1.04424	1.04206	1.04248	5647
2025-02-05 15:15:00	1.04247	1.0431	1.04198	1.04201	4069
2025-02-05 15:30:00	1.04202	1.04213	1.04149	1.04173	3826
2025-02-05 15:45:00	1.04173	1.04248	1.04157	1.04221	4299
2025-02-05 16:00:00	1.0422	1.04245	1.04138	1.04142	3571
2025-02-05 16:15:00	1.04143	1.04204	1.04104	1.0418	2482
2025-02-05 16:30:00	1.0418	1.04245	1.04155	1.04165	1999
2025-02-05 16:45:00	1.04163	1.04183	1.04102	1.04179	2022
2025-02-05 17:00:00	1.04181	1.04241	1.04173	1.04198	1238
2025-02-05 17:15:00	1042	1.04203	1.04102	1.04128	1766
2025-02-05 17:30:00	1.04132	1.04189	1.04127	1.04178	1240
2025-02-05 17:45:00	1.04177	1.04213	1.04165	1.04198	1001
2025-02-05 18:00:00	1.04196	1.0421	1.0414	1.0417	916
2025-02-05 18:15:00	1.0417	1.04209	1.04166	1.04185	928
2025-02-05 18:30:00	1.04183	1.04215	1.04164	1.04194	683
2025-02-05 18:45:00	1.04195	1.04195	1.04149	1.04153	944
2025-02-05 19:00:00	1.04154	1.04166	1.04112	1.04126	1186
2025-02-05 19:15:00	1.04125	1.0414	1.04095	1.04135	1199
2025-02-05 19:30:00	1.04137	1.04139	1.04067	1.04074	1035
2025-02-05 19:45:00	1.04074	1.04088	1.04044	1.04069	1523
2025-02-05 20:00:00	1.04068	1.04069	1.04009	1.04023	838
2025-02-05 20:15:00	1.04023	1.04049	1.04017	1.04044	684
2025-02-05 20:30:00	1.04044	1.0405	1.04023	1.04037	699
2025-02-05 20:45:00	1.04035	1.04065	1.04023	1.04045	1281
2025-02-05 21:00:00	1.04045	1.04066	1.04018	1.04036	524
2025-02-05 21:15:00	1.04036	1.04055	1.04027	1.04034	883
2025-02-05 21:30:00	1.04033	1.04038	1.03981	1.03985	423
2025-02-05 21:45:00	1.03984	1.04034	1.03967	1.04021	1188
2025-02-05 22:00:00	1.0402	1.04046	1.03959	1.04021	97
2025-02-05 22:15:00	1.04041	1.04045	1.04022	1.04039	117
2025-02-05 22:30:00	1.04038	1.04042	1.04012	1.04019	282
2025-02-05 22:45:00	1.04018	1.04043	1.04016	1.04041	153
2025-02-05 23:00:00	1.04039	1.04058	1.03972	1.03973	526
2025-02-05 23:15:00	1.03973	1.04039	1.03969	1.04028	401
2025-02-05 23:30:00	1.04027	1.04035	1.03976	1.03981	414
2025-02-05 23:45:00	1.03982	1.04032	1.03978	1.03985	569
2025-02-06 00:00:00	1.03985	1.04021	1.03985	1.04018	827
2025-02-06 00:15:00	1.04017	1.04018	1.03963	1.03995	560
2025-02-06 00:30:00	1.03994	1.04008	1.03976	1.03991	617
2025-02-06 00:45:00	1.03992	1.03992	1.03948	1.03973	957
2025-02-06 01:00:00	1.03973	1.03999	1.03951	1.03991	884
2025-02-06 01:15:00	1.0399	1.0402	1.03987	1.03998	1152
2025-02-06 01:30:00	1.03994	1.04032	1.03992	1.04011	1793
2025-02-06 01:45:00	1.04012	1.04043	1.04004	1.04023	1447
2025-02-06 02:00:00	1.04022	1.04053	1.04005	1.04007	1075
2025-02-06 02:15:00	1.04007	1.04007	1.03934	1.03938	1260
2025-02-06 02:30:00	1.03939	1.03943	1.03908	1.03931	898
2025-02-06 02:45:00	1.03931	1.03971	1.03918	1.03949	1166
2025-02-06 03:00:00	1.03949	1.03961	1.03919	1.03934	947
2025-02-06 03:15:00	1.03934	1.03947	1.03922	1.03934	676
2025-02-06 03:30:00	1.03933	1.03949	1.03912	1.03912	648
2025-02-06 03:45:00	1.03909	1.03923	1.03895	1.03918	557
2025-02-06 04:00:00	1.03918	1.03924	1.03903	1.03919	642
2025-02-06 04:15:00	1.0392	1.03937	1.03914	1.03917	594
2025-02-06 04:30:00	1.03917	1.03923	1.03876	1.0388	685
2025-02-06 04:45:00	1.03877	1.03878	1.03852	1.03869	832
2025-02-06 05:00:00	1.03868	1.03889	1.03867	1.03883	1060
2025-02-06 05:15:00	1.03882	1.03901	1.03864	1.03889	849
2025-02-06 05:30:00	1.0389	1039	1.03868	1.0388	917
2025-02-06 05:45:00	1.03879	1.03885	1.03858	1.03861	670
2025-02-06 06:00:00	1.03864	1.03874	1.03854	1.03858	1005
2025-02-06 06:15:00	1.0386	1.03892	1.03859	1.0387	1042
2025-02-06 06:30:00	1.0387	1.03923	1.03868	1.03915	964
2025-02-06 06:45:00	1.03915	1.03919	1.03869	1.03899	1437
2025-02-06 07:00:00	1039	1.03906	1.03847	1.03854	1595
2025-02-06 07:15:00	1.03853	1.03912	1.03842	1.03887	1417
2025-02-06 07:30:00	1.03886	1.03891	1.03829	1.03845	1388
2025-02-06 07:45:00	1.03844	1.03852	1.03779	1.03799	1432
2025-02-06 08:00:00	1.03798	1.03808	1.03696	1.03715	2837
2025-02-06 08:15:00	1.03717	1.03726	1.03625	1.03627	2517
2025-02-06 08:30:00	1.03628	1.03654	1.03578	1.03617	3222
2025-02-06 08:45:00	1.0362	1.03654	1.03559	1.03647	1847
2025-02-06 09:00:00	1.03649	1.03677	1.03635	1.03663	1248
2025-02-06 09:15:00	1.03664	1.03671	1.03561	1.03615	1437
2025-02-06 09:30:00	1.03614	1.03654	1.0358	1.03612	1562
2025-02-06 09:45:00	1.03611	1.0365	1.03574	1.03592	1874
2025-02-06 10:00:00	1.03592	1.03629	1.03573	1.03598	1725
2025-02-06 10:15:00	1.03602	1.03662	1.03598	1.03642	1265
2025-02-06 10:30:00	1.0364	1.03647	1.03557	1.03571	1347
2025-02-06 10:45:00	1.03572	1.03627	1.03571	1.03623	1170
2025-02-06 11:00:00	1.03622	1.03623	1.03578	1.03607	1296
2025-02-06 11:15:00	1.03606	1.03673	1.03601	1.03671	1607
2025-02-06 11:30:00	1.03671	1.03676	1.03592	1.0361	1725
2025-02-06 11:45:00	1.0361	1.03651	1.03599	1.03617	1829
2025-02-06 12:00:00	1.03619	1.03639	1.03548	1.03601	4336
2025-02-06 12:15:00	1.03603	1.03611	1.03558	1.03563	2656
2025-02-06 12:30:00	1.03564	1.03632	1.03523	1.0362	2446
2025-02-06 12:45:00	1.03621	1.03625	1.03572	1.03617	2517
2025-02-06 13:00:00	1.03616	1.0363	1.03532	1.0361	2764
2025-02-06 13:15:00	1.03612	1.03612	1.03578	1.03595	2112
2025-02-06 13:30:00	1.03595	1.03673	1.03595	1.03603	3468
2025-02-06 13:45:00	1.03604	1.0361	1.03552	1.03601	2721
2025-02-06 14:00:00	1.03601	1.03676	1.03595	1.0366	1805
2025-02-06 14:15:00	1.0366	1.03675	1.03618	1.03673	1819
2025-02-06 14:30:00	1.03671	1.03744	1.03647	1.03728	3007
2025-02-06 14:45:00	1.03728	1.03746	1.03616	1.0362	3031
2025-02-06 15:00:00	1.03621	1.03732	1.0361	1.03707	2717
2025-02-06 15:15:00	1.03707	1.03762	1.03663	1.03663	2204
2025-02-06 15:30:00	1.03661	1.03682	1.03612	1.03663	2989
2025-02-06 15:45:00	1.03663	1.03714	1.03646	1.03692	3222
2025-02-06 16:00:00	1.03692	1.03748	1.03683	1.03691	2833
2025-02-06 16:15:00	1.03691	1.03759	1.03681	1.0374	2118
2025-02-06 16:30:00	1.0374	1.03762	1.03705	1.0371	1831
2025-02-06 16:45:00	1.03709	1.03726	1.03666	1.03666	1866
2025-02-06 17:00:00	1.03666	1.03759	1.03657	1.03758	1774
2025-02-06 17:15:00	1.03757	1.03796	1.03737	1.03786	1150
2025-02-06 17:30:00	1.03784	1.03784	1.0373	1.03756	1142
2025-02-06 17:45:00	1.03755	1.03803	1.03737	1.03791	1082
2025-02-06 18:00:00	1.03789	1.03863	1.03736	1.03797	2614
2025-02-06 18:15:00	1.03797	1.03858	1.03797	1.0385	2174
2025-02-06 18:30:00	1.03849	1.03951	1.03825	1.03947	1704
2025-02-06 18:45:00	1.03946	1.03964	1.03848	1.03893	1745
2025-02-06 19:00:00	1.03891	1.03912	1.03853	1.03865	1144
2025-02-06 19:15:00	1.03864	1.03866	1.03839	1.03843	1042
2025-02-06 19:30:00	1.03842	1.03844	1.03801	1.03825	1099
2025-02-06 19:45:00	1.03824	1.03854	1.03823	1.03845	945
2025-02-06 20:00:00	1.03844	1.03906	1.03839	1.03883	986
2025-02-06 20:15:00	1.03882	1.03896	1.03851	1.03853	571
2025-02-06 20:30:00	1.03853	1.03876	1.03838	1.03862	742
2025-02-06 20:45:00	1.03861	1.03894	1.03842	1.03888	1254
2025-02-06 21:00:00	1.03883	1.03891	1.03868	1.03869	558
2025-02-06 21:15:00	1.0387	1.03877	1.03841	1.03867	353
2025-02-06 21:30:00	1.03867	1.03868	1.03851	1.03852	231
2025-02-06 21:45:00	1.03853	1.03854	1.0382	1.03827	532
2025-02-06 22:00:00	1.03826	1.03853	1.03826	1.03839	155
2025-02-06 22:15:00	1.03835	1.03843	1.03831	1.03831	128
2025-02-06 22:30:00	1.03834	1.03834	1.03818	1.03818	232
2025-02-06 22:45:00	1.03815	1.03837	1.03815	1.03827	134
2025-02-06 23:00:00	1.03822	1.03856	1.03822	1.03851	364
2025-02-06 23:15:00	1.03852	1.03866	1.03844	1.03847	130
2025-02-06 23:30:00	1.03849	1.03851	1.03844	1.03851	150
2025-02-06 23:45:00	1.03852	1.03856	1.0384	1.0385	217
2025-02-07 00:00:00	1.03849	1.03909	1.03846	1.03872	1000
2025-02-07 00:15:00	1.03872	1.03875	1.03826	1.0383	733
2025-02-07 00:30:00	1.03832	1.03836	1.03792	1.03802	996
2025-02-07 00:45:00	1.03801	1.03821	1.03773	1.03775	868
2025-02-07 01:00:00	1.0378	1.03791	1.03741	1.03745	1566
2025-02-07 01:15:00	1.03745	1.03801	1.03745	1.03789	1355
2025-02-07 01:30:00	1.03787	1.03806	1.0377	1.03786	1114
2025-02-07 01:45:00	1.03785	1.03867	1.0378	1.03837	1503
2025-02-07 02:00:00	1.03836	1.0386	1.03831	1.03839	1253
2025-02-07 02:15:00	1.03841	1.03858	1.03836	1.03853	1524
2025-02-07 02:30:00	1.03852	1.03856	1.03826	1.0383	1591
2025-02-07 02:45:00	1.03829	1.03841	1.03807	1.03838	1709
2025-02-07 03:00:00	1.03841	1.03848	1.03807	1.03826	745
2025-02-07 03:15:00	1.03829	1.03844	1.03823	1.03825	1091
2025-02-07 03:30:00	1.03825	1.03838	1.03782	1.03783	751
2025-02-07 03:45:00	1.03784	1.03797	1.0377	1.03796	927
2025-02-07 04:00:00	1.03796	1.03804	1.03764	1.03767	572
2025-02-07 04:15:00	1.03767	1.03802	1.03755	1.03802	847
2025-02-07 04:30:00	1.03801	1.03833	1.03794	1.03802	675
2025-02-07 04:45:00	1.03803	1.03811	1.03792	1.0381	786
2025-02-07 05:00:00	1.03809	1.03813	1.03796	1.03796	1450
2025-02-07 05:15:00	1.03796	1.03797	1.03775	1.03784	1670
2025-02-07 05:30:00	1.03784	1.03811	1.03761	1.03766	1048
2025-02-07 05:45:00	1.03765	1.03775	1.03738	1.03749	1125
2025-02-07 06:00:00	1.03748	1.03755	1.0373	1.03748	736
2025-02-07 06:15:00	1.03748	1.03758	1.03724	1.03752	1140
2025-02-07 06:30:00	1.03753	1.03772	1.0374	1.03766	1092
2025-02-07 06:45:00	1.03767	1.03769	1.0374	1.03756	1158
2025-02-07 07:00:00	1.03756	1.03798	1.03739	1.03761	1630
2025-02-07 07:15:00	1.03761	1.03823	1.0376	1.03816	1139
2025-02-07 07:30:00	1.03815	1.03865	1.03789	1.03848	1506
2025-02-07 07:45:00	1.0385	1.03899	1.03837	1.03891	1377
2025-02-07 08:00:00	1.0389	1.03949	1.03852	1.0392	1970
2025-02-07 08:15:00	1.03919	1.03958	1.03912	1.03955	1627
2025-02-07 08:30:00	1.03957	1.0399	1.03949	1.03981	1605
2025-02-07 08:45:00	1.03982	1.03997	1.03965	1.03977	991
2025-02-07 09:00:00	1.03977	1.03991	1.03924	1.03947	1510
2025-02-07 09:15:00	1.03947	1.03955	1.03908	1.03908	1608
2025-02-07 09:30:00	1.03908	1.03984	1.03896	1.0398	1991
2025-02-07 09:45:00	1.03979	1.03982	1.03899	1.0391	1608
2025-02-07 10:00:00	1.03909	1.03914	1.03851	1.03888	1711
2025-02-07 10:15:00	1.03888	1.03894	1.03871	1.03879	1476
2025-02-07 10:30:00	1.03879	1.03889	1.03832	1.03833	1491
2025-02-07 10:45:00	1.03833	1.03834	1.03789	1.03812	1549
2025-02-07 11:00:00	1.03811	1.03818	1.03773	1.03804	1522
2025-02-07 11:15:00	1.03804	1.03812	1.03782	1.03802	1303
2025-02-07 11:30:00	1.03801	1.03813	1.03787	1.03812	1087
2025-02-07 11:45:00	1.03814	1.0384	1.03802	1.03822	1556
2025-02-07 12:00:00	1.03822	1.03822	1.03733	1.03768	1713
2025-02-07 12:15:00	1.03766	1.03766	1.03707	1.03713	1429
2025-02-07 12:30:00	1.03712	1.03733	1.03681	1.03716	2052
2025-02-07 12:45:00	1.03718	1.03782	1.03704	1.03742	1951
2025-02-07 13:00:00	1.03741	1.03789	1.03734	1.03768	2199
2025-02-07 13:15:00	1.03768	1.03786	1.03725	1.0374	3194
2025-02-07 13:30:00	1.03732	1.04124	1.03489	1.03697	9927
2025-02-07 13:45:00	1.03698	1.03733	1.03537	1.03634	6173
2025-02-07 14:00:00	1.03633	1.03735	1.03606	1.03735	4312
2025-02-07 14:15:00	1.03734	1.03823	1.03669	1.03814	3405
2025-02-07 14:30:00	1.03816	1.03862	1.03793	1.03802	3443
2025-02-07 14:45:00	1.03803	1.03886	1.03791	1.03852	2859
2025-02-07 15:00:00	1.03851	1.03876	1.03723	1.03749	4920
2025-02-07 15:15:00	1.03752	1.03782	1.03696	1.03711	3780
2025-02-07 15:30:00	1.03711	1.03796	1.03693	1.03775	3994
2025-02-07 15:45:00	1.03776	1.03863	1.03271	1.03551	9070
2025-02-07 16:00:00	1.0355	1.0355	1.03291	1.03336	7692
2025-02-07 16:15:00	1.03336	1.03542	1.03292	1.0335	7601
2025-02-07 16:30:00	1.03351	1.03389	1.03232	1.03251	4251
2025-02-07 16:45:00	1.03251	1.03342	1.03221	1.03276	3559
2025-02-07 17:00:00	1.03276	1.03608	1.03219	1.03425	6201
2025-02-07 17:15:00	1.03426	1.03432	1.03049	1032	8345
2025-02-07 17:30:00	1032	1.03258	1.0315	1.03186	3300
2025-02-07 17:45:00	1.03187	1.03219	1.03126	1.03217	1737
2025-02-07 18:00:00	1.03214	1.03324	1.0321	1.03299	1566
2025-02-07 18:15:00	1.03301	1.03357	1033	1.03316	1382
2025-02-07 18:30:00	1.03315	1.03345	1.03247	1.0325	1156
2025-02-07 18:45:00	1.03252	1.03254	1.03206	1.03249	1484
2025-02-07 19:00:00	1.03249	1.0328	1.03236	1.03256	1183
2025-02-07 19:15:00	1.03257	1.03326	1.03257	1.03304	1450
2025-02-07 19:30:00	1.03303	1.03367	1.03282	1.03324	1538
2025-02-07 19:45:00	1.03327	1.03341	1.03292	1.03322	1555
2025-02-07 20:00:00	1.03322	1.03381	1.0331	1.03338	1665
2025-02-07 20:15:00	1.03337	1.03357	1.03291	1.03298	1262
2025-02-07 20:30:00	1033	1.03308	1.03214	1.03214	1254
2025-02-07 20:45:00	1.03216	1.03286	1.03215	1.03277	1045
2025-02-07 21:00:00	1.0328	1.03318	1.03273	1.03306	708
2025-02-07 21:15:00	1.03305	1.03321	1.03278	1.0329	428
2025-02-07 21:30:00	1.03289	1.0329	1.0325	1.03267	702
2025-02-07 21:45:00	1.03268	1.03293	1.03248	1.0326	1474
2025-02-09 22:00:00	1.02918	1.02974	1.02839	1.02959	1254
2025-02-09 22:15:00	1.02958	1.02966	1.02911	1.02955	1060
2025-02-09 22:30:00	1.02953	1.03016	1.02949	1.03013	493
2025-02-09 22:45:00	1.03013	1.03013	1.02888	1.02904	1036
2025-02-09 23:00:00	1.02904	1.03085	1.02904	1.03077	2334
2025-02-09 23:15:00	1.03078	1.03107	1.03077	1.03088	953
2025-02-09 23:30:00	1.03088	1.03124	1.03088	1.03112	509
2025-02-09 23:45:00	1.03114	1.03134	1.03094	1.03095	1116
2025-02-10 00:00:00	1.03096	1.03176	1.03094	1.03119	1713
2025-02-10 00:15:00	1.03118	1.03183	1.03116	1.03154	1383
2025-02-10 00:30:00	1.03154	1.03181	1.03145	1.03148	1256
2025-02-10 00:45:00	1.03149	1.03157	1.03092	1.03099	1660
2025-02-10 01:00:00	1.03102	1.0312	1.03086	1.03106	2193
2025-02-10 01:15:00	1.03107	1.03144	1.0306	1.03061	1219
2025-02-10 01:30:00	1.0306	1.03078	1.03013	1.03018	2013
2025-02-10 01:45:00	1.03016	1.03042	1.02999	1.03027	1227
2025-02-10 02:00:00	1.03028	1.03065	1.03026	1.03048	1184
2025-02-10 02:15:00	1.0305	1.0305	1.03002	1.03014	1027
2025-02-10 02:30:00	1.03016	1.03026	1.03	1.03014	795
2025-02-10 02:45:00	1.03014	1.03018	1.02985	1.02995	572
2025-02-10 03:00:00	1.02996	1.03057	1.02995	1.03054	1423
2025-02-10 03:15:00	1.03051	1.03098	1.03051	1.03087	1125
2025-02-10 03:30:00	1.03086	1.03115	1.03078	1.03079	1178
2025-02-10 03:45:00	1.03077	1.03115	1.03077	1.03114	498
2025-02-10 04:00:00	1.03114	1.03146	1.0311	1.0313	843
2025-02-10 04:15:00	1.03131	1.03153	1.03122	1.03145	578
2025-02-10 04:30:00	1.03144	1.03158	1.03139	1.03144	541
2025-02-10 04:45:00	1.03145	1.03147	1.03125	1.03132	807
2025-02-10 05:00:00	1.03134	1.03175	1.03131	1.03174	471
2025-02-10 05:15:00	1.03174	1.03209	1.03167	1.03207	948
2025-02-10 05:30:00	1.03207	1.03214	1.03184	1.03189	621
2025-02-10 05:45:00	1.03189	1.03191	1.03135	1.0316	1018
2025-02-10 06:00:00	1.0316	1.03165	1.0312	1.03123	1049
2025-02-10 06:15:00	1.03125	1.03153	1.03125	1.03142	519
2025-02-10 06:30:00	1.03142	1.03174	1.03126	1.0317	742
2025-02-10 06:45:00	1.03168	1.03199	1.03163	1.03187	974
2025-02-10 07:00:00	1.03187	1.03253	1.03184	1.03201	1853
2025-02-10 07:15:00	1.03207	1.03207	1.03103	1.03123	1371
2025-02-10 07:30:00	1.03124	1.03157	1.03098	1.03124	1541
2025-02-10 07:45:00	1.03126	1.03161	1.03104	1.03128	1445
2025-02-10 08:00:00	1.03129	1.03155	1.03093	1.03115	2161
2025-02-10 08:15:00	1.03114	1.0319	1.03064	1.03166	2834
2025-02-10 08:30:00	1.03165	1.03197	1.03134	1.03191	2599
2025-02-10 08:45:00	1.0319	1.03228	1.03168	1.0322	1724
2025-02-10 09:00:00	1.03221	1.03323	1.03209	1.03321	2211
2025-02-10 09:15:00	1.03321	1.03321	1.03259	1.03299	1779
2025-02-10 09:30:00	1033	1.03346	1.03289	1.03295	2637
2025-02-10 09:45:00	1.03294	1.03311	1.03237	1.03266	2373
2025-02-10 10:00:00	1.03266	1.0328	1.03233	1.03256	2002
2025-02-10 10:15:00	1.03255	1.0328	1.03232	1.03245	1857
2025-02-10 10:30:00	1.03245	1.03323	1.03237	1.03323	1780
2025-02-10 10:45:00	1.03323	1.03336	1.03291	1.03297	1570
2025-02-10 11:00:00	1.03299	1.03363	1.03292	1.03324	1883
2025-02-10 11:15:00	1.03326	1.03339	1.03282	1.0333	1763
2025-02-10 11:30:00	1.0333	1.03334	1.03276	1.03279	1863
2025-02-10 11:45:00	1.03278	1.03278	1.03198	1.03205	2056
2025-02-10 12:00:00	1.03205	1.0322	1.03083	1.03094	2777
2025-02-10 12:15:00	1.03095	1.03156	1.03093	1.03135	1508
2025-02-10 12:30:00	1.03135	1.03174	1.03134	1.03159	1010
2025-02-10 12:45:00	1.03158	1.0318	1.03112	1.03135	1721
2025-02-10 13:00:00	1.03137	1.03231	1.03137	1.03223	1863
2025-02-10 13:15:00	1.03225	1.03255	1.03199	1.03218	1825
2025-02-10 13:30:00	1.03218	1.03261	1.0321	1.03236	1457
2025-02-10 13:45:00	1.03237	1.03262	1.03198	1.03213	1593
2025-02-10 14:00:00	1.03212	1.03233	1.0314	1.03145	1654
2025-02-10 14:15:00	1.03143	1.03143	1.03041	1.03063	2559
2025-02-10 14:30:00	1.03064	1.03112	1.03053	1.03069	2300
2025-02-10 14:45:00	1.03071	1.03114	1.03064	1.03112	1856
2025-02-10 15:00:00	1.03114	1.03176	1.03113	1.03155	1633
2025-02-10 15:15:00	1.03158	1.03174	1.03105	1.03168	2205
2025-02-10 15:30:00	1.03172	1.03197	1.03168	1.03174	1569
2025-02-10 15:45:00	1.03174	1.03181	1.0312	1.0315	2811
2025-02-10 16:00:00	1.0315	1.03181	1.0312	1.03125	1987
2025-02-10 16:15:00	1.03125	1.03145	1.03089	1.0313	1948
2025-02-10 16:30:00	1.0313	1.03144	1.03079	1.03108	1693
2025-02-10 16:45:00	1.0311	1.03115	1.03043	1.03112	1452
2025-02-10 17:00:00	1.03113	1.03146	1.03103	1.03115	1129
2025-02-10 17:15:00	1.03112	1.03141	1.03101	1.03109	1560
2025-02-10 17:30:00	1.03111	1.03126	1.03088	1.03088	679
2025-02-10 17:45:00	1.03089	1.03123	1.03065	1.03123	871
2025-02-10 18:00:00	1.03121	1.03159	1.03096	1.03141	813
2025-02-10 18:15:00	1.03141	1.03148	1031	1.03125	683
2025-02-10 18:30:00	1.03124	1.03131	1.03078	1.03084	727
2025-02-10 18:45:00	1.03086	1.03108	1.03058	1.0307	943
2025-02-10 19:00:00	1.03069	1.03107	1.03051	1.0309	522
2025-02-10 19:15:00	1.03088	1.0309	1.03052	1.0307	653
2025-02-10 19:30:00	1.03069	1.03097	1.0306	1.03085	636
2025-02-10 19:45:00	1.03084	1.03089	1.0306	1.03066	696
2025-02-10 20:00:00	1.03067	1.03083	1.03056	1.03068	725
2025-02-10 20:15:00	1.03069	1.0307	1.03048	1.03052	555
2025-02-10 20:30:00	1.03052	1.03064	1.03048	1.03062	318
2025-02-10 20:45:00	1.03061	1.03081	1.03048	1.03067	674
2025-02-10 21:00:00	1.03066	1.03081	1.03054	1.03074	351
2025-02-10 21:15:00	1.03073	1.03075	1.03051	1.03054	332
2025-02-10 21:30:00	1.03054	1.03067	1.03049	1.03067	109
2025-02-10 21:45:00	1.03068	1.0307	1.03049	1.03062	331
2025-02-10 22:00:00	1.03061	1.03075	1.0304	1.03067	231
2025-02-10 22:15:00	1.03067	1.03089	1.03049	1.03054	333
2025-02-10 22:30:00	1.03053	1.03066	1.03049	1.03057	480
2025-02-10 22:45:00	1.03056	1.03062	1.03025	1.03049	568
2025-02-10 23:00:00	1.03042	1.03075	1.03029	1.03039	1220
2025-02-10 23:15:00	1.03041	1.03041	1.02983	1.02997	1123
2025-02-10 23:30:00	1.02999	1.03006	1.02982	1.03002	527
2025-02-10 23:45:00	1.03002	1.03013	1.02989	1.03005	250
2025-02-11 00:00:00	1.03006	1.03018	1.02997	1.03002	643
2025-02-11 00:15:00	1.03003	1.03042	1.02993	1.03042	297
2025-02-11 00:30:00	1.03042	1.03065	1.03034	1.03052	325
2025-02-11 00:45:00	1.0305	1.0305	1.0303	1.03045	175
2025-02-11 01:00:00	1.03045	1.03045	1.03004	1.03019	1511
2025-02-11 01:15:00	1.03017	1.03027	1.03	1.03019	1876
2025-02-11 01:30:00	1.03017	1.03035	1.02999	1.03032	1138
2025-02-11 01:45:00	1.03033	1.03038	1.03011	1.03018	824
2025-02-11 02:00:00	1.03018	1.03027	1.02998	1.02998	1525
2025-02-11 02:15:00	1.02999	1.03016	1.02985	1.02999	2049
2025-02-11 02:30:00	1.03	1.03001	1.02952	1.02964	1756
2025-02-11 02:45:00	1.02965	1.0297	1.0292	1.02928	1461
2025-02-11 03:00:00	1.02927	1.02938	1.02919	1.02931	1242
2025-02-11 03:15:00	1.0293	1.02968	1.02925	1.02955	953
2025-02-11 03:30:00	1.02954	1.03003	1.02952	1.03003	1094
2025-02-11 03:45:00	1.03004	1.03004	1.02977	1.02981	1197
2025-02-11 04:00:00	1.02979	1.03012	1.02974	1.03005	772
2025-02-11 04:15:00	1.03004	1.03025	1.03003	1.03019	1273
2025-02-11 04:30:00	1.03018	1.03037	1.03007	1.03031	825
2025-02-11 04:45:00	1.03032	1.03041	1.03027	1.0304	1215
2025-02-11 05:00:00	1.03041	1.03057	1.03034	1.03046	1101
2025-02-11 05:15:00	1.03046	1.03058	1.03031	1.03035	1240
2025-02-11 05:30:00	1.03039	1.03051	1.03019	1.03036	1239
2025-02-11 05:45:00	1.03034	1.03056	1.03026	1.03046	979
2025-02-11 06:00:00	1.03045	1.03068	1.0304	1.03055	936
2025-02-11 06:15:00	1.03054	1.03093	1.03047	1.03087	978
2025-02-11 06:30:00	1.03086	1.03103	1.03068	1.03079	1182
2025-02-11 06:45:00	1.0308	1.03081	1.03046	1.0305	1572
2025-02-11 07:00:00	1.0305	1.0306	1.03008	1.03027	2412
2025-02-11 07:15:00	1.03028	1.03073	1.03017	1.03054	1804
2025-02-11 07:30:00	1.03053	1.03065	1.03009	1.03034	2172
2025-02-11 07:45:00	1.03041	1.03077	1.03029	1.0303	1728
2025-02-11 08:00:00	1.0303	1.03068	1.02998	1.03049	2512
2025-02-11 08:15:00	1.03048	1.03086	1.03034	1.03071	1953
2025-02-11 08:30:00	1.03071	1.03157	1.03065	1.03138	1719
2025-02-11 08:45:00	1.03138	1.03196	1.03125	1.0318	1685
2025-02-11 09:00:00	1.0318	1.03218	1.03167	1.0318	2212
2025-02-11 09:15:00	1.0318	1.03197	1.03125	1.03136	2897
2025-02-11 09:30:00	1.03137	1.03174	1.03129	1.03136	2380
2025-02-11 09:45:00	1.03138	1.03203	1.03128	1.03177	1900
2025-02-11 10:00:00	1.03178	1.03231	1.03165	1.03229	2167
2025-02-11 10:15:00	1.03228	1.03251	1.03213	1.03221	1792
2025-02-11 10:30:00	1.03222	1.03231	1.03152	1.03159	1769
2025-02-11 10:45:00	1.03159	1.03178	1.03143	1.03159	1505
2025-02-11 11:00:00	1.03158	1.03207	1.03158	1.03204	1228
2025-02-11 11:15:00	1.03203	1.03212	1.03161	1.03169	1216
2025-02-11 11:30:00	1.03168	1.03197	1.03155	1.0318	806
2025-02-11 11:45:00	1.03182	1.03226	1.0318	1.03218	1121
2025-02-11 12:00:00	1.03216	1.0325	1.03204	1.03239	1621
2025-02-11 12:15:00	1.03239	1.03285	1.03237	1.0327	1701
2025-02-11 12:30:00	1.03266	1.03279	1.03254	1.03268	1484
2025-02-11 12:45:00	1.03268	1.03279	1.03206	1.03219	2142
2025-02-11 13:00:00	1.03219	1.03259	1.03198	1.03229	1786
2025-02-11 13:15:00	1.03228	1.03229	1.03165	1.03178	1770
2025-02-11 13:30:00	1.03179	1.03238	1.03164	1.03182	1673
2025-02-11 13:45:00	1.03181	1.0323	1.0317	1.03222	1341
2025-02-11 14:00:00	1.03222	1.03295	1.03216	1.03246	1627
2025-02-11 14:15:00	1.03246	1.03307	1.03237	1.03303	1629
2025-02-11 14:30:00	1.03305	1.03333	1.03292	1.03303	2201
2025-02-11 14:45:00	1.03302	1.03371	1.03293	1.03321	2476
2025-02-11 15:00:00	1.03327	1.03358	1.0328	1.03318	2719
2025-02-11 15:15:00	1.03318	1.03421	1.0329	1.0341	2595
2025-02-11 15:30:00	1.03411	1.03423	1.03335	1.03364	2363
2025-02-11 15:45:00	1.03362	1.03432	1.03361	1.03398	2605
2025-02-11 16:00:00	1.03397	1.03491	1.03388	1.03478	2904
2025-02-11 16:15:00	1.03477	1.03493	1.03443	1.03485	2211
2025-02-11 16:30:00	1.03486	1.03512	1.03453	1.03482	1978
2025-02-11 16:45:00	1.03482	1.03511	1.03448	1.03457	1497
2025-02-11 17:00:00	1.03456	1.0346	1.03433	1.0345	1158
2025-02-11 17:15:00	1.0345	1.03476	1.03435	1.03469	1039
2025-02-11 17:30:00	1.03468	1.03485	1.03452	1.03475	945
2025-02-11 17:45:00	1.03475	1.03476	1.03446	1.03453	764
2025-02-11 18:00:00	1.03451	1.03513	1.03443	1.03484	1457
2025-02-11 18:15:00	1.03484	1.03495	1.03461	1.03464	654
2025-02-11 18:30:00	1.03469	1.03488	1.03461	1.03463	583
2025-02-11 18:45:00	1.03463	1.03468	1.03445	1.03453	846
2025-02-11 19:00:00	1.03451	1.03464	1.0342	1.03424	794
2025-02-11 19:15:00	1.03425	1.03462	1.03418	1.0346	621
2025-02-11 19:30:00	1.03459	1.03813	1.03457	1.03632	3039
2025-02-11 19:45:00	1.03634	1.03639	1.03556	1.03578	2165
2025-02-11 20:00:00	1.0358	1.0362	1.03574	1.03616	1203
2025-02-11 20:15:00	1.03615	1.03636	1.03591	1.03619	1466
2025-02-11 20:30:00	1.03619	1.03674	1.03614	1.03627	1641
2025-02-11 20:45:00	1.03627	1.03674	1.03626	1.03628	1567
2025-02-11 21:00:00	1.03627	1.03638	1.03611	1.03616	1137
2025-02-11 21:15:00	1.03616	1.03637	1.03604	1.03618	384
2025-02-11 21:30:00	1.03619	1.03623	1.03597	1.03603	356
2025-02-11 21:45:00	1.03603	1.03615	1.03587	1.03609	790
2025-02-11 22:00:00	1.03603	1.03617	1.03584	1.03609	98
2025-02-11 22:15:00	1.03605	1.03623	1.03583	1036	326
2025-02-11 22:30:00	1.03598	1.03636	1.03591	1.03628	218
2025-02-11 22:45:00	1.03628	1.03628	1.03585	1.03607	464
2025-02-11 23:00:00	1.03607	1.03674	1036	1.03665	399
2025-02-11 23:15:00	1.03664	1.03664	1.03621	1.03629	397
2025-02-11 23:30:00	1.0363	1.0365	1.03627	1.0365	258
2025-02-11 23:45:00	1.0365	1.03654	1.03627	1.0363	420
2025-02-12 00:00:00	1.03638	1.03641	1.03577	1.03582	687
2025-02-12 00:15:00	1.03583	1.03592	1.03571	1.03583	362
2025-02-12 00:30:00	1.03582	1.03586	1.03562	1.03577	635
2025-02-12 00:45:00	1.03577	1.03582	1.03563	1.03572	595
2025-02-12 01:00:00	1.03571	1.03574	1.03537	1.03566	1501
2025-02-12 01:15:00	1.03565	1.03577	1.03551	1.03572	846
2025-02-12 01:30:00	1.03571	1.03594	1.03561	1.03578	1095
2025-02-12 01:45:00	1.03579	1.03639	1.03578	1.03602	1279
2025-02-12 02:00:00	1.03603	1.03638	1.03602	1.03622	1644
2025-02-12 02:15:00	1.03621	1.03656	1.03619	1.03654	1072
2025-02-12 02:30:00	1.03656	1.03677	1.03645	1.03667	1051
2025-02-12 02:45:00	1.03666	1.03675	1.03622	1.03623	1170
2025-02-12 03:00:00	1.03623	1.03637	1.03591	1.03636	1323
2025-02-12 03:15:00	1.03638	1.03652	1.03627	1.0363	1078
2025-02-12 03:30:00	1.03628	1.03648	1.03586	1.03587	1098
2025-02-12 03:45:00	1.03586	1.03621	1.03584	1.03621	633
2025-02-12 04:00:00	1.03619	1.0362	1.03588	1.03599	877
2025-02-12 04:15:00	1.03599	1.03632	1.03599	1.03617	712
2025-02-12 04:30:00	1.03619	1.0362	1.03584	1.03589	1076
2025-02-12 04:45:00	1.0359	1.03595	1.03559	1.03561	750
2025-02-12 05:00:00	1.03561	1.03569	1.03547	1.03557	1323
2025-02-12 05:15:00	1.03556	1.03583	1.03555	1.03577	1038
2025-02-12 05:30:00	1.03579	1.03585	1.03564	1.03581	934
2025-02-12 05:45:00	1.03581	1.03592	1.03575	1.03583	677
2025-02-12 06:00:00	1.03584	1036	1.03579	1.03598	800
2025-02-12 06:15:00	1.03599	1.03599	1.03574	1.03588	986
2025-02-12 06:30:00	1.03589	1.03599	1.03569	1.03575	942
2025-02-12 06:45:00	1.03577	1.03597	1.03573	1.03587	1386
2025-02-12 07:00:00	1.03588	1.03639	1.03587	1.03619	2251
2025-02-12 07:15:00	1.0362	1.03671	1.03614	1.0366	1492
2025-02-12 07:30:00	1.03661	1.03661	1.03613	1.0364	1372
2025-02-12 07:45:00	1.03638	1.03791	1.03638	1.03757	2458
2025-02-12 08:00:00	1.03758	1.03797	1.03723	1.03773	3942
2025-02-12 08:15:00	1.03771	1.03791	1.03714	1.03717	2274
2025-02-12 08:30:00	1.03717	1.03774	1037	1.03746	2412
2025-02-12 08:45:00	1.03746	1.03765	1.03679	1.0371	2181
2025-02-12 09:00:00	1.03709	1.03713	1.03646	1.03678	1952
2025-02-12 09:15:00	1.03677	1.03724	1.03675	1.03676	1475
2025-02-12 09:30:00	1.03676	1.03739	1.03669	1.03726	1569
2025-02-12 09:45:00	1.03726	1.03738	1.03687	1.03733	1273
2025-02-12 10:00:00	1.03736	1.03771	1037	1.03712	1918
2025-02-12 10:15:00	1.03712	1.03742	1.03699	1.03721	1565
2025-02-12 10:30:00	1.0372	1.03752	1.0371	1.03748	1587
2025-02-12 10:45:00	1.03748	1.03763	1.03726	1.03753	1832
2025-02-12 11:00:00	1.03754	1038	1.03735	1.0377	1590
2025-02-12 11:15:00	1.0377	1.03856	1.0377	1.03833	1706
2025-02-12 11:30:00	1.03832	1.0385	1.03786	1.03796	1383
2025-02-12 11:45:00	1.03797	1.03803	1.03744	1.0375	1581
2025-02-12 12:00:00	1.0375	1.03766	1.0372	1.0373	1676
2025-02-12 12:15:00	1.0373	1.03752	1.03719	1.0374	1279
2025-02-12 12:30:00	1.03739	1.03781	1.03738	1.03767	1437
2025-02-12 12:45:00	1.03764	1.03786	1.03723	1.03727	2702
2025-02-12 13:00:00	1.03727	1.0376	1.03684	1.03693	3787
2025-02-12 13:15:00	1.03694	1.03696	1.03632	1.03669	2571
2025-02-12 13:30:00	1.0367	1.03681	1.03168	1.03281	10062
2025-02-12 13:45:00	1.03279	1.03359	1.03247	1.03329	5599
2025-02-12 14:00:00	1.03329	1.03424	1.03254	1.03396	4221
2025-02-12 14:15:00	1.03395	1.03483	1.03386	1.03478	3970
2025-02-12 14:30:00	1.03479	1.03534	1.03418	1.03454	4798
2025-02-12 14:45:00	1.03452	1.03505	1.0343	1035	4124
2025-02-12 15:00:00	1035	1.03503	1.03389	1.03404	3357
2025-02-12 15:15:00	1.03404	1.03739	1.03379	1.03593	4856
2025-02-12 15:30:00	1.03593	1.03825	1.03573	1.03774	5259
2025-02-12 15:45:00	1.03775	1.03803	1.03698	1.03743	4267
2025-02-12 16:00:00	1.03743	1.0377	1.03557	1.03574	3748
2025-02-12 16:15:00	1.03573	1.03597	1.03501	1.03597	4128
2025-02-12 16:30:00	1.03598	1.03704	1.03577	1.03689	2376
2025-02-12 16:45:00	1.03689	1.03954	1.03681	1.0391	3543
2025-02-12 17:00:00	1.0391	1.04166	1.03905	1.04108	5340
2025-02-12 17:15:00	1.04106	1042	1.04075	1.04176	5882
2025-02-12 17:30:00	1.0418	1.04208	1.04016	1.04055	3506
2025-02-12 17:45:00	1.04054	1.04273	1.04043	1.0426	2848
2025-02-12 18:00:00	1.0426	1.04298	1.04131	1.04189	3172
2025-02-12 18:15:00	1.04189	1.04202	1.04058	1.04092	2570
2025-02-12 18:30:00	1.04092	1.04094	1.03948	1.03964	3136
2025-02-12 18:45:00	1.03964	1.03991	1.03872	1.03891	1881
2025-02-12 19:00:00	1.03891	1.03917	1.03854	1.03872	2541
2025-02-12 19:15:00	1.03872	1.03899	1.03844	1.03894	2165
2025-02-12 19:30:00	1.03895	1.03931	1.03891	1.03895	1630
2025-02-12 19:45:00	1.03896	1.03915	1.03866	1.0391	1513
2025-02-12 20:00:00	1.03908	1.03917	1.03879	1.03913	1543
2025-02-12 20:15:00	1.03916	1.03972	1.03901	1.03953	1520
2025-02-12 20:30:00	1.03955	1.03973	1.0392	1.03939	796
2025-02-12 20:45:00	1.03938	1.03958	1.03913	1.03915	1096
2025-02-12 21:00:00	1.03917	1.0392	1.03812	1.03861	2051
2025-02-12 21:15:00	1.03861	1.03891	1.03857	1.03869	708
2025-02-12 21:30:00	1.0387	1.03876	1.03812	1.03825	867
2025-02-12 21:45:00	1.03825	1.03842	1.03804	1.03821	1436
2025-02-12 22:00:00	1.03818	1.03857	1.03811	1.03833	235
2025-02-12 22:15:00	1.03831	1.03867	1.03831	1.03841	208
2025-02-12 22:30:00	1.03839	1.03869	1.03837	1.03847	764
2025-02-12 22:45:00	1.03846	1.03855	1.03828	1.03828	753
2025-02-12 23:00:00	1.03829	1.03874	1.03825	1.03855	484
2025-02-12 23:15:00	1.03855	1.03882	1.03854	1.03882	481
2025-02-12 23:30:00	1.03883	1.03883	1.0386	1.03867	209
2025-02-12 23:45:00	1.03867	1.0392	1.03866	1.0392	453
2025-02-13 00:00:00	1.0392	1.03956	1.03914	1.03926	522
2025-02-13 00:15:00	1.03924	1.03977	1.03895	1.03951	533
2025-02-13 00:30:00	1.03952	1.04003	1.0395	1.03993	844
2025-02-13 00:45:00	1.03994	1.03998	1.03879	1.03895	1065
2025-02-13 01:00:00	1.03895	1.0393	1.03871	1.03922	1202
2025-02-13 01:15:00	1.03923	1.0396	1.03912	1.03925	1173
2025-02-13 01:30:00	1.03924	1.03971	1.03915	1.0397	1300
2025-02-13 01:45:00	1.03971	1.04017	1.03965	1.03996	1647
2025-02-13 02:00:00	1.03998	1.04005	1.03964	1.03977	1644
2025-02-13 02:15:00	1.03977	1.04027	1.03972	1.04025	1705
2025-02-13 02:30:00	1.04024	1.04076	1.04023	1.04068	1306
2025-02-13 02:45:00	1.04065	1.04065	1.04029	1.04038	895
2025-02-13 03:00:00	1.04039	1.0409	1.04034	1.04089	814
2025-02-13 03:15:00	1.04089	1.04146	1.04078	1.04131	1524
2025-02-13 03:30:00	1.04131	1.04196	1.0413	1.04162	1424
2025-02-13 03:45:00	1.04164	1.04217	1.04164	1.04189	1375
2025-02-13 04:00:00	1.04189	1.04291	1.04186	1.04289	1624
2025-02-13 04:15:00	1.04288	1.04297	1.04236	1.04274	1971
2025-02-13 04:30:00	1.04274	1.04353	1.0427	1.04328	1848
2025-02-13 04:45:00	1.04327	1.04348	1.04303	1.04344	2978
2025-02-13 05:00:00	1.04345	1.04382	1.0433	1.04352	2168
2025-02-13 05:15:00	1.04352	1.04374	1.04333	1.04374	1671
2025-02-13 05:30:00	1.04373	1.04373	1.04303	1.04314	1829
2025-02-13 05:45:00	1.04315	1.04358	1.04309	1.04346	1489
2025-02-13 06:00:00	1.04347	1.04374	1.04324	1.0436	2716
2025-02-13 06:15:00	1.0436	1.04398	1.04357	1.04368	1960
2025-02-13 06:30:00	1.04369	1.04373	1.04321	1.04325	1858
2025-02-13 06:45:00	1.04326	1.0434	1.04283	1.04304	1806
2025-02-13 07:00:00	1.04307	1.04364	1.04307	1.04322	2908
2025-02-13 07:15:00	1.04321	1.0435	1.04267	1.04272	2498
2025-02-13 07:30:00	1.04273	1.04344	1.04269	1.04326	2264
2025-02-13 07:45:00	1.04326	1.04334	1.04222	1.04253	3703
2025-02-13 08:00:00	1.04256	1.04264	1.04159	1.04199	2577
2025-02-13 08:15:00	1.04199	1.04246	1.04167	1.0419	2537
2025-02-13 08:30:00	1.04191	1.04198	1.04122	1.04166	1693
2025-02-13 08:45:00	1.04164	1.04168	1.04101	1.04134	2363
2025-02-13 09:00:00	1.04134	1.04195	1.04108	1.04182	2201
2025-02-13 09:15:00	1.04181	1.04189	1.04125	1.04136	1846
2025-02-13 09:30:00	1.04136	1.04195	1.04114	1.04195	1917
2025-02-13 09:45:00	1.04193	1.04261	1.04191	1.04229	1769
2025-02-13 10:00:00	1.04229	1.04285	1.0422	1.04284	1664
2025-02-13 10:15:00	1.04285	1.04289	1.04239	1.04241	1412
2025-02-13 10:30:00	1.04242	1.0425	1.04192	1.04202	1813
2025-02-13 10:45:00	1.04199	1.04215	1.04131	1.04158	1497
2025-02-13 11:00:00	1.04157	1.04272	1.04156	1.04248	1621
2025-02-13 11:15:00	1.04247	1.04247	1.04192	1.04195	882
2025-02-13 11:30:00	1.04195	1.0421	1.04181	1.04197	1005
2025-02-13 11:45:00	1.04198	1042	1.03924	1.04029	5523
2025-02-13 12:00:00	1.04029	1.04033	1.03876	1.03876	2956
2025-02-13 12:15:00	1.03879	1.03961	1.03855	1.03943	1906
2025-02-13 12:30:00	1.03945	1.03995	1.03918	1.03995	1851
2025-02-13 12:45:00	1.03992	1.04005	1.03886	1.03899	2584
2025-02-13 13:00:00	1.03897	1.03938	1.03859	1.03917	2125
2025-02-13 13:15:00	1.03915	1.03944	1.0384	1.03851	2433
2025-02-13 13:30:00	1.03852	1.04068	1.03756	1.03991	6423
2025-02-13 13:45:00	1.03991	1.04002	1.03886	1.03923	5419
2025-02-13 14:00:00	1.03924	1.03924	1.03818	1.03883	3480
2025-02-13 14:15:00	1.03881	1.03941	1.03832	1.03847	2871
2025-02-13 14:30:00	1.03847	1.03918	1.03836	1.03897	2896
2025-02-13 14:45:00	1.03898	1.04014	1.03881	1.03995	2427
2025-02-13 15:00:00	1.03995	1.04284	1.03995	1.04233	6024
2025-02-13 15:15:00	1.04235	1.0438	1.04234	1.04247	6431
2025-02-13 15:30:00	1.04249	1.0434	1.04208	1.04249	4400
2025-02-13 15:45:00	1.04248	1.04364	1.04244	1.04332	4825
2025-02-13 16:00:00	1.04332	1.04414	1.04305	1.04406	3289
2025-02-13 16:15:00	1.04406	1.04451	1.04389	1.04421	2254
2025-02-13 16:30:00	1.0442	1.0443	1.04244	1.04262	2684
2025-02-13 16:45:00	1.04262	1.04286	1.04242	1.04273	1980
2025-02-13 17:00:00	1.0427	1.04332	1.04256	1.04307	1792
2025-02-13 17:15:00	1.04307	1.04375	1043	1.04352	1329
2025-02-13 17:30:00	1.04354	1.04388	1.04308	1.0431	1516
2025-02-13 17:45:00	1.04309	1.04336	1.04248	1.04255	1724
2025-02-13 18:00:00	1.04252	1.04273	1.04199	1.04246	1989
2025-02-13 18:15:00	1.04244	1.04275	1.04167	1.04259	2400
2025-02-13 18:30:00	1.04259	1.04315	1.03727	1.04027	5374
2025-02-13 18:45:00	1.04026	1.04179	1.03896	1.0409	5752
2025-02-13 19:00:00	1.04091	1.04336	1.04082	1043	2356
2025-02-13 19:15:00	1.04298	1.0441	1.04294	1.04391	2408
2025-02-13 19:30:00	1.0439	1.04425	1.04339	1.04343	1735
2025-02-13 19:45:00	1.04341	1.0441	1.04301	1.0437	1705
2025-02-13 20:00:00	1.0437	1.04466	1.04353	1.04464	1160
2025-02-13 20:15:00	1.04464	1.04603	1.04456	1.04574	2682
2025-02-13 20:30:00	1.04573	1.04614	1.04557	1.04558	1078
2025-02-13 20:45:00	1.04558	1.04656	1.04556	1.04614	1446
2025-02-13 21:00:00	1.04616	1.04627	1.04568	1.04591	1188
2025-02-13 21:15:00	1.04592	1.04611	1.04591	1.04595	580
2025-02-13 21:30:00	1.04595	1.04636	1.0459	1.04636	296
2025-02-13 21:45:00	1.04635	1.04668	1.04626	1.04626	814
2025-02-13 22:00:00	1.04625	1.04644	1.04619	1.0464	386
2025-02-13 22:15:00	1.04641	1.04674	1.04634	1.04673	238
2025-02-13 22:30:00	1.0467	1.04685	1.04652	1.04668	403
2025-02-13 22:45:00	1.04667	1.04674	1.04629	1.0466	444
2025-02-13 23:00:00	1.04661	1.04664	1.04627	1.04654	1276
2025-02-13 23:15:00	1.04656	1.0467	1.04624	1.04635	451
2025-02-13 23:30:00	1.04636	1.04643	1.04559	1.04615	574
2025-02-13 23:45:00	1.04615	1.04624	1.04589	1.04614	569
2025-02-14 00:00:00	1.04614	1.04628	1.04575	1.04587	799
2025-02-14 00:15:00	1.04588	1.04668	1.04584	1.04645	794
2025-02-14 00:30:00	1.04641	1.04641	1.04614	1.04639	732
2025-02-14 00:45:00	1.04641	1.04643	1.04589	1.04606	1362
2025-02-14 01:00:00	1.04607	1.04623	1.04586	1.04586	1552
2025-02-14 01:15:00	1.0459	1.04667	1.04588	1.04629	1246
2025-02-14 01:30:00	1.04629	1.04649	1.04615	1.04625	965
2025-02-14 01:45:00	1.04625	1.04639	1.04582	1.04591	1525
2025-02-14 02:00:00	1.0459	1.04609	1.04577	1.04597	1736
2025-02-14 02:15:00	1.04598	1.04599	1.04567	1.0457	1074
2025-02-14 02:30:00	1.04573	1.0458	1.04552	1.04562	954
2025-02-14 02:45:00	1.04561	1.04589	1.0455	1.04564	1399
2025-02-14 03:00:00	1.04567	1.04567	1.04536	1.04563	933
2025-02-14 03:15:00	1.04562	1.04585	1.04549	1.04571	1167
2025-02-14 03:30:00	1.04571	1.04615	1.04569	1.04571	955
2025-02-14 03:45:00	1.04573	1.04591	1.04569	1.04586	340
2025-02-14 04:00:00	1.04587	1.04624	1.04587	1.0462	480
2025-02-14 04:15:00	1.04618	1.04638	1.04594	1.04596	491
2025-02-14 04:30:00	1.04596	1.0461	1.04559	1.04569	949
2025-02-14 04:45:00	1.04569	1.04571	1.04546	1.04547	645
2025-02-14 05:00:00	1.04548	1.04557	1.04505	1.04509	1060
2025-02-14 05:15:00	1.04509	1.04532	1.04505	1.04506	838
2025-02-14 05:30:00	1.04507	1.04513	1.0447	1.04512	1095
2025-02-14 05:45:00	1.04511	1.0453	1.04503	1.04525	1411
2025-02-14 06:00:00	1.04524	1.04552	1.04515	1.04549	1227
2025-02-14 06:15:00	1.04547	1.04583	1.04545	1.04554	1191
2025-02-14 06:30:00	1.04553	1.04597	1.04552	1.04596	1332
2025-02-14 06:45:00	1.04597	1.04609	1.04571	1.04584	2406
2025-02-14 07:00:00	1.04584	1.0472	1.04582	1047	2468
2025-02-14 07:15:00	1.04702	1.04719	1.04673	1.04677	1684
2025-02-14 07:30:00	1.04678	1.04698	1.04634	1.04646	1301
2025-02-14 07:45:00	1.04646	1.04681	1.04636	1.04645	1509
2025-02-14 08:00:00	1.04645	1.04708	1.04633	1.04707	2462
2025-02-14 08:15:00	1.04706	1.04802	1.04705	1.04782	2370
2025-02-14 08:30:00	1.04782	1.04857	1.04781	1.04856	2586
2025-02-14 08:45:00	1.04854	1.04862	1.04737	1.04766	2584
2025-02-14 09:00:00	1.04765	1.04827	1.04765	1.04815	1753
2025-02-14 09:15:00	1.04816	1.04863	1.04799	1.04849	2352
2025-02-14 09:30:00	1.04852	1.04875	1.04785	1.04786	1514
2025-02-14 09:45:00	1.04783	1.04818	1.04757	1.04809	1654
2025-02-14 10:00:00	1.04809	1.04812	1.04756	1.04787	1168
2025-02-14 10:15:00	1.04788	1.04827	1.04747	1.04749	1544
2025-02-14 10:30:00	1.04748	1.04776	1.04664	1.04675	1505
2025-02-14 10:45:00	1.04674	1.04704	1.04641	1.04668	1011
2025-02-14 11:00:00	1.04669	1.04691	1.04628	1.04688	1703
2025-02-14 11:15:00	1.04687	1.04691	1.04645	1.04656	414
2025-02-14 11:30:00	1.04655	1.04687	1.04648	1.04666	644
2025-02-14 11:45:00	1.04667	1.04685	1.04647	1.04674	704
2025-02-14 12:00:00	1.04674	1.04674	1.04567	1.04616	915
2025-02-14 12:15:00	1.04617	1.04706	1.04608	1.04687	771
2025-02-14 12:30:00	1.04688	1.04747	1.04668	1.0467	982
2025-02-14 12:45:00	1.04669	1.04721	1.04661	1.04715	911
2025-02-14 13:00:00	1.04715	1.04786	1.04711	1.0477	834
2025-02-14 13:15:00	1.04773	1.0487	1.04773	1.04828	1296
2025-02-14 13:30:00	1.04823	1.04976	1.04823	1.04846	4499
2025-02-14 13:45:00	1.04844	1.04957	1.04844	1.0488	2623
2025-02-14 14:00:00	1.04882	1.04994	1.04871	1.04988	1619
2025-02-14 14:15:00	1.04987	1.05005	1.04908	1.04986	1797
2025-02-14 14:30:00	1.04987	1.05098	1.04965	1.05091	1844
2025-02-14 14:45:00	1.05094	1.0514	1.05043	1.05085	3452
2025-02-14 15:00:00	1.05085	1.05088	1.04952	1.04969	2685
2025-02-14 15:15:00	1.04971	1.05028	1.04913	1.04916	1638
2025-02-14 15:30:00	1.04914	1.05065	1.04907	1.05062	2411
2025-02-14 15:45:00	1.05063	1.05126	1.05063	1.05083	1393
2025-02-14 16:00:00	1.05081	1051	1.05025	1.05051	1105
2025-02-14 16:15:00	1.05052	1.05063	1.05001	1.05036	810
2025-02-14 16:30:00	1.05034	1.05045	1.05	1.05	584
2025-02-14 16:45:00	1.05002	1.05013	1.04968	1.04974	1361
2025-02-14 17:00:00	1.04974	1.04983	1.0494	1.04973	859
2025-02-14 17:15:00	1.04975	1.05011	1.04962	1.04982	558
2025-02-14 17:30:00	1.04983	1.0504	1.0498	1.0503	733
2025-02-14 17:45:00	1.0503	1.05088	1.05028	1.05071	729
2025-02-14 18:00:00	1.05071	1.05079	1.05031	1.05041	371
2025-02-14 18:15:00	1.05039	1.05059	1.05012	1.05016	488
2025-02-14 18:30:00	1.05018	1.05046	1.05012	1.05013	263
2025-02-14 18:45:00	1.05014	1.05047	1.04994	1.05042	524
2025-02-14 19:00:00	1.05043	1.0505	1.04986	1.05	842
2025-02-14 19:15:00	1.05001	1.05023	1.04997	1.04997	632
2025-02-14 19:30:00	1.04997	1.05009	1.04977	1.04988	583
2025-02-14 19:45:00	1.04987	1.04999	1.04947	1.04984	502
2025-02-14 20:00:00	1.04981	1.04981	1.04938	1.04948	328
2025-02-14 20:15:00	1.04948	1.04967	1.04936	1.04947	407
2025-02-14 20:30:00	1.04945	1.04975	1.04938	1.04943	240
2025-02-14 20:45:00	1.04942	1.04948	1.0491	1.04918	593
2025-02-14 21:00:00	1.04917	1.04938	1.04903	1.04936	757
2025-02-14 21:15:00	1.04935	1.04941	1.04929	1.04935	237
2025-02-14 21:30:00	1.04936	1.0494	1.04924	1.04936	152
2025-02-14 21:45:00	1.0494	1.04948	1.04882	1.04913	914
2025-02-16 22:00:00	1.04858	1.04881	1.0485	1.04856	265
2025-02-16 22:15:00	1.04861	1.04872	1.04857	1.04863	67
2025-02-16 22:30:00	1.04869	1.04892	1.04854	1.04879	513
2025-02-16 22:45:00	1.04882	1.04893	1.04865	1.04878	186
2025-02-16 23:00:00	1.0488	1.04933	1.04861	1.0492	721
2025-02-16 23:15:00	1.04923	1.04938	1.04847	1.04859	427
2025-02-16 23:30:00	1.0486	1.0489	1.04848	1.04889	207
2025-02-16 23:45:00	1.0489	1.04909	1.04879	1.04883	175
2025-02-17 00:00:00	1.04886	1.04911	1.04855	1.04863	157
2025-02-17 00:15:00	1.04864	1.04891	1.04853	1.04869	390
2025-02-17 00:30:00	1.0487	1.04905	1.04866	1.04893	326
2025-02-17 00:45:00	1.04893	1.04933	1.04881	1.04922	611
2025-02-17 01:00:00	1.04927	1.04936	1.04895	1.04929	466
2025-02-17 01:15:00	1.04931	1.04989	1.04904	1.04984	1000
2025-02-17 01:30:00	1.04985	1.05039	1.04981	1.05031	1160
2025-02-17 01:45:00	1.05029	1.05062	1.05004	1.05051	666
2025-02-17 02:00:00	1.05051	1.05052	1.04996	1.05018	846
2025-02-17 02:15:00	1.05016	1.05019	1.04987	1.0501	247
2025-02-17 02:30:00	1.0501	1.05021	1.04996	1.04996	219
2025-02-17 02:45:00	1.04994	1.05018	1.04956	1.05012	187
2025-02-17 03:00:00	1.0501	1.05035	1.04996	1.05031	95
2025-02-17 03:15:00	1.05032	1.05035	1.0495	1.04957	254
2025-02-17 03:30:00	1.04957	1.04969	1.04942	1.0496	582
2025-02-17 03:45:00	1.04959	1.04971	1.04942	1.04945	434
2025-02-17 04:00:00	1.04944	1.04954	1.0489	1.04916	557
2025-02-17 04:15:00	1.04919	1.04937	1.0491	1.04931	248
2025-02-17 04:30:00	1.04932	1.04948	1.04926	1.04948	590
2025-02-17 04:45:00	1.04948	1.04972	1.0494	1.04954	474
2025-02-17 05:00:00	1.04956	1.04981	1.04951	1.04952	580
2025-02-17 05:15:00	1.04954	1.04964	1.0489	1.0491	718
2025-02-17 05:30:00	1.04908	1.04908	1.04853	1.04876	265
2025-02-17 05:45:00	1.04875	1.04912	1.04846	1.04897	350
2025-02-17 06:00:00	1.04896	1.04903	1.04878	1.04894	260
2025-02-17 06:15:00	1.04894	1.04919	1.04881	1.04907	596
2025-02-17 06:30:00	1.04907	1.04925	1.0489	1.04915	119
2025-02-17 06:45:00	1.04915	1.04933	1.04885	1.04916	587
2025-02-17 07:00:00	1.04917	1.04953	1.04879	1.04925	992
2025-02-17 07:15:00	1.04924	1.04953	1.04881	1.04883	883
2025-02-17 07:30:00	1.04881	1.04913	1.04824	1.04865	994
2025-02-17 07:45:00	1.04863	1.04877	1.04803	1.04824	1291
2025-02-17 08:00:00	1.04825	1.04847	1.04755	1.04809	1405
2025-02-17 08:15:00	1.04808	1.04828	1.04727	1.04744	1593
2025-02-17 08:30:00	1.04743	1.04766	1.04708	1.04763	1382
2025-02-17 08:45:00	1.04764	1.04778	1.0473	1.04743	588
2025-02-17 09:00:00	1.04743	1.04778	1.04723	1.04761	695
2025-02-17 09:15:00	1.04761	1.04812	1.04748	1.04786	759
2025-02-17 09:30:00	1.04784	1.04787	1.04719	1.04746	510
2025-02-17 09:45:00	1.04747	1.04758	1.04711	1.04741	1127
2025-02-17 10:00:00	1.04739	1.04825	1.04731	1.04822	1108
2025-02-17 10:15:00	1.04823	1.04847	1.04815	1.04833	621
2025-02-17 10:30:00	1.04832	1.04846	1.04809	1.04816	1096
2025-02-17 10:45:00	1.04816	1.04891	1.04815	1.04888	1199
2025-02-17 11:00:00	1.04888	1.0489	1.04838	1.04854	2350
2025-02-17 11:15:00	1.04854	1.04886	1.04822	1.04827	1617
2025-02-17 11:30:00	1.04826	1.04831	1.04777	1.04793	534
2025-02-17 11:45:00	1.04794	1.04829	1.04792	1.04818	564
2025-02-17 12:00:00	1.04819	1.04844	1.0477	1.0484	501
2025-02-17 12:15:00	1.0484	1.04848	1.04759	1.04762	801
2025-02-17 12:30:00	1.04762	1.04767	1.04689	1.04699	1129
2025-02-17 12:45:00	1.04701	1.0474	1.04683	1.04721	1137
2025-02-17 13:00:00	1.04723	1.04741	1047	1.04714	622
2025-02-17 13:15:00	1.04715	1.04731	1.04667	1.04684	1373
2025-02-17 13:30:00	1.04687	1.04729	1.04684	1.04727	933
2025-02-17 13:45:00	1.04726	1.04763	1.04722	1.04741	459
2025-02-17 14:00:00	1.04742	1.0478	1.04725	1.04737	575
2025-02-17 14:15:00	1.04737	1.04746	1.04712	1.04736	512
2025-02-17 14:30:00	1.04733	1.04777	1.04713	1.04765	688
2025-02-17 14:45:00	1.04765	1.04793	1.04754	1.04782	709
2025-02-17 15:00:00	1.04783	1.04841	1.04775	1.04824	554
2025-02-17 15:15:00	1.04823	1.04833	1.04779	1.04804	427
2025-02-17 15:30:00	1.04806	1.04829	1.04778	1.04786	302
2025-02-17 15:45:00	1.04786	1.04808	1.04739	1.04796	1280
2025-02-17 16:00:00	1.04796	1.04818	1.04767	1.04787	869
2025-02-17 16:15:00	1.04787	1.04822	1.04778	1.04816	423
2025-02-17 16:30:00	1.04816	1.0483	1.04771	1.04776	356
2025-02-17 16:45:00	1.04778	1.04809	1.04778	1.04786	209
2025-02-17 17:00:00	1.04788	1.04816	1.04778	1.04814	259
2025-02-17 17:15:00	1.04813	1.04847	1.04811	1.04838	483
2025-02-17 17:30:00	1.04835	1.04843	1.04805	1.04821	177
2025-02-17 17:45:00	1.0482	1.04833	1.04808	1.04824	122
2025-02-17 18:00:00	1.04825	1.04825	1.04795	1.04797	165
2025-02-17 18:15:00	1.04798	1.04814	1.04796	1.04811	46
2025-02-17 18:30:00	1.04807	1.04807	1.04791	1.04801	33
2025-02-17 18:45:00	1.04799	1.04821	1.04799	1.04819	52
2025-02-17 19:00:00	1.0482	1.04829	1.04808	1.04821	207
2025-02-17 19:15:00	1.04822	1.04837	1.04821	1.0483	119
2025-02-17 19:30:00	1.04828	1.04831	1.04804	1.04809	123
2025-02-17 19:45:00	1.04809	1.04816	1.04794	1.04815	172
2025-02-17 20:00:00	1.04815	1.04817	1.04805	1.04815	364
2025-02-17 20:15:00	1.04814	1.04825	1.04809	1.04812	216
2025-02-17 20:30:00	1.04811	1.04826	1.04811	1.0482	141
2025-02-17 20:45:00	1.0482	1.04836	1.04815	1.04831	165
2025-02-17 21:00:00	1.04833	1.04838	1.04824	1.04826	126
2025-02-17 21:15:00	1.04827	1.04837	1.04825	1.04833	396
2025-02-17 21:30:00	1.04832	1.04849	1.04831	1.0484	113
2025-02-17 21:45:00	1.04838	1.04845	1.04827	1.0484	104
2025-02-17 22:00:00	1.04835	1.04835	1.04698	1.04778	230
2025-02-17 22:15:00	1.04778	1.04804	1.04772	1.04797	451
2025-02-17 22:30:00	1.04799	1.04836	1.04784	1.04826	262
2025-02-17 22:45:00	1.04822	1.04834	1.0478	1.04795	324
2025-02-17 23:00:00	1.04805	1.04835	1.0477	1.04813	412
2025-02-17 23:15:00	1.04815	1.04817	1.04785	1.04786	255
2025-02-17 23:30:00	1.04786	1.04834	1.04786	1.04833	60
2025-02-17 23:45:00	1.04835	1.04856	1.04835	1.04848	55
2025-02-18 00:00:00	1.04847	1.04862	1.04835	1.04849	271
2025-02-18 00:15:00	1.04849	1.04849	1.0479	1.04801	690
2025-02-18 00:30:00	1.04803	1.04808	1.04762	1.04766	314
2025-02-18 00:45:00	1.04771	1.04777	1.04726	1.0475	319
2025-02-18 01:00:00	1.04749	1.04753	1.04699	1.04701	782
2025-02-18 01:15:00	1.04706	1.04714	1.04639	1.04645	686
2025-02-18 01:30:00	1.04645	1.0467	1.0464	1.04651	1111
2025-02-18 01:45:00	1.0465	1.04674	1.04624	1.04659	749
2025-02-18 02:00:00	1.04659	1.04691	1.04653	1.04683	1512
2025-02-18 02:15:00	1.04682	1.04696	1.04664	1.04671	1222
2025-02-18 02:30:00	1.0467	1.04705	1.04664	1.04678	945
2025-02-18 02:45:00	1.04677	1.04695	1.04666	1.04673	846
2025-02-18 03:00:00	1.04672	1.04695	1.04638	1.04642	781
2025-02-18 03:15:00	1.0464	1.04687	1.0464	1.04666	367
2025-02-18 03:30:00	1.04666	1.04723	1.04653	1.04668	716
2025-02-18 03:45:00	1.04667	1.04667	1.04619	1.0463	167
2025-02-18 04:00:00	1.04628	1.04628	1.04605	1.04624	115
2025-02-18 04:15:00	1.04621	1.04638	1.04588	1.04591	372
2025-02-18 04:30:00	1.04593	1.04601	1.04553	1.04576	436
2025-02-18 04:45:00	1.04577	1.04578	1.04552	1.0457	1148
2025-02-18 05:00:00	1.0457	1.0459	1.04548	1.04556	218
2025-02-18 05:15:00	1.04559	1.0456	1.04545	1.04546	427
2025-02-18 05:30:00	1.04548	1.0456	1.04526	1.04532	343
2025-02-18 05:45:00	1.04534	1.04558	1.04521	1.0455	134
2025-02-18 06:00:00	1.04549	1.04576	1.04547	1.04566	184
2025-02-18 06:15:00	1.04566	1.04599	1.04558	1.04583	446
2025-02-18 06:30:00	1.04584	1.04586	1.04546	1.04581	1041
2025-02-18 06:45:00	1.04582	1.04632	1.0458	1.0461	614
2025-02-18 07:00:00	1.04611	1.0468	1.04603	1.04672	1173
2025-02-18 07:15:00	1.04671	1.04684	1.04604	1.04607	2974
2025-02-18 07:30:00	1.04608	1.04691	1.04583	1.04685	806
2025-02-18 07:45:00	1.04685	1.04687	1.04586	1.04635	747
2025-02-18 08:00:00	1.04634	1.04666	1.04547	1.04569	724
2025-02-18 08:15:00	1.0457	1.04675	1.0457	1.04657	716
2025-02-18 08:30:00	1.0466	1.04691	1.04647	1.04662	320
2025-02-18 08:45:00	1.04663	1.04663	1.0455	1.04568	551
2025-02-18 09:00:00	1.04568	1.04601	1.04555	1.04593	441
2025-02-18 09:15:00	1.04594	1046	1.04568	1.04581	541
2025-02-18 09:30:00	1.04579	1.04603	1.0456	1.04592	664
2025-02-18 09:45:00	1.04592	1.0465	1.04583	1.04635	655
2025-02-18 10:00:00	1.04635	1.0467	1.04613	1.04615	1280
2025-02-18 10:15:00	1.04613	1.04639	1.04601	1.04604	993
2025-02-18 10:30:00	1.04603	1.04626	1.04589	1.04602	942
2025-02-18 10:45:00	1.04601	1.04645	1.04588	1.0462	1476
2025-02-18 11:00:00	1.0462	1.04643	1.04611	1.04635	365
2025-02-18 11:15:00	1.04637	1.04649	1.04622	1.04637	202
2025-02-18 11:30:00	1.04637	1.04647	1.04629	1.04633	657
2025-02-18 11:45:00	1.04634	1.04641	1.04615	1.04626	457
2025-02-18 12:00:00	1.04628	1.04669	1.04583	1.04587	1125
2025-02-18 12:15:00	1.04585	1.04585	1.04528	1.04538	882
2025-02-18 12:30:00	1.04537	1.04601	1.04537	1.04588	1615
2025-02-18 12:45:00	1.04588	1.04589	1.04536	1.04552	559
2025-02-18 13:00:00	1.04551	1.04566	1.04456	1.04493	1548
2025-02-18 13:15:00	1.04496	1.04543	1.04478	1.04492	1738
2025-02-18 13:30:00	1.04493	1.04515	1.04459	1.04492	1009
2025-02-18 13:45:00	1.04491	1.04522	1.04415	1.04446	1198
2025-02-18 14:00:00	1.04446	1.04486	1.04414	1.04462	909
2025-02-18 14:15:00	1.04461	1.04548	1.04457	1.04522	582
2025-02-18 14:30:00	1.04522	1.0453	1.04451	1.04478	1278
2025-02-18 14:45:00	1.04479	1.0454	1.04477	1.04523	1130
2025-02-18 15:00:00	1.04524	1.04588	1.04522	1.04581	1524
2025-02-18 15:15:00	1.04579	1.04598	1.04527	1.04563	1365
2025-02-18 15:30:00	1.04561	1.04578	1.04513	1.04577	1176
2025-02-18 15:45:00	1.04575	1.04669	1.04571	1.04662	2905
2025-02-18 16:00:00	1.04662	1.04692	1.04623	1.04625	2141
2025-02-18 16:15:00	1.04624	1.04642	1.04606	1.04626	532
2025-02-18 16:30:00	1.04627	1.04642	1.04575	1.04582	800
2025-02-18 16:45:00	1.04583	1.04593	1.04539	1.04566	437
2025-02-18 17:00:00	1.04566	1.04566	1.04483	1045	497
2025-02-18 17:15:00	1045	1.04509	1.04438	1.04475	761
2025-02-18 17:30:00	1.04474	1.04486	1.04422	1.04454	1095
2025-02-18 17:45:00	1.04453	1.04462	1.0439	1.04457	1490
2025-02-18 18:00:00	1.04457	1.04478	1.04352	1.0437	1133
2025-02-18 18:15:00	1.0437	1.04395	1.0435	1.0439	1046
2025-02-18 18:30:00	1.04392	1.04408	1.04376	1.04397	1245
2025-02-18 18:45:00	1.04396	1.0444	1.04365	1.04439	503
2025-02-18 19:00:00	1.04438	1.04454	1.04403	1.04406	413
2025-02-18 19:15:00	1.04406	1.04469	1.04406	1.04466	301
2025-02-18 19:30:00	1.04464	1.04496	1.04457	1.04491	118
2025-02-18 19:45:00	1.04491	1.04494	1.04437	1.04451	561
2025-02-18 20:00:00	1.04449	1.04464	1.0441	1.0446	565
2025-02-18 20:15:00	1.04461	1.0447	1.04419	1.04427	275
2025-02-18 20:30:00	1.04431	1.04457	1.04428	1.0444	189
2025-02-18 20:45:00	1.04444	1.04476	1.04444	1.04475	843
2025-02-18 21:00:00	1.04475	1.04492	1.04458	1.04488	575
2025-02-18 21:15:00	1.0449	1.04491	1.04444	1.04459	507
2025-02-18 21:30:00	1.04458	1.04463	1.04444	1.04455	735
2025-02-18 21:45:00	1.04455	1.04468	1.04448	1.04459	857
2025-02-18 22:00:00	1.04453	1.04475	1.04442	1.04464	1110
2025-02-18 22:15:00	1.04465	1.0448	1.04442	1.0448	665
2025-02-18 22:30:00	1.0448	1.04516	1.04468	1.04483	260
2025-02-18 22:45:00	1.04489	1.04517	1.04478	1.04505	467
2025-02-18 23:00:00	1.04509	1.04509	1.04453	1.04458	464
2025-02-18 23:15:00	1.04464	1.0447	1.04447	1.04461	169
2025-02-18 23:30:00	1.04461	1.04489	1.04461	1.04476	146
2025-02-18 23:45:00	1.04477	1.04485	1.04474	1.04479	107
2025-02-19 00:00:00	1.0448	1.0448	1.04435	1.04446	415
2025-02-19 00:15:00	1.04447	1.04493	1.04439	1.04489	515
2025-02-19 00:30:00	1.04487	1.04488	1.0446	1.04461	418
2025-02-19 00:45:00	1.04461	1.0448	1.0445	1.04456	313
2025-02-19 01:00:00	1.04458	1.04473	1.04414	1.04466	1097
2025-02-19 01:15:00	1.04464	1.04479	1.04447	1.0446	154
2025-02-19 01:30:00	1.04459	1.0447	1.04426	1.04429	480
2025-02-19 01:45:00	1.04429	1.04467	1.04409	1.04463	883
2025-02-19 02:00:00	1.04462	1.04481	1.04446	1.04477	315
2025-02-19 02:15:00	1.04478	1.04499	1.04478	1.04491	342
2025-02-19 02:30:00	1.04491	1.04511	1.04487	1.04501	249
2025-02-19 02:45:00	1.04503	1.04521	1.04487	1.04516	725
2025-02-19 03:00:00	1.04517	1.04517	1.04485	1.04493	1064
2025-02-19 03:15:00	1.04493	1.04493	1.04476	1.04485	356
2025-02-19 03:30:00	1.04488	1.04506	1.04478	1.04498	564
2025-02-19 03:45:00	1.04498	1.0452	1.04498	1.0451	658
2025-02-19 04:00:00	1.0451	1.04524	1.04499	1.04521	194
2025-02-19 04:15:00	1.04525	1.0453	1.04494	1.04503	184
2025-02-19 04:30:00	1.04503	1.0451	1.0448	1.04509	663
2025-02-19 04:45:00	1.04509	1.04526	1.04503	1.04523	250
2025-02-19 05:00:00	1.04522	1.04527	1.04514	1.04517	790
2025-02-19 05:15:00	1.04517	1.04521	1.04487	1.04499	35
2025-02-19 05:30:00	1.04501	1.04543	1045	1.04541	264
2025-02-19 05:45:00	1.04542	1.04562	1.04532	1.04561	464
2025-02-19 06:00:00	1.0456	1.04601	1.04553	1.04595	1322
2025-02-19 06:15:00	1.04596	1.04608	1.0458	1.04605	1237
2025-02-19 06:30:00	1.04605	1.04613	1.04576	1.04586	509
2025-02-19 06:45:00	1.04585	1.04586	1.04542	1.04549	1019
2025-02-19 07:00:00	1.04551	1.04593	1.04525	1.04536	551
2025-02-19 07:15:00	1.04537	1.04575	1.0452	1.04529	908
2025-02-19 07:30:00	1.04529	1.0454	1.04486	1.0454	906
2025-02-19 07:45:00	1.0454	1.04572	1045	1.04511	785
2025-02-19 08:00:00	1.04514	1.04535	1.04486	1.04535	1280
2025-02-19 08:15:00	1.04534	1.0456	1.04476	1.04486	1180
2025-02-19 08:30:00	1.04486	1.04539	1.04465	1.04475	760
2025-02-19 08:45:00	1.04475	1.04478	1.04385	1.04404	598
2025-02-19 09:00:00	1.04403	1.04413	1.04348	1.04408	1286
2025-02-19 09:15:00	1.04408	1.04436	1044	1.04412	722
2025-02-19 09:30:00	1.0441	1.04428	1.04339	1.04347	698
2025-02-19 09:45:00	1.04345	1.04374	1.04281	1.04287	1892
2025-02-19 10:00:00	1.04288	1.04296	1.04239	1.04281	1100
2025-02-19 10:15:00	1.04282	1.04282	1.04247	1.04261	809
2025-02-19 10:30:00	1.04262	1.04282	1.04201	1.0421	658
2025-02-19 10:45:00	1.04213	1.04239	1.04188	1.04237	919
2025-02-19 11:00:00	1.04239	1.0433	1.04218	1.04306	2392
2025-02-19 11:15:00	1.04307	1.04314	1.04257	1.04263	1043
2025-02-19 11:30:00	1.04263	1.04278	1.04214	1.04228	2395
2025-02-19 11:45:00	1.04228	1.04246	1.04199	1.04244	1994
2025-02-19 12:00:00	1.04243	1.04267	1.04216	1.04266	2312
2025-02-19 12:15:00	1.04267	1.04306	1.0423	1.04236	2300
2025-02-19 12:30:00	1.04236	1.04289	1.04228	1.04289	1795
2025-02-19 12:45:00	1.0429	1.04318	1.04252	1.0428	2747
2025-02-19 13:00:00	1.04282	1.04352	1.04276	1.04315	1943
2025-02-19 13:15:00	1.04315	1.04328	1.0425	1.04294	1761
2025-02-19 13:30:00	1.04293	1.04318	1.04269	1.0431	1986
2025-02-19 13:45:00	1.04311	1.0435	1.04304	1.04338	2153
2025-02-19 14:00:00	1.04339	1.04342	1.04297	1.0432	2441
2025-02-19 14:15:00	1.04321	1.04346	1.04275	1.04294	1813
2025-02-19 14:30:00	1.04295	1.04339	1.04273	1.0432	2418
2025-02-19 14:45:00	1.04322	1.04378	1.04305	1.04341	3093
2025-02-19 15:00:00	1.04341	1.04363	1.04313	1.04324	3340
2025-02-19 15:15:00	1.04322	1.04352	1.04298	1.04315	2523
2025-02-19 15:30:00	1.04315	1.04412	1.0429	1.04309	4461
2025-02-19 15:45:00	1.04309	1.0432	1.04215	1.0424	3616
2025-02-19 16:00:00	1.04239	1.04247	1.04112	1.04169	3330
2025-02-19 16:15:00	1.04171	1.04187	1.04057	1.04066	2803
2025-02-19 16:30:00	1.04066	1.04147	1.04059	1.04119	1647
2025-02-19 16:45:00	1.04119	1.04125	1.0404	1.04044	1765
2025-02-19 17:00:00	1.04044	1.04077	1.04009	1.04056	2065
2025-02-19 17:15:00	1.04059	1.04112	1.04059	1.04103	1322
2025-02-19 17:30:00	1.04102	1.0413	1.04056	1.04068	1187
2025-02-19 17:45:00	1.04069	1.04106	1.04067	1.04096	785
2025-02-19 18:00:00	1.04097	1.04122	1.04083	1.0409	1039
2025-02-19 18:15:00	1.04092	1.04132	1.04089	1.04119	1220
2025-02-19 18:30:00	1.0412	1.04196	1.04119	1.04194	940
2025-02-19 18:45:00	1.04194	1.04218	1.04172	1.0419	1179
2025-02-19 19:00:00	1.0419	1.04264	1.04177	1.0426	1443
2025-02-19 19:15:00	1.0426	1.04324	1.04247	1.04312	1661
2025-02-19 19:30:00	1.04312	1.04312	1.04225	1.04268	1731
2025-02-19 19:45:00	1.04268	1.04268	1.04224	1.04256	1390
2025-02-19 20:00:00	1.04255	1.04264	1.04225	1.04241	1020
2025-02-19 20:15:00	1.04242	1.04259	1.04211	1.0423	830
2025-02-19 20:30:00	1.0423	1.04252	1.04207	1.04229	700
2025-02-19 20:45:00	1.04229	1.04257	1.04221	1.0425	750
2025-02-19 21:00:00	1.0425	1.04253	1.04237	1.04253	503
2025-02-19 21:15:00	1.04252	1.04262	1.04251	1.04256	176
2025-02-19 21:30:00	1.04254	1.04255	1.04219	1.04234	242
2025-02-19 21:45:00	1.04233	1.04243	1.04218	1.0422	330
2025-02-19 22:00:00	1.0422	1.04238	1.04163	1.04234	610
2025-02-19 22:15:00	1.04234	1.04243	1.04222	1.0424	236
2025-02-19 22:30:00	1.04239	1.04249	1.04228	1.04231	106
2025-02-19 22:45:00	1.04232	1.04257	1.04232	1.04238	138
2025-02-19 23:00:00	1.04242	1.04251	1.04222	1.04234	394
2025-02-19 23:15:00	1.04234	1.04254	1.04226	1.04229	341
2025-02-19 23:30:00	1.04227	1.04229	1.04201	1.04211	176
2025-02-19 23:45:00	1.04209	1.04212	1.04197	1.04206	261
2025-02-20 00:00:00	1.04205	1.04241	1.04205	1.04227	642
2025-02-20 00:15:00	1.04229	1.0423	1.04195	1.04219	785
2025-02-20 00:30:00	1.04225	1.04271	1.04198	1.04262	881
2025-02-20 00:45:00	1.0426	1.04299	1.04252	1.0429	1456
2025-02-20 01:00:00	1.04292	1.04325	1.04287	1.04317	1746
2025-02-20 01:15:00	1.04317	1.04318	1.04258	1.04262	1183
2025-02-20 01:30:00	1.04261	1.04265	1.04204	1.0422	1467
2025-02-20 01:45:00	1.0422	1.04226	1.04185	1.04212	1610
2025-02-20 02:00:00	1.04212	1.04292	1042	1.04284	1897
2025-02-20 02:15:00	1.04284	1.04292	1.04244	1.04245	2487
2025-02-20 02:30:00	1.04244	1.04329	1.04221	1.04323	4723
2025-02-20 02:45:00	1.04324	1.04375	1.04283	1.04354	2102
2025-02-20 03:00:00	1.04355	1.0436	1.04311	1.04312	2851
2025-02-20 03:15:00	1.04312	1.04312	1.04266	1.0428	2747
2025-02-20 03:30:00	1.04281	1.04336	1.04272	1.0433	1662
2025-02-20 03:45:00	1.04327	1.0434	1.04305	1.04311	1638
2025-02-20 04:00:00	1.04309	1.04316	1.04273	1.04275	1666
2025-02-20 04:15:00	1.04277	1.04288	1.04262	1.04263	1295
2025-02-20 04:30:00	1.04263	1.0428	1.0424	1.04269	1435
2025-02-20 04:45:00	1.04268	1.04308	1.04263	1.04302	903
2025-02-20 05:00:00	1043	1.04333	1.0429	1.04323	1038
2025-02-20 05:15:00	1.04324	1.0434	1.04304	1.04312	1195
2025-02-20 05:30:00	1.04313	1.04313	1.04278	1.04279	1854
2025-02-20 05:45:00	1.04279	1.04313	1.04267	1.04276	1691
2025-02-20 06:00:00	1.04276	1.04319	1.04267	1.04301	1809
2025-02-20 06:15:00	1.04301	1.04343	1.04298	1.04322	1751
2025-02-20 06:30:00	1.04323	1.04331	1.04293	1.04295	1307
2025-02-20 06:45:00	1.04296	1.04304	1.04242	1.04247	1486
2025-02-20 07:00:00	1.04254	1.04295	1.04233	1.0427	2437
2025-02-20 07:15:00	1.0427	1.04315	1.04268	1.04286	2184
2025-02-20 07:30:00	1.04285	1.04314	1.04264	1.04286	734
2025-02-20 07:45:00	1.04285	1.04332	1.04278	1.04313	1181
2025-02-20 08:00:00	1.04313	1.04409	1.04313	1044	2178
2025-02-20 08:15:00	1.04401	1.04401	1.04356	1.04392	1399
2025-02-20 08:30:00	1.04392	1.04418	1.04298	1.04301	2494
2025-02-20 08:45:00	1.04301	1.04351	1.04292	1.04333	2043
2025-02-20 09:00:00	1.04332	1.04355	1.04299	1.04346	1689
2025-02-20 09:15:00	1.04347	1.04382	1.04313	1.04328	1830
2025-02-20 09:30:00	1.04329	1.04339	1.04284	1.04316	1709
2025-02-20 09:45:00	1.04314	1.04378	1.04308	1.04369	1318
2025-02-20 10:00:00	1.04369	1.04426	1.04341	1.04406	1606
2025-02-20 10:15:00	1.04407	1.04419	1.04351	1.04417	1460
2025-02-20 10:30:00	1.04419	1.0443	1.04383	1.04418	1583
2025-02-20 10:45:00	1.04416	1.04439	1.04399	1.04421	1663
2025-02-20 11:00:00	1.04424	1.04461	1.04422	1.04446	1345
2025-02-20 11:15:00	1.04445	1.04455	1.04394	1.04394	1203
2025-02-20 11:30:00	1.04394	1.04397	1.04342	1.0435	1414
2025-02-20 11:45:00	1.04351	1.04385	1.04307	1.04383	1366
2025-02-20 12:00:00	1.04384	1.04436	1.04355	1.04396	1723
2025-02-20 12:15:00	1.04397	1.04418	1.04332	1.04346	2081
2025-02-20 12:30:00	1.04347	1.04404	1.04331	1.04396	2088
2025-02-20 12:45:00	1.04396	1.04397	1.04338	1.04356	2084
2025-02-20 13:00:00	1.04356	1.04445	1.04349	1.04443	2191
2025-02-20 13:15:00	1.04443	1.04517	1.04443	1.04502	2270
2025-02-20 13:30:00	1.04508	1.04546	1.04468	1.04477	3972
2025-02-20 13:45:00	1.04476	1.04486	1.04433	1.04479	2733
2025-02-20 14:00:00	1.0448	1.04528	1.04419	1.04473	3274
2025-02-20 14:15:00	1.04472	1.04544	1.0447	1.04543	2087
2025-02-20 14:30:00	1.04544	1.04605	1.04511	1.04561	2755
2025-02-20 14:45:00	1.0456	1.04564	1.04449	1.04464	2866
2025-02-20 15:00:00	1.04462	1.04576	1.04417	1.04551	3696
2025-02-20 15:15:00	1.04549	1.04663	1.0452	1.04662	2576
2025-02-20 15:30:00	1.04661	1.04692	1.04619	1.04677	2349
2025-02-20 15:45:00	1.04676	1.04752	1.04648	1.04739	3153
2025-02-20 16:00:00	1.04736	1.04743	1.04681	1.04694	2678
2025-02-20 16:15:00	1.04695	1.04704	1.0464	1.04664	2413
2025-02-20 16:30:00	1.04667	1.04767	1.04667	1.04765	1867
2025-02-20 16:45:00	1.04766	1.04781	1.0474	1.04748	1299
2025-02-20 17:00:00	1.04747	1.0484	1.04709	1.04837	1573
2025-02-20 17:15:00	1.0484	1.04888	1.04826	1.04862	1540
2025-02-20 17:30:00	1.04862	1.04946	1.04859	1.04941	1470
2025-02-20 17:45:00	1.0494	1.0494	1.04868	1.04891	1439
2025-02-20 18:00:00	1.04889	1.04954	1.04852	1.04948	1618
2025-02-20 18:15:00	1.04954	1.04962	1.04901	1.04908	984
2025-02-20 18:30:00	1.04907	1.04978	1.04906	1.04971	1318
2025-02-20 18:45:00	1.0497	1.04985	1.04948	1.04977	1160
2025-02-20 19:00:00	1.0498	1.0498	1.04916	1.04962	1358
2025-02-20 19:15:00	1.04963	1.04963	1.04891	1.04928	1144
2025-02-20 19:30:00	1.04929	1.04984	1.04921	1.04981	827
2025-02-20 19:45:00	1.04981	1.05031	1.04975	1.05014	1266
2025-02-20 20:00:00	1.05015	1.05015	1.04959	1.04965	1223
2025-02-20 20:15:00	1.04967	1.04986	1.04951	1.04979	910
2025-02-20 20:30:00	1.0498	1.04987	1.04968	1.04986	1010
2025-02-20 20:45:00	1.04986	1.05032	1.04985	1.05027	898
2025-02-20 21:00:00	1.05026	1.05033	1.05005	1.05008	567
2025-02-20 21:15:00	1.05008	1.05032	1.05001	1.05027	481
2025-02-20 21:30:00	1.05026	1.05032	1.05006	1.05018	819
2025-02-20 21:45:00	1.05018	1.05022	1.05001	1.05002	589
2025-02-20 22:00:00	1.05001	1.05007	1.0496	1.04984	165
2025-02-20 22:15:00	1.04984	1.05001	1.04968	1.04968	279
2025-02-20 22:30:00	1.04971	1.04997	1.04968	1.04978	439
2025-02-20 22:45:00	1.04978	1.04982	1.0497	1.04977	507
2025-02-20 23:00:00	1.04976	1.05044	1.04975	1.05041	455
2025-02-20 23:15:00	1.0504	1.05044	1.05025	1.05037	308
2025-02-20 23:30:00	1.0504	1.05054	1.05002	1.05031	526
2025-02-20 23:45:00	1.0503	1.0503	1.04997	1.05001	336
2025-02-21 00:00:00	1.04999	1.05001	1.04967	1.04984	745
2025-02-21 00:15:00	1.04984	1.04988	1.04927	1.04938	627
2025-02-21 00:30:00	1.04938	1.04948	1.04891	1.04892	809
2025-02-21 00:45:00	1.04891	1.04912	1.0489	1.04898	716
2025-02-21 01:00:00	1.04899	1.04913	1.04881	1.04901	1626
2025-02-21 01:15:00	1.04902	1.0493	1.04866	1.04876	1578
2025-02-21 01:30:00	1.04877	1.04887	1.04843	1.0486	1070
2025-02-21 01:45:00	1.04859	1.04883	1.04852	1.04866	1047
2025-02-21 02:00:00	1.04866	1.04965	1.04862	1.0496	1424
2025-02-21 02:15:00	1.0496	1.04992	1.04937	1.04937	1613
2025-02-21 02:30:00	1.04936	1.04978	1.04927	1.04965	1478
2025-02-21 02:45:00	1.04965	1.0503	1.04964	1.05026	1724
2025-02-21 03:00:00	1.05027	1.05034	1.04993	1.05012	1270
2025-02-21 03:15:00	1.05012	1.05037	1.05011	1.05034	1030
2025-02-21 03:30:00	1.05035	1.05035	1.05001	1.05012	922
2025-02-21 03:45:00	1.05013	1.05045	1.05011	1.05023	867
2025-02-21 04:00:00	1.05023	1.05045	1.05011	1.05032	1051
2025-02-21 04:15:00	1.05033	1.05047	1.05032	1.05035	673
2025-02-21 04:30:00	1.05039	1.05044	1.05021	1.05023	555
2025-02-21 04:45:00	1.05024	1.05024	1.0497	1.04988	857
2025-02-21 05:00:00	1.04988	1.05005	1.04945	1.04957	1250
2025-02-21 05:15:00	1.04957	1.04985	1.04955	1.04963	1154
2025-02-21 05:30:00	1.04964	1.04972	1.04938	1.04944	1155
2025-02-21 05:45:00	1.04945	1.04949	1.04914	1.04929	1154
2025-02-21 06:00:00	1.04928	1.04934	1.04908	1.04929	1155
2025-02-21 06:15:00	1.04928	1.0494	1.04876	1.04901	1413
2025-02-21 06:30:00	1049	1.04936	1.04895	1.04913	1062
2025-02-21 06:45:00	1.04914	1.0492	1.04878	1.04884	1212
2025-02-21 07:00:00	1.04885	1.04979	1.04885	1.04953	1908
2025-02-21 07:15:00	1.04956	1.04979	1.04952	1.04972	1443
2025-02-21 07:30:00	1.04973	1.04978	1.04934	1.04971	1744
2025-02-21 07:45:00	1.04974	1.04994	1.04914	1.04919	2131
2025-02-21 08:00:00	1.0492	1.04939	1.04893	1.04924	2783
2025-02-21 08:15:00	1.04931	1.04932	1.04677	1.04709	3895
2025-02-21 08:30:00	1.04718	1.04869	1.04711	1.04825	2948
2025-02-21 08:45:00	1.04826	1.04836	1.04755	1.04762	2723
2025-02-21 09:00:00	1.04766	1.0481	1.04733	1.04733	2194
2025-02-21 09:15:00	1.04734	1.04738	1.04692	1.04725	1867
2025-02-21 09:30:00	1.04723	1.0478	1.0472	1.04733	1834
2025-02-21 09:45:00	1.04734	1.04734	1.04665	1.04691	1670
2025-02-21 10:00:00	1.0469	1.04714	1.04656	1.0467	1899
2025-02-21 10:15:00	1.0467	1.0472	1.04668	1.0471	1461
2025-02-21 10:30:00	1.04707	1.04715	1.04672	1.04685	1407
2025-02-21 10:45:00	1.04683	1.04692	1.04645	1.04651	1547
2025-02-21 11:00:00	1.04651	1.04675	1.04629	1.0467	2132
2025-02-21 11:15:00	1.04669	1.04697	1.04644	1.0469	1271
2025-02-21 11:30:00	1.04691	1.04739	1.04689	1.04697	1185
2025-02-21 11:45:00	1.04695	1.04718	1.04683	1.0469	1286
2025-02-21 12:00:00	1.0469	1.04709	1.04592	1.04603	2064
2025-02-21 12:15:00	1.04605	1.04687	1.04602	1.04685	1510
2025-02-21 12:30:00	1.04684	1.04693	1.04645	1.04678	1592
2025-02-21 12:45:00	1.04676	1.04701	1.04596	1.04619	1805
2025-02-21 13:00:00	1.04616	1.04666	1.04612	1.04655	1475
2025-02-21 13:15:00	1.04655	1.04681	1.04612	1.04674	1307
2025-02-21 13:30:00	1.04674	1.04745	1.04667	1.04725	2023
2025-02-21 13:45:00	1.04729	1.04779	1.04727	1.04749	2246
2025-02-21 14:00:00	1.04749	1048	1.04728	1.04753	2963
2025-02-21 14:15:00	1.04754	1.04774	1.04715	1.0477	1734
2025-02-21 14:30:00	1.0477	1.04791	1.04699	1.04785	2921
2025-02-21 14:45:00	1.04782	1.04923	1.04782	1.04807	4283
2025-02-21 15:00:00	1.04807	1.04859	1.04663	1.04669	4579
2025-02-21 15:15:00	1.04671	1.04687	1.04543	1.04546	4181
2025-02-21 15:30:00	1.04545	1.04611	1.04525	1.04548	3374
2025-02-21 15:45:00	1.04549	1.04612	1.04532	1.04539	3142
2025-02-21 16:00:00	1.04538	1.04576	1.04521	1.04538	2952
2025-02-21 16:15:00	1.04538	1.04546	1.04492	1.04511	2331
2025-02-21 16:30:00	1.0451	1.04569	1045	1.04564	1931
2025-02-21 16:45:00	1.04564	1.04566	1.04494	1.04544	2585
2025-02-21 17:00:00	1.04549	1.04584	1.04524	1.04543	1843
2025-02-21 17:15:00	1.04541	1.04587	1.04518	1.04583	1489
2025-02-21 17:30:00	1.04583	1.04621	1.04554	1.04618	1863
2025-02-21 17:45:00	1.04618	1.04643	1.04604	1.04629	1933
2025-02-21 18:00:00	1.04627	1.04678	1046	1.04609	1938
2025-02-21 18:15:00	1.0461	1.04615	1.0455	1.04569	2682
2025-02-21 18:30:00	1.0457	1.0461	1.04506	1046	2057
2025-02-21 18:45:00	1.04599	1.0462	1.04559	1.04596	2073
2025-02-21 19:00:00	1.04596	1.04631	1.0457	1.04628	1843
2025-02-21 19:15:00	1.04627	1.04656	1.04615	1.0464	1356
2025-02-21 19:30:00	1.04639	1.04663	1.04604	1.04624	1556
2025-02-21 19:45:00	1.04625	1.04639	1.04602	1.0462	1707
2025-02-21 20:00:00	1.04619	1.04643	1.04607	1.04634	1725
2025-02-21 20:15:00	1.04634	1.04639	1.04608	1.04612	1125
2025-02-21 20:30:00	1.04614	1.04627	1.04589	1.04608	889
2025-02-21 20:45:00	1.04608	1.04617	1.04572	1.04605	1328
2025-02-21 21:00:00	1.04605	1.04619	1.04593	1.04601	1043
2025-02-21 21:15:00	1046	1.04605	1.04585	1.04594	501
2025-02-21 21:30:00	1.04593	1.04605	1.04586	1.04601	393
2025-02-21 21:45:00	1.04601	1.04607	1.0455	1.0457	1269
2025-02-23 22:00:00	1.04706	1.04706	1.04644	1.04665	539
2025-02-23 22:15:00	1.04665	1.04665	1.04618	1.04636	502
2025-02-23 22:30:00	1.04636	1.04737	1.04636	1.04716	1430
2025-02-23 22:45:00	1.04723	1.0481	1.04708	1.04727	1434
2025-02-23 23:00:00	1.04727	1.04846	1.04705	1.04792	911
2025-02-23 23:15:00	1.04791	1.04814	1.04759	1.04795	737
2025-02-23 23:30:00	1.04796	1.04817	1.04774	1.04814	702
2025-02-23 23:45:00	1.04813	1.04813	1.0473	1.04736	559
2025-02-24 00:00:00	1.04738	1.04809	1.04716	1.04807	942
2025-02-24 00:15:00	1.04806	1.04985	1.04795	1.04967	1347
2025-02-24 00:30:00	1.04968	1.04995	1.04904	1.04928	1163
2025-02-24 00:45:00	1.04928	1.05071	1.04926	1.0504	1744
2025-02-24 01:00:00	1.05041	1.05103	1.05027	1.05078	2760
2025-02-24 01:15:00	1.05077	1.05123	1.05046	1.05078	2402
2025-02-24 01:30:00	1.05079	1.05166	1.05021	1.05166	2630
2025-02-24 01:45:00	1.05164	1.05208	1.05147	1.05178	2459
2025-02-24 02:00:00	1.05179	1.05239	1.0517	1.05195	3095
2025-02-24 02:15:00	1.05197	1.05209	1.05154	1.05192	2732
2025-02-24 02:30:00	1.05192	1.05273	1.05191	1.05265	2179
2025-02-24 02:45:00	1.05266	1.05282	1.05217	1.05227	2636
2025-02-24 03:00:00	1.05228	1.05245	1052	1.05219	1352
2025-02-24 03:15:00	1.05219	1.05254	1.05185	1.05188	1737
2025-02-24 03:30:00	1.05188	1.0521	1.05166	1.05207	1531
2025-02-24 03:45:00	1.05206	1.05216	1.05162	1.05192	1151
2025-02-24 04:00:00	1.05194	1.05206	1.0514	1.05153	1293
2025-02-24 04:15:00	1.05151	1.05153	1.05122	1.05126	1140
2025-02-24 04:30:00	1.05129	1.05138	1.05115	1.05133	709
2025-02-24 04:45:00	1.05132	1.05158	1.0511	1.05154	1127
2025-02-24 05:00:00	1.05152	1.05152	1.05098	1.05137	2224
2025-02-24 05:15:00	1.05138	1.05158	1.05111	1.0515	993
2025-02-24 05:30:00	1.0515	1.05192	1.05125	1.05185	1211
2025-02-24 05:45:00	1.05184	1.05196	1.05143	1.05163	1320
2025-02-24 06:00:00	1.05162	1.05162	1.0511	1.05125	2095
2025-02-24 06:15:00	1.05127	1.0514	1.05079	1.05099	1732
2025-02-24 06:30:00	1.05101	1.05113	1.05047	1.05048	1381
2025-02-24 06:45:00	1.05047	1.05092	1.05009	1.05087	1092
2025-02-24 07:00:00	1.05088	1.05147	1.05083	1.05111	2079
2025-02-24 07:15:00	1.05111	1.05112	1.05029	1.05042	2148
2025-02-24 07:30:00	1.05044	1.05078	1.0489	1.04893	2605
2025-02-24 07:45:00	1.04893	1.0492	1.04865	1.04909	2130
2025-02-24 08:00:00	1.04912	1.04925	1.04812	1.04827	3251
2025-02-24 08:15:00	1.04826	1.04837	1.04695	1.0478	2700
2025-02-24 08:30:00	1.0478	1.04839	1.04748	1.0478	2292
2025-02-24 08:45:00	1.04776	1.04849	1.0476	1.04795	2055
2025-02-24 09:00:00	1.04794	1.04833	1.04767	1.04823	1870
2025-02-24 09:15:00	1.04823	1.04846	1.04728	1.04745	1924
2025-02-24 09:30:00	1.04745	1.04763	1.04721	1.04744	1406
2025-02-24 09:45:00	1.04742	1.04742	1.04686	1.04717	1820
2025-02-24 10:00:00	1.04716	1.0474	1.04668	1.0474	2146
2025-02-24 10:15:00	1.04738	1.04746	1.0468	1.04698	1596
2025-02-24 10:30:00	1.04699	1.04731	1.04684	1.0472	1404
2025-02-24 10:45:00	1.04718	1.04805	1.04711	1.04801	1310
2025-02-24 11:00:00	1.04802	1.04811	1.04716	1.04718	1458
2025-02-24 11:15:00	1.04722	1.04731	1.04677	1.04694	1014
2025-02-24 11:30:00	1.04691	1.04716	1.04637	1.04704	1087
2025-02-24 11:45:00	1.04703	1.04713	1.04676	1.04683	1153
2025-02-24 12:00:00	1.04683	1.04724	1.04669	1047	1386
2025-02-24 12:15:00	1047	1.04723	1.04645	1.04645	1358
2025-02-24 12:30:00	1.04645	1.04658	1.04599	1.04605	1651
2025-02-24 12:45:00	1.04605	1.04691	1.04603	1.04687	1501
2025-02-24 13:00:00	1.04688	1.04705	1.04647	1.04702	1623
2025-02-24 13:15:00	1.04702	1.04738	1.04692	1.04709	1560
2025-02-24 13:30:00	1.04709	1.04753	1.04676	1.04685	1873
2025-02-24 13:45:00	1.04684	1047	1.04646	1.04667	1939
2025-02-24 14:00:00	1.04668	1.04695	1.04638	1.04644	1765
2025-02-24 14:15:00	1.04644	1.04671	1.04614	1.04655	1985
2025-02-24 14:30:00	1.04658	1.0466	1.04578	1.04595	3029
2025-02-24 14:45:00	1.04593	1.04611	1.04527	1.04603	3255
2025-02-24 15:00:00	1.04603	1.04702	1.04599	1.04692	3266
2025-02-24 15:15:00	1.04691	1.04704	1.0466	1.04668	2774
2025-02-24 15:30:00	1.04668	1.04694	1.04632	1.04683	3060
2025-02-24 15:45:00	1.04684	1.04694	1.04607	1.04689	3869
2025-02-24 16:00:00	1.04688	1.04708	1.04655	1.04668	3355
2025-02-24 16:15:00	1.04669	1.0472	1.04665	1.04699	2123
2025-02-24 16:30:00	1047	1.04729	1.04698	1.04719	2198
2025-02-24 16:45:00	1.04718	1.04799	1.04699	1.04775	2179
2025-02-24 17:00:00	1.04777	1.0479	1.04679	1.04754	2080
2025-02-24 17:15:00	1.04755	1.04781	1.04729	1.04766	1574
2025-02-24 17:30:00	1.04768	1.04835	1.04753	1.04773	1740
2025-02-24 17:45:00	1.04774	1.04799	1.04712	1.04723	1908
2025-02-24 18:00:00	1.04721	1.04793	1.04704	1.04788	1515
2025-02-24 18:15:00	1.04788	1.04856	1.04785	1.04848	1205
2025-02-24 18:30:00	1.04848	1.04851	1.04813	1.04825	1168
2025-02-24 18:45:00	1.04825	1.04839	1.04779	1.04803	829
2025-02-24 19:00:00	1.04804	1.04839	1.04803	1.04819	964
2025-02-24 19:15:00	1.04818	1.04821	1.0474	1.04759	1155
2025-02-24 19:30:00	1.04758	1.04818	1.04737	1.04746	1758
2025-02-24 19:45:00	1.04744	1.04774	1.04725	1.04749	1598
2025-02-24 20:00:00	1.0475	1.04774	1.04729	1.04772	832
2025-02-24 20:15:00	1.04771	1.04792	1.04683	1.04719	3101
2025-02-24 20:30:00	1.04719	1.04741	1.04657	1.0466	1715
2025-02-24 20:45:00	1.04659	1.04685	1.04644	1.0465	1512
2025-02-24 21:00:00	1.04651	1.0466	1.04616	1.04655	1553
2025-02-24 21:15:00	1.04656	1.04662	1.04637	1.04639	411
2025-02-24 21:30:00	1.04638	1.04664	1.04638	1.04655	425
2025-02-24 21:45:00	1.04657	1.0468	1.04656	1.04671	975
2025-02-24 22:00:00	1.04671	1.0468	1.04634	1.04661	202
2025-02-24 22:15:00	1.04671	1.04671	1.04659	1.04664	158
2025-02-24 22:30:00	1.04665	1.04671	1.04663	1.04664	296
2025-02-24 22:45:00	1.04664	1.04702	1.04651	1.04689	574
2025-02-24 23:00:00	1.04687	1.04687	1.04622	1.04625	408
2025-02-24 23:15:00	1.04623	1.04627	1.04614	1.04619	177
2025-02-24 23:30:00	1.04619	1.04643	1.04609	1.04643	434
2025-02-24 23:45:00	1.04643	1.04643	1.04602	1.04611	413
2025-02-25 00:00:00	1.04611	1.04628	1.04596	1.04603	771
2025-02-25 00:15:00	1.04604	1.04611	1.04599	1.04604	353
2025-02-25 00:30:00	1.04606	1.04625	1.04601	1.04615	414
2025-02-25 00:45:00	1.04616	1.04641	1.0461	1.04631	555
2025-02-25 01:00:00	1.04633	1.04656	1.0462	1.04627	851
2025-02-25 01:15:00	1.04628	1.04632	1.04605	1.04625	1999
2025-02-25 01:30:00	1.04626	1.04639	1.04605	1.04633	2408
2025-02-25 01:45:00	1.04635	1.04654	1.04623	1.04649	1492
2025-02-25 02:00:00	1.04651	1.0469	1.04651	1.04686	1518
2025-02-25 02:15:00	1.04684	1.04704	1.04651	1.04683	1824
2025-02-25 02:30:00	1.04683	1.04717	1.04681	1.04714	2100
2025-02-25 02:45:00	1.04716	1.04747	1.04706	1.04743	1774
2025-02-25 03:00:00	1.04744	1.04761	1.04728	1.04739	1639
2025-02-25 03:15:00	1.04739	1.0474	1.04712	1.04725	1500
2025-02-25 03:30:00	1.04725	1.04743	1.04721	1.04734	1134
2025-02-25 03:45:00	1.04736	1.04748	1.04724	1.0473	1049
2025-02-25 04:00:00	1.04731	1.04751	1.04725	1.04749	1122
2025-02-25 04:15:00	1.04749	1.04771	1.04746	1.04762	915
2025-02-25 04:30:00	1.04763	1.04767	1.04728	1.04753	746
2025-02-25 04:45:00	1.04753	1.04753	1.04723	1.0473	1190
2025-02-25 05:00:00	1.04731	1.04736	1.04723	1.0473	852
2025-02-25 05:15:00	1.04729	1.04749	1.04722	1.04745	582
2025-02-25 05:30:00	1.04744	1.04772	1.04733	1.04751	776
2025-02-25 05:45:00	1.04749	1.0478	1.04749	1.04767	1370
2025-02-25 06:00:00	1.04767	1.04772	1.0475	1.04765	993
2025-02-25 06:15:00	1.04767	1.04799	1.04759	1.0478	833
2025-02-25 06:30:00	1.04779	1.04787	1.04741	1.04764	1388
2025-02-25 06:45:00	1.04767	1.04775	1.04724	1.04767	1317
2025-02-25 07:00:00	1.04767	1.04774	1.04666	1.04705	1763
2025-02-25 07:15:00	1.04705	1.04753	1.04679	1.04729	1718
2025-02-25 07:30:00	1.04729	1.04729	1.04665	1.04689	2544
2025-02-25 07:45:00	1.04687	1.0473	1.04633	1.0464	2311
2025-02-25 08:00:00	1.04642	1.04781	1.0456	1.04769	3951
2025-02-25 08:15:00	1.04769	1.04787	1.04661	1.04673	2708
2025-02-25 08:30:00	1.04673	1.04673	1.04586	1.04649	1878
2025-02-25 08:45:00	1.04649	1.04719	1.04643	1047	2378
2025-02-25 09:00:00	1.04702	1.0474	1.04687	1.04702	2470
2025-02-25 09:15:00	1.04702	1.04784	1.04701	1.04737	2858
2025-02-25 09:30:00	1.04737	1.0475	1.04699	1.04704	2499
2025-02-25 09:45:00	1.04706	1.04738	1.04683	1.04729	1884
2025-02-25 10:00:00	1.04729	1.04739	1.04651	1.0466	2106
2025-02-25 10:15:00	1.04657	1.04711	1.04654	1.04689	1957
2025-02-25 10:30:00	1.0469	1.04721	1.04678	1.04717	2228
2025-02-25 10:45:00	1.0472	1.04734	1.04689	1.04725	1735
2025-02-25 11:00:00	1.04724	1.04769	1.04714	1.04762	1396
2025-02-25 11:15:00	1.04764	1.04793	1.04761	1.04774	1410
2025-02-25 11:30:00	1.04774	1.04891	1.04766	1.0486	1861
2025-02-25 11:45:00	1.04859	1.04896	1.04846	1.04891	1446
2025-02-25 12:00:00	1.04893	1.04971	1.04888	1.04938	2550
2025-02-25 12:15:00	1.04938	1.04999	1.04931	1.04963	2878
2025-02-25 12:30:00	1.04962	1.04998	1.04903	1.04911	3567
2025-02-25 12:45:00	1.04913	1.04939	1.04882	1.04934	2152
2025-02-25 13:00:00	1.04934	1.04996	1.04934	1.04976	2556
2025-02-25 13:15:00	1.04974	1.04996	1.04933	1.0499	2858
2025-02-25 13:30:00	1.0499	1.05085	1.04982	1.05077	2806
2025-02-25 13:45:00	1.05078	1.05096	1.04992	1.04999	2718
2025-02-25 14:00:00	1.05	1.05004	1.04918	1.04936	3524
2025-02-25 14:15:00	1.04935	1.05047	1.04935	1.0504	1295
2025-02-25 14:30:00	1.05039	1.05043	1.04975	1.0501	2519
2025-02-25 14:45:00	1.0501	1.05047	1.04999	1.05023	2100
2025-02-25 15:00:00	1.05027	1.05137	1.05015	1.05129	3161
2025-02-25 15:15:00	1.0513	1.05191	1.05095	1.05174	3530
2025-02-25 15:30:00	1.05174	1.05176	1.0506	1.05072	3882
2025-02-25 15:45:00	1.05071	1.05077	1.04949	1.04984	4025
2025-02-25 16:00:00	1.04983	1.05015	1.04944	1.04999	3550
2025-02-25 16:15:00	1.04998	1.05037	1.04973	1.05009	2362
2025-02-25 16:30:00	1.05008	1.0505	1.0496	1.05044	2434
2025-02-25 16:45:00	1.05044	1.05059	1.04957	1.04975	2552
2025-02-25 17:00:00	1.04975	1.04975	1.04837	1.04868	2727
2025-02-25 17:15:00	1.04868	1.04938	1.04864	1.0493	1625
2025-02-25 17:30:00	1.0493	1.04975	1.04912	1.04967	995
2025-02-25 17:45:00	1.04966	1.05021	1.04962	1.0502	1314
2025-02-25 18:00:00	1.0502	1.0509	1.0502	1.05046	1666
2025-02-25 18:15:00	1.05047	1.05065	1.05033	1.05034	1407
2025-02-25 18:30:00	1.05034	1.05179	1.05027	1.05144	1814
2025-02-25 18:45:00	1.05142	1.0515	1.0507	1.05083	1473
2025-02-25 19:00:00	1.05082	1.05126	1.05067	1.05088	1436
2025-02-25 19:15:00	1.05087	1.05087	1.05044	1.05064	1291
2025-02-25 19:30:00	1.05062	1.05097	1.05053	1.05091	1095
2025-02-25 19:45:00	1.05091	1.05114	1.05071	1.05104	1286
2025-02-25 20:00:00	1.05103	1.05127	1.0509	1.05106	1112
2025-02-25 20:15:00	1.05106	1.05188	1.05101	1.05164	1202
2025-02-25 20:30:00	1.05165	1.05165	1.05108	1.05143	1186
2025-02-25 20:45:00	1.05144	1.05174	1.05137	1.05162	974
2025-02-25 21:00:00	1.05161	1.05174	1.05146	1.05156	598
2025-02-25 21:15:00	1.05155	1.05174	1.05138	1.05172	298
2025-02-25 21:30:00	1.05171	1.05175	1.05133	1.05134	429
2025-02-25 21:45:00	1.05139	1.05159	1.05123	1.05124	1059
2025-02-25 22:00:00	1.05116	1.05137	1.05106	1.05118	355
2025-02-25 22:15:00	1.05118	1.05137	1.05115	1.05134	122
2025-02-25 22:30:00	1.05134	1.05141	1.0512	1.05133	309
2025-02-25 22:45:00	1.05134	1.05137	1.05116	1.05122	360
2025-02-25 23:00:00	1.05136	1.05173	1.05119	1.05172	1660
2025-02-25 23:15:00	1.05173	1.05203	1.05165	1052	485
2025-02-25 23:30:00	1052	1.05227	1.05199	1.05213	479
2025-02-25 23:45:00	1.05211	1.05211	1.05194	1.05204	580
2025-02-26 00:00:00	1.05205	1.05237	1.05195	1.05235	581
2025-02-26 00:15:00	1.05236	1.0525	1.05225	1.05243	678
2025-02-26 00:30:00	1.05243	1.05243	1.05214	1.05214	400
2025-02-26 00:45:00	1.05216	1.05242	1.05211	1.05227	1201
2025-02-26 01:00:00	1.05226	1.05235	1.0517	1.05212	1384
2025-02-26 01:15:00	1.05213	1.05231	1.05205	1.05214	1294
2025-02-26 01:30:00	1.05214	1.05214	1.05139	1.05152	1709
2025-02-26 01:45:00	1.05151	1.05171	1.05138	1.0515	1500
2025-02-26 02:00:00	1.05151	1.05167	1.05116	1.05124	1605
2025-02-26 02:15:00	1.05123	1.05142	1.05073	1.05077	1301
2025-02-26 02:30:00	1.05075	1.05094	1.0504	1.0506	1978
2025-02-26 02:45:00	1.05063	1.05083	1.0504	1.05061	2281
2025-02-26 03:00:00	1.05062	1.05085	1.05049	1.05055	1960
2025-02-26 03:15:00	1.05056	1.05061	1.05011	1.05029	993
2025-02-26 03:30:00	1.0503	1.05055	1.05024	1.05037	1134
2025-02-26 03:45:00	1.05037	1.05049	1.0502	1.05043	1077
2025-02-26 04:00:00	1.05043	1.05049	1.05011	1.05013	750
2025-02-26 04:15:00	1.05014	1.05039	1.05001	1.05034	707
2025-02-26 04:30:00	1.05033	1.05054	1.05	1.05007	661
2025-02-26 04:45:00	1.05008	1.05008	1.04966	1.04971	1094
2025-02-26 05:00:00	1.0497	1.04979	1.0494	1.04942	1288
2025-02-26 05:15:00	1.04944	1.04966	1.04928	1.04958	1090
2025-02-26 05:30:00	1.0496	1.04961	1.04908	1.04922	1551
2025-02-26 05:45:00	1.04923	1.04935	1.04903	1.04912	1684
2025-02-26 06:00:00	1.04913	1.04933	1.04888	1.04888	1402
2025-02-26 06:15:00	1.04888	1.04899	1.04868	1.04881	1686
2025-02-26 06:30:00	1.04882	1.04945	1.04881	1.04938	2054
2025-02-26 06:45:00	1.04937	1.04962	1.04913	1.04942	1812
2025-02-26 07:00:00	1.04943	1.05007	1.04935	1.04984	1910
2025-02-26 07:15:00	1.04985	1.05013	1.04944	1.04975	2066
2025-02-26 07:30:00	1.04972	1.04991	1.04923	1.04967	2461
2025-02-26 07:45:00	1.04967	1.05	1.04934	1.04938	1985
2025-02-26 08:00:00	1.04938	1.05029	1.04913	1.05013	2788
2025-02-26 08:15:00	1.05013	1.05105	1.05006	1.0509	2928
2025-02-26 08:30:00	1.05093	1.05113	1.04996	1.04999	3047
2025-02-26 08:45:00	1.04999	1.05027	1.04937	1.05024	2684
2025-02-26 09:00:00	1.05024	1.0503	1.04971	1.04977	2642
2025-02-26 09:15:00	1.04979	1.05002	1.04947	1.04959	2180
2025-02-26 09:30:00	1.04958	1.05004	1.04948	1.04986	2203
2025-02-26 09:45:00	1.04987	1.04991	1.04948	1.04968	2185
2025-02-26 10:00:00	1.04968	1.05007	1.04928	1.04946	2234
2025-02-26 10:15:00	1.04946	1.04985	1.04918	1.0493	2045
2025-02-26 10:30:00	1.04929	1.04994	1.0491	1.04978	2098
2025-02-26 10:45:00	1.0498	1.05005	1.04967	1.04976	1821
2025-02-26 11:00:00	1.04975	1.05008	1.04961	1.05006	1790
2025-02-26 11:15:00	1.05007	1.0502	1.04911	1.04943	1691
2025-02-26 11:30:00	1.04945	1.04954	1.04912	1.04916	1329
2025-02-26 11:45:00	1.04916	1.04924	1.04865	1.04914	1785
2025-02-26 12:00:00	1.04914	1.04947	1.0487	1.04877	1863
2025-02-26 12:15:00	1.04877	1049	1.04855	1.04892	2033
2025-02-26 12:30:00	1.04891	1.04929	1.04878	1.04881	1708
2025-02-26 12:45:00	1.04883	1.04883	1.04747	1.04765	3134
2025-02-26 13:00:00	1.04765	1.04892	1.04763	1.04876	2772
2025-02-26 13:15:00	1.04877	1.04944	1.04848	1.04916	2325
2025-02-26 13:30:00	1.04917	1.04919	1.04835	1.04839	2543
2025-02-26 13:45:00	1.0484	1.04891	1.04813	1.04839	2161
2025-02-26 14:00:00	1.0484	1.04875	1.0482	1.04874	2723
2025-02-26 14:15:00	1.04872	1.04894	1.04843	1.04892	2171
2025-02-26 14:30:00	1.04894	1.04924	1.04875	1.04913	2903
2025-02-26 14:45:00	1.04913	1.04922	1.04876	1.04895	3043
2025-02-26 15:00:00	1.04895	1.04909	1.04805	1.04844	3733
2025-02-26 15:15:00	1.04846	1.04956	1.04791	1.04952	3028
2025-02-26 15:30:00	1.04952	1.05017	1.04934	1.04979	3996
2025-02-26 15:45:00	1.04978	1.0509	1.04976	1.05058	4115
2025-02-26 16:00:00	1.05061	1.05153	1.05041	1.05101	3624
2025-02-26 16:15:00	1051	1.05109	1.05017	1.05088	2818
2025-02-26 16:30:00	1.05089	1.05143	1.05065	1.05119	2243
2025-02-26 16:45:00	1.05119	1.05146	1.0511	1.05135	3034
2025-02-26 17:00:00	1.05133	1.05182	1.05121	1.05139	2931
2025-02-26 17:15:00	1.05139	1.05242	1.05056	1.05233	5176
2025-02-26 17:30:00	1.0523	1.05287	1.04895	1.04982	7994
2025-02-26 17:45:00	1.04982	1.04982	1.0483	1.04921	3666
2025-02-26 18:00:00	1.04922	1.04999	1.04906	1.04937	4571
2025-02-26 18:15:00	1.04936	1.05002	1.04927	1.04972	4356
2025-02-26 18:30:00	1.04972	1.04996	1.04947	1.04978	3329
2025-02-26 18:45:00	1.04976	1.0498	1.04848	1.04879	2528
2025-02-26 19:00:00	1.0488	1.04883	1.04819	1.04852	2624
2025-02-26 19:15:00	1.04855	1.04878	1.0484	1.0486	2472
2025-02-26 19:30:00	1.04859	1.04911	1.04856	1.04906	2062
2025-02-26 19:45:00	1.04905	1.04932	1.04897	1.04908	1572
2025-02-26 20:00:00	1.04908	1.04909	1.04836	1.04842	1779
2025-02-26 20:15:00	1.04844	1.04847	1.04806	1.04834	1549
2025-02-26 20:30:00	1.04833	1.04871	1.0483	1.04866	932
2025-02-26 20:45:00	1.04867	1.04877	1.04852	1.0486	1149
2025-02-26 21:00:00	1.0486	1.04878	1.04826	1.04832	995
2025-02-26 21:15:00	1.04833	1.04842	1.04796	1.04798	927
2025-02-26 21:30:00	1.04799	1.04821	1.04784	1.04808	367
2025-02-26 21:45:00	1.04807	1.04848	1.04807	1.04844	548
2025-02-26 22:00:00	1.04843	1.04843	1.04782	1.04824	494
2025-02-26 22:15:00	1.04825	1.04852	1.04824	1.04851	520
2025-02-26 22:30:00	1.0485	1.04868	1.0485	1.04868	142
2025-02-26 22:45:00	1.04866	1.04873	1.0486	1.04865	415
2025-02-26 23:00:00	1.04869	1.04896	1.04856	1.04896	537
2025-02-26 23:15:00	1.04895	1.04922	1.04892	1.04921	408
2025-02-26 23:30:00	1.0492	1.04922	1.04892	1.04904	219
2025-02-26 23:45:00	1.04907	1.0491	1.04873	1.04876	252
2025-02-27 00:00:00	1.04877	1.04878	1048	1.04819	1243
2025-02-27 00:15:00	1.04821	1.04859	1.04821	1.04842	602
2025-02-27 00:30:00	1.04842	1.04856	1.04807	1.04815	1009
2025-02-27 00:45:00	1.04813	1.04823	1.04766	1.04771	1046
2025-02-27 01:00:00	1.04773	1.04783	1.04726	1.04782	1884
2025-02-27 01:15:00	1.04784	1.04789	1.04765	1.04765	1125
2025-02-27 01:30:00	1.04767	1.04814	1.04765	1.04804	1120
2025-02-27 01:45:00	1.04806	1.04831	1.04775	1.0478	1777
2025-02-27 02:00:00	1.04782	1.04804	1.04743	1.04745	2013
2025-02-27 02:15:00	1.04747	1.04753	1.04723	1.0473	2445
2025-02-27 02:30:00	1.04729	1.04757	1.0472	1.04734	2073
2025-02-27 02:45:00	1.04733	1.04737	1.04701	1.04707	1772
2025-02-27 03:00:00	1.0471	1.04731	1.04707	1.04724	1106
2025-02-27 03:15:00	1.04723	1.04741	1.04714	1.0474	1318
2025-02-27 03:30:00	1.04741	1.04743	1.04709	1.04718	1138
2025-02-27 03:45:00	1.04718	1.0472	1.04647	1.04656	1320
2025-02-27 04:00:00	1.04656	1.04686	1.04639	1.04683	1391
2025-02-27 04:15:00	1.04684	1.04694	1.0465	1.04655	1366
2025-02-27 04:30:00	1.04653	1.04657	1.04603	1.04628	1719
2025-02-27 04:45:00	1.04629	1.0463	1.04589	1.04626	1381
2025-02-27 05:00:00	1.04628	1.0465	1.04618	1.0463	1378
2025-02-27 05:15:00	1.04632	1.04644	1.04617	1.0462	1120
2025-02-27 05:30:00	1.0462	1.04651	1.04613	1.0464	1194
2025-02-27 05:45:00	1.0464	1.04653	1.04623	1.04649	1368
2025-02-27 06:00:00	1.04648	1.0468	1.04639	1.04658	1285
2025-02-27 06:15:00	1.04657	1.04676	1.04644	1.04671	1553
2025-02-27 06:30:00	1.04669	1.04713	1.04661	1.04712	1533
2025-02-27 06:45:00	1.04712	1.04729	1.04703	1.04715	1492
2025-02-27 07:00:00	1.04716	1.0473	1.04683	1.04697	1580
2025-02-27 07:15:00	1.04698	1.04737	1.0469	1.04733	1592
2025-02-27 07:30:00	1.04733	1.04771	1.04714	1.04759	1481
2025-02-27 07:45:00	1.04763	1048	1.04746	1.0475	1475
2025-02-27 08:00:00	1.04752	1.04772	1.04706	1.04766	2559
2025-02-27 08:15:00	1.04764	1.04802	1.04702	1.0471	2771
2025-02-27 08:30:00	1.04709	1.04744	1.04702	1.04733	2571
2025-02-27 08:45:00	1.04734	1.04783	1.04722	1.04782	1940
2025-02-27 09:00:00	1.04784	1.0482	1.0475	1.04818	2073
2025-02-27 09:15:00	1.04817	1.0482	1.04761	1.04776	2090
2025-02-27 09:30:00	1.04777	1.04798	1.04758	1.04793	1378
2025-02-27 09:45:00	1.04794	1.04851	1.04779	1.04841	1526
2025-02-27 10:00:00	1.0484	1.04842	1.04767	1.04771	2100
2025-02-27 10:15:00	1.04773	1.04787	1.0474	1.04751	1568
2025-02-27 10:30:00	1.04748	1.0477	1.04737	1.0476	1568
2025-02-27 10:45:00	1.0476	1.04815	1.04743	1.04814	1493
2025-02-27 11:00:00	1.04814	1.04871	1.04804	1.04853	1482
2025-02-27 11:15:00	1.04855	1.04856	1.04767	1.04774	1831
2025-02-27 11:30:00	1.04775	1.04803	1.04773	1.04788	1532
2025-02-27 11:45:00	1.04788	1.04824	1.04757	1.04757	1985
2025-02-27 12:00:00	1.04756	1.04781	1.04729	1.04748	2274
2025-02-27 12:15:00	1.04747	1.04805	1.04738	1.04775	1726
2025-02-27 12:30:00	1.04774	1.04839	1.04766	1.04809	2433
2025-02-27 12:45:00	1.04808	1.04817	1.04755	1.04763	3102
2025-02-27 13:00:00	1.04763	1.04792	1.04736	1.04759	2948
2025-02-27 13:15:00	1.04758	1.04807	1.04758	1.04791	2145
2025-02-27 13:30:00	1.04819	1.04893	1.04579	1.04594	5153
2025-02-27 13:45:00	1.04592	1.04644	1.0419	1.04232	9270
2025-02-27 14:00:00	1.04231	1.04374	1.04204	1.04338	5206
2025-02-27 14:15:00	1.04339	1.04416	1.04319	1.04359	3319
2025-02-27 14:30:00	1.04361	1.0437	1.04202	1.04209	4301
2025-02-27 14:45:00	1.04211	1.04273	1.04139	1.04198	4030
2025-02-27 15:00:00	1.04197	1.04258	1.04107	1.0413	5640
2025-02-27 15:15:00	1.0413	1.04276	1.04111	1.04203	4426
2025-02-27 15:30:00	1.04203	1.04219	1.04149	1.04162	4261
2025-02-27 15:45:00	1.0416	1.04169	1.04093	1.04148	4885
2025-02-27 16:00:00	1.04149	1.04155	1.04042	1.04059	3875
2025-02-27 16:15:00	1.04058	1.04097	1.04032	1.04065	4535
2025-02-27 16:30:00	1.04065	1.04157	1.04031	1.04149	4175
2025-02-27 16:45:00	1.04149	1.0416	1.04099	1.04134	2659
2025-02-27 17:00:00	1.04136	1.04179	1.04106	1.0414	2227
2025-02-27 17:15:00	1.0414	1.04154	1.04106	1.04109	1645
2025-02-27 17:30:00	1.04109	1.04115	1.04023	1.04033	2298
2025-02-27 17:45:00	1.04035	1.04079	1.04001	1.04071	2226
2025-02-27 18:00:00	1.04072	1.04119	1.04072	1.04099	1650
2025-02-27 18:15:00	1.04098	1.04156	1.04095	1.04141	1499
2025-02-27 18:30:00	1.04141	1.04155	1.04124	1.04132	1179
2025-02-27 18:45:00	1.04131	1.04174	1.04119	1.04171	1347
2025-02-27 19:00:00	1.04171	1.04176	1.04115	1.04119	1282
2025-02-27 19:15:00	1.04118	1.04122	1.04099	1.04099	1342
2025-02-27 19:30:00	1041	1041	1.04031	1.04056	2544
2025-02-27 19:45:00	1.04055	1.04067	1.04033	1.04042	1590
2025-02-27 20:00:00	1.04043	1.04082	1.04027	1.04043	1143
2025-02-27 20:15:00	1.04043	1.04051	1.04019	1.04029	1427
2025-02-27 20:30:00	1.04027	1.0405	1.04018	1.04035	1303
2025-02-27 20:45:00	1.04036	1.04062	1.04013	1.04051	1115
2025-02-27 21:00:00	1.0405	1.04052	1.03998	1.04009	979
2025-02-27 21:15:00	1.04007	1.04019	1.03977	1.03979	437
2025-02-27 21:30:00	1.03978	1.03996	1.0397	1.03978	456
2025-02-27 21:45:00	1.03979	1.03985	1.03966	1.03978	1400
2025-02-27 22:00:00	1.03974	1.0399	1.03959	1.03971	69
2025-02-27 22:15:00	1.03971	1.03973	1.03967	1.03967	39
2025-02-27 22:30:00	1.03967	1.03967	1.03937	1.03942	168
2025-02-27 22:45:00	1.0394	1.03953	1.03882	1.0394	967
2025-02-27 23:00:00	1.03941	1.04001	1.03921	1.03992	618
2025-02-27 23:15:00	1.03994	1.04	1.03982	1.03986	252
2025-02-27 23:30:00	1.03987	1.03987	1.03951	1.03958	497
2025-02-27 23:45:00	1.0396	1.03965	1.03932	1.03936	398
2025-02-28 00:00:00	1.03936	1.03963	1.03936	1.03954	1072
2025-02-28 00:15:00	1.03955	1.04016	1.03952	1.03996	1252
2025-02-28 00:30:00	1.03994	1.04017	1.03988	1.03989	1027
2025-02-28 00:45:00	1.03987	1.04027	1.03978	1.04023	1107
2025-02-28 01:00:00	1.04024	1.04042	1.03981	1.03992	1565
2025-02-28 01:15:00	1.03992	1.04019	1.03974	1.03979	1835
2025-02-28 01:30:00	1.0398	1.0398	1.03881	1.03926	3062
2025-02-28 01:45:00	1.03927	1.0393	1.03843	1.03848	2588
2025-02-28 02:00:00	1.03848	1.03915	1.03833	1.03834	2010
2025-02-28 02:15:00	1.03833	1.03896	1.03802	1.03894	1547
2025-02-28 02:30:00	1.03892	1.03904	1.0385	1.03851	2129
2025-02-28 02:45:00	1.03852	1.03857	1.03821	1.03822	1449
2025-02-28 03:00:00	1.03823	1.03866	1.03811	1.03859	1023
2025-02-28 03:15:00	1.03857	1.03883	1.03827	1.03878	1296
2025-02-28 03:30:00	1.03883	1.03894	1.0386	1.03875	1222
2025-02-28 03:45:00	1.03873	1.03889	1.03868	1.03882	1688
2025-02-28 04:00:00	1.03882	1.0389	1.03871	1.0388	993
2025-02-28 04:15:00	1.0388	1.03899	1.03873	1.03888	820
2025-02-28 04:30:00	1.03888	1.03907	1.03879	1.0388	921
2025-02-28 04:45:00	1.03879	1.03887	1.03859	1.03864	800
2025-02-28 05:00:00	1.03866	1.03884	1.03841	1.03849	1654
2025-02-28 05:15:00	1.0385	1.0389	1.0385	1.03884	1109
2025-02-28 05:30:00	1.03882	1.03891	1.03857	1.03877	1297
2025-02-28 05:45:00	1.03875	1039	1.03866	1.03886	981
2025-02-28 06:00:00	1.03885	1.03889	1.0383	1.03861	1953
2025-02-28 06:15:00	1.03861	1.0389	1.03828	1.03835	1431
2025-02-28 06:30:00	1.03835	1.03872	1.03825	1.03863	1376
2025-02-28 06:45:00	1.03864	1.03876	1.03829	1.03874	1783
2025-02-28 07:00:00	1.03873	1.03909	1.0386	1.03904	2169
2025-02-28 07:15:00	1.03904	1.0391	1.03869	1.03878	1755
2025-02-28 07:30:00	1.03879	1.03947	1.03854	1.03918	2450
2025-02-28 07:45:00	1.03916	1.04005	1.03867	1.03959	2748
2025-02-28 08:00:00	1.03959	1.04016	1.03949	1.0399	1984
2025-02-28 08:15:00	1.03989	1.03996	1.03953	1.03978	3062
2025-02-28 08:30:00	1.03977	1.04042	1.03971	1.03993	2476
2025-02-28 08:45:00	1.03991	1.04027	1.03975	1.04009	1753
2025-02-28 09:00:00	1.04014	1.04078	1.04008	1.04053	2579
2025-02-28 09:15:00	1.04053	1.04063	1.03993	1.04017	2009
2025-02-28 09:30:00	1.04019	1.04022	1.03979	1.04019	1867
2025-02-28 09:45:00	1.04019	1.0402	1.03943	1.03952	1956
2025-02-28 10:00:00	1.03951	1.03968	1.03933	1.03945	1579
2025-02-28 10:15:00	1.03945	1.03958	1.03922	1.03933	1342
2025-02-28 10:30:00	1.03934	1.04034	1.03933	1.04033	1449
2025-02-28 10:45:00	1.04032	1.04058	1.03985	1.03992	1870
2025-02-28 11:00:00	1.03992	1.04011	1.03949	1.03958	1781
2025-02-28 11:15:00	1.03959	1.03975	1.03938	1.03958	1447
2025-02-28 11:30:00	1.03957	1.03989	1.03933	1.03981	1565
2025-02-28 11:45:00	1.03982	1.03991	1.03959	1.03986	1719
2025-02-28 12:00:00	1.03985	1.04039	1.03977	1.04034	2060
2025-02-28 12:15:00	1.04035	1.04061	1.04014	1.04049	1695
2025-02-28 12:30:00	1.04048	1.04075	1.04037	1.04056	950
2025-02-28 12:45:00	1.04055	1.04078	1.04035	1.04067	1359
2025-02-28 13:00:00	1.04066	1.04148	1.04065	1.04124	2308
2025-02-28 13:15:00	1.04125	1.04161	1.04092	1.04108	3172
2025-02-28 13:30:00	1.04107	1.04151	1.04052	1.04064	3715
2025-02-28 13:45:00	1.04064	1.04131	1.04064	1.04066	2882
2025-02-28 14:00:00	1.04071	1.04105	1.04025	1.04098	2801
2025-02-28 14:15:00	1041	1.04141	1.04073	1.04103	2706
2025-02-28 14:30:00	1.04102	1.04122	1.0401	1.04013	3105
2025-02-28 14:45:00	1.04012	1.04106	1.04007	1.04098	2484
2025-02-28 15:00:00	1.04099	1.04182	1.0408	1.04154	2686
2025-02-28 15:15:00	1.0416	1.04191	1.04088	1.04168	3046
2025-02-28 15:30:00	1.04169	1.04198	1.04121	1.04121	3178
2025-02-28 15:45:00	1.0412	1.04123	1.03932	1.03998	5965
2025-02-28 16:00:00	1.03998	1.04114	1.03984	1.04059	4354
2025-02-28 16:15:00	1.04059	1.04071	1.03988	1.04001	3516
2025-02-28 16:30:00	1.04001	1.04106	1.03979	1.04018	3510
2025-02-28 16:45:00	1.04017	1.04074	1.03985	1.04013	3083
2025-02-28 17:00:00	1.04014	1.04099	1.03988	1.04094	2970
2025-02-28 17:15:00	1.04093	1.04094	1.03898	1.04048	3151
2025-02-28 17:30:00	1.04048	1.04053	1.0396	1.03981	2425
2025-02-28 17:45:00	1.03977	1.04034	1.03955	1.03963	2869
2025-02-28 18:00:00	1.03962	1.0398	1.03918	1.0396	1930
2025-02-28 18:15:00	1.0396	1.03973	1.03633	1.03724	7942
2025-02-28 18:30:00	1.03725	1.03824	1.03714	1.03773	3234
2025-02-28 18:45:00	1.03777	1.0381	1.03625	1.03634	3715
2025-02-28 19:00:00	1.03634	1.03685	1.03597	1.03675	2759
2025-02-28 19:15:00	1.03675	1.03702	1.0365	1.03678	1860
2025-02-28 19:30:00	1.03679	1.03713	1.03658	1.0367	1740
2025-02-28 19:45:00	1.03672	1.03736	1.03662	1.03677	1877
2025-02-28 20:00:00	1.03676	1.03688	1.03649	1.03678	1430
2025-02-28 20:15:00	1.03677	1.03684	1.03647	1.03657	1398
2025-02-28 20:30:00	1.03656	1.03675	1.0362	1.03672	1806
2025-02-28 20:45:00	1.03673	1.03769	1.03664	1.03747	3123
2025-02-28 21:00:00	1.03746	1.03752	1.03681	1.03741	1732
2025-02-28 21:15:00	1.03742	1.03767	1.03733	1.03747	809
2025-02-28 21:30:00	1.03746	1.03756	1.0372	1.03747	480
2025-02-28 21:45:00	1.03747	1.03758	1.03732	1.03747	2055
2025-03-02 22:00:00	1.04032	1.04042	1.04005	1.04006	635
2025-03-02 22:15:00	1.04006	1.04026	1.03992	1.04018	351
2025-03-02 22:30:00	1.04017	1.04023	1.04014	1.04017	291
2025-03-02 22:45:00	1.04017	1.0404	1.04014	1.04032	193
2025-03-02 23:00:00	1.04033	1.04168	1.03997	1.04117	2559
2025-03-02 23:15:00	1.04116	1.04208	1.04093	1.04152	1617
2025-03-02 23:30:00	1.04153	1.04208	1.04148	1.04171	1165
2025-03-02 23:45:00	1.04173	1.04178	1.04117	1.04119	1882
2025-03-03 00:00:00	1.04119	1.0412	1.04021	1.04092	2120
2025-03-03 00:15:00	1.04095	1.04199	1.04072	1.04158	2223
2025-03-03 00:30:00	1.04163	1.04184	1.04107	1.04131	2106
2025-03-03 00:45:00	1.04133	1.04143	1.04087	1.04091	1813
2025-03-03 01:00:00	1.04092	1.04225	1.04074	1.04179	2586
2025-03-03 01:15:00	1.04179	1.04204	1.04139	1.04195	2374
2025-03-03 01:30:00	1.04199	1.04207	1.04166	1.04178	1637
2025-03-03 01:45:00	1.04178	1.04228	1.04169	1.04195	2076
2025-03-03 02:00:00	1.04195	1.04229	1.04163	1.04215	1309
2025-03-03 02:15:00	1.04212	1.04227	1.0416	1.04165	1559
2025-03-03 02:30:00	1.04162	1.04208	1.04147	1.04197	1085
2025-03-03 02:45:00	1.04197	1.04231	1.04187	1.04197	1049
2025-03-03 03:00:00	1.04196	1.04198	1.04108	1.04116	2086
2025-03-03 03:15:00	1.04116	1.04138	1.04099	1.04134	1331
2025-03-03 03:30:00	1.04134	1.04183	1.04129	1.04166	1257
2025-03-03 03:45:00	1.04163	1.04169	1.04134	1.04168	1096
2025-03-03 04:00:00	1.04167	1042	1.04165	1.04194	1133
2025-03-03 04:15:00	1.04193	1.04197	1.04168	1.04197	899
2025-03-03 04:30:00	1.04197	1.04203	1.0418	1.04192	1129
2025-03-03 04:45:00	1.04191	1.04203	1.04177	1.04177	1057
2025-03-03 05:00:00	1.04175	1.04178	1.04141	1.0416	2199
2025-03-03 05:15:00	1.04161	1.04193	1.04152	1.04172	1583
2025-03-03 05:30:00	1.04172	1.04192	1.04151	1.04152	966
2025-03-03 05:45:00	1.0415	1.0415	1.04123	1.04142	994
2025-03-03 06:00:00	1.04141	1.04162	1.04126	1.04135	1255
2025-03-03 06:15:00	1.04132	1.04158	1.0412	1.04142	1679
2025-03-03 06:30:00	1.04142	1.04156	1.04074	1.04079	1572
2025-03-03 06:45:00	1.04079	1.0412	1.04065	1.04081	1406
2025-03-03 07:00:00	1.04081	1.04087	1.04018	1.04042	2876
2025-03-03 07:15:00	1.04044	1.0407	1.04019	1.04052	1964
2025-03-03 07:30:00	1.04052	1.0409	1.04041	1.04089	1848
2025-03-03 07:45:00	1.04089	1041	1.04018	1.04054	1968
2025-03-03 08:00:00	1.04053	1.04064	1.0401	1.04036	3903
2025-03-03 08:15:00	1.04035	1.04065	1.03926	1.03963	2883
2025-03-03 08:30:00	1.03963	1.03965	1.03883	1.03939	3417
2025-03-03 08:45:00	1.03946	1.0402	1.0393	1.04009	2864
2025-03-03 09:00:00	1.04015	1.04162	1.04012	1.04158	2094
2025-03-03 09:15:00	1.0416	1.04181	1.0408	1.04117	2163
2025-03-03 09:30:00	1.04117	1.04182	1.04095	1.04162	1844
2025-03-03 09:45:00	1.04162	1.04288	1.04147	1.04269	1832
2025-03-03 10:00:00	1.0427	1.04387	1.0427	1.0437	3492
2025-03-03 10:15:00	1.04369	1.04441	1.04366	1.04393	3043
2025-03-03 10:30:00	1.04394	1.0441	1.0439	1.04407	159
2025-03-03 10:45:00	1.04394	1.0443	1.04392	1.04418	265
2025-03-03 11:00:00	1.04419	1.04493	1.04403	1.04488	2276
2025-03-03 11:15:00	1.04488	1.04512	1.04441	1.04502	2506
2025-03-03 11:30:00	1.04502	1.04572	1.04492	1.04545	2905
2025-03-03 11:45:00	1.04545	1.04579	1.04487	1.04524	3916
2025-03-03 12:00:00	1.04525	1.04683	1.04525	1.04638	3907
2025-03-03 12:15:00	1.04638	1.04686	1.04599	1.04682	2285
2025-03-03 12:30:00	1.04683	1.04728	1.04664	1.04728	2304
2025-03-03 12:45:00	1.04726	1.04759	1.04675	1.04702	2646
2025-03-03 13:00:00	1.04703	1.04725	1.04629	1.04647	3421
2025-03-03 13:15:00	1.04649	1047	1.04592	1.04682	2600
2025-03-03 13:30:00	1.04682	1.04762	1.04671	1.04759	2290
2025-03-03 13:45:00	1.04758	1.04759	1.04661	1.04717	3140
2025-03-03 14:00:00	1.04719	1.04765	1.04696	1.0471	2596
2025-03-03 14:15:00	1.04711	1.04845	1.04686	1.04845	2635
2025-03-03 14:30:00	1.04846	1.04868	1.04823	1.04856	2952
2025-03-03 14:45:00	1.04855	1.04906	1.04795	1.04823	3309
2025-03-03 15:00:00	1.04795	1.04971	1.04764	1.04914	4961
2025-03-03 15:15:00	1.04912	1.0502	1.04894	1.0499	2795
2025-03-03 15:30:00	1.0499	1.05036	1.04873	1.04925	4453
2025-03-03 15:45:00	1.04924	1.04931	1.04838	1.04845	4115
2025-03-03 16:00:00	1.04844	1.04954	1.04838	1.04936	3225
2025-03-03 16:15:00	1.04936	1.04994	1.04906	1.04984	2300
2025-03-03 16:30:00	1.04985	1.05004	1.04923	1.04976	2195
2025-03-03 16:45:00	1.04977	1.05011	1.04948	1.0496	1986
2025-03-03 17:00:00	1.04959	1.04966	1.04904	1.04943	1641
2025-03-03 17:15:00	1.04945	1.04967	1.04897	1049	1390
2025-03-03 17:30:00	1049	1.0491	1.0487	1.04896	1379
2025-03-03 17:45:00	1.04899	1.04908	1.04866	1.04902	1006
2025-03-03 18:00:00	1.04904	1.04907	1.04876	1.04883	1226
2025-03-03 18:15:00	1.04886	1.04923	1.04874	1.04879	1754
2025-03-03 18:30:00	1.04879	1.04918	1.04877	1.04883	1524
2025-03-03 18:45:00	1.04883	1.05032	1.04821	1.04868	3403
2025-03-03 19:00:00	1.04867	1.04887	1.04839	1.04885	1793
2025-03-03 19:15:00	1.04886	1.04904	1.04863	1.04888	1109
2025-03-03 19:30:00	1.04889	1.04936	1.04889	1.04933	955
2025-03-03 19:45:00	1.04933	1.04934	1.04721	1.04728	5044
2025-03-03 20:00:00	1.04727	1.0485	1.04671	1.04779	5561
2025-03-03 20:15:00	1.04782	1.04831	1.04731	1.04733	3387
2025-03-03 20:30:00	1.04733	1.04777	1.04665	1.0469	3880
2025-03-03 20:45:00	1.04692	1.04822	1.04689	1.04819	3078
2025-03-03 21:00:00	1.0482	1.04864	1.04803	1.04864	1044
2025-03-03 21:15:00	1.04865	1.04905	1.04852	1.04899	619
2025-03-03 21:30:00	1049	1.04925	1.04893	1.04902	904
2025-03-03 21:45:00	1.04902	1.04907	1.04851	1.04856	1379
2025-03-03 22:00:00	1.04849	1.04882	1.04795	1.04847	772
2025-03-03 22:15:00	1.04846	1.04868	1.04846	1.04863	292
2025-03-03 22:30:00	1.04861	1.04865	1.04852	1.04861	119
2025-03-03 22:45:00	1.04861	1.04874	1.04856	1.04867	291
2025-03-03 23:00:00	1.04865	1.04889	1.04826	1.04865	447
2025-03-03 23:15:00	1.04865	1.04922	1.04864	1.04913	432
2025-03-03 23:30:00	1.04912	1.04914	1.04763	1.04805	920
2025-03-03 23:45:00	1.04805	1.04864	1.04805	1.04851	1074
2025-03-04 00:00:00	1.04851	1.04883	1.04841	1.04857	1143
2025-03-04 00:15:00	1.04858	1.04878	1.04773	1.04813	1537
2025-03-04 00:30:00	1.04813	1.04828	1.04768	1.04797	1813
2025-03-04 00:45:00	1.04796	1.04886	1.04764	1.0488	2324
2025-03-04 01:00:00	1.0488	1.04887	1.04823	1.04872	1824
2025-03-04 01:15:00	1.04869	1.04936	1.04867	1.04919	2223
2025-03-04 01:30:00	1.0492	1.04959	1.04909	1.04928	2304
2025-03-04 01:45:00	1.04928	1.04942	1.04856	1.04881	2361
2025-03-04 02:00:00	1.04882	1049	1.04854	1.04866	1790
2025-03-04 02:15:00	1.04868	1.04868	1.04813	1.04839	1428
2025-03-04 02:30:00	1.04839	1.04848	1048	1.04841	2905
2025-03-04 02:45:00	1.0484	1.04862	1.04805	1.04806	2416
2025-03-04 03:00:00	1.04806	1.04815	1.04768	1.0478	2140
2025-03-04 03:15:00	1.04778	1.04837	1.04778	1.04805	2445
2025-03-04 03:30:00	1.04805	1.04809	1.04747	1.04761	1831
2025-03-04 03:45:00	1.04763	1.04796	1.04756	1.04771	1274
2025-03-04 04:00:00	1.0477	1.04776	1.0471	1.04745	2201
2025-03-04 04:15:00	1.04746	1.04798	1.04738	1.04777	2024
2025-03-04 04:30:00	1.04778	1.04802	1.04761	1.04789	1138
2025-03-04 04:45:00	1.04789	1.04803	1.04768	1.04778	1106
2025-03-04 05:00:00	1.04778	1.04832	1.04708	1.04784	3046
2025-03-04 05:15:00	1.04784	1.04823	1.0478	1.0479	1644
2025-03-04 05:30:00	1.04791	1.04841	1.04785	1.04819	1962
2025-03-04 05:45:00	1.04818	1.04862	1.04812	1.04833	1709
2025-03-04 06:00:00	1.04833	1.04836	1.04789	1.0479	1339
2025-03-04 06:15:00	1.04791	1.0489	1.0479	1.0488	1446
2025-03-04 06:30:00	1.04883	1.04894	1.04831	1.04843	1291
2025-03-04 06:45:00	1.04844	1.04862	1.04812	1.04856	1204
2025-03-04 07:00:00	1.0486	1.04935	1.04857	1.04916	3167
2025-03-04 07:15:00	1.04917	1.04944	1.04809	1.04834	2762
2025-03-04 07:30:00	1.04834	1.0496	1.0481	1.0496	3339
2025-03-04 07:45:00	1.04959	1.05003	1.04902	1.04927	3630
2025-03-04 08:00:00	1.04928	1.04967	1.04861	1.04934	3971
2025-03-04 08:15:00	1.04932	1.05169	1.04904	1.05169	3246
2025-03-04 08:30:00	1.05168	1.05209	1.0511	1.05195	3981
2025-03-04 08:45:00	1.05196	1.05238	1.05181	1.05187	3512
2025-03-04 09:00:00	1.05187	1.05225	1.05147	1.05151	2740
2025-03-04 09:15:00	1.0515	1.05178	1.05093	1.05172	3001
2025-03-04 09:30:00	1.05173	1.05245	1.05155	1.05216	2860
2025-03-04 09:45:00	1.05215	1.0527	1.05111	1.05118	3294
2025-03-04 10:00:00	1.05119	1.05124	1.05049	1.05124	3075
2025-03-04 10:15:00	1.05123	1.05133	1.05024	1.05049	2519
2025-03-04 10:30:00	1.05049	1.05165	1.05042	1.05147	1712
2025-03-04 10:45:00	1.05148	1.05194	1.05105	1.05113	1347
2025-03-04 11:00:00	1.05112	1.05196	1.05096	1.05171	1357
2025-03-04 11:15:00	1.05172	1.05208	1.05101	1.0518	1343
2025-03-04 11:30:00	1.05177	1.05246	1.05166	1.05238	1799
2025-03-04 11:45:00	1.05238	1.05443	1.05231	1.05439	3352
2025-03-04 12:00:00	1.0544	1.05467	1.05358	1.05446	3375
2025-03-04 12:15:00	1.05446	1.05502	1.05417	1.05492	2729
2025-03-04 12:30:00	1.05489	1.05537	1.05421	1.05494	2355
2025-03-04 12:45:00	1.05495	1.05569	1.05459	1.05529	2370
2025-03-04 13:00:00	1.05531	1.05596	1.05499	1.0553	3316
2025-03-04 13:15:00	1.05528	1.05539	1.05375	1.05394	3956
2025-03-04 13:30:00	1.05394	1.05416	1.05305	1.05372	3356
2025-03-04 13:45:00	1.05371	1.05432	1.05347	1.05388	3378
2025-03-04 14:00:00	1.05389	1.05483	1.05363	1.05368	4318
2025-03-04 14:15:00	1.05369	1.05369	1.05225	1.05281	3427
2025-03-04 14:30:00	1.05279	1.05319	1.05217	1.05267	4340
2025-03-04 14:45:00	1.05269	1.05286	1.05204	1.05212	4439
2025-03-04 15:00:00	1.05211	1.05262	1.0515	1.05191	3983
2025-03-04 15:15:00	1.0519	1.05201	1.04962	1.05148	5468
2025-03-04 15:30:00	1.0515	1.05217	1.05085	1.05215	4238
2025-03-04 15:45:00	1.05216	1.05279	1.05191	1.05263	3533
2025-03-04 16:00:00	1.0526	1.05292	1.05151	1.05257	3924
2025-03-04 16:15:00	1.05256	1.05394	1.05248	1.05259	3226
2025-03-04 16:30:00	1.05258	1.05369	1.05237	1.05353	3912
2025-03-04 16:45:00	1.05351	1.05365	1.05292	1.05335	3164
2025-03-04 17:00:00	1.05334	1.05407	1.0532	1.05326	2982
2025-03-04 17:15:00	1.05326	1.05388	1.05306	1.05372	2763
2025-03-04 17:30:00	1.05372	1.05412	1.05304	1.05367	3965
2025-03-04 17:45:00	1.05368	1.05439	1.05364	1.05415	2283
2025-03-04 18:00:00	1.05414	1.05717	1.05376	1.05688	4865
2025-03-04 18:15:00	1.05689	1.05733	1.05599	1.05728	3928
2025-03-04 18:30:00	1.05729	1.05819	1057	1.05817	2881
2025-03-04 18:45:00	1.05816	1.05911	1.05756	1.05904	3449
2025-03-04 19:00:00	1.05903	1.05992	1.05874	1.05875	3491
2025-03-04 19:15:00	1.05876	1.05972	1.05863	1.05949	2560
2025-03-04 19:30:00	1.05949	1.05989	1.05912	1.05986	2242
2025-03-04 19:45:00	1.05987	1.06019	1.05955	1.06006	2029
2025-03-04 20:00:00	1.06005	1.06145	1.06004	1.06145	2222
2025-03-04 20:15:00	1.06144	1.06236	1.06105	1.0617	2800
2025-03-04 20:30:00	1.06169	1.0617	1.06029	1.06073	3658
2025-03-04 20:45:00	1.06076	1.06137	1.06063	1.06082	3709
2025-03-04 21:00:00	1.06085	1.06186	1.06082	1061	2345
2025-03-04 21:15:00	1.06098	1.06272	1.06083	1.06241	2955
2025-03-04 21:30:00	1.06239	1.06258	1.06172	1.06211	1315
2025-03-04 21:45:00	1.0621	1.06271	1.06199	1.06253	1998
2025-03-04 22:00:00	1.06254	1.06254	1.06195	1.06249	975
2025-03-04 22:15:00	1.06246	1.06246	1.06176	1.0618	828
2025-03-04 22:30:00	1.06179	1.06188	1.06175	1.06185	500
2025-03-04 22:45:00	1.06183	1062	1.06168	1.06191	1028
2025-03-04 23:00:00	1.06191	1.06369	1.06191	1.06352	1255
2025-03-04 23:15:00	1.06354	1.06354	1.06207	1.06257	1134
2025-03-04 23:30:00	1.06255	1.06291	1.06221	1.06249	611
2025-03-04 23:45:00	1.0625	1.06281	1.06227	1.0623	1013
2025-03-05 00:00:00	1.0623	1.06237	1.06147	1.06148	1541
2025-03-05 00:15:00	1.06146	1.06166	1.06105	1.0616	1398
2025-03-05 00:30:00	1.06159	1.06209	1.06134	1.06181	2572
2025-03-05 00:45:00	1.06181	1.06273	1.06152	1.06207	1609
2025-03-05 01:00:00	1.06209	1.06221	1.06148	1062	1752
2025-03-05 01:15:00	1062	1.06274	1.06162	1.06169	2689
2025-03-05 01:30:00	1.06173	1.06186	1.06084	1.06124	4464
2025-03-05 01:45:00	1.06123	1.06182	1.06117	1.06125	2023
2025-03-05 02:00:00	1.06126	1.0614	1.06062	1.06095	4448
2025-03-05 02:15:00	1.06095	1.06155	1.06055	1.06062	2887
2025-03-05 02:30:00	1.06064	1.06086	1.06036	1.06077	3468
2025-03-05 02:45:00	1.06076	1.06106	1.06038	1.0604	2703
2025-03-05 03:00:00	1.0604	1.06063	1.06018	1.0606	3017
2025-03-05 03:15:00	1.06061	1.06096	1.06058	1.06074	2677
2025-03-05 03:30:00	1.06076	1.06099	1.06062	1.06063	2428
2025-03-05 03:45:00	1.06063	1.06202	1.06055	1.0618	2951
2025-03-05 04:00:00	1.06181	1.06218	1.06179	1.06209	1827
2025-03-05 04:15:00	1.06208	1.06212	1.06152	1.06162	1255
2025-03-05 04:30:00	1.06161	1.06256	1.06155	1.0621	1672
2025-03-05 04:45:00	1.06209	1.0621	1.06168	1.06189	1534
2025-03-05 05:00:00	1.06188	1.06242	1.06187	1.06236	1700
2025-03-05 05:15:00	1.06238	1.06241	1.06191	1.06193	1385
2025-03-05 05:30:00	1.06192	1.06238	1.06186	1.06222	1481
2025-03-05 05:45:00	1.06224	1.06323	1.06222	1.06312	1907
2025-03-05 06:00:00	1.06313	1.06383	1.06305	1.06383	2500
2025-03-05 06:15:00	1.06383	1.06388	1.06257	1.06264	3258
2025-03-05 06:30:00	1.06265	1.06334	1.06256	1.06291	1976
2025-03-05 06:45:00	1.0629	1.06344	1.06241	1.06322	2366
2025-03-05 07:00:00	1.06321	1.06437	1.06309	1.0632	3873
2025-03-05 07:15:00	1.0632	1.06562	1.06294	1.0652	4633
2025-03-05 07:30:00	1.06523	1.06684	1.0648	1.06633	4268
2025-03-05 07:45:00	1.06632	1.06763	1.06519	1.06745	4882
2025-03-05 08:00:00	1.06743	1.06819	1.06585	1.06819	5627
2025-03-05 08:15:00	1.0682	1.06885	1.06806	1.06876	4482
2025-03-05 08:30:00	1.06877	1.06898	1.06737	1.06895	4327
2025-03-05 08:45:00	1.06896	1.06996	1.06877	1.06977	4614
2025-03-05 09:00:00	1.06981	1.07142	1.06954	1.06985	5389
2025-03-05 09:15:00	1.06987	1.07129	1.06963	1.07123	3328
2025-03-05 09:30:00	1.0712	1.0722	1.07094	1.07099	3413
2025-03-05 09:45:00	1.07098	1.0719	1.07066	1.07116	2689
2025-03-05 10:00:00	1.07115	1.0715	1.06986	1.07031	3021
2025-03-05 10:15:00	1.07031	1.07069	1.06834	1.06875	3742
2025-03-05 10:30:00	1.06875	1.06949	1.06872	1.06901	2298
2025-03-05 10:45:00	1069	1.06975	1.06896	1.06969	2180
2025-03-05 11:00:00	1.0697	1.06984	1.06828	1.06853	1942
2025-03-05 11:15:00	1.06854	1.06897	1.06764	1.06804	2656
2025-03-05 11:30:00	1.06802	1.06867	1.0677	1.06818	2389
2025-03-05 11:45:00	1.06816	1.06839	1.06764	1.06787	2418
2025-03-05 12:00:00	1.06787	1.06968	1.06784	1.06967	3740
2025-03-05 12:15:00	1.0697	1.07032	1.06924	1.07029	2123
2025-03-05 12:30:00	1.0703	1.0713	1.06998	1.07127	2218
2025-03-05 12:45:00	1.07129	1.0714	1.06937	1.06955	3106
2025-03-05 13:00:00	1.06959	1.07001	1.06867	1.06922	5463
2025-03-05 13:15:00	1.06924	1.07085	1.06919	1.07067	4499
2025-03-05 13:30:00	1.07068	1.07193	1.07041	1.07051	4282
2025-03-05 13:45:00	1.07053	1.07225	1.07053	1.07157	4326
2025-03-05 14:00:00	1.07157	1.07411	1.07137	1.07355	4860
2025-03-05 14:15:00	1.07355	1.07521	1.07214	1.07505	3961
2025-03-05 14:30:00	1.07512	1.07769	1.07483	1.07618	6557
2025-03-05 14:45:00	1.07622	1.07722	1.07566	1.07691	6442
2025-03-05 15:00:00	1.07684	1.07705	1.0742	1.07424	8387
2025-03-05 15:15:00	1.07424	1.07559	1.07408	1.0754	5972
2025-03-05 15:30:00	1.07541	1.07612	1.07481	1.07556	4726
2025-03-05 15:45:00	1.07556	1.0769	1.07532	1.07649	5713
2025-03-05 16:00:00	1.07651	1.07866	1.0761	1.07781	4856
2025-03-05 16:15:00	1.07783	1.0781	1.07696	1.07712	3517
2025-03-05 16:30:00	1.07711	1.07738	1.0763	1.07666	3599
2025-03-05 16:45:00	1.07666	1.07832	1.0762	1.07668	5029
2025-03-05 17:00:00	1.07666	1.07851	1.07622	1.07816	5274
2025-03-05 17:15:00	1.07814	1.07861	1.07722	1.0784	3911
2025-03-05 17:30:00	1.07841	1.07877	1.07799	1.07844	2932
2025-03-05 17:45:00	1.07846	1.0787	1.07795	1.07851	2949
2025-03-05 18:00:00	1.07852	1.07887	1.07648	1.07755	5631
2025-03-05 18:15:00	1.07755	1.07837	1.07723	1.0773	3656
2025-03-05 18:30:00	1.07729	1.07782	1.07654	1.07667	3078
2025-03-05 18:45:00	1.07667	1.07737	1.07637	1.07734	2669
2025-03-05 19:00:00	1.07736	1.07761	1.07697	1.07753	2592
2025-03-05 19:15:00	1.07754	1.07799	1.07727	1.07788	3116
2025-03-05 19:30:00	1.07786	1.07857	1.07786	1.0785	2612
2025-03-05 19:45:00	1.07851	1.07907	1.07839	1079	2604
2025-03-05 20:00:00	1079	1.07941	1.07876	1.07903	1702
2025-03-05 20:15:00	1.07902	1.07948	1.07886	1.07945	1408
2025-03-05 20:30:00	1.07944	1.07965	1.07927	1.0796	1009
2025-03-05 20:45:00	1.07962	1.07962	1.07908	1.0792	1343
2025-03-05 21:00:00	1.07921	1.07928	1.07854	1.07867	1369
2025-03-05 21:15:00	1.07867	1.07907	1.07856	1.07905	935
2025-03-05 21:30:00	1.07905	1.07921	1.07902	1.07906	882
2025-03-05 21:45:00	1.07906	1.07914	1.07857	1.07857	1688
2025-03-05 22:00:00	1.07854	1.07902	1.07853	1.07896	197
2025-03-05 22:15:00	1.07892	1.07911	1.07892	1.07906	108
2025-03-05 22:30:00	1.07907	1.07922	1.07889	1.07895	592
2025-03-05 22:45:00	1.07895	1.07917	1.07895	1.07901	362
2025-03-05 23:00:00	1.07904	1.07947	1.07894	1.07903	871
2025-03-05 23:15:00	1.07903	1.07926	1.07869	1.07915	643
2025-03-05 23:30:00	1.07915	1.07941	1.07878	1.07931	813
2025-03-05 23:45:00	1.07929	1.0795	1.07927	1.07941	755
2025-03-06 00:00:00	1.07942	1.07981	1.07907	1.07933	1540
2025-03-06 00:15:00	1.07933	1.07997	1.07871	1.0796	1516
2025-03-06 00:30:00	1.07959	1.0801	1.07947	1.07999	1250
2025-03-06 00:45:00	1.07998	1.08028	1.07932	1.07942	1579
2025-03-06 01:00:00	1.07942	1.07978	1.07893	1.07969	2007
2025-03-06 01:15:00	1.0797	1.08016	1.07949	1.08005	1011
2025-03-06 01:30:00	1.08007	1.08155	1.07992	1.08146	1862
2025-03-06 01:45:00	1.08146	1082	1.08134	1.08151	2375
2025-03-06 02:00:00	1.0815	1.08191	1081	1.08136	3337
2025-03-06 02:15:00	1.08137	1.08137	1.07976	1.08036	1988
2025-03-06 02:30:00	1.08035	1.08088	1.08013	1.08029	2018
2025-03-06 02:45:00	1.08028	1.08073	1.08026	1.0805	1573
2025-03-06 03:00:00	1.0805	1.08051	1.07966	1.07975	2146
2025-03-06 03:15:00	1.07973	1.07986	1.07927	1.07964	2643
2025-03-06 03:30:00	1.07962	1.0797	1.07923	1.07938	1831
2025-03-06 03:45:00	1.07941	1.07949	1.07879	1.07893	1565
2025-03-06 04:00:00	1.07894	1.07898	1.0784	1.07876	2137
2025-03-06 04:15:00	1.07878	1.07926	1.07871	1.07891	1549
2025-03-06 04:30:00	1.07891	1.07984	1.07891	1.07983	1757
2025-03-06 04:45:00	1.07982	1.0804	1.07978	1.08033	1111
2025-03-06 05:00:00	1.08035	1.08069	1.07999	1.08005	1409
2025-03-06 05:15:00	1.08005	1.08037	1.08002	1.0803	1991
2025-03-06 05:30:00	1.08028	1.08068	1.08014	1.08027	1687
2025-03-06 05:45:00	1.08025	1.08116	1.08015	1.08102	1444
2025-03-06 06:00:00	1.08102	1.0819	1.08094	1.08187	1764
2025-03-06 06:15:00	1.08188	1.08199	1.08091	1.08103	2540
2025-03-06 06:30:00	1.08102	1.08105	1.08017	1.08069	1572
2025-03-06 06:45:00	1.08071	1.08071	1.07988	1.08025	2025
2025-03-06 07:00:00	1.08024	1.08178	1.0802	1.08046	3038
2025-03-06 07:15:00	1.08046	1.08071	1.07917	1.08011	3534
2025-03-06 07:30:00	1.08013	1.08208	1.07993	1.08154	3545
2025-03-06 07:45:00	1.08153	1.08221	1.07962	1.07989	5614
2025-03-06 08:00:00	1.07989	1.08099	1.07928	1.08028	4722
2025-03-06 08:15:00	1.08028	1.0806	1.07933	1.08027	4481
2025-03-06 08:30:00	1.08026	1.08125	1.07973	1.08091	4901
2025-03-06 08:45:00	1.08093	1.08167	1.08009	1.08012	4116
2025-03-06 09:00:00	1.08009	1.08026	1.07912	1.07962	3720
2025-03-06 09:15:00	1.0796	1.07971	1.07863	1.07926	4097
2025-03-06 09:30:00	1.07923	1.07935	1.07802	1.0793	4713
2025-03-06 09:45:00	1.0793	1.08065	1.07922	1.07995	2810
2025-03-06 10:00:00	1.07996	1.08034	1.07923	1.07932	3314
2025-03-06 10:15:00	1.07932	1.07945	1.07826	1.07888	4332
2025-03-06 10:30:00	1.07889	1.08015	1.0787	1.07959	2815
2025-03-06 10:45:00	1.0796	1.07969	1.07885	1.07916	3297
2025-03-06 11:00:00	1.07916	1.07965	1.07848	1.07965	2543
2025-03-06 11:15:00	1.07964	1.07981	1.0783	1.07847	2797
2025-03-06 11:30:00	1.07849	1.08007	1.07847	1.08001	2402
2025-03-06 11:45:00	1.08002	1.08007	1.07909	1.0799	2439
2025-03-06 12:00:00	1.0799	1.08059	1.07953	1.08052	1541
2025-03-06 12:15:00	1.08052	1.08063	1.07969	1.08023	1634
2025-03-06 12:30:00	1.08024	1.08067	1.07953	1.08014	2209
2025-03-06 12:45:00	1.0801	1.08066	1.0788	1.08	2985
2025-03-06 13:00:00	1.08	1.08014	1.07918	1.07947	3648
2025-03-06 13:15:00	1.0795	1.08452	1.07905	1.08154	8483
2025-03-06 13:30:00	1.08147	1.08264	1.0805	1.08198	4572
2025-03-06 13:45:00	1.08197	1.08373	1.0816	1.08257	4731
2025-03-06 14:00:00	1.08258	1.08409	1.08111	1.08257	7216
2025-03-06 14:15:00	1.08261	1.08321	1.08164	1.08235	5822
2025-03-06 14:30:00	1.08234	1.08356	1.08147	1.08323	5374
2025-03-06 14:45:00	1.08322	1.08395	1.08228	1.08369	5278
2025-03-06 15:00:00	1.08369	1.08534	1.08358	1.08388	6563
2025-03-06 15:15:00	1.08389	1.0839	1.08231	1.08308	6562
2025-03-06 15:30:00	1.0831	1.08313	1.08199	1.08213	6393
2025-03-06 15:45:00	1.08213	1.08215	1.08112	1.0817	4701
2025-03-06 16:00:00	1.08172	1.08294	1.08159	1.08268	3701
2025-03-06 16:15:00	1.08269	1.08381	1.08218	1.08314	4144
2025-03-06 16:30:00	1.08315	1.08364	1.08212	1.08242	6212
2025-03-06 16:45:00	1.08242	1.08256	1.08153	1.08174	3311
2025-03-06 17:00:00	1.08172	1.08222	1.08064	1.08066	3579
2025-03-06 17:15:00	1.08066	1.08106	1.08005	1.08097	4015
2025-03-06 17:30:00	1.08097	1.08112	1.07971	1.07986	3346
2025-03-06 17:45:00	1.07985	1.07987	1.07913	1.07969	4161
2025-03-06 18:00:00	1.07968	1.08017	1.07941	1.07967	3127
2025-03-06 18:15:00	1.07969	1.07994	1.07864	1.07868	2936
2025-03-06 18:30:00	1.07868	1.07894	1.07655	1.07658	4080
2025-03-06 18:45:00	1.07661	1.07839	1.07655	1.07836	2938
2025-03-06 19:00:00	1.07835	1.07876	1.07825	1.07856	2196
2025-03-06 19:15:00	1.07856	1.07965	1.0783	1.07923	2303
2025-03-06 19:30:00	1.07924	1.08042	1.07904	1.08021	2103
2025-03-06 19:45:00	1.0802	1.08113	1.08013	1.08014	2570
2025-03-06 20:00:00	1.08013	1.08032	1.07989	1.08002	2339
2025-03-06 20:15:00	1.08001	1.08009	1.07956	1.07971	1957
2025-03-06 20:30:00	1.0797	1.08007	1.07853	1.07875	2331
2025-03-06 20:45:00	1.07875	1.07913	1.07857	1.07863	1694
2025-03-06 21:00:00	1.07864	1.07902	1.07829	1.07831	667
2025-03-06 21:15:00	1.0783	1.07844	1.07748	1.07792	932
2025-03-06 21:30:00	1.07794	1.0783	1.07794	1.0783	822
2025-03-06 21:45:00	1.0783	1.07855	1.07818	1.07818	1454
2025-03-06 22:00:00	1.0782	1.07857	1.07757	1.07836	709
2025-03-06 22:15:00	1.07834	1.07873	1.0779	1.07826	516
2025-03-06 22:30:00	1.0783	1.07879	1.07827	1.07869	309
2025-03-06 22:45:00	1.07872	1.07908	1.07867	1.07877	334
2025-03-06 23:00:00	1.07877	1.07937	1.07875	1.07933	736
2025-03-06 23:15:00	1.07935	1.07961	1.07927	1.07933	341
2025-03-06 23:30:00	1.07933	1.07941	1.07874	1.07895	631
2025-03-06 23:45:00	1.07894	1.07896	1.07843	1.07871	1033
2025-03-07 00:00:00	1.07872	1.07952	1.07868	1.07935	1058
2025-03-07 00:15:00	1.07935	1.07935	1.07886	1.07901	1400
2025-03-07 00:30:00	1079	1.0794	1.0788	1.07909	1181
2025-03-07 00:45:00	1.07908	1.07908	1.07875	1.07875	1077
2025-03-07 01:00:00	1.07877	1.07928	1.07857	1.07894	1696
2025-03-07 01:15:00	1.07893	1.07895	1.0781	1.07822	1851
2025-03-07 01:30:00	1.07823	1.07876	1.07814	1.07874	1830
2025-03-07 01:45:00	1.07875	1079	1.07872	1.07898	1268
2025-03-07 02:00:00	1.07901	1.07945	1.07845	1.07942	1578
2025-03-07 02:15:00	1.07942	1.07968	1.07913	1.07946	1598
2025-03-07 02:30:00	1.07946	1.07974	1.07911	1.07964	1958
2025-03-07 02:45:00	1.07964	1.07992	1.07952	1.0799	1327
2025-03-07 03:00:00	1.0799	1.08017	1.07963	1.08009	1484
2025-03-07 03:15:00	1.08008	1.08065	1.08007	1.08063	1486
2025-03-07 03:30:00	1.08064	1.08146	1.08056	1.0809	1810
2025-03-07 03:45:00	1.08087	1.08088	1.08047	1.08057	1072
2025-03-07 04:00:00	1.08055	1.08114	1.08052	1.08085	1337
2025-03-07 04:15:00	1.08084	1.08084	1.08027	1.08064	1081
2025-03-07 04:30:00	1.08064	1.08091	1.08064	1.08083	673
2025-03-07 04:45:00	1.08084	1.0813	1.08076	1.08128	1145
2025-03-07 05:00:00	1.08128	1.08146	1.08075	1.08085	1778
2025-03-07 05:15:00	1.08086	1.08106	1.08079	1.08095	623
2025-03-07 05:30:00	1.08093	1.0815	1.08093	1.08145	1653
2025-03-07 05:45:00	1.08146	1.08174	1.08115	1.08131	1608
2025-03-07 06:00:00	1.08131	1.08142	1.08079	1.08135	1671
2025-03-07 06:15:00	1.08134	1.08195	1.08134	1.08175	1900
2025-03-07 06:30:00	1.08175	1.08247	1.08164	1.08227	1550
2025-03-07 06:45:00	1.08226	1.0825	1.08222	1.08232	1179
2025-03-07 07:00:00	1.08231	1.0829	1.08198	1.08249	3375
2025-03-07 07:15:00	1.08248	1.08319	1.08238	1.08314	2183
2025-03-07 07:30:00	1.08315	1.08378	1.0827	1.08377	2265
2025-03-07 07:45:00	1.08376	1.08406	1.08286	1.08295	2621
2025-03-07 08:00:00	1.08298	1.08388	1.08259	1.08388	2887
2025-03-07 08:15:00	1.08388	1.08479	1.08367	1.08478	2697
2025-03-07 08:30:00	1.08478	1.08549	1.08463	1.08516	3010
2025-03-07 08:45:00	1.08516	1.0855	1.08438	1.08507	2700
2025-03-07 09:00:00	1.08508	1.08714	1.08445	1.08675	3428
2025-03-07 09:15:00	1.08675	1.08678	1.08577	1.08635	3014
2025-03-07 09:30:00	1.08637	1.0866	1.08573	1.08595	2338
2025-03-07 09:45:00	1.08595	1.08667	1.08582	1.0861	2183
2025-03-07 10:00:00	1.08611	1.08665	1.08571	1.08633	2504
2025-03-07 10:15:00	1.08635	1.0865	1.08598	1.08648	2150
2025-03-07 10:30:00	1.08647	1.0867	1.08608	1.08659	2207
2025-03-07 10:45:00	1.0866	1.08663	1.08575	1.08605	2189
2025-03-07 11:00:00	1.08604	1.08604	1.08451	1.08485	3333
2025-03-07 11:15:00	1.08483	1.08514	1.08453	1.08506	2157
2025-03-07 11:30:00	1.08506	1.0851	1.08448	1.08468	2129
2025-03-07 11:45:00	1.08468	1.08554	1.08444	1.08492	2915
2025-03-07 12:00:00	1.08491	1.08528	1.08409	1.08461	2634
2025-03-07 12:15:00	1.08462	1.08504	1.08413	1.08432	2107
2025-03-07 12:30:00	1.08434	1.08512	1.08426	1.08505	2452
2025-03-07 12:45:00	1.08506	1.0857	1.08457	1.08542	3555
2025-03-07 13:00:00	1.08544	1.08581	1.08493	1.08544	3268
2025-03-07 13:15:00	1.08545	1.08616	1.0852	1.08577	4587
2025-03-07 13:30:00	1.08576	1.08884	1.0843	1.08689	10113
2025-03-07 13:45:00	1.08688	1.08723	1.08447	1.08447	6247
2025-03-07 14:00:00	1.08444	1.08663	1.0844	1.08573	6331
2025-03-07 14:15:00	1.08573	1.08706	1.08551	1.08672	4816
2025-03-07 14:30:00	1.08673	1.08818	1.08664	1.08689	5188
2025-03-07 14:45:00	1.08687	1.08689	1085	1.08534	6052
2025-03-07 15:00:00	1.08534	1.0858	1.0845	1.08531	4625
2025-03-07 15:15:00	1.08531	1.08623	1.08461	1.08513	4272
2025-03-07 15:30:00	1.08512	1.0852	1.08352	1.08424	5807
2025-03-07 15:45:00	1.08425	1.08862	1.0841	1.08699	8312
2025-03-07 16:00:00	1.08699	1.08725	1.0852	1.08599	4353
2025-03-07 16:15:00	1.08603	1.08646	1.08458	1.08464	3466
2025-03-07 16:30:00	1.08462	1.08527	1.08374	1.08522	3357
2025-03-07 16:45:00	1.08522	1.08588	1.0849	1.08585	2690
2025-03-07 17:00:00	1.08583	1.08642	1.08469	1.08535	4589
2025-03-07 17:15:00	1.08533	1.08537	1.08384	1.08483	3067
2025-03-07 17:30:00	1.08484	1.08484	1.08342	1.08353	3425
2025-03-07 17:45:00	1.08353	1.08432	1.08317	1.0843	4025
2025-03-07 18:00:00	1.08428	1.0844	1.08306	1.08324	3163
2025-03-07 18:15:00	1.08325	1.08366	1.08254	1.08322	2687
2025-03-07 18:30:00	1.08323	1.08375	1.08276	1.08374	2280
2025-03-07 18:45:00	1.08374	1.0842	1.08333	1.08398	1481
2025-03-07 19:00:00	1.08397	1.08404	1.0833	1.08354	2421
2025-03-07 19:15:00	1.08355	1.08409	1.08347	1.08379	1736
2025-03-07 19:30:00	1.0838	1.08432	1.08371	1.08415	1529
2025-03-07 19:45:00	1.08415	1.0844	1.08398	1.08425	1926
2025-03-07 20:00:00	1.08424	1.08455	1.08399	1.08423	1257
2025-03-07 20:15:00	1.08423	1.08461	1.08407	1.08455	1164
2025-03-07 20:30:00	1.08456	1.0848	1.08449	1.08449	1001
2025-03-07 20:45:00	1.0845	1.08491	1.08434	1.08472	989
2025-03-07 21:00:00	1.08471	1.08511	1.0846	1.08491	544
2025-03-07 21:15:00	1.08493	1.08499	1.08396	1.08407	649
2025-03-07 21:30:00	1.08406	1.08411	1.08355	1.08355	980
2025-03-07 21:45:00	1.08354	1.08375	1.08292	1.08292	2123
2025-03-09 21:00:00	1.08312	1.08372	1.08269	1.08372	78
2025-03-09 21:15:00	1.0837	1.0837	1.0828	1.08301	138
2025-03-09 21:30:00	1.08298	1.08361	1.08288	1.0836	226
2025-03-09 21:45:00	1.0836	1.08399	1.0836	1.08388	101
2025-03-09 22:00:00	1.08388	1.08594	1.08381	1.08558	1406
2025-03-09 22:15:00	1.08559	1.08568	1.08439	1.08486	1996
2025-03-09 22:30:00	1.08486	1.08549	1.08454	1.08469	1403
2025-03-09 22:45:00	1.08468	1.08517	1.08449	1.0849	1773
2025-03-09 23:00:00	1.08491	1.08609	1.0848	1.08609	2451
2025-03-09 23:15:00	1.08609	1.08653	1.08609	1.08625	1388
2025-03-09 23:30:00	1.08623	1.08629	1.08577	1.08604	916
2025-03-09 23:45:00	1.08603	1.0864	1.08573	1086	1114
2025-03-10 00:00:00	1.08602	1.08608	1.0853	1.08557	1975
2025-03-10 00:15:00	1.08555	1.08597	1.08527	1.08555	897
2025-03-10 00:30:00	1.08557	1.08649	1.0854	1.08617	1360
2025-03-10 00:45:00	1.08617	1.08671	1.08617	1.08641	1600
2025-03-10 01:00:00	1.0864	1.08711	1.08637	1.08666	1750
2025-03-10 01:15:00	1.08666	1.08691	1.08601	1.08612	1350
2025-03-10 01:30:00	1.08611	1.08637	1.0856	1.08566	1705
2025-03-10 01:45:00	1.08567	1.08579	1.08524	1.08528	1822
2025-03-10 02:00:00	1.08526	1.08557	1.08459	1.0848	2257
2025-03-10 02:15:00	1.08479	1.08485	1.08457	1.08464	1370
2025-03-10 02:30:00	1.08467	1.08491	1.08424	1.08426	2414
2025-03-10 02:45:00	1.08428	1.08428	1.08355	1.08368	2720
2025-03-10 03:00:00	1.08368	1.08384	1.08341	1.08355	1821
2025-03-10 03:15:00	1.08354	1.0837	1.08311	1.0833	1319
2025-03-10 03:30:00	1.0833	1.08347	1.08314	1.08344	1610
2025-03-10 03:45:00	1.08345	1.0838	1.08301	1.08314	1542
2025-03-10 04:00:00	1.08313	1.08357	1.08308	1.08351	1087
2025-03-10 04:15:00	1.08353	1.08376	1.08352	1.08365	832
2025-03-10 04:30:00	1.08366	1.08366	1.08327	1.08344	1152
2025-03-10 04:45:00	1.08342	1.08351	1083	1.08306	1247
2025-03-10 05:00:00	1.08303	1.08322	1.08278	1.08311	1973
2025-03-10 05:15:00	1.0831	1.08315	1.08278	1.08299	1988
2025-03-10 05:30:00	1.08298	1.08347	1.08289	1.0834	1492
2025-03-10 05:45:00	1.08339	1.08355	1.08302	1.0835	1909
2025-03-10 06:00:00	1.08351	1.0841	1.08343	1.08397	2225
2025-03-10 06:15:00	1.08396	1.08446	1.08389	1.08423	1950
2025-03-10 06:30:00	1.08422	1.08442	1.08372	1.08405	2368
2025-03-10 06:45:00	1.08407	1.08416	1.08342	1.08367	1904
2025-03-10 07:00:00	1.08374	1.08438	1.0833	1.08368	2187
2025-03-10 07:15:00	1.08369	1.08381	1.08297	1.08334	1643
2025-03-10 07:30:00	1.08335	1.08379	1.08305	1.08379	2123
2025-03-10 07:45:00	1.08381	1.08389	1.08107	1.08224	3774
2025-03-10 08:00:00	1.08227	1.08241	1.08087	1.08107	5065
2025-03-10 08:15:00	1.08112	1.08196	1081	1.08184	4186
2025-03-10 08:30:00	1.08184	1.0822	1.08148	1.08176	3563
2025-03-10 08:45:00	1.08176	1.08189	1.08051	1.08099	3214
2025-03-10 09:00:00	1.08099	1.08164	1.08085	1.08163	3445
2025-03-10 09:15:00	1.08164	1.08463	1.08162	1.08401	4218
2025-03-10 09:30:00	1084	1.0848	1.08394	1.08419	3548
2025-03-10 09:45:00	1.08421	1.08566	1.08409	1.0851	3531
2025-03-10 10:00:00	1.08517	1.08607	1.08504	1.08598	3531
2025-03-10 10:15:00	1.08598	1.08744	1.08533	1.08668	3828
2025-03-10 10:30:00	1.08668	1.08705	1.08584	1.08594	3387
2025-03-10 10:45:00	1.08597	1.08643	1.08566	1.08609	2801
2025-03-10 11:00:00	1.08609	1.08643	1.08122	1.0842	8100
2025-03-10 11:15:00	1.08418	1.08565	1.08397	1.08512	4886
2025-03-10 11:30:00	1.08512	1.08525	1.08447	1.08501	3467
2025-03-10 11:45:00	1.08501	1.08605	1.08494	1.08505	2650
2025-03-10 12:00:00	1.08505	1.08546	1.0845	1.0849	2396
2025-03-10 12:15:00	1.0849	1.08558	1.08451	1.08549	2460
2025-03-10 12:30:00	1.0855	1.08599	1.08486	1.08539	3697
2025-03-10 12:45:00	1.0854	1.08543	1.08418	1.08437	3614
2025-03-10 13:00:00	1.08438	1.08507	1.08386	1.08466	3455
2025-03-10 13:15:00	1.08465	1.08496	1.08406	1.08447	2656
2025-03-10 13:30:00	1.08446	1.08457	1.08398	1.08414	2819
2025-03-10 13:45:00	1.08415	1.08416	1.08332	1.08349	2693
2025-03-10 14:00:00	1.08349	1.08466	1.08313	1.08386	3647
2025-03-10 14:15:00	1.08386	1.08437	1.08335	1.08374	3439
2025-03-10 14:30:00	1.08374	1.08431	1.08315	1.08413	3645
2025-03-10 14:45:00	1.08414	1.08454	1.08379	1.0845	3445
2025-03-10 15:00:00	1.08451	1.08477	1.0831	1.08345	3656
2025-03-10 15:15:00	1.08346	1.08405	1.08278	1.08397	3823
2025-03-10 15:30:00	1.08397	1.08407	1.08219	1.08237	3614
2025-03-10 15:45:00	1.08236	1.08377	1.08206	1.08369	4118
2025-03-10 16:00:00	1.08368	1.08392	1.08333	1.08384	3599
2025-03-10 16:15:00	1.08384	1.08413	1.08336	1.08348	2609
2025-03-10 16:30:00	1.08351	1.08416	1.08324	1.08332	2698
2025-03-10 16:45:00	1.08331	1.08332	1.08278	1.08302	2347
2025-03-10 17:00:00	1.08301	1.08364	1.08256	1.0835	2270
2025-03-10 17:15:00	1.08352	1.08391	1.08332	1.08364	2500
2025-03-10 17:30:00	1.08365	1.08434	1.08347	1084	2005
2025-03-10 17:45:00	1.08399	1.08456	1.08287	1.08297	2251
2025-03-10 18:00:00	1.08295	1.08352	1.08231	1.0825	2652
2025-03-10 18:15:00	1.0825	1.08254	1.08183	1.08188	1887
2025-03-10 18:30:00	1.08189	1.08254	1.08175	1.08247	1456
2025-03-10 18:45:00	1.08248	1.08305	1.08243	1.08296	2103
2025-03-10 19:00:00	1.08296	1.08296	1.08175	1.08216	2354
2025-03-10 19:15:00	1.08218	1.08301	1.08208	1.0827	1596
2025-03-10 19:30:00	1.08269	1.08277	1.08188	1.08254	1526
2025-03-10 19:45:00	1.08253	1.08326	1.08228	1.08315	1844
2025-03-10 20:00:00	1.08316	1.08351	1.08299	1.08305	892
2025-03-10 20:15:00	1.08305	1.08332	1.08264	1.08268	504
2025-03-10 20:30:00	1.08267	1.08296	1.08254	1.08296	526
2025-03-10 20:45:00	1.08297	1.08362	1.08293	1.08324	1480
2025-03-10 21:00:00	1.0832	1.08321	1.08293	1.08309	193
2025-03-10 21:15:00	1.0831	1.08326	1.0831	1.08317	119
2025-03-10 21:30:00	1.08313	1.08345	1.08313	1.08344	238
2025-03-10 21:45:00	1.08345	1.08359	1.08341	1.08342	440
2025-03-10 22:00:00	1.08341	1.08375	1.08336	1.08372	351
2025-03-10 22:15:00	1.08372	1.08413	1.08367	1.0837	659
2025-03-10 22:30:00	1.08371	1.08381	1.08366	1.08372	530
2025-03-10 22:45:00	1.08376	1.08378	1.08329	1.08344	698
2025-03-10 23:00:00	1.08349	1.08432	1.08347	1.08422	916
2025-03-10 23:15:00	1.08423	1.08428	1.08385	1.0842	532
2025-03-10 23:30:00	1.08424	1.08432	1.08393	1.08414	472
2025-03-10 23:45:00	1.08416	1.08421	1.0838	1.0839	603
2025-03-11 00:00:00	1.0839	1.08484	1.08389	1.08438	1322
2025-03-11 00:15:00	1.0844	1.08461	1.08423	1.08458	871
2025-03-11 00:30:00	1.08457	1.08486	1.08417	1.08461	1291
2025-03-11 00:45:00	1.08463	1.08533	1.08437	1.08513	1513
2025-03-11 01:00:00	1.08515	1.08527	1.08447	1.08485	1251
2025-03-11 01:15:00	1.08487	1.08502	1.08457	1.08476	1659
2025-03-11 01:30:00	1.08475	1.08544	1.08435	1.08536	2841
2025-03-11 01:45:00	1.08536	1.08584	1.08525	1.08579	1618
2025-03-11 02:00:00	1.08579	1.08604	1.08557	1.08592	2332
2025-03-11 02:15:00	1.08593	1.08595	1.08549	1.08555	2536
2025-03-11 02:30:00	1.08556	1.08558	1.08519	1.08521	2159
2025-03-11 02:45:00	1.08522	1.08581	1085	1.08558	1452
2025-03-11 03:00:00	1.08559	1.08596	1.08554	1.08568	1630
2025-03-11 03:15:00	1.08567	1.08569	1.08495	1085	1928
2025-03-11 03:30:00	1085	1.08537	1.08489	1.08534	1194
2025-03-11 03:45:00	1.08534	1.08547	1.08487	1.08542	1242
2025-03-11 04:00:00	1.0854	1.08556	1.08503	1.08553	1009
2025-03-11 04:15:00	1.08555	1.08567	1.08525	1.08561	1122
2025-03-11 04:30:00	1.08561	1.08615	1.08555	1.08559	1018
2025-03-11 04:45:00	1.08559	1.08568	1.08526	1.08543	742
2025-03-11 05:00:00	1.08543	1.08554	1.08454	1.08474	1171
2025-03-11 05:15:00	1.08474	1.0848	1.08417	1.08448	1181
2025-03-11 05:30:00	1.08449	1.08479	1.08376	1.08379	1046
2025-03-11 05:45:00	1.08379	1.08405	1.08354	1.08381	1224
2025-03-11 06:00:00	1.08383	1.08406	1.08364	1.08394	1562
2025-03-11 06:15:00	1.08393	1.08687	1.08363	1.08613	3268
2025-03-11 06:30:00	1.08614	1.08758	1.08614	1.0866	2335
2025-03-11 06:45:00	1.0866	1.08668	1.08541	1.08563	2946
2025-03-11 07:00:00	1.08562	1.08729	1.08551	1.0872	2707
2025-03-11 07:15:00	1.08717	1.08812	1.08693	1.08755	3554
2025-03-11 07:30:00	1.08754	1.08994	1.08722	1.08961	2749
2025-03-11 07:45:00	1.0896	1.09014	1.08898	1.08906	4108
2025-03-11 08:00:00	1.08906	1.08979	1.08846	1.08974	3312
2025-03-11 08:15:00	1.08974	1.0905	1.08946	1.09027	3438
2025-03-11 08:30:00	1.09027	1.09028	1.08941	1.08994	3793
2025-03-11 08:45:00	1.08995	1.09191	1.08992	1.0917	3434
2025-03-11 09:00:00	1.09167	1.09207	1.0908	1.0909	2801
2025-03-11 09:15:00	1.09089	1.09094	1.09012	1.09048	2653
2025-03-11 09:30:00	1.09047	1.09079	1.08959	1.09018	2244
2025-03-11 09:45:00	1.09019	1.09195	1.09004	1.09082	2800
2025-03-11 10:00:00	1.09083	1.09083	1.0889	1.08952	3543
2025-03-11 10:15:00	1.08949	1.0897	1.08843	1.08895	1806
2025-03-11 10:30:00	1.08893	1.08927	1.08821	1.08875	2422
2025-03-11 10:45:00	1.08874	1.08979	1.08872	1.08905	2049
2025-03-11 11:00:00	1.08903	1.08905	1.0881	1.0886	2566
2025-03-11 11:15:00	1.08859	1.0896	1.08852	1.08954	1353
2025-03-11 11:30:00	1.08955	1.08982	1.0893	1.08975	1608
2025-03-11 11:45:00	1.08974	1.09047	1.08933	1.09044	1434
2025-03-11 12:00:00	1.09044	1.09139	1.0902	1.0909	3212
2025-03-11 12:15:00	1.0909	1.09094	1.09033	1.09075	2562
2025-03-11 12:30:00	1.09074	1.09174	1.09059	1.09155	2284
2025-03-11 12:45:00	1.09155	1.09203	1.09147	1.09178	3011
2025-03-11 13:00:00	1.09179	1.09198	1.09112	1.09168	4114
2025-03-11 13:15:00	1.09171	1.09234	1.09131	1.09231	2941
2025-03-11 13:30:00	1.09232	1.09294	1.09199	1.09286	3665
2025-03-11 13:45:00	1.09285	1.09306	1.09173	1.09197	3767
2025-03-11 14:00:00	1.09195	1.09202	1.09001	1.09108	7088
2025-03-11 14:15:00	1.09108	1.09159	1.08949	1.09002	4561
2025-03-11 14:30:00	1.09001	1.09103	1.09001	1.09092	3146
2025-03-11 14:45:00	1.09093	1.09195	1.09088	1.0919	3216
2025-03-11 15:00:00	1.0919	1.09225	1.09121	1.09178	3020
2025-03-11 15:15:00	1.09181	1.09214	1.09141	1.09172	3295
2025-03-11 15:30:00	1.0917	1.09226	1.09151	1.09222	2553
2025-03-11 15:45:00	1.0922	1.09285	1.0917	1.0927	3959
2025-03-11 16:00:00	1.09269	1.09274	1.09177	1.09237	3096
2025-03-11 16:15:00	1.09235	1.09295	1.09222	1.09224	2010
2025-03-11 16:30:00	1.09225	1.09273	1092	1.09253	1865
2025-03-11 16:45:00	1.09252	1.09281	1.09225	1.09249	1873
2025-03-11 17:00:00	1.0925	1.09316	1.09237	1.09302	1483
2025-03-11 17:15:00	1.09301	1.09306	1.09261	1.09288	1551
2025-03-11 17:30:00	1.09288	1.09327	1.09264	1.09265	1824
2025-03-11 17:45:00	1.09267	1.0935	1.09266	1.09341	1728
2025-03-11 18:00:00	1.09343	1.09456	1.09323	1.09439	3147
2025-03-11 18:15:00	1.09439	1.09471	1.09406	1.09411	2400
2025-03-11 18:30:00	1.09412	1.09428	1.09362	1.09413	2462
2025-03-11 18:45:00	1.09415	1.09427	1.09251	1.09306	3564
2025-03-11 19:00:00	1.09305	1.09338	1.09277	1.0929	2367
2025-03-11 19:15:00	1.09288	1.09318	1.09265	1.09273	1548
2025-03-11 19:30:00	1.09275	1.09318	1.09273	1.09279	1468
2025-03-11 19:45:00	1.09277	1.09291	1.09195	1.09196	1831
2025-03-11 20:00:00	1.09199	1.09207	1.09143	1.09149	686
2025-03-11 20:15:00	1.09151	1.09168	1.09119	1.09119	512
2025-03-11 20:30:00	1.09121	1.09176	1.09098	1.09174	680
2025-03-11 20:45:00	1.09174	1.09193	1.09157	1.09181	1463
2025-03-11 21:00:00	1.09174	1.09209	1.09143	1.09149	629
2025-03-11 21:15:00	1.09158	1.09161	1.09068	1.09109	600
2025-03-11 21:30:00	1.09111	1.09142	1.09111	1.09135	645
2025-03-11 21:45:00	1.09135	1.09142	1.09102	1.0911	756
2025-03-11 22:00:00	1.0911	1.09185	1.09104	1.09171	707
2025-03-11 22:15:00	1.09171	1.09172	1.09141	1.09149	860
2025-03-11 22:30:00	1.09152	1.09154	1.09132	1.09133	131
2025-03-11 22:45:00	1.09132	1.09162	1.09132	1.09155	180
2025-03-11 23:00:00	1.09154	1.09173	1.09138	1.09169	221
2025-03-11 23:15:00	1.09166	1.09166	1.09129	1.09161	541
2025-03-11 23:30:00	1.0916	1.09169	1.09142	1.09151	412
2025-03-11 23:45:00	1.09153	1.0916	1.09131	1.09136	227
2025-03-12 00:00:00	1.09137	1.09157	1.09118	1.09122	857
2025-03-12 00:15:00	1.0912	1.09145	1.09113	1.09123	1042
2025-03-12 00:30:00	1.09124	1.09124	1.09072	1.09083	1307
2025-03-12 00:45:00	1.09082	1.09094	1.09054	1.09088	1162
2025-03-12 01:00:00	1.09088	1.09111	1.09058	1.09066	1173
2025-03-12 01:15:00	1.09067	1.09125	1.09063	1.09113	1450
2025-03-12 01:30:00	1.09113	1.09151	1.0909	1.09097	2020
2025-03-12 01:45:00	1.09098	1.09105	1.09059	1.09062	2010
2025-03-12 02:00:00	1.09062	1.0911	1.09055	1.09102	3677
2025-03-12 02:15:00	1.09101	1.09114	1.09054	1.0906	2568
2025-03-12 02:30:00	1.0906	1.09079	1.09049	1.09057	1093
2025-03-12 02:45:00	1.09058	1.09071	1.09033	1.09035	626
2025-03-12 03:00:00	1.09035	1.09046	1.09016	1.09018	1670
2025-03-12 03:15:00	1.09022	1.0903	1.08968	1.08996	1030
2025-03-12 03:30:00	1.08996	1.08996	1.08967	1.08971	809
2025-03-12 03:45:00	1.08971	1.08979	1.08959	1.0897	1488
2025-03-12 04:00:00	1.0897	1.08983	1.08957	1.08973	1910
2025-03-12 04:15:00	1.08972	1.09025	1.08965	1.09015	854
2025-03-12 04:30:00	1.09014	1.09023	1.08975	1.09002	988
2025-03-12 04:45:00	1.09002	1.09025	1.08975	1.08988	1365
2025-03-12 05:00:00	1.08987	1.08989	1.08949	1.08969	1068
2025-03-12 05:15:00	1.08969	1.0898	1.08953	1.08961	957
2025-03-12 05:30:00	1.08962	1.09018	1.08962	1.09012	1531
2025-03-12 05:45:00	1.09012	1.09041	1.09	1.09034	1871
2025-03-12 06:00:00	1.09033	1.09086	1.09023	1.09055	1936
2025-03-12 06:15:00	1.09055	1.09061	1.09015	1.09034	1839
2025-03-12 06:30:00	1.09035	1.09044	1.09004	1.09013	1366
2025-03-12 06:45:00	1.09015	1.09023	1.08917	1.08921	2200
2025-03-12 07:00:00	1.08919	1.08964	1.08872	1.08954	3702
2025-03-12 07:15:00	1.08954	1.08978	1.08893	1.08945	2423
2025-03-12 07:30:00	1.08947	1.0902	1.08921	1.08994	2488
2025-03-12 07:45:00	1.08995	1.0903	1.08912	1.09013	2674
2025-03-12 08:00:00	1.09012	1.09076	1.08975	1.09049	3393
2025-03-12 08:15:00	1.09049	1.09128	1.09048	1.0909	2640
2025-03-12 08:30:00	1.09088	1.09183	1.09069	1.09156	2971
2025-03-12 08:45:00	1.09154	1.09216	1.09059	1.09212	4790
2025-03-12 09:00:00	1.09214	1.09251	1.09148	1.09192	3552
2025-03-12 09:15:00	1.09189	1.09247	1.0917	1.09215	2504
2025-03-12 09:30:00	1.09214	1.09263	1.09177	1.09192	2416
2025-03-12 09:45:00	1.09195	1.09209	1.09132	1.09142	2302
2025-03-12 10:00:00	1.09142	1.09208	1.09115	1.09195	2766
2025-03-12 10:15:00	1.09192	1.09192	1.0912	1.0914	1798
2025-03-12 10:30:00	1.0914	1.09153	1.09044	1.09092	2605
2025-03-12 10:45:00	1.09092	1.09095	1.09046	1.0906	1636
2025-03-12 11:00:00	1.0906	1.09119	1.09053	1.09101	2213
2025-03-12 11:15:00	1091	1.09128	1.09084	1.09116	1968
2025-03-12 11:30:00	1.09115	1.09126	1.09012	1.09047	2552
2025-03-12 11:45:00	1.09046	1.09057	1.08992	1.09007	3093
2025-03-12 12:00:00	1.09007	1.09013	1.08923	1.08943	2392
2025-03-12 12:15:00	1.08942	1.0898	1.08882	1.08922	3989
2025-03-12 12:30:00	1.08922	1.09314	1.08779	1.08912	9462
2025-03-12 12:45:00	1.08911	1.0903	1.08761	1.0878	5879
2025-03-12 13:00:00	1.0878	1.08945	1.0877	1.08929	5102
2025-03-12 13:15:00	1.0893	1.08962	1.08833	1.08914	3669
2025-03-12 13:30:00	1.08915	1.08933	1.08795	1.08852	3693
2025-03-12 13:45:00	1.08853	1.08946	1.08755	1.08819	5270
2025-03-12 14:00:00	1.08819	1.08911	1.08809	1.08855	4105
2025-03-12 14:15:00	1.08855	1.08945	1.08849	1.08918	2638
2025-03-12 14:30:00	1.08919	1.09024	1.08886	1.09024	3347
2025-03-12 14:45:00	1.09024	1.09134	1.08998	1.09128	2893
2025-03-12 15:00:00	1.09127	1.09186	1.09098	1.09145	3388
2025-03-12 15:15:00	1.09145	1.09222	1.09108	1.09188	2945
2025-03-12 15:30:00	1.09188	1.09231	1.09114	1.09123	3231
2025-03-12 15:45:00	1.09124	1.09241	1.09114	1.09241	3538
2025-03-12 16:00:00	1.09242	1.09258	1.09169	1.09252	3185
2025-03-12 16:15:00	1.09255	1.09277	1.09135	1.09153	3145
2025-03-12 16:30:00	1.09153	1.09161	1.09099	1.09115	2649
2025-03-12 16:45:00	1.09115	1.09116	1.09055	1.09055	2720
2025-03-12 17:00:00	1.09055	1.09091	1.09031	1.09083	2269
2025-03-12 17:15:00	1.09083	1.09129	1.09054	1.09125	2396
2025-03-12 17:30:00	1.09124	1.0914	1.09042	1.09075	2373
2025-03-12 17:45:00	1.09075	1.09097	1.09053	1.09066	1836
2025-03-12 18:00:00	1.09067	1.09094	1.0903	1.09052	1300
2025-03-12 18:15:00	1.09053	1.09054	1.08965	1.08967	1489
2025-03-12 18:30:00	1.08964	1.08965	1.08795	1.08836	1725
2025-03-12 18:45:00	1.08836	1.08863	1.08804	1.08844	1450
2025-03-12 19:00:00	1.08846	1.08906	1.08829	1.08883	2213
2025-03-12 19:15:00	1.08881	1.08958	1.08861	1.08939	1495
2025-03-12 19:30:00	1.0894	1.0896	1.08881	1.08923	1095
2025-03-12 19:45:00	1.08922	1.08975	1089	1089	1081
2025-03-12 20:00:00	1.08901	1.08934	1.08877	1.0888	1093
2025-03-12 20:15:00	1.0888	1.08917	1.08869	1.08906	994
2025-03-12 20:30:00	1.08906	1.08907	1.08874	1.08879	309
2025-03-12 20:45:00	1.08878	1.08895	1.0886	1.08874	1096
2025-03-12 21:00:00	1.08868	1.08899	1.08868	1.0887	307
2025-03-12 21:15:00	1.0887	1.08879	1.08858	1.08861	187
2025-03-12 21:30:00	1.08863	1.08879	1.08853	1.08869	170
2025-03-12 21:45:00	1.08869	1.08873	1.08859	1.08859	226
2025-03-12 22:00:00	1.08858	1.08897	1.08846	1.0888	251
2025-03-12 22:15:00	1.0888	1.08886	1.08873	1.0888	294
2025-03-12 22:30:00	1.08881	1.08897	1.0888	1.08887	121
2025-03-12 22:45:00	1.08888	1.08894	1.08875	1.08889	275
2025-03-12 23:00:00	1.08889	1.08897	1.08865	1.08866	511
2025-03-12 23:15:00	1.08867	1.08877	1.08847	1.08847	508
2025-03-12 23:30:00	1.08848	1.08859	1.08842	1.08844	302
2025-03-12 23:45:00	1.08845	1.08866	1.08831	1.08852	545
2025-03-13 00:00:00	1.08852	1.08865	1.08825	1.08835	1071
2025-03-13 00:15:00	1.08835	1.08863	1.08823	1.0885	901
2025-03-13 00:30:00	1.08848	1.08865	1.08843	1.08865	541
2025-03-13 00:45:00	1.08865	1.08916	1.0886	1.08913	1221
2025-03-13 01:00:00	1.08914	1.08929	1.08879	1.08894	1858
2025-03-13 01:15:00	1.08893	1.08907	1.08863	1.0889	1421
2025-03-13 01:30:00	1.08891	1.0891	1.08869	1.08879	1720
2025-03-13 01:45:00	1.08879	1.08915	1.08862	1.08889	1687
2025-03-13 02:00:00	1.08888	1.08959	1.08886	1.08958	1244
2025-03-13 02:15:00	1.08959	1.08968	1.08932	1.08939	893
2025-03-13 02:30:00	1.08939	1.08964	1.08922	1.0895	1462
2025-03-13 02:45:00	1.08948	1.0897	1.08944	1.08951	1973
2025-03-13 03:00:00	1.08953	1.08955	1.08885	1.08886	1198
2025-03-13 03:15:00	1.08886	1.08924	1.08884	1.08904	1179
2025-03-13 03:30:00	1.08902	1.08905	1.08857	1.08867	895
2025-03-13 03:45:00	1.08868	1.08872	1.08848	1.08849	759
2025-03-13 04:00:00	1.08848	1.08859	1.08816	1.08852	1291
2025-03-13 04:15:00	1.08852	1.08897	1.08851	1.08893	1148
2025-03-13 04:30:00	1.08894	1.08896	1.08873	1.0888	1365
2025-03-13 04:45:00	1.08881	1.08933	1.08877	1.08933	757
2025-03-13 05:00:00	1.08933	1.08933	1.08881	1.08888	922
2025-03-13 05:15:00	1.08886	1.08888	1.08801	1.08819	1081
2025-03-13 05:30:00	1.08819	1.08837	1.08799	1.08803	1180
2025-03-13 05:45:00	1.08803	1.08852	1.0879	1.0885	1685
2025-03-13 06:00:00	1.08851	1.08854	1.08778	1.08779	2206
2025-03-13 06:15:00	1.08778	1.08824	1.08766	1.08787	1597
2025-03-13 06:30:00	1.08785	1.08825	1.08694	1.08714	1686
2025-03-13 06:45:00	1.08713	1.08786	1.08713	1.08745	1663
2025-03-13 07:00:00	1.08743	1.08826	1.08735	1.08816	2709
2025-03-13 07:15:00	1.08814	1.0885	1.08742	1.08753	2393
2025-03-13 07:30:00	1.08753	1.08764	1.08596	1.08616	3557
2025-03-13 07:45:00	1.08617	1.08677	1086	1.08652	2642
2025-03-13 08:00:00	1.08654	1.08783	1.08653	1.08763	3535
2025-03-13 08:15:00	1.08764	1.0883	1.08591	1.08829	4338
2025-03-13 08:30:00	1.08829	1.08837	1.08765	1.08799	3408
2025-03-13 08:45:00	1.08799	1.08821	1.08729	1.08731	2993
2025-03-13 09:00:00	1.08731	1.08786	1.08719	1.08773	2242
2025-03-13 09:15:00	1.08772	1.08851	1.08757	1.0884	2328
2025-03-13 09:30:00	1.0884	1.08852	1.08729	1.0873	1883
2025-03-13 09:45:00	1.08729	1.08805	1.08685	1.08792	2019
2025-03-13 10:00:00	1.08793	1.08827	1.08724	1.0874	2386
2025-03-13 10:15:00	1.08739	1.08763	1.08691	1.08717	1731
2025-03-13 10:30:00	1.08719	1.0873	1.0868	1087	1469
2025-03-13 10:45:00	1.08701	1.08712	1.08621	1.08698	2301
2025-03-13 11:00:00	1087	1.08704	1.08647	1.08664	2027
2025-03-13 11:15:00	1.08665	1.08749	1.08603	1.08679	3094
2025-03-13 11:30:00	1.08678	1.08706	1.0864	1.08648	2205
2025-03-13 11:45:00	1.08649	1.0868	1.08451	1.0856	3899
2025-03-13 12:00:00	1.08559	1.08577	1.08445	1.08567	4442
2025-03-13 12:15:00	1.08566	1.08639	1.08533	1.08618	2798
2025-03-13 12:30:00	1.08615	1.08773	1.08369	1.08387	6086
2025-03-13 12:45:00	1.08388	1.08407	1.08259	1.08344	3775
2025-03-13 13:00:00	1.08346	1.08392	1.08227	1.08227	3215
2025-03-13 13:15:00	1.0823	1.0837	1.08222	1.08351	2867
2025-03-13 13:30:00	1.08352	1.08446	1.08338	1.08427	2328
2025-03-13 13:45:00	1.08428	1.0853	1.08428	1.08473	2909
2025-03-13 14:00:00	1.08471	1.08647	1.08459	1.08613	3646
2025-03-13 14:15:00	1.08615	1.0867	1.08552	1.0861	3131
2025-03-13 14:30:00	1.08611	1.08615	1.08513	1.08593	2364
2025-03-13 14:45:00	1.08591	1.08696	1.08569	1.08649	2473
2025-03-13 15:00:00	1.08649	1.08652	1.08594	1.08629	2001
2025-03-13 15:15:00	1.08629	1.08652	1.08564	1.08569	2777
2025-03-13 15:30:00	1.08567	1.0863	1.08539	1.08612	3741
2025-03-13 15:45:00	1.08611	1.08714	1.08556	1.08585	4709
2025-03-13 16:00:00	1.08584	1.08595	1.0855	1.08588	2997
2025-03-13 16:15:00	1.0859	1.08654	1.08581	1.08628	2212
2025-03-13 16:30:00	1.08628	1.08781	1.08611	1.08728	2365
2025-03-13 16:45:00	1.08729	1.08751	1.08646	1.08724	2479
2025-03-13 17:00:00	1.08724	1.08733	1.0862	1.08631	2069
2025-03-13 17:15:00	1.08634	1.08643	1.08547	1.0859	2201
2025-03-13 17:30:00	1.0859	1.08663	1.08589	1.08636	2402
2025-03-13 17:45:00	1.08637	1.08647	1.08542	1.08545	1992
2025-03-13 18:00:00	1.08545	1.08578	1.08529	1.08559	1842
2025-03-13 18:15:00	1.0856	1.08568	1.0853	1.08558	1042
2025-03-13 18:30:00	1.08557	1.08569	1.08518	1.08538	1313
2025-03-13 18:45:00	1.08536	1.08557	1.08519	1.08536	1649
2025-03-13 19:00:00	1.08536	1.08567	1.08528	1.08554	1030
2025-03-13 19:15:00	1.08556	1.08562	1.08479	1.0852	1017
2025-03-13 19:30:00	1.08521	1.08541	1.08475	1.08522	1373
2025-03-13 19:45:00	1.08522	1.08542	1.08481	1.08482	1611
2025-03-13 20:00:00	1.08482	1.08522	1.08472	1.0852	735
2025-03-13 20:15:00	1.0852	1.08521	1.08462	1.08478	412
2025-03-13 20:30:00	1.08478	1.08525	1.08475	1.08525	388
2025-03-13 20:45:00	1.08524	1.08556	1.08505	1.08507	1528
2025-03-13 21:00:00	1.08506	1.08548	1.0844	1.08456	812
2025-03-13 21:15:00	1.08457	1.08515	1.08444	1.08512	537
2025-03-13 21:30:00	1.08514	1.08521	1.08507	1.08513	293
2025-03-13 21:45:00	1.08512	1.08516	1.08511	1.08514	211
2025-03-13 22:00:00	1.08514	1.08552	1.08513	1.08529	445
2025-03-13 22:15:00	1.08532	1.08552	1.0851	1.08521	325
2025-03-13 22:30:00	1.08521	1.08541	1.08508	1.08531	338
2025-03-13 22:45:00	1.08531	1.08532	1.08514	1.08521	295
2025-03-13 23:00:00	1.08522	1.08522	1.08499	1.08513	626
2025-03-13 23:15:00	1.08513	1.08531	1.08511	1.08522	245
2025-03-13 23:30:00	1.08522	1.08535	1.08505	1.08535	201
2025-03-13 23:45:00	1.08535	1.0855	1.08527	1.08548	264
2025-03-14 00:00:00	1.08543	1.08583	1.0853	1.0855	778
2025-03-14 00:15:00	1.08549	1.08578	1.08482	1.08496	937
2025-03-14 00:30:00	1.08493	1.08548	1.08491	1.08546	612
2025-03-14 00:45:00	1.08546	1.08556	1.08488	1.08489	1003
2025-03-14 01:00:00	1.08489	1.08493	1.08436	1.0845	1200
2025-03-14 01:15:00	1.08449	1.08455	1.08413	1.08427	2496
2025-03-14 01:30:00	1.08428	1.08469	1.0841	1.08465	2141
2025-03-14 01:45:00	1.08464	1.08486	1.08403	1.08407	2078
2025-03-14 02:00:00	1.08407	1.08428	1.08399	1.08409	1879
2025-03-14 02:15:00	1.08409	1.08414	1.08343	1.08352	2687
2025-03-14 02:30:00	1.08355	1.08368	1.08341	1.08352	912
2025-03-14 02:45:00	1.0835	1.08401	1.08348	1.08401	1338
2025-03-14 03:00:00	1.08402	1.08411	1.08384	1.08384	1525
2025-03-14 03:15:00	1.08385	1.08431	1.08374	1.08415	1466
2025-03-14 03:30:00	1.08415	1.08456	1.08414	1.08441	1833
2025-03-14 03:45:00	1.0844	1.08456	1.08421	1.08454	1688
2025-03-14 04:00:00	1.08452	1.08461	1.08424	1.08439	1449
2025-03-14 04:15:00	1.08439	1.0845	1.08422	1.08427	1156
2025-03-14 04:30:00	1.08426	1.0844	1.08374	1.08374	2079
2025-03-14 04:45:00	1.08374	1.08412	1.08374	1.08407	1640
2025-03-14 05:00:00	1.08408	1.08461	1.08406	1.0844	2359
2025-03-14 05:15:00	1.08444	1.0845	1.08415	1.08431	1238
2025-03-14 05:30:00	1.08432	1.08448	1.08414	1.08434	1517
2025-03-14 05:45:00	1.08434	1.08513	1.08434	1.08506	1680
2025-03-14 06:00:00	1.08506	1.08506	1.08458	1.08463	2000
2025-03-14 06:15:00	1.08464	1.08472	1.08366	1.0837	2393
2025-03-14 06:30:00	1.08372	1.0842	1.08349	1.08413	2115
2025-03-14 06:45:00	1.08414	1.08414	1.08348	1.0838	1551
2025-03-14 07:00:00	1.0838	1.08457	1.08327	1.08451	2381
2025-03-14 07:15:00	1.08451	1.0847	1.08396	1.08439	2267
2025-03-14 07:30:00	1.08439	1.08439	1.08305	1.08307	2329
2025-03-14 07:45:00	1.08312	1.0841	1.08304	1.08388	1926
2025-03-14 08:00:00	1.0839	1.08496	1.08351	1.08475	2864
2025-03-14 08:15:00	1.08476	1.08552	1.08457	1.08547	2458
2025-03-14 08:30:00	1.08549	1.08567	1.08491	1085	2158
2025-03-14 08:45:00	1085	1.08546	1.08465	1.08537	1591
2025-03-14 09:00:00	1.08537	1.0855	1.08482	1.08516	1456
2025-03-14 09:15:00	1.08516	1.08517	1.08468	1.08505	1698
2025-03-14 09:30:00	1.08506	1.0862	1.08503	1.08576	1772
2025-03-14 09:45:00	1.08577	1.08599	1.08493	1.0852	1746
2025-03-14 10:00:00	1.08519	1.0867	1.08514	1.08617	2145
2025-03-14 10:15:00	1.08616	1.0875	1.0859	1.08711	2187
2025-03-14 10:30:00	1.0871	1.08907	1.08657	1.08898	4246
2025-03-14 10:45:00	1.08899	1.09125	1.08876	1.08948	7995
2025-03-14 11:00:00	1.08947	1.09023	1.08872	1.08939	4732
2025-03-14 11:15:00	1.08939	1.09019	1.08891	1.08982	3300
2025-03-14 11:30:00	1.08983	1.09092	1.08971	1.08972	2534
2025-03-14 11:45:00	1.08972	1.09062	1.08919	1.08964	3066
2025-03-14 12:00:00	1.08963	1.09091	1.08963	1.09049	2758
2025-03-14 12:15:00	1.09049	1.09112	1.09016	1.09085	2234
2025-03-14 12:30:00	1.09087	1.09099	1.08986	1.08988	2204
2025-03-14 12:45:00	1.08988	1.09037	1.08898	1.08945	2576
2025-03-14 13:00:00	1.08948	1.08957	1.08871	1.0894	2596
2025-03-14 13:15:00	1.0894	1.0895	1.08893	1.08934	1297
2025-03-14 13:30:00	1.08934	1.08979	1.08901	1.08912	3145
2025-03-14 13:45:00	1.08914	1.08919	1.08699	1.08737	3610
2025-03-14 14:00:00	1.08736	1.08863	1.08681	1.08807	4262
2025-03-14 14:15:00	1.08809	1.08834	1.08769	1.08774	2758
2025-03-14 14:30:00	1.08773	1.08799	1.08652	1.08787	2610
2025-03-14 14:45:00	1.08787	1.08814	1.08764	1.08776	2408
2025-03-14 15:00:00	1.08776	1.08811	1.08717	1.08759	2475
2025-03-14 15:15:00	1.0876	1.08865	1.08737	1.08743	2511
2025-03-14 15:30:00	1.08744	1.08786	1.08691	1.08719	2259
2025-03-14 15:45:00	1.08718	1.08762	1.08666	1.08715	2789
2025-03-14 16:00:00	1.08716	1.08827	1.08703	1.08812	2331
2025-03-14 16:15:00	1.0881	1.08816	1.08753	1.08771	1813
2025-03-14 16:30:00	1.08773	1.08888	1.08768	1.08859	1378
2025-03-14 16:45:00	1.08862	1.08898	1.08823	1.08829	985
2025-03-14 17:00:00	1.0883	1.0883	1.08789	1.08793	928
2025-03-14 17:15:00	1.08794	1.0883	1.08794	1.08817	777
2025-03-14 17:30:00	1.08815	1.08878	1.08803	1.08828	1227
2025-03-14 17:45:00	1.08829	1.0884	1.08803	1.08819	1331
2025-03-14 18:00:00	1.08821	1.08862	1.08781	1.0879	1165
2025-03-14 18:15:00	1.0879	1.08817	1.08751	1.08754	1023
2025-03-14 18:30:00	1.08753	1.08808	1.08732	1.08767	1073
2025-03-14 18:45:00	1.08767	1.08811	1.08749	1.08803	1058
2025-03-14 19:00:00	1.08801	1.08817	1.08786	1.08807	748
2025-03-14 19:15:00	1.08807	1.08815	1.08781	1.0881	709
2025-03-14 19:30:00	1.08813	1.08834	1.08812	1.08817	687
2025-03-14 19:45:00	1.08816	1.08844	1.0881	1.08829	1122
2025-03-14 20:00:00	1.08828	1.08841	1.08816	1.08834	554
2025-03-14 20:15:00	1.08833	1.08849	1.08826	1.08835	353
2025-03-14 20:30:00	1.08836	1.08855	1.08829	1.08839	553
2025-03-14 20:45:00	1.08839	1.08844	1.08742	1.08765	1426
2025-03-16 21:00:00	1.08766	1.08791	1.08759	1.08767	47
2025-03-16 21:15:00	1.08779	1.08805	1.08768	1.08783	70
2025-03-16 21:30:00	1.08787	1.08794	1.08782	1.08791	88
2025-03-16 21:45:00	1.08791	1.08809	1.08762	1.08801	178
2025-03-16 22:00:00	1.08809	1.0881	1.08752	1.08786	980
2025-03-16 22:15:00	1.08787	1.08816	1.08786	1.08796	845
2025-03-16 22:30:00	1.08796	1.08815	1.08744	1.08812	596
2025-03-16 22:45:00	1.08813	1.0885	1.08808	1.08812	802
2025-03-16 23:00:00	1.08812	1.08849	1.08807	1.08826	1358
2025-03-16 23:15:00	1.08826	1.08844	1.08811	1.08829	593
2025-03-16 23:30:00	1.08828	1.08839	1.08803	1.08834	388
2025-03-16 23:45:00	1.08834	1.08837	1.0879	1.08792	612
2025-03-17 00:00:00	1.08794	1.08826	1.08778	1.08782	898
2025-03-17 00:15:00	1.08783	1.08794	1.08756	1.08794	987
2025-03-17 00:30:00	1.08794	1088	1.08757	1.08764	524
2025-03-17 00:45:00	1.08765	1.08825	1.08754	1.08793	1127
2025-03-17 01:00:00	1.08793	1.08799	1.08741	1.08764	1149
2025-03-17 01:15:00	1.08762	1.0882	1.08752	1.08802	1087
2025-03-17 01:30:00	1.08803	1.08868	1.08782	1.08863	766
2025-03-17 01:45:00	1.08864	1.08901	1.08824	1.08824	1007
2025-03-17 02:00:00	1.08824	1.08855	1.08793	1.08806	743
2025-03-17 02:15:00	1.08805	1.0884	1.08803	1.08827	1120
2025-03-17 02:30:00	1.08826	1.08837	1.08802	1.08812	940
2025-03-17 02:45:00	1.08814	1.08843	1.08803	1.08811	457
2025-03-17 03:00:00	1.08813	1.08828	1.08793	1.08817	1183
2025-03-17 03:15:00	1.08817	1.08838	1.08766	1.08792	781
2025-03-17 03:30:00	1.08792	1.08857	1.08789	1.08846	450
2025-03-17 03:45:00	1.08844	1.08861	1.08815	1.08833	1452
2025-03-17 04:00:00	1.08831	1.08936	1.08783	1.08783	1686
2025-03-17 04:15:00	1.08783	1.08839	1.08775	1.08822	892
2025-03-17 04:30:00	1.08823	1.08845	1.08817	1.08826	660
2025-03-17 04:45:00	1.08825	1.08842	1.08808	1.08818	515
2025-03-17 05:00:00	1.0882	1.08821	1.08769	1.0877	734
2025-03-17 05:15:00	1.08772	1.08795	1.08755	1.08775	858
2025-03-17 05:30:00	1.08774	1.08789	1.08737	1.0877	848
2025-03-17 05:45:00	1.0877	1.08789	1.08765	1.08775	834
2025-03-17 06:00:00	1.08775	1.08821	1.08752	1.08814	1071
2025-03-17 06:15:00	1.08815	1.08838	1.08788	1.08809	1050
2025-03-17 06:30:00	1.08807	1.08841	1.08796	1.0881	897
2025-03-17 06:45:00	1.0881	1.08813	1.08732	1.08776	1102
2025-03-17 07:00:00	1.08775	1.08842	1.08772	1.08811	1844
2025-03-17 07:15:00	1.08814	1.08826	1.08741	1.0876	1583
2025-03-17 07:30:00	1.0876	1.08778	1.08685	1.08728	1800
2025-03-17 07:45:00	1.08727	1.0879	1.08702	1.0876	3694
2025-03-17 08:00:00	1.08762	1.08833	1.08703	1.08829	10913
2025-03-17 08:15:00	1.08829	1.08867	1.08786	1.08809	4608
2025-03-17 08:30:00	1.0881	1.08852	1.08767	1.08824	2290
2025-03-17 08:45:00	1.08824	1.08863	1.08795	1.08835	2240
2025-03-17 09:00:00	1.08838	1.08886	1.0877	1.0878	2026
2025-03-17 09:15:00	1.08784	1.08858	1.08769	1.08851	3498
2025-03-17 09:30:00	1.08851	1.08965	1.08836	1.08944	2015
2025-03-17 09:45:00	1.08944	1.09003	1.0892	1.08996	1849
2025-03-17 10:00:00	1.08998	1.09041	1.08963	1.08999	1905
2025-03-17 10:15:00	1.09001	1.09086	1.08989	1.0907	1683
2025-03-17 10:30:00	1.09071	1.09096	1.09045	1.09068	1458
2025-03-17 10:45:00	1.09066	1.09082	1.09038	1.09075	1551
2025-03-17 11:00:00	1.09077	1.09119	1.09054	1.09062	1786
2025-03-17 11:15:00	1.09061	1.09084	1.09025	1.09038	946
2025-03-17 11:30:00	1.09039	1.09069	1.09023	1.09036	1278
2025-03-17 11:45:00	1.09036	1.09045	1.0896	1.09019	1839
2025-03-17 12:00:00	1.09019	1.09063	1.08992	1.09037	1846
2025-03-17 12:15:00	1.09038	1.09038	1.08962	1.08988	1860
2025-03-17 12:30:00	1.08987	1.09087	1.0887	1.08881	4984
2025-03-17 12:45:00	1.08882	1.0902	1.08878	1.09016	2388
2025-03-17 13:00:00	1.09017	1.09051	1.08973	1.09013	2026
2025-03-17 13:15:00	1.09014	1.09042	1.0899	1.09006	1472
2025-03-17 13:30:00	1.09007	1.09063	1.08968	1.09035	2672
2025-03-17 13:45:00	1.09036	1.09062	1.08999	1.09047	2062
2025-03-17 14:00:00	1.09048	1.09111	1.09044	1.09084	2304
2025-03-17 14:15:00	1.09082	1.09118	1.09019	1.09104	2290
2025-03-17 14:30:00	1.09104	1.09143	1.09075	1.09128	2487
2025-03-17 14:45:00	1.09128	1.09184	1.09103	1.09158	2100
2025-03-17 15:00:00	1.09159	1.09192	1.09156	1.09175	1817
2025-03-17 15:15:00	1.09175	1.09297	1.0917	1.09273	1838
2025-03-17 15:30:00	1.09274	1.09281	1.0924	1.09249	1992
2025-03-17 15:45:00	1.09249	1.09275	1.09203	1.09214	2608
2025-03-17 16:00:00	1.09214	1.09216	1.09162	1.09166	1864
2025-03-17 16:15:00	1.09168	1.09219	1.09143	1.09206	1385
2025-03-17 16:30:00	1.09205	1.09258	1.09184	1.09194	1322
2025-03-17 16:45:00	1.09193	1.09259	1.09189	1.0921	1370
2025-03-17 17:00:00	1.09209	1.09237	1.09192	1.09204	1171
2025-03-17 17:15:00	1.09205	1.0923	1.0913	1.09132	1241
2025-03-17 17:30:00	1.09133	1.09173	1.09117	1.09142	972
2025-03-17 17:45:00	1.09143	1.09161	1.09114	1.09139	1060
2025-03-17 18:00:00	1.09138	1.09156	1.09125	1.09153	1172
2025-03-17 18:15:00	1.09153	1.09214	1.09148	1.09212	856
2025-03-17 18:30:00	1.09214	1.09234	1.09196	1.0923	668
2025-03-17 18:45:00	1.0923	1.09264	1.09209	1.09254	1117
2025-03-17 19:00:00	1.09254	1.09254	1.09209	1.09224	695
2025-03-17 19:15:00	1.09222	1.09235	1.09203	1.09206	473
2025-03-17 19:30:00	1.09206	1.09211	1.09183	1.09196	443
2025-03-17 19:45:00	1.09195	1.09222	1.09184	1.09204	712
2025-03-17 20:00:00	1.09208	1.09224	1.09202	1.09216	463
2025-03-17 20:15:00	1.09216	1.09236	1.09206	1.09236	266
2025-03-17 20:30:00	1.09233	1.09276	1.09226	1.09233	440
2025-03-17 20:45:00	1.09231	1.09246	1.09206	1.09213	1083
2025-03-17 21:00:00	1.0921	1.09218	1.09125	1.09182	317
2025-03-17 21:15:00	1.09181	1.09201	1.09167	1.09201	216
2025-03-17 21:30:00	1.09201	1.09219	1092	1.09211	118
2025-03-17 21:45:00	1.0921	1.0922	1.09202	1.09212	653
2025-03-17 22:00:00	1.09211	1.09226	1.09194	1.09195	519
2025-03-17 22:15:00	1.09195	1.09201	1.09188	1.09193	254
2025-03-17 22:30:00	1.09196	1.09222	1.09194	1.09209	84
2025-03-17 22:45:00	1.09211	1.09224	1.09208	1.09209	303
2025-03-17 23:00:00	1.09209	1.09216	1.09187	1.09191	284
2025-03-17 23:15:00	1.09189	1.09206	1.09188	1.09194	152
2025-03-17 23:30:00	1.09195	1092	1.09179	1.09195	145
2025-03-17 23:45:00	1.09196	1.09204	1.0918	1.0918	169
2025-03-18 00:00:00	1.0918	1.09195	1.09173	1.0919	782
2025-03-18 00:15:00	1.09193	1.09209	1.09185	1.09188	612
2025-03-18 00:30:00	1.09187	1.09192	1.09149	1.0915	657
2025-03-18 00:45:00	1.09149	1.09173	1.09147	1.09158	2000
2025-03-18 01:00:00	1.09157	1.09189	1.09153	1.09175	600
2025-03-18 01:15:00	1.09177	1.09178	1.09147	1.0916	1444
2025-03-18 01:30:00	1.0916	1.09161	1.09137	1.09144	1634
2025-03-18 01:45:00	1.09145	1.09148	1.0912	1.09131	1689
2025-03-18 02:00:00	1.09131	1.0916	1.0913	1.09132	2213
2025-03-18 02:15:00	1.09131	1.09131	1.09078	1.0908	3195
2025-03-18 02:30:00	1.0908	1.09099	1.09078	1.09091	1073
2025-03-18 02:45:00	1.09091	1.09107	1.09083	1.09084	615
2025-03-18 03:00:00	1.09085	1.09109	1.09079	1.09089	935
2025-03-18 03:15:00	1.09091	1.09101	1.09075	1.09078	834
2025-03-18 03:30:00	1.09078	1.0909	1.09062	1.09071	462
2025-03-18 03:45:00	1.09071	1.0909	1.09068	1.09081	516
2025-03-18 04:00:00	1.09082	1.09106	1.09078	1.09103	701
2025-03-18 04:15:00	1.09102	1.09106	1.09092	1.09098	873
2025-03-18 04:30:00	1.09097	1.09112	1.09092	1.09109	701
2025-03-18 04:45:00	1.09109	1.09115	1.09104	1.09108	947
2025-03-18 05:00:00	1.09106	1.09122	1.09098	1.09109	996
2025-03-18 05:15:00	1.0911	1.0912	1.09097	1.09101	393
2025-03-18 05:30:00	1.09102	1.09121	1.09101	1.09116	299
2025-03-18 05:45:00	1.09116	1.09132	1.0907	1.09075	1294
2025-03-18 06:00:00	1.09076	1.09115	1.09068	1.09069	1737
2025-03-18 06:15:00	1.09068	1.09082	1.09033	1.09038	1491
2025-03-18 06:30:00	1.09039	1.09082	1.09037	1.09071	913
2025-03-18 06:45:00	1.09072	1.09212	1.0907	1.09205	2095
2025-03-18 07:00:00	1.09206	1.09224	1.09161	1.09176	2877
2025-03-18 07:15:00	1.09174	1.09209	1.09166	1.09187	3023
2025-03-18 07:30:00	1.0919	1.09282	1.0919	1.09266	1887
2025-03-18 07:45:00	1.09265	1.09366	1.09231	1.09349	2005
2025-03-18 08:00:00	1.09351	1.0948	1.09327	1.09471	2456
2025-03-18 08:15:00	1.0947	1.09545	1.09464	1.09521	3158
2025-03-18 08:30:00	1.09519	1.09538	1.0948	1.09506	2527
2025-03-18 08:45:00	1.09506	1.09538	1.09485	1.09512	2079
2025-03-18 09:00:00	1.09515	1.0953	1.09426	1.09431	2544
2025-03-18 09:15:00	1.09431	1.0948	1.09423	1.09425	2015
2025-03-18 09:30:00	1.09428	1.09464	1.09393	1.09462	2082
2025-03-18 09:45:00	1.09464	1.09513	1.09455	1.09497	1915
2025-03-18 10:00:00	1.09498	1.09518	1.09403	1.09457	2911
2025-03-18 10:15:00	1.09457	1.09471	1.0935	1.09367	2740
2025-03-18 10:30:00	1.09368	1.09372	1.09316	1.09342	2252
2025-03-18 10:45:00	1.09343	1.09377	1.09319	1.09339	2205
2025-03-18 11:00:00	1.09343	1.0937	1.0932	1.09345	2001
2025-03-18 11:15:00	1.09349	1.09367	1.09302	1.09327	1922
2025-03-18 11:30:00	1.09327	1.09345	1.09262	1.09267	2557
2025-03-18 11:45:00	1.09266	1.09288	1.0914	1.09162	3439
2025-03-18 12:00:00	1.09162	1.09236	1.09153	1.09191	2004
2025-03-18 12:15:00	1.09192	1.09208	1.09141	1.09147	1841
2025-03-18 12:30:00	1.09145	1.09149	1.08924	1.09061	3916
2025-03-18 12:45:00	1.09062	1.09125	1.0901	1.09113	3749
2025-03-18 13:00:00	1.09114	1092	1.09112	1.09152	2302
2025-03-18 13:15:00	1.09155	1.09208	1.09111	1.09167	2805
2025-03-18 13:30:00	1.09167	1.09178	1.09013	1.0906	3685
2025-03-18 13:45:00	1.0906	1.09158	1.09035	1.09123	3203
2025-03-18 14:00:00	1.09124	1.09171	1.09068	1.09096	5049
2025-03-18 14:15:00	1.09096	1.09189	1.09081	1.09177	5539
2025-03-18 14:30:00	1.09175	1.09194	1.09126	1.09163	5569
2025-03-18 14:45:00	1.09162	1.09185	1.09113	1.09166	2723
2025-03-18 15:00:00	1.09171	1.0925	1.08964	1.09029	4514
2025-03-18 15:15:00	1.0903	1.09137	1.08999	1.0913	2954
2025-03-18 15:30:00	1.09128	1.09329	1.09106	1.09326	2935
2025-03-18 15:45:00	1.09324	1.09341	1.09263	1.09264	3358
2025-03-18 16:00:00	1.09264	1.09325	1.09234	1.09292	2411
2025-03-18 16:15:00	1.09294	1.09346	1.09274	1.09339	2915
2025-03-18 16:30:00	1.09337	1.09398	1.09311	1.09394	1873
2025-03-18 16:45:00	1.09395	1.09397	1.09341	1.09385	1789
2025-03-18 17:00:00	1.09385	1.0945	1.09385	1.09445	1971
2025-03-18 17:15:00	1.09446	1.09517	1.09432	1.0948	2560
2025-03-18 17:30:00	1.0948	1.09497	1.09424	1.0944	1739
2025-03-18 17:45:00	1.0944	1095	1.0943	1.09497	1310
2025-03-18 18:00:00	1.09499	1.09511	1.09442	1.09455	1109
2025-03-18 18:15:00	1.09455	1.09461	1.09413	1.09429	2590
2025-03-18 18:30:00	1.0943	1.09454	1.09404	1.09422	1023
2025-03-18 18:45:00	1.09421	1.09464	1.09412	1.0944	1280
2025-03-18 19:00:00	1.09439	1.09494	1.09422	1.09475	1117
2025-03-18 19:15:00	1.09472	1.0949	1.09436	1.0947	1115
2025-03-18 19:30:00	1.09469	1.09484	1.09415	1.09437	874
2025-03-18 19:45:00	1.09437	1.09475	1.09427	1.09461	853
2025-03-18 20:00:00	1.09461	1.09484	1.09453	1.09478	401
2025-03-18 20:15:00	1.09476	1.09485	1.09434	1.09437	412
2025-03-18 20:30:00	1.09436	1.09438	1.09426	1.09432	470
2025-03-18 20:45:00	1.09432	1.09458	1.09431	1.09449	1895
2025-03-18 21:00:00	1.09434	1.09465	1.09395	1.09453	249
2025-03-18 21:15:00	1.09454	1.09454	1.09441	1.09453	138
2025-03-18 21:30:00	1.09454	1.09454	1.09415	1.09416	203
2025-03-18 21:45:00	1.09416	1.09451	1.09405	1.0944	501
2025-03-18 22:00:00	1.09437	1.09456	1.09425	1.09452	661
2025-03-18 22:15:00	1.09452	1.09458	1.09412	1.09412	483
2025-03-18 22:30:00	1.09413	1.0942	1.09401	1.09405	311
2025-03-18 22:45:00	1.09405	1.09422	1.09404	1.09415	148
2025-03-18 23:00:00	1.09417	1.09434	1.09414	1.09421	184
2025-03-18 23:15:00	1.0942	1.09428	1.09412	1.09412	186
2025-03-18 23:30:00	1.09414	1.09428	1.0941	1.09423	220
2025-03-18 23:45:00	1.09422	1.09423	1.09375	1.09385	160
2025-03-19 00:00:00	1.09386	1.09388	1.09336	1.09342	772
2025-03-19 00:15:00	1.09342	1.09383	1.09338	1.09366	331
2025-03-19 00:30:00	1.09367	1.0937	1.09316	1.09321	592
2025-03-19 00:45:00	1.09321	1.09377	1.09317	1.09346	1142
2025-03-19 01:00:00	1.09346	1.09361	1.09333	1.09338	501
2025-03-19 01:15:00	1.09336	1.0936	1.09334	1.0935	587
2025-03-19 01:30:00	1.09351	1.09355	1.09337	1.09354	754
2025-03-19 01:45:00	1.09352	1.09372	1.09344	1.09368	481
2025-03-19 02:00:00	1.0937	1.09395	1.09354	1.0939	743
2025-03-19 02:15:00	1.0939	1.09418	1.09384	1.09392	739
2025-03-19 02:30:00	1.09392	1.09449	1.09391	1.0942	695
2025-03-19 02:45:00	1.09417	1.09426	1.09405	1.09408	445
2025-03-19 03:00:00	1.09411	1.09436	1.09407	1.09417	280
2025-03-19 03:15:00	1.09417	1.09417	1.09326	1.09337	1033
2025-03-19 03:30:00	1.09337	1.09386	1.09336	1.09367	557
2025-03-19 03:45:00	1.09365	1.09396	1.09363	1.09381	432
2025-03-19 04:00:00	1.09378	1.09378	1.09329	1.0933	622
2025-03-19 04:15:00	1.09329	1.09357	1.0932	1.0933	977
2025-03-19 04:30:00	1.09329	1.09335	1.09303	1.09305	439
2025-03-19 04:45:00	1.09305	1.09309	1.09279	1.09298	474
2025-03-19 05:00:00	1.09296	1.0935	1.09295	1.09342	760
2025-03-19 05:15:00	1.09342	1.0936	1.09322	1.09344	547
2025-03-19 05:30:00	1.09345	1.09348	1.09319	1.09322	415
2025-03-19 05:45:00	1.0932	1.0935	1.09302	1.09311	640
2025-03-19 06:00:00	1.09312	1.09324	1.09258	1.09262	1401
2025-03-19 06:15:00	1.09262	1.09278	1.09223	1.09238	1217
2025-03-19 06:30:00	1.09239	1.09285	1.09217	1.09237	1436
2025-03-19 06:45:00	1.09238	1.0928	1.09203	1.09206	1527
2025-03-19 07:00:00	1.09206	1.0923	1.09065	1.09069	2467
2025-03-19 07:15:00	1.09069	1.09097	1.09022	1.09097	1993
2025-03-19 07:30:00	1.09097	1.09098	1.08731	1.08822	5378
2025-03-19 07:45:00	1.08822	1.08949	1.08775	1.08924	6939
2025-03-19 08:00:00	1.08928	1.09066	1.08921	1.08988	5630
2025-03-19 08:15:00	1.08988	1.09062	1.08956	1.09056	1821
2025-03-19 08:30:00	1.09055	1.09105	1.09014	1.09056	2770
2025-03-19 08:45:00	1.09056	1.09085	1.08999	1.0907	3208
2025-03-19 09:00:00	1.0907	1.09071	1.0898	1.08983	3309
2025-03-19 09:15:00	1.08975	1.09021	1.08954	1.09006	1523
2025-03-19 09:30:00	1.09005	1.0908	1.09005	1.09013	1587
2025-03-19 09:45:00	1.09015	1.09101	1.08997	1.09021	4044
2025-03-19 10:00:00	1.09021	1.09033	1.08957	1.08975	2957
2025-03-19 10:15:00	1.08974	1.0904	1.0896	1.09014	1602
2025-03-19 10:30:00	1.09013	1.09013	1.08912	1.08934	1577
2025-03-19 10:45:00	1.08935	1.09015	1.08935	1.08997	1587
2025-03-19 11:00:00	1.08997	1.09004	1.08935	1.08982	1355
2025-03-19 11:15:00	1.08983	1.09016	1.0895	1.08998	1363
2025-03-19 11:30:00	1.08997	1.09093	1.08979	1.09092	1616
2025-03-19 11:45:00	1.09091	1.09129	1.09065	1.09082	1917
2025-03-19 12:00:00	1.09085	1.09174	1.09075	1.09146	2194
2025-03-19 12:15:00	1.09147	1.09158	1.0907	1.09075	3782
2025-03-19 12:30:00	1.09074	1.0916	1.09048	1.09134	2441
2025-03-19 12:45:00	1.09136	1.09136	1.0899	1.09009	4800
2025-03-19 13:00:00	1.09012	1.09036	1.08963	1.08984	2806
2025-03-19 13:15:00	1.08984	1.09009	1.08925	1.08961	2796
2025-03-19 13:30:00	1.0896	1.09032	1.08955	1.08991	2643
2025-03-19 13:45:00	1.08992	1.09005	1.08928	1.08943	2291
2025-03-19 14:00:00	1.08942	1.08997	1.08926	1.08977	1701
2025-03-19 14:15:00	1.08977	1.09004	1.08948	1.08975	1847
2025-03-19 14:30:00	1.08975	1.08988	1.08936	1.08962	1213
2025-03-19 14:45:00	1.08964	1.08967	1.08817	1.08838	2252
2025-03-19 15:00:00	1.08837	1.08869	1.08823	1.08839	1791
2025-03-19 15:15:00	1.08838	1.08875	1.08816	1.08869	2241
2025-03-19 15:30:00	1.08869	1.08877	1.08802	1.08813	2881
2025-03-19 15:45:00	1.08814	1.08859	1.08753	1.08766	2801
2025-03-19 16:00:00	1.08769	1.08826	1.08758	1.08822	5123
2025-03-19 16:15:00	1.08825	1.08861	1.08822	1.0885	1784
2025-03-19 16:30:00	1.0885	1.08857	1.08781	1.08833	1641
2025-03-19 16:45:00	1.08834	1.08856	1.08812	1.0885	1151
2025-03-19 17:00:00	1.08848	1.08852	1.08733	1.08742	1222
2025-03-19 17:15:00	1.08741	1.0875	1.08658	1.08658	1931
2025-03-19 17:30:00	1.08657	1.08667	1.08603	1.08653	2216
2025-03-19 17:45:00	1.08652	1.08725	1.08618	1.08691	2038
2025-03-19 18:00:00	1.08692	1.08961	1.08632	1.08876	6393
2025-03-19 18:15:00	1.08874	1.08936	1.08813	1.08883	3521
2025-03-19 18:30:00	1.0888	1.09127	1.08859	1.09125	4292
2025-03-19 18:45:00	1.09125	1.0913	1.09006	1.09077	4413
2025-03-19 19:00:00	1.09073	1.09127	1.09	1.09004	3497
2025-03-19 19:15:00	1.09005	1.09022	1.08848	1.08888	2652
2025-03-19 19:30:00	1.08886	1.08994	1.08865	1.08971	2216
2025-03-19 19:45:00	1.08973	1.08995	1.08925	1.08986	2139
2025-03-19 20:00:00	1.08986	1.09029	1.08955	1.09029	708
2025-03-19 20:15:00	1.09028	1.0904	1.09009	1.0901	573
2025-03-19 20:30:00	1.0901	1.09059	1.0901	1.09035	1046
2025-03-19 20:45:00	1.09036	1.09051	1.09002	1.09009	4377
2025-03-19 21:00:00	1.09004	1.09028	1.09001	1.09009	249
2025-03-19 21:15:00	1.0901	1.09033	1.09008	1.09032	296
2025-03-19 21:30:00	1.09036	1.09039	1.09027	1.09031	566
2025-03-19 21:45:00	1.09031	1.0905	1.09019	1.0904	407
2025-03-19 22:00:00	1.09041	1.09094	1.09032	1.0909	376
2025-03-19 22:15:00	1.09092	1.09129	1.09091	1.09102	596
2025-03-19 22:30:00	1.09102	1.09104	1.09077	1.09077	261
2025-03-19 22:45:00	1.09078	1.09096	1.09076	1.09083	232
2025-03-19 23:00:00	1.09083	1.09086	1.09048	1.09074	311
2025-03-19 23:15:00	1.09074	1.0908	1.09055	1.09071	453
2025-03-19 23:30:00	1.09069	1.09095	1.09069	1.09094	172
2025-03-19 23:45:00	1.09095	1.09118	1.09091	1.09115	325
2025-03-20 00:00:00	1.09116	1.09163	1.09114	1.09124	630
2025-03-20 00:15:00	1.09125	1.09125	1.09071	1.0908	596
2025-03-20 00:30:00	1.09078	1.09141	1.09035	1.09128	1960
2025-03-20 00:45:00	1.09129	1.09141	1.09087	1.09122	1271
2025-03-20 01:00:00	1.0912	1.09129	1.09042	1.09063	1268
2025-03-20 01:15:00	1.09062	1.09079	1.09047	1.09068	684
2025-03-20 01:30:00	1.09072	1.09091	1.09057	1.09063	1111
2025-03-20 01:45:00	1.09061	1.09092	1.09034	1.09057	811
2025-03-20 02:00:00	1.09055	1.09167	1.09053	1.09167	1843
2025-03-20 02:15:00	1.09168	1.09168	1.09121	1.09152	1109
2025-03-20 02:30:00	1.09152	1.09171	1.09108	1.09126	938
2025-03-20 02:45:00	1.09128	1.09143	1.09087	1.0909	897
2025-03-20 03:00:00	1.09089	1.09102	1.09069	1.09097	837
2025-03-20 03:15:00	1.09098	1.09115	1.09091	1.09112	612
2025-03-20 03:30:00	1.0911	1.0914	1.09094	1.09119	952
2025-03-20 03:45:00	1.09119	1.09119	1.09074	1.09096	1259
2025-03-20 04:00:00	1.09095	1.09104	1.09075	1.09083	602
2025-03-20 04:15:00	1.09083	1.09088	1.09066	1.09085	842
2025-03-20 04:30:00	1.09087	1.09087	1.09027	1.09043	1919
2025-03-20 04:45:00	1.09045	1.09058	1.09003	1.09031	691
2025-03-20 05:00:00	1.09032	1.09032	1.08948	1.08955	878
2025-03-20 05:15:00	1.08954	1.08962	1.0894	1.08945	553
2025-03-20 05:30:00	1.08945	1.0895	1.08906	1.08944	466
2025-03-20 05:45:00	1.08945	1.0896	1.08915	1.08953	826
2025-03-20 06:00:00	1.08953	1.08988	1.08943	1.08979	1252
2025-03-20 06:15:00	1.08979	1.08987	1.08923	1.08934	975
2025-03-20 06:30:00	1.08936	1.08972	1.08898	1.08968	1518
2025-03-20 06:45:00	1.0897	1.08973	1.08895	1.08933	1940
2025-03-20 07:00:00	1.08932	1.08941	1.08884	1.0891	3317
2025-03-20 07:15:00	1.08912	1.08916	1088	1.08806	3094
2025-03-20 07:30:00	1.08805	1.08823	1.08647	1.08675	1903
2025-03-20 07:45:00	1.08675	1.08796	1.08658	1.08791	1447
2025-03-20 08:00:00	1.08795	1.08857	1.08745	1.08758	2222
2025-03-20 08:15:00	1.08757	1.08764	1.08658	1.08679	2241
2025-03-20 08:30:00	1.08669	1.08764	1.08638	1.08646	3553
2025-03-20 08:45:00	1.08646	1.08695	1.08629	1.08652	3019
2025-03-20 09:00:00	1.08651	1.08684	1.08572	1.0859	3070
2025-03-20 09:15:00	1.0859	1.08628	1.08381	1.08406	4534
2025-03-20 09:30:00	1.08404	1.08539	1.08401	1.08495	3777
2025-03-20 09:45:00	1.08496	1.08543	1.08464	1.08519	2251
2025-03-20 10:00:00	1.08524	1.08545	1084	1.08416	3043
2025-03-20 10:15:00	1.08414	1.08441	1.08332	1.08433	9554
2025-03-20 10:30:00	1.08432	1.08491	1.08354	1.08489	4188
2025-03-20 10:45:00	1.08492	1.08522	1.08423	1.08456	1828
2025-03-20 11:00:00	1.08455	1.08483	1.08393	1.08406	1381
2025-03-20 11:15:00	1.08408	1.08465	1.08392	1.08422	1233
2025-03-20 11:30:00	1.08421	1.08482	1.08406	1.08419	1666
2025-03-20 11:45:00	1.08417	1.08517	1.08417	1.08493	1261
2025-03-20 12:00:00	1.08494	1.08559	1.0849	1.08501	1972
2025-03-20 12:15:00	1.08502	1.08518	1.08396	1.08408	1724
2025-03-20 12:30:00	1.08407	1.08443	1.08331	1.08397	3516
2025-03-20 12:45:00	1.08396	1.08436	1.08307	1.08336	3038
2025-03-20 13:00:00	1.08335	1.0839	1.08318	1.08352	2653
2025-03-20 13:15:00	1.08353	1.08358	1.08216	1.08223	2785
2025-03-20 13:30:00	1.08224	1.08271	1.08145	1.08216	3580
2025-03-20 13:45:00	1.08215	1.08258	1.08165	1.08251	2689
2025-03-20 14:00:00	1.0825	1.08385	1.08239	1.08354	2984
2025-03-20 14:15:00	1.08353	1.08376	1.08259	1.0827	2846
2025-03-20 14:30:00	1.08271	1.08301	1.0824	1.08262	2599
2025-03-20 14:45:00	1.08263	1.08303	1.08224	1.08292	2273
2025-03-20 15:00:00	1.08292	1.08315	1.08231	1.08308	2743
2025-03-20 15:15:00	1.08307	1.08454	1.08285	1.08438	4042
2025-03-20 15:30:00	1.08437	1.08438	1.0835	1.0837	3303
2025-03-20 15:45:00	1.0837	1.08492	1.08361	1.08472	3929
2025-03-20 16:00:00	1.0847	1.08495	1.0842	1.08481	2457
2025-03-20 16:15:00	1.08483	1.08515	1.08469	1.08481	2014
2025-03-20 16:30:00	1.08482	1.08504	1.08443	1.08501	1363
2025-03-20 16:45:00	1.08501	1.0852	1.08474	1.08486	1191
2025-03-20 17:00:00	1.08483	1.08517	1.08414	1.08415	1564
2025-03-20 17:15:00	1.08417	1.08441	1.08389	1.08438	1482
2025-03-20 17:30:00	1.08437	1.08443	1.08402	1.0843	1435
2025-03-20 17:45:00	1.08432	1.08452	1084	1.08444	1272
2025-03-20 18:00:00	1.08444	1.08469	1.08417	1.08464	1019
2025-03-20 18:15:00	1.08469	1.08489	1.0846	1.08479	2013
2025-03-20 18:30:00	1.08479	1.08479	1.08442	1.08466	921
2025-03-20 18:45:00	1.08465	1.08495	1.08446	1.08483	824
2025-03-20 19:00:00	1.08481	1.08501	1.0847	1085	641
2025-03-20 19:15:00	1.08504	1.0854	1.08495	1.08531	841
2025-03-20 19:30:00	1.08528	1.08537	1.08498	1.08529	712
2025-03-20 19:45:00	1.08529	1.08541	1.08509	1.08529	1269
2025-03-20 20:00:00	1.08529	1.08544	1.08515	1.0854	467
2025-03-20 20:15:00	1.08541	1.08577	1.08534	1.08577	205
2025-03-20 20:30:00	1.08577	1.08589	1.0856	1.08561	422
2025-03-20 20:45:00	1.08561	1.08562	1.08493	1.08501	1023
2025-03-20 21:00:00	1.08494	1.08538	1084	1.08537	354
2025-03-20 21:15:00	1.08535	1.08546	1.08523	1.08546	362
2025-03-20 21:30:00	1.08534	1.08541	1.08532	1.08535	360
2025-03-20 21:45:00	1.08536	1.08539	1.0853	1.08539	478
2025-03-20 22:00:00	1.08545	1.08559	1.08529	1.08547	1499
2025-03-20 22:15:00	1.08548	1.08585	1.08547	1.08581	189
2025-03-20 22:30:00	1.08583	1.08584	1.08568	1.08573	312
2025-03-20 22:45:00	1.08574	1.08581	1.08567	1.08568	502
2025-03-20 23:00:00	1.08569	1.08574	1.08563	1.0857	398
2025-03-20 23:15:00	1.0857	1.08574	1.08561	1.08568	130
2025-03-20 23:30:00	1.08565	1.08574	1.0855	1.08562	149
2025-03-20 23:45:00	1.08564	1.08573	1.08531	1.08532	380
2025-03-21 00:00:00	1.08535	1.08586	1.08523	1.08532	1191
2025-03-21 00:15:00	1.08534	1.08537	1.08504	1.0853	2076
2025-03-21 00:30:00	1.0853	1.08557	1.08528	1.08547	873
2025-03-21 00:45:00	1.08547	1.08552	1.08521	1.08529	929
2025-03-21 01:00:00	1.08529	1.0853	1.08483	1.08512	1481
2025-03-21 01:15:00	1.0851	1.0855	1.08507	1.08519	1390
2025-03-21 01:30:00	1.08519	1.08555	1.08511	1.08547	1393
2025-03-21 01:45:00	1.08548	1.08548	1.08498	1.08522	1167
2025-03-21 02:00:00	1.08525	1.08549	1.08512	1.08541	983
2025-03-21 02:15:00	1.0854	1.0854	1.08444	1.0849	874
2025-03-21 02:30:00	1.08489	1.08491	1.08446	1.08447	594
2025-03-21 02:45:00	1.08448	1.08456	1.08422	1.08441	3737
2025-03-21 03:00:00	1.08441	1.08462	1.08424	1.08455	4709
2025-03-21 03:15:00	1.08456	1.08456	1.08394	1.08397	2756
2025-03-21 03:30:00	1.08396	1.08401	1.0835	1.08357	2402
2025-03-21 03:45:00	1.08355	1.08369	1.08331	1.08345	1052
2025-03-21 04:00:00	1.08345	1.08364	1.08326	1.08329	818
2025-03-21 04:15:00	1.08331	1.08331	1.08298	1.08305	1156
2025-03-21 04:30:00	1.08309	1.08339	1.08292	1.08293	1727
2025-03-21 04:45:00	1.08294	1.08308	1.08274	1.08301	2626
2025-03-21 05:00:00	1083	1083	1.08273	1.08276	829
2025-03-21 05:15:00	1.08276	1.08301	1.08247	1.08248	1039
2025-03-21 05:30:00	1.08249	1.0826	1.08198	1082	1085
2025-03-21 05:45:00	1082	1.08297	1.08197	1.08284	1714
2025-03-21 06:00:00	1.08284	1.08294	1.08247	1.08252	1282
2025-03-21 06:15:00	1.08255	1.08305	1.0824	1.08294	1064
2025-03-21 06:30:00	1.08296	1.08373	1.08295	1.0837	1408
2025-03-21 06:45:00	1.08369	1.08369	1.08289	1.0834	1143
2025-03-21 07:00:00	1.08338	1.08373	1.0827	1.08368	1577
2025-03-21 07:15:00	1.08369	1.08377	1.08316	1.08358	1330
2025-03-21 07:30:00	1.08357	1.08416	1.08336	1.08371	1959
2025-03-21 07:45:00	1.08369	1.08406	1.08334	1.08386	2659
2025-03-21 08:00:00	1.08386	1.08453	1.0828	1.08318	4037
2025-03-21 08:15:00	1.08318	1.08343	1.08239	1.08274	1989
2025-03-21 08:30:00	1.08274	1.08282	1.08239	1.08269	1511
2025-03-21 08:45:00	1.08268	1.08369	1.08262	1.08358	1887
2025-03-21 09:00:00	1.08357	1.08373	1.0833	1.08366	1488
2025-03-21 09:15:00	1.08366	1.08387	1.08323	1.08359	1772
2025-03-21 09:30:00	1.08359	1.08363	1.08267	1.08271	1487
2025-03-21 09:45:00	1.08269	1.08297	1.08246	1.08255	1437
2025-03-21 10:00:00	1.08258	1.08387	1.08257	1.08364	1873
2025-03-21 10:15:00	1.08361	1.0838	1.08277	1.08281	1879
2025-03-21 10:30:00	1.08281	1.08298	1.08259	1.08286	1590
2025-03-21 10:45:00	1.08285	1.0837	1.08283	1.08368	1713
2025-03-21 11:00:00	1.08367	1.08424	1.0835	1.08421	1726
2025-03-21 11:15:00	1.08421	1.08438	1.08374	1.08397	1421
2025-03-21 11:30:00	1.08395	1.08443	1.08374	1.08442	1351
2025-03-21 11:45:00	1.08442	1.08512	1.08428	1.08506	1542
2025-03-21 12:00:00	1.08505	1.08611	1.08493	1.08548	3612
2025-03-21 12:15:00	1.08546	1.08551	1.08431	1.08433	4296
2025-03-21 12:30:00	1.08433	1.0847	1.08368	1.08394	4211
2025-03-21 12:45:00	1.08395	1.08401	1.08295	1.08321	3120
2025-03-21 13:00:00	1.08319	1.08342	1.08261	1.08307	2336
2025-03-21 13:15:00	1.08309	1.08347	1.08268	1.08316	1830
2025-03-21 13:30:00	1.08318	1.08346	1.08291	1.08335	2334
2025-03-21 13:45:00	1.08334	1.08359	1.0825	1.08319	2408
2025-03-21 14:00:00	1.0832	1.08355	1.08272	1.08307	2490
2025-03-21 14:15:00	1.08307	1.08332	1.08251	1.08252	2739
2025-03-21 14:30:00	1.08251	1.08297	1.08186	1.08291	2463
2025-03-21 14:45:00	1.08293	1.08294	1.08224	1.08235	1955
2025-03-21 15:00:00	1.08237	1.0829	1.08232	1.08245	2433
2025-03-21 15:15:00	1.08245	1.08285	1.08224	1.08264	1491
2025-03-21 15:30:00	1.08267	1.08278	1.08243	1.08255	2642
2025-03-21 15:45:00	1.08255	1.08259	1.0797	1.08062	6300
2025-03-21 16:00:00	1.0806	1.08137	1.08042	1.0811	4109
2025-03-21 16:15:00	1.08112	1.08204	1.08107	1.08155	2364
2025-03-21 16:30:00	1.08154	1.08249	1.08145	1.08212	2127
2025-03-21 16:45:00	1.08212	1.08228	1.08163	1.08179	1544
2025-03-21 17:00:00	1.0818	1.0818	1.0805	1.08103	1877
2025-03-21 17:15:00	1.08104	1.08139	1.0807	1.08115	1202
2025-03-21 17:30:00	1.08115	1.08228	1.0811	1.08219	1761
2025-03-21 17:45:00	1.08219	1.08254	1.0821	1.08224	1848
2025-03-21 18:00:00	1.08225	1.08237	1.08146	1.08159	1306
2025-03-21 18:15:00	1.08159	1.08234	1.08154	1.08229	1115
2025-03-21 18:30:00	1.08227	1.08264	1.08198	1.08249	1209
2025-03-21 18:45:00	1.08248	1.08266	1.08196	1.08207	1204
2025-03-21 19:00:00	1.08209	1.08242	1.08205	1.08208	970
2025-03-21 19:15:00	1.08208	1.08209	1.08155	1.08198	966
2025-03-21 19:30:00	1.08197	1.0823	1.08151	1.08161	1074
2025-03-21 19:45:00	1.08159	1.08195	1.08157	1.08175	1331
2025-03-21 20:00:00	1.08174	1.08174	1.08135	1.08165	683
2025-03-21 20:15:00	1.08166	1.08167	1.08145	1.08148	236
2025-03-21 20:30:00	1.08149	1.08152	1.08115	1.08144	387
2025-03-21 20:45:00	1.08145	1.08153	1.08117	1.08121	1596
2025-03-23 21:00:00	1.0813	1.08139	1.08115	1.08125	44
2025-03-23 21:15:00	1.08128	1.0816	1.08119	1.0816	49
2025-03-23 21:30:00	1.08155	1.0816	1.0815	1.08152	23
2025-03-23 21:45:00	1.08153	1.08173	1.08153	1.0817	54
2025-03-23 22:00:00	1.08167	1.08296	1.0816	1.08175	1506
2025-03-23 22:15:00	1.08175	1.08219	1.08172	1.08188	870
2025-03-23 22:30:00	1.08188	1.08215	1.08173	1.08199	666
2025-03-23 22:45:00	1.08197	1.08204	1.08173	1.08195	375
2025-03-23 23:00:00	1.08197	1.08242	1.08186	1.08241	436
2025-03-23 23:15:00	1.08239	1.08247	1.08218	1.0824	278
2025-03-23 23:30:00	1.0824	1.08291	1.08231	1.0829	361
2025-03-23 23:45:00	1.08289	1.08367	1.08281	1.08358	1018
2025-03-24 00:00:00	1.08358	1.08387	1.08324	1.08386	1544
2025-03-24 00:15:00	1.08386	1.08398	1.08381	1.08382	461
2025-03-24 00:30:00	1.08382	1.08383	1.08335	1.0835	1780
2025-03-24 00:45:00	1.0835	1.08374	1.08329	1.0837	2259
2025-03-24 01:00:00	1.0837	1.08374	1.08317	1.08348	2027
2025-03-24 01:15:00	1.0835	1.0835	1.08252	1.08256	1757
2025-03-24 01:30:00	1.08256	1.08286	1.0824	1.08248	3028
2025-03-24 01:45:00	1.08248	1.08264	1.08226	1.08259	1406
2025-03-24 02:00:00	1.0826	1.08316	1.08258	1.08283	1241
2025-03-24 02:15:00	1.0828	1.08319	1.08266	1.08318	1218
2025-03-24 02:30:00	1.08316	1.08318	1.08279	1.0828	1225
2025-03-24 02:45:00	1.08282	1.08282	1.08243	1.08248	1056
2025-03-24 03:00:00	1.08248	1.08292	1.08246	1.08275	1362
2025-03-24 03:15:00	1.08279	1.0829	1.08273	1.08274	1760
2025-03-24 03:30:00	1.08274	1.08275	1.08249	1.08256	1154
2025-03-24 03:45:00	1.08254	1.08257	1.08199	1.08202	1185
2025-03-24 04:00:00	1.08201	1.08223	1.0819	1.08195	1478
2025-03-24 04:15:00	1.08195	1.08198	1.08169	1.08191	884
2025-03-24 04:30:00	1.08192	1.08233	1.0819	1.08231	786
2025-03-24 04:45:00	1.08231	1.08242	1.0821	1.08227	509
2025-03-24 05:00:00	1.08225	1.08225	1.0818	1.08204	1217
2025-03-24 05:15:00	1.08202	1.08259	1.08192	1.08257	1093
2025-03-24 05:30:00	1.08258	1.08278	1.08244	1.08263	1020
2025-03-24 05:45:00	1.08261	1.08307	1.08243	1.08289	1030
2025-03-24 06:00:00	1.0829	1.08332	1.08279	1.08332	1148
2025-03-24 06:15:00	1.08332	1.08393	1.08332	1.08381	1696
2025-03-24 06:30:00	1.08381	1.08444	1.08366	1.08431	1746
2025-03-24 06:45:00	1.08432	1.08437	1.08393	1.08396	1207
2025-03-24 07:00:00	1.08394	1.0847	1.08374	1.08464	1780
2025-03-24 07:15:00	1.08464	1.08494	1.08428	1.08486	2058
2025-03-24 07:30:00	1.08486	1.08499	1.08347	1.08385	2317
2025-03-24 07:45:00	1.08383	1.08389	1.08329	1.08379	1735
2025-03-24 08:00:00	1.08381	1.08439	1.08371	1.08392	2870
2025-03-24 08:15:00	1.08399	1.08579	1.08399	1.08541	3345
2025-03-24 08:30:00	1.08542	1.08542	1.08407	1.0847	2781
2025-03-24 08:45:00	1.08474	1.08505	1.08392	1.08427	2167
2025-03-24 09:00:00	1.08432	1.0845	1.08332	1.08361	2491
2025-03-24 09:15:00	1.08359	1.08373	1.08287	1.08333	1751
2025-03-24 09:30:00	1.08331	1.0836	1.08283	1.08353	2918
2025-03-24 09:45:00	1.08353	1.08443	1.08342	1.0839	1769
2025-03-24 10:00:00	1.08394	1.08429	1.08364	1.08421	1549
2025-03-24 10:15:00	1.0842	1.0852	1.08417	1.08519	1720
2025-03-24 10:30:00	1.0852	1.08547	1.08487	1.08536	2831
2025-03-24 10:45:00	1.08535	1.08535	1.08459	1.08478	1845
2025-03-24 11:00:00	1.08478	1.08492	1.08436	1.08473	1601
2025-03-24 11:15:00	1.08472	1.08492	1.08444	1.08455	1437
2025-03-24 11:30:00	1.08455	1.08465	1.08391	1.08393	1628
2025-03-24 11:45:00	1.08392	1.08416	1.08321	1.08323	1557
2025-03-24 12:00:00	1.08323	1.08344	1.08267	1.08288	1922
2025-03-24 12:15:00	1.08288	1.08294	1.08215	1.08245	1499
2025-03-24 12:30:00	1.08244	1.08286	1.08216	1.08258	1725
2025-03-24 12:45:00	1.08258	1.08297	1.08234	1.08296	3620
2025-03-24 13:00:00	1.08297	1.08303	1.08213	1.08219	1617
2025-03-24 13:15:00	1.08217	1.08247	1.08173	1.08221	2063
2025-03-24 13:30:00	1.08219	1.08249	1.08199	1.08229	1933
2025-03-24 13:45:00	1.08229	1.08229	1.07923	1.07933	4541
2025-03-24 14:00:00	1.07931	1.08052	1.07903	1.08033	6124
2025-03-24 14:15:00	1.08036	1.08201	1.08018	1.08119	3691
2025-03-24 14:30:00	1.08118	1.08118	1.08013	1.08041	3485
2025-03-24 14:45:00	1.08043	1.08047	1.07941	1.07991	3137
2025-03-24 15:00:00	1.07994	1.08009	1.07929	1.0799	4806
2025-03-24 15:15:00	1.07991	1.08051	1.07954	1.07958	1804
2025-03-24 15:30:00	1.07957	1.08038	1.07925	1.08027	2793
2025-03-24 15:45:00	1.08025	1.08025	1.07904	1.07936	2983
2025-03-24 16:00:00	1.07939	1.08069	1.07935	1.08031	2178
2025-03-24 16:15:00	1.08028	1.08066	1.07956	1.07961	2305
2025-03-24 16:30:00	1.07961	1.0798	1.07813	1.0787	3026
2025-03-24 16:45:00	1.07872	1.07947	1.07859	1.07917	2970
2025-03-24 17:00:00	1.07919	1.07962	1.07885	1.07891	1312
2025-03-24 17:15:00	1.07891	1.07946	1.07881	1.07941	1252
2025-03-24 17:30:00	1.07943	1.07946	1.07848	1.07911	1486
2025-03-24 17:45:00	1.07912	1.07941	1.07845	1.07874	1585
2025-03-24 18:00:00	1.07875	1.0789	1.07838	1.07885	1085
2025-03-24 18:15:00	1.07885	1.07936	1.07885	1.07932	866
2025-03-24 18:30:00	1.07931	1.08121	1.07931	1.08099	1924
2025-03-24 18:45:00	1.08101	1.0813	1.08008	1.08048	2375
2025-03-24 19:00:00	1.08053	1.0807	1.08011	1.08038	958
2025-03-24 19:15:00	1.08038	1.08058	1.08022	1.0803	635
2025-03-24 19:30:00	1.0803	1.08037	1.07999	1.08003	557
2025-03-24 19:45:00	1.08003	1.08021	1.0797	1.08021	590
2025-03-24 20:00:00	1.0802	1.08037	1.08008	1.08032	341
2025-03-24 20:15:00	1.08031	1.0806	1.08027	1.08028	318
2025-03-24 20:30:00	1.08028	1.08028	1.08002	1.08013	236
2025-03-24 20:45:00	1.08012	1.08028	1.07995	1.08004	1341
2025-03-24 21:00:00	1.08003	1.08014	1.07978	1.07978	686
2025-03-24 21:15:00	1.07979	1.07991	1.07954	1.07965	360
2025-03-24 21:30:00	1.07963	1.08004	1.07952	1.07997	1099
2025-03-24 21:45:00	1.07997	1.07999	1.07961	1.07995	322
2025-03-24 22:00:00	1.07994	1.08024	1.07967	1.07967	525
2025-03-24 22:15:00	1.07966	1.07997	1.07946	1.07987	367
2025-03-24 22:30:00	1.07987	1.08013	1.07981	1.08007	227
2025-03-24 22:45:00	1.08007	1.08023	1.08	1.08021	135
2025-03-24 23:00:00	1.08022	1.08033	1.0801	1.08012	235
2025-03-24 23:15:00	1.08012	1.0802	1.08004	1.0802	350
2025-03-24 23:30:00	1.08019	1.08022	1.08004	1.08007	203
2025-03-24 23:45:00	1.0801	1.08032	1.0801	1.08022	297
2025-03-25 00:00:00	1.08022	1.08023	1.07981	1.07999	713
2025-03-25 00:15:00	1.07998	1.08001	1.07961	1.07961	443
2025-03-25 00:30:00	1.0796	1.07981	1.07959	1.07969	448
2025-03-25 00:45:00	1.07968	1.08025	1.07965	1.08001	765
2025-03-25 01:00:00	1.08	1.08054	1.07998	1.08049	749
2025-03-25 01:15:00	1.08048	1.08084	1.08032	1.08043	858
2025-03-25 01:30:00	1.08042	1.08049	1.0802	1.08045	929
2025-03-25 01:45:00	1.08044	1.08064	1.08013	1.08022	456
2025-03-25 02:00:00	1.08021	1.08048	1.08001	1.08047	598
2025-03-25 02:15:00	1.08048	1.08049	1.07978	1.07985	774
2025-03-25 02:30:00	1.07985	1.08014	1.07982	1.07988	648
2025-03-25 02:45:00	1.07988	1.08	1.0794	1.07964	879
2025-03-25 03:00:00	1.07964	1.08025	1.07957	1.08025	789
2025-03-25 03:15:00	1.08024	1.0803	1.07996	1.07999	619
2025-03-25 03:30:00	1.07999	1.08015	1.07989	1.08012	825
2025-03-25 03:45:00	1.08012	1.08034	1.07998	1.08029	652
2025-03-25 04:00:00	1.08031	1.0806	1.08025	1.08052	670
2025-03-25 04:15:00	1.08051	1.08078	1.08044	1.08076	581
2025-03-25 04:30:00	1.08076	1.08087	1.08031	1.08036	522
2025-03-25 04:45:00	1.08034	1.08066	1.08029	1.08032	883
2025-03-25 05:00:00	1.08031	1.08042	1.08018	1.08023	555
2025-03-25 05:15:00	1.08023	1.0807	1.08022	1.08059	531
2025-03-25 05:30:00	1.08058	1.08058	1.08027	1.08045	473
2025-03-25 05:45:00	1.08043	1.08051	1.08009	1.08028	654
2025-03-25 06:00:00	1.08029	1.08044	1.07984	1.07992	1133
2025-03-25 06:15:00	1.07992	1.08017	1.07959	1.07961	1149
2025-03-25 06:30:00	1.0796	1.07985	1.07948	1.07956	1207
2025-03-25 06:45:00	1.07954	1.07957	1.07927	1.07943	1182
2025-03-25 07:00:00	1.07944	1.08018	1.07932	1.07992	4365
2025-03-25 07:15:00	1.07993	1.07996	1.07893	1.07933	2326
2025-03-25 07:30:00	1.07932	1.07932	1.07849	1.07869	2261
2025-03-25 07:45:00	1.07866	1.07935	1.07857	1.07871	1501
2025-03-25 08:00:00	1.07873	1.07898	1.07802	1.07805	4009
2025-03-25 08:15:00	1.07804	1.07844	1.07767	1.07783	2201
2025-03-25 08:30:00	1.07783	1.07917	1.07781	1.07882	2529
2025-03-25 08:45:00	1.07883	1.07922	1.0786	1.07901	1992
2025-03-25 09:00:00	1079	1.07983	1.07873	1.07957	2395
2025-03-25 09:15:00	1.07957	1.07995	1.07941	1.07978	2351
2025-03-25 09:30:00	1.07979	1.08	1.0794	1.07997	2247
2025-03-25 09:45:00	1.07996	1.08039	1.07995	1.08005	1796
2025-03-25 10:00:00	1.08004	1.08129	1.07997	1.08114	4631
2025-03-25 10:15:00	1.08116	1.08188	1.08085	1.08169	8044
2025-03-25 10:30:00	1.08167	1.08192	1.08109	1.08162	4817
2025-03-25 10:45:00	1.08159	1.08243	1.08143	1.08199	1978
2025-03-25 11:00:00	1.08199	1.08203	1.08113	1.08121	2575
2025-03-25 11:15:00	1.08121	1.08238	1.08107	1.08207	2311
2025-03-25 11:30:00	1.08206	1.08258	1.08206	1.08253	3216
2025-03-25 11:45:00	1.08253	1.08275	1.08161	1.08176	3681
2025-03-25 12:00:00	1.08178	1.08225	1.08168	1.08197	2114
2025-03-25 12:15:00	1.08198	1.08226	1.08156	1.08209	1990
2025-03-25 12:30:00	1.08209	1.08245	1.08191	1.0823	2110
2025-03-25 12:45:00	1.0823	1083	1.08211	1.08249	2420
2025-03-25 13:00:00	1.08248	1.08275	1.08227	1.08243	2234
2025-03-25 13:15:00	1.08245	1.08257	1.08186	1.08223	5055
2025-03-25 13:30:00	1.08222	1.08262	1.08214	1.08227	3681
2025-03-25 13:45:00	1.08226	1.08255	1.08136	1.08167	2909
2025-03-25 14:00:00	1.08167	1.08216	1.08048	1.08054	3924
2025-03-25 14:15:00	1.08054	1.08083	1.08017	1.08058	3019
2025-03-25 14:30:00	1.08059	1.08194	1.08045	1.08135	7445
2025-03-25 14:45:00	1.08136	1082	1.08117	1.08124	4634
2025-03-25 15:00:00	1.08125	1.08177	1.08121	1.08174	1799
2025-03-25 15:15:00	1.08175	1.08194	1.08131	1.08177	3343
2025-03-25 15:30:00	1.08181	1.08183	1.08083	1.08088	3921
2025-03-25 15:45:00	1.08089	1.08091	1.0797	1.0803	4501
2025-03-25 16:00:00	1.0803	1.08111	1.08018	1.08064	16371
2025-03-25 16:15:00	1.08064	1.0812	1.08044	1.08099	3174
2025-03-25 16:30:00	1.08095	1.0813	1.08081	1.08119	2236
2025-03-25 16:45:00	1.08119	1.08126	1.08052	1.08064	1950
2025-03-25 17:00:00	1.08065	1.08167	1.08064	1.08114	1934
2025-03-25 17:15:00	1.08116	1.08118	1.08089	1.08089	1106
2025-03-25 17:30:00	1.08091	1.08119	1.08066	1.08083	1193
2025-03-25 17:45:00	1.08084	1.08107	1.08058	1.08096	1175
2025-03-25 18:00:00	1.08093	1.08093	1.0805	1.08066	796
2025-03-25 18:15:00	1.08065	1.08069	1.08008	1.08016	535
2025-03-25 18:30:00	1.08017	1.08042	1.07997	1.08015	784
2025-03-25 18:45:00	1.08013	1.08031	1.07969	1.07983	1058
2025-03-25 19:00:00	1.07985	1.08017	1.07965	1.07968	1017
2025-03-25 19:15:00	1.07969	1.07979	1.07906	1.0791	1533
2025-03-25 19:30:00	1.07912	1.07988	1.07912	1.0798	725
2025-03-25 19:45:00	1.0798	1.07989	1.07937	1.07952	1210
2025-03-25 20:00:00	1.07951	1.07956	1.07898	1.07922	687
2025-03-25 20:15:00	1.07924	1.07938	1.07908	1.0791	192
2025-03-25 20:30:00	1.07909	1.07929	1.07899	1.07921	245
2025-03-25 20:45:00	1.07922	1.07922	1.07901	1.07905	720
2025-03-25 21:00:00	1.07905	1.07939	1.07885	1.07912	504
2025-03-25 21:15:00	1.07905	1.07911	1.07901	1.07904	80
2025-03-25 21:30:00	1.07905	1.07925	1.07904	1.07906	55
2025-03-25 21:45:00	1.07906	1.07923	1.07904	1.07908	218
2025-03-25 22:00:00	1.0791	1.0794	1.07905	1.0792	644
2025-03-25 22:15:00	1.07924	1.07928	1.07909	1.07913	828
2025-03-25 22:30:00	1.07912	1.07912	1.07889	1.07892	449
2025-03-25 22:45:00	1.07893	1.07894	1.07878	1.07883	235
2025-03-25 23:00:00	1.07884	1.07889	1.07861	1.07882	307
2025-03-25 23:15:00	1.07885	1.07888	1.07864	1.07873	179
2025-03-25 23:30:00	1.07872	1.07876	1.07861	1.07867	163
2025-03-25 23:45:00	1.07868	1.07888	1.07852	1.07888	289
2025-03-26 00:00:00	1.07889	1.0791	1.07867	1.07901	764
2025-03-26 00:15:00	1.07902	1.07922	1.07888	1.07891	305
2025-03-26 00:30:00	1.07886	1.0792	1.07864	1.0787	700
2025-03-26 00:45:00	1.0787	1.0787	1.07835	1.07841	1017
2025-03-26 01:00:00	1.0784	1.07843	1.07777	1.0782	1320
2025-03-26 01:15:00	1.07819	1.07871	1.07817	1.07862	1283
2025-03-26 01:30:00	1.07862	1.07924	1.07856	1.07917	1177
2025-03-26 01:45:00	1.07919	1.07952	1.07911	1.07934	1113
2025-03-26 02:00:00	1.07934	1.07954	1.07914	1.07917	935
2025-03-26 02:15:00	1.07917	1.07944	1.07902	1.07939	438
2025-03-26 02:30:00	1.07939	1.07954	1.07927	1.07934	479
2025-03-26 02:45:00	1.07935	1.0797	1.07933	1.07951	571
2025-03-26 03:00:00	1.0795	1.0796	1.07925	1.07928	652
2025-03-26 03:15:00	1.07928	1.07938	1.07897	1079	592
2025-03-26 03:30:00	1.07899	1.07911	1.07885	1.07908	527
2025-03-26 03:45:00	1.07909	1.07911	1.07837	1.07857	563
2025-03-26 04:00:00	1.07858	1.07878	1.0784	1.07842	354
2025-03-26 04:15:00	1.0784	1.07861	1.07824	1.07849	429
2025-03-26 04:30:00	1.07849	1.07853	1.07812	1.07816	589
2025-03-26 04:45:00	1.07815	1.07845	1.07809	1.07841	522
2025-03-26 05:00:00	1.07839	1.07841	1.07799	1.07815	627
2025-03-26 05:15:00	1.07815	1.07826	1.07777	1.07826	904
2025-03-26 05:30:00	1.07826	1.0786	1.07816	1.07845	862
2025-03-26 05:45:00	1.07845	1.07868	1.07831	1.0785	1061
2025-03-26 06:00:00	1.0785	1.0788	1.07835	1.07858	971
2025-03-26 06:15:00	1.07857	1.07876	1.07821	1.07872	1224
2025-03-26 06:30:00	1.0787	1.07881	1.07833	1.07858	804
2025-03-26 06:45:00	1.07856	1.0787	1.07821	1.07868	931
2025-03-26 07:00:00	1.07868	1.07887	1.07811	1.07883	2049
2025-03-26 07:15:00	1.07882	1.07913	1.07829	1.07902	1405
2025-03-26 07:30:00	1.07902	1.07906	1.07834	1.07876	1504
2025-03-26 07:45:00	1.07877	1.07891	1.07828	1.0786	2058
2025-03-26 08:00:00	1.07859	1.07938	1.07854	1.07879	2498
2025-03-26 08:15:00	1.07881	1.07935	1.07851	1.07924	1839
2025-03-26 08:30:00	1.07923	1.07934	1.07885	1.07909	1796
2025-03-26 08:45:00	1.0791	1.07996	1.07904	1.0799	2334
2025-03-26 09:00:00	1.0799	1.07997	1.07928	1.07985	1645
2025-03-26 09:15:00	1.07985	1.07998	1.07952	1.0798	1324
2025-03-26 09:30:00	1.07981	1.08025	1.07961	1.07988	1378
2025-03-26 09:45:00	1.07987	1.07992	1.07941	1.07958	1381
2025-03-26 10:00:00	1.07957	1.08005	1.07939	1.07998	1214
2025-03-26 10:15:00	1.07998	1.08014	1.07952	1.07957	1008
2025-03-26 10:30:00	1.07956	1.07958	1.07865	1.07901	1652
2025-03-26 10:45:00	1.07901	1.0792	1.07881	1.07916	1004
2025-03-26 11:00:00	1.07915	1.07934	1.07886	1.07923	1041
2025-03-26 11:15:00	1.07928	1.07948	1.07906	1.07925	1356
2025-03-26 11:30:00	1.07928	1.07976	1.07912	1.07952	1172
2025-03-26 11:45:00	1.07952	1.07972	1.07911	1.07922	1318
2025-03-26 12:00:00	1.07922	1.07935	1.07826	1.0787	1707
2025-03-26 12:15:00	1.07873	1.07927	1.07842	1.07913	1447
2025-03-26 12:30:00	1.07913	1.07913	1.07836	1079	2552
2025-03-26 12:45:00	1.07897	1.07899	1.07817	1.07841	2639
2025-03-26 13:00:00	1.07843	1.07906	1.07828	1.07839	2477
2025-03-26 13:15:00	1.07841	1.07843	1.07702	1.07705	3405
2025-03-26 13:30:00	1.07705	1.07789	1.07675	1.07732	3230
2025-03-26 13:45:00	1.07733	1.07793	1.07725	1.07747	2872
2025-03-26 14:00:00	1.07745	1.07879	1.07729	1.07879	2203
2025-03-26 14:15:00	1.07879	1.0795	1.07859	1.07925	3589
2025-03-26 14:30:00	1.07928	1.07936	1.07879	1.07932	2738
2025-03-26 14:45:00	1.0793	1.07951	1.07878	1.07906	2289
2025-03-26 15:00:00	1.07905	1.07943	1.07857	1.07869	2397
2025-03-26 15:15:00	1.0787	1.07889	1.07816	1.07849	2122
2025-03-26 15:30:00	1.07849	1.07895	1.07831	1.07832	1763
2025-03-26 15:45:00	1.0783	1.07841	1.07673	1.07807	4408
2025-03-26 16:00:00	1.07807	1.07839	1.07767	1.07806	3511
2025-03-26 16:15:00	1.07808	1.07906	1.07791	1.07877	2745
2025-03-26 16:30:00	1.07878	1.07915	1.07861	1.07876	2104
2025-03-26 16:45:00	1.07875	1.07915	1.07862	1.07874	1636
2025-03-26 17:00:00	1.07875	1.07891	1.07801	1.07803	2016
2025-03-26 17:15:00	1.07801	1.07801	1.07547	1.07568	5564
2025-03-26 17:30:00	1.07567	1.07708	1.07516	1.07603	4057
2025-03-26 17:45:00	1.07602	1.07621	1.07525	1.07565	2564
2025-03-26 18:00:00	1.07563	1.07614	1.0756	1.0758	2025
2025-03-26 18:15:00	1.07579	1.07602	1.07537	1.07546	1578
2025-03-26 18:30:00	1.07549	1.07583	1.0753	1.07581	1082
2025-03-26 18:45:00	1.07579	1.07588	1.0754	1.07551	1149
2025-03-26 19:00:00	1.07552	1.07558	1.07491	1.07495	980
2025-03-26 19:15:00	1.07499	1.07511	1.07449	1.07454	973
2025-03-26 19:30:00	1.07455	1.07495	1.07437	1.07493	1226
2025-03-26 19:45:00	1.07494	1.07532	1.07485	1.07512	1451
2025-03-26 20:00:00	1.07512	1.07551	1.07505	1.07538	663
2025-03-26 20:15:00	1.07537	1.07556	1.07523	1.07532	724
2025-03-26 20:30:00	1.07532	1.07565	1.07528	1.07539	707
2025-03-26 20:45:00	1.07536	1.07547	1.07503	1.07528	1034
2025-03-26 21:00:00	1.07524	1.07556	1.07519	1.07538	206
2025-03-26 21:15:00	1.07533	1.07547	1.07354	1.07372	1362
2025-03-26 21:30:00	1.07371	1.07427	1.07344	1.07405	788
2025-03-26 21:45:00	1.07402	1.07438	1.07355	1.07362	448
2025-03-26 22:00:00	1.07363	1.07444	1.07363	1.07365	1500
2025-03-26 22:15:00	1.07367	1.07393	1.07328	1.07347	2124
2025-03-26 22:30:00	1.07347	1.07368	1.07331	1.07363	750
2025-03-26 22:45:00	1.07364	1.07396	1.07361	1.0737	645
2025-03-26 23:00:00	1.07368	1.07394	1.07354	1.07393	494
2025-03-26 23:15:00	1.07395	1.07425	1.07359	1.0741	684
2025-03-26 23:30:00	1.07408	1.07437	1.07404	1.07436	466
2025-03-26 23:45:00	1.07436	1.07443	1.07402	1.07409	358
2025-03-27 00:00:00	1.07411	1.07496	1.07407	1.07474	1052
2025-03-27 00:15:00	1.07473	1.07473	1.07431	1.07448	913
2025-03-27 00:30:00	1.07448	1.07529	1.07443	1.07499	871
2025-03-27 00:45:00	1.07498	1.07574	1.07494	1.07554	1196
2025-03-27 01:00:00	1.07555	1.07603	1.0755	1.0759	1105
2025-03-27 01:15:00	1.0759	1.07641	1.0759	1.0764	1001
2025-03-27 01:30:00	1.07644	1.07653	1.07606	1.07628	1165
2025-03-27 01:45:00	1.07629	1.07688	1.07625	1.07649	1294
2025-03-27 02:00:00	1.07649	1.07745	1.07649	1.07741	1231
2025-03-27 02:15:00	1.07742	1.07771	1.07732	1.07763	1022
2025-03-27 02:30:00	1.07765	1.07798	1.07748	1.07767	1178
2025-03-27 02:45:00	1.07769	1.07794	1.07756	1.07758	775
2025-03-27 03:00:00	1.07758	1.07777	1.07732	1.07764	824
2025-03-27 03:15:00	1.0777	1.07786	1.07727	1.07739	488
2025-03-27 03:30:00	1.07739	1.07757	1.07737	1.07747	707
2025-03-27 03:45:00	1.07748	1.07797	1.07748	1.0778	368
2025-03-27 04:00:00	1.07782	1.07844	1.07769	1.07819	582
2025-03-27 04:15:00	1.07823	1.0786	1.07812	1.07855	736
2025-03-27 04:30:00	1.07855	1.07869	1.0781	1.07823	548
2025-03-27 04:45:00	1.0782	1.0782	1.07796	1.07803	745
2025-03-27 05:00:00	1.07802	1.07806	1.07773	1.07778	507
2025-03-27 05:15:00	1.07777	1.07811	1.07772	1.07792	488
2025-03-27 05:30:00	1.07791	1.07791	1.07768	1.07772	473
2025-03-27 05:45:00	1.07772	1.07774	1.07636	1.07691	2024
2025-03-27 06:00:00	1.0769	1.07764	1.0768	1.07729	1448
2025-03-27 06:15:00	1.07729	1.07755	1.07718	1.07739	867
2025-03-27 06:30:00	1.07741	1.07824	1.07741	1.07819	1651
2025-03-27 06:45:00	1.07818	1.07822	1.07716	1.07729	1445
2025-03-27 07:00:00	1.07729	1.07729	1.07642	1.0771	2986
2025-03-27 07:15:00	1.07711	1.07743	1.07623	1.07639	2776
2025-03-27 07:30:00	1.07638	1.07668	1.0754	1.07634	2716
2025-03-27 07:45:00	1.07633	1.07694	1.07609	1.07644	2101
2025-03-27 08:00:00	1.07646	1.07662	1.07573	1.07637	4335
2025-03-27 08:15:00	1.07636	1.07656	1.07554	1.0758	2973
2025-03-27 08:30:00	1.07578	1.07732	1.07569	1.0772	2461
2025-03-27 08:45:00	1.07721	1.07766	1.07699	1.07758	2269
2025-03-27 09:00:00	1.07756	1.0779	1.07706	1.07731	2276
2025-03-27 09:15:00	1.07731	1.07737	1.07655	1.07661	1699
2025-03-27 09:30:00	1.07661	1.07682	1.0761	1.07647	1541
2025-03-27 09:45:00	1.07647	1.07712	1.07641	1.07707	1687
2025-03-27 10:00:00	1.07706	1.07729	1.07667	1.07686	2073
2025-03-27 10:15:00	1.07685	1.07742	1.07665	1.07697	2132
2025-03-27 10:30:00	1.07696	1.0777	1.07676	1.07766	1568
2025-03-27 10:45:00	1.07768	1.07816	1.07762	1.07816	1535
2025-03-27 11:00:00	1.07815	1.07995	1.07786	1.0796	2113
2025-03-27 11:15:00	1.07959	1.07963	1.07827	1.07845	1757
2025-03-27 11:30:00	1.07843	1.0788	1.07793	1.07797	1593
2025-03-27 11:45:00	1.07798	1.07877	1.07792	1.07868	1625
2025-03-27 12:00:00	1.07868	1.07939	1.07838	1.07935	1525
2025-03-27 12:15:00	1.07935	1.07936	1.07862	1.07888	1601
2025-03-27 12:30:00	1.07889	1.07977	1.07884	1.07964	2412
2025-03-27 12:45:00	1.07964	1.07981	1.0783	1.07868	1921
2025-03-27 13:00:00	1.0787	1.07924	1.0781	1.07823	1811
2025-03-27 13:15:00	1.07824	1.07844	1.07769	1.07795	1925
2025-03-27 13:30:00	1.07795	1.07964	1.07779	1.07959	2138
2025-03-27 13:45:00	1.07959	1.07971	1.07762	1.07797	2922
2025-03-27 14:00:00	1078	1.07881	1.07789	1.07825	2505
2025-03-27 14:15:00	1.07829	1.07842	1.07779	1.07813	2128
2025-03-27 14:30:00	1.07813	1.07845	1.07771	1.0782	2216
2025-03-27 14:45:00	1.07821	1.07945	1.07794	1.07891	2244
2025-03-27 15:00:00	1.07892	1.07936	1.07853	1.07922	2029
2025-03-27 15:15:00	1.07921	1.07984	1.07918	1.07976	1921
2025-03-27 15:30:00	1.07974	1.0821	1.07967	1.08156	3269
2025-03-27 15:45:00	1.08155	1.08202	1.07967	1.07995	5186
2025-03-27 16:00:00	1.07995	1.07998	1.0793	1.0794	3091
2025-03-27 16:15:00	1.07941	1.07997	1.07929	1.07959	2078
2025-03-27 16:30:00	1.07961	1.07984	1.07914	1.07936	1617
2025-03-27 16:45:00	1.07939	1.07992	1.07918	1.07989	1711
2025-03-27 17:00:00	1.07989	1.08067	1.07964	1.08044	1545
2025-03-27 17:15:00	1.08045	1.08085	1.07977	1.07979	1512
2025-03-27 17:30:00	1.0798	1.07992	1.07918	1.07923	1299
2025-03-27 17:45:00	1.07922	1.0795	1.07893	1.07895	1233
2025-03-27 18:00:00	1.07896	1.07959	1.07889	1.07958	882
2025-03-27 18:15:00	1.07959	1.07964	1.07913	1.07958	723
2025-03-27 18:30:00	1.07958	1.07981	1.07919	1.07944	994
2025-03-27 18:45:00	1.07941	1.07962	1.07904	1.07908	770
2025-03-27 19:00:00	1.07907	1.07965	1.07881	1.07956	839
2025-03-27 19:15:00	1.07955	1.07981	1.07949	1.07979	568
2025-03-27 19:30:00	1.07978	1.07996	1.07969	1.07984	824
2025-03-27 19:45:00	1.07983	1.07993	1.07938	1.07947	666
2025-03-27 20:00:00	1.07945	1.07982	1.07936	1.07965	301
2025-03-27 20:15:00	1.07966	1.07984	1.0796	1.07965	155
2025-03-27 20:30:00	1.07964	1.07989	1.07959	1.07988	280
2025-03-27 20:45:00	1.07987	1.0802	1.07987	1.08007	664
2025-03-27 21:00:00	1.08004	1.08004	1.07941	1.07978	198
2025-03-27 21:15:00	1.07976	1.07986	1.07953	1.07968	1029
2025-03-27 21:30:00	1.07969	1.07972	1.07957	1.07969	262
2025-03-27 21:45:00	1.07972	1.07973	1.07963	1.07969	161
2025-03-27 22:00:00	1.07971	1.07987	1.07955	1.07956	430
2025-03-27 22:15:00	1.07957	1.07969	1.07957	1.07963	259
2025-03-27 22:30:00	1.07964	1.07981	1.07961	1.07969	280
2025-03-27 22:45:00	1.0797	1.07978	1.07951	1.07963	243
2025-03-27 23:00:00	1.07963	1.07977	1.0796	1.07977	238
2025-03-27 23:15:00	1.07977	1.07979	1.07966	1.07971	158
2025-03-27 23:30:00	1.07971	1.08012	1.07966	1.08006	260
2025-03-27 23:45:00	1.08006	1.0801	1.07993	1.08006	302
2025-03-28 00:00:00	1.08005	1.08005	1.07941	1.07946	927
2025-03-28 00:15:00	1.07945	1.07965	1.07917	1.0794	705
2025-03-28 00:30:00	1.07942	1.07947	1.07879	1.07892	1265
2025-03-28 00:45:00	1.0789	1.0795	1.07885	1.07948	939
2025-03-28 01:00:00	1.07949	1.07963	1.07935	1.07956	1086
2025-03-28 01:15:00	1.07954	1.0798	1.07924	1.07935	1113
2025-03-28 01:30:00	1.07934	1.07987	1.07933	1.07964	747
2025-03-28 01:45:00	1.07962	1.07962	1.07913	1.07934	719
2025-03-28 02:00:00	1.07936	1.07967	1.0793	1.07935	715
2025-03-28 02:15:00	1.07935	1.07961	1.07929	1.07936	690
2025-03-28 02:30:00	1.07935	1.07938	1.07901	1.07907	680
2025-03-28 02:45:00	1.07908	1.07946	1.07904	1.07944	917
2025-03-28 03:00:00	1.07944	1.07967	1.07944	1.07958	511
2025-03-28 03:15:00	1.07959	1.07962	1.07927	1.07927	451
2025-03-28 03:30:00	1.07929	1.07943	1.07922	1.07935	477
2025-03-28 03:45:00	1.07935	1.07942	1.07907	1.07917	626
2025-03-28 04:00:00	1.07917	1.07928	1.07871	1.07876	774
2025-03-28 04:15:00	1.07876	1.0789	1.07845	1.07867	989
2025-03-28 04:30:00	1.07868	1.07903	1.07854	1.07895	548
2025-03-28 04:45:00	1.07894	1.07899	1.0787	1.07884	510
2025-03-28 05:00:00	1.07884	1.07904	1.07875	1.07879	906
2025-03-28 05:15:00	1.07877	1.07892	1.07861	1.07891	559
2025-03-28 05:30:00	1.07891	1.07905	1.07877	1.07883	687
2025-03-28 05:45:00	1.07884	1.07931	1.07866	1.07907	859
2025-03-28 06:00:00	1.07906	1.0792	1.07868	1.07868	623
2025-03-28 06:15:00	1.0787	1.07888	1.07854	1.0786	747
2025-03-28 06:30:00	1.07858	1.07875	1.07824	1.07868	898
2025-03-28 06:45:00	1.07873	1.07895	1.07831	1.07848	733
2025-03-28 07:00:00	1.07848	1.07911	1.07836	1.07902	1395
2025-03-28 07:15:00	1.07904	1.07995	1.07877	1.07992	1647
2025-03-28 07:30:00	1.07993	1.07998	1.07904	1.0791	1737
2025-03-28 07:45:00	1.07903	1.0791	1.07815	1.0787	1748
2025-03-28 08:00:00	1.07867	1.07964	1.07832	1.07847	2918
2025-03-28 08:15:00	1.07845	1.0787	1.07784	1.07797	1576
2025-03-28 08:30:00	1.07797	1.0782	1.07751	1.0777	2312
2025-03-28 08:45:00	1.0777	1.07809	1.07752	1.07782	1458
2025-03-28 09:00:00	1.07782	1.07804	1.07748	1.0776	1984
2025-03-28 09:15:00	1.0776	1.07797	1.07687	1.07714	2064
2025-03-28 09:30:00	1.07715	1.0779	1.07702	1.07785	1789
2025-03-28 09:45:00	1.07784	1.07795	1.07727	1.07734	1612
2025-03-28 10:00:00	1.07735	1.0775	1.07674	1.07734	1703
2025-03-28 10:15:00	1.07734	1.0776	1.07717	1.0776	1532
2025-03-28 10:30:00	1.07764	1.07784	1.07715	1.07773	1689
2025-03-28 10:45:00	1.07773	1.07775	1.07685	1.07685	1744
2025-03-28 11:00:00	1.07686	1.07717	1.07644	1.07691	1499
2025-03-28 11:15:00	1.07691	1.07713	1.07678	1.0771	936
2025-03-28 11:30:00	1.07711	1.07724	1.07678	1.07712	1309
2025-03-28 11:45:00	1.07712	1.07747	1.07695	1.07716	1051
2025-03-28 12:00:00	1.07717	1.07731	1.07653	1.07703	1175
2025-03-28 12:15:00	1.07703	1.07738	1.0769	1.07697	1553
2025-03-28 12:30:00	1.07695	1.0781	1.07651	1.07803	2928
2025-03-28 12:45:00	1.07803	1.07918	1.07799	1.07888	2722
2025-03-28 13:00:00	1.07887	1.0804	1.07847	1.07931	3848
2025-03-28 13:15:00	1.0793	1.08099	1.07901	1.0804	3366
2025-03-28 13:30:00	1.08038	1.08082	1.08	1.08029	3083
2025-03-28 13:45:00	1.08029	1.08168	1.08007	1.08103	2450
2025-03-28 14:00:00	1.08103	1.08211	1.0809	1.0816	2940
2025-03-28 14:15:00	1.08158	1.08311	1.08139	1.08274	2740
2025-03-28 14:30:00	1.08274	1.08314	1.0821	1.08238	2711
2025-03-28 14:45:00	1.08238	1.08291	1.08187	1.08229	2267
2025-03-28 15:00:00	1.08229	1.08358	1.08228	1.08333	2800
2025-03-28 15:15:00	1.08332	1.08432	1.08315	1.08407	2831
2025-03-28 15:30:00	1.08405	1.08447	1.08323	1.08336	2360
2025-03-28 15:45:00	1.08335	1.08339	1.08189	1.08248	3624
2025-03-28 16:00:00	1.08249	1.0831	1.08215	1.08216	2453
2025-03-28 16:15:00	1.08217	1.0833	1.08217	1.08307	1737
2025-03-28 16:30:00	1.08309	1.08325	1.08242	1.08273	1401
2025-03-28 16:45:00	1.08273	1.08282	1.08199	1.08215	1403
2025-03-28 17:00:00	1.08215	1.08236	1.08174	1.08206	1388
2025-03-28 17:15:00	1.08207	1.08209	1.0812	1.08178	1608
2025-03-28 17:30:00	1.08178	1.08286	1.08167	1.08275	1577
2025-03-28 17:45:00	1.08276	1.08278	1.08187	1.08195	1202
2025-03-28 18:00:00	1.08193	1.08206	1.08138	1.08155	973
2025-03-28 18:15:00	1.08156	1.08216	1.08135	1.08198	996
2025-03-28 18:30:00	1.08196	1.08267	1.08191	1.08234	998
2025-03-28 18:45:00	1.08233	1.08277	1.08233	1.08243	1634
2025-03-28 19:00:00	1.08244	1.08284	1.08242	1.08247	886
2025-03-28 19:15:00	1.08248	1.08285	1.08244	1.08258	951
2025-03-28 19:30:00	1.08258	1.08285	1.08239	1.08245	835
2025-03-28 19:45:00	1.08244	1.08263	1.08229	1.08255	1217
2025-03-28 20:00:00	1.08254	1.08281	1.0825	1.08262	368
2025-03-28 20:15:00	1.08263	1.08325	1.08263	1.08323	396
2025-03-28 20:30:00	1.08323	1.08359	1.0831	1.08323	936
2025-03-28 20:45:00	1.08323	1.08339	1.08237	1.08237	1731
2025-03-30 21:00:00	1.08228	1.08274	1.08219	1.08274	37
2025-03-30 21:15:00	1.08274	1.0828	1.08238	1.08238	58
2025-03-30 21:30:00	1.08239	1.08239	1.08145	1.0816	251
2025-03-30 21:45:00	1.08162	1.08168	1.08139	1.0815	168
2025-03-30 22:00:00	1.08149	1.08181	1.08059	1.08087	2096
2025-03-30 22:15:00	1.08087	1.08146	1.08049	1.08137	1783
2025-03-30 22:30:00	1.08136	1.08216	1.08129	1.08205	1021
2025-03-30 22:45:00	1.08206	1.08221	1.08198	1.08205	749
2025-03-30 23:00:00	1.08206	1.0829	1.08205	1.08215	1961
2025-03-30 23:15:00	1.08218	1.0822	1.08106	1.08118	1229
2025-03-30 23:30:00	1.08117	1.08234	1.08116	1.08224	1394
2025-03-30 23:45:00	1.08222	1.0825	1.08207	1.08234	1039
2025-03-31 00:00:00	1.08235	1.08299	1.0823	1.08293	1372
2025-03-31 00:15:00	1.08292	1.08341	1.08278	1.08318	1519
2025-03-31 00:30:00	1.08319	1.08391	1.08313	1.08384	1208
2025-03-31 00:45:00	1.08384	1.08415	1.08362	1.08415	1414
2025-03-31 01:00:00	1.08415	1.08448	1.0841	1.08424	1557
2025-03-31 01:15:00	1.08421	1.08448	1.08399	1.08444	1551
2025-03-31 01:30:00	1.08443	1.08454	1.08421	1.08425	1149
2025-03-31 01:45:00	1.08426	1.08432	1.0831	1.08324	2974
2025-03-31 02:00:00	1.08323	1.0834	1.08288	1.08328	1145
2025-03-31 02:15:00	1.08326	1.08433	1.0831	1.08416	1383
2025-03-31 02:30:00	1.08415	1.08454	1.08409	1.08453	898
2025-03-31 02:45:00	1.08454	1.08458	1.08399	1.08404	737
2025-03-31 03:00:00	1.08404	1.08414	1.08353	1.08359	1970
2025-03-31 03:15:00	1.08356	1.08376	1.08347	1.08367	1021
2025-03-31 03:30:00	1.08366	1.08376	1.08338	1.08351	789
2025-03-31 03:45:00	1.0835	1.08359	1.08323	1.08327	762
2025-03-31 04:00:00	1.08328	1.08358	1.08313	1.08345	970
2025-03-31 04:15:00	1.08344	1.08356	1.08315	1.08335	750
2025-03-31 04:30:00	1.08333	1.08345	1.08319	1.08335	1265
2025-03-31 04:45:00	1.08336	1.08349	1.0831	1.08341	746
2025-03-31 05:00:00	1.08341	1.08381	1.08314	1.0834	1509
2025-03-31 05:15:00	1.08339	1.08412	1.08337	1.08394	805
2025-03-31 05:30:00	1.08393	1.08427	1.08372	1.08419	946
2025-03-31 05:45:00	1.08419	1.08419	1.08311	1.08342	1427
2025-03-31 06:00:00	1.08342	1.08348	1.08247	1.08287	2414
2025-03-31 06:15:00	1.08287	1.08335	1.08258	1.08293	2460
2025-03-31 06:30:00	1.08292	1.08369	1.08281	1.08348	2632
2025-03-31 06:45:00	1.08349	1.08447	1.08324	1.08371	2781
2025-03-31 07:00:00	1.08371	1.08492	1.08304	1.08322	3894
2025-03-31 07:15:00	1.08321	1.08357	1.08259	1.08274	3881
2025-03-31 07:30:00	1.08272	1.08318	1.08208	1.08212	2498
2025-03-31 07:45:00	1.08212	1.08334	1.08206	1.08313	2597
2025-03-31 08:00:00	1.08313	1.0834	1.08188	1.08224	3356
2025-03-31 08:15:00	1.08222	1.08245	1.08115	1.0812	2334
2025-03-31 08:30:00	1.08117	1.08248	1.08117	1.08218	2052
2025-03-31 08:45:00	1.08217	1.08296	1.08209	1.08273	2066
2025-03-31 09:00:00	1.08272	1.08303	1.08248	1.08269	1751
2025-03-31 09:15:00	1.08268	1.08291	1.08255	1.08259	1562
2025-03-31 09:30:00	1.08259	1.0827	1.08216	1.08224	1178
2025-03-31 09:45:00	1.08223	1.08236	1.08145	1.0816	1925
2025-03-31 10:00:00	1.08159	1.0819	1.08056	1.08081	2520
2025-03-31 10:15:00	1.08082	1.08157	1.08054	1.08155	1759
2025-03-31 10:30:00	1.08155	1.08183	1.08106	1.08116	1829
2025-03-31 10:45:00	1.08114	1.08208	1.08097	1.08182	2385
2025-03-31 11:00:00	1.08183	1.08291	1.08178	1.08255	2373
2025-03-31 11:15:00	1.08257	1.08286	1.0815	1.08184	2283
2025-03-31 11:30:00	1.08182	1.08264	1.08171	1.08264	2005
