Timestamp	Open	High	Low	Close	Volume
2023-08-21 13:30:00	1.08925	1.0897	1.08804	1.08871	14353
2023-08-21 14:00:00	1.08872	1.08902	1.08779	1.08827	11597
2023-08-21 14:30:00	1.08827	1.08883	1.08753	1.08873	10051
2023-08-21 15:00:00	1.08872	1.08923	1.08819	1.08864	7511
2023-08-21 15:30:00	1.08862	1.08886	1.08831	1.08877	6202
2023-08-21 16:00:00	1.08877	1.08976	1.08874	1.08975	4838
2023-08-21 16:30:00	1.08976	1.09042	1.08968	1.09016	3614
2023-08-21 17:00:00	1.09016	1.09033	1.08965	1.09017	6363
2023-08-21 17:30:00	1.09019	1.09032	1.08976	1.08991	3784
2023-08-21 18:00:00	1.08993	1.09029	1.08984	1.08993	4442
2023-08-21 18:30:00	1.08994	1.0901	1.08973	1.08984	4513
2023-08-21 19:00:00	1.08984	1.09015	1.08958	1.08978	3701
2023-08-21 19:30:00	1.08979	1.08985	1.08945	1.08961	3979
2023-08-21 20:00:00	1.08961	1.08962	1.08927	1.08929	1103
2023-08-21 20:30:00	1.0893	1.08959	1.08928	1.08952	1762
2023-08-21 21:00:00	1.08952	1.08958	1.08944	1.08944	185
2023-08-21 21:30:00	1.08944	1.08962	1.08924	1.08961	278
2023-08-21 22:00:00	1.08961	1.08977	1.08955	1.08964	829
2023-08-21 22:30:00	1.08965	1.08965	1.0895	1.0896	588
2023-08-21 23:00:00	1.08959	1.08995	1.08958	1.08991	1148
2023-08-21 23:30:00	1.0899	1.09015	1.08974	1.08975	1166
2023-08-22 00:00:00	1.08974	1.08991	1.08932	1.0895	3917
2023-08-22 00:30:00	1.08949	1.09004	1.08935	1.09004	3327
2023-08-22 01:00:00	1.09005	1.09075	1.08979	1.09072	3475
2023-08-22 01:30:00	1.09074	1.09098	1.0902	1.09062	5162
2023-08-22 02:00:00	1.09063	1.09128	1.09063	1.09108	3372
2023-08-22 02:30:00	1.09107	1.0912	1.09075	1.09076	4445
2023-08-22 03:00:00	1.09077	1.09149	1.09057	1.09142	5094
2023-08-22 03:30:00	1.0914	1.09158	1.09131	1.0915	3045
2023-08-22 04:00:00	1.09149	1.09168	1.09137	1.09137	2977
2023-08-22 04:30:00	1.09138	1.09141	1.09089	1.09091	2849
2023-08-22 05:00:00	1.0909	1.09137	1.0908	1.09128	5633
2023-08-22 05:30:00	1.09129	1.09132	1.09046	1.09055	4881
2023-08-22 06:00:00	1.09053	1.09208	1.09053	1.09194	8935
2023-08-22 06:30:00	1.09193	1092	1.09137	1.09179	6990
2023-08-22 07:00:00	1.09177	1.09262	1.09174	1.09255	5262
2023-08-22 07:30:00	1.09255	1.09303	1.09232	1.09255	6445
2023-08-22 08:00:00	1.09255	1.09285	1.09158	1.09173	7398
2023-08-22 08:30:00	1.09173	1.09188	1.09067	1.09099	6112
2023-08-22 09:00:00	1.09098	1.09123	1.08989	1.08994	5659
2023-08-22 09:30:00	1.08995	1.09075	1.08983	1.09066	5558
2023-08-22 10:00:00	1.09068	1.09101	1.0887	1.08887	4902
2023-08-22 10:30:00	1.08889	1.08926	1.08855	1.08868	4692
2023-08-22 11:00:00	1.08867	1.08877	1.08829	1.08834	4346
2023-08-22 11:30:00	1.08834	1.08906	1.08805	1.08847	3529
2023-08-22 12:00:00	1.08849	1.08906	1.08835	1.08862	5712
2023-08-22 12:30:00	1.08861	1.08899	1.08648	1.08661	10907
2023-08-22 13:00:00	1.0866	1.08711	1.08565	1.08584	12356
2023-08-22 13:30:00	1.08584	1.08606	1.08413	1.08436	15909
2023-08-22 14:00:00	1.08437	1.08537	1.08413	1.08417	12824
2023-08-22 14:30:00	1.08415	1.0854	1.08329	1.08511	12930
2023-08-22 15:00:00	1.08511	1.08547	1.08443	1.0849	8835
2023-08-22 15:30:00	1.08492	1.08557	1.08445	1.08455	4937
2023-08-22 16:00:00	1.08455	1.08511	1.08452	1.08478	4024
2023-08-22 16:30:00	1.08479	1.08498	1.0846	1.08493	2735
2023-08-22 17:00:00	1.08494	1.08539	1.08475	1.08537	2887
2023-08-22 17:30:00	1.08538	1.08549	1.08504	1.08525	4105
2023-08-22 18:00:00	1.08525	1.08549	1.08505	1.08535	3254
2023-08-22 18:30:00	1.08536	1.08553	1.0852	1.08522	3496
2023-08-22 19:00:00	1.08523	1.08524	1.08462	1.08463	4267
2023-08-22 19:30:00	1.08462	1.08469	1.08434	1.08457	4110
2023-08-22 20:00:00	1.08456	1.08473	1.08452	1.08469	2200
2023-08-22 20:30:00	1.08468	1.08489	1.08443	1.08443	1817
2023-08-22 21:00:00	1.08443	1.08456	1.08443	1.08446	131
2023-08-22 21:30:00	1.08446	1.08456	1.08446	1.08449	141
2023-08-22 22:00:00	1.08448	1.08469	1.08446	1.08463	512
2023-08-22 22:30:00	1.08464	1.08475	1.0846	1.0846	638
2023-08-22 23:00:00	1.0846	1.08474	1.08456	1.08474	744
2023-08-22 23:30:00	1.08474	1.0848	1.08461	1.08464	1264
2023-08-23 00:00:00	1.08465	1.08534	1.08457	1.08529	3196
2023-08-23 00:30:00	1.0853	1.08533	1.08465	1.0847	3106
2023-08-23 01:00:00	1.08469	1.08546	1.08446	1.08535	3426
2023-08-23 01:30:00	1.08536	1.08561	1.08505	1.08549	4379
2023-08-23 02:00:00	1.08548	1.08575	1.08524	1.08533	4041
2023-08-23 02:30:00	1.08533	1.08571	1.08531	1.08544	2849
2023-08-23 03:00:00	1.08543	1.08552	1.08518	1.08531	3235
2023-08-23 03:30:00	1.08531	1.08596	1.0853	1.08574	4077
2023-08-23 04:00:00	1.08574	1.08579	1.08549	1.0856	2199
2023-08-23 04:30:00	1.0856	1.08607	1.08549	1.08606	2627
2023-08-23 05:00:00	1.08606	1.08627	1.08593	1.08615	3429
2023-08-23 05:30:00	1.08617	1.08633	1.08583	1.08623	5382
2023-08-23 06:00:00	1.08622	1.08631	1.08525	1.08548	6697
2023-08-23 06:30:00	1.08548	1.08646	1.0852	1.08613	4020
2023-08-23 07:00:00	1.08612	1.08713	1.08581	1.08669	10435
2023-08-23 07:30:00	1.08669	1.08669	1.08118	1.08179	19619
2023-08-23 08:00:00	1.08178	1.08303	1.08176	1.08275	12345
2023-08-23 08:30:00	1.08273	1.08273	1.08154	1.0819	14312
2023-08-23 09:00:00	1.0819	1.08202	1.08102	1.08174	7825
2023-08-23 09:30:00	1.08175	1.08203	1.08083	1.08098	7021
2023-08-23 10:00:00	1.08097	1.08119	1.08061	1.08079	6430
2023-08-23 10:30:00	1.08078	1.08118	1.08054	1.08075	5273
2023-08-23 11:00:00	1.08073	1.08119	1.0804	1.08101	5736
2023-08-23 11:30:00	1.08102	1.08183	1.08089	1.08111	4649
2023-08-23 12:00:00	1.08111	1.08127	1.08044	1.08056	8285
2023-08-23 12:30:00	1.08057	1.08106	1.08025	1.08042	9881
2023-08-23 13:00:00	1.08042	1.08294	1.08033	1.08282	11175
2023-08-23 13:30:00	1.08282	1.08447	1.08253	1.08377	26152
2023-08-23 14:00:00	1.08377	1.08538	1.08347	1.08496	23378
2023-08-23 14:30:00	1.08497	1.08533	1.08409	1.08455	12262
2023-08-23 15:00:00	1.08455	1.08533	1.08446	1.08527	8033
2023-08-23 15:30:00	1.08525	1.08627	1.08507	1.08613	6041
2023-08-23 16:00:00	1.08612	1.08682	1.08561	1.08675	5469
2023-08-23 16:30:00	1.08675	1.08676	1.08616	1.08629	5129
2023-08-23 17:00:00	1.08628	1087	1.08596	1.08663	6164
2023-08-23 17:30:00	1.08665	1.08695	1.08642	1.08647	3473
2023-08-23 18:00:00	1.08646	1.08647	1.08574	1.08593	3665
2023-08-23 18:30:00	1.08594	1.08624	1.08558	1.08586	4868
2023-08-23 19:00:00	1.08586	1.08658	1.08584	1.08657	4476
2023-08-23 19:30:00	1.08658	1.08666	1.08629	1.08638	3521
2023-08-23 20:00:00	1.08637	1.08656	1.0861	1.08617	2003
2023-08-23 20:30:00	1.08617	1.08644	1.08617	1.08617	2875
2023-08-23 21:00:00	1.08614	1.08665	1.08614	1.0866	360
2023-08-23 21:30:00	1.08659	1.08659	1.08611	1.08619	1844
2023-08-23 22:00:00	1.08621	1.08672	1.08616	1.08653	1565
2023-08-23 22:30:00	1.08653	1.08654	1.08636	1.08643	1463
2023-08-23 23:00:00	1.08643	1.08647	1.08625	1.08628	1583
2023-08-23 23:30:00	1.08628	1.08659	1.08609	1.08654	2016
2023-08-24 00:00:00	1.08655	1.0875	1.08633	1.08713	3520
2023-08-24 00:30:00	1.08714	1.0873	1.08663	1.08697	3746
2023-08-24 01:00:00	1.08696	1087	1.08598	1.08609	5395
2023-08-24 01:30:00	1.0861	1.08635	1.08584	1.08609	4102
2023-08-24 02:00:00	1.08609	1.08637	1.08583	1.08588	3878
2023-08-24 02:30:00	1.08589	1.08673	1.08587	1.0865	4098
2023-08-24 03:00:00	1.0865	1.0871	1.0863	1.08708	3434
2023-08-24 03:30:00	1.08708	1.08708	1.08645	1.08657	3639
2023-08-24 04:00:00	1.08658	1.08695	1.08637	1.0869	2487
2023-08-24 04:30:00	1.0869	1.08699	1.08647	1.08697	2962
2023-08-24 05:00:00	1.08697	1.08753	1.08697	1.08737	3162
2023-08-24 05:30:00	1.08737	1.08764	1.08687	1.08707	3635
2023-08-24 06:00:00	1.08707	1.08734	1.08608	1.08613	6763
2023-08-24 06:30:00	1.08613	1.08626	1.08563	1.08567	6436
2023-08-24 07:00:00	1.08568	1.08605	1.0853	1.08569	8322
2023-08-24 07:30:00	1.0857	1.08579	1.08519	1.08562	7478
2023-08-24 08:00:00	1.08561	1.08643	1.08551	1.08629	5615
2023-08-24 08:30:00	1.08628	1.08639	1.0857	1.08619	5532
2023-08-24 09:00:00	1.08619	1.08635	1.08557	1.0857	4949
2023-08-24 09:30:00	1.08569	1.08574	1.08468	1.08483	6146
2023-08-24 10:00:00	1.08484	1.0856	1.08465	1.08538	4565
2023-08-24 10:30:00	1.08537	1.08563	1.08513	1.08546	4129
2023-08-24 11:00:00	1.08546	1.08585	1.08501	1.08537	4682
2023-08-24 11:30:00	1.08536	1.08549	1.08416	1.08421	6556
2023-08-24 12:00:00	1.08423	1.08441	1.0836	1.08429	7370
2023-08-24 12:30:00	1.08429	1.08429	1.08142	1.08207	17666
2023-08-24 13:00:00	1.08207	1.08328	1.08207	1.08288	9207
2023-08-24 13:30:00	1.08286	1.08441	1.08204	1.08419	13038
2023-08-24 14:00:00	1.0842	1.08486	1.08359	1.08391	16304
2023-08-24 14:30:00	1.08391	1.08478	1.0835	1.08393	18087
2023-08-24 15:00:00	1.08392	1.08406	1.0829	1.08304	8595
2023-08-24 15:30:00	1.08305	1.08322	1.08225	1.08255	6643
2023-08-24 16:00:00	1.08254	1.08277	1.08221	1.08257	4155
2023-08-24 16:30:00	1.08255	1.08261	1.08179	1.08212	3793
2023-08-24 17:00:00	1.08213	1.08239	1.08197	1.08206	5071
2023-08-24 17:30:00	1.08205	1.08227	1.08137	1.08159	3274
2023-08-24 18:00:00	1.0816	1.08199	1.08112	1.08125	5226
2023-08-24 18:30:00	1.08124	1.08155	1.08087	1.08091	3833
2023-08-24 19:00:00	1.08091	1.08122	1.08072	1.08106	4548
2023-08-24 19:30:00	1.08106	1.08124	1.08056	1.08058	4967
2023-08-24 20:00:00	1.08057	1.08096	1.0805	1.08078	1769
2023-08-24 20:30:00	1.0808	1.08116	1.08068	1.08097	2272
2023-08-24 21:00:00	1.08098	1.08126	1.08071	1.08114	354
2023-08-24 21:30:00	1.08113	1.08159	1.0811	1.08126	931
2023-08-24 22:00:00	1.08126	1.08126	1.08098	1.08104	735
2023-08-24 22:30:00	1.08103	1.08107	1.08065	1.08069	665
2023-08-24 23:00:00	1.0807	1.0807	1.07928	1.08011	3537
2023-08-24 23:30:00	1.08011	1.08018	1.07959	1.0799	1740
2023-08-25 00:00:00	1.07989	1.0804	1.07972	1.07973	3588
2023-08-25 00:30:00	1.07974	1.07985	1.07933	1.07945	2890
2023-08-25 01:00:00	1.07943	1.0795	1.07915	1.07945	2955
2023-08-25 01:30:00	1.07945	1.07945	1.07873	1.0789	3946
2023-08-25 02:00:00	1.0789	1.07894	1.07827	1.07874	4660
2023-08-25 02:30:00	1.07874	1.07884	1.07842	1.0786	2771
2023-08-25 03:00:00	1.07859	1.07875	1.07831	1.07839	2262
2023-08-25 03:30:00	1.0784	1.0785	1.07799	1.07804	1740
2023-08-25 04:00:00	1.07804	1.07824	1.07781	1.0779	1546
2023-08-25 04:30:00	1.0779	1.07833	1.07768	1.07825	2640
2023-08-25 05:00:00	1.07824	1.0784	1.07782	1.07821	2420
2023-08-25 05:30:00	1.07821	1.07914	1.07816	1.07899	4025
2023-08-25 06:00:00	1.07899	1.07907	1.07837	1079	6484
2023-08-25 06:30:00	1079	1.07906	1.07798	1.07809	4418
2023-08-25 07:00:00	1.07808	1.0792	1.07806	1.07852	6747
2023-08-25 07:30:00	1.07851	1.07904	1.07683	1.07712	7435
2023-08-25 08:00:00	1.07711	1.07838	1.07661	1.0778	8008
2023-08-25 08:30:00	1.07781	1.07881	1.07781	1.07862	4197
2023-08-25 09:00:00	1.07862	1.0791	1.07847	1.07907	3720
2023-08-25 09:30:00	1.07907	1.07946	1.07872	1.07898	4691
2023-08-25 10:00:00	1.07898	1.07982	1.07895	1.07966	3995
2023-08-25 10:30:00	1.07965	1.08033	1.07949	1.08028	3535
2023-08-25 11:00:00	1.08029	1.08113	1.08017	1.08048	5103
2023-08-25 11:30:00	1.08049	1.08069	1.07993	1.08028	5934
2023-08-25 12:00:00	1.08027	1.08111	1.08004	1.08091	4856
2023-08-25 12:30:00	1.08092	1.08172	1.08081	1.08127	6903
2023-08-25 13:00:00	1.08126	1.08149	1.08024	1.08044	7540
2023-08-25 13:30:00	1.08043	1.08095	1.0799	1.08078	11055
2023-08-25 14:00:00	1.08078	1.08417	1.07899	1.07902	41447
2023-08-25 14:30:00	1.07903	1.0791	1.07658	1.07716	26526
2023-08-25 15:00:00	1.07716	1.07876	1.07681	1.07856	18541
2023-08-25 15:30:00	1.07855	1.07909	1.0783	1.07862	13577
2023-08-25 16:00:00	1.07866	1.0798	1.07856	1.07967	8824
2023-08-25 16:30:00	1.07965	1.08001	1.07924	1.07963	5987
2023-08-25 17:00:00	1.07962	1.08026	1.07956	1.0799	5918
2023-08-25 17:30:00	1.0799	1.07994	1.07908	1.07987	6157
2023-08-25 18:00:00	1.07986	1.08108	1.07986	1.08106	4418
2023-08-25 18:30:00	1.08108	1.08125	1.08051	1.08073	5626
2023-08-25 19:00:00	1.08073	1.08107	1.08062	1.08093	3468
2023-08-25 19:30:00	1.08093	1.08106	1.07995	1.08028	3179
2023-08-25 20:00:00	1.08029	1.08031	1.07922	1.07923	2535
2023-08-25 20:30:00	1.07924	1.07947	1.07906	1.07906	2900
2023-08-27 21:00:00	1.07957	1.07966	1.07941	1.07948	1077
2023-08-27 21:30:00	1.07948	1.07973	1.07947	1.07952	1710
2023-08-27 22:00:00	1.07959	1.08006	1.07951	1.0796	999
2023-08-27 22:30:00	1.07959	1.07978	1.07943	1.07946	879
2023-08-27 23:00:00	1.07947	1.0801	1.07933	1.0799	2213
2023-08-27 23:30:00	1.0799	1.0799	1.07948	1.07968	2052
2023-08-28 00:00:00	1.07969	1.08029	1.07961	1.08011	3133
2023-08-28 00:30:00	1.08012	1.08046	1.08002	1.08023	2561
2023-08-28 01:00:00	1.08022	1.08099	1.08021	1.08085	4274
2023-08-28 01:30:00	1.08087	1.08092	1.08018	1.08024	4462
2023-08-28 02:00:00	1.08026	1.08069	1.08012	1.08063	3165
2023-08-28 02:30:00	1.08063	1.08098	1.08062	1.08087	2506
2023-08-28 03:00:00	1.08086	1.08096	1.08074	1.0808	1549
2023-08-28 03:30:00	1.08079	1.08101	1.08071	1.08094	2422
2023-08-28 04:00:00	1.08093	1.08111	1.08086	1.08087	1234
2023-08-28 04:30:00	1.08088	1.08091	1.08059	1.08076	3315
2023-08-28 05:00:00	1.08076	1.0811	1.08052	1.08092	4122
2023-08-28 05:30:00	1.08093	1.08136	1.08085	1.08101	2923
2023-08-28 06:00:00	1081	1.08183	1081	1.08146	3254
2023-08-28 06:30:00	1.08146	1.0819	1.08145	1.0816	3798
2023-08-28 07:00:00	1.08159	1.08195	1.08136	1.08148	4636
2023-08-28 07:30:00	1.08146	1.08208	1.08078	1.08087	5294
2023-08-28 08:00:00	1.08085	1.08105	1.08015	1.08034	5650
2023-08-28 08:30:00	1.08034	1.08078	1.07993	1.08005	4825
2023-08-28 09:00:00	1.08004	1.08068	1.08	1.08025	3477
2023-08-28 09:30:00	1.08024	1.08091	1.08005	1.08077	3695
2023-08-28 10:00:00	1.08076	1.08172	1.08059	1.08157	4408
2023-08-28 10:30:00	1.08159	1.08221	1.08104	1.08117	5237
2023-08-28 11:00:00	1.08116	1.08126	1.08062	1.08075	4512
2023-08-28 11:30:00	1.08076	1.08096	1.08028	1.08043	4972
2023-08-28 12:00:00	1.08045	1.08112	1.08023	1.08062	5068
2023-08-28 12:30:00	1.08063	1.08111	1.08028	1.08102	6093
2023-08-28 13:00:00	1.08102	1.08131	1.08011	1.08054	5785
2023-08-28 13:30:00	1.08055	1.08113	1.07992	1.08071	10321
2023-08-28 14:00:00	1.08073	1.08094	1.07989	1.08076	8984
2023-08-28 14:30:00	1.08075	1.08141	1.08035	1.08056	8684
2023-08-28 15:00:00	1.08055	1.08075	1.08027	1.0805	8840
2023-08-28 15:30:00	1.08049	1081	1.08048	1.0809	8932
2023-08-28 16:00:00	1.08089	1.08099	1.08039	1.08059	4318
2023-08-28 16:30:00	1.08059	1.08124	1.08048	1.08075	2687
2023-08-28 17:00:00	1.08075	1.08099	1.08039	1.08099	3695
2023-08-28 17:30:00	1.08099	1.08109	1.08067	1.08085	3374
2023-08-28 18:00:00	1.08084	1.08094	1.08054	1.08081	3082
2023-08-28 18:30:00	1.08083	1.08121	1.08072	1.08115	2220
2023-08-28 19:00:00	1.08116	1.0814	1.08089	1.0814	3436
2023-08-28 19:30:00	1.0814	1.08198	1.08138	1.08179	3653
2023-08-28 20:00:00	1.08179	1.0818	1.08151	1.08171	1197
2023-08-28 20:30:00	1.0817	1.08194	1.08165	1.08183	2153
2023-08-28 21:00:00	1.08183	1.08183	1.0814	1.08166	639
2023-08-28 21:30:00	1.08169	1.08232	1.08156	1.08192	948
2023-08-28 22:00:00	1.08191	1.0827	1.0819	1.08238	675
2023-08-28 22:30:00	1.08238	1.08258	1.0822	1.08256	701
2023-08-28 23:00:00	1.08256	1.08296	1.08251	1.0829	1565
2023-08-28 23:30:00	1.08295	1.08298	1.08241	1.08255	1466
2023-08-29 00:00:00	1.08255	1.08315	1.08255	1.08268	2425
2023-08-29 00:30:00	1.08268	1.08273	1.08213	1.08237	2552
2023-08-29 01:00:00	1.08237	1.08314	1.08234	1.08308	3319
2023-08-29 01:30:00	1.08308	1.08368	1.08305	1.08347	4933
2023-08-29 02:00:00	1.08348	1.08353	1.08295	1.08307	3337
2023-08-29 02:30:00	1.08306	1.08357	1.08298	1.08355	2523
2023-08-29 03:00:00	1.08355	1.08382	1.08329	1.08377	3029
2023-08-29 03:30:00	1.08377	1.08379	1.08354	1.08362	1482
2023-08-29 04:00:00	1.08362	1.08363	1.08307	1.08318	2118
2023-08-29 04:30:00	1.08318	1.08318	1.0824	1.08242	1938
2023-08-29 05:00:00	1.08242	1.0826	1.08216	1.08217	3064
2023-08-29 05:30:00	1.08217	1.08246	1.08207	1.08216	4712
2023-08-29 06:00:00	1.08215	1.08233	1.08154	1.08177	3896
2023-08-29 06:30:00	1.08177	1.08201	1.08083	1.08086	5105
2023-08-29 07:00:00	1.08086	1.08254	1.08086	1.08238	5682
2023-08-29 07:30:00	1.08238	1.08296	1.08163	1.08204	6015
2023-08-29 08:00:00	1.08205	1.08227	1.08082	1.08102	7144
2023-08-29 08:30:00	1.08101	1.08163	1.08085	1.08102	6293
2023-08-29 09:00:00	1.08101	1.08131	1.08055	1.08078	6331
2023-08-29 09:30:00	1.08077	1.08159	1.0807	1.08134	5099
2023-08-29 10:00:00	1.08134	1.08162	1.08082	1.08099	4736
2023-08-29 10:30:00	1.08098	1.08126	1.0804	1.08065	4338
2023-08-29 11:00:00	1.08065	1.08112	1.08038	1.08063	4166
2023-08-29 11:30:00	1.08063	1.0812	1.08037	1.08041	5333
2023-08-29 12:00:00	1.08042	1.08062	1.07862	1.07888	7884
2023-08-29 12:30:00	1.07887	1.0798	1.0787	1.07921	9960
2023-08-29 13:00:00	1.07921	1.07964	1.07822	1.07841	9500
2023-08-29 13:30:00	1.07841	1.08064	1.07835	1.08036	13830
2023-08-29 14:00:00	1.08037	1.08502	1.08036	1.08456	33213
2023-08-29 14:30:00	1.08454	1.0846	1.08227	1.08279	17898
2023-08-29 15:00:00	1.08279	1.08473	1.0826	1.08458	12471
2023-08-29 15:30:00	1.08459	1.08569	1.08444	1085	10969
2023-08-29 16:00:00	1.08499	1.08558	1.08466	1.08501	6319
2023-08-29 16:30:00	1.08505	1.08641	1.08481	1.08627	4884
2023-08-29 17:00:00	1.08627	1.08741	1.08625	1.08692	8313
2023-08-29 17:30:00	1.08691	1.08768	1.08683	1.08736	6495
2023-08-29 18:00:00	1.08734	1.08734	1.08604	1.08621	5790
2023-08-29 18:30:00	1.08623	1.0872	1.08616	1.08717	5796
2023-08-29 19:00:00	1.08718	1.08919	1.08694	1.08883	6923
2023-08-29 19:30:00	1.08882	1.08902	1.08841	1.08852	4287
2023-08-29 20:00:00	1.08852	1.08854	1.08826	1.08826	1618
2023-08-29 20:30:00	1.08827	1.08831	1.08782	1.08793	2030
2023-08-29 21:00:00	1.08789	1.08789	1.08727	1.08777	1298
2023-08-29 21:30:00	1.0878	1.08793	1.08762	1.08785	1046
2023-08-29 22:00:00	1.08785	1.08826	1.08779	1.08817	1016
2023-08-29 22:30:00	1.08815	1.08848	1.08801	1.08843	806
2023-08-29 23:00:00	1.08845	1.08849	1.08746	1.08764	1820
2023-08-29 23:30:00	1.08764	1.08773	1.08686	1.08691	2378
2023-08-30 00:00:00	1.08691	1.08714	1.08671	1.08696	3622
2023-08-30 00:30:00	1.08696	1.08717	1.08673	1.08698	3943
2023-08-30 01:00:00	1.08698	1.08708	1.08672	1.08708	4163
2023-08-30 01:30:00	1.08709	1.08721	1.08672	1.08686	5635
2023-08-30 02:00:00	1.08687	1.08702	1.08663	1.08671	4484
2023-08-30 02:30:00	1.08671	1.08679	1.08636	1.08672	5022
2023-08-30 03:00:00	1.08672	1.08688	1.08665	1.08683	2698
2023-08-30 03:30:00	1.08683	1.08693	1.08669	1.08691	1861
2023-08-30 04:00:00	1.0869	1.08692	1.08641	1.08647	4072
2023-08-30 04:30:00	1.08647	1.08653	1.08604	1.08606	2791
2023-08-30 05:00:00	1.08605	1.0862	1.08556	1.0856	4268
2023-08-30 05:30:00	1.0856	1.08708	1.08557	1.08663	8476
2023-08-30 06:00:00	1.08666	1.08766	1.08666	1.08729	7090
2023-08-30 06:30:00	1.08728	1.0874	1.08647	1.08687	5346
2023-08-30 07:00:00	1.0869	1.08736	1.08587	1.08619	9571
2023-08-30 07:30:00	1.08618	1.08675	1.08613	1.08647	5733
2023-08-30 08:00:00	1.08644	1.08651	1.08551	1.0861	9647
2023-08-30 08:30:00	1.08611	1.08676	1.08611	1.08672	6338
2023-08-30 09:00:00	1.08672	1.08883	1.08661	1.08876	7624
2023-08-30 09:30:00	1.08876	1.08935	1.08838	1.08889	5286
2023-08-30 10:00:00	1.08889	1.08893	1.08797	1.08844	6333
2023-08-30 10:30:00	1.08844	1.08915	1.08839	1.08904	4833
2023-08-30 11:00:00	1.08904	1.08916	1.08814	1.0886	4491
2023-08-30 11:30:00	1.0886	1.08861	1.08785	1.08787	6426
2023-08-30 12:00:00	1.08788	1.09018	1.08746	1.08932	17036
2023-08-30 12:30:00	1.08934	1.09258	1.08934	1.0921	27280
2023-08-30 13:00:00	1.09211	1.0927	1.09131	1.09267	18428
2023-08-30 13:30:00	1.09268	1.09454	1.09244	1.09448	12257
2023-08-30 14:00:00	1.09447	1.09449	1.09308	1.09398	16044
2023-08-30 14:30:00	1.09399	1.09442	1.09253	1.09287	13544
2023-08-30 15:00:00	1.09286	1.09344	1.09229	1.09327	10449
2023-08-30 15:30:00	1.09328	1.09329	1.09237	1.09258	6384
2023-08-30 16:00:00	1.09256	1.09257	1.09181	1.09238	5737
2023-08-30 16:30:00	1.09237	1.09261	1.09196	1.09257	6226
2023-08-30 17:00:00	1.09259	1.09328	1.09248	1.09299	4446
2023-08-30 17:30:00	1.09298	1.09307	1.09192	1.09202	4201
2023-08-30 18:00:00	1.09203	1.09219	1.09168	1.09177	6272
2023-08-30 18:30:00	1.09177	1.09241	1.09174	1.09234	6264
2023-08-30 19:00:00	1.09234	1.09244	1.09212	1.09215	6266
2023-08-30 19:30:00	1.09214	1.09219	1.09189	1.09216	3495
2023-08-30 20:00:00	1.09217	1.09239	1.09209	1.09224	2516
2023-08-30 20:30:00	1.09225	1.09239	1.09224	1.09227	1685
2023-08-30 21:00:00	1.09227	1.09251	1.0919	1.09232	788
2023-08-30 21:30:00	1.09233	1.09256	1.09223	1.09227	3011
2023-08-30 22:00:00	1.09225	1.0928	1.09225	1.09266	1236
2023-08-30 22:30:00	1.09265	1.09291	1.09258	1.09264	1206
2023-08-30 23:00:00	1.09264	1.09314	1.09264	1.09297	1344
2023-08-30 23:30:00	1.09298	1.09315	1.09287	1.09294	1098
2023-08-31 00:00:00	1.09292	1.09319	1.0928	1.09306	2237
2023-08-31 00:30:00	1.09306	1.09339	1.09289	1.0933	2604
2023-08-31 01:00:00	1.0933	1.09373	1.09322	1.09344	2772
2023-08-31 01:30:00	1.09348	1.09394	1.09277	1.09288	5900
2023-08-31 02:00:00	1.09292	1.09297	1.09236	1.09255	3697
2023-08-31 02:30:00	1.09254	1.09254	1.09209	1.09218	4661
2023-08-31 03:00:00	1.09217	1.09228	1.09204	1.09222	2369
2023-08-31 03:30:00	1.09223	1.09226	1092	1.09204	1665
2023-08-31 04:00:00	1.09205	1.0923	1.09195	1.09202	2096
2023-08-31 04:30:00	1.09203	1.09211	1.09182	1.09185	2375
2023-08-31 05:00:00	1.09185	1.09193	1.09168	1.0917	2732
2023-08-31 05:30:00	1.0917	1.09201	1.09169	1.09177	3177
2023-08-31 06:00:00	1.09178	1.09189	1.09109	1.09133	6093
2023-08-31 06:30:00	1.09133	1.09244	1.09067	1.09071	9326
2023-08-31 07:00:00	1.09072	1.09087	1.08899	1.08971	13226
2023-08-31 07:30:00	1.08971	1.09051	1.08919	1.08925	7524
2023-08-31 08:00:00	1.08925	1.08931	1.08851	1.08865	8627
2023-08-31 08:30:00	1.08866	1.08892	1.0877	1.08777	7269
2023-08-31 09:00:00	1.08777	1.08807	1.08646	1.08733	11676
2023-08-31 09:30:00	1.08733	1.08769	1.08702	1.08741	8339
2023-08-31 10:00:00	1.08742	1.08751	1.08628	1087	5860
2023-08-31 10:30:00	1.08701	1.08765	1.08681	1.08732	4293
2023-08-31 11:00:00	1.08733	1.08733	1.08657	1.08671	4902
2023-08-31 11:30:00	1.08672	1.08682	1.08575	1.08682	6183
2023-08-31 12:00:00	1.08683	1.08803	1.08653	1.08758	9824
2023-08-31 12:30:00	1.08756	1.08849	1.08659	1.08743	19622
2023-08-31 13:00:00	1.08743	1.08746	1.08545	1.08608	13113
2023-08-31 13:30:00	1.08608	1.08657	1.08403	1.08492	19438
2023-08-31 14:00:00	1.08493	1.08564	1.08444	1.08532	12665
2023-08-31 14:30:00	1.08532	1.08551	1.08401	1.08546	11847
2023-08-31 15:00:00	1.08546	1.0859	1.08429	1.08482	7402
2023-08-31 15:30:00	1.08481	1.08484	1.08366	1.08386	4502
2023-08-31 16:00:00	1.08385	1.08441	1.08351	1.08366	6820
2023-08-31 16:30:00	1.08366	1.08423	1.08354	1.08386	6836
2023-08-31 17:00:00	1.08388	1.08478	1.08365	1.08437	4857
2023-08-31 17:30:00	1.08437	1.08517	1.08423	1.08488	4977
2023-08-31 18:00:00	1.08489	1.08541	1.08485	1.08533	2531
2023-08-31 18:30:00	1.08535	1.08538	1.08436	1.08458	4484
2023-08-31 19:00:00	1.08457	1085	1.08454	1.08482	3719
2023-08-31 19:30:00	1.08482	1.08505	1.08424	1.08436	4127
2023-08-31 20:00:00	1.08437	1.0847	1.08413	1.08422	2047
2023-08-31 20:30:00	1.08423	1.08446	1.08412	1.08426	1596
2023-08-31 21:00:00	1.08429	1.0844	1.08347	1.08422	2004
2023-08-31 21:30:00	1.08422	1.08438	1.08408	1.08418	1130
2023-08-31 22:00:00	1.08417	1.08445	1.08417	1.08433	608
2023-08-31 22:30:00	1.08433	1.08438	1.08407	1.08418	768
2023-08-31 23:00:00	1.08417	1.08449	1.08417	1.08448	1512
2023-08-31 23:30:00	1.08449	1.08451	1.08423	1.08424	1022
2023-09-01 00:00:00	1.08422	1.08449	1.08378	1.08398	2473
2023-09-01 00:30:00	1.08399	1.08399	1.08363	1.08377	2356
2023-09-01 01:00:00	1.08377	1.08541	1.08377	1.08497	6095
2023-09-01 01:30:00	1.08498	1085	1.08433	1.08463	3718
2023-09-01 02:00:00	1.08463	1.08506	1.0845	1.08495	2710
2023-09-01 02:30:00	1.08495	1.08519	1.08416	1.0844	3022
2023-09-01 03:00:00	1.08439	1.08449	1.08399	1.08414	2415
2023-09-01 03:30:00	1.08416	1.08427	1.08398	1.08417	2012
2023-09-01 04:00:00	1.08416	1.08424	1.08378	1.08405	2611
2023-09-01 04:30:00	1.08405	1.0847	1.08404	1.08464	1923
2023-09-01 05:00:00	1.08463	1.08473	1.08452	1.08464	1387
2023-09-01 05:30:00	1.08465	1.08486	1.08438	1.08457	2216
2023-09-01 06:00:00	1.08457	1.08457	1.08298	1.08301	5491
2023-09-01 06:30:00	1083	1.08496	1.08284	1.08492	6912
2023-09-01 07:00:00	1.08494	1.0854	1.08445	1.08534	10790
2023-09-01 07:30:00	1.08534	1.08595	1.08534	1.08558	8691
2023-09-01 08:00:00	1.0856	1.08563	1.08477	1.08499	6416
2023-09-01 08:30:00	1.08499	1.08533	1.08463	1.08483	4763
2023-09-01 09:00:00	1.08483	1.08558	1.08477	1.08542	4461
2023-09-01 09:30:00	1.08541	1.0855	1.08476	1.08492	4312
2023-09-01 10:00:00	1.08493	1085	1.08437	1.08447	4304
2023-09-01 10:30:00	1.08447	1.08486	1.08436	1.08457	4270
2023-09-01 11:00:00	1.08456	1.08499	1.08414	1.08486	4494
2023-09-01 11:30:00	1.08487	1.08493	1.08331	1.08331	5130
2023-09-01 12:00:00	1.08332	1.08478	1.08324	1.08432	6495
2023-09-01 12:30:00	1.0843	1.08819	1.08374	1.08639	32408
2023-09-01 13:00:00	1.08641	1.08746	1.08514	1.08746	17428
2023-09-01 13:30:00	1.08748	1.08811	1.08425	1.0853	29792
2023-09-01 14:00:00	1.0853	1.0853	1.08125	1.08156	34460
2023-09-01 14:30:00	1.08155	1.08163	1.08042	1.08082	19339
2023-09-01 15:00:00	1.08082	1.08082	1.07904	1.07929	11217
2023-09-01 15:30:00	1.07929	1.07936	1.07863	1.07865	7910
2023-09-01 16:00:00	1.07865	1.07865	1.07819	1.0784	4903
2023-09-01 16:30:00	1.07839	1.07854	1078	1.07838	4317
2023-09-01 17:00:00	1.07838	1.07885	1.07819	1.07875	3349
2023-09-01 17:30:00	1.07875	1.0789	1.07842	1.07843	3152
2023-09-01 18:00:00	1.07842	1.07845	1.07775	1.07775	2389
2023-09-01 18:30:00	1.07775	1078	1.07751	1.07786	2202
2023-09-01 19:00:00	1.07787	1.07804	1.07732	1.07737	2676
2023-09-01 19:30:00	1.07738	1.07749	1.07722	1.07749	1654
2023-09-01 20:00:00	1.07749	1.07773	1.07749	1.07771	1955
2023-09-01 20:30:00	1.0777	1.0777	1.07716	1.07717	2100
2023-09-03 21:00:00	1.07748	1.07815	1.07738	1.0775	210
2023-09-03 21:30:00	1.07765	1.07767	1.07724	1.07744	269
2023-09-03 22:00:00	1.07743	1.07767	1.07718	1.07724	852
2023-09-03 22:30:00	1.07723	1.07755	1.07722	1.07733	905
2023-09-03 23:00:00	1.07731	1.07761	1.07716	1.07716	1704
2023-09-03 23:30:00	1.07717	1.07764	1.07717	1.07756	1099
2023-09-04 00:00:00	1.07758	1.07763	1.07731	1.07745	1667
2023-09-04 00:30:00	1.07746	1.07801	1.07741	1.07787	2515
2023-09-04 01:00:00	1.07786	1.0782	1.07771	1.07817	2797
2023-09-04 01:30:00	1.07816	1.07816	1.07747	1.07764	4161
2023-09-04 02:00:00	1.07765	1.07853	1.07765	1.07844	2696
2023-09-04 02:30:00	1.07844	1.07872	1.07837	1.07856	3448
2023-09-04 03:00:00	1.07857	1.07868	1.07839	1.07845	1916
2023-09-04 03:30:00	1.07846	1.0787	1.0784	1.07857	1964
2023-09-04 04:00:00	1.07857	1.07861	1.07811	1.07817	1411
2023-09-04 04:30:00	1.07818	1.0787	1.07815	1.07868	2071
2023-09-04 05:00:00	1.07869	1.07885	1.07859	1.07882	2321
2023-09-04 05:30:00	1.07884	1.07904	1.07854	1.07868	3094
2023-09-04 06:00:00	1.07867	1.07909	1.07834	1.07903	4563
2023-09-04 06:30:00	1.07903	1.07941	1.07893	1.07899	3708
2023-09-04 07:00:00	1.07901	1.08065	1.07886	1.08048	9214
2023-09-04 07:30:00	1.08048	1.08068	1.0795	1.07952	8992
2023-09-04 08:00:00	1.07952	1.0801	1.07919	1.07932	5605
2023-09-04 08:30:00	1.07932	1.07984	1.07907	1.07977	3860
2023-09-04 09:00:00	1.07978	1.08009	1.07923	1.07977	4378
2023-09-04 09:30:00	1.07977	1.08002	1.07937	1.07944	3782
2023-09-04 10:00:00	1.07947	1.08029	1.07934	1.08022	4072
2023-09-04 10:30:00	1.0802	1.08047	1.08005	1.08047	2076
2023-09-04 11:00:00	1.08047	1.08087	1.08028	1.08061	2235
2023-09-04 11:30:00	1.0806	1.08065	1.07994	1.08001	4698
2023-09-04 12:00:00	1.08002	1.08016	1.07976	1.07987	3972
2023-09-04 12:30:00	1.07987	1.08009	1.07951	1.07974	4081
2023-09-04 13:00:00	1.07973	1.08053	1.07973	1.08017	3234
2023-09-04 13:30:00	1.08016	1.0804	1.0795	1.07956	4243
2023-09-04 14:00:00	1.07955	1.07956	1.07851	1.07907	3086
2023-09-04 14:30:00	1.07907	1.0791	1.07832	1.07844	3164
2023-09-04 15:00:00	1.07845	1.07909	1.07836	1.07903	3470
2023-09-04 15:30:00	1.07903	1.07995	1.07902	1.07988	1932
2023-09-04 16:00:00	1.07988	1.08	1.07937	1.07949	2294
2023-09-04 16:30:00	1.07948	1.07958	1.07922	1.07937	1140
2023-09-04 17:00:00	1.07937	1.07954	1.0793	1.0795	664
2023-09-04 17:30:00	1.0795	1.0796	1.07949	1.07949	209
2023-09-04 18:00:00	1.07949	1.07957	1.07948	1.07954	386
2023-09-04 18:30:00	1.07955	1.07963	1.07953	1.07953	85
2023-09-04 19:00:00	1.07952	1.07953	1.07932	1.07935	431
2023-09-04 19:30:00	1.07934	1.07941	1.07929	1.07938	457
2023-09-04 20:00:00	1.0794	1.07968	1.0794	1.07957	684
2023-09-04 20:30:00	1.07957	1.07965	1.07933	1.07939	451
2023-09-04 21:00:00	1.07939	1.07948	1.07897	1.07919	246
2023-09-04 21:30:00	1.07926	1.0795	1.07925	1.07948	547
2023-09-04 22:00:00	1.07947	1.07977	1.07943	1.07966	652
2023-09-04 22:30:00	1.07967	1.07968	1.07945	1.07945	335
2023-09-04 23:00:00	1.07945	1.0795	1.0793	1.07941	1222
2023-09-04 23:30:00	1.0794	1.07947	1.07912	1.07913	930
2023-09-05 00:00:00	1.07912	1.07924	1.07886	1.07895	1622
2023-09-05 00:30:00	1.07894	1.07936	1.07894	1.07931	1746
2023-09-05 01:00:00	1.07931	1.07964	1.07905	1.07964	2574
2023-09-05 01:30:00	1.07965	1.07982	1.07852	1.07885	5001
2023-09-05 02:00:00	1.07885	1.07887	1.07852	1.07862	3224
2023-09-05 02:30:00	1.07862	1.0788	1.07834	1.07873	3454
2023-09-05 03:00:00	1.07872	1.07874	1.07807	1.07862	2315
2023-09-05 03:30:00	1.07864	1.07886	1.07857	1.07884	1612
2023-09-05 04:00:00	1.07884	1.07907	1.07867	1.07907	1726
2023-09-05 04:30:00	1.07909	1.07938	1.07894	1.07921	2361
2023-09-05 05:00:00	1.07922	1.07937	1.07868	1.07875	2979
2023-09-05 05:30:00	1.07874	1.0788	1.07819	1.07858	4025
2023-09-05 06:00:00	1.07858	1.07863	1.07622	1.07677	9169
2023-09-05 06:30:00	1.07676	1.07691	1.07579	1.07666	8201
2023-09-05 07:00:00	1.07666	1.07716	1.07607	1.07615	11407
2023-09-05 07:30:00	1.07615	1.07674	1.07544	1.07564	13476
2023-09-05 08:00:00	1.07563	1.07587	1.0742	1.07422	13974
2023-09-05 08:30:00	1.07424	1.07542	1.07421	1.07481	8808
2023-09-05 09:00:00	1.07481	1.07569	1.07466	1.07489	6738
2023-09-05 09:30:00	1.0749	1.07539	1.07446	1.07482	5865
2023-09-05 10:00:00	1.0748	1.07491	1.07433	1.0746	5994
2023-09-05 10:30:00	1.07461	1.0748	1.07385	1.07395	5361
2023-09-05 11:00:00	1.07394	1.07397	1.07292	1.07331	7120
2023-09-05 11:30:00	1.0733	1.07386	1.07322	1.07325	5157
2023-09-05 12:00:00	1.07325	1.07352	1.07226	1.07242	8118
2023-09-05 12:30:00	1.07241	1.0748	1.07167	1.07439	19857
2023-09-05 13:00:00	1.07441	1.07486	1.07332	1.07452	20373
2023-09-05 13:30:00	1.07456	1.07471	1.07258	1.0729	18466
2023-09-05 14:00:00	1.07292	1073	1.07167	1.07249	16822
2023-09-05 14:30:00	1.0725	1.07271	1.07072	1.07082	11632
2023-09-05 15:00:00	1.07083	1.07149	1.07062	1.07103	9633
2023-09-05 15:30:00	1.07103	1.07323	1.07092	1.07265	8178
2023-09-05 16:00:00	1.07265	1.07308	1.07248	1.07258	5839
2023-09-05 16:30:00	1.07257	1.0732	1.07238	1.07295	3240
2023-09-05 17:00:00	1.07295	1.07313	1.07241	1.07274	2663
2023-09-05 17:30:00	1.07273	1.07291	1.07224	1.0723	3169
2023-09-05 18:00:00	1.07229	1.07267	1.07207	1.07245	4428
2023-09-05 18:30:00	1.07245	1.0725	1.07207	1.07215	2020
2023-09-05 19:00:00	1.07216	1.07249	1.07193	1.07244	3140
2023-09-05 19:30:00	1.07245	1.07272	1.07202	1.07213	3387
2023-09-05 20:00:00	1.07213	1.07216	1.0719	1.07204	1812
2023-09-05 20:30:00	1.07204	1.07229	1.07204	1.07216	1713
2023-09-05 21:00:00	1.07214	1.0724	1.0721	1.07218	647
2023-09-05 21:30:00	1.07218	1.07246	1.07217	1.07226	725
2023-09-05 22:00:00	1.07225	1.07262	1.07221	1.07249	406
2023-09-05 22:30:00	1.0725	1.07261	1.07236	1.0726	406
2023-09-05 23:00:00	1.07261	1.0728	1.07247	1.07265	2808
2023-09-05 23:30:00	1.07264	1.07276	1.07238	1.07244	1572
2023-09-06 00:00:00	1.07246	1.07259	1.07202	1.07204	2243
2023-09-06 00:30:00	1.07205	1.07216	1.07151	1.07193	3344
2023-09-06 01:00:00	1.07194	1.07216	1.07152	1.07184	3713
2023-09-06 01:30:00	1.07186	1.07193	1.07131	1.07143	6479
2023-09-06 02:00:00	1.07143	1.07248	1.07143	1.07244	3752
2023-09-06 02:30:00	1.07245	1.07341	1.07244	1.07339	3435
2023-09-06 03:00:00	1.07339	1.07343	1.07291	1.07335	2847
2023-09-06 03:30:00	1.07335	1.07342	1.07304	1.07332	2060
2023-09-06 04:00:00	1.07331	1.0736	1.07313	1.07325	2177
2023-09-06 04:30:00	1.07325	1.07359	1.07302	1.07358	2476
2023-09-06 05:00:00	1.07358	1.07365	1.07326	1.07346	2426
2023-09-06 05:30:00	1.07345	1.07386	1.07331	1.07381	6645
2023-09-06 06:00:00	1.0738	1.07394	1.07274	1.07381	7225
2023-09-06 06:30:00	1.07381	1.07384	1.07292	1.07313	5215
2023-09-06 07:00:00	1.07313	1.0748	1.07242	1.07341	16063
2023-09-06 07:30:00	1.07339	1.07385	1.07274	1.07291	7824
2023-09-06 08:00:00	1.0729	1.07348	1.07231	1.07323	6028
2023-09-06 08:30:00	1.07322	1.07375	1.07308	1.07338	6430
2023-09-06 09:00:00	1.07339	1.07349	1.07257	1.07272	8958
2023-09-06 09:30:00	1.07275	1.07345	1.07247	1.07322	4606
2023-09-06 10:00:00	1.07325	1.07441	1.07325	1.07377	6280
2023-09-06 10:30:00	1.07378	1.07412	1.07354	1.07385	3506
2023-09-06 11:00:00	1.07386	1.07488	1.07386	1.07467	5367
2023-09-06 11:30:00	1.07466	1.07476	1.07384	1.07439	5219
2023-09-06 12:00:00	1.07438	1.07454	1.07345	1.07367	9172
2023-09-06 12:30:00	1.07368	1.07399	1.07341	1.07369	7447
2023-09-06 13:00:00	1.07368	1.07368	1.07288	1.07294	10392
2023-09-06 13:30:00	1.07293	1.07402	1.07251	1.07373	17567
2023-09-06 14:00:00	1.07375	1.07375	1.07025	1.0706	35847
2023-09-06 14:30:00	1.0706	1.07109	1.07048	1.07089	17867
2023-09-06 15:00:00	1.07091	1.07161	1.0705	1.07117	7915
2023-09-06 15:30:00	1.07115	1.07186	1.07107	1.0713	5877
2023-09-06 16:00:00	1.07129	1.07205	1.07112	1.07191	4787
2023-09-06 16:30:00	1.0719	1.0721	1.07141	1.07208	5453
2023-09-06 17:00:00	1.07207	1.07289	1.07201	1.07273	3282
2023-09-06 17:30:00	1.07273	1.0729	1.0725	1.07279	2668
2023-09-06 18:00:00	1.07279	1.07295	1.07223	1.07239	2895
2023-09-06 18:30:00	1.07238	1.07291	1.07234	1.07257	2552
2023-09-06 19:00:00	1.07258	1.07281	1.07231	1.07271	2451
2023-09-06 19:30:00	1.07272	1.07272	1.07248	1.07261	4036
2023-09-06 20:00:00	1.07266	1.0728	1.0724	1.07251	1831
2023-09-06 20:30:00	1.07251	1.0727	1.07237	1.07268	1428
2023-09-06 21:00:00	1.07268	1.07268	1.07214	1.07224	222
2023-09-06 21:30:00	1.07223	1.07258	1.07223	1.07241	750
2023-09-06 22:00:00	1.07243	1.07275	1.07243	1.07261	1073
2023-09-06 22:30:00	1.07261	1.07262	1.07246	1.07251	798
2023-09-06 23:00:00	1.0725	1.07253	1.07226	1.07236	1196
2023-09-06 23:30:00	1.07235	1.07241	1.07221	1.07238	492
2023-09-07 00:00:00	1.07238	1.07258	1.07216	1.07245	1339
2023-09-07 00:30:00	1.07246	1.07246	1.0719	1.07222	2757
2023-09-07 01:00:00	1.07221	1.07283	1072	1.07251	2831
2023-09-07 01:30:00	1.0725	1.07308	1.07226	1.07307	2715
2023-09-07 02:00:00	1.07307	1.07307	1.07248	1.07258	3009
2023-09-07 02:30:00	1.07258	1.07279	1.07229	1.07278	2549
2023-09-07 03:00:00	1.07278	1.07286	1.07247	1.07284	1837
2023-09-07 03:30:00	1.07283	1.07317	1.07275	1.07297	1181
2023-09-07 04:00:00	1.07295	1.07302	1.07249	1.07249	868
2023-09-07 04:30:00	1.07249	1.07257	1.07179	1.0719	3968
2023-09-07 05:00:00	1.07191	1.07201	1.07155	1.07172	3722
2023-09-07 05:30:00	1.07172	1.07214	1.07166	1.07191	4985
2023-09-07 06:00:00	1.07191	1.07256	1.0717	1.07227	6034
2023-09-07 06:30:00	1.07226	1.07228	1.07148	1.07165	6888
2023-09-07 07:00:00	1.07166	1.07196	1.0709	1.07119	10581
2023-09-07 07:30:00	1.07119	1.07166	1.07081	1.07155	7974
2023-09-07 08:00:00	1.07155	1.07157	1.07077	1.07105	6922
2023-09-07 08:30:00	1.07103	1.07168	1.07082	1.07103	7668
2023-09-07 09:00:00	1.07105	1.07175	1.0707	1.07146	6100
2023-09-07 09:30:00	1.07147	1.07177	1.07098	1.07146	5964
2023-09-07 10:00:00	1.07145	1.07148	1.0707	1.07097	6593
2023-09-07 10:30:00	1.07097	1.07116	1.0704	1.07061	4125
2023-09-07 11:00:00	1.07062	1.07134	1.07062	1.07068	3754
2023-09-07 11:30:00	1.07067	1.0707	1.0703	1.07053	4090
2023-09-07 12:00:00	1.07052	1.07107	1.07014	1.07049	7364
2023-09-07 12:30:00	1.07051	1.07051	1.06861	1.06934	17421
2023-09-07 13:00:00	1.06932	1.07027	1.06927	1.06987	12993
2023-09-07 13:30:00	1.06988	1.07041	1.06911	1.06915	11051
2023-09-07 14:00:00	1.06915	1.06998	1.06863	1.06956	9512
2023-09-07 14:30:00	1.06956	1.07099	1.06937	1.07031	10157
2023-09-07 15:00:00	1.07032	1.07056	1.06946	1.07002	7599
2023-09-07 15:30:00	1.07001	1.07087	1.06984	1.07032	5044
2023-09-07 16:00:00	1.07032	1.07096	1.07031	1.07083	3419
2023-09-07 16:30:00	1.07082	1.07088	1.07039	1.0704	3240
2023-09-07 17:00:00	1.07039	1.07093	1.07028	1.07066	3591
2023-09-07 17:30:00	1.07067	1.07094	1.06985	1.06992	3299
2023-09-07 18:00:00	1.0699	1.07037	1.06976	1.07015	3119
2023-09-07 18:30:00	1.07014	1.07014	1.06941	1.06941	2444
2023-09-07 19:00:00	1.06941	1.06981	1.06939	1.06963	2348
2023-09-07 19:30:00	1.06963	1.07013	1.06937	1.06949	3545
2023-09-07 20:00:00	1.06949	1.06986	1.06947	1.06963	1135
2023-09-07 20:30:00	1.06963	1.06977	1.06952	1.06961	1500
2023-09-07 21:00:00	1.06962	1.06978	1.06955	1.06965	249
2023-09-07 21:30:00	1.06969	1.06981	1.06961	1.06969	386
2023-09-07 22:00:00	1.06969	1.06982	1.06956	1.06978	569
2023-09-07 22:30:00	1.06977	1.06986	1.06955	1.06955	376
2023-09-07 23:00:00	1.06956	1.06963	1.06941	1.06953	946
2023-09-07 23:30:00	1.06952	1.06974	1.06948	1.06973	838
2023-09-08 00:00:00	1.06975	1.07044	1.06971	1.07033	2078
2023-09-08 00:30:00	1.07033	1.07149	1.07024	1.07141	5210
2023-09-08 01:00:00	1.0714	1.07144	1.07047	1.07094	8520
2023-09-08 01:30:00	1.07093	1.07212	1.0709	1.0717	3250
2023-09-08 02:00:00	1.07172	1072	1.07143	1.07187	3865
2023-09-08 02:30:00	1.07186	1.07232	1.0717	1.07177	4363
2023-09-08 03:00:00	1.07178	1.07183	1.07151	1.07163	2886
2023-09-08 03:30:00	1.07164	1.07174	1.07148	1.07164	1638
2023-09-08 04:00:00	1.07165	1.07168	1.07142	1.07164	1635
2023-09-08 04:30:00	1.07164	1.07164	1.07126	1.07134	2156
2023-09-08 05:00:00	1.07136	1.0718	1.07134	1.07179	2016
2023-09-08 05:30:00	1.07179	1.07261	1.07177	1.07239	3681
2023-09-08 06:00:00	1.07238	1.07279	1.07197	1.07209	7760
2023-09-08 06:30:00	1.07208	1.07225	1.07145	1.07153	5730
2023-09-08 07:00:00	1.07155	1.0719	1.0711	1.07113	11639
2023-09-08 07:30:00	1.07113	1.07149	1.07076	1.07086	9689
2023-09-08 08:00:00	1.07087	1.07174	1.07076	1.07169	6178
2023-09-08 08:30:00	1.07168	1.07169	1071	1.07116	6491
2023-09-08 09:00:00	1.07116	1.07116	1.07007	1.07018	8899
2023-09-08 09:30:00	1.07019	1.07055	1.06992	1.07032	6396
2023-09-08 10:00:00	1.07031	1.07047	1.07	1.07009	5244
2023-09-08 10:30:00	1.07009	1.07028	1.06965	1.07003	6353
2023-09-08 11:00:00	1.07005	1.07048	1.06971	1.06985	5382
2023-09-08 11:30:00	1.06985	1.07007	1.06941	1.0699	5733
2023-09-08 12:00:00	1.0699	1.07057	1.06977	1.07039	7753
2023-09-08 12:30:00	1.0704	1.07134	1.07016	1.07023	9172
2023-09-08 13:00:00	1.07023	1.07114	1.06994	1.07114	8753
2023-09-08 13:30:00	1.07113	1.07262	1.07106	1.07262	17399
2023-09-08 14:00:00	1.07264	1.07438	1.07264	1.07291	17400
2023-09-08 14:30:00	1.0729	1.07321	1.07142	1.07152	8162
2023-09-08 15:00:00	1.07151	1.07172	1.07103	1.07135	6010
2023-09-08 15:30:00	1.07136	1.07161	1.07067	1.07087	6980
2023-09-08 16:00:00	1.07088	1.07134	1.07056	1.0706	2990
2023-09-08 16:30:00	1.07059	1.07065	1.07004	1.07043	6805
2023-09-08 17:00:00	1.07042	1.07106	1.07026	1.07072	5665
2023-09-08 17:30:00	1.07073	1.07098	1.07052	1.07056	5697
2023-09-08 18:00:00	1.07056	1.07085	1.07003	1.07008	5532
2023-09-08 18:30:00	1.07007	1.07023	1.06969	1.06978	4288
2023-09-08 19:00:00	1.06979	1.07005	1.06972	1.06985	1999
2023-09-08 19:30:00	1.06983	1.06995	1.06971	1.06992	2656
2023-09-08 20:00:00	1.06992	1.07015	1.06992	1.07011	3246
2023-09-08 20:30:00	1.07011	1.0703	1.06974	1.06974	2678
2023-09-10 21:00:00	1.07147	1.07148	1.07112	1.07119	135
2023-09-10 21:30:00	1.0712	1.07198	1.07115	1.0715	403
2023-09-10 22:00:00	1.0715	1.0715	1.07075	1.07099	1932
2023-09-10 22:30:00	1071	1.07119	1.07091	1.07114	1682
2023-09-10 23:00:00	1.07114	1.07119	1.07082	1.07113	3556
2023-09-10 23:30:00	1.07113	1.07204	1.07103	1.07162	3214
2023-09-11 00:00:00	1.07165	1.0721	1.07099	1.07123	5103
2023-09-11 00:30:00	1.07124	1.07156	1.07119	1.07133	3616
2023-09-11 01:00:00	1.07132	1.0719	1.07102	1.07159	4199
2023-09-11 01:30:00	1.07159	1.07208	1.07158	1.07194	5625
2023-09-11 02:00:00	1.07194	1.07244	1.07188	1.07243	3995
2023-09-11 02:30:00	1.07245	1.0728	1.07225	1.07239	2763
2023-09-11 03:00:00	1.07239	1.07251	1.07203	1.07205	2854
2023-09-11 03:30:00	1.07204	1.07238	1.07193	1.07225	2991
2023-09-11 04:00:00	1.07226	1.07313	1.07216	1.07313	2277
2023-09-11 04:30:00	1.07312	1.07376	1.07289	1.07353	5431
2023-09-11 05:00:00	1.07353	1.07393	1.0734	1.07384	8046
2023-09-11 05:30:00	1.07384	1.07412	1.07285	1.07287	5466
2023-09-11 06:00:00	1.07286	1.07329	1.07241	1.07253	7614
2023-09-11 06:30:00	1.07253	1.07354	1.0725	1.07331	4268
2023-09-11 07:00:00	1.07331	1.07374	1.07293	1.07306	7646
2023-09-11 07:30:00	1.07307	1.07326	1.0725	1.07258	5869
2023-09-11 08:00:00	1.07258	1.07321	1.07222	1.07314	5398
2023-09-11 08:30:00	1.07314	1.07332	1.07242	1.07285	6520
2023-09-11 09:00:00	1.07285	1.07293	1.07238	1.07255	4707
2023-09-11 09:30:00	1.07253	1.07343	1.07234	1.07325	4966
2023-09-11 10:00:00	1.07324	1.07334	1.07264	1.07286	6084
2023-09-11 10:30:00	1.07286	1.07338	1.07286	1.0732	4471
2023-09-11 11:00:00	1.0732	1.07322	1.07231	1.07265	4557
2023-09-11 11:30:00	1.07265	1.07285	1.07183	1.07197	5691
2023-09-11 12:00:00	1.07197	1.07261	1.07154	1.07213	9377
2023-09-11 12:30:00	1.07212	1.07277	1.07192	1.07275	7395
2023-09-11 13:00:00	1.07274	1.07356	1.07257	1.07349	6099
2023-09-11 13:30:00	1.07347	1.07369	1.07222	1.07357	15521
2023-09-11 14:00:00	1.07358	1.07593	1.07347	1.07529	12312
2023-09-11 14:30:00	1.07531	1.07557	1.07449	1.07457	9813
2023-09-11 15:00:00	1.07456	1.07497	1.07426	1.07427	6557
2023-09-11 15:30:00	1.07427	1.07467	1.0741	1.07425	3355
2023-09-11 16:00:00	1.07426	1.07577	1.07426	1.07577	4846
2023-09-11 16:30:00	1.07577	1.07578	1.07484	1.07509	2638
2023-09-11 17:00:00	1.07511	1.07523	1.07441	1.07472	3957
2023-09-11 17:30:00	1.07472	1.07479	1.07443	1.07458	2038
2023-09-11 18:00:00	1.07457	1.07508	1.07454	1.07498	2253
2023-09-11 18:30:00	1.07498	1.07513	1.07443	1.07451	2179
2023-09-11 19:00:00	1.07454	1.07491	1.07445	1.07487	2129
2023-09-11 19:30:00	1.07486	1.07503	1.07464	1.07489	2984
2023-09-11 20:00:00	1.07489	1.07507	1.07485	1.07499	1405
2023-09-11 20:30:00	1.07499	1.07501	1.07478	1.07497	1457
2023-09-11 21:00:00	1.07497	1.0753	1.07414	1.07481	740
2023-09-11 21:30:00	1.07481	1.07533	1.07471	1.07493	1562
2023-09-11 22:00:00	1.07495	1.07523	1.07495	1075	786
2023-09-11 22:30:00	1.07501	1.0751	1.07496	1.07497	155
2023-09-11 23:00:00	1.07497	1.07507	1.07489	1.07493	652
2023-09-11 23:30:00	1.07493	1.07498	1.07475	1.07476	1633
2023-09-12 00:00:00	1.07476	1.07478	1.0744	1.07441	2315
2023-09-12 00:30:00	1.0744	1.07472	1.07422	1.07439	3437
2023-09-12 01:00:00	1.07439	1.07692	1.07423	1.07442	6591
2023-09-12 01:30:00	1.07442	1.07443	1.07375	1.0741	4628
2023-09-12 02:00:00	1.0741	1.07454	1.0739	1.07441	4194
2023-09-12 02:30:00	1.07441	1.07512	1.07439	1.07509	3006
2023-09-12 03:00:00	1.0751	1.07512	1.07451	1.07452	3860
2023-09-12 03:30:00	1.07453	1.07482	1.07444	1.07463	3530
2023-09-12 04:00:00	1.07462	1.07464	1.07395	1.07403	4350
2023-09-12 04:30:00	1.07404	1.07411	1.07386	1.0739	2999
2023-09-12 05:00:00	1.0739	1.07407	1.0738	1.07389	4036
2023-09-12 05:30:00	1.07386	1074	1.07357	1.07362	5330
2023-09-12 06:00:00	1.07362	1.07408	1.07358	1.07379	5324
2023-09-12 06:30:00	1.07381	1.07391	1.07303	1.07324	5733
2023-09-12 07:00:00	1.07324	1.07347	1.07228	1.07269	9193
2023-09-12 07:30:00	1.07269	1.07269	1.07121	1.07135	7913
2023-09-12 08:00:00	1.07135	1.0722	1.07122	1.07201	7106
2023-09-12 08:30:00	1.07201	1.07234	1.07139	1.07144	6058
2023-09-12 09:00:00	1.07143	1.07232	1.07132	1.07224	8163
2023-09-12 09:30:00	1.07223	1.07259	1.07184	1.07224	6073
2023-09-12 10:00:00	1.07223	1.07243	1.07193	1.07199	5149
2023-09-12 10:30:00	1.07201	1.07219	1.07121	1.07161	4866
2023-09-12 11:00:00	1.07161	1.07172	1.07104	1.07132	5558
2023-09-12 11:30:00	1.0713	1.07185	1.07085	1.07181	5495
2023-09-12 12:00:00	1.07181	1.07188	1.0706	1.07109	7368
2023-09-12 12:30:00	1.07109	1.07208	1.07057	1.07073	12319
2023-09-12 13:00:00	1.07072	1.07154	1.07055	1.07128	8689
2023-09-12 13:30:00	1.07128	1.07188	1.07113	1.07173	9378
2023-09-12 14:00:00	1.07174	1.0718	1.07108	1.07133	6111
2023-09-12 14:30:00	1.07134	1.07175	1.07104	1.07138	4945
2023-09-12 15:00:00	1.07138	1073	1.07137	1.07297	5822
2023-09-12 15:30:00	1.07297	1073	1.07243	1.07253	4121
2023-09-12 16:00:00	1.07256	1.07375	1.07256	1.07327	5001
2023-09-12 16:30:00	1.07327	1.07327	1.07215	1.07232	4052
2023-09-12 17:00:00	1.07233	1.0734	1.07233	1.07323	2531
2023-09-12 17:30:00	1.07325	1.07335	1.07258	1.07259	3667
2023-09-12 18:00:00	1.07258	1.07337	1.07245	1.07333	3681
2023-09-12 18:30:00	1.07332	1.07343	1.07301	1.07321	2366
2023-09-12 19:00:00	1.07322	1.07337	1.07307	1.07309	2619
2023-09-12 19:30:00	1.0731	1.07314	1.07275	1.07281	3981
2023-09-12 20:00:00	1.07281	1.07416	1.07276	1.07413	2064
2023-09-12 20:30:00	1.07413	1.07648	1.07411	1.07534	2843
2023-09-12 21:00:00	1.07529	1.07543	1.07486	1.07528	820
2023-09-12 21:30:00	1.07529	1.07629	1.07529	1.0759	1000
2023-09-12 22:00:00	1.0759	1.07604	1.07545	1.07545	1082
2023-09-12 22:30:00	1.07548	1.07566	1.07545	1.07558	1004
2023-09-12 23:00:00	1.07558	1.07578	1.07546	1.07561	1519
2023-09-12 23:30:00	1.07562	1.07567	1.07525	1.07531	2486
2023-09-13 00:00:00	1.0753	1.07641	1.07529	1.07574	3155
2023-09-13 00:30:00	1.07575	1.07628	1.07575	1.07593	2384
2023-09-13 01:00:00	1.07592	1.07648	1.07577	1.07607	3443
2023-09-13 01:30:00	1.07606	1.07613	1.07556	1.07576	5528
2023-09-13 02:00:00	1.07576	1.07598	1.07482	1.07502	5262
2023-09-13 02:30:00	1.07502	1.07504	1.07451	1.07465	4432
2023-09-13 03:00:00	1.07466	1.07489	1.07446	1.07462	2793
2023-09-13 03:30:00	1.07465	1.07501	1.07462	1.07471	2003
2023-09-13 04:00:00	1.07472	1.07482	1.0746	1.0748	2191
2023-09-13 04:30:00	1.07479	1.07536	1.07471	1.07522	2575
2023-09-13 05:00:00	1.07522	1.07545	1.0746	1.07466	3725
2023-09-13 05:30:00	1.07466	1.07482	1.07419	1.07443	4555
2023-09-13 06:00:00	1.07442	1.07445	1.07357	1.0738	9542
2023-09-13 06:30:00	1.07381	1.07471	1.07348	1.07383	7875
2023-09-13 07:00:00	1.07383	1.07443	1.0731	1.07433	9657
2023-09-13 07:30:00	1.07436	1.07488	1.07405	1.07437	6246
2023-09-13 08:00:00	1.07436	1.07447	1.07378	1.07427	8060
2023-09-13 08:30:00	1.07426	1.07433	1.07316	1.0735	7995
2023-09-13 09:00:00	1.07351	1.07397	1.0731	1.07316	6816
2023-09-13 09:30:00	1.07316	1.07342	1.07288	1.07298	6038
2023-09-13 10:00:00	1.07298	1.0737	1.07285	1.07369	4269
2023-09-13 10:30:00	1.07369	1.07381	1.0731	1.07377	3865
2023-09-13 11:00:00	1.07377	1.07387	1.07302	1.07359	4491
2023-09-13 11:30:00	1.07359	1.07409	1.07353	1.07366	4541
2023-09-13 12:00:00	1.07364	1.07431	1.07288	1.07376	7260
2023-09-13 12:30:00	1.07376	1.07614	1.0711	1.07478	42131
2023-09-13 13:00:00	1.07478	1.07536	1.07292	1.07445	26276
2023-09-13 13:30:00	1.07448	1.07558	1.0735	1.07386	20319
2023-09-13 14:00:00	1.07387	1.07391	1.07271	1.07311	16269
2023-09-13 14:30:00	1.07311	1.07427	1.07304	1.07362	10795
2023-09-13 15:00:00	1.07381	1.07449	1.07357	1.07431	6431
2023-09-13 15:30:00	1.07432	1.07436	1.07312	1.07356	5685
2023-09-13 16:00:00	1.07357	1.07458	1.07346	1.07441	5931
2023-09-13 16:30:00	1.07442	1.07464	1.07388	1.07406	6441
2023-09-13 17:00:00	1.07407	1.07467	1.07372	1.07433	6672
2023-09-13 17:30:00	1.07434	1.07491	1.07432	1.07446	3304
2023-09-13 18:00:00	1.07446	1.07461	1.07383	1.07392	3525
2023-09-13 18:30:00	1.07393	1.07396	1.0732	1.0732	3272
2023-09-13 19:00:00	1.07321	1.07321	1.07278	1.07292	3238
2023-09-13 19:30:00	1.07292	1.07324	1.07288	1.07318	3196
2023-09-13 20:00:00	1.07318	1.0732	1.07306	1.07313	909
2023-09-13 20:30:00	1.07312	1.07314	1.0729	1.07291	754
2023-09-13 21:00:00	1.07287	1.07298	1.07284	1.07294	417
2023-09-13 21:30:00	1.07294	1.07306	1.07281	1.07299	2640
2023-09-13 22:00:00	1.07299	1.07338	1.0729	1.07334	741
2023-09-13 22:30:00	1.07334	1.0734	1.07315	1.07328	1653
2023-09-13 23:00:00	1.07329	1.07334	1.07303	1.07328	1334
2023-09-13 23:30:00	1.07328	1.07346	1.07322	1.07327	1604
2023-09-14 00:00:00	1.07327	1.07347	1.07301	1.07346	3359
2023-09-14 00:30:00	1.07347	1.07423	1.0733	1074	3365
2023-09-14 01:00:00	1.07401	1.07417	1.07353	1.07363	5446
2023-09-14 01:30:00	1.07366	1.07432	1.07354	1.07371	5255
2023-09-14 02:00:00	1.07371	1.0738	1.07316	1.07373	3288
2023-09-14 02:30:00	1.0737	1.07404	1.07358	1.07404	2619
2023-09-14 03:00:00	1.07407	1.07448	1.07407	1.07437	4195
2023-09-14 03:30:00	1.07436	1.07464	1.07434	1.07445	3110
2023-09-14 04:00:00	1.07446	1.07488	1.07441	1.07481	2529
2023-09-14 04:30:00	1.07482	1.07485	1.07451	1.07469	2712
2023-09-14 05:00:00	1.07471	1.07519	1.07471	1.07519	2615
2023-09-14 05:30:00	1.07519	1.07521	1.07463	1.07477	4409
2023-09-14 06:00:00	1.07478	1.07487	1.07431	1.0745	5685
2023-09-14 06:30:00	1.07449	1.07463	1.07406	1.07427	3437
2023-09-14 07:00:00	1.07428	1.07432	1.07358	1.07393	6659
2023-09-14 07:30:00	1.07392	1.07405	1.0733	1.07336	5503
2023-09-14 08:00:00	1.07336	1.07393	1.07322	1.07385	5772
2023-09-14 08:30:00	1.07386	1074	1.07321	1.07338	5737
2023-09-14 09:00:00	1.07335	1.07371	1.07302	1.07303	4244
2023-09-14 09:30:00	1.07301	1.07304	1.07245	1.07285	4356
2023-09-14 10:00:00	1.07283	1.07351	1.07273	1.0732	6022
2023-09-14 10:30:00	1.07321	1.07372	1.07304	1.0735	4605
2023-09-14 11:00:00	1.0735	1.07374	1.07326	1.07328	5077
2023-09-14 11:30:00	1.07329	1.07338	1.07288	1.07303	4843
2023-09-14 12:00:00	1.07302	1.07476	1.06914	1.07007	21862
2023-09-14 12:30:00	1.06999	1.07004	1.06553	1.06767	35259
2023-09-14 13:00:00	1.06767	1.06972	1.06663	1.06677	33112
2023-09-14 13:30:00	1.06677	1.06842	1.06653	1.06658	15525
2023-09-14 14:00:00	1.06643	1.06669	1.06539	1.06608	17447
2023-09-14 14:30:00	1.06609	1.06738	1.06585	1.06675	10342
2023-09-14 15:00:00	1.06639	1.06755	1.06633	1.06653	10036
2023-09-14 15:30:00	1.06654	1.06678	1.06563	1.06587	7164
2023-09-14 16:00:00	1.06588	1.0663	1.0645	1.06499	8847
2023-09-14 16:30:00	1.06499	1.0655	1.0648	1.06485	7930
2023-09-14 17:00:00	1.06484	1.06506	1.06391	1.06424	4665
2023-09-14 17:30:00	1.06423	1.06426	1.06318	1.06366	5387
2023-09-14 18:00:00	1.06366	1.06403	1.06333	1.06386	3788
2023-09-14 18:30:00	1.06386	1.06398	1.06339	1.06346	3365
2023-09-14 19:00:00	1.06348	1064	1.06342	1.06395	5095
2023-09-14 19:30:00	1.06395	1.06442	1.06382	1.06426	4470
2023-09-14 20:00:00	1.06425	1.06468	1.06421	1.06442	2429
2023-09-14 20:30:00	1.06442	1.06453	1.06416	1.06425	2484
2023-09-14 21:00:00	1.06421	1.06437	1.06395	1.06424	245
2023-09-14 21:30:00	1.06426	1.06429	1.0641	1.0642	250
2023-09-14 22:00:00	1.06421	1.06436	1.06391	1.0642	878
2023-09-14 22:30:00	1.0642	1.06436	1.06419	1.06423	959
2023-09-14 23:00:00	1.06421	1.06423	1.06385	1.06395	1364
2023-09-14 23:30:00	1.06395	1.06397	1.06349	1.0635	1030
2023-09-15 00:00:00	1.06349	1.06436	1.06342	1.06388	2521
2023-09-15 00:30:00	1.0639	1.06426	1.06376	1.06423	4566
2023-09-15 01:00:00	1.06421	1.06435	1.06345	1.06346	4022
2023-09-15 01:30:00	1.06347	1.06397	1.06332	1.06394	4782
2023-09-15 02:00:00	1.06394	1.06483	1.06394	1.06433	6118
2023-09-15 02:30:00	1.06433	1.06458	1.06404	1.0643	2977
2023-09-15 03:00:00	1.06433	1.06464	1.06416	1.0646	2680
2023-09-15 03:30:00	1.06462	1.06478	1.06443	1.06474	2820
2023-09-15 04:00:00	1.06476	1.06499	1.06443	1.06475	2107
2023-09-15 04:30:00	1.06477	1.06535	1.06468	1.06533	3214
2023-09-15 05:00:00	1.06533	1.06535	1.06487	1.0652	3847
2023-09-15 05:30:00	1.06519	1.06563	1.06493	1.06561	3949
2023-09-15 06:00:00	1.06563	1.06661	1.06518	1.0664	8097
2023-09-15 06:30:00	1.0664	1.06674	1.06603	1.06606	5213
2023-09-15 07:00:00	1.06607	1.06625	1.06498	1.0655	10174
2023-09-15 07:30:00	1.06553	1.06654	1.06545	1.06635	7780
2023-09-15 08:00:00	1.06635	1.06688	1.0662	1.06666	5546
2023-09-15 08:30:00	1.06668	1.06686	1.06616	1.06655	5003
2023-09-15 09:00:00	1.06655	1.06668	1.06607	1.0666	3689
2023-09-15 09:30:00	1.06659	1.06692	1.06627	1.06628	4671
2023-09-15 10:00:00	1.06631	1.06683	1.06604	1.06605	3485
2023-09-15 10:30:00	1.06605	1.06651	1.06542	1.0656	3157
2023-09-15 11:00:00	1.0656	1.06591	1.06534	1.0657	4262
2023-09-15 11:30:00	1.0657	1.06595	1.06529	1.06546	5201
2023-09-15 12:00:00	1.06547	1.06619	1.06531	1.06564	6964
2023-09-15 12:30:00	1.06563	1.06565	1.06451	1.06503	10806
2023-09-15 13:00:00	1.06504	1.06675	1.06496	1.06657	12359
2023-09-15 13:30:00	1.06657	1.06677	1.06573	1.06619	11447
2023-09-15 14:00:00	1.06624	1.06877	1.06624	1.06721	26455
2023-09-15 14:30:00	1.0672	1.06745	1.06618	1.06642	16045
2023-09-15 15:00:00	1.06641	1.06758	1.06618	1.06751	10238
2023-09-15 15:30:00	1.06751	1.06765	1.06667	1.06721	11221
2023-09-15 16:00:00	1.06724	1.06802	1.0671	1.06724	6535
2023-09-15 16:30:00	1.06725	1.06741	1.06702	1.0672	3216
2023-09-15 17:00:00	1.06722	1.06763	1.06686	1.06694	3706
2023-09-15 17:30:00	1.06693	1.06721	1.06682	1.06716	2865
2023-09-15 18:00:00	1.06717	1.06717	1.06625	1.06631	3072
2023-09-15 18:30:00	1.06632	1.06651	1.06606	1.06607	2563
2023-09-15 19:00:00	1.06606	1.06635	1.06599	1.0663	3165
2023-09-15 19:30:00	1.06629	1.06637	1.06596	1.06598	2884
2023-09-15 20:00:00	1.06598	1.06617	1.0657	1.06602	2692
2023-09-15 20:30:00	1.06602	1.06628	1.06561	1.06576	6342
2023-09-17 21:00:00	1.06588	1.0662	1.06578	1.06619	215
2023-09-17 21:30:00	1.06613	1.06643	1.06613	1.0663	380
2023-09-17 22:00:00	1.06634	1.0669	1.06628	1.0667	1219
2023-09-17 22:30:00	1.06665	1.06669	1.06638	1.06638	941
2023-09-17 23:00:00	1.06639	1.0665	1.06624	1.06645	1052
2023-09-17 23:30:00	1.06646	1.06684	1.06639	1.06679	1850
2023-09-18 00:00:00	1.0668	1.06717	1.06676	1.0671	1664
2023-09-18 00:30:00	1.06709	1.06718	1.06689	1.06715	2537
2023-09-18 01:00:00	1.06715	1.06736	1.0665	1.06652	4142
2023-09-18 01:30:00	1.06652	1.06655	1.06609	1.06624	4488
2023-09-18 02:00:00	1.06623	1.0668	1.06621	1.0668	3207
2023-09-18 02:30:00	1.06679	1.06682	1.0664	1.06653	3248
2023-09-18 03:00:00	1.06654	1.06686	1.06635	1.06664	2331
2023-09-18 03:30:00	1.06664	1.06666	1.06641	1.06641	1666
2023-09-18 04:00:00	1.06641	1.06683	1.06631	1.06671	1625
2023-09-18 04:30:00	1.06672	1.06692	1.06667	1.06687	1863
2023-09-18 05:00:00	1.0669	1.06716	1.06682	1.06686	1926
2023-09-18 05:30:00	1.06687	1.0673	1.06681	1.06687	2336
2023-09-18 06:00:00	1.0669	1.06777	1.06688	1.06695	7328
2023-09-18 06:30:00	1.06694	1.06694	1.06584	1.06584	4810
2023-09-18 07:00:00	1.06584	1.0664	1.06578	1.06636	6410
2023-09-18 07:30:00	1.06637	1.06658	1.06591	1.06621	5227
2023-09-18 08:00:00	1.06621	1.06642	1.06588	1.06591	4764
2023-09-18 08:30:00	1.0659	1.06655	1.06562	1.06639	4860
2023-09-18 09:00:00	1.06639	1.06706	1.0662	1.06699	4873
2023-09-18 09:30:00	1.06699	1.06741	1.06693	1.06728	3881
2023-09-18 10:00:00	1.06728	1.06747	1.0667	1.06731	4441
2023-09-18 10:30:00	1.0673	1.06736	1.06678	1.06697	2560
2023-09-18 11:00:00	1.06678	1.06703	1.0665	1.06656	3238
2023-09-18 11:30:00	1.06655	1.06667	1.06621	1.06631	4174
2023-09-18 12:00:00	1.06631	1.0669	1.0661	1.06677	6138
2023-09-18 12:30:00	1.0668	1.06687	1.0656	1.06569	7755
2023-09-18 13:00:00	1.06568	1.0671	1.06546	1.06692	7210
2023-09-18 13:30:00	1.06693	1.06715	1.06593	1.06621	9951
2023-09-18 14:00:00	1.06623	1.0671	1.06594	1.06691	8461
2023-09-18 14:30:00	1.06692	1.06752	1.0668	1.06722	5658
2023-09-18 15:00:00	1.0675	1.06857	1.06741	1.06849	6488
2023-09-18 15:30:00	1.06849	1.06986	1.06838	1.0694	9247
2023-09-18 16:00:00	1.0694	1.06953	1.06843	1.06874	10682
2023-09-18 16:30:00	1.06871	1.06924	1.06861	1.06921	2925
2023-09-18 17:00:00	1.06922	1.0698	1.06922	1.06941	2552
2023-09-18 17:30:00	1.0694	1.06966	1.06869	1.06869	3626
2023-09-18 18:00:00	1.06869	1.06874	1.06811	1.06815	3385
2023-09-18 18:30:00	1.06814	1.06823	1.06778	1.06782	2812
2023-09-18 19:00:00	1.06782	1.06857	1.06782	1.06852	3606
2023-09-18 19:30:00	1.06853	1.06868	1.06826	1.06866	3926
2023-09-18 20:00:00	1.06865	1.06912	1.06861	1.06906	1593
2023-09-18 20:30:00	1.06906	1.06922	1069	1.06913	2176
2023-09-18 21:00:00	1.06912	1.06933	1.0685	1.06924	612
2023-09-18 21:30:00	1.06924	1.06936	1.06909	1.06918	845
2023-09-18 22:00:00	1.06918	1.06927	1.06902	1.06903	1102
2023-09-18 22:30:00	1.06902	1.06926	1.06889	1.06912	436
2023-09-18 23:00:00	1.06913	1.06937	1.06911	1.0693	893
2023-09-18 23:30:00	1.06928	1.06937	1.06918	1.06919	1658
2023-09-19 00:00:00	1.06918	1.06965	1.06918	1.06929	2824
2023-09-19 00:30:00	1.06929	1.0694	1.06878	1.06884	2877
2023-09-19 01:00:00	1.06884	1.06894	1.06824	1.06825	3054
2023-09-19 01:30:00	1.06825	1.06842	1.06807	1.06836	2340
2023-09-19 02:00:00	1.06837	1.06876	1.06821	1.0685	2029
2023-09-19 02:30:00	1.06849	1.06856	1.06822	1.06845	1868
2023-09-19 03:00:00	1.06845	1.06856	1.06832	1.06845	1924
2023-09-19 03:30:00	1.06846	1.06854	1.06824	1.06826	1512
2023-09-19 04:00:00	1.06826	1.0685	1.06825	1.06835	1236
2023-09-19 04:30:00	1.06836	1.06847	1.06788	1.06801	2017
2023-09-19 05:00:00	1.06797	1.0682	1.06762	1.0678	2715
2023-09-19 05:30:00	1.0678	1.06804	1.06768	1.06795	2303
2023-09-19 06:00:00	1.06796	1.06821	1.06774	1.06787	5543
2023-09-19 06:30:00	1.06787	1.06837	1.06762	1.06785	5130
2023-09-19 07:00:00	1.06786	1.06839	1.0675	1.06827	8016
2023-09-19 07:30:00	1.06827	1.06952	1.06803	1.06942	6067
2023-09-19 08:00:00	1.06941	1.06942	1.06874	1.06878	7496
2023-09-19 08:30:00	1.06879	1.06898	1.06839	1.06865	4111
2023-09-19 09:00:00	1.06864	1.06891	1.06826	1.06876	3996
2023-09-19 09:30:00	1.06875	1.06907	1.06819	1.06889	3835
2023-09-19 10:00:00	1.06893	1.06946	1.06866	1.06946	3445
2023-09-19 10:30:00	1.06946	1.07095	1.06946	1.07004	7358
2023-09-19 11:00:00	1.07004	1.07047	1.06994	1.07043	5619
2023-09-19 11:30:00	1.07044	1.07097	1.0704	1.07087	5312
2023-09-19 12:00:00	1.07086	1.0718	1.07076	1.07141	8024
2023-09-19 12:30:00	1.07141	1.07177	1.06941	1.06996	13053
2023-09-19 13:00:00	1.06997	1.07013	1.0683	1.06895	11565
2023-09-19 13:30:00	1.06895	1.06967	1.06871	1.06916	10985
2023-09-19 14:00:00	1.06916	1.06935	1.06823	1.0686	6434
2023-09-19 14:30:00	1.06858	1.06928	1.0685	1.06895	7076
2023-09-19 15:00:00	1.06896	1.06928	1.06804	1.06832	6513
2023-09-19 15:30:00	1.06832	1.06855	1068	1.06831	4402
2023-09-19 16:00:00	1.06831	1.06863	1.06799	1.06821	3112
2023-09-19 16:30:00	1.0682	1.06847	1.06783	1.06847	3108
2023-09-19 17:00:00	1.06847	1.06888	1.06821	1.06887	2863
2023-09-19 17:30:00	1.06887	1.06917	1.06845	1.06847	3169
2023-09-19 18:00:00	1.06846	1.06853	1.06783	1.06792	3298
2023-09-19 18:30:00	1.06792	1.06824	1.06771	1.06776	3584
2023-09-19 19:00:00	1.06772	1.06801	1.06761	1.06778	2451
2023-09-19 19:30:00	1.06777	1.0681	1.06775	1.06805	2464
2023-09-19 20:00:00	1.06806	1.06812	1.06785	1.06789	941
2023-09-19 20:30:00	1.06789	1.06811	1.06785	1.06787	1394
2023-09-19 21:00:00	1.06785	1.06793	1.06746	1.06784	149
2023-09-19 21:30:00	1.06785	1.06804	1.06773	1.06795	833
2023-09-19 22:00:00	1.06794	1.06813	1.06778	1.06813	362
2023-09-19 22:30:00	1.06814	1.06828	1.06811	1.06819	1258
2023-09-19 23:00:00	1.0682	1.06834	1.06809	1.06812	1646
2023-09-19 23:30:00	1.06813	1.06819	1.06807	1.06813	2066
2023-09-20 00:00:00	1.06814	1.06835	1.06792	1.06832	2313
2023-09-20 00:30:00	1.06832	1.06859	1.06823	1.06847	3454
2023-09-20 01:00:00	1.06848	1.06859	1068	1.06849	3484
2023-09-20 01:30:00	1.0685	1.06874	1.06833	1.06863	3096
2023-09-20 02:00:00	1.06863	1.06897	1.06854	1.06858	2809
2023-09-20 02:30:00	1.06858	1.06867	1.06826	1.06829	2474
2023-09-20 03:00:00	1.06828	1.06841	1.06812	1.06826	2221
2023-09-20 03:30:00	1.06826	1.06828	1.06781	1.06795	2420
2023-09-20 04:00:00	1.06794	1.06803	1.06784	1.06789	1345
2023-09-20 04:30:00	1.06788	1.06811	1.06782	1.06785	1394
2023-09-20 05:00:00	1.06785	1.06816	1.06783	1.0681	1732
2023-09-20 05:30:00	1.0681	1.06839	1.0679	1.06808	2730
2023-09-20 06:00:00	1.06808	1.06916	1.06729	1069	10093
2023-09-20 06:30:00	1.06904	1.06929	1.06813	1.06818	8507
2023-09-20 07:00:00	1.06817	1.0684	1.06752	1.06803	10042
2023-09-20 07:30:00	1.06802	1.0693	1.06798	1.06903	8697
2023-09-20 08:00:00	1.06904	1.06955	1.06897	1.06933	6732
2023-09-20 08:30:00	1.06934	1.06968	1.06927	1.06961	5400
2023-09-20 09:00:00	1.06962	1.06999	1.06932	1.06942	4573
2023-09-20 09:30:00	1.06941	1.06997	1.06932	1.06985	4720
2023-09-20 10:00:00	1.06987	1.07041	1.06986	1.06997	3769
2023-09-20 10:30:00	1.07	1.07049	1.06992	1.07031	3753
2023-09-20 11:00:00	1.07031	1.07047	1.06971	1.06995	2676
2023-09-20 11:30:00	1.06995	1.07048	1.06993	1.07015	2254
2023-09-20 12:00:00	1.07014	1.07035	1.06966	1.06998	4801
2023-09-20 12:30:00	1.06997	1.07012	1.06921	1.06979	6220
2023-09-20 13:00:00	1.0698	1.07097	1.06971	1.0705	7917
2023-09-20 13:30:00	1.07049	1.07182	1.07035	1.07169	10406
2023-09-20 14:00:00	1.0717	1.07271	1.07129	1.07176	11245
2023-09-20 14:30:00	1.07178	1.07238	1.07169	1.07196	5456
2023-09-20 15:00:00	1.07195	1.07245	1.07155	1.07171	5277
2023-09-20 15:30:00	1.07172	1072	1.07135	1.07142	4555
2023-09-20 16:00:00	1.07142	1.07367	1.07137	1.07367	4793
2023-09-20 16:30:00	1.07368	1.07368	1.07321	1.07351	4556
2023-09-20 17:00:00	1.07352	1.07353	1.0729	1.07301	3093
2023-09-20 17:30:00	1.07301	1.07306	1.07244	1.07256	2212
2023-09-20 18:00:00	1.07265	1.07265	1.06739	1.06974	33986
2023-09-20 18:30:00	1.06973	1.07177	1.06844	1.06866	37490
2023-09-20 19:00:00	1.06866	1.06889	1.06702	1.06784	12793
2023-09-20 19:30:00	1.06783	1.06785	1.06579	1.06586	10460
2023-09-20 20:00:00	1.06587	1.06624	1.06501	1.06612	3069
2023-09-20 20:30:00	1.06612	1.06621	1.0659	1.06601	2169
2023-09-20 21:00:00	1.06598	1.06603	1.06566	1.06602	191
2023-09-20 21:30:00	1.06601	1.06642	1.06599	1.06633	674
2023-09-20 22:00:00	1.06636	1.06643	1.06568	1.0657	782
2023-09-20 22:30:00	1.0657	1.06572	1.06526	1.06551	3118
2023-09-20 23:00:00	1.06552	1.06552	1.0651	1.06533	2164
2023-09-20 23:30:00	1.06534	1.06537	1.06478	1.06498	1808
2023-09-21 00:00:00	1.06498	1.06503	1.06404	1.06409	5028
2023-09-21 00:30:00	1.06408	1.06413	1063	1.06312	6548
2023-09-21 01:00:00	1.06312	1.06366	1.06276	1.06361	6562
2023-09-21 01:30:00	1.06364	1.06395	1.06334	1.06374	4888
2023-09-21 02:00:00	1.06373	1.06413	1.06323	1.06333	2942
2023-09-21 02:30:00	1.06333	1.06336	1.06167	1.06271	8745
2023-09-21 03:00:00	1.06274	1.06354	1.06269	1.06347	3012
2023-09-21 03:30:00	1.06347	1.06378	1.06345	1.06365	2711
2023-09-21 04:00:00	1.06366	1.06371	1.06333	1.06356	2007
2023-09-21 04:30:00	1.0636	1.06373	1.06343	1.0637	2936
2023-09-21 05:00:00	1.0637	1.06375	1.06326	1.06351	2183
2023-09-21 05:30:00	1.06354	1.06386	1.0633	1.06346	4013
2023-09-21 06:00:00	1.06343	1.06426	1.06336	1.0642	6347
2023-09-21 06:30:00	1.06419	1.06546	1.06411	1.06503	5524
2023-09-21 07:00:00	1.06501	1.06502	1.06386	1.06442	9139
2023-09-21 07:30:00	1.06442	1.0658	1.0639	1.06551	15681
2023-09-21 08:00:00	1.06551	1.06637	1.06531	1.06574	9512
2023-09-21 08:30:00	1.06575	1.06582	1.06521	1.06555	7459
2023-09-21 09:00:00	1.06555	1.06645	1.06535	1.06586	7064
2023-09-21 09:30:00	1.06585	1.06629	1.06514	1.06534	6635
2023-09-21 10:00:00	1.06534	1.06607	1.0647	1.06605	5166
2023-09-21 10:30:00	1.06604	1.06627	1.06478	1.06505	7427
2023-09-21 11:00:00	1.06501	1.06501	1.06377	1.06394	14406
2023-09-21 11:30:00	1.06393	1.06444	1.06335	1.06356	9069
2023-09-21 12:00:00	1.06357	1.0636	1.0629	1.06322	9990
2023-09-21 12:30:00	1.06322	1.0642	1.06246	1.0642	18278
2023-09-21 13:00:00	1.06421	1.06541	1.06387	1.06536	15385
2023-09-21 13:30:00	1.06537	1.06611	1.06397	1.06408	17277
2023-09-21 14:00:00	1.06408	1.06653	1.06378	1.06621	18500
2023-09-21 14:30:00	1.0662	1.06734	1.06574	1.06599	13122
2023-09-21 15:00:00	1.06598	1.0666	1.0655	1.06599	8418
2023-09-21 15:30:00	1066	1.06686	1.06582	1.06634	7761
2023-09-21 16:00:00	1.06633	1.06655	1.06544	1.06592	6324
2023-09-21 16:30:00	1.06591	1.06664	1.06557	1.06557	4435
2023-09-21 17:00:00	1.06558	1.06699	1.06556	1.06683	4534
2023-09-21 17:30:00	1.06683	1.06704	1.06633	1.06657	3833
2023-09-21 18:00:00	1.06658	1.06708	1.06634	1.06695	4841
2023-09-21 18:30:00	1.06695	1.06696	1.06613	1.06616	3757
2023-09-21 19:00:00	1.06618	1.06668	1.06589	1.0664	4729
2023-09-21 19:30:00	1.0664	1.06656	1.06589	1.06592	2908
2023-09-21 20:00:00	1.06591	1.06606	1.06574	1.06583	2118
2023-09-21 20:30:00	1.06583	1.06629	1.06583	1.06599	3262
2023-09-21 21:00:00	1.06599	1.06613	1.06558	1.06589	736
2023-09-21 21:30:00	1.0658	1.06593	1.06574	1.06585	584
2023-09-21 22:00:00	1.06584	1.06637	1.06579	1.06632	1695
2023-09-21 22:30:00	1.06634	1.06634	1.06611	1.06613	1352
2023-09-21 23:00:00	1.06613	1.06617	1.06587	1.0659	1784
2023-09-21 23:30:00	1.06588	1.06616	1.06587	1.06603	2355
2023-09-22 00:00:00	1.06603	1.06626	1.0654	1.06551	3339
2023-09-22 00:30:00	1.06551	1.06606	1.06534	1.06575	2567
2023-09-22 01:00:00	1.06574	1.06576	1.06441	1.06461	4530
2023-09-22 01:30:00	1.06459	1.06461	1.06409	1.06432	3978
2023-09-22 02:00:00	1.06432	1.06503	1.06423	1.06483	4191
2023-09-22 02:30:00	1.06484	1.06515	1.0644	1.06479	4393
2023-09-22 03:00:00	1.06478	1.0653	1.06475	1.06502	2891
2023-09-22 03:30:00	1.06503	1.06527	1.0649	1.06514	3101
2023-09-22 04:00:00	1.06514	1.06563	1.06511	1.06533	3150
2023-09-22 04:30:00	1.06533	1.06569	1.0652	1.06546	3257
2023-09-22 05:00:00	1.06547	1.06576	1.06523	1.06531	2968
2023-09-22 05:30:00	1.06531	1.06548	1.06492	1.06493	2800
2023-09-22 06:00:00	1.06491	1.0654	1.06471	1.06533	5531
2023-09-22 06:30:00	1.06531	1.06598	1.06518	1.06594	7899
2023-09-22 07:00:00	1.06595	1.06678	1.0615	1.06228	21631
2023-09-22 07:30:00	1.06228	1.06521	1.06228	1.06457	20526
2023-09-22 08:00:00	1.06456	1.06516	1.06407	1.06443	12125
2023-09-22 08:30:00	1.0644	1.06479	1.06392	1.06462	11849
2023-09-22 09:00:00	1.06461	1.06486	1.06341	1.06359	7660
2023-09-22 09:30:00	1.0636	1.06407	1.0634	1.06384	4615
2023-09-22 10:00:00	1.06383	1.06471	1.06352	1.06385	6119
2023-09-22 10:30:00	1.06386	1.06391	1.06345	1.06354	3348
2023-09-22 11:00:00	1.06355	1.06403	1.06355	1.0639	3573
2023-09-22 11:30:00	1.0639	1.06419	1.06356	1.06363	4289
2023-09-22 12:00:00	1.06363	1.06574	1.06363	1.06574	8472
2023-09-22 12:30:00	1.06573	1.06606	1.06483	1.06556	10996
2023-09-22 13:00:00	1.06556	1.06585	1.06471	1.06485	10513
2023-09-22 13:30:00	1.06483	1.06622	1.06421	1.06606	15871
2023-09-22 14:00:00	1.06605	1.06671	1.06574	1.06655	10365
2023-09-22 14:30:00	1.06656	1.06716	1.06573	1.06581	9963
2023-09-22 15:00:00	1.0658	1.06595	1.06536	1.06573	5649
2023-09-22 15:30:00	1.06573	1.06653	1.06571	1.06592	4706
2023-09-22 16:00:00	1.06594	1.06602	1.06552	1.06553	4255
2023-09-22 16:30:00	1.06554	1.06616	1.06549	1.06554	2539
2023-09-22 17:00:00	1.06555	1.06614	1.06548	1.06568	3637
2023-09-22 17:30:00	1.06566	1.06566	1.06516	1.06518	3978
2023-09-22 18:00:00	1.06518	1.06527	1.06451	1.06463	2966
2023-09-22 18:30:00	1.06463	1.06496	1.06391	1.06469	3829
2023-09-22 19:00:00	1.06469	1.06512	1.06466	1.06497	3199
2023-09-22 19:30:00	1.06497	1065	1.06436	1.06436	3374
2023-09-22 20:00:00	1.06436	1.06471	1.06415	1.06415	4079
2023-09-22 20:30:00	1.06416	1.06473	1.06415	1.06419	3932
2023-09-24 21:00:00	1.06513	1.06515	1.06487	1.06498	209
2023-09-24 21:30:00	1.06498	1.06512	1.06424	1.06448	226
2023-09-24 22:00:00	1.06448	1.06517	1.06446	1.06513	1122
2023-09-24 22:30:00	1.06511	1.06513	1.06467	1.06489	2206
2023-09-24 23:00:00	1.06489	1.06503	1.06472	1.0649	2399
2023-09-24 23:30:00	1.06492	1.06518	1.06474	1.06482	1688
2023-09-25 00:00:00	1.06482	1.06518	1.0648	1.06514	2574
2023-09-25 00:30:00	1.06514	1.06555	1.06489	1.06545	2623
2023-09-25 01:00:00	1.06546	1.0655	1.06487	1.06489	2775
2023-09-25 01:30:00	1.06489	1.06505	1.06443	1.06466	3920
2023-09-25 02:00:00	1.06466	1.06469	1.0643	1.06441	3204
2023-09-25 02:30:00	1.06442	1.06494	1.06433	1.06489	3330
2023-09-25 03:00:00	1.06489	1.06506	1.0648	1.0649	2189
2023-09-25 03:30:00	1.0649	1.06497	1.06475	1.0648	2353
2023-09-25 04:00:00	1.06479	1.0649	1.06457	1.06481	1626
2023-09-25 04:30:00	1.06484	1.06504	1.06475	1.06487	1877
2023-09-25 05:00:00	1.06488	1065	1.0648	1.06494	2398
2023-09-25 05:30:00	1.06494	1.06494	1.06421	1.06439	2733
2023-09-25 06:00:00	1.06441	1.06478	1.06431	1.06451	4030
2023-09-25 06:30:00	1.06451	1.06531	1.06426	1.06462	4910
2023-09-25 07:00:00	1.06461	1.06528	1.06428	1.06439	6803
2023-09-25 07:30:00	1.06441	1.06456	1.06316	1.06378	7160
2023-09-25 08:00:00	1.06379	1.0643	1.06287	1.06295	9354
2023-09-25 08:30:00	1.06297	1.06323	1.06241	1.06256	10682
2023-09-25 09:00:00	1.06257	1.06306	1.06239	1.06301	8511
2023-09-25 09:30:00	1063	1.06369	1.06254	1.06346	7224
2023-09-25 10:00:00	1.06347	1.06362	1.06339	1.06362	1035
2023-09-25 11:00:00	1.06374	1.06435	1.06361	1.06363	4245
2023-09-25 11:30:00	1.06364	1.06383	1.06292	1.06305	5239
2023-09-25 12:00:00	1.06303	1.06346	1.06252	1.06275	6433
2023-09-25 12:30:00	1.06276	1.06294	1.06192	1.06221	7496
2023-09-25 13:00:00	1.06221	1.06243	1.06085	1.06105	10092
2023-09-25 13:30:00	1.06106	1.0611	1.05958	1.06019	12706
2023-09-25 14:00:00	1.0602	1.06069	1.05786	1.05844	12355
2023-09-25 14:30:00	1.05845	1.05904	1.05753	1.05773	13246
2023-09-25 15:00:00	1.05775	1.05902	1.0576	1.05871	8816
2023-09-25 15:30:00	1.05872	1.05928	1.05855	1.05901	6729
2023-09-25 16:00:00	1059	1.05962	1.05881	1.05935	5595
2023-09-25 16:30:00	1.05935	1.05935	1.05876	1.05891	4192
2023-09-25 17:00:00	1.0589	1.05973	1.05886	1.05966	2936
2023-09-25 17:30:00	1.05966	1.05966	1.05897	1.05948	1973
2023-09-25 18:00:00	1.05948	1.05986	1.05946	1.05946	2137
2023-09-25 18:30:00	1.05945	1.05946	1.05856	1.0587	2417
2023-09-25 19:00:00	1.0587	1.05906	1.05854	1.05889	2964
2023-09-25 19:30:00	1.05888	1.05933	1.05883	1.05928	2014
2023-09-25 20:00:00	1.05927	1.05938	1.05909	1.05937	1009
2023-09-25 20:30:00	1.05936	1.05947	1.05911	1.05924	2081
2023-09-25 21:00:00	1.05923	1.05933	1.05903	1.05903	596
2023-09-25 21:30:00	1.05904	1.05928	1059	1.05922	968
2023-09-25 22:00:00	1.05923	1.05966	1.05917	1.05949	1565
2023-09-25 22:30:00	1.0595	1.05959	1.05927	1.05938	3131
2023-09-25 23:00:00	1.05937	1.05952	1.05932	1.05938	992
2023-09-25 23:30:00	1.05937	1.05945	1.05912	1.05912	870
2023-09-26 00:00:00	1.05912	1.05919	1.05841	1.05841	3582
2023-09-26 00:30:00	1.05842	1.05852	1.05806	1.05843	4210
2023-09-26 01:00:00	1.05843	1.05873	1.05834	1.05867	2763
2023-09-26 01:30:00	1.05868	1.05877	1.05844	1.05864	3489
2023-09-26 02:00:00	1.05862	1.05874	1.05824	1.05853	2299
2023-09-26 02:30:00	1.05852	1.05874	1.05798	1.05799	2653
2023-09-26 03:00:00	1058	1.05843	1.05783	1.05837	3532
2023-09-26 03:30:00	1.05836	1.05866	1.05829	1.05858	2358
2023-09-26 04:00:00	1.05857	1.05868	1.05843	1.05868	2119
2023-09-26 04:30:00	1.05866	1.05928	1.05863	1.05925	2225
2023-09-26 05:00:00	1.05924	1.05929	1.0582	1.05841	3751
2023-09-26 05:30:00	1.05842	1.0588	1.05821	1.05877	2886
2023-09-26 06:00:00	1.05878	1.05888	1.05792	1.05805	5028
2023-09-26 06:30:00	1.05806	1.05832	1.0571	1.05716	6609
2023-09-26 07:00:00	1.05715	1.05823	1.05699	1.05813	7942
2023-09-26 07:30:00	1.05814	1.05886	1.05801	1.05849	8608
2023-09-26 08:00:00	1.05849	1.05999	1.05827	1.05974	10068
2023-09-26 08:30:00	1.05973	1.05995	1.0594	1.05959	7301
2023-09-26 09:00:00	1.05959	1.06015	1.05933	1.06005	5218
2023-09-26 09:30:00	1.06004	1.0603	1.05967	1.05972	6009
2023-09-26 10:00:00	1.05971	1.06015	1.05948	1.06003	5037
2023-09-26 10:30:00	1.06002	1.06002	1.05931	1.0596	3348
2023-09-26 11:00:00	1.0596	1.06024	1.05895	1.05996	4669
2023-09-26 11:30:00	1.05996	1.06033	1.05976	1.05994	5043
2023-09-26 12:00:00	1.05993	1.0609	1.05984	1.06042	8004
2023-09-26 12:30:00	1.06043	1.06087	1.06002	1.06057	8536
2023-09-26 13:00:00	1.06059	1.06065	1.05894	1.05941	11913
2023-09-26 13:30:00	1.0594	1.05957	1.05855	1.0592	11944
2023-09-26 14:00:00	1.0592	1.05988	1.05841	1.05881	15023
2023-09-26 14:30:00	1.0588	1.05921	1.05781	1.05837	16954
2023-09-26 15:00:00	1.05837	1.05844	1.05735	1.0575	10025
2023-09-26 15:30:00	1.05747	1.05808	1.05677	1.05724	6153
2023-09-26 16:00:00	1.05725	1.05767	1.05713	1.05715	4214
2023-09-26 16:30:00	1.05715	1.05718	1.0568	1.05691	3758
2023-09-26 17:00:00	1.0569	1.05761	1.05675	1.05734	3622
2023-09-26 17:30:00	1.05733	1.05734	1.05671	1.05708	2643
2023-09-26 18:00:00	1.05709	1.05715	1.05624	1.05635	2661
2023-09-26 18:30:00	1.05635	1.05665	1.0562	1.05663	5328
2023-09-26 19:00:00	1.05664	1.05717	1.05645	1.05664	2222
2023-09-26 19:30:00	1.05665	1.05716	1.05665	1.05701	2254
2023-09-26 20:00:00	1.05701	1.05755	1.05699	1.05743	1015
2023-09-26 20:30:00	1.05744	1.05744	1.05694	1.05717	2682
2023-09-26 21:00:00	1.05714	1.05714	1.05676	1057	435
2023-09-26 21:30:00	1057	1.0572	1.0569	1.05707	292
2023-09-26 22:00:00	1.05706	1.05739	1.05696	1.05703	1421
2023-09-26 22:30:00	1.05704	1.05718	1.05701	1.05712	910
2023-09-26 23:00:00	1.05712	1.05732	1.05682	1.05707	1822
2023-09-26 23:30:00	1.05706	1.05724	1.05676	1.05691	2976
2023-09-27 00:00:00	1.05691	1.0572	1.0566	1.0567	3975
2023-09-27 00:30:00	1.05669	1.05669	1.05559	1.05598	4157
2023-09-27 01:00:00	1.05598	1.05659	1.05587	1.0564	3684
2023-09-27 01:30:00	1.05639	1057	1.05639	1.05694	4810
2023-09-27 02:00:00	1.05695	1.05696	1.05597	1.0561	4040
2023-09-27 02:30:00	1.05609	1.05654	1.05588	1.05644	3625
2023-09-27 03:00:00	1.05644	1.05649	1.05595	1.05644	3054
2023-09-27 03:30:00	1.05644	1.05649	1056	1.05619	3506
2023-09-27 04:00:00	1.05619	1.05632	1.05586	1.05589	3061
2023-09-27 04:30:00	1.05588	1.05604	1.05572	1.05601	2846
2023-09-27 05:00:00	1056	1.05603	1.05548	1.05591	2639
2023-09-27 05:30:00	1.05592	1.0564	1.05584	1056	5349
2023-09-27 06:00:00	1.05599	1.05668	1.05572	1.05647	5743
2023-09-27 06:30:00	1.05647	1.05706	1.05608	1.05692	5678
2023-09-27 07:00:00	1.05692	1.05736	1.05644	1.05723	6756
2023-09-27 07:30:00	1.05722	1.0574	1.0565	1.0565	5510
2023-09-27 08:00:00	1.05653	1.05698	1.05626	1.05681	6159
2023-09-27 08:30:00	1.0568	1.05691	1.05573	1.05598	6402
2023-09-27 09:00:00	1.05597	1.05602	1.0555	1.05569	6303
2023-09-27 09:30:00	1.05568	1.05636	1.0553	1.05598	6037
2023-09-27 10:00:00	1.05598	1.05618	1.05571	1.05579	6088
2023-09-27 10:30:00	1.05579	1.05588	1.05525	1.05542	4326
2023-09-27 11:00:00	1.05541	1.05547	1.05344	1.05382	8446
2023-09-27 11:30:00	1.05385	1.05452	1.05343	1.05394	6066
2023-09-27 12:00:00	1.05395	1.05471	1.05357	1.05417	9201
2023-09-27 12:30:00	1.05416	1.05513	1.05348	1.05466	14732
2023-09-27 13:00:00	1.05466	1.05488	1.05303	1.05303	11612
2023-09-27 13:30:00	1.05302	1.0533	1.05121	1.05202	18250
2023-09-27 14:00:00	1.05201	1.05258	1.05098	1.0518	16501
2023-09-27 14:30:00	1.05179	1.05223	1.05084	1.05087	13676
2023-09-27 15:00:00	1.05087	1.05233	1.05084	1.05197	11653
2023-09-27 15:30:00	1.05196	1.05238	1.05081	1.05087	8869
2023-09-27 16:00:00	1.0509	1.05097	1.0501	1.05046	8988
2023-09-27 16:30:00	1.05048	1.05087	1.05007	1.05029	6196
2023-09-27 17:00:00	1.05028	1.05106	1.04917	1.04943	9963
2023-09-27 17:30:00	1.04942	1.04997	1.04904	1.04988	8457
2023-09-27 18:00:00	1.04989	1.04997	1.0488	1.04935	7401
2023-09-27 18:30:00	1.04936	1.05092	1.04936	1.05068	9086
2023-09-27 19:00:00	1.05069	1.05187	1.05057	1.05123	7680
2023-09-27 19:30:00	1.05124	1.05124	1.05012	1.05056	4946
2023-09-27 20:00:00	1.05057	1.05057	1.04985	1.04993	2651
2023-09-27 20:30:00	1.04993	1.05049	1.04992	1.05018	3656
2023-09-27 21:00:00	1.05017	1.05081	1.05002	1.05052	421
2023-09-27 21:30:00	1.05047	1.05061	1.05026	1.05054	1517
2023-09-27 22:00:00	1.05053	1.05075	1.05033	1.05038	827
2023-09-27 22:30:00	1.05039	1.05052	1.05031	1.05034	775
2023-09-27 23:00:00	1.05032	1.0505	1.05023	1.05025	2597
2023-09-27 23:30:00	1.05025	1.0507	1.05022	1.05052	2071
2023-09-28 00:00:00	1.05053	1.05117	1.0505	1.05117	3577
2023-09-28 00:30:00	1.05116	1.05153	1.05105	1.05151	3430
2023-09-28 01:00:00	1.05152	1.0516	1.0511	1.05132	3499
2023-09-28 01:30:00	1.05132	1.05134	1.05096	1.05104	4277
2023-09-28 02:00:00	1.05106	1.05117	1.05034	1.05035	4249
2023-09-28 02:30:00	1.05035	1.05036	1.04987	1.04995	3000
2023-09-28 03:00:00	1.04995	1.0503	1.04991	1.05021	2001
2023-09-28 03:30:00	1.05021	1.05055	1.05021	1.0504	2696
2023-09-28 04:00:00	1.0504	1.0504	1.0497	1.04999	2482
2023-09-28 04:30:00	1.05	1.05059	1.04999	1.05041	2479
2023-09-28 05:00:00	1.05044	1.05087	1.05038	1.05075	2563
2023-09-28 05:30:00	1.05075	1.05096	1.04958	1.05088	5162
2023-09-28 06:00:00	1.05087	1.05089	1.04997	1.05033	5840
2023-09-28 06:30:00	1.05033	1.05052	1.0491	1.04951	9183
2023-09-28 07:00:00	1.04952	1.05188	1.04943	1.05098	12136
2023-09-28 07:30:00	1.05096	1.05156	1.05076	1.05085	8487
2023-09-28 08:00:00	1.05084	1.05242	1.05047	1.05162	9632
2023-09-28 08:30:00	1.05162	1.05199	1.0512	1.05166	13673
2023-09-28 09:00:00	1.05169	1.0528	1.05152	1.05264	9234
2023-09-28 09:30:00	1.05263	1.05413	1.05257	1.05394	10876
2023-09-28 10:00:00	1.05393	1.05417	1.05326	1.05328	6171
2023-09-28 10:30:00	1.05327	1.05399	1.05316	1.05397	6893
2023-09-28 11:00:00	1.05398	1.0543	1.05371	1.05403	5062
2023-09-28 11:30:00	1.05405	1.05483	1.05402	1.05413	5551
2023-09-28 12:00:00	1.05412	1.0543	1.05344	1.05371	10569
2023-09-28 12:30:00	1.0537	1.05572	1.05178	1.0518	34139
2023-09-28 13:00:00	1.0518	1.05469	1.05176	1.05459	27921
2023-09-28 13:30:00	1.05459	1.05548	1.0536	1.05493	25268
2023-09-28 14:00:00	1.05493	1.05586	1.0547	1.05556	15750
2023-09-28 14:30:00	1.05558	1.05676	1.05455	1.05628	12264
2023-09-28 15:00:00	1.05628	1.05689	1.05581	1.05682	12670
2023-09-28 15:30:00	1.05682	1.05788	1.0567	1.05762	9055
2023-09-28 16:00:00	1.05762	1.05782	1.05652	1.0573	7836
2023-09-28 16:30:00	1.05729	1.05742	1.05563	1.05578	6363
2023-09-28 17:00:00	1.05578	1.05639	1.05547	1.05583	9084
2023-09-28 17:30:00	1.05584	1.05585	1.05501	1.05508	5204
2023-09-28 18:00:00	1.05507	1.05644	1.05498	1.05631	3195
2023-09-28 18:30:00	1.05632	1.05637	1.05533	1.05549	4517
2023-09-28 19:00:00	1.05551	1.05609	1.05525	1.05604	5260
2023-09-28 19:30:00	1.05604	1.05644	1.05559	1.05639	2845
2023-09-28 20:00:00	1.05639	1.05672	1.05628	1.05654	1407
2023-09-28 20:30:00	1.05655	1.05666	1.05641	1.05647	3523
2023-09-28 21:00:00	1.05645	1.05653	1.05591	1.05643	545
2023-09-28 21:30:00	1.05649	1.05659	1.05632	1.05645	1213
2023-09-28 22:00:00	1.05644	1.05668	1.05642	1.05665	1018
2023-09-28 22:30:00	1.05664	1.05674	1.05648	1.05648	639
2023-09-28 23:00:00	1.05647	1.05648	1.05619	1.05619	1534
2023-09-28 23:30:00	1.05619	1.05636	1.05619	1.05621	743
2023-09-29 00:00:00	1.05622	1.05641	1.05605	1.0562	2140
2023-09-29 00:30:00	1.05621	1.05647	1.05579	1.05641	3875
2023-09-29 01:00:00	1.05641	1.05714	1.05619	1057	3452
2023-09-29 01:30:00	1.05699	1.05761	1.0569	1.05736	5002
2023-09-29 02:00:00	1.05737	1.05827	1.05735	1.05806	3434
2023-09-29 02:30:00	1.05806	1.05811	1.05776	1.05792	2292
2023-09-29 03:00:00	1.05792	1.05792	1.05762	1.0577	2201
2023-09-29 03:30:00	1.0577	1.05803	1.05753	1.05754	1902
2023-09-29 04:00:00	1.05753	1.05796	1.0575	1.05792	2734
2023-09-29 04:30:00	1.05793	1.05812	1.05786	1.05801	1778
2023-09-29 05:00:00	1058	1.05831	1.0579	1.05801	2158
2023-09-29 05:30:00	1.05801	1.05861	1.05755	1.05763	4035
2023-09-29 06:00:00	1.05765	1.05896	1.05762	1.05855	7162
2023-09-29 06:30:00	1.05857	1.05919	1.05743	1.05899	11159
2023-09-29 07:00:00	1.05898	1.06017	1.0588	1.05961	14522
2023-09-29 07:30:00	1.05961	1.06106	1.05958	1.06062	9828
2023-09-29 08:00:00	1.06063	1.06075	1.05993	1.06036	8516
2023-09-29 08:30:00	1.06037	1.06165	1.0601	1.06093	8729
2023-09-29 09:00:00	1.06096	1.06104	1.06039	1.06075	7700
2023-09-29 09:30:00	1.06073	1.06169	1.06061	1.06143	8219
2023-09-29 10:00:00	1.06143	1.06163	1.0607	1.06092	5214
2023-09-29 10:30:00	1.0609	1.06126	1.06064	1.06091	5369
2023-09-29 11:00:00	1.06092	1.0611	1.05944	1.05959	6871
2023-09-29 11:30:00	1.05959	1.06008	1.05901	1.05943	7304
2023-09-29 12:00:00	1.05942	1.06016	1.05907	1.06006	7754
2023-09-29 12:30:00	1.06005	1.06102	1.05882	1.05996	20051
2023-09-29 13:00:00	1.05997	1.06073	1.05863	1.05864	12868
2023-09-29 13:30:00	1.05864	1.05897	1.05746	1.05806	16725
2023-09-29 14:00:00	1.05806	1.05829	1.05698	1.05717	17284
2023-09-29 14:30:00	1.05718	1.05928	1.05718	1.05869	20513
2023-09-29 15:00:00	1.0587	1.05903	1.05756	1.05774	18012
2023-09-29 15:30:00	1.05773	1.0585	1.05728	1.05833	9310
2023-09-29 16:00:00	1.05834	1.05855	1.05766	1.05852	7892
2023-09-29 16:30:00	1.05853	1.05867	1.05746	1.05776	7289
2023-09-29 17:00:00	1.05775	1.05777	1.05641	1.05708	8254
2023-09-29 17:30:00	1.05706	1.05724	1.05649	1.0565	5434
2023-09-29 18:00:00	1.05651	1.05702	1.05638	1.05655	6010
2023-09-29 18:30:00	1.05656	1.05797	1.05641	1.05776	5429
2023-09-29 19:00:00	1.05774	1.05791	1.05699	1.0572	5113
2023-09-29 19:30:00	1.05721	1.05752	1.05701	1.05722	4055
2023-09-29 20:00:00	1.05723	1.0574	1.05694	1.05737	2300
2023-09-29 20:30:00	1.05738	1.05761	1.05684	1.05694	3796
2023-10-01 21:00:00	1.05672	1.05721	1.05652	1.05675	329
2023-10-01 21:30:00	1.05675	1.05686	1.05633	1.05673	954
2023-10-01 22:00:00	1.05676	1.05713	1.05616	1.05634	2942
2023-10-01 22:30:00	1.05635	1.05639	1.05578	1.0559	2602
2023-10-01 23:00:00	1.05591	1.05615	1.05578	1.0561	2423
2023-10-01 23:30:00	1.0561	1.05647	1.05582	1.0564	3041
2023-10-02 00:00:00	1.05641	1.05676	1.05623	1.05662	3938
2023-10-02 00:30:00	1.05665	1.05682	1.05631	1.05641	2599
2023-10-02 01:00:00	1.05641	1.05686	1.0564	1.05675	3118
2023-10-02 01:30:00	1.05676	1.05703	1.05666	1.05678	1980
2023-10-02 02:00:00	1.05678	1.05703	1.05678	1.05681	2011
2023-10-02 02:30:00	1.05682	1.05707	1.05678	1.0568	3279
2023-10-02 03:00:00	1.05679	1.05692	1.05678	1.05682	1988
2023-10-02 03:30:00	1.05683	1.05702	1.05678	1.05698	2465
2023-10-02 04:00:00	1.05697	1.05711	1.0569	1.05701	1022
2023-10-02 04:30:00	1057	1.05702	1.05679	1.05686	1896
2023-10-02 05:00:00	1.05687	1.05693	1.05661	1.05673	1898
2023-10-02 05:30:00	1.05673	1.05678	1.05601	1.05616	2939
2023-10-02 06:00:00	1.05617	1.05687	1.05609	1.05685	6072
2023-10-02 06:30:00	1.05686	1.05897	1.05681	1.05895	11381
2023-10-02 07:00:00	1.05896	1.05919	1.05787	1.05835	13142
2023-10-02 07:30:00	1.05836	1.0588	1.05712	1.05722	8916
2023-10-02 08:00:00	1.05721	1.0578	1.05616	1.05671	6931
2023-10-02 08:30:00	1.0567	1.05681	1.05599	1.05621	5101
2023-10-02 09:00:00	1.05619	1.05626	1.05475	1.05481	7583
2023-10-02 09:30:00	1.05479	1.05489	1.05347	1.0539	9790
2023-10-02 10:00:00	1.05388	1.05411	1.05355	1.05359	6846
2023-10-02 10:30:00	1.05358	1.05437	1.05337	1.05395	4503
2023-10-02 11:00:00	1.05396	1.05401	1.05314	1.05356	5909
2023-10-02 11:30:00	1.05356	1.05424	1.05301	1.05313	7555
2023-10-02 12:00:00	1.05313	1.05375	1.05274	1.05347	10499
2023-10-02 12:30:00	1.05346	1.05355	1.05248	1.05294	10785
2023-10-02 13:00:00	1.05293	1.05325	1.05229	1.0523	9573
2023-10-02 13:30:00	1.05229	1.05268	1.0515	1.0516	20001
2023-10-02 14:00:00	1.0516	1.05275	1.04978	1.05112	21539
2023-10-02 14:30:00	1.05113	1.05127	1.04922	1.04954	16245
2023-10-02 15:00:00	1.04955	1.05126	1.04955	1.05096	12454
2023-10-02 15:30:00	1.05095	1.05123	1.04978	1.04988	9722
2023-10-02 16:00:00	1.04989	1.04993	1.04911	1.04956	6724
2023-10-02 16:30:00	1.04954	1.04956	1.04883	1.04892	5946
2023-10-02 17:00:00	1.04892	1.05041	1.0489	1.05035	5577
2023-10-02 17:30:00	1.05036	1.05051	1.04955	1.04957	4712
2023-10-02 18:00:00	1.04956	1.05023	1.04921	1.04926	4301
2023-10-02 18:30:00	1.04925	1.04953	1.04905	1.04925	3708
2023-10-02 19:00:00	1.04925	1.0494	1.04879	1.04886	7017
2023-10-02 19:30:00	1.04884	1049	1.04807	1.04809	4572
2023-10-02 20:00:00	1.04806	1.04827	1048	1048	1729
2023-10-02 20:30:00	1.04798	1.04801	1.04769	1.04769	2223
2023-10-02 21:00:00	1.04769	1.04794	1.04767	1.04783	618
2023-10-02 21:30:00	1.04782	1.04793	1.04779	1.04791	343
2023-10-02 22:00:00	1.04796	1.04827	1.04768	1.04824	1431
2023-10-02 22:30:00	1.04823	1.04825	1.04764	1.04766	1202
2023-10-02 23:00:00	1.04767	1.04789	1.04752	1.0476	2264
2023-10-02 23:30:00	1.04761	1.04827	1.0476	1.04798	2203
2023-10-03 00:00:00	1.04798	1.04803	1.04647	1.04681	6693
2023-10-03 00:30:00	1.04685	1.04746	1.04673	1.04723	3605
2023-10-03 01:00:00	1.04724	1.04747	1.04676	1.04706	3198
2023-10-03 01:30:00	1.04706	1.04742	1.04693	1.04712	3957
2023-10-03 02:00:00	1.04713	1.04713	1.04643	1.04643	3478
2023-10-03 02:30:00	1.04643	1.04692	1.04638	1.04665	2533
2023-10-03 03:00:00	1.04665	1.04696	1.04655	1.04676	2184
2023-10-03 03:30:00	1.04676	1.04706	1.0465	1.04683	2497
2023-10-03 04:00:00	1.04683	1.04703	1.04598	1.04611	2885
2023-10-03 04:30:00	1.04613	1.04662	1.0461	1.04632	2770
2023-10-03 05:00:00	1.04632	1.04657	1.04617	1.04647	4074
2023-10-03 05:30:00	1.04645	1.04662	1.04607	1.04657	4801
2023-10-03 06:00:00	1.04657	1.04702	1.04623	1.04688	7340
2023-10-03 06:30:00	1.04685	1.04746	1.04654	1.04728	7005
2023-10-03 07:00:00	1.04729	1.04797	1.04701	1.0471	7848
2023-10-03 07:30:00	1.04709	1.04842	1.04689	1.04824	6189
2023-10-03 08:00:00	1.04823	1.04933	1.04784	1.04863	7570
2023-10-03 08:30:00	1.04863	1.04886	1.04812	1.04853	6525
2023-10-03 09:00:00	1.04853	1.04874	1.04803	1.04848	5639
2023-10-03 09:30:00	1.04847	1.04912	1.0483	1.04839	5655
2023-10-03 10:00:00	1.04838	1.04854	1.04793	1048	5689
2023-10-03 10:30:00	1048	1.04848	1.04754	1.04759	6818
2023-10-03 11:00:00	1.04758	1.04779	1.04692	1.04739	7120
2023-10-03 11:30:00	1.04736	1.04815	1.04708	1.04735	7218
2023-10-03 12:00:00	1.04735	1.04787	1.04675	1.0476	9784
2023-10-03 12:30:00	1.0476	1.0476	1.0462	1.04661	10218
2023-10-03 13:00:00	1.04661	1.04759	1.04639	1.04699	8484
2023-10-03 13:30:00	1.04697	1.04857	1.04664	1.04808	18105
2023-10-03 14:00:00	1.04808	1.04827	1.04497	1.04662	40216
2023-10-03 14:30:00	1.0466	1.04826	1.0464	1.04756	24728
2023-10-03 15:00:00	1.04756	1.04757	1.04577	1.04598	19857
2023-10-03 15:30:00	1.04598	1.04643	1.04483	1.04525	9670
2023-10-03 16:00:00	1.04524	1.04724	1.04518	1.04724	9629
2023-10-03 16:30:00	1.04724	1.04724	1.04586	1.04623	8065
2023-10-03 17:00:00	1.04622	1.04749	1.04621	1.04733	5982
2023-10-03 17:30:00	1.04733	1.04733	1.04635	1.04691	6227
2023-10-03 18:00:00	1.0469	1.04724	1.04595	1.04674	4813
2023-10-03 18:30:00	1.04674	1.04795	1.04669	1.04746	3370
2023-10-03 19:00:00	1.04748	1.04785	1.04705	1.04737	3391
2023-10-03 19:30:00	1.04737	1.04749	1.04706	1.04714	2703
2023-10-03 20:00:00	1.04715	1.04735	1.0468	1.0468	1645
2023-10-03 20:30:00	1.0468	1.04691	1.04646	1.04658	1787
2023-10-03 21:00:00	1.04656	1.04688	1.04651	1.04652	210
2023-10-03 21:30:00	1.04653	1.04665	1.04637	1.04642	285
2023-10-03 22:00:00	1.04647	1.04679	1.04644	1.0467	1334
2023-10-03 22:30:00	1.04669	1.04673	1.04641	1.04645	1119
2023-10-03 23:00:00	1.04646	1.04665	1.0463	1.0466	2030
2023-10-03 23:30:00	1.0466	1.04696	1.04659	1.04686	1530
2023-10-04 00:00:00	1.04684	1.04732	1.04655	1.04701	3154
2023-10-04 00:30:00	1.04702	1.04755	1.04702	1.04713	2547
2023-10-04 01:00:00	1.04713	1.04718	1.04668	1.04692	3706
2023-10-04 01:30:00	1.04692	1.04692	1.04602	1.04668	5311
2023-10-04 02:00:00	1.0467	1.04682	1.0464	1.04648	3464
2023-10-04 02:30:00	1.04647	1.04647	1.04598	1.04634	2462
2023-10-04 03:00:00	1.04632	1.04665	1.04627	1.04627	1603
2023-10-04 03:30:00	1.04629	1.04638	1.0457	1.04592	2324
2023-10-04 04:00:00	1.04593	1.04637	1.04581	1.04621	1511
2023-10-04 04:30:00	1.04622	1.04699	1.04622	1.04699	3000
2023-10-04 05:00:00	1.04701	1.04708	1.04676	1.04703	3091
2023-10-04 05:30:00	1.04706	1.04739	1.04668	1.04681	3476
2023-10-04 06:00:00	1.04682	1.04693	1.04558	1.04561	6600
2023-10-04 06:30:00	1.04562	1.04613	1.04542	1.04604	4510
2023-10-04 07:00:00	1.04604	1.04717	1.04514	1.04699	10093
2023-10-04 07:30:00	1.04698	1.04853	1.04687	1.04846	11563
2023-10-04 08:00:00	1.04846	1.04887	1.04791	1.04837	9968
2023-10-04 08:30:00	1.0484	1.04883	1.04805	1.0486	7431
2023-10-04 09:00:00	1.04861	1.05015	1.04847	1.0494	8040
2023-10-04 09:30:00	1.04941	1.0504	1.04892	1.04983	5751
2023-10-04 10:00:00	1.04983	1.05115	1.04955	1.05099	6991
2023-10-04 10:30:00	1.05098	1.05099	1.04998	1.05032	6571
2023-10-04 11:00:00	1.05033	1.05164	1.05029	1.05098	8085
2023-10-04 11:30:00	1.05097	1051	1.04978	1.0498	8610
2023-10-04 12:00:00	1.04979	1.05235	1.04962	1.05136	20576
2023-10-04 12:30:00	1.05137	1.05321	1.05109	1.05252	17818
2023-10-04 13:00:00	1.05251	1.05258	1.05115	1.05152	14634
2023-10-04 13:30:00	1.05152	1.05174	1.05052	1.05072	21304
2023-10-04 14:00:00	1.05072	1.05118	1.04829	1.04845	27108
2023-10-04 14:30:00	1.04847	1.04998	1.04846	1.04927	15483
2023-10-04 15:00:00	1.04927	1.05163	1.04901	1.05141	14510
2023-10-04 15:30:00	1.05141	1.05199	1.05108	1.05176	11793
2023-10-04 16:00:00	1.05178	1.05213	1.05135	1.05158	6194
2023-10-04 16:30:00	1.05158	1.05217	1.0511	1.05123	8717
2023-10-04 17:00:00	1.05121	1.0513	1.05017	1.05022	6534
2023-10-04 17:30:00	1.05022	1.05057	1.05009	1.05029	6796
2023-10-04 18:00:00	1.05027	1.05067	1.04978	1.05033	5693
2023-10-04 18:30:00	1.05033	1.05068	1.04996	1.05031	6389
2023-10-04 19:00:00	1.05032	1.05149	1.05017	1.05132	3427
2023-10-04 19:30:00	1.05133	1.05194	1.05112	1.05154	5415
2023-10-04 20:00:00	1.05152	1.0516	1.05099	1.05114	2462
2023-10-04 20:30:00	1.05113	1.05114	1.05028	1.05033	2922
2023-10-04 21:00:00	1.05033	1.05067	1.0503	1.05054	409
2023-10-04 21:30:00	1.05054	1.05065	1.05046	1.05065	923
2023-10-04 22:00:00	1.05066	1.05085	1.05062	1.05079	764
2023-10-04 22:30:00	1.05078	1.05083	1.05053	1.05062	754
2023-10-04 23:00:00	1.05063	1.0508	1.05052	1.05079	1302
2023-10-04 23:30:00	1.05079	1.05091	1.05061	1.05069	1396
2023-10-05 00:00:00	1.05068	1.05068	1.05022	1.05038	2236
2023-10-05 00:30:00	1.05039	1.0522	1.05039	1.05202	4711
2023-10-05 01:00:00	1.05201	1.05287	1052	1.05218	5869
2023-10-05 01:30:00	1.05216	1.05288	1.05202	1.05285	4396
2023-10-05 02:00:00	1.05286	1.05288	1.05224	1.05234	3354
2023-10-05 02:30:00	1.05235	1.05243	1.05208	1.05231	2583
2023-10-05 03:00:00	1.0523	1.05268	1.05213	1.05246	2400
2023-10-05 03:30:00	1.05245	1.05284	1.05243	1.0525	2604
2023-10-05 04:00:00	1.05249	1.05263	1.05223	1.05236	2322
2023-10-05 04:30:00	1.05237	1.05241	1.05205	1.05205	1725
2023-10-05 05:00:00	1.05207	1.0526	1.05202	1.05254	2105
2023-10-05 05:30:00	1.05255	1.05256	1.05165	1.05173	3280
2023-10-05 06:00:00	1.05174	1.05209	1.05101	1.05143	6948
2023-10-05 06:30:00	1.05143	1.05156	1.05047	1.0507	4107
2023-10-05 07:00:00	1.05069	1.05123	1.05014	1.05057	7367
2023-10-05 07:30:00	1.05057	1.05145	1.05052	1.05087	8883
2023-10-05 08:00:00	1.05087	1.05202	1.05065	1.05136	7965
2023-10-05 08:30:00	1.05135	1.05157	1.05027	1.05041	6952
2023-10-05 09:00:00	1.05042	1.05163	1.05032	1.05128	9127
2023-10-05 09:30:00	1.05128	1.05133	1.05055	1.05077	5374
2023-10-05 10:00:00	1.05078	1.05152	1.05051	1.05148	5799
2023-10-05 10:30:00	1.05148	1.0523	1.05144	1.0519	7623
2023-10-05 11:00:00	1.05189	1.05206	1.05111	1.05169	5326
2023-10-05 11:30:00	1.05169	1.05252	1.05152	1.05236	6807
2023-10-05 12:00:00	1.05237	1.05297	1.05145	1.05171	11431
2023-10-05 12:30:00	1.05174	1.05177	1.05	1.05147	21220
2023-10-05 13:00:00	1.05147	1.0528	1.0508	1.05278	15634
2023-10-05 13:30:00	1.0528	1.05319	1.05146	1.05252	19736
2023-10-05 14:00:00	1.05252	1.05331	1.05126	1.05277	14280
2023-10-05 14:30:00	1.05277	1.05325	1.05171	1.05301	15167
2023-10-05 15:00:00	1.05302	1.05312	1.05203	1.05272	12735
2023-10-05 15:30:00	1.05273	1.05373	1.0524	1.05257	13939
2023-10-05 16:00:00	1.05257	1.05388	1.0524	1.05386	10664
2023-10-05 16:30:00	1.05386	1.05399	1.05309	1.05359	6152
2023-10-05 17:00:00	1.05359	1.05373	1.0529	1.05358	4905
2023-10-05 17:30:00	1.05358	1.05398	1.05314	1.05377	4173
2023-10-05 18:00:00	1.05379	1.05465	1.05379	1.05465	4962
2023-10-05 18:30:00	1.05466	1.05515	1.05435	1.05508	4212
2023-10-05 19:00:00	1.05507	1.05507	1.05447	1.05462	4016
2023-10-05 19:30:00	1.05461	1.05515	1.05451	1.05495	3164
2023-10-05 20:00:00	1.05495	1.05518	1.05479	1.05502	1258
2023-10-05 20:30:00	1.05501	1.05512	1.05492	1.05492	2649
2023-10-05 21:00:00	1.05475	1.05489	1.0545	1.05467	981
2023-10-05 21:30:00	1.05468	1.05495	1.05464	1.05483	1897
2023-10-05 22:00:00	1.05483	1.05506	1.05481	1.05482	687
2023-10-05 22:30:00	1.05482	1.05491	1.05479	1.05481	674
2023-10-05 23:00:00	1.0548	1.05484	1.05469	1.05474	778
2023-10-05 23:30:00	1.05476	1.05478	1.05461	1.05462	1274
2023-10-06 00:00:00	1.05463	1.05479	1.05421	1.05435	3146
2023-10-06 00:30:00	1.05434	1.05473	1.05411	1.05415	3556
2023-10-06 01:00:00	1.05416	1.05422	1.05381	1.05401	4263
2023-10-06 01:30:00	1.05402	1.05445	1.05394	1.05431	3774
2023-10-06 02:00:00	1.0543	1.05445	1.05413	1.05434	2630
2023-10-06 02:30:00	1.05432	1.05473	1.05426	1.05448	2503
2023-10-06 03:00:00	1.05448	1.05463	1.05433	1.05449	2472
2023-10-06 03:30:00	1.05451	1.05451	1.05403	1.05423	2044
2023-10-06 04:00:00	1.05424	1.05442	1.05406	1.05441	1931
2023-10-06 04:30:00	1.05442	1.05444	1.05398	1.05404	1267
2023-10-06 05:00:00	1.05403	1.05417	1.05386	1.05393	2295
2023-10-06 05:30:00	1.05394	1.05403	1.05334	1.0535	3808
2023-10-06 06:00:00	1.05349	1.05402	1.0534	1.05353	5096
2023-10-06 06:30:00	1.05355	1.05366	1.05314	1.05346	4489
2023-10-06 07:00:00	1.05345	1.05452	1.0534	1.0543	9300
2023-10-06 07:30:00	1.05432	1.0551	1.05424	1.05497	10718
2023-10-06 08:00:00	1.05497	1.05522	1.05449	1.05471	11697
2023-10-06 08:30:00	1.05473	1.05532	1.05421	1.05482	6671
2023-10-06 09:00:00	1.05482	1.05538	1.05457	1.05484	7003
2023-10-06 09:30:00	1.05483	1.05576	1.05483	1.05527	5126
2023-10-06 10:00:00	1.05526	1.0562	1.05526	1.05586	5670
2023-10-06 10:30:00	1.05586	1.05633	1.05534	1.05547	4666
2023-10-06 11:00:00	1.05545	1.05567	1.05504	1.05548	5000
2023-10-06 11:30:00	1.05547	1.05672	1.05524	1.0566	5813
2023-10-06 12:00:00	1.0566	1.05684	1.05534	1.05535	11169
2023-10-06 12:30:00	1.05535	1.05585	1.04824	1.04962	40895
2023-10-06 13:00:00	1.04965	1.05227	1.04883	1.05105	28875
2023-10-06 13:30:00	1.05106	1.05176	1.05012	1.05118	28460
2023-10-06 14:00:00	1.05121	1.05344	1.0505	1.05335	21498
2023-10-06 14:30:00	1.05334	1.05554	1.05334	1.05376	24741
2023-10-06 15:00:00	1.05377	1.05923	1.0536	1.05883	18450
2023-10-06 15:30:00	1.05885	1.05999	1.05838	1.05946	17736
2023-10-06 16:00:00	1.05945	1.05953	1.05755	1.05802	28374
2023-10-06 16:30:00	1.05802	1.05869	1.05763	1.05791	12232
2023-10-06 17:00:00	1.0579	1.05924	1.05771	1.05877	5858
2023-10-06 17:30:00	1.05879	1.05887	1.05801	1.05881	4218
2023-10-06 18:00:00	1.05882	1.05982	1.0587	1.05977	3535
2023-10-06 18:30:00	1.05977	1.05996	1.05903	1.05933	4134
2023-10-06 19:00:00	1.05934	1.05942	1.05887	1.05942	4418
2023-10-06 19:30:00	1.05942	1.05961	1.0589	1.05897	3475
2023-10-06 20:00:00	1.05897	1.05897	1.05826	1.05844	3132
2023-10-06 20:30:00	1.05843	1.05868	1.05823	1.05828	3067
2023-10-08 21:00:00	1.05529	1.05583	1.05496	1.05497	549
2023-10-08 21:30:00	1.05497	1.05568	1.05494	1.0555	673
2023-10-08 22:00:00	1.05545	1.0563	1.05501	1.05528	4474
2023-10-08 22:30:00	1.05527	1.05587	1.05519	1.0558	3016
2023-10-08 23:00:00	1.05581	1.05664	1.05581	1.05639	3098
2023-10-08 23:30:00	1.05636	1.05682	1.05612	1.05661	1015
2023-10-09 00:00:00	1.05662	1.05693	1.0562	1.0566	2382
2023-10-09 00:30:00	1.05661	1.05742	1.05637	1.05736	1440
2023-10-09 01:00:00	1.05734	1.05741	1.05601	1.05638	2542
2023-10-09 01:30:00	1.05641	1.05641	1.05568	1.05631	1640
2023-10-09 02:00:00	1.05632	1.05655	1.05587	1.0564	1299
2023-10-09 02:30:00	1.05641	1.05643	1056	1.05614	1490
2023-10-09 03:00:00	1.05612	1.05613	1.05537	1.05544	1228
2023-10-09 03:30:00	1.05544	1.05547	1.05515	1.05521	1043
2023-10-09 04:00:00	1.05522	1.05543	1.05494	1.05523	769
2023-10-09 04:30:00	1.05526	1.05526	1.05478	1055	1291
2023-10-09 05:00:00	1.05504	1.05542	1.05499	1.05532	905
2023-10-09 05:30:00	1.05532	1.05568	1.05525	1.05536	1670
2023-10-09 06:00:00	1.05539	1.05585	1.05439	1.05447	3654
2023-10-09 06:30:00	1.05442	1.05451	1.05315	1.0537	4286
2023-10-09 07:00:00	1.05371	1.05395	1.05281	1.05362	5854
2023-10-09 07:30:00	1.05361	1.0539	1.05194	1.0523	4819
2023-10-09 08:00:00	1.0523	1.05295	1.05203	1.05276	3857
2023-10-09 08:30:00	1.05277	1.05417	1.05266	1.05416	6008
2023-10-09 09:00:00	1.05416	1.0545	1.05388	1.05422	7955
2023-10-09 09:30:00	1.05421	1.05421	1.05307	1.05335	5097
2023-10-09 10:00:00	1.05335	1.05337	1.05233	1.05259	5165
2023-10-09 10:30:00	1.0526	1.05305	1.05244	1.0528	3765
2023-10-09 11:00:00	1.05281	1.05361	1.0528	1.05355	4599
2023-10-09 11:30:00	1.05354	1.05403	1.05268	1.05282	4404
2023-10-09 12:00:00	1.05281	1.05324	1.05244	1.05301	8696
2023-10-09 12:30:00	1053	1.0536	1.05224	1.0533	9532
2023-10-09 13:00:00	1.05329	1.05494	1.05324	1.05464	16644
2023-10-09 13:30:00	1.05464	1.05547	1.0544	1.0553	12875
2023-10-09 14:00:00	1.05529	1.05576	1.05437	1.05481	14724
2023-10-09 14:30:00	1.0548	1.05513	1.05374	1.05453	14016
2023-10-09 15:00:00	1.05452	1.05528	1.05432	1.05473	8482
2023-10-09 15:30:00	1.05473	1.05491	1.05391	1.05397	5623
2023-10-09 16:00:00	1.05396	1.0544	1.0536	1.05396	5463
2023-10-09 16:30:00	1.05396	1.05416	1.05344	1.05353	4560
2023-10-09 17:00:00	1.05355	1.05397	1.05351	1.05382	7268
2023-10-09 17:30:00	1.05382	1.05648	1.05382	1.05633	7718
2023-10-09 18:00:00	1.05633	1.05674	1.05631	1.05663	4721
2023-10-09 18:30:00	1.05665	1.05669	1.05601	1.05642	6303
2023-10-09 19:00:00	1.05641	1.05702	1.05641	1.05691	5532
2023-10-09 19:30:00	1.05692	1.05697	1.05665	1.05691	4791
2023-10-09 20:00:00	1.05691	1.05722	1.05676	1.05689	1872
2023-10-09 20:30:00	1.0569	1.05693	1.05649	1.0566	3674
2023-10-09 21:00:00	1.05659	1.05664	1.05606	1.05651	484
2023-10-09 21:30:00	1.05652	1.05672	1.05648	1.05654	8235
2023-10-09 22:00:00	1.05654	1.0571	1.05649	1.05709	1122
2023-10-09 22:30:00	1.05709	1.05717	1.05686	1.05686	658
2023-10-09 23:00:00	1.05686	1.05741	1.05678	1.0574	2161
2023-10-09 23:30:00	1.05744	1.05796	1.0574	1.05786	2672
2023-10-10 00:00:00	1.05788	1.05836	1.05707	1.0576	8384
2023-10-10 00:30:00	1.05763	1.05765	1.05707	1.05727	8756
2023-10-10 01:00:00	1.05727	1.05806	1.05707	1.05776	8323
2023-10-10 01:30:00	1.05775	1.0579	1.05705	1.05731	6648
2023-10-10 02:00:00	1.05731	1.05769	1.05709	1.05741	3309
2023-10-10 02:30:00	1.0574	1.05755	1.05665	1.0567	4863
2023-10-10 03:00:00	1.05669	1.05703	1.0566	1.05701	3457
2023-10-10 03:30:00	1057	1.05702	1.05665	1.05694	3119
2023-10-10 04:00:00	1.05693	1.05693	1.05638	1.05643	3244
2023-10-10 04:30:00	1.05642	1.05654	1.05605	1.05615	3815
2023-10-10 05:00:00	1.05612	1.05628	1.05588	1.05624	2938
2023-10-10 05:30:00	1.05625	1.05668	1.05609	1.05614	4612
2023-10-10 06:00:00	1.05617	1.0569	1.05565	1.05593	12253
2023-10-10 06:30:00	1.05594	1.05616	1.05546	1.05613	9484
2023-10-10 07:00:00	1.05612	1.05663	1.05542	1.05592	16098
2023-10-10 07:30:00	1.05592	1.05723	1.05592	1.05716	10938
2023-10-10 08:00:00	1.05717	1.05886	1.05698	1.05884	13532
2023-10-10 08:30:00	1.05886	1.06095	1.05886	1.06043	15584
2023-10-10 09:00:00	1.06043	1.0611	1.05973	1.06109	11660
2023-10-10 09:30:00	1.06108	1.06108	1.06005	1.0602	8872
2023-10-10 10:00:00	1.06019	1.06046	1.05946	1.05954	9404
2023-10-10 10:30:00	1.05957	1.05995	1.05908	1.05921	5277
2023-10-10 11:00:00	1.05922	1.05922	1.05792	1.05793	6998
2023-10-10 11:30:00	1.05792	1.05832	1.05718	1.05757	8158
2023-10-10 12:00:00	1.05755	1.05835	1.05742	1.0579	12027
2023-10-10 12:30:00	1.05788	1.05953	1.05786	1.05934	13916
2023-10-10 13:00:00	1.05932	1.05968	1.05847	1.05919	15942
2023-10-10 13:30:00	1.0592	1.05959	1.05854	1.05941	18450
2023-10-10 14:00:00	1.05942	1.06064	1.05942	1.06029	16757
2023-10-10 14:30:00	1.0603	1.06053	1.05892	1.05972	12381
2023-10-10 15:00:00	1.0597	1.06067	1.0596	1.06014	13376
2023-10-10 15:30:00	1.06012	1.06195	1.06002	1.0617	10866
2023-10-10 16:00:00	1.0617	1.06198	1.06093	1.0614	9532
2023-10-10 16:30:00	1.06141	1.06188	1.06124	1.06171	6546
2023-10-10 17:00:00	1.0617	1.06184	1.05989	1.0602	10239
2023-10-10 17:30:00	1.0602	1.06035	1.05933	1.05948	8580
2023-10-10 18:00:00	1.05948	1.05976	1.05924	1.05965	6293
2023-10-10 18:30:00	1.05965	1.0601	1.05937	1.05986	6402
2023-10-10 19:00:00	1.05986	1.06009	1.05938	1.05992	5888
2023-10-10 19:30:00	1.05992	1.06063	1.05987	1.06046	3770
2023-10-10 20:00:00	1.06048	1.06063	1.06026	1.06057	1427
2023-10-10 20:30:00	1.06056	1.06064	1.0602	1.06048	2909
2023-10-10 21:00:00	1.06047	1.06064	1.05998	1.0606	859
2023-10-10 21:30:00	1.0606	1.06063	1.06039	1.0605	2991
2023-10-10 22:00:00	1.0605	1.06068	1.06028	1.06046	535
2023-10-10 22:30:00	1.06045	1.06057	1.06044	1.06052	924
2023-10-10 23:00:00	1.06052	1.06096	1.06041	1.06076	3077
2023-10-10 23:30:00	1.06075	1.06076	1.06034	1.06042	926
2023-10-11 00:00:00	1.06043	1.06101	1.06043	1.06092	4515
2023-10-11 00:30:00	1.06093	1.06142	1.06087	1.06106	3210
2023-10-11 01:00:00	1.06105	1.06123	1.06015	1.06032	4564
2023-10-11 01:30:00	1.06031	1.06082	1.06012	1.0608	4606
2023-10-11 02:00:00	1.06081	1.06082	1.0602	1.06024	4643
2023-10-11 02:30:00	1.06024	1.06097	1.06022	1.06077	2686
2023-10-11 03:00:00	1.06077	1.06081	1.06038	1.06046	2091
2023-10-11 03:30:00	1.06044	1.06072	1.06036	1.06047	2151
2023-10-11 04:00:00	1.06047	1.06076	1.06044	1.06044	1608
2023-10-11 04:30:00	1.06046	1.06066	1.06026	1.06026	1778
2023-10-11 05:00:00	1.06027	1.06068	1.06018	1.06066	3593
2023-10-11 05:30:00	1.06066	1.06103	1.06005	1.06014	3291
2023-10-11 06:00:00	1.06014	1.06071	1.05991	1.06071	4679
2023-10-11 06:30:00	1.06072	1.06145	1.06037	1.06102	5665
2023-10-11 07:00:00	1.06102	1.06119	1.06023	1.06084	11331
2023-10-11 07:30:00	1.06084	1.06283	1.05953	1.05998	17871
2023-10-11 08:00:00	1.05999	1.06071	1.05933	1.06032	13482
2023-10-11 08:30:00	1.06031	1.06136	1.05983	1.06084	9946
2023-10-11 09:00:00	1.06082	1.06147	1.06046	1.06093	5743
2023-10-11 09:30:00	1.06094	1.06124	1.06044	1.06044	6638
2023-10-11 10:00:00	1.06046	1.06065	1.05976	1.06011	7508
2023-10-11 10:30:00	1.06012	1.06044	1.05991	1.06018	6123
2023-10-11 11:00:00	1.06019	1.06087	1.05964	1.05995	6423
2023-10-11 11:30:00	1.05996	1.06057	1.05974	1.06039	6374
2023-10-11 12:00:00	1.06038	1.06053	1.06	1.06026	13476
2023-10-11 12:30:00	1.06025	1.06143	1.05806	1.06143	20902
2023-10-11 13:00:00	1.06144	1.06207	1.06063	1.0618	15103
2023-10-11 13:30:00	1.06181	1.06346	1.06112	1.06291	20117
2023-10-11 14:00:00	1.0629	1.06344	1.0621	1.06242	20905
2023-10-11 14:30:00	1.06243	1.06293	1.06183	1.06241	15279
2023-10-11 15:00:00	1.06242	1.06245	1.06101	1.06177	8722
2023-10-11 15:30:00	1.06179	1.06233	1.06116	1.06127	9174
2023-10-11 16:00:00	1.06127	1.06128	1.05995	1.06029	8681
2023-10-11 16:30:00	1.0603	1.06079	1.06013	1.06072	4975
2023-10-11 17:00:00	1.0607	1.06097	1.06001	1.06004	6455
2023-10-11 17:30:00	1.06004	1.06004	1.05849	1.05926	8279
2023-10-11 18:00:00	1.05925	1.06007	1.05909	1.05969	13396
2023-10-11 18:30:00	1.05969	1.06083	1.05964	1.06071	4355
2023-10-11 19:00:00	1.06071	1.06143	1.0607	1.0614	3134
2023-10-11 19:30:00	1.06138	1.06158	1.06117	1.06125	2980
2023-10-11 20:00:00	1.06125	1.06202	1.06116	1.06194	1022
2023-10-11 20:30:00	1.06194	1.06202	1.06169	1.06194	1738
2023-10-11 21:00:00	1.06188	1.06197	1.06127	1.06178	524
2023-10-11 21:30:00	1.06177	1.06201	1.06167	1.06198	658
2023-10-11 22:00:00	1.06197	1.06218	1.06185	1.06217	902
2023-10-11 22:30:00	1.06216	1.06218	1.06186	1.0619	1616
2023-10-11 23:00:00	1.06191	1.06253	1.06187	1.06243	1542
2023-10-11 23:30:00	1.06243	1.06256	1.06222	1.06234	1843
2023-10-12 00:00:00	1.06234	1.06279	1.06218	1.06226	2942
2023-10-12 00:30:00	1.06227	1.06244	1.06199	1.06224	2867
2023-10-12 01:00:00	1.06224	1.06266	1.06213	1.06219	3900
2023-10-12 01:30:00	1.06218	1.06267	1.06202	1.06246	3601
2023-10-12 02:00:00	1.06246	1.0626	1.06203	1.0622	3254
2023-10-12 02:30:00	1.06222	1.0624	1.0622	1.06238	2079
2023-10-12 03:00:00	1.06238	1.06252	1.06208	1.06209	2273
2023-10-12 03:30:00	1.06208	1.0629	1.06208	1.06287	1932
2023-10-12 04:00:00	1.06285	1.06308	1.06271	1.06288	1580
2023-10-12 04:30:00	1.06288	1.06316	1.06273	1.06309	2543
2023-10-12 05:00:00	1.06308	1.06336	1.06297	1.06311	3126
2023-10-12 05:30:00	1.0631	1.06331	1.06292	1.06311	3793
2023-10-12 06:00:00	1.06311	1.06369	1.06277	1.06296	6430
2023-10-12 06:30:00	1.06296	1.06397	1.06289	1.06356	5880
2023-10-12 07:00:00	1.06355	1.06361	1.06251	1.06253	6637
2023-10-12 07:30:00	1.06253	1.06275	1062	1062	5604
2023-10-12 08:00:00	1.06201	1.06268	1.06193	1.06257	5521
2023-10-12 08:30:00	1.06257	1.06265	1.06193	1.06263	4365
2023-10-12 09:00:00	1.06264	1.06272	1.06205	1.06212	4932
2023-10-12 09:30:00	1.06211	1.06235	1.0616	1.06181	4538
2023-10-12 10:00:00	1.0618	1.06267	1.0617	1.0621	3621
2023-10-12 10:30:00	1.06209	1.06224	1.06168	1.06185	3064
2023-10-12 11:00:00	1.06186	1.06194	1.06132	1.06192	4070
2023-10-12 11:30:00	1.06192	1062	1.06139	1.06195	5118
2023-10-12 12:00:00	1.06194	1.06255	1.06159	1.06244	8788
2023-10-12 12:30:00	1.06243	1.06271	1.05719	1.05816	37235
2023-10-12 13:00:00	1.05816	1.05861	1.05671	1.05724	24995
2023-10-12 13:30:00	1.05722	1.05734	1.05474	1.05495	20530
2023-10-12 14:00:00	1.05494	1.05625	1.05471	1.05526	13646
2023-10-12 14:30:00	1.05526	1.05575	1.05444	1.05555	12504
2023-10-12 15:00:00	1.05556	1056	1.05454	1.05478	11380
2023-10-12 15:30:00	1.05479	1.0555	1.05454	1.05519	7251
2023-10-12 16:00:00	1.05521	1.05608	1.05521	1.05536	6012
2023-10-12 16:30:00	1.05535	1.05564	1.05462	1.05485	4812
2023-10-12 17:00:00	1.05484	1.05492	1.0535	1.05404	12997
2023-10-12 17:30:00	1.05403	1.05434	1.0532	1.05344	7021
2023-10-12 18:00:00	1.05344	1.05363	1.05272	1.0535	6634
2023-10-12 18:30:00	1.0535	1.05369	1.05257	1.05266	5478
2023-10-12 19:00:00	1.05267	1.05325	1.05265	1.05311	3720
2023-10-12 19:30:00	1.05311	1.05339	1.05278	1.05306	3051
2023-10-12 20:00:00	1.05308	1.05315	1.05281	1.05308	1149
2023-10-12 20:30:00	1.05309	1.05311	1.05275	1.05277	1811
2023-10-12 21:00:00	1.05273	1.0531	1.05268	1.05281	591
2023-10-12 21:30:00	1.05281	1.05304	1.05281	1.05304	1263
2023-10-12 22:00:00	1.05305	1.05319	1.05294	1.05311	538
2023-10-12 22:30:00	1.05311	1.0532	1.05309	1.05314	1746
2023-10-12 23:00:00	1.05314	1.05344	1.05307	1.0534	1847
2023-10-12 23:30:00	1.05342	1.05374	1.05339	1.05355	1693
2023-10-13 00:00:00	1.05358	1.05394	1.05352	1.05376	3051
2023-10-13 00:30:00	1.05375	1.05395	1.05345	1.05389	2268
2023-10-13 01:00:00	1.0539	1.0542	1.05375	1.0541	2722
2023-10-13 01:30:00	1.0541	1.05432	1.05381	1.05422	3828
2023-10-13 02:00:00	1.05421	1.05442	1054	1.05404	4191
2023-10-13 02:30:00	1.05408	1.05466	1.05403	1.0546	2681
2023-10-13 03:00:00	1.0546	1.0548	1.05434	1.05441	2873
2023-10-13 03:30:00	1.05442	1.05457	1.05425	1.05455	1758
2023-10-13 04:00:00	1.05453	1.05467	1.05432	1.05466	2316
2023-10-13 04:30:00	1.05465	1.05499	1.05454	1.05497	2373
2023-10-13 05:00:00	1.05498	1.05508	1.05474	1.05486	4262
2023-10-13 05:30:00	1.05486	1.05495	1.0544	1.05484	4894
2023-10-13 06:00:00	1.05483	1.05484	1.05377	1.0542	5258
2023-10-13 06:30:00	1.05419	1.05443	1.05333	1.05365	6601
2023-10-13 07:00:00	1.05364	1.05488	1.05313	1.05486	11433
2023-10-13 07:30:00	1.05486	1.05578	1.05464	1.05517	9002
2023-10-13 08:00:00	1.05516	1.05584	1.05514	1.05556	7634
2023-10-13 08:30:00	1.05557	1.05579	1.05504	1.05537	8624
2023-10-13 09:00:00	1.05536	1.05548	1.05432	1.05439	9127
2023-10-13 09:30:00	1.05439	1.05443	1.05278	1.05294	9245
2023-10-13 10:00:00	1.05295	1.05309	1.05209	1.05213	6775
2023-10-13 10:30:00	1.05214	1.05238	1.05156	1.05179	7211
2023-10-13 11:00:00	1.05178	1.05247	1.05139	1.05239	7022
2023-10-13 11:30:00	1.05239	1.05306	1.05191	1.05244	7054
2023-10-13 12:00:00	1.05247	1.05363	1.0521	1.0534	9194
2023-10-13 12:30:00	1.0534	1.05473	1.05338	1.05375	17234
2023-10-13 13:00:00	1.05374	1.05412	1.05185	1.05211	16184
2023-10-13 13:30:00	1.05212	1.05299	1.05166	1.05259	13995
2023-10-13 14:00:00	1.05259	1.05262	1.05038	1.05078	23307
2023-10-13 14:30:00	1.05078	1.05144	1.04995	1.05032	17706
2023-10-13 15:00:00	1.05033	1.05052	1.04954	1.05009	12399
2023-10-13 15:30:00	1.05009	1.05045	1.04969	1.05006	11143
2023-10-13 16:00:00	1.05007	1.0515	1.04995	1.05128	7114
2023-10-13 16:30:00	1.05127	1.05132	1.05066	1.0509	5776
2023-10-13 17:00:00	1.05092	1.05105	1.05007	1.05055	5687
2023-10-13 17:30:00	1.05054	1.05116	1.05025	1.0505	6501
2023-10-13 18:00:00	1.05049	1.05109	1.05041	1.0508	5197
2023-10-13 18:30:00	1.05079	1.05123	1.0505	1.0511	4529
2023-10-13 19:00:00	1.0511	1.05139	1.05094	1.05111	4211
2023-10-13 19:30:00	1.05113	1.05158	1.05106	1.05138	3781
2023-10-13 20:00:00	1.05137	1.05138	1.05078	1.05084	2296
2023-10-13 20:30:00	1.05087	1.05093	1.05056	1.05073	2810
2023-10-15 21:00:00	1.05083	1.0516	1.05025	1.05101	312
2023-10-15 21:30:00	1.05101	1.05225	1.05101	1.05211	3079
2023-10-15 22:00:00	1.05213	1.05253	1.05144	1.05249	2748
2023-10-15 22:30:00	1.05249	1.05253	1.05163	1.05213	1699
2023-10-15 23:00:00	1.05212	1.05212	1.0517	1.05195	2952
2023-10-15 23:30:00	1.05194	1.05225	1.05185	1.0522	1874
2023-10-16 00:00:00	1.05221	1.05236	1.05156	1.05188	3625
2023-10-16 00:30:00	1.05189	1.05199	1.05157	1.05175	3022
2023-10-16 01:00:00	1.05178	1.05251	1.05178	1.05247	2690
2023-10-16 01:30:00	1.05248	1.05253	1.05207	1.05219	3543
2023-10-16 02:00:00	1.05221	1.05257	1052	1.05236	2134
2023-10-16 02:30:00	1.05238	1.05244	1.05203	1.05216	1949
2023-10-16 03:00:00	1.05218	1.05239	1.05199	1.05212	2034
2023-10-16 03:30:00	1.05211	1.0524	1052	1.05235	2322
2023-10-16 04:00:00	1.05234	1.0526	1.05223	1.05254	2266
2023-10-16 04:30:00	1.05254	1.05268	1.05245	1.0526	1904
2023-10-16 05:00:00	1.05262	1.05272	1.05238	1.05269	2942
2023-10-16 05:30:00	1.05268	1.05304	1.05229	1.05294	3513
2023-10-16 06:00:00	1.05293	1.05338	1.05265	1.05276	7121
2023-10-16 06:30:00	1.05275	1.05382	1.05271	1.05348	5877
2023-10-16 07:00:00	1.05348	1.05358	1.05235	1.05258	9555
2023-10-16 07:30:00	1.05259	1.05347	1.0525	1.05341	7470
2023-10-16 08:00:00	1.0534	1.05362	1.05235	1.05351	7205
2023-10-16 08:30:00	1.05351	1.05428	1.05323	1.05406	6036
2023-10-16 09:00:00	1.05405	1.05422	1.05375	1.05381	5463
2023-10-16 09:30:00	1.05382	1.05423	1.05317	1.0532	5825
2023-10-16 10:00:00	1.05318	1.05341	1.05277	1.05309	5307
2023-10-16 10:30:00	1.0531	1.05346	1.05304	1.05323	3515
2023-10-16 11:00:00	1.05322	1.05329	1.0526	1.05305	4428
2023-10-16 11:30:00	1.05306	1.05387	1.05301	1.05365	5259
2023-10-16 12:00:00	1.05365	1.05418	1.05304	1.0532	11161
2023-10-16 12:30:00	1.0532	1.0546	1.05293	1.05416	10256
2023-10-16 13:00:00	1.05416	1.05438	1.05355	1.05379	10220
2023-10-16 13:30:00	1.05379	1.05387	1.05281	1.05299	10500
2023-10-16 14:00:00	1.05298	1.05402	1.05256	1.05394	11368
2023-10-16 14:30:00	1.05394	1.05554	1.05388	1.05497	10352
2023-10-16 15:00:00	1.05497	1.05526	1.0542	1.05458	6411
2023-10-16 15:30:00	1.05456	1.05511	1.05394	1.05446	5050
2023-10-16 16:00:00	1.05447	1.05465	1.05403	1.05444	4544
2023-10-16 16:30:00	1.05445	1.05491	1.0544	1.05473	3720
2023-10-16 17:00:00	1.05473	1.05525	1.05436	1.05467	3433
2023-10-16 17:30:00	1.05468	1.0556	1.05443	1.05551	2731
2023-10-16 18:00:00	1.0555	1.05565	1.05517	1.05541	2695
2023-10-16 18:30:00	1.05542	1.05558	1.0553	1.05541	2246
2023-10-16 19:00:00	1.0554	1.05619	1.05526	1.05615	3985
2023-10-16 19:30:00	1.05617	1.05627	1.05575	1.05626	2676
2023-10-16 20:00:00	1.05627	1.05627	1.05582	1.05588	2490
2023-10-16 20:30:00	1.05589	1.05605	1.05584	1.05597	2498
2023-10-16 21:00:00	1.05597	1.05597	1.05569	1.05584	614
2023-10-16 21:30:00	1.05583	1.05608	1.05572	1.05585	2397
2023-10-16 22:00:00	1.05589	1.05619	1.05565	1.05566	1178
2023-10-16 22:30:00	1.05568	1.05581	1.05556	1.05561	1749
2023-10-16 23:00:00	1.05561	1.05573	1.05535	1.05543	1857
2023-10-16 23:30:00	1.05542	1.05557	1.05529	1.05543	959
2023-10-17 00:00:00	1.05543	1.05601	1.05543	1.05589	2172
2023-10-17 00:30:00	1.05593	1.05607	1.0555	1.05556	4111
2023-10-17 01:00:00	1.05556	1.05558	1.05494	1.05503	3635
2023-10-17 01:30:00	1.05503	1.05541	1055	1.05523	3383
2023-10-17 02:00:00	1.05524	1.05528	1.05462	1.05481	2800
2023-10-17 02:30:00	1.05479	1.05513	1.05479	1.05499	2000
2023-10-17 03:00:00	1055	1.0552	1.05484	1055	2461
2023-10-17 03:30:00	1.05499	1.05541	1.0548	1.05498	2550
2023-10-17 04:00:00	1.05499	1055	1.05453	1.05469	1605
2023-10-17 04:30:00	1.05467	1.05499	1.0546	1.05473	2447
2023-10-17 05:00:00	1.05474	1.05504	1.05452	1.05453	2039
2023-10-17 05:30:00	1.05452	1.05485	1.05436	1.05441	4432
2023-10-17 06:00:00	1.05442	1.0545	1.05359	1.05394	5887
2023-10-17 06:30:00	1.05393	1.05394	1.0534	1.0537	3706
2023-10-17 07:00:00	1.0537	1.05517	1.05341	1.05486	7424
2023-10-17 07:30:00	1.05487	1.05547	1.05462	1.05486	7198
2023-10-17 08:00:00	1.05485	1.05487	1.05402	1.05405	6643
2023-10-17 08:30:00	1.05407	1.05414	1.05328	1.05358	5839
2023-10-17 09:00:00	1.05362	1.05544	1.05361	1055	7145
2023-10-17 09:30:00	1055	1.05543	1.05487	1.05536	4221
2023-10-17 10:00:00	1.05537	1.05625	1.05516	1.05539	8719
2023-10-17 10:30:00	1.05539	1.0556	1.05461	1.05533	5821
2023-10-17 11:00:00	1.05534	1.05715	1.05532	1.05706	6112
2023-10-17 11:30:00	1.05706	1.05793	1.05703	1.05752	6242
2023-10-17 12:00:00	1.05751	1.05778	1.05672	1.05691	8392
2023-10-17 12:30:00	1.0569	1.0569	1.05383	1.05471	26695
2023-10-17 13:00:00	1.0547	1.05614	1.05397	1.05495	18938
2023-10-17 13:30:00	1.05496	1.05551	1.0545	1.05491	15892
2023-10-17 14:00:00	1.0549	1.05869	1.05481	1058	17882
2023-10-17 14:30:00	1058	1058	1.05718	1.05751	14235
2023-10-17 15:00:00	1.05752	1.05906	1.05752	1058	10088
2023-10-17 15:30:00	1058	1.05927	1.05798	1.05921	8296
2023-10-17 16:00:00	1.05921	1.05948	1.05859	1.05924	6051
2023-10-17 16:30:00	1.05922	1.05926	1.05786	1.05795	5629
2023-10-17 17:00:00	1.05794	1.05811	1.05726	1.0576	5526
2023-10-17 17:30:00	1.05762	1.05773	1.05647	1.0567	4329
2023-10-17 18:00:00	1.0567	1.05714	1.05641	1.05699	4705
2023-10-17 18:30:00	1.05699	1.05744	1.0568	1.05689	3809
2023-10-17 19:00:00	1.0569	1.05806	1.0569	1.05806	3125
2023-10-17 19:30:00	1.05807	1.0581	1.05734	1.05769	6666
2023-10-17 20:00:00	1.05768	1.05768	1.05734	1.0575	1546
2023-10-17 20:30:00	1.0575	1.05776	1.05741	1.05767	1973
2023-10-17 21:00:00	1.05762	1.05776	1.05753	1.05753	426
2023-10-17 21:30:00	1.05754	1.0576	1.05742	1.05742	3047
2023-10-17 22:00:00	1.05743	1.05763	1.05743	1.05754	962
2023-10-17 22:30:00	1.05754	1.05772	1.0575	1.05757	1102
2023-10-17 23:00:00	1.05758	1.05761	1.05738	1.05746	2171
2023-10-17 23:30:00	1.05746	1.05746	1.05718	1.05727	1211
2023-10-18 00:00:00	1.05726	1.05743	1.05646	1.05653	4061
2023-10-18 00:30:00	1.05653	1.05654	1.05604	1.05643	2062
2023-10-18 01:00:00	1.05644	1.05672	1.05612	1.05651	2617
2023-10-18 01:30:00	1.05652	1057	1.05643	1.05694	4047
2023-10-18 02:00:00	1.05696	1.05772	1.05696	1.05764	4884
2023-10-18 02:30:00	1.05764	1.05789	1.05731	1.05754	2992
2023-10-18 03:00:00	1.05753	1.05779	1.05723	1.05736	2604
2023-10-18 03:30:00	1.05737	1.05755	1.05725	1.05754	1581
2023-10-18 04:00:00	1.05754	1.0577	1.05732	1.05759	2014
2023-10-18 04:30:00	1.0576	1.05786	1.05748	1.05756	2251
2023-10-18 05:00:00	1.05756	1.05809	1.05744	1.05781	3481
2023-10-18 05:30:00	1.0578	1.05846	1.05779	1.05825	3399
2023-10-18 06:00:00	1.05824	1.05941	1.05813	1.05894	7599
2023-10-18 06:30:00	1.05895	1.05913	1.0577	1.05788	7384
2023-10-18 07:00:00	1.05788	1.05831	1.05704	1.05744	9963
2023-10-18 07:30:00	1.05742	1.05811	1.05728	1.05788	7769
2023-10-18 08:00:00	1.05787	1.05797	1.05733	1.05743	6467
2023-10-18 08:30:00	1.05743	1.05849	1.05739	1.05831	5193
2023-10-18 09:00:00	1.05829	1.05867	1.05747	1.0577	7188
2023-10-18 09:30:00	1.05771	1.05825	1.05657	1.05691	5499
2023-10-18 10:00:00	1.0569	1.05695	1.05542	1.0558	7929
2023-10-18 10:30:00	1.05579	1.05612	1.05542	1.05559	4654
2023-10-18 11:00:00	1.05559	1.05612	1.05521	1.05607	6836
2023-10-18 11:30:00	1.05608	1.05682	1.05588	1.05606	6674
2023-10-18 12:00:00	1.05606	1.05744	1.05596	1.05674	8747
2023-10-18 12:30:00	1.05674	1.05707	1.05491	1.05568	14188
2023-10-18 13:00:00	1.0557	1.05641	1.05521	1.05529	12428
2023-10-18 13:30:00	1.05529	1.05582	1.05487	1.05505	17066
2023-10-18 14:00:00	1.05505	1.05603	1.05421	1.05421	18193
2023-10-18 14:30:00	1.05422	1.0545	1.05322	1.05375	13780
2023-10-18 15:00:00	1.05375	1.05427	1.05321	1.05329	10602
2023-10-18 15:30:00	1.05329	1.05365	1.05259	1.05311	8568
2023-10-18 16:00:00	1.05312	1.05342	1.05231	1.05274	8760
2023-10-18 16:30:00	1.05273	1.05378	1.05256	1.05369	6271
2023-10-18 17:00:00	1.05369	1.05536	1.05344	1.05497	11218
2023-10-18 17:30:00	1.05496	1.05526	1.05456	1.05501	5942
2023-10-18 18:00:00	1.05499	1.05513	1.05404	1.05424	4952
2023-10-18 18:30:00	1.05425	1.05449	1.05348	1.05356	4471
2023-10-18 19:00:00	1.05357	1.05378	1.05315	1.05358	4553
2023-10-18 19:30:00	1.05357	1.05376	1.05326	1.05354	3183
2023-10-18 20:00:00	1.05353	1.05375	1.05341	1.05363	1365
2023-10-18 20:30:00	1.05363	1.05373	1.05349	1.05362	1873
2023-10-18 21:00:00	1.0536	1.05368	1.05327	1.05346	7366
2023-10-18 21:30:00	1.05346	1.05365	1.05345	1.05358	1072
2023-10-18 22:00:00	1.05358	1.05396	1.05355	1.05389	634
2023-10-18 22:30:00	1.05391	1.05392	1.05369	1.05369	547
2023-10-18 23:00:00	1.0537	1.05396	1.0537	1.0538	1305
2023-10-18 23:30:00	1.05379	1.05388	1.05363	1.05379	1971
2023-10-19 00:00:00	1.05381	1.05398	1.05327	1.05355	3181
2023-10-19 00:30:00	1.05354	1.05393	1.0534	1.05388	3765
2023-10-19 01:00:00	1.05389	1.05418	1.05368	1.05382	3823
2023-10-19 01:30:00	1.05382	1.05392	1.05323	1.05364	5662
2023-10-19 02:00:00	1.05364	1.05395	1.05359	1.05379	3211
2023-10-19 02:30:00	1.05378	1.05379	1.05342	1.0535	3008
2023-10-19 03:00:00	1.0535	1.05369	1.05324	1.0534	2745
2023-10-19 03:30:00	1.05342	1.05351	1.05324	1.05338	1943
2023-10-19 04:00:00	1.05336	1.0535	1.05326	1.05345	2558
2023-10-19 04:30:00	1.05345	1.05349	1.05305	1.05335	2186
2023-10-19 05:00:00	1.05335	1.05349	1.05314	1.05334	2013
2023-10-19 05:30:00	1.05335	1.05342	1.05301	1.05331	3271
2023-10-19 06:00:00	1.0533	1.05394	1.05282	1.05335	5996
2023-10-19 06:30:00	1.05337	1.05421	1.05325	1.05401	4682
2023-10-19 07:00:00	1.05402	1.05482	1.05397	1.05417	9327
2023-10-19 07:30:00	1.05416	1.05443	1.05356	1.05375	8364
2023-10-19 08:00:00	1.05375	1.05437	1.05328	1.05406	8351
2023-10-19 08:30:00	1.05408	1.05411	1.05294	1.05356	8688
2023-10-19 09:00:00	1.05357	1.05432	1.05351	1.0538	7256
2023-10-19 09:30:00	1.0538	1.05453	1.0538	1.05443	5996
2023-10-19 10:00:00	1.05442	1.05491	1.05429	1.05459	4937
2023-10-19 10:30:00	1.05459	1.05523	1.05454	1.0551	4485
2023-10-19 11:00:00	1.05512	1.05595	1.05512	1.05545	7337
2023-10-19 11:30:00	1.05547	1.05635	1.0554	1.05578	7318
2023-10-19 12:00:00	1.05577	1.05688	1.0556	1.05659	9242
2023-10-19 12:30:00	1.05659	1.05796	1.05601	1.05762	18375
2023-10-19 13:00:00	1.05763	1.05791	1.05656	1.05676	12665
2023-10-19 13:30:00	1.05675	1.05816	1.0566	1.0575	12875
2023-10-19 14:00:00	1.0575	1.05793	1.05668	1.05704	12845
2023-10-19 14:30:00	1.05705	1.05727	1.05654	1.05688	12422
2023-10-19 15:00:00	1.05688	1.05779	1.05668	1.05731	10648
2023-10-19 15:30:00	1.05732	1.05783	1.05676	1.05696	9044
2023-10-19 16:00:00	1.05698	1.06163	1.05561	1.05887	32418
2023-10-19 16:30:00	1.05887	1.05993	1.05564	1.05963	26051
2023-10-19 17:00:00	1.05963	1.06064	1.05933	1.05963	25474
2023-10-19 17:30:00	1.05965	1.06019	1.05837	1.05984	15760
2023-10-19 18:00:00	1.05984	1.06046	1.05942	1.05964	13495
2023-10-19 18:30:00	1.05964	1.05964	1.0578	1.05807	7625
2023-10-19 19:00:00	1.05807	1.05877	1.05807	1.05869	8069
2023-10-19 19:30:00	1.05869	1.05901	1.05814	1.0588	4938
2023-10-19 20:00:00	1.05879	1.05879	1.05813	1.05833	2148
2023-10-19 20:30:00	1.0583	1.0583	1.05803	1.05819	1807
2023-10-19 21:00:00	1.05815	1.05837	1.05781	1.05815	326
2023-10-19 21:30:00	1.05811	1.05828	1.05796	1.05821	796
2023-10-19 22:00:00	1.05821	1.05834	1.05791	1.05833	1060
2023-10-19 22:30:00	1.0583	1.05832	1.05808	1.05809	912
2023-10-19 23:00:00	1.05802	1.05802	1.05782	1.05797	1847
2023-10-19 23:30:00	1.05796	1.05865	1.05795	1.05863	1940
2023-10-20 00:00:00	1.05862	1.05864	1.05753	1.05757	5505
2023-10-20 00:30:00	1.05758	1.05788	1.05737	1.0576	2839
2023-10-20 01:00:00	1.05759	1.05761	1.05683	1.05692	6128
2023-10-20 01:30:00	1.05691	1.05732	1.0569	1.05725	3499
2023-10-20 02:00:00	1.05725	1.05762	1.05709	1.05738	3852
2023-10-20 02:30:00	1.05738	1.05798	1.05731	1.0578	2837
2023-10-20 03:00:00	1.0578	1058	1.05754	1.05761	1940
2023-10-20 03:30:00	1.0576	1.05775	1.05746	1.05759	2168
2023-10-20 04:00:00	1.0576	1.05762	1.05733	1.05741	1737
2023-10-20 04:30:00	1.05741	1.05773	1.0574	1.05753	1977
2023-10-20 05:00:00	1.05753	1.05772	1.05732	1.05757	2290
2023-10-20 05:30:00	1.05758	1.05787	1.05716	1.05737	3473
2023-10-20 06:00:00	1.0574	1.0576	1.05651	1.05689	5938
2023-10-20 06:30:00	1.05689	1.05757	1.05649	1.0574	5855
2023-10-20 07:00:00	1.05742	1.05766	1.05696	1.05704	9324
2023-10-20 07:30:00	1.05703	1.05753	1.05684	1.05705	6287
2023-10-20 08:00:00	1.05707	1.05877	1.05683	1.05871	9177
2023-10-20 08:30:00	1.05871	1.05953	1.05835	1.05877	8602
2023-10-20 09:00:00	1.05877	1.05895	1.05797	1.05807	6296
2023-10-20 09:30:00	1.05806	1.05933	1058	1.05898	5228
2023-10-20 10:00:00	1.05897	1.05928	1.05863	1.0587	4053
2023-10-20 10:30:00	1.05867	1.05904	1.05838	1.05852	5009
2023-10-20 11:00:00	1.05851	1.05917	1.05848	1.05912	4688
2023-10-20 11:30:00	1.05912	1.05989	1.05895	1.05908	5365
2023-10-20 12:00:00	1.05907	1.05922	1.05653	1.05718	11934
2023-10-20 12:30:00	1.05718	1.05861	1.05718	1.05836	16585
2023-10-20 13:00:00	1.05836	1.05904	1.05831	1.05835	11030
2023-10-20 13:30:00	1.05837	1.05948	1.05788	1.0579	17631
2023-10-20 14:00:00	1.0579	1.05914	1.05721	1.05825	15404
2023-10-20 14:30:00	1.05825	1.06008	1.05825	1.05876	12968
2023-10-20 15:00:00	1.05877	1.05963	1.0587	1.05956	10708
2023-10-20 15:30:00	1.05956	1.05957	1.0587	1.0591	8727
2023-10-20 16:00:00	1.05909	1.05912	1.05812	1.05857	6675
2023-10-20 16:30:00	1.05859	1.05907	1.05852	1.05894	5161
2023-10-20 17:00:00	1.05895	1.06035	1.05877	1.05975	7697
2023-10-20 17:30:00	1.05974	1.06012	1.05922	1.05956	4573
2023-10-20 18:00:00	1.05957	1.05961	1.05863	1.05882	4863
2023-10-20 18:30:00	1.05882	1.05964	1.05874	1.05924	3609
2023-10-20 19:00:00	1.05925	1.05946	1.05895	1.05916	2542
2023-10-20 19:30:00	1.05917	1.05931	1.05882	1.05921	2847
2023-10-20 20:00:00	1.05921	1.05937	1.05916	1.05925	2385
2023-10-20 20:30:00	1.05924	1.05955	1.0591	1.05927	3761
2023-10-22 21:00:00	1.0595	1.05968	1.05928	1.05963	1130
2023-10-22 21:30:00	1.05963	1.05965	1.05931	1.05933	131
2023-10-22 22:00:00	1.05939	1.05949	1.05883	1.05898	2927
2023-10-22 22:30:00	1.05898	1.05913	1.05883	1.05913	1190
2023-10-22 23:00:00	1.05913	1.0593	1.05896	1.0592	1857
2023-10-22 23:30:00	1.05918	1.05934	1.05886	1.05896	1118
2023-10-23 00:00:00	1.05893	1.05902	1.05847	1.05853	2282
2023-10-23 00:30:00	1.05851	1.0589	1.0584	1.05871	2760
2023-10-23 01:00:00	1.05872	1.05872	1.05817	1.05829	2712
2023-10-23 01:30:00	1.05829	1.05858	1.05821	1.05834	2577
2023-10-23 02:00:00	1.05834	1.05834	1.05794	1.05811	1964
2023-10-23 02:30:00	1.0581	1.05821	1.05733	1.05736	2977
2023-10-23 03:00:00	1.05735	1.05773	1.05735	1.05759	2741
2023-10-23 03:30:00	1.05757	1.05782	1.05749	1.05751	1147
2023-10-23 04:00:00	1.0575	1.05769	1.05739	1.05744	1784
2023-10-23 04:30:00	1.05743	1.05771	1.05739	1.05762	1814
2023-10-23 05:00:00	1.05761	1.05791	1.05753	1.05775	1579
2023-10-23 05:30:00	1.05774	1.05792	1.05754	1.05774	2866
2023-10-23 06:00:00	1.05773	1.05798	1.05714	1.0576	4505
2023-10-23 06:30:00	1.05761	1.05864	1.05756	1.05824	3951
2023-10-23 07:00:00	1.05826	1.05892	1.05765	1.05853	8842
2023-10-23 07:30:00	1.05851	1.05976	1.05823	1.05976	7545
2023-10-23 08:00:00	1.05976	1.06105	1.05949	1.06043	13505
2023-10-23 08:30:00	1.06043	1.06054	1.0599	1.06025	6865
2023-10-23 09:00:00	1.06025	1.06147	1.06023	1.06145	5882
2023-10-23 09:30:00	1.06144	1.06147	1.05907	1.0593	8233
2023-10-23 10:00:00	1.05928	1.06004	1.05904	1.05975	5077
2023-10-23 10:30:00	1.05974	1.06043	1.05919	1.06042	4459
2023-10-23 11:00:00	1.06044	1.06097	1.06021	1.06075	6333
2023-10-23 11:30:00	1.06075	1.06093	1.06008	1.06017	7172
2023-10-23 12:00:00	1.06016	1.06188	1.0595	1.0614	7811
2023-10-23 12:30:00	1.06141	1.06168	1.06076	1.06097	11071
2023-10-23 13:00:00	1.06099	1.06131	1.05987	1.06006	12030
2023-10-23 13:30:00	1.06007	1.06059	1.0591	1.06051	19277
2023-10-23 14:00:00	1.06052	1.06318	1.06048	1.06263	19398
2023-10-23 14:30:00	1.06264	1.06303	1.06175	1.06287	16569
2023-10-23 15:00:00	1.06286	1.0639	1.0628	1.06382	8813
2023-10-23 15:30:00	1.06383	1.06466	1.06378	1.06453	6402
2023-10-23 16:00:00	1.06453	1.06494	1.06409	1.06488	5333
2023-10-23 16:30:00	1.06489	1.06646	1.06472	1.06645	5151
2023-10-23 17:00:00	1.06645	1.06689	1.06595	1.06683	6328
2023-10-23 17:30:00	1.06684	1.06727	1.0666	1.06683	6991
2023-10-23 18:00:00	1.06681	1.0672	1.06656	1.0671	4873
2023-10-23 18:30:00	1.06711	1.06779	1.06691	1.06741	4433
2023-10-23 19:00:00	1.06742	1.06747	1.06627	1.06632	7168
2023-10-23 19:30:00	1.06634	1.06664	1.06603	1.06655	4917
2023-10-23 20:00:00	1.06654	1.06676	1.06634	1.06675	1826
2023-10-23 20:30:00	1.06675	1.06697	1.06668	1.06689	1099
2023-10-23 21:00:00	1.06686	1.06686	1.06634	1.06668	251
2023-10-23 21:30:00	1.06667	1.06706	1.06659	1.06679	2820
2023-10-23 22:00:00	1.06679	1.06719	1.06678	1.06719	756
2023-10-23 22:30:00	1.06718	1.06719	1.06678	1.06678	1183
2023-10-23 23:00:00	1.06678	1.06703	1.06678	1.06694	1645
2023-10-23 23:30:00	1.06695	1067	1.06668	1.06698	2658
2023-10-24 00:00:00	1.06699	1.06729	1.06673	1.06715	3729
2023-10-24 00:30:00	1.06716	1.06734	1.06668	1.06722	3581
2023-10-24 01:00:00	1.06723	1.06748	1.06681	1.06683	3125
2023-10-24 01:30:00	1.06684	1.06743	1.06678	1.06704	6700
2023-10-24 02:00:00	1.06705	1.06847	1.06689	1.06847	6038
2023-10-24 02:30:00	1.06846	1.06871	1.06808	1.06814	3910
2023-10-24 03:00:00	1.06815	1.0686	1.06807	1.06834	2237
2023-10-24 03:30:00	1.06834	1.06843	1.06812	1.06824	2651
2023-10-24 04:00:00	1.06825	1.06834	1068	1.06802	2453
2023-10-24 04:30:00	1068	1.06832	1.06789	1.06789	3062
2023-10-24 05:00:00	1.06789	1.06829	1.06785	1.06811	1865
2023-10-24 05:30:00	1.0681	1.06811	1.06771	1.06809	3144
2023-10-24 06:00:00	1.06809	1.06865	1.06769	1.06857	5632
2023-10-24 06:30:00	1.06856	1.06858	1.06778	1.06853	6403
2023-10-24 07:00:00	1.06852	1.06942	1.06775	1.06776	11472
2023-10-24 07:30:00	1.06773	1.06774	1.06569	1.06627	11925
2023-10-24 08:00:00	1.06627	1.06627	1.0647	1.06514	10354
2023-10-24 08:30:00	1.06513	1.06537	1.06441	1.06503	7434
2023-10-24 09:00:00	1.06503	1.06511	1.06415	1.0646	6173
2023-10-24 09:30:00	1.0646	1.06463	1.06358	1.06367	6141
2023-10-24 10:00:00	1.06366	1.06396	1.06301	1.06354	5799
2023-10-24 10:30:00	1.06354	1.06374	1.06217	1.06253	6158
2023-10-24 11:00:00	1.06253	1.06326	1.06218	1.06321	6896
2023-10-24 11:30:00	1.0632	1.06415	1.06314	1.06353	5564
2023-10-24 12:00:00	1.06352	1.06364	1.06237	1.06248	11737
2023-10-24 12:30:00	1.06247	1.0627	1.06121	1.06158	9017
2023-10-24 13:00:00	1.06157	1.06211	1.06111	1.06184	9041
2023-10-24 13:30:00	1.06184	1.06242	1.05964	1.06113	18071
2023-10-24 14:00:00	1.06114	1.06162	1.0601	1.06129	15799
2023-10-24 14:30:00	1.06128	1.06138	1.05905	1.05996	11365
2023-10-24 15:00:00	1.05996	1.05998	1.05838	1.05863	9484
2023-10-24 15:30:00	1.05863	1.05939	1.0583	1.05936	8987
2023-10-24 16:00:00	1.05937	1.06021	1.05931	1.05968	6072
2023-10-24 16:30:00	1.05967	1.05971	1.05834	1.05868	6996
2023-10-24 17:00:00	1.05866	1.05936	1.05865	1.05898	5103
2023-10-24 17:30:00	1.05898	1.0594	1.05873	1.05888	4492
2023-10-24 18:00:00	1.05887	1.0591	1.05843	1.05892	3483
2023-10-24 18:30:00	1.05893	1059	1.0585	1.05884	3180
2023-10-24 19:00:00	1.05883	1.0591	1.0587	1.05894	2889
2023-10-24 19:30:00	1.05894	1.05936	1.0588	1.05918	2050
2023-10-24 20:00:00	1.05917	1.05943	1.05913	1.05927	1655
2023-10-24 20:30:00	1.05928	1.05928	1.05888	1.05895	2037
2023-10-24 21:00:00	1.05893	1.05928	1.05892	1.05914	463
2023-10-24 21:30:00	1.05911	1.05926	1.05902	1.05923	1082
2023-10-24 22:00:00	1.05923	1.05923	1.05891	1.05913	1477
2023-10-24 22:30:00	1.05913	1.05936	1.05908	1.05934	823
2023-10-24 23:00:00	1.05932	1.05943	1.05924	1.05928	1526
2023-10-24 23:30:00	1.05928	1.0595	1.05917	1.05949	1051
2023-10-25 00:00:00	1.05952	1.05978	1.05938	1.05972	3441
2023-10-25 00:30:00	1.05972	1.05987	1.05897	1.05926	5059
2023-10-25 01:00:00	1.05928	1.05977	1.05923	1.05932	3745
2023-10-25 01:30:00	1.05933	1.05954	1.05918	1.05945	3674
2023-10-25 02:00:00	1.05945	1.05996	1.05945	1.05995	3543
2023-10-25 02:30:00	1.05995	1.06044	1.05979	1.06036	2644
2023-10-25 03:00:00	1.06037	1.0605	1.06017	1.06028	2427
2023-10-25 03:30:00	1.06028	1.06048	1.06016	1.0602	1999
2023-10-25 04:00:00	1.06019	1.06028	1.06009	1.0602	1375
2023-10-25 04:30:00	1.06021	1.06063	1.06018	1.06062	1974
2023-10-25 05:00:00	1.06061	1.06067	1.06014	1.06015	1961
2023-10-25 05:30:00	1.06015	1.06022	1.05975	1.0601	3028
2023-10-25 06:00:00	1.06009	1.0604	1.0595	1.06035	3767
2023-10-25 06:30:00	1.06035	1.06035	1.05925	1.05925	3203
2023-10-25 07:00:00	1.05923	1.05926	1.05783	1.05821	6603
2023-10-25 07:30:00	1.05823	1.05891	1.0581	1.05871	7099
2023-10-25 08:00:00	1.0587	1.05968	1.05857	1.05922	6644
2023-10-25 08:30:00	1.05924	1.05951	1.05834	1.0585	4461
2023-10-25 09:00:00	1.05851	1.05851	1.05666	1.05673	6003
2023-10-25 09:30:00	1.05673	1.05747	1.05672	1.05689	5417
2023-10-25 10:00:00	1.05689	1.05752	1.05658	1.05742	6138
2023-10-25 10:30:00	1.05742	1.05772	1.05704	1.05743	4317
2023-10-25 11:00:00	1.05744	1.05769	1.05709	1.05762	4094
2023-10-25 11:30:00	1.05762	1.05789	1.05697	1.05727	3582
2023-10-25 12:00:00	1.05728	1.05795	1.05697	1.0571	6272
2023-10-25 12:30:00	1.05708	1.05796	1.05695	1.05747	7848
2023-10-25 13:00:00	1.05747	1.05827	1.05717	1.0572	8332
2023-10-25 13:30:00	1.05719	1.05811	1.05668	1.05809	10063
2023-10-25 14:00:00	1.05809	1.05809	1.05681	1.05775	22293
2023-10-25 14:30:00	1.05774	1.05913	1.0577	1.05851	14127
2023-10-25 15:00:00	1.05852	1.05934	1.05834	1.05905	13255
2023-10-25 15:30:00	1.05903	1.05956	1.05829	1.05829	10404
2023-10-25 16:00:00	1.05829	1.05834	1.05785	1.05816	5645
2023-10-25 16:30:00	1.05816	1.05859	1.05707	1.05745	6208
2023-10-25 17:00:00	1.05745	1.05765	1.0569	1.0569	9301
2023-10-25 17:30:00	1.0569	1.05717	1.05658	1.05711	6020
2023-10-25 18:00:00	1.05711	1.05734	1.05688	1.05705	5227
2023-10-25 18:30:00	1.05703	1.05731	1.05658	1.05664	5633
2023-10-25 19:00:00	1.05665	1.05699	1.05658	1.0569	4170
2023-10-25 19:30:00	1.0569	1.05698	1.0566	1.05677	3067
2023-10-25 20:00:00	1.05678	1.05697	1.0566	1.05664	2497
2023-10-25 20:30:00	1.05665	1.0567	1.05653	1.05653	3458
2023-10-25 21:00:00	1.0565	1.0569	1.0564	1.05669	890
2023-10-25 21:30:00	1.05669	1.05684	1.05655	1.05674	1001
2023-10-25 22:00:00	1.05678	1.05678	1.05642	1.05671	1063
2023-10-25 22:30:00	1.05673	1.05673	1.05653	1.05653	1123
2023-10-25 23:00:00	1.05652	1.05657	1.05601	1.05626	1971
2023-10-25 23:30:00	1.05628	1.05668	1.05627	1.05661	1470
2023-10-26 00:00:00	1.05661	1.05691	1.05627	1.05649	2673
2023-10-26 00:30:00	1.05648	1.05663	1.05576	1.05596	3129
2023-10-26 01:00:00	1.05596	1.05613	1.05562	1.05592	2884
2023-10-26 01:30:00	1.05593	1.05608	1.0554	1.05549	4067
2023-10-26 02:00:00	1.05549	1.05562	1.05436	1.05469	3704
2023-10-26 02:30:00	1.0547	1.05499	1.05451	1.05452	2747
2023-10-26 03:00:00	1.05452	1.05474	1.05428	1.0543	2872
2023-10-26 03:30:00	1.0543	1.05478	1.05414	1.05467	3462
2023-10-26 04:00:00	1.05467	1.05479	1.05449	1.05463	1552
2023-10-26 04:30:00	1.05463	1.0548	1.05423	1.05455	2182
2023-10-26 05:00:00	1.05455	1.05487	1.05431	1.05438	3044
2023-10-26 05:30:00	1.05435	1.05491	1.05413	1.05427	3575
2023-10-26 06:00:00	1.05427	1.05453	1.05389	1.05424	5447
2023-10-26 06:30:00	1.05423	1.05442	1.0533	1.05385	7617
2023-10-26 07:00:00	1.05385	1.05443	1.05381	1.05417	7460
2023-10-26 07:30:00	1.05416	1.05494	1.0538	1.05482	7172
2023-10-26 08:00:00	1.05481	1.05525	1.05445	1.0545	5126
2023-10-26 08:30:00	1.05451	1.05514	1.05444	1.05453	5183
2023-10-26 09:00:00	1.05452	1.05519	1.05401	1.05501	4498
2023-10-26 09:30:00	1055	1.05512	1.05435	1.05456	4199
2023-10-26 10:00:00	1.05454	1.05492	1.0545	1.05466	3958
2023-10-26 10:30:00	1.05467	1.05485	1.0535	1.05372	5524
2023-10-26 11:00:00	1.05372	1.05389	1.0533	1.05354	4013
2023-10-26 11:30:00	1.05355	1.05388	1.0531	1.05362	4881
2023-10-26 12:00:00	1.05362	1.05436	1.05308	1.05369	12447
2023-10-26 12:30:00	1.05369	1.05589	1.05221	1.05589	30349
2023-10-26 13:00:00	1.0559	1.05603	1.05414	1.0548	16401
2023-10-26 13:30:00	1.0548	1.0558	1.0546	1.0547	18198
2023-10-26 14:00:00	1.05467	1.05483	1.05333	1.05405	16226
2023-10-26 14:30:00	1.05404	1.05449	1.0531	1.05427	10533
2023-10-26 15:00:00	1.05428	1.05449	1.05258	1.05258	11114
2023-10-26 15:30:00	1.05259	1.05376	1.05252	1.05317	7404
2023-10-26 16:00:00	1.05316	1.05354	1.05249	1.05349	9218
2023-10-26 16:30:00	1.05349	1.05368	1.05263	1.05284	5988
2023-10-26 17:00:00	1.05285	1.05443	1.05282	1.05426	9538
2023-10-26 17:30:00	1.05427	1.05523	1.05401	1.05505	5643
2023-10-26 18:00:00	1.05506	1.05579	1.0549	1.05579	5065
2023-10-26 18:30:00	1.05579	1.05645	1.05577	1.05609	6159
2023-10-26 19:00:00	1.05608	1.05632	1.05539	1.05543	5725
2023-10-26 19:30:00	1.05542	1.05581	1.05483	1.05566	3800
2023-10-26 20:00:00	1.05565	1.05624	1.05551	1.05613	1480
2023-10-26 20:30:00	1.05614	1.05642	1.05577	1.05618	2107
2023-10-26 21:00:00	1.05618	1.05626	1.05555	1.05599	636
2023-10-26 21:30:00	1056	1.05621	1.05599	1.05603	2244
2023-10-26 22:00:00	1.05607	1.05649	1.05603	1.05631	682
2023-10-26 22:30:00	1.05633	1.05647	1.05627	1.05642	582
2023-10-26 23:00:00	1.05644	1.05657	1.05629	1.05638	3032
2023-10-26 23:30:00	1.05638	1.05655	1.05626	1.05638	1572
2023-10-27 00:00:00	1.05637	1.05645	1.05572	1.05596	3217
2023-10-27 00:30:00	1.05597	1.05617	1.05558	1.05578	5136
2023-10-27 01:00:00	1.05577	1.05584	1.05525	1.05542	3458
2023-10-27 01:30:00	1.0554	1.05622	1.05532	1.05587	2545
2023-10-27 02:00:00	1.05589	1.05637	1.05588	1.05623	2216
2023-10-27 02:30:00	1.05622	1.05666	1.05622	1.05644	2222
2023-10-27 03:00:00	1.05645	1.05654	1.05623	1.05639	1910
2023-10-27 03:30:00	1.05639	1.05649	1.0561	1.05644	1672
2023-10-27 04:00:00	1.05644	1.05667	1.05633	1.05652	1450
2023-10-27 04:30:00	1.05652	1.05677	1.05648	1.05671	1607
2023-10-27 05:00:00	1.05671	1.05689	1.05651	1.05667	2842
2023-10-27 05:30:00	1.05667	1.05698	1.05657	1.05692	2644
2023-10-27 06:00:00	1.05691	1.05697	1.05547	1.0557	6315
2023-10-27 06:30:00	1.0557	1.05604	1.05552	1.05559	3365
2023-10-27 07:00:00	1.05558	1.0563	1.0552	1.05616	4418
2023-10-27 07:30:00	1.05615	1.05615	1.05523	1.05584	3429
2023-10-27 08:00:00	1.05583	1.05604	1.05537	1.05583	4907
2023-10-27 08:30:00	1.05583	1.05625	1.05566	1.05619	3007
2023-10-27 09:00:00	1.05619	1.05649	1.05601	1.05644	3782
2023-10-27 09:30:00	1.05644	1.05655	1.05604	1.05644	3577
2023-10-27 10:00:00	1.05644	1.05671	1.05565	1.05582	2733
2023-10-27 10:30:00	1.05582	1.05647	1.05557	1.05557	3680
2023-10-27 11:00:00	1.05557	1.05562	1.05446	1.05447	3423
2023-10-27 11:30:00	1.05447	1.05447	1.05354	1.0537	4798
2023-10-27 12:00:00	1.0537	1.05465	1.05358	1.05431	5242
2023-10-27 12:30:00	1.05433	1.05693	1.05355	1.05559	13824
2023-10-27 13:00:00	1.05561	1058	1.05554	1.05794	13937
2023-10-27 13:30:00	1.05793	1.0592	1.05773	1.05799	16562
2023-10-27 14:00:00	1.05799	1.05947	1.05702	1.05815	14712
2023-10-27 14:30:00	1.05812	1.05814	1.05657	1.05781	12380
2023-10-27 15:00:00	1.05782	1.05949	1.05774	1.05945	8065
2023-10-27 15:30:00	1.05946	1.0597	1.05899	1.05912	7447
2023-10-27 16:00:00	1.05913	1.05964	1.05848	1.05898	4667
2023-10-27 16:30:00	1.05899	1.05916	1.05808	1.05829	4548
2023-10-27 17:00:00	1.05829	1.0583	1.05673	1.05708	5962
2023-10-27 17:30:00	1.05708	1.0571	1.05573	1.05672	6260
2023-10-27 18:00:00	1.05671	1.05699	1.05622	1.05626	4285
2023-10-27 18:30:00	1.05624	1.05734	1.05623	1.05678	6011
2023-10-27 19:00:00	1.05677	1.05704	1.0562	1.05695	4263
2023-10-27 19:30:00	1.05696	1.05708	1.05649	1.05705	3050
2023-10-27 20:00:00	1.05707	1.05707	1.05665	1.05668	2620
2023-10-27 20:30:00	1.05668	1.05671	1.05605	1.05605	3407
2023-10-29 21:00:00	1.05644	1.05749	1.05616	1.05677	298
2023-10-29 21:30:00	1.05676	1.05694	1.05633	1.05657	666
2023-10-29 22:00:00	1.05654	1.05678	1.05588	1.05643	1734
2023-10-29 22:30:00	1.05642	1.05646	1.05602	1.05611	937
2023-10-29 23:00:00	1.0561	1.05614	1.05588	1.05595	2687
2023-10-29 23:30:00	1.05596	1.05639	1.05596	1.05618	1280
2023-10-30 00:00:00	1.05618	1.05618	1.05551	1.05568	4969
2023-10-30 00:30:00	1.05572	1.0563	1.05568	1.05624	3328
2023-10-30 01:00:00	1.05625	1.05638	1.05594	1.05603	5410
2023-10-30 01:30:00	1.05604	1.05637	1.05602	1.05637	2376
2023-10-30 02:00:00	1.05636	1.05658	1.05616	1.0564	2677
2023-10-30 02:30:00	1.05639	1.05644	1.0562	1.05624	1858
2023-10-30 03:00:00	1.05628	1.05635	1.05587	1.05596	2063
2023-10-30 03:30:00	1.05595	1.0561	1.05595	1.05604	1247
2023-10-30 04:00:00	1.05603	1.0561	1.05587	1.05594	1107
2023-10-30 04:30:00	1.05593	1.05623	1.05584	1.05609	1280
2023-10-30 05:00:00	1.05609	1.05614	1.05588	1.05596	1322
2023-10-30 05:30:00	1.05593	1.05618	1.0559	1.05615	1372
2023-10-30 06:00:00	1.05615	1.05642	1.05605	1.05637	1633
2023-10-30 06:30:00	1.05637	1.05656	1.05564	1.0565	3896
2023-10-30 07:00:00	1.0565	1.05674	1.05576	1.05597	5668
2023-10-30 07:30:00	1.05597	1.05606	1.0553	1.05566	5252
2023-10-30 08:00:00	1.05565	1.05565	1.05471	1.05481	9636
2023-10-30 08:30:00	1.05479	1.05606	1.05472	1.05598	5429
2023-10-30 09:00:00	1.05597	1.05848	1.05597	1.05819	6778
2023-10-30 09:30:00	1.05819	1.0586	1.05798	1.05824	7547
2023-10-30 10:00:00	1.05823	1.0588	1.05774	1.05789	5366
2023-10-30 10:30:00	1.05789	1.05811	1.05739	1.05748	5137
2023-10-30 11:00:00	1.05748	1.05808	1.05732	1.05777	4601
2023-10-30 11:30:00	1.05777	1.05962	1.05777	1.05851	5486
2023-10-30 12:00:00	1.05852	1.05947	1.05819	1.05874	7842
2023-10-30 12:30:00	1.05876	1.06084	1.05858	1.06068	7556
2023-10-30 13:00:00	1.06068	1.06148	1.05964	1.06007	15541
2023-10-30 13:30:00	1.0601	1.06095	1.05991	1.06095	12447
2023-10-30 14:00:00	1.06096	1.06182	1.05941	1.05966	18916
2023-10-30 14:30:00	1.05964	1.06064	1.05909	1.06053	11809
2023-10-30 15:00:00	1.06053	1.0625	1.06048	1.0624	10911
2023-10-30 15:30:00	1.06242	1.06244	1.06164	1.06191	9188
2023-10-30 16:00:00	1.06189	1.06207	1.06054	1.06063	6102
2023-10-30 16:30:00	1.06062	1.06118	1.06051	1.06071	4705
2023-10-30 17:00:00	1.06073	1.06111	1.06002	1.0611	4407
2023-10-30 17:30:00	1.0611	1.06143	1061	1.06113	3444
2023-10-30 18:00:00	1.06114	1.06172	1.06101	1.06149	2828
2023-10-30 18:30:00	1.06151	1.06187	1.06147	1.06177	2942
2023-10-30 19:00:00	1.06176	1.06215	1.06147	1.06148	4059
2023-10-30 19:30:00	1.0615	1.06175	1.06139	1.06169	2654
2023-10-30 20:00:00	1.06169	1.06174	1.06144	1.06163	967
2023-10-30 20:30:00	1.06161	1.06165	1.06139	1.06144	1240
2023-10-30 21:00:00	1.06145	1.0616	1.06144	1.06158	402
2023-10-30 21:30:00	1.06157	1.06161	1.06136	1.06151	546
2023-10-30 22:00:00	1.0615	1.06172	1.06143	1.06152	816
2023-10-30 22:30:00	1.0615	1.06158	1.06118	1.06119	879
2023-10-30 23:00:00	1.06118	1.06144	1.06117	1.06138	1472
2023-10-30 23:30:00	1.06137	1.0615	1.06134	1.06138	1243
2023-10-31 00:00:00	1.06139	1.06143	1.06094	1.06114	3358
2023-10-31 00:30:00	1.06115	1.06136	1.06096	1.06114	2478
2023-10-31 01:00:00	1.06114	1.06126	1.06057	1.06083	4208
2023-10-31 01:30:00	1.06082	1.06099	1.06033	1.06098	4740
2023-10-31 02:00:00	1.06098	1.06114	1.05987	1.06027	4290
2023-10-31 02:30:00	1.06027	1.06052	1.06008	1.06008	1957
2023-10-31 03:00:00	1.06009	1.06011	1.05946	1.05977	4370
2023-10-31 03:30:00	1.05976	1.05999	1.05906	1.05943	6304
2023-10-31 04:00:00	1.05943	1.0597	1.05931	1.05946	3487
2023-10-31 04:30:00	1.05946	1.05952	1.05907	1.05938	2378
2023-10-31 05:00:00	1.05938	1.05988	1.05926	1.05976	2583
2023-10-31 05:30:00	1.05975	1.05988	1.05957	1.05985	2931
2023-10-31 06:00:00	1.05987	1.06032	1.05942	1.06026	3026
2023-10-31 06:30:00	1.06027	1.06091	1.06023	1.06086	4880
2023-10-31 07:00:00	1.06086	1.06117	1.06034	1.06106	5920
2023-10-31 07:30:00	1.06105	1.06258	1.06099	1.06212	6237
2023-10-31 08:00:00	1.06212	1.06325	1.06154	1.0632	8509
2023-10-31 08:30:00	1.06318	1.06458	1.06318	1.06453	6796
2023-10-31 09:00:00	1.06452	1.06453	1.06362	1.0637	10536
2023-10-31 09:30:00	1.06369	1.06748	1.06354	1.06684	11650
2023-10-31 10:00:00	1.06681	1.06701	1.06522	1.06622	9881
2023-10-31 10:30:00	1.06623	1.06687	1066	1.06641	6539
2023-10-31 11:00:00	1.0664	1.06668	1.06574	1.06588	6983
2023-10-31 11:30:00	1.06588	1.06607	1.06553	1.06557	7929
2023-10-31 12:00:00	1.06556	1.06609	1.0652	1.0656	9178
2023-10-31 12:30:00	1.06561	1.06561	1.06212	1.0624	18834
2023-10-31 13:00:00	1.0624	1.06257	1.06037	1.06067	14879
2023-10-31 13:30:00	1.06068	1.06145	1.06012	1.06037	16951
2023-10-31 14:00:00	1.06036	1.06157	1.05948	1.06074	19262
2023-10-31 14:30:00	1.06073	1.06136	1.05969	1.06022	13524
2023-10-31 15:00:00	1.06023	1.06055	1.05815	1.05831	16460
2023-10-31 15:30:00	1.05832	1.05866	1.05662	1.05669	15783
2023-10-31 16:00:00	1.05672	1.05745	1.05601	1.05622	13917
2023-10-31 16:30:00	1.05622	1.05676	1.05574	1.05675	7070
2023-10-31 17:00:00	1.05674	1.05802	1.05658	1.05745	8376
2023-10-31 17:30:00	1.05745	1.0576	1.05682	1.0575	3721
2023-10-31 18:00:00	1.05748	1.05782	1.05724	1.05741	5187
2023-10-31 18:30:00	1.0574	1.05819	1.05709	1.05813	4769
2023-10-31 19:00:00	1.05812	1.05854	1.05807	1.05846	3473
2023-10-31 19:30:00	1.05847	1.05856	1.05801	1.05807	4952
2023-10-31 20:00:00	1.05809	1.05835	1.05748	1.0575	2407
2023-10-31 20:30:00	1.0575	1.05756	1.05723	1.05725	1749
2023-10-31 21:00:00	1.05721	1.05757	1.0572	1.05752	451
2023-10-31 21:30:00	1.05753	1.05767	1.0572	1.05749	604
2023-10-31 22:00:00	1.05749	1.05794	1.05748	1.05769	753
2023-10-31 22:30:00	1.05769	1.05794	1.05767	1.05793	1018
2023-10-31 23:00:00	1.05795	1.05804	1.05774	1.05785	1972
2023-10-31 23:30:00	1.05785	1.05794	1.05771	1.0578	1465
2023-11-01 00:00:00	1.05778	1.05806	1.05729	1.05732	3534
2023-11-01 00:30:00	1.05733	1.0574	1.05686	1.05733	3274
2023-11-01 01:00:00	1.05733	1.05753	1.05708	1.05741	3310
2023-11-01 01:30:00	1.05741	1.05764	1.05673	1.0569	3196
2023-11-01 02:00:00	1.0569	1.05703	1.05664	1.05701	2144
2023-11-01 02:30:00	1.05702	1.05729	1.05688	1.05702	2489
2023-11-01 03:00:00	1.05703	1.05722	1.05687	1.0571	3238
2023-11-01 03:30:00	1.05709	1.05738	1.05704	1.05705	2358
2023-11-01 04:00:00	1.05704	1.05718	1.05685	1.05699	2775
2023-11-01 04:30:00	1.05699	1.05701	1.05659	1.05672	1869
2023-11-01 05:00:00	1.05671	1.05692	1.05651	1.0569	1937
2023-11-01 05:30:00	1.0569	1.0569	1.05655	1.05678	3709
2023-11-01 06:00:00	1.05679	1.05721	1.05679	1.05696	3032
2023-11-01 06:30:00	1.05696	1.05763	1.05691	1.05739	3555
2023-11-01 07:00:00	1.05739	1.05774	1.05675	1.05681	4876
2023-11-01 07:30:00	1.05681	1.05703	1.0559	1.05646	5455
2023-11-01 08:00:00	1.05646	1.0568	1.05573	1.0558	9986
2023-11-01 08:30:00	1.05579	1.05597	1.05572	1.05582	6862
2023-11-01 09:00:00	1.05581	1.05626	1.05519	1.0552	5964
2023-11-01 09:30:00	1.05521	1.05525	1.05454	1.05492	4693
2023-11-01 10:00:00	1.05493	1.05501	1.05456	1.05483	3418
2023-11-01 10:30:00	1.05482	1.05537	1.05466	1.05481	3441
2023-11-01 11:00:00	1.05482	1.05506	1.05408	1.05422	5959
2023-11-01 11:30:00	1.05421	1.05458	1.05413	1.05428	6281
2023-11-01 12:00:00	1.05429	1.05511	1.05413	1.05451	13192
2023-11-01 12:30:00	1.05452	1.05575	1.05368	1.05385	24170
2023-11-01 13:00:00	1.05385	1.05396	1.05236	1.05239	14320
2023-11-01 13:30:00	1.05239	1.05357	1.05216	1.05308	12459
2023-11-01 14:00:00	1.0531	1.05627	1.05308	1.05591	32353
2023-11-01 14:30:00	1.0559	1.05708	1.05521	1.05525	16884
2023-11-01 15:00:00	1.05524	1.05591	1.05414	1.05415	10416
2023-11-01 15:30:00	1.05414	1.05492	1.05358	1.05372	7991
2023-11-01 16:00:00	1.05372	1.05417	1.05361	1.05377	5458
2023-11-01 16:30:00	1.05376	1.05386	1.05321	1.05337	5026
2023-11-01 17:00:00	1.05338	1.05355	1.05275	1.05332	6496
2023-11-01 17:30:00	1.05333	1.05357	1.05284	1.05337	5431
2023-11-01 18:00:00	1.05339	1.05522	1.05258	1.05323	22116
2023-11-01 18:30:00	1.05324	1.05506	1.05167	1.0542	45640
2023-11-01 19:00:00	1.0542	1.05616	1.05414	1.05593	28041
2023-11-01 19:30:00	1.05593	1.05706	1.05592	1.05672	12689
2023-11-01 20:00:00	1.05671	1.05757	1.05671	1.05702	2838
2023-11-01 20:30:00	1.05703	1.05711	1.05686	1.05697	2768
2023-11-01 21:00:00	1.05694	1.05697	1.05667	1.05689	740
2023-11-01 21:30:00	1.05691	1.0571	1.05675	1.05682	468
2023-11-01 22:00:00	1.05683	1.05758	1.05681	1.05753	861
2023-11-01 22:30:00	1.05754	1.05788	1.05754	1.05783	816
2023-11-01 23:00:00	1.05785	1.05833	1.05772	1.05823	3577
2023-11-01 23:30:00	1.05823	1.05867	1.05813	1.05866	2898
2023-11-02 00:00:00	1.05866	1.05964	1.05837	1.05958	5145
2023-11-02 00:30:00	1.05957	1.0602	1.05956	1.06017	5046
2023-11-02 01:00:00	1.06018	1.06021	1.05977	1.05981	4659
2023-11-02 01:30:00	1.0598	1.06002	1.05964	1.05977	5108
2023-11-02 02:00:00	1.05976	1.05986	1.05939	1.05943	4373
2023-11-02 02:30:00	1.05943	1.05968	1.05932	1.05958	2327
2023-11-02 03:00:00	1.05956	1.06003	1.05939	1.05997	2328
2023-11-02 03:30:00	1.05998	1.06003	1.05966	1.05998	1767
2023-11-02 04:00:00	1.05999	1.05999	1.05966	1.05981	2093
2023-11-02 04:30:00	1.05982	1.05985	1.05951	1.05959	2716
2023-11-02 05:00:00	1.05958	1.06019	1.05955	1.05983	3643
2023-11-02 05:30:00	1.05981	1.05984	1.05953	1.05971	2665
2023-11-02 06:00:00	1.05971	1.06008	1.05968	1.05994	3494
2023-11-02 06:30:00	1.05995	1.06018	1.05936	1.05999	3046
2023-11-02 07:00:00	1.06	1.06038	1.05963	1.06036	5263
2023-11-02 07:30:00	1.06035	1061	1.05982	1.06033	7491
2023-11-02 08:00:00	1.06032	1.06036	1.0591	1.05985	13827
2023-11-02 08:30:00	1.05984	1.06084	1.05965	1.06003	9272
2023-11-02 09:00:00	1.06004	1.06175	1.05989	1.06175	11276
2023-11-02 09:30:00	1.06175	1.06247	1.06167	1.06236	9936
2023-11-02 10:00:00	1.06238	1.06285	1.06209	1.0628	5961
2023-11-02 10:30:00	1.0628	1.0637	1.06246	1.06344	4439
2023-11-02 11:00:00	1.06344	1.06388	1.06329	1.06343	5028
2023-11-02 11:30:00	1.06346	1.06365	1.06304	1.06337	4102
2023-11-02 12:00:00	1.06338	1.06535	1.06324	1.0646	14496
2023-11-02 12:30:00	1.06458	1.06675	1.06458	1.0664	19056
2023-11-02 13:00:00	1.0664	1.06668	1.06494	1.06552	15686
2023-11-02 13:30:00	1.06552	1.06598	1.06418	1.06477	17544
2023-11-02 14:00:00	1.06475	1.06478	1.06306	1.06315	14744
2023-11-02 14:30:00	1.06314	1.06431	1.06272	1.06396	11145
2023-11-02 15:00:00	1.06396	1.06431	1.06244	1.06251	11444
2023-11-02 15:30:00	1.0625	1.06292	1.06168	1.06173	8844
2023-11-02 16:00:00	1.06172	1.06229	1.0612	1.0615	9062
2023-11-02 16:30:00	1.06151	1.06192	1.06105	1.06153	5397
2023-11-02 17:00:00	1.06154	1.06254	1.06138	1.06245	5395
2023-11-02 17:30:00	1.06244	1.06298	1.06234	1.06282	4159
2023-11-02 18:00:00	1.06282	1.06323	1.06253	1.06257	4532
2023-11-02 18:30:00	1.06257	1.0629	1.06233	1.06258	4156
2023-11-02 19:00:00	1.06257	1.06263	1.06226	1.06229	2951
2023-11-02 19:30:00	1.06228	1.06234	1.06166	1.06231	3532
2023-11-02 20:00:00	1.06231	1.06232	1.06169	1.06191	909
2023-11-02 20:30:00	1.06188	1.06234	1.06182	1.06211	1403
2023-11-02 21:00:00	1.06213	1.06213	1.06182	1.06193	340
2023-11-02 21:30:00	1.06193	1.06244	1.06179	1.06207	1238
2023-11-02 22:00:00	1.06207	1.06224	1.06189	1.06221	771
2023-11-02 22:30:00	1.0622	1.0622	1.0617	1.06171	842
2023-11-02 23:00:00	1.0617	1.06187	1.06163	1.06179	1517
2023-11-02 23:30:00	1.06179	1.06179	1.06154	1.06155	1020
2023-11-03 00:00:00	1.06158	1.06217	1.06148	1.0615	1850
2023-11-03 00:30:00	1.06149	1.06183	1.06148	1.0618	1857
2023-11-03 01:00:00	1.0618	1.06205	1.06146	1.06198	2136
2023-11-03 01:30:00	1.06197	1.06226	1.06187	1.06221	2399
2023-11-03 02:00:00	1.06221	1.06275	1.06214	1.06275	2121
2023-11-03 02:30:00	1.06277	1.06284	1.06239	1.06262	1858
2023-11-03 03:00:00	1.06263	1.06287	1.06243	1.0628	1161
2023-11-03 03:30:00	1.06278	1.06282	1.06243	1.06253	1052
2023-11-03 04:00:00	1.06254	1.06286	1.06248	1.06272	1566
2023-11-03 04:30:00	1.06272	1.06283	1.06248	1.06264	1609
2023-11-03 05:00:00	1.06264	1.06282	1.0626	1.06273	1220
2023-11-03 05:30:00	1.06272	1.06314	1.06271	1.06297	2489
2023-11-03 06:00:00	1.06298	1.06316	1.06279	1.06308	2214
2023-11-03 06:30:00	1.06308	1.06338	1.06299	1.0631	2223
2023-11-03 07:00:00	1.0631	1.06335	1.0625	1.06325	3690
2023-11-03 07:30:00	1.06325	1.06336	1.06267	1.06292	3965
2023-11-03 08:00:00	1.06291	1.06322	1.06222	1.06244	6047
2023-11-03 08:30:00	1.06244	1.0629	1.06197	1.0627	4045
2023-11-03 09:00:00	1.06269	1.06365	1.06241	1.06328	5301
2023-11-03 09:30:00	1.06328	1.06483	1.06328	1.06479	4099
2023-11-03 10:00:00	1.06478	1.06481	1.06427	1.06446	3752
2023-11-03 10:30:00	1.06447	1.06463	1.06419	1.0643	4224
2023-11-03 11:00:00	1.06428	1.06523	1.06408	1.0652	4162
2023-11-03 11:30:00	1.06517	1.06526	1.06442	1.06467	5636
2023-11-03 12:00:00	1.06469	1.06592	1.06454	1.06536	8027
2023-11-03 12:30:00	1.06543	1.07194	1.06543	1.07096	31933
2023-11-03 13:00:00	1.07095	1.07134	1.0696	1.07081	21467
2023-11-03 13:30:00	1.07082	1.07243	1.07074	1.07163	21880
2023-11-03 14:00:00	1.07164	1.07343	1.06934	1.06989	30180
2023-11-03 14:30:00	1.06992	1.07202	1.06983	1.07197	18693
2023-11-03 15:00:00	1.07199	1.07294	1.07153	1.07263	11682
2023-11-03 15:30:00	1.07264	1.07353	1.07234	1.07321	10481
2023-11-03 16:00:00	1.0732	1.07393	1.07253	1.0736	9826
2023-11-03 16:30:00	1.07361	1.07393	1.07332	1.07391	6515
2023-11-03 17:00:00	1.07391	1.07467	1.07309	1.07333	7641
2023-11-03 17:30:00	1.07334	1.07381	1.07307	1.07366	5473
2023-11-03 18:00:00	1.07366	1.07391	1.07326	1.07375	4355
2023-11-03 18:30:00	1.07377	1.07397	1.07334	1.07356	3647
2023-11-03 19:00:00	1.07357	1.07374	1.07294	1.0731	3779
2023-11-03 19:30:00	1.07304	1.07305	1.07224	1.07247	5534
2023-11-03 20:00:00	1.07248	1.07304	1.07247	1073	2083
2023-11-03 20:30:00	1.07301	1.07325	1.07255	1.07295	3831
2023-11-05 22:00:00	1.07232	1.0726	1.07207	1.07254	250
2023-11-05 22:30:00	1.07253	1.07264	1.0724	1.07256	371
2023-11-05 23:00:00	1.07257	1.07291	1.07238	1.07291	2004
2023-11-05 23:30:00	1.0729	1.07334	1.07266	1.07313	1253
2023-11-06 00:00:00	1.07316	1.07321	1.07246	1.0726	3063
2023-11-06 00:30:00	1.0726	1.07303	1.07227	1.07242	2814
2023-11-06 01:00:00	1.07243	1.07262	1.07222	1.07255	3688
2023-11-06 01:30:00	1.07257	1.07294	1.07255	1.07283	4676
2023-11-06 02:00:00	1.07284	1.0733	1.07263	1.07327	3147
2023-11-06 02:30:00	1.07328	1.07333	1073	1.07329	1461
2023-11-06 03:00:00	1.07329	1.07341	1.07311	1.07323	2650
2023-11-06 03:30:00	1.07324	1.07343	1.07312	1.07343	1443
2023-11-06 04:00:00	1.07343	1.07375	1.07338	1.0737	1253
2023-11-06 04:30:00	1.0737	1.07375	1.07349	1.07356	2074
2023-11-06 05:00:00	1.07355	1.0737	1.07331	1.07347	1743
2023-11-06 05:30:00	1.07347	1.07387	1.07331	1.07355	2711
2023-11-06 06:00:00	1.07355	1074	1.07349	1.0737	3195
2023-11-06 06:30:00	1.07374	1.07392	1.07344	1.0736	2297
2023-11-06 07:00:00	1.07363	1.07425	1.07347	1.07391	4709
2023-11-06 07:30:00	1.07391	1.07437	1.07318	1.0733	4653
2023-11-06 08:00:00	1.07333	1.07486	1.07315	1.07481	7615
2023-11-06 08:30:00	1.07481	1.07562	1.07434	1.07501	8288
2023-11-06 09:00:00	1.07502	1.07561	1.07454	1.07461	5997
2023-11-06 09:30:00	1.07462	1.07485	1.07426	1.07471	5038
2023-11-06 10:00:00	1.07472	1.07557	1.07472	1.0753	4283
2023-11-06 10:30:00	1.07531	1.07552	1.07449	1.07483	3700
2023-11-06 11:00:00	1.07484	1.07508	1.07441	1.07455	4527
2023-11-06 11:30:00	1.07458	1.0754	1.07449	1.07514	4544
2023-11-06 12:00:00	1.07513	1.07528	1.07484	1.07515	4350
2023-11-06 12:30:00	1.07516	1.07541	1.0739	1.07435	7189
2023-11-06 13:00:00	1.07436	1.07446	1.07355	1.07407	8790
2023-11-06 13:30:00	1.07408	1.07427	1.07351	1.07373	7743
2023-11-06 14:00:00	1.07373	1.0743	1.07361	1.07413	8741
2023-11-06 14:30:00	1.07413	1.07459	1.07371	1.07388	11485
2023-11-06 15:00:00	1.07388	1.07405	1.07261	1.07338	11953
2023-11-06 15:30:00	1.07338	1.07442	1.07293	1.07436	7076
2023-11-06 16:00:00	1.07437	1.07492	1074	1.07423	6516
2023-11-06 16:30:00	1.07422	1.07482	1.07415	1.07459	4785
2023-11-06 17:00:00	1.0746	1.07461	1.07356	1.07361	4457
2023-11-06 17:30:00	1.0736	1.0738	1.07338	1.07355	2851
2023-11-06 18:00:00	1.07354	1.07357	1.07289	1.07311	3193
2023-11-06 18:30:00	1.07313	1.07368	1.07312	1.07358	3879
2023-11-06 19:00:00	1.07359	1.07368	1.0723	1.07249	6199
2023-11-06 19:30:00	1.07248	1.07266	1.0722	1.07242	3435
2023-11-06 20:00:00	1.07238	1.0724	1.07201	1.07209	3810
2023-11-06 20:30:00	1.07209	1.07224	1.07193	1.07198	3752
2023-11-06 21:00:00	1.07199	1.07207	1.07164	1.07174	1516
2023-11-06 21:30:00	1.07174	1.0718	1.07161	1.07168	1471
2023-11-06 22:00:00	1.07168	1.0719	1.07149	1.07183	277
2023-11-06 22:30:00	1.07186	1.07218	1.0717	1.07205	1072
2023-11-06 23:00:00	1.07209	1.07221	1.07188	1.0722	862
2023-11-06 23:30:00	1.07221	1.07221	1.07176	1.07182	1941
2023-11-07 00:00:00	1.07184	1.07193	1.07164	1.07179	1591
2023-11-07 00:30:00	1.07179	1.07188	1.07117	1.07138	1910
2023-11-07 01:00:00	1.07136	1.07136	1.07079	1.07112	4021
2023-11-07 01:30:00	1.07112	1.07123	1.07081	1.07103	3633
2023-11-07 02:00:00	1.07105	1.07108	1.07058	1.07092	2768
2023-11-07 02:30:00	1.07093	1.07124	1.07085	1.07112	1715
2023-11-07 03:00:00	1.07113	1.07125	1.07085	1.07112	1808
2023-11-07 03:30:00	1.07113	1.07139	1.07075	1.07089	4233
2023-11-07 04:00:00	1.07089	1.0711	1.07085	1.07087	1957
2023-11-07 04:30:00	1.07089	1.07089	1.07051	1.07064	3490
2023-11-07 05:00:00	1.07065	1.0708	1.07051	1.07057	2100
2023-11-07 05:30:00	1.07057	1.07107	1.07054	1.07104	2598
2023-11-07 06:00:00	1.07105	1.07116	1.07052	1.07058	2990
2023-11-07 06:30:00	1.07059	1.07065	1.07	1.07006	5482
2023-11-07 07:00:00	1.07005	1.07013	1.06951	1.06959	5420
2023-11-07 07:30:00	1.06959	1.06983	1.06918	1.06968	4056
2023-11-07 08:00:00	1.06966	1.07025	1.06948	1.07008	6084
2023-11-07 08:30:00	1.07008	1.07063	1.06983	1.07036	5520
2023-11-07 09:00:00	1.07037	1.07037	1.06922	1.06934	5897
2023-11-07 09:30:00	1.06933	1.06962	1.0683	1.06836	7066
2023-11-07 10:00:00	1.06835	1.06967	1.06814	1.06962	5390
2023-11-07 10:30:00	1.06964	1.06974	1.06805	1.06815	6129
2023-11-07 11:00:00	1.06815	1.06832	1.06748	1.06775	6162
2023-11-07 11:30:00	1.06775	1.06784	1.06655	1.06738	7348
2023-11-07 12:00:00	1.0674	1.06837	1.06739	1.06807	4844
2023-11-07 12:30:00	1.06806	1.06846	1.06777	1.06786	6407
2023-11-07 13:00:00	1.06787	1.06867	1.06745	1.06775	9053
2023-11-07 13:30:00	1.06776	1.06828	1.0672	1.06761	9316
2023-11-07 14:00:00	1.06762	1.06769	1.0667	1067	14243
2023-11-07 14:30:00	1.06699	1.0677	1.0664	1.0676	13843
2023-11-07 15:00:00	1.0676	1.06851	1.06738	1.06839	9081
2023-11-07 15:30:00	1.06838	1.06898	1.06779	1.06849	8764
2023-11-07 16:00:00	1.06849	1.06927	1.06834	1.0685	8462
2023-11-07 16:30:00	1.0685	1.06912	1.06834	1.06858	6466
2023-11-07 17:00:00	1.06858	1.06863	1.06755	1.06759	6652
2023-11-07 17:30:00	1.0676	1.06787	1.06724	1.06773	6440
2023-11-07 18:00:00	1.06772	1.06891	1.0676	1.06875	6524
2023-11-07 18:30:00	1.06874	1.06997	1.06844	1.06989	6381
2023-11-07 19:00:00	1.06988	1.07047	1.06978	1.07029	5555
2023-11-07 19:30:00	1.0703	1.07047	1.06941	1.06952	5240
2023-11-07 20:00:00	1.06951	1.06964	1.06894	1.06959	5828
2023-11-07 20:30:00	1.0696	1.06982	1.06938	1.06948	3195
2023-11-07 21:00:00	1.06947	1.06999	1.06945	1.06992	2108
2023-11-07 21:30:00	1.06993	1.07008	1.0698	1.06992	1581
2023-11-07 22:00:00	1.06993	1.06998	1.06982	1.0699	2065
2023-11-07 22:30:00	1.06991	1.07002	1.06961	1.0698	1454
2023-11-07 23:00:00	1.06981	1.06993	1.06956	1.06956	942
2023-11-07 23:30:00	1.06957	1.06978	1.06952	1.06956	797
2023-11-08 00:00:00	1.06956	1.06977	1.0694	1.06976	2075
2023-11-08 00:30:00	1.06976	1.06976	1.06894	1.06902	2218
2023-11-08 01:00:00	1.06903	1.06938	1.06891	1.06912	2524
2023-11-08 01:30:00	1.06914	1.0693	1.06863	1.06918	4039
2023-11-08 02:00:00	1.06919	1.06992	1.06891	1.06955	3526
2023-11-08 02:30:00	1.06954	1.06954	1.06907	1.06936	2971
2023-11-08 03:00:00	1.06935	1.06957	1.06916	1.06922	2155
2023-11-08 03:30:00	1.06921	1.06924	1.06884	1.06898	1696
2023-11-08 04:00:00	1.06899	1.06902	1.06886	1.06895	1419
2023-11-08 04:30:00	1.06895	1.06926	1.06888	1.0692	2141
2023-11-08 05:00:00	1.0692	1.06928	1.06871	1.06871	1404
2023-11-08 05:30:00	1.06871	1.06892	1.06852	1.0686	2751
2023-11-08 06:00:00	1.0686	1.0688	1.06836	1.06875	3607
2023-11-08 06:30:00	1.06874	1.06875	1.0681	1.06815	2852
2023-11-08 07:00:00	1.06819	1.06841	1.06755	1.06768	6318
2023-11-08 07:30:00	1.06767	1.06835	1.06761	1.06803	3940
2023-11-08 08:00:00	1.06804	1.06827	1.0673	1.06783	8482
2023-11-08 08:30:00	1.06786	1.06794	1.06713	1.06724	7572
2023-11-08 09:00:00	1.06731	1.06742	1.06606	1.06662	8469
2023-11-08 09:30:00	1.06662	1.06698	1.06602	1.0665	5437
2023-11-08 10:00:00	1.06651	1.06689	1.06623	1.06632	5942
2023-11-08 10:30:00	1.06633	1.06688	1.06593	1.06681	4847
2023-11-08 11:00:00	1.06682	1.06753	1.06682	1.06751	6022
2023-11-08 11:30:00	1.06752	1.06777	1.0672	1.0677	3451
2023-11-08 12:00:00	1.06771	1.06772	1.06694	1.06743	5331
2023-11-08 12:30:00	1.06742	1.06762	1.0667	1.06681	5673
2023-11-08 13:00:00	1.0668	1.06724	1.0664	1.06649	7383
2023-11-08 13:30:00	1.06648	1.06696	1.06601	1.06692	6832
2023-11-08 14:00:00	1.06692	1.06794	1.06689	1.06742	7824
2023-11-08 14:30:00	1.06742	1.06921	1.06722	1.06904	11957
2023-11-08 15:00:00	1.06904	1.06926	1.06826	1.06926	8839
2023-11-08 15:30:00	1.06927	1.07077	1.06853	1.07051	9920
2023-11-08 16:00:00	1.07052	1.07148	1.07036	1.07076	10715
2023-11-08 16:30:00	1.07072	1.0716	1.0704	1.07143	7654
2023-11-08 17:00:00	1.07144	1.07146	1.07043	1.07063	5205
2023-11-08 17:30:00	1.07062	1.07096	1.07011	1.07077	6014
2023-11-08 18:00:00	1.07078	1.07141	1.07021	1.07061	11323
2023-11-08 18:30:00	1.07062	1.07117	1.07059	1.0709	4619
2023-11-08 19:00:00	1.07089	1.07108	1.07062	1.07062	3646
2023-11-08 19:30:00	1.07062	1.07072	1.07012	1.07021	2630
2023-11-08 20:00:00	1.07022	1.07098	1.06999	1.07082	2778
2023-11-08 20:30:00	1.07081	1.07108	1.07053	1.07097	3392
2023-11-08 21:00:00	1.07096	1.0711	1.07084	1.07104	2120
2023-11-08 21:30:00	1.07104	1.07106	1.0708	1.0708	1901
2023-11-08 22:00:00	1.07079	1.07084	1.07041	1.07053	960
2023-11-08 22:30:00	1.07056	1.07097	1.07056	1.07079	3053
2023-11-08 23:00:00	1.07073	1.07096	1.07066	1.07089	1446
2023-11-08 23:30:00	1.07088	1.07112	1.07083	1.07112	1006
2023-11-09 00:00:00	1.07113	1.07127	1.07033	1.07038	2512
2023-11-09 00:30:00	1.07041	1.07053	1.07024	1.07033	2117
2023-11-09 01:00:00	1.07034	1.07091	1.07028	1.07079	2164
2023-11-09 01:30:00	1.07077	1.07146	1.07049	1.0712	3774
2023-11-09 02:00:00	1.07118	1.07156	1.07109	1.07134	2074
2023-11-09 02:30:00	1.07135	1.07155	1.07088	1.07095	1986
2023-11-09 03:00:00	1.07095	1.07114	1.07082	1.07097	1057
2023-11-09 03:30:00	1.07096	1.07097	1.07065	1.07078	1531
2023-11-09 04:00:00	1.07079	1.07116	1.07078	1.07095	1516
2023-11-09 04:30:00	1.07095	1.07117	1.07088	1.07088	2356
2023-11-09 05:00:00	1.07088	1071	1.0708	1.07082	1030
2023-11-09 05:30:00	1.07081	1.07084	1.07022	1.07024	3563
2023-11-09 06:00:00	1.07025	1.0706	1.07014	1.0706	1923
2023-11-09 06:30:00	1.07062	1.07095	1.07053	1.07074	2889
2023-11-09 07:00:00	1.07075	1.07091	1.07022	1.07053	3910
2023-11-09 07:30:00	1.07052	1.07094	1.07029	1.07052	5033
2023-11-09 08:00:00	1.07052	1.07098	1.06936	1.0696	8577
2023-11-09 08:30:00	1.06959	1.07064	1.06958	1.07015	5967
2023-11-09 09:00:00	1.07015	1.07047	1.06947	1.07034	6728
2023-11-09 09:30:00	1.07033	1.07044	1.06941	1.06978	4938
2023-11-09 10:00:00	1.06978	1.06996	1.06901	1.06903	4168
2023-11-09 10:30:00	1.06904	1.06913	1.0685	1.06865	4569
2023-11-09 11:00:00	1.06866	1.0692	1.06804	1.06815	5706
2023-11-09 11:30:00	1.06814	1.06887	1.06813	1.06882	3110
2023-11-09 12:00:00	1.06882	1.06917	1.06873	1.06889	3763
2023-11-09 12:30:00	1.06889	1.06927	1.06871	1.06902	3750
2023-11-09 13:00:00	1.06904	1.06976	1.06865	1.06957	8639
2023-11-09 13:30:00	1.06959	1.07087	1.06898	1.07074	12581
2023-11-09 14:00:00	1.07074	1.07119	1.07002	1.07041	11074
2023-11-09 14:30:00	1.07039	1.07254	1.07012	1.07241	11843
2023-11-09 15:00:00	1.07241	1.07247	1.07075	1.0709	12363
2023-11-09 15:30:00	1.07089	1.07181	1.07076	1.0715	12045
2023-11-09 16:00:00	1.0715	1.0717	1.0709	1.0712	8304
2023-11-09 16:30:00	1.07119	1.0712	1.07051	1.07097	5415
2023-11-09 17:00:00	1.07097	1.07126	1.07051	1.07065	4314
2023-11-09 17:30:00	1.07066	1.07069	1.06999	1.07047	3982
2023-11-09 18:00:00	1.07046	1.07055	1.06727	1.06981	22138
2023-11-09 18:30:00	1.06982	1.07014	1.06928	1.06943	13021
2023-11-09 19:00:00	1.06943	1.06953	1.06669	1.06732	24411
2023-11-09 19:30:00	1.06734	1.06748	1.06601	1.06672	14778
2023-11-09 20:00:00	1.06673	1.06755	1.06661	1.06719	6842
2023-11-09 20:30:00	1.06719	1.06726	1.06624	1.06638	5698
2023-11-09 21:00:00	1.06639	1.06688	1.06637	1.06674	2141
2023-11-09 21:30:00	1.06675	1.06689	1.0666	1.06671	1936
2023-11-09 22:00:00	1.06671	1.06683	1.06651	1.06671	1331
2023-11-09 22:30:00	1.06672	1.06702	1.06672	1.0668	2837
2023-11-09 23:00:00	1.06681	1.06695	1.06642	1.06647	1535
2023-11-09 23:30:00	1.0665	1.06669	1.06645	1.06669	699
2023-11-10 00:00:00	1.06671	1.06673	1.0663	1.06654	3048
2023-11-10 00:30:00	1.06653	1.06704	1.06629	1.06683	2731
2023-11-10 01:00:00	1.06683	1.06745	1.06667	1.06734	2941
2023-11-10 01:30:00	1.06734	1.0675	1.06698	1.06718	2882
2023-11-10 02:00:00	1.06717	1.06743	1.06701	1.06742	2889
2023-11-10 02:30:00	1.06741	1.06743	1.06718	1.06723	2406
2023-11-10 03:00:00	1.06723	1.06741	1.06703	1.06708	1465
2023-11-10 03:30:00	1.06707	1.06729	1.06689	1.06699	1827
2023-11-10 04:00:00	1067	1.06713	1.0667	1.06689	2722
2023-11-10 04:30:00	1.06688	1.06713	1.06679	1.06712	1938
2023-11-10 05:00:00	1.06712	1.06719	1.06657	1.06674	1358
2023-11-10 05:30:00	1.06675	1.06694	1.06667	1.0669	1563
2023-11-10 06:00:00	1.06689	1.06697	1.06667	1.06678	2709
2023-11-10 06:30:00	1.06678	1.06699	1.06635	1.06655	2735
2023-11-10 07:00:00	1.06654	1.06666	1.06579	1.06618	5306
2023-11-10 07:30:00	1.06618	1.06696	1.0656	1.06629	5745
2023-11-10 08:00:00	1.0663	1.06781	1.0663	1.06762	7510
2023-11-10 08:30:00	1.06761	1.06783	1067	1.0671	4770
2023-11-10 09:00:00	1.0671	1.06775	1.06677	1.06677	5774
2023-11-10 09:30:00	1.06677	1068	1.06643	1.06771	7054
2023-11-10 10:00:00	1.06771	1.06773	1.06692	1.06728	7312
2023-11-10 10:30:00	1.06728	1.0688	1.06717	1.06868	4805
2023-11-10 11:00:00	1.06869	1.06889	1.06786	1.06796	5869
2023-11-10 11:30:00	1.06795	1.06811	1.06739	1.06768	6436
2023-11-10 12:00:00	1.06769	1.06844	1.06699	1.06835	4515
2023-11-10 12:30:00	1.06838	1.06883	1.06816	1.06817	7599
2023-11-10 13:00:00	1.06818	1.06871	1.0679	1.06849	7110
2023-11-10 13:30:00	1.0685	1.06927	1.06771	1.06886	8407
2023-11-10 14:00:00	1.06889	1.06896	1.06768	1.06826	8009
2023-11-10 14:30:00	1.06828	1.06847	1.06703	1.06726	12389
2023-11-10 15:00:00	1.06726	1.06796	1.06624	1.06675	17376
2023-11-10 15:30:00	1.06676	1.06756	1.06651	1.06698	10828
2023-11-10 16:00:00	1067	1.06795	1.06679	1.0671	8516
2023-11-10 16:30:00	1.0671	1.06738	1.0663	1.06694	5682
2023-11-10 17:00:00	1.06693	1.06748	1.0664	1.06658	6425
2023-11-10 17:30:00	1.06661	1.06818	1.06659	1.06792	4374
2023-11-10 18:00:00	1.06793	1.06826	1.06729	1.06795	5055
2023-11-10 18:30:00	1.06794	1.06845	1.06787	1.06812	3496
2023-11-10 19:00:00	1.06813	1.06875	1.06807	1.06851	3849
2023-11-10 19:30:00	1.0685	1.0685	1.06789	1.06796	6087
2023-11-10 20:00:00	1.06795	1.06847	1.0677	1.06834	2844
2023-11-10 20:30:00	1.06834	1.06874	1.06834	1.06852	2660
2023-11-10 21:00:00	1.0685	1.06871	1.06837	1.06844	1461
2023-11-10 21:30:00	1.06844	1.0686	1.06825	1.06848	2702
2023-11-12 22:00:00	1.06818	1.06847	1.06799	1.06821	168
2023-11-12 22:30:00	1.06825	1.06851	1.06811	1.06835	3266
2023-11-12 23:00:00	1.06842	1.06898	1.06842	1.0688	1068
2023-11-12 23:30:00	1.0688	1.06906	1.06878	1.06905	1075
2023-11-13 00:00:00	1.06902	1.06905	1.06861	1.06871	3079
2023-11-13 00:30:00	1.06871	1.06871	1.06821	1.06838	1491
2023-11-13 01:00:00	1.06838	1.0687	1.0681	1.06847	2745
2023-11-13 01:30:00	1.06849	1.06886	1.0684	1.06866	2223
2023-11-13 02:00:00	1.06868	1.06873	1.06829	1.06836	2368
2023-11-13 02:30:00	1.06835	1.0685	1.06814	1.06831	2664
2023-11-13 03:00:00	1.06831	1.06836	1.06816	1.06825	1945
2023-11-13 03:30:00	1.06825	1.0686	1.06819	1.06856	854
2023-11-13 04:00:00	1.06856	1.06886	1.0685	1.06877	1648
2023-11-13 04:30:00	1.06877	1.0689	1.06841	1.06842	1516
2023-11-13 05:00:00	1.06842	1.06866	1.0684	1.06857	945
2023-11-13 05:30:00	1.06859	1.06865	1.06835	1.06857	1605
2023-11-13 06:00:00	1.06858	1.06899	1.06836	1.06888	1520
2023-11-13 06:30:00	1.06889	1.06922	1.06872	1069	2689
2023-11-13 07:00:00	1.06901	1.06974	1.06888	1.06958	4192
2023-11-13 07:30:00	1.06957	1.06967	1.06915	1.06927	4266
2023-11-13 08:00:00	1.06924	1.06947	1.06855	1.0693	7548
2023-11-13 08:30:00	1.06929	1.06931	1.06875	1.06913	4613
2023-11-13 09:00:00	1.06914	1.07006	1.06856	1.06979	4745
2023-11-13 09:30:00	1.06979	1.07013	1.06887	1.06896	4759
2023-11-13 10:00:00	1.06895	1.06931	1.06871	1.06895	3437
2023-11-13 10:30:00	1.06896	1.06995	1.06877	1.06972	3313
2023-11-13 11:00:00	1.06973	1.0698	1.06866	1.06866	3116
2023-11-13 11:30:00	1.06864	1.06893	1.0685	1.06871	3859
2023-11-13 12:00:00	1.06872	1.06879	1.06741	1.06746	4830
2023-11-13 12:30:00	1.06746	1.06781	1.06697	1.06731	4734
2023-11-13 13:00:00	1.0673	1.06737	1.06666	1.06684	6058
2023-11-13 13:30:00	1.06687	1.06729	1.0665	1.06725	7688
2023-11-13 14:00:00	1.06726	1.06759	1.06711	1.06751	6973
2023-11-13 14:30:00	1.0675	1.06801	1.0668	1.06769	8691
2023-11-13 15:00:00	1.06769	1.06891	1.06758	1.0683	17843
2023-11-13 15:30:00	1.06832	1.06927	1.06749	1.06887	7086
2023-11-13 16:00:00	1.06887	1.06974	1.06852	1.06958	6737
2023-11-13 16:30:00	1.06957	1.07038	1.06942	1.06993	5948
2023-11-13 17:00:00	1.06991	1.07061	1.06967	1.07027	4972
2023-11-13 17:30:00	1.07028	1.07043	1.06935	1.06958	4687
2023-11-13 18:00:00	1.06957	1.06971	1069	1.06944	3058
2023-11-13 18:30:00	1.06944	1.07051	1.06928	1.07016	3241
2023-11-13 19:00:00	1.07017	1.07017	1.06975	1.06998	3673
2023-11-13 19:30:00	1.07	1.07056	1.06972	1.0702	4052
2023-11-13 20:00:00	1.07019	1.07034	1.06992	1.0702	3254
2023-11-13 20:30:00	1.07021	1.07042	1.06989	1.0699	3172
2023-11-13 21:00:00	1.06993	1.06993	1.0698	1.06981	1556
2023-11-13 21:30:00	1.06981	1.06994	1.06975	1.06975	1468
2023-11-13 22:00:00	1.06975	1.07001	1.06975	1.06976	432
2023-11-13 22:30:00	1.06978	1.07014	1.06976	1.0699	1612
2023-11-13 23:00:00	1.06989	1.06998	1.06978	1.06998	794
2023-11-13 23:30:00	1.06998	1.07013	1.06997	1.07012	654
2023-11-14 00:00:00	1.07013	1.07023	1.06991	1.07012	1816
2023-11-14 00:30:00	1.07012	1.07019	1.06981	1.06996	1703
2023-11-14 01:00:00	1.06998	1.07004	1.06945	1.06958	3141
2023-11-14 01:30:00	1.06957	1.06995	1.06952	1.06987	1972
2023-11-14 02:00:00	1.06987	1.07022	1.06977	1.06998	1998
2023-11-14 02:30:00	1.06996	1.07001	1.06966	1.06979	1791
2023-11-14 03:00:00	1.0698	1.06982	1.06952	1.06971	2436
2023-11-14 03:30:00	1.0697	1.06983	1.06958	1.06965	1598
2023-11-14 04:00:00	1.06964	1.06993	1.06961	1.06982	966
2023-11-14 04:30:00	1.06982	1.06997	1.0696	1.06963	980
2023-11-14 05:00:00	1.06962	1.06964	1.06936	1.06943	1198
2023-11-14 05:30:00	1.0694	1.0696	1.06928	1.06955	1725
2023-11-14 06:00:00	1.06954	1.06978	1.06941	1.06971	2224
2023-11-14 06:30:00	1.0697	1.06997	1.06961	1.06991	1795
2023-11-14 07:00:00	1.06992	1.07068	1.06977	1.07049	3521
2023-11-14 07:30:00	1.07048	1.07096	1.07034	1.07061	4669
2023-11-14 08:00:00	1.07061	1.07077	1.07	1.07007	4575
2023-11-14 08:30:00	1.07006	1.07099	1.06962	1.06981	5401
2023-11-14 09:00:00	1.0698	1.07127	1.0696	1.07089	4760
2023-11-14 09:30:00	1.0709	1.07176	1.07055	1.07156	9175
2023-11-14 10:00:00	1.07157	1.07305	1.07148	1.0728	7075
2023-11-14 10:30:00	1.07279	1.07282	1.07166	1.07217	5121
2023-11-14 11:00:00	1.07217	1.07236	1.07177	1.0719	4783
2023-11-14 11:30:00	1.07191	1.07227	1.07149	1.07193	4657
2023-11-14 12:00:00	1.07193	1.07268	1.07184	1.07236	3710
2023-11-14 12:30:00	1.07236	1.07258	1.07203	1.0721	3270
2023-11-14 13:00:00	1.0721	1.07291	1.07167	1.07237	9358
2023-11-14 13:30:00	1.07237	1.08001	1.07049	1.07893	36680
2023-11-14 14:00:00	1.0789	1.08228	1.07887	1.08136	29557
2023-11-14 14:30:00	1.08136	1.08355	1.08134	1.08333	27218
2023-11-14 15:00:00	1.08331	1.08415	1.0823	1.08381	19712
2023-11-14 15:30:00	1.08381	1.08423	1.08254	1.08376	17768
2023-11-14 16:00:00	1.08373	1.08632	1.08364	1.08529	14570
2023-11-14 16:30:00	1.08532	1.0864	1.08518	1.08603	9033
2023-11-14 17:00:00	1.08604	1.08635	1.08541	1.08588	10224
2023-11-14 17:30:00	1.08588	1.08736	1.08577	1.08729	6110
2023-11-14 18:00:00	1.08728	1.08743	1.08687	1.08692	4664
2023-11-14 18:30:00	1.08692	1.08765	1.0869	1.08698	4728
2023-11-14 19:00:00	1.08699	1.08726	1.08677	1.08715	3452
2023-11-14 19:30:00	1.08717	1.08826	1.08713	1.08814	3959
2023-11-14 20:00:00	1.08813	1.08867	1.08805	1.08864	3087
2023-11-14 20:30:00	1.08865	1.08875	1.08774	1.08825	5009
2023-11-14 21:00:00	1.08824	1.08824	1.08755	1.08762	1343
2023-11-14 21:30:00	1.08762	1.08795	1.08762	1.08784	1072
2023-11-14 22:00:00	1.08784	1.08791	1.08742	1.08767	459
2023-11-14 22:30:00	1.08766	1.0879	1.08727	1.08729	588
2023-11-14 23:00:00	1.08743	1.08828	1.08743	1.08819	1675
2023-11-14 23:30:00	1.08818	1.08824	1.08775	1.08777	1481
2023-11-15 00:00:00	1.08776	1.08782	1.08709	1.08715	7127
2023-11-15 00:30:00	1.08716	1.08727	1.08656	1.08695	4134
2023-11-15 01:00:00	1.08694	1.08736	1.08691	1.08715	3165
2023-11-15 01:30:00	1.08716	1.08741	1.08673	1.08719	3273
2023-11-15 02:00:00	1.0872	1.08752	1.08708	1.08719	4858
2023-11-15 02:30:00	1.0872	1.08798	1.08707	1.08785	2669
2023-11-15 03:00:00	1.08784	1.08826	1.08777	1.08786	2412
2023-11-15 03:30:00	1.08786	1.08827	1.08759	1.0882	2096
2023-11-15 04:00:00	1.08824	1.08831	1.08805	1.08806	842
2023-11-15 04:30:00	1.08806	1.08836	1.08777	1.08777	1193
2023-11-15 05:00:00	1.08778	1.08794	1.08761	1.0878	2338
2023-11-15 05:30:00	1.08779	1.08794	1.08725	1.08727	3906
2023-11-15 06:00:00	1.08727	1.08768	1.08716	1.08738	2289
2023-11-15 06:30:00	1.08739	1.08761	1.08714	1.0873	3363
2023-11-15 07:00:00	1.08732	1.08764	1.08647	1.0869	8779
2023-11-15 07:30:00	1.0869	1.08744	1.08656	1.08727	7767
2023-11-15 08:00:00	1.08728	1.08794	1.08702	1.08762	8064
2023-11-15 08:30:00	1.08761	1.08761	1.08666	1.08704	8386
2023-11-15 09:00:00	1.08704	1.08705	1.08503	1.08524	12473
2023-11-15 09:30:00	1.08527	1.08538	1.08439	1.08521	7250
2023-11-15 10:00:00	1.0852	1.08578	1.08505	1.08527	4644
2023-11-15 10:30:00	1.08527	1.08587	1.08521	1.08568	3155
2023-11-15 11:00:00	1.08569	1.08638	1.08557	1.08624	3253
2023-11-15 11:30:00	1.08624	1.08681	1.08604	1.08661	3458
2023-11-15 12:00:00	1.08662	1.0868	1.08554	1.08561	4753
2023-11-15 12:30:00	1.08562	1.08642	1.08542	1.08636	4242
2023-11-15 13:00:00	1.08636	1.08737	1.08636	1.08694	7688
2023-11-15 13:30:00	1.08694	1.08858	1.08399	1.0859	29876
2023-11-15 14:00:00	1.08589	1.0861	1.08441	1.08482	18609
2023-11-15 14:30:00	1.08483	1.08541	1.08315	1.0836	16879
2023-11-15 15:00:00	1.08359	1.08451	1.08338	1.08437	11788
2023-11-15 15:30:00	1.08438	1.08653	1.08417	1.08651	11310
2023-11-15 16:00:00	1.08652	1.08687	1.08613	1.08633	8005
2023-11-15 16:30:00	1.08633	1.08648	1.08483	1.08522	9639
2023-11-15 17:00:00	1.08522	1.08533	1.08432	1.08522	6075
2023-11-15 17:30:00	1.0852	1.08562	1.08486	1.08541	4738
2023-11-15 18:00:00	1.08539	1.08546	1.08461	1.08472	4606
2023-11-15 18:30:00	1.08471	1.08474	1.08421	1.08461	5239
2023-11-15 19:00:00	1.0846	1.08468	1.0841	1.08466	4099
2023-11-15 19:30:00	1.08467	1.0848	1.08449	1.08462	3307
2023-11-15 20:00:00	1.08463	1.0847	1.08439	1.08455	3454
2023-11-15 20:30:00	1.08454	1.08467	1.08423	1.0843	3417
2023-11-15 21:00:00	1.0843	1.08465	1.08426	1.08458	1437
2023-11-15 21:30:00	1.08459	1.08475	1.08448	1.08461	1421
2023-11-15 22:00:00	1.08461	1.08492	1.08454	1.0847	669
2023-11-15 22:30:00	1.08473	1.0851	1.08456	1.08477	3013
2023-11-15 23:00:00	1.08472	1.08496	1.08472	1.08481	551
2023-11-15 23:30:00	1.0848	1.08541	1.0848	1.08541	678
2023-11-16 00:00:00	1.08542	1.08552	1.08507	1.08537	1621
2023-11-16 00:30:00	1.08539	1.08555	1.0851	1.08551	2240
2023-11-16 01:00:00	1.08552	1.08558	1.08452	1.0846	3013
2023-11-16 01:30:00	1.08458	1.0846	1.08419	1.08438	3819
2023-11-16 02:00:00	1.08438	1.0844	1.0838	1.08384	4536
2023-11-16 02:30:00	1.08382	1.08389	1083	1.08333	5999
2023-11-16 03:00:00	1.08333	1.08358	1.08322	1.08323	3528
2023-11-16 03:30:00	1.08322	1.08341	1.08316	1.08324	2418
2023-11-16 04:00:00	1.08326	1.08348	1.08322	1.08329	1243
2023-11-16 04:30:00	1.08329	1.08373	1.08329	1.08369	877
2023-11-16 05:00:00	1.08369	1.08395	1.08355	1.08385	1477
2023-11-16 05:30:00	1.08385	1.08391	1.08334	1.08379	1884
2023-11-16 06:00:00	1.0838	1.08408	1.08369	1.08379	2158
2023-11-16 06:30:00	1.08378	1.08409	1.08363	1.08391	3613
2023-11-16 07:00:00	1.0839	1.08418	1.08349	1.08383	3387
2023-11-16 07:30:00	1.08382	1.08458	1.08339	1.08409	5876
2023-11-16 08:00:00	1.08407	1.0851	1.08383	1.08495	6877
2023-11-16 08:30:00	1.08495	1.0855	1.08479	1.08549	6211
2023-11-16 09:00:00	1.08549	1.08607	1.0853	1.08557	5956
2023-11-16 09:30:00	1.08557	1.08591	1.08479	1.08509	4984
2023-11-16 10:00:00	1.08509	1.08516	1.08467	1.08486	5760
2023-11-16 10:30:00	1.08489	1.08498	1.08429	1.0845	5091
2023-11-16 11:00:00	1.08451	1.08583	1.08446	1.08572	3657
2023-11-16 11:30:00	1.08571	1.08582	1.08486	1.08522	3852
2023-11-16 12:00:00	1.08521	1.08531	1.0839	1.08428	6718
2023-11-16 12:30:00	1.08425	1.08466	1.08413	1.08424	6182
2023-11-16 13:00:00	1.08424	1.08508	1.08416	1.08479	9047
2023-11-16 13:30:00	1.08479	1.08814	1.08478	1.0881	19262
2023-11-16 14:00:00	1.0881	1.08811	1.08583	1.08625	15394
2023-11-16 14:30:00	1.08624	1.08784	1.08619	1.0876	14214
2023-11-16 15:00:00	1.08762	1.08949	1.08762	1.08908	15390
2023-11-16 15:30:00	1.08908	1.08955	1.08717	1.08781	15580
2023-11-16 16:00:00	1.08782	1.08828	1.08538	1.08554	13410
2023-11-16 16:30:00	1.08553	1.08568	1.08463	1.08499	10885
2023-11-16 17:00:00	1.08499	1.08574	1.08472	1.08573	6951
2023-11-16 17:30:00	1.08572	1.08608	1.08545	1.08598	4383
2023-11-16 18:00:00	1086	1.08655	1.08563	1.08591	3441
2023-11-16 18:30:00	1.08591	1.08644	1.08571	1.0859	3089
2023-11-16 19:00:00	1.08589	1.08601	1.0852	1.08535	4940
2023-11-16 19:30:00	1.08537	1.08599	1.08519	1.08556	3419
2023-11-16 20:00:00	1.08557	1.08581	1.08475	1.08476	3500
2023-11-16 20:30:00	1.08475	1.08492	1.08449	1.08462	5277
2023-11-16 21:00:00	1.08463	1.08494	1.08463	1.08491	925
2023-11-16 21:30:00	1.08491	1.08537	1.08487	1.08517	1742
2023-11-16 22:00:00	1.08517	1.08517	1.08434	1.08486	3008
2023-11-16 22:30:00	1.08487	1.08526	1.0848	1.08526	3766
2023-11-16 23:00:00	1.08526	1.08556	1.0851	1.08555	713
2023-11-16 23:30:00	1.08555	1.08555	1.08527	1.08529	477
2023-11-17 00:00:00	1.0853	1.08557	1.08487	1.08499	2798
2023-11-17 00:30:00	1.08499	1.08544	1.08494	1.08531	2353
2023-11-17 01:00:00	1.08533	1.08569	1.08507	1.0853	3439
2023-11-17 01:30:00	1.0853	1.08559	1.08505	1.08529	1648
2023-11-17 02:00:00	1.08528	1.08569	1.08523	1.08529	1633
2023-11-17 02:30:00	1.08527	1.08559	1.08492	1.08551	3345
2023-11-17 03:00:00	1.08552	1.08569	1.08538	1.08548	3274
2023-11-17 03:30:00	1.08548	1.08559	1.08531	1.08539	2489
2023-11-17 04:00:00	1.0854	1.0855	1.08517	1.08529	2602
2023-11-17 04:30:00	1.0853	1.08545	1085	1.08502	2421
2023-11-17 05:00:00	1.08504	1.08511	1.08483	1.08494	2018
2023-11-17 05:30:00	1.08493	1.08557	1.08479	1.08531	3086
2023-11-17 06:00:00	1.08533	1.08563	1.08519	1.08529	2662
2023-11-17 06:30:00	1.08528	1.0854	1.0851	1.08511	2045
2023-11-17 07:00:00	1.08512	1.08512	1.08377	1.08408	7879
2023-11-17 07:30:00	1.08408	1.08409	1.08351	1.08383	5618
2023-11-17 08:00:00	1.08385	1.08385	1.08247	1.08369	8963
2023-11-17 08:30:00	1.08367	1.08494	1.08328	1.08482	11478
2023-11-17 09:00:00	1.08481	1.08571	1.08452	1.08529	9898
2023-11-17 09:30:00	1.0853	1.08583	1.08519	1.08528	5549
2023-11-17 10:00:00	1.08528	1.08677	1.08515	1.08668	7160
2023-11-17 10:30:00	1.08667	1.08712	1.08614	1.08706	6402
2023-11-17 11:00:00	1.08707	1.08746	1.08675	1.08738	7075
2023-11-17 11:30:00	1.08734	1.08734	1.08586	1.08662	5284
2023-11-17 12:00:00	1.0866	1.08685	1.08573	1.08627	6137
2023-11-17 12:30:00	1.08628	1.08686	1.08609	1.08631	5342
2023-11-17 13:00:00	1.08632	1.08768	1.0862	1.08714	8582
2023-11-17 13:30:00	1.08714	1.08774	1.08613	1.08711	14090
2023-11-17 14:00:00	1.0871	1.08845	1.08676	1.0869	12175
2023-11-17 14:30:00	1.08691	1.08763	1.08585	1.08691	16845
2023-11-17 15:00:00	1.08693	1.08797	1.08684	1.08795	12411
2023-11-17 15:30:00	1.08797	1.08933	1.08778	1.08867	9664
2023-11-17 16:00:00	1.08868	1089	1.08781	1.08815	10080
2023-11-17 16:30:00	1.08815	1.08821	1.08748	1.08784	9023
2023-11-17 17:00:00	1.08785	1.08882	1.08781	1.08822	5948
2023-11-17 17:30:00	1.08823	1.08912	1.08822	1.08903	3314
2023-11-17 18:00:00	1.08903	1.08957	1.08884	1.08942	4014
2023-11-17 18:30:00	1.08942	1.09045	1.08942	1.09031	3672
2023-11-17 19:00:00	1.09032	1.09035	1.0899	1.09008	3984
2023-11-17 19:30:00	1.09009	1.09018	1.08954	1.08996	5514
2023-11-17 20:00:00	1.08997	1.09048	1.08972	1.09038	5842
2023-11-17 20:30:00	1.09037	1.09091	1.09007	1.09083	3537
2023-11-17 21:00:00	1.09082	1.09095	1.09047	1.09093	2467
2023-11-17 21:30:00	1.09092	1.09148	1.0908	1.09138	2827
2023-11-19 22:00:00	1.09095	1.09109	1.09079	1.09091	496
2023-11-19 22:30:00	1.09091	1.09107	1.09074	1.09092	2363
2023-11-19 23:00:00	1.09091	1.0911	1.09054	1.09068	2217
2023-11-19 23:30:00	1.09073	1.09096	1.09054	1.09055	1723
2023-11-20 00:00:00	1.09054	1.09055	1.08987	1.08988	3025
2023-11-20 00:30:00	1.08986	1.09039	1.08974	1.09012	3793
2023-11-20 01:00:00	1.09014	1.09106	1.09014	1.09089	5336
2023-11-20 01:30:00	1.09089	1.09105	1.09061	1.09082	3240
2023-11-20 02:00:00	1.09084	1.09217	1.09081	1.09209	3381
2023-11-20 02:30:00	1.09208	1.09239	1.09176	1.09223	5292
2023-11-20 03:00:00	1.09223	1.09237	1.09176	1.0922	3556
2023-11-20 03:30:00	1.0922	1.09249	1.09218	1.09238	3586
2023-11-20 04:00:00	1.09238	1.09358	1.09227	1.09295	4287
2023-11-20 04:30:00	1.09294	1.09295	1.09217	1.0922	2081
2023-11-20 05:00:00	1.09219	1.09273	1.09205	1.09263	2691
2023-11-20 05:30:00	1.09263	1.09277	1.09185	1.09186	3772
2023-11-20 06:00:00	1.09189	1.09231	1.09166	1.09167	4443
2023-11-20 06:30:00	1.09165	1.09197	1.09157	1.09169	4509
2023-11-20 07:00:00	1.09169	1.09196	1.09141	1.09146	5347
2023-11-20 07:30:00	1.09146	1.09191	1.09129	1.0916	5932
2023-11-20 08:00:00	1.0916	1.09296	1.0916	1.09253	7801
2023-11-20 08:30:00	1.09253	1.09274	1.09152	1.09191	6816
2023-11-20 09:00:00	1.09192	1.09359	1.09184	1.09338	8101
2023-11-20 09:30:00	1.09338	1.09401	1.09333	1.09366	7049
2023-11-20 10:00:00	1.09367	1.09367	1.09226	1.09264	4181
2023-11-20 10:30:00	1.09264	1.09351	1.0925	1.0926	4456
2023-11-20 11:00:00	1.0926	1.09294	1.09217	1.09245	5645
2023-11-20 11:30:00	1.09246	1.09254	1.09213	1.09228	3811
2023-11-20 12:00:00	1.09228	1.0928	1.09206	1.09234	4581
2023-11-20 12:30:00	1.09237	1.09305	1.09235	1.09297	4348
2023-11-20 13:00:00	1.09298	1.09322	1.09252	1093	6179
2023-11-20 13:30:00	1093	1.0931	1.09245	1.09264	9335
2023-11-20 14:00:00	1.09265	1.09309	1.09187	1.09218	8876
2023-11-20 14:30:00	1.09219	1.09457	1.09219	1.09404	9834
2023-11-20 15:00:00	1.09405	1.09416	1.09263	1.09297	8052
2023-11-20 15:30:00	1.09298	1.09386	1.09286	1.09382	6961
2023-11-20 16:00:00	1.09381	1.09445	1.0938	1.09425	6602
2023-11-20 16:30:00	1.09426	1.0945	1.09376	1.09443	5924
2023-11-20 17:00:00	1.09442	1.09515	1.09427	1.09448	5718
2023-11-20 17:30:00	1.09447	1.0945	1.09351	1.09376	3401
2023-11-20 18:00:00	1.09376	1.09517	1.09369	1.09478	11687
2023-11-20 18:30:00	1.09481	1.09512	1.09442	1.09452	5220
2023-11-20 19:00:00	1.09453	1.09471	1.09388	1.09418	3657
2023-11-20 19:30:00	1.09419	1.09464	1.09407	1.09464	3374
2023-11-20 20:00:00	1.09463	1.09475	1.0944	1.09443	2653
2023-11-20 20:30:00	1.09441	1.09467	1.09418	1.09418	3107
2023-11-20 21:00:00	1.09418	1.09445	1.09396	1.09408	1812
2023-11-20 21:30:00	1.09408	1.09415	1.09393	1.09394	1502
2023-11-20 22:00:00	1.09394	1.09405	1.0939	1.09391	243
2023-11-20 22:30:00	1.09391	1.09433	1.09379	1.09406	1167
2023-11-20 23:00:00	1.09413	1.09453	1.09407	1.09452	1063
2023-11-20 23:30:00	1.09451	1.09468	1.09441	1.09446	1736
2023-11-21 00:00:00	1.09447	1.09457	1.09421	1.09436	3304
2023-11-21 00:30:00	1.09437	1.0952	1.09435	1.09454	2868
2023-11-21 01:00:00	1.09454	1.09573	1.0943	1.09573	6691
2023-11-21 01:30:00	1.09569	1.09574	1.09499	1.09522	5402
2023-11-21 02:00:00	1.09514	1.09575	1.09481	1.09544	4278
2023-11-21 02:30:00	1.09545	1.09621	1.09545	1.09598	5024
2023-11-21 03:00:00	1.09601	1.09628	1.09583	1.09593	2796
2023-11-21 03:30:00	1.09593	1.09641	1.09587	1.09635	3445
2023-11-21 04:00:00	1.09633	1.09651	1.09614	1.0963	2430
2023-11-21 04:30:00	1.0963	1.09649	1.0958	1.09586	2811
2023-11-21 05:00:00	1.09589	1.09637	1.09573	1.09614	2767
2023-11-21 05:30:00	1.09613	1.09615	1.09537	1.09558	4861
2023-11-21 06:00:00	1.0956	1.09589	1.09522	1.09554	3659
2023-11-21 06:30:00	1.09554	1.09609	1.09534	1.09585	3043
2023-11-21 07:00:00	1.09584	1.09619	1.09557	1.09617	5610
2023-11-21 07:30:00	1.09616	1.0963	1.09507	1.09538	5101
2023-11-21 08:00:00	1.09538	1.09639	1.09506	1.09578	8589
2023-11-21 08:30:00	1.09582	1.09607	1.09436	1.0946	10818
2023-11-21 09:00:00	1.09459	1.09507	1.09436	1.09455	8600
2023-11-21 09:30:00	1.09454	1.09496	1.09424	1.09436	7773
2023-11-21 10:00:00	1.09437	1.0952	1.09424	1.09485	4731
2023-11-21 10:30:00	1.09486	1.09537	1.09452	1.09452	3540
2023-11-21 11:00:00	1.09452	1.09466	1.09409	1.09417	5585
2023-11-21 11:30:00	1.09419	1.09465	1.0939	1.09392	4223
2023-11-21 12:00:00	1.09393	1.09493	1.09391	1.09485	4094
2023-11-21 12:30:00	1.09486	1.09506	1.09427	1.09481	4380
2023-11-21 13:00:00	1.09482	1.09598	1.09478	1.09584	7130
2023-11-21 13:30:00	1.09585	1.09612	1.0939	1.09449	18556
2023-11-21 14:00:00	1.0945	1.09593	1.09445	1.09556	9164
2023-11-21 14:30:00	1.09559	1.09569	1.09439	1.09529	12399
2023-11-21 15:00:00	1.09531	1.09591	1.09384	1.09416	13108
2023-11-21 15:30:00	1.09415	1.09466	1.09313	1.09341	11901
2023-11-21 16:00:00	1.09342	1.09437	1.09237	1.0926	10646
2023-11-21 16:30:00	1.0926	1.09301	1.09223	1.09228	7707
2023-11-21 17:00:00	1.09235	1.09243	1.09188	1.09224	5645
2023-11-21 17:30:00	1.09224	1.09265	1.09192	1.09209	3915
2023-11-21 18:00:00	1.09208	1.09215	1.09034	1.09058	7426
2023-11-21 18:30:00	1.09059	1.09103	1.09027	1.09082	6634
2023-11-21 19:00:00	1.09085	1.09151	1.09001	1.09137	7749
2023-11-21 19:30:00	1.09137	1.09158	1.09087	1.09151	5518
2023-11-21 20:00:00	1.09152	1.09166	1.09118	1.09157	3308
2023-11-21 20:30:00	1.09156	1.09156	1.09112	1.09117	3698
2023-11-21 21:00:00	1.09118	1.09145	1.0911	1.09123	1553
2023-11-21 21:30:00	1.09122	1.09133	1091	1.09101	1236
2023-11-21 22:00:00	1091	1.09125	1.09098	1.09101	365
2023-11-21 22:30:00	1.09102	1.09122	1.09102	1.09107	403
2023-11-21 23:00:00	1.09103	1.09178	1091	1.0916	940
2023-11-21 23:30:00	1.0916	1.09185	1.09143	1.09169	1201
2023-11-22 00:00:00	1.0917	1.09188	1.09143	1.0916	3755
2023-11-22 00:30:00	1.09162	1.09196	1.09144	1.09196	2918
2023-11-22 01:00:00	1.09195	1.09229	1.09093	1.0911	5312
2023-11-22 01:30:00	1.09109	1.09148	1.09088	1.09134	4507
2023-11-22 02:00:00	1.09135	1.09153	1.09117	1.09139	3411
2023-11-22 02:30:00	1.0914	1.09202	1.09135	1.09161	3381
2023-11-22 03:00:00	1.09159	1.0919	1.09147	1.09148	2292
2023-11-22 03:30:00	1.0915	1.0916	1.09128	1.09142	2827
2023-11-22 04:00:00	1.09142	1.09156	1.09107	1.09113	2118
2023-11-22 04:30:00	1.09111	1.09144	1.09107	1.09137	2091
2023-11-22 05:00:00	1.09136	1.09145	1.09054	1.09064	3913
2023-11-22 05:30:00	1.09066	1.09089	1.0905	1.09072	3249
2023-11-22 06:00:00	1.09072	1.09075	1.08968	1.08971	5197
2023-11-22 06:30:00	1.08971	1.09019	1.08956	1.09003	5463
2023-11-22 07:00:00	1.09001	1.0911	1.08998	1.09104	4514
2023-11-22 07:30:00	1.09103	1.09166	1.09086	1.09145	4807
2023-11-22 08:00:00	1.09145	1.09197	1.08999	1.09007	10067
2023-11-22 08:30:00	1.09006	1.09017	1.08826	1.08855	9063
2023-11-22 09:00:00	1.08854	1.08985	1.08851	1.08959	5697
2023-11-22 09:30:00	1.08957	1.09121	1.08956	1.09025	7918
2023-11-22 10:00:00	1.09024	1.09056	1.08976	1.08982	6114
2023-11-22 10:30:00	1.08983	1.09012	1.0895	1.09008	6656
2023-11-22 11:00:00	1.09008	1.09078	1.08979	1.09051	7279
2023-11-22 11:30:00	1.0905	1.0905	1.08978	1.08999	4774
2023-11-22 12:00:00	1.09	1.09121	1.0898	1.09043	5532
2023-11-22 12:30:00	1.09042	1.09104	1.09029	1.09066	7749
2023-11-22 13:00:00	1.09064	1.09177	1.0904	1.09154	11708
2023-11-22 13:30:00	1.09154	1.09158	1.08913	1.0896	21627
2023-11-22 14:00:00	1.08963	1.08984	1.08713	1.08763	17112
2023-11-22 14:30:00	1.08764	1.08878	1.08733	1.08744	20986
2023-11-22 15:00:00	1.08744	1.08744	1.08522	1.08612	18947
2023-11-22 15:30:00	1.08612	1.08684	1.08555	1.08657	15614
2023-11-22 16:00:00	1.08657	1.08697	1.08614	1.08682	9086
2023-11-22 16:30:00	1.08683	1.08733	1.08653	1.08703	5782
2023-11-22 17:00:00	1.08704	1.08835	1.08687	1.08824	4836
2023-11-22 17:30:00	1.08821	1.08832	1.08752	1.08786	4915
2023-11-22 18:00:00	1.08784	1.08857	1.08775	1.08856	4453
2023-11-22 18:30:00	1.08857	1.0887	1.08807	1.08846	3945
2023-11-22 19:00:00	1.08845	1.08878	1.08829	1.08856	4431
2023-11-22 19:30:00	1.08856	1.08867	1.08798	1.08838	6111
2023-11-22 20:00:00	1.08838	1.08862	1.08817	1.08848	3178
2023-11-22 20:30:00	1.08848	1.08882	1.08843	1.08873	2482
2023-11-22 21:00:00	1.08873	1.08893	1.08861	1.08887	814
2023-11-22 21:30:00	1.08886	1.08892	1.08876	1.08881	1953
2023-11-22 22:00:00	1.08875	1.08875	1.08838	1.08838	281
2023-11-22 22:30:00	1.08847	1.08864	1.08839	1.08859	597
2023-11-22 23:00:00	1.08858	1.08875	1.08834	1.08869	558
2023-11-22 23:30:00	1.08868	1.08883	1.08863	1.08878	471
2023-11-23 00:00:00	1.0888	1089	1.08878	1.08894	1254
2023-11-23 00:30:00	1.08894	1.08924	1.08881	1.08919	1500
2023-11-23 01:00:00	1.08919	1.08931	1.08885	1.08929	2740
2023-11-23 01:30:00	1.08929	1.08958	1.08915	1.08948	2134
2023-11-23 02:00:00	1.0895	1.09013	1.08946	1.0898	1758
2023-11-23 02:30:00	1.08978	1.09046	1.08973	1.09035	2099
2023-11-23 03:00:00	1.09035	1.09048	1.09014	1.09024	1647
2023-11-23 03:30:00	1.09025	1.09057	1.09014	1.09049	1313
2023-11-23 04:00:00	1.0905	1.09054	1.09035	1.09042	854
2023-11-23 04:30:00	1.09045	1.09052	1.09019	1.09025	1692
2023-11-23 05:00:00	1.09025	1.09035	1.09009	1.09027	1522
2023-11-23 05:30:00	1.09029	1.09116	1.09026	1.09105	2154
2023-11-23 06:00:00	1.09106	1.09176	1.09091	1.09135	2839
2023-11-23 06:30:00	1.09134	1.09144	1.09065	1.09083	2867
2023-11-23 07:00:00	1.09082	1.0914	1.09055	1.09122	3924
2023-11-23 07:30:00	1.0912	1.09147	1.0908	1.09138	3994
2023-11-23 08:00:00	1.09137	1.09169	1.08955	1.09078	11195
2023-11-23 08:30:00	1.09085	1.09303	1.09078	1.09175	14878
2023-11-23 09:00:00	1.09179	1.09237	1.09055	1.09079	12085
2023-11-23 09:30:00	1.09084	1.09231	1.09078	1.09231	11574
2023-11-23 10:00:00	1.09231	1.0924	1.09151	1.09182	5385
2023-11-23 10:30:00	1.09185	1.09225	1.09167	1.09189	3478
2023-11-23 11:00:00	1.09193	1.09198	1.0913	1.09178	5721
2023-11-23 11:30:00	1.09178	1.0918	1.09122	1.09146	4386
2023-11-23 12:00:00	1.09146	1.09151	1.09042	1.09048	4630
2023-11-23 12:30:00	1.09048	1.09058	1.09002	1.09033	4399
2023-11-23 13:00:00	1.09033	1.09037	1.08967	1.09018	5537
2023-11-23 13:30:00	1.09019	1.09055	1.09007	1.09017	4426
2023-11-23 14:00:00	1.09016	1.09029	1.0887	1.08919	8086
2023-11-23 14:30:00	1.08918	1.08988	1.08917	1.08962	5273
2023-11-23 15:00:00	1.08962	1.09089	1.08959	1.09078	4729
2023-11-23 15:30:00	1.09079	1.09104	1.09044	1.09097	4273
2023-11-23 16:00:00	1.09096	1.09099	1.09036	1.09049	2813
2023-11-23 16:30:00	1.09048	1.09091	1.09027	1.09061	2972
2023-11-23 17:00:00	1.09062	1.09069	1.09024	1.09058	1437
2023-11-23 17:30:00	1.09057	1.09063	1.09029	1.09057	819
2023-11-23 18:00:00	1.09057	1.0906	1.09038	1.09044	453
2023-11-23 18:30:00	1.09045	1.09049	1.09032	1.09035	356
2023-11-23 19:00:00	1.09035	1.09062	1.09034	1.09048	425
2023-11-23 19:30:00	1.09055	1.09073	1.09034	1.09036	679
2023-11-23 20:00:00	1.09037	1.09043	1.09026	1.09037	561
2023-11-23 20:30:00	1.09038	1.09064	1.09038	1.09055	565
2023-11-23 21:00:00	1.09053	1.09064	1.09045	1.0906	260
2023-11-23 21:30:00	1.09061	1.09067	1.09021	1.09037	349
2023-11-23 22:00:00	1.09037	1.09067	1.09037	1.0905	244
2023-11-23 22:30:00	1.09051	1.09065	1.09049	1.09064	1122
2023-11-23 23:00:00	1.09064	1.0907	1.09046	1.09047	607
2023-11-23 23:30:00	1.09046	1.09058	1.09036	1.09038	988
2023-11-24 00:00:00	1.09037	1.09073	1.09028	1.09058	2072
2023-11-24 00:30:00	1.09057	1.09098	1.09045	1.09067	2475
2023-11-24 01:00:00	1.09069	1.09102	1.09024	1.09037	4150
2023-11-24 01:30:00	1.09036	1.09041	1.09012	1.09019	3118
2023-11-24 02:00:00	1.09019	1.09034	1.08968	1.08976	3249
2023-11-24 02:30:00	1.08977	1.08982	1.08951	1.08954	2791
2023-11-24 03:00:00	1.08953	1.08982	1.08949	1.08979	1436
2023-11-24 03:30:00	1.0898	1.08994	1.08963	1.0899	1084
2023-11-24 04:00:00	1.08992	1.09	1.08973	1.08984	1652
2023-11-24 04:30:00	1.08984	1.09035	1.08983	1.09035	2103
2023-11-24 05:00:00	1.09035	1.0908	1.09034	1.09063	2212
2023-11-24 05:30:00	1.09063	1.09119	1.09063	1.09116	2289
2023-11-24 06:00:00	1.09116	1.09116	1.0906	1.09063	2244
2023-11-24 06:30:00	1.09064	1.09084	1.09038	1.09073	2077
2023-11-24 07:00:00	1.09073	1.09074	1.0903	1.09038	3009
2023-11-24 07:30:00	1.09039	1.09108	1.09036	1.09079	3514
2023-11-24 08:00:00	1.09079	1.09137	1.09052	1.09104	7101
2023-11-24 08:30:00	1.09104	1.09193	1.09053	1.09189	5985
2023-11-24 09:00:00	1.09187	1.09207	1.09093	1.09104	6250
2023-11-24 09:30:00	1.09104	1.09131	1.09014	1.09027	5382
2023-11-24 10:00:00	1.09028	1.09096	1.09017	1.09087	3511
2023-11-24 10:30:00	1.09088	1.09102	1.09051	1.09096	3317
2023-11-24 11:00:00	1.09094	1.09165	1.09067	1.09129	4031
2023-11-24 11:30:00	1.09128	1.09158	1.09106	1.09141	4602
2023-11-24 12:00:00	1.09141	1.09282	1.09121	1.09254	4176
2023-11-24 12:30:00	1.09252	1.09258	1.09157	1.09166	4858
2023-11-24 13:00:00	1.09167	1.09168	1.09083	1.09093	5390
2023-11-24 13:30:00	1.09093	1.09225	1.09068	1.09219	8526
2023-11-24 14:00:00	1.09219	1.09285	1.09173	1.09202	6288
2023-11-24 14:30:00	1.09204	1.09385	1.09203	1.09367	11581
2023-11-24 15:00:00	1.09366	1.09452	1.09342	1.09377	11259
2023-11-24 15:30:00	1.09375	1.09424	1.09353	1.09398	6513
2023-11-24 16:00:00	1.09397	1.09414	1.09341	1.09354	6407
2023-11-24 16:30:00	1.09353	1.09367	1093	1.09332	6086
2023-11-24 17:00:00	1.09332	1.09349	1.09282	1.09325	3880
2023-11-24 17:30:00	1.09325	1.09406	1.09325	1.09404	2287
2023-11-24 18:00:00	1.09405	1.09456	1094	1.09452	2162
2023-11-24 18:30:00	1.09453	1.09486	1.09451	1.09475	963
2023-11-24 19:00:00	1.09476	1.09476	1.09381	1.09457	8689
2023-11-24 19:30:00	1.09458	1.09465	1.09415	1.09459	1432
2023-11-24 20:00:00	1.09458	1.09475	1.09451	1.09462	1384
2023-11-24 20:30:00	1.0946	1.09469	1.09407	1.09434	965
2023-11-24 21:00:00	1.09435	1.0946	1.09368	1.09368	2240
2023-11-24 21:30:00	1.09368	1.09424	1.09341	1.09341	2010
2023-11-26 22:00:00	1.09438	1.0945	1.09424	1.09441	613
2023-11-26 22:30:00	1.09444	1.09456	1.09426	1.09442	489
2023-11-26 23:00:00	1.09443	1.09474	1.09395	1.09414	1435
2023-11-26 23:30:00	1.09414	1.09425	1.09384	1.09396	2098
2023-11-27 00:00:00	1.09397	1.09405	1.09335	1.09342	3268
2023-11-27 00:30:00	1.09342	1.09348	1.09285	1.09286	2892
2023-11-27 01:00:00	1.09287	1.09444	1.09267	1.09442	4755
2023-11-27 01:30:00	1.09441	1.09496	1.09418	1.09467	3665
2023-11-27 02:00:00	1.09468	1.09471	1.09379	1.09408	3618
2023-11-27 02:30:00	1.09407	1.09443	1.09382	1.09428	3036
2023-11-27 03:00:00	1.0943	1.09437	1.09392	1.09401	2634
2023-11-27 03:30:00	1094	1.09457	1.09392	1.09452	3393
2023-11-27 04:00:00	1.09453	1.09466	1.09419	1.09449	1985
2023-11-27 04:30:00	1.09448	1.09497	1.09428	1.09473	1800
2023-11-27 05:00:00	1.09472	1.09485	1.09442	1.09463	1584
2023-11-27 05:30:00	1.09463	1.09504	1.09442	1.09493	2901
2023-11-27 06:00:00	1.09494	1.0956	1.09483	1.09525	2490
2023-11-27 06:30:00	1.09524	1.09531	1.0948	1095	2814
2023-11-27 07:00:00	1.09501	1.09592	1.09496	1.09545	6063
2023-11-27 07:30:00	1.09544	1.09565	1.09454	1.09475	5086
2023-11-27 08:00:00	1.09474	1.09521	1.09411	1.09469	6234
2023-11-27 08:30:00	1.09469	1.09492	1.09392	1.09429	7244
2023-11-27 09:00:00	1.09429	1.09492	1.09409	1.09478	4376
2023-11-27 09:30:00	1.09479	1.09522	1.09447	1.09483	4754
2023-11-27 10:00:00	1.09483	1.09522	1.09454	1.09499	5716
2023-11-27 10:30:00	1.09499	1.09564	1.09473	1.09546	4299
2023-11-27 11:00:00	1.09545	1.09555	1.09467	1.09513	3850
2023-11-27 11:30:00	1.09514	1.09552	1.09456	1.09536	3271
2023-11-27 12:00:00	1.09537	1.09551	1.09495	1.09507	3601
2023-11-27 12:30:00	1.09507	1.0955	1.09458	1.09496	5604
2023-11-27 13:00:00	1.09497	1.09542	1.09447	1.09537	14406
2023-11-27 13:30:00	1.09536	1.09551	1.09435	1.09438	14701
2023-11-27 14:00:00	1.09437	1.09449	1.09272	1.09304	10587
2023-11-27 14:30:00	1.09304	1.09347	1.09254	1.09281	10229
2023-11-27 15:00:00	1.0928	1.09383	1.09251	1.09375	15646
2023-11-27 15:30:00	1.09377	1.09392	1.09285	1.09326	16294
2023-11-27 16:00:00	1.09327	1.09357	1.09281	1.09316	10707
2023-11-27 16:30:00	1.09316	1.09377	1.09278	1.09363	11792
2023-11-27 17:00:00	1.09362	1.09383	1.09301	1.09307	5576
2023-11-27 17:30:00	1.09308	1.09367	1.09293	1.09343	3298
2023-11-27 18:00:00	1.09341	1.09417	1.09322	1.09392	5960
2023-11-27 18:30:00	1.09393	1.09424	1.09378	1.0942	3292
2023-11-27 19:00:00	1.09422	1.09519	1.09421	1.09488	3318
2023-11-27 19:30:00	1.09491	1.09566	1.09484	1.09562	3676
2023-11-27 20:00:00	1.09562	1.09565	1.09506	1.0954	5300
2023-11-27 20:30:00	1.09539	1.09574	1.09529	1.09568	2443
2023-11-27 21:00:00	1.09569	1.09569	1.09534	1.09536	2399
2023-11-27 21:30:00	1.09535	1.09552	1.09519	1.09531	2044
2023-11-27 22:00:00	1.09528	1.09542	1095	1.09511	387
2023-11-27 22:30:00	1.09509	1.0956	1.09509	1.09537	935
2023-11-27 23:00:00	1.09536	1.09576	1.09536	1.0957	914
2023-11-27 23:30:00	1.0957	1.09591	1.0957	1.09589	1413
2023-11-28 00:00:00	1.09589	1.09609	1.09555	1.09568	2170
2023-11-28 00:30:00	1.09568	1.09615	1.09553	1.0958	3707
2023-11-28 01:00:00	1.0958	1.09617	1.09548	1.09552	3629
2023-11-28 01:30:00	1.09553	1.0959	1.09541	1.09577	4413
2023-11-28 02:00:00	1.09577	1.09587	1.09533	1.09579	2611
2023-11-28 02:30:00	1.09579	1.09628	1.09559	1.09576	3732
2023-11-28 03:00:00	1.09576	1.09591	1.09553	1.09587	2117
2023-11-28 03:30:00	1.09586	1.09589	1.09543	1.0955	2267
2023-11-28 04:00:00	1.0955	1.09552	1.09524	1.09526	1688
2023-11-28 04:30:00	1.09525	1.09544	1.0952	1.09524	1390
2023-11-28 05:00:00	1.09523	1.09533	1.09512	1.09529	1635
2023-11-28 05:30:00	1.09529	1.09531	1.09498	1.0951	2685
2023-11-28 06:00:00	1.0951	1.0952	1.09473	1.09475	2017
2023-11-28 06:30:00	1.09476	1.09509	1.0946	1.09469	2122
2023-11-28 07:00:00	1.09468	1.09474	1.09435	1.09456	4549
2023-11-28 07:30:00	1.09456	1.09473	1.09344	1.09358	6790
2023-11-28 08:00:00	1.09358	1.09471	1.09358	1.09469	6554
2023-11-28 08:30:00	1.0947	1095	1.09425	1.09474	7799
2023-11-28 09:00:00	1.09474	1.09534	1.09468	1.09514	6626
2023-11-28 09:30:00	1.09512	1.0955	1.09468	1.09536	6381
2023-11-28 10:00:00	1.09535	1.09568	1.09503	1.09558	4965
2023-11-28 10:30:00	1.09557	1.09559	1.09465	1.0952	6290
2023-11-28 11:00:00	1.0952	1.09574	1.09504	1.09564	3152
2023-11-28 11:30:00	1.09567	1.09575	1.09486	1.09499	4388
2023-11-28 12:00:00	1.09499	1.09624	1.09484	1.09536	5285
2023-11-28 12:30:00	1.09538	1.09582	1.09472	1.09507	5087
2023-11-28 13:00:00	1.09507	1.09643	1.09454	1.09599	10908
2023-11-28 13:30:00	1096	1.09738	1.09574	1.09723	16135
2023-11-28 14:00:00	1.09721	1.09832	1.09641	1.09785	16906
2023-11-28 14:30:00	1.09786	1.09847	1.09725	1.09788	14537
2023-11-28 15:00:00	1.09787	1.0988	1.09685	1.09711	16223
2023-11-28 15:30:00	1.09708	1.10019	1.09679	1.09809	20225
2023-11-28 16:00:00	1.09809	1.09947	1.09775	1.09865	16843
2023-11-28 16:30:00	1.09867	1.10058	1.09851	1.10051	15078
2023-11-28 17:00:00	1.10055	1.10088	1.10032	1.1006	9175
2023-11-28 17:30:00	1.10059	1.10062	1.09852	1.09868	11942
2023-11-28 18:00:00	1.09869	1.09881	1.09732	1.09827	11460
2023-11-28 18:30:00	1.09827	1.09854	1.09736	1.09811	4510
2023-11-28 19:00:00	1.09811	1.09881	1.09811	1.09848	4251
2023-11-28 19:30:00	1.09848	1.09936	1.09826	1.09911	5423
2023-11-28 20:00:00	1.0991	1.09912	1.09759	1.0979	4386
2023-11-28 20:30:00	1.0979	1.09885	1.09789	1.09882	4427
2023-11-28 21:00:00	1.0988	1.09907	1.09859	1.09892	1480
2023-11-28 21:30:00	1.09893	1.09953	1.09881	1.09918	1379
2023-11-28 22:00:00	1.09918	1.09948	1.09904	1.09948	1413
2023-11-28 22:30:00	1.09948	1.09953	1.09926	1.09936	338
2023-11-28 23:00:00	1.09936	1.10043	1.0993	1.10041	2073
2023-11-28 23:30:00	1.10042	1.10055	1.10012	1.10039	1650
2023-11-29 00:00:00	1.10041	1.10053	1.09975	1.09991	2586
2023-11-29 00:30:00	1.09992	1.10076	1.09976	1.10059	4044
2023-11-29 01:00:00	1.10061	1.10171	1.10061	1.1013	7603
2023-11-29 01:30:00	1.10131	1.1015	1.10048	1.1006	5248
2023-11-29 02:00:00	1.10062	1.10079	1.10028	1.10078	5424
2023-11-29 02:30:00	1.10079	1.10084	1.09978	1.10065	5348
2023-11-29 03:00:00	1.10065	1.10076	1.10007	1.10029	2502
2023-11-29 03:30:00	1.10031	1.10037	1.09982	1.09984	2612
2023-11-29 04:00:00	1.09983	1.09997	1.09967	1.09976	2891
2023-11-29 04:30:00	1.09975	1.10033	1.09974	1.10025	2273
2023-11-29 05:00:00	1.10024	1.10043	1.09985	1.1001	2286
2023-11-29 05:30:00	1.10011	1.10029	1.09979	1.1002	3624
2023-11-29 06:00:00	1.10018	1.10045	1.09962	1.10009	3511
2023-11-29 06:30:00	1.1001	1.10042	1.09963	1.10011	5144
2023-11-29 07:00:00	1.1001	1.1001	1.0986	1.09887	8762
2023-11-29 07:30:00	1.09887	1.09897	1.09819	1.09845	7997
2023-11-29 08:00:00	1.09845	1.09983	1.09764	1.09876	15536
2023-11-29 08:30:00	1.09876	1.09961	1.09876	1.09897	13338
2023-11-29 09:00:00	1.09893	1.09906	1.0983	1.09849	8019
2023-11-29 09:30:00	1.09849	1.09849	1.09717	1.09744	11659
2023-11-29 10:00:00	1.09744	1.09769	1.09698	1.09717	6098
2023-11-29 10:30:00	1.09719	1.09777	1.09691	1.09766	5460
2023-11-29 11:00:00	1.09766	1.09773	1.09712	1.09745	6631
2023-11-29 11:30:00	1.09744	1.09849	1.09741	1.09847	4098
2023-11-29 12:00:00	1.09845	1.09886	1.0979	1.09831	5061
2023-11-29 12:30:00	1.0983	1.09855	1.09822	1.09855	597
2023-11-29 14:00:00	1.09643	1.09811	1.09643	1098	4439
2023-11-29 14:30:00	1.09801	1.09877	1.09766	1.09766	14582
2023-11-29 15:00:00	1.09767	1.09909	1.09602	1.09639	21349
2023-11-29 15:30:00	1.0964	1.09759	1.09601	1.09747	13556
2023-11-29 16:00:00	1.09746	1.09777	1.09629	1.0965	9373
2023-11-29 16:30:00	1.09652	1.0971	1.09615	1.09683	7770
2023-11-29 17:00:00	1.09683	1.09773	1.0966	1.0974	4741
2023-11-29 17:30:00	1.09739	1.09783	1.09726	1.09759	4769
2023-11-29 18:00:00	1.09758	1.09808	1.09723	1.09784	4272
2023-11-29 18:30:00	1.09784	1.09855	1.09765	1.09844	4474
2023-11-29 19:00:00	1.09844	1.09947	1.09843	1.09844	5249
2023-11-29 19:30:00	1.09844	1.09849	1.09771	1.09831	4994
2023-11-29 20:00:00	1.0983	1.09838	1.09726	1.09727	4943
2023-11-29 20:30:00	1.09729	1.09753	1.09711	1.09723	4363
2023-11-29 21:00:00	1.09725	1.09746	1.0972	1.09737	1390
2023-11-29 21:30:00	1.09736	1.09737	1.09682	1.09686	1192
2023-11-29 22:00:00	1.09681	1.09723	1.09678	1.09706	778
2023-11-29 22:30:00	1.09702	1.09718	1.09682	1.09714	1713
2023-11-29 23:00:00	1.09716	1.09741	1.09702	1.09727	838
2023-11-29 23:30:00	1.09726	1.09736	1.09722	1.09732	591
2023-11-30 00:00:00	1.09731	1.09755	1.0972	1.09751	1881
2023-11-30 00:30:00	1.09748	1.09838	1.09736	1.09825	2616
2023-11-30 01:00:00	1.09825	1.09825	1.09755	1.09756	3168
2023-11-30 01:30:00	1.09759	1.09792	1.09685	1.09695	5232
2023-11-30 02:00:00	1.09694	1.0975	1.09672	1.09742	3578
2023-11-30 02:30:00	1.09742	1.09778	1.09735	1.09765	3911
2023-11-30 03:00:00	1.09764	1.09772	1.0973	1.09743	1514
2023-11-30 03:30:00	1.09743	1.09758	1.09738	1.09742	1398
2023-11-30 04:00:00	1.09742	1.09761	1097	1.0971	2791
2023-11-30 04:30:00	1.09705	1.09712	1.09682	1.09689	2084
2023-11-30 05:00:00	1.0969	1.0973	1.09682	1.0969	2103
2023-11-30 05:30:00	1.09691	1.09723	1.09651	1.09722	3202
2023-11-30 06:00:00	1.09722	1.09771	1.0972	1.09756	3442
2023-11-30 06:30:00	1.09755	1.09817	1.09752	1.09786	3295
2023-11-30 07:00:00	1.09787	1.09787	1.0968	1.0968	6095
2023-11-30 07:30:00	1.09681	1.09681	1.09404	1.09514	11196
2023-11-30 08:00:00	1.09515	1.09592	1.0944	1.09463	10372
2023-11-30 08:30:00	1.09462	1.09462	1.09204	1.09232	10691
2023-11-30 09:00:00	1.09231	1.09371	1092	1.09337	8555
2023-11-30 09:30:00	1.09337	1.09388	1.09243	1.09249	11758
2023-11-30 10:00:00	1.09248	1.09303	1.09095	1.09139	8357
2023-11-30 10:30:00	1.09139	1.09227	1.09137	1.0918	5258
2023-11-30 11:00:00	1.0918	1.0919	1.0909	1.0912	8007
2023-11-30 11:30:00	1.09121	1.09193	1.09101	1.09157	4095
2023-11-30 12:00:00	1.09157	1.09213	1.0911	1.09193	4833
2023-11-30 12:30:00	1.09194	1.09318	1.09194	1.09254	6333
2023-11-30 13:00:00	1.09255	1.09413	1.0925	1.09412	8131
2023-11-30 13:30:00	1.09412	1.09496	1.0914	1.09157	28459
2023-11-30 14:00:00	1.09159	1.09224	1.09076	1.09168	18637
2023-11-30 14:30:00	1.09168	1.09172	1.08924	1.09084	21656
2023-11-30 15:00:00	1.09085	1.09182	1.0901	1.09036	20366
2023-11-30 15:30:00	1.09038	1.09146	1.08941	1.0911	21317
2023-11-30 16:00:00	1.0911	1.09168	1.09016	1.09109	16677
2023-11-30 16:30:00	1.09108	1.09145	1.09035	1.09068	11834
2023-11-30 17:00:00	1.09067	1.09121	1.08935	1.08974	8585
2023-11-30 17:30:00	1.08974	1.08992	1.08881	1.08901	7639
2023-11-30 18:00:00	1089	1.08998	1.08898	1.08981	4392
2023-11-30 18:30:00	1.0898	1.08982	1.08836	1.08894	4381
2023-11-30 19:00:00	1.08895	1.08932	1.08848	1.08862	4968
2023-11-30 19:30:00	1.08862	1.08947	1.0886	1.08901	4434
2023-11-30 20:00:00	1089	1.08919	1.08794	1.08806	6643
2023-11-30 20:30:00	1.08809	1.08854	1.08794	1.08849	5775
2023-11-30 21:00:00	1.08849	1.08912	1.08837	1.08872	2224
2023-11-30 21:30:00	1.08872	1.08896	1.08865	1.08865	1210
2023-11-30 22:00:00	1.08854	1.08877	1.08814	1.08859	1494
2023-11-30 22:30:00	1.08848	1.08914	1.08847	1.08912	2900
2023-11-30 23:00:00	1.08911	1.08938	1.08894	1.08932	1120
2023-11-30 23:30:00	1.08931	1.08946	1.08911	1.08916	1187
2023-12-01 00:00:00	1.08917	1.09009	1.08916	1.08994	2841
2023-12-01 00:30:00	1.08994	1.09029	1.08992	1.09017	3344
2023-12-01 01:00:00	1.09017	1.09094	1.09013	1.09067	5181
2023-12-01 01:30:00	1.09067	1091	1.09058	1.09069	5252
2023-12-01 02:00:00	1.09068	1.09092	1.09065	1.09088	2147
2023-12-01 02:30:00	1.09088	1.09127	1.09062	1.09076	3632
2023-12-01 03:00:00	1.09077	1.09094	1.09057	1.09067	3587
2023-12-01 03:30:00	1.09066	1.09071	1.08997	1.09006	2167
2023-12-01 04:00:00	1.09005	1.09033	1.08982	1.09032	2013
2023-12-01 04:30:00	1.09033	1.09066	1.09031	1.09066	1546
2023-12-01 05:00:00	1.09066	1.09095	1.09048	1.09083	2560
2023-12-01 05:30:00	1.09083	1.09122	1.09058	1.09109	3026
2023-12-01 06:00:00	1.09107	1.09109	1.09062	1.09073	3168
2023-12-01 06:30:00	1.09073	1.09117	1.09069	1.09087	3858
2023-12-01 07:00:00	1.09087	1.0911	1.09043	1.09083	4971
2023-12-01 07:30:00	1.09082	1.09118	1.08944	1.08946	8984
2023-12-01 08:00:00	1.08949	1.09029	1.08929	1.08963	10217
2023-12-01 08:30:00	1.08964	1.08997	1.0886	1.08933	10885
2023-12-01 09:00:00	1.08929	1.09002	1.08896	1.08943	11044
2023-12-01 09:30:00	1.08941	1.09046	1.08941	1.08978	10202
2023-12-01 10:00:00	1.08977	1.09037	1.08962	1.0899	5137
2023-12-01 10:30:00	1.0899	1.08996	1.08853	1.08906	4257
2023-12-01 11:00:00	1.08906	1.08953	1.08826	1.08931	5854
2023-12-01 11:30:00	1.08932	1.08973	1.08853	1.08973	7488
2023-12-01 12:00:00	1.08974	1.0901	1.08893	1.08964	7017
2023-12-01 12:30:00	1.08963	1.08975	1.08756	1.08766	6325
2023-12-01 13:00:00	1.08767	1.08846	1.0872	1.08796	10620
2023-12-01 13:30:00	1.08795	1.08822	1.08662	1.08675	14402
2023-12-01 14:00:00	1.08674	1.08702	1.08619	1.08647	9176
2023-12-01 14:30:00	1.08649	1.08688	1.08415	1.08439	15210
2023-12-01 15:00:00	1.0844	1.08663	1.0844	1.08493	26157
2023-12-01 15:30:00	1.08491	1.08491	1.08327	1.08378	15146
2023-12-01 16:00:00	1.08377	1.08687	1.08287	1.08678	23626
2023-12-01 16:30:00	1.0868	1.08854	1.08625	1.08772	17921
2023-12-01 17:00:00	1.08771	1.08804	1.08716	1.08747	14708
2023-12-01 17:30:00	1.08747	1.08842	1.0874	1.08816	14035
2023-12-01 18:00:00	1.08815	1.08918	1.08785	1.08906	12363
2023-12-01 18:30:00	1.08905	1.08928	1.08866	1.0889	7165
2023-12-01 19:00:00	1.08891	1.08925	1.08865	1.08902	5163
2023-12-01 19:30:00	1.08902	1.08904	1087	1.08719	6563
2023-12-01 20:00:00	1.08721	1.08777	1.08707	1.08767	3451
2023-12-01 20:30:00	1.08766	1.08797	1.08741	1.08793	2851
2023-12-01 21:00:00	1.08794	1.08818	1.08776	1.08786	1850
2023-12-01 21:30:00	1.08785	1.08846	1.0878	1.08788	3460
2023-12-03 22:00:00	1.08771	1.08885	1.08766	1.08863	708
2023-12-03 22:30:00	1.08863	1.08896	1.0882	1.08829	1762
2023-12-03 23:00:00	1.08834	1.08948	1.08795	1.0893	4949
2023-12-03 23:30:00	1.08933	1.08948	1.08856	1.08857	7526
2023-12-04 00:00:00	1.08858	1.08865	1.08794	1.08817	6964
2023-12-04 00:30:00	1.08821	1.08837	1.08699	1.08716	5320
2023-12-04 01:00:00	1.08715	1.08772	1087	1.08744	6303
2023-12-04 01:30:00	1.08745	1.08749	1.08665	1.08731	9160
2023-12-04 02:00:00	1.0873	1.08797	1.08699	1.08791	3681
2023-12-04 02:30:00	1.08791	1.08843	1.08756	1.08826	4401
2023-12-04 03:00:00	1.08826	1.08858	1.08813	1.08855	3503
2023-12-04 03:30:00	1.08855	1.08858	1088	1.08801	3444
2023-12-04 04:00:00	1088	1.08805	1.0874	1.08763	5035
2023-12-04 04:30:00	1.08763	1.08763	1.08699	1.08714	3004
2023-12-04 05:00:00	1.08715	1.0872	1.08682	1.08696	3712
2023-12-04 05:30:00	1.08697	1.08726	1.08688	1.08693	2768
2023-12-04 06:00:00	1.08692	1.08763	1.0868	1.08763	4920
2023-12-04 06:30:00	1.08761	1.08764	1.08668	1.08686	4012
2023-12-04 07:00:00	1.08686	1.0869	1.08628	1.0865	9349
2023-12-04 07:30:00	1.08649	1.0865	1.08498	1.08538	7711
2023-12-04 08:00:00	1.08538	1.08722	1.08538	1.08717	10506
2023-12-04 08:30:00	1.08716	1.0873	1.08631	1.08638	10817
2023-12-04 09:00:00	1.08639	1.08783	1.08627	1.08771	9199
2023-12-04 09:30:00	1.08772	1.08807	1.08711	1.08746	7783
2023-12-04 10:00:00	1.08746	1.08756	1.08587	1.08614	5673
2023-12-04 10:30:00	1.08616	1.08694	1.08614	1.08681	5986
2023-12-04 11:00:00	1.08681	1.08787	1.08677	1.08787	4888
2023-12-04 11:30:00	1.08787	1.08788	1.08679	1.0869	6046
2023-12-04 12:00:00	1.0869	1.08704	1.08611	1.08703	4593
2023-12-04 12:30:00	1.08702	1.08724	1.08594	1.08691	4961
2023-12-04 13:00:00	1.0869	1.08759	1.08655	1.08705	8695
2023-12-04 13:30:00	1.08704	1.08733	1.08533	1.08544	12395
2023-12-04 14:00:00	1.08544	1.0855	1.08196	1.0822	14291
2023-12-04 14:30:00	1.0822	1.08435	1.08212	1.08396	14786
2023-12-04 15:00:00	1.08396	1.08434	1.08123	1.08167	19715
2023-12-04 15:30:00	1.08166	1.08178	1.0804	1.08147	15089
2023-12-04 16:00:00	1.08148	1.08228	1.08116	1.08215	10885
2023-12-04 16:30:00	1.08214	1.08247	1.08164	1.0823	11251
2023-12-04 17:00:00	1.08229	1.08267	1.08176	1.08213	8017
2023-12-04 17:30:00	1.08212	1.08264	1.0821	1.08256	5173
2023-12-04 18:00:00	1.08256	1.08265	1.08155	1.08158	5793
2023-12-04 18:30:00	1.08157	1.08199	1.0815	1.08165	5282
2023-12-04 19:00:00	1.08166	1.08249	1.08159	1.08244	4925
2023-12-04 19:30:00	1.08245	1.0829	1.08208	1.08276	2818
2023-12-04 20:00:00	1.08276	1.08327	1.08276	1.08301	4161
2023-12-04 20:30:00	1.08302	1.08354	1.08301	1.08339	3149
2023-12-04 21:00:00	1.0834	1.08368	1.08331	1.08359	971
2023-12-04 21:30:00	1.08358	1.08363	1.08344	1.08356	1249
2023-12-04 22:00:00	1.08351	1.08354	1.0831	1.08339	651
2023-12-04 22:30:00	1.08338	1.08353	1.08315	1.08346	955
2023-12-04 23:00:00	1.08346	1.08366	1.0834	1.08365	844
2023-12-04 23:30:00	1.08365	1.08377	1.08352	1.08373	1701
2023-12-05 00:00:00	1.08373	1.08407	1.08363	1.08397	2382
2023-12-05 00:30:00	1.08398	1.08461	1.08393	1.08433	3835
2023-12-05 01:00:00	1.08433	1.08443	1.08356	1.08371	4522
2023-12-05 01:30:00	1.0837	1.08404	1.08345	1.08391	3638
2023-12-05 02:00:00	1.08391	1.08427	1.08386	1.08393	3167
2023-12-05 02:30:00	1.08392	1.08397	1.08346	1.08365	3263
2023-12-05 03:00:00	1.08365	1.08415	1.08361	1.08409	2446
2023-12-05 03:30:00	1.08413	1.0843	1.08381	1.08404	4268
2023-12-05 04:00:00	1.08403	1.08426	1.08393	1.08422	1722
2023-12-05 04:30:00	1.08423	1.08444	1.08416	1.0844	1783
2023-12-05 05:00:00	1.0844	1.08454	1.08397	1.08429	1809
2023-12-05 05:30:00	1.08431	1.08474	1.08403	1.08473	3095
2023-12-05 06:00:00	1.08473	1.08474	1.08374	1.08374	4402
2023-12-05 06:30:00	1.08373	1.08373	1.08316	1.0834	5758
2023-12-05 07:00:00	1.08338	1.08338	1.08084	1.08092	10414
2023-12-05 07:30:00	1.08091	1.08134	1.0804	1.08071	10263
2023-12-05 08:00:00	1.08071	1.08176	1.08059	1.08168	11637
2023-12-05 08:30:00	1.08169	1.08342	1.08159	1.08338	10098
2023-12-05 09:00:00	1.08338	1.08409	1.0831	1.08408	9626
2023-12-05 09:30:00	1.08409	1.08425	1.08305	1.08318	10260
2023-12-05 10:00:00	1.08318	1.08396	1.08295	1.08393	7841
2023-12-05 10:30:00	1.08395	1.08395	1.08307	1.08322	7814
2023-12-05 11:00:00	1.08324	1.08365	1.0826	1.08269	8814
2023-12-05 11:30:00	1.08267	1.08267	1.08152	1.08187	5616
2023-12-05 12:00:00	1.08187	1.08215	1.08158	1.08165	5895
2023-12-05 12:30:00	1.08164	1.08209	1.08123	1.08141	5965
2023-12-05 13:00:00	1.0814	1.08248	1.08136	1.08234	10247
2023-12-05 13:30:00	1.08233	1.08338	1.08218	1.08285	11402
2023-12-05 14:00:00	1.08284	1.08302	1.08163	1.08165	13947
2023-12-05 14:30:00	1.08166	1.08216	1.08014	1.08091	20584
2023-12-05 15:00:00	1.08091	1.08388	1.08091	1.08208	29706
2023-12-05 15:30:00	1.08208	1.08242	1.0799	1.08055	23717
2023-12-05 16:00:00	1.08055	1.08132	1.07905	1.0794	15401
2023-12-05 16:30:00	1.07942	1.07963	1.07819	1.07859	8714
2023-12-05 17:00:00	1.07859	1.07973	1.07856	1.0796	9188
2023-12-05 17:30:00	1.07961	1.07975	1.07887	1.07918	7847
2023-12-05 18:00:00	1.07919	1.0793	1.07851	1.07868	6292
2023-12-05 18:30:00	1.07868	1.07868	1.07781	1.07849	4878
2023-12-05 19:00:00	1.07848	1.07864	1.07811	1.07847	5285
2023-12-05 19:30:00	1.07848	1.07859	1.0781	1.07838	4138
2023-12-05 20:00:00	1.07839	1.07924	1.07818	1.0792	4214
2023-12-05 20:30:00	1.07917	1.07978	1.07908	1.07951	2325
2023-12-05 21:00:00	1.07952	1.0798	1.07935	1.07959	713
2023-12-05 21:30:00	1.0796	1.07987	1.07954	1.07954	974
2023-12-05 22:00:00	1.0795	1.07969	1.07913	1.07949	2454
2023-12-05 22:30:00	1.07948	1.07981	1.0793	1.07973	1986
2023-12-05 23:00:00	1.07973	1.07973	1.07922	1.07922	941
2023-12-05 23:30:00	1.07922	1.07939	1.07907	1.07932	1280
2023-12-06 00:00:00	1.07933	1.07958	1.07912	1.07923	2602
2023-12-06 00:30:00	1.07925	1.07965	1.07892	1.07952	2801
2023-12-06 01:00:00	1.07953	1.07984	1.07902	1.07903	3926
2023-12-06 01:30:00	1.07902	1.07956	1.07879	1.0792	4828
2023-12-06 02:00:00	1.07919	1.07935	1.07881	1.07914	4325
2023-12-06 02:30:00	1.07916	1.07932	1.07899	1.0792	1997
2023-12-06 03:00:00	1.07921	1.07985	1.07916	1.07968	2444
2023-12-06 03:30:00	1.07966	1.07983	1.07957	1.07966	1488
2023-12-06 04:00:00	1.07965	1.07996	1.07963	1.07978	2339
2023-12-06 04:30:00	1.07978	1.07978	1.07935	1.07943	2378
2023-12-06 05:00:00	1.07942	1.07971	1.07916	1.07965	2665
2023-12-06 05:30:00	1.07967	1.08017	1.07966	1.08011	1936
2023-12-06 06:00:00	1.08011	1.08011	1.07895	1.07895	3153
2023-12-06 06:30:00	1.07895	1.07923	1.07876	1.07877	3144
2023-12-06 07:00:00	1.07876	1.07885	1.0778	1.07864	8236
2023-12-06 07:30:00	1.07861	1.07933	1.07815	1.07901	8409
2023-12-06 08:00:00	1.07898	1.07901	1.07797	1.07801	10632
2023-12-06 08:30:00	1.07802	1.07872	1.0775	1.07866	9374
2023-12-06 09:00:00	1.07863	1.07964	1.0786	1.0794	8044
2023-12-06 09:30:00	1.0794	1.07977	1.07868	1.0791	7894
2023-12-06 10:00:00	1.07911	1.0796	1.07888	1.07893	6433
2023-12-06 10:30:00	1.07893	1.07942	1.07875	1.07908	5421
2023-12-06 11:00:00	1.07907	1.07907	1.07853	1.07859	5996
2023-12-06 11:30:00	1.07858	1.07863	1.0778	1.07798	5668
2023-12-06 12:00:00	1.07798	1.07799	1.07725	1.07728	5667
2023-12-06 12:30:00	1.0773	1.07805	1.0773	1.07773	6206
2023-12-06 13:00:00	1.07772	1.07888	1.0777	1.07867	12000
2023-12-06 13:30:00	1.07867	1.07996	1.07846	1.07981	15839
2023-12-06 14:00:00	1.07979	1.08047	1.07886	1.08022	10718
2023-12-06 14:30:00	1.08022	1.08024	1.07911	1.07947	13818
2023-12-06 15:00:00	1.07946	1.08004	1.07854	1.0788	15029
2023-12-06 15:30:00	1.07881	1.07996	1.07868	1079	11369
2023-12-06 16:00:00	1.07899	1.08002	1.0785	1.07857	8258
2023-12-06 16:30:00	1.07855	1.07915	1.07836	1.07891	9910
2023-12-06 17:00:00	1.0789	1.07918	1.0786	1.07882	6386
2023-12-06 17:30:00	1.07885	1.07917	1.07808	1.07815	6326
2023-12-06 18:00:00	1.07814	1.07842	1.07711	1.07747	6114
2023-12-06 18:30:00	1.07746	1078	1.0773	1.07782	3073
2023-12-06 19:00:00	1.07782	1.07787	1.07676	1.07677	3082
2023-12-06 19:30:00	1.07677	1.07714	1.07671	1.07684	4293
2023-12-06 20:00:00	1.07683	1.07695	1.0761	1.07619	4054
2023-12-06 20:30:00	1.07618	1.07632	1.07586	1.07621	2833
2023-12-06 21:00:00	1.07621	1.07654	1.07619	1.07652	1146
2023-12-06 21:30:00	1.07652	1.07661	1.07631	1.07636	1569
2023-12-06 22:00:00	1.07631	1.07673	1.07631	1.07642	589
2023-12-06 22:30:00	1.07643	1.07682	1.07636	1.07673	3003
2023-12-06 23:00:00	1.0767	1.07674	1.07649	1.07661	1151
2023-12-06 23:30:00	1.07661	1.07667	1.07644	1.07661	1153
2023-12-07 00:00:00	1.07664	1.07695	1.07655	1.07691	1912
2023-12-07 00:30:00	1.07691	1.07721	1.07683	1.07687	2426
2023-12-07 01:00:00	1.07686	1.07711	1.07646	1.07647	3492
2023-12-07 01:30:00	1.07648	1.07708	1.0764	1.07671	4085
2023-12-07 02:00:00	1.0767	1.07694	1.07656	1.07677	2649
2023-12-07 02:30:00	1.07677	1.07708	1.0762	1.07649	3932
2023-12-07 03:00:00	1.07648	1.07654	1.07631	1.07645	2597
2023-12-07 03:30:00	1.07644	1.07649	1.07593	1.07596	4446
2023-12-07 04:00:00	1.07595	1.07626	1.07592	1.07619	4083
2023-12-07 04:30:00	1.07619	1.07621	1.0758	1.07603	4833
2023-12-07 05:00:00	1.07604	1.07629	1.07569	1.07589	3823
2023-12-07 05:30:00	1.07592	1.07624	1.07578	1.07616	2602
2023-12-07 06:00:00	1.07616	1.07652	1.07585	1.07634	4010
2023-12-07 06:30:00	1.07634	1.07667	1.07612	1.07639	4808
2023-12-07 07:00:00	1.07638	1.07741	1.07552	1.07736	8635
2023-12-07 07:30:00	1.07734	1.07811	1.07712	1.07807	10491
2023-12-07 08:00:00	1.07808	1.07827	1.07719	1.0781	10169
2023-12-07 08:30:00	1.07809	1.07816	1.07759	1.07801	11171
2023-12-07 09:00:00	1.07801	1.07813	1.07717	1.07745	9061
2023-12-07 09:30:00	1.07747	1.07845	1.07747	1.07797	8442
2023-12-07 10:00:00	1.07797	1.07832	1.07706	1.07714	9974
2023-12-07 10:30:00	1.07712	1.07742	1.07638	1.07711	9310
2023-12-07 11:00:00	1.07711	1.0777	1.07649	1.07701	9470
2023-12-07 11:30:00	1.07699	1.07772	1.07636	1.07707	6464
2023-12-07 12:00:00	1.07706	1.07742	1.07593	1.07628	6477
2023-12-07 12:30:00	1.07627	1.07711	1.07611	1.07692	8286
2023-12-07 13:00:00	1.07691	1.07758	1.07658	1.07752	10129
2023-12-07 13:30:00	1.07752	1.07979	1.07611	1.07901	29691
2023-12-07 14:00:00	1.07902	1.07916	1.07744	1.07797	15136
2023-12-07 14:30:00	1.07796	1.07828	1.07703	1.07703	16724
2023-12-07 15:00:00	1.07702	1.07865	1.0767	1.07856	17619
2023-12-07 15:30:00	1.07856	1.07934	1.07801	1.07839	13929
2023-12-07 16:00:00	1.07839	1.07931	1.07839	1079	18614
2023-12-07 16:30:00	1079	1.07955	1.07851	1.07937	10411
2023-12-07 17:00:00	1.07936	1.08017	1.0789	1.08004	8003
2023-12-07 17:30:00	1.08005	1.08175	1.08004	1.08137	12515
2023-12-07 18:00:00	1.08136	1.08137	1.08033	1.08046	9092
2023-12-07 18:30:00	1.08045	1.0808	1.08027	1.08053	4626
2023-12-07 19:00:00	1.08053	1.08061	1.08003	1.08011	4886
2023-12-07 19:30:00	1.08012	1.08044	1.07981	1.07981	3205
2023-12-07 20:00:00	1.07982	1.08037	1.07978	1.08022	1818
2023-12-07 20:30:00	1.08023	1.08036	1.07951	1.07953	3515
2023-12-07 21:00:00	1.07953	1.07958	1.07908	1.0791	2569
2023-12-07 21:30:00	1.0791	1.07962	1.07905	1.07933	1843
2023-12-07 22:00:00	1.07931	1.07974	1.07907	1.07925	753
2023-12-07 22:30:00	1.07925	1.07958	1.07919	1.07919	5536
2023-12-07 23:00:00	1.07924	1.07967	1.07897	1.07907	1353
2023-12-07 23:30:00	1.07906	1.07921	1.07894	1.07895	1410
2023-12-08 00:00:00	1.07896	1.07949	1.07884	1.07917	5101
2023-12-08 00:30:00	1.07919	1.07979	1.07905	1.07959	6840
2023-12-08 01:00:00	1.0796	1.08005	1.07852	1.07894	11546
2023-12-08 01:30:00	1.07892	1.07928	1.07873	1.0788	6574
2023-12-08 02:00:00	1.0788	1.07897	1.07836	1.07853	5115
2023-12-08 02:30:00	1.07854	1.07898	1.07851	1.07894	3625
2023-12-08 03:00:00	1.07895	1.07955	1.07879	1.0793	3675
2023-12-08 03:30:00	1.07929	1.07933	1.07887	1.07919	5537
2023-12-08 04:00:00	1.07917	1.07919	1.07868	1.07875	5374
2023-12-08 04:30:00	1.07874	1.07887	1.07827	1.07829	3612
2023-12-08 05:00:00	1.07828	1.07869	1.07823	1.07869	3554
2023-12-08 05:30:00	1.07868	1.07891	1.0783	1.07838	4996
2023-12-08 06:00:00	1.07836	1.07856	1.07823	1.07856	2720
2023-12-08 06:30:00	1.07854	1.07872	1.07787	1.07792	4699
2023-12-08 07:00:00	1.07795	1.07824	1.07757	1.07768	8399
2023-12-08 07:30:00	1.0777	1.07795	1.0773	1.07791	7771
2023-12-08 08:00:00	1.07792	1.07875	1.07768	1.07806	10603
2023-12-08 08:30:00	1.0781	1.07911	1.07789	1.07893	11692
2023-12-08 09:00:00	1.07892	1.07893	1.07791	1078	12459
2023-12-08 09:30:00	1.07799	1.07799	1.07723	1.07767	6646
2023-12-08 10:00:00	1.07767	1.07898	1.07752	1.07864	6207
2023-12-08 10:30:00	1.07867	1.07883	1.07831	1.0784	7306
2023-12-08 11:00:00	1.0784	1.07873	1.0781	1.0782	7830
2023-12-08 11:30:00	1.07819	1.07837	1.0778	1.07827	5465
2023-12-08 12:00:00	1.07827	1.07859	1.07799	1.07851	5169
2023-12-08 12:30:00	1.07853	1.07854	1.07751	1.07773	4956
2023-12-08 13:00:00	1.07772	1.07797	1.0769	1.07712	11758
2023-12-08 13:30:00	1.07709	1.07712	1.07236	1.07469	37462
2023-12-08 14:00:00	1.07469	1.07521	1.07304	1.07391	23833
2023-12-08 14:30:00	1.07393	1.07531	1.07375	1.0746	18821
2023-12-08 15:00:00	1.07464	1.07856	1.07464	1.07814	25795
2023-12-08 15:30:00	1.07816	1.07828	1.07622	1.07682	18208
2023-12-08 16:00:00	1.07683	1.07703	1.0751	1.07542	12755
2023-12-08 16:30:00	1.07544	1.07558	1.07437	1.07447	8811
2023-12-08 17:00:00	1.07448	1.07502	1.07402	1.07495	7035
2023-12-08 17:30:00	1.07497	1.07575	1.07482	1.0756	6257
2023-12-08 18:00:00	1.0756	1.07595	1.07528	1.07594	4548
2023-12-08 18:30:00	1.07595	1.07623	1.0756	1.07571	3747
2023-12-08 19:00:00	1.07572	1.07615	1.07572	1.07605	3061
2023-12-08 19:30:00	1.07605	1.07616	1.07565	1.07587	3709
2023-12-08 20:00:00	1.07587	1.07652	1.07569	1.0764	3038
2023-12-08 20:30:00	1.07639	1.07664	1.07632	1.07636	2507
2023-12-08 21:00:00	1.07636	1.07642	1.07609	1.07633	2410
2023-12-08 21:30:00	1.07634	1.07637	1.07578	1.07592	2874
2023-12-10 22:00:00	1.07592	1.07606	1.07556	1.07571	415
2023-12-10 22:30:00	1.07581	1.07617	1.0757	1.07611	662
2023-12-10 23:00:00	1.07614	1.07676	1.07614	1.07648	1446
2023-12-10 23:30:00	1.07647	1.07656	1.07624	1.07651	1325
2023-12-11 00:00:00	1.07653	1.07701	1.0765	1.07682	2881
2023-12-11 00:30:00	1.07682	1.07734	1.0767	1.07719	3691
2023-12-11 01:00:00	1.0772	1.07731	1.07682	1.07723	5533
2023-12-11 01:30:00	1.07723	1.07739	1.07671	1.07674	4138
2023-12-11 02:00:00	1.07673	1.07679	1.07639	1.07658	3445
2023-12-11 02:30:00	1.07658	1.07673	1.07643	1.0766	2126
2023-12-11 03:00:00	1.0766	1.07678	1.07645	1.07648	1935
2023-12-11 03:30:00	1.07648	1.0766	1.07635	1.07649	1514
2023-12-11 04:00:00	1.07648	1.0765	1.07608	1.07623	1986
2023-12-11 04:30:00	1.07622	1.07636	1.07614	1.0763	1666
2023-12-11 05:00:00	1.07629	1.07655	1.0762	1.07654	1573
2023-12-11 05:30:00	1.07655	1.07683	1.07654	1.07679	1789
2023-12-11 06:00:00	1.07678	1.07709	1.07665	1.07692	2762
2023-12-11 06:30:00	1.07691	1077	1.07667	1.07694	2279
2023-12-11 07:00:00	1.07694	1.07694	1.07619	1.0763	5303
2023-12-11 07:30:00	1.07631	1.07639	1.0753	1.07557	10421
2023-12-11 08:00:00	1.07557	1.07647	1.07513	1.0764	8990
2023-12-11 08:30:00	1.07638	1.07706	1.07604	1.07651	7266
2023-12-11 09:00:00	1.0765	1.07675	1.07607	1.07629	6862
2023-12-11 09:30:00	1.0763	1.07679	1.07573	1.07669	5459
2023-12-11 10:00:00	1.07668	1.07789	1.07667	1.07735	6006
2023-12-11 10:30:00	1.07736	1.07788	1.07709	1.07733	5826
2023-12-11 11:00:00	1.07732	1.07755	1.07662	1.07697	6723
2023-12-11 11:30:00	1.07698	1.07779	1.07635	1.07682	5377
2023-12-11 12:00:00	1.07681	1.07704	1.07607	1.07659	4242
2023-12-11 12:30:00	1.07656	1.07691	1.07553	1.07611	6257
2023-12-11 13:00:00	1.0761	1.07632	1.07522	1.0759	7233
2023-12-11 13:30:00	1.0759	1.07666	1.07538	1.07635	8339
2023-12-11 14:00:00	1.07636	1.07636	1.07445	1.07478	11568
2023-12-11 14:30:00	1.07477	1.07575	1.07439	1.0753	11234
2023-12-11 15:00:00	1.0753	1076	1.07444	1.07459	10806
2023-12-11 15:30:00	1.07459	1.07515	1.07417	1.07441	8358
2023-12-11 16:00:00	1.07442	1.07482	1.07432	1.07457	7237
2023-12-11 16:30:00	1.07458	1.07496	1.07415	1.07459	6889
2023-12-11 17:00:00	1.07458	1.0755	1.07455	1.07533	6105
2023-12-11 17:30:00	1.07532	1.07544	1.07432	1.0744	3634
2023-12-11 18:00:00	1.0744	1.07567	1.07425	1.07563	8593
2023-12-11 18:30:00	1.07562	1.0765	1.07561	1.07634	5870
2023-12-11 19:00:00	1.07634	1.07696	1.07634	1.07653	5767
2023-12-11 19:30:00	1.07656	1.07662	1.07607	1.07612	4473
2023-12-11 20:00:00	1.07612	1.07637	1.07605	1.07637	2737
2023-12-11 20:30:00	1.07636	1.07649	1.07616	1.07646	2645
2023-12-11 21:00:00	1.07645	1.0765	1.07636	1.07642	1639
2023-12-11 21:30:00	1.07643	1.0765	1.07636	1.0764	1770
2023-12-11 22:00:00	1.0764	1.0764	1.07586	1.07627	1576
2023-12-11 22:30:00	1.07628	1.07643	1.0762	1.07635	734
2023-12-11 23:00:00	1.07634	1.07649	1.07632	1.07645	505
2023-12-11 23:30:00	1.07645	1.07654	1.07635	1.07653	796
2023-12-12 00:00:00	1.07653	1.07659	1.07633	1.07657	2328
2023-12-12 00:30:00	1.07656	1.0766	1.07633	1.07649	2847
2023-12-12 01:00:00	1.07649	1.07696	1.07641	1.07672	3331
2023-12-12 01:30:00	1.07672	1.07691	1.07648	1.07648	2159
2023-12-12 02:00:00	1.07647	1.07691	1.07634	1.07684	1646
2023-12-12 02:30:00	1.07684	1.07703	1.07615	1.07617	2232
2023-12-12 03:00:00	1.07616	1.07673	1.07612	1.0767	1845
2023-12-12 03:30:00	1.07671	1.07692	1.07664	1.07682	1873
2023-12-12 04:00:00	1.07682	1.07693	1.07669	1.07675	1153
2023-12-12 04:30:00	1.07675	1.07681	1.07641	1.07651	1638
2023-12-12 05:00:00	1.07654	1.07682	1.07653	1.07668	1501
2023-12-12 05:30:00	1.07667	1.07709	1.07664	1.07689	2578
2023-12-12 06:00:00	1.07692	1.07716	1.07685	1.07702	1871
2023-12-12 06:30:00	1.07702	1.07798	1.07689	1.07793	3227
2023-12-12 07:00:00	1.07792	1.07832	1.07772	1.07788	6278
2023-12-12 07:30:00	1.07788	1.07798	1.07738	1.07777	5001
2023-12-12 08:00:00	1.07777	1.07889	1.07731	1.07879	6296
2023-12-12 08:30:00	1.07879	1.0792	1.07842	1.07852	7063
2023-12-12 09:00:00	1.07852	1.07895	1.07805	1.0788	7121
2023-12-12 09:30:00	1.0788	1.07975	1.07824	1.07932	5628
2023-12-12 10:00:00	1.07931	1.08051	1.07926	1.08025	6721
2023-12-12 10:30:00	1.08026	1.08072	1.08006	1.0801	7416
2023-12-12 11:00:00	1.08011	1.08016	1.07958	1.07986	4355
2023-12-12 11:30:00	1.07986	1.07998	1.07921	1.07963	3949
2023-12-12 12:00:00	1.07963	1.0803	1.07956	1.08028	3886
2023-12-12 12:30:00	1.08028	1.08058	1.07975	1.07981	5017
2023-12-12 13:00:00	1.07981	1.08113	1.07973	1.0809	7350
2023-12-12 13:30:00	1.08089	1.08279	1.07735	1.07766	41712
2023-12-12 14:00:00	1.07764	1.08001	1.07745	1.07837	24757
2023-12-12 14:30:00	1.07836	1.07837	1.07671	1.07742	18752
2023-12-12 15:00:00	1.07742	1.07896	1.07692	1.07872	13017
2023-12-12 15:30:00	1.07874	1.07898	1.07792	1.07842	12601
2023-12-12 16:00:00	1.07846	1.07931	1.0781	1.07889	7567
2023-12-12 16:30:00	1.07888	1.07911	1.07841	1.07887	6136
2023-12-12 17:00:00	1.07888	1.07956	1.07839	1.07945	4849
2023-12-12 17:30:00	1.07945	1.07956	1.07859	1.0788	4240
2023-12-12 18:00:00	1.07879	1.07986	1.07868	1.07884	9605
2023-12-12 18:30:00	1.07884	1.07958	1.07868	1.07931	5188
2023-12-12 19:00:00	1.07931	1.07936	1.07897	1.07918	3817
2023-12-12 19:30:00	1.07919	1.07936	1.07875	1.07902	3153
2023-12-12 20:00:00	1.07901	1.07967	1.07891	1.07958	5239
2023-12-12 20:30:00	1.07959	1.07983	1.07927	1.07971	2891
2023-12-12 21:00:00	1.07971	1.07991	1.07946	1.07954	2298
2023-12-12 21:30:00	1.07953	1.07971	1.07937	1.07937	1944
2023-12-12 22:00:00	1.07937	1.07957	1.07934	1.07953	573
2023-12-12 22:30:00	1.07952	1.07959	1.07947	1.07959	2406
2023-12-12 23:00:00	1.07959	1.07987	1.07952	1.07984	741
2023-12-12 23:30:00	1.07985	1.07992	1.07979	1.07982	803
2023-12-13 00:00:00	1.07983	1.07998	1.07913	1.07921	2296
2023-12-13 00:30:00	1.07921	1.07949	1.07913	1.07939	2264
2023-12-13 01:00:00	1.07938	1.07954	1.07912	1.07937	2971
2023-12-13 01:30:00	1.07939	1.07961	1.07912	1.07934	2947
2023-12-13 02:00:00	1.07933	1.07939	1.07871	1.07893	3890
2023-12-13 02:30:00	1.07893	1.07893	1.07842	1.07874	2731
2023-12-13 03:00:00	1.07874	1.07884	1.07844	1.07876	1730
2023-12-13 03:30:00	1.07877	1.07884	1.07855	1.07873	1198
2023-12-13 04:00:00	1.07872	1.07883	1.07858	1.07878	691
2023-12-13 04:30:00	1.07878	1.07896	1.07857	1.07862	2692
2023-12-13 05:00:00	1.07864	1.07907	1.07864	1.07898	1515
2023-12-13 05:30:00	1.07897	1.07911	1.07882	1079	2221
2023-12-13 06:00:00	1079	1.07922	1.0781	1.07813	3916
2023-12-13 06:30:00	1.07812	1.07852	1.0781	1.07838	2681
2023-12-13 07:00:00	1.07841	1.07848	1.07801	1.07848	5472
2023-12-13 07:30:00	1.07848	1.07889	1.07839	1.07853	5283
2023-12-13 08:00:00	1.07851	1.07919	1.07827	1.07896	7394
2023-12-13 08:30:00	1.07897	1.07928	1.07836	1.07893	7147
2023-12-13 09:00:00	1.07892	1.07898	1.07806	1.07857	6078
2023-12-13 09:30:00	1.07857	1.07917	1.07807	1.07872	6270
2023-12-13 10:00:00	1.07872	1.07873	1.07757	1.07773	7266
2023-12-13 10:30:00	1.07772	1.07797	1.07731	1.07777	4979
2023-12-13 11:00:00	1.07776	1.07808	1.07737	1.07784	4369
2023-12-13 11:30:00	1.07785	1.07849	1.07777	1.07836	3734
2023-12-13 12:00:00	1.07836	1.07888	1.07811	1.07888	4074
2023-12-13 12:30:00	1.07888	1.07895	1.0781	1.07817	5412
2023-12-13 13:00:00	1.07819	1.07894	1.07819	1.07882	6453
2023-12-13 13:30:00	1.0788	1.08036	1.07879	1.08005	16242
2023-12-13 14:00:00	1.08003	1.08093	1.07945	1.07978	12663
2023-12-13 14:30:00	1.0798	1.07985	1.07825	1.07911	12643
2023-12-13 15:00:00	1.07909	1.07923	1.07844	1.07886	8938
2023-12-13 15:30:00	1.07887	1.07956	1.07856	1.07944	8072
2023-12-13 16:00:00	1.07945	1.07967	1.07856	1.07888	6938
2023-12-13 16:30:00	1.07889	1.07948	1.07857	1.07919	4784
2023-12-13 17:00:00	1.0792	1.07939	1.07896	1.07913	5242
2023-12-13 17:30:00	1.07914	1.0792	1.07831	1.07841	4030
2023-12-13 18:00:00	1.07839	1.07871	1.07799	1.07842	3391
2023-12-13 18:30:00	1.07843	1.07896	1.07828	1.07856	4825
2023-12-13 19:00:00	1.07853	1.08714	1.07832	1.0864	40051
2023-12-13 19:30:00	1.08641	1.08914	1.08535	1.08878	44823
2023-12-13 20:00:00	1.08881	1.08965	1.0865	1.08692	28456
2023-12-13 20:30:00	1.08689	1.08824	1.08648	1.08812	15281
2023-12-13 21:00:00	1.08812	1.08839	1.08764	1.08789	3723
2023-12-13 21:30:00	1.08789	1.08802	1.08728	1.08728	3546
2023-12-13 22:00:00	1.08728	1.08777	1.08707	1.08728	949
2023-12-13 22:30:00	1.08737	1.08826	1.08728	1.08755	3606
2023-12-13 23:00:00	1.0876	1.08833	1.08756	1.08827	2219
2023-12-13 23:30:00	1.08828	1.08847	1.08802	1.08825	2360
2023-12-14 00:00:00	1.08826	1.08891	1.08791	1.08873	4911
2023-12-14 00:30:00	1.08871	1.0895	1.08871	1.08931	8889
2023-12-14 01:00:00	1.08932	1.08958	1.08854	1.0887	9666
2023-12-14 01:30:00	1.08872	1.08983	1.08871	1.08964	5784
2023-12-14 02:00:00	1.08965	1.09033	1.08931	1.09024	6477
2023-12-14 02:30:00	1.09023	1.0905	1.0898	1.09044	4250
2023-12-14 03:00:00	1.09045	1.09094	1.09043	1.09091	4447
2023-12-14 03:30:00	1.09092	1.09153	1.09043	1.09058	7470
2023-12-14 04:00:00	1.09058	1.09095	1.09029	1.09033	4634
2023-12-14 04:30:00	1.09032	1.09045	1.08992	1.08993	7485
2023-12-14 05:00:00	1.08993	1.08999	1.08953	1.08963	5711
2023-12-14 05:30:00	1.08964	1.08989	1.0893	1.08938	6097
2023-12-14 06:00:00	1.08938	1.0903	1.08938	1.08999	6387
2023-12-14 06:30:00	1.08999	1.0902	1.08971	1.09013	7257
2023-12-14 07:00:00	1.09015	1.09079	1.08914	1.08919	14663
2023-12-14 07:30:00	1.08919	1.08922	1.08808	1.08809	14976
2023-12-14 08:00:00	1.08811	1.09026	1088	1.09012	15245
2023-12-14 08:30:00	1.09011	1.09049	1.08935	1.09018	16383
2023-12-14 09:00:00	1.09017	1.0913	1.09	1.09061	15891
2023-12-14 09:30:00	1.09061	1.09094	1.09007	1.09039	9605
2023-12-14 10:00:00	1.09039	1.09092	1.08982	1.0906	7620
2023-12-14 10:30:00	1.0906	1.09142	1.09038	1.09131	8539
2023-12-14 11:00:00	1.09131	1.09312	1.0913	1.09246	8251
2023-12-14 11:30:00	1.09248	1.09317	1.0919	1.09296	8548
2023-12-14 12:00:00	1.09295	1.09397	1.09263	1.09264	15762
2023-12-14 12:30:00	1.09263	1.0932	1.0923	1.09237	11301
2023-12-14 13:00:00	1.0924	1.09331	1.09062	1.09226	21015
2023-12-14 13:30:00	1.09226	1.09512	1.09069	1.09439	31098
2023-12-14 14:00:00	1.09438	1.09783	1.09359	1.09509	31314
2023-12-14 14:30:00	1.09509	1.09926	1095	1.09908	20153
2023-12-14 15:00:00	1.0991	1.09972	1.0978	1.09786	22547
2023-12-14 15:30:00	1.09787	1.0996	1.09681	1.09935	15997
2023-12-14 16:00:00	1.09936	1.1	1.09905	1.09967	12930
2023-12-14 16:30:00	1.09968	1.1003	1.09931	1.09961	10514
2023-12-14 17:00:00	1.09962	1.10054	1.09891	1.10052	8393
2023-12-14 17:30:00	1.10054	1.10092	1.09998	1.10048	8132
2023-12-14 18:00:00	1.1005	1.10059	1.09871	1.09872	10405
2023-12-14 18:30:00	1.09872	1.09893	1.09821	1.09827	10441
2023-12-14 19:00:00	1.09827	1.09936	1.09795	1.09931	7386
2023-12-14 19:30:00	1.0993	1.09952	1.09845	1.0992	8506
2023-12-14 20:00:00	1.09922	1.09968	1.09879	1.09934	5248
2023-12-14 20:30:00	1.09936	1.09952	1.09889	1.09928	5420
2023-12-14 21:00:00	1.09928	1.09931	1.0988	1.09907	2921
2023-12-14 21:30:00	1.09907	1.09935	1.09894	1.09915	3406
2023-12-14 22:00:00	1.09915	1.0995	1.09907	1.09917	1334
2023-12-14 22:30:00	1.09916	1.09937	1.09906	1.09918	3778
2023-12-14 23:00:00	1.09915	1.09964	1.09898	1.09964	2402
2023-12-14 23:30:00	1.09964	1.09964	1.09928	1.09932	2946
2023-12-15 00:00:00	1.09934	1.09942	1.09839	1.09839	5345
2023-12-15 00:30:00	1.0984	1.0986	1.09768	1.09829	4313
2023-12-15 01:00:00	1.0983	1.09876	1.09817	1.0986	5389
2023-12-15 01:30:00	1.09862	1.09895	1.09825	1.09845	5423
2023-12-15 02:00:00	1.09845	1.09967	1.09845	1.09961	4599
2023-12-15 02:30:00	1.09962	1.09986	1.09942	1.09973	3760
2023-12-15 03:00:00	1.09972	1.09977	1.09936	1.09946	2408
2023-12-15 03:30:00	1.09945	1.10007	1.09945	1.09989	3261
2023-12-15 04:00:00	1.09991	1.09998	1.09967	1.09988	2529
2023-12-15 04:30:00	1.09987	1.10036	1.0997	1.0998	3703
2023-12-15 05:00:00	1.0998	1.09981	1.09932	1.09958	4179
2023-12-15 05:30:00	1.09957	1.09957	1.09835	1.09842	7558
2023-12-15 06:00:00	1.09843	1.09872	1.09809	1.09825	4821
2023-12-15 06:30:00	1.09827	1.09878	1.09806	1.09872	4636
2023-12-15 07:00:00	1.09874	1.09892	1.09829	1.09879	10837
2023-12-15 07:30:00	1.09879	1.09953	1.09869	1.09938	5987
2023-12-15 08:00:00	1.09938	1.09992	1.09671	1.09672	16872
2023-12-15 08:30:00	1.09673	1.09673	1.0946	1.0956	21165
2023-12-15 09:00:00	1.0956	1.09658	1.09512	1.0963	9598
2023-12-15 09:30:00	1.09632	1.09675	1.09491	1.09603	9562
2023-12-15 10:00:00	1.09602	1.09675	1.09566	1.09649	8609
2023-12-15 10:30:00	1.09649	1.09669	1.09602	1.09643	5991
2023-12-15 11:00:00	1.09642	1.09673	1.09567	1.09609	6870
2023-12-15 11:30:00	1.09609	1.09693	1.0959	1.09683	5337
2023-12-15 12:00:00	1.09684	1.09694	1.09564	1.09578	5602
2023-12-15 12:30:00	1.09579	1.09582	1.09407	1.09432	6994
2023-12-15 13:00:00	1.09434	1.09482	1.09394	1.09412	9025
2023-12-15 13:30:00	1.09416	1.09477	1.09041	1.09164	23626
2023-12-15 14:00:00	1.09164	1.09282	1.09131	1.09193	18217
2023-12-15 14:30:00	1.09192	1.0925	1.09103	1.09196	26976
2023-12-15 15:00:00	1.09198	1.09235	1.09097	1.09171	18546
2023-12-15 15:30:00	1.0917	1.09206	1.0905	1.09157	12683
2023-12-15 16:00:00	1.09157	1.09166	1.0903	1.09139	10849
2023-12-15 16:30:00	1.09138	1.09166	1.09015	1.09053	7512
2023-12-15 17:00:00	1.09053	1.09156	1.09042	1.09149	6660
2023-12-15 17:30:00	1.09149	1.09163	1.09094	1.09103	5860
2023-12-15 18:00:00	1.09102	1.09108	1.08959	1.08996	7655
2023-12-15 18:30:00	1.08996	1.09054	1.08885	1.08937	6960
2023-12-15 19:00:00	1.08936	1.08967	1.08898	1.0892	7149
2023-12-15 19:30:00	1.08922	1.08996	1.08911	1.08995	6301
2023-12-15 20:00:00	1.08995	1.09083	1.08986	1.09078	4135
2023-12-15 20:30:00	1.09077	1.0909	1.08941	1.08941	4000
2023-12-15 21:00:00	1.08942	1.08964	1.0892	1.08941	3752
2023-12-15 21:30:00	1.08941	1.08953	1.08922	1.08922	3731
2023-12-17 22:00:00	1.08973	1.0898	1.0895	1.08955	536
2023-12-17 22:30:00	1.08958	1.08962	1.0895	1.0895	520
2023-12-17 23:00:00	1.08952	1.08973	1.08928	1.08938	2211
2023-12-17 23:30:00	1.08939	1.08953	1.0892	1.08948	3139
2023-12-18 00:00:00	1.08948	1.08995	1.08939	1.08987	2653
2023-12-18 00:30:00	1.08985	1.09013	1.08969	1.09004	3220
2023-12-18 01:00:00	1.09005	1.09005	1.08961	1.08988	3028
2023-12-18 01:30:00	1.08988	1.08992	1.08945	1.08973	3686
2023-12-18 02:00:00	1.08974	1.09049	1.08973	1.09017	3015
2023-12-18 02:30:00	1.09018	1.09052	1.09006	1.09038	3006
2023-12-18 03:00:00	1.09038	1.09112	1.0903	1.09101	2858
2023-12-18 03:30:00	1091	1.09136	1.09091	1.09109	2412
2023-12-18 04:00:00	1.09109	1.09115	1.09096	1.09104	2016
2023-12-18 04:30:00	1.09104	1.0913	1.09089	1.09128	2412
2023-12-18 05:00:00	1.0913	1.09153	1.09119	1.09151	2884
2023-12-18 05:30:00	1.09151	1.09157	1.09106	1.09153	2985
2023-12-18 06:00:00	1.09153	1.09171	1.09117	1.0917	3401
2023-12-18 06:30:00	1.09171	1.09199	1.09154	1.09184	3297
2023-12-18 07:00:00	1.09183	1.09223	1.09161	1.09197	4938
2023-12-18 07:30:00	1.09197	1.09299	1.09197	1.09216	6032
2023-12-18 08:00:00	1.09215	1.09215	1.09158	1.09202	10368
2023-12-18 08:30:00	1.09205	1.09236	1.09169	1.0918	5787
2023-12-18 09:00:00	1.0918	1.09282	1.09138	1.09214	7129
2023-12-18 09:30:00	1.09213	1.0926	1.09181	1.09196	7131
2023-12-18 10:00:00	1.09195	1.09207	1.09136	1.09142	4579
2023-12-18 10:30:00	1.09143	1.09171	1.09081	1.09102	7434
2023-12-18 11:00:00	1.09103	1.09135	1.09071	1.09115	5776
2023-12-18 11:30:00	1.09114	1.09132	1.09075	1.09127	5443
2023-12-18 12:00:00	1.09129	1.09163	1.09111	1.09159	4760
2023-12-18 12:30:00	1.0916	1.09175	1.0909	1.09136	8163
2023-12-18 13:00:00	1.09136	1.09257	1.09136	1.09253	8092
2023-12-18 13:30:00	1.09253	1.09291	1.09204	1.09211	11672
2023-12-18 14:00:00	1.09213	1.09309	1.09205	1.09298	9182
2023-12-18 14:30:00	1.09297	1.09301	1.0922	1.0929	11920
2023-12-18 15:00:00	1.09291	1.09311	1.09153	1.09261	12409
2023-12-18 15:30:00	1.09262	1.09262	1.09109	1.09141	13135
2023-12-18 16:00:00	1.0914	1.09231	1.09132	1.09222	7765
2023-12-18 16:30:00	1.09221	1.09247	1.09161	1.09189	9354
2023-12-18 17:00:00	1.09188	1.09264	1.09184	1.09258	6630
2023-12-18 17:30:00	1.09259	1.09279	1.09229	1.09276	4301
2023-12-18 18:00:00	1.09275	1.09279	1.09214	1.09253	4580
2023-12-18 18:30:00	1.09253	1.09258	1.09199	1.09231	4922
2023-12-18 19:00:00	1.09232	1.09233	1.09142	1.09148	3360
2023-12-18 19:30:00	1.09149	1.09187	1.09131	1.09166	3807
2023-12-18 20:00:00	1.09167	1.0919	1.09137	1.09179	3817
2023-12-18 20:30:00	1.09179	1.09197	1.09137	1.09195	2631
2023-12-18 21:00:00	1.09195	1.09242	1.09174	1.09227	1466
2023-12-18 21:30:00	1.09227	1.09241	1.0922	1.09228	2822
2023-12-18 22:00:00	1.09228	1.09229	1.0918	1.09203	506
2023-12-18 22:30:00	1.09202	1.09232	1.09198	1.09212	2815
2023-12-18 23:00:00	1.09214	1.09241	1.09191	1.09216	2160
2023-12-18 23:30:00	1.09216	1.09243	1.09214	1.09231	1151
2023-12-19 00:00:00	1.09231	1.09246	1.09201	1.09212	3104
2023-12-19 00:30:00	1.09213	1.09239	1.09178	1.09201	3372
2023-12-19 01:00:00	1.09202	1.09259	1.09196	1.09237	2847
2023-12-19 01:30:00	1.09238	1.09239	1.09175	1.09186	3601
2023-12-19 02:00:00	1.09187	1.09208	1.09148	1.0919	4390
2023-12-19 02:30:00	1.09189	1.09229	1.09153	1.09216	6861
2023-12-19 03:00:00	1.09215	1.09289	1.09202	1.09282	5868
2023-12-19 03:30:00	1.09283	1.09289	1.09242	1.09254	4232
2023-12-19 04:00:00	1.09255	1.0927	1.09239	1.09245	2278
2023-12-19 04:30:00	1.09244	1.09246	1.09201	1.0923	2706
2023-12-19 05:00:00	1.09229	1.09282	1.09207	1.09279	2278
2023-12-19 05:30:00	1.09279	1.09283	1.09232	1.09278	3293
2023-12-19 06:00:00	1.09277	1.0928	1.0923	1.09272	2777
2023-12-19 06:30:00	1.09272	1.09309	1.0925	1.09276	8796
2023-12-19 07:00:00	1.09276	1.09412	1.09238	1.09397	10084
2023-12-19 07:30:00	1.09396	1.09396	1.09272	1.09283	7280
2023-12-19 08:00:00	1.09285	1.09372	1.09272	1.09351	8563
2023-12-19 08:30:00	1.0935	1.09423	1.0932	1.09407	7210
2023-12-19 09:00:00	1.09407	1.09493	1.09392	1.09445	7268
2023-12-19 09:30:00	1.09447	1.09451	1.09389	1.09412	7618
2023-12-19 10:00:00	1.09412	1.09451	1.09365	1.09439	6513
2023-12-19 10:30:00	1.09438	1.09452	1.0936	1.09381	6163
2023-12-19 11:00:00	1.09381	1.09397	1.09314	1.09338	5772
2023-12-19 11:30:00	1.09339	1.09386	1.09304	1.09372	3503
2023-12-19 12:00:00	1.09371	1.0948	1.09371	1.0945	5669
2023-12-19 12:30:00	1.09451	1.09707	1.09416	1.09686	9862
2023-12-19 13:00:00	1.09685	1.09737	1.09543	1.09604	12191
2023-12-19 13:30:00	1.09603	1.09642	1.09537	1.0962	11483
2023-12-19 14:00:00	1.0962	1.09681	1.0959	1.09671	10161
2023-12-19 14:30:00	1.09671	1.09841	1.09623	1.09791	16621
2023-12-19 15:00:00	1.09791	1.09831	1.09692	1.09797	20069
2023-12-19 15:30:00	1.09798	1.09873	1.09719	1.09858	10829
2023-12-19 16:00:00	1.09858	1.09862	1.09751	1.09784	11115
2023-12-19 16:30:00	1.09785	1.09811	1.09723	1.09769	6445
2023-12-19 17:00:00	1.09769	1.09793	1.09738	1.09743	4650
2023-12-19 17:30:00	1.09744	1.09791	1.09725	1.09748	4935
2023-12-19 18:00:00	1.09747	1.09761	1.09693	1.09721	5154
2023-12-19 18:30:00	1.09723	1.09763	1.09716	1.09749	4341
2023-12-19 19:00:00	1.09749	1.09776	1.09741	1.09757	3002
2023-12-19 19:30:00	1.09757	1.0978	1.09723	1.09761	3407
2023-12-19 20:00:00	1.09763	1.09772	1.0972	1.09746	3819
2023-12-19 20:30:00	1.09746	1.09784	1.09738	1.09783	3430
2023-12-19 21:00:00	1.09784	1.09787	1.09763	1.09778	2228
2023-12-19 21:30:00	1.09778	1.09809	1.09773	1.09805	1981
2023-12-19 22:00:00	1.09808	1.09843	1.0977	1098	639
2023-12-19 22:30:00	1.09795	1.0983	1.09795	1.09828	771
2023-12-19 23:00:00	1.09827	1.09828	1.0979	1.09806	1544
2023-12-19 23:30:00	1.09807	1.09812	1.09777	1.09792	1351
2023-12-20 00:00:00	1.09793	1.09793	1.09716	1.09731	2499
2023-12-20 00:30:00	1.09731	1.09746	1.09719	1.0973	3278
2023-12-20 01:00:00	1.0973	1.09742	1.09689	1.09695	3838
2023-12-20 01:30:00	1.09694	1.09705	1.09678	1.09698	2804
2023-12-20 02:00:00	1.09698	1.09702	1.09672	1.09702	3024
2023-12-20 02:30:00	1.09702	1.09727	1.09689	1.09701	2786
2023-12-20 03:00:00	1.09702	1.09711	1.0969	1.09705	2325
2023-12-20 03:30:00	1.09704	1.09713	1.0968	1.09698	2316
2023-12-20 04:00:00	1.09698	1.09703	1.0969	1.09699	1885
2023-12-20 04:30:00	1.09697	1.09708	1.09658	1.09686	2908
2023-12-20 05:00:00	1.09686	1.09692	1.09652	1.0966	2688
2023-12-20 05:30:00	1.0966	1.09668	1.09644	1.09648	1657
2023-12-20 06:00:00	1.09649	1.0965	1.09563	1.09574	3702
2023-12-20 06:30:00	1.09575	1.09601	1.09555	1.09589	2983
2023-12-20 07:00:00	1.09589	1.09596	1.09506	1.09586	9154
2023-12-20 07:30:00	1.09584	1.09703	1.09577	1.09668	8101
2023-12-20 08:00:00	1.09665	1.09706	1.09624	1.09696	13136
2023-12-20 08:30:00	1.09696	1.09713	1.09581	1.09607	10414
2023-12-20 09:00:00	1.09608	1.09634	1.0953	1.09591	6693
2023-12-20 09:30:00	1.0959	1.09654	1.09587	1.09643	4478
2023-12-20 10:00:00	1.09643	1.09652	1.09496	1.09516	4741
2023-12-20 10:30:00	1.09517	1.09584	1.0947	1.09525	6048
2023-12-20 11:00:00	1.09524	1.09561	1.09392	1.09408	5522
2023-12-20 11:30:00	1.09409	1.09434	1.09356	1.09374	4856
2023-12-20 12:00:00	1.09375	1.0942	1.09353	1.09354	6369
2023-12-20 12:30:00	1.09355	1.09418	1.09339	1.09368	7569
2023-12-20 13:00:00	1.09367	1.09507	1.09358	1.09495	8276
2023-12-20 13:30:00	1.09496	1.09629	1.09486	1.09605	8755
2023-12-20 14:00:00	1.09607	1.09678	1.0959	1.09637	9448
2023-12-20 14:30:00	1.09638	1.09721	1.0962	1.09702	15070
2023-12-20 15:00:00	1.09702	1.09714	1.09535	1.09578	11677
2023-12-20 15:30:00	1.09581	1.09748	1.09579	1.09738	11031
2023-12-20 16:00:00	1.09739	1.09756	1.09669	1.09705	8911
2023-12-20 16:30:00	1.09705	1.0971	1.09546	1.09564	5622
2023-12-20 17:00:00	1.09564	1.09566	1.09496	1.09527	6761
2023-12-20 17:30:00	1.09527	1.09604	1.0951	1.09578	5240
2023-12-20 18:00:00	1.09577	1.09611	1.0955	1.09592	4481
2023-12-20 18:30:00	1.09594	1.09636	1.09584	1.09597	3677
2023-12-20 19:00:00	1.09598	1.09606	1.09562	1.09594	2956
2023-12-20 19:30:00	1.09594	1.09602	1.09427	1.09465	5713
2023-12-20 20:00:00	1.09464	1.09486	1.09385	1.09446	8594
2023-12-20 20:30:00	1.09445	1.09475	1.09311	1.09317	7651
2023-12-20 21:00:00	1.09315	1.09413	1.09298	1.09394	2499
2023-12-20 21:30:00	1.09394	1.09439	1.09375	1.09412	2012
2023-12-20 22:00:00	1.09394	1.09422	1.09374	1.09401	1699
2023-12-20 22:30:00	1.09404	1.09452	1.09392	1.09428	4692
2023-12-20 23:00:00	1.09429	1.0945	1.09427	1.09438	1388
2023-12-20 23:30:00	1.09438	1.09461	1.09426	1.09432	1497
2023-12-21 00:00:00	1.09433	1.09469	1.0941	1.09467	2129
2023-12-21 00:30:00	1.09467	1.09501	1.09466	1.09497	3239
2023-12-21 01:00:00	1.09497	1.09511	1.09482	1.09497	4437
2023-12-21 01:30:00	1.09496	1.09534	1.09492	1.09522	3589
2023-12-21 02:00:00	1.09521	1.09542	1.09456	1.09467	6169
2023-12-21 02:30:00	1.09466	1.09499	1.09451	1.09494	3119
2023-12-21 03:00:00	1.09493	1.09499	1.09464	1.09469	1468
2023-12-21 03:30:00	1.09467	1.09496	1.09464	1.0949	3896
2023-12-21 04:00:00	1.0949	1.09498	1.09471	1.09495	2671
2023-12-21 04:30:00	1.09496	1.09502	1.09488	1.09491	1812
2023-12-21 05:00:00	1.09492	1.09532	1.09487	1.0952	2803
2023-12-21 05:30:00	1.0952	1.09558	1.09509	1.09545	2437
2023-12-21 06:00:00	1.09545	1.09546	1.09441	1.0947	4127
2023-12-21 06:30:00	1.09473	1.09486	1.09428	1.09448	3237
2023-12-21 07:00:00	1.0945	1.09497	1.09424	1.09491	6076
2023-12-21 07:30:00	1.0949	1.09501	1.09451	1.09469	3177
2023-12-21 08:00:00	1.09471	1.09539	1.09453	1.09516	6062
2023-12-21 08:30:00	1.09516	1.09548	1.0939	1.09395	7984
2023-12-21 09:00:00	1.09397	1.09433	1.09352	1.09425	5737
2023-12-21 09:30:00	1.09425	1.09465	1.09408	1.09438	5116
2023-12-21 10:00:00	1.09438	1.09473	1.09398	1.0942	6171
2023-12-21 10:30:00	1.0942	1.09562	1.09402	1.09539	6241
2023-12-21 11:00:00	1.09538	1.09657	1.09535	1.09651	5896
2023-12-21 11:30:00	1.0965	1.09848	1.09647	1.09798	12852
2023-12-21 12:00:00	1.09799	1.09847	1.09769	1.09843	9231
2023-12-21 12:30:00	1.09843	1.09869	1.09786	1.09806	7505
2023-12-21 13:00:00	1.09805	1.09852	1.09786	1.09816	9745
2023-12-21 13:30:00	1.09815	1.10023	1.09724	1.0991	22751
2023-12-21 14:00:00	1.0991	1.09969	1.09823	1.09932	14524
2023-12-21 14:30:00	1.09932	1.10012	1.09902	1.09921	20672
2023-12-21 15:00:00	1.09922	1.09943	1.09754	1.09836	20748
2023-12-21 15:30:00	1.09838	1.09946	1.0983	1.09896	17154
2023-12-21 16:00:00	1.09897	1.09945	1.09793	1.09939	15772
2023-12-21 16:30:00	1.09939	1.09946	1.09868	1.09895	13750
2023-12-21 17:00:00	1.09897	1.09909	1.0978	1.09805	12610
2023-12-21 17:30:00	1.09805	1.09866	1.09803	1.0986	8394
2023-12-21 18:00:00	1.09859	1.09898	1.09783	1.09862	10494
2023-12-21 18:30:00	1.09864	1.09911	1.09835	1.09896	8930
2023-12-21 19:00:00	1.09896	1.09936	1.09882	1.09934	8265
2023-12-21 19:30:00	1.09933	1.10008	1.09924	1.09991	8272
2023-12-21 20:00:00	1.0999	1.10025	1.09927	1.10012	6902
2023-12-21 20:30:00	1.10013	1.10031	1.0998	1.10028	8353
2023-12-21 21:00:00	1.10028	1.10062	1.10024	1.10048	2918
2023-12-21 21:30:00	1.10049	1.10125	1.10049	1.10109	2968
2023-12-21 22:00:00	1.10109	1.10109	1.0997	1.10073	3472
2023-12-21 22:30:00	1.10073	1.10089	1.10036	1.10079	2267
2023-12-21 23:00:00	1.10082	1.10096	1.10061	1.10089	1049
2023-12-21 23:30:00	1.10088	1.10125	1.10055	1.10056	2667
2023-12-22 00:00:00	1.10057	1.10096	1.1004	1.10086	5023
2023-12-22 00:30:00	1.10086	1.10091	1.10029	1.10046	3028
2023-12-22 01:00:00	1.10047	1.10064	1.10004	1.10029	4194
2023-12-22 01:30:00	1.10029	1.10042	1.09971	1.09979	4480
2023-12-22 02:00:00	1.09979	1.1	1.09954	1.0998	3461
2023-12-22 02:30:00	1.0998	1.10006	1.09959	1.10001	2722
2023-12-22 03:00:00	1.10001	1.10049	1.09989	1.10026	3100
2023-12-22 03:30:00	1.10026	1.1003	1.09958	1.09977	3430
2023-12-22 04:00:00	1.09977	1.10005	1.09977	1.09999	2427
2023-12-22 04:30:00	1.09999	1.10031	1.09994	1.10004	2923
2023-12-22 05:00:00	1.10003	1.10003	1.09958	1.09983	3389
2023-12-22 05:30:00	1.09984	1.09992	1.09957	1.09966	2683
2023-12-22 06:00:00	1.09967	1.09996	1.09955	1.09995	2528
2023-12-22 06:30:00	1.09995	1.10001	1.0994	1.0994	2845
2023-12-22 07:00:00	1.0994	1.10022	1.09938	1.10017	5516
2023-12-22 07:30:00	1.10018	1.10076	1.09981	1.10002	7783
2023-12-22 08:00:00	1.10002	1.10117	1.10001	1.10014	12809
2023-12-22 08:30:00	1.10014	1.10095	1.09992	1.10071	10426
2023-12-22 09:00:00	1.10071	1.10134	1.10058	1.10062	7943
2023-12-22 09:30:00	1.10062	1.10131	1.10025	1.10043	8558
2023-12-22 10:00:00	1.10043	1.10209	1.10037	1.10171	7066
2023-12-22 10:30:00	1.10172	1.1021	1.10165	1.10191	5797
2023-12-22 11:00:00	1.1019	1.10272	1.10168	1.10259	5671
2023-12-22 11:30:00	1.10258	1.10298	1.1024	1.10257	7698
2023-12-22 12:00:00	1.10258	1.10379	1.10256	1.10328	5988
2023-12-22 12:30:00	1.10329	1.10346	1.1016	1.10186	10974
2023-12-22 13:00:00	1.10187	1.10287	1.10156	1.10217	11290
2023-12-22 13:30:00	1.10213	1.1029	1.10016	1.10287	26372
2023-12-22 14:00:00	1.10288	1.10398	1.10249	1.10286	15363
2023-12-22 14:30:00	1.10287	1104	1.10285	1.10354	17666
2023-12-22 15:00:00	1.10361	1.10401	1.10245	1.10249	17088
2023-12-22 15:30:00	1.10249	1.10279	1.1009	1.10113	16483
2023-12-22 16:00:00	1.10112	1.10208	1.10081	1.10188	15295
2023-12-22 16:30:00	1.10188	1.10236	1.10062	1.10072	15448
2023-12-22 17:00:00	1.10071	1.10125	1.1	1.10089	12402
2023-12-22 17:30:00	1.1009	1.10164	1.10088	1.10157	8250
2023-12-22 18:00:00	1.10156	1.10185	1.10126	1.10174	9214
2023-12-22 18:30:00	1.10174	1.10191	1.1011	1.10131	8768
2023-12-22 19:00:00	1.10132	1.10132	1.10028	1.10035	9541
2023-12-22 19:30:00	1.10036	1.10156	1.1002	1.10156	7502
2023-12-22 20:00:00	1.10155	1.10157	1.10079	1.10118	4930
2023-12-22 20:30:00	1.1012	1.10151	1.10077	1.10125	4239
2023-12-22 21:00:00	1.10125	1.10125	1.10101	1.10108	2999
2023-12-22 21:30:00	1.10108	1.10139	1.10102	1.10135	3321
2023-12-24 23:00:00	1.10108	1.10149	1.10108	1.10149	3
2023-12-24 23:30:00	1.10149	1.10159	1.10149	1.10149	91
2023-12-25 00:00:00	1.10149	1.10149	1.10139	1.10139	237
2023-12-25 00:30:00	1.10129	1.10141	1.09933	1.09997	191
2023-12-25 01:00:00	1.09994	1.10022	1.09983	1.09994	84
2023-12-25 01:30:00	1.1002	1.10035	1.09982	1.10035	86
2023-12-25 02:00:00	1.10035	1.10057	1.0999	1.09993	61
2023-12-25 02:30:00	1.09992	1.10024	1.09992	1.09999	19
2023-12-25 03:00:00	1.09999	1.10038	1.09997	1.1001	78
2023-12-25 03:30:00	1.10009	1.10105	1.10008	1.10012	33
2023-12-25 04:00:00	1.10012	1.10016	1.10008	1.10016	40
2023-12-25 04:30:00	1.10016	1.10025	1.10016	1.10025	42
2023-12-25 05:00:00	1.10025	1.10053	1.10016	1.10053	685
2023-12-25 05:30:00	1.10053	1.10075	1.10016	1.10023	646
2023-12-25 06:00:00	1.10023	1.10092	1.10023	1.10077	472
2023-12-25 06:30:00	1.10079	1.10151	1.10077	1.10151	77
2023-12-25 07:00:00	1.10149	1.10151	1.09974	1.10009	87
2023-12-25 07:30:00	1.09981	1.10202	1.09975	1.10097	157
2023-12-25 22:00:00	1.10009	1.10182	1.10009	1.10163	220
2023-12-25 22:30:00	1.10163	1.10168	1.1007	1.10115	1145
2023-12-25 23:00:00	1.10115	1.10222	1.10115	1.10221	2001
2023-12-25 23:30:00	1.1022	1.1023	1.10186	1.10186	1454
2023-12-26 00:00:00	1.10187	1.1019	1.10156	1.10189	1411
2023-12-26 00:30:00	1.10191	1.10201	1.10173	1.10191	1979
2023-12-26 01:00:00	1.10194	1.10227	1.10186	1.10199	2199
2023-12-26 01:30:00	1.10199	1.10224	1.10177	1.1022	2469
2023-12-26 02:00:00	1.10219	1.10256	1.10195	1.10253	2464
2023-12-26 02:30:00	1.10254	1.10266	1.10237	1.10258	2835
2023-12-26 03:00:00	1.10258	1.10286	1.10254	1.10269	1812
2023-12-26 03:30:00	1.10268	1.10286	1.10268	1.10277	1448
2023-12-26 04:00:00	1.10275	1.10277	1.10228	1.10228	2048
2023-12-26 04:30:00	1.10231	1.10242	1.10222	1.10224	1876
2023-12-26 05:00:00	1.10223	1.10239	1.10209	1.10238	959
2023-12-26 05:30:00	1.10238	1.10272	1.10216	1.10266	2727
2023-12-26 06:00:00	1.10266	1.10266	1.10219	1.10247	2021
2023-12-26 06:30:00	1.1025	1.1026	1.10229	1.10236	1358
2023-12-26 07:00:00	1.10236	1.10255	1.1021	1.10224	2490
2023-12-26 07:30:00	1.10226	1.10244	1.10219	1.10223	2236
2023-12-26 08:00:00	1.10226	1.10265	1.1022	1.10262	2746
2023-12-26 08:30:00	1.10262	1.10263	1.10137	1.10148	5193
2023-12-26 09:00:00	1.10147	1.10148	1.10096	1.10127	5254
2023-12-26 09:30:00	1.10127	1.1015	1.10098	1.10141	3573
2023-12-26 10:00:00	1.10142	1.10194	1.10138	1.10177	2880
2023-12-26 10:30:00	1.10176	1.10179	1.10155	1.10163	3119
2023-12-26 11:00:00	1.10162	1.10168	1.10109	1.10124	5408
2023-12-26 11:30:00	1.10125	1.10156	1.10124	1.10137	3539
2023-12-26 12:00:00	1.10137	1.10151	1.10097	1.10138	3517
2023-12-26 12:30:00	1.10138	1.10171	1.10085	1.10128	5900
2023-12-26 13:00:00	1.10127	1.10245	1.10118	1.10201	8657
2023-12-26 13:30:00	1.10201	1.10221	1.10151	1.10175	9355
2023-12-26 14:00:00	1.10176	1.10266	1.10138	1.10224	7538
2023-12-26 14:30:00	1.10225	1.10273	1.10208	1.10263	13035
2023-12-26 15:00:00	1.10264	1.10324	1.10251	1.10292	9814
2023-12-26 15:30:00	1.10293	1.10307	1.10233	1.10249	8944
2023-12-26 16:00:00	1.10249	1.10347	1.10242	1.10339	5914
2023-12-26 16:30:00	1.1034	1.10376	1.10327	1.10342	4746
2023-12-26 17:00:00	1.10343	1.1037	1103	1.10352	4028
2023-12-26 17:30:00	1.10354	1.10363	1.10313	1.1035	3959
2023-12-26 18:00:00	1.10349	1.10397	1.1034	1.10359	4776
2023-12-26 18:30:00	1.1036	1.10378	1.10343	1.10363	4685
2023-12-26 19:00:00	1.10365	1.10403	1.10363	1.10393	3111
2023-12-26 19:30:00	1.10395	1.10448	1.10395	1.10443	4283
2023-12-26 20:00:00	1.10444	1.1045	1.10404	1.10418	4217
2023-12-26 20:30:00	1.10417	1.10442	1.10402	1.10423	4133
2023-12-26 21:00:00	1.10423	1.10434	1.10407	1.10419	2110
2023-12-26 21:30:00	1.10419	1.10425	1.10405	1.10417	2736
2023-12-26 22:00:00	1.10417	1.10419	1.10405	1.1041	523
2023-12-26 22:30:00	1.1041	1.10415	1.10404	1.1041	434
2023-12-26 23:00:00	1.10407	1.1044	1.10407	1.10437	907
2023-12-26 23:30:00	1.10437	1.10439	1.10416	1.10422	815
2023-12-27 00:00:00	1.10422	1.10424	1.10373	1.10381	2445
2023-12-27 00:30:00	1.10382	1.10392	1.10358	1.10367	4168
2023-12-27 01:00:00	1.10366	1.10374	1.10321	1.10332	4277
2023-12-27 01:30:00	1.10332	1.10364	1.1032	1.10361	4472
2023-12-27 02:00:00	1.10362	1.10365	1.10294	1.10317	2316
2023-12-27 02:30:00	1.10316	1.10348	1.10307	1.10309	3330
2023-12-27 03:00:00	1.1031	1.10332	1.10286	1.10328	2553
2023-12-27 03:30:00	1.10328	1.10365	1.10328	1.10362	1840
2023-12-27 04:00:00	1.10362	1.10416	1.10362	1.10408	1963
2023-12-27 04:30:00	1.10407	1.1042	1.1039	1.10416	2013
2023-12-27 05:00:00	1.10416	1.10421	1.10406	1.1041	1503
2023-12-27 05:30:00	1.10408	1.10439	1.10369	1.10433	2815
2023-12-27 06:00:00	1.10434	1.1044	1.10403	1.10437	2700
2023-12-27 06:30:00	1.10438	1.10451	1.10422	1.10443	2042
2023-12-27 07:00:00	1.1044	1.10491	1.10425	1.10477	3562
2023-12-27 07:30:00	1.10478	1.1048	1.10364	1.10412	5113
2023-12-27 08:00:00	1.10411	1.10543	1.10379	1.10468	6874
2023-12-27 08:30:00	1.10468	1.10501	1.10446	1.10469	4122
2023-12-27 09:00:00	1.10466	1.10518	1.10463	1.10506	4131
2023-12-27 09:30:00	1.10507	1.10547	1.10502	1.10543	3217
2023-12-27 10:00:00	1.10543	1.10563	1.10519	1.10562	2546
2023-12-27 10:30:00	1.10563	1.10593	1.10531	1.1056	4392
2023-12-27 11:00:00	1.1056	1.10567	1.10501	1.10537	3002
2023-12-27 11:30:00	1.10537	1.10594	1.10506	1.10589	3542
2023-12-27 12:00:00	1.10589	1.10636	1.10572	1.10628	3087
2023-12-27 12:30:00	1.10628	1.10699	1.10485	1.10683	6685
2023-12-27 13:00:00	1.10684	1.10701	1.10636	1.10672	6066
2023-12-27 13:30:00	1.10672	1.10737	1.10621	1.10703	5685
2023-12-27 14:00:00	1.10707	1.10811	1.10688	1.10772	7542
2023-12-27 14:30:00	1.10773	1.11053	1.10758	1.11045	8234
2023-12-27 15:00:00	1.11045	1.11091	1.1099	1.11089	17382
2023-12-27 15:30:00	1.11089	1.11156	1.11041	1.11072	10864
2023-12-27 16:00:00	1.11071	1.11226	1.11024	1.11158	11098
2023-12-27 16:30:00	1.11158	1112	1.11098	1.11125	9382
2023-12-27 17:00:00	1.11125	1.11127	1.11068	1111	4334
2023-12-27 17:30:00	1111	1.11128	1.11036	1.11054	5580
2023-12-27 18:00:00	1.11054	1.11087	1.1102	1.11068	6202
2023-12-27 18:30:00	1.11069	1.1109	1.11015	1.11078	4676
2023-12-27 19:00:00	1.11077	1.11077	1.10988	1.11054	3863
2023-12-27 19:30:00	1.11052	1.11139	1.10995	1.11014	3822
2023-12-27 20:00:00	1.11015	1.11056	1.11011	1.11045	2975
2023-12-27 20:30:00	1.11046	1.11076	1.11023	1.11064	3208
2023-12-27 21:00:00	1.11063	1.11075	1.11029	1.1103	1337
2023-12-27 21:30:00	1.1103	1.11072	1.11024	1.11044	1697
2023-12-27 22:00:00	1.11047	1.1105	1.10968	1.11023	1010
2023-12-27 22:30:00	1.11019	1.1106	1.11019	1.11038	2799
2023-12-27 23:00:00	1.11038	1.11096	1.11033	1.11095	1286
2023-12-27 23:30:00	1.11096	1.11096	1.11072	1.11082	1077
2023-12-28 00:00:00	1.11081	1.11123	1.1108	1.11118	1839
2023-12-28 00:30:00	1.11118	1.1117	1.11117	1.11146	3846
2023-12-28 01:00:00	1.11147	1.11181	1.11133	1.11169	3271
2023-12-28 01:30:00	1.11167	1.11219	1.11157	1.11218	3947
2023-12-28 02:00:00	1.11218	1.11224	1.11122	1.11126	3972
2023-12-28 02:30:00	1.11126	1.11187	1.11096	1.11177	3264
2023-12-28 03:00:00	1.11178	1.11185	1.11144	1.11159	3110
2023-12-28 03:30:00	1.1116	1.11208	1.11159	1.11184	2989
2023-12-28 04:00:00	1.11183	1.11184	1.11115	1.11129	3074
2023-12-28 04:30:00	1.11131	1.11147	1.11101	1.11102	3801
2023-12-28 05:00:00	1.11101	1.11176	1.11094	1.11168	3448
2023-12-28 05:30:00	1.11168	1.11172	1.11084	1.11091	4082
2023-12-28 06:00:00	1.11091	1.11149	1.11048	1.11057	5095
2023-12-28 06:30:00	1.11058	1.1114	1.11058	1.11132	3060
2023-12-28 07:00:00	1.11134	1.11224	1.11132	1.1118	6422
2023-12-28 07:30:00	1.11181	1.11255	1.11146	1.11167	5829
2023-12-28 08:00:00	1.11167	1.11186	1.11085	1.11113	9750
2023-12-28 08:30:00	1.11115	1.11217	1.11042	1.1121	6775
2023-12-28 09:00:00	1.1121	1.11216	1.11142	1.11197	6901
2023-12-28 09:30:00	1.11197	1.11394	1.11195	1.11292	11897
2023-12-28 10:00:00	1.11292	1.11323	1.11261	1.11292	7320
2023-12-28 10:30:00	1.11291	1.1132	1.11226	1.11278	6760
2023-12-28 11:00:00	1.11278	1.11322	1.11172	1.11216	6433
2023-12-28 11:30:00	1.11218	1.11246	1.11144	1112	5242
2023-12-28 12:00:00	1.11199	1112	1.11112	1.1115	6509
2023-12-28 12:30:00	1.11149	1.1119	1.1111	1.11124	5515
2023-12-28 13:00:00	1.11125	1.11167	1.11103	1.1112	8418
2023-12-28 13:30:00	1.11124	1112	1.10724	1.10732	14053
2023-12-28 14:00:00	1.10732	1.10967	1.10722	1.10898	9071
2023-12-28 14:30:00	1.10899	1.11048	1.10875	1.11026	12463
2023-12-28 15:00:00	1.11027	1.11126	1.11	1.11122	10063
2023-12-28 15:30:00	1.11122	1.11133	1.11029	1.11066	10982
2023-12-28 16:00:00	1.11067	1.11067	1.10733	1.10743	11060
2023-12-28 16:30:00	1.10744	1.10828	1.1069	1.10718	7084
2023-12-28 17:00:00	1.10718	1.10732	1.10659	1.1072	5267
2023-12-28 17:30:00	1.1072	1.10764	1.1071	1.10736	4605
2023-12-28 18:00:00	1.10737	1.10738	1.10552	1.10573	9344
2023-12-28 18:30:00	1.10573	1.1064	1.10558	1.1064	5016
2023-12-28 19:00:00	1.1064	1.10647	1.10585	1.10593	5666
2023-12-28 19:30:00	1.10594	1.1066	1.10577	1.10645	3668
2023-12-28 20:00:00	1.10645	1.10685	1.10629	1.1068	4725
2023-12-28 20:30:00	1.10679	1.10706	1.10639	1.10655	3612
2023-12-28 21:00:00	1.10655	1.10656	1.10606	1.1061	2770
2023-12-28 21:30:00	1.1061	1.10629	1.10599	1.10603	2071
2023-12-28 22:00:00	1.10595	1.10639	1.10588	1.10633	1071
2023-12-28 22:30:00	1.10633	1.10643	1.10612	1.10617	1236
2023-12-28 23:00:00	1.10618	1.10666	1.10608	1.10664	2064
2023-12-28 23:30:00	1.10664	1.10678	1.10644	1.10677	4112
2023-12-29 00:00:00	1.10678	1.10731	1.10663	1.10718	3511
2023-12-29 00:30:00	1.10717	1.10791	1.10701	1.10763	6054
2023-12-29 01:00:00	1.10766	1.10821	1.10751	1.10798	5506
2023-12-29 01:30:00	1.10797	1.10842	1.1078	1.10789	4728
2023-12-29 02:00:00	1.10788	1.10793	1.10747	1.10749	3440
2023-12-29 02:30:00	1.10749	1.10758	1.10707	1.10715	3632
2023-12-29 03:00:00	1.10716	1.10726	1.10653	1.10653	3218
2023-12-29 03:30:00	1.10654	1.10686	1.10637	1.10651	3612
2023-12-29 04:00:00	1.10652	1.10679	1.10637	1.10646	3243
2023-12-29 04:30:00	1.10645	1.10686	1.10645	1.10666	2908
2023-12-29 05:00:00	1.10666	1.10667	1.10621	1.10631	2969
2023-12-29 05:30:00	1.10631	1.10668	1.10608	1.10661	4958
2023-12-29 06:00:00	1.1066	1.10705	1.10656	1.10692	4777
2023-12-29 06:30:00	1.10692	1.10747	1.10691	1.10733	3095
2023-12-29 07:00:00	1.10732	1.10762	1.1068	1.10687	4450
2023-12-29 07:30:00	1.10688	1.10688	1.10639	1.10658	4229
2023-12-29 08:00:00	1.10655	1.10774	1.10647	1.10758	5295
2023-12-29 08:30:00	1.10758	1.10759	1.10581	1.10605	8755
2023-12-29 09:00:00	1.10606	1.10612	1.10502	1.10517	10516
2023-12-29 09:30:00	1.10518	1.10527	1.10442	1.1049	7611
2023-12-29 10:00:00	1.10489	1.10564	1.10474	1.10531	6810
2023-12-29 10:30:00	1.10532	1.10672	1.10531	1.10647	5613
2023-12-29 11:00:00	1.10646	1.10671	1.10614	1.1062	6883
2023-12-29 11:30:00	1.10619	1.1077	1.10615	1.10763	4991
2023-12-29 12:00:00	1.10764	1.10806	1.10722	1.1079	5883
2023-12-29 12:30:00	1.10792	1108	1.10478	1.10516	9011
2023-12-29 13:00:00	1.10515	1.10587	1.1048	1.10545	6703
2023-12-29 13:30:00	1.10545	1.10554	1.10466	1.10486	8862
2023-12-29 14:00:00	1.10484	1.10587	1.10469	1.10557	9863
2023-12-29 14:30:00	1.10556	1.10704	1.1051	1.10686	11851
2023-12-29 15:00:00	1.10692	1.10763	1.10658	1.10748	10578
2023-12-29 15:30:00	1.10748	1.10784	1.10425	1.10471	20557
2023-12-29 16:00:00	1.10472	1.10607	1.10434	1.10538	15660
2023-12-29 16:30:00	1.10539	1.10614	1.10518	1.10608	10017
2023-12-29 17:00:00	1.10607	1.10629	1.10529	1106	11409
2023-12-29 17:30:00	1106	1.10667	1.10583	1.10639	9023
2023-12-29 18:00:00	1.1064	1.1064	1.10491	1.10521	12280
2023-12-29 18:30:00	1.10521	1.10599	1.10498	1.1053	7286
2023-12-29 19:00:00	1.10532	1.10538	1104	1.10409	6269
2023-12-29 19:30:00	1.1041	1.10437	1.10381	1.10407	4097
2023-12-29 20:00:00	1.10409	1.10507	1.10389	1.10474	2923
2023-12-29 20:30:00	1.10474	1.10474	1.10383	1.10409	3827
2023-12-29 21:00:00	1.10411	1.10411	1.10339	1.10362	2709
2023-12-29 21:30:00	1.10362	1.10395	1.10351	1.10374	3920
2024-01-01 22:00:00	1.10427	1.10434	1.1042	1.1043	420
2024-01-01 22:30:00	1.10431	1.10447	1.10423	1.10438	402
2024-01-01 23:00:00	1.10446	1.10446	1.1037	1.10376	1482
2024-01-01 23:30:00	1.10376	1.10383	1.10356	1.10365	1624
2024-01-02 00:00:00	1.10366	1.1038	1.10342	1.10346	1409
2024-01-02 00:30:00	1.10346	1.10383	1.10345	1.10381	2433
2024-01-02 01:00:00	1.1038	1.10432	1.10375	1.10393	4080
2024-01-02 01:30:00	1.10394	1.10399	1.10342	1.10348	3138
2024-01-02 02:00:00	1.10347	1.10359	1.10262	1.10262	2912
2024-01-02 02:30:00	1.10265	1.10268	1.10182	1.10187	6431
2024-01-02 03:00:00	1.10187	1.1024	1.10176	1.10213	2665
2024-01-02 03:30:00	1.10216	1.10247	1.10206	1.10245	1439
2024-01-02 04:00:00	1.10245	1.1025	1.10192	1.10192	1506
2024-01-02 04:30:00	1.10194	1.10211	1.10165	1.10208	2682
2024-01-02 05:00:00	1.10208	1.10281	1.10208	1.10265	2397
2024-01-02 05:30:00	1.10265	1.10335	1.10265	1.10333	2528
2024-01-02 06:00:00	1.10334	1.10342	1103	1.1032	2783
2024-01-02 06:30:00	1.1032	1.10351	1.10268	1.10286	4280
2024-01-02 07:00:00	1.10286	1.10377	1.10245	1.10372	5524
2024-01-02 07:30:00	1.10371	1.1038	1.10151	1.10153	8475
2024-01-02 08:00:00	1.10156	1.10387	1.10156	1.10288	11336
2024-01-02 08:30:00	1.10288	1.10329	1.10253	1.10295	8535
2024-01-02 09:00:00	1.10296	1.10378	1.10289	1.10332	7306
2024-01-02 09:30:00	1.10332	1.10351	1.10107	1.1015	8452
2024-01-02 10:00:00	1.10149	1.1017	1.0997	1.10039	10088
2024-01-02 10:30:00	1.10038	1.10111	1.10028	1.10075	5367
2024-01-02 11:00:00	1.10075	1.10077	1.09784	1.09804	11344
2024-01-02 11:30:00	1.09803	1.09803	1.09665	1.0969	7616
2024-01-02 12:00:00	1.09691	1.09717	1.09613	1.09655	5191
2024-01-02 12:30:00	1.09654	1.0968	1.09537	1.09537	7405
2024-01-02 13:00:00	1.09538	1.09621	1.0952	1.09579	8293
2024-01-02 13:30:00	1.0958	1.0965	1.09494	1.09527	8975
2024-01-02 14:00:00	1.09526	1.09573	1.09448	1.0952	11392
2024-01-02 14:30:00	1.09518	1.09639	1.09512	1.09631	16447
2024-01-02 15:00:00	1.09631	1.09682	1.09532	1.09594	13744
2024-01-02 15:30:00	1.09594	1.09594	1.0941	1.09435	14970
2024-01-02 16:00:00	1.09436	1.09616	1.09408	1.09578	7625
2024-01-02 16:30:00	1.09577	1.09578	1.09445	1.09564	7384
2024-01-02 17:00:00	1.09565	1.09575	1.09459	1.09533	6921
2024-01-02 17:30:00	1.09532	1.09559	1.09467	1.09504	5760
2024-01-02 18:00:00	1.09504	1.09558	1.09477	1.09543	3197
2024-01-02 18:30:00	1.09543	1.09549	1.09462	1.09467	6331
2024-01-02 19:00:00	1.09466	1.09498	1.09429	1.09495	4253
2024-01-02 19:30:00	1.09493	1.09501	1.0945	1.09465	3041
2024-01-02 20:00:00	1.09465	1.09511	1.09456	1.09459	4181
2024-01-02 20:30:00	1.09462	1.09486	1.09421	1.09431	6999
2024-01-02 21:00:00	1.0943	1.09432	1.09384	1.09384	2787
2024-01-02 21:30:00	1.09384	1.09424	1.09383	1.09396	1947
2024-01-02 22:00:00	1.09396	1.09438	1.09375	1.09408	933
2024-01-02 22:30:00	1.09408	1.0943	1.09391	1.09404	2225
2024-01-02 23:00:00	1.09404	1.09436	1.09404	1.0943	1270
2024-01-02 23:30:00	1.09429	1.09436	1.09411	1.09416	1218
2024-01-03 00:00:00	1.09416	1.09487	1.09412	1.09487	1244
2024-01-03 00:30:00	1.09487	1.09505	1.09481	1.09494	1705
2024-01-03 01:00:00	1.09493	1.09511	1.09448	1.09506	2749
2024-01-03 01:30:00	1.09508	1.09546	1.09502	1.09513	2352
2024-01-03 02:00:00	1.09513	1.0953	1.09486	1.09488	3032
2024-01-03 02:30:00	1.09498	1.0953	1.09488	1.09522	1408
2024-01-03 03:00:00	1.09522	1.09546	1.09488	1.09533	2553
2024-01-03 03:30:00	1.09534	1.09622	1.09532	1.09608	2797
2024-01-03 04:00:00	1.09607	1.09624	1.09596	1.09603	2495
2024-01-03 04:30:00	1.09603	1.09624	1.09588	1.09622	1789
2024-01-03 05:00:00	1.09623	1.09627	1.09586	1.09587	1779
2024-01-03 05:30:00	1.09585	1.0961	1.09512	1.09512	3705
2024-01-03 06:00:00	1.09512	1.09582	1.09511	1.09576	2492
2024-01-03 06:30:00	1.09575	1.09607	1.09572	1.09586	1325
2024-01-03 07:00:00	1.09585	1.09598	1.09514	1.09575	5776
2024-01-03 07:30:00	1.09575	1.09627	1.09553	1.09603	5963
2024-01-03 08:00:00	1.09602	1.09654	1.09504	1.09528	9967
2024-01-03 08:30:00	1.09528	1.09577	1.09502	1.09526	11469
2024-01-03 09:00:00	1.09526	1.09562	1.0936	1.09388	8118
2024-01-03 09:30:00	1.09387	1.09443	1.09348	1.09362	5962
2024-01-03 10:00:00	1.09362	1.0939	1.0929	1.09295	4821
2024-01-03 10:30:00	1.09294	1.09343	1.09262	1.09279	5040
2024-01-03 11:00:00	1.0928	1.09297	1.0921	1.09228	8474
2024-01-03 11:30:00	1.09227	1.09234	1.09154	1.09195	6348
2024-01-03 12:00:00	1.09195	1.0932	1.09177	1.09263	5342
2024-01-03 12:30:00	1.09262	1.09282	1.09145	1.09168	8764
2024-01-03 13:00:00	1.09168	1.09222	1.09101	1.09209	12519
2024-01-03 13:30:00	1.09209	1093	1.09155	1.09215	15091
2024-01-03 14:00:00	1.09216	1.09241	1.0911	1.09154	13410
2024-01-03 14:30:00	1.09154	1.09265	1.09099	1.09183	15787
2024-01-03 15:00:00	1.09179	1.09385	1.09102	1.09153	30557
2024-01-03 15:30:00	1.09151	1.09187	1.0898	1.09044	20759
2024-01-03 16:00:00	1.09045	1.09182	1.09026	1.09128	13027
2024-01-03 16:30:00	1.0913	1.09155	1.09066	1.09081	11123
2024-01-03 17:00:00	1.09081	1.09097	1.09036	1.0909	8013
2024-01-03 17:30:00	1.09089	1.09101	1.09032	1.09066	5312
2024-01-03 18:00:00	1.09066	1.09148	1.09065	1.09105	5209
2024-01-03 18:30:00	1.09103	1.09103	1.09026	1.09054	5382
2024-01-03 19:00:00	1.09055	1.09238	1.08929	1.09225	19591
2024-01-03 19:30:00	1.09229	1.09257	1.09144	1.09176	10818
2024-01-03 20:00:00	1.09177	1.09232	1.0915	1.09177	7236
2024-01-03 20:30:00	1.09177	1.09221	1.09165	1.09212	4802
2024-01-03 21:00:00	1.09211	1.09236	1.09187	1.09227	1642
2024-01-03 21:30:00	1.09229	1.09229	1.09188	1.09206	2449
2024-01-03 22:00:00	1.09206	1.09225	1.09167	1.09197	907
2024-01-03 22:30:00	1.09196	1.09216	1.09195	1.09206	4073
2024-01-03 23:00:00	1.09207	1.09255	1.09207	1.09244	1154
2024-01-03 23:30:00	1.09242	1.09275	1.09237	1.09258	1041
2024-01-04 00:00:00	1.09259	1.09266	1.09212	1.09253	1653
2024-01-04 00:30:00	1.09253	1.09257	1.09194	1.09225	2389
2024-01-04 01:00:00	1.09224	1.09241	1.09189	1.09192	3138
2024-01-04 01:30:00	1.09191	1.09198	1.09163	1.09178	3788
2024-01-04 02:00:00	1.09177	1.0919	1.0916	1.09183	1801
2024-01-04 02:30:00	1.09183	1.09199	1.09174	1.09193	1894
2024-01-04 03:00:00	1.09193	1.0927	1.09193	1.09267	2439
2024-01-04 03:30:00	1.09266	1.09306	1.09253	1.09261	2585
2024-01-04 04:00:00	1.09261	1.09273	1.09247	1.09251	1858
2024-01-04 04:30:00	1.09252	1.09285	1.09249	1.09258	2765
2024-01-04 05:00:00	1.09259	1.09259	1.09228	1.09234	4046
2024-01-04 05:30:00	1.09235	1.09268	1.09219	1.09266	3241
2024-01-04 06:00:00	1.09265	1.09346	1.09265	1.09316	3448
2024-01-04 06:30:00	1.09315	1.09324	1.09208	1.09324	6270
2024-01-04 07:00:00	1.09323	1.09378	1.09295	1.0933	5724
2024-01-04 07:30:00	1.09329	1.09436	1.09326	1.09375	7289
2024-01-04 08:00:00	1.09375	1.09487	1.09345	1.09424	9650
2024-01-04 08:30:00	1.09427	1.09559	1.0937	1.09532	12522
2024-01-04 09:00:00	1.09532	1.09578	1.09453	1.09568	10632
2024-01-04 09:30:00	1.09569	1.0969	1.09561	1.09675	9562
2024-01-04 10:00:00	1.09675	1.09721	1.09592	1.09608	8907
2024-01-04 10:30:00	1.0961	1.09649	1.09543	1.09555	6053
2024-01-04 11:00:00	1.09556	1.09569	1.09496	1.09548	3909
2024-01-04 11:30:00	1.09549	1.09578	1.09462	1.09479	4243
2024-01-04 12:00:00	1.09477	1.0955	1.09468	1.09543	4458
2024-01-04 12:30:00	1.09542	1.09557	1.09503	1.09522	4317
2024-01-04 13:00:00	1.09523	1.09552	1.09447	1.0948	12822
2024-01-04 13:30:00	1.09479	1.09497	1.09327	1.0947	17763
2024-01-04 14:00:00	1.09469	1.09505	1.09393	1.09427	14144
2024-01-04 14:30:00	1.09429	1.09475	1.09381	1.09453	13433
2024-01-04 15:00:00	1.09452	1.09651	1.09452	1.09645	14105
2024-01-04 15:30:00	1.09645	1.09652	1.09533	1.0955	13033
2024-01-04 16:00:00	1.09551	1.09639	1.09542	1.09596	9958
2024-01-04 16:30:00	1.09596	1.09616	1.09549	1.0956	7137
2024-01-04 17:00:00	1.09561	1.09597	1.09454	1.09458	5759
2024-01-04 17:30:00	1.09459	1.09504	1.09418	1.09504	4848
2024-01-04 18:00:00	1.09504	1.09543	1.09492	1.09494	5731
2024-01-04 18:30:00	1.09495	1.09512	1.09459	1.09469	6039
2024-01-04 19:00:00	1.09471	1.09476	1.09433	1.09444	4610
2024-01-04 19:30:00	1.09445	1.09498	1.09435	1.0947	4054
2024-01-04 20:00:00	1.09469	1.09476	1.09431	1.09448	4230
2024-01-04 20:30:00	1.09448	1.09491	1.09438	1.09491	3604
2024-01-04 21:00:00	1.0949	1095	1.09469	1.09477	1571
2024-01-04 21:30:00	1.09477	1.09484	1.09435	1.09441	2982
2024-01-04 22:00:00	1.09441	1.09492	1.0943	1.09457	1999
2024-01-04 22:30:00	1.09457	1.09498	1.09451	1.09463	3354
2024-01-04 23:00:00	1.0946	1.09488	1.09442	1.09442	880
2024-01-04 23:30:00	1.09442	1.0947	1.09431	1.09462	842
2024-01-05 00:00:00	1.09461	1.09503	1.09443	1.09493	1361
2024-01-05 00:30:00	1.09494	1.09514	1.0948	1.09508	1385
2024-01-05 01:00:00	1.09508	1.09551	1.09501	1.09517	2747
2024-01-05 01:30:00	1.09517	1.09558	1.09502	1.09515	5106
2024-01-05 02:00:00	1.09515	1.09541	1.09506	1.09521	2683
2024-01-05 02:30:00	1.09522	1.09522	1.09466	1.09469	3593
2024-01-05 03:00:00	1.09468	1.09473	1.09406	1.09408	3421
2024-01-05 03:30:00	1.09408	1.0942	1.09391	1.09392	3801
2024-01-05 04:00:00	1.09392	1.09407	1.09376	1.09397	1952
2024-01-05 04:30:00	1.09397	1.09411	1.09363	1.09371	2014
2024-01-05 05:00:00	1.09371	1.09375	1.09341	1.09352	3016
2024-01-05 05:30:00	1.09355	1.09381	1.09346	1.09374	3106
2024-01-05 06:00:00	1.09374	1.09374	1.09275	1.09287	4112
2024-01-05 06:30:00	1.09286	1.09291	1.09247	1.09276	4014
2024-01-05 07:00:00	1.09275	1.09333	1.09252	1.09302	4864
2024-01-05 07:30:00	1.09303	1.0932	1.09226	1.09231	6161
2024-01-05 08:00:00	1.09231	1.09257	1.09163	1.09171	9883
2024-01-05 08:30:00	1.0917	1.09171	1.09034	1.09076	7137
2024-01-05 09:00:00	1.09075	1.09234	1.09028	1.09225	6467
2024-01-05 09:30:00	1.09224	1.09305	1.09099	1.09126	8157
2024-01-05 10:00:00	1.09126	1.0913	1.09036	1.09048	8951
2024-01-05 10:30:00	1.09048	1.09137	1.09039	1.09127	4285
2024-01-05 11:00:00	1.09126	1.09159	1.09099	1.09119	4254
2024-01-05 11:30:00	1.0912	1.09175	1.0911	1.09142	4549
2024-01-05 12:00:00	1.09142	1.09189	1.09136	1.09157	4774
2024-01-05 12:30:00	1.09157	1.09208	1.09137	1.09176	4333
2024-01-05 13:00:00	1.09177	1.09278	1.09159	1.09195	9781
2024-01-05 13:30:00	1.09194	1.09251	1.08767	1.0921	38118
2024-01-05 14:00:00	1.09212	1.09485	1.09212	1.09456	31983
2024-01-05 14:30:00	1.09455	1.09548	1.09361	1.0949	21783
2024-01-05 15:00:00	1.09492	1.09984	1.0949	1.09811	37826
2024-01-05 15:30:00	1.09812	1.09937	1.09757	1.09781	19161
2024-01-05 16:00:00	1.09782	1.09805	1.09624	1.0963	16032
2024-01-05 16:30:00	1.0963	1.09701	1.0953	1.09559	10512
2024-01-05 17:00:00	1.09558	1.09561	1.09441	1.09454	8653
2024-01-05 17:30:00	1.09453	1.09513	1.0943	1.09462	7519
2024-01-05 18:00:00	1.09461	1.09461	1.09352	1.09452	9011
2024-01-05 18:30:00	1.09452	1.09562	1.0945	1.0954	4722
2024-01-05 19:00:00	1.09542	1.09597	1.09515	1.09536	5769
2024-01-05 19:30:00	1.09536	1.09566	1.09431	1.09452	5632
2024-01-05 20:00:00	1.09452	1.09471	1.09386	1.09402	4785
2024-01-05 20:30:00	1094	1.09417	1.09357	1.09392	4003
2024-01-05 21:00:00	1.09393	1.09399	1.0937	1.09386	2417
2024-01-05 21:30:00	1.09388	1.0942	1.09386	1.09392	3103
2024-01-07 22:00:00	1.09386	1.09446	1.09376	1.09436	1525
2024-01-07 22:30:00	1.0944	1.09451	1.09427	1.09444	483
2024-01-07 23:00:00	1.09445	1.09456	1.09355	1.09356	1587
2024-01-07 23:30:00	1.09356	1.09419	1.09349	1.09415	1081
2024-01-08 00:00:00	1.09413	1.09466	1.09402	1.09462	970
2024-01-08 00:30:00	1.09459	1.09492	1.09449	1.09485	1214
2024-01-08 01:00:00	1.09484	1.09522	1.09469	1.09505	2129
2024-01-08 01:30:00	1.09505	1.0953	1.0947	1.09479	2379
2024-01-08 02:00:00	1.09479	1.09479	1.09424	1.09425	2264
2024-01-08 02:30:00	1.09424	1.09425	1.09359	1.09371	3041
2024-01-08 03:00:00	1.0937	1.09392	1.09354	1.09374	2179
2024-01-08 03:30:00	1.09373	1.09373	1.09313	1.09329	2398
2024-01-08 04:00:00	1.09329	1.0936	1.09306	1.09359	1995
2024-01-08 04:30:00	1.0936	1.09371	1.09338	1.0934	1870
2024-01-08 05:00:00	1.09342	1.09364	1.09329	1.09359	1570
2024-01-08 05:30:00	1.09357	1.09374	1.0932	1.09374	2886
2024-01-08 06:00:00	1.09372	1.09436	1.09363	1.09432	2064
2024-01-08 06:30:00	1.09431	1.09466	1.09404	1.09457	2939
2024-01-08 07:00:00	1.09459	1.09522	1.09418	1.09465	5751
2024-01-08 07:30:00	1.09466	1.09485	1.09394	1.09451	6993
2024-01-08 08:00:00	1.09454	1.09454	1.09293	1.09322	12968
2024-01-08 08:30:00	1.09324	1.09395	1.09313	1.09337	7969
2024-01-08 09:00:00	1.09336	1.09342	1.09249	1.09264	7425
2024-01-08 09:30:00	1.09264	1.09424	1.09226	1.09369	7093
2024-01-08 10:00:00	1.09369	1.09409	1.09342	1.09374	9436
2024-01-08 10:30:00	1.09374	1.09434	1.09366	1.09424	6025
2024-01-08 11:00:00	1.09424	1.09506	1.09402	1.09424	6892
2024-01-08 11:30:00	1.09423	1.09449	1.09368	1.09379	6229
2024-01-08 12:00:00	1.09378	1.0948	1.09377	1.09428	4238
2024-01-08 12:30:00	1.09428	1.09469	1.09372	1.09445	5697
2024-01-08 13:00:00	1.09446	1.09493	1.09426	1.09484	8414
2024-01-08 13:30:00	1.09486	1.09561	1.09471	1.09507	11624
2024-01-08 14:00:00	1.09507	1.09596	1.09493	1.09555	11326
2024-01-08 14:30:00	1.09555	1.09626	1.09533	1.09603	16312
2024-01-08 15:00:00	1.09602	1.09717	1.09552	1.09692	11062
2024-01-08 15:30:00	1.09693	1.09745	1.09645	1.09697	12316
2024-01-08 16:00:00	1.09696	1.09787	1.09683	1.0973	11658
2024-01-08 16:30:00	1.09731	1.09785	1.09717	1.09754	7598
2024-01-08 17:00:00	1.09753	1.09788	1.0966	1.09678	7182
2024-01-08 17:30:00	1.09679	1.09679	1.09625	1.09646	5281
2024-01-08 18:00:00	1.09646	1.09656	1.09564	1.09573	3480
2024-01-08 18:30:00	1.09573	1.09579	1.09488	1.09553	3997
2024-01-08 19:00:00	1.09553	1096	1.09529	1.09575	4568
2024-01-08 19:30:00	1.09576	1.09628	1.09576	1.09609	3530
2024-01-08 20:00:00	1.0961	1.0961	1.09494	1.09529	4589
2024-01-08 20:30:00	1.09531	1.09568	1.09514	1.09547	4777
2024-01-08 21:00:00	1.09548	1.09564	1.09513	1.09515	1420
2024-01-08 21:30:00	1.09514	1.09518	1.09495	1.09495	2402
2024-01-08 22:00:00	1.09495	1.09524	1.09494	1.09505	774
2024-01-08 22:30:00	1.09505	1.09548	1.09493	1.09501	2072
2024-01-08 23:00:00	1.0951	1.09526	1.09496	1.09518	1006
2024-01-08 23:30:00	1.09515	1.09519	1.09495	1.09497	660
2024-01-09 00:00:00	1.09497	1.09574	1.09492	1.09561	3571
2024-01-09 00:30:00	1.09563	1.09593	1.0954	1.09552	2623
2024-01-09 01:00:00	1.0955	1.09578	1.09522	1.09541	3129
2024-01-09 01:30:00	1.09541	1.09618	1.09514	1.09615	2791
2024-01-09 02:00:00	1.09615	1.09644	1.09608	1.09617	3098
2024-01-09 02:30:00	1.09618	1.09646	1.09605	1.09626	2287
2024-01-09 03:00:00	1.09629	1.09663	1.09613	1.09633	1789
2024-01-09 03:30:00	1.09634	1.09652	1.09608	1.09627	1899
2024-01-09 04:00:00	1.09628	1.09629	1.09534	1.09536	1828
2024-01-09 04:30:00	1.09537	1.09588	1.09537	1.09561	1969
2024-01-09 05:00:00	1.0956	1.09561	1.09488	1.09495	1914
2024-01-09 05:30:00	1.09494	1.09516	1.0948	1.09496	2761
2024-01-09 06:00:00	1.09496	1.09549	1.0948	1.09514	3312
2024-01-09 06:30:00	1.09514	1.09529	1.09487	1.09501	3570
2024-01-09 07:00:00	1.09501	1.09592	1.09461	1.09583	5136
2024-01-09 07:30:00	1.09583	1.09629	1.09553	1.09566	5474
2024-01-09 08:00:00	1.09566	1.09566	1.09389	1.09404	7613
2024-01-09 08:30:00	1.09407	1.09517	1.09407	1.09496	6201
2024-01-09 09:00:00	1.09497	1.09504	1.09379	1.09405	8617
2024-01-09 09:30:00	1.09404	1.09452	1.0939	1.0944	6521
2024-01-09 10:00:00	1.0944	1.0948	1.09359	1.09461	5146
2024-01-09 10:30:00	1.0946	1.09473	1.09324	1.09353	6612
2024-01-09 11:00:00	1.09354	1.09359	1.09302	1.09344	5818
2024-01-09 11:30:00	1.09344	1.09345	1.09287	1.09314	4754
2024-01-09 12:00:00	1.09313	1.09415	1.09288	1.09393	7430
2024-01-09 12:30:00	1.09394	1.09414	1.0929	1.09405	8998
2024-01-09 13:00:00	1.09406	1.09468	1.0933	1.09359	10867
2024-01-09 13:30:00	1.09362	1.09466	1.09335	1.09459	14125
2024-01-09 14:00:00	1.0946	1.09475	1.09379	1.09425	11723
2024-01-09 14:30:00	1.09425	1.09513	1.09398	1.09455	13269
2024-01-09 15:00:00	1.09456	1.09467	1.09351	1.09371	11487
2024-01-09 15:30:00	1.09371	1.09372	1.09175	1.09178	16501
2024-01-09 16:00:00	1.09178	1.0928	1.09103	1.0926	12554
2024-01-09 16:30:00	1.0926	1.09351	1.09226	1.09343	7453
2024-01-09 17:00:00	1.09345	1.09389	1.09301	1.09377	6802
2024-01-09 17:30:00	1.09379	1.09391	1.09333	1.09339	8501
2024-01-09 18:00:00	1.0934	1094	1.0928	1.09281	8657
2024-01-09 18:30:00	1.09282	1.09284	1.09223	1.09241	6107
2024-01-09 19:00:00	1.0924	1.09286	1.09218	1.09225	5517
2024-01-09 19:30:00	1.09226	1.09253	1092	1.09252	4002
2024-01-09 20:00:00	1.09252	1.09295	1.09252	1.09279	5844
2024-01-09 20:30:00	1.09279	1.09295	1.0925	1.09279	5039
2024-01-09 21:00:00	1.0928	1.09307	1.09277	1.09298	1829
2024-01-09 21:30:00	1.09298	1.09314	1.09297	1.09307	2354
2024-01-09 22:00:00	1.09307	1.09307	1.09265	1.0927	4200
2024-01-09 22:30:00	1.09267	1.09292	1.09267	1.09282	3090
2024-01-09 23:00:00	1.09281	1.09326	1.0928	1.09319	567
2024-01-09 23:30:00	1.09319	1.09319	1.09297	1.09317	494
2024-01-10 00:00:00	1.09316	1.09363	1.09314	1.09358	1656
2024-01-10 00:30:00	1.09358	1.09359	1.09291	1.09308	3370
2024-01-10 01:00:00	1.09307	1.09308	1.09261	1.09284	4264
2024-01-10 01:30:00	1.09283	1.09333	1.09281	1.09322	3860
2024-01-10 02:00:00	1.09323	1.09352	1.09319	1.09332	4650
2024-01-10 02:30:00	1.09331	1.09358	1.09316	1.09337	3064
2024-01-10 03:00:00	1.09337	1.0936	1.09314	1.09345	3313
2024-01-10 03:30:00	1.09346	1.09348	1.09277	1.09292	4027
2024-01-10 04:00:00	1.09292	1.09313	1.09288	1.09309	1390
2024-01-10 04:30:00	1.09309	1.09329	1093	1.09321	2438
2024-01-10 05:00:00	1.09321	1.09335	1.09304	1.09326	2359
2024-01-10 05:30:00	1.09324	1.0934	1.09306	1.09323	2079
2024-01-10 06:00:00	1.09323	1.09334	1.09269	1.09311	3358
2024-01-10 06:30:00	1.09312	1.09314	1.09235	1.09246	3942
2024-01-10 07:00:00	1.09246	1.09346	1.09245	1.0933	7139
2024-01-10 07:30:00	1.0933	1.09453	1.09257	1.0926	10590
2024-01-10 08:00:00	1.09261	1.0942	1.09228	1.09408	9657
2024-01-10 08:30:00	1.09408	1.09448	1.09365	1.09433	7550
2024-01-10 09:00:00	1.09432	1.09497	1.09415	1.09478	6738
2024-01-10 09:30:00	1.09478	1.09519	1.09449	1.09471	6576
2024-01-10 10:00:00	1.0947	1.09548	1.09451	1.09531	6836
2024-01-10 10:30:00	1.09532	1.09532	1.09471	1.09492	5960
2024-01-10 11:00:00	1.09496	1.09553	1.09445	1.09447	6194
2024-01-10 11:30:00	1.09446	1.09471	1.09416	1.09459	5322
2024-01-10 12:00:00	1.09459	1.09504	1.09451	1.09487	4056
2024-01-10 12:30:00	1.09487	1.09502	1.09431	1.09438	6000
2024-01-10 13:00:00	1.09438	1.09519	1.09412	1.09462	9052
2024-01-10 13:30:00	1.09462	1.09484	1.09404	1.09405	8627
2024-01-10 14:00:00	1.09405	1.09415	1.09353	1.0938	5788
2024-01-10 14:30:00	1.09381	1.09403	1.0932	1.09399	10844
2024-01-10 15:00:00	1.09399	1.09487	1.09355	1.09471	12514
2024-01-10 15:30:00	1.09471	1.0969	1.09471	1.09673	12395
2024-01-10 16:00:00	1.09674	1.0969	1.09569	1.09596	9247
2024-01-10 16:30:00	1.09596	1.09596	1.09523	1.0959	6881
2024-01-10 17:00:00	1.0959	1.09667	1.09582	1.0966	4130
2024-01-10 17:30:00	1.0966	1.0968	1.09643	1.09672	4791
2024-01-10 18:00:00	1.09672	1.09694	1.09593	1.09684	5784
2024-01-10 18:30:00	1.09684	1.09697	1.09652	1.09695	2813
2024-01-10 19:00:00	1.09695	1.09707	1.09672	1.0969	3307
2024-01-10 19:30:00	1.09692	1.09707	1.09669	1.09703	4492
2024-01-10 20:00:00	1.09703	1.09728	1.09617	1.09634	9850
2024-01-10 20:30:00	1.09633	1.0966	1.09615	1.09654	7110
2024-01-10 21:00:00	1.09654	1.09699	1.09648	1.09695	2129
2024-01-10 21:30:00	1.09696	1.09729	1.09693	1.09722	2077
2024-01-10 22:00:00	1.09722	1.09724	1.09685	1.0971	6877
2024-01-10 22:30:00	1.09711	1.09722	1.09704	1.09716	910
2024-01-10 23:00:00	1.09715	1.09734	1.09709	1.09727	1044
2024-01-10 23:30:00	1.09728	1.09747	1.09725	1.0974	561
2024-01-11 00:00:00	1.09742	1.09761	1.0973	1.09754	3138
2024-01-11 00:30:00	1.09754	1.09787	1.09749	1.09777	6874
2024-01-11 01:00:00	1.09778	1.09793	1.09755	1.09769	8974
2024-01-11 01:30:00	1.09769	1.09802	1.09749	1.09788	5216
2024-01-11 02:00:00	1.09788	1.09847	1.09776	1.09801	3576
2024-01-11 02:30:00	1.09802	1.09809	1.0977	1.09781	3483
2024-01-11 03:00:00	1.0978	1.09796	1.09772	1.09786	1967
2024-01-11 03:30:00	1.09786	1.09811	1.09781	1.09803	2618
2024-01-11 04:00:00	1.09802	1.09827	1.09792	1.09797	2627
2024-01-11 04:30:00	1.09796	1098	1.09775	1.09777	2901
2024-01-11 05:00:00	1.09775	1.09813	1.09757	1.09795	3864
2024-01-11 05:30:00	1.09794	1.09804	1.0978	1.09783	2810
2024-01-11 06:00:00	1.09784	1.09842	1.09744	1.09836	2451
2024-01-11 06:30:00	1.09836	1.09885	1.0983	1.09857	2643
2024-01-11 07:00:00	1.09858	1.09867	1.09824	1.09827	4088
2024-01-11 07:30:00	1.09826	1.0983	1.09773	1.09788	6223
2024-01-11 08:00:00	1.0979	1.09805	1.09717	1.09803	7940
2024-01-11 08:30:00	1.09802	1.09813	1.0972	1.0975	7136
2024-01-11 09:00:00	1.09749	1.09752	1.09655	1.09676	7136
2024-01-11 09:30:00	1.09676	1.09676	1.09588	1.09637	7666
2024-01-11 10:00:00	1.09637	1.09679	1.09585	1.09654	6366
2024-01-11 10:30:00	1.09653	1.09697	1.09626	1.09689	6472
2024-01-11 11:00:00	1.09689	1.09824	1.09676	1.09806	9261
2024-01-11 11:30:00	1.09809	1.09816	1.09772	1.09785	6021
2024-01-11 12:00:00	1.09786	1.09807	1.09762	1.09781	5509
2024-01-11 12:30:00	1.09782	1.09904	1.09781	1.09837	6217
2024-01-11 13:00:00	1.09838	1.09908	1.09828	1.09869	8847
2024-01-11 13:30:00	1.09869	1.1	1.09355	1.09394	44706
2024-01-11 14:00:00	1.09397	1.0964	1.09314	1.09576	24735
2024-01-11 14:30:00	1.09577	1.09737	1.09452	1.09542	32496
2024-01-11 15:00:00	1.09542	1.09542	1.09302	1.09474	26885
2024-01-11 15:30:00	1.09474	1.09628	1.09417	1.09464	26022
2024-01-11 16:00:00	1.09466	1.09542	1.09435	1.09474	17619
2024-01-11 16:30:00	1.09474	1.09573	1.09366	1.09423	19140
2024-01-11 17:00:00	1.09422	1.09533	1.09422	1.09458	12206
2024-01-11 17:30:00	1.09458	1.09545	1.09415	1.09508	8981
2024-01-11 18:00:00	1.09508	1.09605	1.09498	1.09571	10649
2024-01-11 18:30:00	1.09571	1.09661	1.09544	1.09647	6597
2024-01-11 19:00:00	1.09648	1.09806	1.09648	1.09786	9229
2024-01-11 19:30:00	1.09788	1.09829	1.09746	1.09819	8806
2024-01-11 20:00:00	1.0982	1.09825	1.09561	1.09606	11289
2024-01-11 20:30:00	1.09607	1.09726	1.09581	1.09713	6139
2024-01-11 21:00:00	1.09714	1.09738	1.09702	1.09721	3294
2024-01-11 21:30:00	1.09721	1.09751	1.09717	1.09717	3141
2024-01-11 22:00:00	1.09715	1.09738	1.09609	1.09732	1056
2024-01-11 22:30:00	1.09734	1.09739	1.0972	1.09724	2120
2024-01-11 23:00:00	1.09725	1.09767	1097	1.09756	1074
2024-01-11 23:30:00	1.09755	1.09825	1.09754	1.09824	1434
2024-01-12 00:00:00	1.09823	1.09846	1.0979	1.09793	3285
2024-01-12 00:30:00	1.09792	1.09794	1.09741	1.09756	4992
2024-01-12 01:00:00	1.09754	1.0978	1.09725	1.09763	5023
2024-01-12 01:30:00	1.09763	1.09842	1.09756	1.09826	4331
2024-01-12 02:00:00	1.09826	1.09853	1.09801	1.09813	4354
2024-01-12 02:30:00	1.09812	1.09822	1.09781	1.09796	5001
2024-01-12 03:00:00	1.09796	1.09826	1.09796	1.09818	1840
2024-01-12 03:30:00	1.09817	1.09828	1.0977	1.09776	1552
2024-01-12 04:00:00	1.09774	1.09774	1.09731	1.09748	1674
2024-01-12 04:30:00	1.09748	1.09771	1.09737	1.09755	1961
2024-01-12 05:00:00	1.09756	1.09803	1.09755	1.0977	2466
2024-01-12 05:30:00	1.0977	1.09772	1.09736	1.09755	3090
2024-01-12 06:00:00	1.09755	1.09786	1.0973	1.09773	2437
2024-01-12 06:30:00	1.09774	1.09776	1.09736	1.09752	2706
2024-01-12 07:00:00	1.09752	1.09778	1.09656	1.09674	8774
2024-01-12 07:30:00	1.09676	1.09689	1.09608	1.09666	6858
2024-01-12 08:00:00	1.09666	1.09791	1.09649	1.09778	8682
2024-01-12 08:30:00	1.09777	1.09827	1.09685	1.0975	9400
2024-01-12 09:00:00	1.09751	1.09798	1.09682	1.09703	8040
2024-01-12 09:30:00	1.09703	1.09703	1.0961	1.09624	9638
2024-01-12 10:00:00	1.09625	1.09627	1.09568	1.0961	5593
2024-01-12 10:30:00	1.09609	1.0964	1.09568	1096	5130
2024-01-12 11:00:00	1096	1.0962	1.09515	1.09539	4823
2024-01-12 11:30:00	1.09538	1.09548	1.09465	1.09496	6818
2024-01-12 12:00:00	1.09495	1.09518	1.09414	1.0947	9448
2024-01-12 12:30:00	1.09471	1.09495	1.09371	1.09377	6901
2024-01-12 13:00:00	1.09377	1.0951	1.09359	1.09501	10482
2024-01-12 13:30:00	1.09499	1.09695	1.09448	1.09552	28940
2024-01-12 14:00:00	1.09552	1.09685	1.09526	1.09679	17954
2024-01-12 14:30:00	1.09681	1.09849	1.09679	1.09757	20977
2024-01-12 15:00:00	1.09755	1.09868	1.09714	1.09793	16686
2024-01-12 15:30:00	1.09794	1.09829	1.09623	1.09661	16126
2024-01-12 16:00:00	1.09662	1.09738	1.09657	1.09723	12091
2024-01-12 16:30:00	1.09723	1.09729	1.09582	1.09583	9521
2024-01-12 17:00:00	1.09582	1.09587	1.09501	1.09536	8320
2024-01-12 17:30:00	1.09536	1.09538	1.0947	1.09496	5783
2024-01-12 18:00:00	1.09496	1.09577	1.09491	1.09574	4723
2024-01-12 18:30:00	1.09574	1.09596	1.09552	1.09594	3739
2024-01-12 19:00:00	1.09593	1.09633	1.09588	1.09603	3716
2024-01-12 19:30:00	1.09604	1.09612	1.09536	1.09559	3929
2024-01-12 20:00:00	1.09559	1.09563	1.0952	1.09544	2306
2024-01-12 20:30:00	1.09542	1.09556	1.09504	1.09512	3065
2024-01-12 21:00:00	1.09511	1.09526	1.09489	1.09493	2933
2024-01-12 21:30:00	1.09494	1.09515	1.09481	1.09483	2468
2024-01-14 22:00:00	1.0948	1.09496	1.09444	1.09489	1365
2024-01-14 22:30:00	1.09483	1.09502	1.09476	1.09495	1061
2024-01-14 23:00:00	1.09495	1.09495	1.09452	1.09466	1237
2024-01-14 23:30:00	1.09467	1.09478	1.0944	1.09451	1910
2024-01-15 00:00:00	1.09451	1.09471	1.09407	1.09459	3798
2024-01-15 00:30:00	1.09459	1.0954	1.09453	1.09534	5634
2024-01-15 01:00:00	1.09533	1.09556	1.09494	1.09497	3520
2024-01-15 01:30:00	1.09497	1.09561	1.09497	1.09547	3734
2024-01-15 02:00:00	1.09548	1.09645	1.09548	1.09629	3447
2024-01-15 02:30:00	1.09628	1.09655	1.09615	1.09648	3447
2024-01-15 03:00:00	1.09651	1.09675	1.09647	1.09654	2962
2024-01-15 03:30:00	1.09656	1.09665	1.09635	1.09643	3517
2024-01-15 04:00:00	1.09642	1.09643	1.0959	1.09591	2223
2024-01-15 04:30:00	1.09592	1.09629	1.09587	1.09628	1366
2024-01-15 05:00:00	1.09629	1.09637	1.09607	1.09627	1876
2024-01-15 05:30:00	1.09627	1.09659	1.09621	1.09639	2797
2024-01-15 06:00:00	1.0964	1.09666	1.09625	1.09642	3425
2024-01-15 06:30:00	1.09641	1.09661	1.09631	1.09639	3124
2024-01-15 07:00:00	1.09637	1.09662	1.09576	1.09602	6918
2024-01-15 07:30:00	1.09604	1.09623	1.09515	1.09533	7932
2024-01-15 08:00:00	1.09535	1.09649	1.09535	1.09623	7825
2024-01-15 08:30:00	1.09623	1.09628	1.09569	1.09579	8289
2024-01-15 09:00:00	1.0958	1.09588	1.09512	1.09537	6527
2024-01-15 09:30:00	1.09536	1.09558	1.0943	1.09466	7691
2024-01-15 10:00:00	1.09465	1.09466	1.09335	1.09354	8598
2024-01-15 10:30:00	1.09354	1.09419	1.09341	1094	5609
2024-01-15 11:00:00	1094	1.09463	1.09399	1.09463	4813
2024-01-15 11:30:00	1.09462	1.09489	1.09414	1.09453	5174
2024-01-15 12:00:00	1.09453	1.09567	1.09438	1.09504	5867
2024-01-15 12:30:00	1.09505	1.09589	1.09465	1.09538	7382
2024-01-15 13:00:00	1.09537	1.09541	1.09443	1.09473	8979
2024-01-15 13:30:00	1.09474	1.09528	1.09463	1.09505	4910
2024-01-15 14:00:00	1.09505	1.09519	1.09385	1.09418	5952
2024-01-15 14:30:00	1.09417	1.09439	1.09396	1.09433	5262
2024-01-15 15:00:00	1.09433	1.09467	1.09381	1.09452	6845
2024-01-15 15:30:00	1.0945	1.09508	1.09381	1.09496	6985
2024-01-15 16:00:00	1.09497	1.09523	1.09471	1.09523	3793
2024-01-15 16:30:00	1.09523	1.09523	1.09466	1.09472	4104
2024-01-15 17:00:00	1.09472	1.09518	1.0946	1.09518	1656
2024-01-15 17:30:00	1.0952	1.09524	1.09468	1.09481	1608
2024-01-15 18:00:00	1.0948	1.09499	1.09477	1.09498	535
2024-01-15 18:30:00	1.09498	1.09528	1.09489	1.09528	238
2024-01-15 19:00:00	1.09528	1.09536	1.09513	1.09526	1050
2024-01-15 19:30:00	1.09525	1.09525	1.09497	1.09504	953
2024-01-15 20:00:00	1.09506	1.09509	1.09491	1.09501	627
2024-01-15 20:30:00	1.09502	1.09517	1.09492	1.09517	949
2024-01-15 21:00:00	1.09516	1.09517	1.09498	1.09508	447
2024-01-15 21:30:00	1.09508	1.09513	1.09489	1.09494	375
2024-01-15 22:00:00	1.09494	1095	1.09454	1.0949	8616
2024-01-15 22:30:00	1.09491	1.09504	1.09486	1.09488	3838
2024-01-15 23:00:00	1.09493	1.0951	1.09469	1.0947	1607
2024-01-15 23:30:00	1.09471	1.09479	1.09447	1.09449	3249
2024-01-16 00:00:00	1.09447	1.09461	1.09384	1.0939	4050
2024-01-16 00:30:00	1.09389	1.09397	1.09191	1.09196	5668
2024-01-16 01:00:00	1.09197	1.09231	1.09154	1.09229	8310
2024-01-16 01:30:00	1.09229	1.09315	1.09225	1.09275	5308
2024-01-16 02:00:00	1.09276	1.09276	1.09219	1.0925	4268
2024-01-16 02:30:00	1.09254	1.09265	1.09215	1.09238	4149
2024-01-16 03:00:00	1.09238	1.09253	1.09191	1.09196	2484
2024-01-16 03:30:00	1.09195	1.09199	1.09161	1.09189	3016
2024-01-16 04:00:00	1.09187	1092	1.09173	1.09175	1976
2024-01-16 04:30:00	1.09174	1.0918	1.09134	1.09175	2316
2024-01-16 05:00:00	1.09175	1.09185	1.09148	1.09169	2796
2024-01-16 05:30:00	1.09168	1.09168	1.09126	1.09153	3657
2024-01-16 06:00:00	1.09153	1.09185	1.09127	1.09184	3652
2024-01-16 06:30:00	1.09183	1.09215	1.0917	1.09172	3694
2024-01-16 07:00:00	1.09176	1.09207	1.09086	1.09123	6999
2024-01-16 07:30:00	1.09123	1.09265	1.09122	1.09184	6566
2024-01-16 08:00:00	1.09184	1.09233	1.09104	1.09117	15144
2024-01-16 08:30:00	1.09116	1.09137	1.08944	1.09046	15030
2024-01-16 09:00:00	1.09045	1.09045	1.08906	1.08957	14886
2024-01-16 09:30:00	1.08957	1.08973	1.08839	1.0886	12541
2024-01-16 10:00:00	1.08864	1.08893	1.08829	1.08851	8445
2024-01-16 10:30:00	1.08851	1.08864	1.08792	1.08811	6203
2024-01-16 11:00:00	1.08811	1.08877	1.08739	1.08877	8430
2024-01-16 11:30:00	1.08877	1.08947	1.08869	1.08922	8559
2024-01-16 12:00:00	1.08923	1.08933	1.08869	1089	7988
2024-01-16 12:30:00	1.08901	1.08924	1.08837	1.08862	7681
2024-01-16 13:00:00	1.08863	1.08882	1.08746	1.08776	12598
2024-01-16 13:30:00	1.08776	1.08979	1.08716	1.08741	27306
2024-01-16 14:00:00	1.0874	1.08892	1.08712	1.08845	18749
2024-01-16 14:30:00	1.08845	1.08874	1.08665	1.08724	23074
2024-01-16 15:00:00	1.08726	1.08879	1.08656	1.0885	11401
2024-01-16 15:30:00	1.08849	1.08882	1.08779	1.08857	11272
2024-01-16 16:00:00	1.08856	1.08946	1.0862	1.08883	36602
2024-01-16 16:30:00	1.08883	1.08931	1.08772	1.08809	18241
2024-01-16 17:00:00	1.0881	1.08828	1.08646	1.08659	13909
2024-01-16 17:30:00	1.08658	1.08732	1.08628	1.08629	7635
2024-01-16 18:00:00	1.08629	1.08733	1.08628	1.08733	6858
2024-01-16 18:30:00	1.08732	1.0877	1.08666	1.08699	5434
2024-01-16 19:00:00	1087	1.08724	1.08677	1.08693	6093
2024-01-16 19:30:00	1.08694	1.08747	1.08683	1.08736	3601
2024-01-16 20:00:00	1.08737	1.08756	1.08708	1.08709	7350
2024-01-16 20:30:00	1.08709	1.08724	1087	1.08714	4734
2024-01-16 21:00:00	1.08716	1.08774	1.08714	1.08772	1094
2024-01-16 21:30:00	1.08773	1.08773	1.0874	1.08745	1382
2024-01-16 22:00:00	1.08744	1.08756	1.08721	1.08756	2508
2024-01-16 22:30:00	1.08755	1.08771	1.08749	1.08757	1988
2024-01-16 23:00:00	1.08754	1.08786	1.08749	1.08771	548
2024-01-16 23:30:00	1.0877	1.08784	1.08758	1.08784	844
2024-01-17 00:00:00	1.08786	1.08786	1.08723	1.08744	3139
2024-01-17 00:30:00	1.08746	1.08788	1.08743	1.08779	2246
2024-01-17 01:00:00	1.08778	1.08822	1.08751	1.08772	4204
2024-01-17 01:30:00	1.08771	1.08776	1.08733	1.08772	4979
2024-01-17 02:00:00	1.08774	1.08844	1.08751	1.08768	3593
2024-01-17 02:30:00	1.08767	1.08773	1.08738	1.08747	2589
2024-01-17 03:00:00	1.08747	1.08747	1.08663	1.08665	4168
2024-01-17 03:30:00	1.08666	1.08684	1.08651	1.08663	3672
2024-01-17 04:00:00	1.08662	1.08683	1.08647	1.08667	2952
2024-01-17 04:30:00	1.08666	1.08711	1.08661	1.08709	2444
2024-01-17 05:00:00	1.08709	1.08721	1.08628	1.08642	3784
2024-01-17 05:30:00	1.08643	1.0865	1.08607	1.08647	5199
2024-01-17 06:00:00	1.08649	1.08649	1.08561	1.08561	5776
2024-01-17 06:30:00	1.08562	1.08644	1.08554	1.08623	4924
2024-01-17 07:00:00	1.08625	1.08735	1.08594	1.0869	9405
2024-01-17 07:30:00	1.08689	1.08737	1.08586	1.08701	10813
2024-01-17 08:00:00	1.08701	1.08814	1.08701	1.08793	15032
2024-01-17 08:30:00	1.08796	1.08799	1.08662	1.08667	10200
2024-01-17 09:00:00	1.08668	1.08697	1.08609	1.08627	10239
2024-01-17 09:30:00	1.08626	1.08786	1.08626	1.08766	7250
2024-01-17 10:00:00	1.08764	1.08839	1.08734	1.08739	9447
2024-01-17 10:30:00	1.08738	1.08746	1.0867	1.08717	6690
2024-01-17 11:00:00	1.08719	1.08775	1.08697	1.0875	5626
2024-01-17 11:30:00	1.0875	1.08831	1.08744	1.08785	4441
2024-01-17 12:00:00	1.08785	1.08813	1.08724	1.08735	5536
2024-01-17 12:30:00	1.08734	1.08766	1.08694	1.08743	5087
2024-01-17 13:00:00	1.08744	1.08785	1.08654	1.08701	9799
2024-01-17 13:30:00	1.08701	1.08701	1.08512	1.08638	29593
2024-01-17 14:00:00	1.08639	1.08702	1.08605	1.08644	15181
2024-01-17 14:30:00	1.08644	1.08682	1.08477	1.08488	18217
2024-01-17 15:00:00	1.08488	1.08708	1.08465	1.08563	17076
2024-01-17 15:30:00	1.08561	1.08638	1.08445	1.0849	15133
2024-01-17 16:00:00	1.08489	1.08646	1.08487	1.08526	12058
2024-01-17 16:30:00	1.08527	1.08606	1.08476	1.08572	11060
2024-01-17 17:00:00	1.08573	1.08643	1.08573	1.08589	6386
2024-01-17 17:30:00	1.08589	1087	1.08568	1.08669	7630
2024-01-17 18:00:00	1.08671	1.08672	1.08566	1.08585	9061
2024-01-17 18:30:00	1.08585	1.08673	1.08565	1.08657	5108
2024-01-17 19:00:00	1.08657	1.08745	1.08657	1.08713	3980
2024-01-17 19:30:00	1.08714	1.08787	1.08706	1.08738	5882
2024-01-17 20:00:00	1.08737	1.08756	1.08702	1.08728	6111
2024-01-17 20:30:00	1.08728	1.0882	1.08728	1.0881	3085
2024-01-17 21:00:00	1.08809	1.08827	1.08808	1.08818	887
2024-01-17 21:30:00	1.08819	1.08826	1.08809	1.08818	1432
2024-01-17 22:00:00	1.08816	1.08823	1.08801	1.08808	1747
2024-01-17 22:30:00	1.08808	1.08829	1.08792	1.08803	6482
2024-01-17 23:00:00	1.08804	1.08841	1.08804	1.08835	1967
2024-01-17 23:30:00	1.08837	1.0886	1.08835	1.0886	960
2024-01-18 00:00:00	1.08861	1.08864	1.08814	1.08824	3166
2024-01-18 00:30:00	1.08823	1.08942	1.08802	1.08938	4624
2024-01-18 01:00:00	1.08939	1.09008	1.08924	1.08977	10648
2024-01-18 01:30:00	1.08978	1.08997	1.08923	1.0896	6726
2024-01-18 02:00:00	1.08961	1.09028	1.08949	1.08959	5147
2024-01-18 02:30:00	1.08958	1.08968	1.0893	1.08933	3555
2024-01-18 03:00:00	1.08932	1.0898	1.08905	1.08957	4713
2024-01-18 03:30:00	1.08958	1.08978	1.08939	1.08954	2632
2024-01-18 04:00:00	1.08953	1.08957	1.08911	1.08942	2578
2024-01-18 04:30:00	1.08943	1.08963	1.0892	1.08941	2798
2024-01-18 05:00:00	1.0894	1.08961	1.08912	1.08919	3110
2024-01-18 05:30:00	1.08918	1.08959	1.08904	1.08947	4110
2024-01-18 06:00:00	1.08948	1.09063	1.08947	1.0905	4766
2024-01-18 06:30:00	1.09051	1.09067	1.09025	1.09039	4406
2024-01-18 07:00:00	1.0904	1.09063	1.08952	1.0896	6895
2024-01-18 07:30:00	1.08961	1.08965	1.08863	1.08881	7776
2024-01-18 08:00:00	1.08878	1.08889	1.08786	1.08853	10564
2024-01-18 08:30:00	1.08852	1.08854	1.08775	1.08797	7128
2024-01-18 09:00:00	1.08797	1.08947	1.08766	1.08941	8885
2024-01-18 09:30:00	1.0894	1.08995	1.08839	1.08845	8770
2024-01-18 10:00:00	1.08845	1.08926	1.08828	1.08906	6577
2024-01-18 10:30:00	1.08906	1.08959	1.08875	1.08949	4975
2024-01-18 11:00:00	1.08948	1.08953	1.08864	1.08903	5329
2024-01-18 11:30:00	1.08903	1.08908	1.08846	1.08891	4859
2024-01-18 12:00:00	1.0889	1.08939	1.08861	1.08865	6942
2024-01-18 12:30:00	1.08865	1.08865	1.08746	1.08774	8016
2024-01-18 13:00:00	1.08774	1.08775	1.08659	1.08665	11111
2024-01-18 13:30:00	1.08669	1.08743	1.08504	1.08524	24625
2024-01-18 14:00:00	1.08523	1.08688	1.08518	1.08639	17654
2024-01-18 14:30:00	1.08637	1.08683	1.08492	1.08594	29064
2024-01-18 15:00:00	1.08595	1.08671	1.0853	1.08606	23883
2024-01-18 15:30:00	1.08607	1.0868	1.08466	1.08521	18404
2024-01-18 16:00:00	1.08519	1.08679	1.08504	1.08677	16371
2024-01-18 16:30:00	1.08678	1.08701	1.08599	1.08618	11562
2024-01-18 17:00:00	1.08617	1.08617	1.08501	1.08589	10960
2024-01-18 17:30:00	1.08589	1.08644	1.08556	1.08596	4287
2024-01-18 18:00:00	1.08591	1.08603	1.08542	1.08587	8312
2024-01-18 18:30:00	1.08586	1.08658	1.08573	1.08637	5125
2024-01-18 19:00:00	1.08636	1.08681	1.08623	1.08677	7678
2024-01-18 19:30:00	1.08676	1.08691	1.08601	1.08617	6908
2024-01-18 20:00:00	1.08617	1.0867	1.08607	1.08665	4907
2024-01-18 20:30:00	1.08665	1.08694	1.08637	1.0869	4920
2024-01-18 21:00:00	1.08689	1.08752	1.08684	1.08741	2023
2024-01-18 21:30:00	1.08742	1.08773	1.08741	1.08757	2018
2024-01-18 22:00:00	1.08757	1.08757	1087	1.0875	1211
2024-01-18 22:30:00	1.08749	1.0876	1.08709	1.08722	2564
2024-01-18 23:00:00	1.08724	1.08789	1.08724	1.08774	827
2024-01-18 23:30:00	1.08772	1.08804	1.08747	1.08799	1106
2024-01-19 00:00:00	1088	1.08814	1.08777	1.08807	2105
2024-01-19 00:30:00	1.08809	1.08817	1.08783	1.08798	3285
2024-01-19 01:00:00	1.08799	1.08814	1.08762	1.08798	3375
2024-01-19 01:30:00	1.08799	1.08873	1.08798	1.08855	2732
2024-01-19 02:00:00	1.08854	1.08887	1.08826	1.08884	3439
2024-01-19 02:30:00	1.08884	1.08896	1.08865	1.08881	3819
2024-01-19 03:00:00	1.08882	1.08893	1.08872	1.08873	3137
2024-01-19 03:30:00	1.08874	1.0889	1.08854	1.08889	2328
2024-01-19 04:00:00	1.0889	1.08894	1.08853	1.08863	2341
2024-01-19 04:30:00	1.08864	1.08881	1.08862	1.08864	1328
2024-01-19 05:00:00	1.08865	1.0887	1.08837	1.08843	3013
2024-01-19 05:30:00	1.08843	1.08848	1.08795	1.08808	3979
2024-01-19 06:00:00	1.08809	1.08816	1.08765	1.08773	4453
2024-01-19 06:30:00	1.08773	1.08822	1.08754	1.08809	3945
2024-01-19 07:00:00	1.08809	1.08828	1.08745	1.08784	7553
2024-01-19 07:30:00	1.08785	1.08862	1.08778	1.08794	4645
2024-01-19 08:00:00	1.08793	1.08818	1.08714	1.08724	7109
2024-01-19 08:30:00	1.08724	1.08793	1.08681	1.08771	6247
2024-01-19 09:00:00	1.08771	1.08846	1.08714	1.08839	7064
2024-01-19 09:30:00	1.0884	1.08849	1.08758	1.08829	6263
2024-01-19 10:00:00	1.08827	1.08849	1.0875	1.08752	7101
2024-01-19 10:30:00	1.08752	1.08826	1.0873	1.08808	4574
2024-01-19 11:00:00	1.08809	1.08896	1.08791	1.08889	4115
2024-01-19 11:30:00	1.0889	1.0893	1.08852	1.08873	5016
2024-01-19 12:00:00	1.08873	1.0888	1.08805	1.08831	4741
2024-01-19 12:30:00	1.08832	1.08851	1088	1.08826	4236
2024-01-19 13:00:00	1.08825	1.08887	1.08813	1.08849	7287
2024-01-19 13:30:00	1.08848	1.08896	1.08754	1.08805	11489
2024-01-19 14:00:00	1.08806	1.08837	1.08731	1.08736	10530
2024-01-19 14:30:00	1.08736	1.08803	1.08656	1.08801	14479
2024-01-19 15:00:00	1.08798	1089	1.08697	1.0878	22385
2024-01-19 15:30:00	1.08778	1.08843	1.08724	1.08825	14492
2024-01-19 16:00:00	1.08824	1.08873	1.08806	1.08863	9662
2024-01-19 16:30:00	1.08864	1.08879	1.0881	1.08866	8964
2024-01-19 17:00:00	1.08867	1089	1088	1.08898	8227
2024-01-19 17:30:00	1.08897	1.08933	1.08844	1.08896	10479
2024-01-19 18:00:00	1.08896	1.08963	1.08859	1.08934	3935
2024-01-19 18:30:00	1.08934	1.08939	1.0889	1.0892	2550
2024-01-19 19:00:00	1.08921	1.08947	1.08884	1.08894	4119
2024-01-19 19:30:00	1.08895	1.08942	1.0888	1.08922	4793
2024-01-19 20:00:00	1.08924	1.08953	1.08899	1.08917	3627
2024-01-19 20:30:00	1.08919	1.08957	1.08909	1.0895	3045
2024-01-19 21:00:00	1.08948	1.08968	1.08937	1.08948	3470
2024-01-19 21:30:00	1.08947	1.08983	1.08943	1.0896	3001
2024-01-21 22:00:00	1.08906	1.08959	1.08887	1.08936	378
2024-01-21 22:30:00	1.08936	1.08947	1.08878	1.08924	1975
2024-01-21 23:00:00	1.08918	1.08976	1.08907	1.0891	1575
2024-01-21 23:30:00	1.0891	1.08933	1.08904	1.0892	1218
2024-01-22 00:00:00	1.0892	1.08962	1.08912	1.08919	2083
2024-01-22 00:30:00	1.08918	1.09014	1.08917	1.09011	3457
2024-01-22 01:00:00	1.09012	1.0905	1.08987	1.09004	5105
2024-01-22 01:30:00	1.09002	1.09047	1.08998	1.09018	2983
2024-01-22 02:00:00	1.09018	1.09091	1.08996	1.09078	2972
2024-01-22 02:30:00	1.09079	1.09084	1.09053	1.09072	2802
2024-01-22 03:00:00	1.09073	1.09077	1.09035	1.0904	2948
2024-01-22 03:30:00	1.0904	1.0906	1.09013	1.09019	2531
2024-01-22 04:00:00	1.09021	1.09045	1.09014	1.09034	1622
2024-01-22 04:30:00	1.09033	1.09033	1.09008	1.09028	2057
2024-01-22 05:00:00	1.09029	1.09045	1.09	1.09004	2167
2024-01-22 05:30:00	1.09003	1.09029	1.08985	1.09014	2736
2024-01-22 06:00:00	1.09015	1.09088	1.09013	1.09084	3873
2024-01-22 06:30:00	1.09084	1.09094	1.0903	1.09048	4154
2024-01-22 07:00:00	1.09047	1.09079	1.09011	1.09025	5664
2024-01-22 07:30:00	1.09025	1.09043	1.08972	1.08977	5911
2024-01-22 08:00:00	1.08975	1.09008	1.08906	1.08989	8670
2024-01-22 08:30:00	1.08989	1.08989	1.0887	1.08917	7861
2024-01-22 09:00:00	1.08916	1.09023	1.08898	1.08966	7082
2024-01-22 09:30:00	1.08967	1.08994	1.08923	1.08969	5480
2024-01-22 10:00:00	1.08969	1.08969	1.08888	1.08898	5934
2024-01-22 10:30:00	1.08897	1.08919	1.08858	1.08867	5393
2024-01-22 11:00:00	1.08867	1.08901	1.08815	1.08836	6838
2024-01-22 11:30:00	1.08837	1.08904	1.08833	1.08898	4030
2024-01-22 12:00:00	1.08899	1.08983	1.08881	1.08967	6073
2024-01-22 12:30:00	1.08966	1.08995	1.08894	1.08925	7452
2024-01-22 13:00:00	1.08925	1.08947	1.08829	1.08881	10427
2024-01-22 13:30:00	1.08881	1.08952	1088	1.08915	9286
2024-01-22 14:00:00	1.08917	1.0892	1.08856	1.08913	7685
2024-01-22 14:30:00	1.08912	1.08963	1.08853	1.08897	14199
2024-01-22 15:00:00	1.08896	1.08981	1.08869	1.08947	4862
2024-01-22 15:30:00	1.08947	1.08951	1.08824	1.08852	9142
2024-01-22 16:00:00	1.08851	1.08922	1.08819	1.08908	6459
2024-01-22 16:30:00	1.08909	1.08943	1.08866	1.08938	5520
2024-01-22 17:00:00	1.08938	1.08979	1.08906	1.08978	3519
2024-01-22 17:30:00	1.0898	1.09	1.08963	1.08964	3324
2024-01-22 18:00:00	1.08963	1.08963	1.08854	1.08858	6020
2024-01-22 18:30:00	1.08856	1.08903	1.08838	1.08901	5006
2024-01-22 19:00:00	1089	1.08911	1.08803	1.08804	4089
2024-01-22 19:30:00	1.08803	1.08883	1.08803	1.08847	3681
2024-01-22 20:00:00	1.08849	1.08854	1.08803	1.08834	4303
2024-01-22 20:30:00	1.08834	1.08852	1.08815	1.08841	2716
2024-01-22 21:00:00	1.08841	1.08849	1.08821	1.08823	1456
2024-01-22 21:30:00	1.08821	1.08833	1.08815	1.08819	1668
2024-01-22 22:00:00	1.08816	1.08846	1088	1.08827	3568
2024-01-22 22:30:00	1.08827	1.08836	1.08798	1.08811	6055
2024-01-22 23:00:00	1.0881	1.08816	1.08787	1.08798	1642
2024-01-22 23:30:00	1.08798	1.08806	1.08768	1.08772	1337
2024-01-23 00:00:00	1.08776	1.08792	1.08756	1.08788	1696
2024-01-23 00:30:00	1.08789	1.08839	1.08789	1.08831	1706
2024-01-23 01:00:00	1.08831	1.08839	1.0878	1.08791	2114
2024-01-23 01:30:00	1.08788	1.08885	1.08766	1.08883	3759
2024-01-23 02:00:00	1.08883	1.0892	1.08848	1.08918	6973
2024-01-23 02:30:00	1.08919	1.08939	1.08866	1.08873	3275
2024-01-23 03:00:00	1.08875	1.08904	1.08853	1.08886	5032
2024-01-23 03:30:00	1.08885	1.08949	1.08885	1.08927	3953
2024-01-23 04:00:00	1.08928	1.08959	1.08916	1.08936	2363
2024-01-23 04:30:00	1.08937	1.08986	1.08936	1.08983	2377
2024-01-23 05:00:00	1.08984	1.09002	1.08967	1.09001	4074
2024-01-23 05:30:00	1.09001	1.09079	1.09001	1.09069	3483
2024-01-23 06:00:00	1.09069	1.09079	1.09016	1.09074	5054
2024-01-23 06:30:00	1.09075	1.09141	1.0905	1.09139	7649
2024-01-23 07:00:00	1.0914	1.09162	1.0906	1.09089	8769
2024-01-23 07:30:00	1.09091	1.09131	1.09038	1.09083	9682
2024-01-23 08:00:00	1.09084	1.09105	1.09014	1.09038	10673
2024-01-23 08:30:00	1.09037	1.09074	1.08924	1.08951	8789
2024-01-23 09:00:00	1.0895	1.08951	1.08855	1.08919	8684
2024-01-23 09:30:00	1.08919	1.08934	1.08837	1.08874	5353
2024-01-23 10:00:00	1.08873	1.08882	1.08809	1.08844	5977
2024-01-23 10:30:00	1.08843	1.08856	1.08674	1.08694	6116
2024-01-23 11:00:00	1.08695	1.08719	1086	1.08634	7133
2024-01-23 11:30:00	1.08635	1.08675	1.0862	1.08663	4018
2024-01-23 12:00:00	1.08663	1.08732	1.08616	1.08621	6319
2024-01-23 12:30:00	1.08621	1.08666	1.08603	1.08637	5991
2024-01-23 13:00:00	1.08639	1.08717	1.08639	1.0871	6916
2024-01-23 13:30:00	1.0871	1.08758	1.08675	1.0874	7869
2024-01-23 14:00:00	1.08739	1.0874	1.08626	1.08646	8682
2024-01-23 14:30:00	1.08646	1.0865	1.08484	1.08526	17336
2024-01-23 15:00:00	1.08528	1.08582	1.0835	1.08383	12394
2024-01-23 15:30:00	1.08384	1.08386	1.08215	1.08308	17503
2024-01-23 16:00:00	1.0831	1.08395	1.08289	1.08381	10622
2024-01-23 16:30:00	1.08381	1.08381	1.08256	1.08282	9043
2024-01-23 17:00:00	1.08281	1.08357	1.08244	1.08347	4952
2024-01-23 17:30:00	1.08346	1.08353	1.08246	1.08314	6303
2024-01-23 18:00:00	1.08315	1.08392	1.08302	1.08379	5609
2024-01-23 18:30:00	1.0838	1.08393	1.08339	1.0837	4607
2024-01-23 19:00:00	1.08371	1.0841	1.08358	1.08403	3702
2024-01-23 19:30:00	1.08405	1.08477	1084	1.08451	4364
2024-01-23 20:00:00	1.08452	1.08491	1.08435	1.08447	2585
2024-01-23 20:30:00	1.08446	1.08501	1.08437	1.08496	2214
2024-01-23 21:00:00	1.08498	1.08547	1.08482	1.08532	1510
2024-01-23 21:30:00	1.08532	1.08559	1.08514	1.0853	2510
2024-01-23 22:00:00	1.08529	1.08534	1.08446	1.08534	3370
2024-01-23 22:30:00	1.08533	1.08546	1.0849	1.08522	3266
2024-01-23 23:00:00	1.08522	1.0859	1.08522	1.08584	857
2024-01-23 23:30:00	1.08585	1.08593	1.08559	1.08572	1110
2024-01-24 00:00:00	1.08573	1.08599	1.08556	1.08559	2006
2024-01-24 00:30:00	1.0856	1.08585	1.08552	1.08559	2946
2024-01-24 01:00:00	1.08558	1.08578	1.08514	1.08568	5385
2024-01-24 01:30:00	1.08569	1.08593	1.0856	1.08579	5466
2024-01-24 02:00:00	1.0858	1.08584	1.08533	1.08568	3179
2024-01-24 02:30:00	1.08568	1.08576	1.08547	1.08569	2241
2024-01-24 03:00:00	1.08569	1.0861	1.08565	1.08604	2760
2024-01-24 03:30:00	1.08602	1.08614	1.08588	1.08589	4175
2024-01-24 04:00:00	1.08592	1.08604	1.08581	1.08591	3196
2024-01-24 04:30:00	1.08592	1.0866	1.08592	1.08645	3728
2024-01-24 05:00:00	1.08644	1.08645	1.08592	1.08606	4011
2024-01-24 05:30:00	1.08607	1.08642	1.08603	1.08621	3548
2024-01-24 06:00:00	1.0862	1.08647	1.08607	1.08644	4127
2024-01-24 06:30:00	1.08643	1.08665	1.08623	1.08633	4112
2024-01-24 07:00:00	1.08633	1087	1.08602	1.08695	5578
2024-01-24 07:30:00	1.08694	1.08794	1.08694	1.08732	9833
2024-01-24 08:00:00	1.08733	1.08794	1.08687	1.08732	15737
2024-01-24 08:30:00	1.08738	1.08801	1.08625	1.08696	11517
2024-01-24 09:00:00	1.08701	1.08919	1.08695	1.08877	8882
2024-01-24 09:30:00	1.0888	1.09077	1.0888	1.09027	15715
2024-01-24 10:00:00	1.09027	1.09048	1.08955	1.08966	9912
2024-01-24 10:30:00	1.08966	1.09001	1.08931	1.08977	7046
2024-01-24 11:00:00	1.08976	1.09006	1.08939	1.08965	5360
2024-01-24 11:30:00	1.08964	1.09014	1.08909	1.08927	6401
2024-01-24 12:00:00	1.08928	1.08953	1.08874	1.08878	7074
2024-01-24 12:30:00	1.08879	1.08991	1.08875	1.08948	6699
2024-01-24 13:00:00	1.08948	1.09134	1.08935	1.09119	10513
2024-01-24 13:30:00	1.09122	1.09271	1.09085	1.09249	12469
2024-01-24 14:00:00	1.09249	1.09319	1.0919	1.09314	10455
2024-01-24 14:30:00	1.09315	1.09323	1.09016	1.09032	29213
2024-01-24 15:00:00	1.09033	1.09075	1.08957	1.09064	26829
2024-01-24 15:30:00	1.09063	1.09064	1.08932	1.09007	18720
2024-01-24 16:00:00	1.09007	1.09047	1.08904	1.09024	16560
2024-01-24 16:30:00	1.09026	1.09053	1.08946	1.09005	10771
2024-01-24 17:00:00	1.09003	1.09023	1.08954	1.0902	7026
2024-01-24 17:30:00	1.0902	1.09086	1.09011	1.09052	4669
2024-01-24 18:00:00	1.09052	1.0906	1.08905	1.0895	10240
2024-01-24 18:30:00	1.08949	1.08975	1.08903	1.08927	6889
2024-01-24 19:00:00	1.08925	1.08932	1.08813	1.0886	5234
2024-01-24 19:30:00	1.08861	1.08904	1.08838	1.08883	4994
2024-01-24 20:00:00	1.08882	1.08905	1.08834	1.08845	7455
2024-01-24 20:30:00	1.08843	1.08865	1.08791	1088	5211
2024-01-24 21:00:00	1.08799	1.08818	1.08776	1.08817	1859
2024-01-24 21:30:00	1.08818	1.08852	1.08812	1.08844	1518
2024-01-24 22:00:00	1.08843	1.08854	1.08811	1.08847	1962
2024-01-24 22:30:00	1.08847	1.08861	1.08838	1.08851	2154
2024-01-24 23:00:00	1.08851	1.08861	1.08839	1.0884	989
2024-01-24 23:30:00	1.0884	1.0884	1.0881	1.0881	853
2024-01-25 00:00:00	1.08811	1.08812	1.08725	1.08737	4082
2024-01-25 00:30:00	1.08736	1.08768	1.08722	1.08742	3362
2024-01-25 01:00:00	1.08742	1.08742	1.08702	1.08728	5608
2024-01-25 01:30:00	1.08726	1.08786	1.08722	1.08775	4655
2024-01-25 02:00:00	1.08777	1.08794	1.08752	1.08792	3124
2024-01-25 02:30:00	1.08791	1.08798	1.08749	1.08772	2675
2024-01-25 03:00:00	1.08772	1.08818	1.08772	1.08793	2269
2024-01-25 03:30:00	1.08794	1.08799	1.08773	1.08778	1924
2024-01-25 04:00:00	1.08777	1.08812	1.08773	1.08802	1498
2024-01-25 04:30:00	1.08803	1.08803	1.08744	1.08754	2262
2024-01-25 05:00:00	1.08754	1.0878	1.08748	1.08778	1853
2024-01-25 05:30:00	1.08777	1.08788	1.08756	1.08781	1780
2024-01-25 06:00:00	1.08781	1.08818	1.08757	1.08817	2385
2024-01-25 06:30:00	1.08817	1.08865	1.08816	1.0886	2380
2024-01-25 07:00:00	1.0886	1.08913	1.08853	1.08893	3075
2024-01-25 07:30:00	1.08895	1.08904	1.0884	1.08878	5312
2024-01-25 08:00:00	1.08877	1.08916	1.08828	1.0891	8508
2024-01-25 08:30:00	1.0891	1.08996	1.08899	1.08988	6317
2024-01-25 09:00:00	1.08988	1.08996	1.08925	1.08931	9930
2024-01-25 09:30:00	1.08932	1.0899	1.08917	1.08959	8140
2024-01-25 10:00:00	1.08958	1.08987	1.08926	1.08952	5769
2024-01-25 10:30:00	1.08953	1.08979	1.08919	1.08929	5649
2024-01-25 11:00:00	1.0893	1.08938	1.0888	1.08885	5073
2024-01-25 11:30:00	1.08886	1.08951	1.08866	1.08948	3576
2024-01-25 12:00:00	1.08949	1.08956	1.0886	1.08884	4269
2024-01-25 12:30:00	1.08884	1.08949	1.08856	1.08881	4217
2024-01-25 13:00:00	1.08882	1.09018	1.08844	1.08895	14120
2024-01-25 13:30:00	1.08892	1.08999	1.08668	1.08792	47444
2024-01-25 14:00:00	1.08792	1.08792	1.0855	1.08674	34225
2024-01-25 14:30:00	1.08675	1.08675	1.0853	1086	21163
2024-01-25 15:00:00	1086	1.08613	1.08374	1.0844	26282
2024-01-25 15:30:00	1.08442	1.08456	1.08293	1.08317	18413
2024-01-25 16:00:00	1.08316	1.08396	1.08242	1.08363	11549
2024-01-25 16:30:00	1.08364	1.0838	1.08335	1.08362	9171
2024-01-25 17:00:00	1.08363	1.08519	1.08325	1.08444	11064
2024-01-25 17:30:00	1.08443	1.08448	1.08312	1.08375	8354
2024-01-25 18:00:00	1.08375	1.08467	1.08345	1.0841	12220
2024-01-25 18:30:00	1.08409	1.08412	1083	1.08301	8114
2024-01-25 19:00:00	1.08301	1.08311	1.08216	1.08279	10048
2024-01-25 19:30:00	1.08278	1.08376	1.08267	1.08359	5869
2024-01-25 20:00:00	1.08358	1.08376	1.08334	1.08339	3732
2024-01-25 20:30:00	1.0834	1.08404	1.08336	1.08397	3925
2024-01-25 21:00:00	1.08398	1.08448	1.0839	1.08442	1559
2024-01-25 21:30:00	1.08441	1.08479	1.08441	1.0846	1737
2024-01-25 22:00:00	1.08449	1.08467	1.08436	1.08462	500
2024-01-25 22:30:00	1.08461	1.08477	1.08454	1.08464	2453
2024-01-25 23:00:00	1.08462	1.08469	1.08426	1.08454	1239
2024-01-25 23:30:00	1.08453	1.08475	1.0843	1.08454	1201
2024-01-26 00:00:00	1.08455	1.08459	1.08382	1.08384	3753
2024-01-26 00:30:00	1.08383	1.08444	1.08373	1.08398	3837
2024-01-26 01:00:00	1.08399	1.08454	1.08391	1.08443	4116
2024-01-26 01:30:00	1.08442	1.08466	1.08428	1.08443	4155
2024-01-26 02:00:00	1.08444	1.08488	1.08438	1.08479	2543
2024-01-26 02:30:00	1.08479	1.08484	1.08439	1.08441	3523
2024-01-26 03:00:00	1.08441	1.08475	1.0844	1.08449	2324
2024-01-26 03:30:00	1.08449	1.08461	1.0844	1.08449	1289
2024-01-26 04:00:00	1.08449	1.08449	1.08416	1.08433	1679
2024-01-26 04:30:00	1.08434	1.08436	1.08379	1.08395	2333
2024-01-26 05:00:00	1.08395	1.0841	1.08383	1.08398	2578
2024-01-26 05:30:00	1.08399	1.08437	1.08388	1.08424	3805
2024-01-26 06:00:00	1.08423	1.08427	1.08356	1.08383	3348
2024-01-26 06:30:00	1.08382	1.08382	1.08285	1.08293	5167
2024-01-26 07:00:00	1.08292	1.08303	1.08151	1.08164	8504
2024-01-26 07:30:00	1.08164	1.08214	1.08128	1.08194	11447
2024-01-26 08:00:00	1.08193	1.08293	1.08173	1.08275	12611
2024-01-26 08:30:00	1.08276	1.08421	1.08269	1.08402	8267
2024-01-26 09:00:00	1.08403	1.08477	1.08341	1.08382	12843
2024-01-26 09:30:00	1.08384	1.08505	1.08377	1.08441	9075
2024-01-26 10:00:00	1.08443	1.08615	1.08442	1.0861	6577
2024-01-26 10:30:00	1.08611	1.08662	1.08581	1.08647	5666
2024-01-26 11:00:00	1.08648	1.08761	1.08642	1.08736	9769
2024-01-26 11:30:00	1.08735	1.08746	1.08685	1.08745	7968
2024-01-26 12:00:00	1.08745	1.08757	1.08705	1.08705	6312
2024-01-26 12:30:00	1.08703	1.08739	1.08656	1.08673	6894
2024-01-26 13:00:00	1.08674	1.08783	1.08654	1.0874	9657
2024-01-26 13:30:00	1.08742	1.08854	1.08563	1.08719	26613
2024-01-26 14:00:00	1.08718	1.08802	1.08639	1.0864	15576
2024-01-26 14:30:00	1.08642	1.08742	1.08609	1.08739	13300
2024-01-26 15:00:00	1.08739	1.08739	1.0855	1.08572	17483
2024-01-26 15:30:00	1.08568	1.08662	1.08557	1.08641	7125
2024-01-26 16:00:00	1.0864	1.08685	1.08589	1.08663	6776
2024-01-26 16:30:00	1.08662	1.08694	1.08616	1.08649	6188
2024-01-26 17:00:00	1.08649	1.08704	1.0862	1.08649	5840
2024-01-26 17:30:00	1.08648	1.08648	1.08591	1.08636	4535
2024-01-26 18:00:00	1.08636	1.08658	1.08611	1.08633	3785
2024-01-26 18:30:00	1.08635	1.08637	1.08537	1.08556	5034
2024-01-26 19:00:00	1.08556	1.08598	1.08552	1.08568	3088
2024-01-26 19:30:00	1.08569	1.08616	1.08561	1.08581	4305
2024-01-26 20:00:00	1.08582	1.08622	1.08572	1.08591	2125
2024-01-26 20:30:00	1.08592	1.08597	1.08532	1.08545	2263
2024-01-26 21:00:00	1.08544	1.08568	1.08535	1.08545	1657
2024-01-26 21:30:00	1.08544	1.08551	1.08502	1.08504	2896
2024-01-28 22:00:00	1.08468	1.08484	1.08414	1.08449	1140
2024-01-28 22:30:00	1.08448	1.08474	1.08429	1.08451	4379
2024-01-28 23:00:00	1.08451	1.0849	1.08419	1.08456	4245
2024-01-28 23:30:00	1.08455	1.08466	1.08418	1.08422	1751
2024-01-29 00:00:00	1.08423	1.08442	1.08413	1.08428	2360
2024-01-29 00:30:00	1.08426	1.0845	1.08417	1.08448	2999
2024-01-29 01:00:00	1.08448	1.08484	1.08438	1.08446	4169
2024-01-29 01:30:00	1.08448	1.08489	1.08433	1.08439	3085
2024-01-29 02:00:00	1.08439	1.08439	1.08393	1.08429	2690
2024-01-29 02:30:00	1.08428	1.08451	1.08416	1.08435	1926
2024-01-29 03:00:00	1.08435	1.08466	1.08428	1.08438	1985
2024-01-29 03:30:00	1.08439	1.08458	1.08424	1.08451	1546
2024-01-29 04:00:00	1.08452	1.08469	1.08437	1.08451	1230
2024-01-29 04:30:00	1.0845	1.08476	1.08438	1.08448	1634
2024-01-29 05:00:00	1.08446	1.08449	1.08397	1.08408	2159
2024-01-29 05:30:00	1.08408	1.08424	1.08395	1.08399	1784
2024-01-29 06:00:00	1084	1.0845	1.08392	1.08429	2736
2024-01-29 06:30:00	1.08429	1.08472	1.08423	1.08465	2853
2024-01-29 07:00:00	1.08464	1.08474	1.08414	1.08469	5468
2024-01-29 07:30:00	1.0847	1085	1.08349	1.08371	6710
2024-01-29 08:00:00	1.0837	1.08401	1.08331	1.08375	7269
2024-01-29 08:30:00	1.08376	1.08418	1.08331	1.08346	5986
2024-01-29 09:00:00	1.08345	1.08356	1.0826	1.08271	7695
2024-01-29 09:30:00	1.08272	1.08325	1.08231	1.08251	7183
2024-01-29 10:00:00	1.08248	1.08253	1.08151	1.08164	6449
2024-01-29 10:30:00	1.08164	1.08195	1.08139	1.08189	4825
2024-01-29 11:00:00	1.0819	1.0825	1.08163	1.08188	5575
2024-01-29 11:30:00	1.08188	1.0827	1.08185	1.08228	3718
2024-01-29 12:00:00	1.08228	1.08326	1.08221	1.08324	5045
2024-01-29 12:30:00	1.08323	1.08368	1.08203	1.08219	7868
2024-01-29 13:00:00	1.0822	1.08233	1.08138	1.08213	7089
2024-01-29 13:30:00	1.08214	1.08243	1.08182	1.08203	8015
2024-01-29 14:00:00	1.08201	1.08226	1.08089	1.0809	7775
2024-01-29 14:30:00	1.0809	1.08105	1.08042	1.0807	9098
2024-01-29 15:00:00	1.08068	1.08106	1.07981	1.08013	7632
2024-01-29 15:30:00	1.08013	1.08051	1.07962	1.07972	10486
2024-01-29 16:00:00	1.07974	1.08087	1.07958	1.08073	7086
2024-01-29 16:30:00	1.08076	1.08078	1.08015	1.08059	4948
2024-01-29 17:00:00	1.08058	1.0816	1.08055	1.0815	4355
2024-01-29 17:30:00	1.08152	1.0816	1.08116	1.08116	4419
2024-01-29 18:00:00	1.08117	1.08124	1.08092	1.08117	5182
2024-01-29 18:30:00	1.08118	1.08131	1.08098	1.08114	3038
2024-01-29 19:00:00	1.08114	1.08178	1.08099	1.08176	3544
2024-01-29 19:30:00	1.08175	1.08199	1.08168	1.08189	1929
2024-01-29 20:00:00	1.08189	1.08404	1.08189	1.08367	10425
2024-01-29 20:30:00	1.08367	1.08378	1.0829	1.08311	7907
2024-01-29 21:00:00	1.08311	1.08336	1.08267	1.08332	2140
2024-01-29 21:30:00	1.08333	1.08348	1.08322	1.08323	1759
2024-01-29 22:00:00	1.08307	1.08328	1.08299	1.08325	291
2024-01-29 22:30:00	1.08325	1.08336	1.08305	1.08325	3751
2024-01-29 23:00:00	1.08325	1.08368	1.08325	1.08363	760
2024-01-29 23:30:00	1.08365	1.08368	1.08334	1.08336	2651
2024-01-30 00:00:00	1.08336	1.08382	1.08336	1.08376	3502
2024-01-30 00:30:00	1.08377	1.08422	1.08357	1.08408	4281
2024-01-30 01:00:00	1.08407	1.08407	1.08327	1.08356	4590
2024-01-30 01:30:00	1.08353	1.08375	1.08324	1.08349	4401
2024-01-30 02:00:00	1.08348	1.08349	1.08299	1.08304	4364
2024-01-30 02:30:00	1.08304	1.0836	1083	1.0834	2846
2024-01-30 03:00:00	1.08339	1.08344	1.08309	1.08319	1595
2024-01-30 03:30:00	1.0832	1.08341	1.08302	1.08305	1981
2024-01-30 04:00:00	1.08307	1.08335	1.08304	1.08329	1856
2024-01-30 04:30:00	1.0833	1.08334	1.08241	1.08253	3757
2024-01-30 05:00:00	1.08251	1.0829	1.08233	1.08268	3072
2024-01-30 05:30:00	1.08271	1.08285	1.08218	1.08224	3500
2024-01-30 06:00:00	1.08225	1.08259	1.08206	1.08206	4857
2024-01-30 06:30:00	1.08206	1.08229	1.08139	1.0815	6842
2024-01-30 07:00:00	1.08149	1.08184	1.08119	1.08137	5479
2024-01-30 07:30:00	1.08138	1.08242	1.08129	1.08227	6199
2024-01-30 08:00:00	1.08228	1.08321	1.08186	1.08197	15831
2024-01-30 08:30:00	1.08197	1.08273	1.08162	1.08219	8970
2024-01-30 09:00:00	1.08219	1.0824	1.08177	1.08209	5970
2024-01-30 09:30:00	1.08209	1.08293	1.08206	1.08269	6117
2024-01-30 10:00:00	1.08268	1.08307	1.0823	1.08288	7305
2024-01-30 10:30:00	1.08288	1.08404	1.08279	1.08382	5937
2024-01-30 11:00:00	1.08385	1.08453	1.08371	1.08434	5642
2024-01-30 11:30:00	1.08434	1.08481	1.08391	1.08419	3945
2024-01-30 12:00:00	1.08418	1.08443	1.08376	1.08437	5167
2024-01-30 12:30:00	1.08438	1.08499	1.08366	1.08476	5976
2024-01-30 13:00:00	1.08476	1.08485	1.08381	1.0841	12335
2024-01-30 13:30:00	1.08411	1.08453	1.0834	1.08345	14285
2024-01-30 14:00:00	1.08345	1.08514	1.08296	1.08502	10993
2024-01-30 14:30:00	1.08504	1.08573	1.08456	1.08501	14185
2024-01-30 15:00:00	1085	1.08562	1.08281	1.0838	26730
2024-01-30 15:30:00	1.08379	1.08439	1.08319	1.08369	14030
2024-01-30 16:00:00	1.08368	1.08415	1.08343	1.08392	10228
2024-01-30 16:30:00	1.08394	1.08441	1.08383	1.0843	7583
2024-01-30 17:00:00	1.0843	1.08471	1.08414	1.08429	6095
2024-01-30 17:30:00	1.08429	1.08433	1.08367	1.08388	5172
2024-01-30 18:00:00	1.08388	1.08388	1.08315	1.0835	4688
2024-01-30 18:30:00	1.08351	1.08375	1.08343	1.08358	3893
2024-01-30 19:00:00	1.08357	1.08416	1.08356	1.08416	2261
2024-01-30 19:30:00	1.08416	1.08471	1.08415	1.08459	3463
2024-01-30 20:00:00	1.0846	1.08485	1.0843	1.08434	2907
2024-01-30 20:30:00	1.08434	1.0845	1.08408	1.08446	3951
2024-01-30 21:00:00	1.08447	1.08468	1.08425	1.08458	1703
2024-01-30 21:30:00	1.0846	1.0847	1.08447	1.08447	2169
2024-01-30 22:00:00	1.08446	1.0845	1.08399	1.0843	1591
2024-01-30 22:30:00	1.08423	1.08442	1.08419	1.08431	5004
2024-01-30 23:00:00	1.08432	1.08448	1.0843	1.08437	1057
2024-01-30 23:30:00	1.08436	1.08448	1.08426	1.08428	952
2024-01-31 00:00:00	1.08429	1.08481	1.08427	1.08452	2258
2024-01-31 00:30:00	1.08451	1.08464	1.08411	1.08428	4403
2024-01-31 01:00:00	1.08426	1.08436	1.08397	1.08409	4491
2024-01-31 01:30:00	1.08411	1.08426	1.08313	1.08313	6428
2024-01-31 02:00:00	1.08313	1.08313	1082	1.08204	7563
2024-01-31 02:30:00	1.08202	1.08212	1.08162	1.0818	6247
2024-01-31 03:00:00	1.0818	1.08187	1.08163	1.0818	2533
2024-01-31 03:30:00	1.08179	1.08187	1.08159	1.08186	1877
2024-01-31 04:00:00	1.08185	1082	1.08181	1.08191	2053
2024-01-31 04:30:00	1.08191	1.08222	1.08187	1.08205	2087
2024-01-31 05:00:00	1.08203	1.0821	1.0819	1082	1709
2024-01-31 05:30:00	1.08199	1.08219	1.08175	1.08204	2845
2024-01-31 06:00:00	1.08204	1.0822	1.08175	1.0818	2122
2024-01-31 06:30:00	1.08179	1.08186	1.0815	1.08155	2215
2024-01-31 07:00:00	1.08155	1.0821	1.08149	1.08209	5339
2024-01-31 07:30:00	1.08209	1.08214	1.0806	1.0816	9599
2024-01-31 08:00:00	1.08159	1.08235	1.08092	1.08185	10058
2024-01-31 08:30:00	1.08187	1.0826	1.0817	1.08189	8310
2024-01-31 09:00:00	1.0819	1.08357	1.08162	1.0835	18189
2024-01-31 09:30:00	1.0835	1.08367	1.08218	1.08221	9783
2024-01-31 10:00:00	1.08222	1.08298	1.08222	1.08294	6078
2024-01-31 10:30:00	1.08293	1.08315	1.08213	1.08253	5801
2024-01-31 11:00:00	1.08256	1.08404	1.08254	1.08394	4689
2024-01-31 11:30:00	1.08394	1.08399	1.08353	1.08389	3922
2024-01-31 12:00:00	1.0839	1.08429	1.08337	1.08342	6064
2024-01-31 12:30:00	1.08341	1.08403	1.08335	1.08366	6601
2024-01-31 13:00:00	1.08366	1.08511	1.08344	1.08449	13912
2024-01-31 13:30:00	1.0845	1.08628	1.0845	1.08575	25580
2024-01-31 14:00:00	1.08575	1.08698	1.08522	1.08652	15694
2024-01-31 14:30:00	1.08653	1.08865	1.0865	1.08799	21546
2024-01-31 15:00:00	1088	1.08874	1.08625	1.0864	21783
2024-01-31 15:30:00	1.08641	1.08669	1.0854	1.08613	16747
2024-01-31 16:00:00	1.08611	1.08678	1.08448	1.08469	16076
2024-01-31 16:30:00	1.08471	1.08578	1.08451	1.08544	10915
2024-01-31 17:00:00	1.08543	1.08544	1.08418	1.08439	9319
2024-01-31 17:30:00	1.08439	1.08518	1.08439	1.08495	6512
2024-01-31 18:00:00	1.08493	1.08524	1.08452	1.08478	6794
2024-01-31 18:30:00	1.08477	1.08498	1.08437	1.08458	6887
2024-01-31 19:00:00	1.08454	1.0858	1.08157	1.08312	29735
2024-01-31 19:30:00	1.08313	1.08642	1.08249	1.08403	39453
2024-01-31 20:00:00	1.08402	1.08417	1.07963	1.08027	30852
2024-01-31 20:30:00	1.08027	1.08082	1.07949	1.08077	16663
2024-01-31 21:00:00	1.08077	1.08152	1.08054	1.08118	3267
2024-01-31 21:30:00	1.08119	1.08194	1.08103	1.0818	3565
2024-01-31 22:00:00	1.0818	1.08191	1.08167	1.08187	132
2024-01-31 22:30:00	1.08188	1.08203	1.08084	1.08137	2320
2024-01-31 23:00:00	1.08136	1.08169	1.08093	1.08098	1472
2024-01-31 23:30:00	1.08098	1.08109	1.0803	1.08039	2155
2024-02-01 00:00:00	1.08039	1.08098	1.08016	1.08097	4927
2024-02-01 00:30:00	1.08097	1.08144	1.0808	1.08081	5662
2024-02-01 01:00:00	1.08082	1.08124	1.08045	1.08099	5399
2024-02-01 01:30:00	1081	1.08104	1.08065	1.08089	5634
2024-02-01 02:00:00	1.08088	1.08191	1.08084	1.08175	3904
2024-02-01 02:30:00	1.08174	1.08217	1.08173	1.08192	4404
2024-02-01 03:00:00	1.08191	1.08207	1.08136	1.08141	3190
2024-02-01 03:30:00	1.0814	1.08147	1.08109	1.08116	2332
2024-02-01 04:00:00	1.08117	1.08135	1.08094	1.08095	2350
2024-02-01 04:30:00	1.08094	1.08094	1.08052	1.08076	2942
2024-02-01 05:00:00	1.08076	1.08076	1.08035	1.08049	3567
2024-02-01 05:30:00	1.08049	1.08057	1.08026	1.08027	3998
2024-02-01 06:00:00	1.08026	1.0805	1.07998	1.08002	3990
2024-02-01 06:30:00	1.08	1.08043	1.07938	1.0796	4485
2024-02-01 07:00:00	1.07958	1.07972	1.0784	1.07841	8753
2024-02-01 07:30:00	1.0784	1.07942	1.07838	1.07932	7822
2024-02-01 08:00:00	1.07932	1.07939	1.07812	1.07829	12300
2024-02-01 08:30:00	1.07828	1.07919	1.07799	1.07916	13150
2024-02-01 09:00:00	1.07916	1.07992	1.07866	1.07982	11963
2024-02-01 09:30:00	1.07982	1.08016	1.07938	1.07983	7421
2024-02-01 10:00:00	1.07989	1.08027	1.07949	1.07965	8223
2024-02-01 10:30:00	1.07964	1.07998	1.07914	1.07931	7388
2024-02-01 11:00:00	1.07931	1.08069	1.07926	1.08057	6512
2024-02-01 11:30:00	1.08055	1.08132	1.08033	1.08083	7106
2024-02-01 12:00:00	1.08084	1.0817	1.08056	1.08144	13174
2024-02-01 12:30:00	1.08145	1.08199	1.08078	1.08151	10244
2024-02-01 13:00:00	1.0815	1.08173	1.08087	1.08126	12407
2024-02-01 13:30:00	1.08133	1.08272	1.08127	1.08138	22659
2024-02-01 14:00:00	1.08137	1.08213	1.08115	1.08158	17096
2024-02-01 14:30:00	1.08157	1.08298	1.08125	1.08265	19028
2024-02-01 15:00:00	1.08265	1.08317	1.08058	1.08313	35340
2024-02-01 15:30:00	1.08313	1.08318	1.08241	1.08264	22828
2024-02-01 16:00:00	1.08263	1.08508	1.08263	1.08493	21169
2024-02-01 16:30:00	1.08494	1.08658	1.08477	1.08645	18321
2024-02-01 17:00:00	1.08645	1.08745	1.08613	1.08617	14717
2024-02-01 17:30:00	1.08617	1.08747	1.08607	1.08727	9132
2024-02-01 18:00:00	1.08727	1.08732	1.0863	1.08634	11643
2024-02-01 18:30:00	1.08636	1.08715	1.08629	1.08698	8547
2024-02-01 19:00:00	1.08698	1.08748	1.08698	1.08732	7517
2024-02-01 19:30:00	1.08735	1.08741	1.08678	1.08718	6876
2024-02-01 20:00:00	1.08719	1.08748	1.08697	1.08711	4562
2024-02-01 20:30:00	1.08711	1.08719	1.08681	1.08716	3570
2024-02-01 21:00:00	1.08715	1.08732	1.08681	1.08704	1817
2024-02-01 21:30:00	1.08705	1.0873	1.08702	1.08712	2496
2024-02-01 22:00:00	1.08712	1.08735	1.08668	1.08731	2097
2024-02-01 22:30:00	1.0873	1.08732	1.08714	1.08726	4859
2024-02-01 23:00:00	1.08726	1.08761	1.08722	1.08742	1672
2024-02-01 23:30:00	1.08743	1.08745	1.08731	1.08742	988
2024-02-02 00:00:00	1.08741	1.08796	1.08738	1.08792	2372
2024-02-02 00:30:00	1.08791	1.08796	1.08716	1.08727	3006
2024-02-02 01:00:00	1.08727	1.08758	1.08707	1.08737	3979
2024-02-02 01:30:00	1.08736	1.08745	1.08701	1.08716	5706
2024-02-02 02:00:00	1.08717	1.08743	1.08713	1.08736	3946
2024-02-02 02:30:00	1.08735	1.08786	1.08722	1.08784	3161
2024-02-02 03:00:00	1.08786	1.08788	1.08743	1.08747	3904
2024-02-02 03:30:00	1.08748	1.0877	1.08734	1.08767	3288
2024-02-02 04:00:00	1.08765	1.08773	1.08739	1.08739	2674
2024-02-02 04:30:00	1.08739	1.08745	1.08719	1.0873	2768
2024-02-02 05:00:00	1.0873	1.08778	1.08723	1.08769	2957
2024-02-02 05:30:00	1.08769	1.08825	1.08768	1.08774	3257
2024-02-02 06:00:00	1.08774	1.0881	1.08762	1.08791	4512
2024-02-02 06:30:00	1.08792	1.08803	1.08739	1.08757	5634
2024-02-02 07:00:00	1.08757	1.08869	1.08743	1.08804	5823
2024-02-02 07:30:00	1.08803	1.08856	1.08777	1.08808	8073
2024-02-02 08:00:00	1.08809	1.08902	1.0876	1.08772	11702
2024-02-02 08:30:00	1.08771	1.08802	1.08735	1.08792	7280
2024-02-02 09:00:00	1.08792	1.08952	1.08792	1.0895	6545
2024-02-02 09:30:00	1.08952	1.08974	1.08881	1.08908	5064
2024-02-02 10:00:00	1.08907	1.0895	1.08851	1.08878	4685
2024-02-02 10:30:00	1.08877	1.08884	1.08806	1.08845	5401
2024-02-02 11:00:00	1.08844	1.08863	1.08781	1.08833	4203
2024-02-02 11:30:00	1.08832	1.08848	1.08807	1.08835	4756
2024-02-02 12:00:00	1.08837	1.08851	1.08802	1.0882	3806
2024-02-02 12:30:00	1.08815	1.08832	1.08776	1.08803	6442
2024-02-02 13:00:00	1.08802	1.0886	1.08791	1.0884	9315
2024-02-02 13:30:00	1.08838	1.08838	1.08036	1.08072	32776
2024-02-02 14:00:00	1.08071	1.08085	1.07916	1.07994	23301
2024-02-02 14:30:00	1.07994	1.08168	1.0794	1.08086	20616
2024-02-02 15:00:00	1.08086	1.0811	1.0784	1.07845	26341
2024-02-02 15:30:00	1.07844	1.08044	1.07832	1.08023	17283
2024-02-02 16:00:00	1.08024	1.08037	1.07905	1.07932	16658
2024-02-02 16:30:00	1.07932	1.0795	1.07823	1.07861	12579
2024-02-02 17:00:00	1.07861	1.07925	1.07828	1.0789	7073
2024-02-02 17:30:00	1.07889	1.07912	1.07808	1.07834	7700
2024-02-02 18:00:00	1.07836	1.07865	1.07804	1.07832	9977
2024-02-02 18:30:00	1.07831	1.0791	1.07819	1.07881	7686
2024-02-02 19:00:00	1.07882	1.07925	1.07861	1.07905	5051
2024-02-02 19:30:00	1.07906	1.07957	1.07895	1.07925	6279
2024-02-02 20:00:00	1.07926	1.07974	1.0792	1.07952	3687
2024-02-02 20:30:00	1.07949	1.07953	1.07925	1.07931	4296
2024-02-02 21:00:00	1.07931	1.07939	1.07909	1.07912	2935
2024-02-02 21:30:00	1.07914	1.07915	1.07849	1.07849	3175
2024-02-04 22:00:00	1.07854	1.07857	1.07814	1.0782	1774
2024-02-04 22:30:00	1.07822	1.07858	1.07796	1.07803	1851
2024-02-04 23:00:00	1.07799	1.07835	1.07698	1.0774	3297
2024-02-04 23:30:00	1.07741	1.07812	1.0774	1.07796	3565
2024-02-05 00:00:00	1.07796	1.07831	1.07702	1.0773	10054
2024-02-05 00:30:00	1.07732	1.07743	1.07673	1.07726	8040
2024-02-05 01:00:00	1.07726	1.07772	1.07686	1.07711	5601
2024-02-05 01:30:00	1.07711	1.07787	1.07711	1.07783	4312
2024-02-05 02:00:00	1.07783	1.07811	1.07768	1.07798	4332
2024-02-05 02:30:00	1.07798	1.07806	1.07755	1.07788	3523
2024-02-05 03:00:00	1.07789	1.07809	1.07743	1.07761	3494
2024-02-05 03:30:00	1.0776	1.07808	1.07759	1.07791	3031
2024-02-05 04:00:00	1.0779	1078	1.07769	1.07774	2045
2024-02-05 04:30:00	1.07775	1.07789	1.07755	1.07788	2356
2024-02-05 05:00:00	1.07788	1.07796	1.07733	1.07789	3852
2024-02-05 05:30:00	1.07789	1.0782	1.07756	1.07819	3745
2024-02-05 06:00:00	1.07819	1.07847	1.07795	1.07846	2794
2024-02-05 06:30:00	1.07844	1.07844	1.07772	1.07779	4163
2024-02-05 07:00:00	1.07778	1.07786	1.07732	1.07748	5754
2024-02-05 07:30:00	1.07748	1.07832	1.07726	1.07802	4784
2024-02-05 08:00:00	1.07802	1.07861	1.07727	1.07728	8814
2024-02-05 08:30:00	1.07728	1.07744	1.07635	1.07667	10455
2024-02-05 09:00:00	1.07667	1.07728	1.07604	1.07614	7184
2024-02-05 09:30:00	1.07617	1.07635	1.07519	1.07537	8060
2024-02-05 10:00:00	1.07536	1.0756	1.07499	1.07502	6453
2024-02-05 10:30:00	1.07501	1.07551	1.07477	1.07492	7093
2024-02-05 11:00:00	1.07493	1.07572	1.07469	1.07562	3901
2024-02-05 11:30:00	1.07563	1.07585	1.07483	1.07548	5643
2024-02-05 12:00:00	1.07551	1.07575	1.07493	1.07571	4436
2024-02-05 12:30:00	1.07569	1.07575	1.07494	1.07496	5812
2024-02-05 13:00:00	1.07496	1.07504	1.07448	1.07457	11053
2024-02-05 13:30:00	1.07456	1.0748	1.07362	1.07374	9753
2024-02-05 14:00:00	1.07374	1.0745	1.07372	1.07418	6985
2024-02-05 14:30:00	1.07418	1.07443	1.07352	1.0742	13561
2024-02-05 15:00:00	1.07419	1.07419	1.07253	1.07366	23056
2024-02-05 15:30:00	1.07366	1.07381	1.07231	1.07252	11640
2024-02-05 16:00:00	1.07252	1.07314	1.07246	1.07273	7879
2024-02-05 16:30:00	1.07274	1.07359	1.07271	1.07352	6411
2024-02-05 17:00:00	1.07353	1.07412	1.0734	1.07404	3760
2024-02-05 17:30:00	1.07405	1.07428	1.07378	1.07391	5009
2024-02-05 18:00:00	1.07392	1.07443	1.07374	1.07414	4730
2024-02-05 18:30:00	1.07415	1.07465	1.07413	1.0744	3046
2024-02-05 19:00:00	1.0744	1.07462	1.07422	1.07452	3193
2024-02-05 19:30:00	1.07451	1.07464	1.07421	1.07429	3705
2024-02-05 20:00:00	1.07429	1.0743	1.07367	1.07393	4979
2024-02-05 20:30:00	1.07393	1.0744	1.07388	1.07425	3466
2024-02-05 21:00:00	1.07425	1.07429	1.07393	1.07401	1957
2024-02-05 21:30:00	1.07402	1.07426	1.07395	1.07418	2220
2024-02-05 22:00:00	1.07418	1.07418	1.07391	1.07391	314
2024-02-05 22:30:00	1.07391	1.07435	1.07391	1.07425	1417
2024-02-05 23:00:00	1.0743	1.07433	1.07421	1.07428	549
2024-02-05 23:30:00	1.07428	1.07434	1.07408	1.0741	1136
2024-02-06 00:00:00	1.07409	1.07439	1.07409	1.07424	3136
2024-02-06 00:30:00	1.07423	1.07452	1.07421	1.07438	1880
2024-02-06 01:00:00	1.07439	1.07472	1.07426	1.07447	5075
2024-02-06 01:30:00	1.07448	1.07462	1.07415	1.07453	3957
2024-02-06 02:00:00	1.07454	1.07466	1.07438	1.0745	2673
2024-02-06 02:30:00	1.0745	1.0749	1.07448	1.07458	2327
2024-02-06 03:00:00	1.07459	1.07481	1.07453	1.07462	1809
2024-02-06 03:30:00	1.07462	1.07488	1.07434	1.07439	2509
2024-02-06 04:00:00	1.07439	1.07503	1.07434	1.07503	3081
2024-02-06 04:30:00	1.07502	1.07503	1.0747	1.07489	2888
2024-02-06 05:00:00	1.0749	1.07515	1.07486	1.07509	3811
2024-02-06 05:30:00	1.0751	1.07541	1.07509	1.07535	2557
2024-02-06 06:00:00	1.07533	1.07533	1.0749	1.07492	3200
2024-02-06 06:30:00	1.07493	1.0753	1.07482	1.07508	2911
2024-02-06 07:00:00	1.07509	1.07623	1.07507	1.0758	6126
2024-02-06 07:30:00	1.07579	1.07603	1.07516	1.07517	6277
2024-02-06 08:00:00	1.07517	1076	1.07517	1.07563	8328
2024-02-06 08:30:00	1.07562	1.07577	1.0745	1.0746	7707
2024-02-06 09:00:00	1.07461	1.07473	1.0739	1.07406	8167
2024-02-06 09:30:00	1.07407	1.07452	1.07254	1.07291	9386
2024-02-06 10:00:00	1.07291	1.07363	1.07279	1.07306	4522
2024-02-06 10:30:00	1.07307	1.07333	1.07276	1.07291	5240
2024-02-06 11:00:00	1.07292	1.07346	1.07242	1.0734	6069
2024-02-06 11:30:00	1.0734	1.07429	1.07324	1.07385	4301
2024-02-06 12:00:00	1.07384	1.07392	1.07271	1.07277	5261
2024-02-06 12:30:00	1.07277	1.07388	1.07225	1.07358	5043
2024-02-06 13:00:00	1.0736	1.0744	1.07315	1.07316	11387
2024-02-06 13:30:00	1.07315	1.07347	1.0728	1.07304	9919
2024-02-06 14:00:00	1.07304	1.07376	1.07289	1.07326	14606
2024-02-06 14:30:00	1.07328	1.07436	1073	1.07402	16906
2024-02-06 15:00:00	1.07406	1.07479	1.07367	1.07421	13993
2024-02-06 15:30:00	1.07421	1.07483	1.07395	1.07432	12140
2024-02-06 16:00:00	1.07431	1.07493	1.0739	1.07484	6867
2024-02-06 16:30:00	1.07489	1.07533	1.07458	1.07505	9277
2024-02-06 17:00:00	1.07504	1.07536	1.07478	1.07514	11301
2024-02-06 17:30:00	1.07515	1.07552	1.07482	1.07509	8369
2024-02-06 18:00:00	1.07508	1.07556	1.07435	1.07458	8136
2024-02-06 18:30:00	1.07459	1.07543	1.07459	1.07539	4538
2024-02-06 19:00:00	1.07538	1.07546	1.07469	1.0748	6618
2024-02-06 19:30:00	1.0748	1.07505	1.07468	1.07493	8383
2024-02-06 20:00:00	1.07494	1.07542	1.07494	1.07527	3578
2024-02-06 20:30:00	1.07527	1.07574	1.07517	1.07566	4405
2024-02-06 21:00:00	1.07565	1.07565	1.07525	1.07532	1143
2024-02-06 21:30:00	1.07532	1.07561	1.07526	1.0754	2106
2024-02-06 22:00:00	1.07539	1.07556	1.07492	1.07543	1815
2024-02-06 22:30:00	1.07542	1.0755	1.07529	1.07532	8891
2024-02-06 23:00:00	1.07539	1.07564	1.07533	1.07558	920
2024-02-06 23:30:00	1.07558	1.07567	1.07553	1.07566	603
2024-02-07 00:00:00	1.07569	1.07578	1.07559	1.07569	1982
2024-02-07 00:30:00	1.07569	1.07593	1.07568	1.07589	2268
2024-02-07 01:00:00	1.07592	1.07627	1.07589	1.0762	2751
2024-02-07 01:30:00	1.0762	1.07649	1.07603	1.07634	4627
2024-02-07 02:00:00	1.07633	1.07655	1.07616	1.0765	4142
2024-02-07 02:30:00	1.0765	1.07656	1.07633	1.07636	2147
2024-02-07 03:00:00	1.07636	1.07665	1.07627	1.07637	2411
2024-02-07 03:30:00	1.07637	1.07637	1.07584	1.07588	2247
2024-02-07 04:00:00	1.07587	1076	1.07566	1.07587	2370
2024-02-07 04:30:00	1.07588	1.07601	1.07577	1.0759	2232
2024-02-07 05:00:00	1.07589	1.07614	1.07579	1.07614	2404
2024-02-07 05:30:00	1.07614	1.07644	1076	1.07626	2811
2024-02-07 06:00:00	1.07626	1.07655	1.07585	1.07586	3224
2024-02-07 06:30:00	1.07585	1.07629	1.07567	1.07611	4386
2024-02-07 07:00:00	1.07612	1.07713	1.07609	1.07705	5850
2024-02-07 07:30:00	1.07705	1.07728	1.07672	1.07725	7414
2024-02-07 08:00:00	1.07725	1.07734	1.07604	1.0763	10225
2024-02-07 08:30:00	1.07632	1.07652	1.07609	1.07627	7251
2024-02-07 09:00:00	1.07627	1.07636	1.07578	1.07633	6989
2024-02-07 09:30:00	1.07634	1.07709	1.07628	1.07693	7849
2024-02-07 10:00:00	1.07691	1.07708	1.07645	1.07697	7924
2024-02-07 10:30:00	1.07697	1.07704	1.07627	1.07641	7196
2024-02-07 11:00:00	1.0764	1.07707	1.07622	1.07691	5909
2024-02-07 11:30:00	1.07691	1.07739	1.07673	1.07709	6183
2024-02-07 12:00:00	1.07709	1.07734	1.0766	1.07699	7878
2024-02-07 12:30:00	1.07701	1.07752	1.07664	1.07737	7787
2024-02-07 13:00:00	1.07738	1.0782	1.07717	1.07819	9523
2024-02-07 13:30:00	1.0782	1.07838	1.07668	1.07701	8643
2024-02-07 14:00:00	1.07702	1.0778	1.07654	1.07689	7438
2024-02-07 14:30:00	1.07689	1.07777	1.0766	1.07713	20547
2024-02-07 15:00:00	1.07715	1.07744	1.07643	1.07737	16811
2024-02-07 15:30:00	1.07736	1.07798	1.07556	1.07566	16388
2024-02-07 16:00:00	1.07567	1.07654	1.07562	1.07643	12506
2024-02-07 16:30:00	1.07645	1.07712	1.07644	1.07677	10371
2024-02-07 17:00:00	1.07676	1.07678	1.07595	1.0762	8660
2024-02-07 17:30:00	1.07619	1.07649	1.07593	1.07648	6734
2024-02-07 18:00:00	1.07647	1.07736	1.07645	1.07734	9153
2024-02-07 18:30:00	1.07735	1.07736	1.07659	1.0771	6128
2024-02-07 19:00:00	1.07712	1.0774	1.07699	1.0773	5118
2024-02-07 19:30:00	1.07731	1.07753	1.07711	1.07719	5346
2024-02-07 20:00:00	1.07718	1.07742	1.0771	1.07718	2817
2024-02-07 20:30:00	1.07718	1.07736	1.07708	1.07726	4357
2024-02-07 21:00:00	1.07726	1.07744	1.07724	1.07725	1241
2024-02-07 21:30:00	1.07725	1.07748	1.07704	1.07704	1803
2024-02-07 22:00:00	1.07704	1.07733	1.07679	1.07726	1551
2024-02-07 22:30:00	1.07726	1.07734	1.07713	1.07723	2137
2024-02-07 23:00:00	1.07722	1.07768	1.07717	1.07767	1512
2024-02-07 23:30:00	1.07765	1.0777	1.07737	1.07754	1599
2024-02-08 00:00:00	1.07754	1.07779	1.07744	1.07778	1858
2024-02-08 00:30:00	1.07778	1.07795	1.07771	1.07779	3015
2024-02-08 01:00:00	1.07778	1.07786	1.07756	1.07782	4526
2024-02-08 01:30:00	1.07783	1.07798	1.07751	1.07786	7612
2024-02-08 02:00:00	1.07787	1.07828	1.07783	1.07828	4617
2024-02-08 02:30:00	1.07828	1.07832	1.07808	1.07827	2791
2024-02-08 03:00:00	1.07827	1.07847	1.07822	1.07847	2048
2024-02-08 03:30:00	1.07846	1.07848	1.07815	1.07823	3459
2024-02-08 04:00:00	1.07822	1.07883	1.07821	1.07858	2686
2024-02-08 04:30:00	1.07859	1.07864	1.07795	1.07799	3402
2024-02-08 05:00:00	1.07797	1.0784	1.07784	1.07831	2806
2024-02-08 05:30:00	1.07829	1.07829	1.07795	1.07826	2556
2024-02-08 06:00:00	1.07828	1.07845	1.07811	1.07822	2090
2024-02-08 06:30:00	1.07822	1.07863	1.07821	1.07839	4286
2024-02-08 07:00:00	1.07839	1.07889	1.07813	1.07842	6081
2024-02-08 07:30:00	1.07843	1.07872	1.07767	1078	7329
2024-02-08 08:00:00	1.07801	1.0784	1.07734	1.07739	8891
2024-02-08 08:30:00	1.07739	1.07774	1.07684	1.07771	7677
2024-02-08 09:00:00	1.07772	1.07794	1.07734	1.07765	5716
2024-02-08 09:30:00	1.07765	1.07841	1.07758	1.07828	6895
2024-02-08 10:00:00	1.07829	1.07855	1.0778	1.07808	3995
2024-02-08 10:30:00	1.07807	1.07807	1.07711	1.07717	5709
2024-02-08 11:00:00	1.07715	1.0773	1.07627	1.07631	4219
2024-02-08 11:30:00	1.07631	1.0768	1.0761	1.07629	5945
2024-02-08 12:00:00	1.0763	1.07635	1.07563	1.07571	6977
2024-02-08 12:30:00	1.07572	1.07572	1075	1.07568	7265
2024-02-08 13:00:00	1.0757	1.07621	1.07553	1.07592	7841
2024-02-08 13:30:00	1.07589	1.07589	1.07416	1.0744	19650
2024-02-08 14:00:00	1.0744	1.0755	1.07435	1.07537	7619
2024-02-08 14:30:00	1.07536	1.07674	1.0753	1.07647	13361
2024-02-08 15:00:00	1.0765	1.07675	1.07513	1076	12708
2024-02-08 15:30:00	1.07601	1.07636	1.07529	1.07611	11246
2024-02-08 16:00:00	1.07611	1.07645	1.07601	1.07626	4695
2024-02-08 16:30:00	1.07626	1.0774	1.07616	1.07732	3674
2024-02-08 17:00:00	1.07733	1.07754	1.07713	1.07749	5950
2024-02-08 17:30:00	1.0775	1.07765	1.07732	1.07734	4799
2024-02-08 18:00:00	1.07734	1.07827	1.07732	1.07795	9795
2024-02-08 18:30:00	1.07795	1.07802	1.07751	1.07766	5055
2024-02-08 19:00:00	1.07765	1.07785	1.07748	1.07767	5424
2024-02-08 19:30:00	1.07766	1.07769	1.07726	1.07747	3737
2024-02-08 20:00:00	1.07748	1.07785	1.07748	1.07784	3351
2024-02-08 20:30:00	1.07785	1.07799	1.07758	1.07777	4577
2024-02-08 21:00:00	1.07778	1.07783	1.07768	1.07776	1339
2024-02-08 21:30:00	1.07776	1.07786	1.0776	1.07769	2204
2024-02-08 22:00:00	1.07767	1.07785	1.0774	1.07761	763
2024-02-08 22:30:00	1.07765	1.07787	1.07749	1.07755	1420
2024-02-08 23:00:00	1.07755	1.07778	1.07738	1.07759	1048
2024-02-08 23:30:00	1.07759	1.07776	1.07744	1.07776	1224
2024-02-09 00:00:00	1.07775	1.07786	1.07767	1.07772	1743
2024-02-09 00:30:00	1.07772	1.07774	1.07722	1.07729	3290
2024-02-09 01:00:00	1.07729	1.07786	1.07729	1.07762	3051
2024-02-09 01:30:00	1.0776	1.07776	1.07736	1.07743	3576
2024-02-09 02:00:00	1.07742	1.07782	1.07732	1.07771	3130
2024-02-09 02:30:00	1.07771	1.07778	1.07758	1.07761	2733
2024-02-09 03:00:00	1.07763	1.07775	1.07733	1.07733	3656
2024-02-09 03:30:00	1.07734	1.07737	1.07701	1.07708	3271
2024-02-09 04:00:00	1.07709	1.0772	1.07693	1.0771	1798
2024-02-09 04:30:00	1.0771	1.07726	1.07706	1.07711	1746
2024-02-09 05:00:00	1.0771	1.07727	1.07704	1.0772	1331
2024-02-09 05:30:00	1.07721	1.07738	1.07695	1.0771	1674
2024-02-09 06:00:00	1.07711	1.07722	1.07699	1.07714	1363
2024-02-09 06:30:00	1.07715	1.07755	1.07714	1.07745	2766
2024-02-09 07:00:00	1.07747	1.0779	1.07744	1.0779	6118
2024-02-09 07:30:00	1.07789	1.07827	1.07776	1.07801	5185
2024-02-09 08:00:00	1.07803	1.07841	1.07728	1.07823	8024
2024-02-09 08:30:00	1.07823	1.07847	1.07723	1.07726	7740
2024-02-09 09:00:00	1.07725	1.07753	1.07695	1.07748	7468
2024-02-09 09:30:00	1.07749	1.07768	1.0766	1.0767	7041
2024-02-09 10:00:00	1.07669	1.07691	1.07621	1.07684	7137
2024-02-09 10:30:00	1.07685	1.07701	1.07656	1.07666	4107
2024-02-09 11:00:00	1.07666	1.0769	1.07635	1.07674	8099
2024-02-09 11:30:00	1.07673	1.07731	1.07671	1.07716	4607
2024-02-09 12:00:00	1.07717	1.07765	1.07685	1.07704	5934
2024-02-09 12:30:00	1.07701	1.07701	1.0763	1.07672	8407
2024-02-09 13:00:00	1.07671	1.07737	1.07654	1.07716	10546
2024-02-09 13:30:00	1.07716	1.07949	1.07685	1.07831	32212
2024-02-09 14:00:00	1.0783	1.07951	1.07749	1.07771	18611
2024-02-09 14:30:00	1.07772	1.07875	1.07764	1.07816	14825
2024-02-09 15:00:00	1.07816	1.07898	1.07798	1.07855	13539
2024-02-09 15:30:00	1.07858	1.07885	1.0781	1.07863	11617
2024-02-09 16:00:00	1.07864	1.0788	1.07806	1.07829	12475
2024-02-09 16:30:00	1.07829	1.0786	1.07797	1.07816	7367
2024-02-09 17:00:00	1.07816	1.07841	1.07792	1.07824	3340
2024-02-09 17:30:00	1.07825	1.07866	1.0781	1.07855	4021
2024-02-09 18:00:00	1.07856	1.07902	1.07855	1.07892	2846
2024-02-09 18:30:00	1.07894	1.07908	1.07861	1.07866	3184
2024-02-09 19:00:00	1.07865	1.07877	1.0785	1.07871	1579
2024-02-09 19:30:00	1.07871	1.07873	1.07813	1.07825	2134
2024-02-09 20:00:00	1.07824	1.07853	1.07797	1.07849	2319
2024-02-09 20:30:00	1.07849	1.0788	1.0784	1.07863	1631
2024-02-09 21:00:00	1.07862	1.07885	1.07857	1.0788	2420
2024-02-09 21:30:00	1.07881	1.07881	1.07821	1.07821	2606
2024-02-11 22:00:00	1.07767	1.07835	1.07766	1.07824	799
2024-02-11 22:30:00	1.07822	1.07861	1.07818	1.07839	1056
2024-02-11 23:00:00	1.07843	1.0795	1.07839	1.07944	4094
2024-02-11 23:30:00	1.07946	1.07983	1.07923	1.07979	6184
2024-02-12 00:00:00	1.0798	1.07989	1.07967	1.07982	5253
2024-02-12 00:30:00	1.07983	1.07997	1.07981	1.07986	3097
2024-02-12 01:00:00	1.07987	1.07987	1.07937	1.07943	2140
2024-02-12 01:30:00	1.07943	1.07982	1.07938	1.07957	1957
2024-02-12 02:00:00	1.07957	1.07962	1.07932	1.07943	2551
2024-02-12 02:30:00	1.07944	1.07978	1.07942	1.07948	1728
2024-02-12 03:00:00	1.07948	1.0797	1.07923	1.07932	2368
2024-02-12 03:30:00	1.07932	1.07936	1.07911	1.07918	2109
2024-02-12 04:00:00	1.07918	1.07939	1.07918	1.07929	1730
2024-02-12 04:30:00	1.07928	1.07928	1.07893	1.07904	1067
2024-02-12 05:00:00	1.07903	1.07944	1.07899	1.07936	1334
2024-02-12 05:30:00	1.07936	1.0794	1.07907	1.07914	1582
2024-02-12 06:00:00	1.07914	1.07929	1.07902	1.07924	1452
2024-02-12 06:30:00	1.07924	1.0793	1.07899	1.07914	1453
2024-02-12 07:00:00	1.07914	1.07989	1.07894	1.07965	4635
2024-02-12 07:30:00	1.07966	1.08055	1.07933	1.08031	4896
2024-02-12 08:00:00	1.0803	1.0803	1.07776	1.07804	8669
2024-02-12 08:30:00	1.07802	1.07826	1.07743	1.07753	6498
2024-02-12 09:00:00	1.07751	1.0778	1.07713	1.07744	4368
2024-02-12 09:30:00	1.07743	1.07752	1.07667	1.07691	5270
2024-02-12 10:00:00	1.07691	1.07746	1.07672	1.07746	5019
2024-02-12 10:30:00	1.07746	1.07787	1.07731	1.07766	4016
2024-02-12 11:00:00	1.07767	1.07777	1.07685	1.07699	6904
2024-02-12 11:30:00	1.07699	1.07704	1.0763	1.07693	4688
2024-02-12 12:00:00	1.07695	1.07735	1.07651	1.07717	4976
2024-02-12 12:30:00	1.07717	1.07718	1.07651	1.07697	5394
2024-02-12 13:00:00	1.07699	1.07736	1.07671	1.0768	8186
2024-02-12 13:30:00	1.07679	1.07692	1.0761	1.07638	9192
2024-02-12 14:00:00	1.07638	1.07702	1.07631	1.07685	7361
2024-02-12 14:30:00	1.07686	1.07741	1.07669	1.07722	8580
2024-02-12 15:00:00	1.07721	1.07724	1.07559	1.07591	8376
2024-02-12 15:30:00	1.07591	1.07682	1.07583	1.07674	5508
2024-02-12 16:00:00	1.07673	1.07766	1.07652	1.07759	6238
2024-02-12 16:30:00	1.0776	1.07774	1.07715	1.07732	9508
2024-02-12 17:00:00	1.07733	1.07796	1.07728	1.07777	4890
2024-02-12 17:30:00	1.07777	1.07823	1.07753	1.07823	4927
2024-02-12 18:00:00	1.07823	1.0786	1.07805	1.07822	3745
2024-02-12 18:30:00	1.07822	1.07842	1.07808	1.07812	4470
2024-02-12 19:00:00	1.07812	1.07829	1.07759	1.07773	4357
2024-02-12 19:30:00	1.07771	1.07772	1.07679	1.07693	3973
2024-02-12 20:00:00	1.07693	1.07744	1.07693	1.0774	2118
2024-02-12 20:30:00	1.0774	1.0775	1.07716	1.07742	2541
2024-02-12 21:00:00	1.07743	1.0775	1.07717	1.07723	1149
2024-02-12 21:30:00	1.07723	1.07724	1.07703	1.07706	1125
2024-02-12 22:00:00	1.07702	1.07737	1.07697	1.07712	1969
2024-02-12 22:30:00	1.07712	1.07751	1.07709	1.07724	2157
2024-02-12 23:00:00	1.07723	1.07727	1.07705	1.07716	794
2024-02-12 23:30:00	1.07717	1.07724	1.07706	1.07717	985
2024-02-13 00:00:00	1.07718	1.07728	1.07669	1.07672	1782
2024-02-13 00:30:00	1.07672	1.0773	1.07671	1.07727	2272
2024-02-13 01:00:00	1.07727	1.07744	1.07682	1.07687	2793
2024-02-13 01:30:00	1.07687	1077	1.07657	1.07668	2107
2024-02-13 02:00:00	1.07668	1.07668	1.07621	1.07637	2140
2024-02-13 02:30:00	1.07638	1.07649	1.07632	1.07642	1674
2024-02-13 03:00:00	1.07641	1.07647	1.0761	1.07611	2650
2024-02-13 03:30:00	1.0761	1.07628	1.07606	1.07617	1386
2024-02-13 04:00:00	1.07616	1.07636	1.07612	1.07632	1283
2024-02-13 04:30:00	1.07633	1.07641	1.07621	1.07637	849
2024-02-13 05:00:00	1.07635	1.07676	1.07635	1.07673	1640
2024-02-13 05:30:00	1.07674	1.07678	1.07662	1.07669	1348
2024-02-13 06:00:00	1.07668	1.07689	1.07661	1.07681	1670
2024-02-13 06:30:00	1.07682	1.07724	1.07681	1.07704	1466
2024-02-13 07:00:00	1.07704	1.07776	1.07693	1.07716	4733
2024-02-13 07:30:00	1.07716	1.07755	1.07657	1.07712	8401
2024-02-13 08:00:00	1.07711	1.07745	1.07645	1.07649	9548
2024-02-13 08:30:00	1.0765	1.07684	1.07622	1.07675	5375
2024-02-13 09:00:00	1.07675	1.07693	1.07567	1.07618	5120
2024-02-13 09:30:00	1.07618	1.07668	1.07586	1.07666	4798
2024-02-13 10:00:00	1.07666	1.07755	1.07662	1.07755	9116
2024-02-13 10:30:00	1.07754	1.07761	1.07702	1.07722	8067
2024-02-13 11:00:00	1.07721	1.07818	1.0772	1.0781	5923
2024-02-13 11:30:00	1.07809	1.0781	1.07725	1.07778	5221
2024-02-13 12:00:00	1.07777	1.07827	1.07762	1.07813	4723
2024-02-13 12:30:00	1.07812	1.07865	1.0781	1.07854	4649
2024-02-13 13:00:00	1.07854	1.07946	1.07843	1.07915	8359
2024-02-13 13:30:00	1.07915	1.07985	1.07031	1.07084	37636
2024-02-13 14:00:00	1.07084	1.07198	1.07006	1.07194	20489
2024-02-13 14:30:00	1.07194	1.07237	1.07119	1.07179	22352
2024-02-13 15:00:00	1.0718	1.07246	1.0706	1.07223	14913
2024-02-13 15:30:00	1.07224	1.07267	1.07126	1.07166	21272
2024-02-13 16:00:00	1.07166	1.0722	1.07127	1.07151	10019
2024-02-13 16:30:00	1.0715	1.07214	1.07137	1.07192	8138
2024-02-13 17:00:00	1.07192	1072	1.07122	1.07135	7332
2024-02-13 17:30:00	1.07137	1.07192	1.07136	1.07151	6126
2024-02-13 18:00:00	1.07152	1.07201	1.07126	1.07138	4362
2024-02-13 18:30:00	1.07136	1.07136	1.07076	1.07084	4145
2024-02-13 19:00:00	1.0708	1.07082	1.07025	1.07044	7215
2024-02-13 19:30:00	1.07042	1.07068	1.07005	1.07012	4989
2024-02-13 20:00:00	1.07012	1.07078	1.07005	1.0706	4801
2024-02-13 20:30:00	1.0706	1071	1.0706	1.07073	3310
2024-02-13 21:00:00	1.07072	1.07101	1.0707	1.07091	852
2024-02-13 21:30:00	1.07092	1.07099	1.07079	1.07079	2195
2024-02-13 22:00:00	1.0708	1.07116	1.07071	1.07107	1021
2024-02-13 22:30:00	1.07107	1.07113	1.07089	1071	2068
2024-02-13 23:00:00	1.07101	1.07107	1.07078	1.07088	1279
2024-02-13 23:30:00	1.07087	1.07103	1.07078	1.07083	999
2024-02-14 00:00:00	1.07083	1.07119	1.0706	1.07113	2272
2024-02-14 00:30:00	1.07114	1.07144	1.07077	1.07078	3449
2024-02-14 01:00:00	1.07078	1.07094	1.07032	1.0707	4591
2024-02-14 01:30:00	1.07069	1.07121	1.07061	1.07115	4575
2024-02-14 02:00:00	1.07116	1.07139	1.0711	1.07122	3344
2024-02-14 02:30:00	1.07122	1.07122	1.07087	1.07095	2260
2024-02-14 03:00:00	1.07095	1.07107	1.07081	1071	2225
2024-02-14 03:30:00	1.07101	1.07139	1.07096	1.07126	2500
2024-02-14 04:00:00	1.07124	1.07134	1.07093	1.07113	2735
2024-02-14 04:30:00	1.07114	1.07145	1.07106	1.07143	2523
2024-02-14 05:00:00	1.07144	1.07147	1.07116	1.07133	2371
2024-02-14 05:30:00	1.07134	1.0715	1.07127	1.07139	1873
2024-02-14 06:00:00	1.07139	1.07167	1.07138	1.07153	2963
2024-02-14 06:30:00	1.07154	1.07186	1.07141	1.07162	2876
2024-02-14 07:00:00	1.07163	1.07173	1.07057	1.07074	8485
2024-02-14 07:30:00	1.07072	1.07161	1.0705	1.07075	6551
2024-02-14 08:00:00	1.07074	1.07081	1.06974	1.06991	11581
2024-02-14 08:30:00	1.06992	1.07066	1.06949	1.07022	8973
2024-02-14 09:00:00	1.07021	1.07053	1.06962	1.0703	6877
2024-02-14 09:30:00	1.07028	1.07057	1.06978	1.07	6171
2024-02-14 10:00:00	1.07001	1.07018	1.06963	1.06988	5054
2024-02-14 10:30:00	1.06988	1.07043	1.06965	1.07036	4527
2024-02-14 11:00:00	1.07036	1.07043	1.06971	1.06993	4589
2024-02-14 11:30:00	1.06993	1.07103	1.06977	1.07078	5181
2024-02-14 12:00:00	1.07079	1.07103	1.07029	1.07034	4802
2024-02-14 12:30:00	1.07032	1.07069	1.0701	1.07056	4776
2024-02-14 13:00:00	1.07058	1.07147	1.07058	1.07112	10060
2024-02-14 13:30:00	1.07111	1.07167	1.07067	1.07086	9616
2024-02-14 14:00:00	1.07086	1.07149	1.07065	1.07127	13666
2024-02-14 14:30:00	1.07128	1.07229	1.07127	1.0716	14350
2024-02-14 15:00:00	1.0716	1.07247	1.07133	1.0722	13605
2024-02-14 15:30:00	1.0722	1.07252	1.07173	1.07212	11478
2024-02-14 16:00:00	1.07211	1.07286	1.07191	1.07278	9446
2024-02-14 16:30:00	1.07277	1.07344	1.07261	1.07339	8109
2024-02-14 17:00:00	1.07338	1.07338	1.0728	1.07314	8309
2024-02-14 17:30:00	1.07313	1.07329	1.07278	1.07306	5131
2024-02-14 18:00:00	1.07307	1.07338	1.07259	1.07271	4792
2024-02-14 18:30:00	1.07272	1.07317	1.07265	1.07269	4894
2024-02-14 19:00:00	1.07269	1.07293	1.07259	1.0728	5339
2024-02-14 19:30:00	1.07281	1.07292	1.07256	1.07281	2762
2024-02-14 20:00:00	1.07282	1.07288	1.07259	1.0727	2855
2024-02-14 20:30:00	1.07272	1.07288	1.07264	1.07276	4689
2024-02-14 21:00:00	1.07275	1.07275	1.07255	1.07265	1818
2024-02-14 21:30:00	1.07265	1.07284	1.0725	1.0725	1655
2024-02-14 22:00:00	1.0725	1.07285	1.07246	1.07276	974
2024-02-14 22:30:00	1.0727	1.07282	1.07266	1.07272	3769
2024-02-14 23:00:00	1.07272	1.07308	1.07272	1.07303	920
2024-02-14 23:30:00	1.07303	1.07322	1.07303	1.07319	743
2024-02-15 00:00:00	1.07321	1.07333	1.07308	1.07312	1045
2024-02-15 00:30:00	1.07312	1.07354	1.07293	1.0734	3014
2024-02-15 01:00:00	1.0734	1.07351	1.07271	1.07273	3890
2024-02-15 01:30:00	1.07272	1.07298	1.07263	1.07283	4162
2024-02-15 02:00:00	1.07283	1.07285	1.07258	1.07281	2832
2024-02-15 02:30:00	1.0728	1.07315	1.07278	1.07292	3182
2024-02-15 03:00:00	1.07294	1.07305	1.07285	1.07287	2182
2024-02-15 03:30:00	1.07288	1.07293	1.0725	1.07256	2592
2024-02-15 04:00:00	1.07255	1.07267	1.07247	1.07252	1988
2024-02-15 04:30:00	1.07253	1.07263	1.07246	1.07259	2041
2024-02-15 05:00:00	1.0726	1.07308	1.0726	1.07307	2208
2024-02-15 05:30:00	1.07308	1.07321	1.07277	1.0729	2296
2024-02-15 06:00:00	1.0729	1.07299	1.07271	1.0729	2992
2024-02-15 06:30:00	1.0729	1.07338	1.07287	1.07309	3896
2024-02-15 07:00:00	1.07308	1.07387	1.07275	1.07387	6432
2024-02-15 07:30:00	1.07389	1.07413	1.07313	1.07328	7275
2024-02-15 08:00:00	1.07328	1.07375	1.07299	1.07325	9459
2024-02-15 08:30:00	1.07324	1.07357	1.07296	1.07308	8914
2024-02-15 09:00:00	1.07308	1.07339	1.07279	1.07338	7466
2024-02-15 09:30:00	1.07338	1.07368	1.07311	1.0733	5510
2024-02-15 10:00:00	1.07329	1.07351	1.07307	1.07344	5676
2024-02-15 10:30:00	1.07344	1.07368	1.07323	1.07345	5691
2024-02-15 11:00:00	1.07346	1074	1.07346	1.07367	4326
2024-02-15 11:30:00	1.07366	1.07377	1.07338	1.07353	3165
2024-02-15 12:00:00	1.07354	1.07445	1.07353	1.07438	3525
2024-02-15 12:30:00	1.07438	1.07486	1.07425	1.07449	5785
2024-02-15 13:00:00	1.07449	1.07505	1.07426	1.07461	8978
2024-02-15 13:30:00	1.0747	1.07727	1.0747	1.07664	35735
2024-02-15 14:00:00	1.07659	1.07702	1.07591	1.07691	22796
2024-02-15 14:30:00	1.07694	1.07829	1.07689	1.07759	24273
2024-02-15 15:00:00	1.07761	1.07847	1.07757	1.07764	17765
2024-02-15 15:30:00	1.07764	1.07788	1.07585	1.07611	16343
2024-02-15 16:00:00	1.07611	1.07631	1.07554	1.07557	13399
2024-02-15 16:30:00	1.07556	1.07602	1.07552	1.07596	7037
2024-02-15 17:00:00	1.07597	1.07629	1.07565	1.0759	4817
2024-02-15 17:30:00	1.07591	1.07623	1.07586	1.07623	4714
2024-02-15 18:00:00	1.07623	1.07648	1.07605	1.07644	4404
2024-02-15 18:30:00	1.07645	1.07674	1.07623	1.07669	3952
2024-02-15 19:00:00	1.07669	1.07723	1.07665	1.07692	4321
2024-02-15 19:30:00	1.07693	1.07711	1.07671	1.07687	4208
2024-02-15 20:00:00	1.07687	1.07701	1.0768	1.07697	4450
2024-02-15 20:30:00	1.07698	1.07718	1.07692	1.07715	3878
2024-02-15 21:00:00	1.07715	1.07715	1.07703	1.0771	1520
2024-02-15 21:30:00	1.07709	1.07738	1.07703	1.07718	2638
2024-02-15 22:00:00	1.07718	1.07718	1.0768	1.07705	295
2024-02-15 22:30:00	1.07705	1.07727	1.07699	1.07724	2100
2024-02-15 23:00:00	1.07726	1.07768	1.07717	1.0776	646
2024-02-15 23:30:00	1.07759	1.07762	1.07722	1.07726	879
2024-02-16 00:00:00	1.07726	1.07736	1.07642	1.07648	2521
2024-02-16 00:30:00	1.07647	1.07658	1.07612	1.07647	3403
2024-02-16 01:00:00	1.0765	1.07661	1.07611	1.07658	3269
2024-02-16 01:30:00	1.07659	1.07661	1.07635	1.07648	2442
2024-02-16 02:00:00	1.07648	1.0765	1.07618	1.07634	2791
2024-02-16 02:30:00	1.07634	1.07641	1.07599	1.07604	2924
2024-02-16 03:00:00	1.07604	1.0763	1.07599	1.07614	1845
2024-02-16 03:30:00	1.07613	1.07626	1.0759	1.07598	3268
2024-02-16 04:00:00	1.07599	1076	1.07573	1.07586	2166
2024-02-16 04:30:00	1.07587	1.07611	1.07583	1.07593	2005
2024-02-16 05:00:00	1.07591	1.07618	1.07583	1.07598	1525
2024-02-16 05:30:00	1.07597	1.07609	1.07591	1.07601	1775
2024-02-16 06:00:00	1.07601	1.07608	1.07586	1.07594	1362
2024-02-16 06:30:00	1.07593	1.07626	1.07587	1.07626	1577
2024-02-16 07:00:00	1.07626	1.07673	1.07614	1.07652	3360
2024-02-16 07:30:00	1.07652	1.07678	1076	1.07606	3044
2024-02-16 08:00:00	1.07607	1.07655	1.07595	1.07629	3548
2024-02-16 08:30:00	1.07629	1.07713	1.07625	1.07699	3127
2024-02-16 09:00:00	1.07699	1.07717	1.07653	1.07691	6038
2024-02-16 09:30:00	1.07691	1.07715	1.0764	1.07661	7246
2024-02-16 10:00:00	1.07661	1.07662	1.07625	1.07633	3643
2024-02-16 10:30:00	1.07632	1.07708	1.07632	1.0768	3733
2024-02-16 11:00:00	1.07678	1.07763	1.07667	1.07732	3300
2024-02-16 11:30:00	1.07732	1078	1.07727	1.07775	4688
2024-02-16 12:00:00	1.07773	1.0778	1.07733	1.07734	5835
2024-02-16 12:30:00	1.07734	1.07758	1.07675	1.0768	6266
2024-02-16 13:00:00	1.07679	1.07709	1.07618	1.0767	8798
2024-02-16 13:30:00	1.0767	1.07676	1.07319	1.07464	22623
2024-02-16 14:00:00	1.07465	1.07531	1.07409	1075	16664
2024-02-16 14:30:00	1075	1.07569	1.0748	1.07496	21396
2024-02-16 15:00:00	1.07494	1.07718	1.07483	1.07674	16997
2024-02-16 15:30:00	1.07674	1.07768	1.07646	1.07707	15521
2024-02-16 16:00:00	1.0771	1.07753	1.07683	1.07729	11279
2024-02-16 16:30:00	1.0773	1.07741	1.07656	1.07683	11825
2024-02-16 17:00:00	1.07681	1.07696	1.07626	1.07661	4368
2024-02-16 17:30:00	1.07661	1.07778	1.07656	1.07777	5270
2024-02-16 18:00:00	1.07778	1.07787	1.07739	1.07753	5845
2024-02-16 18:30:00	1.07751	1.07859	1.07744	1.0785	3773
2024-02-16 19:00:00	1.07851	1.07874	1.07843	1.07846	4500
2024-02-16 19:30:00	1.07847	1.07851	1.07754	1.0777	7632
2024-02-16 20:00:00	1.0777	1.0777	1.07738	1.07763	6187
2024-02-16 20:30:00	1.07762	1.07774	1.07729	1.07764	5462
2024-02-16 21:00:00	1.07764	1.07778	1.07747	1.07776	2640
2024-02-16 21:30:00	1.07777	1.07778	1.07747	1.07749	3651
2024-02-18 22:00:00	1.07718	1.07768	1.07718	1.07734	958
2024-02-18 22:30:00	1.07746	1.07756	1.0773	1.07748	692
2024-02-18 23:00:00	1.07744	1.07816	1.07744	1.07816	1147
2024-02-18 23:30:00	1.07814	1.0785	1.07804	1.0784	1308
2024-02-19 00:00:00	1.07838	1.07889	1.07836	1.07875	2006
2024-02-19 00:30:00	1.07877	1.07889	1.07847	1.07869	2688
2024-02-19 01:00:00	1.0787	1.0788	1.07814	1.07815	3458
2024-02-19 01:30:00	1.07814	1.07826	1.07782	1.07803	4362
2024-02-19 02:00:00	1.07802	1.07802	1.0778	1.0779	2376
2024-02-19 02:30:00	1.07791	1.07818	1.0778	1.07812	1672
2024-02-19 03:00:00	1.07811	1.07832	1.0781	1.0782	2071
2024-02-19 03:30:00	1.07821	1.07821	1.0775	1.07754	3224
2024-02-19 04:00:00	1.07753	1.07778	1.07748	1.07771	1281
2024-02-19 04:30:00	1.07771	1.07809	1.07752	1.07778	1941
2024-02-19 05:00:00	1.07779	1.07802	1.0777	1.07802	1727
2024-02-19 05:30:00	1.07802	1.07827	1.07802	1.07816	2278
2024-02-19 06:00:00	1.07817	1.07829	1078	1.07815	1990
2024-02-19 06:30:00	1.07815	1.07867	1.07809	1.07863	2235
2024-02-19 07:00:00	1.07863	1.07894	1.07863	1.07867	2874
2024-02-19 07:30:00	1.07868	1.07887	1.07813	1.07826	4633
2024-02-19 08:00:00	1.0783	1.07873	1.07823	1.07866	5483
2024-02-19 08:30:00	1.07867	1.07868	1.07762	1.07781	6015
2024-02-19 09:00:00	1.07782	1.07833	1.0774	1.07749	6584
2024-02-19 09:30:00	1.07748	1.07783	1.07723	1.07747	4556
2024-02-19 10:00:00	1.07746	1.07776	1.07721	1.0777	4057
2024-02-19 10:30:00	1.07771	1.07787	1.07742	1.07752	3823
2024-02-19 11:00:00	1.07753	1.07807	1.07735	1078	4358
2024-02-19 11:30:00	1.07802	1.07817	1.0777	1.0777	3092
2024-02-19 12:00:00	1.07769	1.07794	1.07749	1.07774	2311
2024-02-19 12:30:00	1.07775	1.07777	1.07696	1077	3801
2024-02-19 13:00:00	1.07704	1.07787	1.07703	1.07713	3639
2024-02-19 13:30:00	1.07713	1.07729	1.07675	1077	2872
2024-02-19 14:00:00	1077	1.07706	1.07654	1.07671	5226
2024-02-19 14:30:00	1.0767	1.07677	1.07631	1.07663	4933
2024-02-19 15:00:00	1.07664	1.07673	1.07621	1.07648	3431
2024-02-19 15:30:00	1.07648	1.07684	1.0764	1.07674	4413
2024-02-19 16:00:00	1.07673	1.07682	1.07626	1.0768	2674
2024-02-19 16:30:00	1.07679	1.07707	1.07677	1.07698	1289
2024-02-19 17:00:00	1.07697	1.07738	1.07694	1.07737	1066
2024-02-19 17:30:00	1.0774	1.07763	1.0774	1.07761	769
2024-02-19 18:00:00	1.0776	1.07836	1.0776	1.07804	1751
2024-02-19 18:30:00	1.07805	1.07808	1.07779	1.07789	1085
2024-02-19 19:00:00	1.07791	1.07821	1.07779	1.07784	1078
2024-02-19 19:30:00	1.07786	1.07808	1.07783	1.07783	763
2024-02-19 20:00:00	1.07786	1.07788	1.07779	1.07787	361
2024-02-19 20:30:00	1.07788	1.07797	1.07775	1.07793	494
2024-02-19 21:00:00	1.07793	1.07816	1.07788	1.07815	501
2024-02-19 21:30:00	1.07816	1.07823	1.07776	1.07785	539
2024-02-19 22:00:00	1.0777	1.07795	1.07766	1.07788	641
2024-02-19 22:30:00	1.07787	1.07801	1.07758	1.07784	2208
2024-02-19 23:00:00	1.07784	1.07799	1.07748	1.07752	1278
2024-02-19 23:30:00	1.07751	1.07759	1.07737	1.07754	1261
2024-02-20 00:00:00	1.07753	1.07769	1.07693	1.07716	3057
2024-02-20 00:30:00	1.07717	1.0773	1.07676	1.07696	3781
2024-02-20 01:00:00	1.07695	1.07709	1.07649	1.07706	6418
2024-02-20 01:30:00	1.07707	1.07712	1.07651	1.07659	5066
2024-02-20 02:00:00	1.07658	1.07661	1.07618	1.07657	3691
2024-02-20 02:30:00	1.07657	1.07669	1.07615	1.07669	3060
2024-02-20 03:00:00	1.07668	1.07677	1.07644	1.07676	3199
2024-02-20 03:30:00	1.07677	1.07685	1.07658	1.07678	2135
2024-02-20 04:00:00	1.07678	1.07709	1.07674	1.07699	2107
2024-02-20 04:30:00	1.07698	1.07703	1.07685	1.07689	2321
2024-02-20 05:00:00	1.0769	1077	1.07669	1.07676	2193
2024-02-20 05:30:00	1.07676	1.07682	1.07651	1.07679	3009
2024-02-20 06:00:00	1.07679	1.07719	1.07673	1.07718	2913
2024-02-20 06:30:00	1.07717	1.07727	1.0769	1.07708	2961
2024-02-20 07:00:00	1.07708	1.07748	1.07706	1.07722	5708
2024-02-20 07:30:00	1.07722	1.07737	1.07674	1.07697	6750
2024-02-20 08:00:00	1.07695	1.07751	1.07695	1.07737	8328
2024-02-20 08:30:00	1.07738	1.07777	1.07688	1.07758	7688
2024-02-20 09:00:00	1.07757	1.07917	1.07738	1.07894	6557
2024-02-20 09:30:00	1.07895	1.07988	1.07888	1.07977	10042
2024-02-20 10:00:00	1.07977	1.08033	1.07954	1.08019	7854
2024-02-20 10:30:00	1.08019	1.08094	1.08008	1.08038	12051
2024-02-20 11:00:00	1.08039	1.08043	1.07937	1.07953	8478
2024-02-20 11:30:00	1.07952	1.08023	1.07937	1.07983	7260
2024-02-20 12:00:00	1.07984	1.08052	1.07967	1.08046	9725
2024-02-20 12:30:00	1.08047	1.08056	1.07954	1.0798	8500
2024-02-20 13:00:00	1.07981	1.08087	1.07968	1.08087	8248
2024-02-20 13:30:00	1.08087	1.08249	1.08084	1.0823	12920
2024-02-20 14:00:00	1.08232	1.08314	1.08183	1083	13492
2024-02-20 14:30:00	1.08301	1.08387	1.08257	1.08289	17486
2024-02-20 15:00:00	1.0829	1.08295	1.08202	1.08256	12660
2024-02-20 15:30:00	1.08257	1.08258	1.0813	1.08226	11507
2024-02-20 16:00:00	1.08227	1.08248	1.08158	1.08176	7991
2024-02-20 16:30:00	1.08177	1.08188	1.08124	1.08129	6275
2024-02-20 17:00:00	1.0813	1.08149	1.08091	1.08112	4575
2024-02-20 17:30:00	1.08113	1.0814	1.08096	1.08117	5108
2024-02-20 18:00:00	1.08116	1.0812	1.08082	1.08103	3627
2024-02-20 18:30:00	1.08101	1.0813	1.0807	1.08098	3810
2024-02-20 19:00:00	1.08098	1.08113	1.08077	1.08092	4627
2024-02-20 19:30:00	1.08093	1.08102	1.08064	1.08064	3575
2024-02-20 20:00:00	1.08063	1.08125	1.08043	1.08123	3834
2024-02-20 20:30:00	1.08124	1.08126	1.0809	1.08104	4310
2024-02-20 21:00:00	1.08104	1.08107	1.08065	1.08077	1410
2024-02-20 21:30:00	1.08078	1.08087	1.08065	1.08072	1904
2024-02-20 22:00:00	1.08071	1.08091	1.08056	1.08075	925
2024-02-20 22:30:00	1.08081	1.08097	1.08075	1.0809	1272
2024-02-20 23:00:00	1.08091	1.0811	1.08074	1.08105	1819
2024-02-20 23:30:00	1.08105	1.0811	1.08089	1.08098	1520
2024-02-21 00:00:00	1081	1.08111	1.08066	1.0809	2590
2024-02-21 00:30:00	1.0809	1.08105	1.08083	1.08102	2451
2024-02-21 01:00:00	1.08102	1.08102	1.08055	1.08076	3199
2024-02-21 01:30:00	1.08075	1.08125	1.08064	1.08119	3701
2024-02-21 02:00:00	1.0812	1.08163	1.08119	1.08157	2871
2024-02-21 02:30:00	1.08157	1.08172	1.08137	1.0815	3414
2024-02-21 03:00:00	1.0815	1.08177	1.08149	1.08155	2089
2024-02-21 03:30:00	1.08154	1.08189	1.08136	1.08178	2413
2024-02-21 04:00:00	1.08179	1.08191	1.08136	1.08148	2406
2024-02-21 04:30:00	1.08149	1.08158	1.08135	1.08141	2106
2024-02-21 05:00:00	1.08141	1.08157	1.08125	1.08128	2994
2024-02-21 05:30:00	1.08127	1.08165	1.08125	1.0815	1658
2024-02-21 06:00:00	1.08151	1.08152	1081	1.08105	3495
2024-02-21 06:30:00	1.08105	1.08122	1.08075	1.08114	3961
2024-02-21 07:00:00	1.08114	1.0814	1.08087	1.08097	4715
2024-02-21 07:30:00	1.08097	1.08137	1.08064	1.08107	4317
2024-02-21 08:00:00	1.08106	1.08146	1.08063	1.08074	5660
2024-02-21 08:30:00	1.08076	1.08091	1.07972	1.07987	6881
2024-02-21 09:00:00	1.07987	1.07988	1.07899	1.07948	7272
2024-02-21 09:30:00	1.07946	1.08003	1.07936	1.07999	5031
2024-02-21 10:00:00	1.07997	1.08007	1.07959	1.08006	5104
2024-02-21 10:30:00	1.08005	1.08031	1.07977	1.08011	4395
2024-02-21 11:00:00	1.0801	1.08021	1.07956	1.07967	5160
2024-02-21 11:30:00	1.07966	1.0799	1.07942	1.0799	3505
2024-02-21 12:00:00	1.0799	1.08023	1.07964	1.0799	3909
2024-02-21 12:30:00	1.07989	1.08031	1.07964	1.08031	6004
2024-02-21 13:00:00	1.08031	1.08107	1.08031	1.08046	8997
2024-02-21 13:30:00	1.08045	1.08114	1.08039	1081	7892
2024-02-21 14:00:00	1.08101	1.08154	1.0808	1.08095	8556
2024-02-21 14:30:00	1.08094	1.08162	1.08061	1.08131	7739
2024-02-21 15:00:00	1.0813	1.08199	1.08108	1.08135	7310
2024-02-21 15:30:00	1.08133	1.08152	1.08043	1.08051	10328
2024-02-21 16:00:00	1.08051	1.08152	1.08008	1.08146	7743
2024-02-21 16:30:00	1.08146	1.08188	1.08133	1.08169	6668
2024-02-21 17:00:00	1.08171	1.08172	1.08079	1.08093	6492
2024-02-21 17:30:00	1.08093	1.08097	1.08066	1.08075	5867
2024-02-21 18:00:00	1.08074	1.08109	1.07999	1.08091	11178
2024-02-21 18:30:00	1.0809	1.08135	1.08089	1.08113	7343
2024-02-21 19:00:00	1.08117	1.08243	1.0805	1.08175	14815
2024-02-21 19:30:00	1.08175	1.08196	1.08129	1.08165	5966
2024-02-21 20:00:00	1.08164	1.08172	1.08124	1.08162	6960
2024-02-21 20:30:00	1.08161	1.08209	1.0816	1.08171	8473
2024-02-21 21:00:00	1.08172	1.08182	1.08129	1.08167	2122
2024-02-21 21:30:00	1.08167	1.08201	1.08166	1.08181	1595
2024-02-21 22:00:00	1.08182	1.08209	1.08146	1.08194	2248
2024-02-21 22:30:00	1.08196	1.08208	1.0818	1.08192	4543
2024-02-21 23:00:00	1.08191	1.08226	1.08191	1.08217	1312
2024-02-21 23:30:00	1.08216	1.08217	1.08187	1.08202	1931
2024-02-22 00:00:00	1.08201	1.08273	1082	1.08268	2167
2024-02-22 00:30:00	1.08267	1.08321	1.08263	1.08302	4133
2024-02-22 01:00:00	1.08301	1.08306	1.08268	1.08283	5166
2024-02-22 01:30:00	1.08282	1.08303	1.08267	1.08267	4855
2024-02-22 02:00:00	1.08266	1.08271	1.0819	1.08219	5075
2024-02-22 02:30:00	1.08219	1.08263	1.08204	1.0826	1694
2024-02-22 03:00:00	1.0826	1.08272	1.08235	1.08247	1382
2024-02-22 03:30:00	1.08246	1.08258	1.08231	1.08257	1564
2024-02-22 04:00:00	1.08258	1.0829	1.08252	1.08288	1832
2024-02-22 04:30:00	1.08287	1.08309	1.08278	1.08303	1970
2024-02-22 05:00:00	1.08302	1.08347	1.08296	1.08328	1969
2024-02-22 05:30:00	1.08328	1.08378	1.08324	1.08333	2179
2024-02-22 06:00:00	1.08331	1.08374	1.0833	1.08367	2502
2024-02-22 06:30:00	1.08367	1084	1.08367	1.08384	2074
2024-02-22 07:00:00	1.08385	1.08506	1.08376	1.08491	4988
2024-02-22 07:30:00	1.08493	1.08538	1.08486	1.08531	5808
2024-02-22 08:00:00	1.08531	1.08882	1.08526	1.08857	12879
2024-02-22 08:30:00	1.08855	1.08855	1.08573	1.08714	13187
2024-02-22 09:00:00	1.08715	1.08716	1.08534	1.08563	10923
2024-02-22 09:30:00	1.08565	1.08574	1.0848	1.08529	7090
2024-02-22 10:00:00	1.08527	1.08562	1.08503	1.08529	5140
2024-02-22 10:30:00	1.08529	1.08588	1.08522	1.08566	3309
2024-02-22 11:00:00	1.08568	1.08568	1.08448	1.08496	4660
2024-02-22 11:30:00	1.08495	1.08573	1.08476	1.08573	3353
2024-02-22 12:00:00	1.08572	1.08586	1.08475	1.08489	4413
2024-02-22 12:30:00	1.0849	1.0852	1.08424	1.08438	6474
2024-02-22 13:00:00	1.08439	1.08481	1.08361	1.08387	7227
2024-02-22 13:30:00	1.08385	1.08385	1.0821	1.08231	14069
2024-02-22 14:00:00	1.0823	1.08246	1.08104	1.08128	8063
2024-02-22 14:30:00	1.08129	1.08204	1.08026	1.0818	15235
2024-02-22 15:00:00	1.0818	1.0818	1.08036	1.08121	15587
2024-02-22 15:30:00	1.08121	1.08194	1.08092	1.08102	8396
2024-02-22 16:00:00	1.08101	1.08185	1.08093	1.08151	7479
2024-02-22 16:30:00	1.08152	1.08168	1.08088	1.08141	4262
2024-02-22 17:00:00	1.08142	1.08211	1.08117	1.08209	4125
2024-02-22 17:30:00	1.08209	1.0824	1.08194	1.08202	2409
2024-02-22 18:00:00	1.08201	1.08228	1.08144	1.08227	3010
2024-02-22 18:30:00	1.08228	1.08261	1.08219	1.08248	2879
2024-02-22 19:00:00	1.08247	1.08251	1.08221	1.08231	3018
2024-02-22 19:30:00	1.08231	1.08235	1.08192	1.08223	2923
2024-02-22 20:00:00	1.08224	1.08232	1082	1.08218	2698
2024-02-22 20:30:00	1.08219	1.0823	1.08185	1.08217	3946
2024-02-22 21:00:00	1.08218	1.08226	1.08208	1.0822	1073
2024-02-22 21:30:00	1.0822	1.08236	1.0821	1.08222	1528
2024-02-22 22:00:00	1.08221	1.08233	1.08186	1.08218	630
2024-02-22 22:30:00	1.08218	1.08242	1.08174	1.08209	1583
2024-02-22 23:00:00	1.08215	1.08256	1.08204	1.08252	709
2024-02-22 23:30:00	1.08252	1.08258	1.08249	1.08253	866
2024-02-23 00:00:00	1.08253	1.08278	1.08252	1.08273	1887
2024-02-23 00:30:00	1.08276	1.08278	1.08149	1.08218	4018
2024-02-23 01:00:00	1.08216	1.08279	1.08216	1.08263	2710
2024-02-23 01:30:00	1.08264	1.08318	1.08252	1.08269	2076
2024-02-23 02:00:00	1.08271	1.08305	1.08254	1.08274	2291
2024-02-23 02:30:00	1.08275	1.08284	1.08247	1.08254	2288
2024-02-23 03:00:00	1.08253	1.0826	1.08227	1.0824	1977
2024-02-23 03:30:00	1.08241	1.08254	1.08229	1.08252	2322
2024-02-23 04:00:00	1.08253	1.08283	1.08249	1.08282	1899
2024-02-23 04:30:00	1.08283	1.08284	1.08252	1.08254	2801
2024-02-23 05:00:00	1.08253	1.08269	1.08249	1.08258	2590
2024-02-23 05:30:00	1.08259	1.0826	1.08213	1.08227	1034
2024-02-23 06:00:00	1.08227	1.08275	1.08227	1.08259	1812
2024-02-23 06:30:00	1.0826	1.08276	1.08217	1.08256	3238
2024-02-23 07:00:00	1.08256	1.08308	1.08239	1.08287	4598
2024-02-23 07:30:00	1.08286	1.08318	1.08243	1.08294	4457
2024-02-23 08:00:00	1.08295	1.08324	1.0826	1.08267	4839
2024-02-23 08:30:00	1.08265	1.08286	1.08209	1.0825	6112
2024-02-23 09:00:00	1.0825	1.08257	1.08199	1.08213	4667
2024-02-23 09:30:00	1.08212	1.08222	1.0814	1.08173	3745
2024-02-23 10:00:00	1.08174	1.08244	1.08171	1.08229	3267
2024-02-23 10:30:00	1.08229	1.08248	1.08204	1.08237	4444
2024-02-23 11:00:00	1.08239	1.08314	1.08223	1.08293	4402
2024-02-23 11:30:00	1.08293	1.08312	1.08254	1.08271	3817
2024-02-23 12:00:00	1.08271	1.08346	1.08245	1.08338	3963
2024-02-23 12:30:00	1.08336	1.08395	1.08336	1.08361	5720
2024-02-23 13:00:00	1.08361	1.08367	1.08301	1.08313	7096
2024-02-23 13:30:00	1.08312	1.08342	1.08268	1.08319	7239
2024-02-23 14:00:00	1.08316	1.08337	1.08266	1.08326	7602
2024-02-23 14:30:00	1.08325	1.08368	1.08243	1.08255	7248
2024-02-23 15:00:00	1.08255	1.08256	1.08159	1.08197	7673
2024-02-23 15:30:00	1.08198	1.08223	1.08117	1.08206	6910
2024-02-23 16:00:00	1.08206	1.08225	1.08149	1.08221	6090
2024-02-23 16:30:00	1.08222	1.08287	1.08222	1.08274	6188
2024-02-23 17:00:00	1.08275	1.08288	1.08239	1.08245	4485
2024-02-23 17:30:00	1.08246	1.08274	1.0821	1.08247	5216
2024-02-23 18:00:00	1.08248	1.08284	1.08229	1.08281	2352
2024-02-23 18:30:00	1.0828	1.08296	1.08264	1.08265	3186
2024-02-23 19:00:00	1.08264	1.08265	1.08201	1.08209	3124
2024-02-23 19:30:00	1.08209	1.08234	1.08203	1.08229	3002
2024-02-23 20:00:00	1.08229	1.08245	1.08187	1.08195	2907
2024-02-23 20:30:00	1.08195	1.08227	1.08176	1.08223	3831
2024-02-23 21:00:00	1.08223	1.08231	1.08208	1.08226	1981
2024-02-23 21:30:00	1.08226	1.08226	1.08174	1.08174	3634
2024-02-25 22:00:00	1.08318	1.08322	1.08182	1.0819	515
2024-02-25 22:30:00	1.0819	1.08241	1.08188	1.08227	1714
2024-02-25 23:00:00	1.0823	1.0823	1.08197	1.08205	762
2024-02-25 23:30:00	1.08205	1.08205	1.08189	1.0819	859
2024-02-26 00:00:00	1.08188	1.08202	1.0816	1.08189	2192
2024-02-26 00:30:00	1.08188	1.08195	1.08164	1.08166	2982
2024-02-26 01:00:00	1.08165	1.08175	1.08126	1.08168	3770
2024-02-26 01:30:00	1.08169	1.08194	1.0816	1.08163	1805
2024-02-26 02:00:00	1.08163	1.08168	1.08143	1.08164	1456
2024-02-26 02:30:00	1.08165	1.08176	1.0815	1.08171	1369
2024-02-26 03:00:00	1.08169	1.08185	1.0816	1.08183	1264
2024-02-26 03:30:00	1.08184	1.08194	1.08178	1.08185	2291
2024-02-26 04:00:00	1.08185	1.08212	1.08175	1.08206	1896
2024-02-26 04:30:00	1.08207	1.08226	1.08205	1.08211	2747
2024-02-26 05:00:00	1.0821	1.08218	1.08188	1.08195	1921
2024-02-26 05:30:00	1.08195	1.08241	1.08194	1.08231	1973
2024-02-26 06:00:00	1.0823	1.08247	1.08219	1.08245	1724
2024-02-26 06:30:00	1.08245	1.08254	1.08232	1.0824	1779
2024-02-26 07:00:00	1.08241	1.08325	1.08229	1.08311	4654
2024-02-26 07:30:00	1.0831	1.08366	1.08298	1.08321	5214
2024-02-26 08:00:00	1.08322	1.08329	1.0827	1.08326	4901
2024-02-26 08:30:00	1.08327	1.08355	1.08304	1.08321	4781
2024-02-26 09:00:00	1.08321	1.08374	1.08306	1.0836	3160
2024-02-26 09:30:00	1.0836	1.08403	1.0836	1.08399	2091
2024-02-26 10:00:00	1084	1.08472	1.08385	1.0847	4705
2024-02-26 10:30:00	1.0847	1.08487	1.08448	1.08478	3795
2024-02-26 11:00:00	1.08477	1.08533	1.0845	1.08525	3374
2024-02-26 11:30:00	1.08525	1.0854	1.08494	1.08519	3728
2024-02-26 12:00:00	1.0852	1.08554	1.08509	1.0854	3279
2024-02-26 12:30:00	1.08542	1.08597	1.08487	1.08496	3773
2024-02-26 13:00:00	1.08495	1.08547	1.08483	1.08514	4570
2024-02-26 13:30:00	1.08515	1.08589	1.08505	1.08578	4967
2024-02-26 14:00:00	1.08579	1.08587	1.0845	1.08499	8194
2024-02-26 14:30:00	1.08501	1.08546	1.08438	1.08459	6760
2024-02-26 15:00:00	1.0846	1.08482	1.08386	1.08456	6436
2024-02-26 15:30:00	1.08458	1.08543	1.08453	1.08509	4939
2024-02-26 16:00:00	1.08509	1.08524	1.08471	1.08497	4715
2024-02-26 16:30:00	1.08499	1.08555	1.08477	1.0854	3919
2024-02-26 17:00:00	1.0854	1.08548	1.08475	1.08487	4633
2024-02-26 17:30:00	1.08487	1085	1.08436	1.08453	2614
2024-02-26 18:00:00	1.08452	1.08458	1.08409	1.08416	3933
2024-02-26 18:30:00	1.08417	1.08452	1.08397	1.08446	1875
2024-02-26 19:00:00	1.08445	1.08472	1.08439	1.0845	1828
2024-02-26 19:30:00	1.0845	1.08475	1.08443	1.08462	3494
2024-02-26 20:00:00	1.08462	1.08525	1.08461	1.08519	4242
2024-02-26 20:30:00	1.0852	1.08525	1.08504	1.08507	4565
2024-02-26 21:00:00	1.08507	1.08511	1.08501	1.08505	1492
2024-02-26 21:30:00	1.08504	1.08515	1.08497	1.08504	882
2024-02-26 22:00:00	1.08504	1.08505	1.08469	1.08471	701
2024-02-26 22:30:00	1.0847	1085	1.08469	1.08497	6118
2024-02-26 23:00:00	1.08497	1.0851	1.08482	1.08488	1127
2024-02-26 23:30:00	1.08489	1.08513	1.08489	1.08503	258
2024-02-27 00:00:00	1.08504	1.08508	1.08475	1.08494	974
2024-02-27 00:30:00	1.08494	1.08494	1.08467	1.08474	683
2024-02-27 01:00:00	1.08473	1.08481	1.08454	1.08467	1599
2024-02-27 01:30:00	1.08468	1.08507	1.08462	1.08499	1310
2024-02-27 02:00:00	1.08499	1.08534	1.08482	1.08504	838
2024-02-27 02:30:00	1.08504	1.08525	1.08504	1.08514	611
2024-02-27 03:00:00	1.08514	1.08527	1.08485	1.08515	579
2024-02-27 03:30:00	1.08515	1.08529	1.08513	1.08528	524
2024-02-27 04:00:00	1.08529	1.08546	1.08526	1.08546	305
2024-02-27 04:30:00	1.08545	1.08553	1.08529	1.08534	612
2024-02-27 05:00:00	1.08533	1.08541	1.08501	1.08501	848
2024-02-27 05:30:00	1.08502	1.08529	1.08486	1.08519	866
2024-02-27 06:00:00	1.0852	1.08527	1.08477	1.08491	1079
2024-02-27 06:30:00	1.0849	1.08517	1.0847	1085	938
2024-02-27 07:00:00	1.08501	1.08626	1.08498	1.08614	2346
2024-02-27 07:30:00	1.08613	1.08622	1.08552	1.0856	2249
2024-02-27 08:00:00	1.08558	1.08614	1.08529	1.08603	2784
2024-02-27 08:30:00	1.08603	1.08659	1.08559	1.08576	3497
2024-02-27 09:00:00	1.08575	1.08594	1.08531	1.08538	4616
2024-02-27 09:30:00	1.08538	1.08569	1.08518	1.08529	5149
2024-02-27 10:00:00	1.08528	1.08528	1.08418	1.08456	4979
2024-02-27 10:30:00	1.08456	1.08532	1.08456	1.08517	2698
2024-02-27 11:00:00	1.08516	1.08549	1.08479	1.08541	3310
2024-02-27 11:30:00	1.08541	1.08589	1.08534	1.08576	2200
2024-02-27 12:00:00	1.08576	1.08616	1.08571	1.08587	2423
2024-02-27 12:30:00	1.08588	1.0863	1.08557	1.08568	3286
2024-02-27 13:00:00	1.08568	1.08577	1.08499	1.08505	4978
2024-02-27 13:30:00	1.08504	1.08564	1.08449	1.0848	8365
2024-02-27 14:00:00	1.08479	1.08508	1084	1.08413	4594
2024-02-27 14:30:00	1.08413	1.08448	1.08359	1084	5223
2024-02-27 15:00:00	1.08398	1.08464	1.08358	1.08391	7049
2024-02-27 15:30:00	1.0839	1.08512	1.0833	1.08469	6041
2024-02-27 16:00:00	1.08469	1.08547	1.08448	1.08523	5256
2024-02-27 16:30:00	1.08524	1.08577	1.08483	1.0856	4206
2024-02-27 17:00:00	1.0856	1.08565	1.08488	1.08524	3233
2024-02-27 17:30:00	1.08523	1.08559	1.08503	1.08507	4709
2024-02-27 18:00:00	1.08507	1.08567	1.08494	1.08524	4515
2024-02-27 18:30:00	1.08523	1.08532	1.08489	1.08495	2567
2024-02-27 19:00:00	1.08494	1.08494	1.08429	1.08455	3287
2024-02-27 19:30:00	1.08456	1.0846	1.08408	1.08442	3065
2024-02-27 20:00:00	1.08441	1.0846	1.0842	1.08455	2197
2024-02-27 20:30:00	1.08455	1.08475	1.08441	1.08441	2195
2024-02-27 21:00:00	1.0844	1.08461	1.08439	1.08446	866
2024-02-27 21:30:00	1.08448	1.08453	1.08437	1.08437	1862
2024-02-27 22:00:00	1.08437	1.08464	1.08433	1.08459	1848
2024-02-27 22:30:00	1.0846	1.08465	1.08433	1.08434	2863
2024-02-27 23:00:00	1.08434	1.08452	1.08434	1.08439	903
2024-02-27 23:30:00	1.08439	1.08443	1.0841	1.0841	1088
2024-02-28 00:00:00	1.08411	1.08445	1.08405	1.08425	926
2024-02-28 00:30:00	1.08425	1.08455	1.08411	1.08446	2264
2024-02-28 01:00:00	1.08447	1.08447	1084	1.08406	3324
2024-02-28 01:30:00	1.08406	1.08416	1.08378	1.08394	2879
2024-02-28 02:00:00	1.08394	1.08402	1.08371	1.08394	1565
2024-02-28 02:30:00	1.08394	1084	1.08371	1.08375	1659
2024-02-28 03:00:00	1.08375	1.08381	1.08329	1.08331	1808
2024-02-28 03:30:00	1.08331	1.08351	1.08328	1.08343	1510
2024-02-28 04:00:00	1.08344	1.08357	1.08325	1.08339	1179
2024-02-28 04:30:00	1.0834	1.08346	1.08318	1.08323	2088
2024-02-28 05:00:00	1.08322	1.08331	1.08298	1.08305	2429
2024-02-28 05:30:00	1.08305	1.08305	1.08254	1.08266	2611
2024-02-28 06:00:00	1.08265	1.08293	1.08259	1.0827	2155
2024-02-28 06:30:00	1.08271	1.08271	1.0822	1.08224	2462
2024-02-28 07:00:00	1.08223	1.08248	1.08187	1.08189	3455
2024-02-28 07:30:00	1.08189	1.0824	1.08164	1.08232	3980
2024-02-28 08:00:00	1.08233	1.08241	1.08142	1.08151	5595
2024-02-28 08:30:00	1.08151	1.08187	1.08084	1.0809	6000
2024-02-28 09:00:00	1.08089	1.08126	1.07979	1.08036	6611
2024-02-28 09:30:00	1.08037	1.08037	1.07966	1.08	6739
2024-02-28 10:00:00	1.07999	1.08158	1.07993	1.08149	5745
2024-02-28 10:30:00	1.08149	1.08176	1.0814	1.08154	6525
2024-02-28 11:00:00	1.08154	1.08167	1.0811	1.08165	4036
2024-02-28 11:30:00	1.08165	1.08179	1.08145	1.08154	4000
2024-02-28 12:00:00	1.08154	1.08208	1.08135	1.08139	4674
2024-02-28 12:30:00	1.08142	1.0815	1.08073	1.08088	3303
2024-02-28 13:00:00	1.08087	1.08151	1.08067	1.08135	4745
2024-02-28 13:30:00	1.08132	1.08309	1.08087	1.08278	13342
2024-02-28 14:00:00	1.08276	1.08327	1.08213	1.08294	13071
2024-02-28 14:30:00	1.08293	1.08337	1.08227	1.08299	9428
2024-02-28 15:00:00	1083	1.08379	1.0826	1.08364	6468
2024-02-28 15:30:00	1.08363	1.08366	1.08279	1.08343	3432
2024-02-28 16:00:00	1.08342	1.08366	1.08312	1.08344	5688
2024-02-28 16:30:00	1.08343	1.08423	1.08329	1.08421	4212
2024-02-28 17:00:00	1.0842	1.08458	1.08397	1.08399	4429
2024-02-28 17:30:00	1.08398	1.08398	1.08339	1.08383	2992
2024-02-28 18:00:00	1.08384	1.08402	1.08365	1.08395	2878
2024-02-28 18:30:00	1.08398	1.08404	1.08329	1.08343	3412
2024-02-28 19:00:00	1.08343	1.08372	1.08339	1.08366	3621
2024-02-28 19:30:00	1.08366	1.08366	1.08324	1.08336	3314
2024-02-28 20:00:00	1.08336	1.08395	1.0833	1.08393	1909
2024-02-28 20:30:00	1.08393	1.08398	1.08362	1.0838	4505
2024-02-28 21:00:00	1.0838	1.0838	1.08361	1.08371	1180
2024-02-28 21:30:00	1.0837	1.08394	1.08363	1.08375	1395
2024-02-28 22:00:00	1.08376	1.08378	1.08341	1.08375	873
2024-02-28 22:30:00	1.08374	1.08401	1.08367	1.0838	2555
2024-02-28 23:00:00	1.0838	1084	1.08374	1.08388	1186
2024-02-28 23:30:00	1.08388	1.0839	1.08374	1.08383	501
2024-02-29 00:00:00	1.08384	1084	1.08374	1.08374	1685
2024-02-29 00:30:00	1.08373	1.08377	1.08347	1.08363	3276
2024-02-29 01:00:00	1.08363	1.08395	1.08358	1.08388	3073
2024-02-29 01:30:00	1.08389	1.08403	1.0828	1.0829	4697
2024-02-29 02:00:00	1.0829	1.08364	1.08287	1.08349	4308
2024-02-29 02:30:00	1.08351	1.08367	1.0832	1.08365	4346
2024-02-29 03:00:00	1.08364	1.0837	1.08336	1.08347	4122
2024-02-29 03:30:00	1.08347	1.08378	1.08343	1.08369	1733
2024-02-29 04:00:00	1.08368	1.08376	1.08347	1.08364	3001
2024-02-29 04:30:00	1.08363	1.08369	1.08341	1.08363	2699
2024-02-29 05:00:00	1.08363	1.08373	1.08323	1.08329	3113
2024-02-29 05:30:00	1.0833	1.08369	1.08317	1.08353	1708
2024-02-29 06:00:00	1.08352	1.08369	1.08337	1.08352	1894
2024-02-29 06:30:00	1.08351	1.08381	1.08321	1.08329	3715
2024-02-29 07:00:00	1.08327	1.08379	1.08303	1.08329	3927
2024-02-29 07:30:00	1.08329	1.08393	1.08259	1.08288	6859
2024-02-29 08:00:00	1.08288	1.08473	1.08285	1.08443	9468
2024-02-29 08:30:00	1.08441	1.08473	1.08346	1.08376	7287
2024-02-29 09:00:00	1.08389	1.08517	1.08375	1.08457	7376
2024-02-29 09:30:00	1.08457	1.0852	1.08427	1.08505	5993
2024-02-29 10:00:00	1.08506	1.08542	1.08479	1.08481	4164
2024-02-29 10:30:00	1.0848	1085	1.08376	1.08378	5529
2024-02-29 11:00:00	1.08377	1.08429	1.08366	1.08366	4025
2024-02-29 11:30:00	1.08366	1.08375	1.08288	1.08343	4399
2024-02-29 12:00:00	1.08343	1.08358	1.08265	1.0829	5516
2024-02-29 12:30:00	1.0829	1.0833	1.08272	1.08287	3971
2024-02-29 13:00:00	1.08287	1.0832	1.08218	1.08289	7050
2024-02-29 13:30:00	1.08289	1.08467	1.08283	1.08377	20658
2024-02-29 14:00:00	1.08376	1.08482	1.08363	1.0843	10005
2024-02-29 14:30:00	1.0843	1.08503	1.08368	1.08466	11035
2024-02-29 15:00:00	1.08469	1.08558	1.08425	1.08436	11857
2024-02-29 15:30:00	1.08437	1.08443	1.0819	1.08224	10129
2024-02-29 16:00:00	1.08223	1.0825	1.08061	1.0809	8952
2024-02-29 16:30:00	1.08089	1.08131	1.08044	1.08062	7015
2024-02-29 17:00:00	1.08062	1.08073	1.07977	1.07988	5858
2024-02-29 17:30:00	1.07986	1.08009	1.07958	1.07998	4997
2024-02-29 18:00:00	1.07999	1.08066	1.07983	1.08053	3323
2024-02-29 18:30:00	1.08052	1.08102	1.08032	1.08091	4394
2024-02-29 19:00:00	1.08092	1.08112	1.08065	1.08081	4155
2024-02-29 19:30:00	1.08081	1.08088	1.08009	1.08025	7975
2024-02-29 20:00:00	1.08025	1.08071	1.08025	1.0807	5185
2024-02-29 20:30:00	1.08069	1.08095	1.0806	1.08083	5688
2024-02-29 21:00:00	1.08083	1.08086	1.08039	1.08048	2974
2024-02-29 21:30:00	1.0805	1.0806	1.08039	1.08046	1681
2024-02-29 22:00:00	1.08046	1.08057	1.07998	1.08041	4454
2024-02-29 22:30:00	1.08042	1.0805	1.08021	1.08047	6735
2024-02-29 23:00:00	1.08053	1.08054	1.08026	1.08045	569
2024-02-29 23:30:00	1.08044	1.08056	1.08023	1.08055	536
2024-03-01 00:00:00	1.08055	1.08093	1.08052	1.08075	1590
2024-03-01 00:30:00	1.08075	1.08124	1.08075	1.08113	3018
2024-03-01 01:00:00	1.08114	1.08148	1.08109	1.08142	1952
2024-03-01 01:30:00	1.08141	1.08212	1.08137	1.08212	2291
2024-03-01 02:00:00	1.08214	1.08218	1.08166	1.08185	4517
2024-03-01 02:30:00	1.08186	1.08196	1.08168	1.08183	884
2024-03-01 03:00:00	1.08184	1.08211	1.08178	1.08193	1561
2024-03-01 03:30:00	1.08193	1.08193	1.08165	1.08168	865
2024-03-01 04:00:00	1.08169	1.0817	1.08145	1.08146	524
2024-03-01 04:30:00	1.08147	1.08162	1.08122	1.08135	1063
2024-03-01 05:00:00	1.08135	1.08141	1.08111	1.08122	1190
2024-03-01 05:30:00	1.08121	1.08136	1.08114	1.08122	1656
2024-03-01 06:00:00	1.0812	1.08139	1.08112	1.08112	1883
2024-03-01 06:30:00	1.08112	1.08118	1.08082	1.08091	1229
2024-03-01 07:00:00	1.0809	1.08174	1.08087	1.08138	3023
2024-03-01 07:30:00	1.08137	1.08162	1.0809	1.08125	2597
2024-03-01 08:00:00	1.08127	1.08199	1.08102	1.08165	5504
2024-03-01 08:30:00	1.08165	1.08173	1.0809	1.08112	7887
2024-03-01 09:00:00	1.08111	1.08157	1.08086	1.08124	4687
2024-03-01 09:30:00	1.08124	1.08176	1.08095	1.08153	3803
2024-03-01 10:00:00	1.08156	1.08227	1.07992	1.08006	10341
2024-03-01 10:30:00	1.08006	1.08111	1.07984	1.08104	6171
2024-03-01 11:00:00	1.08105	1.08185	1.08102	1.08148	5759
2024-03-01 11:30:00	1.08149	1.08191	1.08148	1.08187	4959
2024-03-01 12:00:00	1.08187	1.08247	1.08175	1.08213	4488
2024-03-01 12:30:00	1.08213	1.08227	1.08119	1.08129	7787
2024-03-01 13:00:00	1.08128	1.08144	1.08078	1.0811	5262
2024-03-01 13:30:00	1.0811	1.08153	1.08089	1.08127	7771
2024-03-01 14:00:00	1.08127	1.08206	1.0811	1.08133	6349
2024-03-01 14:30:00	1.08134	1.0817	1.07981	1.07999	9959
2024-03-01 15:00:00	1.08	1.08406	1.08	1.08394	29980
2024-03-01 15:30:00	1.08395	1.08416	1.08329	1.0835	15978
2024-03-01 16:00:00	1.08349	1.08368	1.08233	1.08248	6097
2024-03-01 16:30:00	1.08249	1.08345	1.08249	1.0831	3344
2024-03-01 17:00:00	1.08309	1.08367	1.08288	1.08359	2694
2024-03-01 17:30:00	1.08358	1.08398	1.08357	1.08376	1995
2024-03-01 18:00:00	1.08376	1.0839	1.08315	1.08369	4291
2024-03-01 18:30:00	1.08371	1.08424	1.08363	1084	3629
2024-03-01 19:00:00	1084	1.08427	1.08398	1.08417	3324
2024-03-01 19:30:00	1.08418	1.08432	1.08381	1.08412	3429
2024-03-01 20:00:00	1.08412	1.08412	1.08352	1.08354	2054
2024-03-01 20:30:00	1.08353	1.08383	1.08348	1.08373	2027
2024-03-01 21:00:00	1.08373	1.08375	1.08333	1.08364	3071
2024-03-01 21:30:00	1.08363	1.08405	1.08361	1.08368	2752
2024-03-03 22:00:00	1.08359	1.08397	1.0835	1.0839	914
2024-03-03 22:30:00	1.08389	1.08425	1.08373	1.08398	3673
2024-03-03 23:00:00	1.08397	1.08437	1.08397	1.08428	2335
2024-03-03 23:30:00	1.08429	1.0844	1.08411	1.08416	2870
2024-03-04 00:00:00	1.08417	1.08446	1.08407	1.08445	1790
2024-03-04 00:30:00	1.08445	1.0848	1.08443	1.08457	3143
2024-03-04 01:00:00	1.08458	1.08458	1.08419	1.08433	2262
2024-03-04 01:30:00	1.08435	1.08435	1.08385	1084	2366
2024-03-04 02:00:00	1.08401	1.08438	1.08385	1.08437	1621
2024-03-04 02:30:00	1.08436	1.08458	1.08432	1.08453	1868
2024-03-04 03:00:00	1.08454	1.08457	1.08421	1.08439	2361
2024-03-04 03:30:00	1.08438	1.08446	1.08428	1.08438	617
2024-03-04 04:00:00	1.0844	1.08457	1.08438	1.08446	591
2024-03-04 04:30:00	1.08445	1.08451	1.08431	1.08436	1085
2024-03-04 05:00:00	1.08435	1.08468	1.08434	1.08458	1259
2024-03-04 05:30:00	1.08457	1.08463	1.08428	1.08443	1033
2024-03-04 06:00:00	1.08443	1.08458	1.0843	1.08442	1625
2024-03-04 06:30:00	1.0844	1.08478	1.08437	1.08469	1532
2024-03-04 07:00:00	1.0847	1.08527	1.08469	1.08478	3160
2024-03-04 07:30:00	1.08481	1.08539	1.08451	1.08537	3938
2024-03-04 08:00:00	1.08537	1.08578	1.08401	1.08419	5443
2024-03-04 08:30:00	1.08419	1.08466	1.08377	1.08447	5335
2024-03-04 09:00:00	1.08448	1.08476	1.08422	1.08459	3199
2024-03-04 09:30:00	1.08459	1.0852	1.08449	1.0849	3373
2024-03-04 10:00:00	1.08489	1.0852	1.08458	1.08496	2346
2024-03-04 10:30:00	1.08496	1.08549	1.08482	1.08536	3596
2024-03-04 11:00:00	1.08535	1.08553	1.08515	1.08535	3714
2024-03-04 11:30:00	1.08536	1.08569	1.08526	1.08562	3615
2024-03-04 12:00:00	1.08562	1.08575	1085	1.08527	3433
2024-03-04 12:30:00	1.08526	1.08534	1.08416	1.08425	5769
2024-03-04 13:00:00	1.08426	1.0847	1.08401	1.08431	4763
2024-03-04 13:30:00	1.08431	1085	1.08428	1.08487	4962
2024-03-04 14:00:00	1.08486	1.08509	1.0845	1.08504	5905
2024-03-04 14:30:00	1.08505	1.08617	1.08495	1.08597	7277
2024-03-04 15:00:00	1.08596	1.08633	1.08554	1.08601	6315
2024-03-04 15:30:00	1086	1.08636	1.0858	1.08632	5205
2024-03-04 16:00:00	1.08633	1.08667	1.08592	1.08596	5186
2024-03-04 16:30:00	1.08594	1.08619	1.08567	1.08614	3216
2024-03-04 17:00:00	1.08614	1.08623	1.08554	1.08592	4215
2024-03-04 17:30:00	1.08592	1.08604	1.0856	1.08579	2848
2024-03-04 18:00:00	1.08578	1.08606	1.08562	1.08574	1517
2024-03-04 18:30:00	1.08575	1.08588	1.08557	1.08563	1349
2024-03-04 19:00:00	1.08564	1.08576	1.08553	1.08562	1974
2024-03-04 19:30:00	1.08562	1.08583	1.08553	1.08565	2516
2024-03-04 20:00:00	1.08565	1.08577	1.08563	1.08574	2124
2024-03-04 20:30:00	1.08574	1.08594	1.08553	1.08558	4057
2024-03-04 21:00:00	1.08559	1.08571	1.0855	1.08551	1243
2024-03-04 21:30:00	1.08551	1.08566	1.08549	1.08549	1828
2024-03-04 22:00:00	1.08549	1.08569	1.08526	1.08554	6175
2024-03-04 22:30:00	1.08554	1.08564	1.08531	1.08531	5415
2024-03-04 23:00:00	1.08533	1.0858	1.08533	1.08575	731
2024-03-04 23:30:00	1.08576	1.0858	1.0854	1.08541	1059
2024-03-05 00:00:00	1.0854	1.08552	1.08515	1.08516	641
2024-03-05 00:30:00	1.08516	1.08542	1.08514	1.08529	1104
2024-03-05 01:00:00	1.0853	1.08546	1.08499	1.08518	1727
2024-03-05 01:30:00	1.08519	1.08519	1.08475	1.08494	3398
2024-03-05 02:00:00	1.08496	1.08513	1.08484	1085	1552
2024-03-05 02:30:00	1.08499	1.08518	1.08489	1085	1775
2024-03-05 03:00:00	1085	1.08525	1.08495	1.08521	1564
2024-03-05 03:30:00	1.08521	1.08547	1.08521	1.08541	954
2024-03-05 04:00:00	1.08542	1.08542	1.0852	1.0853	944
2024-03-05 04:30:00	1.0853	1.08535	1.08498	1.08505	1058
2024-03-05 05:00:00	1.08504	1.08534	1.08503	1.0852	706
2024-03-05 05:30:00	1.0852	1.08541	1.08493	1.08528	1835
2024-03-05 06:00:00	1.08529	1.08532	1.08479	1.08495	2314
2024-03-05 06:30:00	1.08496	1.08497	1.08445	1.08467	2229
2024-03-05 07:00:00	1.08468	1.08512	1.08463	1.08472	3142
2024-03-05 07:30:00	1.08473	1.08475	1.08414	1.08463	5616
2024-03-05 08:00:00	1.08464	1.08518	1.08448	1.08477	5084
2024-03-05 08:30:00	1.08478	1.08494	1.0843	1.08471	4083
2024-03-05 09:00:00	1.0847	1.08558	1.0847	1.08553	3546
2024-03-05 09:30:00	1.08552	1.08557	1.08494	1.08514	3627
2024-03-05 10:00:00	1.08512	1.08549	1.08496	1.08526	4047
2024-03-05 10:30:00	1.08526	1.08536	1.08494	1.08502	2229
2024-03-05 11:00:00	1.08501	1.08519	1.08478	1.08518	2303
2024-03-05 11:30:00	1.08518	1.08535	1.08481	1.08498	2210
2024-03-05 12:00:00	1.08498	1.08504	1.08462	1.08481	2251
2024-03-05 12:30:00	1.08481	1.08482	1.08456	1.08472	2869
2024-03-05 13:00:00	1.08471	1.08495	1.08431	1.08446	4459
2024-03-05 13:30:00	1.08447	1.08516	1.0842	1.08462	6817
2024-03-05 14:00:00	1.08464	1.08544	1.08459	1085	6888
2024-03-05 14:30:00	1.08502	1.08515	1.08403	1.08453	7137
2024-03-05 15:00:00	1.08454	1.0876	1.0845	1.08668	18397
2024-03-05 15:30:00	1.08668	1.08748	1.08639	1.08714	7557
2024-03-05 16:00:00	1.08715	1.08719	1.08608	1.08665	6507
2024-03-05 16:30:00	1.08666	1.08679	1.0858	1.08609	6108
2024-03-05 17:00:00	1.08609	1.08644	1.08585	1.0863	3728
2024-03-05 17:30:00	1.08631	1.08635	1.08577	1.08599	3159
2024-03-05 18:00:00	1.08598	1.08599	1.08533	1.08536	2467
2024-03-05 18:30:00	1.08535	1.08571	1.08513	1.08527	2934
2024-03-05 19:00:00	1.08528	1.08576	1.08513	1.08569	3010
2024-03-05 19:30:00	1.08569	1.0857	1.08513	1.08528	3483
2024-03-05 20:00:00	1.08528	1.08542	1.08489	1.08516	3382
2024-03-05 20:30:00	1.08516	1.08584	1.08512	1.08575	1611
2024-03-05 21:00:00	1.08576	1.08589	1.08567	1.08568	1127
2024-03-05 21:30:00	1.08569	1.08569	1.08559	1.0856	3113
2024-03-05 22:00:00	1.0856	1.08571	1.08556	1.0857	545
2024-03-05 22:30:00	1.08572	1.08572	1.08557	1.08564	4260
2024-03-05 23:00:00	1.08566	1.08587	1.08556	1.08574	625
2024-03-05 23:30:00	1.08574	1.08574	1.08554	1.08555	718
2024-03-06 00:00:00	1.08554	1.08556	1.08498	1.08515	1191
2024-03-06 00:30:00	1.08515	1.08524	1.08492	1.08498	1510
2024-03-06 01:00:00	1.08497	1.08502	1.08458	1.08459	3825
2024-03-06 01:30:00	1.08459	1.08462	1.08421	1.08438	2948
2024-03-06 02:00:00	1.08439	1.08488	1.08439	1.08468	2545
2024-03-06 02:30:00	1.08468	1.08533	1.0846	1.08526	2267
2024-03-06 03:00:00	1.08526	1.08531	1.08503	1.08519	3246
2024-03-06 03:30:00	1.08518	1.08528	1.08503	1.08507	1131
2024-03-06 04:00:00	1.08507	1.0852	1.08495	1.08507	1877
2024-03-06 04:30:00	1.0851	1.08522	1.08502	1.08516	1317
2024-03-06 05:00:00	1.08516	1.08544	1.08516	1.08538	2027
2024-03-06 05:30:00	1.08538	1.08568	1.08537	1.08551	2534
2024-03-06 06:00:00	1.08551	1.08589	1.08547	1.0857	3150
2024-03-06 06:30:00	1.08571	1.08605	1.08567	1.08594	2155
2024-03-06 07:00:00	1.08594	1.08646	1.08586	1.0863	3731
2024-03-06 07:30:00	1.08628	1.08663	1.08604	1.08619	4114
2024-03-06 08:00:00	1.08619	1.0871	1.08592	1.08662	4311
2024-03-06 08:30:00	1.08663	1.08741	1.08654	1.08731	4733
2024-03-06 09:00:00	1.08731	1.0875	1.08694	1.08709	2688
2024-03-06 09:30:00	1.08709	1.08777	1.08709	1.08765	3502
2024-03-06 10:00:00	1.08764	1.08795	1.08751	1.0877	2859
2024-03-06 10:30:00	1.08771	1.08778	1.08734	1.08773	1618
2024-03-06 11:00:00	1.08773	1.08783	1.08717	1.08723	2299
2024-03-06 11:30:00	1.08723	1.08773	1.08715	1.08757	2663
2024-03-06 12:00:00	1.08757	1.08785	1.08746	1.08748	1982
2024-03-06 12:30:00	1.08746	1.08756	1.08675	1.08687	4961
2024-03-06 13:00:00	1.08688	1.0877	1.08683	1.08745	8341
2024-03-06 13:30:00	1.08744	1.08848	1.08683	1.08847	12531
2024-03-06 14:00:00	1.08846	1.08879	1.0883	1.0885	5847
2024-03-06 14:30:00	1.08851	1.08894	1.08832	1.08869	5894
2024-03-06 15:00:00	1.08869	1.08919	1.08813	1.08903	11053
2024-03-06 15:30:00	1.08902	1.09087	1.08858	1.09052	9707
2024-03-06 16:00:00	1.09053	1.09056	1.08995	1.09056	8676
2024-03-06 16:30:00	1.09057	1.09149	1.09013	1.09122	8822
2024-03-06 17:00:00	1.09122	1.09153	1.09077	1.09078	7064
2024-03-06 17:30:00	1.09078	1.09104	1.08995	1.09023	6824
2024-03-06 18:00:00	1.09023	1.09076	1.09022	1.09075	3444
2024-03-06 18:30:00	1.09076	1.09077	1.09005	1.09029	6326
2024-03-06 19:00:00	1.09028	1.09028	1.08935	1.08975	7186
2024-03-06 19:30:00	1.08976	1.08988	1.08933	1.08968	4189
2024-03-06 20:00:00	1.08967	1.08978	1.08929	1.08957	4777
2024-03-06 20:30:00	1.08958	1.08994	1.08937	1.0899	3715
2024-03-06 21:00:00	1.08988	1.08995	1.08954	1.08959	1204
2024-03-06 21:30:00	1.08959	1.0899	1.08953	1.0898	1091
2024-03-06 22:00:00	1.0898	1.09011	1.08928	1.0898	2615
2024-03-06 22:30:00	1.0898	1.0899	1.08972	1.08979	1569
2024-03-06 23:00:00	1.08978	1.09013	1.0897	1.08994	998
2024-03-06 23:30:00	1.08994	1.09009	1.08977	1.08995	1054
2024-03-07 00:00:00	1.08994	1.09073	1.08993	1.09009	2011
2024-03-07 00:30:00	1.09006	1.09055	1.09003	1.0903	2704
2024-03-07 01:00:00	1.09031	1.09042	1.08989	1.09019	3198
2024-03-07 01:30:00	1.0902	1.0903	1.08965	1.08979	2753
2024-03-07 02:00:00	1.08979	1.0899	1.08937	1.08937	1571
2024-03-07 02:30:00	1.08936	1.08986	1.08936	1.08984	1526
2024-03-07 03:00:00	1.08983	1.08989	1.08955	1.08978	892
2024-03-07 03:30:00	1.08979	1.09014	1.08971	1.09006	1830
2024-03-07 04:00:00	1.09005	1.09041	1.09003	1.09041	3208
2024-03-07 04:30:00	1.09042	1.09055	1.09026	1.09035	1670
2024-03-07 05:00:00	1.09034	1.09055	1.0902	1.09033	1023
2024-03-07 05:30:00	1.09034	1.09035	1.08997	1.09004	1254
2024-03-07 06:00:00	1.09003	1.09029	1.08991	1.09023	1933
2024-03-07 06:30:00	1.09024	1.09028	1.08985	1.09014	2005
2024-03-07 07:00:00	1.09016	1.09043	1.08961	1.08964	4203
2024-03-07 07:30:00	1.08965	1.08974	1.08912	1.08937	4081
2024-03-07 08:00:00	1.08938	1.08958	1.08876	1.08932	4204
2024-03-07 08:30:00	1.08931	1.08978	1.08915	1.08978	3552
2024-03-07 09:00:00	1.08976	1.08992	1.08928	1.08992	2501
2024-03-07 09:30:00	1.08992	1.09027	1.08983	1.09016	2524
2024-03-07 10:00:00	1.09017	1.09019	1.08934	1.08941	4882
2024-03-07 10:30:00	1.08942	1.08979	1.08896	1.08964	4805
2024-03-07 11:00:00	1.08965	1.08989	1.08948	1.08974	3574
2024-03-07 11:30:00	1.08975	1.0899	1.08924	1.08939	3419
2024-03-07 12:00:00	1.08939	1.09	1.08939	1.08992	4149
2024-03-07 12:30:00	1.08991	1.09001	1.08922	1.08943	3067
2024-03-07 13:00:00	1.08943	1.08967	1.08735	1.08807	12622
2024-03-07 13:30:00	1.08808	1.08861	1.08678	1.08723	15890
2024-03-07 14:00:00	1.08723	1.09019	1.08692	1.09009	18450
2024-03-07 14:30:00	1.0901	1.09194	1.08957	1.09155	13473
2024-03-07 15:00:00	1.09157	1.09177	1.09081	1.09108	9548
2024-03-07 15:30:00	1.09107	1.09309	1.09103	1.09299	7606
2024-03-07 16:00:00	1.09299	1.09377	1.09247	1.09361	5851
2024-03-07 16:30:00	1.09361	1.0942	1.09314	1.09401	7634
2024-03-07 17:00:00	1.09401	1.09416	1.0936	1.09365	5430
2024-03-07 17:30:00	1.09366	1.09375	1.09314	1.0937	4140
2024-03-07 18:00:00	1.09369	1.09418	1.09365	1.09418	3176
2024-03-07 18:30:00	1.09418	1.09447	1.09397	1.09422	2073
2024-03-07 19:00:00	1.09421	1.09473	1.09407	1.09468	3188
2024-03-07 19:30:00	1.09468	1.09487	1.09431	1.09468	3522
2024-03-07 20:00:00	1.09469	1.09469	1.09426	1.09458	2804
2024-03-07 20:30:00	1.09457	1.09491	1.09448	1.0947	4749
2024-03-07 21:00:00	1.09469	1.09484	1.09458	1.09463	1706
2024-03-07 21:30:00	1.09463	1.09489	1.09456	1.09477	2400
2024-03-07 22:00:00	1.09472	1.09474	1.09426	1.0947	642
2024-03-07 22:30:00	1.09472	1.09479	1.09461	1.09465	3449
2024-03-07 23:00:00	1.0947	1.09499	1.09466	1.09489	459
2024-03-07 23:30:00	1.09491	1.09513	1.09489	1.09509	190
2024-03-08 00:00:00	1.0951	1.09542	1.09506	1.09542	394
2024-03-08 00:30:00	1.09542	1.09556	1.09502	1.09513	1174
2024-03-08 01:00:00	1.09513	1.09528	1.09464	1.09481	2196
2024-03-08 01:30:00	1.09481	1.09507	1.09468	1.0948	1497
2024-03-08 02:00:00	1.09479	1.09504	1.09465	1.09503	963
2024-03-08 02:30:00	1.09504	1.09508	1.09449	1.09456	1389
2024-03-08 03:00:00	1.09456	1.09475	1.09442	1.09473	1254
2024-03-08 03:30:00	1.09475	1.09479	1.09461	1.09473	1020
2024-03-08 04:00:00	1.09476	1.09491	1.09462	1.09466	671
2024-03-08 04:30:00	1.09467	1.09471	1.09444	1.09456	1277
2024-03-08 05:00:00	1.09456	1.09472	1.09448	1.09472	904
2024-03-08 05:30:00	1.09472	1.09485	1.09457	1.09464	1484
2024-03-08 06:00:00	1.09463	1.09487	1.09442	1.09463	1374
2024-03-08 06:30:00	1.09464	1.0949	1.09459	1.09479	1205
2024-03-08 07:00:00	1.0948	1.0951	1.09361	1.09383	3569
2024-03-08 07:30:00	1.09382	1.09387	1.09318	1.09336	3325
2024-03-08 08:00:00	1.09336	1.09345	1.0929	1.0933	5426
2024-03-08 08:30:00	1.09331	1.09388	1.09318	1.09358	3918
2024-03-08 09:00:00	1.09358	1.09373	1.09261	1.09323	4381
2024-03-08 09:30:00	1.09322	1.09363	1.09261	1.09352	5542
2024-03-08 10:00:00	1.09351	1.09369	1.09298	1.09299	3963
2024-03-08 10:30:00	1093	1.09349	1.09263	1.09334	4524
2024-03-08 11:00:00	1.09335	1.0939	1.09318	1.09373	3002
2024-03-08 11:30:00	1.09372	1.09373	1.09295	1.09345	3506
2024-03-08 12:00:00	1.09346	1.09351	1.0928	1.09308	4259
2024-03-08 12:30:00	1.09309	1.09333	1.09288	1.09318	3266
2024-03-08 13:00:00	1.0932	1.09442	1.09311	1.09399	5602
2024-03-08 13:30:00	1.09399	1.09812	1.09183	1.09582	34704
2024-03-08 14:00:00	1.09582	1.09665	1.09448	1.0956	17073
2024-03-08 14:30:00	1.0956	1.0963	1.09512	1.09577	12613
2024-03-08 15:00:00	1.09577	1.09607	1.09434	1.0952	11618
2024-03-08 15:30:00	1.0952	1.09619	1.09491	1.09609	7070
2024-03-08 16:00:00	1.09609	1.09613	1.09425	1.09425	9371
2024-03-08 16:30:00	1.09425	1.09469	1.09373	1.09402	10791
2024-03-08 17:00:00	1.09404	1.09457	1.09374	1.09441	8129
2024-03-08 17:30:00	1.09442	1.09449	1.09369	1.09393	6583
2024-03-08 18:00:00	1.09392	1094	1.09338	1.0935	6252
2024-03-08 18:30:00	1.09349	1.0938	1.09334	1.09372	5687
2024-03-08 19:00:00	1.09371	1.09401	1.09344	1.09393	4587
2024-03-08 19:30:00	1.09392	1.0942	1.09388	1.09416	3230
2024-03-08 20:00:00	1.09417	1.09438	1.09353	1.09354	4085
2024-03-08 20:30:00	1.09354	1.09372	1.09345	1.09361	2911
2024-03-08 21:00:00	1.09361	1.09393	1.09354	1.09363	2499
2024-03-08 21:30:00	1.09365	1.09407	1.09348	1.09348	3936
2024-03-10 21:00:00	1.09411	1.09411	1.09375	1.09381	395
2024-03-10 21:30:00	1.09381	1.09393	1.09376	1.09393	633
2024-03-10 22:00:00	1.09393	1.09406	1.09359	1.09386	597
2024-03-10 22:30:00	1.09385	1.09391	1.09367	1.09375	1257
2024-03-10 23:00:00	1.09374	1.09418	1.09374	1.09418	3592
2024-03-10 23:30:00	1.0942	1.09436	1.09406	1.09426	2523
2024-03-11 00:00:00	1.09427	1.09429	1.09381	1.09414	2594
2024-03-11 00:30:00	1.09414	1.09465	1.09413	1.09422	2118
2024-03-11 01:00:00	1.09423	1.09457	1.0942	1.09424	2450
2024-03-11 01:30:00	1.09425	1.09446	1.0939	1.09405	2717
2024-03-11 02:00:00	1.09405	1.09418	1.09373	1.09402	2210
2024-03-11 02:30:00	1.09401	1.09407	1.09382	1.09388	2286
2024-03-11 03:00:00	1.09388	1.09429	1.09379	1.09427	2022
2024-03-11 03:30:00	1.09427	1.09443	1.09411	1.09412	1185
2024-03-11 04:00:00	1.09411	1.09415	1.09395	1.09396	1351
2024-03-11 04:30:00	1.09395	1.09395	1.09369	1.09386	1195
2024-03-11 05:00:00	1.09386	1.09412	1.09386	1.09408	1691
2024-03-11 05:30:00	1.0941	1.0942	1.09391	1.09413	1259
2024-03-11 06:00:00	1.09411	1.09417	1.09377	1.09377	1572
2024-03-11 06:30:00	1.09377	1.09437	1.09353	1.0942	2005
2024-03-11 07:00:00	1.09421	1.09468	1094	1.09468	3087
2024-03-11 07:30:00	1.09467	1.09473	1.0937	1.09421	4020
2024-03-11 08:00:00	1.09419	1.0948	1.09385	1.09432	5624
2024-03-11 08:30:00	1.09431	1.09452	1.09395	1.09445	5774
2024-03-11 09:00:00	1.09446	1.09448	1.09404	1.09432	4174
2024-03-11 09:30:00	1.09431	1.09431	1.09339	1.09346	3110
2024-03-11 10:00:00	1.09346	1.09409	1.09329	1.09384	2247
2024-03-11 10:30:00	1.09385	1.09435	1.09384	1.09415	3015
2024-03-11 11:00:00	1.09414	1.0942	1.09377	1.09397	2741
2024-03-11 11:30:00	1.09396	1.09435	1.09396	1.09429	1910
2024-03-11 12:00:00	1.09427	1.09432	1.09389	1.0939	8110
2024-03-11 12:30:00	1.09389	1.09407	1.09293	1.09294	8969
2024-03-11 13:00:00	1.09295	1.09316	1.09238	1.09268	5378
2024-03-11 13:30:00	1.09269	1.09285	1.09177	1.09195	8379
2024-03-11 14:00:00	1.09196	1.09218	1.09156	1.09216	6679
2024-03-11 14:30:00	1.09217	1.09249	1.09161	1.09243	5828
2024-03-11 15:00:00	1.09242	1.09245	1.09192	1.09197	8191
2024-03-11 15:30:00	1.09195	1.09288	1.09145	1.09272	9165
2024-03-11 16:00:00	1.09273	1.0928	1.09229	1.0927	5617
2024-03-11 16:30:00	1.0927	1.09276	1.09243	1.0927	5787
2024-03-11 17:00:00	1.09271	1.09302	1.09266	1.09275	5639
2024-03-11 17:30:00	1.09274	1.09289	1.09245	1.09252	6016
2024-03-11 18:00:00	1.09253	1.09261	1.0923	1.0923	4790
2024-03-11 18:30:00	1.09231	1.09253	1.09182	1.09241	6645
2024-03-11 19:00:00	1.09241	1.0926	1.09219	1.09252	4665
2024-03-11 19:30:00	1.0925	1.09264	1.0923	1.09261	3369
2024-03-11 20:00:00	1.09262	1.09273	1.09255	1.09262	737
2024-03-11 20:30:00	1.09262	1.09269	1.0925	1.0925	1239
2024-03-11 21:00:00	1.09252	1.09271	1.09195	1.0925	1515
2024-03-11 21:30:00	1.09251	1.09265	1.09249	1.09258	5267
2024-03-11 22:00:00	1.0926	1.09271	1.09241	1.09264	620
2024-03-11 22:30:00	1.09265	1.09265	1.09245	1.0925	972
2024-03-11 23:00:00	1.09249	1.09282	1.09249	1.09278	793
2024-03-11 23:30:00	1.09278	1.09309	1.09277	1.09304	1042
2024-03-12 00:00:00	1.09306	1.09322	1.09295	1.0932	2222
2024-03-12 00:30:00	1.09321	1.09321	1.09284	1.09286	2651
2024-03-12 01:00:00	1.09286	1.09302	1.09267	1.09293	2245
2024-03-12 01:30:00	1.09292	1.09343	1.0928	1.09337	3173
2024-03-12 02:00:00	1.09337	1.09343	1.09302	1.09334	3298
2024-03-12 02:30:00	1.09333	1.09363	1.09332	1.09362	2763
2024-03-12 03:00:00	1.09362	1.09374	1.0934	1.09367	1883
2024-03-12 03:30:00	1.09368	1.09381	1.09356	1.09363	1155
2024-03-12 04:00:00	1.09362	1.09381	1.09347	1.09381	2374
2024-03-12 04:30:00	1.0938	1.09381	1.09346	1.09368	1929
2024-03-12 05:00:00	1.09369	1.09388	1.09366	1.0937	2634
2024-03-12 05:30:00	1.09371	1.09391	1.09366	1.09383	3137
2024-03-12 06:00:00	1.09383	1.09386	1.09342	1.09367	3411
2024-03-12 06:30:00	1.09367	1.09391	1.0936	1.09379	2267
2024-03-12 07:00:00	1.09379	1.09385	1.09334	1.09352	4970
2024-03-12 07:30:00	1.09351	1.09393	1.09315	1.09319	3806
2024-03-12 08:00:00	1.09318	1.09334	1.0926	1.09262	6822
2024-03-12 08:30:00	1.09262	1.09265	1.09212	1.09248	5320
2024-03-12 09:00:00	1.09247	1.09273	1.09231	1.09267	4430
2024-03-12 09:30:00	1.09267	1.09334	1.09263	1.09303	3066
2024-03-12 10:00:00	1.09302	1.09328	1.09266	1.09312	4890
2024-03-12 10:30:00	1.09312	1.09343	1.09306	1.09339	2914
2024-03-12 11:00:00	1.0934	1.09349	1.09326	1.09346	3344
2024-03-12 11:30:00	1.09345	1.09353	1.09318	1.09335	5260
2024-03-12 12:00:00	1.09334	1.09365	1.09329	1.09351	5478
2024-03-12 12:30:00	1.09352	1.09438	1.09026	1.09201	39248
2024-03-12 13:00:00	1092	1.0923	1.09084	1.0915	25502
2024-03-12 13:30:00	1.0915	1.0915	1.09023	1.09107	19066
2024-03-12 14:00:00	1.09109	1.09165	1.09063	1.09145	12704
2024-03-12 14:30:00	1.09143	1.09194	1.09094	1.0917	9442
2024-03-12 15:00:00	1.09171	1.09177	1.09074	1.09099	7591
2024-03-12 15:30:00	1.09099	1.09185	1.09099	1.09176	8495
2024-03-12 16:00:00	1.09176	1.0919	1.09154	1.09168	4643
2024-03-12 16:30:00	1.09168	1.09189	1.09136	1.09176	9646
2024-03-12 17:00:00	1.09176	1.09197	1.09127	1.09173	6269
2024-03-12 17:30:00	1.09172	1.09208	1.09164	1.09192	3910
2024-03-12 18:00:00	1.09192	1.09216	1.09185	1.09206	4396
2024-03-12 18:30:00	1.09208	1.09246	1092	1.0924	4191
2024-03-12 19:00:00	1.0924	1.09241	1.0921	1.0923	2946
2024-03-12 19:30:00	1.09228	1.09259	1.09215	1.09257	2733
2024-03-12 20:00:00	1.09257	1.09266	1.0925	1.09257	912
2024-03-12 20:30:00	1.09258	1.09273	1.09256	1.09257	1498
2024-03-12 21:00:00	1.09257	1.09274	1.09252	1.09253	1838
2024-03-12 21:30:00	1.09254	1.09268	1.09254	1.09258	11598
2024-03-12 22:00:00	1.09258	1.09276	1.09258	1.09274	428
2024-03-12 22:30:00	1.09275	1.09287	1.09267	1.09274	1359
2024-03-12 23:00:00	1.09274	1.09289	1.09269	1.09274	1456
2024-03-12 23:30:00	1.09275	1.09284	1.09264	1.09267	1879
2024-03-13 00:00:00	1.09268	1.09294	1.09263	1.09294	3133
2024-03-13 00:30:00	1.09293	1.09295	1.09257	1.09268	5203
2024-03-13 01:00:00	1.09269	1.09288	1.09247	1.09253	8656
2024-03-13 01:30:00	1.09254	1.09266	1.09233	1.09238	4693
2024-03-13 02:00:00	1.09238	1.09265	1.09234	1.09248	4123
2024-03-13 02:30:00	1.09248	1.09275	1.09245	1.09269	4729
2024-03-13 03:00:00	1.09269	1.09302	1.0925	1093	3190
2024-03-13 03:30:00	1.09302	1.09306	1.09262	1.09278	4374
2024-03-13 04:00:00	1.09278	1.09281	1.09263	1.09265	4681
2024-03-13 04:30:00	1.09265	1.09265	1.0922	1.09234	4771
2024-03-13 05:00:00	1.09233	1.09265	1.09228	1.09256	2701
2024-03-13 05:30:00	1.09256	1.09289	1.09253	1.09286	2692
2024-03-13 06:00:00	1.09286	1.09292	1.09258	1.09273	2886
2024-03-13 06:30:00	1.0927	1.09289	1.09253	1.0928	3933
2024-03-13 07:00:00	1.09279	1.09318	1.09207	1.09225	3801
2024-03-13 07:30:00	1.09225	1.09273	1.09216	1.09267	3950
2024-03-13 08:00:00	1.09267	1.0932	1.09261	1.09299	4905
2024-03-13 08:30:00	1.09299	1.09327	1.09265	1.09275	4523
2024-03-13 09:00:00	1.09274	1.0928	1.09205	1.0921	7236
2024-03-13 09:30:00	1.09209	1.09257	1.09201	1.09232	5621
2024-03-13 10:00:00	1.0923	1.09306	1.0922	1.09305	3985
2024-03-13 10:30:00	1.09305	1.09332	1.0928	1.09305	3812
2024-03-13 11:00:00	1.09304	1.09394	1.09301	1.09387	3206
2024-03-13 11:30:00	1.09389	1.09457	1.09376	1.0942	6042
2024-03-13 12:00:00	1.09421	1.09473	1.09396	1.09396	8714
2024-03-13 12:30:00	1.09396	1.09407	1.09336	1.09366	11444
2024-03-13 13:00:00	1.09366	1.09409	1.09363	1.09376	6095
2024-03-13 13:30:00	1.09378	1.09419	1.09359	1.09371	8071
2024-03-13 14:00:00	1.09372	1.09401	1.09313	1.09386	7636
2024-03-13 14:30:00	1.09384	1.09443	1.09363	1.09419	6162
2024-03-13 15:00:00	1.0942	1.09471	1.09406	1.09462	5521
2024-03-13 15:30:00	1.0946	1.09462	1.0938	1.09435	6802
2024-03-13 16:00:00	1.09434	1.09461	1094	1.09444	6604
2024-03-13 16:30:00	1.09444	1.09493	1.09419	1.0949	5870
2024-03-13 17:00:00	1.0949	1.09638	1.09486	1.09574	12060
2024-03-13 17:30:00	1.09573	1.09611	1.09565	1.09571	3399
2024-03-13 18:00:00	1.0957	1.09584	1.09535	1.09541	4578
2024-03-13 18:30:00	1.09542	1.09555	1.09503	1.09509	4456
2024-03-13 19:00:00	1.09508	1.09517	1.09464	1.09481	4806
2024-03-13 19:30:00	1.0948	1.09482	1.09456	1.09472	4501
2024-03-13 20:00:00	1.09472	1.09491	1.09471	1.09479	1021
2024-03-13 20:30:00	1.0948	1.09486	1.0947	1.09471	1543
2024-03-13 21:00:00	1.0947	1.09522	1.0947	1.09488	4186
2024-03-13 21:30:00	1.09487	1.09504	1.09478	1.09489	3160
2024-03-13 22:00:00	1.09488	1.0951	1.09488	1.09503	1215
2024-03-13 22:30:00	1.09503	1.0951	1.09488	1.09488	553
2024-03-13 23:00:00	1.0949	1.09519	1.0949	1.09518	1142
2024-03-13 23:30:00	1.09519	1.0953	1.09507	1.0953	736
2024-03-14 00:00:00	1.09529	1.09547	1.09482	1.09491	2346
2024-03-14 00:30:00	1.09491	1.09499	1.0946	1.09487	3289
2024-03-14 01:00:00	1.09489	1.09527	1.09461	1.09477	4021
2024-03-14 01:30:00	1.09478	1.09492	1.09452	1.09488	2637
2024-03-14 02:00:00	1.09488	1.09498	1.09449	1.09453	1996
2024-03-14 02:30:00	1.09454	1.09466	1.0943	1.09437	1540
2024-03-14 03:00:00	1.09438	1.09452	1.09429	1.09432	2585
2024-03-14 03:30:00	1.09432	1.09435	1.09413	1.09422	1768
2024-03-14 04:00:00	1.09421	1.09422	1094	1.09407	2508
2024-03-14 04:30:00	1.09408	1.09427	1.09389	1.09424	2185
2024-03-14 05:00:00	1.09424	1.0943	1.09405	1.09413	2820
2024-03-14 05:30:00	1.09411	1.09422	1.09391	1.09395	2818
2024-03-14 06:00:00	1.09396	1.09419	1.09391	1.09404	2791
2024-03-14 06:30:00	1.09404	1.09409	1.0937	1.09377	3557
2024-03-14 07:00:00	1.09377	1.09428	1.09375	1.09418	3626
2024-03-14 07:30:00	1.09417	1.0942	1.09317	1.09352	9279
2024-03-14 08:00:00	1.09352	1.09439	1.09351	1.09424	7799
2024-03-14 08:30:00	1.09423	1.09424	1.09359	1.09378	5302
2024-03-14 09:00:00	1.09377	1.09433	1.09369	1.09403	4506
2024-03-14 09:30:00	1.09403	1.09443	1.09379	1.09413	4603
2024-03-14 10:00:00	1.09412	1.09454	1.0938	1.09403	3825
2024-03-14 10:30:00	1.09402	1.09418	1.09377	1.09395	5104
2024-03-14 11:00:00	1.09394	1.09434	1.09375	1.09412	4016
2024-03-14 11:30:00	1.09412	1.0943	1.09387	1.09414	2701
2024-03-14 12:00:00	1.09415	1.09427	1.09314	1.09342	6161
2024-03-14 12:30:00	1.09346	1.09447	1.09242	1.09298	22728
2024-03-14 13:00:00	1.09297	1.09312	1.09192	1.09192	17425
2024-03-14 13:30:00	1.09193	1.09205	1.09088	1.09118	15942
2024-03-14 14:00:00	1.09119	1.0914	1.0901	1.09045	10196
2024-03-14 14:30:00	1.09045	1.09077	1.08959	1.08978	10543
2024-03-14 15:00:00	1.08977	1.08994	1.08829	1.08855	8689
2024-03-14 15:30:00	1.08855	1.08889	1.0883	1.08876	8368
2024-03-14 16:00:00	1.08876	1.08926	1.08846	1.08911	6561
2024-03-14 16:30:00	1.0891	1.08925	1.08851	1.0887	6097
2024-03-14 17:00:00	1.0887	1.08889	1.08845	1.08848	4837
2024-03-14 17:30:00	1.08848	1.08886	1.0881	1.08864	4048
2024-03-14 18:00:00	1.08864	1.08899	1.08848	1.08849	4294
2024-03-14 18:30:00	1.08849	1.08893	1.08837	1.08851	4992
2024-03-14 19:00:00	1.0885	1.08863	1.08812	1.08826	4583
2024-03-14 19:30:00	1.08826	1.08911	1.08806	1.0891	4376
2024-03-14 20:00:00	1.0891	1.08918	1.08836	1.08854	2236
2024-03-14 20:30:00	1.08853	1.08861	1.08825	1.08825	1301
2024-03-14 21:00:00	1.08825	1.08848	1.08819	1.08839	6138
2024-03-14 21:30:00	1.08839	1.08853	1.08817	1.0885	9348
2024-03-14 22:00:00	1.08851	1.08859	1.08836	1.08849	553
2024-03-14 22:30:00	1.08849	1.08855	1.08831	1.08839	935
2024-03-14 23:00:00	1.0884	1.08848	1.0883	1.08839	1484
2024-03-14 23:30:00	1.0884	1.08849	1.08825	1.08827	1436
2024-03-15 00:00:00	1.08828	1.08845	1.08768	1.08769	4100
2024-03-15 00:30:00	1.08769	1.08814	1.0876	1.08779	4282
2024-03-15 01:00:00	1.08778	1.08788	1.08755	1.08772	3074
2024-03-15 01:30:00	1.08772	1.08801	1.08761	1.08769	2559
2024-03-15 02:00:00	1.08769	1.08769	1.08747	1.08751	1948
2024-03-15 02:30:00	1.08752	1.08758	1.0873	1.08732	2460
2024-03-15 03:00:00	1.08731	1.08768	1.08731	1.08763	1913
2024-03-15 03:30:00	1.08764	1.08781	1.08762	1.08769	1450
2024-03-15 04:00:00	1.08768	1.08772	1.08754	1.08761	2220
2024-03-15 04:30:00	1.0876	1.08767	1.08748	1.08763	1983
2024-03-15 05:00:00	1.08763	1.08772	1.08743	1.08743	1525
2024-03-15 05:30:00	1.08743	1.0877	1.08732	1.08768	2291
2024-03-15 06:00:00	1.08769	1.08788	1.08754	1.08782	2672
2024-03-15 06:30:00	1.08782	1.08806	1.0876	1.08797	3833
2024-03-15 07:00:00	1.08797	1.08822	1.08785	1.08816	2617
2024-03-15 07:30:00	1.08815	1.08847	1.08787	1.08808	5197
2024-03-15 08:00:00	1.08807	1.08841	1.0878	1.08841	5996
2024-03-15 08:30:00	1.0884	1.08869	1.08819	1.08828	5044
2024-03-15 09:00:00	1.08827	1.08893	1.08825	1.0888	5096
2024-03-15 09:30:00	1.08879	1.08995	1.08869	1.0898	4576
2024-03-15 10:00:00	1.0898	1.08996	1.08933	1.08943	6042
2024-03-15 10:30:00	1.08942	1.08948	1.08891	1.08911	2974
2024-03-15 11:00:00	1.08909	1.08911	1.08869	1.08878	2212
2024-03-15 11:30:00	1.08878	1.08963	1.08872	1.08935	3554
2024-03-15 12:00:00	1.08935	1.0894	1.08891	1.08894	6433
2024-03-15 12:30:00	1.08894	1.08942	1.08843	1.08873	10681
2024-03-15 13:00:00	1.08872	1.08948	1.08841	1.08843	7454
2024-03-15 13:30:00	1.08843	1.08914	1.08832	1.0886	9823
2024-03-15 14:00:00	1.0886	1.08943	1.08842	1.0888	10202
2024-03-15 14:30:00	1.08879	1.08923	1.08864	1.08878	9301
2024-03-15 15:00:00	1.0888	1.08889	1.08841	1.08871	5498
2024-03-15 15:30:00	1.0887	1.08883	1.08814	1.08876	5985
2024-03-15 16:00:00	1.08876	1.08894	1.08836	1.08884	4906
2024-03-15 16:30:00	1.08883	1089	1.08856	1.08858	5692
2024-03-15 17:00:00	1.08859	1.08878	1.08838	1.0885	4410
2024-03-15 17:30:00	1.0885	1.08859	1.08834	1.08837	3616
2024-03-15 18:00:00	1.08836	1.08873	1.08836	1.08863	3557
2024-03-15 18:30:00	1.08864	1.0891	1.08862	1.08903	2797
2024-03-15 19:00:00	1.08902	1.08913	1.08885	1.08911	2746
2024-03-15 19:30:00	1.08911	1.08911	1.08869	1.08892	4794
2024-03-15 20:00:00	1.08892	1.08897	1.08869	1.08889	2743
2024-03-15 20:30:00	1.08891	1.08899	1.08861	1.08869	2472
2024-03-17 21:00:00	1.08905	1.08905	1.08819	1.0889	510
2024-03-17 21:30:00	1.08894	1089	1.08877	1.08886	351
2024-03-17 22:00:00	1.08885	1.08911	1.08876	1.08877	852
2024-03-17 22:30:00	1.08878	1.0888	1.0886	1.08864	1605
2024-03-17 23:00:00	1.08865	1.08865	1.08825	1.08828	1694
2024-03-17 23:30:00	1.08829	1.08836	1.08817	1.08835	2432
2024-03-18 00:00:00	1.08836	1.08869	1.08805	1.08865	2595
2024-03-18 00:30:00	1.08866	1.08881	1.08852	1.08852	2706
2024-03-18 01:00:00	1.08852	1.08864	1.08829	1.08838	3017
2024-03-18 01:30:00	1.08842	1089	1.08842	1.08891	4125
2024-03-18 02:00:00	1.08892	1.08901	1.08876	1.08894	2995
2024-03-18 02:30:00	1.08894	1.08917	1.08888	1.08891	3437
2024-03-18 03:00:00	1.08891	1.08898	1.08885	1.0889	1686
2024-03-18 03:30:00	1.08892	1.08905	1.08852	1.08854	2232
2024-03-18 04:00:00	1.08853	1.0887	1.08853	1.08863	1747
2024-03-18 04:30:00	1.08864	1.08881	1.08859	1.08875	2595
2024-03-18 05:00:00	1.08875	1.08875	1.08852	1.0887	2174
2024-03-18 05:30:00	1.08869	1.08886	1.0886	1.0887	1948
2024-03-18 06:00:00	1.08871	1.08893	1.08865	1.08876	3201
2024-03-18 06:30:00	1.08877	1.08893	1.08869	1.08888	1635
2024-03-18 07:00:00	1.08889	1.08957	1.08887	1.08946	2517
2024-03-18 07:30:00	1.08946	1.08965	1.08911	1.08924	4385
2024-03-18 08:00:00	1.08922	1.08977	1.08908	1.08957	6154
2024-03-18 08:30:00	1.08958	1.08977	1.08911	1.08937	6507
2024-03-18 09:00:00	1.08937	1.0897	1.08925	1.08966	2715
2024-03-18 09:30:00	1.08966	1.09005	1.08963	1.08992	2653
2024-03-18 10:00:00	1.08994	1.09	1.08963	1.08994	3037
2024-03-18 10:30:00	1.08994	1.09018	1.08963	1.08998	3028
2024-03-18 11:00:00	1.08997	1.09046	1.08988	1.09043	2570
2024-03-18 11:30:00	1.09044	1.09061	1.09023	1.09024	2100
2024-03-18 12:00:00	1.09023	1.09049	1.09013	1.09034	4208
2024-03-18 12:30:00	1.09035	1.09037	1.08898	1.08922	4679
2024-03-18 13:00:00	1.08922	1.08935	1.08885	1.08901	3954
2024-03-18 13:30:00	1089	1.08903	1.08855	1.0889	5449
2024-03-18 14:00:00	1.08889	1.08932	1.08881	1.08901	5781
2024-03-18 14:30:00	1.08902	1.08903	1.08843	1.08856	5020
2024-03-18 15:00:00	1.08855	1.08888	1.0885	1.0888	4645
2024-03-18 15:30:00	1.0888	1.08885	1.0881	1.08853	5527
2024-03-18 16:00:00	1.08853	1.08853	1.08694	1.08712	6778
2024-03-18 16:30:00	1.08713	1.08743	1.08694	1.08723	4455
2024-03-18 17:00:00	1.08727	1.0875	1.08695	1.08722	4381
2024-03-18 17:30:00	1.08723	1.08731	1.08661	1.08685	1586
2024-03-18 18:00:00	1.08689	1.08701	1.08673	1.08701	1658
2024-03-18 18:30:00	1.08699	1.08711	1.08686	1.0871	1713
2024-03-18 19:00:00	1.08709	1.08733	1.08708	1.08715	2115
2024-03-18 19:30:00	1.08715	1.08728	1.08676	1.08693	3129
2024-03-18 20:00:00	1.08692	1.08709	1.08691	1.08706	943
2024-03-18 20:30:00	1.08706	1.08723	1.08697	1.08719	1244
2024-03-18 21:00:00	1.08718	1.08734	1.08712	1.08723	1067
2024-03-18 21:30:00	1.08723	1.08729	1.08717	1.08725	3351
2024-03-18 22:00:00	1.08726	1.08738	1.08715	1.08737	379
2024-03-18 22:30:00	1.08739	1.08739	1.08711	1.08718	1135
2024-03-18 23:00:00	1.08718	1.08724	1.08711	1.08718	1360
2024-03-18 23:30:00	1.08718	1.08733	1.08713	1.08732	1037
2024-03-19 00:00:00	1.08732	1.08745	1.08705	1.08723	1644
2024-03-19 00:30:00	1.08722	1.08728	1.08691	1.08693	3180
2024-03-19 01:00:00	1.08694	1.08717	1.08671	1.08677	2706
2024-03-19 01:30:00	1.08676	1.08696	1.08667	1.08681	3803
2024-03-19 02:00:00	1.08682	1.08733	1.08682	1.08732	2731
2024-03-19 02:30:00	1.08732	1.08746	1.08726	1.08733	1401
2024-03-19 03:00:00	1.08732	1.08763	1.0873	1.08753	1822
2024-03-19 03:30:00	1.08751	1.08763	1087	1.08738	8243
2024-03-19 04:00:00	1.08739	1.08765	1.08718	1.08724	3628
2024-03-19 04:30:00	1.08723	1.08723	1.08673	1.08706	4319
2024-03-19 05:00:00	1.08706	1.08721	1.08656	1.08663	2945
2024-03-19 05:30:00	1.08663	1.08665	1.08628	1.08641	3543
2024-03-19 06:00:00	1.08642	1.08677	1.08619	1.08673	3201
2024-03-19 06:30:00	1.08673	1.08684	1.08631	1.08675	5765
2024-03-19 07:00:00	1.08675	1.08675	1.08617	1.08631	5620
2024-03-19 07:30:00	1.0863	1.0864	1.08516	1.08547	3812
2024-03-19 08:00:00	1.08546	1.08561	1.08456	1.08502	4780
2024-03-19 08:30:00	1.08502	1.08512	1.08423	1.08475	5215
2024-03-19 09:00:00	1.08476	1.08501	1.08438	1.08444	3526
2024-03-19 09:30:00	1.08444	1.08462	1.08347	1.08366	3593
2024-03-19 10:00:00	1.08367	1.08441	1.08367	1.08417	3886
2024-03-19 10:30:00	1.08418	1.08458	1.08413	1.08443	4063
2024-03-19 11:00:00	1.08443	1.08479	1.08429	1.08457	1770
2024-03-19 11:30:00	1.08457	1.08516	1.08452	1.08503	1789
2024-03-19 12:00:00	1.08504	1.08516	1.08457	1.08476	4416
2024-03-19 12:30:00	1.08476	1.0856	1.0847	1.08515	11647
2024-03-19 13:00:00	1.08515	1.08572	1.08511	1.08539	9685
2024-03-19 13:30:00	1.08538	1.08559	1.08493	1.08541	5559
2024-03-19 14:00:00	1.08541	1.08654	1.08536	1.08624	5352
2024-03-19 14:30:00	1.08625	1.08635	1.08604	1.08623	7583
2024-03-19 15:00:00	1.08622	1.08622	1.08541	1.08557	6984
2024-03-19 15:30:00	1.08558	1.08599	1.08533	1.08584	3816
2024-03-19 16:00:00	1.08584	1.0862	1.08545	1.08614	6108
2024-03-19 16:30:00	1.08614	1.08639	1.08603	1.08633	3782
2024-03-19 17:00:00	1.08634	1.08676	1.08614	1.0864	4646
2024-03-19 17:30:00	1.0864	1.08654	1.08597	1.08635	3067
2024-03-19 18:00:00	1.08634	1.08651	1.08616	1.08636	2513
2024-03-19 18:30:00	1.08636	1.08648	1.08613	1.08625	2174
2024-03-19 19:00:00	1.08625	1.08652	1.08609	1.08642	2512
2024-03-19 19:30:00	1.08641	1.08656	1.08625	1.08648	1720
2024-03-19 20:00:00	1.08647	1.08664	1.0864	1.08641	1076
2024-03-19 20:30:00	1.08642	1.08662	1.08641	1.08651	2460
2024-03-19 21:00:00	1.08648	1.0867	1.08619	1.08651	822
2024-03-19 21:30:00	1.08655	1.08658	1.08646	1.08649	8939
2024-03-19 22:00:00	1.08653	1.08664	1.08643	1.08658	647
2024-03-19 22:30:00	1.08656	1.08657	1.08647	1.08653	592
2024-03-19 23:00:00	1.08654	1.08663	1.08635	1.08637	1074
2024-03-19 23:30:00	1.08637	1.08664	1.08616	1.08616	2130
2024-03-20 00:00:00	1.08617	1.08618	1.08582	1.08596	4738
2024-03-20 00:30:00	1.08594	1.0865	1.08589	1.08644	2545
2024-03-20 01:00:00	1.08644	1.08648	1.08627	1.08633	2352
2024-03-20 01:30:00	1.08633	1.08657	1.08622	1.08642	2949
2024-03-20 02:00:00	1.08642	1.08649	1.08627	1.0864	1518
2024-03-20 02:30:00	1.08639	1.08693	1.08634	1.08688	1600
2024-03-20 03:00:00	1.0869	1.08709	1.08677	1.08684	1550
2024-03-20 03:30:00	1.08683	1.08711	1.08681	1.08699	1889
2024-03-20 04:00:00	1.08699	1.08704	1.08682	1.08688	2440
2024-03-20 04:30:00	1.08687	1.08701	1.08663	1.08665	2545
2024-03-20 05:00:00	1.08666	1.08676	1.08653	1.08664	2134
2024-03-20 05:30:00	1.08664	1.08683	1.08658	1.08658	1148
2024-03-20 06:00:00	1.08657	1.0869	1.0865	1.0867	1752
2024-03-20 06:30:00	1.08671	1.08704	1.08668	1.08701	1921
2024-03-20 07:00:00	1.08702	1.0872	1.08659	1.0869	4384
2024-03-20 07:30:00	1.08691	1.08709	1.08648	1.08655	3872
2024-03-20 08:00:00	1.08654	1.08654	1.08547	1.08573	4975
2024-03-20 08:30:00	1.08572	1.08573	1085	1.08522	3401
2024-03-20 09:00:00	1.08521	1.08523	1.08388	1.08439	6253
2024-03-20 09:30:00	1.08439	1.08451	1.08364	1.0839	3933
2024-03-20 10:00:00	1.0839	1.08426	1.08365	1.08426	3557
2024-03-20 10:30:00	1.08426	1.08428	1.08384	1.08395	3485
2024-03-20 11:00:00	1.08396	1.08432	1.0837	1.08407	3060
2024-03-20 11:30:00	1.08407	1.08437	1084	1.08425	2347
2024-03-20 12:00:00	1.08427	1.08445	1.08402	1.08426	3621
2024-03-20 12:30:00	1.08426	1.08449	1.08379	1.08422	4211
2024-03-20 13:00:00	1.08423	1.08455	1084	1.08403	3293
2024-03-20 13:30:00	1.08403	1.08454	1.08373	1.08445	4907
2024-03-20 14:00:00	1.08447	1.08513	1.08435	1.08492	4173
2024-03-20 14:30:00	1.08491	1.08506	1.08474	1.08496	3374
2024-03-20 15:00:00	1.08497	1.08561	1.08487	1.08546	2888
2024-03-20 15:30:00	1.08544	1.08556	1.08511	1.08546	3858
2024-03-20 16:00:00	1.08546	1.08585	1.08535	1.0858	2725
2024-03-20 16:30:00	1.0858	1.08611	1.08559	1.08606	2455
2024-03-20 17:00:00	1.08606	1.08647	1.08586	1.08641	2892
2024-03-20 17:30:00	1.08641	1.08669	1.0862	1.08645	3652
2024-03-20 18:00:00	1.08645	1.08938	1.08639	1.08815	27021
2024-03-20 18:30:00	1.08816	1.09175	1.08659	1.09144	37104
2024-03-20 19:00:00	1.09145	1.09161	1.09018	1.09157	16572
2024-03-20 19:30:00	1.09157	1.09227	1.09148	1.09209	6269
2024-03-20 20:00:00	1.09209	1.09219	1.09187	1.09202	2996
2024-03-20 20:30:00	1.09203	1.09228	1.09201	1.09214	3259
2024-03-20 21:00:00	1.09214	1.09223	1.09191	1.09222	2362
2024-03-20 21:30:00	1.09222	1.09229	1.09179	1.09206	6043
2024-03-20 22:00:00	1.09206	1.09308	1.09203	1.09304	1542
2024-03-20 22:30:00	1.09303	1.09323	1.09302	1.09321	1961
2024-03-20 23:00:00	1.0932	1.09355	1.09293	1.09348	2950
2024-03-20 23:30:00	1.09348	1.09374	1.09348	1.09373	1479
2024-03-21 00:00:00	1.09373	1.09373	1.09315	1.09318	4431
2024-03-21 00:30:00	1.09322	1.09363	1.09307	1.09333	4702
2024-03-21 01:00:00	1.09334	1.09389	1.09332	1.09368	3020
2024-03-21 01:30:00	1.09369	1.09375	1.09334	1.09352	2544
2024-03-21 02:00:00	1.09351	1.09367	1.09326	1.09343	2429
2024-03-21 02:30:00	1.09344	1.09372	1.0934	1.09353	853
2024-03-21 03:00:00	1.09352	1.09369	1.09337	1.09347	1521
2024-03-21 03:30:00	1.09346	1.09358	1.09335	1.0935	1521
2024-03-21 04:00:00	1.09349	1.09354	1.09336	1.09344	1104
2024-03-21 04:30:00	1.09341	1.09354	1.09327	1.09331	1706
2024-03-21 05:00:00	1.09331	1.09355	1.09326	1.09339	1629
2024-03-21 05:30:00	1.09339	1.09368	1.09316	1.09317	1889
2024-03-21 06:00:00	1.09316	1.09381	1.09316	1.09358	1931
2024-03-21 06:30:00	1.09358	1.09377	1.09347	1.09376	1367
2024-03-21 07:00:00	1.09377	1.09426	1.09332	1.09373	3380
2024-03-21 07:30:00	1.09374	1.09381	1.09256	1.09287	5115
2024-03-21 08:00:00	1.09283	1.09284	1.09068	1.09138	7116
2024-03-21 08:30:00	1.09137	1.09137	1.08872	1.08915	12181
2024-03-21 09:00:00	1.0892	1.09032	1.0889	1.09026	6089
2024-03-21 09:30:00	1.09026	1.09147	1.08995	1.09129	6257
2024-03-21 10:00:00	1.0913	1.09237	1.09123	1.09191	4576
2024-03-21 10:30:00	1.09192	1.09204	1.09152	1.09192	4808
2024-03-21 11:00:00	1.09193	1.09203	1.09094	1.09101	3726
2024-03-21 11:30:00	1.09103	1.09108	1.09049	1.09096	3523
2024-03-21 12:00:00	1.09097	1.0917	1.09055	1.09141	7790
2024-03-21 12:30:00	1.09144	1.09152	1.09035	1.09115	7851
2024-03-21 13:00:00	1.09115	1.09116	1.08941	1.08954	6384
2024-03-21 13:30:00	1.08955	1.09011	1.08837	1.08857	11035
2024-03-21 14:00:00	1.08854	1.0886	1.08726	1.08756	9904
2024-03-21 14:30:00	1.08758	1.08799	1.08706	1.08787	7820
2024-03-21 15:00:00	1.08788	1.08791	1.08619	1.08641	6543
2024-03-21 15:30:00	1.08641	1.08665	1.08556	1.08604	6188
2024-03-21 16:00:00	1.08603	1.08646	1.0858	1.08607	5601
2024-03-21 16:30:00	1.08607	1.08632	1.08589	1.08608	4621
2024-03-21 17:00:00	1.0861	1.08661	1.08575	1.08592	3492
2024-03-21 17:30:00	1.08589	1.0861	1.08561	1.08577	3271
2024-03-21 18:00:00	1.08579	1.0861	1.08572	1.08607	1626
2024-03-21 18:30:00	1.08606	1.0863	1.08592	1.08623	1895
2024-03-21 19:00:00	1.08622	1.08627	1.08565	1.08582	2255
2024-03-21 19:30:00	1.08583	1.08592	1.08554	1.08567	2363
2024-03-21 20:00:00	1.08567	1.0859	1.08566	1.08573	793
2024-03-21 20:30:00	1.08573	1.08603	1.08572	1.08594	1452
2024-03-21 21:00:00	1.08593	1.08608	1.08585	1.08604	1038
2024-03-21 21:30:00	1.08604	1.0862	1.08588	1.08605	4463
2024-03-21 22:00:00	1.08609	1.08617	1.08603	1.08611	811
2024-03-21 22:30:00	1.08611	1.08622	1.0861	1.08618	591
2024-03-21 23:00:00	1.08617	1.08619	1.08606	1.08618	1134
2024-03-21 23:30:00	1.08618	1.08628	1.08612	1.08618	841
2024-03-22 00:00:00	1.08622	1.08669	1.08622	1.08659	1745
2024-03-22 00:30:00	1.08661	1.08679	1.08642	1.08651	3377
2024-03-22 01:00:00	1.08651	1.08657	1.08611	1.08618	2617
2024-03-22 01:30:00	1.08617	1.08617	1085	1.08504	6658
2024-03-22 02:00:00	1.08504	1.08523	1.08477	1.08482	7030
2024-03-22 02:30:00	1.08483	1.08483	1.08388	1.0839	4693
2024-03-22 03:00:00	1.08389	1.08413	1.08366	1.0838	2317
2024-03-22 03:30:00	1.08379	1.08403	1.08359	1.08379	2300
2024-03-22 04:00:00	1.08379	1.08379	1.0833	1.08334	2931
2024-03-22 04:30:00	1.08333	1.08345	1.08311	1.08332	1487
2024-03-22 05:00:00	1.08332	1.08368	1.08332	1.08353	2389
2024-03-22 05:30:00	1.08352	1.08419	1.08343	1.08415	2777
2024-03-22 06:00:00	1.08413	1.08413	1.0832	1.08325	3483
2024-03-22 06:30:00	1.08326	1.08328	1.0827	1.08302	4159
2024-03-22 07:00:00	1.08302	1.08345	1.0823	1.08234	5785
2024-03-22 07:30:00	1.08233	1.08265	1.08209	1.08246	5641
2024-03-22 08:00:00	1.08246	1.08294	1.08135	1.08138	7128
2024-03-22 08:30:00	1.08137	1.08152	1.08081	1.08114	5115
2024-03-22 09:00:00	1.08117	1.08232	1.08116	1.08206	6411
2024-03-22 09:30:00	1.08204	1.08204	1.08143	1.08161	3381
2024-03-22 10:00:00	1.08162	1.08198	1.08145	1.08178	3881
2024-03-22 10:30:00	1.08178	1.08215	1.08152	1.08163	3853
2024-03-22 11:00:00	1.08163	1.08223	1.08163	1.08209	2190
2024-03-22 11:30:00	1.08209	1.08221	1.08115	1.0816	2408
2024-03-22 12:00:00	1.08162	1.08272	1.08145	1.0826	5755
2024-03-22 12:30:00	1.08262	1.08311	1.08243	1.08263	6794
2024-03-22 13:00:00	1.08264	1.08269	1.08202	1.08213	9903
2024-03-22 13:30:00	1.08213	1.08297	1.08184	1.08295	7877
2024-03-22 14:00:00	1.08297	1.08317	1.08173	1.08194	9628
2024-03-22 14:30:00	1.08195	1.08196	1.08147	1.08149	5574
2024-03-22 15:00:00	1.08148	1.08217	1.08143	1.08199	4819
2024-03-22 15:30:00	1082	1082	1.08104	1.08158	6100
2024-03-22 16:00:00	1.08157	1.0817	1.08073	1.08104	5722
2024-03-22 16:30:00	1.08105	1.0811	1.08057	1.08058	4858
2024-03-22 17:00:00	1.08057	1.08106	1.08054	1.08073	3814
2024-03-22 17:30:00	1.08074	1.08074	1.08049	1.08059	2596
2024-03-22 18:00:00	1.08058	1.08076	1.08046	1.0807	1587
2024-03-22 18:30:00	1.08068	1.08071	1.08039	1.0804	2548
2024-03-22 19:00:00	1.0804	1.08041	1.08017	1.08025	3092
2024-03-22 19:30:00	1.08025	1.08067	1.08022	1.08056	1986
2024-03-22 20:00:00	1.08056	1.0809	1.08049	1.08086	2193
2024-03-22 20:30:00	1.08087	1.08096	1.08065	1.08065	3409
2024-03-24 21:00:00	1.08068	1.08087	1.08068	1.08083	115
2024-03-24 21:30:00	1.08084	1.08104	1.08073	1.08075	110
2024-03-24 22:00:00	1.08074	1.08081	1.08046	1.08068	404
2024-03-24 22:30:00	1.08068	1.08084	1.08062	1.08082	489
2024-03-24 23:00:00	1.08083	1.08097	1.08069	1.08082	1871
2024-03-24 23:30:00	1.08082	1.08089	1.08066	1.08071	1212
2024-03-25 00:00:00	1.08071	1.08096	1.08028	1.0803	2120
2024-03-25 00:30:00	1.08031	1.08042	1.08025	1.08035	2886
2024-03-25 01:00:00	1.08036	1.08146	1.08021	1.08133	4994
2024-03-25 01:30:00	1.08132	1.08196	1.08114	1.0817	4473
2024-03-25 02:00:00	1.08169	1.08193	1.08156	1.08172	3176
2024-03-25 02:30:00	1.08172	1.0822	1.08169	1.08215	3331
2024-03-25 03:00:00	1.08216	1.08217	1.08162	1.08164	2378
2024-03-25 03:30:00	1.08162	1.08166	1.08116	1.08135	2987
2024-03-25 04:00:00	1.08134	1.0814	1.08106	1.0812	2995
2024-03-25 04:30:00	1.0812	1.08139	1.08114	1.08131	1531
2024-03-25 05:00:00	1.08131	1.08155	1.08123	1.08145	2117
2024-03-25 05:30:00	1.08147	1.08223	1.08145	1.0822	2670
2024-03-25 06:00:00	1.08219	1.08219	1.08171	1.0819	3726
2024-03-25 06:30:00	1.0819	1.0819	1.08163	1.08174	1706
2024-03-25 07:00:00	1.08173	1.08204	1.08148	1.08184	2313
2024-03-25 07:30:00	1.08183	1.08228	1.08137	1.08137	4057
2024-03-25 08:00:00	1.08138	1.08237	1.08119	1.08194	4902
2024-03-25 08:30:00	1.08193	1.08203	1.08071	1.08137	5609
2024-03-25 09:00:00	1.08137	1.0819	1.08116	1.08174	2661
2024-03-25 09:30:00	1.08174	1.08215	1.0815	1.08176	2602
2024-03-25 10:00:00	1.08174	1.08218	1.08166	1.08195	2684
2024-03-25 10:30:00	1.08195	1082	1.08163	1.08179	3026
2024-03-25 11:00:00	1.08178	1.0823	1.08165	1.08229	2441
2024-03-25 11:30:00	1.08229	1.08295	1.08223	1.08284	2669
2024-03-25 12:00:00	1.08282	1.0832	1.08279	1.08313	4475
2024-03-25 12:30:00	1.08313	1.08339	1083	1.08306	3586
2024-03-25 13:00:00	1.08305	1.08373	1.08291	1.08293	4177
2024-03-25 13:30:00	1.08292	1.08378	1.08291	1.08351	3985
2024-03-25 14:00:00	1.08349	1.08424	1.08338	1.08413	4405
2024-03-25 14:30:00	1.08412	1.08413	1.0836	1.08389	5839
2024-03-25 15:00:00	1.08391	1.08391	1.08315	1.0833	4433
2024-03-25 15:30:00	1.08331	1.08387	1.08329	1.08366	2850
2024-03-25 16:00:00	1.08366	1.08376	1.0833	1.08369	2907
2024-03-25 16:30:00	1.08369	1.08381	1.08347	1.08366	1421
2024-03-25 17:00:00	1.08365	1.08372	1.08332	1.0837	3217
2024-03-25 17:30:00	1.0837	1.08378	1.08356	1.08364	1801
2024-03-25 18:00:00	1.08364	1.08369	1.08349	1.08366	1136
2024-03-25 18:30:00	1.08366	1.08369	1.08355	1.08358	1526
2024-03-25 19:00:00	1.08359	1.08388	1.08356	1.08388	1695
2024-03-25 19:30:00	1.08386	1.08399	1.08384	1.08391	1370
2024-03-25 20:00:00	1.08393	1.08409	1.08383	1.08388	850
2024-03-25 20:30:00	1.08387	1.08392	1.08356	1.0837	1459
2024-03-25 21:00:00	1.08369	1.0837	1.08347	1.08365	1606
2024-03-25 21:30:00	1.08364	1.08372	1.08352	1.08365	10686
2024-03-25 22:00:00	1.08364	1.08384	1.08361	1.08368	533
2024-03-25 22:30:00	1.08369	1.08381	1.08368	1.08369	709
2024-03-25 23:00:00	1.0837	1.08383	1.08362	1.08374	877
2024-03-25 23:30:00	1.08374	1.08384	1.08365	1.0837	512
2024-03-26 00:00:00	1.0837	1.08386	1.0836	1.08383	1596
2024-03-26 00:30:00	1.08384	1.08427	1.08379	1.08426	1617
2024-03-26 01:00:00	1.08427	1.08454	1.08401	1.08415	2817
2024-03-26 01:30:00	1.08416	1.08423	1.08387	1.08405	2827
2024-03-26 02:00:00	1.08404	1.08437	1.08397	1.08436	1067
2024-03-26 02:30:00	1.08436	1.08442	1.08417	1.08426	1665
2024-03-26 03:00:00	1.08425	1.08441	1.08407	1.08416	1576
2024-03-26 03:30:00	1.08414	1.08417	1.08358	1.08367	1860
2024-03-26 04:00:00	1.08368	1084	1.08364	1.08398	1187
2024-03-26 04:30:00	1.08397	1.0841	1.0839	1.08401	1304
2024-03-26 05:00:00	1084	1.08434	1.08397	1.0843	1660
2024-03-26 05:30:00	1.08431	1.08481	1.08429	1.08471	1750
2024-03-26 06:00:00	1.0847	1.08495	1.08462	1.08495	3281
2024-03-26 06:30:00	1.08496	1.0852	1.08484	1.08508	2077
2024-03-26 07:00:00	1.08507	1.08529	1.08462	1.08474	4158
2024-03-26 07:30:00	1.08473	1.08494	1.08396	1.08422	5089
2024-03-26 08:00:00	1.08421	1.0846	1.08386	1.08457	4803
2024-03-26 08:30:00	1.08458	1.08516	1.08452	1.08495	4119
2024-03-26 09:00:00	1.08495	1.08535	1.08455	1.08531	4109
2024-03-26 09:30:00	1.08532	1.08558	1.08514	1.08536	5050
2024-03-26 10:00:00	1.08535	1.08619	1.08528	1.08619	3718
2024-03-26 10:30:00	1.08618	1.08643	1.0855	1.08552	4991
2024-03-26 11:00:00	1.08551	1.08592	1.08533	1.08548	4005
2024-03-26 11:30:00	1.08548	1.08598	1.08548	1.08568	3317
2024-03-26 12:00:00	1.08569	1.08593	1.08491	1.08514	4537
2024-03-26 12:30:00	1.08515	1.08562	1.08486	1.08519	6833
2024-03-26 13:00:00	1.0852	1.08584	1.08504	1.08524	5545
2024-03-26 13:30:00	1.08524	1.08536	1.08468	1.08528	6978
2024-03-26 14:00:00	1.08528	1.08548	1.08412	1.08422	8117
2024-03-26 14:30:00	1.0842	1.08459	1.08379	1.0841	6104
2024-03-26 15:00:00	1.08412	1.08441	1.08365	1.08413	4602
2024-03-26 15:30:00	1.08414	1.08415	1.08252	1.08281	6836
2024-03-26 16:00:00	1.0828	1.08321	1.08242	1.08278	5021
2024-03-26 16:30:00	1.08279	1.08322	1.08278	1.08282	3070
2024-03-26 17:00:00	1.08282	1.08348	1.08267	1.08341	2570
2024-03-26 17:30:00	1.08341	1.08357	1.08303	1.08305	1883
2024-03-26 18:00:00	1.08304	1.08333	1.08297	1.08332	2373
2024-03-26 18:30:00	1.08332	1.08346	1.08318	1.08327	1673
2024-03-26 19:00:00	1.08327	1.08349	1.08319	1.08331	1536
2024-03-26 19:30:00	1.0833	1.08341	1.08285	1.08286	3441
2024-03-26 20:00:00	1.08287	1.08307	1.08284	1.08305	1032
2024-03-26 20:30:00	1.08305	1.08319	1.08298	1.08308	1440
2024-03-26 21:00:00	1.08304	1.0832	1083	1.0832	710
2024-03-26 21:30:00	1.0832	1.08323	1.08316	1.08317	2180
2024-03-26 22:00:00	1.0833	1.08331	1.08317	1.08323	595
2024-03-26 22:30:00	1.08323	1.08328	1.08318	1.08324	882
2024-03-26 23:00:00	1.08324	1.0833	1.08309	1.08309	1105
2024-03-26 23:30:00	1.08309	1.08327	1.08303	1.08325	766
2024-03-27 00:00:00	1.08326	1.08327	1.08285	1083	1867
2024-03-27 00:30:00	1.08299	1.08311	1.08274	1.08295	2020
2024-03-27 01:00:00	1.08295	1.08308	1.08237	1.08245	3301
2024-03-27 01:30:00	1.08244	1.08249	1.08205	1.08233	5081
2024-03-27 02:00:00	1.08234	1.08251	1.08233	1.08249	1715
2024-03-27 02:30:00	1.08248	1.08278	1.08247	1.08258	2065
2024-03-27 03:00:00	1.08258	1.08279	1.08241	1.0827	2264
2024-03-27 03:30:00	1.08269	1.08277	1.0825	1.08261	1459
2024-03-27 04:00:00	1.08262	1.08299	1.08261	1.08295	1252
2024-03-27 04:30:00	1.08294	1.08303	1.08291	1.08298	727
2024-03-27 05:00:00	1.08298	1.08298	1.08273	1.08277	949
2024-03-27 05:30:00	1.08278	1.08293	1.08253	1.08261	1932
2024-03-27 06:00:00	1.08261	1.08296	1.08245	1.08261	3050
2024-03-27 06:30:00	1.08262	1.08325	1.0826	1.08321	2678
2024-03-27 07:00:00	1.08322	1.08337	1.08264	1.08272	3572
2024-03-27 07:30:00	1.08271	1.08291	1.08229	1.08262	5022
2024-03-27 08:00:00	1.08262	1.08279	1.08212	1.08239	4795
2024-03-27 08:30:00	1.0824	1.08302	1.08237	1.08286	3667
2024-03-27 09:00:00	1.08286	1.0839	1.08276	1.08356	6819
2024-03-27 09:30:00	1.08356	1.08358	1.08266	1.08276	6411
2024-03-27 10:00:00	1.08277	1.08302	1.0826	1.08293	4318
2024-03-27 10:30:00	1.08293	1.08347	1.08291	1.08328	2923
2024-03-27 11:00:00	1.08327	1.08338	1.08298	1.08328	3558
2024-03-27 11:30:00	1.08328	1.08352	1.0818	1.08209	3575
2024-03-27 12:00:00	1.08209	1.08216	1.0815	1.08169	3415
2024-03-27 12:30:00	1.0817	1.08203	1.08156	1.08189	4398
2024-03-27 13:00:00	1.08188	1.08189	1.0815	1.08173	6271
2024-03-27 13:30:00	1.08172	1.08192	1.08108	1.08169	4331
2024-03-27 14:00:00	1.08169	1.08186	1.08137	1.08157	5226
2024-03-27 14:30:00	1.08158	1.08212	1.0814	1.08146	5734
2024-03-27 15:00:00	1.08145	1.08214	1.08138	1.08188	4192
2024-03-27 15:30:00	1.08188	1.08224	1.0818	1.08203	4584
2024-03-27 16:00:00	1.08202	1.08235	1.08187	1.0821	4824
2024-03-27 16:30:00	1.0821	1.08257	1.08209	1.08231	3127
2024-03-27 17:00:00	1.0823	1.08249	1.08174	1.08205	3056
2024-03-27 17:30:00	1.08204	1.08221	1.08187	1.08191	2614
2024-03-27 18:00:00	1.08192	1.08206	1.08184	1.08198	2240
2024-03-27 18:30:00	1.08198	1.08231	1.08197	1.08223	1278
2024-03-27 19:00:00	1.08222	1.08233	1.08205	1.08232	2300
2024-03-27 19:30:00	1.08233	1.08275	1.0823	1.0827	1774
2024-03-27 20:00:00	1.0827	1.0829	1.08262	1.08277	831
2024-03-27 20:30:00	1.08277	1.08285	1.08271	1.08271	1028
2024-03-27 21:00:00	1.08271	1.08274	1.08235	1.08261	2382
2024-03-27 21:30:00	1.08261	1.08269	1.08255	1.08258	4091
2024-03-27 22:00:00	1.08259	1.0827	1.08124	1.08167	2103
2024-03-27 22:30:00	1.08166	1.0817	1.08101	1.08135	1586
2024-03-27 23:00:00	1.08136	1.08148	1.08111	1.08134	2074
2024-03-27 23:30:00	1.08138	1.08148	1.0812	1.08123	1291
2024-03-28 00:00:00	1.08123	1.08148	1.0808	1.08136	2100
2024-03-28 00:30:00	1.08138	1.08202	1.08138	1.08175	2476
2024-03-28 01:00:00	1.08173	1.08187	1.08157	1.0818	2340
2024-03-28 01:30:00	1.08181	1.08191	1.08149	1.08178	3575
2024-03-28 02:00:00	1.08177	1.0825	1.08175	1.08246	2104
2024-03-28 02:30:00	1.08244	1.0826	1.08208	1.08222	2017
2024-03-28 03:00:00	1.08221	1.08242	1.08212	1.08235	1746
2024-03-28 03:30:00	1.08236	1.08237	1.08213	1.08216	1093
2024-03-28 04:00:00	1.08215	1.08243	1.08203	1.08233	706
2024-03-28 04:30:00	1.08234	1.0824	1.0822	1.08234	1062
2024-03-28 05:00:00	1.08235	1.0824	1.08219	1.08235	1052
2024-03-28 05:30:00	1.08237	1.08265	1.08234	1.08238	1334
2024-03-28 06:00:00	1.08238	1.08239	1.08202	1.08212	1463
2024-03-28 06:30:00	1.08211	1.08213	1.0815	1.08178	1390
2024-03-28 07:00:00	1.08178	1.08185	1.08029	1.08041	3090
2024-03-28 07:30:00	1.08042	1.08055	1.08003	1.08007	3452
2024-03-28 08:00:00	1.08008	1.0802	1.07897	1.07923	4802
2024-03-28 08:30:00	1.07924	1.07942	1079	1.07919	2921
2024-03-28 09:00:00	1.07918	1.07919	1.07771	1.07797	5011
2024-03-28 09:30:00	1.07797	1.0782	1.07751	1.07755	2852
2024-03-28 10:00:00	1.07754	1.0786	1.07751	1.07856	2730
2024-03-28 10:30:00	1.07857	1.07929	1.07857	1.07892	4930
2024-03-28 11:00:00	1.07893	1.07948	1.07888	1.07938	2671
2024-03-28 11:30:00	1.07938	1.07945	1.07827	1.07839	3465
2024-03-28 12:00:00	1.07839	1.07896	1.07835	1.07889	3983
2024-03-28 12:30:00	1.07891	1.08088	1.07859	1.08082	10606
2024-03-28 13:00:00	1.08081	1.0818	1.08052	1.08075	12146
2024-03-28 13:30:00	1.08076	1.08157	1.08028	1.08123	8529
2024-03-28 14:00:00	1.08126	1.08188	1.08027	1.08046	11701
2024-03-28 14:30:00	1.08048	1.08084	1.07977	1.08002	9943
2024-03-28 15:00:00	1.08003	1.08028	1.07939	1.08013	7033
2024-03-28 15:30:00	1.08013	1.08074	1.0795	1.08013	8411
2024-03-28 16:00:00	1.08012	1.08033	1.07927	1.08027	5975
2024-03-28 16:30:00	1.08026	1.08052	1.07986	1.07993	4949
2024-03-28 17:00:00	1.07992	1.08019	1.07971	1.07982	3460
2024-03-28 17:30:00	1.07984	1.07984	1.07951	1.07962	2463
2024-03-28 18:00:00	1.07962	1.07985	1.07912	1.07917	3391
2024-03-28 18:30:00	1.07919	1.07933	1.0786	1.07874	2473
2024-03-28 19:00:00	1.07873	1.07884	1.07846	1.07883	2506
2024-03-28 19:30:00	1.07884	1.07892	1.07867	1.07879	2441
2024-03-28 20:00:00	1.07878	1.0788	1.07849	1.07874	1063
2024-03-28 20:30:00	1.07876	1.07887	1.07864	1.07883	1492
2024-03-28 21:00:00	1.07897	1.07904	1.07849	1.07888	2439
2024-03-28 21:30:00	1.07887	1.07901	1.07881	1.07893	5762
2024-03-28 22:00:00	1.07892	1.07935	1.07869	1.07883	3885
2024-03-28 22:30:00	1.07884	1.07893	1.0787	1.07874	3513
2024-03-28 23:00:00	1.07874	1.07921	1.07864	1.07901	7217
2024-03-28 23:30:00	1.07901	1.07917	1.07887	1.07911	10736
2024-03-29 00:00:00	1.07912	1.07913	1.07846	1.07862	3674
2024-03-29 00:30:00	1.07862	1.07908	1.07833	1.07838	6254
2024-03-29 01:00:00	1.07839	1.07848	1.07807	1.0781	3132
2024-03-29 01:30:00	1.07812	1.07812	1.07758	1.07759	2557
2024-03-29 02:00:00	1.0776	1.0779	1.07736	1.07772	3642
2024-03-29 02:30:00	1.07772	1.07794	1.07763	1.07788	3747
2024-03-29 03:00:00	1.07788	1.07795	1.07752	1.07754	2138
2024-03-29 03:30:00	1.07755	1.07756	1.07743	1.07743	884
2024-03-29 04:00:00	1.07743	1.07765	1.07741	1.07761	773
2024-03-29 04:30:00	1.07761	1.07769	1.0775	1.07766	3376
2024-03-29 05:00:00	1.07765	1.07778	1.07741	1.07745	2351
2024-03-29 05:30:00	1.07745	1.07754	1.07744	1.0775	1349
2024-03-29 06:00:00	1.07752	1.07755	1.07744	1.07747	1589
2024-03-29 06:30:00	1.07747	1.07767	1.07746	1.07756	1154
2024-03-29 07:00:00	1.07756	1.07776	1.07754	1.0777	2172
2024-03-29 07:30:00	1.07772	1.07815	1.07678	1.0768	4066
2024-03-29 08:00:00	1.0768	1.07733	1.07679	1.07731	2553
2024-03-29 08:30:00	1.0773	1.07788	1.07718	1.07786	3005
2024-03-29 09:00:00	1.07786	1.07786	1.07725	1.0775	3073
2024-03-29 09:30:00	1.0775	1.07821	1.07734	1.07821	5386
2024-03-29 10:00:00	1.07821	1.07864	1.07813	1.07848	3477
2024-03-29 10:30:00	1.07846	1.07879	1.07818	1.0784	4934
2024-03-29 11:00:00	1.07841	1.07916	1.0784	1.07886	8452
2024-03-29 11:30:00	1.07887	1.07904	1.07862	1.07867	4121
2024-03-29 12:00:00	1.07868	1.07874	1.07796	1.07796	4151
2024-03-29 12:30:00	1.07803	1.08051	1.07801	1.07979	8172
2024-03-29 13:00:00	1.07978	1.08033	1.07977	1.0799	5876
2024-03-29 13:30:00	1.07984	1.07993	1.07938	1.07981	5167
2024-03-29 14:00:00	1.07983	1.07989	1.07958	1.07958	4231
2024-03-29 14:30:00	1.07956	1.07966	1.0794	1.07953	3616
2024-03-29 15:00:00	1.07952	1.0796	1.0788	1.07907	6977
2024-03-29 15:30:00	1.07908	1.07921	1.07883	1.07919	12191
2024-03-29 16:00:00	1.0792	1.07926	1.07878	1.07881	2034
2024-03-29 16:30:00	1.07882	1.07884	1.07867	1.07877	5329
2024-03-29 17:00:00	1.07877	1.07891	1.07873	1.07879	2924
2024-03-29 17:30:00	1.07877	1.07891	1.07875	1.07881	1345
2024-03-29 18:00:00	1.07882	1.07899	1.07876	1.07889	2434
2024-03-29 18:30:00	1.0789	1.07897	1.07885	1.07893	1624
2024-03-29 19:00:00	1.07893	1.07926	1.07881	1.07915	3238
2024-03-29 19:30:00	1.07915	1.07931	1079	1.07904	3442
2024-03-29 20:00:00	1.07904	1.07951	1.07898	1.07934	8837
2024-03-29 20:30:00	1.07933	1.0795	1.07898	1.07898	6958
2024-03-31 21:00:00	1.07882	1.07935	1.07848	1.07925	1028
2024-03-31 21:30:00	1.07927	1.0793	1.07895	1.07926	1385
2024-03-31 22:00:00	1.07926	1.07965	1.07855	1.07934	1516
2024-03-31 22:30:00	1.07934	1.07935	1.07855	1.07865	1723
2024-03-31 23:00:00	1.07865	1.07907	1.07854	1.07905	1044
2024-03-31 23:30:00	1.07906	1.07945	1.07905	1.0793	1712
2024-04-01 00:00:00	1.07932	1.07982	1.07918	1.07971	1879
2024-04-01 00:30:00	1.07969	1.07987	1.07901	1.07912	2588
2024-04-01 01:00:00	1.07911	1.07945	1.07897	1.07922	1338
2024-04-01 01:30:00	1.07922	1.07931	1.07856	1.07867	1673
2024-04-01 02:00:00	1.07866	1.07876	1.07848	1.07876	1812
2024-04-01 02:30:00	1.07874	1.07895	1.07869	1.07877	1483
2024-04-01 03:00:00	1.07878	1.07881	1.07847	1.07851	887
2024-04-01 03:30:00	1.07852	1.07913	1.07852	1.07903	890
2024-04-01 04:00:00	1.07902	1.07911	1.07858	1.07864	1535
2024-04-01 04:30:00	1.07865	1.07875	1.07841	1.07867	1171
2024-04-01 05:00:00	1.07866	1.07872	1.07837	1.07838	870
2024-04-01 05:30:00	1.07838	1.07863	1.07827	1.07853	800
2024-04-01 06:00:00	1.0785	1.07894	1.07844	1.07892	1252
2024-04-01 06:30:00	1.07893	1.07904	1.07853	1.07865	1798
2024-04-01 07:00:00	1.07865	1.07921	1.07846	1.07902	1414
2024-04-01 07:30:00	1.07904	1.07911	1.07829	1.07859	2677
2024-04-01 08:00:00	1.07859	1.07913	1.07831	1.07907	1955
2024-04-01 08:30:00	1.07906	1.07915	1.0788	1.07897	3155
2024-04-01 09:00:00	1.07897	1.07908	1.07871	1.07878	2417
2024-04-01 09:30:00	1.0788	1.07903	1.07856	1.0786	2004
2024-04-01 10:00:00	1.0786	1.07866	1.07807	1.07816	2214
2024-04-01 10:30:00	1.07816	1.07827	1.07796	1.07813	1484
2024-04-01 11:00:00	1.07813	1.07855	1.07798	1.07837	1989
2024-04-01 11:30:00	1.07837	1.07875	1.07831	1.07839	2007
2024-04-01 12:00:00	1.0784	1.07857	1.07771	1.0779	3807
2024-04-01 12:30:00	1.07789	1.07823	1.07771	1.07817	3746
2024-04-01 13:00:00	1.07817	1.07829	1.07783	1.07785	3520
2024-04-01 13:30:00	1.07786	1.07802	1.07718	1.07734	7376
2024-04-01 14:00:00	1.07734	1.07734	1.07435	1.07439	15241
2024-04-01 14:30:00	1.07439	1.07487	1.07394	1.07444	8910
2024-04-01 15:00:00	1.07443	1.07454	1.07373	1.0738	6563
2024-04-01 15:30:00	1.07379	1.07387	1.07309	1.07326	4803
2024-04-01 16:00:00	1.07327	1.07366	1.07312	1.07357	2830
2024-04-01 16:30:00	1.07357	1.07368	1.07342	1.07365	2813
2024-04-01 17:00:00	1.07366	1.0744	1.07366	1.07422	2602
2024-04-01 17:30:00	1.07423	1.07424	1.07399	1.07417	3143
2024-04-01 18:00:00	1.07416	1.07427	1.07403	1.07409	3054
2024-04-01 18:30:00	1.07407	1.07414	1.07368	1.07376	1903
2024-04-01 19:00:00	1.07376	1.07427	1.07374	1074	2215
2024-04-01 19:30:00	1.07399	1.07422	1.07393	1.07418	3549
2024-04-01 20:00:00	1.07418	1.07426	1.07414	1.07419	1504
2024-04-01 20:30:00	1.07419	1.07432	1.07419	1.0743	1281
2024-04-01 21:00:00	1.07428	1.07446	1.07374	1.0744	1677
2024-04-01 21:30:00	1.07439	1.0744	1.07421	1.07437	676
2024-04-01 22:00:00	1.07436	1.07437	1.0742	1.07423	522
2024-04-01 22:30:00	1.07424	1.07425	1.07398	1.07398	892
2024-04-01 23:00:00	1.07398	1.07398	1.07355	1.0739	1967
2024-04-01 23:30:00	1.07393	1.07395	1.07366	1.07372	2543
2024-04-02 00:00:00	1.0737	1.0737	1.07309	1.07325	5536
2024-04-02 00:30:00	1.07327	1.07388	1.07319	1.07371	3233
2024-04-02 01:00:00	1.07372	1.07377	1.07302	1.07367	3236
2024-04-02 01:30:00	1.07367	1.07382	1.07323	1.0734	4036
2024-04-02 02:00:00	1.0734	1.0734	1.07295	1.0732	2455
2024-04-02 02:30:00	1.0732	1.07353	1.07318	1.07348	1203
2024-04-02 03:00:00	1.07349	1.07362	1.07308	1.0731	1226
2024-04-02 03:30:00	1.0731	1.07327	1.07296	1073	1227
2024-04-02 04:00:00	1.07302	1.07318	1.07293	1.07318	1786
2024-04-02 04:30:00	1.07319	1.0734	1.07316	1.07331	1123
2024-04-02 05:00:00	1.0733	1.07349	1.07316	1.07316	2298
2024-04-02 05:30:00	1.07316	1.07325	1.07259	1.07265	2932
2024-04-02 06:00:00	1.07266	1.07319	1.07249	1.0731	4181
2024-04-02 06:30:00	1.07308	1.0732	1.07246	1.07286	6031
2024-04-02 07:00:00	1.07286	1.07332	1.0726	1.07323	5572
2024-04-02 07:30:00	1.07322	1.07427	1.07322	1.07418	3916
2024-04-02 08:00:00	1.07419	1.07419	1.07264	1.07274	8894
2024-04-02 08:30:00	1.07276	1.07327	1.07265	1.07313	4889
2024-04-02 09:00:00	1.07313	1.07405	1.0731	1.07392	3626
2024-04-02 09:30:00	1.07392	1.0743	1.07363	1.0742	2747
2024-04-02 10:00:00	1.0742	1.07428	1.07386	1.07428	3440
2024-04-02 10:30:00	1.07427	1.07457	1.07388	1.07451	3283
2024-04-02 11:00:00	1.07451	1.07474	1.07429	1.07449	4210
2024-04-02 11:30:00	1.07451	1.07535	1.0744	1.07515	6022
2024-04-02 12:00:00	1.07515	1.07561	1.07455	1.07476	10351
2024-04-02 12:30:00	1.07477	1.07524	1.07457	1.07489	7226
2024-04-02 13:00:00	1.07489	1.0761	1.07479	1.07602	6889
2024-04-02 13:30:00	1.07601	1.07683	1.07573	1.07648	9566
2024-04-02 14:00:00	1.07648	1.0779	1.07592	1.07768	13411
2024-04-02 14:30:00	1.07768	1.07768	1.07631	1.07657	14004
2024-04-02 15:00:00	1.07658	1.07718	1.07643	1.07668	6695
2024-04-02 15:30:00	1.07667	1.07701	1.07657	1.07689	4519
2024-04-02 16:00:00	1.07689	1.07702	1.07647	1.07669	4017
2024-04-02 16:30:00	1.07668	1.07701	1.07668	1.07681	2790
2024-04-02 17:00:00	1.07682	1.07687	1.07647	1.07647	1647
2024-04-02 17:30:00	1.07647	1.07676	1.07644	1.07672	2689
2024-04-02 18:00:00	1.07673	1.07684	1.07638	1.07638	1834
2024-04-02 18:30:00	1.07637	1.07648	1.07622	1.07632	2590
2024-04-02 19:00:00	1.07635	1.07646	1.07604	1.07606	1999
2024-04-02 19:30:00	1.07606	1.07682	1.07601	1.0768	2637
2024-04-02 20:00:00	1.07679	1.07683	1.07657	1.0767	1207
2024-04-02 20:30:00	1.0767	1.07696	1.07667	1.07691	1033
2024-04-02 21:00:00	1.07691	1.07719	1.07689	1.07715	1208
2024-04-02 21:30:00	1.07715	1.07734	1077	1.07734	1305
2024-04-02 22:00:00	1.0773	1.07733	1.07693	1.07698	842
2024-04-02 22:30:00	1.07697	1.0771	1.0768	1.07682	872
2024-04-02 23:00:00	1.07682	1.07687	1.07672	1.0768	794
2024-04-02 23:30:00	1.07679	1.07687	1.07666	1.07679	1457
2024-04-03 00:00:00	1.07678	1.07686	1.07659	1.07667	3099
2024-04-03 00:30:00	1.07668	1.07716	1.07665	1.07688	2931
2024-04-03 01:00:00	1.07688	1.07695	1.07658	1.07689	2726
2024-04-03 01:30:00	1.07688	1.07735	1.07675	1.07721	2448
2024-04-03 02:00:00	1.07722	1.07747	1.07716	1.07733	1905
2024-04-03 02:30:00	1.07732	1.07748	1.07729	1.07742	1118
2024-04-03 03:00:00	1.07742	1.07793	1.07741	1.07758	1987
2024-04-03 03:30:00	1.07758	1.0778	1.07752	1.07772	1354
2024-04-03 04:00:00	1.07773	1.0778	1.07757	1.07776	1867
2024-04-03 04:30:00	1.07775	1.07777	1.07745	1.07746	2053
2024-04-03 05:00:00	1.07747	1.07773	1.07743	1.07761	1934
2024-04-03 05:30:00	1.07761	1.07766	1.0774	1.07753	2663
2024-04-03 06:00:00	1.07754	1.07759	1077	1.07703	3411
2024-04-03 06:30:00	1.07702	1.07716	1.07671	1.07692	3833
2024-04-03 07:00:00	1.07693	1.07702	1.0764	1.07655	6390
2024-04-03 07:30:00	1.07656	1.07723	1.07645	1.07705	4562
2024-04-03 08:00:00	1.07704	1.0773	1.07698	1.07727	2432
2024-04-03 08:30:00	1.07727	1.07773	1.07716	1.07716	3094
2024-04-03 09:00:00	1.07714	1.07733	1.07651	1.07666	4566
2024-04-03 09:30:00	1.07666	1.07747	1.07654	1.07677	3690
2024-04-03 10:00:00	1.07676	1.0771	1.07662	1.07708	3648
2024-04-03 10:30:00	1.07707	1.07766	1.07705	1.07755	2817
2024-04-03 11:00:00	1.07756	1.07847	1.07756	1.07805	2996
2024-04-03 11:30:00	1.07805	1.07849	1.07787	1.07838	3771
2024-04-03 12:00:00	1.0784	1.07864	1.07758	1.07774	10556
2024-04-03 12:30:00	1.07775	1.07811	1.0773	1.07781	8511
2024-04-03 13:00:00	1.07781	1.07877	1.07778	1.07875	9412
2024-04-03 13:30:00	1.07877	1.07927	1.07863	1.07889	8744
2024-04-03 14:00:00	1.07892	1.08179	1.07892	1.08089	17989
2024-04-03 14:30:00	1.08091	1.0824	1.08058	1.08228	13060
2024-04-03 15:00:00	1.08228	1.08305	1.08193	1.08273	9423
2024-04-03 15:30:00	1.08274	1083	1.08237	1.08266	6094
2024-04-03 16:00:00	1.08268	1.08332	1.08202	1.08325	7461
2024-04-03 16:30:00	1.08326	1.08362	1.08276	1.08305	7601
2024-04-03 17:00:00	1.08306	1.08342	1.08255	1.08335	4997
2024-04-03 17:30:00	1.08335	1.08338	1083	1.08321	2814
2024-04-03 18:00:00	1.0832	1.08368	1.08315	1.0833	1926
2024-04-03 18:30:00	1.08332	1.08353	1.08323	1.08348	2096
2024-04-03 19:00:00	1.08347	1.08347	1.08292	1.08294	3377
2024-04-03 19:30:00	1.08294	1.08349	1.08293	1.08334	2582
2024-04-03 20:00:00	1.08334	1.08347	1.08324	1.08347	880
2024-04-03 20:30:00	1.08347	1.08366	1.0834	1.08356	1217
2024-04-03 21:00:00	1.08356	1.08356	1.08312	1.0835	2943
2024-04-03 21:30:00	1.0835	1.08354	1.0833	1.08334	962
2024-04-03 22:00:00	1.08333	1.08382	1.08333	1.08377	653
2024-04-03 22:30:00	1.08376	1.08378	1.08365	1.08376	579
2024-04-03 23:00:00	1.08376	1.08386	1.08362	1.08381	1610
2024-04-03 23:30:00	1.08382	1.08407	1.0837	1.0838	2119
2024-04-04 00:00:00	1.0838	1.08399	1.08353	1.0836	2781
2024-04-04 00:30:00	1.0836	1.08434	1.08347	1.0843	2854
2024-04-04 01:00:00	1.0843	1.08439	1.08405	1.08416	3119
2024-04-04 01:30:00	1.08416	1.0842	1084	1.08407	2181
2024-04-04 02:00:00	1.08408	1.08408	1.08381	1.08397	1992
2024-04-04 02:30:00	1.08398	1.08444	1.08398	1.08428	1295
2024-04-04 03:00:00	1.08428	1.08432	1.08405	1.08417	2263
2024-04-04 03:30:00	1.08416	1.08434	1.08401	1.08425	2039
2024-04-04 04:00:00	1.08425	1.08447	1.08425	1.08443	2138
2024-04-04 04:30:00	1.08443	1.08445	1.08425	1.08426	1756
2024-04-04 05:00:00	1.08427	1.08462	1.08426	1.08452	1995
2024-04-04 05:30:00	1.08453	1.08464	1.0841	1.08418	2525
2024-04-04 06:00:00	1.08419	1.08463	1.0841	1.0845	7547
2024-04-04 06:30:00	1.0845	1.08451	1.08389	1.08398	6625
2024-04-04 07:00:00	1.08399	1.0854	1.08391	1.08521	5664
2024-04-04 07:30:00	1.08522	1.08583	1.08511	1.08571	8436
2024-04-04 08:00:00	1.08569	1.08601	1.08508	1.08587	6133
2024-04-04 08:30:00	1.08589	1.08626	1.08558	1.08619	4100
2024-04-04 09:00:00	1.08617	1.08617	1.08554	1.08577	2842
2024-04-04 09:30:00	1.08578	1.08654	1.08574	1.08586	3180
2024-04-04 10:00:00	1.08585	1.08594	1.08556	1.08569	3425
2024-04-04 10:30:00	1.08569	1.08616	1.0856	1.08597	2557
2024-04-04 11:00:00	1.08597	1.08622	1.08566	1.08597	3178
2024-04-04 11:30:00	1.08599	1.08599	1.08519	1.08527	5352
2024-04-04 12:00:00	1.08529	1.08566	1.08507	1.08558	4319
2024-04-04 12:30:00	1.08562	1.08703	1.08543	1.08696	6739
2024-04-04 13:00:00	1.08696	1.08728	1.08641	1.08675	6662
2024-04-04 13:30:00	1.08675	1.08765	1.08675	1.08697	8247
2024-04-04 14:00:00	1.08701	1.0876	1.08678	1.08707	6493
2024-04-04 14:30:00	1.08708	1.08739	1.08666	1.08676	6820
2024-04-04 15:00:00	1.08675	1.08688	1.08622	1.08643	4268
2024-04-04 15:30:00	1.08645	1.0867	1.08639	1.08648	3069
2024-04-04 16:00:00	1.08649	1.0867	1.08632	1.08637	1992
2024-04-04 16:30:00	1.0864	1.08643	1.0858	1.08588	1952
2024-04-04 17:00:00	1.08588	1.08618	1.08581	1.08602	1754
2024-04-04 17:30:00	1.08601	1.08613	1.08592	1086	2211
2024-04-04 18:00:00	1086	1086	1.08533	1.08537	8891
2024-04-04 18:30:00	1.08537	1.08537	1.08465	1085	10550
2024-04-04 19:00:00	1085	1.08507	1.0839	1.08391	11392
2024-04-04 19:30:00	1.08393	1.08412	1.08332	1.08336	11003
2024-04-04 20:00:00	1.08336	1.08373	1.08317	1.0836	2301
2024-04-04 20:30:00	1.08361	1.08387	1.0836	1.08367	2329
2024-04-04 21:00:00	1.08361	1.08388	1.08327	1.08371	3589
2024-04-04 21:30:00	1.0837	1.08412	1.0836	1.08381	6637
2024-04-04 22:00:00	1.0838	1.08401	1.08375	1.08381	1090
2024-04-04 22:30:00	1.08382	1.08386	1.08357	1.08363	1171
2024-04-04 23:00:00	1.08365	1.08389	1.08363	1.08384	2298
2024-04-04 23:30:00	1.08385	1.08401	1.08358	1.08364	3055
2024-04-05 00:00:00	1.08363	1.08411	1.08349	1.08364	3446
2024-04-05 00:30:00	1.08364	1.08439	1.08361	1.08416	3722
2024-04-05 01:00:00	1.08416	1.08431	1.08365	1.08365	3900
2024-04-05 01:30:00	1.08364	1.08367	1.0825	1.08267	6804
2024-04-05 02:00:00	1.08267	1.08283	1.08237	1.08256	3469
2024-04-05 02:30:00	1.08256	1.08257	1.08233	1.08252	2939
2024-04-05 03:00:00	1.08253	1.08279	1.08247	1.08268	2090
2024-04-05 03:30:00	1.08267	1.0827	1.08247	1.08267	2397
2024-04-05 04:00:00	1.08266	1.08276	1.08261	1.08271	1781
2024-04-05 04:30:00	1.08271	1.08277	1.08249	1.08262	2585
2024-04-05 05:00:00	1.0826	1.08279	1.08257	1.08266	2188
2024-04-05 05:30:00	1.08264	1.08279	1.08251	1.08272	3297
2024-04-05 06:00:00	1.08272	1.08296	1.08224	1.0828	6632
2024-04-05 06:30:00	1.08279	1.0833	1.08256	1.08303	4609
2024-04-05 07:00:00	1.08303	1.08364	1.08302	1.0836	6180
2024-04-05 07:30:00	1.08359	1.08409	1.08335	1.08391	4070
2024-04-05 08:00:00	1.0839	1.08419	1.08361	1.08415	3193
2024-04-05 08:30:00	1.08417	1.08463	1.08373	1.08375	4121
2024-04-05 09:00:00	1.08374	1.08421	1.08349	1.0841	2538
2024-04-05 09:30:00	1.0841	1.08419	1.08378	1.08388	4150
2024-04-05 10:00:00	1.08388	1.08391	1.0834	1.08344	3336
2024-04-05 10:30:00	1.08345	1.08373	1.08326	1.08345	3284
2024-04-05 11:00:00	1.08344	1.08359	1.08307	1.08356	2290
2024-04-05 11:30:00	1.08357	1.08417	1.08338	1.08349	3110
2024-04-05 12:00:00	1.0835	1.08479	1.08349	1.0845	4298
2024-04-05 12:30:00	1.0845	1.0845	1.08001	1.08093	30505
2024-04-05 13:00:00	1.08093	1.08137	1.07913	1.08004	16479
2024-04-05 13:30:00	1.08004	1.08054	1.07951	1.0801	13997
2024-04-05 14:00:00	1.08011	1.08197	1.07969	1.08187	10176
2024-04-05 14:30:00	1.08185	1.08263	1.08146	1.08186	14183
2024-04-05 15:00:00	1.08184	1.08314	1.0816	1.08312	10805
2024-04-05 15:30:00	1.08311	1.08434	1.08277	1.08402	6248
2024-04-05 16:00:00	1.08401	1.08444	1.08361	1.08364	6326
2024-04-05 16:30:00	1.08365	1.08387	1.08331	1.08357	4596
2024-04-05 17:00:00	1.08359	1.08383	1.08342	1.08377	3171
2024-04-05 17:30:00	1.08378	1.08388	1.08314	1.08328	3109
2024-04-05 18:00:00	1.08328	1.08373	1.08306	1.08363	3647
2024-04-05 18:30:00	1.08365	1.08379	1.08335	1.08348	1808
2024-04-05 19:00:00	1.08348	1.08361	1.0832	1.08352	3540
2024-04-05 19:30:00	1.08352	1.08369	1.08326	1.08354	4161
2024-04-05 20:00:00	1.08354	1.08374	1.08337	1.08368	2885
2024-04-05 20:30:00	1.08367	1.08376	1.08352	1.08352	3535
2024-04-07 21:00:00	1.08347	1.08379	1.08347	1.08368	833
2024-04-07 21:30:00	1.08368	1.08376	1.08354	1.08371	1091
2024-04-07 22:00:00	1.08371	1.08378	1.08282	1.08295	996
2024-04-07 22:30:00	1.08296	1.0831	1.08272	1.0828	1375
2024-04-07 23:00:00	1.08279	1.0833	1.08277	1.08309	1011
2024-04-07 23:30:00	1.08309	1.08324	1.08286	1.08297	1308
2024-04-08 00:00:00	1.08297	1.08299	1.08231	1.08245	4471
2024-04-08 00:30:00	1.08243	1.08278	1.0823	1.08269	3862
2024-04-08 01:00:00	1.08269	1.08309	1.08268	1.08286	4836
2024-04-08 01:30:00	1.08286	1.08363	1.08286	1.08353	3677
2024-04-08 02:00:00	1.08354	1.0839	1.08348	1.08376	3493
2024-04-08 02:30:00	1.08377	1.08432	1.08377	1.08406	4349
2024-04-08 03:00:00	1.08406	1.08415	1.08358	1.08359	3450
2024-04-08 03:30:00	1.08358	1.08361	1.08321	1.08333	2562
2024-04-08 04:00:00	1.08334	1.08354	1.08324	1.08328	1728
2024-04-08 04:30:00	1.08327	1.08333	1.08311	1.08321	1766
2024-04-08 05:00:00	1.08321	1.08373	1.08321	1.0836	1723
2024-04-08 05:30:00	1.08361	1.08362	1.08326	1.08345	2830
2024-04-08 06:00:00	1.08345	1.08375	1083	1.08315	3971
2024-04-08 06:30:00	1.08314	1.0835	1.08297	1.08339	3101
2024-04-08 07:00:00	1.08339	1.08362	1083	1.08309	5857
2024-04-08 07:30:00	1.08308	1.08377	1.08284	1.08322	4841
2024-04-08 08:00:00	1.08321	1.08351	1.0828	1.08281	5273
2024-04-08 08:30:00	1.08282	1.0831	1.08221	1.08234	6548
2024-04-08 09:00:00	1.08233	1.08279	1.08208	1.08275	5372
2024-04-08 09:30:00	1.08277	1.08299	1.08245	1.0828	3518
2024-04-08 10:00:00	1.08278	1.08337	1.08258	1.08328	2643
2024-04-08 10:30:00	1.08328	1.0834	1.08302	1.08323	3321
2024-04-08 11:00:00	1.08324	1.08332	1.08261	1.08271	3539
2024-04-08 11:30:00	1.0827	1.08283	1.08232	1.08237	3117
2024-04-08 12:00:00	1.08237	1.0828	1.08215	1.08277	5301
2024-04-08 12:30:00	1.08278	1.08355	1.0827	1.08341	5285
2024-04-08 13:00:00	1.08342	1.08415	1.08342	1.08401	6221
2024-04-08 13:30:00	1084	1.08533	1084	1.08516	6910
2024-04-08 14:00:00	1.08516	1.08537	1.08435	1.08521	9440
2024-04-08 14:30:00	1.08522	1.08562	1.08471	1.08532	7823
2024-04-08 15:00:00	1.08533	1.08589	1.08511	1.08545	5810
2024-04-08 15:30:00	1.08543	1.08559	1.08494	1.08526	5781
2024-04-08 16:00:00	1.08526	1.08528	1.08467	1.08487	2539
2024-04-08 16:30:00	1.08488	1.08512	1.0848	1.08501	2742
2024-04-08 17:00:00	1.08503	1.08579	1.08494	1.08576	1347
2024-04-08 17:30:00	1.08577	1.08593	1.08564	1.08579	2251
2024-04-08 18:00:00	1.0858	1.08621	1.08567	1.08614	1381
2024-04-08 18:30:00	1.08615	1.08615	1.08556	1.08572	2031
2024-04-08 19:00:00	1.08571	1.08588	1.08565	1.08587	2414
2024-04-08 19:30:00	1.08584	1.08584	1.08559	1.08567	2253
2024-04-08 20:00:00	1.08567	1.0859	1.08563	1.08583	754
2024-04-08 20:30:00	1.08583	1.08599	1.08579	1.08587	1990
2024-04-08 21:00:00	1.08587	1.08619	1.08528	1.08563	3379
2024-04-08 21:30:00	1.08563	1.08599	1.08562	1.08589	5756
2024-04-08 22:00:00	1.08589	1.0861	1.08589	1.08604	539
2024-04-08 22:30:00	1.08602	1.08607	1.08598	1.08604	393
2024-04-08 23:00:00	1.08604	1.08619	1.08604	1.08616	269
2024-04-08 23:30:00	1.08615	1.08634	1.08615	1.0862	1170
2024-04-09 00:00:00	1.0862	1.08635	1.08585	1.08595	2430
2024-04-09 00:30:00	1.08596	1.08623	1.08575	1.08586	2432
2024-04-09 01:00:00	1.08587	1.08606	1.08569	1.08593	2908
2024-04-09 01:30:00	1.08594	1.0862	1.08594	1.08596	4102
2024-04-09 02:00:00	1.08596	1.08622	1.08577	1.08589	2511
2024-04-09 02:30:00	1.08589	1.08589	1.08557	1.08569	1196
2024-04-09 03:00:00	1.08569	1.08574	1.08554	1.08564	1674
2024-04-09 03:30:00	1.08563	1.08565	1.0854	1.08553	1211
2024-04-09 04:00:00	1.08554	1.08574	1.08553	1.08574	1905
2024-04-09 04:30:00	1.08574	1.08584	1.08562	1.08565	718
2024-04-09 05:00:00	1.08564	1.08584	1.0856	1.08573	1627
2024-04-09 05:30:00	1.08572	1.08586	1.08559	1.08577	1540
2024-04-09 06:00:00	1.08578	1.08626	1.0855	1.08558	3663
2024-04-09 06:30:00	1.0856	1.08568	1.08512	1.08521	3749
2024-04-09 07:00:00	1.08521	1.08601	1.0852	1.08553	6927
2024-04-09 07:30:00	1.08553	1.08591	1.08514	1.08531	5587
2024-04-09 08:00:00	1.08534	1.08559	1.0849	1.08549	4270
2024-04-09 08:30:00	1.08548	1.08587	1.08528	1.08575	3742
2024-04-09 09:00:00	1.08575	1.08641	1.08564	1.0864	3937
2024-04-09 09:30:00	1.08639	1.08658	1.08603	1.08649	4166
2024-04-09 10:00:00	1.08651	1.08699	1.0865	1.08681	2827
2024-04-09 10:30:00	1.08683	1.08707	1.08668	1.08689	2620
2024-04-09 11:00:00	1.0869	1.08728	1.08674	1.08683	3500
2024-04-09 11:30:00	1.08683	1.08684	1.08592	1.08613	5283
2024-04-09 12:00:00	1.08614	1.08692	1.08603	1.08682	4988
2024-04-09 12:30:00	1.08682	1.08839	1.08669	1.08806	6993
2024-04-09 13:00:00	1.08807	1.08824	1.0876	1.08818	8534
2024-04-09 13:30:00	1.08819	1.0885	1.08764	1.08787	7588
2024-04-09 14:00:00	1.08787	1.08821	1.08686	1087	6061
2024-04-09 14:30:00	1087	1.08709	1.0853	1.08572	10927
2024-04-09 15:00:00	1.08572	1.08578	1.08522	1.08533	7993
2024-04-09 15:30:00	1.08533	1.0859	1.08533	1.08556	3571
2024-04-09 16:00:00	1.08555	1.0859	1.08553	1.08571	2633
2024-04-09 16:30:00	1.08572	1086	1.08536	1.08544	3384
2024-04-09 17:00:00	1.08545	1.08554	1.08512	1.08531	2672
2024-04-09 17:30:00	1.08533	1.08546	1.0851	1.08515	2766
2024-04-09 18:00:00	1.08513	1.08546	1085	1.08529	1936
2024-04-09 18:30:00	1.08528	1.08547	1.08511	1.08529	1250
2024-04-09 19:00:00	1.08529	1.0855	1.08477	1.0855	3435
2024-04-09 19:30:00	1.08549	1.08573	1.0854	1.08566	3068
2024-04-09 20:00:00	1.08565	1.08591	1.08555	1.08576	1610
2024-04-09 20:30:00	1.08577	1.0858	1.08566	1.08569	2169
2024-04-09 21:00:00	1.08562	1.0858	1.08558	1.08569	2969
2024-04-09 21:30:00	1.08568	1.08593	1.08554	1.08575	4131
2024-04-09 22:00:00	1.08577	1.08585	1.08562	1.08578	499
2024-04-09 22:30:00	1.08579	1.08587	1.08577	1.08586	424
2024-04-09 23:00:00	1.08585	1.08597	1.08581	1.08596	591
2024-04-09 23:30:00	1.08596	1.08596	1.08576	1.08588	1060
2024-04-10 00:00:00	1.08587	1.08588	1.08554	1.08563	1952
2024-04-10 00:30:00	1.08563	1.08579	1.08551	1.08571	2191
2024-04-10 01:00:00	1.08574	1.08588	1.08533	1.08538	2632
2024-04-10 01:30:00	1.08538	1.08552	1.08513	1.08545	3041
2024-04-10 02:00:00	1.08541	1.08555	1.08511	1.08513	2438
2024-04-10 02:30:00	1.08513	1.08548	1.08509	1.08534	2212
2024-04-10 03:00:00	1.08534	1.08544	1.0852	1.08531	2017
2024-04-10 03:30:00	1.08532	1.08542	1.08522	1.08529	1975
2024-04-10 04:00:00	1.0853	1.0853	1.08504	1.08516	2107
2024-04-10 04:30:00	1.08515	1.08535	1.08512	1.08525	1469
2024-04-10 05:00:00	1.08523	1.08556	1.08519	1.08544	1842
2024-04-10 05:30:00	1.08545	1.0855	1.08513	1.08517	2537
2024-04-10 06:00:00	1.08517	1.08526	1.08479	1085	4734
2024-04-10 06:30:00	1.08499	1.08548	1.08477	1.08531	2934
2024-04-10 07:00:00	1.08532	1.08561	1.08508	1.08555	3929
2024-04-10 07:30:00	1.08556	1.0857	1.08513	1.08553	3552
2024-04-10 08:00:00	1.08552	1.08594	1.08513	1.08576	3758
2024-04-10 08:30:00	1.08578	1.08605	1.08542	1.08603	4045
2024-04-10 09:00:00	1.08604	1.08619	1.08567	1.08604	3913
2024-04-10 09:30:00	1.08606	1.08655	1.08599	1.08615	3622
2024-04-10 10:00:00	1.08615	1.08656	1.08603	1.08656	2743
2024-04-10 10:30:00	1.08655	1.08658	1.08627	1.08644	2846
2024-04-10 11:00:00	1.08643	1.08665	1.08619	1.0863	2318
2024-04-10 11:30:00	1.08629	1.08632	1.08549	1.08556	2739
2024-04-10 12:00:00	1.08555	1.08646	1.08555	1.08626	4553
2024-04-10 12:30:00	1.08626	1.08626	1.07783	1.07807	35600
2024-04-10 13:00:00	1.07808	1.07811	1.07629	1.07732	26031
2024-04-10 13:30:00	1.07731	1.07743	1.07493	1.0751	22425
2024-04-10 14:00:00	1.0751	1.07669	1.07456	1.07591	13727
2024-04-10 14:30:00	1.07592	1.07637	1.07486	1.07532	12260
2024-04-10 15:00:00	1.07533	1.07547	1.07418	1.07444	8763
2024-04-10 15:30:00	1.07445	1.07451	1.07334	1.07366	9604
2024-04-10 16:00:00	1.07367	1.07374	1.07294	1073	5540
2024-04-10 16:30:00	1.07301	1.0737	1.07288	1.0736	3728
2024-04-10 17:00:00	1.07361	1.07497	1.0729	1.07436	9084
2024-04-10 17:30:00	1.07436	1.07542	1074	1.07504	13632
2024-04-10 18:00:00	1.07504	1.07542	1.07412	1.07422	7516
2024-04-10 18:30:00	1.07421	1.07454	1.07351	1.07363	5677
2024-04-10 19:00:00	1.07362	1.07448	1.07357	1.07427	5753
2024-04-10 19:30:00	1.07428	1.07455	1074	1.07438	3634
2024-04-10 20:00:00	1.07436	1.07456	1.07428	1.07447	864
2024-04-10 20:30:00	1.07448	1.07448	1.07413	1.07421	1588
2024-04-10 21:00:00	1.07421	1.07446	1.07407	1.07437	1265
2024-04-10 21:30:00	1.07439	1.07439	1.07413	1.07429	2551
2024-04-10 22:00:00	1.07432	1.07441	1074	1.07425	548
2024-04-10 22:30:00	1.07423	1.07435	1.07415	1.07431	622
2024-04-10 23:00:00	1.0743	1.07447	1.07421	1.07444	1135
2024-04-10 23:30:00	1.07445	1.07446	1.07392	1.0741	1183
2024-04-11 00:00:00	1.07411	1.07456	1.07383	1.07431	2836
2024-04-11 00:30:00	1.07434	1.07458	1.07415	1.07426	2293
2024-04-11 01:00:00	1.07426	1.07458	1.07411	1.07437	2185
2024-04-11 01:30:00	1.07438	1.07469	1.07427	1.0746	3072
2024-04-11 02:00:00	1.07459	1.07469	1.07445	1.07464	1878
2024-04-11 02:30:00	1.07464	1.07464	1.07443	1.07454	2073
2024-04-11 03:00:00	1.07454	1.07489	1.07446	1.07479	1674
2024-04-11 03:30:00	1.07478	1.07483	1.07445	1.07446	3027
2024-04-11 04:00:00	1.07446	1.07462	1.07445	1.07455	1549
2024-04-11 04:30:00	1.07455	1.07465	1.0744	1.07461	1104
2024-04-11 05:00:00	1.07462	1.07471	1.07442	1.07453	1951
2024-04-11 05:30:00	1.07454	1.07462	1.07428	1.07428	2556
2024-04-11 06:00:00	1.07427	1.07427	1.07357	1.07368	3621
2024-04-11 06:30:00	1.07367	1.07393	1.07265	1.07283	4940
2024-04-11 07:00:00	1.07282	1.07446	1.07279	1.07414	5675
2024-04-11 07:30:00	1.07414	1.07441	1.07342	1.0743	5595
2024-04-11 08:00:00	1.07432	1.07494	1.07431	1.07464	4077
2024-04-11 08:30:00	1.07464	1.07498	1.07382	1.07405	4945
2024-04-11 09:00:00	1.07405	1.07408	1.07343	1.07373	6041
2024-04-11 09:30:00	1.07372	1.07377	1.07289	1.07309	6584
2024-04-11 10:00:00	1.0731	1.07335	1.07261	1.07332	4674
2024-04-11 10:30:00	1.07332	1.07337	1.07263	1.07298	3637
2024-04-11 11:00:00	1.07296	1.0733	1.07282	1.07324	3599
2024-04-11 11:30:00	1.07323	1.07341	1.07255	1.07285	4205
2024-04-11 12:00:00	1.07283	1.07327	1.0715	1.07263	13867
2024-04-11 12:30:00	1.07261	1.07468	1.07161	1.07413	24069
2024-04-11 13:00:00	1.07414	1.07564	1.0728	1.07555	18910
2024-04-11 13:30:00	1.07554	1.07554	1.07311	1.07347	17142
2024-04-11 14:00:00	1.07347	1.07347	1.07107	1.07109	14979
2024-04-11 14:30:00	1.07109	1.07113	1.06992	1.07051	8928
2024-04-11 15:00:00	1.07052	1.07134	1.07044	1.07047	6950
2024-04-11 15:30:00	1.07047	1.07213	1.07019	1.0721	6591
2024-04-11 16:00:00	1.07212	1.07227	1.07135	1.07182	6089
2024-04-11 16:30:00	1.07182	1.07233	1.07151	1.07176	5278
2024-04-11 17:00:00	1.07175	1.07249	1.07152	1.07233	6656
2024-04-11 17:30:00	1.07234	1.07296	1.07223	1.07276	3014
2024-04-11 18:00:00	1.07277	1.07345	1.07265	1.07317	3914
2024-04-11 18:30:00	1.07318	1.07328	1.0725	1.07255	3952
2024-04-11 19:00:00	1.07254	1.07297	1.07253	1.07288	2831
2024-04-11 19:30:00	1.07288	1.0732	1.07273	1.07288	3689
2024-04-11 20:00:00	1.07287	1.0729	1.07257	1.07257	1365
2024-04-11 20:30:00	1.07257	1.07267	1.07253	1.07254	1064
2024-04-11 21:00:00	1.07252	1.0728	1.07252	1.07261	432
2024-04-11 21:30:00	1.07261	1.07272	1.07257	1.07262	304
2024-04-11 22:00:00	1.07263	1.07293	1.07259	1.07283	521
2024-04-11 22:30:00	1.07283	1.07287	1.07278	1.07281	368
2024-04-11 23:00:00	1.0728	1.07282	1.07263	1.07265	558
2024-04-11 23:30:00	1.07265	1.07273	1.07238	1.0726	585
2024-04-12 00:00:00	1.0726	1.07275	1.07224	1.07229	1926
2024-04-12 00:30:00	1.0723	1.07266	1.0723	1.07259	1381
2024-04-12 01:00:00	1.07262	1.07281	1.07229	1.07239	2331
2024-04-12 01:30:00	1.07238	1.07281	1.07238	1.07244	1432
2024-04-12 02:00:00	1.07242	1.07264	1.07233	1.07243	1760
2024-04-12 02:30:00	1.07242	1.07275	1.07241	1.07266	2358
2024-04-12 03:00:00	1.07266	1.07266	1.07199	1072	1974
2024-04-12 03:30:00	1072	1.07203	1.07153	1.0717	1544
2024-04-12 04:00:00	1.07171	1.07174	1.07147	1.07151	1067
2024-04-12 04:30:00	1.07152	1.07152	1.07107	1.07112	1730
2024-04-12 05:00:00	1.07112	1.0714	1.07109	1.07118	2519
2024-04-12 05:30:00	1.07119	1.0714	1.07105	1.07113	1713
2024-04-12 06:00:00	1.07111	1.0712	1.07034	1.07037	4685
2024-04-12 06:30:00	1.07038	1.07048	1.0681	1.06828	10122
2024-04-12 07:00:00	1.06831	1.06874	1.06742	1.06761	7818
2024-04-12 07:30:00	1.06761	1.06842	1.06756	1.06842	4891
2024-04-12 08:00:00	1.06842	1.06852	1.06756	1.06789	4182
2024-04-12 08:30:00	1.06788	1.06789	1.06707	1.0671	5054
2024-04-12 09:00:00	1.06711	1.06748	1.06564	1.06597	4985
2024-04-12 09:30:00	1.06597	1.06643	1.06549	1.06604	4433
2024-04-12 10:00:00	1.06606	1.06608	1.06507	1.06539	4372
2024-04-12 10:30:00	1.0654	1.06553	1.06439	1.06469	4915
2024-04-12 11:00:00	1.06468	1.06591	1.0646	1.06575	3609
2024-04-12 11:30:00	1.06573	1.06584	1.0649	1.06509	5086
2024-04-12 12:00:00	1.0651	1.06556	1.06466	1.0648	5928
2024-04-12 12:30:00	1.06481	1.0649	1.06313	1.06383	10694
2024-04-12 13:00:00	1.06384	1.06408	1.06309	1.06351	10026
2024-04-12 13:30:00	1.06351	1.06438	1.06313	1.06426	10578
2024-04-12 14:00:00	1.06429	1.06463	1.06226	1.06301	15263
2024-04-12 14:30:00	1.06301	1.06351	1.06252	1.06298	10296
2024-04-12 15:00:00	1.06298	1.06404	1.06292	1.06402	5788
2024-04-12 15:30:00	1.06403	1.0651	1.06397	1.06467	6668
2024-04-12 16:00:00	1.06467	1.06469	1.06399	1.06414	6348
2024-04-12 16:30:00	1.06415	1.06441	1.06377	1.06418	6145
2024-04-12 17:00:00	1.06418	1.06474	1.06408	1.06413	5792
2024-04-12 17:30:00	1.06414	1.06496	1.06404	1.0647	4861
2024-04-12 18:00:00	1.0647	1.06505	1.06444	1.06448	5050
2024-04-12 18:30:00	1.0645	1.06452	1.06389	1.0639	3484
2024-04-12 19:00:00	1.0639	1.06408	1.06372	1.06401	2203
2024-04-12 19:30:00	1.06401	1.06426	1.06378	1.06382	1773
2024-04-12 20:00:00	1.06381	1.06442	1.06371	1.06417	1330
2024-04-12 20:30:00	1.06417	1.06431	1.06385	1.06385	2671
2024-04-14 21:00:00	1.06352	1.0638	1.06309	1.0632	2083
2024-04-14 21:30:00	1.06323	1.06358	1.06309	1.06347	596
2024-04-14 22:00:00	1.06347	1.06484	1.06341	1.06475	4684
2024-04-14 22:30:00	1.06474	1.06514	1.06474	1.06497	1039
2024-04-14 23:00:00	1.06497	1.06497	1.06433	1.06467	2527
2024-04-14 23:30:00	1.06467	1065	1.0646	1.0646	891
2024-04-15 00:00:00	1.06461	1.06496	1.06432	1.06487	3415
2024-04-15 00:30:00	1.06488	1.06489	1.06444	1.06456	2128
2024-04-15 01:00:00	1.06455	1.06491	1.06391	1.06479	4741
2024-04-15 01:30:00	1.06479	1.06507	1.06459	1.06495	2581
2024-04-15 02:00:00	1.06495	1.06549	1.06494	1.06496	2803
2024-04-15 02:30:00	1.06498	1.06519	1.0649	1.06506	1475
2024-04-15 03:00:00	1.06507	1.06516	1.06475	1.06497	1718
2024-04-15 03:30:00	1.06498	1.06537	1.06494	1.06519	1696
2024-04-15 04:00:00	1.06519	1.0652	1.0647	1.06496	2115
2024-04-15 04:30:00	1.06497	1.0654	1.06476	1.06524	2241
2024-04-15 05:00:00	1.06523	1.06536	1.06506	1.06523	1370
2024-04-15 05:30:00	1.06523	1.06589	1.06513	1.06579	2342
2024-04-15 06:00:00	1.06577	1.06648	1.06543	1.06633	4759
2024-04-15 06:30:00	1.06631	1.06631	1.06516	1.06544	4888
2024-04-15 07:00:00	1.06543	1.06593	1.06499	1.06586	7330
2024-04-15 07:30:00	1.06586	1.0661	1.06533	1.06581	5562
2024-04-15 08:00:00	1.0658	1.06618	1.06552	1.0656	5879
2024-04-15 08:30:00	1.06561	1.06587	1.06537	1.06562	4469
2024-04-15 09:00:00	1.06563	1.06624	1.06561	1.06565	4024
2024-04-15 09:30:00	1.06566	1.06596	1.06535	1.06549	4034
2024-04-15 10:00:00	1.06549	1.06598	1.06545	1.06565	2148
2024-04-15 10:30:00	1.06565	1.06593	1.06515	1.06576	3543
2024-04-15 11:00:00	1.06576	1.06651	1.06571	1.06594	4354
2024-04-15 11:30:00	1.06598	1.06606	1.06516	1.06548	4689
2024-04-15 12:00:00	1.06548	1.06575	1.06517	1.0653	5882
2024-04-15 12:30:00	1.06531	1.06531	1.06309	1.06471	18825
2024-04-15 13:00:00	1.06472	1.06607	1.06441	1.06452	14221
2024-04-15 13:30:00	1.06452	1.06467	1.06339	1.06369	10931
2024-04-15 14:00:00	1.0637	1.06377	1.06231	1.06254	13565
2024-04-15 14:30:00	1.06254	1.0636	1.06218	1.06267	14066
2024-04-15 15:00:00	1.06268	1.06377	1.06226	1.06372	7525
2024-04-15 15:30:00	1.06373	1.0645	1.06347	1.06434	5484
2024-04-15 16:00:00	1.06433	1.06474	1.06374	1.0639	4154
2024-04-15 16:30:00	1.06389	1.06389	1.06345	1.06361	4631
2024-04-15 17:00:00	1.0636	1.06394	1.06307	1.0631	5955
2024-04-15 17:30:00	1.0631	1.06311	1.0623	1.06288	9090
2024-04-15 18:00:00	1.06287	1.06316	1.0626	1.06267	4448
2024-04-15 18:30:00	1.06266	1063	1.06235	1.0625	3566
2024-04-15 19:00:00	1.06251	1.06256	1.06202	1.06234	5513
2024-04-15 19:30:00	1.06235	1.06272	1.06233	1.06264	4541
2024-04-15 20:00:00	1.06263	1.06269	1.06236	1.06241	1613
2024-04-15 20:30:00	1.06242	1.06246	1.06209	1.06241	1326
2024-04-15 21:00:00	1.06233	1.06253	1.06222	1.06237	699
2024-04-15 21:30:00	1.06238	1.0625	1.06227	1.06236	2899
2024-04-15 22:00:00	1.06243	1.06274	1.06242	1.06268	730
2024-04-15 22:30:00	1.06268	1.06278	1.06265	1.06269	1261
2024-04-15 23:00:00	1.06268	1.06284	1.06254	1.06277	2068
2024-04-15 23:30:00	1.06277	1.06281	1.06241	1.06247	2558
2024-04-16 00:00:00	1.06246	1.06253	1.06203	1.06222	3025
2024-04-16 00:30:00	1.06222	1.06222	1.0618	1.06183	2788
2024-04-16 01:00:00	1.06183	1.06191	1.06069	1.06098	6203
2024-04-16 01:30:00	1061	1.06169	1.06099	1.06158	3179
2024-04-16 02:00:00	1.06159	1.06176	1061	1.06105	4571
2024-04-16 02:30:00	1.06104	1.06109	1.06061	1.06099	4684
2024-04-16 03:00:00	1.06098	1.06122	1.0607	1.06119	1947
2024-04-16 03:30:00	1.06118	1.06125	1.06091	1.06113	1905
2024-04-16 04:00:00	1.06114	1.0613	1.06108	1.06121	926
2024-04-16 04:30:00	1.0612	1.06142	1.06099	1.0614	2422
2024-04-16 05:00:00	1.06139	1.06177	1.06136	1.06176	2711
2024-04-16 05:30:00	1.06177	1.06205	1.06166	1.06184	2081
2024-04-16 06:00:00	1.06184	1062	1.06051	1.06052	6921
2024-04-16 06:30:00	1.06053	1.06127	1.06023	1.06103	6200
2024-04-16 07:00:00	1.06102	1.06228	1.06102	1.06193	7235
2024-04-16 07:30:00	1.06194	1.06204	1.06116	1.06178	6025
2024-04-16 08:00:00	1.06179	1.06247	1.06129	1.06144	5970
2024-04-16 08:30:00	1.06145	1.06206	1.06125	1.06161	4965
2024-04-16 09:00:00	1.0616	1.06349	1.0616	1.06222	8710
2024-04-16 09:30:00	1.06222	1.06295	1.06194	1.06291	5108
2024-04-16 10:00:00	1.06291	1.06323	1.06247	1.06267	3856
2024-04-16 10:30:00	1.06265	1.06292	1.0623	1.06261	5461
2024-04-16 11:00:00	1.06263	1.06344	1.06258	1.06307	4315
2024-04-16 11:30:00	1.06307	1.06473	1.06304	1.06424	4026
2024-04-16 12:00:00	1.06424	1.06432	1.06359	1.06399	5942
2024-04-16 12:30:00	1.06399	1.06535	1.06378	1.06389	11214
2024-04-16 13:00:00	1.06388	1.06398	1.06279	1.06339	15157
2024-04-16 13:30:00	1.06338	1.06437	1.06275	1.06295	20343
2024-04-16 14:00:00	1.06295	1.06448	1.06275	1.06312	17011
2024-04-16 14:30:00	1.06313	1.06367	1.06283	1.06317	10548
2024-04-16 15:00:00	1.06318	1.06393	1.06251	1.06279	8892
2024-04-16 15:30:00	1.06278	1.06315	1.06216	1.06278	7290
2024-04-16 16:00:00	1.06276	1.06282	1.06216	1.06222	5763
2024-04-16 16:30:00	1.06223	1.06282	1.06187	1.06249	4972
2024-04-16 17:00:00	1.0625	1.06256	1.06137	1.06138	5358
2024-04-16 17:30:00	1.06138	1.06226	1.0601	1.06209	20337
2024-04-16 18:00:00	1.06209	1.06336	1.0616	1.06187	12969
2024-04-16 18:30:00	1.06188	1.0635	1.06183	1.0631	10039
2024-04-16 19:00:00	1.06308	1.06317	1.06238	1.06264	3873
2024-04-16 19:30:00	1.06263	1.06263	1.06176	1.06219	3707
2024-04-16 20:00:00	1.06218	1.06228	1.06165	1.06171	940
2024-04-16 20:30:00	1.06171	1.06198	1.06166	1.06187	1187
2024-04-16 21:00:00	1.06187	1.06245	1.06142	1.06177	2126
2024-04-16 21:30:00	1.06179	1.06199	1.06145	1.06155	4258
2024-04-16 22:00:00	1.06164	1.06183	1.06126	1.06162	1091
2024-04-16 22:30:00	1.06163	1.06197	1.06135	1.06194	494
2024-04-16 23:00:00	1.06195	1.06241	1.06191	1.06241	595
2024-04-16 23:30:00	1.06241	1.06251	1062	1.0621	1423
2024-04-17 00:00:00	1.0621	1.06239	1.06171	1.06229	1655
2024-04-17 00:30:00	1.06229	1.06233	1.06189	1.06223	1305
2024-04-17 01:00:00	1.06221	1.06284	1.06202	1.06276	1955
2024-04-17 01:30:00	1.06275	1.06297	1.06243	1.06281	2629
2024-04-17 02:00:00	1.0628	1.06342	1.06271	1.06325	1687
2024-04-17 02:30:00	1.06325	1.06355	1.06319	1.06341	1031
2024-04-17 03:00:00	1.06341	1.06344	1.06305	1.06305	1433
2024-04-17 03:30:00	1.06305	1.06309	1.0627	1.06271	1262
2024-04-17 04:00:00	1.06272	1.06311	1.06267	1.06298	963
2024-04-17 04:30:00	1.06297	1.06299	1.06244	1.06249	652
2024-04-17 05:00:00	1.06248	1.06248	1.06172	1.06172	1424
2024-04-17 05:30:00	1.06172	1.06172	1.06097	1.06118	1635
2024-04-17 06:00:00	1.06116	1.06189	1.0606	1.06168	3260
2024-04-17 06:30:00	1.06166	1.06378	1.06161	1.06346	2843
2024-04-17 07:00:00	1.06345	1.06345	1.06241	1.06302	4067
2024-04-17 07:30:00	1063	1.06342	1.06249	1.06253	3800
2024-04-17 08:00:00	1.06253	1.06443	1.0624	1.0642	6020
2024-04-17 08:30:00	1.06419	1.06489	1.06384	1.06405	6196
2024-04-17 09:00:00	1.06405	1.06457	1.06353	1.06456	7691
2024-04-17 09:30:00	1.06456	1.06486	1.06393	1.06409	3285
2024-04-17 10:00:00	1.0641	1.06468	1.06405	1.06422	2797
2024-04-17 10:30:00	1.06424	1.06447	1.0638	1.06392	3153
2024-04-17 11:00:00	1.0639	1.06491	1.06382	1.06422	3528
2024-04-17 11:30:00	1.06422	1.06433	1.06321	1.06355	5003
2024-04-17 12:00:00	1.06356	1.06428	1.0632	1.06343	5840
2024-04-17 12:30:00	1.06344	1.06392	1.06315	1.06348	6185
2024-04-17 13:00:00	1.06347	1.06468	1.06343	1.0646	5404
2024-04-17 13:30:00	1.06461	1.06528	1.0641	1.06439	8746
2024-04-17 14:00:00	1.06438	1.06445	1.06341	1.06396	7077
2024-04-17 14:30:00	1.06395	1.06423	1063	1.06355	7734
2024-04-17 15:00:00	1.06355	1.06419	1.06355	1.06393	7106
2024-04-17 15:30:00	1.06394	1.06461	1.06362	1.06429	6369
2024-04-17 16:00:00	1.06429	1.06505	1.0636	1.06504	6180
2024-04-17 16:30:00	1.06505	1.06563	1.06483	1.06497	9128
2024-04-17 17:00:00	1.06496	1.06571	1.06479	1.06549	9985
2024-04-17 17:30:00	1.06548	1.06687	1.06546	1.06682	4741
2024-04-17 18:00:00	1.06682	1.06777	1.0667	1.0672	8614
2024-04-17 18:30:00	1.06719	1.06796	1.0669	1.06703	7410
2024-04-17 19:00:00	1.06703	1.06703	1.06643	1.06665	6624
2024-04-17 19:30:00	1.06666	1.06718	1.0666	1.06712	3411
2024-04-17 20:00:00	1.06712	1.06729	1.06695	1.06726	1143
2024-04-17 20:30:00	1.06727	1.06736	1.06717	1.0672	2065
2024-04-17 21:00:00	1.06719	1.06723	1067	1.06708	1008
2024-04-17 21:30:00	1.06708	1.06718	1.06696	1.06717	765
2024-04-17 22:00:00	1.06716	1.06751	1.06714	1.06722	1134
2024-04-17 22:30:00	1.06721	1.06737	1.06719	1.06725	467
2024-04-17 23:00:00	1.06727	1.06737	1.06717	1.06725	542
2024-04-17 23:30:00	1.06725	1.06725	1.0668	1.06689	968
2024-04-18 00:00:00	1.0669	1.06695	1.06643	1.06671	1623
2024-04-18 00:30:00	1.0667	1.06704	1.0666	1.06699	1400
2024-04-18 01:00:00	1.06699	1.0674	1.06687	1.06691	2256
2024-04-18 01:30:00	1.0669	1.06702	1.06644	1.06702	2946
2024-04-18 02:00:00	1.06701	1.06762	1.06688	1.06741	2576
2024-04-18 02:30:00	1.06743	1.0679	1.06733	1.06778	2171
2024-04-18 03:00:00	1.06778	1.06784	1.06753	1.06768	1771
2024-04-18 03:30:00	1.06768	1.06802	1.06754	1.06799	1338
2024-04-18 04:00:00	1.06799	1068	1.06766	1.06791	1261
2024-04-18 04:30:00	1.06792	1.06798	1.06756	1.06783	913
2024-04-18 05:00:00	1.06784	1.06793	1.06749	1.06792	1277
2024-04-18 05:30:00	1.06792	1.0684	1.06791	1.06808	2422
2024-04-18 06:00:00	1.0681	1.06899	1.06791	1.06894	2479
2024-04-18 06:30:00	1.06892	1069	1.06839	1.06853	2529
2024-04-18 07:00:00	1.06852	1.06855	1.06796	1.06832	5157
2024-04-18 07:30:00	1.06833	1.0688	1.06783	1.0681	4619
2024-04-18 08:00:00	1.0681	1.06839	1.06751	1.06757	5213
2024-04-18 08:30:00	1.06758	1.06822	1.06748	1.06784	4162
2024-04-18 09:00:00	1.06784	1.06813	1.06754	1.06775	3074
2024-04-18 09:30:00	1.06776	1.06783	1067	1.06704	3020
2024-04-18 10:00:00	1.06703	1.06752	1.06699	1.06715	2188
2024-04-18 10:30:00	1.06716	1.06771	1.06701	1.06758	2041
2024-04-18 11:00:00	1.06757	1.0679	1.06708	1.06709	2957
2024-04-18 11:30:00	1.0671	1.06777	1067	1.06772	3260
2024-04-18 12:00:00	1.06771	1.06796	1.06673	1.06722	4689
2024-04-18 12:30:00	1.06727	1.06747	1.06598	1.06628	15180
2024-04-18 13:00:00	1.06628	1.06685	1.0657	1.06589	13827
2024-04-18 13:30:00	1.06588	1.06653	1.06464	1.06506	14857
2024-04-18 14:00:00	1.06507	1.06582	1.06497	1.06544	9958
2024-04-18 14:30:00	1.06545	1.06632	1.06536	1.06538	8186
2024-04-18 15:00:00	1.06537	1.06647	1.06536	1.06621	4974
2024-04-18 15:30:00	1.06622	1.06626	1.06538	1.06598	4005
2024-04-18 16:00:00	1.06599	1.06617	1.06563	1.06583	3685
2024-04-18 16:30:00	1.06584	1.06597	1.06516	1.06533	4835
2024-04-18 17:00:00	1.06531	1.06548	1.0643	1.0648	4892
2024-04-18 17:30:00	1.0648	1.06509	1.06437	1.06483	3957
2024-04-18 18:00:00	1.06483	1.06494	1.06437	1.06438	4068
2024-04-18 18:30:00	1.06439	1.06485	1.06419	1.0645	2872
2024-04-18 19:00:00	1.06451	1.06481	1.06426	1.06434	3704
2024-04-18 19:30:00	1.06433	1.06468	1.06431	1.06436	2418
2024-04-18 20:00:00	1.06436	1.06457	1.06431	1.06439	964
2024-04-18 20:30:00	1.0644	1.0644	1.06413	1.06431	1223
2024-04-18 21:00:00	1.06423	1.06443	1.06423	1.06435	389
2024-04-18 21:30:00	1.06435	1.0645	1.06426	1.06433	1578
2024-04-18 22:00:00	1.06432	1.06446	1.06423	1.06429	686
2024-04-18 22:30:00	1.0643	1.06433	1.06404	1.06404	766
2024-04-18 23:00:00	1.06405	1.06429	1.06402	1.06426	364
2024-04-18 23:30:00	1.06426	1.06439	1.06414	1.06425	3051
2024-04-19 00:00:00	1.06424	1.06435	1.0636	1.06371	3725
2024-04-19 00:30:00	1.06374	1.06446	1.06364	1.06387	5378
2024-04-19 01:00:00	1.06384	1064	1.06271	1.06273	8249
2024-04-19 01:30:00	1.06272	1.0628	1.06135	1.06187	13917
2024-04-19 02:00:00	1.06188	1.06208	1.06104	1.06195	13991
2024-04-19 02:30:00	1.06196	1.06237	1.06117	1.06181	11156
2024-04-19 03:00:00	1.06177	1.0638	1.06152	1.06364	12175
2024-04-19 03:30:00	1.06365	1.06405	1.06327	1.06371	9001
2024-04-19 04:00:00	1.06372	1.06431	1.06368	1.06388	6904
2024-04-19 04:30:00	1.06386	1.06391	1.06336	1.06347	4178
2024-04-19 05:00:00	1.06346	1.06409	1.06311	1.06327	4311
2024-04-19 05:30:00	1.06326	1.06335	1.06295	1.06308	4390
2024-04-19 06:00:00	1.06308	1.06398	1.0627	1.06341	11546
2024-04-19 06:30:00	1.06343	1.06492	1.06325	1.06448	7875
2024-04-19 07:00:00	1.06449	1.06538	1.06437	1.06512	11055
2024-04-19 07:30:00	1.06512	1.06592	1.06468	1.06554	7545
2024-04-19 08:00:00	1.06553	1.06553	1.0643	1.0647	6340
2024-04-19 08:30:00	1.06468	1.06516	1.06436	1.06456	5928
2024-04-19 09:00:00	1.06456	1.0658	1.06451	1.06578	3584
2024-04-19 09:30:00	1.06578	1.06621	1.06562	1.06589	4079
2024-04-19 10:00:00	1.06589	1.06589	1.06474	1.06516	5392
2024-04-19 10:30:00	1.06516	1.06589	1.06467	1.06473	5169
2024-04-19 11:00:00	1.06472	1.06521	1.06431	1.06478	4526
2024-04-19 11:30:00	1.06479	1.06552	1.06472	1.06517	5351
2024-04-19 12:00:00	1.06519	1.06628	1.06496	1.06624	7083
2024-04-19 12:30:00	1.06624	1.06736	1.06612	1.06654	8135
2024-04-19 13:00:00	1.06654	1.0672	1.06587	1.06717	7721
2024-04-19 13:30:00	1.06718	1.06755	1.0664	1.06658	11804
2024-04-19 14:00:00	1.06655	1.06759	1.06638	1.06751	12060
2024-04-19 14:30:00	1.06753	1.06775	1.0668	1.06695	14535
2024-04-19 15:00:00	1.06694	1.06718	1.06637	1.06648	6856
2024-04-19 15:30:00	1.06648	1.06667	1.06536	1.06548	4903
2024-04-19 16:00:00	1.06548	1.06596	1.06401	1.06403	6918
2024-04-19 16:30:00	1.06404	1.0654	1.06404	1.06534	3729
2024-04-19 17:00:00	1.06534	1.06584	1.06509	1.06513	3287
2024-04-19 17:30:00	1.06514	1.06578	1.06513	1.06557	3371
2024-04-19 18:00:00	1.06557	1.06557	1.06492	1.06494	4147
2024-04-19 18:30:00	1.06492	1.06526	1.06465	1.06506	3795
2024-04-19 19:00:00	1.06506	1.06535	1.06497	1.06522	2514
2024-04-19 19:30:00	1.06521	1.06553	1.06504	1.06547	3161
2024-04-19 20:00:00	1.06546	1.06551	1.06531	1.06541	1946
2024-04-19 20:30:00	1.06542	1.06578	1.06523	1.06526	1244
2024-04-21 21:00:00	1.06495	1.06612	1.06456	1.06581	467
2024-04-21 21:30:00	1.0658	1.06603	1.06545	1.06563	1257
2024-04-21 22:00:00	1.06561	1.06614	1.06545	1.06597	1159
2024-04-21 22:30:00	1.06599	1.06605	1.06582	1.06587	663
2024-04-21 23:00:00	1.0659	1.0661	1.06587	1.06594	804
2024-04-21 23:30:00	1.06594	1.06601	1.06575	1.06575	1003
2024-04-22 00:00:00	1.06577	1.06649	1.06553	1.06633	3417
2024-04-22 00:30:00	1.06631	1.06633	1.06527	1.06534	3324
2024-04-22 01:00:00	1.06533	1.06676	1.06532	1.06649	3981
2024-04-22 01:30:00	1.06648	1.06697	1.0662	1.06682	2918
2024-04-22 02:00:00	1.06681	1.06706	1.0666	1.06666	1693
2024-04-22 02:30:00	1.06666	1.06672	1.06639	1.0664	962
2024-04-22 03:00:00	1.06639	1.06645	1.06616	1.06617	1162
2024-04-22 03:30:00	1.06617	1.06626	1.06604	1.06617	832
2024-04-22 04:00:00	1.06617	1.06647	1.06614	1.06645	847
2024-04-22 04:30:00	1.06645	1.06685	1.06643	1.06652	955
2024-04-22 05:00:00	1.06654	1.0666	1.06638	1.06655	834
2024-04-22 05:30:00	1.06657	1.06657	1.06618	1.06637	1754
2024-04-22 06:00:00	1.06637	1.06691	1.06629	1.06639	2683
2024-04-22 06:30:00	1.0664	1.06646	1.06605	1.0664	2327
2024-04-22 07:00:00	1.06639	1.06677	1.0656	1.06567	4359
2024-04-22 07:30:00	1.06567	1.06603	1.06524	1.06584	4612
2024-04-22 08:00:00	1.06584	1066	1.06473	1.06539	4109
2024-04-22 08:30:00	1.0654	1.06623	1.06516	1.06568	4543
2024-04-22 09:00:00	1.06566	1.06618	1.06557	1.06579	3829
2024-04-22 09:30:00	1.06577	1.0658	1.06489	1.06513	2483
2024-04-22 10:00:00	1.06513	1.06542	1.06474	1.06537	3749
2024-04-22 10:30:00	1.06537	1.0655	1065	1.06505	3016
2024-04-22 11:00:00	1.06505	1.06508	1.06351	1.06367	6033
2024-04-22 11:30:00	1.06367	1.06414	1.0633	1.06351	4421
2024-04-22 12:00:00	1.06351	1.0643	1.06308	1.06422	4936
2024-04-22 12:30:00	1.0642	1.06438	1.06394	1.06397	3670
2024-04-22 13:00:00	1.06396	1.06408	1.06261	1.06274	4948
2024-04-22 13:30:00	1.06273	1.06372	1.06239	1.06331	7453
2024-04-22 14:00:00	1.06332	1.06406	1.06326	1064	5649
2024-04-22 14:30:00	1.06401	1.06477	1.0639	1.0645	6854
2024-04-22 15:00:00	1.06449	1.06449	1.06406	1.06446	2916
2024-04-22 15:30:00	1.06447	1.06479	1.06409	1.06471	2775
2024-04-22 16:00:00	1.06471	1.06508	1.06468	1.06494	1565
2024-04-22 16:30:00	1.06493	1.06507	1.06461	1.06488	2206
2024-04-22 17:00:00	1.06487	1.06549	1.06481	1.06539	1616
2024-04-22 17:30:00	1.06539	1.06577	1.06522	1.06573	1544
2024-04-22 18:00:00	1.06573	1.06593	1.06542	1.06584	1610
2024-04-22 18:30:00	1.06585	1.06607	1.0658	1.06585	2203
2024-04-22 19:00:00	1.06585	1.06585	1.06512	1.06525	3747
2024-04-22 19:30:00	1.06525	1.06534	1.06505	1.06519	3801
2024-04-22 20:00:00	1.06518	1.06537	1.06504	1.06534	1149
2024-04-22 20:30:00	1.06533	1.06552	1.06528	1.06541	812
2024-04-22 21:00:00	1.06541	1.06547	1.0651	1.06533	717
2024-04-22 21:30:00	1.06532	1.06532	1.06512	1.06519	808
2024-04-22 22:00:00	1.06518	1.06542	1.06518	1.06532	980
2024-04-22 22:30:00	1.06534	1.06545	1.06533	1.06542	378
2024-04-22 23:00:00	1.06542	1.06547	1.06524	1.06531	901
2024-04-22 23:30:00	1.06533	1.06558	1.06532	1.06537	622
2024-04-23 00:00:00	1.06537	1.0657	1.06537	1.06558	2147
2024-04-23 00:30:00	1.06559	1.06592	1.06558	1.06586	1188
2024-04-23 01:00:00	1.06587	1.06604	1.06568	1.0658	2043
2024-04-23 01:30:00	1.0658	1.06592	1.06534	1.06542	1817
2024-04-23 02:00:00	1.06541	1.06603	1.06537	1066	1414
2024-04-23 02:30:00	1.06597	1.06605	1.06581	1.06583	1189
2024-04-23 03:00:00	1.06586	1.06589	1.06549	1.06551	1613
2024-04-23 03:30:00	1.06551	1.06569	1.06545	1.06561	1034
2024-04-23 04:00:00	1.06561	1.06582	1.06557	1.06569	1257
2024-04-23 04:30:00	1.06568	1.06568	1.06541	1.0655	988
2024-04-23 05:00:00	1.06548	1.06548	1.06513	1.06519	1869
2024-04-23 05:30:00	1.0652	1.06535	1.06495	1.06508	2031
2024-04-23 06:00:00	1.06508	1.06508	1.06385	1.06407	2417
2024-04-23 06:30:00	1.06406	1.06505	1.06406	1.06451	1919
2024-04-23 07:00:00	1.06451	1.06682	1.06436	1.06649	8540
2024-04-23 07:30:00	1.06644	1.0695	1.06644	1.06793	14372
2024-04-23 08:00:00	1.06786	1.06831	1.06707	1.06777	7147
2024-04-23 08:30:00	1.06776	1.06827	1.06693	1.06706	6343
2024-04-23 09:00:00	1.06706	1.06706	1066	1.06623	4917
2024-04-23 09:30:00	1.06624	1.06644	1.06561	1.06592	2858
2024-04-23 10:00:00	1.06593	1.06627	1.0657	1.06595	2622
2024-04-23 10:30:00	1.06594	1.06597	1.06532	1.06549	4091
2024-04-23 11:00:00	1.06549	1.0672	1.06547	1.06701	4963
2024-04-23 11:30:00	1.06701	1.0678	1.06645	1.06745	5000
2024-04-23 12:00:00	1.06746	1.06769	1.06709	1.06728	4871
2024-04-23 12:30:00	1.06729	1.06742	1.0664	1.0672	5179
2024-04-23 13:00:00	1.0672	1.0672	1.06635	1.06658	4359
2024-04-23 13:30:00	1.06659	1.07098	1066	1.07012	18278
2024-04-23 14:00:00	1.07014	1.07089	1.06904	1.06995	18614
2024-04-23 14:30:00	1.06999	1.07112	1.06961	1.06984	11973
2024-04-23 15:00:00	1.06984	1.07004	1.06899	1.07001	7179
2024-04-23 15:30:00	1.07002	1.07033	1.06912	1.06946	4917
2024-04-23 16:00:00	1.06946	1.0702	1.06922	1.07018	3592
2024-04-23 16:30:00	1.07017	1.07024	1.06979	1.06999	2872
2024-04-23 17:00:00	1.07	1.07064	1.06993	1.07054	2905
2024-04-23 17:30:00	1.07053	1.07076	1.07037	1.07049	1398
2024-04-23 18:00:00	1.07049	1.07069	1.07037	1.07066	1115
2024-04-23 18:30:00	1.07067	1.07075	1.07018	1.07038	1251
2024-04-23 19:00:00	1.0704	1.07055	1.07021	1.07034	1657
2024-04-23 19:30:00	1.07033	1.07049	1.07018	1.07028	1412
2024-04-23 20:00:00	1.07028	1.07029	1.07	1.07008	703
2024-04-23 20:30:00	1.07008	1.07031	1.07002	1.07002	1128
2024-04-23 21:00:00	1.07004	1.07027	1.07004	1.07011	768
2024-04-23 21:30:00	1.07011	1.07025	1.06997	1.07021	961
2024-04-23 22:00:00	1.07025	1.07044	1.07008	1.07015	545
2024-04-23 22:30:00	1.07014	1.07035	1.07013	1.0703	480
2024-04-23 23:00:00	1.07031	1.07033	1.07014	1.07027	1065
2024-04-23 23:30:00	1.07027	1.07029	1.06995	1.07024	941
2024-04-24 00:00:00	1.07025	1.07084	1.07002	1.07084	1817
2024-04-24 00:30:00	1.07084	1.07106	1.0707	1.07095	1107
2024-04-24 01:00:00	1.07096	1.07115	1.07077	1071	1784
2024-04-24 01:30:00	1071	1.07142	1.07082	1.07098	3706
2024-04-24 02:00:00	1.07097	1.07131	1.07077	1.07099	1409
2024-04-24 02:30:00	1.07098	1.07113	1.07076	1.07101	2800
2024-04-24 03:00:00	1.07101	1.07109	1.07043	1.07048	2339
2024-04-24 03:30:00	1.07047	1.07072	1.07045	1.07062	1756
2024-04-24 04:00:00	1.07062	1.07088	1.07057	1.07067	867
2024-04-24 04:30:00	1.07068	1.07069	1.07051	1.07052	1086
2024-04-24 05:00:00	1.07051	1.07056	1.07022	1.07032	2126
2024-04-24 05:30:00	1.07033	1.07036	1.07002	1.07012	2168
2024-04-24 06:00:00	1.07013	1.07054	1.06945	1.07001	4718
2024-04-24 06:30:00	1.07	1.07008	1.0692	1.06945	3896
2024-04-24 07:00:00	1.06944	1.06959	1.06859	1.06883	5019
2024-04-24 07:30:00	1.06883	1.06902	1.06849	1.06881	3062
2024-04-24 08:00:00	1.06881	1.06925	1.06867	1.0687	3136
2024-04-24 08:30:00	1.06871	1.06874	1.06808	1.06833	3992
2024-04-24 09:00:00	1.06834	1.0691	1.06833	1.06897	2688
2024-04-24 09:30:00	1.06896	1.06898	1.06838	1.06838	2811
2024-04-24 10:00:00	1.06837	1.06918	1.06836	1.06908	1499
2024-04-24 10:30:00	1.06909	1.06913	1.06856	1.06883	1745
2024-04-24 11:00:00	1.06883	1.06898	1.06848	1.0685	3356
2024-04-24 11:30:00	1.06851	1.06892	1.06834	1.06891	1908
2024-04-24 12:00:00	1.06891	1.06907	1.06785	1.06878	4975
2024-04-24 12:30:00	1.06878	1.0693	1.06779	1.06867	9758
2024-04-24 13:00:00	1.06865	1.06976	1.0684	1.06972	5737
2024-04-24 13:30:00	1.06969	1.06994	1.06895	1.06934	8074
2024-04-24 14:00:00	1.06933	1.07025	1.06906	1.06967	8284
2024-04-24 14:30:00	1.06967	1.06973	1.06856	1.0688	6333
2024-04-24 15:00:00	1.0688	1.06912	1.0684	1.06865	5952
2024-04-24 15:30:00	1.06867	1.06911	1.06809	1.06863	3876
2024-04-24 16:00:00	1.06863	1.06904	1.0685	1.06858	3029
2024-04-24 16:30:00	1.06856	1.0691	1.06833	1.06904	2892
2024-04-24 17:00:00	1.06903	1.06958	1.06898	1.06944	3475
2024-04-24 17:30:00	1.06944	1.06975	1.0693	1.06959	1987
2024-04-24 18:00:00	1.06961	1.06967	1.06899	1.06915	3968
2024-04-24 18:30:00	1.06914	1.0694	1.06869	1.06932	2984
2024-04-24 19:00:00	1.06931	1.07065	1.06921	1.0706	2310
2024-04-24 19:30:00	1.07059	1.07064	1.07	1.07006	4842
2024-04-24 20:00:00	1.07006	1.07006	1.06967	1.0698	2874
2024-04-24 20:30:00	1.06981	1.07002	1.06974	1.06985	1559
2024-04-24 21:00:00	1.06985	1.06985	1.06928	1.0697	1149
2024-04-24 21:30:00	1.0697	1.0698	1.06955	1.06973	1069
2024-04-24 22:00:00	1.06972	1.07006	1.06942	1.06966	902
2024-04-24 22:30:00	1.06967	1.06974	1.06963	1.06972	415
2024-04-24 23:00:00	1.06973	1.06977	1.06966	1.06972	431
2024-04-24 23:30:00	1.06972	1.06999	1.06972	1.06999	654
2024-04-25 00:00:00	1.07001	1.07045	1.06991	1.06998	1116
2024-04-25 00:30:00	1.06999	1.07044	1.06999	1.07033	1246
2024-04-25 01:00:00	1.07034	1.07068	1.06969	1.07067	1372
2024-04-25 01:30:00	1.07067	1.07087	1.07053	1.0707	1534
2024-04-25 02:00:00	1.07066	1.0708	1.07042	1.07055	1230
2024-04-25 02:30:00	1.07054	1.07087	1.07054	1.07073	1241
2024-04-25 03:00:00	1.07072	1.07081	1.07035	1.07072	997
2024-04-25 03:30:00	1.0707	1.0707	1.07043	1.07058	950
2024-04-25 04:00:00	1.07058	1.07077	1.07051	1.07074	716
2024-04-25 04:30:00	1.07074	1.07099	1.07064	1.0709	585
2024-04-25 05:00:00	1.07091	1.07096	1.07077	1.07086	963
2024-04-25 05:30:00	1.07087	1.07129	1.07085	1.07121	704
2024-04-25 06:00:00	1.07122	1.07224	1.07115	1.07215	1972
2024-04-25 06:30:00	1.07215	1.07277	1.07194	1.07204	3885
2024-04-25 07:00:00	1.07204	1.07222	1.07113	1.07142	4586
2024-04-25 07:30:00	1.07143	1.07236	1.07132	1.07209	3458
2024-04-25 08:00:00	1.0721	1.07288	1.07201	1.07238	2714
2024-04-25 08:30:00	1.07238	1.07284	1.07237	1.07256	2773
2024-04-25 09:00:00	1.07255	1.0727	1.07212	1.07228	3596
2024-04-25 09:30:00	1.07227	1.07285	1.07219	1.07267	3327
2024-04-25 10:00:00	1.07268	1.07297	1.0725	1.07271	2884
2024-04-25 10:30:00	1.07271	1.0729	1.07223	1.07247	3471
2024-04-25 11:00:00	1.07247	1.07297	1.0722	1.07286	2613
2024-04-25 11:30:00	1.07284	1.07284	1.07171	1.07202	3276
2024-04-25 12:00:00	1.07201	1.07208	1.0714	1.0716	3708
2024-04-25 12:30:00	1.07161	1.07402	1.06855	1.06919	32357
2024-04-25 13:00:00	1.06921	1.06997	1.06783	1.06872	18761
2024-04-25 13:30:00	1.06873	1.07036	1.06816	1.07005	12383
2024-04-25 14:00:00	1.07007	1.07187	1.06926	1.07151	13419
2024-04-25 14:30:00	1.07152	1.07207	1.07101	1.07119	10364
2024-04-25 15:00:00	1.07117	1.07177	1.07076	1.07174	6976
2024-04-25 15:30:00	1.07175	1.07216	1.07157	1.07203	4113
2024-04-25 16:00:00	1.07202	1.07214	1.0715	1.07214	3293
2024-04-25 16:30:00	1.07214	1.07351	1.07196	1.07312	4476
2024-04-25 17:00:00	1.07313	1.07361	1.07307	1.07352	3363
2024-04-25 17:30:00	1.07351	1.07387	1.07294	1.07301	4367
2024-04-25 18:00:00	1.07301	1.07301	1.07233	1.07233	5331
2024-04-25 18:30:00	1.07233	1.07287	1.07228	1.07273	2692
2024-04-25 19:00:00	1.07273	1.07346	1.0727	1.07343	2086
2024-04-25 19:30:00	1.07341	1.07341	1.07271	1.07294	2404
2024-04-25 20:00:00	1.07292	1073	1.07285	1.07293	832
2024-04-25 20:30:00	1.07295	1.07308	1.07291	1.07291	539
2024-04-25 21:00:00	1.07291	1.07291	1.07289	1.0729	180
2024-04-25 21:30:00	1.0729	1.07291	1.07279	1.07285	127
2024-04-25 22:00:00	1.07285	1.07301	1.07284	1.07287	447
2024-04-25 22:30:00	1.07287	1.07293	1.0728	1.07289	351
2024-04-25 23:00:00	1.07289	1.07302	1.07286	1.07297	427
2024-04-25 23:30:00	1.07297	1.07301	1.07263	1.07267	967
2024-04-26 00:00:00	1.07267	1.07267	1.07227	1.0726	3417
2024-04-26 00:30:00	1.0726	1.07279	1.07257	1.07273	1270
2024-04-26 01:00:00	1.0727	1.0727	1.07238	1.07245	1578
2024-04-26 01:30:00	1.07245	1.07291	1.07245	1.0727	1828
2024-04-26 02:00:00	1.07269	1.07284	1.07246	1.07254	1182
2024-04-26 02:30:00	1.07254	1.07267	1.07185	1.07229	1755
2024-04-26 03:00:00	1.07229	1.07252	1.07215	1.07239	2204
2024-04-26 03:30:00	1.07239	1.07251	1.07186	1.07231	2709
2024-04-26 04:00:00	1.07231	1.07232	1.0721	1.07225	1150
2024-04-26 04:30:00	1.07225	1.07233	1.07212	1.07224	1028
2024-04-26 05:00:00	1.07224	1.07268	1.07215	1.07257	906
2024-04-26 05:30:00	1.07256	1.07273	1.07247	1.07261	1788
2024-04-26 06:00:00	1.0726	1.07324	1.07257	1.07297	2679
2024-04-26 06:30:00	1.07297	1.07387	1.07294	1.07353	2878
2024-04-26 07:00:00	1.07353	1.07364	1.07259	1.07303	5271
2024-04-26 07:30:00	1.07303	1.07326	1.0726	1.07295	3500
2024-04-26 08:00:00	1.07293	1.07469	1.07284	1.07466	12982
2024-04-26 08:30:00	1.07466	1.07527	1.07398	1.07408	7200
2024-04-26 09:00:00	1.07408	1.07432	1.07317	1.07353	8589
2024-04-26 09:30:00	1.07355	1.07368	1.07306	1.0736	2979
2024-04-26 10:00:00	1.07358	1.0737	1.07291	1.07295	3392
2024-04-26 10:30:00	1.07294	1.07316	1.07261	1.0728	4083
2024-04-26 11:00:00	1.07278	1.07343	1.07271	1.07303	4739
2024-04-26 11:30:00	1.07302	1.07307	1.07151	1.07158	5566
2024-04-26 12:00:00	1.07157	1.07227	1.07125	1.07187	3785
2024-04-26 12:30:00	1.07187	1.07416	1.07101	1.07163	19550
2024-04-26 13:00:00	1.07164	1.07238	1.07091	1071	9169
2024-04-26 13:30:00	1.07099	1.0717	1.07061	1.07071	10944
2024-04-26 14:00:00	1.07072	1.07116	1.0694	1.06943	9611
2024-04-26 14:30:00	1.06942	1.06942	1.06761	1.06798	10677
2024-04-26 15:00:00	1.06798	1.06847	1.06738	1.06786	6043
2024-04-26 15:30:00	1.06787	1.06905	1.06785	1.06854	4197
2024-04-26 16:00:00	1.06854	1.06927	1.06838	1.0692	3328
2024-04-26 16:30:00	1.06921	1.06962	1.06913	1.06945	1973
2024-04-26 17:00:00	1.06945	1.06979	1.06934	1.06942	2007
2024-04-26 17:30:00	1.0694	1.06963	1.0693	1.06941	1928
2024-04-26 18:00:00	1.0694	1.06996	1.06936	1.06987	1216
2024-04-26 18:30:00	1.06989	1.07056	1.06989	1.07054	1841
2024-04-26 19:00:00	1.07054	1.07072	1.06993	1.06996	2569
2024-04-26 19:30:00	1.06996	1.07004	1.06966	1.06999	1415
2024-04-26 20:00:00	1.06998	1.07016	1.06934	1.06941	2127
2024-04-26 20:30:00	1.0694	1.06953	1.06908	1.06911	1835
2024-04-28 21:00:00	1.06898	1.06943	1.06898	1.06942	102
2024-04-28 21:30:00	1.06943	1.06972	1.06926	1.06944	219
2024-04-28 22:00:00	1.06944	1.07025	1.06933	1.07025	724
2024-04-28 22:30:00	1.07024	1.07037	1.07005	1.07018	1258
2024-04-28 23:00:00	1.07018	1.0705	1.07003	1.07049	2248
2024-04-28 23:30:00	1.07049	1.0707	1.07042	1.07069	3664
2024-04-29 00:00:00	1.0707	1.07101	1.07065	1.07066	2420
2024-04-29 00:30:00	1.07065	1.07109	1.07061	1.07097	2822
2024-04-29 01:00:00	1.07097	1.07129	1.07075	1.07123	2527
2024-04-29 01:30:00	1.07121	1.07156	1.07098	1.07144	8757
2024-04-29 02:00:00	1.07144	1.0717	1.07128	1.07164	3507
2024-04-29 02:30:00	1.07164	1.07199	1.07158	1.07175	2545
2024-04-29 03:00:00	1.07175	1.07182	1.07152	1.0716	2100
2024-04-29 03:30:00	1.0716	1.07178	1.07146	1.07162	2740
2024-04-29 04:00:00	1.07161	1.07287	1.07146	1.07269	13177
2024-04-29 04:30:00	1.0727	1.07335	1.0726	1.07289	9015
2024-04-29 05:00:00	1.07289	1.07337	1.07271	1.0729	10807
2024-04-29 05:30:00	1.07289	1.07291	1.07238	1.07254	6161
2024-04-29 06:00:00	1.07254	1.07287	1.0722	1.07221	8203
2024-04-29 06:30:00	1.07221	1.07223	1.07147	1.07154	5875
2024-04-29 07:00:00	1.07154	1.07243	1.07081	1.07163	15261
2024-04-29 07:30:00	1.07162	1.07254	1.0713	1.07177	13402
2024-04-29 08:00:00	1.07172	1.07249	1.07149	1.07211	7487
2024-04-29 08:30:00	1.07211	1.07225	1.07011	1.07044	8314
2024-04-29 09:00:00	1.07045	1.07097	1.06973	1.07087	7756
2024-04-29 09:30:00	1.07087	1.0719	1.0706	1.07147	3150
2024-04-29 10:00:00	1.07148	1.0718	1.07121	1.07159	3097
2024-04-29 10:30:00	1.0716	1.07196	1.07149	1.07174	1860
2024-04-29 11:00:00	1.07174	1.07271	1.07156	1.07229	2130
2024-04-29 11:30:00	1.0723	1.07232	1.07121	1.07144	4819
2024-04-29 12:00:00	1.07143	1.07236	1.07121	1.07204	3603
2024-04-29 12:30:00	1.07203	1.07225	1.0702	1.07033	6052
2024-04-29 13:00:00	1.07034	1.07069	1.06984	1.06987	4574
2024-04-29 13:30:00	1.06989	1.07005	1.06902	1.06989	7909
2024-04-29 14:00:00	1.06989	1.0711	1.06989	1.07041	5546
2024-04-29 14:30:00	1.07042	1.07134	1.07017	1.07127	4826
2024-04-29 15:00:00	1.07128	1.07208	1.0712	1.07178	7504
2024-04-29 15:30:00	1.07179	1.07191	1.07151	1.07167	2626
2024-04-29 16:00:00	1.07166	1.07258	1.0716	1.07231	3399
2024-04-29 16:30:00	1.07232	1.0729	1.07213	1.07259	5756
2024-04-29 17:00:00	1.07259	1.07295	1.07236	1.07259	4886
2024-04-29 17:30:00	1.07261	1.07267	1.07213	1.07217	2342
2024-04-29 18:00:00	1.07216	1.07228	1.07185	1.07205	2836
2024-04-29 18:30:00	1.07205	1.07253	1.0718	1.07245	4942
2024-04-29 19:00:00	1.07244	1.07244	1.07151	1.07195	5777
2024-04-29 19:30:00	1.07195	1.07225	1.07167	1.0721	4371
2024-04-29 20:00:00	1.07211	1.0723	1.07207	1.07225	881
2024-04-29 20:30:00	1.07224	1.07224	1.07194	1.07205	1307
2024-04-29 21:00:00	1.07202	1.07224	1.07199	1.07219	486
2024-04-29 21:30:00	1.07219	1.07221	1.07196	1.07205	460
2024-04-29 22:00:00	1.07203	1.07223	1.07186	1.07188	569
2024-04-29 22:30:00	1.07189	1.07196	1.07169	1.07173	602
2024-04-29 23:00:00	1.07173	1.07191	1.07163	1.07179	1051
2024-04-29 23:30:00	1.07178	1.07187	1.07141	1.07147	1733
2024-04-30 00:00:00	1.07146	1.0717	1.07101	1.07168	2811
2024-04-30 00:30:00	1.07168	1.07174	1.07132	1.0715	1448
2024-04-30 01:00:00	1.0715	1.07173	1.07138	1.07166	1484
2024-04-30 01:30:00	1.07166	1.07178	1.07069	1.0707	2892
2024-04-30 02:00:00	1.07069	1.07072	1.07031	1.07031	2284
2024-04-30 02:30:00	1.07032	1.07075	1.07031	1.07065	2279
2024-04-30 03:00:00	1.07066	1.07073	1.07026	1.07029	2533
2024-04-30 03:30:00	1.07029	1.07056	1.07026	1.07054	1523
2024-04-30 04:00:00	1.07055	1.07058	1.07022	1.07038	1380
2024-04-30 04:30:00	1.07037	1.07058	1.07026	1.07056	991
2024-04-30 05:00:00	1.07056	1.07067	1.07024	1.07024	1450
2024-04-30 05:30:00	1.07023	1.0703	1.06951	1.06993	3084
2024-04-30 06:00:00	1.06992	1.07013	1.06899	1.06941	3851
2024-04-30 06:30:00	1.0694	1.07061	1.06903	1.07047	4280
2024-04-30 07:00:00	1.07048	1.07098	1.07017	1.07062	8766
2024-04-30 07:30:00	1.07064	1.07092	1.07028	1.07051	4729
2024-04-30 08:00:00	1.0705	1.0705	1.06929	1.07001	5261
2024-04-30 08:30:00	1.07002	1.07122	1.06993	1.07108	3186
2024-04-30 09:00:00	1.07113	1.07282	1.07106	1.07278	8854
2024-04-30 09:30:00	1.07278	1.07347	1.07267	1.07267	5378
2024-04-30 10:00:00	1.07266	1.07327	1.07226	1.07322	3585
2024-04-30 10:30:00	1.07323	1.07353	1.0727	1.07281	5611
2024-04-30 11:00:00	1.0728	1.07281	1.07201	1.07231	3487
2024-04-30 11:30:00	1.07229	1.07232	1.07194	1.07201	3147
2024-04-30 12:00:00	1.07199	1.07239	1.07158	1.07215	4444
2024-04-30 12:30:00	1.07215	1.07215	1.06894	1.07003	19470
2024-04-30 13:00:00	1.07005	1.07144	1.0694	1.07031	13020
2024-04-30 13:30:00	1.0703	1.07147	1.07012	1.07055	11781
2024-04-30 14:00:00	1.07056	1.07195	1.07049	1.07162	12653
2024-04-30 14:30:00	1.07163	1.07171	1.0687	1.06909	12017
2024-04-30 15:00:00	1.0691	1.0699	1.06883	1.06921	11116
2024-04-30 15:30:00	1.06921	1.06922	1.06831	1.06837	6465
2024-04-30 16:00:00	1.06836	1.06867	1.06781	1.0679	4253
2024-04-30 16:30:00	1.06789	1.06837	1.06759	1.06789	4202
2024-04-30 17:00:00	1.0679	1.06829	1.06761	1.06769	3457
2024-04-30 17:30:00	1.06768	1.06803	1.06752	1.06801	2168
2024-04-30 18:00:00	1.06801	1.06825	1.06794	1.06802	1673
2024-04-30 18:30:00	1.06802	1.06824	1.0676	1.06779	2835
2024-04-30 19:00:00	1.06781	1.06806	1.06729	1.06747	2266
2024-04-30 19:30:00	1.06747	1.06771	1.06717	1.06725	3064
2024-04-30 20:00:00	1.06725	1.06734	1.06698	1.06698	2738
2024-04-30 20:30:00	1.06699	1.06702	1.06647	1.06653	1255
2024-04-30 21:00:00	1.06643	1.06732	1.06635	1.0669	907
2024-04-30 21:30:00	1.0669	1.06701	1.06668	1.06695	505
2024-04-30 22:00:00	1.06685	1.06696	1.06666	1.06668	803
2024-04-30 22:30:00	1.06667	1.06689	1.06658	1.06674	1280
2024-04-30 23:00:00	1.06674	1.06675	1.06655	1.06664	1608
2024-04-30 23:30:00	1.06665	1.06675	1.06654	1.06659	2282
2024-05-01 00:00:00	1.0666	1.06671	1.0658	1.06605	1974
2024-05-01 00:30:00	1.06604	1.06624	1.06591	1.06616	1450
2024-05-01 01:00:00	1.06618	1.06631	1.06615	1.0662	1428
2024-05-01 01:30:00	1.06621	1.06626	1.0659	1.06606	813
2024-05-01 02:00:00	1.06605	1.06605	1.06573	1.06594	1081
2024-05-01 02:30:00	1.06594	1.06595	1.06572	1.06588	999
2024-05-01 03:00:00	1.06587	1.0659	1.06571	1.06578	1363
2024-05-01 03:30:00	1.06579	1.06582	1.06558	1.06564	2541
2024-05-01 04:00:00	1.06565	1.06569	1.06551	1.0656	2190
2024-05-01 04:30:00	1.06562	1.06567	1.06549	1.06557	1428
2024-05-01 05:00:00	1.06557	1.06563	1.0654	1.06542	2352
2024-05-01 05:30:00	1.06543	1.06568	1.06542	1.06553	1482
2024-05-01 06:00:00	1.06554	1.06582	1.06538	1.06573	1793
2024-05-01 06:30:00	1.06574	1.06583	1.06494	1.06516	4134
2024-05-01 07:00:00	1.06515	1.06617	1.06515	1.0659	4201
2024-05-01 07:30:00	1.06589	1.06616	1.06582	1.06609	1791
2024-05-01 08:00:00	1.0661	1.06674	1.0661	1.0667	1956
2024-05-01 08:30:00	1.0667	1.06705	1.06645	1.06693	2106
2024-05-01 09:00:00	1.06695	1.06721	1.06678	1.06704	2093
2024-05-01 09:30:00	1.06703	1.06732	1.06691	1.06698	2362
2024-05-01 10:00:00	1.06697	1.06703	1.06666	1.06699	3876
2024-05-01 10:30:00	1.06698	1.06732	1.06681	1.06689	3216
2024-05-01 11:00:00	1.06688	1.06717	1.06671	1.06707	2323
2024-05-01 11:30:00	1.06706	1.06726	1.06699	1.06717	1456
2024-05-01 12:00:00	1.06718	1.06799	1.06715	1.06759	4458
2024-05-01 12:30:00	1.06759	1.06847	1.06759	1.06843	5422
2024-05-01 13:00:00	1.06842	1.06853	1.06761	1068	4856
2024-05-01 13:30:00	1.06798	1.06838	1.06748	1.06814	5213
2024-05-01 14:00:00	1.0682	1.06913	1.06777	1.06871	13105
2024-05-01 14:30:00	1.06874	1.06886	1.06792	1.0683	6282
2024-05-01 15:00:00	1.06832	1.06855	1.06771	1.06811	3524
2024-05-01 15:30:00	1.0681	1.06844	1.06792	1.06792	2589
2024-05-01 16:00:00	1.06789	1.0679	1.06732	1.06753	3390
2024-05-01 16:30:00	1.06753	1.06753	1.06707	1.06715	3520
2024-05-01 17:00:00	1.06717	1.06775	1.06707	1.06761	2074
2024-05-01 17:30:00	1.06762	1.06828	1.06733	1.06743	4496
2024-05-01 18:00:00	1.06743	1.06965	1.06707	1.06965	22139
2024-05-01 18:30:00	1.06966	1.07326	1.06808	1.07283	33308
2024-05-01 19:00:00	1.07282	1.07302	1.06934	1.07052	21402
2024-05-01 19:30:00	1.07052	1.07068	1.0689	1.06895	10946
2024-05-01 20:00:00	1.06892	1.07163	1.06867	1.07144	5490
2024-05-01 20:30:00	1.07144	1.07229	1.07112	1.07119	6536
2024-05-01 21:00:00	1.07104	1.07162	1.07078	1.07117	1731
2024-05-01 21:30:00	1.07117	1.07149	1.07076	1.07103	4911
2024-05-01 22:00:00	1.07106	1.07209	1.07106	1.07153	2710
2024-05-01 22:30:00	1.07152	1.07181	1.07152	1.07165	1035
2024-05-01 23:00:00	1.07164	1.0717	1.07136	1.07142	2113
2024-05-01 23:30:00	1.07144	1.07181	1.07119	1.0717	1642
2024-05-02 00:00:00	1.0717	1.0717	1.07095	1.07098	3470
2024-05-02 00:30:00	1.07098	1.07135	1.07096	1.07117	2475
2024-05-02 01:00:00	1.07116	1.07156	1.07106	1.0711	3629
2024-05-02 01:30:00	1.07108	1.07156	1.07069	1.07154	3125
2024-05-02 02:00:00	1.07153	1.07207	1.07153	1.07181	2940
2024-05-02 02:30:00	1.07181	1.07207	1.07171	1.07186	3633
2024-05-02 03:00:00	1.07188	1.07188	1.07127	1.07147	2935
2024-05-02 03:30:00	1.07148	1.0715	1.07137	1.07146	2685
2024-05-02 04:00:00	1.07147	1.07179	1.07143	1.07165	1440
2024-05-02 04:30:00	1.07166	1.07203	1.07156	1.07177	2588
2024-05-02 05:00:00	1.07176	1.07204	1.07171	1.07174	1914
2024-05-02 05:30:00	1.07175	1.07187	1.07122	1.0716	3640
2024-05-02 06:00:00	1.0716	1.07254	1.07136	1.07227	4978
2024-05-02 06:30:00	1.07227	1.07273	1.07155	1.07175	7054
2024-05-02 07:00:00	1.07175	1.07241	1.07128	1.07216	7597
2024-05-02 07:30:00	1.07217	1.07281	1.07143	1.07153	7152
2024-05-02 08:00:00	1.07153	1.07191	1.07058	1.07062	6046
2024-05-02 08:30:00	1.07061	1.07088	1.06998	1.07042	5513
2024-05-02 09:00:00	1.07041	1.07089	1.06976	1.0698	4709
2024-05-02 09:30:00	1.06979	1.07039	1.06957	1.07032	3769
2024-05-02 10:00:00	1.07032	1.07045	1.06967	1.07003	4002
2024-05-02 10:30:00	1.07003	1.07061	1.06995	1.07038	2929
2024-05-02 11:00:00	1.0704	1.0706	1.06955	1.07009	4902
2024-05-02 11:30:00	1.0701	1.07031	1.06982	1.07023	4360
2024-05-02 12:00:00	1.07024	1.0703	1.06958	1.07028	6513
2024-05-02 12:30:00	1.07026	1.07122	1.06934	1.07011	10350
2024-05-02 13:00:00	1.07012	1.07032	1.06918	1.0694	8272
2024-05-02 13:30:00	1.06944	1.06981	1.06801	1.06868	13818
2024-05-02 14:00:00	1.06867	1.06885	1.06742	1.0688	10908
2024-05-02 14:30:00	1.06881	1.06907	1.06814	1.06882	8932
2024-05-02 15:00:00	1.06882	1.07013	1.06858	1.06978	8932
2024-05-02 15:30:00	1.06978	1.07082	1.06967	1.07049	6294
2024-05-02 16:00:00	1.07052	1.07097	1.07018	1.07096	3536
2024-05-02 16:30:00	1.07096	1.07215	1.07079	1.07166	4312
2024-05-02 17:00:00	1.07168	1.07185	1.07139	1.07166	3663
2024-05-02 17:30:00	1.07167	1.07228	1.07144	1.07193	3666
2024-05-02 18:00:00	1.07194	1.07245	1.07182	1.07225	3753
2024-05-02 18:30:00	1.07224	1.07302	1.0722	1.07302	2602
2024-05-02 19:00:00	1.07302	1.07302	1.07258	1.07273	3280
2024-05-02 19:30:00	1.07272	1.07275	1.07233	1.07271	3067
2024-05-02 20:00:00	1.07271	1.07278	1.07256	1.07263	1307
2024-05-02 20:30:00	1.07262	1.07278	1.07243	1.07243	1481
2024-05-02 21:00:00	1.07244	1.07261	1.07244	1.07251	650
2024-05-02 21:30:00	1.07251	1.07251	1.07227	1.07233	952
2024-05-02 22:00:00	1.07233	1.07296	1.07233	1.07282	622
2024-05-02 22:30:00	1.07281	1.07293	1.07266	1.07287	1360
2024-05-02 23:00:00	1.07287	1.07308	1.07285	1.07295	844
2024-05-02 23:30:00	1.07297	1.07304	1.07279	1.07298	1524
2024-05-03 00:00:00	1073	1.07302	1.07243	1.07263	2919
2024-05-03 00:30:00	1.07262	1.07316	1.0726	1.07313	2441
2024-05-03 01:00:00	1.07313	1.07346	1.07309	1.07334	3106
2024-05-03 01:30:00	1.07334	1.07393	1.07331	1.07372	3243
2024-05-03 02:00:00	1.0737	1.07376	1.07333	1.07337	3808
2024-05-03 02:30:00	1.07338	1.0735	1.07327	1.07333	1363
2024-05-03 03:00:00	1.07332	1.07348	1.07314	1.07324	1610
2024-05-03 03:30:00	1.07325	1.07351	1.07322	1.07348	2073
2024-05-03 04:00:00	1.07349	1.07359	1.07326	1.07329	2385
2024-05-03 04:30:00	1.0733	1.0734	1.07321	1.07322	2513
2024-05-03 05:00:00	1.07322	1.07351	1.07318	1.07338	1690
2024-05-03 05:30:00	1.07337	1.0738	1.07337	1.07357	2327
2024-05-03 06:00:00	1.07359	1.0736	1.07299	1.0735	6540
2024-05-03 06:30:00	1.07348	1.07355	1.07296	1.07298	4307
2024-05-03 07:00:00	1.07298	1.07319	1.07244	1.07291	6357
2024-05-03 07:30:00	1.0729	1.07381	1.0729	1.07345	3579
2024-05-03 08:00:00	1.07344	1.07441	1.07323	1.07434	4743
2024-05-03 08:30:00	1.07435	1.07441	1.07401	1.07425	3873
2024-05-03 09:00:00	1.07424	1.07454	1.07403	1.07441	2405
2024-05-03 09:30:00	1.07442	1.07477	1.07417	1.07431	3058
2024-05-03 10:00:00	1.07431	1.07454	1074	1.07413	2858
2024-05-03 10:30:00	1.07412	1.07432	1.07387	1.07431	2112
2024-05-03 11:00:00	1.07431	1.07496	1.07425	1.07486	2976
2024-05-03 11:30:00	1.07485	1.07492	1.07446	1.07455	3030
2024-05-03 12:00:00	1.07456	1.07531	1.07436	1.07514	5708
2024-05-03 12:30:00	1.07514	1.08124	1.07508	1.07937	30683
2024-05-03 13:00:00	1.07937	1.07962	1.07814	1.07829	15806
2024-05-03 13:30:00	1.07831	1.07863	1.07709	1.07762	19971
2024-05-03 14:00:00	1.0776	1.07979	1.07514	1.07566	29669
2024-05-03 14:30:00	1.07568	1.07702	1.07541	1.07657	14391
2024-05-03 15:00:00	1.07658	1.07745	1.07637	1.07709	10554
2024-05-03 15:30:00	1.0771	1078	1.07689	1.07691	6248
2024-05-03 16:00:00	1.0769	1.07732	1.07625	1.07663	4162
2024-05-03 16:30:00	1.07664	1.07694	1.07616	1.07634	3204
2024-05-03 17:00:00	1.07635	1.07643	1.07592	1.07626	2529
2024-05-03 17:30:00	1.07627	1.07676	1.07627	1.07649	1870
2024-05-03 18:00:00	1.07648	1.07671	1.07637	1.07655	2002
2024-05-03 18:30:00	1.07654	1.07681	1.07652	1.07673	2450
2024-05-03 19:00:00	1.07673	1.0769	1.07642	1.07689	2837
2024-05-03 19:30:00	1.07689	1.07693	1.07637	1.07641	2573
2024-05-03 20:00:00	1.07641	1.07667	1.07631	1.07656	1538
2024-05-03 20:30:00	1.07654	1.07654	1.07594	1.07594	2074
2024-05-05 21:00:00	1076	1.07632	1076	1.07623	148
2024-05-05 21:30:00	1.07624	1.07645	1.07623	1.07634	107
2024-05-05 22:00:00	1.07634	1.07646	1.07614	1.07633	570
2024-05-05 22:30:00	1.07632	1.07644	1.0762	1.07623	537
2024-05-05 23:00:00	1.07623	1.07646	1.07622	1.07637	1301
2024-05-05 23:30:00	1.07637	1.07639	1.07575	1.07583	1681
2024-05-06 00:00:00	1.07582	1.07624	1.07553	1.07623	2595
2024-05-06 00:30:00	1.07624	1.07689	1.07623	1.07674	1350
2024-05-06 01:00:00	1.07673	1.07699	1.07644	1.07655	2365
2024-05-06 01:30:00	1.07655	1.07708	1.07628	1.07701	1886
2024-05-06 02:00:00	1.07702	1.07715	1.07684	1.07698	2427
2024-05-06 02:30:00	1.07699	1077	1.07649	1.07653	2526
2024-05-06 03:00:00	1.07653	1.07668	1.07622	1.07625	2005
2024-05-06 03:30:00	1.07626	1.07659	1.07621	1.07648	3071
2024-05-06 04:00:00	1.07647	1.07647	1.07622	1.07637	2283
2024-05-06 04:30:00	1.07638	1.07654	1.07627	1.07629	1187
2024-05-06 05:00:00	1.07628	1.07649	1.07603	1.07606	1952
2024-05-06 05:30:00	1.07607	1.07627	1.07599	1.07608	1204
2024-05-06 06:00:00	1.0761	1.07645	1.07601	1.07611	3836
2024-05-06 06:30:00	1.07612	1.07651	1.07593	1.07623	3649
2024-05-06 07:00:00	1.07624	1.07693	1.07611	1.07673	4252
2024-05-06 07:30:00	1.07672	1.07695	1.07602	1.07614	4644
2024-05-06 08:00:00	1.07615	1.0775	1.07576	1.07748	3610
2024-05-06 08:30:00	1.07748	1.07761	1.07669	1.07684	4032
2024-05-06 09:00:00	1.07684	1.07706	1.07661	1.0767	2418
2024-05-06 09:30:00	1.07669	1.07721	1.07662	1.07695	3388
2024-05-06 10:00:00	1.07696	1.07725	1.07662	1.07686	3613
2024-05-06 10:30:00	1.07687	1.07731	1.07669	1.07721	2504
2024-05-06 11:00:00	1.07719	1.07743	1.07688	1.07733	2674
2024-05-06 11:30:00	1.07733	1.0774	1.07708	1.07725	3137
2024-05-06 12:00:00	1.07724	1.07842	1.07722	1.07834	2950
2024-05-06 12:30:00	1.07833	1.07907	1.07826	1.07873	4501
2024-05-06 13:00:00	1.07875	1.07889	1.0782	1.07833	4862
2024-05-06 13:30:00	1.07832	1.07875	1.07811	1.07865	3910
2024-05-06 14:00:00	1.07866	1.07868	1.07827	1.07843	3710
2024-05-06 14:30:00	1.07844	1.07845	1.07785	1.07802	6184
2024-05-06 15:00:00	1.07801	1.07801	1.07745	1.0776	3613
2024-05-06 15:30:00	1.07759	1.07796	1.07756	1.07788	2645
2024-05-06 16:00:00	1.07787	1.07788	1.07712	1.07725	1568
2024-05-06 16:30:00	1.07726	1.07755	1.07715	1.07742	2314
2024-05-06 17:00:00	1.07742	1.07765	1.07742	1.07744	1830
2024-05-06 17:30:00	1.07743	1.07762	1.07731	1.07741	1924
2024-05-06 18:00:00	1.0774	1.07751	1.07721	1.07737	2006
2024-05-06 18:30:00	1.07738	1.07751	1.0772	1.07745	3481
2024-05-06 19:00:00	1.07746	1.07748	1.07671	1.07675	3655
2024-05-06 19:30:00	1.07676	1.07688	1.07666	1.07674	2670
2024-05-06 20:00:00	1.07676	1.07681	1.07662	1.07675	1256
2024-05-06 20:30:00	1.07676	1.07702	1.07672	1.07672	847
2024-05-06 21:00:00	1.07667	1.07709	1.07656	1.0768	402
2024-05-06 21:30:00	1.07679	1.07709	1.07671	1.07689	595
2024-05-06 22:00:00	1.07688	1.07707	1.07686	1.07695	265
2024-05-06 22:30:00	1.07694	1.07695	1.07685	1.07685	521
2024-05-06 23:00:00	1.07686	1.07686	1.07661	1.07671	309
2024-05-06 23:30:00	1.0767	1.07687	1.0766	1.07672	1473
2024-05-07 00:00:00	1.07671	1.0771	1.07665	1.07707	2731
2024-05-07 00:30:00	1.07707	1.07761	1.07698	1.0775	2968
2024-05-07 01:00:00	1.0775	1.07768	1.07672	1.07672	3181
2024-05-07 01:30:00	1.07672	1.07673	1.07641	1.07655	3226
2024-05-07 02:00:00	1.07655	1.07661	1.07607	1.07637	2960
2024-05-07 02:30:00	1.07638	1.07666	1.07627	1.07637	2037
2024-05-07 03:00:00	1.07636	1.07673	1.07631	1.07667	2444
2024-05-07 03:30:00	1.07667	1.0769	1.07665	1.07687	1642
2024-05-07 04:00:00	1.07687	1.07694	1.07672	1.07681	1526
2024-05-07 04:30:00	1.0768	1.0768	1.07631	1.07657	3666
2024-05-07 05:00:00	1.07657	1.07693	1.0765	1.07692	937
2024-05-07 05:30:00	1.07692	1.07693	1.07572	1.07583	4236
2024-05-07 06:00:00	1.07583	1.07605	1.07554	1.07593	3922
2024-05-07 06:30:00	1.07593	1.07643	1.07542	1.07636	3751
2024-05-07 07:00:00	1.07637	1.07672	1.07608	1.07637	4403
2024-05-07 07:30:00	1.07636	1.07696	1.07617	1.07647	4607
2024-05-07 08:00:00	1.07644	1.07652	1.07557	1.0759	4594
2024-05-07 08:30:00	1.07595	1.07648	1.07595	1.07637	2784
2024-05-07 09:00:00	1.07636	1.07639	1.07575	1.07577	3168
2024-05-07 09:30:00	1.07576	1.07609	1.07552	1.07596	2877
2024-05-07 10:00:00	1.07596	1.07653	1.07583	1.07636	3092
2024-05-07 10:30:00	1.07634	1.07696	1.07617	1.07688	2798
2024-05-07 11:00:00	1.07691	1.07702	1.07655	1.07678	2823
2024-05-07 11:30:00	1.07679	1.07686	1.07626	1.07666	4626
2024-05-07 12:00:00	1.07666	1.07744	1.0764	1.07726	3389
2024-05-07 12:30:00	1.07726	1.07791	1.07726	1.07755	4204
2024-05-07 13:00:00	1.07756	1.07804	1.07741	1.07803	3901
2024-05-07 13:30:00	1.07802	1.07873	1078	1.07807	5039
2024-05-07 14:00:00	1.07807	1.07825	1.07745	1.07768	4194
2024-05-07 14:30:00	1.07767	1.07781	1.07727	1.07778	4859
2024-05-07 15:00:00	1.07777	1.07828	1.07757	1.07761	4681
2024-05-07 15:30:00	1.07761	1.07766	1.07663	1.07666	6046
2024-05-07 16:00:00	1.07668	1.07741	1.0766	1.0774	3695
2024-05-07 16:30:00	1.07739	1.07742	1.07674	1.07703	2861
2024-05-07 17:00:00	1.07703	1.07706	1.07561	1.07608	3888
2024-05-07 17:30:00	1.07608	1.07644	1.07565	1.07566	2579
2024-05-07 18:00:00	1.07566	1.07566	1.07494	1.07508	4078
2024-05-07 18:30:00	1.07511	1.0752	1.07478	1.07513	3027
2024-05-07 19:00:00	1.07513	1.07553	1.07512	1.07531	2251
2024-05-07 19:30:00	1.07532	1.07576	1.07526	1.07564	2585
2024-05-07 20:00:00	1.07565	1.07565	1.07544	1.0755	1335
2024-05-07 20:30:00	1.07551	1.07556	1.07546	1.07547	1193
2024-05-07 21:00:00	1.07538	1.07562	1.07524	1.0755	292
2024-05-07 21:30:00	1.07551	1.07564	1.07548	1.0756	419
2024-05-07 22:00:00	1.07559	1.07563	1.07525	1.07532	602
2024-05-07 22:30:00	1.07533	1.0754	1.07507	1.0751	940
2024-05-07 23:00:00	1.07511	1.07512	1.07489	1.0749	620
2024-05-07 23:30:00	1.07491	1.07514	1.07473	1.07498	1590
2024-05-08 00:00:00	1.07498	1.0754	1.07469	1.07525	2936
2024-05-08 00:30:00	1.07526	1.07541	1.07473	1.07479	4046
2024-05-08 01:00:00	1.0748	1.07488	1.07413	1.0744	3054
2024-05-08 01:30:00	1.07441	1.07444	1.07402	1.07404	2633
2024-05-08 02:00:00	1.07402	1.07424	1.0738	1.07385	3111
2024-05-08 02:30:00	1.07385	1.07417	1.07381	1.07412	2222
2024-05-08 03:00:00	1.07412	1.07436	1.07386	1.07411	1833
2024-05-08 03:30:00	1.0741	1.07417	1.07399	1.07411	1805
2024-05-08 04:00:00	1.07411	1.07422	1.07389	1.07406	2014
2024-05-08 04:30:00	1.07406	1.07421	1074	1.07413	1834
2024-05-08 05:00:00	1.07412	1.07413	1.07389	1.07391	1927
2024-05-08 05:30:00	1.07391	1.0742	1.07386	1.07408	1345
2024-05-08 06:00:00	1.07408	1.07473	1.07406	1.0746	2112
2024-05-08 06:30:00	1.0746	1.0749	1.07426	1.07447	2533
2024-05-08 07:00:00	1.07447	1.07461	1.0738	1.07414	4004
2024-05-08 07:30:00	1.07415	1.07447	1.07371	1.07385	3680
2024-05-08 08:00:00	1.07385	1.07416	1.0735	1.07406	4631
2024-05-08 08:30:00	1.07405	1.07447	1.07402	1.07441	3301
2024-05-08 09:00:00	1.07441	1.0749	1.07441	1.0747	3171
2024-05-08 09:30:00	1.07473	1.07525	1.07465	1.07512	4209
2024-05-08 10:00:00	1.07512	1.07533	1.07485	1.07522	2799
2024-05-08 10:30:00	1.07522	1.07533	1.07485	1.07488	2394
2024-05-08 11:00:00	1.07489	1.07539	1.07462	1.07468	4205
2024-05-08 11:30:00	1.07469	1.07483	1.07439	1.0746	4302
2024-05-08 12:00:00	1.07462	1.07468	1.07403	1.07416	3386
2024-05-08 12:30:00	1.07415	1.0749	1.07397	1.07489	3479
2024-05-08 13:00:00	1.0749	1.07519	1.07462	1.07498	4761
2024-05-08 13:30:00	1.07497	1.07538	1.07488	1.07505	4371
2024-05-08 14:00:00	1.07507	1.07548	1.07482	1.07531	3659
2024-05-08 14:30:00	1.0753	1.07535	1.07462	1.07491	4185
2024-05-08 15:00:00	1.07491	1.07513	1.07442	1.07474	3493
2024-05-08 15:30:00	1.07475	1.07574	1.07463	1.07548	4403
2024-05-08 16:00:00	1.07547	1.07548	1.07483	1.07483	2796
2024-05-08 16:30:00	1.07483	1.0749	1.07445	1.07458	2979
2024-05-08 17:00:00	1.07458	1.07468	1.07437	1.07447	2525
2024-05-08 17:30:00	1.07445	1.07448	1.07409	1.07431	1828
2024-05-08 18:00:00	1.07429	1.07448	1.07411	1.07447	1120
2024-05-08 18:30:00	1.07447	1.07468	1.07438	1.07452	2400
2024-05-08 19:00:00	1.07451	1.07462	1.07432	1.07436	3451
2024-05-08 19:30:00	1.07436	1.0746	1.07431	1.07453	3205
2024-05-08 20:00:00	1.07454	1.07459	1.07438	1.07452	816
2024-05-08 20:30:00	1.07452	1.07484	1.0745	1.07479	1276
2024-05-08 21:00:00	1.07477	1.07488	1.0745	1.07462	1020
2024-05-08 21:30:00	1.07462	1.07489	1.0746	1.07478	1039
2024-05-08 22:00:00	1.07485	1.07503	1.07485	1.07497	422
2024-05-08 22:30:00	1.07496	1.07505	1.07487	1.07488	772
2024-05-08 23:00:00	1.07492	1.07494	1.07468	1.07468	869
2024-05-08 23:30:00	1.07469	1.07474	1.07462	1.07468	806
2024-05-09 00:00:00	1.07468	1.0747	1.07425	1.07448	2192
2024-05-09 00:30:00	1.07448	1.07458	1.07423	1.07432	1740
2024-05-09 01:00:00	1.07431	1.07455	1.07423	1.07444	2457
2024-05-09 01:30:00	1.07442	1.07486	1.0744	1.07476	2257
2024-05-09 02:00:00	1.07475	1.07482	1.07454	1.0746	1701
2024-05-09 02:30:00	1.0746	1.07478	1.0745	1.07474	1229
2024-05-09 03:00:00	1.07474	1.07515	1.0747	1.07485	1751
2024-05-09 03:30:00	1.07485	1.0749	1.07464	1.07476	1252
2024-05-09 04:00:00	1.07477	1.07504	1.07473	1.07483	1749
2024-05-09 04:30:00	1.07482	1.07488	1.07451	1.07453	1666
2024-05-09 05:00:00	1.07453	1.07464	1.07436	1.07452	2801
2024-05-09 05:30:00	1.07451	1.07453	1.07421	1.07436	1784
2024-05-09 06:00:00	1.07437	1.07445	1.07409	1.07417	2354
2024-05-09 06:30:00	1.07418	1.07427	1.0736	1.07374	3192
2024-05-09 07:00:00	1.07373	1.07412	1.07358	1.07378	3098
2024-05-09 07:30:00	1.07376	1.07376	1.07296	1.07346	4842
2024-05-09 08:00:00	1.07345	1.07352	1.07285	1.07287	3705
2024-05-09 08:30:00	1.07286	1.07313	1.0726	1.0728	4111
2024-05-09 09:00:00	1.07281	1.07295	1.07261	1.07273	3096
2024-05-09 09:30:00	1.07273	1.07315	1.0727	1.07304	2333
2024-05-09 10:00:00	1.07305	1.07384	1.07302	1.0736	2625
2024-05-09 10:30:00	1.07359	1.07378	1.0734	1.07347	2780
2024-05-09 11:00:00	1.07346	1.07362	1.07275	1.07302	4999
2024-05-09 11:30:00	1.07303	1.07321	1.07239	1.07273	6916
2024-05-09 12:00:00	1.07272	1.07354	1.0727	1.07333	4554
2024-05-09 12:30:00	1.07337	1.07623	1.07337	1.07593	16708
2024-05-09 13:00:00	1.07593	1.07615	1.07505	1.07581	9615
2024-05-09 13:30:00	1.07581	1.07675	1.07572	1.07636	8018
2024-05-09 14:00:00	1.07635	1.07758	1.07626	1.07754	7487
2024-05-09 14:30:00	1.07754	1.07801	1.07729	1.07756	6625
2024-05-09 15:00:00	1.07757	1.07817	1.07733	1.07762	4746
2024-05-09 15:30:00	1.07763	1.07772	1.07691	1.07703	3081
2024-05-09 16:00:00	1.07704	1.07778	1.07703	1.07745	1881
2024-05-09 16:30:00	1.07747	1.07765	1.07717	1.07758	2225
2024-05-09 17:00:00	1.07757	1.07801	1.07736	1.07797	3130
2024-05-09 17:30:00	1.07798	1.07803	1.07768	1.07774	2565
2024-05-09 18:00:00	1.07773	1.07785	1.07756	1.07783	2091
2024-05-09 18:30:00	1.07784	1.07826	1.07776	1.07818	1500
2024-05-09 19:00:00	1.07816	1.07828	1.07807	1.07814	2185
2024-05-09 19:30:00	1.07813	1.07844	1.07808	1.07823	2673
2024-05-09 20:00:00	1.07822	1.07834	1.07811	1.07824	645
2024-05-09 20:30:00	1.07823	1.07825	1.07813	1.0782	609
2024-05-09 21:00:00	1.0782	1.07832	1.07805	1.0782	226
2024-05-09 21:30:00	1.07816	1.0782	1078	1.0781	336
2024-05-09 22:00:00	1.07811	1.07858	1.07809	1.07835	445
2024-05-09 22:30:00	1.07834	1.07847	1.07827	1.07844	516
2024-05-09 23:00:00	1.07848	1.07852	1.07835	1.07843	1190
2024-05-09 23:30:00	1.07843	1.07843	1.07813	1.07817	1021
2024-05-10 00:00:00	1.07817	1.07822	1.07783	1.07795	1749
2024-05-10 00:30:00	1.07794	1.07802	1.07765	1.07791	1966
2024-05-10 01:00:00	1.07791	1.07825	1.07786	1.07811	1693
2024-05-10 01:30:00	1.07813	1.07818	1.07758	1.07761	3258
2024-05-10 02:00:00	1.07761	1.07776	1.07731	1.07745	3009
2024-05-10 02:30:00	1.07746	1.0776	1.07739	1.0774	1554
2024-05-10 03:00:00	1.07742	1.07754	1.07737	1.07752	790
2024-05-10 03:30:00	1.07753	1.07766	1.07751	1.0776	1115
2024-05-10 04:00:00	1.07761	1.07768	1.07754	1.07758	471
2024-05-10 04:30:00	1.07759	1.07765	1.07739	1.0774	848
2024-05-10 05:00:00	1.0774	1.07768	1.07738	1.07761	1313
2024-05-10 05:30:00	1.0776	1.07767	1.07741	1.07757	1552
2024-05-10 06:00:00	1.07756	1.07832	1.07749	1.07781	4649
2024-05-10 06:30:00	1.0778	1.07785	1.07715	1.07768	2698
2024-05-10 07:00:00	1.07769	1.07836	1.07761	1.07786	5663
2024-05-10 07:30:00	1.07787	1.0784	1.07785	1.0781	3909
2024-05-10 08:00:00	1.07812	1.07866	1.07771	1.07812	6486
2024-05-10 08:30:00	1.07811	1.07854	1.07791	1.07805	4342
2024-05-10 09:00:00	1.07806	1.07857	1.07795	1.07854	3545
2024-05-10 09:30:00	1.07855	1.07861	1.07791	1.07797	3571
2024-05-10 10:00:00	1.07796	1.07818	1.07754	1.07801	2744
2024-05-10 10:30:00	1.07801	1.07812	1.0776	1.07784	3081
2024-05-10 11:00:00	1.07784	1.07804	1.07752	1.07759	3126
2024-05-10 11:30:00	1.0776	1.07806	1.07759	1.07792	1841
2024-05-10 12:00:00	1.07791	1.07812	1.07778	1.07781	3486
2024-05-10 12:30:00	1.0778	1.07797	1.07662	1077	6039
2024-05-10 13:00:00	1.07702	1.07779	1.07696	1.07769	3355
2024-05-10 13:30:00	1.0777	1079	1.07764	1.07871	5123
2024-05-10 14:00:00	1.07872	1.07889	1.0762	1.07625	9209
2024-05-10 14:30:00	1.07627	1.07685	1.07603	1.07639	6113
2024-05-10 15:00:00	1.0764	1.0771	1.07624	1.07691	4512
2024-05-10 15:30:00	1.07691	1.07724	1.07678	1.07721	2838
2024-05-10 16:00:00	1.07721	1.07754	1.07695	1.07741	2770
2024-05-10 16:30:00	1.07743	1.07793	1.07736	1.07759	1984
2024-05-10 17:00:00	1.07761	1.07773	1.07736	1.07746	2539
2024-05-10 17:30:00	1.07747	1.07773	1.07732	1.07741	1540
2024-05-10 18:00:00	1.07741	1.07741	1.07704	1.07708	1969
2024-05-10 18:30:00	1.07708	1.07736	1.07698	1.07736	928
2024-05-10 19:00:00	1.07735	1.07757	1.07721	1.07746	1652
2024-05-10 19:30:00	1.07746	1.07746	1.07717	1.07718	1189
2024-05-10 20:00:00	1.07717	1.07722	1077	1.07715	984
2024-05-10 20:30:00	1.07716	1.07719	1.07684	1.07694	1625
2024-05-12 21:00:00	1.07721	1.07722	1.07691	1.07691	325
2024-05-12 21:30:00	1.07691	1.07721	1.07663	1.07711	349
2024-05-12 22:00:00	1.0771	1.07731	1.07708	1.07724	880
2024-05-12 22:30:00	1.07724	1.07729	1.0771	1.07728	1435
2024-05-12 23:00:00	1.07729	1.07752	1.07722	1.07737	1561
2024-05-12 23:30:00	1.07736	1.07742	1.07701	1.07702	1977
2024-05-13 00:00:00	1.07701	1.07722	1.07682	1.07692	2858
2024-05-13 00:30:00	1.07693	1.07705	1.07681	1.07691	3259
2024-05-13 01:00:00	1.07692	1.07719	1.07668	1.07718	3307
2024-05-13 01:30:00	1.07717	1.07731	1.07675	1.07689	2861
2024-05-13 02:00:00	1.07689	1.07707	1.07658	1.07662	1899
2024-05-13 02:30:00	1.07661	1.07723	1.0766	1.07712	1829
2024-05-13 03:00:00	1.07713	1.07717	1.07689	1.07712	2357
2024-05-13 03:30:00	1.07711	1.07722	1.07705	1.07716	1176
2024-05-13 04:00:00	1.07715	1.07724	1.07703	1.07705	882
2024-05-13 04:30:00	1.07706	1.07717	1.07691	1.07696	1909
2024-05-13 05:00:00	1.07696	1.07718	1.07695	1.07711	928
2024-05-13 05:30:00	1.07712	1.07746	1.07711	1.0773	2281
2024-05-13 06:00:00	1.0773	1.07757	1.07721	1.07738	3057
2024-05-13 06:30:00	1.0774	1.07745	1.07687	1077	2484
2024-05-13 07:00:00	1077	1.07774	1.07691	1.07763	3350
2024-05-13 07:30:00	1.07762	1.07798	1.07741	1.07757	4233
2024-05-13 08:00:00	1.07756	1.07797	1.07735	1.07768	3068
2024-05-13 08:30:00	1.07769	1.07845	1.07767	1.07837	2663
2024-05-13 09:00:00	1.07837	1.07888	1.07837	1.07844	3004
2024-05-13 09:30:00	1.07845	1.07846	1.07814	1.07827	2940
2024-05-13 10:00:00	1.07826	1.07849	1.0781	1.07822	2515
2024-05-13 10:30:00	1.07822	1.0783	1.07772	1.07817	2432
2024-05-13 11:00:00	1.07816	1.07865	1.07812	1.07855	2304
2024-05-13 11:30:00	1.07854	1.07944	1.07852	1.07892	2516
2024-05-13 12:00:00	1.07892	1.07983	1.07888	1.07967	4635
2024-05-13 12:30:00	1.07968	1.07997	1.07947	1.07981	4808
2024-05-13 13:00:00	1.07982	1.08042	1.07968	1.08038	5318
2024-05-13 13:30:00	1.08038	1.08068	1.08014	1.08041	5207
2024-05-13 14:00:00	1.08041	1.08053	1.07956	1.08031	3546
2024-05-13 14:30:00	1.08032	1.08053	1.08002	1.08038	4196
2024-05-13 15:00:00	1.08038	1.08042	1.07896	1.07901	6679
2024-05-13 15:30:00	1.07901	1.07954	1.07893	1.07953	2990
2024-05-13 16:00:00	1.07952	1.07989	1.07952	1.07979	2052
2024-05-13 16:30:00	1.07982	1.07986	1.07931	1.07934	1211
2024-05-13 17:00:00	1.07935	1.07939	1.07869	1.07916	1935
2024-05-13 17:30:00	1.07917	1.07939	1.07903	1.07916	1073
2024-05-13 18:00:00	1.07915	1.07916	1.0789	1.07902	1514
2024-05-13 18:30:00	1.07901	1.07934	1.07892	1.07896	1143
2024-05-13 19:00:00	1.07895	1.07899	1.07867	1.07873	1500
2024-05-13 19:30:00	1.07872	1.07889	1.07867	1.07889	953
2024-05-13 20:00:00	1.0789	1.07897	1.07882	1.07894	430
2024-05-13 20:30:00	1.07893	1.07899	1.07887	1.07888	680
2024-05-13 21:00:00	1.07897	1.07897	1.07859	1.07885	772
2024-05-13 21:30:00	1.07884	1.07899	1.0788	1.07896	452
2024-05-13 22:00:00	1.07895	1.07906	1.07886	1.07897	357
2024-05-13 22:30:00	1.07895	1.07901	1.07892	1.07898	168
2024-05-13 23:00:00	1.07899	1.07927	1.07895	1.07925	666
2024-05-13 23:30:00	1.07925	1.07935	1.07917	1.0792	291
2024-05-14 00:00:00	1.07922	1.07922	1.07873	1.07873	802
2024-05-14 00:30:00	1.07874	1.07883	1.07853	1.07875	699
2024-05-14 01:00:00	1.07875	1.07896	1.07853	1.07853	835
2024-05-14 01:30:00	1.07852	1.07886	1.07843	1.07872	806
2024-05-14 02:00:00	1.07873	1.07873	1.07848	1.07851	703
2024-05-14 02:30:00	1.0785	1.07871	1.07845	1.07867	418
2024-05-14 03:00:00	1.07867	1.0787	1.07853	1.07868	680
2024-05-14 03:30:00	1.07869	1.0788	1.07857	1.07876	486
2024-05-14 04:00:00	1.07876	1.07888	1.07868	1.07874	461
2024-05-14 04:30:00	1.07873	1.07876	1.07853	1.07854	403
2024-05-14 05:00:00	1.07853	1.07861	1.07844	1.07855	424
2024-05-14 05:30:00	1.07855	1.0787	1.07848	1.07862	550
2024-05-14 06:00:00	1.07865	1.07893	1.07838	1.07838	2013
2024-05-14 06:30:00	1.07839	1.07882	1.07828	1.07876	1842
2024-05-14 07:00:00	1.07877	1.07888	1.07856	1.07885	1418
2024-05-14 07:30:00	1.07885	1.07888	1.07858	1.07871	1469
2024-05-14 08:00:00	1.07871	1.07872	1.07753	1.07775	5488
2024-05-14 08:30:00	1.07774	1.07852	1.07766	1.07835	3414
2024-05-14 09:00:00	1.07836	1.07934	1.07836	1.07899	4419
2024-05-14 09:30:00	1.07898	1.07935	1.07862	1.07927	3545
2024-05-14 10:00:00	1.07928	1.07949	1.07925	1.07947	2833
2024-05-14 10:30:00	1.07947	1.07987	1.07921	1.07962	3256
2024-05-14 11:00:00	1.07964	1.07988	1.07952	1.07969	2035
2024-05-14 11:30:00	1.0797	1.07989	1.07925	1.07925	1751
2024-05-14 12:00:00	1.07927	1.0799	1.07921	1.07962	3253
2024-05-14 12:30:00	1.07962	1.08105	1.07669	1.0803	23355
2024-05-14 13:00:00	1.0803	1.08226	1.08006	1.08154	12200
2024-05-14 13:30:00	1.08154	1.08191	1.08117	1.08189	6432
2024-05-14 14:00:00	1.08188	1.08236	1081	1.08114	6270
2024-05-14 14:30:00	1.08114	1.08256	1.08099	1.08246	4943
2024-05-14 15:00:00	1.08248	1.0825	1.08162	1.08181	4943
2024-05-14 15:30:00	1.08182	1.08231	1.08151	1.08182	3738
2024-05-14 16:00:00	1.08179	1.08179	1.08137	1.08156	3101
2024-05-14 16:30:00	1.08155	1.08201	1.08151	1.08167	2099
2024-05-14 17:00:00	1.08168	1.08196	1.08155	1.08188	1643
2024-05-14 17:30:00	1.08189	1082	1.08172	1.08191	1255
2024-05-14 18:00:00	1.08192	1.0823	1.08187	1.08208	1067
2024-05-14 18:30:00	1.08209	1.08221	1.08194	1.08198	1174
2024-05-14 19:00:00	1.08199	1.08215	1.08192	1.08213	1209
2024-05-14 19:30:00	1.08213	1.08217	1.08199	1082	968
2024-05-14 20:00:00	1.08201	1.08209	1.08176	1.08183	772
2024-05-14 20:30:00	1.08183	1.08201	1.08176	1.08176	770
2024-05-14 21:00:00	1.08175	1.08198	1.08162	1.08176	997
2024-05-14 21:30:00	1.08176	1.0818	1.08163	1.08175	635
2024-05-14 22:00:00	1.08175	1.0818	1.0816	1.08166	628
2024-05-14 22:30:00	1.0817	1.08173	1.08165	1.08166	280
2024-05-14 23:00:00	1.08166	1.08167	1.08149	1.08152	779
2024-05-14 23:30:00	1.08151	1.08156	1.08136	1.08138	1325
2024-05-15 00:00:00	1.08137	1.08174	1.0813	1.08163	1374
2024-05-15 00:30:00	1.08163	1.08177	1.0815	1.08169	1007
2024-05-15 01:00:00	1.08169	1.08195	1.08165	1.08194	818
2024-05-15 01:30:00	1.08193	1.08226	1.0818	1.08224	788
2024-05-15 02:00:00	1.08224	1.08231	1.08199	1.08222	729
2024-05-15 02:30:00	1.08223	1.08266	1.08216	1.08252	957
2024-05-15 03:00:00	1.08253	1.08268	1.0825	1.08265	605
2024-05-15 03:30:00	1.08265	1.08277	1.08259	1.08261	509
2024-05-15 04:00:00	1.08261	1.08261	1.08227	1.08231	2212
2024-05-15 04:30:00	1.0823	1.08233	1.08205	1.08214	967
2024-05-15 05:00:00	1.08214	1.08247	1.08211	1.08225	572
2024-05-15 05:30:00	1.08225	1.0828	1.08222	1.08269	921
2024-05-15 06:00:00	1.0827	1.08287	1.08225	1.08242	2000
2024-05-15 06:30:00	1.08243	1.08307	1.08233	1.08304	1391
2024-05-15 07:00:00	1.08305	1.08324	1.08272	1.08301	2401
2024-05-15 07:30:00	1.08302	1.08322	1.08252	1.08258	2276
2024-05-15 08:00:00	1.08258	1.08345	1.08245	1.08344	1890
2024-05-15 08:30:00	1.08342	1.08344	1.08278	1.08297	2417
2024-05-15 09:00:00	1.08298	1.0832	1.08251	1.08269	3334
2024-05-15 09:30:00	1.0827	1.08291	1.08247	1.0828	2172
2024-05-15 10:00:00	1.0828	1.08299	1.08266	1.08276	1005
2024-05-15 10:30:00	1.08277	1.0828	1.08234	1.08246	1834
2024-05-15 11:00:00	1.08245	1.08271	1.08227	1.08249	2815
2024-05-15 11:30:00	1.0825	1.08293	1.08218	1.08293	3601
2024-05-15 12:00:00	1.08293	1.08358	1.0828	1.08288	8883
2024-05-15 12:30:00	1.08288	1.08695	1.08288	1.08612	26552
2024-05-15 13:00:00	1.08612	1.08659	1.08517	1.08555	16059
2024-05-15 13:30:00	1.08556	1.08563	1.08316	1.0835	11014
2024-05-15 14:00:00	1.08351	1.08512	1.0834	1.0848	8163
2024-05-15 14:30:00	1.0848	1086	1.08475	1.08575	5393
2024-05-15 15:00:00	1.08575	1.0872	1.08557	1.08716	5200
2024-05-15 15:30:00	1.08716	1.08744	1.08573	1.08597	9056
2024-05-15 16:00:00	1.08598	1.08661	1.08561	1.0866	4128
2024-05-15 16:30:00	1.08659	1.08736	1.08655	1.0872	3757
2024-05-15 17:00:00	1.08719	1.08787	1.08716	1.08766	2397
2024-05-15 17:30:00	1.08769	1.08804	1.08755	1.08799	2673
2024-05-15 18:00:00	1.08799	1.08805	1.08727	1.08763	1942
2024-05-15 18:30:00	1.08763	1.08784	1.08736	1.08783	2364
2024-05-15 19:00:00	1.08782	1.08817	1.08776	1.08804	2258
2024-05-15 19:30:00	1.08803	1.08829	1.08787	1.08817	1976
2024-05-15 20:00:00	1.08817	1.0886	1.08814	1.08828	1232
2024-05-15 20:30:00	1.08827	1.08847	1.08825	1.08843	694
2024-05-15 21:00:00	1.08842	1.08849	1.08784	1.08805	992
2024-05-15 21:30:00	1.08802	1.08848	1088	1.08832	2459
2024-05-15 22:00:00	1.08832	1.08895	1.08831	1.08883	959
2024-05-15 22:30:00	1.08883	1.08899	1.08883	1.0889	346
2024-05-15 23:00:00	1.08894	1089	1.08876	1.08892	1473
2024-05-15 23:30:00	1.08892	1.08901	1.08881	1.08883	1068
2024-05-16 00:00:00	1.08883	1.08901	1.08866	1.08898	2421
2024-05-16 00:30:00	1.08899	1.08949	1.08891	1.08936	3569
2024-05-16 01:00:00	1.08936	1.08937	1.08859	1.08905	2342
2024-05-16 01:30:00	1.08904	1.08938	1.08842	1.08866	4082
2024-05-16 02:00:00	1.08865	1.08866	1.08814	1.0886	2766
2024-05-16 02:30:00	1.08861	1.08881	1.08848	1.08871	2407
2024-05-16 03:00:00	1.0887	1.08881	1.08858	1.0888	2945
2024-05-16 03:30:00	1.08879	1.08892	1.08859	1.08872	1717
2024-05-16 04:00:00	1.08872	1.08872	1.0884	1.08859	1348
2024-05-16 04:30:00	1.08859	1.08872	1.08846	1.08847	1064
2024-05-16 05:00:00	1.08849	1.08851	1.0881	1.08819	1801
2024-05-16 05:30:00	1.0882	1.08842	1.08794	1.08795	2210
2024-05-16 06:00:00	1.08795	1.08828	1.08775	1.08784	6057
2024-05-16 06:30:00	1.08783	1.08792	1.08745	1.08763	4057
2024-05-16 07:00:00	1.08764	1.08813	1.08739	1.08812	5107
2024-05-16 07:30:00	1.08813	1.08818	1.0873	1.08745	3991
2024-05-16 08:00:00	1.08743	1.08764	1.08662	1.08685	5044
2024-05-16 08:30:00	1.08688	1.08738	1.08684	1.08733	2570
2024-05-16 09:00:00	1.08732	1.08748	1.08688	1.08688	1774
2024-05-16 09:30:00	1.08688	1.0874	1.08687	1.08699	2092
2024-05-16 10:00:00	1.08699	1.08737	1.08691	1.08693	1457
2024-05-16 10:30:00	1.08692	1.08736	1.08664	1.08722	2043
2024-05-16 11:00:00	1.08723	1.08747	1.08655	1.08663	1770
2024-05-16 11:30:00	1.08665	1.08671	1.08617	1.08666	2563
2024-05-16 12:00:00	1.08667	1.08702	1.08648	1.08678	4579
2024-05-16 12:30:00	1.08678	1.08744	1.08606	1.08631	11281
2024-05-16 13:00:00	1.08631	1.08665	1.08588	1.08653	9188
2024-05-16 13:30:00	1.08653	1.08668	1.08545	1.08559	7493
2024-05-16 14:00:00	1.08562	1.08631	1.08544	1.0863	4088
2024-05-16 14:30:00	1.0863	1.08703	1.08619	1.08701	4842
2024-05-16 15:00:00	1.08701	1.08709	1.08666	1.08699	4047
2024-05-16 15:30:00	1.08699	1.08757	1.08693	1.08751	2716
2024-05-16 16:00:00	1.08751	1.08754	1.08698	1.08729	3499
2024-05-16 16:30:00	1.08728	1.08744	1.08716	1.08734	2529
2024-05-16 17:00:00	1.08733	1.08754	1.08695	1.08705	2258
2024-05-16 17:30:00	1.08706	1.08714	1.08684	1.08706	1576
2024-05-16 18:00:00	1.08707	1.08717	1.08658	1.0868	1998
2024-05-16 18:30:00	1.08681	1.0871	1.08667	1.08709	1769
2024-05-16 19:00:00	1.08708	1.08708	1.08681	1.08682	2336
2024-05-16 19:30:00	1.08681	1.08689	1.08668	1.08669	2260
2024-05-16 20:00:00	1.08668	1.08671	1.08646	1.08663	729
2024-05-16 20:30:00	1.08664	1.08672	1.08662	1.08665	599
2024-05-16 21:00:00	1.08665	1.08674	1.08659	1.08668	1019
2024-05-16 21:30:00	1.08667	1.08675	1.08637	1.08659	1267
2024-05-16 22:00:00	1.0866	1.08687	1.0866	1.08678	353
2024-05-16 22:30:00	1.08677	1.08691	1.08662	1.08676	385
2024-05-16 23:00:00	1.08676	1.08678	1.08659	1.08661	859
2024-05-16 23:30:00	1.08661	1.08678	1.08661	1.08677	499
2024-05-17 00:00:00	1.08679	1.08688	1.08609	1.08612	2272
2024-05-17 00:30:00	1.08611	1.08653	1.08598	1.08628	1866
2024-05-17 01:00:00	1.0863	1.08637	1.08572	1.08591	2728
2024-05-17 01:30:00	1.08591	1.0863	1.08584	1.08594	1904
2024-05-17 02:00:00	1.08595	1.08604	1.08558	1.08559	1568
2024-05-17 02:30:00	1.08557	1.08576	1.08543	1.0857	1755
2024-05-17 03:00:00	1.08571	1.08612	1.08567	1.08612	1064
2024-05-17 03:30:00	1.08612	1.08615	1.08578	1.0859	1349
2024-05-17 04:00:00	1.08588	1.08594	1.08565	1.08566	1571
2024-05-17 04:30:00	1.08566	1.08573	1.08554	1.0856	2599
2024-05-17 05:00:00	1.0856	1.08593	1.08555	1.08569	1450
2024-05-17 05:30:00	1.0857	1.08621	1.08567	1.0861	1246
2024-05-17 06:00:00	1.0861	1.08667	1.08609	1.08631	2260
2024-05-17 06:30:00	1.08633	1.08644	1.08582	1.08626	2387
2024-05-17 07:00:00	1.08626	1.08683	1.08623	1.0867	3332
2024-05-17 07:30:00	1.0867	1.08673	1.08574	1.08588	4130
2024-05-17 08:00:00	1.08588	1.08594	1.08474	1.08493	5137
2024-05-17 08:30:00	1.08491	1.08494	1.08415	1.08441	3506
2024-05-17 09:00:00	1.08443	1.08467	1.08409	1.08416	2482
2024-05-17 09:30:00	1.08415	1.08448	1.08414	1.08446	1956
2024-05-17 10:00:00	1.08446	1.08446	1.08412	1.08426	1786
2024-05-17 10:30:00	1.08426	1.08444	1.0836	1.08383	2523
2024-05-17 11:00:00	1.08382	1.08416	1.08356	1.08402	2586
2024-05-17 11:30:00	1.08401	1.08453	1.08399	1.08431	1643
2024-05-17 12:00:00	1.08432	1.08456	1.0839	1.08398	3194
2024-05-17 12:30:00	1.08397	1.08439	1.0839	1.08428	3212
2024-05-17 13:00:00	1.0843	1.08549	1.0843	1.08537	4149
2024-05-17 13:30:00	1.08539	1.08564	1.0846	1.08553	4435
2024-05-17 14:00:00	1.08554	1.08635	1.0855	1.08627	4786
2024-05-17 14:30:00	1.08627	1.08772	1.08624	1.08764	5048
2024-05-17 15:00:00	1.08764	1.08784	1.08679	1.08711	5174
2024-05-17 15:30:00	1.0871	1.0871	1.08651	1.08686	2899
2024-05-17 16:00:00	1.08686	1.08743	1.08681	1.0869	2365
2024-05-17 16:30:00	1.08691	1.08702	1.08671	1.08686	2378
2024-05-17 17:00:00	1.08685	1.08743	1.08682	1.08727	1890
2024-05-17 17:30:00	1.08729	1.08737	1.0871	1.08736	3159
2024-05-17 18:00:00	1.08735	1.0876	1.08719	1.0873	2690
2024-05-17 18:30:00	1.08729	1.08768	1.08729	1.08756	2279
2024-05-17 19:00:00	1.08755	1.08762	1.08732	1.0876	987
2024-05-17 19:30:00	1.08761	1.08761	1.08705	1.08724	1598
2024-05-17 20:00:00	1.08726	1.08727	1.08698	1.08702	1246
2024-05-17 20:30:00	1.08703	1.08707	1.08674	1.08674	2609
2024-05-19 21:00:00	1.08664	1.08673	1.0864	1.08655	91
2024-05-19 21:30:00	1.08654	1.08698	1.08645	1.08686	262
2024-05-19 22:00:00	1.08688	1.08729	1.08679	1.08721	734
2024-05-19 22:30:00	1.0872	1.08721	1087	1.08704	466
2024-05-19 23:00:00	1.08707	1.08734	1.08703	1.08734	1648
2024-05-19 23:30:00	1.08733	1.08741	1.08722	1.08724	942
2024-05-20 00:00:00	1.08725	1.08762	1.08689	1.08757	1910
2024-05-20 00:30:00	1.08756	1.08771	1.08733	1.0875	1836
2024-05-20 01:00:00	1.08749	1.08762	1.08734	1.08741	2581
2024-05-20 01:30:00	1.08742	1.08765	1.08718	1.08752	1618
2024-05-20 02:00:00	1.08752	1.08752	1.08715	1.08732	1972
2024-05-20 02:30:00	1.08732	1.08752	1.08717	1.0874	2458
2024-05-20 03:00:00	1.08741	1.08766	1.08727	1.08765	800
2024-05-20 03:30:00	1.08764	1.08786	1.0876	1.08779	814
2024-05-20 04:00:00	1.0878	1.08823	1.08776	1088	1016
2024-05-20 04:30:00	1088	1.08813	1.08792	1.08806	1186
2024-05-20 05:00:00	1.08807	1.08818	1088	1.08807	1217
2024-05-20 05:30:00	1.08807	1.08825	1.08795	1.08805	1146
2024-05-20 06:00:00	1.08803	1.08844	1.08788	1.08819	3511
2024-05-20 06:30:00	1.0882	1.08844	1.08776	1.08781	4188
2024-05-20 07:00:00	1.08781	1.08808	1.08694	1.08716	6086
2024-05-20 07:30:00	1.08717	1.08753	1.08693	1.0873	4458
2024-05-20 08:00:00	1.08729	1.08754	1.08724	1.08741	1763
2024-05-20 08:30:00	1.08742	1.08763	1.08713	1.08746	1352
2024-05-20 09:00:00	1.08745	1.0875	1.08673	1.08677	2874
2024-05-20 09:30:00	1.08678	1.08699	1.08664	1.08689	2536
2024-05-20 10:00:00	1.08689	1.08736	1.08686	1.08732	1710
2024-05-20 10:30:00	1.08732	1.08735	1087	1.08706	1376
2024-05-20 11:00:00	1.08707	1.08716	1.08617	1.08633	3326
2024-05-20 11:30:00	1.08634	1.08657	1.08598	1086	2728
2024-05-20 12:00:00	1.08602	1.0863	1.08549	1.08549	4800
2024-05-20 12:30:00	1.08549	1.08602	1.0854	1.08574	6583
2024-05-20 13:00:00	1.08575	1.08645	1.08575	1.08634	4443
2024-05-20 13:30:00	1.08634	1.08673	1.08614	1.08651	5246
2024-05-20 14:00:00	1.0865	1.08687	1.08627	1.08663	3615
2024-05-20 14:30:00	1.08664	1.08697	1.0864	1.08649	4539
2024-05-20 15:00:00	1.08649	1.08649	1.08601	1.08629	3817
2024-05-20 15:30:00	1.0863	1.08635	1.08579	1.08605	2826
2024-05-20 16:00:00	1.08606	1.08642	1.08592	1.08642	1619
2024-05-20 16:30:00	1.08641	1.0866	1.08631	1.08658	795
2024-05-20 17:00:00	1.08658	1.08706	1.0865	1.08657	1876
2024-05-20 17:30:00	1.08657	1.08664	1.08628	1.08641	1850
2024-05-20 18:00:00	1.0864	1.08657	1.08611	1.08653	1631
2024-05-20 18:30:00	1.08653	1.08666	1.0864	1.0865	1612
2024-05-20 19:00:00	1.08649	1.0865	1.0861	1.08625	2485
2024-05-20 19:30:00	1.08626	1.0863	1.08591	1.08597	2401
2024-05-20 20:00:00	1.08596	1.08599	1.08577	1.08578	1299
2024-05-20 20:30:00	1.08579	1.08585	1.08564	1.08565	897
2024-05-20 21:00:00	1.08562	1.08574	1.08558	1.08558	264
2024-05-20 21:30:00	1.0856	1.08598	1.08553	1.08596	1545
2024-05-20 22:00:00	1.08592	1.08596	1.08563	1.08582	303
2024-05-20 22:30:00	1.08584	1.08592	1.08575	1.08588	300
2024-05-20 23:00:00	1.08587	1.08607	1.08586	1.08595	351
2024-05-20 23:30:00	1.08594	1.08605	1.08583	1.08602	585
2024-05-21 00:00:00	1.08603	1.0861	1.08564	1.08577	1732
2024-05-21 00:30:00	1.08578	1.08618	1.08574	1.08613	3009
2024-05-21 01:00:00	1.08613	1.08614	1.08584	1086	3222
2024-05-21 01:30:00	1.08598	1.08608	1.08553	1.08556	3764
2024-05-21 02:00:00	1.08557	1.08558	1.08509	1.08531	5113
2024-05-21 02:30:00	1.08531	1.08565	1.08527	1.08555	3360
2024-05-21 03:00:00	1.08554	1.08568	1.08539	1.08545	2227
2024-05-21 03:30:00	1.08544	1.0856	1.08542	1.08559	1065
2024-05-21 04:00:00	1.08557	1.08566	1.08552	1.08566	1101
2024-05-21 04:30:00	1.08566	1086	1.08565	1.08587	1717
2024-05-21 05:00:00	1.08587	1086	1.08583	1.08595	1919
2024-05-21 05:30:00	1.08596	1.08614	1.08565	1.08584	2504
2024-05-21 06:00:00	1.08583	1.08635	1.08568	1.08629	3516
2024-05-21 06:30:00	1.08627	1.08635	1.08576	1.08614	2759
2024-05-21 07:00:00	1.08616	1.08666	1.08593	1.08623	4915
2024-05-21 07:30:00	1.08623	1.08669	1.08619	1.08644	3212
2024-05-21 08:00:00	1.08643	1.08659	1.08598	1.08631	4669
2024-05-21 08:30:00	1.08631	1.08695	1.08601	1.08667	3490
2024-05-21 09:00:00	1.08668	1.08747	1.08663	1.08738	2949
2024-05-21 09:30:00	1.08737	1.08741	1.0869	1.08718	4040
2024-05-21 10:00:00	1.08722	1.08732	1.08681	1.08703	4023
2024-05-21 10:30:00	1.08703	1.08707	1.08658	1.08666	3404
2024-05-21 11:00:00	1.08667	1.08675	1.08643	1.08653	3193
2024-05-21 11:30:00	1.08652	1.08697	1.08652	1.08682	3807
2024-05-21 12:00:00	1.08685	1.08706	1.08573	1.08583	5593
2024-05-21 12:30:00	1.08582	1.08608	1.08547	1.0857	7503
2024-05-21 13:00:00	1.08572	1.08604	1.08425	1.08581	15138
2024-05-21 13:30:00	1.0858	1.08581	1.08482	1.08495	9952
2024-05-21 14:00:00	1.08498	1.08572	1.08462	1.08537	7174
2024-05-21 14:30:00	1.08538	1.08616	1.08523	1.08593	6454
2024-05-21 15:00:00	1.08594	1.08611	1.08532	1.08543	4654
2024-05-21 15:30:00	1.08545	1.0857	1.08529	1.08539	4106
2024-05-21 16:00:00	1.08539	1.08566	1.0852	1.08533	3099
2024-05-21 16:30:00	1.08534	1.08566	1.0852	1.08539	2553
2024-05-21 17:00:00	1.08537	1.08543	1.08463	1.08513	2126
2024-05-21 17:30:00	1.08514	1.08536	1.08489	1.08532	1289
2024-05-21 18:00:00	1.08532	1.08554	1.08526	1.08539	1920
2024-05-21 18:30:00	1.08538	1.08547	1.08501	1.08519	1472
2024-05-21 19:00:00	1.0852	1.08557	1.08508	1.08557	1767
2024-05-21 19:30:00	1.08557	1.08562	1.08548	1.08558	1101
2024-05-21 20:00:00	1.08559	1.08564	1.08545	1.08546	536
2024-05-21 20:30:00	1.08546	1.08553	1.08534	1.08535	808
2024-05-21 21:00:00	1.08531	1.08553	1.08531	1.08548	876
2024-05-21 21:30:00	1.08548	1.08563	1.08536	1.08545	2651
2024-05-21 22:00:00	1.08545	1.08566	1.08536	1.08557	471
2024-05-21 22:30:00	1.08557	1.08574	1.08553	1.08571	920
2024-05-21 23:00:00	1.08572	1.08594	1.08566	1.08584	772
2024-05-21 23:30:00	1.08583	1.08583	1.08539	1.0854	1156
2024-05-22 00:00:00	1.08539	1.08597	1.08538	1.08583	2484
2024-05-22 00:30:00	1.08583	1.08597	1.08574	1.08575	1280
2024-05-22 01:00:00	1.08572	1.08587	1.08558	1.08569	2597
2024-05-22 01:30:00	1.08569	1.08616	1.08553	1.08598	2672
2024-05-22 02:00:00	1.08597	1.08633	1.08594	1.08598	4701
2024-05-22 02:30:00	1.08599	1.08602	1.08569	1.08589	2826
2024-05-22 03:00:00	1.0859	1.08592	1.0854	1.08548	2100
2024-05-22 03:30:00	1.08552	1.08559	1.08536	1.08556	2517
2024-05-22 04:00:00	1.08557	1.0856	1.0853	1.08543	1052
2024-05-22 04:30:00	1.08543	1.08548	1.08527	1.08533	1663
2024-05-22 05:00:00	1.08534	1.08544	1.0852	1.08544	1340
2024-05-22 05:30:00	1.08543	1.08565	1.08534	1.08558	1944
2024-05-22 06:00:00	1.08557	1.08617	1.08554	1.08597	8428
2024-05-22 06:30:00	1.08598	1.08632	1.0858	1.08612	5128
2024-05-22 07:00:00	1.08613	1.08633	1.08501	1.08528	6280
2024-05-22 07:30:00	1.08527	1.08587	1.08509	1.08576	3323
2024-05-22 08:00:00	1.08577	1.0858	1.08461	1.08468	4528
2024-05-22 08:30:00	1.08467	1.08527	1.08467	1.08486	3314
2024-05-22 09:00:00	1.08484	1.08498	1.08411	1.08445	3767
2024-05-22 09:30:00	1.08446	1.08459	1.08416	1.08435	2858
2024-05-22 10:00:00	1.08437	1.08462	1.08394	1.08399	4337
2024-05-22 10:30:00	1.08399	1.08429	1.08368	1.08375	2684
2024-05-22 11:00:00	1.08375	1.08384	1.08309	1.08314	2542
2024-05-22 11:30:00	1.08314	1.08316	1.08219	1.08274	5251
2024-05-22 12:00:00	1.08274	1.08305	1.08264	1.08304	7346
2024-05-22 12:30:00	1.08303	1.08367	1.08288	1.08318	6689
2024-05-22 13:00:00	1.08319	1.08396	1.08317	1.08391	5031
2024-05-22 13:30:00	1.08393	1.08408	1.08346	1.08353	5552
2024-05-22 14:00:00	1.08354	1.08381	1.08326	1.08356	4370
2024-05-22 14:30:00	1.08356	1.08399	1.08316	1.08334	5059
2024-05-22 15:00:00	1.08335	1.08376	1.0833	1.08366	3342
2024-05-22 15:30:00	1.08366	1.08422	1.08347	1.08361	3040
2024-05-22 16:00:00	1.08361	1.08442	1.08357	1.08419	3073
2024-05-22 16:30:00	1.08418	1.08442	1.08394	1.08424	3437
2024-05-22 17:00:00	1.08424	1.08469	1.08415	1.08416	3129
2024-05-22 17:30:00	1.08415	1.08415	1.08342	1.08372	4664
2024-05-22 18:00:00	1.08376	1.08379	1.08186	1.08197	9982
2024-05-22 18:30:00	1.08196	1.0825	1.08177	1.08213	5528
2024-05-22 19:00:00	1.08213	1.08219	1.08174	1.08195	1966
2024-05-22 19:30:00	1.08196	1.08222	1.08188	1.08209	2479
2024-05-22 20:00:00	1.0821	1.08235	1.08202	1.08225	876
2024-05-22 20:30:00	1.08224	1.08226	1.08205	1.08224	566
2024-05-22 21:00:00	1.08221	1.08243	1.0821	1.08226	913
2024-05-22 21:30:00	1.08226	1.08241	1.08219	1.08233	1039
2024-05-22 22:00:00	1.08239	1.0825	1.08233	1.08246	602
2024-05-22 22:30:00	1.08245	1.0826	1.08235	1.08251	690
2024-05-22 23:00:00	1.08251	1.08264	1.08241	1.08263	859
2024-05-22 23:30:00	1.08263	1.08269	1.08241	1.0825	821
2024-05-23 00:00:00	1.08251	1.08285	1.08246	1.08279	2229
2024-05-23 00:30:00	1.08277	1.08287	1.08248	1.08255	2110
2024-05-23 01:00:00	1.08254	1.08284	1.08246	1.08256	3196
2024-05-23 01:30:00	1.08256	1083	1.08251	1.08277	1819
2024-05-23 02:00:00	1.08277	1.08277	1.08219	1.08254	1200
2024-05-23 02:30:00	1.08256	1.08291	1.08255	1.08283	1717
2024-05-23 03:00:00	1.08284	1.08306	1.08271	1.0829	1681
2024-05-23 03:30:00	1.0829	1.08312	1.08286	1.08303	662
2024-05-23 04:00:00	1.08302	1.08323	1.08287	1.08287	1205
2024-05-23 04:30:00	1.08288	1.08299	1.08266	1.08266	1181
2024-05-23 05:00:00	1.08266	1.08281	1.08249	1.08272	1287
2024-05-23 05:30:00	1.08271	1.08271	1.08231	1.0824	1142
2024-05-23 06:00:00	1.08237	1.08271	1.08214	1.08259	2917
2024-05-23 06:30:00	1.08259	1.0828	1.08238	1.08269	1917
2024-05-23 07:00:00	1.08269	1.08304	1.08124	1.08137	10221
2024-05-23 07:30:00	1.08143	1.08346	1.08133	1.0829	9358
2024-05-23 08:00:00	1.0829	1.08434	1.08282	1.08431	5780
2024-05-23 08:30:00	1.08432	1.08448	1.08376	1.08385	4459
2024-05-23 09:00:00	1.08386	1.08437	1.08335	1.08381	6970
2024-05-23 09:30:00	1.08382	1.08483	1.08376	1.08459	3286
2024-05-23 10:00:00	1.08458	1.0848	1.08444	1.08451	3743
2024-05-23 10:30:00	1.08452	1.08483	1.08438	1.08452	2316
2024-05-23 11:00:00	1.08454	1.08472	1.0843	1.08442	2336
2024-05-23 11:30:00	1.08444	1.08525	1.0844	1.08505	2331
2024-05-23 12:00:00	1.08506	1.08542	1.08497	1.0852	4178
2024-05-23 12:30:00	1.08518	1.08543	1.08455	1.08527	6757
2024-05-23 13:00:00	1.08529	1.08608	1.08514	1.08598	6373
2024-05-23 13:30:00	1.08598	1.0861	1.08281	1.08341	12763
2024-05-23 14:00:00	1.08341	1.08422	1.08302	1.08358	18592
2024-05-23 14:30:00	1.08359	1.08382	1.08232	1.08244	9512
2024-05-23 15:00:00	1.08246	1.08306	1.08222	1.08239	6232
2024-05-23 15:30:00	1.0824	1.0828	1.08203	1.08262	4693
2024-05-23 16:00:00	1.08261	1.08311	1.0821	1.08245	6342
2024-05-23 16:30:00	1.08245	1.08261	1.08179	1.08183	3186
2024-05-23 17:00:00	1.08182	1.08187	1.08143	1.08182	3560
2024-05-23 17:30:00	1.08182	1082	1.08084	1.08117	4305
2024-05-23 18:00:00	1.08119	1.08137	1.08071	1.08071	4394
2024-05-23 18:30:00	1.08069	1.08087	1.08048	1.08053	3227
2024-05-23 19:00:00	1.08052	1.08097	1.08048	1.08077	3124
2024-05-23 19:30:00	1.08076	1.08114	1.08072	1.08101	2335
2024-05-23 20:00:00	1.08099	1.08129	1.08086	1.08128	661
2024-05-23 20:30:00	1.08128	1.08158	1.08121	1.08146	460
2024-05-23 21:00:00	1.08145	1.0815	1.08106	1.08124	1092
2024-05-23 21:30:00	1.08127	1.08149	1.08125	1.08146	1073
2024-05-23 22:00:00	1.08145	1.08149	1.08123	1.08134	856
2024-05-23 22:30:00	1.08134	1.08136	1.08122	1.08131	174
2024-05-23 23:00:00	1.08131	1.08149	1.08127	1.08143	220
2024-05-23 23:30:00	1.08142	1.08149	1.08115	1.08116	419
2024-05-24 00:00:00	1.08115	1.08115	1.08077	1.08095	1490
2024-05-24 00:30:00	1.08096	1.08125	1.08075	1.08101	1005
2024-05-24 01:00:00	1.08102	1.08129	1.08079	1.08117	2313
2024-05-24 01:30:00	1.08116	1.08137	1081	1.08105	1579
2024-05-24 02:00:00	1.08105	1.0811	1.08079	1.08082	1058
2024-05-24 02:30:00	1.08081	1.08097	1.0807	1.08088	1194
2024-05-24 03:00:00	1.08088	1.08092	1.08075	1.08076	568
2024-05-24 03:30:00	1.08077	1.08086	1.08056	1.08063	926
2024-05-24 04:00:00	1.08063	1.08094	1.08054	1.08085	714
2024-05-24 04:30:00	1.08086	1.08102	1.08081	1.08091	780
2024-05-24 05:00:00	1.0809	1.08095	1.08075	1.08086	1197
2024-05-24 05:30:00	1.08086	1.08111	1.08076	1.08104	960
2024-05-24 06:00:00	1.08107	1.08158	1.0809	1.08156	2551
2024-05-24 06:30:00	1.08153	1.0818	1.08122	1.08128	1679
2024-05-24 07:00:00	1.08129	1.08197	1.08129	1.08196	2408
2024-05-24 07:30:00	1.08195	1.08257	1.08173	1.08243	2246
2024-05-24 08:00:00	1.08243	1.08245	1.08203	1.08207	3048
2024-05-24 08:30:00	1.08207	1.08282	1.08197	1.08247	2991
2024-05-24 09:00:00	1.08246	1.08302	1.08236	1.08294	2225
2024-05-24 09:30:00	1.08293	1.08316	1.08274	1.08286	2408
2024-05-24 10:00:00	1.08287	1.08397	1.08276	1.08392	2420
2024-05-24 10:30:00	1.08393	1.08441	1.08372	1.08402	3300
2024-05-24 11:00:00	1.08401	1.08413	1.08344	1.08365	4532
2024-05-24 11:30:00	1.08364	1.08429	1.08348	1.08409	2295
2024-05-24 12:00:00	1.08409	1.08444	1.08393	1.08413	4882
2024-05-24 12:30:00	1.08412	1.08537	1.08375	1.08512	10260
2024-05-24 13:00:00	1.08511	1.08529	1.08479	1.08521	7409
2024-05-24 13:30:00	1.08523	1.08534	1.08419	1.08428	7212
2024-05-24 14:00:00	1.08435	1.08501	1.08422	1.08469	10289
2024-05-24 14:30:00	1.0847	1.08506	1.08426	1.0846	5639
2024-05-24 15:00:00	1.08459	1.08547	1.08456	1.08531	4910
2024-05-24 15:30:00	1.08532	1.08558	1.0848	1.08512	3727
2024-05-24 16:00:00	1.08511	1.08578	1.0849	1.08563	1925
2024-05-24 16:30:00	1.08563	1.08566	1.08464	1.0847	2940
2024-05-24 17:00:00	1.0847	1.08524	1.08459	1.08513	1593
2024-05-24 17:30:00	1.08512	1.08527	1.08495	1.0852	1656
2024-05-24 18:00:00	1.0852	1.08533	1.08496	1.08496	1344
2024-05-24 18:30:00	1.08496	1.08507	1.0848	1.08496	1153
2024-05-24 19:00:00	1.08495	1.08496	1.08476	1.08494	2241
2024-05-24 19:30:00	1.08493	1085	1.08476	1.08488	2766
2024-05-24 20:00:00	1.08488	1.08492	1.08466	1.08473	1554
2024-05-24 20:30:00	1.08474	1.08483	1.08442	1.0846	1099
2024-05-26 21:00:00	1.0845	1.08453	1.0843	1.08446	92
2024-05-26 21:30:00	1.08449	1.08466	1.0843	1.08449	181
2024-05-26 22:00:00	1.08451	1.08511	1.08446	1.08504	579
2024-05-26 22:30:00	1.08503	1.08513	1.08499	1.08504	468
2024-05-26 23:00:00	1.08503	1.08504	1.08486	1.08489	794
2024-05-26 23:30:00	1.08489	1.08489	1.0846	1.08466	1139
2024-05-27 00:00:00	1.08467	1.08492	1.08466	1.08471	1126
2024-05-27 00:30:00	1.08471	1.08491	1.08471	1.08486	1509
2024-05-27 01:00:00	1.08488	1.08507	1.08486	1.08507	1850
2024-05-27 01:30:00	1.08508	1.08513	1.08498	1.08499	2067
2024-05-27 02:00:00	1.08499	1.08519	1.08488	1.08491	1375
2024-05-27 02:30:00	1.08489	1.08499	1.08482	1.08499	661
2024-05-27 03:00:00	1.08499	1.08505	1.08494	1.08499	915
2024-05-27 03:30:00	1.08499	1085	1.08475	1.0849	2531
2024-05-27 04:00:00	1.08492	1.08492	1.08472	1.08482	857
2024-05-27 04:30:00	1.08484	1.08496	1.08481	1.08485	202
2024-05-27 05:00:00	1.08485	1.08489	1.08477	1.08488	549
2024-05-27 05:30:00	1.08487	1.08492	1.0848	1.08489	726
2024-05-27 06:00:00	1.08491	1.08492	1.08442	1.08474	2150
2024-05-27 06:30:00	1.08473	1.08517	1.0846	1.08512	1125
2024-05-27 07:00:00	1.08511	1.08524	1.08473	1.08493	2697
2024-05-27 07:30:00	1.08494	1.08517	1.08481	1.08504	1730
2024-05-27 08:00:00	1.08505	1.08513	1.0845	1.08499	3086
2024-05-27 08:30:00	1.08501	1.08533	1.08478	1.08493	3220
2024-05-27 09:00:00	1.08494	1.08557	1.08488	1.08543	1588
2024-05-27 09:30:00	1.08544	1.08671	1.08538	1.08671	2990
2024-05-27 10:00:00	1.08673	1.08674	1.08536	1.08541	2972
2024-05-27 10:30:00	1.08542	1.08633	1.08537	1.08628	1334
2024-05-27 11:00:00	1.08626	1.08641	1.08585	1.08609	1713
2024-05-27 11:30:00	1.08609	1.08613	1.08565	1.08573	3866
2024-05-27 12:00:00	1.08576	1086	1.08405	1.08506	7136
2024-05-27 12:30:00	1.08507	1.0851	1.08458	1.08489	4416
2024-05-27 13:00:00	1.0849	1.08531	1.08443	1.08528	3830
2024-05-27 13:30:00	1.08529	1.08589	1.08513	1.0855	3804
2024-05-27 14:00:00	1.08551	1.08553	1.08488	1.08537	4590
2024-05-27 14:30:00	1.08538	1.08596	1.08527	1.08583	2590
2024-05-27 15:00:00	1.08582	1.08598	1.08562	1.08572	3097
2024-05-27 15:30:00	1.08571	1.08598	1.08569	1.08595	1282
2024-05-27 16:00:00	1.08595	1.08616	1.08594	1.08609	1194
2024-05-27 16:30:00	1.08609	1.08619	1.08597	1.08597	1034
2024-05-27 17:00:00	1.08598	1.08606	1.08574	1.08602	1009
2024-05-27 17:30:00	1.08602	1.08605	1.08572	1.08573	612
2024-05-27 18:00:00	1.08574	1.08585	1.08571	1.08584	388
2024-05-27 18:30:00	1.08585	1.08586	1.08571	1.08574	680
2024-05-27 19:00:00	1.08573	1.08587	1.08572	1.08584	454
2024-05-27 19:30:00	1.08585	1.08599	1.08582	1.08597	913
2024-05-27 20:00:00	1.08597	1.08607	1.08588	1.0859	325
2024-05-27 20:30:00	1.08589	1.08593	1.08562	1.08571	465
2024-05-27 21:00:00	1.08571	1.08602	1.08521	1.08588	1735
2024-05-27 21:30:00	1.08589	1.0859	1.08545	1.08566	859
2024-05-27 22:00:00	1.08562	1.08593	1.08562	1.08591	447
2024-05-27 22:30:00	1.08592	1.08603	1.08588	1.08596	223
2024-05-27 23:00:00	1.08596	1.08605	1.08588	1.08604	630
2024-05-27 23:30:00	1.08603	1.08618	1.08598	1.08614	604
2024-05-28 00:00:00	1.08615	1.08654	1.08608	1.0863	2208
2024-05-28 00:30:00	1.0863	1.08683	1.08616	1.0865	3290
2024-05-28 01:00:00	1.08649	1087	1.08642	1.08677	4018
2024-05-28 01:30:00	1.08678	1.08735	1.08667	1.08722	3940
2024-05-28 02:00:00	1.08723	1.0876	1.08718	1.08726	4572
2024-05-28 02:30:00	1.08726	1.08768	1.08714	1.08758	2506
2024-05-28 03:00:00	1.08758	1.08775	1.08737	1.08768	5327
2024-05-28 03:30:00	1.08768	1.08785	1.08764	1.08784	1832
2024-05-28 04:00:00	1.08784	1088	1.08784	1.08786	3683
2024-05-28 04:30:00	1.08787	1088	1.08756	1.0876	5331
2024-05-28 05:00:00	1.08761	1.0878	1.08746	1.08746	3592
2024-05-28 05:30:00	1.08746	1.08765	1.08726	1.0875	2263
2024-05-28 06:00:00	1.08751	1088	1.08751	1.08777	2545
2024-05-28 06:30:00	1.08778	1.08785	1.08737	1.08754	4139
2024-05-28 07:00:00	1.08753	1.08769	1.08716	1.08758	4366
2024-05-28 07:30:00	1.08758	1.0879	1.0875	1.08774	2733
2024-05-28 08:00:00	1.08773	1.08797	1.08729	1.08745	4801
2024-05-28 08:30:00	1.08744	1.08747	1.0867	1.08699	4889
2024-05-28 09:00:00	1.08699	1.08712	1.08672	1087	3153
2024-05-28 09:30:00	1.08699	1.08775	1.08698	1.08768	2482
2024-05-28 10:00:00	1.08769	1.08795	1.08766	1.08771	2209
2024-05-28 10:30:00	1.08771	1.08797	1.08754	1.08782	2075
2024-05-28 11:00:00	1.08783	1.0889	1.08782	1.08849	4376
2024-05-28 11:30:00	1.08851	1.08889	1.08838	1.0884	3323
2024-05-28 12:00:00	1.0884	1.08846	1.08749	1.08767	6233
2024-05-28 12:30:00	1.08768	1.08807	1.08747	1.08764	4389
2024-05-28 13:00:00	1.08763	1.08801	1.08731	1.08757	7100
2024-05-28 13:30:00	1.08758	1.08771	1.08636	1.08641	8361
2024-05-28 14:00:00	1.08642	1.08689	1.08578	1.08684	7285
2024-05-28 14:30:00	1.08684	1.08769	1.08638	1.08749	5862
2024-05-28 15:00:00	1.08749	1.0877	1.08712	1.08754	4250
2024-05-28 15:30:00	1.08754	1.08796	1.08751	1.08781	4056
2024-05-28 16:00:00	1.08782	1.08788	1.08706	1.08723	2571
2024-05-28 16:30:00	1.08724	1.08753	1.08723	1.08747	2582
2024-05-28 17:00:00	1.08747	1.08757	1.08692	1.08728	3733
2024-05-28 17:30:00	1.08729	1.08742	1.08645	1.08651	4715
2024-05-28 18:00:00	1.08651	1.08651	1.08582	1.08587	3070
2024-05-28 18:30:00	1.08588	1.08592	1.08551	1.08583	3633
2024-05-28 19:00:00	1.08584	1.08609	1.08558	1.08593	2350
2024-05-28 19:30:00	1.08594	1.08619	1.0859	1.08611	1975
2024-05-28 20:00:00	1.08611	1.08614	1.08593	1.08597	904
2024-05-28 20:30:00	1.08598	1086	1.08559	1.08563	1146
2024-05-28 21:00:00	1.08562	1.08593	1.08562	1.08577	2035
2024-05-28 21:30:00	1.08578	1.08594	1.08566	1.08569	2562
2024-05-28 22:00:00	1.08572	1.08604	1.08567	1.08567	601
2024-05-28 22:30:00	1.08567	1.08567	1.08541	1.08564	1068
2024-05-28 23:00:00	1.08565	1.08568	1.08522	1.08522	1028
2024-05-28 23:30:00	1.08522	1.0854	1.08511	1.08512	1226
2024-05-29 00:00:00	1.08512	1.08514	1.08477	1.0849	1885
2024-05-29 00:30:00	1.0849	1.0852	1.08478	1.08511	3050
2024-05-29 01:00:00	1.08511	1.08569	1.08508	1.08547	3933
2024-05-29 01:30:00	1.08547	1.0855	1.08495	1.08516	1726
2024-05-29 02:00:00	1.08516	1.0854	1.08495	1.08502	1800
2024-05-29 02:30:00	1.08502	1.08504	1.08459	1.08462	2054
2024-05-29 03:00:00	1.08462	1.08477	1.08457	1.08474	1894
2024-05-29 03:30:00	1.08473	1.08483	1.08468	1.08471	1388
2024-05-29 04:00:00	1.0847	1.0847	1.08439	1.08456	1607
2024-05-29 04:30:00	1.08457	1.08484	1.08452	1.08476	809
2024-05-29 05:00:00	1.08475	1.08487	1.08462	1.08462	1574
2024-05-29 05:30:00	1.08461	1.08467	1.08443	1.08446	2451
2024-05-29 06:00:00	1.08445	1.08502	1.08445	1.08497	4130
2024-05-29 06:30:00	1.08496	1.08555	1.08493	1.08521	3529
2024-05-29 07:00:00	1.08521	1.08588	1.08521	1.08563	6146
2024-05-29 07:30:00	1.08563	1.08563	1.08506	1.0852	4010
2024-05-29 08:00:00	1.08519	1.08519	1.08291	1.08378	12213
2024-05-29 08:30:00	1.08377	1.0839	1.0833	1.08372	5407
2024-05-29 09:00:00	1.08371	1.08475	1.08368	1.08473	3809
2024-05-29 09:30:00	1.08474	1.08562	1.08456	1.08516	3333
2024-05-29 10:00:00	1.08512	1.08525	1.08429	1.0844	3680
2024-05-29 10:30:00	1.0844	1.08523	1.0841	1.08467	3747
2024-05-29 11:00:00	1.08466	1.08475	1.08355	1.08398	3132
2024-05-29 11:30:00	1.08398	1.08517	1.08398	1.08496	4386
2024-05-29 12:00:00	1.08495	1.08585	1.08495	1.08546	8811
2024-05-29 12:30:00	1.08546	1.08556	1.08461	1.08461	5182
2024-05-29 13:00:00	1.08462	1.08468	1.08337	1.08356	5820
2024-05-29 13:30:00	1.08357	1.08434	1.08317	1.08383	8114
2024-05-29 14:00:00	1.08384	1.08417	1.08204	1.08207	8833
2024-05-29 14:30:00	1.08207	1.08221	1.08111	1.08146	6263
2024-05-29 15:00:00	1.08145	1.08172	1.08103	1.08135	5349
2024-05-29 15:30:00	1.08134	1.08134	1.08088	1.08109	4672
2024-05-29 16:00:00	1.08109	1.08146	1.08073	1.08125	3657
2024-05-29 16:30:00	1.08124	1.08173	1.08106	1.08154	2663
2024-05-29 17:00:00	1.08153	1.08159	1.08072	1.08144	5699
2024-05-29 17:30:00	1.08143	1.08147	1.08099	1.08133	2473
2024-05-29 18:00:00	1.08134	1.08154	1.08102	1.08109	1412
2024-05-29 18:30:00	1.08108	1.08112	1.08048	1.08059	2199
2024-05-29 19:00:00	1.0806	1.08062	1.08021	1.08033	2326
2024-05-29 19:30:00	1.08033	1.08037	1.07999	1.08017	2575
2024-05-29 20:00:00	1.08018	1.08031	1.08005	1.08005	996
2024-05-29 20:30:00	1.08006	1.08015	1.08	1.08011	1399
2024-05-29 21:00:00	1.08007	1.0804	1.08007	1.08034	587
2024-05-29 21:30:00	1.08045	1.08054	1.08025	1.08032	594
2024-05-29 22:00:00	1.08032	1.08035	1.08008	1.08021	627
2024-05-29 22:30:00	1.0802	1.08021	1.08001	1.08009	460
2024-05-29 23:00:00	1.0801	1.08023	1.08	1.08002	1438
2024-05-29 23:30:00	1.08001	1.08017	1.07996	1.08011	1462
2024-05-30 00:00:00	1.08011	1.08011	1.07968	1.07995	3945
2024-05-30 00:30:00	1.07996	1.08	1.07952	1.07964	4052
2024-05-30 01:00:00	1.07965	1.08044	1.07955	1.08009	1784
2024-05-30 01:30:00	1.0801	1.08027	1.07974	1.07982	5138
2024-05-30 02:00:00	1.07981	1.07996	1.07971	1.07988	3422
2024-05-30 02:30:00	1.0799	1.0799	1.07938	1.07974	2653
2024-05-30 03:00:00	1.07974	1.07988	1.07961	1.07966	1775
2024-05-30 03:30:00	1.07967	1.0798	1.07961	1.07979	1541
2024-05-30 04:00:00	1.07979	1.07985	1.07965	1.07966	2143
2024-05-30 04:30:00	1.07965	1.07971	1.0792	1.07959	4987
2024-05-30 05:00:00	1.07958	1.07958	1.0789	1.07903	3556
2024-05-30 05:30:00	1.07902	1.0791	1.07883	1079	3896
2024-05-30 06:00:00	1.07901	1.07952	1.07895	1.07943	3444
2024-05-30 06:30:00	1.07944	1.07965	1.07904	1.07955	4467
2024-05-30 07:00:00	1.07956	1.08016	1.07931	1.08013	6829
2024-05-30 07:30:00	1.08014	1.08112	1.07964	1.08084	7213
2024-05-30 08:00:00	1.08083	1.08114	1.08033	1.08085	4447
2024-05-30 08:30:00	1.08085	1.08186	1.08079	1.08149	4541
2024-05-30 09:00:00	1.08148	1.08181	1.08137	1.08162	4571
2024-05-30 09:30:00	1.08162	1.08181	1.08112	1.08127	6086
2024-05-30 10:00:00	1.08128	1.08155	1.08084	1.0815	3957
2024-05-30 10:30:00	1.0815	1.08198	1.08138	1.08174	2871
2024-05-30 11:00:00	1.08175	1.08197	1.08139	1.08194	2678
2024-05-30 11:30:00	1.08195	1.08216	1.08171	1.08184	2256
2024-05-30 12:00:00	1.08182	1.08194	1.08129	1.08154	7434
2024-05-30 12:30:00	1.08155	1.08327	1.08153	1.08289	13511
2024-05-30 13:00:00	1.08293	1.08337	1.08256	1.08298	9388
2024-05-30 13:30:00	1.08297	1.0833	1.08253	1.0829	7381
2024-05-30 14:00:00	1.08294	1.0839	1.08288	1.08371	8133
2024-05-30 14:30:00	1.0837	1.08443	1.08361	1.08407	6595
2024-05-30 15:00:00	1.08407	1.08451	1.08376	1.08436	6069
2024-05-30 15:30:00	1.08436	1.08449	1.08361	1.08362	6151
2024-05-30 16:00:00	1.08364	1.08411	1.08357	1.08392	3774
2024-05-30 16:30:00	1.08393	1.0842	1.08393	1.08399	1982
2024-05-30 17:00:00	1084	1.08433	1084	1.08414	1529
2024-05-30 17:30:00	1.08415	1.08423	1.08389	1.0839	1632
2024-05-30 18:00:00	1.08391	1.08391	1.08352	1.08384	1984
2024-05-30 18:30:00	1.08384	1.08399	1.08363	1.08368	1971
2024-05-30 19:00:00	1.08367	1.08367	1.08329	1.08353	2753
2024-05-30 19:30:00	1.0835	1.08353	1.08268	1.08301	3161
2024-05-30 20:00:00	1083	1.08312	1.08289	1.0831	1108
2024-05-30 20:30:00	1.08311	1.08326	1.08304	1.08316	988
2024-05-30 21:00:00	1.08316	1.08334	1.0827	1.08311	1368
2024-05-30 21:30:00	1.08313	1.08343	1.08308	1.08334	1306
2024-05-30 22:00:00	1.08334	1.08335	1.08318	1.08335	603
2024-05-30 22:30:00	1.08335	1.08339	1.0833	1.08334	489
2024-05-30 23:00:00	1.08333	1.08335	1.08318	1.08321	702
2024-05-30 23:30:00	1.08325	1.08325	1.08309	1.08312	837
2024-05-31 00:00:00	1.08312	1.08334	1.08293	1.08303	2404
2024-05-31 00:30:00	1.08304	1.08327	1.08304	1.08321	1406
2024-05-31 01:00:00	1.0832	1.08335	1.08274	1083	3029
2024-05-31 01:30:00	1.08299	1.08302	1.08201	1.08204	4210
2024-05-31 02:00:00	1.08201	1.08224	1.08191	1.08194	2003
2024-05-31 02:30:00	1.08194	1.08196	1.08114	1.08114	2349
2024-05-31 03:00:00	1.08113	1.08182	1.08112	1.0818	3301
2024-05-31 03:30:00	1.08179	1.08198	1.0817	1.08191	1596
2024-05-31 04:00:00	1.08193	1.08194	1.08163	1.08169	1838
2024-05-31 04:30:00	1.08169	1.0819	1.08155	1.08183	2660
2024-05-31 05:00:00	1.08183	1.08196	1.0817	1.08175	2705
2024-05-31 05:30:00	1.08176	1.08213	1.08176	1.08194	1832
2024-05-31 06:00:00	1.08197	1.08218	1.08145	1.08185	3714
2024-05-31 06:30:00	1.08186	1.08255	1.08176	1.0824	3119
2024-05-31 07:00:00	1.08238	1.0825	1.08195	1.08196	6909
2024-05-31 07:30:00	1.08197	1.08243	1.08167	1.08228	4346
2024-05-31 08:00:00	1.08227	1.08307	1.08225	1.08299	3029
2024-05-31 08:30:00	1.08299	1.08385	1.08296	1.08341	4447
2024-05-31 09:00:00	1.08341	1.08448	1.0834	1.08428	4807
2024-05-31 09:30:00	1.08428	1.08479	1.08398	1.08474	4789
2024-05-31 10:00:00	1.08477	1.08487	1.08446	1.0847	3706
2024-05-31 10:30:00	1.0847	1.08515	1.08468	1.08497	3396
2024-05-31 11:00:00	1.08497	1.08551	1.08491	1.08525	2606
2024-05-31 11:30:00	1.08526	1.08552	1.08481	1.08526	3538
2024-05-31 12:00:00	1.08526	1.08556	1.08504	1.08517	4610
2024-05-31 12:30:00	1.08517	1.08822	1.08496	1.08801	17314
2024-05-31 13:00:00	1.08802	1.08808	1.08712	1.08722	9016
2024-05-31 13:30:00	1.08722	1.08753	1.08652	1.08689	8022
2024-05-31 14:00:00	1.08689	1.08774	1.08668	1.08685	8093
2024-05-31 14:30:00	1.08684	1.08687	1.0851	1.08555	16423
2024-05-31 15:00:00	1.08556	1.08589	1.08416	1.08455	9673
2024-05-31 15:30:00	1.08456	1.08537	1.08446	1.08459	4179
2024-05-31 16:00:00	1.0846	1.0846	1.08397	1.08458	6795
2024-05-31 16:30:00	1.08458	1.0852	1.08453	1.08473	2707
2024-05-31 17:00:00	1.0847	1.08526	1.08462	1.08489	2549
2024-05-31 17:30:00	1.08489	1.08494	1.08454	1.0847	2292
2024-05-31 18:00:00	1.08471	1.08489	1.08453	1.08481	2287
2024-05-31 18:30:00	1.08481	1.08491	1.0841	1.08425	1919
2024-05-31 19:00:00	1.08424	1.08454	1.08405	1.08433	2092
2024-05-31 19:30:00	1.08432	1.08512	1.08419	1.0851	3483
2024-05-31 20:00:00	1.0851	1.08521	1.08466	1.08473	1858
2024-05-31 20:30:00	1.08471	1085	1.08438	1.0845	1034
2024-06-02 21:00:00	1.08462	1.08492	1.08453	1.08471	399
2024-06-02 21:30:00	1.08473	1.08495	1.0846	1.08466	958
2024-06-02 22:00:00	1.08466	1.08544	1.08466	1.0853	1035
2024-06-02 22:30:00	1.08529	1.0854	1.0851	1.08511	2202
2024-06-02 23:00:00	1.08512	1.08518	1.08502	1.08512	1515
2024-06-02 23:30:00	1.08511	1.08529	1.08511	1.08526	1632
2024-06-03 00:00:00	1.08526	1.08557	1.08512	1.08547	1727
2024-06-03 00:30:00	1.08548	1.08574	1.08527	1.08564	2159
2024-06-03 01:00:00	1.08565	1.08577	1.08547	1.08552	3558
2024-06-03 01:30:00	1.08554	1.08587	1.08548	1.08576	1328
2024-06-03 02:00:00	1.08577	1.08579	1.08519	1.08529	2372
2024-06-03 02:30:00	1.08529	1.08544	1.08525	1.08539	1800
2024-06-03 03:00:00	1.08539	1.08568	1.08531	1.08534	1735
2024-06-03 03:30:00	1.08534	1.08535	1.08493	1.08497	2417
2024-06-03 04:00:00	1.08497	1.08544	1.08492	1.0854	1502
2024-06-03 04:30:00	1.0854	1.08546	1.08517	1.08517	1478
2024-06-03 05:00:00	1.08518	1.0854	1.0851	1.08522	2141
2024-06-03 05:30:00	1.08523	1.0853	1.08483	1.08525	2415
2024-06-03 06:00:00	1.08524	1.08538	1.08478	1.08484	3714
2024-06-03 06:30:00	1.08488	1.08586	1.08467	1.08564	4647
2024-06-03 07:00:00	1.08563	1.08587	1.0846	1.08461	5524
2024-06-03 07:30:00	1.08462	1.08512	1.08397	1.08398	5420
2024-06-03 08:00:00	1.08397	1.0841	1.08334	1.08368	5551
2024-06-03 08:30:00	1.08368	1.08423	1.08359	1084	3888
2024-06-03 09:00:00	1084	1.08406	1.08349	1.08381	3257
2024-06-03 09:30:00	1.08382	1.08411	1.08321	1.08348	3918
2024-06-03 10:00:00	1.08348	1.08355	1.08282	1.08319	4127
2024-06-03 10:30:00	1.08319	1.0839	1.08278	1.0837	2801
2024-06-03 11:00:00	1.0837	1.08445	1.0837	1.08415	3153
2024-06-03 11:30:00	1.08416	1.08448	1.08406	1.08432	4333
2024-06-03 12:00:00	1.08433	1.08479	1.08405	1.08468	3974
2024-06-03 12:30:00	1.0847	1.08498	1.08422	1.08442	4456
2024-06-03 13:00:00	1.08443	1.08528	1.08443	1.08521	4017
2024-06-03 13:30:00	1.0852	1.08537	1.08491	1.08516	7869
2024-06-03 14:00:00	1.08602	1.08825	1086	1.08786	16252
2024-06-03 14:30:00	1.08787	1.08802	1.08663	1.08699	10131
2024-06-03 15:00:00	1087	1.08882	1.08696	1.08871	6494
2024-06-03 15:30:00	1.08872	1.08904	1.08857	1.08896	4866
2024-06-03 16:00:00	1.08895	1.08904	1.08831	1.08839	5345
2024-06-03 16:30:00	1.0884	1.08873	1.08812	1.08851	5142
2024-06-03 17:00:00	1.08849	1.08882	1.08813	1.0888	3519
2024-06-03 17:30:00	1.0888	1.08886	1.08856	1.08879	3995
2024-06-03 18:00:00	1.0888	1.08932	1.08868	1.08927	3465
2024-06-03 18:30:00	1.08928	1.08976	1.08926	1.08972	2919
2024-06-03 19:00:00	1.08971	1.08994	1.08961	1.08971	2914
2024-06-03 19:30:00	1.08971	1.08999	1.0896	1.08999	3154
2024-06-03 20:00:00	1.08998	1.09012	1.08995	1.09006	535
2024-06-03 20:30:00	1.09007	1.09045	1.09006	1.09039	1281
2024-06-03 21:00:00	1.09039	1.09039	1.09002	1.09015	340
2024-06-03 21:30:00	1.09014	1.09036	1.09007	1.09028	1214
2024-06-03 22:00:00	1.09028	1.09098	1.09019	1.09079	970
2024-06-03 22:30:00	1.09079	1.09087	1.09068	1.09071	994
2024-06-03 23:00:00	1.0907	1.09089	1.09067	1.09083	2207
2024-06-03 23:30:00	1.09084	1.09084	1.09062	1.09071	2470
2024-06-04 00:00:00	1.09072	1.09147	1.09072	1.09132	3018
2024-06-04 00:30:00	1.09132	1.0916	1.09125	1.09129	2016
2024-06-04 01:00:00	1.09127	1.09137	1.09096	1.09116	2749
2024-06-04 01:30:00	1.09117	1.09122	1.09069	1.09076	3454
2024-06-04 02:00:00	1.09076	1.09085	1.09054	1.09064	1956
2024-06-04 02:30:00	1.09064	1.0908	1.09051	1.09076	1163
2024-06-04 03:00:00	1.09076	1.0909	1.09068	1.09085	1565
2024-06-04 03:30:00	1.09086	1.09098	1.0907	1.09074	2074
2024-06-04 04:00:00	1.09074	1.09097	1.09069	1.09096	879
2024-06-04 04:30:00	1.09096	1.09098	1.09067	1.09093	1351
2024-06-04 05:00:00	1.09093	1.09108	1.09074	1.09074	1242
2024-06-04 05:30:00	1.09074	1.09076	1.09027	1.0903	3073
2024-06-04 06:00:00	1.09031	1.09048	1.08992	1.08996	5248
2024-06-04 06:30:00	1.08998	1.09023	1.08963	1.08971	4929
2024-06-04 07:00:00	1.0897	1.08985	1.0886	1.08904	6832
2024-06-04 07:30:00	1.08904	1.08928	1.08847	1.08901	6812
2024-06-04 08:00:00	1.08902	1.08907	1.08781	1.08785	7252
2024-06-04 08:30:00	1.08786	1.08815	1.0874	1.08808	4996
2024-06-04 09:00:00	1.08808	1.0882	1.08692	1.08743	6027
2024-06-04 09:30:00	1.08743	1.08801	1.08714	1.08717	4643
2024-06-04 10:00:00	1.08717	1.08717	1.08648	1.08652	5652
2024-06-04 10:30:00	1.08651	1.08704	1.08631	1.08663	5145
2024-06-04 11:00:00	1.08662	1.08698	1.08621	1.08679	3906
2024-06-04 11:30:00	1.0868	1.08705	1.0859	1.08615	4384
2024-06-04 12:00:00	1.08615	1.08693	1.08615	1.08673	4753
2024-06-04 12:30:00	1.08673	1.08701	1.08621	1.08645	5144
2024-06-04 13:00:00	1.08646	1.08689	1.08621	1.08669	4811
2024-06-04 13:30:00	1.0867	1.08716	1.08656	1.0866	5471
2024-06-04 14:00:00	1.0866	1.08798	1.08632	1.08703	16531
2024-06-04 14:30:00	1087	1.08822	1.08677	1.08802	7087
2024-06-04 15:00:00	1.08802	1.08835	1.08749	1.08817	6391
2024-06-04 15:30:00	1.08816	1.08831	1.08774	1.08776	6058
2024-06-04 16:00:00	1.08777	1.08829	1.08774	1.08823	4731
2024-06-04 16:30:00	1.08824	1.08834	1.0878	1.08803	4005
2024-06-04 17:00:00	1.08802	1.08829	1.08781	1.08829	3714
2024-06-04 17:30:00	1.0883	1.08877	1.08813	1.08833	2889
2024-06-04 18:00:00	1.08832	1.08865	1.08802	1.08841	3245
2024-06-04 18:30:00	1.08841	1.0885	1.08816	1.08821	2228
2024-06-04 19:00:00	1.0882	1.08826	1.08784	1.08809	5379
2024-06-04 19:30:00	1.08809	1.08825	1.08792	1.08809	3006
2024-06-04 20:00:00	1.08809	1.08809	1.08791	1.08791	828
2024-06-04 20:30:00	1.08791	1.08794	1.08781	1.08789	1069
2024-06-04 21:00:00	1.08785	1.08811	1.08784	1.08802	350
2024-06-04 21:30:00	1.08802	1.08803	1.0878	1.08792	693
2024-06-04 22:00:00	1.08791	1.08801	1.08778	1.08798	363
2024-06-04 22:30:00	1.08798	1.08798	1.08789	1.08795	458
2024-06-04 23:00:00	1.08795	1.08813	1.08794	1.08806	547
2024-06-04 23:30:00	1.08805	1.08819	1.08799	1.08817	905
2024-06-05 00:00:00	1.08816	1.08816	1.08783	1.08789	2436
2024-06-05 00:30:00	1.08789	1.0886	1.08786	1.08841	2066
2024-06-05 01:00:00	1.08842	1.0885	1.08821	1.08849	1495
2024-06-05 01:30:00	1.08848	1.0886	1.08805	1.0884	2175
2024-06-05 02:00:00	1.08839	1.08856	1.0883	1.08846	1219
2024-06-05 02:30:00	1.08847	1.08853	1.08828	1.08832	963
2024-06-05 03:00:00	1.08833	1.08836	1.08779	1.08779	2699
2024-06-05 03:30:00	1.08779	1.08798	1.08766	1.08784	3090
2024-06-05 04:00:00	1.08783	1.08788	1.08771	1.08787	1587
2024-06-05 04:30:00	1.08788	1.08809	1.08781	1.08805	804
2024-06-05 05:00:00	1.08806	1.08822	1.08783	1.0879	1395
2024-06-05 05:30:00	1.08791	1.08801	1.08759	1.08791	2384
2024-06-05 06:00:00	1.0879	1.08796	1.08721	1.08739	4064
2024-06-05 06:30:00	1.0874	1.08801	1.08735	1.08759	2349
2024-06-05 07:00:00	1.08758	1.08787	1.08724	1.0878	5497
2024-06-05 07:30:00	1.08781	1.08794	1.08708	1.08715	5860
2024-06-05 08:00:00	1.08715	1.08754	1087	1.08729	3028
2024-06-05 08:30:00	1.0873	1.08767	1.0872	1.08758	3113
2024-06-05 09:00:00	1.08757	1.08759	1.08714	1.08744	3922
2024-06-05 09:30:00	1.08744	1.08772	1.08732	1.08735	3008
2024-06-05 10:00:00	1.08734	1.08734	1.08663	1.08666	3549
2024-06-05 10:30:00	1.08666	1.08692	1.08649	1.08685	2795
2024-06-05 11:00:00	1.08683	1.0869	1.08615	1.08627	2818
2024-06-05 11:30:00	1.08628	1.08691	1.08599	1.0868	2855
2024-06-05 12:00:00	1.08682	1.08772	1.0868	1.08757	7004
2024-06-05 12:30:00	1.08757	1.08842	1.08724	1.08839	4680
2024-06-05 13:00:00	1.0884	1.08875	1.08815	1.08859	5437
2024-06-05 13:30:00	1.0886	1.08915	1.08824	1.08891	14612
2024-06-05 14:00:00	1.08898	1.08898	1.08618	1087	16398
2024-06-05 14:30:00	1087	1.08804	1.08631	1.08662	9501
2024-06-05 15:00:00	1.08663	1.08704	1.08629	1.0867	7232
2024-06-05 15:30:00	1.08671	1.08707	1.08631	1.08648	6030
2024-06-05 16:00:00	1.08648	1.08648	1.08544	1.08631	2978
2024-06-05 16:30:00	1.08631	1.08685	1.08621	1.08642	1985
2024-06-05 17:00:00	1.08642	1.08674	1.08613	1.0862	1888
2024-06-05 17:30:00	1.08621	1.08673	1.08605	1.08672	1438
2024-06-05 18:00:00	1.08671	1.08707	1.08657	1.08707	1149
2024-06-05 18:30:00	1.08706	1.08773	1.08704	1.08756	1418
2024-06-05 19:00:00	1.08756	1.08762	1.08729	1.08739	1270
2024-06-05 19:30:00	1.08739	1.08765	1.08724	1.0874	1229
2024-06-05 20:00:00	1.08742	1.08742	1.08683	1.08687	852
2024-06-05 20:30:00	1.08686	1.08694	1.08679	1.08682	615
2024-06-05 21:00:00	1.08681	1.08725	1.08681	1087	1345
2024-06-05 21:30:00	1087	1.0871	1.08695	1.08705	575
2024-06-05 22:00:00	1.08704	1.08713	1.08684	1.08703	567
2024-06-05 22:30:00	1.08702	1.08728	1.08702	1.08728	232
2024-06-05 23:00:00	1.08727	1.08739	1.08726	1.0873	518
2024-06-05 23:30:00	1.08731	1.08744	1.08731	1.08739	517
2024-06-06 00:00:00	1.08738	1.08775	1.08738	1.08768	1048
2024-06-06 00:30:00	1.08771	1.08823	1.08762	1.08819	956
2024-06-06 01:00:00	1.08819	1.08908	1.08819	1.08907	2304
2024-06-06 01:30:00	1.08907	1.08943	1.08885	1.0894	5138
2024-06-06 02:00:00	1.08941	1.08941	1.08878	1.0891	2141
2024-06-06 02:30:00	1.0891	1.08957	1.08905	1.08919	2408
2024-06-06 03:00:00	1.08918	1.08934	1.08904	1.08933	820
2024-06-06 03:30:00	1.08933	1.08933	1.08895	1.08906	836
2024-06-06 04:00:00	1.08906	1.08907	1.0888	1.08895	831
2024-06-06 04:30:00	1.08894	1.08894	1.08865	1.08871	932
2024-06-06 05:00:00	1.0887	1.08874	1.08838	1.08845	2853
2024-06-06 05:30:00	1.08844	1.08858	1.08821	1.08847	2943
2024-06-06 06:00:00	1.08848	1.08848	1.08781	1.08783	5599
2024-06-06 06:30:00	1.08782	1.08842	1.0877	1.08839	4384
2024-06-06 07:00:00	1.08839	1.08882	1.08786	1.0883	5151
2024-06-06 07:30:00	1.08829	1.08829	1.08758	1.08782	1971
2024-06-06 08:00:00	1.0878	1.0879	1.08717	1.08751	1904
2024-06-06 08:30:00	1.08752	1.08774	1.08711	1.08772	1958
2024-06-06 09:00:00	1.08771	1.08812	1.08755	1.08788	1841
2024-06-06 09:30:00	1.08788	1.0882	1.08763	1.08798	3263
2024-06-06 10:00:00	1.08797	1.08818	1.08757	1.08767	3223
2024-06-06 10:30:00	1.08768	1.08785	1.08751	1.08762	2572
2024-06-06 11:00:00	1.08764	1.08768	1.0868	1.0868	2846
2024-06-06 11:30:00	1.08679	1.08692	1.08619	1.08675	3585
2024-06-06 12:00:00	1.08676	1.08943	1.08643	1.08897	13586
2024-06-06 12:30:00	1.08895	1.0902	1.0875	1.08816	15575
2024-06-06 13:00:00	1.08815	1.08869	1.08718	1.08822	8642
2024-06-06 13:30:00	1.08825	1.08907	1.08814	1.0885	7903
2024-06-06 14:00:00	1.08851	1.08912	1.08728	1.08747	8702
2024-06-06 14:30:00	1.08748	1.08823	1.08728	1.0878	6545
2024-06-06 15:00:00	1.0878	1.08853	1.08775	1.0885	5529
2024-06-06 15:30:00	1.0885	1.08868	1.08805	1.08819	3840
2024-06-06 16:00:00	1.0882	1.08875	1.0881	1.08875	2232
2024-06-06 16:30:00	1.08875	1.08877	1.08798	1.08818	2200
2024-06-06 17:00:00	1.08817	1.08864	1.0881	1.08855	1430
2024-06-06 17:30:00	1.08858	1.08936	1.08855	1.0892	2289
2024-06-06 18:00:00	1.0892	1.08925	1.0886	1.08884	2119
2024-06-06 18:30:00	1.08882	1.08942	1.08874	1.08929	1594
2024-06-06 19:00:00	1.0893	1.08941	1.08919	1.08925	1604
2024-06-06 19:30:00	1.08924	1.08924	1.08883	1.08892	3071
2024-06-06 20:00:00	1.08892	1.08931	1.08886	1.08914	862
2024-06-06 20:30:00	1.08914	1.08915	1.08878	1.08878	1437
2024-06-06 21:00:00	1.08873	1.08915	1.08873	1089	383
2024-06-06 21:30:00	1089	1.08909	1.08893	1.08893	855
2024-06-06 22:00:00	1.08893	1.08933	1.08893	1.08923	466
2024-06-06 22:30:00	1.08924	1.08925	1.08918	1.08918	298
2024-06-06 23:00:00	1.08921	1.08927	1.08917	1.0892	1017
2024-06-06 23:30:00	1.08919	1.08925	1.08907	1.08916	2435
2024-06-07 00:00:00	1.08915	1.08915	1.08876	1.08878	2505
2024-06-07 00:30:00	1.08878	1.08924	1.08867	1.08894	2753
2024-06-07 01:00:00	1.08895	1.08909	1.08872	1.08879	3274
2024-06-07 01:30:00	1.08878	1.08957	1.08872	1.08957	3222
2024-06-07 02:00:00	1.08956	1.08964	1.08943	1.0896	2594
2024-06-07 02:30:00	1.08961	1.08978	1.08955	1.08969	1792
2024-06-07 03:00:00	1.08969	1.08977	1.08957	1.08959	4029
2024-06-07 03:30:00	1.0896	1.08974	1.08936	1.08945	4049
2024-06-07 04:00:00	1.08944	1.08968	1.08935	1.08963	1800
2024-06-07 04:30:00	1.08964	1.08968	1.08937	1.08952	2405
2024-06-07 05:00:00	1.08952	1.08954	1.08918	1.08928	2331
2024-06-07 05:30:00	1.08928	1.08929	1.08892	1.08906	4953
2024-06-07 06:00:00	1.08905	1.08915	1.0888	1.08913	4217
2024-06-07 06:30:00	1.08914	1.08965	1.0889	1.08922	5063
2024-06-07 07:00:00	1.08921	1.08983	1.08916	1.08927	5495
2024-06-07 07:30:00	1.08925	1.08958	1.08896	1.08926	5560
2024-06-07 08:00:00	1.08927	1.08929	1.08857	1.08895	7778
2024-06-07 08:30:00	1.08896	1.08901	1.08831	1.08889	5562
2024-06-07 09:00:00	1.08888	1.08953	1.0888	1.08933	6865
2024-06-07 09:30:00	1.08932	1.08962	1.08906	1.08916	6271
2024-06-07 10:00:00	1.08915	1.08932	1.08905	1.08923	5600
2024-06-07 10:30:00	1.08921	1.08943	1.08883	1.08886	4356
2024-06-07 11:00:00	1.08886	1.08932	1.08872	1.08929	4368
2024-06-07 11:30:00	1.08929	1.09018	1.08924	1.08982	4128
2024-06-07 12:00:00	1.08984	1.08995	1.08929	1.08961	7057
2024-06-07 12:30:00	1.08966	1.09012	1.08239	1.08331	25929
2024-06-07 13:00:00	1.08331	1.08357	1.08212	1.08306	16376
2024-06-07 13:30:00	1.08305	1.08305	1.08177	1.08193	12924
2024-06-07 14:00:00	1.08194	1.08221	1.08128	1.0818	8492
2024-06-07 14:30:00	1.0818	1.08256	1.08103	1.08125	9776
2024-06-07 15:00:00	1.08125	1.08129	1.08057	1.0807	8793
2024-06-07 15:30:00	1.0807	1.08093	1.08041	1.08064	5064
2024-06-07 16:00:00	1.08065	1.0811	1.08042	1.08109	5603
2024-06-07 16:30:00	1.0811	1.08122	1.08032	1.08051	3796
2024-06-07 17:00:00	1.08051	1.08051	1.08009	1.08018	3528
2024-06-07 17:30:00	1.08017	1.08061	1.08008	1.08049	2349
2024-06-07 18:00:00	1.08048	1.0805	1.08008	1.08043	3246
2024-06-07 18:30:00	1.08043	1.08068	1.08018	1.08054	1607
2024-06-07 19:00:00	1.08053	1.08071	1.08	1.08003	3208
2024-06-07 19:30:00	1.08002	1.08029	1.08002	1.08002	2571
2024-06-07 20:00:00	1.08003	1.08038	1.07996	1.08035	1048
2024-06-07 20:30:00	1.08034	1.08035	1.07993	1.08017	1308
2024-06-09 21:00:00	1.07783	1.07789	1.07644	1.07732	1051
2024-06-09 21:30:00	1.07732	1.07773	1.07691	1.07715	1971
2024-06-09 22:00:00	1.07724	1.07781	1.07651	1.07703	2331
2024-06-09 22:30:00	1.07702	1.07773	1.07702	1.07771	2671
2024-06-09 23:00:00	1.07773	1.07798	1.07765	1.07775	2122
2024-06-09 23:30:00	1.07774	1.07788	1.07756	1.07788	761
2024-06-10 00:00:00	1.07788	1.07814	1.07739	1.07749	1638
2024-06-10 00:30:00	1.07749	1.07782	1.07748	1.07779	1251
2024-06-10 01:00:00	1.07781	1.07799	1.07724	1.07725	1597
2024-06-10 01:30:00	1.07726	1.07756	1.07722	1.07745	1364
2024-06-10 02:00:00	1.07746	1.07749	1.07715	1.07726	1377
2024-06-10 02:30:00	1.07724	1.07724	1.07667	1.07675	1322
2024-06-10 03:00:00	1.07675	1.07683	1.07653	1.07657	1213
2024-06-10 03:30:00	1.07657	1.07658	1.07554	1.07555	1771
2024-06-10 04:00:00	1.07554	1.07557	1.07479	1.07523	2117
2024-06-10 04:30:00	1.07521	1.07544	1.0752	1.07541	1500
2024-06-10 05:00:00	1.07542	1.07555	1.07481	1.07501	1384
2024-06-10 05:30:00	1.07502	1.07553	1.0748	1.07535	2316
2024-06-10 06:00:00	1.07534	1.07551	1.0749	1.07525	3473
2024-06-10 06:30:00	1.07522	1.07586	1.0749	1.07518	3583
2024-06-10 07:00:00	1.07517	1.0762	1.07478	1.0761	7342
2024-06-10 07:30:00	1.07611	1.07663	1.07557	1.07644	3726
2024-06-10 08:00:00	1.07644	1.07681	1.07614	1.07619	4610
2024-06-10 08:30:00	1.07617	1.07624	1.07548	1.07566	5888
2024-06-10 09:00:00	1.07566	1.0759	1.07505	1.07508	6358
2024-06-10 09:30:00	1.07507	1.07545	1.07405	1.07432	8446
2024-06-10 10:00:00	1.07431	1.07439	1.0735	1.07355	8104
2024-06-10 10:30:00	1.07355	1.07385	1.07327	1.07369	4191
2024-06-10 11:00:00	1.07368	1.07485	1.07368	1.07458	2197
2024-06-10 11:30:00	1.07458	1.07547	1.07448	1.07536	2598
2024-06-10 12:00:00	1.07537	1.07603	1.07522	1.07571	5178
2024-06-10 12:30:00	1.07571	1.07571	1.07412	1.07412	5901
2024-06-10 13:00:00	1.07411	1.07491	1.07399	1.07403	7186
