Timestamp	Open	High	Low	Close	Volume
2025-02-10 19:20:00	1.03075	1.0308	1.03055	1.03055	248
2025-02-10 19:25:00	1.03056	1.03073	1.03052	1.0307	232
2025-02-10 19:30:00	1.03069	1.0308	1.0306	1.0307	320
2025-02-10 19:35:00	1.0307	1.03094	1.0307	1.03091	192
2025-02-10 19:40:00	1.03091	1.03097	1.0308	1.03085	124
2025-02-10 19:45:00	1.03084	1.03089	1.03062	1.03063	202
2025-02-10 19:50:00	1.03061	1.03081	1.0306	1.03075	254
2025-02-10 19:55:00	1.03076	1.03082	1.03061	1.03066	240
2025-02-10 20:00:00	1.03067	1.03083	1.03056	1.03064	187
2025-02-10 20:05:00	1.03066	1.03077	1.03064	1.03076	164
2025-02-10 20:10:00	1.03075	1.03076	1.03059	1.03068	374
2025-02-10 20:15:00	1.03069	1.0307	1.03048	1.03057	195
2025-02-10 20:20:00	1.03055	1.03062	1.03048	1.03055	180
2025-02-10 20:25:00	1.03056	1.03062	1.0305	1.03052	180
2025-02-10 20:30:00	1.03052	1.03064	1.0305	1.03056	97
2025-02-10 20:35:00	1.03057	1.03059	1.03048	1.03052	141
2025-02-10 20:40:00	1.03053	1.03063	1.0305	1.03062	80
2025-02-10 20:45:00	1.03061	1.03061	1.03048	1.03058	128
2025-02-10 20:50:00	1.0306	1.03067	1.03049	1.03062	151
2025-02-10 20:55:00	1.0306	1.03081	1.0306	1.03067	395
2025-02-10 21:00:00	1.03066	1.03071	1.03054	1.0307	255
2025-02-10 21:05:00	1.0307	1.03081	1.03069	1.0308	66
2025-02-10 21:10:00	1.0308	1.0308	1.03073	1.03074	30
2025-02-10 21:15:00	1.03073	1.03075	1.0307	1.03072	95
2025-02-10 21:20:00	1.03072	1.03072	1.03061	1.03061	155
2025-02-10 21:25:00	1.03059	1.03065	1.03051	1.03054	82
2025-02-10 21:30:00	1.03054	1.03056	1.03049	1.03051	54
2025-02-10 21:35:00	1.03053	1.03058	1.03053	1.03055	28
2025-02-10 21:40:00	1.03057	1.03067	1.03056	1.03067	27
2025-02-10 21:45:00	1.03068	1.0307	1.0305	1.03054	54
2025-02-10 21:50:00	1.03053	1.03062	1.03049	1.03061	35
2025-02-10 21:55:00	1.03061	1.03068	1.03061	1.03062	242
2025-02-10 22:00:00	1.03061	1.0307	1.0304	1.03069	32
2025-02-10 22:05:00	1.03069	1.03073	1.03068	1.03073	110
2025-02-10 22:10:00	1.03075	1.03075	1.03065	1.03067	89
2025-02-10 22:15:00	1.03067	1.03089	1.03063	1.03066	48
2025-02-10 22:20:00	1.03064	1.03066	1.03049	1.03051	81
2025-02-10 22:25:00	1.03051	1.03059	1.03051	1.03054	204
2025-02-10 22:30:00	1.03053	1.03059	1.03053	1.03058	56
2025-02-10 22:35:00	1.03059	1.03066	1.03056	1.03056	160
2025-02-10 22:40:00	1.03056	1.03061	1.03049	1.03057	264
2025-02-10 22:45:00	1.03056	1.03056	1.03031	1.03047	341
2025-02-10 22:50:00	1.03047	1.0305	1.03029	1.03036	95
2025-02-10 22:55:00	1.03037	1.03062	1.03025	1.03049	132
2025-02-10 23:00:00	1.03042	1.03075	1.03037	1.03056	408
2025-02-10 23:05:00	1.03057	1.03066	1.03043	1.03053	301
2025-02-10 23:10:00	1.03058	1.0306	1.03029	1.03039	511
2025-02-10 23:15:00	1.03041	1.03041	1.03002	1.03008	530
2025-02-10 23:20:00	1.03009	1.0301	1.03004	1.03005	123
2025-02-10 23:25:00	1.03002	1.03005	1.02983	1.02997	470
2025-02-10 23:30:00	1.02999	1.03003	1.02982	1.02985	211
2025-02-10 23:35:00	1.02987	1.03002	1.02983	1.02999	137
2025-02-10 23:40:00	1.02999	1.03006	1.02992	1.03002	179
2025-02-10 23:45:00	1.03002	1.03013	1.03	1.03002	101
2025-02-10 23:50:00	1.03002	1.03004	1.02989	1.03004	91
2025-02-10 23:55:00	1.03004	1.03013	1.03	1.03005	58
2025-02-11 00:00:00	1.03006	1.03018	1.02997	1.03005	253
2025-02-11 00:05:00	1.03004	1.03014	1.02997	1.0301	184
2025-02-11 00:10:00	1.0301	1.03015	1.03002	1.03002	206
2025-02-11 00:15:00	1.03003	1.03005	1.02993	1.03002	156
2025-02-11 00:20:00	1.03001	1.03017	1.03001	1.03014	53
2025-02-11 00:25:00	1.03016	1.03042	1.03016	1.03042	88
2025-02-11 00:30:00	1.03042	1.0305	1.03034	1.03039	83
2025-02-11 00:35:00	1.0304	1.03065	1.0304	1.03061	153
2025-02-11 00:40:00	1.03061	1.03063	1.03049	1.03052	89
2025-02-11 00:45:00	1.0305	1.0305	1.0303	1.03043	69
2025-02-11 00:50:00	1.03041	1.03047	1.03036	1.03047	48
2025-02-11 00:55:00	1.03047	1.0305	1.03033	1.03045	58
2025-02-11 01:00:00	1.03045	1.03045	1.0302	1.0303	413
2025-02-11 01:05:00	1.03029	1.03044	1.03024	1.03032	504
2025-02-11 01:10:00	1.03032	1.03032	1.03004	1.03019	594
2025-02-11 01:15:00	1.03017	1.03025	1.03	1.03016	823
2025-02-11 01:20:00	1.03016	1.03027	1.03003	1.03009	615
2025-02-11 01:25:00	1.03008	1.03023	1.03003	1.03019	438
2025-02-11 01:30:00	1.03017	1.03025	1.03004	1.03013	342
2025-02-11 01:35:00	1.03012	1.03021	1.02999	1.0302	491
2025-02-11 01:40:00	1.0302	1.03035	1.03016	1.03032	305
2025-02-11 01:45:00	1.03033	1.03038	1.03015	1.03016	286
2025-02-11 01:50:00	1.03016	1.03032	1.03013	1.03016	278
2025-02-11 01:55:00	1.03017	1.0302	1.03011	1.03018	260
2025-02-11 02:00:00	1.03018	1.03027	1.03013	1.03023	478
2025-02-11 02:05:00	1.03023	1.03026	1.03009	1.03015	501
2025-02-11 02:10:00	1.03015	1.03019	1.02998	1.02998	546
2025-02-11 02:15:00	1.02999	1.03009	1.02985	1.02997	610
2025-02-11 02:20:00	1.02999	1.03012	1.02995	1.03004	591
2025-02-11 02:25:00	1.03004	1.03016	1.02994	1.02999	848
2025-02-11 02:30:00	1.03	1.03001	1.02963	1.02963	655
2025-02-11 02:35:00	1.02963	1.02988	1.02961	1.02965	679
2025-02-11 02:40:00	1.02966	1.02972	1.02952	1.02964	422
2025-02-11 02:45:00	1.02965	1.0297	1.02947	1.02947	425
2025-02-11 02:50:00	1.02948	1.02958	1.02937	1.02943	441
2025-02-11 02:55:00	1.02944	1.02944	1.0292	1.02928	595
2025-02-11 03:00:00	1.02927	1.02938	1.02922	1.02933	321
2025-02-11 03:05:00	1.02933	1.02937	1.02923	1.02935	487
2025-02-11 03:10:00	1.02933	1.02933	1.02919	1.02931	434
2025-02-11 03:15:00	1.0293	1.02956	1.02925	1.02956	319
2025-02-11 03:20:00	1.02954	1.02961	1.02951	1.02955	214
2025-02-11 03:25:00	1.02954	1.02968	1.02951	1.02955	420
2025-02-11 03:30:00	1.02954	1.02982	1.02952	1.02981	382
2025-02-11 03:35:00	1.02981	1.03	1.02981	1.02996	397
2025-02-11 03:40:00	1.02995	1.03003	1.02989	1.03003	315
2025-02-11 03:45:00	1.03004	1.03004	1.02988	1.02999	443
2025-02-11 03:50:00	1.03001	1.03003	1.02986	1.02988	394
2025-02-11 03:55:00	1.02988	1.02992	1.02977	1.02981	360
2025-02-11 04:00:00	1.02979	1.03004	1.02974	1.03002	242
2025-02-11 04:05:00	1.03003	1.03012	1.02993	1.03005	287
2025-02-11 04:10:00	1.03003	1.03009	1.02997	1.03005	243
2025-02-11 04:15:00	1.03004	1.03025	1.03004	1.03017	289
2025-02-11 04:20:00	1.03018	1.03022	1.03003	1.03015	540
2025-02-11 04:25:00	1.03014	1.03025	1.03014	1.03019	444
2025-02-11 04:30:00	1.03018	1.03026	1.03016	1.03021	215
2025-02-11 04:35:00	1.0302	1.03026	1.03007	1.03025	344
2025-02-11 04:40:00	1.03025	1.03037	1.03024	1.03031	266
2025-02-11 04:45:00	1.03032	1.03035	1.03029	1.03032	276
2025-02-11 04:50:00	1.03034	1.03039	1.03027	1.03038	375
2025-02-11 04:55:00	1.03037	1.03041	1.03034	1.0304	564
2025-02-11 05:00:00	1.03041	1.03044	1.03034	1.03044	469
2025-02-11 05:05:00	1.03043	1.03057	1.03042	1.03052	370
2025-02-11 05:10:00	1.03053	1.03056	1.03042	1.03046	262
2025-02-11 05:15:00	1.03046	1.03056	1.03044	1.03053	564
2025-02-11 05:20:00	1.03053	1.03058	1.03031	1.03034	449
2025-02-11 05:25:00	1.03036	1.0304	1.03034	1.03035	227
2025-02-11 05:30:00	1.03039	1.03042	1.03029	1.03031	296
2025-02-11 05:35:00	1.03032	1.03038	1.03019	1.03035	508
2025-02-11 05:40:00	1.03034	1.03051	1.03033	1.03036	435
2025-02-11 05:45:00	1.03034	1.03039	1.03029	1.03035	205
2025-02-11 05:50:00	1.03034	1.03042	1.03026	1.0304	319
2025-02-11 05:55:00	1.03038	1.03056	1.03034	1.03046	455
2025-02-11 06:00:00	1.03045	1.03061	1.0304	1.03055	197
2025-02-11 06:05:00	1.03057	1.03068	1.03047	1.03054	442
2025-02-11 06:10:00	1.03052	1.03063	1.03044	1.03055	297
2025-02-11 06:15:00	1.03054	1.0306	1.03047	1.03055	265
2025-02-11 06:20:00	1.03054	1.03081	1.03054	1.03079	290
2025-02-11 06:25:00	1.0308	1.03093	1.03078	1.03087	423
2025-02-11 06:30:00	1.03086	1.03103	1.03081	1.03084	343
2025-02-11 06:35:00	1.03084	1.0309	1.0307	1.03075	378
2025-02-11 06:40:00	1.03074	1.0309	1.03068	1.03079	461
2025-02-11 06:45:00	1.0308	1.03081	1.03069	1.03069	639
2025-02-11 06:50:00	1.03069	1.03072	1.03053	1.03069	643
2025-02-11 06:55:00	1.0307	1.03072	1.03046	1.0305	290
2025-02-11 07:00:00	1.0305	1.0306	1.03018	1.03023	700
2025-02-11 07:05:00	1.03025	1.03046	1.03008	1.03032	926
2025-02-11 07:10:00	1.0303	1.03047	1.03009	1.03027	786
2025-02-11 07:15:00	1.03028	1.03047	1.03017	1.03047	690
2025-02-11 07:20:00	1.03049	1.03056	1.03025	1.03034	627
2025-02-11 07:25:00	1.03034	1.03073	1.03034	1.03054	487
2025-02-11 07:30:00	1.03053	1.03065	1.03033	1.03038	757
2025-02-11 07:35:00	1.03037	1.03048	1.03009	1.03019	670
2025-02-11 07:40:00	1.0302	1.03056	1.03019	1.03034	745
2025-02-11 07:45:00	1.03041	1.03066	1.03038	1.03059	590
2025-02-11 07:50:00	1.0306	1.03077	1.03044	1.03067	478
2025-02-11 07:55:00	1.03068	1.03077	1.03029	1.0303	660
2025-02-11 08:00:00	1.0303	1.03054	1.03013	1.03016	955
2025-02-11 08:05:00	1.03017	1.03036	1.02998	1.03032	871
2025-02-11 08:10:00	1.0303	1.03068	1.0303	1.03049	686
2025-02-11 08:15:00	1.03048	1.0308	1.03034	1.0306	1005
2025-02-11 08:20:00	1.0306	1.03084	1.03045	1.0308	489
2025-02-11 08:25:00	1.03079	1.03086	1.0306	1.03071	459
2025-02-11 08:30:00	1.03071	1.03098	1.03065	1.03077	578
2025-02-11 08:35:00	1.03078	1.03098	1.0307	1.03095	607
2025-02-11 08:40:00	1.03095	1.03157	1.03091	1.03138	534
2025-02-11 08:45:00	1.03138	1.03166	1.03125	1.03139	466
2025-02-11 08:50:00	1.0314	1.03175	1.03135	1.03155	588
2025-02-11 08:55:00	1.03158	1.03196	1.03157	1.0318	631
2025-02-11 09:00:00	1.0318	1.03202	1.03167	1.03196	604
2025-02-11 09:05:00	1.03196	1.03217	1.03176	1.03211	847
2025-02-11 09:10:00	1.0321	1.03218	1.03179	1.0318	761
2025-02-11 09:15:00	1.0318	1.03197	1.03151	1.03171	1437
2025-02-11 09:20:00	1.03172	1.03177	1.03147	1.03148	949
2025-02-11 09:25:00	1.03149	1.03149	1.03125	1.03136	511
2025-02-11 09:30:00	1.03137	1.03174	1.03136	1.03153	768
2025-02-11 09:35:00	1.03152	1.03161	1.03135	1.03155	779
2025-02-11 09:40:00	1.03153	1.0316	1.03129	1.03136	833
2025-02-11 09:45:00	1.03138	1.03155	1.03128	1.03147	662
2025-02-11 09:50:00	1.03149	1.03203	1.03146	1.03179	640
2025-02-11 09:55:00	1.03178	1.03187	1.03169	1.03177	598
2025-02-11 10:00:00	1.03178	1.03204	1.03165	1.03196	839
2025-02-11 10:05:00	1.03197	1.03201	1.0318	1.03181	651
2025-02-11 10:10:00	1.0318	1.03231	1.0318	1.03229	677
2025-02-11 10:15:00	1.03228	1.03251	1.03213	1.03236	827
2025-02-11 10:20:00	1.03235	1.03248	1.03227	1.03239	397
2025-02-11 10:25:00	1.0324	1.03247	1.03219	1.03221	568
2025-02-11 10:30:00	1.03222	1.03231	1.03205	1.03209	670
2025-02-11 10:35:00	1.03208	1.0321	1.03161	1.03162	548
2025-02-11 10:40:00	1.03161	1.03167	1.03152	1.03159	551
2025-02-11 10:45:00	1.03159	1.03169	1.0315	1.03163	272
2025-02-11 10:50:00	1.03163	1.03178	1.03143	1.03171	594
2025-02-11 10:55:00	1.03169	1.03175	1.03147	1.03159	639
2025-02-11 11:00:00	1.03158	1.0319	1.03158	1.03188	489
2025-02-11 11:05:00	1.0319	1032	1.0318	1.03182	411
2025-02-11 11:10:00	1.03184	1.03207	1.03182	1.03204	328
2025-02-11 11:15:00	1.03203	1.03212	1.03182	1.03184	460
2025-02-11 11:20:00	1.03184	1.0319	1.03162	1.03169	429
2025-02-11 11:25:00	1.03168	1.03173	1.03161	1.03169	327
2025-02-11 11:30:00	1.03168	1.03177	1.03155	1.03167	301
2025-02-11 11:35:00	1.03167	1.03196	1.03157	1.03195	240
2025-02-11 11:40:00	1.03195	1.03197	1.03178	1.0318	265
2025-02-11 11:45:00	1.03182	1.03217	1.0318	1.03213	328
2025-02-11 11:50:00	1.03214	1.0322	1.03202	1.03205	381
2025-02-11 11:55:00	1.03204	1.03226	1.03204	1.03218	412
2025-02-11 12:00:00	1.03216	1.0323	1.03214	1.03214	625
2025-02-11 12:05:00	1.03212	1.03231	1.03212	1.03221	499
2025-02-11 12:10:00	1.03221	1.0325	1.03204	1.03239	497
2025-02-11 12:15:00	1.03239	1.03264	1.03238	1.0324	462
2025-02-11 12:20:00	1.0324	1.03275	1.03237	1.03275	623
2025-02-11 12:25:00	1.03275	1.03285	1.03267	1.0327	616
2025-02-11 12:30:00	1.03266	1.03279	1.03261	1.0327	519
2025-02-11 12:35:00	1.03271	1.03274	1.03258	1.03266	512
2025-02-11 12:40:00	1.03269	1.03279	1.03254	1.03268	453
2025-02-11 12:45:00	1.03268	1.03279	1.03252	1.03257	397
2025-02-11 12:50:00	1.03257	1.03262	1.0322	1.03225	744
2025-02-11 12:55:00	1.03224	1.03227	1.03206	1.03219	1001
2025-02-11 13:00:00	1.03219	1.03236	1.03198	1.03231	750
2025-02-11 13:05:00	1.03232	1.03259	1.03232	1.03242	608
2025-02-11 13:10:00	1.03242	1.03251	1.03226	1.03229	428
2025-02-11 13:15:00	1.03228	1.03229	1.03192	1.03198	579
2025-02-11 13:20:00	1.03198	1.03204	1.03165	1.03187	780
2025-02-11 13:25:00	1.03187	1.03196	1.03175	1.03178	411
2025-02-11 13:30:00	1.03179	1.03222	1.03164	1.03222	646
2025-02-11 13:35:00	1.03222	1.03238	1.03181	1.03184	531
2025-02-11 13:40:00	1.03186	1.03198	1.03177	1.03182	496
2025-02-11 13:45:00	1.03181	1.03195	1.0317	1.03189	492
2025-02-11 13:50:00	1.03187	1.03226	1.03187	1.03219	348
2025-02-11 13:55:00	1.03221	1.0323	1.03204	1.03222	501
2025-02-11 14:00:00	1.03222	1.03269	1.03216	1.03258	592
2025-02-11 14:05:00	1.03258	1.03295	1.03256	1.03268	595
2025-02-11 14:10:00	1.03269	1.03272	1.03232	1.03246	440
2025-02-11 14:15:00	1.03246	1.03274	1.03237	1.03269	529
2025-02-11 14:20:00	1.03269	1.03294	1.03257	1.03289	590
2025-02-11 14:25:00	1.0329	1.03307	1.0328	1.03303	510
2025-02-11 14:30:00	1.03305	1.03333	1.03297	1.0332	870
2025-02-11 14:35:00	1.03319	1.03326	1.03292	1.03304	679
2025-02-11 14:40:00	1.03305	1.03309	1.03292	1.03303	652
2025-02-11 14:45:00	1.03302	1.0336	1.03293	1.03353	917
2025-02-11 14:50:00	1.03354	1.03364	1.0332	1.0336	852
2025-02-11 14:55:00	1.03359	1.03371	1.03316	1.03321	707
2025-02-11 15:00:00	1.03327	1.03346	1.03282	1.03285	961
2025-02-11 15:05:00	1.03284	1.03358	1.0328	1.03353	1077
2025-02-11 15:10:00	1.03351	1.03357	1.03318	1.03318	681
2025-02-11 15:15:00	1.03318	1.03385	1.0329	1.03385	772
2025-02-11 15:20:00	1.03387	1.03421	1.03368	1.03378	980
2025-02-11 15:25:00	1.03378	1.0341	1.03364	1.0341	843
2025-02-11 15:30:00	1.03411	1.03414	1.03364	1.03368	720
2025-02-11 15:35:00	1.03367	1.03423	1.03364	1.03388	818
2025-02-11 15:40:00	1.03386	1.03389	1.03335	1.03364	825
2025-02-11 15:45:00	1.03362	1.0341	1.03361	1.03395	896
2025-02-11 15:50:00	1.03395	1.03432	1.03377	1.03413	872
2025-02-11 15:55:00	1.03412	1.03427	1.03387	1.03398	837
2025-02-11 16:00:00	1.03397	1.03429	1.03388	1.03423	1249
2025-02-11 16:05:00	1.03423	1.03491	1.03409	1.03488	968
2025-02-11 16:10:00	1.03491	1.03491	1.03448	1.03478	687
2025-02-11 16:15:00	1.03477	1.03484	1.03443	1.03464	794
2025-02-11 16:20:00	1.03463	1.03479	1.03447	1.03458	733
2025-02-11 16:25:00	1.03459	1.03493	1.03454	1.03485	684
2025-02-11 16:30:00	1.03486	1.03512	1.03473	1.03488	794
2025-02-11 16:35:00	1.03488	1.03496	1.03461	1.03471	477
2025-02-11 16:40:00	1.03473	1.03502	1.03453	1.03482	707
2025-02-11 16:45:00	1.03482	1035	1.0347	1.03484	543
2025-02-11 16:50:00	1.03484	1.03511	1.03453	1.03454	559
2025-02-11 16:55:00	1.03454	1.03477	1.03448	1.03457	395
2025-02-11 17:00:00	1.03456	1.03456	1.03434	1.03438	410
2025-02-11 17:05:00	1.03438	1.0346	1.03435	1.03448	316
2025-02-11 17:10:00	1.03447	1.03458	1.03433	1.0345	432
2025-02-11 17:15:00	1.0345	1.0346	1.03435	1.03447	403
2025-02-11 17:20:00	1.03446	1.03458	1.03439	1.0344	307
2025-02-11 17:25:00	1.03441	1.03476	1.03441	1.03469	329
2025-02-11 17:30:00	1.03468	1.03478	1.03459	1.03459	305
2025-02-11 17:35:00	1.03459	1.03475	1.03452	1.03473	304
2025-02-11 17:40:00	1.03472	1.03485	1.03457	1.03475	336
2025-02-11 17:45:00	1.03475	1.03476	1.03458	1.03464	280
2025-02-11 17:50:00	1.03463	1.03463	1.03446	1.03454	235
2025-02-11 17:55:00	1.03455	1.03465	1.03448	1.03453	249
2025-02-11 18:00:00	1.03451	1.0349	1.03443	1.03489	688
2025-02-11 18:05:00	1.0349	1.03513	1.0348	1.03508	514
2025-02-11 18:10:00	1.0351	1.0351	1.0348	1.03484	255
2025-02-11 18:15:00	1.03484	1.03495	1.03481	1.03482	182
2025-02-11 18:20:00	1.03482	1.03486	1.03471	1.03475	265
2025-02-11 18:25:00	1.03473	1.03473	1.03461	1.03464	207
2025-02-11 18:30:00	1.03469	1.03481	1.03467	1.03479	146
2025-02-11 18:35:00	1.03483	1.03488	1.0347	1.03472	275
2025-02-11 18:40:00	1.03472	1.03481	1.03461	1.03463	162
2025-02-11 18:45:00	1.03463	1.03468	1.03452	1.0346	158
2025-02-11 18:50:00	1.03458	1.03468	1.03453	1.03458	199
2025-02-11 18:55:00	1.03459	1.03466	1.03445	1.03453	489
2025-02-11 19:00:00	1.03451	1.03464	1.03446	1.03457	303
2025-02-11 19:05:00	1.03457	1.03459	1.03438	1.03439	218
2025-02-11 19:10:00	1.0344	1.0344	1.0342	1.03424	273
2025-02-11 19:15:00	1.03425	1.03432	1.03418	1.03428	203
2025-02-11 19:20:00	1.0343	1.03447	1.03428	1.03445	216
2025-02-11 19:25:00	1.03445	1.03462	1.03443	1.0346	202
2025-02-11 19:30:00	1.03459	1.03493	1.03457	1.03489	199
2025-02-11 19:35:00	1.03488	1.0362	1.03488	1.03619	347
2025-02-11 19:40:00	1.0362	1.03813	1.03605	1.03632	2493
2025-02-11 19:45:00	1.03634	1.03639	1.03567	1.03614	916
2025-02-11 19:50:00	1.03625	1.03639	1.03565	1.03573	519
2025-02-11 19:55:00	1.03572	1.03595	1.03556	1.03578	730
2025-02-11 20:00:00	1.0358	1.03597	1.03574	1.03589	542
2025-02-11 20:05:00	1.03589	1.03615	1.03577	1.03614	295
2025-02-11 20:10:00	1.03612	1.0362	1.03599	1.03616	366
2025-02-11 20:15:00	1.03615	1.03621	1.03604	1.0362	394
2025-02-11 20:20:00	1.0362	1.03636	1.03613	1.03614	523
2025-02-11 20:25:00	1.03615	1.03621	1.03591	1.03619	549
2025-02-11 20:30:00	1.03619	1.03674	1.03614	1.03655	685
2025-02-11 20:35:00	1.03655	1.0366	1.03631	1.03651	456
2025-02-11 20:40:00	1.03651	1.03654	1.03625	1.03627	500
2025-02-11 20:45:00	1.03627	1.03667	1.03626	1.03664	522
2025-02-11 20:50:00	1.03666	1.03674	1.03653	1.03665	444
2025-02-11 20:55:00	1.03666	1.03666	1.03626	1.03628	601
2025-02-11 21:00:00	1.03627	1.03637	1.03614	1.03622	547
2025-02-11 21:05:00	1.03622	1.03634	1.03621	1.03629	341
2025-02-11 21:10:00	1.03628	1.03638	1.03611	1.03616	249
2025-02-11 21:15:00	1.03616	1.03637	1.03615	1.03637	70
2025-02-11 21:20:00	1.03637	1.03637	1.03613	1.03618	138
2025-02-11 21:25:00	1.03618	1.03619	1.03604	1.03618	176
2025-02-11 21:30:00	1.03619	1.03623	1036	1.0361	141
2025-02-11 21:35:00	1.03611	1.03614	1.03604	1.03609	98
2025-02-11 21:40:00	1.03609	1.0361	1.03597	1.03603	117
2025-02-11 21:45:00	1.03603	1.03603	1.03587	1.03592	214
2025-02-11 21:50:00	1.03592	1.03608	1.03591	1.03603	146
2025-02-11 21:55:00	1.03604	1.03615	1.03602	1.03609	430
2025-02-11 22:00:00	1.03603	1.03604	1.03584	1.03604	41
2025-02-11 22:05:00	1.03601	1.03615	1.03601	1.03603	27
2025-02-11 22:10:00	1.03615	1.03617	1.03608	1.03609	30
2025-02-11 22:15:00	1.03605	1.03616	1.03604	1.03605	36
2025-02-11 22:20:00	1.03605	1.03623	1.03598	1.03599	75
2025-02-11 22:25:00	1.03599	1.03605	1.03583	1036	215
2025-02-11 22:30:00	1.03598	1.03632	1.03591	1.03632	138
2025-02-11 22:35:00	1.03633	1.03636	1.03626	1.03632	54
2025-02-11 22:40:00	1.0363	1.03632	1.03625	1.03628	26
2025-02-11 22:45:00	1.03628	1.03628	1.03597	1.03611	36
2025-02-11 22:50:00	1.03608	1.03608	1.03585	1.03591	136
2025-02-11 22:55:00	1.03596	1.03624	1.03594	1.03607	292
2025-02-11 23:00:00	1.03607	1.03621	1036	1.0362	147
2025-02-11 23:05:00	1.03624	1.03625	1.03607	1.03607	109
2025-02-11 23:10:00	1.03617	1.03674	1.03617	1.03665	143
2025-02-11 23:15:00	1.03664	1.03664	1.03636	1.03639	141
2025-02-11 23:20:00	1.03639	1.03641	1.03623	1.03626	153
2025-02-11 23:25:00	1.03626	1.03633	1.03621	1.03629	103
2025-02-11 23:30:00	1.0363	1.03636	1.03627	1.03634	85
2025-02-11 23:35:00	1.03633	1.03641	1.03631	1.03631	95
2025-02-11 23:40:00	1.03631	1.0365	1.03631	1.0365	78
2025-02-11 23:45:00	1.0365	1.03654	1.03645	1.03647	127
2025-02-11 23:50:00	1.03646	1.03652	1.03642	1.03648	116
2025-02-11 23:55:00	1.03649	1.03649	1.03627	1.0363	177
2025-02-12 00:00:00	1.03638	1.03641	1.03613	1.03613	322
2025-02-12 00:05:00	1.03612	1.03612	1.03582	1.03582	237
2025-02-12 00:10:00	1.03583	1.03588	1.03577	1.03582	128
2025-02-12 00:15:00	1.03583	1.03583	1.03571	1.03573	80
2025-02-12 00:20:00	1.03573	1.03586	1.03573	1.03582	120
2025-02-12 00:25:00	1.03582	1.03592	1.03576	1.03583	162
2025-02-12 00:30:00	1.03582	1.03583	1.03567	1.03577	356
2025-02-12 00:35:00	1.03579	1.03586	1.03562	1.03582	134
2025-02-12 00:40:00	1.03583	1.03585	1.0357	1.03577	145
2025-02-12 00:45:00	1.03577	1.03582	1.03573	1.03576	140
2025-02-12 00:50:00	1.03574	1.03582	1.03563	1.03567	253
2025-02-12 00:55:00	1.03566	1.03576	1.03563	1.03572	202
2025-02-12 01:00:00	1.03571	1.03573	1.0355	1.03558	602
2025-02-12 01:05:00	1.0356	1.03574	1.03537	1.03548	431
2025-02-12 01:10:00	1.0355	1.03571	1.03546	1.03566	468
2025-02-12 01:15:00	1.03565	1.03572	1.03555	1.03559	231
2025-02-12 01:20:00	1.0356	1.03571	1.03551	1.03552	221
2025-02-12 01:25:00	1.03553	1.03577	1.03551	1.03572	394
2025-02-12 01:30:00	1.03571	1.0358	1.03561	1.03578	447
2025-02-12 01:35:00	1.03579	1.03583	1.03568	1.03582	402
2025-02-12 01:40:00	1.03585	1.03594	1.03575	1.03578	246
2025-02-12 01:45:00	1.03579	1.03639	1.03578	1.0363	448
2025-02-12 01:50:00	1.03631	1.03631	1.03601	1.03601	456
2025-02-12 01:55:00	1036	1.03604	1.03581	1.03602	375
2025-02-12 02:00:00	1.03603	1.03631	1.03602	1.03618	650
2025-02-12 02:05:00	1.03619	1.03638	1.03611	1.03622	524
2025-02-12 02:10:00	1.0362	1.0363	1.03615	1.03622	470
2025-02-12 02:15:00	1.03621	1.0363	1.03619	1.03622	455
2025-02-12 02:20:00	1.03623	1.03633	1.0362	1.03633	247
2025-02-12 02:25:00	1.03635	1.03656	1.03635	1.03654	370
2025-02-12 02:30:00	1.03656	1.03677	1.03645	1.03661	340
2025-02-12 02:35:00	1.03661	1.03663	1.03651	1.03658	398
2025-02-12 02:40:00	1.03659	1.03667	1.0365	1.03667	313
2025-02-12 02:45:00	1.03666	1.03675	1.0365	1.03664	353
2025-02-12 02:50:00	1.03664	1.0367	1.03658	1.03662	337
2025-02-12 02:55:00	1.03663	1.03671	1.03622	1.03623	480
2025-02-12 03:00:00	1.03623	1.03624	1.03591	1.03618	486
2025-02-12 03:05:00	1.03618	1.0363	1036	1.03609	510
2025-02-12 03:10:00	1.03608	1.03637	1.03603	1.03636	327
2025-02-12 03:15:00	1.03638	1.03652	1.03634	1.03646	274
2025-02-12 03:20:00	1.03645	1.03651	1.03637	1.03645	370
2025-02-12 03:25:00	1.03643	1.03648	1.03627	1.0363	434
2025-02-12 03:30:00	1.03628	1.03648	1.0361	1.0362	454
2025-02-12 03:35:00	1.03619	1.03631	1.03616	1.03619	291
2025-02-12 03:40:00	1.03618	1.03622	1.03586	1.03587	353
2025-02-12 03:45:00	1.03586	1.03603	1.03584	1.03599	184
2025-02-12 03:50:00	1.03603	1.0362	1.0359	1.03609	314
2025-02-12 03:55:00	1.03609	1.03621	1.03603	1.03621	135
2025-02-12 04:00:00	1.03619	1.0362	1.03595	1.03596	291
2025-02-12 04:05:00	1.03596	1.03603	1.0359	1.03599	400
2025-02-12 04:10:00	1.03599	1.03601	1.03588	1.03599	186
2025-02-12 04:15:00	1.03599	1.03632	1.03599	1.03624	295
2025-02-12 04:20:00	1.03624	1.03632	1.03624	1.03627	173
2025-02-12 04:25:00	1.03625	1.03625	1.03611	1.03617	244
2025-02-12 04:30:00	1.03619	1.0362	1.03592	1.03593	586
2025-02-12 04:35:00	1.03593	1.03601	1.03592	1.03596	238
2025-02-12 04:40:00	1.03595	1.03605	1.03584	1.03589	252
2025-02-12 04:45:00	1.0359	1.03595	1.03581	1.03588	228
2025-02-12 04:50:00	1.03589	1.03593	1.03569	1.03571	219
2025-02-12 04:55:00	1.03571	1.03576	1.03559	1.03561	303
2025-02-12 05:00:00	1.03561	1.03566	1.03547	1.03557	689
2025-02-12 05:05:00	1.03557	1.03566	1.03556	1.03562	350
2025-02-12 05:10:00	1.03563	1.03569	1.03555	1.03557	284
2025-02-12 05:15:00	1.03556	1.03568	1.03556	1.03563	443
2025-02-12 05:20:00	1.03562	1.03573	1.03555	1.03572	287
2025-02-12 05:25:00	1.03571	1.03583	1.0357	1.03577	308
2025-02-12 05:30:00	1.03579	1.03579	1.03564	1.03566	326
2025-02-12 05:35:00	1.03569	1.03585	1.03568	1.03583	257
2025-02-12 05:40:00	1.0358	1.03585	1.03577	1.03581	351
2025-02-12 05:45:00	1.03581	1.03583	1.03575	1.03579	145
2025-02-12 05:50:00	1.0358	1.03592	1.03579	1.03589	256
2025-02-12 05:55:00	1.03589	1.03591	1.03576	1.03583	276
2025-02-12 06:00:00	1.03584	1.03589	1.0358	1.03589	387
2025-02-12 06:05:00	1.03588	1.03596	1.03579	1.03596	170
2025-02-12 06:10:00	1.03594	1036	1.03589	1.03598	243
2025-02-12 06:15:00	1.03599	1.03599	1.03574	1.03585	341
2025-02-12 06:20:00	1.03584	1.03593	1.03576	1.03588	335
2025-02-12 06:25:00	1.03589	1.0359	1.03575	1.03588	310
2025-02-12 06:30:00	1.03589	1.03597	1.03587	1.03596	272
2025-02-12 06:35:00	1.03597	1.03599	1.03569	1.03574	380
2025-02-12 06:40:00	1.03577	1.03581	1.03569	1.03575	290
2025-02-12 06:45:00	1.03577	1.0359	1.03573	1.03579	237
2025-02-12 06:50:00	1.03578	1.03596	1.03577	1.03592	663
2025-02-12 06:55:00	1.03592	1.03597	1.03579	1.03587	486
2025-02-12 07:00:00	1.03588	1.03623	1.03587	1.03622	670
2025-02-12 07:05:00	1.03621	1.03639	1.03614	1.0363	724
2025-02-12 07:10:00	1.03629	1.03639	1036	1.03619	857
2025-02-12 07:15:00	1.0362	1.03661	1.03614	1.03661	515
2025-02-12 07:20:00	1.0366	1.0366	1.03643	1.03651	354
2025-02-12 07:25:00	1.0365	1.03671	1.03646	1.0366	623
2025-02-12 07:30:00	1.03661	1.03661	1.03613	1.03639	565
2025-02-12 07:35:00	1.03639	1.0365	1.03617	1.03618	373
2025-02-12 07:40:00	1.03617	1.03654	1.03615	1.0364	434
2025-02-12 07:45:00	1.03638	1.03663	1.03638	1.03661	503
2025-02-12 07:50:00	1.0366	1.03748	1.03656	1.03741	793
2025-02-12 07:55:00	1.03745	1.03791	1.03735	1.03757	1162
2025-02-12 08:00:00	1.03758	1.0379	1.03723	1.03777	1291
2025-02-12 08:05:00	1.03776	1.03797	1.03758	1.03768	1710
2025-02-12 08:10:00	1.03768	1.03784	1.03763	1.03773	941
2025-02-12 08:15:00	1.03771	1.03791	1.03733	1.03736	733
2025-02-12 08:20:00	1.03735	1.03754	1.03714	1.03742	831
2025-02-12 08:25:00	1.03741	1.03755	1.03716	1.03717	710
2025-02-12 08:30:00	1.03717	1.03747	1037	1.03731	990
2025-02-12 08:35:00	1.03731	1.03746	1.03715	1.03743	669
2025-02-12 08:40:00	1.03742	1.03774	1.03737	1.03746	753
2025-02-12 08:45:00	1.03746	1.0376	1.03737	1.03743	540
2025-02-12 08:50:00	1.03744	1.03765	1.03739	1.03749	849
2025-02-12 08:55:00	1.03748	1.03758	1.03679	1.0371	792
2025-02-12 09:00:00	1.03709	1.03713	1.03687	1.03697	665
2025-02-12 09:05:00	1.03697	1.03699	1.03662	1.0368	812
2025-02-12 09:10:00	1.03678	1.03683	1.03646	1.03678	475
2025-02-12 09:15:00	1.03677	1.03706	1.03676	1.03697	575
2025-02-12 09:20:00	1.03697	1.03724	1.03697	1.03722	473
2025-02-12 09:25:00	1.03722	1.03722	1.03675	1.03676	427
2025-02-12 09:30:00	1.03676	1.03722	1.03669	1.03722	538
2025-02-12 09:35:00	1.03724	1.03731	1.03707	1.03725	456
2025-02-12 09:40:00	1.03726	1.03739	1.03724	1.03726	575
2025-02-12 09:45:00	1.03726	1.03726	1.03687	1.03692	573
2025-02-12 09:50:00	1.03691	1.03732	1.03689	1.03711	399
2025-02-12 09:55:00	1.03712	1.03738	1.03711	1.03733	301
2025-02-12 10:00:00	1.03736	1.03746	1.03727	1.03745	580
2025-02-12 10:05:00	1.03743	1.03771	1.03729	1.0373	714
2025-02-12 10:10:00	1.0373	1.0373	1037	1.03712	624
2025-02-12 10:15:00	1.03712	1.03728	1.03699	1.03722	576
2025-02-12 10:20:00	1.03725	1.03742	1.0371	1.03712	468
2025-02-12 10:25:00	1.03711	1.03737	1.03711	1.03721	521
2025-02-12 10:30:00	1.0372	1.03743	1.03711	1.03713	570
2025-02-12 10:35:00	1.03712	1.03731	1.0371	1.03726	496
2025-02-12 10:40:00	1.03727	1.03752	1.03719	1.03748	521
2025-02-12 10:45:00	1.03748	1.03763	1.03726	1.03727	627
2025-02-12 10:50:00	1.03728	1.03745	1.03726	1.0374	521
2025-02-12 10:55:00	1.03739	1.03759	1.03733	1.03753	684
2025-02-12 11:00:00	1.03754	1.03756	1.0374	1.03751	505
2025-02-12 11:05:00	1.03752	1.0378	1.03735	1.03777	410
2025-02-12 11:10:00	1.03774	1038	1.03757	1.0377	675
2025-02-12 11:15:00	1.0377	1.0383	1.0377	1.03813	524
2025-02-12 11:20:00	1.03814	1.03848	1.03803	1.03839	631
2025-02-12 11:25:00	1.0384	1.03856	1.0382	1.03833	551
2025-02-12 11:30:00	1.03832	1.0385	1.03827	1.03828	466
2025-02-12 11:35:00	1.03829	1.03834	1.03809	1.03823	401
2025-02-12 11:40:00	1.03824	1.03846	1.03786	1.03796	516
2025-02-12 11:45:00	1.03797	1.03803	1.03768	1.03772	697
2025-02-12 11:50:00	1.03773	1.03795	1.03769	1.03784	433
2025-02-12 11:55:00	1.03784	1.03784	1.03744	1.0375	451
2025-02-12 12:00:00	1.0375	1.03759	1.03738	1.03752	426
2025-02-12 12:05:00	1.03755	1.03766	1.0374	1.03748	515
2025-02-12 12:10:00	1.03749	1.03749	1.0372	1.0373	735
2025-02-12 12:15:00	1.0373	1.03746	1.03719	1.03738	462
2025-02-12 12:20:00	1.03735	1.03752	1.03727	1.03748	421
2025-02-12 12:25:00	1.03745	1.03748	1.03729	1.0374	396
2025-02-12 12:30:00	1.03739	1.03781	1.03738	1.03761	485
2025-02-12 12:35:00	1.0376	1.0377	1.03744	1.0377	424
2025-02-12 12:40:00	1.03769	1.03775	1.03744	1.03767	528
2025-02-12 12:45:00	1.03764	1.03766	1.03733	1.03738	560
2025-02-12 12:50:00	1.03737	1.03756	1.03732	1.03752	508
2025-02-12 12:55:00	1.03751	1.03786	1.03723	1.03727	1634
2025-02-12 13:00:00	1.03727	1.03753	1.03704	1.03739	1278
2025-02-12 13:05:00	1.03738	1.0376	1.03693	1.03694	1242
2025-02-12 13:10:00	1.03692	1.0371	1.03684	1.03693	1267
2025-02-12 13:15:00	1.03694	1.03696	1.03632	1.03637	900
2025-02-12 13:20:00	1.03637	1.03674	1.03637	1.03657	859
2025-02-12 13:25:00	1.03654	1.03689	1.03651	1.03669	812
2025-02-12 13:30:00	1.0367	1.03681	1.03168	1.03243	4185
2025-02-12 13:35:00	1.03245	1.03286	1.03175	1.03225	3200
2025-02-12 13:40:00	1.03225	1.03284	1.0317	1.03281	2677
2025-02-12 13:45:00	1.03279	1.03334	1.03264	1.03269	2191
2025-02-12 13:50:00	1.03276	1.0329	1.03247	1.03266	1619
2025-02-12 13:55:00	1.03265	1.03359	1.03254	1.03329	1789
2025-02-12 14:00:00	1.03329	1.03331	1.03266	1.03278	1553
2025-02-12 14:05:00	1.03278	1.03395	1.03254	1.03389	1369
2025-02-12 14:10:00	1.03387	1.03424	1.03368	1.03396	1299
2025-02-12 14:15:00	1.03395	1.03465	1.03392	1.03397	1169
2025-02-12 14:20:00	1.03399	1.03429	1.03386	1.03406	1661
2025-02-12 14:25:00	1.03406	1.03483	1.03394	1.03478	1140
2025-02-12 14:30:00	1.03479	1.03515	1.03418	1.03513	1635
2025-02-12 14:35:00	1.03513	1.03534	1.03483	1.03491	1572
2025-02-12 14:40:00	1.03492	1.03497	1.0342	1.03454	1591
2025-02-12 14:45:00	1.03452	1.03478	1.0343	1.03461	1628
2025-02-12 14:50:00	1.0346	1.03461	1.03431	1.03443	1398
2025-02-12 14:55:00	1.03442	1.03505	1.03436	1035	1098
2025-02-12 15:00:00	1035	1.03503	1.03391	1.03425	853
2025-02-12 15:05:00	1.03427	1.03481	1.03389	1.03455	1530
2025-02-12 15:10:00	1.03455	1.03458	1.03392	1.03404	974
2025-02-12 15:15:00	1.03404	1.03434	1.03379	1.03405	1023
2025-02-12 15:20:00	1.03406	1.03739	1.03401	1.03569	1601
2025-02-12 15:25:00	1.03574	1.03678	1.03553	1.03593	2232
2025-02-12 15:30:00	1.03593	1.03648	1.03573	1.03638	1458
2025-02-12 15:35:00	1.03637	1.03825	1.03612	1.03799	1998
2025-02-12 15:40:00	1038	1.03815	1.03705	1.03774	1803
2025-02-12 15:45:00	1.03775	1.03803	1.03714	1.0378	1430
2025-02-12 15:50:00	1.0378	1.03781	1.03698	1.03741	1347
2025-02-12 15:55:00	1.03742	1.03754	1.03706	1.03743	1490
2025-02-12 16:00:00	1.03743	1.0377	1.0367	1.03672	1235
2025-02-12 16:05:00	1.03672	1.03675	1.03606	1.03616	1181
2025-02-12 16:10:00	1.03617	1.03617	1.03557	1.03574	1332
2025-02-12 16:15:00	1.03573	1.03587	1.03501	1.03527	1568
2025-02-12 16:20:00	1.0353	1.03575	1.03507	1.03543	1491
2025-02-12 16:25:00	1.03544	1.03597	1.03533	1.03597	1069
2025-02-12 16:30:00	1.03598	1.03635	1.03577	1.03629	990
2025-02-12 16:35:00	1.03631	1.03684	1.03622	1.03683	759
2025-02-12 16:40:00	1.03683	1.03704	1.03642	1.03689	627
2025-02-12 16:45:00	1.03689	1.03736	1.03681	1.03728	701
2025-02-12 16:50:00	1.03728	1.03812	1.03708	1.0381	1156
2025-02-12 16:55:00	1.03808	1.03954	1.03807	1.0391	1686
2025-02-12 17:00:00	1.0391	1.04039	1.03905	1.04023	1854
2025-02-12 17:05:00	1.04021	1.04048	1.03974	1.04017	1396
2025-02-12 17:10:00	1.04018	1.04166	1.04003	1.04108	2090
2025-02-12 17:15:00	1.04106	1.0417	1.04075	1.04112	2395
2025-02-12 17:20:00	1.04111	1042	1.04103	1.04139	2060
2025-02-12 17:25:00	1.0414	1.04176	1.0411	1.04176	1427
2025-02-12 17:30:00	1.0418	1.04208	1.04094	1.04098	1410
2025-02-12 17:35:00	1.04099	1.04113	1.04057	1.0406	1050
2025-02-12 17:40:00	1.04059	1.04081	1.04016	1.04055	1046
2025-02-12 17:45:00	1.04054	1.04178	1.04043	1.04168	860
2025-02-12 17:50:00	1.04167	1.04237	1.04167	1.0423	977
2025-02-12 17:55:00	1.04231	1.04273	1.04228	1.0426	1011
2025-02-12 18:00:00	1.0426	1.04298	1.04202	1.04207	1375
2025-02-12 18:05:00	1.04208	1.04228	1.04141	1.04151	1051
2025-02-12 18:10:00	1.0415	1.04192	1.04131	1.04189	746
2025-02-12 18:15:00	1.04189	1.04202	1.04152	1.0416	671
2025-02-12 18:20:00	1.04162	1.04177	1.04149	1.04167	499
2025-02-12 18:25:00	1.04167	1.04187	1.04058	1.04092	1400
2025-02-12 18:30:00	1.04092	1.04094	1.0402	1.04025	1413
2025-02-12 18:35:00	1.04025	1.04025	1.0397	1.03982	931
2025-02-12 18:40:00	1.03981	1.04016	1.03948	1.03964	792
2025-02-12 18:45:00	1.03964	1.03991	1.03956	1.03962	686
2025-02-12 18:50:00	1.03961	1.0397	1.03936	1.03947	566
2025-02-12 18:55:00	1.03948	1.03956	1.03872	1.03891	629
2025-02-12 19:00:00	1.03891	1.03917	1.03881	1.03895	642
2025-02-12 19:05:00	1.03894	1.03895	1.03854	1.0389	712
2025-02-12 19:10:00	1.03888	1.0389	1.03866	1.03872	1187
2025-02-12 19:15:00	1.03872	1.03872	1.03844	1.03858	731
2025-02-12 19:20:00	1.03857	1.03863	1.03846	1.03855	661
2025-02-12 19:25:00	1.03856	1.03899	1.03854	1.03894	773
2025-02-12 19:30:00	1.03895	1.03923	1.03893	1.03915	715
2025-02-12 19:35:00	1.03916	1.03931	1.03903	1.03918	499
2025-02-12 19:40:00	1.03917	1.03918	1.03891	1.03895	416
2025-02-12 19:45:00	1.03896	1.03896	1.03866	1.03875	518
2025-02-12 19:50:00	1.03876	1.03901	1.03869	1.03893	424
2025-02-12 19:55:00	1.03892	1.03915	1.03878	1.0391	571
2025-02-12 20:00:00	1.03908	1.03911	1.03879	1.03898	517
2025-02-12 20:05:00	1.03898	1.03909	1.03888	1.03891	586
2025-02-12 20:10:00	1.03894	1.03917	1.03888	1.03913	440
2025-02-12 20:15:00	1.03916	1.03921	1.03901	1.03911	642
2025-02-12 20:20:00	1.03913	1.03951	1.03909	1.03943	446
2025-02-12 20:25:00	1.03942	1.03972	1.03936	1.03953	432
2025-02-12 20:30:00	1.03955	1.03973	1.03943	1.03959	190
2025-02-12 20:35:00	1.03959	1.0397	1.03947	1.03954	299
2025-02-12 20:40:00	1.03955	1.0396	1.0392	1.03939	307
2025-02-12 20:45:00	1.03938	1.03951	1.03927	1.03949	256
2025-02-12 20:50:00	1.03947	1.03958	1.03924	1.03941	217
2025-02-12 20:55:00	1.03945	1.03945	1.03913	1.03915	623
2025-02-12 21:00:00	1.03917	1.0392	1.03812	1.03867	1463
2025-02-12 21:05:00	1.03868	1.03893	1.03862	1.03879	367
2025-02-12 21:10:00	1.03879	1.0388	1.03854	1.03861	221
2025-02-12 21:15:00	1.03861	1.03889	1.03859	1.03888	127
2025-02-12 21:20:00	1.03889	1.03891	1.03869	1.03875	235
2025-02-12 21:25:00	1.03874	1.03881	1.03857	1.03869	346
2025-02-12 21:30:00	1.0387	1.03876	1.03849	1.03851	347
2025-02-12 21:35:00	1.03849	1.03849	1.03828	1.03837	387
2025-02-12 21:40:00	1.03835	1.03836	1.03812	1.03825	133
2025-02-12 21:45:00	1.03825	1.03842	1.03819	1.03827	275
2025-02-12 21:50:00	1.03828	1.03833	1.03813	1.0382	401
2025-02-12 21:55:00	1.03821	1.03832	1.03804	1.03821	760
2025-02-12 22:00:00	1.03818	1.0383	1.03811	1.03826	17
2025-02-12 22:05:00	1.03826	1.03857	1.03826	1.03839	179
2025-02-12 22:10:00	1.03837	1.03845	1.03833	1.03833	39
2025-02-12 22:15:00	1.03831	1.03833	1.03831	1.03832	12
2025-02-12 22:20:00	1.03832	1.03836	1.03832	1.03836	4
2025-02-12 22:25:00	1.03837	1.03867	1.03836	1.03841	192
2025-02-12 22:30:00	1.03839	1.03869	1.03837	1.03848	96
2025-02-12 22:35:00	1.03846	1.0385	1.03838	1.03847	294
2025-02-12 22:40:00	1.03844	1.03849	1.03839	1.03847	374
2025-02-12 22:45:00	1.03846	1.03855	1.03841	1.03848	439
2025-02-12 22:50:00	1.03846	1.03852	1.03834	1.03836	275
2025-02-12 22:55:00	1.03838	1.03839	1.03828	1.03828	39
2025-02-12 23:00:00	1.03829	1.0387	1.03825	1.03868	189
2025-02-12 23:05:00	1.03869	1.03874	1.03859	1.03859	176
2025-02-12 23:10:00	1.03859	1.03861	1.03848	1.03855	119
2025-02-12 23:15:00	1.03855	1.03871	1.03854	1.03856	65
2025-02-12 23:20:00	1.03856	1.03875	1.03856	1.0387	301
2025-02-12 23:25:00	1.03871	1.03882	1.03864	1.03882	115
2025-02-12 23:30:00	1.03883	1.03883	1.0386	1.03865	97
2025-02-12 23:35:00	1.03864	1.0387	1.03861	1.03868	66
2025-02-12 23:40:00	1.0387	1.03874	1.03863	1.03867	46
2025-02-12 23:45:00	1.03867	1.03889	1.03866	1.03887	103
2025-02-12 23:50:00	1.03887	1.0391	1.03883	1039	158
2025-02-12 23:55:00	1039	1.0392	1039	1.0392	192
2025-02-13 00:00:00	1.0392	1.03956	1.03914	1.03953	236
2025-02-13 00:05:00	1.03952	1.03956	1.03925	1.03927	172
2025-02-13 00:10:00	1.03927	1.03929	1.0392	1.03926	114
2025-02-13 00:15:00	1.03924	1.0393	1.03907	1.03909	133
2025-02-13 00:20:00	1.0391	1.03919	1.03895	1.03915	158
2025-02-13 00:25:00	1.03916	1.03977	1.03916	1.03951	242
2025-02-13 00:30:00	1.03952	1.03968	1.0395	1.03958	369
2025-02-13 00:35:00	1.03959	1.03976	1.03956	1.03968	242
2025-02-13 00:40:00	1.03969	1.04003	1.03969	1.03993	233
2025-02-13 00:45:00	1.03994	1.03998	1.03951	1.03952	243
2025-02-13 00:50:00	1.03953	1.03955	1.0392	1.0393	436
2025-02-13 00:55:00	1.03928	1.0394	1.03879	1.03895	386
2025-02-13 01:00:00	1.03895	1.03907	1.03871	1.03879	426
2025-02-13 01:05:00	1.03881	1.03918	1.03878	1.03917	412
2025-02-13 01:10:00	1.03916	1.0393	1.03908	1.03922	364
2025-02-13 01:15:00	1.03923	1.03947	1.03912	1.03934	389
2025-02-13 01:20:00	1.03933	1.03949	1.0393	1.03935	265
2025-02-13 01:25:00	1.03935	1.0396	1.03921	1.03925	519
2025-02-13 01:30:00	1.03924	1.03948	1.03915	1.03947	383
2025-02-13 01:35:00	1.03948	1.03951	1.03932	1.03936	465
2025-02-13 01:40:00	1.03936	1.03971	1.03934	1.0397	452
2025-02-13 01:45:00	1.03971	1.03998	1.03965	1.03981	505
2025-02-13 01:50:00	1.0398	1.04004	1.03969	1.04002	636
2025-02-13 01:55:00	1.04001	1.04017	1.0399	1.03996	506
2025-02-13 02:00:00	1.03998	1.04005	1.0398	1.03992	529
2025-02-13 02:05:00	1.03992	1.03995	1.03966	1.03971	497
2025-02-13 02:10:00	1.03969	1.03987	1.03964	1.03977	618
2025-02-13 02:15:00	1.03977	1.03988	1.03972	1.0398	962
2025-02-13 02:20:00	1.03979	1.03995	1.03977	1.0399	262
2025-02-13 02:25:00	1.03991	1.04027	1.0399	1.04025	481
2025-02-13 02:30:00	1.04024	1.04054	1.04023	1.04043	585
2025-02-13 02:35:00	1.04045	1.04076	1.04041	1.04067	503
2025-02-13 02:40:00	1.04066	1.04068	1.04045	1.04068	218
2025-02-13 02:45:00	1.04065	1.04065	1.0404	1.04043	340
2025-02-13 02:50:00	1.04044	1.04046	1.04029	1.04039	320
2025-02-13 02:55:00	1.04038	1.04049	1.04032	1.04038	235
2025-02-13 03:00:00	1.04039	1.04057	1.04034	1.04035	278
2025-02-13 03:05:00	1.04034	1.04073	1.04034	1.04062	281
2025-02-13 03:10:00	1.04062	1.0409	1.04061	1.04089	255
2025-02-13 03:15:00	1.04089	1.04131	1.04078	1.04131	541
2025-02-13 03:20:00	1.04132	1.04146	1.04116	1.04136	475
2025-02-13 03:25:00	1.04134	1.04141	1.04121	1.04131	508
2025-02-13 03:30:00	1.04131	1.04168	1.0413	1.04155	538
2025-02-13 03:35:00	1.04156	1.04171	1.04132	1.04171	371
2025-02-13 03:40:00	1.0417	1.04196	1.04159	1.04162	515
2025-02-13 03:45:00	1.04164	1.04197	1.04164	1.04196	501
2025-02-13 03:50:00	1.04195	1.04217	1.04176	1.04176	481
2025-02-13 03:55:00	1.04176	1.0419	1.0417	1.04189	393
2025-02-13 04:00:00	1.04189	1.04251	1.04186	1.04246	623
2025-02-13 04:05:00	1.04248	1.04285	1.04241	1.04263	557
2025-02-13 04:10:00	1.0426	1.04291	1.04257	1.04289	444
2025-02-13 04:15:00	1.04288	1.04297	1.04267	1.04276	541
2025-02-13 04:20:00	1.04276	1.04279	1.04236	1.04255	915
2025-02-13 04:25:00	1.04257	1.04294	1.04256	1.04274	515
2025-02-13 04:30:00	1.04274	1.04294	1.0427	1.04291	577
2025-02-13 04:35:00	1.04292	1.04352	1.04289	1.0435	730
2025-02-13 04:40:00	1.0435	1.04353	1.04325	1.04328	541
2025-02-13 04:45:00	1.04327	1.04328	1.04303	1.04319	1066
2025-02-13 04:50:00	1.04318	1.04322	1.04311	1.04319	904
2025-02-13 04:55:00	1.04319	1.04348	1.04314	1.04344	1008
2025-02-13 05:00:00	1.04345	1.0437	1.04341	1.04341	776
2025-02-13 05:05:00	1.04342	1.04359	1.0433	1.04346	680
2025-02-13 05:10:00	1.04348	1.04382	1.0434	1.04352	712
2025-02-13 05:15:00	1.04352	1.04352	1.04333	1.04342	275
2025-02-13 05:20:00	1.04341	1.04355	1.04334	1.04352	601
2025-02-13 05:25:00	1.04352	1.04374	1.04344	1.04374	795
2025-02-13 05:30:00	1.04373	1.04373	1.04319	1.04329	718
2025-02-13 05:35:00	1.04327	1.04349	1.04323	1.04338	497
2025-02-13 05:40:00	1.04338	1.04345	1.04303	1.04314	614
2025-02-13 05:45:00	1.04315	1.04349	1.04309	1.04341	412
2025-02-13 05:50:00	1.04343	1.04358	1.04338	1.04344	307
2025-02-13 05:55:00	1.04344	1.04354	1.04326	1.04346	770
2025-02-13 06:00:00	1.04347	1.04374	1.04346	1.04348	596
2025-02-13 06:05:00	1.04349	1.04368	1.04339	1.04347	1066
2025-02-13 06:10:00	1.04347	1.04363	1.04324	1.0436	1054
2025-02-13 06:15:00	1.0436	1.04398	1.04357	1.04383	1106
2025-02-13 06:20:00	1.04382	1.0439	1.04363	1.04385	564
2025-02-13 06:25:00	1.04386	1.04398	1.04367	1.04368	290
2025-02-13 06:30:00	1.04369	1.04371	1.04343	1.04358	674
2025-02-13 06:35:00	1.0436	1.04373	1.04346	1.04358	444
2025-02-13 06:40:00	1.04361	1.04363	1.04321	1.04325	740
2025-02-13 06:45:00	1.04326	1.0434	1.04323	1.04328	488
2025-02-13 06:50:00	1.04329	1.0434	1.04307	1.04314	681
2025-02-13 06:55:00	1.04314	1.04315	1.04283	1.04304	637
2025-02-13 07:00:00	1.04307	1.04364	1.04307	1.04347	870
2025-02-13 07:05:00	1.04347	1.04356	1.04319	1.04338	867
2025-02-13 07:10:00	1.04336	1.04348	1.04313	1.04322	1171
2025-02-13 07:15:00	1.04321	1.0435	1.04315	1.04335	617
2025-02-13 07:20:00	1.04333	1.04335	1.04288	1.04296	1247
2025-02-13 07:25:00	1.04295	1043	1.04267	1.04272	634
2025-02-13 07:30:00	1.04273	1.0432	1.04269	1.04308	627
2025-02-13 07:35:00	1.04307	1.04344	1.04303	1.04338	774
2025-02-13 07:40:00	1.04337	1.04342	1.04319	1.04326	863
2025-02-13 07:45:00	1.04326	1.04334	1.04304	1.04304	896
2025-02-13 07:50:00	1.04304	1.04305	1.04229	1.04237	1491
2025-02-13 07:55:00	1.04239	1.04259	1.04222	1.04253	1316
2025-02-13 08:00:00	1.04256	1.04264	1.04221	1.04225	916
2025-02-13 08:05:00	1.04224	1.0423	1.04171	1.04187	871
2025-02-13 08:10:00	1.04189	1.04215	1.04159	1.04199	790
2025-02-13 08:15:00	1.04199	1.04237	1.0418	1.04232	798
2025-02-13 08:20:00	1.04231	1.04246	1.04191	1.04203	932
2025-02-13 08:25:00	1.04201	1.04203	1.04167	1.0419	807
2025-02-13 08:30:00	1.04191	1.04198	1.04151	1.0417	643
2025-02-13 08:35:00	1.04169	1.04172	1.0413	1.04135	514
2025-02-13 08:40:00	1.04138	1.04169	1.04122	1.04166	536
2025-02-13 08:45:00	1.04164	1.04168	1.04145	1.04146	790
2025-02-13 08:50:00	1.04146	1.04147	1.04115	1.04121	827
2025-02-13 08:55:00	1.04121	1.04135	1.04101	1.04134	746
2025-02-13 09:00:00	1.04134	1.04151	1.04108	1.04131	831
2025-02-13 09:05:00	1.04129	1.04168	1.04122	1.04167	628
2025-02-13 09:10:00	1.04167	1.04195	1.04163	1.04182	742
2025-02-13 09:15:00	1.04181	1.04189	1.0417	1.04185	698
2025-02-13 09:20:00	1.04186	1.04186	1.04154	1.04158	497
2025-02-13 09:25:00	1.04158	1.04158	1.04125	1.04136	651
2025-02-13 09:30:00	1.04136	1.0416	1.04131	1.04149	540
2025-02-13 09:35:00	1.0415	1.04154	1.04114	1.04142	582
2025-02-13 09:40:00	1.04141	1.04195	1.0414	1.04195	795
2025-02-13 09:45:00	1.04193	1.04231	1.04191	1.04225	772
2025-02-13 09:50:00	1.04224	1.04246	1.04222	1.04234	611
2025-02-13 09:55:00	1.04234	1.04261	1.04221	1.04229	386
2025-02-13 10:00:00	1.04229	1.04249	1.04225	1.04244	452
2025-02-13 10:05:00	1.04246	1.04251	1.0422	1.04249	592
2025-02-13 10:10:00	1.04251	1.04285	1.04245	1.04284	620
2025-02-13 10:15:00	1.04285	1.04289	1.04264	1.04268	390
2025-02-13 10:20:00	1.04267	1.04268	1.04243	1.04248	677
2025-02-13 10:25:00	1.04247	1.04266	1.04239	1.04241	345
2025-02-13 10:30:00	1.04242	1.0425	1.04207	1.04211	583
2025-02-13 10:35:00	1.04211	1.04234	1.04207	1.0421	751
2025-02-13 10:40:00	1.04212	1.04219	1.04192	1.04202	479
2025-02-13 10:45:00	1.04199	1.04215	1.04158	1.0416	441
2025-02-13 10:50:00	1.04159	1.04173	1.04131	1.04154	683
2025-02-13 10:55:00	1.04155	1.04178	1.04152	1.04158	373
2025-02-13 11:00:00	1.04157	1.04227	1.04156	1.04226	548
2025-02-13 11:05:00	1.04227	1.04253	1.04204	1.04253	517
2025-02-13 11:10:00	1.04253	1.04272	1.04235	1.04248	556
2025-02-13 11:15:00	1.04247	1.04247	1.04217	1.04221	402
2025-02-13 11:20:00	1.04219	1.04228	1.04208	1.04228	215
2025-02-13 11:25:00	1.04227	1.04227	1.04192	1.04195	265
2025-02-13 11:30:00	1.04195	1.04202	1.04181	1.04188	306
2025-02-13 11:35:00	1.04188	1.0421	1.04184	1.04206	287
2025-02-13 11:40:00	1.04205	1.04209	1.04189	1.04197	412
2025-02-13 11:45:00	1.04198	1042	1.03966	1.0401	2602
2025-02-13 11:50:00	1.04014	1.04029	1.03924	1.03992	1894
2025-02-13 11:55:00	1.03988	1.04041	1.0397	1.04029	1027
2025-02-13 12:00:00	1.04029	1.04033	1.03954	1.03956	1035
2025-02-13 12:05:00	1.03957	1.03969	1.03903	1.03908	991
2025-02-13 12:10:00	1.03908	1.03932	1.03876	1.03876	930
2025-02-13 12:15:00	1.03879	1.03879	1.03855	1.03866	649
2025-02-13 12:20:00	1.03868	1.03946	1.03863	1.03921	696
2025-02-13 12:25:00	1.03922	1.03961	1.0392	1.03943	561
2025-02-13 12:30:00	1.03945	1.03973	1.03919	1.03921	622
2025-02-13 12:35:00	1.03921	1.03956	1.03918	1.03954	603
2025-02-13 12:40:00	1.03952	1.03995	1.03937	1.03995	626
2025-02-13 12:45:00	1.03992	1.03998	1.0395	1.03997	704
2025-02-13 12:50:00	1.03997	1.04005	1.03945	1.03946	746
2025-02-13 12:55:00	1.03946	1.03962	1.03886	1.03899	1134
2025-02-13 13:00:00	1.03897	1.03912	1.03859	1.0391	967
2025-02-13 13:05:00	1.0391	1.03928	1.03889	1039	647
2025-02-13 13:10:00	1039	1.03938	1.03887	1.03917	511
2025-02-13 13:15:00	1.03915	1.03944	1.0391	1.03918	602
2025-02-13 13:20:00	1.0392	1.03922	1.0388	1.0388	733
2025-02-13 13:25:00	1.03881	1.03886	1.0384	1.03851	1098
2025-02-13 13:30:00	1.03852	1.03978	1.03756	1.03959	2823
2025-02-13 13:35:00	1.03959	1.04068	1.03943	1.04049	1912
2025-02-13 13:40:00	1.04046	1.04062	1.03971	1.03991	1688
2025-02-13 13:45:00	1.03991	1.04002	1.03918	1.0396	2025
2025-02-13 13:50:00	1.03959	1.03959	1.03886	1.03901	1797
2025-02-13 13:55:00	1.03902	1.03949	1.03898	1.03923	1597
2025-02-13 14:00:00	1.03924	1.03924	1.03865	1.03867	1002
2025-02-13 14:05:00	1.03867	1.03891	1.03818	1.03882	1141
2025-02-13 14:10:00	1.03881	1.03917	1.03856	1.03883	1337
2025-02-13 14:15:00	1.03881	1.03936	1.03863	1.03916	1143
2025-02-13 14:20:00	1.03918	1.03941	1.03882	1.03906	904
2025-02-13 14:25:00	1.03905	1.03915	1.03832	1.03847	824
2025-02-13 14:30:00	1.03847	1.03875	1.03836	1.03863	1048
2025-02-13 14:35:00	1.03863	1.03889	1.03848	1.03865	862
2025-02-13 14:40:00	1.03867	1.03918	1.03851	1.03897	986
2025-02-13 14:45:00	1.03898	1.0397	1.03881	1.03967	776
2025-02-13 14:50:00	1.03969	1.04014	1.03969	1.04007	856
2025-02-13 14:55:00	1.04005	1.04008	1.03971	1.03995	795
2025-02-13 15:00:00	1.03995	1.0415	1.03995	1.04074	1924
2025-02-13 15:05:00	1.04075	1.04108	1.04025	1.04091	1601
2025-02-13 15:10:00	1.04092	1.04284	1.0409	1.04233	2499
2025-02-13 15:15:00	1.04235	1.0438	1.04234	1.04311	2537
2025-02-13 15:20:00	1.04311	1.04324	1.04242	1.04258	2105
2025-02-13 15:25:00	1.0426	1.04304	1.04237	1.04247	1789
2025-02-13 15:30:00	1.04249	1.04301	1.04208	1.04271	1479
2025-02-13 15:35:00	1.04275	1.04321	1.04242	1.04313	1548
2025-02-13 15:40:00	1.04311	1.0434	1.04243	1.04249	1373
2025-02-13 15:45:00	1.04248	1.0435	1.04244	1.04339	1663
2025-02-13 15:50:00	1.04336	1.04339	1.04296	1.04307	1816
2025-02-13 15:55:00	1.04306	1.04364	1.04306	1.04332	1346
2025-02-13 16:00:00	1.04332	1.04391	1.04305	1.04387	1357
2025-02-13 16:05:00	1.04386	1.04392	1.04367	1.0439	929
2025-02-13 16:10:00	1.04395	1.04414	1.04333	1.04406	1003
2025-02-13 16:15:00	1.04406	1.04434	1.04389	1.04405	782
2025-02-13 16:20:00	1.04407	1.04445	1.04402	1.04436	654
2025-02-13 16:25:00	1.04437	1.04451	1.04415	1.04421	818
2025-02-13 16:30:00	1.0442	1.0443	1.04354	1.04354	942
2025-02-13 16:35:00	1.04355	1.0436	1.04288	1.04296	956
2025-02-13 16:40:00	1.04296	1.04305	1.04244	1.04262	786
2025-02-13 16:45:00	1.04262	1.04272	1.04242	1.0425	627
2025-02-13 16:50:00	1.04248	1.04285	1.04248	1.04274	628
2025-02-13 16:55:00	1.04273	1.04286	1.04254	1.04273	725
2025-02-13 17:00:00	1.0427	1.04281	1.04256	1.04271	585
2025-02-13 17:05:00	1.04271	1.04303	1.04268	1043	555
2025-02-13 17:10:00	1.04301	1.04332	1.04301	1.04307	652
2025-02-13 17:15:00	1.04307	1.04322	1043	1.04305	477
2025-02-13 17:20:00	1.04305	1.04341	1.04302	1.0434	416
2025-02-13 17:25:00	1.0434	1.04375	1.04326	1.04352	436
2025-02-13 17:30:00	1.04354	1.04388	1.04348	1.0438	534
2025-02-13 17:35:00	1.0438	1.04381	1.04355	1.04359	425
2025-02-13 17:40:00	1.04359	1.0436	1.04308	1.0431	557
2025-02-13 17:45:00	1.04309	1.04336	1.04308	1.04326	391
2025-02-13 17:50:00	1.04325	1.04327	1.04276	1.04284	533
2025-02-13 17:55:00	1.04284	1.04292	1.04248	1.04255	800
2025-02-13 18:00:00	1.04252	1.04273	1.04216	1.04222	873
2025-02-13 18:05:00	1.04223	1.04244	1042	1.0422	417
2025-02-13 18:10:00	1.0422	1.0425	1.04199	1.04246	699
2025-02-13 18:15:00	1.04244	1.04254	1.04167	1.04219	854
2025-02-13 18:20:00	1.04216	1.04252	1.04194	1.04241	1017
2025-02-13 18:25:00	1.04242	1.04275	1.04241	1.04259	529
2025-02-13 18:30:00	1.04259	1.04278	1.04246	1.04274	705
2025-02-13 18:35:00	1.04273	1.04314	1.04263	1.04309	978
2025-02-13 18:40:00	1.04308	1.04315	1.03727	1.04027	3691
2025-02-13 18:45:00	1.04026	1.04179	1.03976	1.0414	1832
2025-02-13 18:50:00	1.04141	1.04141	1.03896	1.04048	2634
2025-02-13 18:55:00	1.04055	1.04141	1.04025	1.0409	1286
2025-02-13 19:00:00	1.04091	1.04234	1.04082	1.04208	656
2025-02-13 19:05:00	1.0421	1.04336	1.04201	1.04292	849
2025-02-13 19:10:00	1.04292	1.04322	1.04275	1043	851
2025-02-13 19:15:00	1.04298	1.04398	1.04294	1.04365	972
2025-02-13 19:20:00	1.04367	1.04396	1.04318	1.04328	803
2025-02-13 19:25:00	1.04328	1.0441	1.04323	1.04391	633
2025-02-13 19:30:00	1.0439	1.04421	1.04384	1.04395	666
2025-02-13 19:35:00	1.04399	1.04425	1.04389	1.04421	339
2025-02-13 19:40:00	1.04421	1.04421	1.04339	1.04343	730
2025-02-13 19:45:00	1.04341	1.04347	1.04301	1.04338	632
2025-02-13 19:50:00	1.04338	1.04397	1.04336	1.04391	495
2025-02-13 19:55:00	1.04392	1.0441	1.04359	1.0437	578
2025-02-13 20:00:00	1.0437	1044	1.04353	1.04398	455
2025-02-13 20:05:00	1044	1.04415	1.04393	1.04403	332
2025-02-13 20:10:00	1.04403	1.04466	1.04402	1.04464	373
2025-02-13 20:15:00	1.04464	1.04555	1.04456	1.04549	824
2025-02-13 20:20:00	1.04548	1.04596	1.04541	1.04589	1071
2025-02-13 20:25:00	1.04591	1.04603	1.04555	1.04574	787
2025-02-13 20:30:00	1.04573	1.04614	1.04558	1.04562	610
2025-02-13 20:35:00	1.04562	1.04592	1.04557	1.04581	245
2025-02-13 20:40:00	1.04584	1.04592	1.04558	1.04558	223
2025-02-13 20:45:00	1.04558	1.04599	1.04556	1.04597	266
2025-02-13 20:50:00	1.04601	1.04656	1.04601	1.04636	326
2025-02-13 20:55:00	1.04636	1.04655	1.04612	1.04614	854
2025-02-13 21:00:00	1.04616	1.04627	1.04589	1.0459	611
2025-02-13 21:05:00	1.04588	1.04596	1.04568	1.04589	364
2025-02-13 21:10:00	1.04589	1.04593	1.04578	1.04591	213
2025-02-13 21:15:00	1.04592	1.04604	1.04591	1.04599	207
2025-02-13 21:20:00	1.04598	1.04609	1.04598	1.04601	163
2025-02-13 21:25:00	1.04599	1.04611	1.04591	1.04595	210
2025-02-13 21:30:00	1.04595	1.04617	1.0459	1.04615	151
2025-02-13 21:35:00	1.04618	1.04629	1.04618	1.04621	94
2025-02-13 21:40:00	1.04621	1.04636	1.04619	1.04636	51
2025-02-13 21:45:00	1.04635	1.04661	1.04627	1.0465	176
2025-02-13 21:50:00	1.0465	1.04668	1.04633	1.04646	292
2025-02-13 21:55:00	1.04646	1.04663	1.04626	1.04626	346
2025-02-13 22:00:00	1.04625	1.04635	1.04619	1.04628	160
2025-02-13 22:05:00	1.04628	1.04632	1.04625	1.04627	42
2025-02-13 22:10:00	1.04625	1.04644	1.04625	1.0464	184
2025-02-13 22:15:00	1.04641	1.04644	1.04634	1.04643	20
2025-02-13 22:20:00	1.04643	1.04665	1.04637	1.04661	81
2025-02-13 22:25:00	1.04661	1.04674	1.04661	1.04673	137
2025-02-13 22:30:00	1.0467	1.04685	1.04655	1.04655	232
2025-02-13 22:35:00	1.04654	1.04661	1.04652	1.04661	146
2025-02-13 22:40:00	1.0466	1.04668	1.0466	1.04668	25
2025-02-13 22:45:00	1.04667	1.04668	1.04654	1.04654	21
2025-02-13 22:50:00	1.04658	1.04658	1.04629	1.04646	193
2025-02-13 22:55:00	1.04656	1.04674	1.04647	1.0466	230
2025-02-13 23:00:00	1.04661	1.04664	1.04638	1.04639	433
2025-02-13 23:05:00	1.04637	1.04637	1.04627	1.0463	501
2025-02-13 23:10:00	1.04628	1.04663	1.04627	1.04654	342
2025-02-13 23:15:00	1.04656	1.0467	1.04654	1.04661	277
2025-02-13 23:20:00	1.04661	1.04661	1.04647	1.04653	90
2025-02-13 23:25:00	1.04653	1.0466	1.04624	1.04635	84
2025-02-13 23:30:00	1.04636	1.04643	1.04606	1.04606	127
2025-02-13 23:35:00	1.04605	1.04605	1.04559	1.04567	258
2025-02-13 23:40:00	1.04567	1.04616	1.04565	1.04615	189
2025-02-13 23:45:00	1.04615	1.04624	1.04604	1.04606	324
2025-02-13 23:50:00	1.04606	1.04615	1.04589	1.04602	135
2025-02-13 23:55:00	1.04601	1.04615	1.04596	1.04614	110
2025-02-14 00:00:00	1.04614	1.04628	1.04594	1.04596	343
2025-02-14 00:05:00	1.04595	1.04606	1.04575	1.04602	291
2025-02-14 00:10:00	1.04602	1.04602	1.0458	1.04587	165
2025-02-14 00:15:00	1.04588	1.04644	1.04584	1.04644	179
2025-02-14 00:20:00	1.04644	1.04668	1.04641	1.04652	339
2025-02-14 00:25:00	1.04652	1.04661	1.04644	1.04645	276
2025-02-14 00:30:00	1.04641	1.04641	1.04617	1.04623	287
2025-02-14 00:35:00	1.04623	1.04632	1.04617	1.04623	188
2025-02-14 00:40:00	1.04625	1.0464	1.04614	1.04639	257
2025-02-14 00:45:00	1.04641	1.04643	1.04594	1.04595	358
2025-02-14 00:50:00	1.04594	1.04613	1.04594	1.04605	633
2025-02-14 00:55:00	1.04605	1.04611	1.04589	1.04606	371
2025-02-14 01:00:00	1.04607	1.04615	1.04593	1.04607	827
2025-02-14 01:05:00	1.04607	1.04623	1046	1.04606	358
2025-02-14 01:10:00	1.04607	1.04617	1.04586	1.04586	367
2025-02-14 01:15:00	1.0459	1.04629	1.04588	1.04629	295
2025-02-14 01:20:00	1.0463	1.04667	1.04627	1.04649	526
2025-02-14 01:25:00	1.04648	1.04654	1.04627	1.04629	425
2025-02-14 01:30:00	1.04629	1.0464	1.04615	1.04625	382
2025-02-14 01:35:00	1.04628	1.04649	1.04615	1.04645	272
2025-02-14 01:40:00	1.04644	1.04644	1.04624	1.04625	311
2025-02-14 01:45:00	1.04625	1.04639	1.04607	1.0461	470
2025-02-14 01:50:00	1.04611	1.04615	1.04594	1.04608	530
2025-02-14 01:55:00	1.04608	1.04624	1.04582	1.04591	525
2025-02-14 02:00:00	1.0459	1.04599	1.0458	1.0459	669
2025-02-14 02:05:00	1.04588	1.04592	1.04577	1.04588	593
2025-02-14 02:10:00	1.0459	1.04609	1.04587	1.04597	474
2025-02-14 02:15:00	1.04598	1.04599	1.04578	1.04584	312
2025-02-14 02:20:00	1.04587	1.0459	1.04579	1.04586	164
2025-02-14 02:25:00	1.04585	1.04588	1.04567	1.0457	598
2025-02-14 02:30:00	1.04573	1.0458	1.04557	1.04562	440
2025-02-14 02:35:00	1.04564	1.04569	1.04557	1.0456	239
2025-02-14 02:40:00	1.04559	1.04569	1.04552	1.04562	275
2025-02-14 02:45:00	1.04561	1.04565	1.04553	1.04557	536
2025-02-14 02:50:00	1.04557	1.04581	1.0455	1.04577	378
2025-02-14 02:55:00	1.04577	1.04589	1.04558	1.04564	485
2025-02-14 03:00:00	1.04567	1.04567	1.04545	1.0455	255
2025-02-14 03:05:00	1.04552	1.04555	1.04536	1.04545	314
2025-02-14 03:10:00	1.04545	1.04567	1.0454	1.04563	364
2025-02-14 03:15:00	1.04562	1.04563	1.04549	1.04551	325
2025-02-14 03:20:00	1.04551	1.04585	1.04551	1.04569	433
2025-02-14 03:25:00	1.0457	1.04577	1.04566	1.04571	409
2025-02-14 03:30:00	1.04571	1.0461	1.04569	1.04607	460
2025-02-14 03:35:00	1.04605	1.04615	1.04599	1046	286
2025-02-14 03:40:00	1046	1.04604	1.04569	1.04571	209
2025-02-14 03:45:00	1.04573	1.0458	1.04569	1.0458	98
2025-02-14 03:50:00	1.0458	1.0459	1.04576	1.04588	121
2025-02-14 03:55:00	1.0459	1.04591	1.04581	1.04586	121
2025-02-14 04:00:00	1.04587	1.04608	1.04587	1.04602	124
2025-02-14 04:05:00	1046	1.04609	1.04598	1.04607	133
2025-02-14 04:10:00	1.04607	1.04624	1.04607	1.0462	223
2025-02-14 04:15:00	1.04618	1.0463	1.04618	1.04629	125
2025-02-14 04:20:00	1.04629	1.04638	1.04623	1.04625	128
2025-02-14 04:25:00	1.04625	1.04626	1.04594	1.04596	238
2025-02-14 04:30:00	1.04596	1.04607	1.04575	1.04604	486
2025-02-14 04:35:00	1.04605	1.0461	1.04577	1.04577	263
2025-02-14 04:40:00	1.04576	1.04579	1.04559	1.04569	200
2025-02-14 04:45:00	1.04569	1.04569	1.04557	1.0456	113
2025-02-14 04:50:00	1.0456	1.04571	1.04547	1.04556	306
2025-02-14 04:55:00	1.04556	1.04559	1.04546	1.04547	226
2025-02-14 05:00:00	1.04548	1.04557	1.04534	1.04544	140
2025-02-14 05:05:00	1.04546	1.04547	1.04527	1.04531	365
2025-02-14 05:10:00	1.04531	1.04532	1.04505	1.04509	555
2025-02-14 05:15:00	1.04509	1.04521	1.04507	1.04521	196
2025-02-14 05:20:00	1.0452	1.04532	1.04515	1.04526	263
2025-02-14 05:25:00	1.04527	1.04528	1.04505	1.04506	379
2025-02-14 05:30:00	1.04507	1.04512	1.04487	1.04491	314
2025-02-14 05:35:00	1.04493	1.04497	1.0447	1.0447	426
2025-02-14 05:40:00	1.04471	1.04513	1.04471	1.04512	355
2025-02-14 05:45:00	1.04511	1.04514	1.04503	1.04509	490
2025-02-14 05:50:00	1.04509	1.04525	1.04507	1.04514	397
2025-02-14 05:55:00	1.04514	1.0453	1.0451	1.04525	524
2025-02-14 06:00:00	1.04524	1.04541	1.04515	1.04541	571
2025-02-14 06:05:00	1.04543	1.04552	1.04528	1.04543	288
2025-02-14 06:10:00	1.04544	1.0455	1.04532	1.04549	368
2025-02-14 06:15:00	1.04547	1.04561	1.04545	1.04557	304
2025-02-14 06:20:00	1.04556	1.04583	1.04556	1.04572	340
2025-02-14 06:25:00	1.04574	1.04578	1.04548	1.04554	547
2025-02-14 06:30:00	1.04553	1.04566	1.04552	1.04562	341
2025-02-14 06:35:00	1.04562	1.04589	1.04558	1.04588	468
2025-02-14 06:40:00	1.04588	1.04597	1.04573	1.04596	523
2025-02-14 06:45:00	1.04597	1.04609	1.04586	1.04587	1104
2025-02-14 06:50:00	1.04588	1.04589	1.04575	1.04579	804
2025-02-14 06:55:00	1.0458	1.04591	1.04571	1.04584	498
2025-02-14 07:00:00	1.04584	1.04631	1.04582	1.04631	854
2025-02-14 07:05:00	1.04635	1.04695	1.04629	1.04672	873
2025-02-14 07:10:00	1.04671	1.0472	1.04669	1047	741
2025-02-14 07:15:00	1.04702	1.04717	1.04694	1.04715	496
2025-02-14 07:20:00	1.04714	1.04719	1.04684	1.04688	588
2025-02-14 07:25:00	1.04689	1.04702	1.04673	1.04677	600
2025-02-14 07:30:00	1.04678	1.04691	1.04649	1.04676	573
2025-02-14 07:35:00	1.04677	1.04698	1.04653	1.04654	352
2025-02-14 07:40:00	1.04653	1.04666	1.04634	1.04646	376
2025-02-14 07:45:00	1.04646	1.04681	1.04636	1.04665	423
2025-02-14 07:50:00	1.04665	1.0467	1.04643	1.04653	554
2025-02-14 07:55:00	1.04654	1.04661	1.04639	1.04645	532
2025-02-14 08:00:00	1.04645	1.04689	1.04641	1.0467	949
2025-02-14 08:05:00	1.04669	1.04669	1.04633	1.04657	724
2025-02-14 08:10:00	1.04657	1.04708	1.04657	1.04707	789
2025-02-14 08:15:00	1.04706	1.0477	1.04705	1.04743	960
2025-02-14 08:20:00	1.04743	1.04794	1.04742	1.04793	663
2025-02-14 08:25:00	1.04794	1.04802	1.04749	1.04782	747
2025-02-14 08:30:00	1.04782	1.04837	1.04781	1.04831	939
2025-02-14 08:35:00	1.04833	1.04846	1.04806	1.04841	908
2025-02-14 08:40:00	1.0484	1.04857	1.04823	1.04856	739
2025-02-14 08:45:00	1.04854	1.04862	1.04812	1.04823	698
2025-02-14 08:50:00	1.04825	1.0485	1.04809	1.04814	751
2025-02-14 08:55:00	1.04812	1.04819	1.04737	1.04766	1135
2025-02-14 09:00:00	1.04765	1.04801	1.04765	1.04794	586
2025-02-14 09:05:00	1.04795	1.04796	1.04773	1.04787	517
2025-02-14 09:10:00	1.04788	1.04827	1.04787	1.04815	650
2025-02-14 09:15:00	1.04816	1.04834	1.04804	1.04825	825
2025-02-14 09:20:00	1.04825	1.04848	1.04799	1.0483	754
2025-02-14 09:25:00	1.04828	1.04863	1.04824	1.04849	773
2025-02-14 09:30:00	1.04852	1.04875	1.0484	1.04845	562
2025-02-14 09:35:00	1.04845	1.0486	1.0479	1.04802	568
2025-02-14 09:40:00	1048	1.0482	1.04785	1.04786	384
2025-02-14 09:45:00	1.04783	1.0479	1.04757	1.04773	782
2025-02-14 09:50:00	1.04773	1.04792	1.04764	1.0479	424
2025-02-14 09:55:00	1.04791	1.04818	1.04771	1.04809	448
2025-02-14 10:00:00	1.04809	1.04812	1.04775	1.04776	354
2025-02-14 10:05:00	1.04776	1.0478	1.04756	1.04766	436
2025-02-14 10:10:00	1.04765	1.04789	1.04757	1.04787	378
2025-02-14 10:15:00	1.04788	1.04818	1.04787	1.04811	425
2025-02-14 10:20:00	1.04809	1.04827	1.04797	1.04799	411
2025-02-14 10:25:00	1.04798	1.04798	1.04747	1.04749	708
2025-02-14 10:30:00	1.04748	1.04776	1.04742	1.04746	556
2025-02-14 10:35:00	1.04746	1.04746	1.04686	1.04686	496
2025-02-14 10:40:00	1.04684	1.04696	1.04664	1.04675	453
2025-02-14 10:45:00	1.04674	1.04704	1.04663	1.04692	464
2025-02-14 10:50:00	1.04691	1.04693	1.04655	1.04667	126
2025-02-14 10:55:00	1.04666	1.04675	1.04641	1.04668	421
2025-02-14 11:00:00	1.04669	1.0467	1.04628	1.04629	603
2025-02-14 11:05:00	1.04629	1.04651	1.04629	1.04633	517
2025-02-14 11:10:00	1.04637	1.04691	1.04636	1.04688	583
2025-02-14 11:15:00	1.04687	1.04691	1.04646	1.04675	98
2025-02-14 11:20:00	1.04675	1.04682	1.04651	1.04657	150
2025-02-14 11:25:00	1.04658	1.0467	1.04645	1.04656	166
2025-02-14 11:30:00	1.04655	1.04677	1.04648	1.04669	162
2025-02-14 11:35:00	1.04667	1.04687	1.04659	1.0467	187
2025-02-14 11:40:00	1.0467	1.04684	1.04656	1.04666	295
2025-02-14 11:45:00	1.04667	1.04673	1.04647	1.04662	421
2025-02-14 11:50:00	1.0466	1.04685	1.04655	1.04671	119
2025-02-14 11:55:00	1.0467	1.04681	1.04657	1.04674	164
2025-02-14 12:00:00	1.04674	1.04674	1.04641	1.04644	208
2025-02-14 12:05:00	1.04641	1.04643	1.04596	1.04596	237
2025-02-14 12:10:00	1.04596	1.04636	1.04567	1.04616	470
2025-02-14 12:15:00	1.04617	1.0464	1.04608	1.04634	188
2025-02-14 12:20:00	1.04633	1.04666	1.04627	1.04656	240
2025-02-14 12:25:00	1.04657	1.04706	1.04657	1.04687	343
2025-02-14 12:30:00	1.04688	1.0474	1.04685	1.04732	363
2025-02-14 12:35:00	1.04733	1.04747	1.04721	1.04727	235
2025-02-14 12:40:00	1.04728	1.04728	1.04668	1.0467	384
2025-02-14 12:45:00	1.04669	1.04694	1.04661	1.04686	302
2025-02-14 12:50:00	1.04688	1.04721	1.04688	1.04718	210
2025-02-14 12:55:00	1.04715	1.04718	1.04699	1.04715	399
2025-02-14 13:00:00	1.04715	1.04751	1.04711	1.04749	339
2025-02-14 13:05:00	1.04748	1.04786	1.04736	1.04774	219
2025-02-14 13:10:00	1.04778	1.04778	1.04758	1.0477	276
2025-02-14 13:15:00	1.04773	1.04831	1.04773	1.04825	386
2025-02-14 13:20:00	1.04828	1.04867	1.04806	1.04856	350
2025-02-14 13:25:00	1.04858	1.0487	1.04815	1.04828	560
2025-02-14 13:30:00	1.04823	1.04976	1.04823	1.04902	2158
2025-02-14 13:35:00	1.04903	1.0492	1.04856	1.04862	1115
2025-02-14 13:40:00	1.0486	1.04919	1.04827	1.04846	1226
2025-02-14 13:45:00	1.04844	1.04957	1.04844	1.04923	1181
2025-02-14 13:50:00	1.04922	1.0494	1.04892	1.04916	918
2025-02-14 13:55:00	1.04916	1.04927	1.04862	1.0488	524
2025-02-14 14:00:00	1.04882	1.04963	1.04871	1.04951	518
2025-02-14 14:05:00	1.04949	1.04985	1.04942	1.04958	405
2025-02-14 14:10:00	1.04959	1.04994	1.0495	1.04988	696
2025-02-14 14:15:00	1.04987	1.04987	1.04908	1.04949	475
2025-02-14 14:20:00	1.04948	1.04997	1.04947	1.04987	786
2025-02-14 14:25:00	1.04986	1.05005	1.04953	1.04986	536
2025-02-14 14:30:00	1.04987	1.05008	1.04965	1.04993	506
2025-02-14 14:35:00	1.04995	1.05063	1.04992	1.05036	729
2025-02-14 14:40:00	1.05038	1.05098	1.05034	1.05091	609
2025-02-14 14:45:00	1.05094	1.0514	1.05094	1.05114	868
2025-02-14 14:50:00	1.05114	1.05116	1.05043	1.05048	1520
2025-02-14 14:55:00	1.05051	1.05098	1.05047	1.05085	1064
2025-02-14 15:00:00	1.05085	1.05088	1.05019	1.05038	802
2025-02-14 15:05:00	1.05039	1.05058	1.05015	1.05019	1101
2025-02-14 15:10:00	1.05018	1.05018	1.04952	1.04969	782
2025-02-14 15:15:00	1.04971	1.05015	1.04967	1.05007	562
2025-02-14 15:20:00	1.05007	1.05028	1.04981	1.04997	434
2025-02-14 15:25:00	1.04999	1.04999	1.04913	1.04916	642
2025-02-14 15:30:00	1.04914	1.04989	1.04907	1.04986	546
2025-02-14 15:35:00	1.04988	1.05044	1.04985	1.05044	914
2025-02-14 15:40:00	1.05049	1.05065	1.05026	1.05062	951
2025-02-14 15:45:00	1.05063	1.05096	1.05063	1.05086	501
2025-02-14 15:50:00	1.05086	1.05108	1.05067	1.05095	371
2025-02-14 15:55:00	1.05092	1.05126	1.0508	1.05083	521
2025-02-14 16:00:00	1.05081	1.05097	1.05069	1.05095	323
2025-02-14 16:05:00	1.05096	1051	1.05053	1.0508	310
2025-02-14 16:10:00	1.05081	1.05081	1.05025	1.05051	472
2025-02-14 16:15:00	1.05052	1.05063	1.05017	1.05033	489
2025-02-14 16:20:00	1.05035	1.05046	1.05001	1.05045	162
2025-02-14 16:25:00	1.05047	1.05057	1.05032	1.05036	159
2025-02-14 16:30:00	1.05034	1.05045	1.05016	1.05023	117
2025-02-14 16:35:00	1.05025	1.05037	1.05002	1.05032	223
2025-02-14 16:40:00	1.05034	1.05039	1.05	1.05	244
2025-02-14 16:45:00	1.05002	1.05013	1.04972	1.04989	399
2025-02-14 16:50:00	1.04988	1.05	1.04981	1.04984	373
2025-02-14 16:55:00	1.04983	1.04989	1.04968	1.04974	589
2025-02-14 17:00:00	1.04974	1.04983	1.04958	1.04964	267
2025-02-14 17:05:00	1.04967	1.04978	1.0494	1.0496	415
2025-02-14 17:10:00	1.04957	1.04974	1.04949	1.04973	177
2025-02-14 17:15:00	1.04975	1.05011	1.04962	1.05005	358
2025-02-14 17:20:00	1.05005	1.05007	1.04976	1.0499	86
2025-02-14 17:25:00	1.04988	1.04991	1.04969	1.04982	114
2025-02-14 17:30:00	1.04983	1.05009	1.0498	1.05006	237
2025-02-14 17:35:00	1.05005	1.05024	1.05005	1.0502	86
2025-02-14 17:40:00	1.05018	1.0504	1.05016	1.0503	410
2025-02-14 17:45:00	1.0503	1.05075	1.05028	1.05074	156
2025-02-14 17:50:00	1.05075	1.05075	1.05034	1.05059	406
2025-02-14 17:55:00	1.05059	1.05088	1.05055	1.05071	167
2025-02-14 18:00:00	1.05071	1.05079	1.05062	1.05064	130
2025-02-14 18:05:00	1.05064	1.05064	1.05038	1.05038	118
2025-02-14 18:10:00	1.05041	1.0505	1.05031	1.05041	123
2025-02-14 18:15:00	1.05039	1.05054	1.05022	1.05049	213
2025-02-14 18:20:00	1.0505	1.05059	1.05046	1.05052	196
2025-02-14 18:25:00	1.0505	1.05051	1.05012	1.05016	79
2025-02-14 18:30:00	1.05018	1.05043	1.05012	1.05041	125
2025-02-14 18:35:00	1.05041	1.05046	1.05029	1.05034	40
2025-02-14 18:40:00	1.05036	1.05036	1.05013	1.05013	98
2025-02-14 18:45:00	1.05014	1.05027	1.05004	1.05006	108
2025-02-14 18:50:00	1.05004	1.05019	1.04994	1.05016	107
2025-02-14 18:55:00	1.05016	1.05047	1.05008	1.05042	309
2025-02-14 19:00:00	1.05043	1.0505	1.05013	1.05029	380
2025-02-14 19:05:00	1.05029	1.05031	1.05008	1.05018	164
2025-02-14 19:10:00	1.05018	1.05024	1.04986	1.05	298
2025-02-14 19:15:00	1.05001	1.05017	1.05	1.05011	187
2025-02-14 19:20:00	1.0501	1.05017	1.05	1.05015	205
2025-02-14 19:25:00	1.05016	1.05023	1.04997	1.04997	240
2025-02-14 19:30:00	1.04997	1.05009	1.04977	1.04989	207
2025-02-14 19:35:00	1.04989	1.04999	1.04977	1.04986	262
2025-02-14 19:40:00	1.04986	1.05005	1.04984	1.04988	114
2025-02-14 19:45:00	1.04987	1.04987	1.04949	1.04954	164
2025-02-14 19:50:00	1.04956	1.04978	1.04947	1.04976	192
2025-02-14 19:55:00	1.04975	1.04999	1.04969	1.04984	146
2025-02-14 20:00:00	1.04981	1.04981	1.04952	1.04958	96
2025-02-14 20:05:00	1.04958	1.04958	1.04938	1.04957	129
2025-02-14 20:10:00	1.04959	1.04962	1.04946	1.04948	103
2025-02-14 20:15:00	1.04948	1.04967	1.04936	1.04956	130
2025-02-14 20:20:00	1.04957	1.04959	1.04937	1.04945	211
2025-02-14 20:25:00	1.04943	1.04957	1.04938	1.04947	66
2025-02-14 20:30:00	1.04945	1.04959	1.0494	1.0495	96
2025-02-14 20:35:00	1.04952	1.04972	1.04946	1.04969	63
2025-02-14 20:40:00	1.04969	1.04975	1.04938	1.04943	81
2025-02-14 20:45:00	1.04942	1.04948	1.04934	1.04938	61
2025-02-14 20:50:00	1.04939	1.04946	1.04929	1.04931	181
2025-02-14 20:55:00	1.0493	1.04937	1.0491	1.04918	351
2025-02-14 21:00:00	1.04917	1.04934	1.04903	1.04928	371
2025-02-14 21:05:00	1.04929	1.04933	1.04918	1.0492	197
2025-02-14 21:10:00	1.04919	1.04938	1.04919	1.04936	189
2025-02-14 21:15:00	1.04935	1.04936	1.04929	1.04936	10
2025-02-14 21:20:00	1.04934	1.04934	1.0493	1.0493	39
2025-02-14 21:25:00	1.0493	1.04941	1.0493	1.04935	188
2025-02-14 21:30:00	1.04936	1.04937	1.04924	1.04924	55
2025-02-14 21:35:00	1.04927	1.04933	1.04927	1.04931	7
2025-02-14 21:40:00	1.0493	1.0494	1.0493	1.04936	90
2025-02-14 21:45:00	1.0494	1.04948	1.04931	1.04935	31
2025-02-14 21:50:00	1.04934	1.04946	1.04882	1.04888	336
2025-02-14 21:55:00	1.04888	1.04919	1.04888	1.04913	547
2025-02-16 22:00:00	1.04858	1.04869	1.0485	1.04864	58
2025-02-16 22:05:00	1.04864	1.04877	1.04855	1.04857	101
2025-02-16 22:10:00	1.04871	1.04881	1.04856	1.04856	106
2025-02-16 22:15:00	1.04861	1.04872	1.04861	1.04862	23
2025-02-16 22:20:00	1.04857	1.04863	1.04857	1.04862	19
2025-02-16 22:25:00	1.04864	1.04871	1.04861	1.04863	25
2025-02-16 22:30:00	1.04869	1.04892	1.04854	1.04868	200
2025-02-16 22:35:00	1.04867	1.04892	1.04867	1.04886	126
2025-02-16 22:40:00	1.04886	1.04887	1.04875	1.04879	187
2025-02-16 22:45:00	1.04882	1.04893	1.04878	1.04878	102
2025-02-16 22:50:00	1.04878	1.04878	1.04865	1.04877	45
2025-02-16 22:55:00	1.04874	1.04879	1.0487	1.04878	39
2025-02-16 23:00:00	1.0488	1.04913	1.04861	1.04907	473
2025-02-16 23:05:00	1.04906	1.04912	1.04879	1.04895	136
2025-02-16 23:10:00	1.04895	1.04933	1.04887	1.0492	112
2025-02-16 23:15:00	1.04923	1.04938	1.04903	1.04905	120
2025-02-16 23:20:00	1.04905	1.04905	1.04861	1.04881	75
2025-02-16 23:25:00	1.0488	1.04881	1.04847	1.04859	232
2025-02-16 23:30:00	1.0486	1.0487	1.04848	1.04868	164
2025-02-16 23:35:00	1.0487	1.0487	1.04858	1.04869	24
2025-02-16 23:40:00	1.04867	1.0489	1.04867	1.04889	19
2025-02-16 23:45:00	1.0489	1.04896	1.04879	1.04892	50
2025-02-16 23:50:00	1.04893	1.04909	1.0488	1.04895	103
2025-02-16 23:55:00	1.04891	1.04895	1.04883	1.04883	22
2025-02-17 00:00:00	1.04886	1.04906	1.04876	1.04898	33
2025-02-17 00:05:00	1.04897	1.04911	1.04882	1.04908	24
2025-02-17 00:10:00	1.04909	1.04911	1.04855	1.04863	100
2025-02-17 00:15:00	1.04864	1.04891	1.04861	1.04861	173
2025-02-17 00:20:00	1.04859	1.0488	1.04859	1.04874	36
2025-02-17 00:25:00	1.04875	1.04878	1.04853	1.04869	181
2025-02-17 00:30:00	1.0487	1.04884	1.04866	1.04876	43
2025-02-17 00:35:00	1.04874	1.04905	1.04871	1049	49
2025-02-17 00:40:00	1.04898	1.04902	1.04887	1.04893	234
2025-02-17 00:45:00	1.04893	1.04913	1.04885	1.04913	193
2025-02-17 00:50:00	1.04912	1.04912	1.04881	1.04903	305
2025-02-17 00:55:00	1.04904	1.04933	1.04904	1.04922	113
2025-02-17 01:00:00	1.04927	1.04927	1.04896	1.0491	113
2025-02-17 01:05:00	1.04911	1.04928	1.04895	1.04926	61
2025-02-17 01:10:00	1.04925	1.04936	1.04922	1.04929	292
2025-02-17 01:15:00	1.04931	1.04938	1.04904	1.04938	308
2025-02-17 01:20:00	1.04937	1.04982	1.04937	1.04961	404
2025-02-17 01:25:00	1.04961	1.04989	1.0496	1.04984	288
2025-02-17 01:30:00	1.04985	1.0501	1.04981	1.05001	345
2025-02-17 01:35:00	1.05	1.05039	1.04982	1.0503	348
2025-02-17 01:40:00	1.05029	1.05039	1.05022	1.05031	467
2025-02-17 01:45:00	1.05029	1.05035	1.05004	1.05032	183
2025-02-17 01:50:00	1.05034	1.05059	1.05027	1.05054	116
2025-02-17 01:55:00	1.05054	1.05062	1.05048	1.05051	367
2025-02-17 02:00:00	1.05051	1.05052	1.05013	1.05019	388
2025-02-17 02:05:00	1.05019	1.05021	1.05	1.05009	268
2025-02-17 02:10:00	1.05011	1.05026	1.04996	1.05018	190
2025-02-17 02:15:00	1.05016	1.05018	1.04999	1.05	89
2025-02-17 02:20:00	1.04999	1.05009	1.04987	1.05009	54
2025-02-17 02:25:00	1.05008	1.05019	1.05	1.0501	104
2025-02-17 02:30:00	1.0501	1.05021	1.05007	1.05018	143
2025-02-17 02:35:00	1.0502	1.0502	1.05	1.05015	50
2025-02-17 02:40:00	1.05012	1.05015	1.04996	1.04996	26
2025-02-17 02:45:00	1.04994	1.04997	1.04956	1.04976	63
2025-02-17 02:50:00	1.04977	1.04982	1.04968	1.04982	69
2025-02-17 02:55:00	1.04982	1.05018	1.04981	1.05012	55
2025-02-17 03:00:00	1.0501	1.05018	1.04996	1.05017	37
2025-02-17 03:05:00	1.05017	1.05035	1.05004	1.05027	34
2025-02-17 03:10:00	1.05028	1.05035	1.05027	1.05031	24
2025-02-17 03:15:00	1.05032	1.05035	1.04998	1.04998	39
2025-02-17 03:20:00	1.04998	1.04998	1.0495	1.04951	82
2025-02-17 03:25:00	1.0495	1.04978	1.0495	1.04957	133
2025-02-17 03:30:00	1.04957	1.04966	1.04942	1.04956	93
2025-02-17 03:35:00	1.04955	1.04965	1.04946	1.04952	249
2025-02-17 03:40:00	1.04952	1.04969	1.0495	1.0496	240
2025-02-17 03:45:00	1.04959	1.04959	1.04944	1.04949	44
2025-02-17 03:50:00	1.0495	1.04963	1.0495	1.0496	61
2025-02-17 03:55:00	1.04962	1.04971	1.04942	1.04945	329
2025-02-17 04:00:00	1.04944	1.04954	1.04919	1.04927	213
2025-02-17 04:05:00	1.04925	1.04925	1.04901	1.04908	99
2025-02-17 04:10:00	1.04908	1.04919	1.0489	1.04916	245
2025-02-17 04:15:00	1.04919	1.04937	1.04914	1.04931	106
2025-02-17 04:20:00	1.04933	1.04933	1.0492	1.04922	83
2025-02-17 04:25:00	1.04918	1.04931	1.0491	1.04931	59
2025-02-17 04:30:00	1.04932	1.04942	1.04931	1.04936	31
2025-02-17 04:35:00	1.04936	1.04939	1.04926	1.04937	316
2025-02-17 04:40:00	1.04935	1.04948	1.0493	1.04948	243
2025-02-17 04:45:00	1.04948	1.04951	1.0494	1.04948	21
2025-02-17 04:50:00	1.04947	1.04964	1.04947	1.04964	91
2025-02-17 04:55:00	1.04962	1.04972	1.04951	1.04954	362
2025-02-17 05:00:00	1.04956	1.04968	1.04956	1.04964	430
2025-02-17 05:05:00	1.04965	1.04968	1.04953	1.04967	91
2025-02-17 05:10:00	1.04968	1.04981	1.04951	1.04952	59
2025-02-17 05:15:00	1.04954	1.04964	1.04925	1.04926	98
2025-02-17 05:20:00	1.04926	1.04943	1.0489	1.04935	251
2025-02-17 05:25:00	1.04935	1.04936	1.04907	1.0491	369
2025-02-17 05:30:00	1.04908	1.04908	1.04871	1.04873	125
2025-02-17 05:35:00	1.04871	1.04882	1.04853	1.04875	97
2025-02-17 05:40:00	1.04874	1.04879	1.04868	1.04876	43
2025-02-17 05:45:00	1.04875	1.04893	1.04849	1.04851	101
2025-02-17 05:50:00	1.0485	1.04887	1.04846	1.04882	115
2025-02-17 05:55:00	1.04881	1.04912	1.04881	1.04897	134
2025-02-17 06:00:00	1.04896	1049	1.0488	1.04895	71
2025-02-17 06:05:00	1.04895	1.04903	1.04878	1.04882	162
2025-02-17 06:10:00	1.04885	1.04899	1.04883	1.04894	27
2025-02-17 06:15:00	1.04894	1.04919	1.04891	1.04895	205
2025-02-17 06:20:00	1.04897	1.04903	1.04881	1.04898	165
2025-02-17 06:25:00	1.04898	1.04918	1.0489	1.04907	226
2025-02-17 06:30:00	1.04907	1.04911	1.0489	1.04906	53
2025-02-17 06:35:00	1.04904	1.04925	1049	1.04924	28
2025-02-17 06:40:00	1.04923	1.04923	1.04909	1.04915	38
2025-02-17 06:45:00	1.04915	1.04919	1.04907	1.04918	39
2025-02-17 06:50:00	1.0492	1.04933	1.04912	1.04921	326
2025-02-17 06:55:00	1.04919	1.0492	1.04885	1.04916	222
2025-02-17 07:00:00	1.04917	1.04926	1.04895	1.04896	465
2025-02-17 07:05:00	1.04896	1.04937	1.04879	1.04934	214
2025-02-17 07:10:00	1.04934	1.04953	1.04915	1.04925	313
2025-02-17 07:15:00	1.04924	1.04943	1.04919	1.04941	175
2025-02-17 07:20:00	1.04943	1.04953	1.04891	1.04891	399
2025-02-17 07:25:00	1.0489	1.04899	1.04881	1.04883	309
2025-02-17 07:30:00	1.04881	1.04913	1.04871	1.04879	483
2025-02-17 07:35:00	1.04878	1.04886	1.04859	1.04862	281
2025-02-17 07:40:00	1.04862	1.04876	1.04824	1.04865	230
2025-02-17 07:45:00	1.04863	1.04877	1.04847	1.04862	87
2025-02-17 07:50:00	1.04862	1.04872	1.04828	1.04855	525
2025-02-17 07:55:00	1.04854	1.04855	1.04803	1.04824	679
2025-02-17 08:00:00	1.04825	1.04847	1.04755	1.04795	693
2025-02-17 08:05:00	1.04795	1.04823	1.04772	1.04791	396
2025-02-17 08:10:00	1.04789	1.04819	1.04782	1.04809	316
2025-02-17 08:15:00	1.04808	1.04828	1.04797	1.04806	350
2025-02-17 08:20:00	1.04806	1.0481	1.0475	1.04761	608
2025-02-17 08:25:00	1.04761	1.04768	1.04727	1.04744	635
2025-02-17 08:30:00	1.04743	1.04752	1.04708	1.04721	488
2025-02-17 08:35:00	1.04722	1.04756	1.04708	1.04736	604
2025-02-17 08:40:00	1.04736	1.04766	1.04736	1.04763	290
2025-02-17 08:45:00	1.04764	1.04778	1.04739	1.04762	112
2025-02-17 08:50:00	1.04763	1.04772	1.04732	1.04742	278
2025-02-17 08:55:00	1.04738	1.04751	1.0473	1.04743	198
2025-02-17 09:00:00	1.04743	1.04754	1.04726	1.04739	151
2025-02-17 09:05:00	1.04741	1.04748	1.04723	1.04726	155
2025-02-17 09:10:00	1.04726	1.04778	1.04723	1.04761	389
2025-02-17 09:15:00	1.04761	1.04808	1.04748	1.04791	275
2025-02-17 09:20:00	1.04793	1.04799	1.04769	1.04785	205
2025-02-17 09:25:00	1.04788	1.04812	1.04776	1.04786	279
2025-02-17 09:30:00	1.04784	1.04787	1.04746	1.04748	224
2025-02-17 09:35:00	1.04748	1.04759	1.04721	1.04721	124
2025-02-17 09:40:00	1.04722	1.04755	1.04719	1.04746	162
2025-02-17 09:45:00	1.04747	1.04758	1.04725	1.04756	173
2025-02-17 09:50:00	1.04757	1.04757	1.04716	1.04721	376
2025-02-17 09:55:00	1.04722	1.04743	1.04711	1.04741	578
2025-02-17 10:00:00	1.04739	1.04777	1.04731	1.04773	322
2025-02-17 10:05:00	1.04775	1.04803	1.04775	1.04794	498
2025-02-17 10:10:00	1.04794	1.04825	1.04791	1.04822	288
2025-02-17 10:15:00	1.04823	1.04841	1.04815	1.04827	122
2025-02-17 10:20:00	1.04827	1.04847	1.04825	1.04842	417
2025-02-17 10:25:00	1.04844	1.04847	1.04829	1.04833	82
2025-02-17 10:30:00	1.04832	1.04846	1.04828	1.04836	422
2025-02-17 10:35:00	1.04837	1.04839	1.04809	1.04813	426
2025-02-17 10:40:00	1.04813	1.0484	1.04811	1.04816	248
2025-02-17 10:45:00	1.04816	1.04879	1.04815	1.04878	238
2025-02-17 10:50:00	1.04877	1.0489	1.0487	1.04875	487
2025-02-17 10:55:00	1.04876	1.04891	1.04862	1.04888	474
2025-02-17 11:00:00	1.04888	1.0489	1.04868	1.0487	538
2025-02-17 11:05:00	1.04868	1.04874	1.04838	1.04851	930
2025-02-17 11:10:00	1.04852	1.04863	1.04838	1.04854	882
2025-02-17 11:15:00	1.04854	1.04886	1.04853	1.04855	766
2025-02-17 11:20:00	1.04856	1.04876	1.04853	1.04866	781
2025-02-17 11:25:00	1.04868	1.04873	1.04822	1.04827	70
2025-02-17 11:30:00	1.04826	1.04831	1.04797	1.04802	110
2025-02-17 11:35:00	1.04804	1.04809	1.04783	1.04807	261
2025-02-17 11:40:00	1.04808	1.04808	1.04777	1.04793	163
2025-02-17 11:45:00	1.04794	1.04823	1.04792	1.04823	66
2025-02-17 11:50:00	1.04823	1.04829	1.04792	1.04795	282
2025-02-17 11:55:00	1.04797	1.04825	1.04794	1.04818	216
2025-02-17 12:00:00	1.04819	1.04823	1.04777	1.04781	227
2025-02-17 12:05:00	1.04781	1.04806	1.0477	1.04802	129
2025-02-17 12:10:00	1.04802	1.04844	1.04802	1.0484	145
2025-02-17 12:15:00	1.0484	1.04848	1048	1.04802	140
2025-02-17 12:20:00	1.04801	1.04801	1.04759	1.0476	194
2025-02-17 12:25:00	1.04764	1.04776	1.0476	1.04762	467
2025-02-17 12:30:00	1.04762	1.04767	1.0474	1.04753	148
2025-02-17 12:35:00	1.04753	1.04757	1.04712	1.04741	344
2025-02-17 12:40:00	1.04739	1.04742	1.04689	1.04699	637
2025-02-17 12:45:00	1.04701	1.04727	1.04683	1.04685	430
2025-02-17 12:50:00	1.04684	1.04725	1.04683	1.04711	272
2025-02-17 12:55:00	1.04708	1.0474	1.04699	1.04721	435
2025-02-17 13:00:00	1.04723	1.04738	1.04713	1.04719	99
2025-02-17 13:05:00	1.04719	1.04741	1.04719	1.04731	108
2025-02-17 13:10:00	1.0473	1.0473	1047	1.04714	415
2025-02-17 13:15:00	1.04715	1.04731	1.04707	1.04711	190
2025-02-17 13:20:00	1.04711	1.0473	1.0471	1.04725	453
2025-02-17 13:25:00	1.04726	1.04726	1.04667	1.04684	730
2025-02-17 13:30:00	1.04687	1.04707	1.04684	1.04701	230
2025-02-17 13:35:00	1.04699	1.04728	1.04696	1.04718	307
2025-02-17 13:40:00	1.04716	1.04729	1.04712	1.04727	396
2025-02-17 13:45:00	1.04726	1.04758	1.04722	1.0475	230
2025-02-17 13:50:00	1.04751	1.04763	1.04747	1.04758	86
2025-02-17 13:55:00	1.04761	1.04761	1.04731	1.04741	143
2025-02-17 14:00:00	1.04742	1.04747	1.04728	1.04737	49
2025-02-17 14:05:00	1.0474	1.0478	1.0474	1.04767	230
2025-02-17 14:10:00	1.04768	1.04775	1.04725	1.04737	296
2025-02-17 14:15:00	1.04737	1.04746	1.04723	1.04731	276
2025-02-17 14:20:00	1.04732	1.04732	1.04712	1.04723	104
2025-02-17 14:25:00	1.04721	1.04741	1.04715	1.04736	132
2025-02-17 14:30:00	1.04733	1.04755	1.04724	1.04726	333
2025-02-17 14:35:00	1.04726	1.04742	1.04713	1.04739	151
2025-02-17 14:40:00	1.04739	1.04777	1.04736	1.04765	204
2025-02-17 14:45:00	1.04765	1.04775	1.04754	1.04771	327
2025-02-17 14:50:00	1.04771	1.04783	1.04765	1.04767	164
2025-02-17 14:55:00	1.04768	1.04793	1.04768	1.04782	218
2025-02-17 15:00:00	1.04783	1.04804	1.04775	1.04797	276
2025-02-17 15:05:00	1.04797	1.04813	1.04792	1.04807	128
2025-02-17 15:10:00	1.04807	1.04841	1.04807	1.04824	150
2025-02-17 15:15:00	1.04823	1.04833	1.04794	1.04797	140
2025-02-17 15:20:00	1.04795	1.04799	1.04779	1.04797	197
2025-02-17 15:25:00	1.04795	1.04822	1.04795	1.04804	90
2025-02-17 15:30:00	1.04806	1.04829	1.04798	1.04815	169
2025-02-17 15:35:00	1.04814	1.04823	1.04802	1.04816	47
2025-02-17 15:40:00	1.04817	1.04817	1.04778	1.04786	86
2025-02-17 15:45:00	1.04786	1.04803	1.04774	1.04789	298
2025-02-17 15:50:00	1.04787	1.04787	1.04741	1.04744	455
2025-02-17 15:55:00	1.04743	1.04808	1.04739	1.04796	527
2025-02-17 16:00:00	1.04796	1.04802	1.04774	1.04798	537
2025-02-17 16:05:00	1.04797	1.04818	1.0478	1.04784	99
2025-02-17 16:10:00	1.04786	1.04788	1.04767	1.04787	233
2025-02-17 16:15:00	1.04787	1.04793	1.04778	1.04784	76
2025-02-17 16:20:00	1.04782	1.04795	1.04778	1.04791	113
2025-02-17 16:25:00	1.04792	1.04822	1.04779	1.04816	234
2025-02-17 16:30:00	1.04816	1.0483	1.04809	1.04809	91
2025-02-17 16:35:00	1.04809	1.04809	1.04771	1.04781	139
2025-02-17 16:40:00	1.04781	1.04787	1.04772	1.04776	126
2025-02-17 16:45:00	1.04778	1.04803	1.04778	1.04792	76
2025-02-17 16:50:00	1.04792	1.04809	1.04786	1.04786	107
2025-02-17 16:55:00	1.04788	1.04808	1.04785	1.04786	26
2025-02-17 17:00:00	1.04788	1048	1.04779	1.04788	33
2025-02-17 17:05:00	1.04789	1.04795	1.04778	1.04793	112
2025-02-17 17:10:00	1.04793	1.04816	1.04793	1.04814	114
2025-02-17 17:15:00	1.04813	1.0483	1.04811	1.0482	175
2025-02-17 17:20:00	1.04821	1.04847	1.04815	1.04837	186
2025-02-17 17:25:00	1.04838	1.04845	1.04831	1.04838	122
2025-02-17 17:30:00	1.04835	1.04843	1.04827	1.04838	25
2025-02-17 17:35:00	1.04838	1.0484	1.04815	1.04815	25
2025-02-17 17:40:00	1.0481	1.04828	1.04805	1.04821	127
2025-02-17 17:45:00	1.0482	1.04826	1.04808	1.04812	18
2025-02-17 17:50:00	1.04812	1.04833	1.04812	1.04829	16
2025-02-17 17:55:00	1.04827	1.0483	1.04819	1.04824	88
2025-02-17 18:00:00	1.04825	1.04825	1.0481	1.04812	45
2025-02-17 18:05:00	1.0481	1.04815	1.04803	1.04804	69
2025-02-17 18:10:00	1.04804	1.04804	1.04795	1.04797	51
2025-02-17 18:15:00	1.04798	1.04806	1.04796	1.04802	8
2025-02-17 18:20:00	1.04799	1.04811	1.04798	1.04808	28
2025-02-17 18:25:00	1.04806	1.04814	1.04803	1.04811	10
2025-02-17 18:30:00	1.04807	1.04807	1.04792	1.04793	17
2025-02-17 18:35:00	1.04791	1.04796	1.04791	1.04794	9
2025-02-17 18:40:00	1.04794	1.04801	1.04794	1.04801	7
2025-02-17 18:45:00	1.04799	1.04804	1.04799	1.04801	4
2025-02-17 18:50:00	1.04805	1.04811	1.04804	1.04811	19
2025-02-17 18:55:00	1.04814	1.04821	1.04812	1.04819	29
2025-02-17 19:00:00	1.0482	1.0482	1.04808	1.04813	130
2025-02-17 19:05:00	1.04815	1.04829	1.04814	1.04819	45
2025-02-17 19:10:00	1.04819	1.04825	1.04815	1.04821	32
2025-02-17 19:15:00	1.04822	1.04837	1.04821	1.0483	61
2025-02-17 19:20:00	1.04829	1.04832	1.04822	1.04827	34
2025-02-17 19:25:00	1.0483	1.04834	1.04826	1.0483	24
2025-02-17 19:30:00	1.04828	1.04831	1.04819	1.04819	26
2025-02-17 19:35:00	1.04821	1.04824	1.04815	1.04816	24
2025-02-17 19:40:00	1.04815	1.04816	1.04804	1.04809	73
2025-02-17 19:45:00	1.04809	1.04811	1.04808	1.04809	17
2025-02-17 19:50:00	1.04808	1.0481	1.04802	1.04805	109
2025-02-17 19:55:00	1.04804	1.04816	1.04794	1.04815	46
2025-02-17 20:00:00	1.04815	1.04816	1.04806	1.04806	141
2025-02-17 20:05:00	1.04805	1.04809	1.04805	1.04808	79
2025-02-17 20:10:00	1.04807	1.04817	1.04806	1.04815	144
2025-02-17 20:15:00	1.04814	1.04816	1.0481	1.04811	39
2025-02-17 20:20:00	1.04811	1.04825	1.04809	1.0482	125
2025-02-17 20:25:00	1.04819	1.0482	1.04812	1.04812	52
2025-02-17 20:30:00	1.04811	1.0482	1.04811	1.0482	80
2025-02-17 20:35:00	1.04821	1.04826	1.04821	1.04826	23
2025-02-17 20:40:00	1.04826	1.04826	1.0482	1.0482	38
2025-02-17 20:45:00	1.0482	1.04826	1.04815	1.04826	25
2025-02-17 20:50:00	1.04823	1.04825	1.0482	1.04825	63
2025-02-17 20:55:00	1.04826	1.04836	1.04826	1.04831	77
2025-02-17 21:00:00	1.04833	1.04838	1.04824	1.04826	54
2025-02-17 21:05:00	1.04827	1.0483	1.04826	1.04828	59
2025-02-17 21:10:00	1.04827	1.04827	1.04824	1.04826	13
2025-02-17 21:15:00	1.04827	1.04833	1.04825	1.0483	18
2025-02-17 21:20:00	1.04832	1.04837	1.0483	1.04836	305
2025-02-17 21:25:00	1.04836	1.04836	1.04832	1.04833	73
2025-02-17 21:30:00	1.04832	1.04833	1.04831	1.04832	23
2025-02-17 21:35:00	1.04834	1.04849	1.04832	1.04847	44
2025-02-17 21:40:00	1.04847	1.04849	1.04837	1.0484	46
2025-02-17 21:45:00	1.04838	1.04841	1.04835	1.04836	9
2025-02-17 21:50:00	1.04839	1.04845	1.04837	1.04842	9
2025-02-17 21:55:00	1.04844	1.04844	1.04827	1.0484	86
2025-02-17 22:00:00	1.04835	1.04835	1.04698	1.04698	42
2025-02-17 22:05:00	1.04729	1.0479	1.04729	1.04775	63
2025-02-17 22:10:00	1.04775	1.04789	1.04759	1.04778	125
2025-02-17 22:15:00	1.04778	1.04779	1.04772	1.04777	29
2025-02-17 22:20:00	1.04776	1.04778	1.04772	1.04777	44
2025-02-17 22:25:00	1.04776	1.04804	1.04775	1.04797	378
2025-02-17 22:30:00	1.04799	1.04834	1.04784	1.04828	159
2025-02-17 22:35:00	1.04826	1.04836	1.04826	1.04833	70
2025-02-17 22:40:00	1.04833	1.04833	1.04825	1.04826	33
2025-02-17 22:45:00	1.04822	1.04834	1.04818	1.04826	101
2025-02-17 22:50:00	1.04826	1.04831	1.04818	1.04819	83
2025-02-17 22:55:00	1.04819	1.04821	1.0478	1.04795	140
2025-02-17 23:00:00	1.04805	1.04835	1.0477	1.04828	276
2025-02-17 23:05:00	1.04827	1.04828	1.04813	1.04823	111
2025-02-17 23:10:00	1.04824	1.04824	1.04807	1.04813	25
2025-02-17 23:15:00	1.04815	1.04817	1.04807	1.04807	65
2025-02-17 23:20:00	1.04809	1.04809	1.04799	1.04799	99
2025-02-17 23:25:00	1.04799	1048	1.04785	1.04786	91
2025-02-17 23:30:00	1.04786	1.04818	1.04786	1.04817	15
2025-02-17 23:35:00	1.04816	1.04818	1.04813	1.04813	4
2025-02-17 23:40:00	1.04814	1.04834	1.04814	1.04833	41
2025-02-17 23:45:00	1.04835	1.04855	1.04835	1.04851	22
2025-02-17 23:50:00	1.04853	1.04856	1.0484	1.0484	17
2025-02-17 23:55:00	1.04842	1.04852	1.04842	1.04848	16
2025-02-18 00:00:00	1.04847	1.04859	1.04835	1.04845	66
2025-02-18 00:05:00	1.04844	1.0486	1.04836	1.04857	43
2025-02-18 00:10:00	1.04861	1.04862	1.04837	1.04849	162
2025-02-18 00:15:00	1.04849	1.04849	1.0483	1.04837	212
2025-02-18 00:20:00	1.04837	1.0484	1.04803	1.04809	313
2025-02-18 00:25:00	1.04807	1.0481	1.0479	1.04801	165
2025-02-18 00:30:00	1.04803	1.04808	1.04799	1.04803	8
2025-02-18 00:35:00	1.04802	1.04802	1.04771	1.04771	63
2025-02-18 00:40:00	1.04769	1.04791	1.04762	1.04766	243
2025-02-18 00:45:00	1.04771	1.04777	1.0476	1.04762	83
2025-02-18 00:50:00	1.0476	1.04763	1.04747	1.04756	40
2025-02-18 00:55:00	1.04755	1.04758	1.04726	1.0475	196
2025-02-18 01:00:00	1.04749	1.0475	1.04732	1.04748	303
2025-02-18 01:05:00	1.04749	1.04753	1.04732	1.04735	385
2025-02-18 01:10:00	1.04734	1.04734	1.04699	1.04701	94
2025-02-18 01:15:00	1.04706	1.04714	1.04689	1.04691	367
2025-02-18 01:20:00	1.04688	1.04694	1.0468	1.04687	224
2025-02-18 01:25:00	1.04686	1.04686	1.04639	1.04645	95
2025-02-18 01:30:00	1.04645	1.04666	1.04644	1.04653	216
2025-02-18 01:35:00	1.04651	1.0467	1.0464	1.0466	438
2025-02-18 01:40:00	1.04659	1.04665	1.04646	1.04651	457
2025-02-18 01:45:00	1.0465	1.04664	1.04624	1.0466	118
2025-02-18 01:50:00	1.0466	1.04674	1.04648	1.04663	246
2025-02-18 01:55:00	1.04662	1.04667	1.0464	1.04659	385
2025-02-18 02:00:00	1.04659	1.04681	1.04653	1.0468	617
2025-02-18 02:05:00	1.0468	1.04685	1.04671	1.04675	469
2025-02-18 02:10:00	1.04674	1.04691	1.04662	1.04683	426
2025-02-18 02:15:00	1.04682	1.04696	1.04677	1.04686	385
2025-02-18 02:20:00	1.04686	1.04692	1.04671	1.04674	100
2025-02-18 02:25:00	1.04672	1.04688	1.04664	1.04671	737
2025-02-18 02:30:00	1.0467	1.04684	1.04664	1.04682	344
2025-02-18 02:35:00	1.04681	1.04705	1.04674	1.04702	74
2025-02-18 02:40:00	1.04702	1.04705	1.04672	1.04678	527
2025-02-18 02:45:00	1.04677	1.04682	1.04666	1.04682	91
2025-02-18 02:50:00	1.04683	1.04695	1.04677	1.04685	144
2025-02-18 02:55:00	1.04685	1.04687	1.04671	1.04673	611
2025-02-18 03:00:00	1.04672	1.04695	1.04672	1.0468	512
2025-02-18 03:05:00	1.0468	1.04681	1.04641	1.04647	159
2025-02-18 03:10:00	1.04647	1.04655	1.04638	1.04642	110
2025-02-18 03:15:00	1.0464	1.04662	1.0464	1.04656	233
2025-02-18 03:20:00	1.04656	1.04687	1.04656	1.04679	53
2025-02-18 03:25:00	1.0468	1.04683	1.04666	1.04666	81
2025-02-18 03:30:00	1.04666	1.04723	1.04653	1.0471	504
2025-02-18 03:35:00	1.0471	1.04717	1.04671	1.04675	152
2025-02-18 03:40:00	1.04674	1.04674	1.04654	1.04668	60
2025-02-18 03:45:00	1.04667	1.04667	1.04648	1.04648	73
2025-02-18 03:50:00	1.04649	1.04652	1.04625	1.04627	55
2025-02-18 03:55:00	1.04626	1.04635	1.04619	1.0463	39
2025-02-18 04:00:00	1.04628	1.04628	1.04605	1.04621	57
2025-02-18 04:05:00	1.04621	1.04626	1.04617	1.04622	30
2025-02-18 04:10:00	1.04622	1.04625	1.04615	1.04624	28
2025-02-18 04:15:00	1.04621	1.04638	1.04618	1.04627	92
2025-02-18 04:20:00	1.04627	1.04629	1.0459	1.04596	269
2025-02-18 04:25:00	1.04596	1.04597	1.04588	1.04591	11
2025-02-18 04:30:00	1.04593	1.04601	1.04579	1.04582	71
2025-02-18 04:35:00	1.04583	1.04592	1.04562	1.04567	102
2025-02-18 04:40:00	1.04568	1.04578	1.04553	1.04576	263
2025-02-18 04:45:00	1.04577	1.04578	1.04552	1.04568	321
2025-02-18 04:50:00	1.0457	1.04571	1.04552	1.04559	556
2025-02-18 04:55:00	1.04558	1.04573	1.04554	1.0457	271
2025-02-18 05:00:00	1.0457	1.0459	1.04569	1.04573	61
2025-02-18 05:05:00	1.04571	1.04573	1.04556	1.04559	26
2025-02-18 05:10:00	1.04561	1.04565	1.04548	1.04556	131
2025-02-18 05:15:00	1.04559	1.04559	1.04548	1.04555	169
2025-02-18 05:20:00	1.04556	1.0456	1.04546	1.04548	52
2025-02-18 05:25:00	1.04548	1.04554	1.04545	1.04546	206
2025-02-18 05:30:00	1.04548	1.04551	1.04543	1.04546	111
2025-02-18 05:35:00	1.04546	1.0456	1.04533	1.04533	200
2025-02-18 05:40:00	1.04534	1.04539	1.04526	1.04532	32
2025-02-18 05:45:00	1.04534	1.04536	1.04521	1.04531	41
2025-02-18 05:50:00	1.04531	1.04535	1.04522	1.04533	35
2025-02-18 05:55:00	1.04532	1.04558	1.0453	1.0455	58
2025-02-18 06:00:00	1.04549	1.04567	1.04547	1.04557	59
2025-02-18 06:05:00	1.04559	1.04567	1.04552	1.04566	19
2025-02-18 06:10:00	1.04564	1.04576	1.04563	1.04566	106
2025-02-18 06:15:00	1.04566	1.04585	1.04558	1.04579	67
2025-02-18 06:20:00	1.04581	1.04599	1.04576	1.0458	269
2025-02-18 06:25:00	1.04581	1.04589	1.04572	1.04583	110
2025-02-18 06:30:00	1.04584	1.04586	1.04553	1.04554	185
2025-02-18 06:35:00	1.04553	1.04565	1.04546	1.04563	788
2025-02-18 06:40:00	1.04563	1.04583	1.04563	1.04581	68
2025-02-18 06:45:00	1.04582	1.04604	1.0458	1.04598	185
2025-02-18 06:50:00	1.04598	1.04615	1.04595	1.04614	224
2025-02-18 06:55:00	1.04613	1.04632	1.04607	1.0461	205
2025-02-18 07:00:00	1.04611	1.04647	1.04603	1.0464	273
2025-02-18 07:05:00	1.04639	1.04661	1.04634	1.04652	453
2025-02-18 07:10:00	1.04651	1.0468	1.04646	1.04672	447
2025-02-18 07:15:00	1.04671	1.04684	1.04638	1.04642	1003
2025-02-18 07:20:00	1.0464	1.04664	1.04633	1.04642	1130
2025-02-18 07:25:00	1.04643	1.04644	1.04604	1.04607	841
2025-02-18 07:30:00	1.04608	1.04611	1.04583	1.04602	372
2025-02-18 07:35:00	1.04602	1.04644	1.04602	1.04644	52
2025-02-18 07:40:00	1.04643	1.04691	1.04634	1.04685	382
2025-02-18 07:45:00	1.04685	1.04687	1.04636	1.04642	234
2025-02-18 07:50:00	1.0464	1.0465	1.04625	1.04626	348
2025-02-18 07:55:00	1.04627	1.04636	1.04586	1.04635	165
2025-02-18 08:00:00	1.04634	1.04666	1.04627	1.04631	268
2025-02-18 08:05:00	1.04632	1.0464	1.0459	1.04617	253
2025-02-18 08:10:00	1.04616	1.04616	1.04547	1.04569	203
2025-02-18 08:15:00	1.0457	1.04624	1.0457	1.04617	324
2025-02-18 08:20:00	1.04618	1.0467	1.04612	1.04668	218
2025-02-18 08:25:00	1.04669	1.04675	1.0464	1.04657	174
2025-02-18 08:30:00	1.0466	1.04678	1.04647	1.04649	111
2025-02-18 08:35:00	1.04647	1.04691	1.04647	1.0468	90
2025-02-18 08:40:00	1.0468	1.04687	1.04656	1.04662	119
2025-02-18 08:45:00	1.04663	1.04663	1.04626	1.04628	110
2025-02-18 08:50:00	1.04628	1.04628	1.04582	1.04582	181
2025-02-18 08:55:00	1.04579	1.04581	1.0455	1.04568	260
2025-02-18 09:00:00	1.04568	1.04601	1.04555	1.04577	186
2025-02-18 09:05:00	1.0458	1.04593	1.04557	1.04586	143
2025-02-18 09:10:00	1.04588	1.04601	1.04575	1.04593	112
2025-02-18 09:15:00	1.04594	1.04594	1.04572	1.04574	102
2025-02-18 09:20:00	1.04575	1046	1.04568	1.04598	361
2025-02-18 09:25:00	1046	1046	1.04574	1.04581	78
2025-02-18 09:30:00	1.04579	1.04584	1.04564	1.04577	104
2025-02-18 09:35:00	1.04574	1.04578	1.0456	1.04574	210
2025-02-18 09:40:00	1.04576	1.04603	1.04572	1.04592	350
2025-02-18 09:45:00	1.04592	1.04609	1.04586	1.0459	211
2025-02-18 09:50:00	1.04589	1.04646	1.04583	1.04639	165
2025-02-18 09:55:00	1.04636	1.0465	1.04631	1.04635	279
2025-02-18 10:00:00	1.04635	1.0467	1.04635	1.04663	288
2025-02-18 10:05:00	1.04661	1.0467	1.04631	1.04631	811
2025-02-18 10:10:00	1.04628	1.04646	1.04613	1.04615	181
2025-02-18 10:15:00	1.04613	1.04625	1.04602	1.04622	309
2025-02-18 10:20:00	1.04624	1.04639	1.04606	1.04607	323
2025-02-18 10:25:00	1.04609	1.04618	1.04601	1.04604	361
2025-02-18 10:30:00	1.04603	1.04614	1.04589	1.04608	348
2025-02-18 10:35:00	1.04608	1.04626	1.04599	1.04601	277
2025-02-18 10:40:00	1.04602	1.04614	1.04594	1.04602	317
2025-02-18 10:45:00	1.04601	1.04623	1.04588	1.04622	330
2025-02-18 10:50:00	1.04623	1.04645	1.04617	1.04644	516
2025-02-18 10:55:00	1.04644	1.04645	1.04595	1.0462	630
2025-02-18 11:00:00	1.0462	1.04643	1.04619	1.04622	236
2025-02-18 11:05:00	1.04622	1.0463	1.04614	1.04626	57
2025-02-18 11:10:00	1.04624	1.04637	1.04611	1.04635	72
2025-02-18 11:15:00	1.04637	1.04649	1.04632	1.0464	60
2025-02-18 11:20:00	1.04642	1.04644	1.04624	1.04628	61
2025-02-18 11:25:00	1.04627	1.04637	1.04622	1.04637	81
2025-02-18 11:30:00	1.04637	1.04642	1.04629	1.04634	175
2025-02-18 11:35:00	1.04634	1.04647	1.04631	1.04647	83
2025-02-18 11:40:00	1.04646	1.04647	1.0463	1.04633	399
2025-02-18 11:45:00	1.04634	1.04641	1.04625	1.04625	220
2025-02-18 11:50:00	1.04626	1.04637	1.0462	1.04627	56
2025-02-18 11:55:00	1.04626	1.04633	1.04615	1.04626	181
2025-02-18 12:00:00	1.04628	1.04632	1.04622	1.04629	164
2025-02-18 12:05:00	1.04627	1.04669	1.04624	1.04627	574
2025-02-18 12:10:00	1.04628	1.04631	1.04583	1.04587	387
2025-02-18 12:15:00	1.04585	1.04585	1.04528	1.04544	198
2025-02-18 12:20:00	1.04545	1.0457	1.04539	1.04563	278
2025-02-18 12:25:00	1.04564	1.04569	1.04538	1.04538	406
2025-02-18 12:30:00	1.04537	1.04592	1.04537	1.04582	807
2025-02-18 12:35:00	1.04584	1.04601	1.04584	1.04587	356
2025-02-18 12:40:00	1.04588	1.04596	1.04571	1.04588	452
2025-02-18 12:45:00	1.04588	1.04589	1.04562	1.0458	165
2025-02-18 12:50:00	1.04579	1.04585	1.04565	1.04579	199
2025-02-18 12:55:00	1.04578	1.04583	1.04536	1.04552	195
2025-02-18 13:00:00	1.04551	1.04566	1.04511	1.04532	398
2025-02-18 13:05:00	1.04532	1.04539	1.0447	1.04473	414
2025-02-18 13:10:00	1.04472	1.04501	1.04456	1.04493	736
2025-02-18 13:15:00	1.04496	1.04538	1.04478	1.0453	877
2025-02-18 13:20:00	1.0453	1.04543	1.04509	1.04512	517
2025-02-18 13:25:00	1.0451	1.04513	1.04484	1.04492	344
2025-02-18 13:30:00	1.04493	1.04515	1.04463	1.04512	353
2025-02-18 13:35:00	1.0451	1.0451	1.04459	1.04473	520
2025-02-18 13:40:00	1.04472	1045	1.04469	1.04492	136
2025-02-18 13:45:00	1.04491	1.04522	1.0449	1.04495	361
2025-02-18 13:50:00	1.04496	1.04504	1.04468	1.04477	438
2025-02-18 13:55:00	1.04477	1.04477	1.04415	1.04446	399
2025-02-18 14:00:00	1.04446	1.0445	1.04414	1.04447	362
2025-02-18 14:05:00	1.0445	1.04486	1.04425	1.04481	346
2025-02-18 14:10:00	1.0448	1.04485	1.04452	1.04462	201
2025-02-18 14:15:00	1.04461	1.04493	1.04457	1.0447	240
2025-02-18 14:20:00	1.04471	1.04493	1.04463	1.04491	112
2025-02-18 14:25:00	1.04491	1.04548	1.04491	1.04522	230
2025-02-18 14:30:00	1.04522	1.0453	1.04471	1.04493	570
2025-02-18 14:35:00	1.04494	1.04503	1.04451	1.04476	415
2025-02-18 14:40:00	1.04476	1.04498	1.04466	1.04478	293
2025-02-18 14:45:00	1.04479	1.0452	1.04477	1.04491	539
2025-02-18 14:50:00	1.04491	1.04522	1.04488	1.04506	337
2025-02-18 14:55:00	1.04507	1.0454	1045	1.04523	254
2025-02-18 15:00:00	1.04524	1.04574	1.04522	1.04552	368
2025-02-18 15:05:00	1.04552	1.0456	1.04524	1.0454	560
2025-02-18 15:10:00	1.0454	1.04588	1.04529	1.04581	596
2025-02-18 15:15:00	1.04579	1.04598	1.0457	1.04585	322
2025-02-18 15:20:00	1.04588	1.04592	1.04535	1.04537	657
2025-02-18 15:25:00	1.04538	1.04566	1.04527	1.04563	386
2025-02-18 15:30:00	1.04561	1.04566	1.04532	1.04542	327
2025-02-18 15:35:00	1.0454	1.04556	1.04513	1.04548	372
2025-02-18 15:40:00	1.04549	1.04578	1.04532	1.04577	477
2025-02-18 15:45:00	1.04575	1.0461	1.04571	1.04606	633
2025-02-18 15:50:00	1.04604	1.04622	1.04577	1.04597	926
2025-02-18 15:55:00	1.04599	1.04669	1.04598	1.04662	1346
2025-02-18 16:00:00	1.04662	1.04692	1.04647	1.04665	1415
2025-02-18 16:05:00	1.04666	1.04679	1.04649	1.04657	137
2025-02-18 16:10:00	1.04656	1.0467	1.04623	1.04625	589
2025-02-18 16:15:00	1.04624	1.0464	1.04616	1.04631	327
2025-02-18 16:20:00	1.04632	1.0464	1.04606	1.04614	136
2025-02-18 16:25:00	1.04613	1.04642	1.04613	1.04626	69
2025-02-18 16:30:00	1.04627	1.04642	1.04608	1.0461	89
2025-02-18 16:35:00	1.04611	1.04613	1.04579	1.04586	531
2025-02-18 16:40:00	1.04586	1.04601	1.04575	1.04582	180
2025-02-18 16:45:00	1.04583	1.04593	1.04539	1.04545	210
2025-02-18 16:50:00	1.04545	1.04566	1.04544	1.04551	116
2025-02-18 16:55:00	1.0455	1.04567	1.04547	1.04566	111
2025-02-18 17:00:00	1.04566	1.04566	1.04495	1.04497	281
2025-02-18 17:05:00	1.04498	1.04521	1.04483	1.04494	148
2025-02-18 17:10:00	1.04496	1.04505	1.04487	1045	68
2025-02-18 17:15:00	1045	1.04509	1.04471	1.0448	116
2025-02-18 17:20:00	1.04479	1.0448	1.04439	1.04442	320
2025-02-18 17:25:00	1.04441	1.0448	1.04438	1.04475	325
2025-02-18 17:30:00	1.04474	1.04486	1.04437	1.04439	487
2025-02-18 17:35:00	1.0444	1.04462	1.04438	1.04439	310
2025-02-18 17:40:00	1.0444	1.0446	1.04422	1.04454	298
2025-02-18 17:45:00	1.04453	1.04457	1.04399	1.04424	441
2025-02-18 17:50:00	1.04422	1.04439	1.04402	1.04402	233
2025-02-18 17:55:00	1.04401	1.04462	1.0439	1.04457	816
2025-02-18 18:00:00	1.04457	1.04478	1.04445	1.04445	513
2025-02-18 18:05:00	1.04446	1.04447	1.04352	1.04359	299
2025-02-18 18:10:00	1.04357	1.0439	1.04353	1.0437	321
2025-02-18 18:15:00	1.0437	1.04374	1.0435	1.04366	234
2025-02-18 18:20:00	1.0437	1.04389	1.04359	1.04386	473
2025-02-18 18:25:00	1.04387	1.04395	1.04377	1.0439	339
2025-02-18 18:30:00	1.04392	1.04396	1.04376	1.04392	491
2025-02-18 18:35:00	1.04391	1.04406	1.04388	1.04403	242
2025-02-18 18:40:00	1.04404	1.04408	1.04385	1.04397	512
2025-02-18 18:45:00	1.04396	1.04397	1.04376	1.04378	138
2025-02-18 18:50:00	1.04377	1.04427	1.04365	1.04421	286
2025-02-18 18:55:00	1.04419	1.0444	1.04413	1.04439	79
2025-02-18 19:00:00	1.04438	1.04454	1.04418	1.04447	85
2025-02-18 19:05:00	1.04447	1.04447	1.0442	1.0443	67
2025-02-18 19:10:00	1.04432	1.0444	1.04403	1.04406	261
2025-02-18 19:15:00	1.04406	1.04449	1.04406	1.04439	215
2025-02-18 19:20:00	1.04438	1.04468	1.04437	1.04462	25
2025-02-18 19:25:00	1.04462	1.04469	1.04457	1.04466	61
2025-02-18 19:30:00	1.04464	1.04484	1.04457	1.04483	40
2025-02-18 19:35:00	1.04481	1.04496	1.0447	1.04493	25
2025-02-18 19:40:00	1.0449	1.04494	1.04477	1.04491	53
2025-02-18 19:45:00	1.04491	1.04494	1.0447	1.04476	133
2025-02-18 19:50:00	1.04476	1.04486	1.04471	1.04475	219
2025-02-18 19:55:00	1.04476	1.04476	1.04437	1.04451	209
2025-02-18 20:00:00	1.04449	1.04451	1.0441	1.04446	368
2025-02-18 20:05:00	1.04446	1.04453	1.0444	1.04452	121
2025-02-18 20:10:00	1.0445	1.04464	1.0445	1.0446	76
2025-02-18 20:15:00	1.04461	1.0447	1.04436	1.04436	117
2025-02-18 20:20:00	1.04438	1.04442	1.04426	1.04437	74
2025-02-18 20:25:00	1.04439	1.04443	1.04419	1.04427	84
2025-02-18 20:30:00	1.04431	1.04453	1.04428	1.04444	74
2025-02-18 20:35:00	1.04445	1.04457	1.04436	1.04451	60
2025-02-18 20:40:00	1.04451	1.04453	1.0444	1.0444	55
2025-02-18 20:45:00	1.04444	1.04467	1.04444	1.04467	60
2025-02-18 20:50:00	1.04467	1.04472	1.0445	1.04456	46
2025-02-18 20:55:00	1.04457	1.04476	1.04452	1.04475	737
2025-02-18 21:00:00	1.04475	1.04481	1.04458	1.04479	249
2025-02-18 21:05:00	1.04479	1.04491	1.04479	1.04487	211
2025-02-18 21:10:00	1.04487	1.04492	1.04485	1.04488	115
2025-02-18 21:15:00	1.0449	1.04491	1.04444	1.04459	149
2025-02-18 21:20:00	1.04462	1.0448	1.04451	1.04473	91
2025-02-18 21:25:00	1.04471	1.04471	1.04444	1.04459	267
2025-02-18 21:30:00	1.04458	1.04458	1.0445	1.0445	401
2025-02-18 21:35:00	1.04451	1.04457	1.04445	1.04456	225
2025-02-18 21:40:00	1.04458	1.04463	1.04444	1.04455	109
2025-02-18 21:45:00	1.04455	1.04467	1.0445	1.04466	373
2025-02-18 21:50:00	1.04466	1.04468	1.0446	1.04465	34
2025-02-18 21:55:00	1.04465	1.04467	1.04448	1.04459	450
2025-02-18 22:00:00	1.04453	1.04457	1.04442	1.04454	41
2025-02-18 22:05:00	1.04464	1.04475	1.0446	1.04474	285
2025-02-18 22:10:00	1.04472	1.04475	1.04455	1.04464	784
2025-02-18 22:15:00	1.04465	1.04473	1.04454	1.04457	456
2025-02-18 22:20:00	1.04459	1.04462	1.04442	1.04455	82
2025-02-18 22:25:00	1.04453	1.0448	1.04452	1.0448	127
2025-02-18 22:30:00	1.0448	1.04508	1.04479	1.04501	119
2025-02-18 22:35:00	1.04501	1.04516	1.04468	1.04479	70
2025-02-18 22:40:00	1.04478	1.04485	1.04469	1.04483	71
2025-02-18 22:45:00	1.04489	1.04491	1.04481	1.04483	29
2025-02-18 22:50:00	1.04484	1.04505	1.0448	1.04482	197
2025-02-18 22:55:00	1.04484	1.04517	1.04478	1.04505	241
2025-02-18 23:00:00	1.04509	1.04509	1.04473	1.04473	174
2025-02-18 23:05:00	1.04474	1.04486	1.04468	1.04474	88
2025-02-18 23:10:00	1.04474	1.04478	1.04453	1.04458	202
2025-02-18 23:15:00	1.04464	1.04464	1.04447	1.04458	57
2025-02-18 23:20:00	1.0446	1.0447	1.04453	1.04459	70
2025-02-18 23:25:00	1.04458	1.04467	1.04458	1.04461	42
2025-02-18 23:30:00	1.04461	1.04476	1.04461	1.04472	24
2025-02-18 23:35:00	1.04473	1.04489	1.04473	1.0448	62
2025-02-18 23:40:00	1.04482	1.04482	1.0447	1.04476	60
2025-02-18 23:45:00	1.04477	1.04485	1.04475	1.04481	27
2025-02-18 23:50:00	1.0448	1.04484	1.04474	1.04474	24
2025-02-18 23:55:00	1.04476	1.04481	1.04474	1.04479	56
2025-02-19 00:00:00	1.0448	1.0448	1.04456	1.04463	149
2025-02-19 00:05:00	1.04462	1.04464	1.0445	1.04451	27
2025-02-19 00:10:00	1.0445	1.04451	1.04435	1.04446	239
2025-02-19 00:15:00	1.04447	1.04473	1.04439	1.04469	171
2025-02-19 00:20:00	1.0447	1.04472	1.04454	1.04469	276
2025-02-19 00:25:00	1.04469	1.04493	1.04469	1.04489	68
2025-02-19 00:30:00	1.04487	1.04488	1.04473	1.04475	177
2025-02-19 00:35:00	1.04475	1.0448	1.04468	1.04478	94
2025-02-19 00:40:00	1.04476	1.04476	1.0446	1.04461	147
2025-02-19 00:45:00	1.04461	1.04471	1.0445	1.04471	131
2025-02-19 00:50:00	1.04469	1.0448	1.04457	1.04457	150
2025-02-19 00:55:00	1.04456	1.04472	1.04454	1.04456	32
2025-02-19 01:00:00	1.04458	1.04473	1.0442	1.04428	522
2025-02-19 01:05:00	1.04427	1.04438	1.04414	1.04436	506
2025-02-19 01:10:00	1.04437	1.04471	1.04436	1.04466	69
2025-02-19 01:15:00	1.04464	1.04479	1.04456	1.04476	60
2025-02-19 01:20:00	1.04476	1.04479	1.04466	1.04472	43
2025-02-19 01:25:00	1.04474	1.04479	1.04447	1.0446	51
2025-02-19 01:30:00	1.04459	1.0447	1.04443	1.04448	57
2025-02-19 01:35:00	1.04446	1.04455	1.04431	1.04431	211
2025-02-19 01:40:00	1.04433	1.04437	1.04426	1.04429	212
2025-02-19 01:45:00	1.04429	1.04435	1.04409	1.04433	173
2025-02-19 01:50:00	1.04434	1.04443	1.04424	1.04437	196
2025-02-19 01:55:00	1.04434	1.04467	1.04434	1.04463	514
2025-02-19 02:00:00	1.04462	1.04474	1.0445	1.0445	238
2025-02-19 02:05:00	1.04452	1.04481	1.04446	1.04474	40
2025-02-19 02:10:00	1.04472	1.04478	1.04462	1.04477	37
2025-02-19 02:15:00	1.04478	1.04496	1.04478	1.04487	54
2025-02-19 02:20:00	1.04489	1.04499	1.04486	1.04489	30
2025-02-19 02:25:00	1.04487	1.04495	1.04481	1.04491	258
2025-02-19 02:30:00	1.04491	1.04511	1.04487	1.04505	201
2025-02-19 02:35:00	1.04503	1.04503	1.0449	1.04499	30
2025-02-19 02:40:00	1.04499	1.04508	1.04496	1.04501	18
2025-02-19 02:45:00	1.04503	1.04505	1.04487	1.04491	6
2025-02-19 02:50:00	1.04492	1.04521	1.04489	1.04511	101
2025-02-19 02:55:00	1.04511	1.0452	1.04502	1.04516	618
2025-02-19 03:00:00	1.04517	1.04517	1045	1.04503	485
2025-02-19 03:05:00	1.04502	1.04506	1.0449	1.04491	346
2025-02-19 03:10:00	1.0449	1045	1.04485	1.04493	233
2025-02-19 03:15:00	1.04493	1.04493	1.04485	1.04488	257
2025-02-19 03:20:00	1.04487	1.04493	1.04476	1.04486	30
2025-02-19 03:25:00	1.04487	1.04493	1.04485	1.04485	69
2025-02-19 03:30:00	1.04488	1.04494	1.04478	1.0448	254
2025-02-19 03:35:00	1.04479	1.04493	1.04479	1.04493	118
2025-02-19 03:40:00	1.04492	1.04506	1.04491	1.04498	192
2025-02-19 03:45:00	1.04498	1.04519	1.04498	1.04519	60
2025-02-19 03:50:00	1.0452	1.0452	1.04506	1.04511	315
2025-02-19 03:55:00	1.04509	1.04515	1.04508	1.0451	283
2025-02-19 04:00:00	1.0451	1.04514	1.04499	1.04502	151
2025-02-19 04:05:00	1045	1.04524	1045	1.04512	26
2025-02-19 04:10:00	1.04513	1.04521	1.0451	1.04521	17
2025-02-19 04:15:00	1.04525	1.0453	1.04494	1.04501	147
2025-02-19 04:20:00	1.04503	1.04513	1.04502	1.04502	12
2025-02-19 04:25:00	1.04501	1.04507	1.04498	1.04503	25
2025-02-19 04:30:00	1.04503	1.04503	1.0448	1.04485	122
2025-02-19 04:35:00	1.04488	1.04504	1.04485	1.04503	346
2025-02-19 04:40:00	1.04504	1.0451	1.04501	1.04509	195
2025-02-19 04:45:00	1.04509	1.04511	1.04503	1.04511	183
2025-02-19 04:50:00	1.04512	1.04526	1.0451	1.04516	34
2025-02-19 04:55:00	1.04513	1.04526	1.04513	1.04523	33
2025-02-19 05:00:00	1.04522	1.04527	1.04515	1.04516	28
2025-02-19 05:05:00	1.04516	1.04521	1.04514	1.04517	258
2025-02-19 05:10:00	1.04517	1.04521	1.04514	1.04517	504
2025-02-19 05:15:00	1.04517	1.04521	1.0451	1.04511	12
2025-02-19 05:20:00	1.04511	1.04511	1.04492	1.04492	13
2025-02-19 05:25:00	1.04493	1.04501	1.04487	1.04499	10
2025-02-19 05:30:00	1.04501	1.04511	1045	1.0451	9
2025-02-19 05:35:00	1.04511	1.04534	1.0451	1.04534	55
2025-02-19 05:40:00	1.04532	1.04543	1.0453	1.04541	200
2025-02-19 05:45:00	1.04542	1.04547	1.04537	1.04544	121
2025-02-19 05:50:00	1.04544	1.04557	1.04543	1.04555	144
2025-02-19 05:55:00	1.04555	1.04562	1.04532	1.04561	199
2025-02-19 06:00:00	1.0456	1.04571	1.04555	1.0456	357
2025-02-19 06:05:00	1.04563	1.04585	1.04553	1.0458	366
2025-02-19 06:10:00	1.04582	1.04601	1.0458	1.04595	599
2025-02-19 06:15:00	1.04596	1.04602	1.0458	1.04587	285
2025-02-19 06:20:00	1.04586	1.04599	1.04582	1.04588	557
2025-02-19 06:25:00	1.04587	1.04608	1.04587	1.04605	395
2025-02-19 06:30:00	1.04605	1.04613	1.04594	1.04607	371
2025-02-19 06:35:00	1.04604	1.04607	1.04578	1.0458	111
2025-02-19 06:40:00	1.04577	1.04593	1.04576	1.04586	27
2025-02-19 06:45:00	1.04585	1.04586	1.04561	1.04561	262
2025-02-19 06:50:00	1.0456	1.04578	1.0456	1.04572	279
2025-02-19 06:55:00	1.04569	1.0457	1.04542	1.04549	478
2025-02-19 07:00:00	1.04551	1.04593	1.04545	1.04566	387
2025-02-19 07:05:00	1.04566	1.0457	1.04543	1.04545	109
2025-02-19 07:10:00	1.04546	1.04556	1.04525	1.04536	55
2025-02-19 07:15:00	1.04537	1.04575	1.0453	1.04553	266
2025-02-19 07:20:00	1.04552	1.04553	1.04529	1.04529	386
2025-02-19 07:25:00	1.04529	1.04542	1.0452	1.04529	256
2025-02-19 07:30:00	1.04529	1.04533	1.0449	1.04493	423
2025-02-19 07:35:00	1.04495	1.0451	1.04486	1.04489	163
2025-02-19 07:40:00	1.04489	1.0454	1.04488	1.0454	320
2025-02-19 07:45:00	1.0454	1.04572	1.04533	1.04569	140
2025-02-19 07:50:00	1.04569	1.04572	1.0454	1.0455	256
2025-02-19 07:55:00	1.04548	1.04548	1045	1.04511	389
2025-02-19 08:00:00	1.04514	1.04523	1.04486	1.04498	186
2025-02-19 08:05:00	1.04495	1.04511	1.04486	1.04506	550
2025-02-19 08:10:00	1.04506	1.04535	1.04505	1.04535	544
2025-02-19 08:15:00	1.04534	1.0456	1.04505	1.04515	437
2025-02-19 08:20:00	1.04516	1.04528	1.04495	1.04505	346
2025-02-19 08:25:00	1.04507	1.04513	1.04476	1.04486	397
2025-02-19 08:30:00	1.04486	1.04539	1.04484	1.04526	342
2025-02-19 08:35:00	1.04528	1.04537	1.04501	1.04524	165
2025-02-19 08:40:00	1.04523	1.04523	1.04465	1.04475	253
2025-02-19 08:45:00	1.04475	1.04478	1.04452	1.04469	185
2025-02-19 08:50:00	1.04471	1.04471	1.04419	1.04432	181
2025-02-19 08:55:00	1.04432	1.04436	1.04385	1.04404	232
2025-02-19 09:00:00	1.04403	1.04404	1.04348	1.04376	383
2025-02-19 09:05:00	1.04378	1.0441	1.04374	1.04395	471
2025-02-19 09:10:00	1.04396	1.04413	1.0439	1.04408	432
2025-02-19 09:15:00	1.04408	1.04432	1.04407	1.04422	332
2025-02-19 09:20:00	1.04426	1.04436	1.04412	1.04413	289
2025-02-19 09:25:00	1.04411	1.04416	1044	1.04412	101
2025-02-19 09:30:00	1.0441	1.04428	1.04405	1.04405	81
2025-02-19 09:35:00	1.04404	1.04411	1.04385	1.04388	115
2025-02-19 09:40:00	1.04385	1.04385	1.04339	1.04347	502
2025-02-19 09:45:00	1.04345	1.04372	1.04345	1.04369	246
2025-02-19 09:50:00	1.04369	1.04374	1.04325	1.04338	731
2025-02-19 09:55:00	1.04337	1.04337	1.04281	1.04287	915
2025-02-19 10:00:00	1.04288	1.04296	1.04261	1.04269	402
2025-02-19 10:05:00	1.04268	1.04276	1.04254	1.04256	243
2025-02-19 10:10:00	1.04256	1.04281	1.04239	1.04281	455
2025-02-19 10:15:00	1.04282	1.04282	1.04247	1.04269	248
2025-02-19 10:20:00	1.04268	1.04282	1.0425	1.04262	220
2025-02-19 10:25:00	1.0426	1.04274	1.04252	1.04261	341
2025-02-19 10:30:00	1.04262	1.04282	1.04256	1.04265	154
2025-02-19 10:35:00	1.04264	1.04266	1.04208	1.0422	403
2025-02-19 10:40:00	1.04218	1.04219	1.04201	1.0421	101
2025-02-19 10:45:00	1.04213	1.04216	1.04188	1.04199	306
2025-02-19 10:50:00	1.04198	1.04229	1.04195	1.04212	338
2025-02-19 10:55:00	1.0421	1.04239	1.04206	1.04237	275
2025-02-19 11:00:00	1.04239	1.04306	1.04218	1.04269	1288
2025-02-19 11:05:00	1.0427	1.0433	1.04265	1.04316	909
2025-02-19 11:10:00	1.04313	1.04314	1.04274	1.04306	195
2025-02-19 11:15:00	1.04307	1.04314	1.04276	1.04291	199
2025-02-19 11:20:00	1.0429	1.04304	1.04264	1.04285	287
2025-02-19 11:25:00	1.04284	1.04286	1.04257	1.04263	557
2025-02-19 11:30:00	1.04263	1.04278	1.04247	1.04254	1064
2025-02-19 11:35:00	1.04255	1.04275	1.04233	1.04235	729
2025-02-19 11:40:00	1.04234	1.0425	1.04214	1.04228	602
2025-02-19 11:45:00	1.04228	1.04237	1.04211	1.04226	583
2025-02-19 11:50:00	1.04225	1.0423	1.04199	1.04224	937
2025-02-19 11:55:00	1.04225	1.04246	1.04224	1.04244	474
2025-02-19 12:00:00	1.04243	1.04251	1.04216	1.04251	622
2025-02-19 12:05:00	1.0425	1.04256	1.04222	1.0424	718
2025-02-19 12:10:00	1.04241	1.04267	1.04229	1.04266	972
2025-02-19 12:15:00	1.04267	1.04306	1.04266	1.04294	745
2025-02-19 12:20:00	1.04294	1.04294	1.04259	1.04266	753
2025-02-19 12:25:00	1.04268	1.04268	1.0423	1.04236	802
2025-02-19 12:30:00	1.04236	1.04247	1.04232	1.04239	819
2025-02-19 12:35:00	1.04239	1.04262	1.04228	1.0426	530
2025-02-19 12:40:00	1.04261	1.04289	1.04245	1.04289	446
2025-02-19 12:45:00	1.0429	1.04298	1.04255	1.04255	875
2025-02-19 12:50:00	1.04255	1.04288	1.04252	1.04285	991
2025-02-19 12:55:00	1.04286	1.04318	1.04274	1.0428	881
2025-02-19 13:00:00	1.04282	1.04329	1.04276	1.0432	777
2025-02-19 13:05:00	1.0432	1.04352	1.0432	1.0434	658
2025-02-19 13:10:00	1.04338	1.04348	1.04308	1.04315	508
2025-02-19 13:15:00	1.04315	1.04328	1.04275	1.04279	673
2025-02-19 13:20:00	1.04278	1.04285	1.0425	1.04259	545
2025-02-19 13:25:00	1.04259	1.04296	1.04259	1.04294	543
2025-02-19 13:30:00	1.04293	1.04299	1.04269	1.0428	546
2025-02-19 13:35:00	1.04279	1.04307	1.04273	1.04281	648
2025-02-19 13:40:00	1.04281	1.04318	1.0428	1.0431	792
2025-02-19 13:45:00	1.04311	1.0435	1.0431	1.04334	752
2025-02-19 13:50:00	1.04336	1.04346	1.04304	1.0433	690
2025-02-19 13:55:00	1.0433	1.04349	1.0433	1.04338	711
2025-02-19 14:00:00	1.04339	1.04342	1.04317	1.04322	735
2025-02-19 14:05:00	1.0432	1.0434	1.04297	1.04329	1149
2025-02-19 14:10:00	1.04329	1.0434	1.04313	1.0432	557
2025-02-19 14:15:00	1.04321	1.04333	1.04298	1.04307	617
2025-02-19 14:20:00	1.04309	1.04346	1.04303	1.0433	607
2025-02-19 14:25:00	1.0433	1.04333	1.04275	1.04294	589
2025-02-19 14:30:00	1.04295	1.04323	1.0428	1.04281	618
2025-02-19 14:35:00	1.0428	1.04331	1.04273	1.0433	825
2025-02-19 14:40:00	1.0433	1.04339	1.04304	1.0432	975
2025-02-19 14:45:00	1.04322	1.04342	1.04309	1.04309	984
2025-02-19 14:50:00	1.0431	1.04348	1.04305	1.0434	996
2025-02-19 14:55:00	1.04342	1.04378	1.04328	1.04341	1113
2025-02-19 15:00:00	1.04341	1.04358	1.04313	1.04318	1032
2025-02-19 15:05:00	1.04318	1.04363	1.04318	1.04339	880
2025-02-19 15:10:00	1.04341	1.04359	1.04317	1.04324	1428
2025-02-19 15:15:00	1.04322	1.04351	1.04319	1.04325	755
2025-02-19 15:20:00	1.04324	1.04352	1.04307	1.04337	985
2025-02-19 15:25:00	1.04339	1.04339	1.04298	1.04315	783
2025-02-19 15:30:00	1.04315	1.04402	1.04301	1.04385	1846
2025-02-19 15:35:00	1.04385	1.04412	1.04321	1.04337	1540
2025-02-19 15:40:00	1.04334	1.04345	1.0429	1.04309	1075
2025-02-19 15:45:00	1.04309	1.0432	1.0425	1.04259	1180
2025-02-19 15:50:00	1.04259	1.04284	1.04229	1.04233	1235
2025-02-19 15:55:00	1.04234	1.04251	1.04215	1.0424	1201
2025-02-19 16:00:00	1.04239	1.04247	1.04137	1.04146	1219
2025-02-19 16:05:00	1.04143	1.04167	1.04112	1.04159	1105
2025-02-19 16:10:00	1.04159	1.04204	1.04144	1.04169	1006
2025-02-19 16:15:00	1.04171	1.04187	1.04083	1.04087	991
2025-02-19 16:20:00	1.04088	1.04096	1.04059	1.04068	992
2025-02-19 16:25:00	1.0407	1.04081	1.04057	1.04066	820
2025-02-19 16:30:00	1.04066	1.04119	1.04059	1.04106	674
2025-02-19 16:35:00	1.04106	1.04126	1.04099	1.04114	431
2025-02-19 16:40:00	1.04114	1.04147	1.04106	1.04119	542
2025-02-19 16:45:00	1.04119	1.04125	1.04075	1.0408	481
2025-02-19 16:50:00	1.04081	1.04105	1.04071	1.04074	666
2025-02-19 16:55:00	1.04074	1.04075	1.0404	1.04044	618
2025-02-19 17:00:00	1.04044	1.04051	1.04022	1.04025	669
2025-02-19 17:05:00	1.04026	1.04077	1.04009	1.04076	547
2025-02-19 17:10:00	1.04076	1.04076	1.04048	1.04056	849
2025-02-19 17:15:00	1.04059	1.04101	1.04059	1.04101	556
2025-02-19 17:20:00	1041	1.04112	1.0409	1.04102	348
2025-02-19 17:25:00	1.04101	1.04112	1.04076	1.04103	418
2025-02-19 17:30:00	1.04102	1.0413	1.04099	1.04102	489
2025-02-19 17:35:00	1.04103	1.04105	1.04067	1.04067	311
2025-02-19 17:40:00	1.04067	1.04077	1.04056	1.04068	387
2025-02-19 17:45:00	1.04069	1.04092	1.04067	1.04091	215
2025-02-19 17:50:00	1.04092	1.04106	1.04082	1.04106	244
2025-02-19 17:55:00	1.04106	1.04106	1.04086	1.04096	326
2025-02-19 18:00:00	1.04097	1.04122	1.04097	1.0411	368
2025-02-19 18:05:00	1.0411	1.04115	1.04086	1.04097	359
2025-02-19 18:10:00	1.04096	1041	1.04083	1.0409	312
2025-02-19 18:15:00	1.04092	1.04108	1.04089	1.04107	260
2025-02-19 18:20:00	1.04107	1.04132	1.04105	1.04119	575
2025-02-19 18:25:00	1.04121	1.04131	1.04114	1.04119	385
2025-02-19 18:30:00	1.0412	1.04166	1.04119	1.04163	340
2025-02-19 18:35:00	1.04164	1.04186	1.04163	1.04184	384
2025-02-19 18:40:00	1.04186	1.04196	1.04182	1.04194	216
2025-02-19 18:45:00	1.04194	1.04218	1.0418	1.04187	440
2025-02-19 18:50:00	1.04187	1.04194	1.04172	1.04187	357
2025-02-19 18:55:00	1.04186	1.04201	1.04179	1.0419	382
2025-02-19 19:00:00	1.0419	1.04235	1.04177	1.04188	692
2025-02-19 19:05:00	1.04188	1.04241	1.04187	1.0423	373
2025-02-19 19:10:00	1.0423	1.04264	1.04227	1.0426	378
2025-02-19 19:15:00	1.0426	1.04285	1.04247	1.04265	591
2025-02-19 19:20:00	1.04267	1.04305	1.04267	1.04296	551
2025-02-19 19:25:00	1.04295	1.04324	1.04271	1.04312	519
2025-02-19 19:30:00	1.04312	1.04312	1.04255	1.04255	524
2025-02-19 19:35:00	1.04256	1.04265	1.04225	1.0425	744
2025-02-19 19:40:00	1.04251	1.04269	1.04248	1.04268	463
2025-02-19 19:45:00	1.04268	1.04268	1.04242	1.0425	559
2025-02-19 19:50:00	1.0425	1.04261	1.04239	1.0425	403
2025-02-19 19:55:00	1.04251	1.04257	1.04224	1.04256	428
2025-02-19 20:00:00	1.04255	1.04264	1.04238	1.04238	407
2025-02-19 20:05:00	1.0424	1.04242	1.04225	1.04235	281
2025-02-19 20:10:00	1.04235	1.04261	1.04232	1.04241	332
2025-02-19 20:15:00	1.04242	1.04259	1.0424	1.0424	228
2025-02-19 20:20:00	1.04242	1.04243	1.04224	1.04237	206
2025-02-19 20:25:00	1.04237	1.04237	1.04211	1.0423	396
2025-02-19 20:30:00	1.0423	1.04252	1.04229	1.04233	262
2025-02-19 20:35:00	1.04235	1.04237	1.04207	1.04222	221
2025-02-19 20:40:00	1.04223	1.04231	1.04216	1.04229	217
2025-02-19 20:45:00	1.04229	1.04242	1.04221	1.04241	197
2025-02-19 20:50:00	1.04244	1.04253	1.04235	1.04239	282
2025-02-19 20:55:00	1.04238	1.04257	1.04237	1.0425	271
2025-02-19 21:00:00	1.0425	1.0425	1.04237	1.04239	303
2025-02-19 21:05:00	1.04241	1.04247	1.0424	1.04245	108
2025-02-19 21:10:00	1.04246	1.04253	1.04244	1.04253	92
2025-02-19 21:15:00	1.04252	1.0426	1.04251	1.0426	86
2025-02-19 21:20:00	1.0426	1.04262	1.04258	1.0426	25
2025-02-19 21:25:00	1.0426	1.04261	1.04254	1.04256	65
2025-02-19 21:30:00	1.04254	1.04255	1.04238	1.04242	88
2025-02-19 21:35:00	1.04243	1.04255	1.04225	1.04225	96
2025-02-19 21:40:00	1.04225	1.04236	1.04219	1.04234	58
2025-02-19 21:45:00	1.04233	1.04242	1.04233	1.04242	57
2025-02-19 21:50:00	1.04242	1.04243	1.04235	1.0424	30
2025-02-19 21:55:00	1.0424	1.04241	1.04218	1.0422	243
2025-02-19 22:00:00	1.0422	1.04225	1.04163	1.04206	18
2025-02-19 22:05:00	1.04206	1.04224	1.04206	1.04223	314
2025-02-19 22:10:00	1.04222	1.04238	1.04216	1.04234	278
2025-02-19 22:15:00	1.04234	1.04243	1.04222	1.04232	150
2025-02-19 22:20:00	1.04234	1.04238	1.04234	1.04238	45
2025-02-19 22:25:00	1.04237	1.0424	1.04237	1.0424	41
2025-02-19 22:30:00	1.04239	1.04249	1.04239	1.04246	41
2025-02-19 22:35:00	1.04244	1.04244	1.04235	1.04237	29
2025-02-19 22:40:00	1.04236	1.04245	1.04228	1.04231	36
2025-02-19 22:45:00	1.04232	1.04257	1.04232	1.04255	24
2025-02-19 22:50:00	1.04254	1.04256	1.04236	1.04246	58
2025-02-19 22:55:00	1.04246	1.04247	1.04236	1.04238	56
2025-02-19 23:00:00	1.04242	1.04251	1.04222	1.04244	295
2025-02-19 23:05:00	1.04241	1.04248	1.0423	1.0423	47
2025-02-19 23:10:00	1.0423	1.04234	1.04223	1.04234	52
2025-02-19 23:15:00	1.04234	1.04247	1.04233	1.04245	70
2025-02-19 23:20:00	1.04248	1.04254	1.04236	1.04238	141
2025-02-19 23:25:00	1.04239	1.04244	1.04226	1.04229	130
2025-02-19 23:30:00	1.04227	1.04229	1.04212	1.04213	83
2025-02-19 23:35:00	1.04213	1.04213	1.04202	1.04207	48
2025-02-19 23:40:00	1.04206	1.04214	1.04201	1.04211	45
2025-02-19 23:45:00	1.04209	1.04212	1.04199	1.04208	156
2025-02-19 23:50:00	1.04208	1.0421	1.04198	1.04198	52
2025-02-19 23:55:00	1.04199	1.04206	1.04197	1.04206	53
2025-02-20 00:00:00	1.04205	1.04238	1.04205	1.04235	291
2025-02-20 00:05:00	1.04234	1.04241	1.04229	1.04231	108
2025-02-20 00:10:00	1.0423	1.04239	1.04222	1.04227	243
2025-02-20 00:15:00	1.04229	1.0423	1.04208	1.0421	279
2025-02-20 00:20:00	1.0421	1.04211	1.04195	1042	335
2025-02-20 00:25:00	1042	1.0422	1.04196	1.04219	171
2025-02-20 00:30:00	1.04225	1.04231	1.04198	1.04204	496
2025-02-20 00:35:00	1.04207	1.04245	1.04204	1.04244	241
2025-02-20 00:40:00	1.04243	1.04271	1.0424	1.04262	144
2025-02-20 00:45:00	1.0426	1.0427	1.04252	1.04265	356
2025-02-20 00:50:00	1.04265	1.04285	1.04262	1.04283	394
2025-02-20 00:55:00	1.04285	1.04299	1.04279	1.0429	706
2025-02-20 01:00:00	1.04292	1.04312	1.04287	1.04303	719
2025-02-20 01:05:00	1.04303	1.04325	1.04303	1.04316	447
2025-02-20 01:10:00	1.04315	1.04321	1.04302	1.04317	580
2025-02-20 01:15:00	1.04317	1.04318	1.04298	1.04298	342
2025-02-20 01:20:00	1.04297	1.04308	1.04288	1.04289	444
2025-02-20 01:25:00	1.0429	1.0429	1.04258	1.04262	397
2025-02-20 01:30:00	1.04261	1.04265	1.04243	1.04249	489
2025-02-20 01:35:00	1.04249	1.04249	1.04223	1.04235	505
2025-02-20 01:40:00	1.04235	1.04235	1.04204	1.0422	473
2025-02-20 01:45:00	1.0422	1.0422	1.04185	1.04204	638
2025-02-20 01:50:00	1.04205	1.04219	1.04197	1.0421	542
2025-02-20 01:55:00	1.0421	1.04226	1.04206	1.04212	430
2025-02-20 02:00:00	1.04212	1.04227	1042	1.04219	583
2025-02-20 02:05:00	1.0422	1.04275	1.04217	1.04274	504
2025-02-20 02:10:00	1.04274	1.04292	1.04274	1.04284	810
2025-02-20 02:15:00	1.04284	1.04292	1.04273	1.04274	642
2025-02-20 02:20:00	1.04275	1.04288	1.04263	1.04272	950
2025-02-20 02:25:00	1.04273	1.04278	1.04244	1.04245	895
2025-02-20 02:30:00	1.04244	1.04261	1.04232	1.04243	1382
2025-02-20 02:35:00	1.04243	1.04323	1.04221	1.04301	2120
2025-02-20 02:40:00	1.04303	1.04329	1.04285	1.04323	1221
2025-02-20 02:45:00	1.04324	1.04324	1.04283	1.04321	644
2025-02-20 02:50:00	1.04321	1.04375	1.04314	1.04367	819
2025-02-20 02:55:00	1.04366	1.04371	1.0435	1.04354	639
2025-02-20 03:00:00	1.04355	1.0436	1.04335	1.04346	1318
2025-02-20 03:05:00	1.04345	1.04351	1.04318	1.04331	983
2025-02-20 03:10:00	1.04331	1.04331	1.04311	1.04312	550
2025-02-20 03:15:00	1.04312	1.04312	1.04286	1.04298	1029
2025-02-20 03:20:00	1.04297	1.04312	1.04278	1.0428	1042
2025-02-20 03:25:00	1.04279	1.04287	1.04266	1.0428	676
2025-02-20 03:30:00	1.04281	1.04298	1.04272	1.04295	465
2025-02-20 03:35:00	1.04297	1.04324	1.04294	1.04319	727
2025-02-20 03:40:00	1.04318	1.04336	1.04314	1.0433	470
2025-02-20 03:45:00	1.04327	1.0434	1.04321	1.04339	526
2025-02-20 03:50:00	1.04339	1.0434	1.04323	1.04325	561
2025-02-20 03:55:00	1.04326	1.04329	1.04305	1.04311	551
2025-02-20 04:00:00	1.04309	1.04316	1.04287	1.04289	686
2025-02-20 04:05:00	1.04289	1.04293	1.04277	1.04278	600
2025-02-20 04:10:00	1.04279	1.04296	1.04273	1.04275	380
2025-02-20 04:15:00	1.04277	1.04288	1.04268	1.04285	477
2025-02-20 04:20:00	1.04284	1.04288	1.04262	1.04269	449
2025-02-20 04:25:00	1.04272	1.04285	1.04263	1.04263	369
2025-02-20 04:30:00	1.04263	1.04263	1.0424	1.04247	467
2025-02-20 04:35:00	1.04246	1.0428	1.04245	1.04269	572
2025-02-20 04:40:00	1.0427	1.0427	1.04263	1.04269	396
2025-02-20 04:45:00	1.04268	1.04276	1.04263	1.04274	323
2025-02-20 04:50:00	1.04273	1.04299	1.0427	1.04294	293
2025-02-20 04:55:00	1.04293	1.04308	1.04291	1.04302	287
2025-02-20 05:00:00	1043	1.04311	1.0429	1.0431	330
2025-02-20 05:05:00	1.04309	1.04324	1043	1.04312	329
2025-02-20 05:10:00	1.04312	1.04333	1.04312	1.04323	379
2025-02-20 05:15:00	1.04324	1.0434	1.04323	1.04337	302
2025-02-20 05:20:00	1.04337	1.0434	1.0432	1.04322	499
2025-02-20 05:25:00	1.04323	1.04324	1.04304	1.04312	394
2025-02-20 05:30:00	1.04313	1.04313	1.04292	1.04296	591
2025-02-20 05:35:00	1.04295	1.04297	1.04282	1.0429	504
2025-02-20 05:40:00	1.04288	1.04293	1.04278	1.04279	759
2025-02-20 05:45:00	1.04279	1.04313	1.04277	1.04299	286
2025-02-20 05:50:00	1.04298	1043	1.04288	1.04289	759
2025-02-20 05:55:00	1.04288	1.04289	1.04267	1.04276	646
2025-02-20 06:00:00	1.04276	1.0429	1.04267	1.04289	645
2025-02-20 06:05:00	1.04289	1.04319	1.04282	1.04308	411
2025-02-20 06:10:00	1.04305	1.04317	1.04297	1.04301	753
2025-02-20 06:15:00	1.04301	1.0433	1.04298	1.04329	690
2025-02-20 06:20:00	1.04329	1.04343	1.04324	1.04328	603
2025-02-20 06:25:00	1.0433	1.04338	1.04316	1.04322	458
2025-02-20 06:30:00	1.04323	1.04331	1.04313	1.04316	384
2025-02-20 06:35:00	1.04316	1.04325	1.04304	1.04308	387
2025-02-20 06:40:00	1.04308	1.04331	1.04293	1.04295	536
2025-02-20 06:45:00	1.04296	1.04299	1.04284	1.04288	380
2025-02-20 06:50:00	1.04288	1.04304	1.04275	1.04283	424
2025-02-20 06:55:00	1.04283	1.04284	1.04242	1.04247	682
2025-02-20 07:00:00	1.04254	1.04254	1.04233	1.04241	863
2025-02-20 07:05:00	1.0424	1.04295	1.0424	1.04266	774
2025-02-20 07:10:00	1.04268	1.04274	1.04248	1.0427	800
2025-02-20 07:15:00	1.0427	1.04315	1.0427	1.04279	976
2025-02-20 07:20:00	1.04281	1.04296	1.04268	1.04289	734
2025-02-20 07:25:00	1.0429	1.04306	1.04274	1.04286	474
2025-02-20 07:30:00	1.04285	1.04314	1.04285	1.0431	221
2025-02-20 07:35:00	1.04309	1.04311	1.0428	1.04289	265
2025-02-20 07:40:00	1.0429	1043	1.04264	1.04286	248
2025-02-20 07:45:00	1.04285	1.04314	1.04278	1.04312	465
2025-02-20 07:50:00	1.04311	1.04323	1.04295	1.04305	252
2025-02-20 07:55:00	1.04308	1.04332	1.04306	1.04313	464
2025-02-20 08:00:00	1.04313	1.04352	1.04313	1.04349	730
2025-02-20 08:05:00	1.04348	1.04398	1.04348	1.04389	773
2025-02-20 08:10:00	1.04389	1.04409	1.04378	1044	675
2025-02-20 08:15:00	1.04401	1.04401	1.04369	1.04379	422
2025-02-20 08:20:00	1.04381	1.04384	1.04356	1.04374	482
2025-02-20 08:25:00	1.04376	1.04397	1.04363	1.04392	495
2025-02-20 08:30:00	1.04392	1.04418	1.04362	1.04364	605
2025-02-20 08:35:00	1.04364	1.04364	1.04302	1.04308	1053
2025-02-20 08:40:00	1.04308	1.0432	1.04298	1.04301	836
2025-02-20 08:45:00	1.04301	1.04326	1.04297	1.04315	750
2025-02-20 08:50:00	1.04315	1.04326	1.04292	1.04315	588
2025-02-20 08:55:00	1.04314	1.04351	1.04312	1.04333	705
2025-02-20 09:00:00	1.04332	1.04338	1.04299	1.04309	726
2025-02-20 09:05:00	1.04311	1.04337	1043	1.04336	558
2025-02-20 09:10:00	1.04335	1.04355	1.04325	1.04346	405
2025-02-20 09:15:00	1.04347	1.04368	1.04347	1.04366	521
2025-02-20 09:20:00	1.04365	1.04382	1.04346	1.04353	682
2025-02-20 09:25:00	1.04353	1.04358	1.04313	1.04328	627
2025-02-20 09:30:00	1.04329	1.04339	1043	1.04322	692
2025-02-20 09:35:00	1.04319	1.04324	1.04298	1.04305	519
2025-02-20 09:40:00	1.04306	1.04317	1.04284	1.04316	498
2025-02-20 09:45:00	1.04314	1.0434	1.04308	1.04336	493
2025-02-20 09:50:00	1.04337	1.04362	1.04329	1.0436	354
2025-02-20 09:55:00	1.0436	1.04378	1.04344	1.04369	471
2025-02-20 10:00:00	1.04369	1.04369	1.04341	1.04353	489
2025-02-20 10:05:00	1.04353	1.04411	1.04351	1.0441	375
2025-02-20 10:10:00	1.0441	1.04426	1.04393	1.04406	742
2025-02-20 10:15:00	1.04407	1.04407	1.04351	1.04378	577
2025-02-20 10:20:00	1.04379	1.04413	1.04378	1.04411	515
2025-02-20 10:25:00	1.04411	1.04419	1.04399	1.04417	368
2025-02-20 10:30:00	1.04419	1.0442	1.04383	1.04393	540
2025-02-20 10:35:00	1.04394	1.04421	1.04388	1.04421	504
2025-02-20 10:40:00	1.04421	1.0443	1.04405	1.04418	539
2025-02-20 10:45:00	1.04416	1.04439	1.04399	1.04412	574
2025-02-20 10:50:00	1.04412	1.04431	1.04412	1.04422	587
2025-02-20 10:55:00	1.04424	1.04437	1.04411	1.04421	502
2025-02-20 11:00:00	1.04424	1.04459	1.04422	1.04452	466
2025-02-20 11:05:00	1.0445	1.04456	1.04434	1.04454	309
2025-02-20 11:10:00	1.04455	1.04461	1.04446	1.04446	570
2025-02-20 11:15:00	1.04445	1.04455	1.04429	1.04432	439
2025-02-20 11:20:00	1.04432	1.04443	1.04407	1.04411	430
2025-02-20 11:25:00	1.04412	1.04416	1.04394	1.04394	334
2025-02-20 11:30:00	1.04394	1.04397	1.04367	1.04371	505
2025-02-20 11:35:00	1.04373	1.04373	1.04342	1.04344	450
2025-02-20 11:40:00	1.04344	1.0436	1.04342	1.0435	459
2025-02-20 11:45:00	1.04351	1.04351	1.04314	1.04315	325
2025-02-20 11:50:00	1.04316	1.04345	1.04307	1.04342	440
2025-02-20 11:55:00	1.04343	1.04385	1.04342	1.04383	601
2025-02-20 12:00:00	1.04384	1.04397	1.04363	1.04396	324
2025-02-20 12:05:00	1.04394	1.04436	1.04389	1.04405	656
2025-02-20 12:10:00	1.04404	1.04405	1.04355	1.04396	743
2025-02-20 12:15:00	1.04397	1.04418	1.04384	1.04403	704
2025-02-20 12:20:00	1.04406	1.04417	1.04387	1044	612
2025-02-20 12:25:00	1.04398	1.04398	1.04332	1.04346	765
2025-02-20 12:30:00	1.04347	1.04386	1.04331	1.04384	818
2025-02-20 12:35:00	1.04384	1.04394	1.04364	1.04375	674
2025-02-20 12:40:00	1.04376	1.04404	1.04374	1.04396	596
2025-02-20 12:45:00	1.04396	1.04397	1.04354	1.0436	528
2025-02-20 12:50:00	1.0436	1.04366	1.04339	1.04354	765
2025-02-20 12:55:00	1.04355	1.04379	1.04338	1.04356	791
2025-02-20 13:00:00	1.04356	1.04387	1.04349	1.04386	838
2025-02-20 13:05:00	1.04385	1.04432	1.04376	1.04422	790
2025-02-20 13:10:00	1.04423	1.04445	1.04414	1.04443	563
2025-02-20 13:15:00	1.04443	1.04487	1.04443	1.04478	800
2025-02-20 13:20:00	1.04478	1.04509	1.0445	1.04492	774
2025-02-20 13:25:00	1.0449	1.04517	1.0449	1.04502	696
2025-02-20 13:30:00	1.04508	1.04539	1.04468	1.04526	1213
2025-02-20 13:35:00	1.04528	1.04546	1.04486	1.04525	1378
2025-02-20 13:40:00	1.04524	1.04525	1.0447	1.04477	1381
2025-02-20 13:45:00	1.04476	1.04481	1.04444	1.04449	974
2025-02-20 13:50:00	1.04448	1.04476	1.04433	1.04476	943
2025-02-20 13:55:00	1.04476	1.04486	1.04444	1.04479	816
2025-02-20 14:00:00	1.0448	1.0448	1.04419	1.04465	1115
2025-02-20 14:05:00	1.0447	1.04523	1.04459	1.04518	1149
2025-02-20 14:10:00	1.04519	1.04528	1.04467	1.04473	1010
2025-02-20 14:15:00	1.04472	1.04507	1.0447	1.04476	773
2025-02-20 14:20:00	1.04477	1.04518	1.04477	1.04492	661
2025-02-20 14:25:00	1.04492	1.04544	1.04492	1.04543	653
2025-02-20 14:30:00	1.04544	1.04581	1.04536	1.0458	852
2025-02-20 14:35:00	1.04581	1.04605	1.04546	1.04547	895
2025-02-20 14:40:00	1.04546	1.04567	1.04511	1.04561	1008
2025-02-20 14:45:00	1.0456	1.04564	1.04494	1.0454	868
2025-02-20 14:50:00	1.04539	1.04564	1.04509	1.04511	1087
2025-02-20 14:55:00	1.0451	1.04535	1.04449	1.04464	911
2025-02-20 15:00:00	1.04462	1.04471	1.04417	1.04458	1381
2025-02-20 15:05:00	1.04458	1.04546	1.04454	1.04539	1143
2025-02-20 15:10:00	1.04541	1.04576	1.04527	1.04551	1172
2025-02-20 15:15:00	1.04549	1.04574	1.04535	1.04539	1061
2025-02-20 15:20:00	1.0454	1.04592	1.0452	1.04592	751
2025-02-20 15:25:00	1.04592	1.04663	1.04592	1.04662	764
2025-02-20 15:30:00	1.04661	1.04681	1.04619	1.04628	957
2025-02-20 15:35:00	1.04629	1.04691	1.04629	1.0467	642
2025-02-20 15:40:00	1.04671	1.04692	1.04655	1.04677	750
2025-02-20 15:45:00	1.04676	1.04696	1.04648	1.04664	890
2025-02-20 15:50:00	1.04664	1.04752	1.04659	1.04736	1152
2025-02-20 15:55:00	1.04734	1.04749	1.04718	1.04739	1111
2025-02-20 16:00:00	1.04736	1.04736	1.04699	1.04719	1010
2025-02-20 16:05:00	1.04723	1.04743	1.04705	1.04719	693
2025-02-20 16:10:00	1.04719	1.04737	1.04681	1.04694	975
2025-02-20 16:15:00	1.04695	1.04704	1.04655	1.04662	1088
2025-02-20 16:20:00	1.04661	1.0469	1.04647	1.04649	711
2025-02-20 16:25:00	1.04645	1.04673	1.0464	1.04664	614
2025-02-20 16:30:00	1.04667	1.04726	1.04667	1.04704	793
2025-02-20 16:35:00	1.04704	1.04734	1.04693	1.04708	603
2025-02-20 16:40:00	1.04708	1.04767	1.04692	1.04765	471
2025-02-20 16:45:00	1.04766	1.04781	1.04744	1.04764	455
2025-02-20 16:50:00	1.04762	1.04777	1.0474	1.04755	448
2025-02-20 16:55:00	1.04756	1.04773	1.0474	1.04748	396
2025-02-20 17:00:00	1.04747	1.0475	1.04709	1.04724	572
2025-02-20 17:05:00	1.04721	1.04796	1.04715	1.04778	319
2025-02-20 17:10:00	1.04782	1.0484	1.04782	1.04837	682
2025-02-20 17:15:00	1.0484	1.04856	1.04826	1.04856	442
2025-02-20 17:20:00	1.0486	1.04888	1.04844	1.0488	548
2025-02-20 17:25:00	1.04881	1.04888	1.04848	1.04862	550
2025-02-20 17:30:00	1.04862	1.04893	1.04859	1.04866	347
2025-02-20 17:35:00	1.04864	1.04901	1.04861	1.04892	490
2025-02-20 17:40:00	1.04894	1.04946	1.04883	1.04941	633
2025-02-20 17:45:00	1.0494	1.0494	1.0488	1.04897	539
2025-02-20 17:50:00	1.04898	1.04906	1.04874	1.04878	470
2025-02-20 17:55:00	1.04878	1049	1.04868	1.04891	430
2025-02-20 18:00:00	1.04889	1.04889	1.04852	1.04858	769
2025-02-20 18:05:00	1.04858	1.04906	1.04857	1.04905	382
2025-02-20 18:10:00	1.04904	1.04954	1.04904	1.04948	467
2025-02-20 18:15:00	1.04954	1.04962	1.04925	1.04928	437
2025-02-20 18:20:00	1.04927	1.04927	1.04903	1.04918	336
2025-02-20 18:25:00	1.04917	1.04918	1.04901	1.04908	211
2025-02-20 18:30:00	1.04907	1.0496	1.04906	1.04952	474
2025-02-20 18:35:00	1.04952	1.04973	1.04948	1.04971	424
2025-02-20 18:40:00	1.04972	1.04978	1.04966	1.04971	420
2025-02-20 18:45:00	1.0497	1.04984	1.04969	1.04977	388
2025-02-20 18:50:00	1.04979	1.04979	1.04953	1.04953	375
2025-02-20 18:55:00	1.04951	1.04985	1.04948	1.04977	397
2025-02-20 19:00:00	1.0498	1.0498	1.04935	1.04937	480
2025-02-20 19:05:00	1.04938	1.04941	1.04916	1.04934	496
2025-02-20 19:10:00	1.04935	1.04964	1.04933	1.04962	382
2025-02-20 19:15:00	1.04963	1.04963	1.04912	1.04915	455
2025-02-20 19:20:00	1.04914	1.0492	1.04899	1.04899	349
2025-02-20 19:25:00	1049	1.04928	1.04891	1.04928	340
2025-02-20 19:30:00	1.04929	1.04948	1.04921	1.04939	236
2025-02-20 19:35:00	1.04938	1.0496	1.04933	1.0496	307
2025-02-20 19:40:00	1.04959	1.04984	1.04958	1.04981	284
2025-02-20 19:45:00	1.04981	1.05026	1.04975	1.0502	436
2025-02-20 19:50:00	1.05018	1.05023	1.05007	1.05013	423
2025-02-20 19:55:00	1.05013	1.05031	1.05007	1.05014	407
2025-02-20 20:00:00	1.05015	1.05015	1.04988	1.04989	550
2025-02-20 20:05:00	1.0499	1.04992	1.04959	1.04967	328
2025-02-20 20:10:00	1.04971	1.04978	1.04962	1.04965	345
2025-02-20 20:15:00	1.04967	1.04971	1.04954	1.04957	308
2025-02-20 20:20:00	1.04958	1.0498	1.04951	1.04978	187
2025-02-20 20:25:00	1.04978	1.04986	1.04973	1.04979	415
2025-02-20 20:30:00	1.0498	1.04985	1.04974	1.04982	367
2025-02-20 20:35:00	1.04981	1.04987	1.04972	1.04972	362
2025-02-20 20:40:00	1.04973	1.04987	1.04968	1.04986	281
2025-02-20 20:45:00	1.04986	1.0502	1.04985	1.05017	316
2025-02-20 20:50:00	1.05019	1.05029	1.05008	1.0502	321
2025-02-20 20:55:00	1.0502	1.05032	1.0501	1.05027	261
2025-02-20 21:00:00	1.05026	1.05033	1.05019	1.0503	248
2025-02-20 21:05:00	1.0503	1.05032	1.05017	1.05017	119
2025-02-20 21:10:00	1.05017	1.0502	1.05005	1.05008	200
2025-02-20 21:15:00	1.05008	1.05013	1.05001	1.05012	168
2025-02-20 21:20:00	1.05014	1.05021	1.05012	1.05018	154
2025-02-20 21:25:00	1.05017	1.05032	1.05016	1.05027	159
2025-02-20 21:30:00	1.05026	1.05032	1.05018	1.05021	78
2025-02-20 21:35:00	1.05022	1.05028	1.05006	1.05008	176
2025-02-20 21:40:00	1.05008	1.05018	1.05006	1.05018	565
2025-02-20 21:45:00	1.05018	1.05022	1.05013	1.05017	230
2025-02-20 21:50:00	1.05017	1.05018	1.05004	1.05006	77
2025-02-20 21:55:00	1.05005	1.05013	1.05001	1.05002	282
2025-02-20 22:00:00	1.05001	1.05007	1.04988	1.05001	24
2025-02-20 22:05:00	1.04963	1.05004	1.0496	1.04961	72
2025-02-20 22:10:00	1.04961	1.04984	1.0496	1.04984	69
2025-02-20 22:15:00	1.04984	1.05001	1.04983	1.04984	45
2025-02-20 22:20:00	1.04976	1.04999	1.04975	1.04988	43
2025-02-20 22:25:00	1.04988	1.04997	1.04968	1.04968	191
2025-02-20 22:30:00	1.04971	1.04997	1.04968	1.0498	61
2025-02-20 22:35:00	1.0498	1.04984	1.04978	1.04978	261
2025-02-20 22:40:00	1.04978	1.04985	1.04978	1.04978	117
2025-02-20 22:45:00	1.04978	1.04982	1.04971	1.04975	125
2025-02-20 22:50:00	1.04975	1.04982	1.0497	1.04974	135
2025-02-20 22:55:00	1.04972	1.04982	1.04971	1.04977	247
2025-02-20 23:00:00	1.04976	1.05027	1.04975	1.05027	298
2025-02-20 23:05:00	1.05027	1.05032	1.05023	1.05032	80
2025-02-20 23:10:00	1.05031	1.05044	1.05031	1.05041	77
2025-02-20 23:15:00	1.0504	1.05042	1.05025	1.05029	74
2025-02-20 23:20:00	1.05029	1.05043	1.05027	1.05038	129
2025-02-20 23:25:00	1.0504	1.05044	1.05036	1.05037	105
2025-02-20 23:30:00	1.0504	1.05054	1.05009	1.05017	231
2025-02-20 23:35:00	1.05018	1.05021	1.05002	1.05006	120
2025-02-20 23:40:00	1.05006	1.05034	1.05004	1.05031	175
2025-02-20 23:45:00	1.0503	1.0503	1.05019	1.05019	172
2025-02-20 23:50:00	1.05019	1.05019	1.05002	1.05006	78
2025-02-20 23:55:00	1.05003	1.05005	1.04997	1.05001	86
2025-02-21 00:00:00	1.04999	1.05001	1.04968	1.04973	463
2025-02-21 00:05:00	1.04973	1.04993	1.04967	1.04982	160
2025-02-21 00:10:00	1.04981	1.04988	1.04967	1.04984	122
2025-02-21 00:15:00	1.04984	1.04988	1.04957	1.0496	165
2025-02-21 00:20:00	1.0496	1.04973	1.04941	1.04946	271
2025-02-21 00:25:00	1.04946	1.04949	1.04927	1.04938	191
2025-02-21 00:30:00	1.04938	1.04948	1.04929	1.04933	225
2025-02-21 00:35:00	1.04932	1.04933	1.04913	1.04915	389
2025-02-21 00:40:00	1.04917	1.04921	1.04891	1.04892	195
2025-02-21 00:45:00	1.04891	1.04912	1.0489	1.04911	218
2025-02-21 00:50:00	1.04909	1.04909	1.04892	1.04893	264
2025-02-21 00:55:00	1.04896	1.04911	1.04894	1.04898	234
2025-02-21 01:00:00	1.04899	1.04913	1.04887	1.04901	419
2025-02-21 01:05:00	1049	1.04904	1.04881	1.04897	749
2025-02-21 01:10:00	1.04897	1.04908	1.04886	1.04901	458
2025-02-21 01:15:00	1.04902	1.0493	1.04901	1.04925	704
2025-02-21 01:20:00	1.04924	1.04924	1.04896	1.04904	380
2025-02-21 01:25:00	1.04905	1.04905	1.04866	1.04876	494
2025-02-21 01:30:00	1.04877	1.04887	1.04863	1.04867	465
2025-02-21 01:35:00	1.04867	1.04875	1.04856	1.0486	275
2025-02-21 01:40:00	1.04859	1.04867	1.04843	1.0486	330
2025-02-21 01:45:00	1.04859	1.04875	1.04852	1.0486	339
2025-02-21 01:50:00	1.04861	1.04883	1.04861	1.0488	223
2025-02-21 01:55:00	1.04881	1.04883	1.04865	1.04866	485
2025-02-21 02:00:00	1.04866	1.04892	1.04862	1.0489	348
2025-02-21 02:05:00	1.04892	1.04917	1.04883	1.04916	509
2025-02-21 02:10:00	1.04918	1.04965	1.04918	1.0496	567
2025-02-21 02:15:00	1.0496	1.04992	1.04946	1.04989	493
2025-02-21 02:20:00	1.04986	1.04986	1.04961	1.04976	465
2025-02-21 02:25:00	1.04977	1.04983	1.04937	1.04937	655
2025-02-21 02:30:00	1.04936	1.04954	1.04927	1.04949	634
2025-02-21 02:35:00	1.0495	1.04965	1.0494	1.04958	399
2025-02-21 02:40:00	1.04959	1.04978	1.04958	1.04965	445
2025-02-21 02:45:00	1.04965	1.05004	1.04964	1.05004	471
2025-02-21 02:50:00	1.05003	1.05018	1.04984	1.05016	477
2025-02-21 02:55:00	1.05016	1.0503	1.05011	1.05026	776
2025-02-21 03:00:00	1.05027	1.05032	1.04993	1.0501	442
2025-02-21 03:05:00	1.05013	1.0503	1.05005	1.05022	337
2025-02-21 03:10:00	1.05022	1.05034	1.04998	1.05012	491
2025-02-21 03:15:00	1.05012	1.05031	1.05011	1.05024	337
2025-02-21 03:20:00	1.05026	1.05026	1.05014	1.05018	407
2025-02-21 03:25:00	1.05017	1.05037	1.05014	1.05034	286
2025-02-21 03:30:00	1.05035	1.05035	1.0501	1.05011	328
2025-02-21 03:35:00	1.0501	1.05012	1.05001	1.05009	252
2025-02-21 03:40:00	1.05011	1.05024	1.05003	1.05012	342
2025-02-21 03:45:00	1.05013	1.05025	1.05011	1.05022	238
2025-02-21 03:50:00	1.05022	1.05037	1.05022	1.05037	262
2025-02-21 03:55:00	1.05037	1.05045	1.05012	1.05023	367
2025-02-21 04:00:00	1.05023	1.05039	1.05011	1.05035	441
2025-02-21 04:05:00	1.05033	1.05038	1.05024	1.05037	364
2025-02-21 04:10:00	1.05036	1.05045	1.0503	1.05032	246
2025-02-21 04:15:00	1.05033	1.05047	1.05032	1.05045	419
2025-02-21 04:20:00	1.05045	1.05047	1.05033	1.05044	160
2025-02-21 04:25:00	1.05043	1.05046	1.05035	1.05035	94
2025-02-21 04:30:00	1.05039	1.05044	1.05034	1.05038	60
2025-02-21 04:35:00	1.05038	1.05039	1.05028	1.05037	216
2025-02-21 04:40:00	1.05037	1.05038	1.05021	1.05023	279
2025-02-21 04:45:00	1.05024	1.05024	1.04991	1.04997	359
2025-02-21 04:50:00	1.04996	1.05011	1.04996	1.05006	224
2025-02-21 04:55:00	1.05007	1.05009	1.0497	1.04988	274
2025-02-21 05:00:00	1.04988	1.05005	1.04981	1.04982	348
2025-02-21 05:05:00	1.04983	1.04987	1.04951	1.04952	371
2025-02-21 05:10:00	1.04952	1.04961	1.04945	1.04957	531
2025-02-21 05:15:00	1.04957	1.04985	1.04955	1.04971	430
2025-02-21 05:20:00	1.04969	1.04975	1.04955	1.04961	428
2025-02-21 05:25:00	1.04962	1.04974	1.04957	1.04963	296
2025-02-21 05:30:00	1.04964	1.04968	1.04947	1.04961	208
2025-02-21 05:35:00	1.04961	1.04972	1.04951	1.04952	243
2025-02-21 05:40:00	1.04952	1.04958	1.04938	1.04944	704
2025-02-21 05:45:00	1.04945	1.04949	1.04932	1.04932	334
2025-02-21 05:50:00	1.04933	1.04937	1.04914	1.04928	501
2025-02-21 05:55:00	1.04928	1.04941	1.04927	1.04929	319
2025-02-21 06:00:00	1.04928	1.04934	1.0491	1.04918	543
2025-02-21 06:05:00	1.0492	1.04923	1.04908	1.0492	341
2025-02-21 06:10:00	1.04921	1.04933	1.04913	1.04929	271
2025-02-21 06:15:00	1.04928	1.0494	1.04915	1.0492	295
2025-02-21 06:20:00	1.04919	1.04922	1.04887	1049	503
2025-02-21 06:25:00	1.04899	1.04902	1.04876	1.04901	615
2025-02-21 06:30:00	1049	1.04919	1.04895	1.04919	359
2025-02-21 06:35:00	1.04918	1.04935	1.04915	1.04934	250
2025-02-21 06:40:00	1.04935	1.04936	1.04909	1.04913	453
2025-02-21 06:45:00	1.04914	1.04918	1.04903	1.04905	326
2025-02-21 06:50:00	1.04903	1.0492	1.04896	1.04902	320
2025-02-21 06:55:00	1.04905	1.04905	1.04878	1.04884	566
2025-02-21 07:00:00	1.04885	1.04937	1.04885	1.04935	912
2025-02-21 07:05:00	1.04933	1.04959	1.04924	1.04953	479
2025-02-21 07:10:00	1.04953	1.04979	1.04947	1.04953	517
2025-02-21 07:15:00	1.04956	1.0497	1.04952	1.04968	520
2025-02-21 07:20:00	1.04968	1.04979	1.04952	1.0497	539
2025-02-21 07:25:00	1.0497	1.04978	1.04959	1.04972	384
2025-02-21 07:30:00	1.04973	1.04978	1.04955	1.04969	549
2025-02-21 07:35:00	1.04969	1.04977	1.04937	1.04949	679
2025-02-21 07:40:00	1.04948	1.04972	1.04934	1.04971	516
2025-02-21 07:45:00	1.04974	1.04994	1.04964	1.04972	577
2025-02-21 07:50:00	1.04971	1.04984	1.04948	1.04953	776
2025-02-21 07:55:00	1.04954	1.04954	1.04914	1.04919	778
2025-02-21 08:00:00	1.0492	1.04927	1.04906	1.04911	1018
2025-02-21 08:05:00	1.0491	1.04939	1.04901	1.04933	897
2025-02-21 08:10:00	1.04932	1.04933	1.04893	1.04924	868
2025-02-21 08:15:00	1.04931	1.04932	1.04677	1.04743	2094
2025-02-21 08:20:00	1.04743	1.04768	1.04703	1.04765	1047
2025-02-21 08:25:00	1.04762	1.04777	1.04707	1.04709	754
2025-02-21 08:30:00	1.04718	1.04836	1.04711	1.04809	1370
2025-02-21 08:35:00	1.04808	1.04846	1.04805	1.04843	780
2025-02-21 08:40:00	1.04844	1.04869	1.04825	1.04825	798
2025-02-21 08:45:00	1.04826	1.04836	1.04791	1.04828	1055
2025-02-21 08:50:00	1.04828	1.04832	1.04757	1.04767	1148
2025-02-21 08:55:00	1.04766	1.04782	1.04755	1.04762	520
2025-02-21 09:00:00	1.04766	1.04805	1.04746	1.0479	855
2025-02-21 09:05:00	1.04788	1.0481	1.04777	1.04794	590
2025-02-21 09:10:00	1.04796	1.04798	1.04733	1.04733	749
2025-02-21 09:15:00	1.04734	1.04736	1.04692	1.04692	837
2025-02-21 09:20:00	1.04693	1.04734	1.04692	1.04728	497
2025-02-21 09:25:00	1.04727	1.04738	1.04712	1.04725	533
2025-02-21 09:30:00	1.04723	1.0477	1.0472	1.04754	662
2025-02-21 09:35:00	1.04752	1.0478	1.04738	1.0476	725
2025-02-21 09:40:00	1.0476	1.04766	1.04732	1.04733	447
2025-02-21 09:45:00	1.04734	1.04734	1.04683	1.04684	433
2025-02-21 09:50:00	1.04683	1.04705	1.04671	1.04682	605
2025-02-21 09:55:00	1.0468	1.04695	1.04665	1.04691	632
2025-02-21 10:00:00	1.0469	1.04713	1.04682	1.04705	801
2025-02-21 10:05:00	1.04705	1.04714	1.04657	1.04658	661
2025-02-21 10:10:00	1.04659	1.04677	1.04656	1.0467	437
2025-02-21 10:15:00	1.0467	1047	1.04668	1047	544
2025-02-21 10:20:00	1047	1.0472	1.04699	1.04706	476
2025-02-21 10:25:00	1.04705	1.04717	1.04702	1.0471	441
2025-02-21 10:30:00	1.04707	1.04715	1.0468	1.04685	598
2025-02-21 10:35:00	1.04684	1047	1.04675	1.04689	389
2025-02-21 10:40:00	1.0469	1.04698	1.04672	1.04685	420
2025-02-21 10:45:00	1.04683	1.04692	1.04669	1.04676	292
2025-02-21 10:50:00	1.04674	1.04689	1.04669	1.04682	600
2025-02-21 10:55:00	1.04682	1.04688	1.04645	1.04651	655
2025-02-21 11:00:00	1.04651	1.04651	1.04629	1.0464	569
2025-02-21 11:05:00	1.04639	1.04652	1.0463	1.0465	759
2025-02-21 11:10:00	1.0465	1.04675	1.04642	1.0467	804
2025-02-21 11:15:00	1.04669	1.04672	1.04653	1.04669	419
2025-02-21 11:20:00	1.04666	1.04672	1.04644	1.04672	463
2025-02-21 11:25:00	1.0467	1.04697	1.04669	1.0469	389
2025-02-21 11:30:00	1.04691	1.04711	1.04689	1.0471	256
2025-02-21 11:35:00	1.0471	1.04729	1.04694	1.04727	418
2025-02-21 11:40:00	1.04726	1.04739	1.04697	1.04697	511
2025-02-21 11:45:00	1.04695	1.04712	1.04687	1.0471	467
2025-02-21 11:50:00	1.0471	1.04718	1.04694	1.04698	355
2025-02-21 11:55:00	1.04699	1.0471	1.04683	1.0469	464
2025-02-21 12:00:00	1.0469	1.04709	1.04685	1.04689	546
2025-02-21 12:05:00	1.04688	1.04689	1.04654	1.04655	546
2025-02-21 12:10:00	1.04654	1.04656	1.04592	1.04603	972
2025-02-21 12:15:00	1.04605	1.04646	1.04602	1.04641	543
2025-02-21 12:20:00	1.04641	1.0466	1.0463	1.04656	531
2025-02-21 12:25:00	1.04658	1.04687	1.04656	1.04685	436
2025-02-21 12:30:00	1.04684	1.04693	1.04665	1.04675	575
2025-02-21 12:35:00	1.04675	1.04681	1.04645	1.04656	442
2025-02-21 12:40:00	1.04656	1.0468	1.0465	1.04678	575
2025-02-21 12:45:00	1.04676	1.04701	1.04624	1.04625	548
2025-02-21 12:50:00	1.04626	1.0463	1.0461	1.04626	513
2025-02-21 12:55:00	1.04625	1.04626	1.04596	1.04619	744
2025-02-21 13:00:00	1.04616	1.04646	1.04612	1.04626	539
2025-02-21 13:05:00	1.04627	1.04666	1.04627	1.04642	506
2025-02-21 13:10:00	1.04642	1.04657	1.04637	1.04655	430
2025-02-21 13:15:00	1.04655	1.04659	1.04612	1.04638	395
2025-02-21 13:20:00	1.04637	1.04675	1.04633	1.04657	448
2025-02-21 13:25:00	1.04657	1.04681	1.04647	1.04674	464
2025-02-21 13:30:00	1.04674	1.04705	1.04667	1.04704	676
2025-02-21 13:35:00	1.04703	1.04729	1.04683	1.04726	682
2025-02-21 13:40:00	1.04726	1.04745	1.04724	1.04725	665
2025-02-21 13:45:00	1.04729	1.04771	1.04729	1.04767	770
2025-02-21 13:50:00	1.04767	1.04772	1.04727	1.04755	915
2025-02-21 13:55:00	1.04753	1.04779	1.04743	1.04749	561
2025-02-21 14:00:00	1.04749	1048	1.04747	1.04769	1032
2025-02-21 14:05:00	1.04771	1.04791	1.04728	1.04771	1061
2025-02-21 14:10:00	1.04771	1.04778	1.04737	1.04753	870
2025-02-21 14:15:00	1.04754	1.0476	1.04739	1.04749	464
2025-02-21 14:20:00	1.04751	1.04755	1.04715	1.04734	720
2025-02-21 14:25:00	1.04736	1.04774	1.04735	1.0477	550
2025-02-21 14:30:00	1.0477	1.04778	1.04748	1.0476	812
2025-02-21 14:35:00	1.0476	1.04772	1.04699	1.04744	1230
2025-02-21 14:40:00	1.04745	1.04791	1.04741	1.04785	879
2025-02-21 14:45:00	1.04782	1.04923	1.04782	1.04813	2162
2025-02-21 14:50:00	1.04812	1.04864	1.04796	1.04849	1159
2025-02-21 14:55:00	1.04848	1.04853	1.04782	1.04807	962
2025-02-21 15:00:00	1.04807	1.04859	1.04755	1.04758	1692
2025-02-21 15:05:00	1.04762	1.04805	1.0471	1.04754	1570
2025-02-21 15:10:00	1.04753	1.0476	1.04663	1.04669	1317
2025-02-21 15:15:00	1.04671	1.04687	1.0462	1.04643	1701
2025-02-21 15:20:00	1.04642	1.04651	1.04544	1.0456	1355
2025-02-21 15:25:00	1.04559	1.04592	1.04543	1.04546	1125
2025-02-21 15:30:00	1.04545	1.04585	1.04525	1.0458	1267
2025-02-21 15:35:00	1.04579	1.04611	1.04561	1.04564	1194
2025-02-21 15:40:00	1.04563	1.04581	1.04548	1.04548	913
2025-02-21 15:45:00	1.04549	1.04598	1.04545	1.04592	914
2025-02-21 15:50:00	1.0459	1.04612	1.04562	1.04578	893
2025-02-21 15:55:00	1.04577	1.04581	1.04532	1.04539	1335
2025-02-21 16:00:00	1.04538	1.04576	1.04529	1.04554	1098
2025-02-21 16:05:00	1.04551	1.04567	1.04538	1.04538	805
2025-02-21 16:10:00	1.0454	1.04552	1.04521	1.04538	1049
2025-02-21 16:15:00	1.04538	1.04546	1.04526	1.04534	811
2025-02-21 16:20:00	1.04534	1.04545	1.04501	1.04507	743
2025-02-21 16:25:00	1.04508	1.04531	1.04492	1.04511	777
2025-02-21 16:30:00	1.0451	1.04564	1045	1.0456	690
2025-02-21 16:35:00	1.0456	1.04562	1.04538	1.04543	522
2025-02-21 16:40:00	1.04544	1.04569	1.04539	1.04564	719
2025-02-21 16:45:00	1.04564	1.04566	1.04496	1.04508	1129
2025-02-21 16:50:00	1.04507	1.04509	1.04494	1.04497	829
2025-02-21 16:55:00	1.04497	1.04551	1.04496	1.04544	627
2025-02-21 17:00:00	1.04549	1.04584	1.04545	1.04571	662
2025-02-21 17:05:00	1.04571	1.04574	1.04532	1.04539	552
2025-02-21 17:10:00	1.04542	1.04547	1.04524	1.04543	629
2025-02-21 17:15:00	1.04541	1.04548	1.04518	1.04537	439
2025-02-21 17:20:00	1.04538	1.04576	1.04526	1.04558	528
2025-02-21 17:25:00	1.04559	1.04587	1.04559	1.04583	522
2025-02-21 17:30:00	1.04583	1.04585	1.04559	1.0457	551
2025-02-21 17:35:00	1.0457	1.04579	1.04554	1.0456	659
2025-02-21 17:40:00	1.04561	1.04621	1.04559	1.04618	653
2025-02-21 17:45:00	1.04618	1.04626	1.04613	1.04619	525
2025-02-21 17:50:00	1.04619	1.04643	1.04618	1.04627	532
2025-02-21 17:55:00	1.04626	1.04632	1.04604	1.04629	876
2025-02-21 18:00:00	1.04627	1.04633	1046	1.04629	593
2025-02-21 18:05:00	1.04631	1.04665	1.04623	1.0466	536
2025-02-21 18:10:00	1.04661	1.04678	1.04609	1.04609	809
2025-02-21 18:15:00	1.0461	1.04615	1.04573	1.04582	1111
2025-02-21 18:20:00	1.04586	1.04604	1.04559	1.04567	904
2025-02-21 18:25:00	1.04565	1.04589	1.0455	1.04569	667
2025-02-21 18:30:00	1.0457	1.0457	1.04506	1.04508	794
2025-02-21 18:35:00	1.04509	1.04574	1.04509	1.04567	769
2025-02-21 18:40:00	1.04567	1.0461	1.04567	1046	494
2025-02-21 18:45:00	1.04599	1.0462	1.04588	1.04602	550
2025-02-21 18:50:00	1.04605	1.04612	1.04562	1.04562	957
2025-02-21 18:55:00	1.04561	1.04604	1.04559	1.04596	566
2025-02-21 19:00:00	1.04596	1.04608	1.04588	1.04594	496
2025-02-21 19:05:00	1.04593	1.04595	1.0457	1.04582	584
2025-02-21 19:10:00	1.04585	1.04631	1.04585	1.04628	763
2025-02-21 19:15:00	1.04627	1.04633	1.04615	1.04633	458
2025-02-21 19:20:00	1.04633	1.04649	1.04621	1.04648	346
2025-02-21 19:25:00	1.04651	1.04656	1.04635	1.0464	552
2025-02-21 19:30:00	1.04639	1.04663	1.04637	1.04643	571
2025-02-21 19:35:00	1.04645	1.0465	1.0463	1.04642	432
2025-02-21 19:40:00	1.04644	1.04658	1.04604	1.04624	553
2025-02-21 19:45:00	1.04625	1.04639	1.04616	1.04623	487
2025-02-21 19:50:00	1.04624	1.04639	1.04606	1.04618	519
2025-02-21 19:55:00	1.04617	1.04627	1.04602	1.0462	701
2025-02-21 20:00:00	1.04619	1.04625	1.04607	1.04624	736
2025-02-21 20:05:00	1.04625	1.04638	1.04623	1.04634	324
2025-02-21 20:10:00	1.04636	1.04643	1.04618	1.04634	665
2025-02-21 20:15:00	1.04634	1.04639	1.04614	1.04615	456
2025-02-21 20:20:00	1.04615	1.04628	1.04608	1.04618	231
2025-02-21 20:25:00	1.0462	1.0462	1.04609	1.04612	438
2025-02-21 20:30:00	1.04614	1.04619	1.04589	1.04591	248
2025-02-21 20:35:00	1.04593	1.04612	1.04589	1.04608	278
2025-02-21 20:40:00	1.04608	1.04627	1.04601	1.04608	363
2025-02-21 20:45:00	1.04608	1.04617	1.04601	1.04608	301
2025-02-21 20:50:00	1.0461	1.04611	1.04595	1.04607	389
2025-02-21 20:55:00	1.04607	1.04611	1.04572	1.04605	638
2025-02-21 21:00:00	1.04605	1.04619	1.04603	1.04614	462
2025-02-21 21:05:00	1.04616	1.04616	1.04594	1.04599	341
2025-02-21 21:10:00	1046	1.04609	1.04593	1.04601	240
2025-02-21 21:15:00	1046	1.04605	1.04586	1.04592	327
2025-02-21 21:20:00	1.04593	1.04593	1.04585	1.04588	49
2025-02-21 21:25:00	1.04588	1.04597	1.04587	1.04594	125
2025-02-21 21:30:00	1.04593	1.04599	1.04586	1.0459	165
2025-02-21 21:35:00	1.04591	1.04601	1.04587	1.04587	99
2025-02-21 21:40:00	1.0459	1.04605	1.04589	1.04601	129
2025-02-21 21:45:00	1.04601	1.04606	1.04591	1.04595	259
2025-02-21 21:50:00	1.04594	1.04597	1.04584	1.04594	269
2025-02-21 21:55:00	1.04594	1.04607	1.0455	1.0457	741
2025-02-23 22:00:00	1.04706	1.04706	1.04655	1.04667	91
2025-02-23 22:05:00	1.04661	1.04684	1.04653	1.04662	237
2025-02-23 22:10:00	1.0466	1.04669	1.04644	1.04665	211
2025-02-23 22:15:00	1.04665	1.04665	1.04618	1.0462	166
2025-02-23 22:20:00	1.0462	1.04634	1.04618	1.04632	229
2025-02-23 22:25:00	1.04631	1.04651	1.04631	1.04636	107
2025-02-23 22:30:00	1.04636	1.04664	1.04636	1.04653	71
2025-02-23 22:35:00	1.04653	1.04699	1.04644	1.04693	611
2025-02-23 22:40:00	1.04699	1.04737	1.04678	1.04716	748
2025-02-23 22:45:00	1.04723	1.0481	1.04708	1.04728	502
2025-02-23 22:50:00	1.04726	1.04751	1.04708	1.04746	680
2025-02-23 22:55:00	1.04752	1.04755	1.04723	1.04727	252
2025-02-23 23:00:00	1.04727	1.04823	1.04705	1.04801	367
2025-02-23 23:05:00	1.04799	1.04802	1.0477	1.04788	191
2025-02-23 23:10:00	1.0479	1.04846	1.04762	1.04792	353
2025-02-23 23:15:00	1.04791	1.04814	1.04759	1.04783	375
2025-02-23 23:20:00	1.04785	1.04798	1.04783	1.04796	190
2025-02-23 23:25:00	1.04796	1.0481	1.04779	1.04795	172
2025-02-23 23:30:00	1.04796	1.04807	1.04774	1.04788	439
2025-02-23 23:35:00	1.04788	1.04799	1.04781	1.04784	132
2025-02-23 23:40:00	1.04782	1.04817	1.04778	1.04814	131
2025-02-23 23:45:00	1.04813	1.04813	1.04773	1.04773	193
2025-02-23 23:50:00	1.04773	1.04773	1.04744	1.04753	186
2025-02-23 23:55:00	1.04752	1.04752	1.0473	1.04736	180
2025-02-24 00:00:00	1.04738	1.04745	1.04716	1.04742	319
2025-02-24 00:05:00	1.04742	1.04789	1.04742	1.04771	376
2025-02-24 00:10:00	1.0477	1.04809	1.04763	1.04807	247
2025-02-24 00:15:00	1.04806	1049	1.04795	1.04899	333
2025-02-24 00:20:00	1.04903	1.04953	1.04903	1.04938	629
2025-02-24 00:25:00	1.0494	1.04985	1.04939	1.04967	385
2025-02-24 00:30:00	1.04968	1.04995	1.04929	1.04934	437
2025-02-24 00:35:00	1.04936	1.04968	1.04907	1.04919	502
2025-02-24 00:40:00	1.04917	1.0493	1.04904	1.04928	224
2025-02-24 00:45:00	1.04928	1.05032	1.04926	1.05017	474
2025-02-24 00:50:00	1.05015	1.0504	1.05004	1.05038	599
2025-02-24 00:55:00	1.05038	1.05071	1.05012	1.0504	671
2025-02-24 01:00:00	1.05041	1.0509	1.05027	1.05054	1085
2025-02-24 01:05:00	1.05053	1.05103	1.05046	1.05088	1122
2025-02-24 01:10:00	1.05089	1.05098	1.05058	1.05078	553
2025-02-24 01:15:00	1.05077	1.05123	1.05046	1.05099	898
2025-02-24 01:20:00	1.05102	1.05119	1.05068	1.05074	745
2025-02-24 01:25:00	1.05077	1.0509	1.05053	1.05078	759
2025-02-24 01:30:00	1.05079	1.05085	1.05021	1.0508	996
2025-02-24 01:35:00	1.05079	1.05115	1.05077	1.05095	797
2025-02-24 01:40:00	1.05093	1.05166	1.05093	1.05166	837
2025-02-24 01:45:00	1.05164	1.05195	1.05147	1.05169	1103
2025-02-24 01:50:00	1.05168	1.05188	1.0515	1.05178	752
2025-02-24 01:55:00	1.05177	1.05208	1.05173	1.05178	604
2025-02-24 02:00:00	1.05179	1.05206	1.05176	1.05206	1277
2025-02-24 02:05:00	1.05209	1.05239	1.05203	1.05204	1046
2025-02-24 02:10:00	1.05205	1.05223	1.0517	1.05195	772
2025-02-24 02:15:00	1.05197	1.05209	1.0517	1.05171	1105
2025-02-24 02:20:00	1.0517	1.05182	1.05155	1.05163	1096
2025-02-24 02:25:00	1.05161	1.05195	1.05154	1.05192	531
2025-02-24 02:30:00	1.05192	1.05225	1.05191	1.05219	404
2025-02-24 02:35:00	1.05218	1.05247	1.05218	1.05246	881
2025-02-24 02:40:00	1.05245	1.05273	1.05239	1.05265	894
2025-02-24 02:45:00	1.05266	1.05275	1.05245	1.05246	1090
2025-02-24 02:50:00	1.05245	1.05277	1.0524	1.05274	620
2025-02-24 02:55:00	1.05275	1.05282	1.05217	1.05227	926
2025-02-24 03:00:00	1.05228	1.05228	1052	1.05211	482
2025-02-24 03:05:00	1.0521	1.05239	1.05204	1.05226	545
2025-02-24 03:10:00	1.05228	1.05245	1.05216	1.05219	325
2025-02-24 03:15:00	1.05219	1.05254	1.05217	1.05247	419
2025-02-24 03:20:00	1.05248	1.05249	1.05211	1.05213	635
2025-02-24 03:25:00	1.05213	1.05214	1.05185	1.05188	683
2025-02-24 03:30:00	1.05188	1.0521	1.05177	1.05209	559
2025-02-24 03:35:00	1.05208	1.05209	1.05166	1.05181	550
2025-02-24 03:40:00	1.05181	1.05208	1.05176	1.05207	422
2025-02-24 03:45:00	1.05206	1.05216	1.05183	1.05191	419
2025-02-24 03:50:00	1.05192	1.05209	1.05162	1.05165	342
2025-02-24 03:55:00	1.05167	1.05202	1.05165	1.05192	390
2025-02-24 04:00:00	1.05194	1.05206	1.05166	1.05174	366
2025-02-24 04:05:00	1.05175	1.05176	1.05151	1.05164	485
2025-02-24 04:10:00	1.05163	1.05165	1.0514	1.05153	442
2025-02-24 04:15:00	1.05151	1.05153	1.05132	1.05143	329
2025-02-24 04:20:00	1.05142	1.05146	1.05127	1.05137	428
2025-02-24 04:25:00	1.05137	1.05141	1.05122	1.05126	383
2025-02-24 04:30:00	1.05129	1.05138	1.05125	1.0513	291
2025-02-24 04:35:00	1.05131	1.05131	1.05115	1.05124	180
2025-02-24 04:40:00	1.05124	1.05134	1.05121	1.05133	238
2025-02-24 04:45:00	1.05132	1.05138	1.0511	1.05121	341
2025-02-24 04:50:00	1.05121	1.05136	1.05121	1.05134	239
2025-02-24 04:55:00	1.05133	1.05158	1.0513	1.05154	547
2025-02-24 05:00:00	1.05152	1.05152	1.05121	1.05123	673
2025-02-24 05:05:00	1.05123	1.05125	1051	1.05111	1037
2025-02-24 05:10:00	1.05111	1.05145	1.05098	1.05137	514
2025-02-24 05:15:00	1.05138	1.0514	1.05125	1.05138	238
2025-02-24 05:20:00	1.05137	1.05146	1.05111	1.05125	421
2025-02-24 05:25:00	1.05127	1.05158	1.05126	1.0515	334
2025-02-24 05:30:00	1.0515	1.05154	1.05125	1.05135	440
2025-02-24 05:35:00	1.05134	1.05182	1.05125	1.0517	393
2025-02-24 05:40:00	1.05171	1.05192	1.0516	1.05185	378
2025-02-24 05:45:00	1.05184	1.05187	1.05147	1.05148	345
2025-02-24 05:50:00	1.05145	1.05195	1.05143	1.05193	364
2025-02-24 05:55:00	1.05195	1.05196	1.05156	1.05163	611
2025-02-24 06:00:00	1.05162	1.05162	1.05111	1.05111	552
2025-02-24 06:05:00	1.0511	1.05131	1.0511	1.05125	663
2025-02-24 06:10:00	1.05123	1.05138	1.05117	1.05125	880
2025-02-24 06:15:00	1.05127	1.0514	1.05105	1.05109	504
2025-02-24 06:20:00	1.05109	1.05109	1.05092	1.05095	609
2025-02-24 06:25:00	1.05096	1.05112	1.05079	1.05099	619
2025-02-24 06:30:00	1.05101	1.05113	1.0508	1.05087	338
2025-02-24 06:35:00	1.05087	1.05089	1.0507	1.05081	542
2025-02-24 06:40:00	1.0508	1.0508	1.05047	1.05048	501
2025-02-24 06:45:00	1.05047	1.05054	1.05009	1.05019	319
2025-02-24 06:50:00	1.05019	1.05069	1.05019	1.05063	346
2025-02-24 06:55:00	1.05064	1.05092	1.05061	1.05087	427
2025-02-24 07:00:00	1.05088	1.05136	1.05083	1.05136	818
2025-02-24 07:05:00	1.05136	1.05147	1.05107	1.05121	676
2025-02-24 07:10:00	1.05122	1.05137	1.05111	1.05111	585
2025-02-24 07:15:00	1.05111	1.05112	1.05071	1.05076	813
2025-02-24 07:20:00	1.05075	1.05094	1.05049	1.05054	692
2025-02-24 07:25:00	1.05053	1.05076	1.05029	1.05042	643
2025-02-24 07:30:00	1.05044	1.05078	1.05041	1.05063	626
2025-02-24 07:35:00	1.05063	1.05063	1.04898	1.0491	1182
2025-02-24 07:40:00	1.0491	1.04945	1.0489	1.04893	797
2025-02-24 07:45:00	1.04893	1.04911	1.04865	1.04895	953
2025-02-24 07:50:00	1.04895	1.04903	1.04874	1.04896	442
2025-02-24 07:55:00	1.04896	1.0492	1.04875	1.04909	735
2025-02-24 08:00:00	1.04912	1.04925	1.04871	1.04889	1004
2025-02-24 08:05:00	1.04888	1.04889	1.04814	1.04852	1091
2025-02-24 08:10:00	1.04852	1.0486	1.04812	1.04827	1156
2025-02-24 08:15:00	1.04826	1.04837	1.04695	1.04719	1323
2025-02-24 08:20:00	1.04719	1.0477	1.04711	1.04764	702
2025-02-24 08:25:00	1.04764	1.04785	1.04748	1.0478	675
2025-02-24 08:30:00	1.0478	1.04839	1.0478	1.04836	686
2025-02-24 08:35:00	1.04835	1.04838	1.0477	1.04775	891
2025-02-24 08:40:00	1.04772	1.04794	1.04748	1.0478	715
2025-02-24 08:45:00	1.04776	1.04838	1.0476	1.04831	622
2025-02-24 08:50:00	1.0483	1.04844	1.04808	1.04844	657
2025-02-24 08:55:00	1.04843	1.04849	1.04793	1.04795	776
2025-02-24 09:00:00	1.04794	1.0483	1.04767	1.04815	944
2025-02-24 09:05:00	1.04811	1.04833	1.04784	1.04801	484
2025-02-24 09:10:00	1.04801	1.04832	1.04781	1.04823	442
2025-02-24 09:15:00	1.04823	1.04846	1.04812	1.04831	812
2025-02-24 09:20:00	1.04831	1.04836	1.04776	1.04778	544
2025-02-24 09:25:00	1.04778	1.04778	1.04728	1.04745	568
2025-02-24 09:30:00	1.04745	1.04756	1.04721	1.04749	559
2025-02-24 09:35:00	1.0475	1.04756	1.04732	1.04743	412
2025-02-24 09:40:00	1.04744	1.04763	1.0473	1.04744	435
2025-02-24 09:45:00	1.04742	1.04742	1.04689	1.04714	563
2025-02-24 09:50:00	1.04714	1.04729	1.04703	1.04714	471
2025-02-24 09:55:00	1.04714	1.04729	1.04686	1.04717	786
2025-02-24 10:00:00	1.04716	1.0472	1.04673	1.04709	704
2025-02-24 10:05:00	1.04707	1.04709	1.04668	1.04709	734
2025-02-24 10:10:00	1.04707	1.0474	1.04686	1.0474	708
2025-02-24 10:15:00	1.04738	1.04746	1.04711	1.04724	736
2025-02-24 10:20:00	1.04722	1.04724	1.0468	1.04681	422
2025-02-24 10:25:00	1.04685	1.04714	1.04685	1.04698	438
2025-02-24 10:30:00	1.04699	1.04719	1.04684	1.04703	538
2025-02-24 10:35:00	1.04703	1.04731	1.04695	1.04718	424
2025-02-24 10:40:00	1.04717	1.04727	1.04696	1.0472	442
2025-02-24 10:45:00	1.04718	1.04748	1.04711	1.04748	434
2025-02-24 10:50:00	1.0475	1.04786	1.04743	1.04786	437
2025-02-24 10:55:00	1.04788	1.04805	1.04784	1.04801	439
2025-02-24 11:00:00	1.04802	1.04811	1.04768	1.0477	451
2025-02-24 11:05:00	1.04768	1.04769	1.04738	1.04744	620
2025-02-24 11:10:00	1.04745	1.04748	1.04716	1.04718	387
2025-02-24 11:15:00	1.04722	1.04726	1.04699	1.04724	307
2025-02-24 11:20:00	1.04725	1.04731	1.04687	1.04693	408
2025-02-24 11:25:00	1.04693	1.04695	1.04677	1.04694	299
2025-02-24 11:30:00	1.04691	1.04691	1.04637	1.04674	374
2025-02-24 11:35:00	1.04673	1.04716	1.04667	1.04715	389
2025-02-24 11:40:00	1.04715	1.04715	1047	1.04704	324
2025-02-24 11:45:00	1.04703	1.04705	1.04676	1.04689	448
2025-02-24 11:50:00	1.0469	1.04713	1.04689	1.04696	306
2025-02-24 11:55:00	1.04696	1.04699	1.04678	1.04683	399
2025-02-24 12:00:00	1.04683	1.04701	1.04669	1.04694	482
2025-02-24 12:05:00	1.04695	1.04719	1.04693	1.04712	393
2025-02-24 12:10:00	1.04712	1.04724	1.04694	1047	511
2025-02-24 12:15:00	1047	1.04715	1.04693	1.04708	304
2025-02-24 12:20:00	1.04712	1.04723	1.04658	1.04668	495
2025-02-24 12:25:00	1.04668	1.0468	1.04645	1.04645	559
2025-02-24 12:30:00	1.04645	1.04658	1.04613	1.04619	757
2025-02-24 12:35:00	1.04619	1.04646	1.04616	1.0464	449
2025-02-24 12:40:00	1.04643	1.04645	1.04599	1.04605	445
2025-02-24 12:45:00	1.04605	1.04646	1.04603	1.0463	490
2025-02-24 12:50:00	1.04629	1.04638	1.04608	1.0461	346
2025-02-24 12:55:00	1.04611	1.04691	1.04611	1.04687	665
2025-02-24 13:00:00	1.04688	1.04705	1.0468	1.04694	579
2025-02-24 13:05:00	1.04693	1.04699	1.04657	1.04658	600
2025-02-24 13:10:00	1.04657	1.04702	1.04647	1.04702	444
2025-02-24 13:15:00	1.04702	1.04715	1.04692	1.04712	678
2025-02-24 13:20:00	1.04713	1.04729	1.04693	1.04719	468
2025-02-24 13:25:00	1.04719	1.04738	1.04708	1.04709	414
2025-02-24 13:30:00	1.04709	1.0472	1.04696	1.04719	467
2025-02-24 13:35:00	1.04718	1.04753	1.04715	1.0473	774
2025-02-24 13:40:00	1.04731	1.04736	1.04676	1.04685	632
2025-02-24 13:45:00	1.04684	1047	1.04646	1.0468	643
2025-02-24 13:50:00	1.04678	1.04696	1.04669	1.04669	580
2025-02-24 13:55:00	1.04668	1.0468	1.04653	1.04667	716
2025-02-24 14:00:00	1.04668	1.0469	1.04654	1.04669	829
2025-02-24 14:05:00	1.0467	1.04695	1.04669	1.04693	421
2025-02-24 14:10:00	1.04691	1.04694	1.04638	1.04644	515
2025-02-24 14:15:00	1.04644	1.04644	1.04616	1.04626	634
2025-02-24 14:20:00	1.04627	1.04649	1.04614	1.04647	613
2025-02-24 14:25:00	1.0465	1.04671	1.04647	1.04655	738
2025-02-24 14:30:00	1.04658	1.0466	1.04578	1.04589	1264
2025-02-24 14:35:00	1.04589	1.04624	1.04588	1046	864
2025-02-24 14:40:00	1.04599	1.04624	1.0458	1.04595	901
2025-02-24 14:45:00	1.04593	1.04602	1.04527	1.04547	1182
2025-02-24 14:50:00	1.04549	1.04586	1.04531	1.04586	974
2025-02-24 14:55:00	1.04586	1.04611	1.0458	1.04603	1099
2025-02-24 15:00:00	1.04603	1.04636	1.04599	1.04632	1234
2025-02-24 15:05:00	1.04632	1.04689	1.04622	1.04684	1046
2025-02-24 15:10:00	1.04683	1.04702	1.04669	1.04692	986
2025-02-24 15:15:00	1.04691	1.04697	1.0467	1.04671	1012
2025-02-24 15:20:00	1.04672	1.04704	1.04669	1.04685	883
2025-02-24 15:25:00	1.04685	1.04689	1.0466	1.04668	879
2025-02-24 15:30:00	1.04668	1.04678	1.04632	1.04673	1020
2025-02-24 15:35:00	1.04674	1.04693	1.04661	1.04668	964
2025-02-24 15:40:00	1.04669	1.04694	1.04645	1.04683	1076
2025-02-24 15:45:00	1.04684	1.04694	1.04653	1.04657	1104
2025-02-24 15:50:00	1.0466	1.04674	1.04607	1.04613	1293
2025-02-24 15:55:00	1.04617	1.04693	1.0461	1.04689	1472
2025-02-24 16:00:00	1.04688	1.04694	1.04655	1.04683	1692
2025-02-24 16:05:00	1.04686	1.04706	1.04682	1.04693	1066
2025-02-24 16:10:00	1.04695	1.04708	1.0466	1.04668	597
2025-02-24 16:15:00	1.04669	1.04716	1.04665	1.04705	676
2025-02-24 16:20:00	1.04706	1.0472	1.04693	1.04701	646
2025-02-24 16:25:00	1.04702	1.04717	1.04698	1.04699	801
2025-02-24 16:30:00	1047	1.04724	1.04699	1.04722	779
2025-02-24 16:35:00	1.04721	1.04729	1.04698	1.04709	815
2025-02-24 16:40:00	1.04709	1.04719	1.04698	1.04719	604
2025-02-24 16:45:00	1.04718	1.0473	1.04699	1.04701	642
2025-02-24 16:50:00	1.04702	1.04741	1.04699	1.04733	640
2025-02-24 16:55:00	1.04735	1.04799	1.04734	1.04775	897
2025-02-24 17:00:00	1.04777	1.0479	1.04744	1.04745	631
2025-02-24 17:05:00	1.04746	1.04748	1.04679	1.04718	881
2025-02-24 17:10:00	1.04717	1.04761	1.04712	1.04754	568
2025-02-24 17:15:00	1.04755	1.04775	1.04735	1.04736	427
2025-02-24 17:20:00	1.04737	1.04759	1.04729	1.04753	482
2025-02-24 17:25:00	1.04755	1.04781	1.04749	1.04766	665
2025-02-24 17:30:00	1.04768	1.04787	1.04753	1.04785	576
2025-02-24 17:35:00	1.04785	1.04835	1.04784	1.04825	526
2025-02-24 17:40:00	1.04824	1.04829	1.04768	1.04773	638
2025-02-24 17:45:00	1.04774	1.04799	1.04758	1.04759	539
2025-02-24 17:50:00	1.04759	1.04797	1.04756	1.04777	565
2025-02-24 17:55:00	1.04778	1.0479	1.04712	1.04723	804
2025-02-24 18:00:00	1.04721	1.04744	1.04704	1.04733	524
2025-02-24 18:05:00	1.04734	1.04769	1.04725	1.04769	500
2025-02-24 18:10:00	1.04768	1.04793	1.04768	1.04788	491
2025-02-24 18:15:00	1.04788	1.04822	1.04785	1.04818	347
2025-02-24 18:20:00	1.04824	1.0485	1.04824	1.04837	424
2025-02-24 18:25:00	1.04836	1.04856	1.04836	1.04848	434
2025-02-24 18:30:00	1.04848	1.04851	1.04819	1.04821	491
2025-02-24 18:35:00	1.04821	1.0484	1.04813	1.04829	388
2025-02-24 18:40:00	1.04829	1.04841	1.04816	1.04825	289
2025-02-24 18:45:00	1.04825	1.04839	1.04814	1.04816	362
2025-02-24 18:50:00	1.04814	1.04814	1.04788	1.04788	249
2025-02-24 18:55:00	1.04788	1.04806	1.04779	1.04803	218
2025-02-24 19:00:00	1.04804	1.04835	1.04803	1.04833	415
2025-02-24 19:05:00	1.04832	1.04839	1.04806	1.04806	286
2025-02-24 19:10:00	1.04806	1.04824	1.04803	1.04819	263
2025-02-24 19:15:00	1.04818	1.04821	1.04776	1.04778	325
2025-02-24 19:20:00	1.04779	1.04784	1.04759	1.04764	397
2025-02-24 19:25:00	1.04763	1.04767	1.0474	1.04759	433
2025-02-24 19:30:00	1.04758	1.04818	1.04758	1.04792	728
2025-02-24 19:35:00	1.04791	1.04799	1.04766	1.04767	417
2025-02-24 19:40:00	1.04768	1.0477	1.04737	1.04746	613
2025-02-24 19:45:00	1.04744	1.04751	1.04725	1.0475	590
2025-02-24 19:50:00	1.04749	1.04774	1.04748	1.04756	552
2025-02-24 19:55:00	1.04755	1.04759	1.04739	1.04749	456
2025-02-24 20:00:00	1.0475	1.04756	1.04729	1.04736	268
2025-02-24 20:05:00	1.04734	1.04755	1.04731	1.04751	265
2025-02-24 20:10:00	1.0475	1.04774	1.04745	1.04772	299
2025-02-24 20:15:00	1.04771	1.04792	1.04709	1.04741	515
2025-02-24 20:20:00	1.0474	1.04769	1.04683	1.04694	1419
2025-02-24 20:25:00	1.04694	1.04727	1.04692	1.04719	1167
2025-02-24 20:30:00	1.04719	1.04741	1.04698	1.04723	567
2025-02-24 20:35:00	1.04722	1.04722	1.04679	1.04682	543
2025-02-24 20:40:00	1.04682	1.04682	1.04657	1.0466	605
2025-02-24 20:45:00	1.04659	1.04685	1.04656	1.0468	472
2025-02-24 20:50:00	1.04681	1.04685	1.04658	1.0466	549
2025-02-24 20:55:00	1.04662	1.04666	1.04644	1.0465	491
2025-02-24 21:00:00	1.04651	1.04652	1.04616	1.04627	567
2025-02-24 21:05:00	1.04629	1.04659	1.04625	1.04654	779
2025-02-24 21:10:00	1.04655	1.0466	1.04653	1.04655	207
2025-02-24 21:15:00	1.04656	1.04662	1.04652	1.04652	175
2025-02-24 21:20:00	1.04654	1.04657	1.04652	1.04654	91
2025-02-24 21:25:00	1.04653	1.04655	1.04637	1.04639	145
2025-02-24 21:30:00	1.04638	1.0465	1.04638	1.04649	96
2025-02-24 21:35:00	1.04649	1.04664	1.04647	1.04653	173
2025-02-24 21:40:00	1.04652	1.04657	1.04649	1.04655	156
2025-02-24 21:45:00	1.04657	1.04667	1.04656	1.04664	230
2025-02-24 21:50:00	1.04665	1.04671	1.04663	1.04667	454
2025-02-24 21:55:00	1.04667	1.0468	1.04667	1.04671	291
2025-02-24 22:00:00	1.04671	1.0468	1.04634	1.04658	120
2025-02-24 22:05:00	1.04659	1.04664	1.04658	1.04664	47
2025-02-24 22:10:00	1.04662	1.04668	1.04658	1.04661	35
2025-02-24 22:15:00	1.04671	1.04671	1.04659	1.0466	43
2025-02-24 22:20:00	1.04661	1.04662	1.0466	1.04661	12
2025-02-24 22:25:00	1.0466	1.04667	1.0466	1.04664	103
2025-02-24 22:30:00	1.04665	1.0467	1.04663	1.04663	158
2025-02-24 22:35:00	1.04663	1.04669	1.04663	1.04664	76
2025-02-24 22:40:00	1.04664	1.04671	1.04663	1.04664	62
2025-02-24 22:45:00	1.04664	1.04671	1.04663	1.04663	133
2025-02-24 22:50:00	1.04664	1.04666	1.04651	1.04662	183
2025-02-24 22:55:00	1.04663	1.04702	1.04663	1.04689	258
2025-02-24 23:00:00	1.04687	1.04687	1.04636	1.04656	204
2025-02-24 23:05:00	1.04655	1.04655	1.04632	1.04632	125
2025-02-24 23:10:00	1.04633	1.04638	1.04622	1.04625	79
2025-02-24 23:15:00	1.04623	1.04623	1.04617	1.04622	44
2025-02-24 23:20:00	1.04621	1.04627	1.0462	1.04624	46
2025-02-24 23:25:00	1.04621	1.04624	1.04614	1.04619	87
2025-02-24 23:30:00	1.04619	1.04624	1.04615	1.04622	200
2025-02-24 23:35:00	1.04622	1.04626	1.04617	1.04623	88
2025-02-24 23:40:00	1.04624	1.04643	1.04609	1.04643	146
2025-02-24 23:45:00	1.04643	1.04643	1.04622	1.04626	151
2025-02-24 23:50:00	1.04627	1.04627	1.04613	1.04615	130
2025-02-24 23:55:00	1.04614	1.04615	1.04602	1.04611	132
2025-02-25 00:00:00	1.04611	1.04628	1.04611	1.04619	410
2025-02-25 00:05:00	1.04618	1.04618	1.04599	1.04601	176
2025-02-25 00:10:00	1.04602	1.04614	1.04596	1.04603	185
2025-02-25 00:15:00	1.04604	1.04609	1.04599	1.04603	116
2025-02-25 00:20:00	1.04602	1.04611	1046	1.04605	116
2025-02-25 00:25:00	1.04605	1.0461	1.04601	1.04604	121
2025-02-25 00:30:00	1.04606	1.04614	1.04601	1.04614	102
2025-02-25 00:35:00	1.04614	1.0462	1.04613	1.04615	182
2025-02-25 00:40:00	1.04615	1.04625	1.04613	1.04615	130
2025-02-25 00:45:00	1.04616	1.04624	1.0461	1.04616	94
2025-02-25 00:50:00	1.04616	1.04641	1.04611	1.0462	250
2025-02-25 00:55:00	1.04618	1.04633	1.04617	1.04631	211
2025-02-25 01:00:00	1.04633	1.04656	1.04633	1.04636	418
2025-02-25 01:05:00	1.04632	1.04642	1.04627	1.04634	217
2025-02-25 01:10:00	1.04634	1.04641	1.0462	1.04627	216
2025-02-25 01:15:00	1.04628	1.04632	1.04615	1.04617	647
2025-02-25 01:20:00	1.04616	1.04625	1.04605	1.04621	730
2025-02-25 01:25:00	1.04622	1.04631	1.0461	1.04625	622
2025-02-25 01:30:00	1.04626	1.04639	1.04611	1.04611	1016
2025-02-25 01:35:00	1.04612	1.04633	1.04605	1.04623	691
2025-02-25 01:40:00	1.04622	1.04639	1.04622	1.04633	701
2025-02-25 01:45:00	1.04635	1.04639	1.04623	1.04627	569
2025-02-25 01:50:00	1.04626	1.04644	1.04624	1.04634	438
2025-02-25 01:55:00	1.04632	1.04654	1.04628	1.04649	485
2025-02-25 02:00:00	1.04651	1.04674	1.04651	1.04661	513
2025-02-25 02:05:00	1.04662	1.04671	1.04653	1.04668	327
2025-02-25 02:10:00	1.04669	1.0469	1.04666	1.04686	678
2025-02-25 02:15:00	1.04684	1.04703	1.04682	1.04702	314
2025-02-25 02:20:00	1.04701	1.04704	1.04651	1.04661	825
2025-02-25 02:25:00	1.0466	1.04685	1.04656	1.04683	685
2025-02-25 02:30:00	1.04683	1.04709	1.04681	1.04693	691
2025-02-25 02:35:00	1.04692	1.04715	1.04686	1.04703	853
2025-02-25 02:40:00	1.04702	1.04717	1.04698	1.04714	556
2025-02-25 02:45:00	1.04716	1.04731	1.04706	1.0471	611
2025-02-25 02:50:00	1.04708	1.0473	1.04708	1.04723	632
2025-02-25 02:55:00	1.04723	1.04747	1.04722	1.04743	531
2025-02-25 03:00:00	1.04744	1.04761	1.04739	1.04756	504
2025-02-25 03:05:00	1.04755	1.04756	1.04728	1.04746	779
2025-02-25 03:10:00	1.04746	1.04753	1.04738	1.04739	356
2025-02-25 03:15:00	1.04739	1.0474	1.0472	1.04736	490
2025-02-25 03:20:00	1.04736	1.04737	1.04712	1.04715	581
2025-02-25 03:25:00	1.04713	1.04731	1.04713	1.04725	429
2025-02-25 03:30:00	1.04725	1.04735	1.04721	1.04724	365
2025-02-25 03:35:00	1.04723	1.0474	1.04723	1.04733	327
2025-02-25 03:40:00	1.04734	1.04743	1.04732	1.04734	442
2025-02-25 03:45:00	1.04736	1.04748	1.04732	1.04744	349
2025-02-25 03:50:00	1.04744	1.04746	1.04724	1.04733	361
2025-02-25 03:55:00	1.04732	1.04734	1.04724	1.0473	339
2025-02-25 04:00:00	1.04731	1.04743	1.04725	1.04728	554
2025-02-25 04:05:00	1.04729	1.0474	1.04728	1.04739	239
2025-02-25 04:10:00	1.04739	1.04751	1.04739	1.04749	329
2025-02-25 04:15:00	1.04749	1.04756	1.04747	1.04751	411
2025-02-25 04:20:00	1.04751	1.04766	1.04746	1.04765	297
2025-02-25 04:25:00	1.04766	1.04771	1.04758	1.04762	207
2025-02-25 04:30:00	1.04763	1.04767	1.04749	1.04749	286
2025-02-25 04:35:00	1.04749	1.04752	1.04728	1.0474	264
2025-02-25 04:40:00	1.0474	1.04756	1.04736	1.04753	196
2025-02-25 04:45:00	1.04753	1.04753	1.04738	1.04738	313
2025-02-25 04:50:00	1.04739	1.04745	1.04723	1.04734	437
2025-02-25 04:55:00	1.04732	1.04735	1.04724	1.0473	440
2025-02-25 05:00:00	1.04731	1.04736	1.04725	1.04732	290
2025-02-25 05:05:00	1.04732	1.04736	1.04723	1.04735	253
2025-02-25 05:10:00	1.04734	1.04735	1.04723	1.0473	309
2025-02-25 05:15:00	1.04729	1.04734	1.04728	1.04734	89
2025-02-25 05:20:00	1.04733	1.04737	1.04722	1.04735	167
2025-02-25 05:25:00	1.04734	1.04749	1.04734	1.04745	326
2025-02-25 05:30:00	1.04744	1.04744	1.04733	1.04738	234
2025-02-25 05:35:00	1.04738	1.04753	1.04734	1.04749	169
2025-02-25 05:40:00	1.0475	1.04772	1.04749	1.04751	373
2025-02-25 05:45:00	1.04749	1.04766	1.04749	1.04765	405
2025-02-25 05:50:00	1.04765	1.04771	1.04756	1.04761	507
2025-02-25 05:55:00	1.04762	1.0478	1.0476	1.04767	458
2025-02-25 06:00:00	1.04767	1.04772	1.0475	1.0476	568
2025-02-25 06:05:00	1.0476	1.04772	1.04759	1.04767	277
2025-02-25 06:10:00	1.04768	1.04772	1.0476	1.04765	148
2025-02-25 06:15:00	1.04767	1.04775	1.04759	1.04765	224
2025-02-25 06:20:00	1.04766	1.04791	1.04761	1.04789	281
2025-02-25 06:25:00	1.04789	1.04799	1.04778	1.0478	328
2025-02-25 06:30:00	1.04779	1.04787	1.04764	1.04771	431
2025-02-25 06:35:00	1.0477	1.04773	1.04761	1.04762	437
2025-02-25 06:40:00	1.04762	1.04766	1.04741	1.04764	520
2025-02-25 06:45:00	1.04767	1.04775	1.04746	1.04749	480
2025-02-25 06:50:00	1.04749	1.0475	1.04724	1.04736	386
2025-02-25 06:55:00	1.04734	1.04769	1.04726	1.04767	451
2025-02-25 07:00:00	1.04767	1.04774	1.04681	1.04688	616
2025-02-25 07:05:00	1.04689	1.04705	1.04666	1.04669	619
2025-02-25 07:10:00	1.04668	1.0472	1.04668	1.04705	528
2025-02-25 07:15:00	1.04705	1.0474	1.04683	1.04686	623
2025-02-25 07:20:00	1.04686	1.04723	1.04679	1047	456
2025-02-25 07:25:00	1.04699	1.04753	1.04699	1.04729	639
2025-02-25 07:30:00	1.04729	1.04729	1.04677	1.04683	813
2025-02-25 07:35:00	1.04683	1.0472	1.04677	1.04698	766
2025-02-25 07:40:00	1.04697	1.04703	1.04665	1.04689	965
2025-02-25 07:45:00	1.04687	1.0472	1.04687	1.04692	567
2025-02-25 07:50:00	1.04694	1.04723	1.04687	1.04718	569
2025-02-25 07:55:00	1.04717	1.0473	1.04633	1.0464	1175
2025-02-25 08:00:00	1.04642	1.04662	1.0456	1.04662	1844
2025-02-25 08:05:00	1.04661	1.04725	1.0466	1.04724	1115
2025-02-25 08:10:00	1.04723	1.04781	1.04723	1.04769	992
2025-02-25 08:15:00	1.04769	1.04787	1.04751	1.04759	987
2025-02-25 08:20:00	1.04757	1.04757	1.04683	1.04683	915
2025-02-25 08:25:00	1.04683	1.04702	1.04661	1.04673	806
2025-02-25 08:30:00	1.04673	1.04673	1.04611	1.04611	736
2025-02-25 08:35:00	1.04613	1.04638	1.04586	1.04633	613
2025-02-25 08:40:00	1.04633	1.04652	1.04622	1.04649	529
2025-02-25 08:45:00	1.04649	1.04689	1.04643	1.04669	817
2025-02-25 08:50:00	1.0467	1.04719	1.04668	1.04694	636
2025-02-25 08:55:00	1.04693	1.04709	1.04665	1047	925
2025-02-25 09:00:00	1.04702	1.0474	1.04701	1.0471	878
2025-02-25 09:05:00	1.0471	1.0473	1.04687	1.04719	854
2025-02-25 09:10:00	1.04719	1.04723	1.04695	1.04702	738
2025-02-25 09:15:00	1.04702	1.04765	1.04701	1.04765	737
2025-02-25 09:20:00	1.04767	1.0478	1.04737	1.04752	952
2025-02-25 09:25:00	1.04755	1.04784	1.04737	1.04737	1169
2025-02-25 09:30:00	1.04737	1.0475	1.04721	1.04721	926
2025-02-25 09:35:00	1.0472	1.04729	1.04711	1.04722	656
2025-02-25 09:40:00	1.0472	1.04734	1.04699	1.04704	917
2025-02-25 09:45:00	1.04706	1.04718	1.04695	1047	519
2025-02-25 09:50:00	1047	1.04714	1.04683	1.04695	631
2025-02-25 09:55:00	1.04695	1.04738	1.04686	1.04729	734
2025-02-25 10:00:00	1.04729	1.04739	1.04692	1.04695	799
2025-02-25 10:05:00	1.04694	1.04694	1.04675	1.04684	516
2025-02-25 10:10:00	1.04681	1.04681	1.04651	1.0466	791
2025-02-25 10:15:00	1.04657	1.04688	1.04655	1.04688	553
2025-02-25 10:20:00	1.04687	1.04711	1.04654	1.04669	697
2025-02-25 10:25:00	1.04669	1.04692	1.04663	1.04689	707
2025-02-25 10:30:00	1.0469	1.04707	1.04678	1047	797
2025-02-25 10:35:00	1.04699	1047	1.04681	1.04689	725
2025-02-25 10:40:00	1.04688	1.04721	1.04687	1.04717	706
2025-02-25 10:45:00	1.0472	1.04732	1.04711	1.04723	575
2025-02-25 10:50:00	1.04724	1.04724	1.04689	1.04711	426
2025-02-25 10:55:00	1.0471	1.04734	1.04709	1.04725	734
2025-02-25 11:00:00	1.04724	1.04738	1.04717	1.04727	616
2025-02-25 11:05:00	1.04725	1.04734	1.04714	1.04734	300
2025-02-25 11:10:00	1.04734	1.04769	1.04721	1.04762	480
2025-02-25 11:15:00	1.04764	1.04793	1.04764	1.04786	541
2025-02-25 11:20:00	1.04786	1.04788	1.04763	1.04781	502
2025-02-25 11:25:00	1.04782	1.04785	1.04761	1.04774	367
2025-02-25 11:30:00	1.04774	1.04837	1.04766	1.04836	423
2025-02-25 11:35:00	1.04836	1.04891	1.04821	1.04887	765
2025-02-25 11:40:00	1.04889	1.0489	1.04843	1.0486	673
2025-02-25 11:45:00	1.04859	1.04877	1.04846	1.0487	389
2025-02-25 11:50:00	1.04868	1.04896	1.04863	1.04875	415
2025-02-25 11:55:00	1.04871	1.04894	1.0487	1.04891	642
2025-02-25 12:00:00	1.04893	1.04963	1.04888	1.04944	941
2025-02-25 12:05:00	1.04943	1.04969	1.04935	1.04963	645
2025-02-25 12:10:00	1.0496	1.04971	1.04938	1.04938	964
2025-02-25 12:15:00	1.04938	1.0498	1.04931	1.04956	716
2025-02-25 12:20:00	1.04956	1.04999	1.04944	1.0499	1110
2025-02-25 12:25:00	1.0499	1.04999	1.04963	1.04963	1052
2025-02-25 12:30:00	1.04962	1.04998	1.04961	1.04967	1276
2025-02-25 12:35:00	1.04964	1.04971	1.04934	1.04941	999
2025-02-25 12:40:00	1.04942	1.04952	1.04903	1.04911	1292
2025-02-25 12:45:00	1.04913	1.04929	1.04882	1.04908	1041
2025-02-25 12:50:00	1.04906	1.04934	1.04899	1.04913	394
2025-02-25 12:55:00	1.04914	1.04939	1.04907	1.04934	717
2025-02-25 13:00:00	1.04934	1.04982	1.04934	1.04979	720
2025-02-25 13:05:00	1.04979	1.04996	1.04953	1.04963	989
2025-02-25 13:10:00	1.04963	1.04986	1.04961	1.04976	847
2025-02-25 13:15:00	1.04974	1.04987	1.04941	1.04949	931
2025-02-25 13:20:00	1.04949	1.04963	1.04933	1.04943	1071
2025-02-25 13:25:00	1.04945	1.04996	1.04941	1.0499	856
2025-02-25 13:30:00	1.0499	1.05069	1.04982	1.05068	1303
2025-02-25 13:35:00	1.0507	1.05085	1.05041	1.05069	814
2025-02-25 13:40:00	1.05068	1.05085	1.05041	1.05077	689
2025-02-25 13:45:00	1.05078	1.05096	1.05065	1.05084	554
2025-02-25 13:50:00	1.05085	1.05089	1.05024	1.05025	1011
2025-02-25 13:55:00	1.05026	1.0504	1.04992	1.04999	1153
2025-02-25 14:00:00	1.05	1.05004	1.04932	1.04958	1393
2025-02-25 14:05:00	1.04957	1.04964	1.04923	1.04927	1324
2025-02-25 14:10:00	1.04928	1.04965	1.04918	1.04936	807
2025-02-25 14:15:00	1.04935	1.04977	1.04935	1.04953	427
2025-02-25 14:20:00	1.04951	1.0502	1.0495	1.05019	389
2025-02-25 14:25:00	1.05021	1.05047	1.05016	1.0504	479
2025-02-25 14:30:00	1.05039	1.05043	1.04999	1.05039	699
2025-02-25 14:35:00	1.05038	1.0504	1.04975	1.04982	962
2025-02-25 14:40:00	1.04985	1.0502	1.04979	1.0501	858
2025-02-25 14:45:00	1.0501	1.05036	1.04999	1.05019	709
2025-02-25 14:50:00	1.0502	1.05047	1.05015	1.05026	888
2025-02-25 14:55:00	1.05026	1.05041	1.05012	1.05023	503
2025-02-25 15:00:00	1.05027	1.05063	1.05015	1.05031	882
2025-02-25 15:05:00	1.05033	1.05083	1.05028	1.05078	1107
2025-02-25 15:10:00	1.05078	1.05137	1.05077	1.05129	1172
2025-02-25 15:15:00	1.0513	1.05148	1.05095	1.05104	1266
2025-02-25 15:20:00	1.05104	1.05177	1.05103	1.05169	1088
2025-02-25 15:25:00	1.05169	1.05191	1.05154	1.05174	1176
2025-02-25 15:30:00	1.05174	1.05176	1.0512	1.05126	1284
2025-02-25 15:35:00	1.05128	1.05174	1.05104	1.05104	1071
2025-02-25 15:40:00	1.05103	1.05119	1.0506	1.05072	1527
2025-02-25 15:45:00	1.05071	1.05077	1.05018	1.05041	1181
2025-02-25 15:50:00	1.05042	1.05054	1.04982	1.04986	1161
2025-02-25 15:55:00	1.04985	1.0499	1.04949	1.04984	1683
2025-02-25 16:00:00	1.04983	1.05014	1.04965	1.04994	1428
2025-02-25 16:05:00	1.04993	1.04998	1.04944	1.04959	1139
2025-02-25 16:10:00	1.0496	1.05015	1.0496	1.04999	983
2025-02-25 16:15:00	1.04998	1.05037	1.04973	1.0503	897
2025-02-25 16:20:00	1.05032	1.05035	1.04988	1.04993	801
2025-02-25 16:25:00	1.04995	1.0503	1.04983	1.05009	664
2025-02-25 16:30:00	1.05008	1.05017	1.0496	1.05011	879
2025-02-25 16:35:00	1.05011	1.05039	1.04999	1.05003	844
2025-02-25 16:40:00	1.05003	1.0505	1.04996	1.05044	711
2025-02-25 16:45:00	1.05044	1.05049	1.05014	1.05045	773
2025-02-25 16:50:00	1.05045	1.05059	1.04999	1.05003	780
2025-02-25 16:55:00	1.05002	1.05002	1.04957	1.04975	999
2025-02-25 17:00:00	1.04975	1.04975	1.0491	1.0493	910
2025-02-25 17:05:00	1.04928	1.04928	1.04852	1.04858	1006
2025-02-25 17:10:00	1.04856	1.04873	1.04837	1.04868	811
2025-02-25 17:15:00	1.04868	1.04896	1.04864	1.04881	583
2025-02-25 17:20:00	1.04879	1.04922	1.04864	1.04918	630
2025-02-25 17:25:00	1.04919	1.04938	1.04911	1.0493	412
2025-02-25 17:30:00	1.0493	1.04945	1.04912	1.04916	419
2025-02-25 17:35:00	1.04916	1.04959	1.04914	1.04959	277
2025-02-25 17:40:00	1.04961	1.04975	1.04954	1.04967	299
2025-02-25 17:45:00	1.04966	1.04992	1.04962	1.04989	349
2025-02-25 17:50:00	1.04991	1.04998	1.04975	1.04981	385
2025-02-25 17:55:00	1.04981	1.05021	1.04981	1.0502	580
2025-02-25 18:00:00	1.0502	1.05074	1.0502	1.05068	531
2025-02-25 18:05:00	1.05069	1.0509	1.05035	1.05039	573
2025-02-25 18:10:00	1.05041	1.05063	1.05041	1.05046	562
2025-02-25 18:15:00	1.05047	1.05065	1.05033	1.05043	496
2025-02-25 18:20:00	1.05044	1.05056	1.05035	1.05055	391
2025-02-25 18:25:00	1.05053	1.05062	1.05033	1.05034	520
2025-02-25 18:30:00	1.05034	1.05044	1.05027	1.05041	333
2025-02-25 18:35:00	1.05038	1.05133	1.05034	1.05132	695
2025-02-25 18:40:00	1.05133	1.05179	1.05121	1.05144	786
2025-02-25 18:45:00	1.05142	1.0515	1.05114	1.05114	426
2025-02-25 18:50:00	1.05117	1.05142	1.05107	1.05117	358
2025-02-25 18:55:00	1.05118	1.05118	1.0507	1.05083	689
2025-02-25 19:00:00	1.05082	1.05126	1.05075	1.05116	570
2025-02-25 19:05:00	1.05114	1.05116	1.05071	1.05073	458
2025-02-25 19:10:00	1.05072	1.05098	1.05067	1.05088	408
2025-02-25 19:15:00	1.05087	1.05087	1.05052	1.05056	506
2025-02-25 19:20:00	1.05057	1.05074	1.05044	1.05062	354
2025-02-25 19:25:00	1.05063	1.0507	1.05044	1.05064	431
2025-02-25 19:30:00	1.05062	1.05084	1.05053	1.05082	520
2025-02-25 19:35:00	1.05082	1.05097	1.05069	1.05078	331
2025-02-25 19:40:00	1.05078	1.05094	1.05072	1.05091	244
2025-02-25 19:45:00	1.05091	1.05112	1.05071	1.05098	333
2025-02-25 19:50:00	1.05098	1.05106	1.05086	1.05104	331
2025-02-25 19:55:00	1.05105	1.05114	1.05087	1.05104	622
2025-02-25 20:00:00	1.05103	1.05126	1.05101	1.05102	341
2025-02-25 20:05:00	1.05103	1.05127	1.05099	1.05103	384
2025-02-25 20:10:00	1.05102	1.0511	1.0509	1.05106	387
2025-02-25 20:15:00	1.05106	1.05139	1.05101	1.05131	386
2025-02-25 20:20:00	1.05128	1.05153	1.05125	1.05141	313
2025-02-25 20:25:00	1.05141	1.05188	1.05141	1.05164	503
2025-02-25 20:30:00	1.05165	1.05165	1.05125	1.05127	354
2025-02-25 20:35:00	1.05128	1.05133	1.05108	1.05117	521
2025-02-25 20:40:00	1.05116	1.0516	1.05113	1.05143	311
2025-02-25 20:45:00	1.05144	1.0517	1.05137	1.05166	365
2025-02-25 20:50:00	1.05165	1.05174	1.05159	1.05159	332
2025-02-25 20:55:00	1.0516	1.0517	1.05147	1.05162	277
2025-02-25 21:00:00	1.05161	1.05174	1.05151	1.05165	236
2025-02-25 21:05:00	1.05165	1.05172	1.05156	1.05165	239
2025-02-25 21:10:00	1.05164	1.05166	1.05146	1.05156	123
2025-02-25 21:15:00	1.05155	1.05157	1.05138	1.05141	113
2025-02-25 21:20:00	1.05141	1.05158	1.0514	1.05158	79
2025-02-25 21:25:00	1.05159	1.05174	1.05159	1.05172	106
2025-02-25 21:30:00	1.05171	1.05175	1.05161	1.05163	193
2025-02-25 21:35:00	1.05163	1.05163	1.05133	1.05142	176
2025-02-25 21:40:00	1.05144	1.05151	1.05133	1.05134	60
2025-02-25 21:45:00	1.05139	1.05148	1.0513	1.05132	225
2025-02-25 21:50:00	1.05131	1.05157	1.05129	1.05139	561
2025-02-25 21:55:00	1.05143	1.05159	1.05123	1.05124	273
2025-02-25 22:00:00	1.05116	1.05128	1.05106	1.05107	63
2025-02-25 22:05:00	1.05135	1.05137	1.05109	1.05134	163
2025-02-25 22:10:00	1.05135	1.05135	1.05118	1.05118	129
2025-02-25 22:15:00	1.05118	1.05133	1.05116	1.05116	59
2025-02-25 22:20:00	1.05116	1.05136	1.05115	1.05128	36
2025-02-25 22:25:00	1.05131	1.05137	1.05128	1.05134	27
2025-02-25 22:30:00	1.05134	1.05141	1.05122	1.05126	89
2025-02-25 22:35:00	1.05126	1.05137	1.05121	1.05131	115
2025-02-25 22:40:00	1.05124	1.05139	1.0512	1.05133	105
2025-02-25 22:45:00	1.05134	1.05136	1.05127	1.05132	142
2025-02-25 22:50:00	1.05135	1.05137	1.05121	1.05122	166
2025-02-25 22:55:00	1.0512	1.05123	1.05116	1.05122	52
2025-02-25 23:00:00	1.05136	1.05156	1.05119	1.05156	1500
2025-02-25 23:05:00	1.05159	1.05173	1.05151	1.05168	82
2025-02-25 23:10:00	1.05169	1.05173	1.05162	1.05172	78
2025-02-25 23:15:00	1.05173	1.05201	1.05165	1.05198	141
2025-02-25 23:20:00	1.05197	1.05201	1.05196	1.05197	250
2025-02-25 23:25:00	1.05198	1.05203	1.05195	1052	94
2025-02-25 23:30:00	1052	1.05224	1.05199	1.05205	208
2025-02-25 23:35:00	1.05205	1.05227	1.05205	1.05221	180
2025-02-25 23:40:00	1.05221	1.05222	1.05211	1.05213	91
2025-02-25 23:45:00	1.05211	1.05211	1.05198	1.05203	222
2025-02-25 23:50:00	1.05206	1.05208	1.05194	1.05197	239
2025-02-25 23:55:00	1.05198	1.05205	1.05197	1.05204	119
2025-02-26 00:00:00	1.05205	1.05219	1.05195	1.05216	209
2025-02-26 00:05:00	1.05218	1.05224	1.05211	1.05222	178
2025-02-26 00:10:00	1.05224	1.05237	1.0522	1.05235	194
2025-02-26 00:15:00	1.05236	1.05244	1.05225	1.05236	314
2025-02-26 00:20:00	1.05237	1.05246	1.05232	1.05243	219
2025-02-26 00:25:00	1.05243	1.0525	1.05234	1.05243	145
2025-02-26 00:30:00	1.05243	1.05243	1.05226	1.05226	110
2025-02-26 00:35:00	1.05227	1.05239	1.05227	1.05228	119
2025-02-26 00:40:00	1.05227	1.05231	1.05214	1.05214	171
2025-02-26 00:45:00	1.05216	1.05231	1.05211	1.05225	306
2025-02-26 00:50:00	1.05225	1.05242	1.05222	1.05232	530
2025-02-26 00:55:00	1.05232	1.05239	1.05221	1.05227	365
2025-02-26 01:00:00	1.05226	1.0523	1.0517	1.0518	582
2025-02-26 01:05:00	1.0518	1.0523	1.05175	1.05229	438
2025-02-26 01:10:00	1.05229	1.05235	1.05212	1.05212	364
2025-02-26 01:15:00	1.05213	1.0523	1.05211	1.05218	542
2025-02-26 01:20:00	1.05217	1.05223	1.05205	1.05219	364
2025-02-26 01:25:00	1.0522	1.05231	1.05213	1.05214	388
2025-02-26 01:30:00	1.05214	1.05214	1.05139	1.05189	812
2025-02-26 01:35:00	1.05188	1.05191	1.05147	1.05158	528
2025-02-26 01:40:00	1.05157	1.05175	1.05149	1.05152	369
2025-02-26 01:45:00	1.05151	1.05164	1.05144	1.05149	440
2025-02-26 01:50:00	1.0515	1.05171	1.05141	1.05159	572
2025-02-26 01:55:00	1.0516	1.0516	1.05138	1.0515	488
2025-02-26 02:00:00	1.05151	1.05167	1.05141	1.05141	501
2025-02-26 02:05:00	1.05141	1.05149	1.05116	1.05131	617
2025-02-26 02:10:00	1.05132	1.05145	1.05123	1.05124	487
2025-02-26 02:15:00	1.05123	1.05142	1.05112	1.05123	432
2025-02-26 02:20:00	1.05124	1.05131	1.05115	1.05119	281
2025-02-26 02:25:00	1.05119	1.05119	1.05073	1.05077	588
2025-02-26 02:30:00	1.05075	1.0508	1.05059	1.05077	691
2025-02-26 02:35:00	1.05075	1.05094	1.0506	1.0509	471
2025-02-26 02:40:00	1.0509	1.05093	1.0504	1.0506	816
2025-02-26 02:45:00	1.05063	1.05073	1.05054	1.05073	664
2025-02-26 02:50:00	1.05072	1.05083	1.05047	1.05049	759
2025-02-26 02:55:00	1.05048	1.05077	1.0504	1.05061	858
2025-02-26 03:00:00	1.05062	1.05085	1.05049	1.05082	848
2025-02-26 03:05:00	1.05082	1.05084	1.05059	1.05063	554
2025-02-26 03:10:00	1.05064	1.05074	1.05051	1.05055	558
2025-02-26 03:15:00	1.05056	1.05057	1.05047	1.05055	277
2025-02-26 03:20:00	1.05059	1.05061	1.05034	1.05034	307
2025-02-26 03:25:00	1.05034	1.0504	1.05011	1.05029	409
2025-02-26 03:30:00	1.0503	1.05055	1.05024	1.0504	424
2025-02-26 03:35:00	1.05039	1.0504	1.05027	1.0504	390
2025-02-26 03:40:00	1.05038	1.05052	1.05032	1.05037	320
2025-02-26 03:45:00	1.05037	1.05041	1.0502	1.05038	403
2025-02-26 03:50:00	1.05038	1.05049	1.05036	1.05037	319
2025-02-26 03:55:00	1.05036	1.05047	1.05032	1.05043	355
2025-02-26 04:00:00	1.05043	1.05049	1.05032	1.05034	373
2025-02-26 04:05:00	1.05034	1.05038	1.05024	1.05026	201
2025-02-26 04:10:00	1.05027	1.05029	1.05011	1.05013	176
2025-02-26 04:15:00	1.05014	1.0502	1.05001	1.05006	187
2025-02-26 04:20:00	1.05006	1.05027	1.05004	1.05022	259
2025-02-26 04:25:00	1.05024	1.05039	1.05018	1.05034	261
2025-02-26 04:30:00	1.05033	1.05054	1.05032	1.05047	191
2025-02-26 04:35:00	1.05049	1.0505	1.05025	1.05026	162
2025-02-26 04:40:00	1.05027	1.05028	1.05	1.05007	308
2025-02-26 04:45:00	1.05008	1.05008	1.0499	1.04991	453
2025-02-26 04:50:00	1.04991	1.04992	1.04975	1.04976	332
2025-02-26 04:55:00	1.04975	1.04981	1.04966	1.04971	309
2025-02-26 05:00:00	1.0497	1.04976	1.04956	1.04958	314
2025-02-26 05:05:00	1.04958	1.04979	1.04957	1.04958	551
2025-02-26 05:10:00	1.04957	1.04959	1.0494	1.04942	423
2025-02-26 05:15:00	1.04944	1.04946	1.04928	1.04934	353
2025-02-26 05:20:00	1.04933	1.04953	1.04932	1.04953	342
2025-02-26 05:25:00	1.04952	1.04966	1.04945	1.04958	395
2025-02-26 05:30:00	1.0496	1.04961	1.04924	1.04928	492
2025-02-26 05:35:00	1.04929	1.04929	1.04908	1.04919	529
2025-02-26 05:40:00	1.04918	1.04943	1.04917	1.04922	530
2025-02-26 05:45:00	1.04923	1.04935	1.04922	1.04925	334
2025-02-26 05:50:00	1.04924	1.04925	1.04911	1.04915	595
2025-02-26 05:55:00	1.04913	1.04921	1.04903	1.04912	755
2025-02-26 06:00:00	1.04913	1.04933	1.04912	1.04919	618
2025-02-26 06:05:00	1.04919	1.04927	1.04917	1.04926	210
2025-02-26 06:10:00	1.04927	1.04927	1.04888	1.04888	574
2025-02-26 06:15:00	1.04888	1.04899	1.04886	1.04895	732
2025-02-26 06:20:00	1.04895	1.04895	1.04874	1.04884	440
2025-02-26 06:25:00	1.04883	1.04884	1.04868	1.04881	514
2025-02-26 06:30:00	1.04882	1.04923	1.04881	1.04923	627
2025-02-26 06:35:00	1.04922	1.04941	1.0492	1.04932	789
2025-02-26 06:40:00	1.04933	1.04945	1.0493	1.04938	638
2025-02-26 06:45:00	1.04937	1.04943	1.04913	1.0494	652
2025-02-26 06:50:00	1.04944	1.04949	1.04926	1.04934	668
2025-02-26 06:55:00	1.04934	1.04962	1.0493	1.04942	492
2025-02-26 07:00:00	1.04943	1.0498	1.04935	1.04971	751
2025-02-26 07:05:00	1.0497	1.04999	1.04966	1.04987	609
2025-02-26 07:10:00	1.04986	1.05007	1.0498	1.04984	550
2025-02-26 07:15:00	1.04985	1.04991	1.0497	1.04976	481
2025-02-26 07:20:00	1.04977	1.05005	1.04956	1.04986	518
2025-02-26 07:25:00	1.04986	1.05013	1.04944	1.04975	1067
2025-02-26 07:30:00	1.04972	1.04991	1.04963	1.04979	900
2025-02-26 07:35:00	1.0498	1.04983	1.04925	1.04929	894
2025-02-26 07:40:00	1.04927	1.04968	1.04923	1.04967	667
2025-02-26 07:45:00	1.04967	1.05	1.04951	1.04956	821
2025-02-26 07:50:00	1.04955	1.04975	1.04943	1.04962	480
2025-02-26 07:55:00	1.0496	1.04969	1.04934	1.04938	684
2025-02-26 08:00:00	1.04938	1.04993	1.04913	1.04978	1051
2025-02-26 08:05:00	1.04977	1.05026	1.04976	1.05014	917
2025-02-26 08:10:00	1.05012	1.05029	1.05006	1.05013	820
2025-02-26 08:15:00	1.05013	1.05033	1.05006	1.05032	1308
2025-02-26 08:20:00	1.05035	1.05072	1.05028	1.05072	819
2025-02-26 08:25:00	1.05072	1.05105	1.05068	1.0509	801
2025-02-26 08:30:00	1.05093	1.05113	1.05044	1.05045	1355
2025-02-26 08:35:00	1.05045	1.05066	1.05024	1.05029	634
2025-02-26 08:40:00	1.05029	1.05034	1.04996	1.04999	1058
2025-02-26 08:45:00	1.04999	1.05004	1.04937	1.04947	967
2025-02-26 08:50:00	1.04948	1.04993	1.04942	1.04992	903
2025-02-26 08:55:00	1.04992	1.05027	1.04977	1.05024	814
2025-02-26 09:00:00	1.05024	1.0503	1.04983	1.04987	776
2025-02-26 09:05:00	1.04989	1.05021	1.04988	1.05008	856
2025-02-26 09:10:00	1.0501	1.0501	1.04971	1.04977	1010
2025-02-26 09:15:00	1.04979	1.05002	1.04976	1.04997	677
2025-02-26 09:20:00	1.04998	1.05	1.04975	1.04994	679
2025-02-26 09:25:00	1.04994	1.04994	1.04947	1.04959	824
2025-02-26 09:30:00	1.04958	1.04991	1.04948	1.04973	770
2025-02-26 09:35:00	1.04972	1.04995	1.04953	1.04987	674
2025-02-26 09:40:00	1.04986	1.05004	1.04977	1.04986	759
2025-02-26 09:45:00	1.04987	1.04991	1.04954	1.04971	760
2025-02-26 09:50:00	1.0497	1.04983	1.04959	1.04963	601
2025-02-26 09:55:00	1.0496	1.04981	1.04948	1.04968	824
2025-02-26 10:00:00	1.04968	1.05007	1.04953	1.04998	815
2025-02-26 10:05:00	1.04996	1.04996	1.04952	1.04967	712
2025-02-26 10:10:00	1.04966	1.04966	1.04928	1.04946	707
2025-02-26 10:15:00	1.04946	1.04985	1.04942	1.04968	696
2025-02-26 10:20:00	1.04968	1.04977	1.04938	1.04938	657
2025-02-26 10:25:00	1.04937	1.0495	1.04918	1.0493	692
2025-02-26 10:30:00	1.04929	1.0494	1.0491	1.04935	671
2025-02-26 10:35:00	1.04935	1.04988	1.04935	1.04984	711
2025-02-26 10:40:00	1.04984	1.04994	1.04957	1.04978	716
2025-02-26 10:45:00	1.0498	1.04997	1.04974	1.04979	674
2025-02-26 10:50:00	1.04977	1.05005	1.0497	1.04994	677
2025-02-26 10:55:00	1.04995	1.05004	1.04967	1.04976	470
2025-02-26 11:00:00	1.04975	1.04998	1.04962	1.04984	606
2025-02-26 11:05:00	1.04984	1.05001	1.04972	1.04981	598
2025-02-26 11:10:00	1.04981	1.05008	1.04961	1.05006	586
2025-02-26 11:15:00	1.05007	1.0502	1.04973	1.04973	608
2025-02-26 11:20:00	1.04973	1.04973	1.04927	1.04928	612
2025-02-26 11:25:00	1.04929	1.0495	1.04911	1.04943	471
2025-02-26 11:30:00	1.04945	1.04946	1.04924	1.04929	457
2025-02-26 11:35:00	1.04928	1.04954	1.04927	1.04942	414
2025-02-26 11:40:00	1.0494	1.04945	1.04912	1.04916	458
2025-02-26 11:45:00	1.04916	1.04924	1.04902	1.04903	479
2025-02-26 11:50:00	1.04903	1.04904	1.04865	1.04884	750
2025-02-26 11:55:00	1.04882	1.04919	1.04877	1.04914	556
2025-02-26 12:00:00	1.04914	1.04919	1.0489	1.04895	636
2025-02-26 12:05:00	1.04895	1.04947	1.04886	1.04937	503
2025-02-26 12:10:00	1.04937	1.04938	1.0487	1.04877	724
2025-02-26 12:15:00	1.04877	1.04894	1.04855	1.04877	633
2025-02-26 12:20:00	1.04876	1049	1.0487	1.04894	734
2025-02-26 12:25:00	1.04893	1.04894	1.04862	1.04892	666
2025-02-26 12:30:00	1.04891	1.04917	1.04891	1.04909	568
2025-02-26 12:35:00	1.04912	1.04929	1049	1.04913	526
2025-02-26 12:40:00	1.04913	1.04916	1.04878	1.04881	614
2025-02-26 12:45:00	1.04883	1.04883	1.04832	1.04845	721
2025-02-26 12:50:00	1.04846	1.04849	1.04762	1.04791	1305
2025-02-26 12:55:00	1.0479	1.04793	1.04747	1.04765	1108
2025-02-26 13:00:00	1.04765	1.04845	1.04763	1.04842	966
2025-02-26 13:05:00	1.04842	1.04876	1.04839	1.04864	931
2025-02-26 13:10:00	1.04863	1.04892	1.04844	1.04876	875
2025-02-26 13:15:00	1.04877	1.04894	1.04848	1.04889	815
2025-02-26 13:20:00	1.04891	1.04944	1.04886	1.04933	766
2025-02-26 13:25:00	1.04932	1.04943	1.04905	1.04916	744
2025-02-26 13:30:00	1.04917	1.04919	1.04869	1.04883	920
2025-02-26 13:35:00	1.04881	1.04882	1.04852	1.04858	872
2025-02-26 13:40:00	1.04856	1.04863	1.04835	1.04839	751
2025-02-26 13:45:00	1.0484	1.04867	1.04834	1.04857	793
2025-02-26 13:50:00	1.04858	1.04891	1.04854	1.04858	587
2025-02-26 13:55:00	1.04858	1.04869	1.04813	1.04839	781
2025-02-26 14:00:00	1.0484	1.04849	1.0482	1.0484	908
2025-02-26 14:05:00	1.0484	1.04875	1.04836	1.04867	893
2025-02-26 14:10:00	1.04866	1.04875	1.04827	1.04874	922
2025-02-26 14:15:00	1.04872	1.04885	1.04843	1.04874	773
2025-02-26 14:20:00	1.04873	1.04893	1.0486	1.04869	778
2025-02-26 14:25:00	1.04872	1.04894	1.04847	1.04892	620
2025-02-26 14:30:00	1.04894	1.04918	1.04877	1.04902	992
2025-02-26 14:35:00	1.04903	1.04924	1.04892	1.04893	1060
2025-02-26 14:40:00	1.04893	1.04919	1.04875	1.04913	851
2025-02-26 14:45:00	1.04913	1.04919	1.04887	1.04895	960
2025-02-26 14:50:00	1.04894	1.04922	1.04876	1.04912	956
2025-02-26 14:55:00	1.04911	1.04918	1.04878	1.04895	1127
2025-02-26 15:00:00	1.04895	1.04909	1.04822	1.04836	1335
2025-02-26 15:05:00	1.04837	1.04841	1.04805	1.04817	1082
2025-02-26 15:10:00	1.04817	1.04848	1.0481	1.04844	1316
2025-02-26 15:15:00	1.04846	1.0485	1.04803	1.04818	705
2025-02-26 15:20:00	1.04817	1.04831	1.04791	1.04807	952
2025-02-26 15:25:00	1.0481	1.04956	1.04807	1.04952	1371
2025-02-26 15:30:00	1.04952	1.04998	1.04934	1.04974	1932
2025-02-26 15:35:00	1.04976	1.05015	1.04963	1.04992	1170
2025-02-26 15:40:00	1.04993	1.05017	1.0497	1.04979	894
2025-02-26 15:45:00	1.04978	1.0509	1.04976	1.05042	1293
2025-02-26 15:50:00	1.05041	1.05075	1.05023	1.05058	1216
2025-02-26 15:55:00	1.05056	1.05067	1.05022	1.05058	1606
2025-02-26 16:00:00	1.05061	1.05088	1.05056	1.05062	1490
2025-02-26 16:05:00	1.05063	1.0512	1.05041	1.05102	1111
2025-02-26 16:10:00	1.05102	1.05153	1.05099	1.05101	1023
2025-02-26 16:15:00	1051	1.05109	1.05017	1.05022	1168
2025-02-26 16:20:00	1.05022	1.05088	1.05022	1.05084	845
2025-02-26 16:25:00	1.05085	1.05094	1.05071	1.05088	805
2025-02-26 16:30:00	1.05089	1.05096	1.05068	1.05071	780
2025-02-26 16:35:00	1.05072	1.05125	1.05065	1.05122	580
2025-02-26 16:40:00	1.05122	1.05143	1.05111	1.05119	883
2025-02-26 16:45:00	1.05119	1.05135	1.05111	1.05118	811
2025-02-26 16:50:00	1.05118	1.05136	1.0511	1.05122	1003
2025-02-26 16:55:00	1.05122	1.05146	1.05118	1.05135	1220
2025-02-26 17:00:00	1.05133	1.05171	1.05121	1.05146	886
2025-02-26 17:05:00	1.05147	1.05172	1.05137	1.05172	832
2025-02-26 17:10:00	1.05173	1.05182	1.05121	1.05139	1213
2025-02-26 17:15:00	1.05139	1.05152	1.05056	1.05127	1917
2025-02-26 17:20:00	1.05128	1.05167	1.05105	1.05126	1438
2025-02-26 17:25:00	1.05129	1.05242	1.05091	1.05233	1821
2025-02-26 17:30:00	1.0523	1.05287	1.04954	1.04994	4061
2025-02-26 17:35:00	1.04995	1.05001	1.04895	1.0494	2331
2025-02-26 17:40:00	1.0494	1.05071	1.04933	1.04982	1602
2025-02-26 17:45:00	1.04982	1.04982	1.04911	1.04931	1206
2025-02-26 17:50:00	1.04934	1.04946	1.0483	1.04877	1647
2025-02-26 17:55:00	1.04878	1.04935	1.04868	1.04921	813
2025-02-26 18:00:00	1.04922	1.04979	1.04906	1.04979	1618
2025-02-26 18:05:00	1.0498	1.04999	1.04942	1.04997	1584
2025-02-26 18:10:00	1.04998	1.04999	1.04935	1.04937	1369
2025-02-26 18:15:00	1.04936	1.04982	1.04927	1.04972	1391
2025-02-26 18:20:00	1.04969	1.04984	1.04953	1.0497	1375
2025-02-26 18:25:00	1.04972	1.05002	1.04971	1.04972	1590
2025-02-26 18:30:00	1.04972	1.04986	1.04957	1.04978	1247
2025-02-26 18:35:00	1.04978	1.04996	1.04954	1.04954	1034
2025-02-26 18:40:00	1.04956	1.04989	1.04947	1.04978	1048
2025-02-26 18:45:00	1.04976	1.0498	1.04907	1.04917	989
2025-02-26 18:50:00	1.04918	1.04924	1.04888	1.04899	817
2025-02-26 18:55:00	1.04899	1049	1.04848	1.04879	722
2025-02-26 19:00:00	1.0488	1.04883	1.0483	1.04833	921
2025-02-26 19:05:00	1.04833	1.04861	1.04819	1.04839	918
2025-02-26 19:10:00	1.04837	1.04858	1.04824	1.04852	785
2025-02-26 19:15:00	1.04855	1.04878	1.04841	1.0487	1119
2025-02-26 19:20:00	1.0487	1.04878	1.0484	1.04864	602
2025-02-26 19:25:00	1.04864	1.04868	1.04847	1.0486	751
2025-02-26 19:30:00	1.04859	1.04888	1.04856	1.04862	740
2025-02-26 19:35:00	1.04862	1.04904	1.04857	1.04896	740
2025-02-26 19:40:00	1.04899	1.04911	1.04893	1.04906	582
2025-02-26 19:45:00	1.04905	1.04931	1.04897	1.04927	431
2025-02-26 19:50:00	1.04927	1.04932	1.04899	1.04916	586
2025-02-26 19:55:00	1.04914	1.04925	1.04907	1.04908	555
2025-02-26 20:00:00	1.04908	1.04909	1.04868	1.0487	475
2025-02-26 20:05:00	1.04871	1.04882	1.04857	1.04857	570
2025-02-26 20:10:00	1.04859	1.04873	1.04836	1.04842	734
2025-02-26 20:15:00	1.04844	1.04847	1.04826	1.04833	643
2025-02-26 20:20:00	1.04835	1.04836	1.04806	1.04817	500
2025-02-26 20:25:00	1.04818	1.04841	1.04816	1.04834	406
2025-02-26 20:30:00	1.04833	1.04859	1.0483	1.04858	242
2025-02-26 20:35:00	1.04854	1.0487	1.04853	1.0486	390
2025-02-26 20:40:00	1.0486	1.04871	1.04852	1.04866	300
2025-02-26 20:45:00	1.04867	1.04876	1.04862	1.04876	454
2025-02-26 20:50:00	1.04874	1.04877	1.0486	1.04863	463
2025-02-26 20:55:00	1.04862	1.04871	1.04852	1.0486	232
2025-02-26 21:00:00	1.0486	1.04878	1.04848	1.0486	284
2025-02-26 21:05:00	1.04858	1.04868	1.0485	1.0485	263
2025-02-26 21:10:00	1.0485	1.04861	1.04826	1.04832	448
2025-02-26 21:15:00	1.04833	1.04842	1.0482	1.04831	239
2025-02-26 21:20:00	1.04831	1.04832	1.04811	1.04814	398
2025-02-26 21:25:00	1.04812	1.04815	1.04796	1.04798	290
2025-02-26 21:30:00	1.04799	1.04804	1.04784	1.04797	184
2025-02-26 21:35:00	1048	1.04817	1.04796	1.04814	55
2025-02-26 21:40:00	1.04814	1.04821	1048	1.04808	128
2025-02-26 21:45:00	1.04807	1.04836	1.04807	1.04834	115
2025-02-26 21:50:00	1.04831	1.04831	1.04818	1.04828	94
2025-02-26 21:55:00	1.04829	1.04848	1.04824	1.04844	339
2025-02-26 22:00:00	1.04843	1.04843	1.04782	1.04807	18
2025-02-26 22:05:00	1.04814	1.04838	1.04814	1.04819	63
2025-02-26 22:10:00	1.04825	1.04838	1.04823	1.04824	413
2025-02-26 22:15:00	1.04825	1.04829	1.04824	1.04827	242
2025-02-26 22:20:00	1.04825	1.04851	1.04825	1.04851	223
2025-02-26 22:25:00	1.0485	1.04852	1.04849	1.04851	55
2025-02-26 22:30:00	1.0485	1.04854	1.0485	1.04852	32
2025-02-26 22:35:00	1.04852	1.04861	1.04852	1.04861	32
2025-02-26 22:40:00	1.0486	1.04868	1.04858	1.04868	78
2025-02-26 22:45:00	1.04866	1.04872	1.04865	1.04869	164
2025-02-26 22:50:00	1.04871	1.04873	1.04865	1.04867	89
2025-02-26 22:55:00	1.04866	1.04871	1.0486	1.04865	162
2025-02-26 23:00:00	1.04869	1.04874	1.04856	1.04874	180
2025-02-26 23:05:00	1.04875	1.04888	1.04873	1.04882	125
2025-02-26 23:10:00	1.04884	1.04896	1.04881	1.04896	232
2025-02-26 23:15:00	1.04895	1.04908	1.04892	1.04906	159
2025-02-26 23:20:00	1.04907	1.04915	1.04907	1.04911	100
2025-02-26 23:25:00	1.04913	1.04922	1.04911	1.04921	149
2025-02-26 23:30:00	1.0492	1.04922	1.04892	1.04902	149
2025-02-26 23:35:00	1.04901	1.04909	1.04899	1.04903	33
2025-02-26 23:40:00	1.04904	1.04911	1.04902	1.04904	37
2025-02-26 23:45:00	1.04907	1.0491	1.04894	1.04896	85
2025-02-26 23:50:00	1.04895	1.04899	1.04889	1.04895	103
2025-02-26 23:55:00	1.04895	1.04898	1.04873	1.04876	64
2025-02-27 00:00:00	1.04877	1.04878	1.04838	1.04845	531
2025-02-27 00:05:00	1.04846	1.04847	1048	1.04827	487
2025-02-27 00:10:00	1.04825	1.0483	1.04817	1.04819	225
2025-02-27 00:15:00	1.04821	1.04855	1.04821	1.0485	204
2025-02-27 00:20:00	1.04848	1.04859	1.04836	1.04841	248
2025-02-27 00:25:00	1.04842	1.04854	1.0484	1.04842	150
2025-02-27 00:30:00	1.04842	1.04856	1.04811	1.04832	519
2025-02-27 00:35:00	1.04832	1.04832	1.04813	1.04814	382
2025-02-27 00:40:00	1.04813	1.04824	1.04807	1.04815	108
2025-02-27 00:45:00	1.04813	1.04823	1.04804	1.04806	185
2025-02-27 00:50:00	1.04808	1.04811	1.04789	1.04794	339
2025-02-27 00:55:00	1.04796	1.04804	1.04766	1.04771	522
2025-02-27 01:00:00	1.04773	1.04774	1.04734	1.04736	672
2025-02-27 01:05:00	1.04738	1.04747	1.04726	1.04746	845
2025-02-27 01:10:00	1.04745	1.04783	1.04743	1.04782	367
2025-02-27 01:15:00	1.04784	1.04789	1.04772	1.04785	550
2025-02-27 01:20:00	1.04787	1.04789	1.04765	1.04769	245
2025-02-27 01:25:00	1.04768	1.04781	1.04765	1.04765	330
2025-02-27 01:30:00	1.04767	1.04793	1.04765	1.04787	506
2025-02-27 01:35:00	1.04788	1.04796	1.04783	1.04795	386
2025-02-27 01:40:00	1.04793	1.04814	1.04788	1.04804	228
2025-02-27 01:45:00	1.04806	1.04831	1.04806	1.04823	426
2025-02-27 01:50:00	1.04823	1.04827	1.04792	1.04792	560
2025-02-27 01:55:00	1.04791	1.04791	1.04775	1.0478	791
2025-02-27 02:00:00	1.04782	1.04804	1.0478	1.04801	846
2025-02-27 02:05:00	1.04801	1.04802	1.04754	1.04776	757
2025-02-27 02:10:00	1.04776	1.04783	1.04743	1.04745	410
2025-02-27 02:15:00	1.04747	1.04753	1.04727	1.04731	726
2025-02-27 02:20:00	1.0473	1.04746	1.04727	1.04737	633
2025-02-27 02:25:00	1.04739	1.04747	1.04723	1.0473	1086
2025-02-27 02:30:00	1.04729	1.04757	1.04726	1.04733	1107
2025-02-27 02:35:00	1.04732	1.04738	1.0472	1.04723	454
2025-02-27 02:40:00	1.04722	1.04749	1.04722	1.04734	512
2025-02-27 02:45:00	1.04733	1.04737	1.04726	1.04731	422
2025-02-27 02:50:00	1.04731	1.04731	1.04716	1.04716	552
2025-02-27 02:55:00	1.04716	1.04716	1.04701	1.04707	798
2025-02-27 03:00:00	1.0471	1.04726	1.04707	1.04722	470
2025-02-27 03:05:00	1.04724	1.04731	1.0472	1.04724	195
2025-02-27 03:10:00	1.04726	1.04727	1.04719	1.04724	441
2025-02-27 03:15:00	1.04723	1.04726	1.04714	1.04718	675
2025-02-27 03:20:00	1.04717	1.04724	1.04714	1.04718	318
2025-02-27 03:25:00	1.0472	1.04741	1.04719	1.0474	325
2025-02-27 03:30:00	1.04741	1.04743	1.04723	1.04725	413
2025-02-27 03:35:00	1.04725	1.04734	1.0471	1.0471	378
2025-02-27 03:40:00	1.04709	1.0472	1.04709	1.04718	347
2025-02-27 03:45:00	1.04718	1.0472	1.04671	1.04676	349
2025-02-27 03:50:00	1.04678	1.04687	1.04647	1.04684	583
2025-02-27 03:55:00	1.04684	1.04689	1.04648	1.04656	388
2025-02-27 04:00:00	1.04656	1.04659	1.04639	1.04656	507
2025-02-27 04:05:00	1.04655	1.04683	1.04655	1.04664	511
2025-02-27 04:10:00	1.04663	1.04686	1.04658	1.04683	373
2025-02-27 04:15:00	1.04684	1.04694	1.04675	1.04675	217
2025-02-27 04:20:00	1.04677	1.04683	1.0466	1.04667	496
2025-02-27 04:25:00	1.04668	1.04673	1.0465	1.04655	653
2025-02-27 04:30:00	1.04653	1.04657	1.04624	1.04624	472
2025-02-27 04:35:00	1.04624	1.04632	1.04603	1.04624	1000
2025-02-27 04:40:00	1.04627	1.04642	1.04618	1.04628	247
2025-02-27 04:45:00	1.04629	1.0463	1046	1.0461	268
2025-02-27 04:50:00	1.04609	1.04615	1.04589	1.0459	384
2025-02-27 04:55:00	1.0459	1.04629	1.04589	1.04626	729
2025-02-27 05:00:00	1.04628	1.04645	1.04618	1.04644	430
2025-02-27 05:05:00	1.04644	1.04647	1.04636	1.04645	504
2025-02-27 05:10:00	1.04646	1.0465	1.04624	1.0463	444
2025-02-27 05:15:00	1.04632	1.0464	1.0462	1.04621	131
2025-02-27 05:20:00	1.04621	1.04644	1.04617	1.0463	472
2025-02-27 05:25:00	1.04631	1.04639	1.04618	1.0462	517
2025-02-27 05:30:00	1.0462	1.04639	1.04613	1.04639	306
2025-02-27 05:35:00	1.04639	1.0464	1.04631	1.04633	298
2025-02-27 05:40:00	1.04633	1.04651	1.04626	1.0464	590
2025-02-27 05:45:00	1.0464	1.04641	1.04624	1.04627	394
2025-02-27 05:50:00	1.04627	1.04653	1.04623	1.04644	492
2025-02-27 05:55:00	1.04645	1.04652	1.04634	1.04649	482
2025-02-27 06:00:00	1.04648	1.04667	1.04646	1.04664	456
2025-02-27 06:05:00	1.0467	1.0468	1.04664	1.04671	358
2025-02-27 06:10:00	1.04667	1.04668	1.04639	1.04658	471
2025-02-27 06:15:00	1.04657	1.04675	1.04655	1.04665	296
2025-02-27 06:20:00	1.04665	1.04668	1.04645	1.04649	460
2025-02-27 06:25:00	1.04648	1.04676	1.04644	1.04671	797
2025-02-27 06:30:00	1.04669	1.04703	1.04661	1.04699	638
2025-02-27 06:35:00	1.04698	1.04703	1.04684	1.04692	392
2025-02-27 06:40:00	1.04692	1.04713	1.04687	1.04712	503
2025-02-27 06:45:00	1.04712	1.04726	1.04704	1.04724	302
2025-02-27 06:50:00	1.04722	1.04723	1.04703	1.04704	630
2025-02-27 06:55:00	1.04704	1.04729	1.04704	1.04715	560
2025-02-27 07:00:00	1.04716	1.04719	1.04693	1.04716	566
2025-02-27 07:05:00	1.04716	1.0473	1.04689	1.04704	411
2025-02-27 07:10:00	1.04703	1.04715	1.04683	1.04697	603
2025-02-27 07:15:00	1.04698	1.04709	1.0469	1.04703	357
2025-02-27 07:20:00	1.04704	1.04733	1.04698	1.04702	507
2025-02-27 07:25:00	1.04703	1.04737	1.04695	1.04733	728
2025-02-27 07:30:00	1.04733	1.04745	1.04714	1.04735	498
2025-02-27 07:35:00	1.04736	1.04752	1.04718	1.04747	524
2025-02-27 07:40:00	1.04746	1.04771	1.04745	1.04759	459
2025-02-27 07:45:00	1.04763	1.04789	1.04759	1.04785	342
2025-02-27 07:50:00	1.04786	1.04798	1.04778	1.04796	494
2025-02-27 07:55:00	1.04798	1048	1.04746	1.0475	639
2025-02-27 08:00:00	1.04752	1.04767	1.04737	1.04738	1001
2025-02-27 08:05:00	1.04739	1.04759	1.04725	1.04729	800
2025-02-27 08:10:00	1.04729	1.04772	1.04706	1.04766	758
2025-02-27 08:15:00	1.04764	1.04799	1.04737	1.04773	776
2025-02-27 08:20:00	1.04773	1.04802	1.04755	1.04755	854
2025-02-27 08:25:00	1.04752	1.04755	1.04702	1.0471	1141
2025-02-27 08:30:00	1.04709	1.04739	1.04703	1.04712	1099
2025-02-27 08:35:00	1.04714	1.04744	1.04702	1.04729	717
2025-02-27 08:40:00	1.04728	1.04736	1.04708	1.04733	755
2025-02-27 08:45:00	1.04734	1.04759	1.04722	1.04756	714
2025-02-27 08:50:00	1.04756	1.04783	1.04754	1.04774	612
2025-02-27 08:55:00	1.04772	1.04783	1.04755	1.04782	614
2025-02-27 09:00:00	1.04784	1.04795	1.0475	1.04775	814
2025-02-27 09:05:00	1.04777	1.04798	1.04775	1.0478	582
2025-02-27 09:10:00	1.04781	1.0482	1.04769	1.04818	677
2025-02-27 09:15:00	1.04817	1.0482	1.04783	1.04787	664
2025-02-27 09:20:00	1.04787	1.04791	1.04762	1.04782	747
2025-02-27 09:25:00	1.04782	1.04786	1.04761	1.04776	679
2025-02-27 09:30:00	1.04777	1.04792	1.04758	1.04763	518
2025-02-27 09:35:00	1.04763	1.04784	1.04761	1.04781	396
2025-02-27 09:40:00	1.04781	1.04798	1.04764	1.04793	464
2025-02-27 09:45:00	1.04794	1.04805	1.04779	1.04801	474
2025-02-27 09:50:00	1.04803	1.04841	1.04797	1.04826	569
2025-02-27 09:55:00	1.04825	1.04851	1.04818	1.04841	483
2025-02-27 10:00:00	1.0484	1.04842	1.04802	1.04815	646
2025-02-27 10:05:00	1.04813	1.04815	1.04767	1.04781	885
2025-02-27 10:10:00	1.04784	1.04795	1.0477	1.04771	569
2025-02-27 10:15:00	1.04773	1.04787	1.04744	1.04744	558
2025-02-27 10:20:00	1.04743	1.04769	1.0474	1.04753	610
2025-02-27 10:25:00	1.04755	1.04759	1.04742	1.04751	400
2025-02-27 10:30:00	1.04748	1.04763	1.04738	1.0476	511
2025-02-27 10:35:00	1.04762	1.0477	1.04739	1.04744	637
2025-02-27 10:40:00	1.04744	1.0476	1.04737	1.0476	420
2025-02-27 10:45:00	1.0476	1.04779	1.04743	1.04779	432
2025-02-27 10:50:00	1.04778	1.04805	1.04777	1.04782	450
2025-02-27 10:55:00	1.04783	1.04815	1.04775	1.04814	611
2025-02-27 11:00:00	1.04814	1.04871	1.04804	1.04858	567
2025-02-27 11:05:00	1.04859	1.04865	1.04842	1.04853	446
2025-02-27 11:10:00	1.04858	1.04871	1.04852	1.04853	469
2025-02-27 11:15:00	1.04855	1.04856	1.04786	1.04804	912
2025-02-27 11:20:00	1.04804	1.04804	1.04785	1.04792	517
2025-02-27 11:25:00	1.04791	1.04791	1.04767	1.04774	402
2025-02-27 11:30:00	1.04775	1.04803	1.04773	1.04787	594
2025-02-27 11:35:00	1.04787	1.04798	1.04778	1.04794	483
2025-02-27 11:40:00	1.04795	1.04796	1.04783	1.04788	455
2025-02-27 11:45:00	1.04788	1.04823	1.04784	1.0481	548
2025-02-27 11:50:00	1.04808	1.04824	1.04797	1.04797	620
2025-02-27 11:55:00	1.04797	1.04802	1.04757	1.04757	817
2025-02-27 12:00:00	1.04756	1.0478	1.04729	1.04774	912
2025-02-27 12:05:00	1.04776	1.04781	1.04762	1.04772	775
2025-02-27 12:10:00	1.04774	1.04779	1.0474	1.04748	587
2025-02-27 12:15:00	1.04747	1.04798	1.04738	1.04795	648
2025-02-27 12:20:00	1.04797	1.04805	1.04784	1.04788	506
2025-02-27 12:25:00	1.04787	1.04787	1.04761	1.04775	572
2025-02-27 12:30:00	1.04774	1.04825	1.04766	1.04824	554
2025-02-27 12:35:00	1.04825	1.04839	1.04799	1.04816	731
2025-02-27 12:40:00	1.04817	1.04837	1.04801	1.04809	1148
2025-02-27 12:45:00	1.04808	1.04817	1.04788	1.04804	836
2025-02-27 12:50:00	1.04803	1.04805	1.04774	1.04783	1140
2025-02-27 12:55:00	1.04782	1.0479	1.04755	1.04763	1126
2025-02-27 13:00:00	1.04763	1.04792	1.04761	1.04785	1015
2025-02-27 13:05:00	1.04784	1.04784	1.04748	1.04768	972
2025-02-27 13:10:00	1.04768	1.04772	1.04736	1.04759	961
2025-02-27 13:15:00	1.04758	1.04805	1.04758	1.04785	686
2025-02-27 13:20:00	1.04785	1.04804	1.04761	1.04774	751
2025-02-27 13:25:00	1.04775	1.04807	1.04768	1.04791	708
2025-02-27 13:30:00	1.04819	1.04893	1.04726	1.04749	2320
2025-02-27 13:35:00	1.0475	1.0475	1.04652	1.04661	1581
2025-02-27 13:40:00	1.0466	1.04675	1.04579	1.04594	1252
2025-02-27 13:45:00	1.04592	1.04644	1.04435	1.04456	3383
2025-02-27 13:50:00	1.04456	1.04482	1.04333	1.04368	3008
2025-02-27 13:55:00	1.04367	1.04375	1.0419	1.04232	2879
2025-02-27 14:00:00	1.04231	1.04369	1.04204	1.0433	2444
2025-02-27 14:05:00	1.04329	1.04361	1.04252	1.0433	1621
2025-02-27 14:10:00	1.0433	1.04374	1.04319	1.04338	1141
2025-02-27 14:15:00	1.04339	1.04416	1.04339	1044	1059
2025-02-27 14:20:00	1.04401	1.04405	1.04349	1.04381	1210
2025-02-27 14:25:00	1.0438	1.04382	1.04319	1.04359	1050
2025-02-27 14:30:00	1.04361	1.0437	1.04279	1.04285	1622
2025-02-27 14:35:00	1.04284	1.04292	1.04221	1.04237	1302
2025-02-27 14:40:00	1.04238	1.04257	1.04202	1.04209	1377
2025-02-27 14:45:00	1.04211	1.04273	1.04199	1.04211	1326
2025-02-27 14:50:00	1.04212	1.0423	1.04157	1.0416	1313
2025-02-27 14:55:00	1.0416	1.04199	1.04139	1.04198	1391
2025-02-27 15:00:00	1.04197	1.04257	1.04193	1.04244	1611
2025-02-27 15:05:00	1.04243	1.04258	1.04125	1.04127	2118
2025-02-27 15:10:00	1.04127	1.04155	1.04107	1.0413	1911
2025-02-27 15:15:00	1.0413	1.04165	1.04111	1.04125	1418
2025-02-27 15:20:00	1.04124	1.04276	1.0412	1.04276	1568
2025-02-27 15:25:00	1.04274	1.04276	1.04199	1.04203	1440
2025-02-27 15:30:00	1.04203	1.04219	1.04177	1.04179	1398
2025-02-27 15:35:00	1.04176	1.04197	1.04149	1.04168	1411
2025-02-27 15:40:00	1.04168	1.04197	1.04152	1.04162	1452
2025-02-27 15:45:00	1.0416	1.04169	1.04137	1.04138	1428
2025-02-27 15:50:00	1.04137	1.04137	1.04096	1.04104	1882
2025-02-27 15:55:00	1.04104	1.0415	1.04093	1.04148	1575
2025-02-27 16:00:00	1.04149	1.04155	1.04069	1.04077	1601
2025-02-27 16:05:00	1.04077	1.0408	1.04049	1.04058	1079
2025-02-27 16:10:00	1.04057	1.04088	1.04042	1.04059	1195
2025-02-27 16:15:00	1.04058	1.04097	1.04057	1.04074	1596
2025-02-27 16:20:00	1.04072	1.04082	1.04051	1.0406	1400
2025-02-27 16:25:00	1.0406	1.0407	1.04032	1.04065	1539
2025-02-27 16:30:00	1.04065	1.04087	1.04031	1.04076	1419
2025-02-27 16:35:00	1.04076	1.04146	1.04074	1.04134	1352
2025-02-27 16:40:00	1.04136	1.04157	1.04136	1.04149	1404
2025-02-27 16:45:00	1.04149	1.0416	1.04121	1.04136	1029
2025-02-27 16:50:00	1.04135	1.04146	1.04099	1.04129	821
2025-02-27 16:55:00	1.04128	1.04141	1.04103	1.04134	809
2025-02-27 17:00:00	1.04136	1.04179	1.04128	1.04163	729
2025-02-27 17:05:00	1.04163	1.04164	1.04108	1.04112	686
2025-02-27 17:10:00	1.0411	1.0414	1.04106	1.0414	812
2025-02-27 17:15:00	1.0414	1.04154	1.04123	1.04123	447
2025-02-27 17:20:00	1.04123	1.04144	1.04106	1.04134	580
2025-02-27 17:25:00	1.04134	1.04138	1.04107	1.04109	618
2025-02-27 17:30:00	1.04109	1.04115	1.04076	1.04076	892
2025-02-27 17:35:00	1.04075	1.04097	1.04061	1.04061	662
2025-02-27 17:40:00	1.04061	1.04067	1.04023	1.04033	744
2025-02-27 17:45:00	1.04035	1.04057	1.04001	1.04028	664
2025-02-27 17:50:00	1.04028	1.04053	1.04025	1.04048	670
2025-02-27 17:55:00	1.04049	1.04079	1.04028	1.04071	892
2025-02-27 18:00:00	1.04072	1.04114	1.04072	1.04099	679
2025-02-27 18:05:00	1.04098	1.04119	1.04076	1.04098	657
2025-02-27 18:10:00	1041	1.04103	1.04079	1.04099	314
2025-02-27 18:15:00	1.04098	1.04134	1.04095	1.04127	422
2025-02-27 18:20:00	1.04128	1.04143	1.0412	1.04143	622
2025-02-27 18:25:00	1.04142	1.04156	1.04135	1.04141	455
2025-02-27 18:30:00	1.04141	1.04155	1.04128	1.04133	359
2025-02-27 18:35:00	1.04134	1.04151	1.04131	1.04151	391
2025-02-27 18:40:00	1.0415	1.04154	1.04124	1.04132	429
2025-02-27 18:45:00	1.04131	1.04145	1.04126	1.0413	354
2025-02-27 18:50:00	1.04131	1.04141	1.04119	1.0413	333
2025-02-27 18:55:00	1.0413	1.04174	1.04129	1.04171	660
2025-02-27 19:00:00	1.04171	1.04176	1.04135	1.04139	539
2025-02-27 19:05:00	1.04139	1.04146	1.04127	1.04129	328
2025-02-27 19:10:00	1.04128	1.0414	1.04115	1.04119	415
2025-02-27 19:15:00	1.04118	1.04122	1.04103	1.04108	455
2025-02-27 19:20:00	1.0411	1.04122	1.04104	1.04118	461
2025-02-27 19:25:00	1.04118	1.04119	1.04099	1.04099	426
2025-02-27 19:30:00	1041	1041	1.0405	1.04054	692
2025-02-27 19:35:00	1.04055	1.0407	1.04041	1.04051	1011
2025-02-27 19:40:00	1.0405	1.0406	1.04031	1.04056	841
2025-02-27 19:45:00	1.04055	1.04066	1.04041	1.0405	702
2025-02-27 19:50:00	1.04053	1.04067	1.04038	1.04044	437
2025-02-27 19:55:00	1.04045	1.0406	1.04033	1.04042	451
2025-02-27 20:00:00	1.04043	1.04079	1.04039	1.04075	405
2025-02-27 20:05:00	1.04078	1.04082	1.04037	1.04037	295
2025-02-27 20:10:00	1.04039	1.04047	1.04027	1.04043	443
2025-02-27 20:15:00	1.04043	1.04049	1.04024	1.04029	540
2025-02-27 20:20:00	1.04029	1.0405	1.04024	1.04043	495
2025-02-27 20:25:00	1.04044	1.04051	1.04019	1.04029	392
2025-02-27 20:30:00	1.04027	1.04034	1.04021	1.04026	540
2025-02-27 20:35:00	1.04028	1.0405	1.04022	1.04023	419
2025-02-27 20:40:00	1.04023	1.04039	1.04018	1.04035	344
2025-02-27 20:45:00	1.04036	1.04044	1.04027	1.04032	488
2025-02-27 20:50:00	1.04032	1.0404	1.04013	1.04023	324
2025-02-27 20:55:00	1.04023	1.04062	1.04013	1.04051	303
2025-02-27 21:00:00	1.0405	1.04052	1.04006	1.04006	367
2025-02-27 21:05:00	1.04006	1.04014	1.03998	1.0401	330
2025-02-27 21:10:00	1.04008	1.0402	1.04004	1.04009	282
2025-02-27 21:15:00	1.04007	1.04019	1.04005	1.04009	188
2025-02-27 21:20:00	1.04008	1.04011	1.03992	1.03992	120
2025-02-27 21:25:00	1.03993	1.03995	1.03977	1.03979	129
2025-02-27 21:30:00	1.03978	1.03993	1.03973	1.03991	117
2025-02-27 21:35:00	1.03991	1.03996	1.03977	1.03978	193
2025-02-27 21:40:00	1.03978	1.03986	1.0397	1.03978	146
2025-02-27 21:45:00	1.03979	1.03985	1.03973	1.03979	398
2025-02-27 21:50:00	1.03977	1.03984	1.03966	1.0397	511
2025-02-27 21:55:00	1.03969	1.03983	1.03968	1.03978	491
2025-02-27 22:00:00	1.03974	1.0399	1.03974	1.03976	26
2025-02-27 22:05:00	1.03976	1.03983	1.03975	1.03976	31
2025-02-27 22:10:00	1.03976	1.03976	1.03959	1.03971	12
2025-02-27 22:15:00	1.03971	1.03971	1.03971	1.03971	15
2025-02-27 22:20:00	1.03971	1.03971	1.03967	1.03967	5
2025-02-27 22:25:00	1.03967	1.03973	1.03967	1.03967	19
2025-02-27 22:30:00	1.03967	1.03967	1.03965	1.03965	18
2025-02-27 22:35:00	1.03965	1.03965	1.03957	1.03965	44
2025-02-27 22:40:00	1.03965	1.03966	1.03937	1.03942	106
2025-02-27 22:45:00	1.0394	1.03945	1.03929	1.03931	114
2025-02-27 22:50:00	1.03931	1.03945	1.03913	1.03913	175
2025-02-27 22:55:00	1.03913	1.03953	1.03882	1.0394	678
2025-02-27 23:00:00	1.03941	1.03962	1.03921	1.03957	330
2025-02-27 23:05:00	1.03957	1.03982	1.03947	1.03973	130
2025-02-27 23:10:00	1.03974	1.04001	1.0397	1.03992	158
2025-02-27 23:15:00	1.03994	1.03996	1.03982	1.03991	123
2025-02-27 23:20:00	1.03992	1.04	1.03984	1.03984	70
2025-02-27 23:25:00	1.03984	1.03992	1.03984	1.03986	59
2025-02-27 23:30:00	1.03987	1.03987	1.03967	1.03973	217
2025-02-27 23:35:00	1.03974	1.03981	1.03951	1.03972	187
2025-02-27 23:40:00	1.03971	1.03975	1.03957	1.03958	93
2025-02-27 23:45:00	1.0396	1.03965	1.03956	1.03959	74
2025-02-27 23:50:00	1.03961	1.03964	1.03957	1.03961	89
2025-02-27 23:55:00	1.0396	1.0396	1.03932	1.03936	235
2025-02-28 00:00:00	1.03936	1.03958	1.03936	1.03953	435
2025-02-28 00:05:00	1.03954	1.03963	1.03948	1.03953	343
2025-02-28 00:10:00	1.03951	1.03961	1.03949	1.03954	294
2025-02-28 00:15:00	1.03955	1.0398	1.03952	1.03978	273
2025-02-28 00:20:00	1.03977	1.04005	1.03977	1.04003	452
2025-02-28 00:25:00	1.04003	1.04016	1.03993	1.03996	527
2025-02-28 00:30:00	1.03994	1.04008	1.03989	1.03996	369
2025-02-28 00:35:00	1.03997	1.04014	1.0399	1.04014	352
2025-02-28 00:40:00	1.04014	1.04017	1.03988	1.03989	306
2025-02-28 00:45:00	1.03987	1.03991	1.03978	1.03983	320
2025-02-28 00:50:00	1.03985	1.04001	1.03982	1.03995	432
2025-02-28 00:55:00	1.03994	1.04027	1.03982	1.04023	355
2025-02-28 01:00:00	1.04024	1.04042	1.04013	1.0403	530
2025-02-28 01:05:00	1.04028	1.0404	1.03998	1.04003	570
2025-02-28 01:10:00	1.04004	1.04012	1.03981	1.03992	465
2025-02-28 01:15:00	1.03992	1.04009	1.03991	1.04	636
2025-02-28 01:20:00	1.03999	1.04019	1.03999	1.04008	529
2025-02-28 01:25:00	1.04009	1.04015	1.03974	1.03979	670
2025-02-28 01:30:00	1.0398	1.0398	1.03907	1.03948	1444
2025-02-28 01:35:00	1.03947	1.03948	1.03881	1.03901	1004
2025-02-28 01:40:00	1.03901	1.03929	1.03894	1.03926	614
2025-02-28 01:45:00	1.03927	1.0393	1.03912	1.0392	806
2025-02-28 01:50:00	1.03921	1.03924	1.03865	1.03869	737
2025-02-28 01:55:00	1.03869	1.03881	1.03843	1.03848	1045
2025-02-28 02:00:00	1.03848	1039	1.03846	1.03898	880
2025-02-28 02:05:00	1.03897	1.03915	1.03889	1.03899	668
2025-02-28 02:10:00	1.03901	1.03901	1.03833	1.03834	462
2025-02-28 02:15:00	1.03833	1.03854	1.03802	1.03854	714
2025-02-28 02:20:00	1.03854	1.03886	1.03828	1.03884	377
2025-02-28 02:25:00	1.03882	1.03896	1.03878	1.03894	456
2025-02-28 02:30:00	1.03892	1.03904	1.03876	1.0388	482
2025-02-28 02:35:00	1.0388	1.03899	1.03862	1.03877	891
2025-02-28 02:40:00	1.03876	1.03877	1.0385	1.03851	756
2025-02-28 02:45:00	1.03852	1.03857	1.03821	1.03832	580
2025-02-28 02:50:00	1.03833	1.03853	1.03833	1.03844	534
2025-02-28 02:55:00	1.03843	1.03854	1.03822	1.03822	335
2025-02-28 03:00:00	1.03823	1.03833	1.03811	1.03827	542
2025-02-28 03:05:00	1.03828	1.03849	1.03826	1.03829	219
2025-02-28 03:10:00	1.03831	1.03866	1.0383	1.03859	262
2025-02-28 03:15:00	1.03857	1.03858	1.03827	1.03841	435
2025-02-28 03:20:00	1.03842	1.03859	1.03827	1.03859	403
2025-02-28 03:25:00	1.03859	1.03883	1.03856	1.03878	458
2025-02-28 03:30:00	1.03883	1.03894	1.0387	1.03882	449
2025-02-28 03:35:00	1.03882	1.03884	1.03861	1.03877	493
2025-02-28 03:40:00	1.03876	1.03883	1.0386	1.03875	280
2025-02-28 03:45:00	1.03873	1.03889	1.03868	1.03877	638
2025-02-28 03:50:00	1.03878	1.03888	1.03877	1.0388	761
2025-02-28 03:55:00	1.03882	1.03887	1.03875	1.03882	289
2025-02-28 04:00:00	1.03882	1.0389	1.03877	1.0389	352
2025-02-28 04:05:00	1.03889	1.03889	1.03878	1.03884	299
2025-02-28 04:10:00	1.03883	1.03889	1.03871	1.0388	342
2025-02-28 04:15:00	1.0388	1.03888	1.03873	1.03887	208
2025-02-28 04:20:00	1.03886	1.03899	1.03878	1.03896	321
2025-02-28 04:25:00	1.03895	1.03899	1.03883	1.03888	291
2025-02-28 04:30:00	1.03888	1.03895	1.03883	1.03888	290
2025-02-28 04:35:00	1.03888	1.03907	1.03888	1.03902	281
2025-02-28 04:40:00	1.03901	1.03903	1.03879	1.0388	350
2025-02-28 04:45:00	1.03879	1.03886	1.03876	1.03878	168
2025-02-28 04:50:00	1.03877	1.03887	1.03873	1.03879	189
2025-02-28 04:55:00	1.03879	1.03884	1.03859	1.03864	443
2025-02-28 05:00:00	1.03866	1.03884	1.0386	1.03879	470
2025-02-28 05:05:00	1.0388	1.03884	1.03855	1.03862	536
2025-02-28 05:10:00	1.0386	1.03863	1.03841	1.03849	648
2025-02-28 05:15:00	1.0385	1.03868	1.0385	1.03865	384
2025-02-28 05:20:00	1.03864	1.03889	1.03864	1.03885	333
2025-02-28 05:25:00	1.03886	1.0389	1.03878	1.03884	392
2025-02-28 05:30:00	1.03882	1.03884	1.03859	1.03861	477
2025-02-28 05:35:00	1.03862	1.03891	1.03857	1.03884	363
2025-02-28 05:40:00	1.03883	1.03884	1.03863	1.03877	457
2025-02-28 05:45:00	1.03875	1.03881	1.03866	1.03876	275
2025-02-28 05:50:00	1.03876	1039	1.03872	1.03888	281
2025-02-28 05:55:00	1.03889	1039	1.03877	1.03886	425
2025-02-28 06:00:00	1.03885	1.03889	1.03873	1.03876	694
2025-02-28 06:05:00	1.03873	1.03876	1.03858	1.03865	616
2025-02-28 06:10:00	1.03866	1.03866	1.0383	1.03861	643
2025-02-28 06:15:00	1.03861	1.0389	1.03861	1.03883	226
2025-02-28 06:20:00	1.03882	1.03884	1.03862	1.03862	546
2025-02-28 06:25:00	1.03862	1.03868	1.03828	1.03835	659
2025-02-28 06:30:00	1.03835	1.03865	1.03825	1.03847	622
2025-02-28 06:35:00	1.03849	1.03858	1.03836	1.0385	568
2025-02-28 06:40:00	1.0385	1.03872	1.03848	1.03863	186
2025-02-28 06:45:00	1.03864	1.03866	1.03833	1.03841	277
2025-02-28 06:50:00	1.03841	1.0387	1.03829	1.03853	803
2025-02-28 06:55:00	1.03855	1.03876	1.03854	1.03874	703
2025-02-28 07:00:00	1.03873	1.03895	1.0386	1.03884	570
2025-02-28 07:05:00	1.03885	1.03908	1.03876	1.03898	754
2025-02-28 07:10:00	1.03898	1.03909	1.03886	1.03904	845
2025-02-28 07:15:00	1.03904	1.0391	1.03887	1.03893	805
2025-02-28 07:20:00	1.03894	1.03901	1.03869	1.03879	503
2025-02-28 07:25:00	1.0388	1.0389	1.03873	1.03878	447
2025-02-28 07:30:00	1.03879	1.03897	1.03854	1.03894	663
2025-02-28 07:35:00	1.03898	1.03932	1.03891	1.03929	747
2025-02-28 07:40:00	1.03928	1.03947	1.0391	1.03918	1040
2025-02-28 07:45:00	1.03916	1.03934	1.03867	1.03915	995
2025-02-28 07:50:00	1.03915	1.03951	1.03909	1.03943	736
2025-02-28 07:55:00	1.03943	1.04005	1.03943	1.03959	1017
2025-02-28 08:00:00	1.03959	1.04016	1.03949	1.04014	821
2025-02-28 08:05:00	1.04011	1.04015	1.0398	1.04005	574
2025-02-28 08:10:00	1.04004	1.04015	1.0398	1.0399	589
2025-02-28 08:15:00	1.03989	1.03996	1.03967	1.03986	1140
2025-02-28 08:20:00	1.03986	1.03987	1.03953	1.03956	803
2025-02-28 08:25:00	1.03958	1.03987	1.03956	1.03978	1119
2025-02-28 08:30:00	1.03977	1.04027	1.03971	1.04016	881
2025-02-28 08:35:00	1.04014	1.04042	1.04008	1.04034	891
2025-02-28 08:40:00	1.04036	1.04038	1.03982	1.03993	704
2025-02-28 08:45:00	1.03991	1.04014	1.03975	1.0401	592
2025-02-28 08:50:00	1.04008	1.04027	1.03995	1.03995	475
2025-02-28 08:55:00	1.03996	1.04018	1.03979	1.04009	686
2025-02-28 09:00:00	1.04014	1.04078	1.04008	1.04058	1108
2025-02-28 09:05:00	1.04056	1.04062	1.04029	1.04058	749
2025-02-28 09:10:00	1.04055	1.04065	1.04031	1.04053	722
2025-02-28 09:15:00	1.04053	1.04063	1.04035	1.0405	828
2025-02-28 09:20:00	1.0405	1.04055	1.04008	1.04008	634
2025-02-28 09:25:00	1.0401	1.0402	1.03993	1.04017	547
2025-02-28 09:30:00	1.04019	1.04021	1.03985	1.03992	695
2025-02-28 09:35:00	1.03994	1.0401	1.03989	1.03996	555
2025-02-28 09:40:00	1.03998	1.04022	1.03979	1.04019	617
2025-02-28 09:45:00	1.04019	1.0402	1.03992	1.03999	710
2025-02-28 09:50:00	1.03995	1.03995	1.03967	1.03969	522
2025-02-28 09:55:00	1.03969	1.03971	1.03943	1.03952	724
2025-02-28 10:00:00	1.03951	1.03968	1.03942	1.0395	636
2025-02-28 10:05:00	1.03951	1.03959	1.03945	1.03948	374
2025-02-28 10:10:00	1.03949	1.03959	1.03933	1.03945	569
2025-02-28 10:15:00	1.03945	1.03954	1.03924	1.03929	399
2025-02-28 10:20:00	1.0393	1.03942	1.03922	1.0394	335
2025-02-28 10:25:00	1.0394	1.03958	1.0393	1.03933	608
2025-02-28 10:30:00	1.03934	1.03973	1.03933	1.0397	456
2025-02-28 10:35:00	1.03971	1.04005	1.03964	1.03998	414
2025-02-28 10:40:00	1.03998	1.04034	1.03996	1.04033	579
2025-02-28 10:45:00	1.04032	1.04058	1.0403	1.04039	548
2025-02-28 10:50:00	1.04039	1.04043	1.04008	1.04009	722
2025-02-28 10:55:00	1.04009	1.04011	1.03985	1.03992	600
2025-02-28 11:00:00	1.03992	1.04011	1.03983	1.04009	549
2025-02-28 11:05:00	1.04009	1.04009	1.03978	1.03992	565
2025-02-28 11:10:00	1.03992	1.04	1.03949	1.03958	667
2025-02-28 11:15:00	1.03959	1.03966	1.03938	1.03954	571
2025-02-28 11:20:00	1.03954	1.03974	1.03952	1.03974	330
2025-02-28 11:25:00	1.03973	1.03975	1.03955	1.03958	546
2025-02-28 11:30:00	1.03957	1.03968	1.03937	1.0394	585
2025-02-28 11:35:00	1.0394	1.03955	1.03933	1.03955	463
2025-02-28 11:40:00	1.03955	1.03989	1.03949	1.03981	517
2025-02-28 11:45:00	1.03982	1.03984	1.03959	1.03966	504
2025-02-28 11:50:00	1.03966	1.03986	1.03965	1.0398	478
2025-02-28 11:55:00	1.0398	1.03991	1.03963	1.03986	737
2025-02-28 12:00:00	1.03985	1.04017	1.03977	1.04009	920
2025-02-28 12:05:00	1.04008	1.04028	1.03998	1.04024	564
2025-02-28 12:10:00	1.04024	1.04039	1.04017	1.04034	576
2025-02-28 12:15:00	1.04035	1.04048	1.04033	1.04035	584
2025-02-28 12:20:00	1.04036	1.04043	1.04014	1.04017	549
2025-02-28 12:25:00	1.04017	1.04061	1.04017	1.04049	562
2025-02-28 12:30:00	1.04048	1.0406	1.04037	1.04054	286
2025-02-28 12:35:00	1.04054	1.04075	1.04049	1.04057	276
2025-02-28 12:40:00	1.04058	1.04063	1.04038	1.04056	388
2025-02-28 12:45:00	1.04055	1.04058	1.04036	1.04045	339
2025-02-28 12:50:00	1.04044	1.04069	1.04035	1.0405	407
2025-02-28 12:55:00	1.04052	1.04078	1.04046	1.04067	613
2025-02-28 13:00:00	1.04066	1.04121	1.04065	1.04098	793
2025-02-28 13:05:00	1.04099	1.04124	1.04087	1.04112	658
2025-02-28 13:10:00	1.04114	1.04148	1.04111	1.04124	857
2025-02-28 13:15:00	1.04125	1.04146	1.04092	1.04143	790
2025-02-28 13:20:00	1.04145	1.04161	1.04117	1.04133	1056
2025-02-28 13:25:00	1.04133	1.0414	1.04102	1.04108	1326
2025-02-28 13:30:00	1.04107	1.04143	1.04059	1.04103	1489
2025-02-28 13:35:00	1.04104	1.04151	1.04104	1.04144	1230
2025-02-28 13:40:00	1.04143	1.04144	1.04052	1.04064	996
2025-02-28 13:45:00	1.04064	1.04129	1.04064	1.04129	946
2025-02-28 13:50:00	1.04128	1.04131	1.0407	1.04093	986
2025-02-28 13:55:00	1.04096	1.04107	1.04066	1.04066	950
2025-02-28 14:00:00	1.04071	1.04078	1.0403	1.04037	1083
2025-02-28 14:05:00	1.04038	1.04069	1.04025	1.04041	770
2025-02-28 14:10:00	1.0404	1.04105	1.04032	1.04098	948
2025-02-28 14:15:00	1041	1.04125	1.04073	1.0412	701
2025-02-28 14:20:00	1.04123	1.04141	1041	1041	759
2025-02-28 14:25:00	1041	1.04117	1.04093	1.04103	1246
2025-02-28 14:30:00	1.04102	1.04116	1.0408	1041	1340
2025-02-28 14:35:00	1.04098	1.04122	1.04086	1.04102	893
2025-02-28 14:40:00	1.04104	1.04107	1.0401	1.04013	872
2025-02-28 14:45:00	1.04012	1.04052	1.04007	1.04049	815
2025-02-28 14:50:00	1.0405	1.04088	1.0403	1.04084	891
2025-02-28 14:55:00	1.04085	1.04106	1.04072	1.04098	778
2025-02-28 15:00:00	1.04099	1.04161	1.0408	1.04139	963
2025-02-28 15:05:00	1.04138	1.04182	1.04134	1.04156	802
2025-02-28 15:10:00	1.04154	1.04164	1.04127	1.04154	921
2025-02-28 15:15:00	1.0416	1.04191	1.04132	1.04137	1093
2025-02-28 15:20:00	1.04135	1.04146	1.04107	1.04119	825
2025-02-28 15:25:00	1.04118	1.04169	1.04088	1.04168	1128
2025-02-28 15:30:00	1.04169	1.04172	1.04133	1.04165	1006
2025-02-28 15:35:00	1.04164	1.04198	1.04164	1.04178	954
2025-02-28 15:40:00	1.04176	1.04196	1.04121	1.04121	1218
2025-02-28 15:45:00	1.0412	1.04123	1.04057	1.04064	1529
2025-02-28 15:50:00	1.04068	1.0409	1.04035	1.04049	1441
2025-02-28 15:55:00	1.04049	1.0405	1.03932	1.03998	2995
2025-02-28 16:00:00	1.03998	1.04035	1.03984	1.04025	1994
2025-02-28 16:05:00	1.04025	1.04076	1.04002	1.04076	1267
2025-02-28 16:10:00	1.04076	1.04114	1.04036	1.04059	1093
2025-02-28 16:15:00	1.04059	1.04071	1.03988	1.04013	1116
2025-02-28 16:20:00	1.04013	1.04058	1.04012	1.04044	1164
2025-02-28 16:25:00	1.04045	1.04055	1.03991	1.04001	1236
2025-02-28 16:30:00	1.04001	1.04079	1.03979	1.04068	1055
2025-02-28 16:35:00	1.04066	1.04106	1.0402	1.04036	1465
2025-02-28 16:40:00	1.04037	1.04042	1.03994	1.04018	990
2025-02-28 16:45:00	1.04017	1.04043	1.03996	1.04039	1046
2025-02-28 16:50:00	1.04036	1.04074	1.04028	1.04046	920
2025-02-28 16:55:00	1.04046	1.04047	1.03985	1.04013	1117
2025-02-28 17:00:00	1.04014	1.04059	1.03988	1.04045	1261
2025-02-28 17:05:00	1.04044	1.04087	1.04043	1.04068	914
2025-02-28 17:10:00	1.04068	1.04099	1.04061	1.04094	795
2025-02-28 17:15:00	1.04093	1.04094	1.04029	1.04032	687
2025-02-28 17:20:00	1.0403	1.04034	1.03898	1.04009	1462
2025-02-28 17:25:00	1.04011	1.04052	1.03984	1.04048	1002
2025-02-28 17:30:00	1.04048	1.04053	1.03974	1.04007	779
2025-02-28 17:35:00	1.04007	1.04029	1.03993	1.04018	750
2025-02-28 17:40:00	1.04018	1.04041	1.0396	1.03981	896
2025-02-28 17:45:00	1.03977	1.04034	1.03976	1.04003	1072
2025-02-28 17:50:00	1.04002	1.04008	1.03982	1.03989	850
2025-02-28 17:55:00	1.0399	1.0399	1.03955	1.03963	947
2025-02-28 18:00:00	1.03962	1.03976	1.03939	1.03945	626
2025-02-28 18:05:00	1.0394	1.0398	1.03936	1.03947	590
2025-02-28 18:10:00	1.03947	1.03969	1.03918	1.0396	714
2025-02-28 18:15:00	1.0396	1.03973	1.03763	1.03791	3037
2025-02-28 18:20:00	1.03791	1.03814	1.03633	1.03657	3427
2025-02-28 18:25:00	1.03659	1.03728	1.03638	1.03724	1478
2025-02-28 18:30:00	1.03725	1.03783	1.03714	1.03783	1222
2025-02-28 18:35:00	1.03784	1.03806	1.03775	1.03801	830
2025-02-28 18:40:00	1.03802	1.03824	1.03751	1.03773	1182
2025-02-28 18:45:00	1.03777	1.0381	1.03756	1.03773	1098
2025-02-28 18:50:00	1.03772	1.03781	1.03724	1.03744	918
2025-02-28 18:55:00	1.03744	1.03745	1.03625	1.03634	1699
2025-02-28 19:00:00	1.03634	1.03649	1.03598	1.03607	1228
2025-02-28 19:05:00	1.03606	1.03645	1.03597	1.03643	682
2025-02-28 19:10:00	1.03648	1.03685	1.03643	1.03675	849
2025-02-28 19:15:00	1.03675	1.03688	1.0365	1.03683	612
2025-02-28 19:20:00	1.03683	1.03702	1.03652	1.03694	730
2025-02-28 19:25:00	1.03693	1.03701	1.03672	1.03678	518
2025-02-28 19:30:00	1.03679	1.03698	1.03658	1.03688	609
2025-02-28 19:35:00	1.03687	1.03713	1.03683	1.03712	547
2025-02-28 19:40:00	1.03713	1.03713	1.03668	1.0367	584
2025-02-28 19:45:00	1.03672	1.03729	1.03671	1.03717	556
2025-02-28 19:50:00	1.03718	1.03736	1.03709	1.03729	468
2025-02-28 19:55:00	1.03729	1.03733	1.03662	1.03677	853
2025-02-28 20:00:00	1.03676	1.03688	1.03655	1.03687	753
2025-02-28 20:05:00	1.03685	1.03687	1.03662	1.03673	286
2025-02-28 20:10:00	1.03673	1.03683	1.03649	1.03678	391
2025-02-28 20:15:00	1.03677	1.03684	1.03661	1.03672	383
2025-02-28 20:20:00	1.0367	1.03677	1.03647	1.03674	502
2025-02-28 20:25:00	1.03674	1.03681	1.03655	1.03657	513
2025-02-28 20:30:00	1.03656	1.03665	1.03644	1.03646	516
2025-02-28 20:35:00	1.03646	1.0366	1.0362	1.03657	689
2025-02-28 20:40:00	1.03657	1.03675	1.03643	1.03672	601
2025-02-28 20:45:00	1.03673	1.03685	1.03664	1.03684	537
2025-02-28 20:50:00	1.03685	1.03716	1.03677	1.03715	847
2025-02-28 20:55:00	1.03715	1.03769	1.03712	1.03747	1739
2025-02-28 21:00:00	1.03746	1.03752	1.03706	1.03707	1151
2025-02-28 21:05:00	1.03708	1.03708	1.03681	1.03688	315
2025-02-28 21:10:00	1.03687	1.03742	1.03687	1.03741	266
2025-02-28 21:15:00	1.03742	1.03749	1.03733	1.03742	320
2025-02-28 21:20:00	1.03744	1.03767	1.03742	1.03752	248
2025-02-28 21:25:00	1.03752	1.03755	1.03737	1.03747	241
2025-02-28 21:30:00	1.03746	1.03749	1.03737	1.03741	154
2025-02-28 21:35:00	1.03742	1.03742	1.0372	1.03724	147
2025-02-28 21:40:00	1.03725	1.03756	1.03721	1.03747	179
2025-02-28 21:45:00	1.03747	1.03758	1.03736	1.03745	545
2025-02-28 21:50:00	1.03745	1.03756	1.03741	1.03753	573
2025-02-28 21:55:00	1.03754	1.03754	1.03732	1.03747	937
2025-03-02 22:00:00	1.04032	1.04042	1.04013	1.04034	306
2025-03-02 22:05:00	1.04035	1.04035	1.04025	1.0403	71
2025-03-02 22:10:00	1.04028	1.04037	1.04005	1.04006	258
2025-03-02 22:15:00	1.04006	1.04009	1.03994	1.03995	193
2025-03-02 22:20:00	1.03995	1.04009	1.03992	1.04003	86
2025-03-02 22:25:00	1.04003	1.04026	1.04003	1.04018	72
2025-03-02 22:30:00	1.04017	1.04023	1.04014	1.04022	187
2025-03-02 22:35:00	1.0402	1.04022	1.04014	1.04017	74
2025-03-02 22:40:00	1.04018	1.04018	1.04015	1.04017	30
2025-03-02 22:45:00	1.04017	1.04018	1.04017	1.04018	11
2025-03-02 22:50:00	1.04017	1.04018	1.04016	1.04017	12
2025-03-02 22:55:00	1.04017	1.0404	1.04014	1.04032	170
2025-03-02 23:00:00	1.04033	1.04036	1.03997	1.04005	1085
2025-03-02 23:05:00	1.04005	1.04168	1.03997	1.04132	851
2025-03-02 23:10:00	1.04133	1.04133	1.04079	1.04117	623
2025-03-02 23:15:00	1.04116	1.04133	1.04093	1.04129	252
2025-03-02 23:20:00	1.0413	1.04208	1.04123	1.04183	714
2025-03-02 23:25:00	1.04182	1.04183	1.04127	1.04152	651
2025-03-02 23:30:00	1.04153	1.04204	1.04148	1.04181	405
2025-03-02 23:35:00	1.04182	1.04208	1.04167	1.04184	247
2025-03-02 23:40:00	1.0418	1.04193	1.04168	1.04171	513
2025-03-02 23:45:00	1.04173	1.04178	1.04135	1.04135	925
2025-03-02 23:50:00	1.04135	1.04154	1.04117	1.04149	493
2025-03-02 23:55:00	1.04149	1.04154	1.04118	1.04119	464
2025-03-03 00:00:00	1.04119	1.0412	1.04021	1.04024	946
2025-03-03 00:05:00	1.04024	1.04105	1.04024	1.04104	676
2025-03-03 00:10:00	1.04104	1.04116	1.04083	1.04092	498
2025-03-03 00:15:00	1.04095	1.04172	1.04072	1.04157	801
2025-03-03 00:20:00	1.04157	1.04172	1.04131	1.04143	545
2025-03-03 00:25:00	1.04143	1.04199	1.04138	1.04158	877
2025-03-03 00:30:00	1.04163	1.04184	1.04141	1.04167	786
2025-03-03 00:35:00	1.04166	1.04168	1.04138	1.04144	608
2025-03-03 00:40:00	1.04145	1.04168	1.04107	1.04131	712
2025-03-03 00:45:00	1.04133	1.04143	1041	1.04113	497
2025-03-03 00:50:00	1.04112	1.04127	1.04101	1.04108	610
2025-03-03 00:55:00	1.04111	1.04122	1.04087	1.04091	706
2025-03-03 01:00:00	1.04092	1.04144	1.04074	1.0414	957
2025-03-03 01:05:00	1.0414	1.04211	1.04123	1.04198	902
2025-03-03 01:10:00	1.04199	1.04225	1.04178	1.04179	727
2025-03-03 01:15:00	1.04179	1.04181	1.04139	1.04166	965
2025-03-03 01:20:00	1.04167	1.04199	1.04166	1.04196	881
2025-03-03 01:25:00	1.04198	1.04204	1.04187	1.04195	528
2025-03-03 01:30:00	1.04199	1.04204	1.04175	1.04193	487
2025-03-03 01:35:00	1.04192	1.04207	1.04175	1042	664
2025-03-03 01:40:00	1042	1042	1.04166	1.04178	486
2025-03-03 01:45:00	1.04178	1.04199	1.04169	1.04194	550
2025-03-03 01:50:00	1.04193	1.04209	1.04192	1.04204	645
2025-03-03 01:55:00	1.04204	1.04228	1.0419	1.04195	881
2025-03-03 02:00:00	1.04195	1042	1.04163	1.0418	447
2025-03-03 02:05:00	1.04181	1.04209	1.04181	1.04207	499
2025-03-03 02:10:00	1.04205	1.04229	1.04205	1.04215	363
2025-03-03 02:15:00	1.04212	1.04216	1.04186	1.04214	658
2025-03-03 02:20:00	1.04214	1.04227	1.04188	1.04191	530
2025-03-03 02:25:00	1.04192	1.04201	1.0416	1.04165	371
2025-03-03 02:30:00	1.04162	1.04177	1.04147	1.04176	343
2025-03-03 02:35:00	1.04175	1.04208	1.04173	1.04183	365
2025-03-03 02:40:00	1.04184	1.04207	1.04181	1.04197	377
2025-03-03 02:45:00	1.04197	1.04208	1.04187	1.04206	264
2025-03-03 02:50:00	1.04207	1.04231	1.04191	1.04222	381
2025-03-03 02:55:00	1.04223	1.04223	1.04191	1.04197	404
2025-03-03 03:00:00	1.04196	1.04198	1.04151	1.04163	610
2025-03-03 03:05:00	1.04162	1.04166	1.04115	1.04127	752
2025-03-03 03:10:00	1.04126	1.04148	1.04108	1.04116	724
2025-03-03 03:15:00	1.04116	1.04128	1.04099	1.04121	709
2025-03-03 03:20:00	1.0412	1.04131	1.04104	1.04106	382
2025-03-03 03:25:00	1.04106	1.04138	1.04102	1.04134	240
2025-03-03 03:30:00	1.04134	1.04158	1.04129	1.04133	423
2025-03-03 03:35:00	1.04131	1.04158	1.04131	1.04155	425
2025-03-03 03:40:00	1.04156	1.04183	1.04156	1.04166	409
2025-03-03 03:45:00	1.04163	1.04167	1.04142	1.04143	284
2025-03-03 03:50:00	1.04143	1.04152	1.04134	1.04148	524
2025-03-03 03:55:00	1.04146	1.04169	1.04141	1.04168	288
2025-03-03 04:00:00	1.04167	1.04184	1.04165	1.04178	298
2025-03-03 04:05:00	1.04175	1.04189	1.04171	1.04174	406
2025-03-03 04:10:00	1.04175	1042	1.04172	1.04194	429
2025-03-03 04:15:00	1.04193	1.04195	1.04172	1.0418	413
2025-03-03 04:20:00	1.04181	1.04183	1.04168	1.0418	196
2025-03-03 04:25:00	1.04183	1.04197	1.04178	1.04197	290
2025-03-03 04:30:00	1.04197	1.04198	1.0418	1.04195	475
2025-03-03 04:35:00	1.04194	1042	1.04184	1.04185	332
2025-03-03 04:40:00	1.04184	1.04203	1.0418	1.04192	322
2025-03-03 04:45:00	1.04191	1.04203	1.04179	1.04193	372
2025-03-03 04:50:00	1.04194	1.04196	1.04177	1.04179	334
2025-03-03 04:55:00	1.04178	1.0419	1.04177	1.04177	351
2025-03-03 05:00:00	1.04175	1.04178	1.04153	1.04157	669
2025-03-03 05:05:00	1.04157	1.04158	1.04141	1.04141	768
2025-03-03 05:10:00	1.04142	1.04162	1.04141	1.0416	762
2025-03-03 05:15:00	1.04161	1.0417	1.04152	1.04166	483
2025-03-03 05:20:00	1.04166	1.04182	1.04162	1.0418	453
2025-03-03 05:25:00	1.0418	1.04193	1.04164	1.04172	647
2025-03-03 05:30:00	1.04172	1.04191	1.04171	1.04191	316
2025-03-03 05:35:00	1.0419	1.04192	1.04164	1.04165	307
2025-03-03 05:40:00	1.04165	1.04172	1.04151	1.04152	343
2025-03-03 05:45:00	1.0415	1.0415	1.04131	1.04131	205
2025-03-03 05:50:00	1.04132	1.04137	1.04123	1.04129	351
2025-03-03 05:55:00	1.04127	1.04143	1.04123	1.04142	438
2025-03-03 06:00:00	1.04141	1.04161	1.04136	1.04157	376
2025-03-03 06:05:00	1.04156	1.04162	1.04129	1.04131	517
2025-03-03 06:10:00	1.0413	1.04138	1.04126	1.04135	362
2025-03-03 06:15:00	1.04132	1.04158	1.0413	1.04139	443
2025-03-03 06:20:00	1.0414	1.04143	1.0412	1.04139	540
2025-03-03 06:25:00	1.04139	1.04151	1.04133	1.04142	696
2025-03-03 06:30:00	1.04142	1.04156	1.04111	1.0412	480
2025-03-03 06:35:00	1.04122	1.04127	1.04101	1.0411	360
2025-03-03 06:40:00	1.04109	1.04111	1.04074	1.04079	732
2025-03-03 06:45:00	1.04079	1.04088	1.04066	1.04073	312
2025-03-03 06:50:00	1.04072	1.04117	1.04065	1.04108	571
2025-03-03 06:55:00	1.04108	1.0412	1.04079	1.04081	523
2025-03-03 07:00:00	1.04081	1.04087	1.04051	1.04072	988
2025-03-03 07:05:00	1.04071	1.04074	1.04018	1.04047	965
2025-03-03 07:10:00	1.04048	1.04083	1.04037	1.04042	923
2025-03-03 07:15:00	1.04044	1.04053	1.04019	1.04026	570
2025-03-03 07:20:00	1.04026	1.0407	1.04019	1.04054	749
2025-03-03 07:25:00	1.04051	1.04064	1.04039	1.04052	645
2025-03-03 07:30:00	1.04052	1.04072	1.04041	1.04068	675
2025-03-03 07:35:00	1.04071	1.04075	1.04048	1.04063	490
2025-03-03 07:40:00	1.04062	1.0409	1.04062	1.04089	683
2025-03-03 07:45:00	1.04089	1041	1.04062	1.04063	493
2025-03-03 07:50:00	1.04063	1.04063	1.04018	1.04022	651
2025-03-03 07:55:00	1.04023	1.04066	1.04018	1.04054	824
2025-03-03 08:00:00	1.04053	1.04055	1.0401	1.04031	1488
2025-03-03 08:05:00	1.04031	1.0404	1.04013	1.04028	1588
2025-03-03 08:10:00	1.04028	1.04064	1.04027	1.04036	827
2025-03-03 08:15:00	1.04035	1.04065	1.04026	1.04043	882
2025-03-03 08:20:00	1.04045	1.04045	1.03952	1.03952	1098
2025-03-03 08:25:00	1.03951	1.03976	1.03926	1.03963	903
2025-03-03 08:30:00	1.03963	1.03965	1.03925	1.03939	979
2025-03-03 08:35:00	1.0394	1.03947	1.03908	1.03908	1289
2025-03-03 08:40:00	1.03908	1.03947	1.03883	1.03939	1149
2025-03-03 08:45:00	1.03946	1.03958	1.03931	1.03947	887
2025-03-03 08:50:00	1.03948	1.03971	1.0393	1.03961	800
2025-03-03 08:55:00	1.03964	1.0402	1.03963	1.04009	1177
2025-03-03 09:00:00	1.04015	1.0409	1.04012	1.0409	909
2025-03-03 09:05:00	1.04089	1.04124	1.04071	1.0412	634
2025-03-03 09:10:00	1.04122	1.04162	1.04119	1.04158	551
2025-03-03 09:15:00	1.0416	1.04181	1.04111	1.04113	1015
2025-03-03 09:20:00	1.04111	1.04124	1.0408	1.04088	706
2025-03-03 09:25:00	1.04088	1.04121	1.0408	1.04117	442
2025-03-03 09:30:00	1.04117	1.04149	1.04095	1.04149	465
2025-03-03 09:35:00	1.04147	1.04175	1.04142	1.04166	579
2025-03-03 09:40:00	1.04168	1.04182	1.04151	1.04162	800
2025-03-03 09:45:00	1.04162	1.04185	1.04151	1.04158	589
2025-03-03 09:50:00	1.04155	1.0422	1.04147	1.0422	563
2025-03-03 09:55:00	1.04221	1.04288	1.0422	1.04269	680
2025-03-03 10:00:00	1.0427	1.04387	1.0427	1.04377	1158
2025-03-03 10:05:00	1.04378	1.04385	1.0433	1.04362	1253
2025-03-03 10:10:00	1.04364	1.0438	1.04318	1.0437	1081
2025-03-03 10:15:00	1.04369	1.04423	1.04366	1.04399	1072
2025-03-03 10:20:00	1.04399	1.04441	1.04382	1.04399	1155
2025-03-03 10:25:00	1.04401	1.04432	1.04377	1.04393	816
2025-03-03 10:30:00	1.04394	1.0441	1.0439	1.04407	159
2025-03-03 10:55:00	1.04394	1.0443	1.04392	1.04418	265
2025-03-03 11:00:00	1.04419	1.04445	1.04403	1.04434	608
2025-03-03 11:05:00	1.04433	1.04466	1.04429	1.04458	683
2025-03-03 11:10:00	1.04459	1.04493	1.04459	1.04488	985
2025-03-03 11:15:00	1.04488	1.04496	1.04441	1.04458	537
2025-03-03 11:20:00	1.04459	1.04497	1.04459	1.04495	813
2025-03-03 11:25:00	1.04495	1.04512	1.04484	1.04502	1156
2025-03-03 11:30:00	1.04502	1.04537	1.04492	1.04534	1059
2025-03-03 11:35:00	1.04534	1.04538	1.04499	1.04521	793
2025-03-03 11:40:00	1.04521	1.04572	1.04515	1.04545	1053
2025-03-03 11:45:00	1.04545	1.04572	1.0454	1.04567	780
2025-03-03 11:50:00	1.04568	1.04579	1.0451	1.04512	1434
2025-03-03 11:55:00	1.04512	1.04527	1.04487	1.04524	1702
2025-03-03 12:00:00	1.04525	1.04606	1.04525	1.04582	1124
2025-03-03 12:05:00	1.04582	1.04603	1.04556	1.04603	1006
2025-03-03 12:10:00	1.04604	1.04683	1.04541	1.04638	1777
2025-03-03 12:15:00	1.04638	1.04678	1.04634	1.04673	850
2025-03-03 12:20:00	1.0467	1.04675	1046	1.04607	875
2025-03-03 12:25:00	1.04607	1.04686	1.04599	1.04682	560
2025-03-03 12:30:00	1.04683	1.0471	1.04664	1.04705	810
2025-03-03 12:35:00	1.04706	1.0472	1.04688	1.04694	633
2025-03-03 12:40:00	1.04693	1.04728	1.04672	1.04728	861
2025-03-03 12:45:00	1.04726	1.04759	1.04717	1.0472	861
2025-03-03 12:50:00	1.04722	1.04746	1047	1.04701	755
2025-03-03 12:55:00	1.04699	1.04705	1.04675	1.04702	1030
2025-03-03 13:00:00	1.04703	1.04725	1.04694	1.04704	955
2025-03-03 13:05:00	1.04705	1.04714	1.04645	1.04645	821
2025-03-03 13:10:00	1.04644	1.04661	1.04629	1.04647	1645
2025-03-03 13:15:00	1.04649	1.0465	1.04592	1.04632	1196
2025-03-03 13:20:00	1.04635	1.0468	1.04633	1.04656	695
2025-03-03 13:25:00	1.04659	1047	1.04658	1.04682	709
2025-03-03 13:30:00	1.04682	1.04737	1.04671	1.04735	727
2025-03-03 13:35:00	1.04735	1.04735	1.04714	1.0473	696
2025-03-03 13:40:00	1.04728	1.04762	1.04716	1.04759	867
2025-03-03 13:45:00	1.04758	1.04759	1.0472	1.04735	816
2025-03-03 13:50:00	1.04734	1.04743	1.04704	1.04719	897
2025-03-03 13:55:00	1.04718	1.04726	1.04661	1.04717	1427
2025-03-03 14:00:00	1.04719	1.04765	1.04702	1.04735	981
2025-03-03 14:05:00	1.04735	1.04764	1.04724	1.04752	630
2025-03-03 14:10:00	1.04751	1.04762	1.04696	1.0471	985
2025-03-03 14:15:00	1.04711	1.04756	1.04686	1.04753	658
2025-03-03 14:20:00	1.0475	1.04824	1.04747	1.04799	1201
2025-03-03 14:25:00	1.04797	1.04845	1.0479	1.04845	776
2025-03-03 14:30:00	1.04846	1.04859	1.04823	1.04848	1264
2025-03-03 14:35:00	1.04849	1.04853	1.04827	1.0484	994
2025-03-03 14:40:00	1.04839	1.04868	1.04828	1.04856	694
2025-03-03 14:45:00	1.04855	1.04906	1.04835	1.04878	987
2025-03-03 14:50:00	1.04879	1.04893	1.04851	1.04867	984
2025-03-03 14:55:00	1.04868	1.04868	1.04795	1.04823	1338
2025-03-03 15:00:00	1.04795	1.04952	1.04764	1.04927	2027
2025-03-03 15:05:00	1.04926	1.04942	1.04881	1.04921	1685
2025-03-03 15:10:00	1.04921	1.04971	1.04902	1.04914	1249
2025-03-03 15:15:00	1.04912	1.04956	1.04894	1.04897	1086
2025-03-03 15:20:00	1.04897	1.04947	1.04897	1.04932	741
2025-03-03 15:25:00	1.0493	1.0502	1.04921	1.0499	968
2025-03-03 15:30:00	1.0499	1.05036	1.04931	1.04935	2023
2025-03-03 15:35:00	1.04935	1.04946	1.0489	1.04894	1291
2025-03-03 15:40:00	1.04895	1.04953	1.04873	1.04925	1139
2025-03-03 15:45:00	1.04924	1.04931	1.04891	1.04905	1135
2025-03-03 15:50:00	1.04907	1.04911	1.0486	1.04875	943
2025-03-03 15:55:00	1.04876	1.04879	1.04838	1.04845	2037
2025-03-03 16:00:00	1.04844	1.04893	1.04838	1.04886	1439
2025-03-03 16:05:00	1.04887	1.04941	1.04882	1.04918	1013
2025-03-03 16:10:00	1.04922	1.04954	1.04912	1.04936	773
2025-03-03 16:15:00	1.04936	1.04966	1.04906	1.04937	733
2025-03-03 16:20:00	1.04938	1.04994	1.04913	1.04965	603
2025-03-03 16:25:00	1.04964	1.04984	1.04947	1.04984	964
2025-03-03 16:30:00	1.04985	1.05004	1.04955	1.04962	847
2025-03-03 16:35:00	1.0496	1.04967	1.04923	1.04955	707
2025-03-03 16:40:00	1.04955	1.04987	1.04949	1.04976	641
2025-03-03 16:45:00	1.04977	1.0499	1.04973	1.0499	573
2025-03-03 16:50:00	1.04991	1.05011	1.04958	1.04967	658
2025-03-03 16:55:00	1.04965	1.04984	1.04948	1.0496	755
2025-03-03 17:00:00	1.04959	1.04959	1.04904	1.0491	729
2025-03-03 17:05:00	1.04911	1.04965	1.04906	1.04963	465
2025-03-03 17:10:00	1.04964	1.04966	1.04943	1.04943	447
2025-03-03 17:15:00	1.04945	1.04967	1.04928	1.04937	495
2025-03-03 17:20:00	1.04937	1.04942	1.04915	1.04918	452
2025-03-03 17:25:00	1.04918	1.04922	1.04897	1049	443
2025-03-03 17:30:00	1049	1.0491	1.04878	1.04881	389
2025-03-03 17:35:00	1.04881	1.04897	1.0487	1.04892	499
2025-03-03 17:40:00	1.04891	1.04899	1.0488	1.04896	491
2025-03-03 17:45:00	1.04899	1.04899	1.04872	1.04882	337
2025-03-03 17:50:00	1.04881	1.04881	1.04866	1.04877	192
2025-03-03 17:55:00	1.04877	1.04908	1.04873	1.04902	477
2025-03-03 18:00:00	1.04904	1.04905	1.04877	1.04885	377
2025-03-03 18:05:00	1.04885	1.04907	1.04876	1.04896	492
2025-03-03 18:10:00	1.04896	1.04897	1.04877	1.04883	357
2025-03-03 18:15:00	1.04886	1.04921	1.04874	1.04907	541
2025-03-03 18:20:00	1.04907	1.04913	1.04885	1.04906	596
2025-03-03 18:25:00	1.04906	1.04923	1.04878	1.04879	617
2025-03-03 18:30:00	1.04879	1.04906	1.04877	1.04892	696
2025-03-03 18:35:00	1.04894	1.04918	1.04886	1.04903	585
2025-03-03 18:40:00	1.04902	1.04907	1.04883	1.04883	243
2025-03-03 18:45:00	1.04883	1.05032	1.04821	1.04875	1652
2025-03-03 18:50:00	1.04875	1.04903	1.04856	1.04866	963
2025-03-03 18:55:00	1.04864	1.04879	1.04854	1.04868	788
2025-03-03 19:00:00	1.04867	1.04883	1.0486	1.04879	743
2025-03-03 19:05:00	1.04878	1.04884	1.04839	1.04868	582
2025-03-03 19:10:00	1.04868	1.04887	1.04844	1.04885	468
2025-03-03 19:15:00	1.04886	1.04904	1.04876	1.04878	357
2025-03-03 19:20:00	1.04877	1.04903	1.04863	1.04894	437
2025-03-03 19:25:00	1.04894	1.04894	1.04876	1.04888	315
2025-03-03 19:30:00	1.04889	1.04908	1.04889	1.04907	224
2025-03-03 19:35:00	1.04905	1.0491	1.04901	1.04903	378
2025-03-03 19:40:00	1.04902	1.04936	1.04902	1.04933	353
2025-03-03 19:45:00	1.04933	1.04934	1.04913	1.04917	342
2025-03-03 19:50:00	1.04918	1.04923	1.04731	1.04805	2696
2025-03-03 19:55:00	1.04805	1.04807	1.04721	1.04728	2006
2025-03-03 20:00:00	1.04727	1.04763	1.04671	1.04728	1837
2025-03-03 20:05:00	1.04729	1.04845	1.04726	1.04824	1972
2025-03-03 20:10:00	1.04825	1.0485	1.04739	1.04779	1752
2025-03-03 20:15:00	1.04782	1.04831	1.04776	1.04798	1115
2025-03-03 20:20:00	1.04799	1.04818	1.04767	1.0477	1162
2025-03-03 20:25:00	1.04771	1.04788	1.04731	1.04733	1110
2025-03-03 20:30:00	1.04733	1.04777	1.0473	1.0474	1139
2025-03-03 20:35:00	1.0474	1.04748	1.04665	1.04718	1369
2025-03-03 20:40:00	1.04719	1.04724	1.04665	1.0469	1372
2025-03-03 20:45:00	1.04692	1.04747	1.04689	1.04747	1265
2025-03-03 20:50:00	1.04746	1.0479	1.0474	1.04772	677
2025-03-03 20:55:00	1.04775	1.04822	1.04759	1.04819	1136
2025-03-03 21:00:00	1.0482	1.04852	1.04803	1.04849	484
2025-03-03 21:05:00	1.04848	1.04857	1.04833	1.04848	367
2025-03-03 21:10:00	1.04846	1.04864	1.04838	1.04864	193
2025-03-03 21:15:00	1.04865	1.04873	1.04852	1.04865	172
2025-03-03 21:20:00	1.04865	1.04895	1.04865	1.04886	267
2025-03-03 21:25:00	1.04886	1.04905	1.04885	1.04899	180
2025-03-03 21:30:00	1049	1.04925	1.04893	1.04894	458
2025-03-03 21:35:00	1.04894	1.04913	1.04894	1.04908	335
2025-03-03 21:40:00	1.04906	1.0491	1.04899	1.04902	111
2025-03-03 21:45:00	1.04902	1.04907	1.04877	1.04877	241
2025-03-03 21:50:00	1.04874	1.04878	1.04851	1.04855	243
2025-03-03 21:55:00	1.04855	1.04887	1.04853	1.04856	895
2025-03-03 22:00:00	1.04849	1.04873	1.04838	1.04872	26
2025-03-03 22:05:00	1.04879	1.04882	1.04864	1.04864	69
2025-03-03 22:10:00	1.04868	1.04868	1.04795	1.04847	677
2025-03-03 22:15:00	1.04846	1.04856	1.04846	1.04854	152
2025-03-03 22:20:00	1.04853	1.04864	1.04853	1.04857	90
2025-03-03 22:25:00	1.04857	1.04868	1.04857	1.04863	50
2025-03-03 22:30:00	1.04861	1.04865	1.04855	1.04862	30
2025-03-03 22:35:00	1.0486	1.04861	1.04854	1.04861	36
2025-03-03 22:40:00	1.04861	1.04861	1.04852	1.04861	53
2025-03-03 22:45:00	1.04861	1.04869	1.04859	1.04865	105
2025-03-03 22:50:00	1.04864	1.0487	1.04861	1.04868	106
2025-03-03 22:55:00	1.04869	1.04874	1.04856	1.04867	80
2025-03-03 23:00:00	1.04865	1.04889	1.04847	1.04857	69
2025-03-03 23:05:00	1.04856	1.04863	1.04826	1.04836	136
2025-03-03 23:10:00	1.04835	1.04865	1.04835	1.04865	242
2025-03-03 23:15:00	1.04865	1.04883	1.04864	1.04877	157
2025-03-03 23:20:00	1.04878	1.04901	1.04875	1.04901	137
2025-03-03 23:25:00	1.04902	1.04922	1049	1.04913	138
2025-03-03 23:30:00	1.04912	1.04914	1.04874	1.04882	214
2025-03-03 23:35:00	1.04886	1.04907	1.04876	1.04906	149
2025-03-03 23:40:00	1.04904	1.04904	1.04763	1.04805	557
2025-03-03 23:45:00	1.04805	1.04844	1.04805	1.04817	291
2025-03-03 23:50:00	1.04816	1.04864	1.04815	1.04836	422
2025-03-03 23:55:00	1.04836	1.0486	1.04824	1.04851	361
2025-03-04 00:00:00	1.04851	1.04881	1.04842	1.04858	420
2025-03-04 00:05:00	1.04858	1.04883	1.04847	1.04867	360
2025-03-04 00:10:00	1.04869	1.04871	1.04841	1.04857	363
2025-03-04 00:15:00	1.04858	1.04878	1.04826	1.04831	643
2025-03-04 00:20:00	1.04831	1.04847	1.04782	1.04782	474
2025-03-04 00:25:00	1.04782	1.04817	1.04773	1.04813	420
2025-03-04 00:30:00	1.04813	1.04819	1.04768	1.0477	630
2025-03-04 00:35:00	1.04769	1.0482	1.04769	1.04817	604
2025-03-04 00:40:00	1.04816	1.04828	1.04795	1.04797	579
2025-03-04 00:45:00	1.04796	1.04822	1.04764	1.04807	1101
2025-03-04 00:50:00	1.04808	1.04843	1.04799	1.04835	682
2025-03-04 00:55:00	1.04835	1.04886	1.04835	1.0488	541
2025-03-04 01:00:00	1.0488	1.04886	1.04823	1.04839	680
2025-03-04 01:05:00	1.04839	1.04887	1.04832	1.04873	466
2025-03-04 01:10:00	1.04873	1.04887	1.04843	1.04872	678
2025-03-04 01:15:00	1.04869	1.04918	1.04867	1.04914	770
2025-03-04 01:20:00	1.04914	1.04936	1.04902	1.04902	694
2025-03-04 01:25:00	1.04902	1.0493	1.04897	1.04919	759
2025-03-04 01:30:00	1.0492	1.04959	1.04909	1.04942	932
2025-03-04 01:35:00	1.04944	1.04949	1.04922	1.04932	807
2025-03-04 01:40:00	1.04931	1.04948	1.04915	1.04928	565
2025-03-04 01:45:00	1.04928	1.04942	1.04914	1.04934	570
2025-03-04 01:50:00	1.04931	1.04938	1.04895	1.04904	850
2025-03-04 01:55:00	1.04904	1.04905	1.04856	1.04881	941
2025-03-04 02:00:00	1.04882	1049	1.04867	1.04869	703
2025-03-04 02:05:00	1.04869	1.04888	1.04857	1.04864	444
2025-03-04 02:10:00	1.04863	1.0488	1.04854	1.04866	643
2025-03-04 02:15:00	1.04868	1.04868	1.04831	1.04834	533
2025-03-04 02:20:00	1.04833	1.04839	1.04813	1.04831	438
2025-03-04 02:25:00	1.04831	1.04849	1.04825	1.04839	457
2025-03-04 02:30:00	1.04839	1.04844	1.04827	1.04829	979
2025-03-04 02:35:00	1.04827	1.04848	1.04811	1.04812	1089
2025-03-04 02:40:00	1.04812	1.04841	1048	1.04841	837
2025-03-04 02:45:00	1.0484	1.04861	1.04835	1.0486	1016
2025-03-04 02:50:00	1.0486	1.04862	1.04807	1.04815	791
2025-03-04 02:55:00	1.04815	1.0483	1.04805	1.04806	609
2025-03-04 03:00:00	1.04806	1.04812	1.04785	1.04796	923
2025-03-04 03:05:00	1.04796	1.04815	1.04779	1.04792	706
2025-03-04 03:10:00	1.04792	1.04792	1.04768	1.0478	511
2025-03-04 03:15:00	1.04778	1.04825	1.04778	1.04819	521
2025-03-04 03:20:00	1.04819	1.04836	1.04811	1.04829	1033
2025-03-04 03:25:00	1.04828	1.04837	1.04803	1.04805	891
2025-03-04 03:30:00	1.04805	1.04809	1.04785	1.0479	782
2025-03-04 03:35:00	1.04789	1.04792	1.04768	1.04773	425
2025-03-04 03:40:00	1.0477	1.04773	1.04747	1.04761	624
2025-03-04 03:45:00	1.04763	1.04782	1.04756	1.04782	402
2025-03-04 03:50:00	1.04782	1.04796	1.04766	1.04771	540
2025-03-04 03:55:00	1.04772	1.04777	1.04761	1.04771	332
2025-03-04 04:00:00	1.0477	1.04776	1.04714	1.04726	944
2025-03-04 04:05:00	1.04724	1.04731	1.0471	1.04724	773
2025-03-04 04:10:00	1.04724	1.04746	1.04723	1.04745	484
2025-03-04 04:15:00	1.04746	1.04764	1.04738	1.04764	415
2025-03-04 04:20:00	1.04764	1.04797	1.0476	1.04794	815
2025-03-04 04:25:00	1.04794	1.04798	1.04773	1.04777	794
2025-03-04 04:30:00	1.04778	1.04787	1.04766	1.04778	374
2025-03-04 04:35:00	1.04776	1.04788	1.04761	1.04788	401
2025-03-04 04:40:00	1.04786	1.04802	1.04779	1.04789	363
2025-03-04 04:45:00	1.04789	1.04795	1.04779	1.04792	273
2025-03-04 04:50:00	1.0479	1.04803	1.04778	1.04779	338
2025-03-04 04:55:00	1.04779	1.04787	1.04768	1.04778	495
2025-03-04 05:00:00	1.04778	1.04824	1.04708	1.04792	1647
2025-03-04 05:05:00	1.04789	1.04832	1.04783	1.04807	743
2025-03-04 05:10:00	1.04806	1.04826	1.04784	1.04784	656
2025-03-04 05:15:00	1.04784	1.0482	1.04783	1.04819	612
2025-03-04 05:20:00	1.04821	1.04823	1.04792	1.04808	629
2025-03-04 05:25:00	1.04807	1.04821	1.0478	1.0479	403
2025-03-04 05:30:00	1.04791	1.04813	1.04785	1.04801	799
2025-03-04 05:35:00	1048	1.04833	1.04798	1.04816	676
2025-03-04 05:40:00	1.04818	1.04841	1.04809	1.04819	487
2025-03-04 05:45:00	1.04818	1.04829	1.04812	1.04827	444
2025-03-04 05:50:00	1.04828	1.04862	1.04826	1.04849	734
2025-03-04 05:55:00	1.04849	1.0485	1.04825	1.04833	531
2025-03-04 06:00:00	1.04833	1.04836	1.04822	1.04825	657
2025-03-04 06:05:00	1.04827	1.04828	1.04792	1.04794	382
2025-03-04 06:10:00	1.04792	1.04806	1.04789	1.0479	300
2025-03-04 06:15:00	1.04791	1.04854	1.0479	1.04849	456
2025-03-04 06:20:00	1.04851	1.0489	1.0485	1.04885	641
2025-03-04 06:25:00	1.04887	1.04888	1.04867	1.0488	349
2025-03-04 06:30:00	1.04883	1.04894	1.04856	1.04867	432
2025-03-04 06:35:00	1.04866	1.04877	1.04857	1.0487	494
2025-03-04 06:40:00	1.04869	1.04869	1.04831	1.04843	365
2025-03-04 06:45:00	1.04844	1.04846	1.04812	1.04827	443
2025-03-04 06:50:00	1.04829	1.04861	1.04827	1.04849	438
2025-03-04 06:55:00	1.0485	1.04862	1.04835	1.04856	323
2025-03-04 07:00:00	1.0486	1.04907	1.0486	1.04895	919
2025-03-04 07:05:00	1.04895	1.04909	1.04857	1.04875	908
2025-03-04 07:10:00	1.04873	1.04935	1.0486	1.04916	1340
2025-03-04 07:15:00	1.04917	1.04944	1.04902	1.04941	985
2025-03-04 07:20:00	1.0494	1.0494	1.04812	1.04817	995
2025-03-04 07:25:00	1.04816	1.04847	1.04809	1.04834	782
2025-03-04 07:30:00	1.04834	1.04889	1.04811	1.04845	1152
2025-03-04 07:35:00	1.04843	1.04884	1.0481	1.04872	1158
2025-03-04 07:40:00	1.04874	1.0496	1.04864	1.0496	1029
2025-03-04 07:45:00	1.04959	1.04995	1.04933	1.04982	666
2025-03-04 07:50:00	1.04982	1.05003	1.04977	1.04994	1048
2025-03-04 07:55:00	1.04993	1.04993	1.04902	1.04927	1916
2025-03-04 08:00:00	1.04928	1.04956	1.04861	1.04891	1521
2025-03-04 08:05:00	1.0489	1.04955	1.04876	1.04908	1368
2025-03-04 08:10:00	1.04909	1.04967	1.04897	1.04934	1082
2025-03-04 08:15:00	1.04932	1.04984	1.04904	1.04982	783
2025-03-04 08:20:00	1.04981	1.05084	1.04966	1.05077	1067
2025-03-04 08:25:00	1.05078	1.05169	1.05061	1.05169	1396
2025-03-04 08:30:00	1.05168	1.05207	1.0511	1.05144	1726
2025-03-04 08:35:00	1.05142	1.05186	1.05121	1.05183	1069
2025-03-04 08:40:00	1.05184	1.05209	1.05161	1.05195	1186
2025-03-04 08:45:00	1.05196	1.05238	1.05194	1.05208	1446
2025-03-04 08:50:00	1.05208	1.0522	1.05184	1.05199	1014
2025-03-04 08:55:00	1.05198	1.05218	1.05181	1.05187	1052
2025-03-04 09:00:00	1.05187	1.05212	1.05153	1.05201	837
2025-03-04 09:05:00	1052	1.05225	1.05175	1.05209	903
2025-03-04 09:10:00	1.05206	1.05207	1.05147	1.05151	1000
2025-03-04 09:15:00	1.0515	1.05159	1.0512	1.05127	1171
2025-03-04 09:20:00	1.05123	1.05128	1.05095	1.05112	833
2025-03-04 09:25:00	1.05111	1.05178	1.05093	1.05172	997
2025-03-04 09:30:00	1.05173	1.05229	1.05166	1.05222	771
2025-03-04 09:35:00	1.05222	1.05245	1.05191	1.05193	894
2025-03-04 09:40:00	1.05193	1.05221	1.05155	1.05216	1195
2025-03-04 09:45:00	1.05215	1.0527	1.0521	1.0521	1208
2025-03-04 09:50:00	1.0521	1.0521	1.05137	1.05143	932
2025-03-04 09:55:00	1.05143	1.05188	1.05111	1.05118	1154
2025-03-04 10:00:00	1.05119	1.05124	1.05049	1.05064	1447
2025-03-04 10:05:00	1.05064	1.05103	1.05049	1.05087	1063
2025-03-04 10:10:00	1.05085	1.05124	1.05072	1.05124	565
2025-03-04 10:15:00	1.05123	1.05133	1.05084	1.05119	767
2025-03-04 10:20:00	1.05117	1.05118	1.05047	1.05056	632
2025-03-04 10:25:00	1.05054	1.05067	1.05024	1.05049	1120
2025-03-04 10:30:00	1.05049	1.0509	1.05042	1.05082	599
2025-03-04 10:35:00	1.05081	1.05135	1.05077	1.05127	539
2025-03-04 10:40:00	1.05127	1.05165	1.05127	1.05147	574
2025-03-04 10:45:00	1.05148	1.05194	1.05146	1.0516	562
2025-03-04 10:50:00	1.05159	1.05162	1.05117	1.05131	444
2025-03-04 10:55:00	1.05129	1.05139	1.05105	1.05113	341
2025-03-04 11:00:00	1.05112	1.05131	1.05096	1.05131	370
2025-03-04 11:05:00	1.0513	1.05177	1.0513	1.05171	462
2025-03-04 11:10:00	1.0517	1.05196	1.05154	1.05171	525
2025-03-04 11:15:00	1.05172	1.05172	1.05117	1.05119	466
2025-03-04 11:20:00	1.05117	1.0517	1.05101	1.0517	409
2025-03-04 11:25:00	1.05169	1.05208	1.05156	1.0518	468
2025-03-04 11:30:00	1.05177	1.05218	1.05166	1.05216	697
2025-03-04 11:35:00	1.05218	1.05245	1.05196	1.05205	602
2025-03-04 11:40:00	1.05203	1.05246	1.05194	1.05238	500
2025-03-04 11:45:00	1.05238	1.05281	1.05231	1.05263	526
2025-03-04 11:50:00	1.05262	1.05434	1.05256	1.05395	1734
2025-03-04 11:55:00	1.05393	1.05443	1.05368	1.05439	1092
2025-03-04 12:00:00	1.0544	1.05463	1.05376	1.0538	1265
2025-03-04 12:05:00	1.05382	1.05453	1.05358	1.05407	1043
2025-03-04 12:10:00	1.05405	1.05467	1.05393	1.05446	1067
2025-03-04 12:15:00	1.05446	1.0547	1.05417	1.05463	952
2025-03-04 12:20:00	1.05466	1.05502	1.05438	1.05473	895
2025-03-04 12:25:00	1.05471	1055	1.05464	1.05492	882
2025-03-04 12:30:00	1.05489	1.05537	1.05462	1.05476	1051
2025-03-04 12:35:00	1.05474	1.05485	1.05443	1.05448	633
2025-03-04 12:40:00	1.05449	1.05494	1.05421	1.05494	671
2025-03-04 12:45:00	1.05495	1.0553	1.05459	1.05471	669
2025-03-04 12:50:00	1.0547	1.05569	1.05468	1.05537	786
2025-03-04 12:55:00	1.05534	1.05546	1.05501	1.05529	915
2025-03-04 13:00:00	1.05531	1.05546	1.05499	1.05505	1402
2025-03-04 13:05:00	1.05507	1.05575	1.05505	1.05566	1050
2025-03-04 13:10:00	1.05566	1.05596	1.05519	1.0553	864
2025-03-04 13:15:00	1.05528	1.05539	1.05473	1.05478	1414
2025-03-04 13:20:00	1.05478	1.05478	1.05391	1.05404	1618
2025-03-04 13:25:00	1.05406	1.05431	1.05375	1.05394	924
2025-03-04 13:30:00	1.05394	1.05416	1.05357	1.05374	1020
2025-03-04 13:35:00	1.05373	1.05405	1.05345	1.05347	1028
2025-03-04 13:40:00	1.05346	1.05372	1.05305	1.05372	1308
2025-03-04 13:45:00	1.05371	1.05398	1.05347	1.05386	1035
2025-03-04 13:50:00	1.05388	1.05408	1.0536	1.05375	1098
2025-03-04 13:55:00	1.05377	1.05432	1.05364	1.05388	1245
2025-03-04 14:00:00	1.05389	1.05455	1.05374	1.05435	1749
2025-03-04 14:05:00	1.05437	1.05483	1.05417	1.05464	1370
2025-03-04 14:10:00	1.05465	1.05469	1.05363	1.05368	1199
2025-03-04 14:15:00	1.05369	1.05369	1.05302	1.05305	1040
2025-03-04 14:20:00	1.05304	1.05304	1.05249	1.0527	979
2025-03-04 14:25:00	1.05269	1.05335	1.05225	1.05281	1408
2025-03-04 14:30:00	1.05279	1.05319	1.05246	1.05248	1237
2025-03-04 14:35:00	1.05251	1.05288	1.05217	1.05221	1490
2025-03-04 14:40:00	1.05221	1.0528	1.05218	1.05267	1613
2025-03-04 14:45:00	1.05269	1.05286	1.05225	1.05228	1415
2025-03-04 14:50:00	1.05229	1.05277	1.05219	1.05241	1515
2025-03-04 14:55:00	1.05242	1.05265	1.05204	1.05212	1509
2025-03-04 15:00:00	1.05211	1.05215	1.0515	1.05203	1671
2025-03-04 15:05:00	1.05203	1.05236	1.05191	1.05234	1257
2025-03-04 15:10:00	1.05234	1.05262	1.05186	1.05191	1055
2025-03-04 15:15:00	1.0519	1.05201	1.0504	1.05057	1342
2025-03-04 15:20:00	1.05057	1.05092	1.04962	1.05086	2560
2025-03-04 15:25:00	1.05086	1.05151	1.0504	1.05148	1566
2025-03-04 15:30:00	1.0515	1.05151	1.05096	1.05149	1712
2025-03-04 15:35:00	1.05149	1.05152	1.05097	1.05123	1360
2025-03-04 15:40:00	1.05123	1.05217	1.05085	1.05215	1166
2025-03-04 15:45:00	1.05216	1.05236	1.05191	1.05229	916
2025-03-04 15:50:00	1.05228	1.05258	1.05212	1.05235	1084
2025-03-04 15:55:00	1.05237	1.05279	1.05227	1.05263	1533
2025-03-04 16:00:00	1.0526	1.05292	1.05244	1.05272	1330
2025-03-04 16:05:00	1.05273	1.05273	1.05151	1.05156	1562
2025-03-04 16:10:00	1.05157	1.05264	1.05151	1.05257	1032
2025-03-04 16:15:00	1.05256	1.05288	1.05248	1.05284	906
2025-03-04 16:20:00	1.05283	1.05394	1.05282	1053	1390
2025-03-04 16:25:00	1053	1.05314	1.05251	1.05259	930
2025-03-04 16:30:00	1.05258	1.05296	1.05245	1.05247	1510
2025-03-04 16:35:00	1.05247	1053	1.05237	1.05282	1097
2025-03-04 16:40:00	1.05281	1.05369	1.05271	1.05353	1305
2025-03-04 16:45:00	1.05351	1.05365	1.05326	1.05342	1087
2025-03-04 16:50:00	1.05342	1.05356	1.05292	1.05302	1060
2025-03-04 16:55:00	1.05303	1.05347	1.05303	1.05335	1017
2025-03-04 17:00:00	1.05334	1.05407	1.05334	1.05386	1093
2025-03-04 17:05:00	1.05386	1.05401	1.05324	1.05333	1114
2025-03-04 17:10:00	1.05332	1.05361	1.0532	1.05326	775
2025-03-04 17:15:00	1.05326	1.05352	1.05306	1.05329	782
2025-03-04 17:20:00	1.05328	1.05372	1.05321	1.05353	857
2025-03-04 17:25:00	1.05353	1.05388	1.05346	1.05372	1124
2025-03-04 17:30:00	1.05372	1.05398	1.05344	1.05394	820
2025-03-04 17:35:00	1.05395	1.05412	1.0537	1.05391	725
2025-03-04 17:40:00	1.05393	1.05405	1.05304	1.05367	2420
2025-03-04 17:45:00	1.05368	1.05413	1.05364	1.05401	871
2025-03-04 17:50:00	1054	1.05418	1.05386	1.05415	699
2025-03-04 17:55:00	1.05417	1.05439	1.05405	1.05415	713
2025-03-04 18:00:00	1.05414	1.05431	1.05376	1.05387	568
2025-03-04 18:05:00	1.05386	1.05567	1.05382	1.05548	2055
2025-03-04 18:10:00	1.05548	1.05717	1.05537	1.05688	2242
2025-03-04 18:15:00	1.05689	1.05695	1.05637	1.05642	1302
2025-03-04 18:20:00	1.05643	1.05664	1.05622	1.05633	1160
2025-03-04 18:25:00	1.05638	1.05733	1.05599	1.05728	1466
2025-03-04 18:30:00	1.05729	1.05755	1057	1.05731	996
2025-03-04 18:35:00	1.05731	1.05804	1.0572	1.05793	1112
2025-03-04 18:40:00	1.05793	1.05819	1.05752	1.05817	773
2025-03-04 18:45:00	1.05816	1.05822	1.05756	1.05794	1292
2025-03-04 18:50:00	1.05795	1.05872	1.05786	1.05867	1073
2025-03-04 18:55:00	1.05868	1.05911	1.05856	1.05904	1084
2025-03-04 19:00:00	1.05903	1.0598	1.05899	1.05962	1486
2025-03-04 19:05:00	1.05964	1.05992	1.0594	1.05974	1032
2025-03-04 19:10:00	1.05976	1.05978	1.05874	1.05875	973
2025-03-04 19:15:00	1.05876	1.05932	1.05863	1.05911	776
2025-03-04 19:20:00	1.05911	1.05972	1.0591	1.05959	845
2025-03-04 19:25:00	1.05959	1.05967	1.05908	1.05949	939
2025-03-04 19:30:00	1.05949	1.05962	1.05912	1.05927	920
2025-03-04 19:35:00	1.05929	1.0596	1.05917	1.05951	678
2025-03-04 19:40:00	1.05953	1.05989	1.05928	1.05986	644
2025-03-04 19:45:00	1.05987	1.05991	1.05955	1.05969	630
2025-03-04 19:50:00	1.0597	1.05999	1.0597	1.05987	567
2025-03-04 19:55:00	1.05986	1.06019	1.05971	1.06006	832
2025-03-04 20:00:00	1.06005	1.06066	1.06004	1.06061	716
2025-03-04 20:05:00	1.06062	1.06079	1.06034	1.06055	716
2025-03-04 20:10:00	1.06056	1.06145	1.06048	1.06145	790
2025-03-04 20:15:00	1.06144	1.06208	1.06105	1.06208	877
2025-03-04 20:20:00	1.06208	1.06236	1.06166	1.06229	972
2025-03-04 20:25:00	1.06228	1.06235	1.06168	1.0617	951
2025-03-04 20:30:00	1.06169	1.0617	1.06055	1.06062	1351
2025-03-04 20:35:00	1.06064	1.06083	1.0605	1.06066	1177
2025-03-04 20:40:00	1.06065	1.06095	1.06029	1.06073	1130
2025-03-04 20:45:00	1.06076	1.06134	1.06076	1.06112	767
2025-03-04 20:50:00	1.06113	1.06137	1.06063	1.06109	1411
2025-03-04 20:55:00	1.0611	1.0611	1.06079	1.06082	1531
2025-03-04 21:00:00	1.06085	1.06127	1.06085	1.06115	727
2025-03-04 21:05:00	1.06115	1.06125	1.06094	1.06103	892
2025-03-04 21:10:00	1.06101	1.06186	1.06082	1061	726
2025-03-04 21:15:00	1.06098	1.06181	1.06083	1.06132	920
2025-03-04 21:20:00	1.06129	1.06272	1.06085	1.06242	1004
2025-03-04 21:25:00	1.06241	1.0625	1.06182	1.06241	1031
2025-03-04 21:30:00	1.06239	1.06258	1.06198	1.06198	526
2025-03-04 21:35:00	1.06198	1.06214	1.06172	1062	370
2025-03-04 21:40:00	1.06201	1.06211	1.06175	1.06211	419
2025-03-04 21:45:00	1.0621	1.06236	1.06201	1.06233	611
2025-03-04 21:50:00	1.06231	1.06239	1.06199	1.06235	636
2025-03-04 21:55:00	1.06235	1.06271	1.06234	1.06253	751
2025-03-04 22:00:00	1.06254	1.06254	1.06203	1.06204	104
2025-03-04 22:05:00	1.06204	1.06247	1.06195	1.06235	493
2025-03-04 22:10:00	1.06237	1.06251	1.06218	1.06249	378
2025-03-04 22:15:00	1.06246	1.06246	1.06203	1.06214	402
2025-03-04 22:20:00	1.06216	1.06217	1.06177	1.06186	276
2025-03-04 22:25:00	1.06187	1.06188	1.06176	1.0618	150
2025-03-04 22:30:00	1.06179	1.06184	1.06177	1.06184	148
2025-03-04 22:35:00	1.06184	1.06186	1.0618	1.06186	262
2025-03-04 22:40:00	1.06187	1.06188	1.06175	1.06185	90
2025-03-04 22:45:00	1.06183	1.06185	1.06168	1.06181	283
2025-03-04 22:50:00	1.06184	1.06197	1.06183	1.06194	227
2025-03-04 22:55:00	1.06194	1062	1.06181	1.06191	518
2025-03-04 23:00:00	1.06191	1.06294	1.06191	1.06292	545
2025-03-04 23:05:00	1.06291	1.06329	1.06279	1.06327	296
2025-03-04 23:10:00	1.06327	1.06369	1.06325	1.06352	414
2025-03-04 23:15:00	1.06354	1.06354	1.06314	1.06316	195
2025-03-04 23:20:00	1.06316	1.06316	1.0621	1.06227	568
2025-03-04 23:25:00	1.06228	1.0626	1.06207	1.06257	371
2025-03-04 23:30:00	1.06255	1.06291	1.06236	1.06245	275
2025-03-04 23:35:00	1.06248	1.06256	1.06221	1.06249	167
2025-03-04 23:40:00	1.06249	1.06256	1.06242	1.06249	169
2025-03-04 23:45:00	1.0625	1.06255	1.06241	1.06251	448
2025-03-04 23:50:00	1.06251	1.06279	1.06249	1.06256	154
2025-03-04 23:55:00	1.0626	1.06281	1.06227	1.0623	411
2025-03-05 00:00:00	1.0623	1.06237	1.06168	1.06178	764
2025-03-05 00:05:00	1.06179	1.06191	1.06151	1.06189	431
2025-03-05 00:10:00	1.06188	1.06194	1.06147	1.06148	346
2025-03-05 00:15:00	1.06146	1.06156	1.06113	1.06148	518
2025-03-05 00:20:00	1.06147	1.06166	1.06105	1.06105	479
2025-03-05 00:25:00	1.06106	1.0616	1.06106	1.0616	401
2025-03-05 00:30:00	1.06159	1.06209	1.06139	1.06139	1041
2025-03-05 00:35:00	1.06138	1.06188	1.06138	1.0614	867
2025-03-05 00:40:00	1.06139	1.06194	1.06134	1.06181	664
2025-03-05 00:45:00	1.06181	1.06196	1.06166	1.06182	419
2025-03-05 00:50:00	1.0618	1.06272	1.06152	1.06266	622
2025-03-05 00:55:00	1.06264	1.06273	1.06204	1.06207	568
2025-03-05 01:00:00	1.06209	1.06221	1.06157	1.06172	655
2025-03-05 01:05:00	1.06171	1.06217	1.06148	1.06191	392
2025-03-05 01:10:00	1.06191	1062	1.06166	1062	705
2025-03-05 01:15:00	1062	1.06253	1062	1.06239	923
2025-03-05 01:20:00	1.06237	1.06274	1.06205	1.06217	845
2025-03-05 01:25:00	1.06217	1.06253	1.06162	1.06169	921
2025-03-05 01:30:00	1.06173	1.0618	1.06084	1.0615	2293
2025-03-05 01:35:00	1.06149	1.06186	1.06137	1.06149	874
2025-03-05 01:40:00	1.0615	1.0615	1.06114	1.06124	1297
2025-03-05 01:45:00	1.06123	1.06168	1.06117	1.06149	702
2025-03-05 01:50:00	1.06151	1.06182	1.06149	1.06151	590
2025-03-05 01:55:00	1.06151	1.06156	1.06117	1.06125	731
2025-03-05 02:00:00	1.06126	1.0614	1.06107	1.06127	1816
2025-03-05 02:05:00	1.06128	1.06138	1.06062	1.0609	1312
2025-03-05 02:10:00	1.06091	1.06111	1.0607	1.06095	1320
2025-03-05 02:15:00	1.06095	1.06155	1.06085	1.06116	1005
2025-03-05 02:20:00	1.06122	1.06122	1.06076	1.06087	863
2025-03-05 02:25:00	1.06088	1.06088	1.06055	1.06062	1019
2025-03-05 02:30:00	1.06064	1.0608	1.06043	1.06047	1163
2025-03-05 02:35:00	1.06047	1.06066	1.06036	1.0606	1445
2025-03-05 02:40:00	1.06058	1.06086	1.06048	1.06077	860
2025-03-05 02:45:00	1.06076	1.06106	1.06058	1.06087	779
2025-03-05 02:50:00	1.06086	1.06091	1.06048	1.06061	875
2025-03-05 02:55:00	1.06065	1.06068	1.06038	1.0604	1049
2025-03-05 03:00:00	1.0604	1.06063	1.06018	1.06043	1139
2025-03-05 03:05:00	1.06041	1.0605	1.06029	1.06042	769
2025-03-05 03:10:00	1.06043	1.06063	1.06035	1.0606	1109
2025-03-05 03:15:00	1.06061	1.0609	1.06058	1.06086	1303
2025-03-05 03:20:00	1.06086	1.06096	1.06073	1.06076	883
2025-03-05 03:25:00	1.06076	1.06084	1.0606	1.06074	491
2025-03-05 03:30:00	1.06076	1.06097	1.06072	1.06077	853
2025-03-05 03:35:00	1.06079	1.06099	1.06073	1.06082	903
2025-03-05 03:40:00	1.06083	1.06086	1.06062	1.06063	672
2025-03-05 03:45:00	1.06063	1.06202	1.06055	1.06161	1384
2025-03-05 03:50:00	1.06161	1.06176	1.06129	1.0614	849
2025-03-05 03:55:00	1.06141	1.06185	1.06137	1.0618	718
2025-03-05 04:00:00	1.06181	1.06218	1.06179	1.06205	729
2025-03-05 04:05:00	1.06206	1.06217	1.06197	1.06216	785
2025-03-05 04:10:00	1.06215	1.06217	1.06197	1.06209	313
2025-03-05 04:15:00	1.06208	1.06212	1.06176	1.06181	264
2025-03-05 04:20:00	1.06181	1.06183	1.06161	1.06163	362
2025-03-05 04:25:00	1.06161	1.06175	1.06152	1.06162	629
2025-03-05 04:30:00	1.06161	1.06196	1.06155	1.06196	496
2025-03-05 04:35:00	1.06197	1.06256	1.06196	1.06239	688
2025-03-05 04:40:00	1.06237	1.0624	1.0621	1.0621	488
2025-03-05 04:45:00	1.06209	1.0621	1.06188	1.06193	354
2025-03-05 04:50:00	1.06193	1.06195	1.06168	1.06178	421
2025-03-05 04:55:00	1.06179	1.06189	1.06174	1.06189	759
2025-03-05 05:00:00	1.06188	1.06203	1.06187	1.06201	647
2025-03-05 05:05:00	1.06202	1.06233	1.06202	1.06233	566
2025-03-05 05:10:00	1.06231	1.06242	1.06214	1.06236	487
2025-03-05 05:15:00	1.06238	1.06241	1.06217	1.06217	619
2025-03-05 05:20:00	1.06213	1.06218	1.06196	1062	363
2025-03-05 05:25:00	1062	1.06208	1.06191	1.06193	403
2025-03-05 05:30:00	1.06192	1.06209	1.06186	1.06192	471
2025-03-05 05:35:00	1.0619	1.06232	1.0619	1.06224	450
2025-03-05 05:40:00	1.06223	1.06238	1.06215	1.06222	560
2025-03-05 05:45:00	1.06224	1.06253	1.06222	1.06246	599
2025-03-05 05:50:00	1.06248	1.06301	1.06248	1.06287	656
2025-03-05 05:55:00	1.06285	1.06323	1.06283	1.06312	652
2025-03-05 06:00:00	1.06313	1.06348	1.06305	1.06315	1044
2025-03-05 06:05:00	1.06315	1.06355	1.06309	1.0634	705
2025-03-05 06:10:00	1.0634	1.06383	1.06329	1.06383	751
2025-03-05 06:15:00	1.06383	1.06388	1.06365	1.06366	1010
2025-03-05 06:20:00	1.06365	1.06365	1.06296	1.06299	869
2025-03-05 06:25:00	1063	1063	1.06257	1.06264	1379
2025-03-05 06:30:00	1.06265	1.06296	1.06256	1.06287	590
2025-03-05 06:35:00	1.0629	1.06332	1.06287	1.06331	755
2025-03-05 06:40:00	1.06332	1.06334	1.0629	1.06291	631
2025-03-05 06:45:00	1.0629	1.06296	1.06252	1.06253	635
2025-03-05 06:50:00	1.06255	1.06287	1.06241	1.06286	959
2025-03-05 06:55:00	1.06285	1.06344	1.0628	1.06322	772
2025-03-05 07:00:00	1.06321	1.06426	1.06312	1.06419	1710
2025-03-05 07:05:00	1.06418	1.06437	1.06327	1.06334	1329
2025-03-05 07:10:00	1.06336	1.06351	1.06309	1.0632	834
2025-03-05 07:15:00	1.0632	1.06342	1.06294	1.06331	990
2025-03-05 07:20:00	1.06331	1.06427	1.06328	1.06407	1494
2025-03-05 07:25:00	1.06408	1.06562	1.06408	1.0652	2149
2025-03-05 07:30:00	1.06523	1.06607	1.0648	1.06596	1721
2025-03-05 07:35:00	1.06596	1.06684	1.06576	1.06651	1275
2025-03-05 07:40:00	1.06652	1.06674	1.06598	1.06633	1272
2025-03-05 07:45:00	1.06632	1.06632	1.06519	1.06583	1780
2025-03-05 07:50:00	1.06584	1.06699	1.06561	1.06671	1553
2025-03-05 07:55:00	1.0667	1.06763	1.0665	1.06745	1549
2025-03-05 08:00:00	1.06743	1.06743	1.06607	1.06622	1963
2025-03-05 08:05:00	1.0662	1.06732	1.06585	1.0672	1964
2025-03-05 08:10:00	1.06719	1.06819	1.06715	1.06819	1700
2025-03-05 08:15:00	1.0682	1.06878	1.06806	1.06875	1562
2025-03-05 08:20:00	1.06875	1.06885	1.06827	1.06862	1499
2025-03-05 08:25:00	1.0686	1.06885	1.06821	1.06876	1421
2025-03-05 08:30:00	1.06877	1.06877	1.06761	1.06761	1871
2025-03-05 08:35:00	1.06764	1.06821	1.06737	1.06815	1488
2025-03-05 08:40:00	1.06817	1.06898	1.06806	1.06895	968
2025-03-05 08:45:00	1.06896	1.06949	1.06877	1.06909	1449
2025-03-05 08:50:00	1.06911	1.06983	1.06902	1.0697	1515
2025-03-05 08:55:00	1.06969	1.06996	1.06928	1.06977	1650
2025-03-05 09:00:00	1.06981	1.07142	1.06965	1.07108	1608
2025-03-05 09:05:00	1.07106	1.07112	1.06991	1.06993	2144
2025-03-05 09:10:00	1.06993	1.07009	1.06954	1.06985	1637
2025-03-05 09:15:00	1.06987	1.07048	1.06963	1.07038	1276
2025-03-05 09:20:00	1.07039	1.0711	1.07039	1.07082	983
2025-03-05 09:25:00	1.07083	1.07129	1.07082	1.07123	1069
2025-03-05 09:30:00	1.0712	1.0722	1.0712	1.07185	1267
2025-03-05 09:35:00	1.07186	1.07186	1.07099	1.07104	1060
2025-03-05 09:40:00	1.07103	1.07149	1.07094	1.07099	1086
2025-03-05 09:45:00	1.07098	1.07105	1.07066	1.07086	900
2025-03-05 09:50:00	1.07086	1.07171	1.0707	1.07166	861
2025-03-05 09:55:00	1.07167	1.0719	1.0711	1.07116	928
2025-03-05 10:00:00	1.07115	1.0715	1.07064	1.07075	1255
2025-03-05 10:05:00	1.07074	1.07107	1.07043	1.07046	1089
2025-03-05 10:10:00	1.07045	1.07046	1.06986	1.07031	677
2025-03-05 10:15:00	1.07031	1.07065	1.07	1.07055	635
2025-03-05 10:20:00	1.07054	1.07069	1.06957	1.06959	1171
2025-03-05 10:25:00	1.06959	1.06968	1.06834	1.06875	1936
2025-03-05 10:30:00	1.06875	1.06942	1.06872	1.06924	852
2025-03-05 10:35:00	1.06922	1.0694	1.06896	1.06914	785
2025-03-05 10:40:00	1.06915	1.06949	1.06897	1.06901	661
2025-03-05 10:45:00	1069	1.06926	1.06896	1.06916	724
2025-03-05 10:50:00	1.06914	1.06938	1.06908	1.06936	575
2025-03-05 10:55:00	1.06935	1.06975	1.06914	1.06969	881
2025-03-05 11:00:00	1.0697	1.06984	1.06919	1.0693	573
2025-03-05 11:05:00	1.06929	1.06931	1.06828	1.06839	702
2025-03-05 11:10:00	1.06838	1.0687	1.06835	1.06853	667
2025-03-05 11:15:00	1.06854	1.06891	1.06817	1.0689	699
2025-03-05 11:20:00	1.06892	1.06897	1.06764	1.0677	1010
2025-03-05 11:25:00	1.06769	1.06807	1.06766	1.06804	947
2025-03-05 11:30:00	1.06802	1.0681	1.06779	1.06782	882
2025-03-05 11:35:00	1.06781	1.06846	1.0677	1.06836	822
2025-03-05 11:40:00	1.06835	1.06867	1.06817	1.06818	685
2025-03-05 11:45:00	1.06816	1.06829	1.06794	1.06795	608
2025-03-05 11:50:00	1.06795	1.06839	1.06764	1.06831	955
2025-03-05 11:55:00	1.06834	1.06835	1.06768	1.06787	855
2025-03-05 12:00:00	1.06787	1.06912	1.06784	1.06849	1774
2025-03-05 12:05:00	1.06848	1.06942	1.06848	1.06938	1066
2025-03-05 12:10:00	1.06937	1.06968	1.06923	1.06967	900
2025-03-05 12:15:00	1.0697	1.06975	1.06924	1.06941	708
2025-03-05 12:20:00	1.06943	1.07006	1.0694	1.06986	710
2025-03-05 12:25:00	1.06988	1.07032	1.06971	1.07029	705
2025-03-05 12:30:00	1.0703	1.07074	1.06998	1.07042	816
2025-03-05 12:35:00	1.07042	1.07099	1.07028	1.07091	660
2025-03-05 12:40:00	1.07091	1.0713	1.07073	1.07127	742
2025-03-05 12:45:00	1.07129	1.0714	1.06999	1.0701	1158
2025-03-05 12:50:00	1.0701	1.07016	1.06974	1.06995	1034
2025-03-05 12:55:00	1.06993	1.06993	1.06937	1.06955	914
2025-03-05 13:00:00	1.06959	1.07001	1.06867	1.06953	2249
2025-03-05 13:05:00	1.06953	1.06975	1.06914	1.06937	1689
2025-03-05 13:10:00	1.06938	1.06979	1.06898	1.06922	1525
2025-03-05 13:15:00	1.06924	1.0708	1.06919	1.0699	2001
2025-03-05 13:20:00	1.06984	1.0705	1.06979	1.07012	1394
2025-03-05 13:25:00	1.0701	1.07085	1.06987	1.07067	1104
2025-03-05 13:30:00	1.07068	1.07193	1.07056	1.0714	1501
2025-03-05 13:35:00	1.07142	1.07155	1.0708	1.07135	1691
2025-03-05 13:40:00	1.07134	1.0714	1.07041	1.07051	1090
2025-03-05 13:45:00	1.07053	1.07225	1.07053	1.07216	1434
2025-03-05 13:50:00	1.07216	1.07218	1.07124	1.07201	1581
2025-03-05 13:55:00	1.07201	1.07201	1.07151	1.07157	1311
2025-03-05 14:00:00	1.07157	1.07216	1.07137	1.07216	1370
2025-03-05 14:05:00	1.07217	1.07411	1.07211	1.07321	2377
2025-03-05 14:10:00	1.07318	1.07398	1.07314	1.07355	1113
2025-03-05 14:15:00	1.07355	1.0736	1.07214	1.0728	1307
2025-03-05 14:20:00	1.07281	1.07331	1.07255	1.07331	1105
2025-03-05 14:25:00	1.0733	1.07521	1.07327	1.07505	1549
2025-03-05 14:30:00	1.07512	1.07636	1.07483	1.0757	2526
2025-03-05 14:35:00	1.07573	1.07626	1.07529	1.07596	1745
2025-03-05 14:40:00	1.07598	1.07769	1.07591	1.07618	2286
2025-03-05 14:45:00	1.07622	1.07681	1.07566	1.07605	2312
2025-03-05 14:50:00	1.07606	1.07722	1.07598	1.0767	2171
2025-03-05 14:55:00	1.07668	1.07705	1.07616	1.07691	1959
2025-03-05 15:00:00	1.07684	1.07705	1.07512	1.07579	3561
2025-03-05 15:05:00	1.07583	1.07684	1.07571	1.07601	2457
2025-03-05 15:10:00	1.07602	1.07607	1.0742	1.07424	2369
2025-03-05 15:15:00	1.07424	1.07559	1.07413	1.07551	2081
2025-03-05 15:20:00	1.07551	1.07558	1.07425	1.07433	2090
2025-03-05 15:25:00	1.07434	1.07543	1.07408	1.0754	1801
2025-03-05 15:30:00	1.07541	1.07594	1.07481	1075	1939
2025-03-05 15:35:00	1075	1.07612	1.07499	1.07585	1179
2025-03-05 15:40:00	1.07586	1.07597	1.07526	1.07556	1608
2025-03-05 15:45:00	1.07556	1.07622	1.07532	1.07558	2123
2025-03-05 15:50:00	1.07556	1.0769	1.07555	1.07587	1732
2025-03-05 15:55:00	1.07588	1.07651	1.07541	1.07649	1858
2025-03-05 16:00:00	1.07651	1.07767	1.0761	1.07759	1713
2025-03-05 16:05:00	1.07754	1.07847	1.07729	1.07842	1341
2025-03-05 16:10:00	1.07842	1.07866	1.07722	1.07781	1802
2025-03-05 16:15:00	1.07783	1.0781	1.07705	1.07708	1456
2025-03-05 16:20:00	1.07709	1.07759	1.07696	1.07745	778
2025-03-05 16:25:00	1.07748	1.07758	1.07699	1.07712	1283
2025-03-05 16:30:00	1.07711	1.07714	1.0763	1.0763	1459
2025-03-05 16:35:00	1.0763	1.07726	1.0763	1.07702	1063
2025-03-05 16:40:00	1.07703	1.07738	1.07652	1.07666	1077
2025-03-05 16:45:00	1.07666	1.07712	1.0765	1.07684	1468
2025-03-05 16:50:00	1.07682	1.07723	1.07646	1.07723	1042
2025-03-05 16:55:00	1.07721	1.07832	1.0762	1.07668	2519
2025-03-05 17:00:00	1.07666	1.07742	1.07622	1.07732	2237
2025-03-05 17:05:00	1.07733	1.07786	1.07701	1.07776	1618
2025-03-05 17:10:00	1.07777	1.07851	1.07772	1.07816	1419
2025-03-05 17:15:00	1.07814	1.07822	1.07726	1.07732	1621
2025-03-05 17:20:00	1.0773	1.07861	1.07722	1.07833	1155
2025-03-05 17:25:00	1.07833	1.07847	1.07809	1.0784	1135
2025-03-05 17:30:00	1.07841	1.07862	1.07812	1.07815	974
2025-03-05 17:35:00	1.07813	1.07842	1.07799	1.07839	943
2025-03-05 17:40:00	1.07841	1.07877	1.07835	1.07844	1015
2025-03-05 17:45:00	1.07846	1.07867	1.07819	1.07862	888
2025-03-05 17:50:00	1.07863	1.0787	1.07831	1.07835	1096
2025-03-05 17:55:00	1.07833	1.07851	1.07795	1.07851	965
2025-03-05 18:00:00	1.07852	1.07887	1.07837	1.07853	1300
2025-03-05 18:05:00	1.07852	1.07854	1.07648	1.07698	2469
2025-03-05 18:10:00	1.07698	1.0776	1.07687	1.07755	1862
2025-03-05 18:15:00	1.07755	1.07837	1.07754	1.07824	1277
2025-03-05 18:20:00	1.07824	1.07836	1.07805	1.07809	1273
2025-03-05 18:25:00	1.07809	1.07809	1.07723	1.0773	1106
2025-03-05 18:30:00	1.07729	1.07782	1.07715	1.07717	953
2025-03-05 18:35:00	1.07718	1.07719	1.07674	1.07689	1268
2025-03-05 18:40:00	1.07688	1.07711	1.07654	1.07667	857
2025-03-05 18:45:00	1.07667	1.07685	1.07637	1.07659	1017
2025-03-05 18:50:00	1.07661	1.07726	1.07652	1.07695	993
2025-03-05 18:55:00	1.07695	1.07737	1.07695	1.07734	659
2025-03-05 19:00:00	1.07736	1.07742	1.07713	1.07723	715
2025-03-05 19:05:00	1.07726	1.07756	1.07697	1.07751	779
2025-03-05 19:10:00	1.0775	1.07761	1.07714	1.07753	1098
2025-03-05 19:15:00	1.07754	1.0776	1.07727	1.07751	874
2025-03-05 19:20:00	1.07751	1.07779	1.0773	1.0777	1071
2025-03-05 19:25:00	1.07771	1.07799	1.07768	1.07788	1171
2025-03-05 19:30:00	1.07786	1.0784	1.07786	1.0783	888
2025-03-05 19:35:00	1.07836	1.07852	1.07835	1.07849	904
2025-03-05 19:40:00	1.07848	1.07857	1.07834	1.0785	820
2025-03-05 19:45:00	1.07851	1.07883	1.07839	1.0788	938
2025-03-05 19:50:00	1.0788	1.07907	1.07871	1.07886	799
2025-03-05 19:55:00	1.07885	1.07907	1.07883	1079	867
2025-03-05 20:00:00	1079	1.07941	1.07883	1.07934	678
2025-03-05 20:05:00	1.07934	1.07938	1.07894	1.07894	523
2025-03-05 20:10:00	1.07892	1.07904	1.07876	1.07903	501
2025-03-05 20:15:00	1.07902	1.07932	1.07886	1.07932	612
2025-03-05 20:20:00	1.0793	1.0794	1.07915	1.07922	528
2025-03-05 20:25:00	1.07922	1.07948	1.0792	1.07945	268
2025-03-05 20:30:00	1.07944	1.07947	1.07927	1.07939	456
2025-03-05 20:35:00	1.07936	1.07947	1.07934	1.07944	247
2025-03-05 20:40:00	1.07946	1.07965	1.07944	1.0796	306
2025-03-05 20:45:00	1.07962	1.07962	1.07946	1.07958	290
2025-03-05 20:50:00	1.07957	1.07957	1.07917	1.07927	524
2025-03-05 20:55:00	1.07927	1.07937	1.07908	1.0792	529
2025-03-05 21:00:00	1.07921	1.07928	1.07877	1.07881	630
2025-03-05 21:05:00	1.0788	1.07888	1.07855	1.07877	502
2025-03-05 21:10:00	1.07877	1.07881	1.07854	1.07867	237
2025-03-05 21:15:00	1.07867	1.07874	1.07856	1.07865	242
2025-03-05 21:20:00	1.07865	1.07875	1.07861	1.07869	262
2025-03-05 21:25:00	1.0787	1.07907	1.07868	1.07905	431
2025-03-05 21:30:00	1.07905	1.07909	1.07902	1.07908	246
2025-03-05 21:35:00	1.07909	1.07915	1.07905	1.0791	199
2025-03-05 21:40:00	1.0791	1.07921	1.07904	1.07906	437
2025-03-05 21:45:00	1.07906	1.07913	1.07895	1.07909	421
2025-03-05 21:50:00	1.07908	1.07914	1.07898	1.07899	419
2025-03-05 21:55:00	1.07898	1.07899	1.07857	1.07857	848
2025-03-05 22:00:00	1.07854	1.07895	1.07853	1.07895	51
2025-03-05 22:05:00	1.07901	1.07902	1.07873	1.07873	41
2025-03-05 22:10:00	1.07863	1.07897	1.07861	1.07896	105
2025-03-05 22:15:00	1.07892	1.07898	1.07892	1.07897	57
2025-03-05 22:20:00	1.07894	1.07904	1.07894	1.07903	25
2025-03-05 22:25:00	1.07903	1.07911	1.07902	1.07906	26
2025-03-05 22:30:00	1.07907	1.07917	1.07891	1.07903	322
2025-03-05 22:35:00	1.07903	1.07922	1.07893	1.07893	252
2025-03-05 22:40:00	1.07897	1.07898	1.07889	1.07895	18
2025-03-05 22:45:00	1.07895	1.07899	1.07895	1.07897	61
2025-03-05 22:50:00	1.07899	1.07917	1.07895	1.07916	92
2025-03-05 22:55:00	1.07916	1.07916	1079	1.07901	209
2025-03-05 23:00:00	1.07904	1.07947	1079	1.07944	384
2025-03-05 23:05:00	1.07943	1.07944	1.07897	1.07904	208
2025-03-05 23:10:00	1.07909	1.07911	1.07894	1.07903	279
2025-03-05 23:15:00	1.07903	1.07903	1.07869	1.07882	292
2025-03-05 23:20:00	1.07881	1.07926	1.07881	1.07909	234
2025-03-05 23:25:00	1.07909	1.07917	1.07901	1.07915	117
2025-03-05 23:30:00	1.07915	1.07915	1.07883	1.07884	199
2025-03-05 23:35:00	1.07885	1.07923	1.07878	1.07921	271
2025-03-05 23:40:00	1.07923	1.07941	1.07905	1.07931	343
2025-03-05 23:45:00	1.07929	1.07941	1.07927	1.07933	196
2025-03-05 23:50:00	1.07933	1.0795	1.07932	1.07949	249
2025-03-05 23:55:00	1.07948	1.07949	1.07929	1.07941	310
2025-03-06 00:00:00	1.07942	1.07981	1.07936	1.07974	420
2025-03-06 00:05:00	1.07974	1.07975	1.07919	1.07921	763
2025-03-06 00:10:00	1.07919	1.07933	1.07907	1.07933	357
2025-03-06 00:15:00	1.07933	1.07997	1.07933	1.07993	437
2025-03-06 00:20:00	1.07995	1.07995	1.07935	1.07935	524
2025-03-06 00:25:00	1.07933	1.07963	1.07871	1.0796	555
2025-03-06 00:30:00	1.07959	1.0801	1.07947	1.07988	526
2025-03-06 00:35:00	1.07987	1.07987	1.07959	1.07984	324
2025-03-06 00:40:00	1.07986	1.08001	1.0797	1.07999	400
2025-03-06 00:45:00	1.07998	1.08006	1.07979	1.07989	374
2025-03-06 00:50:00	1.0799	1.08028	1.07974	1.08023	607
2025-03-06 00:55:00	1.08021	1.08021	1.07932	1.07942	598
2025-03-06 01:00:00	1.07942	1.07968	1.0791	1.07946	951
2025-03-06 01:05:00	1.07943	1.07946	1.07893	1.07895	707
2025-03-06 01:10:00	1.07895	1.07978	1.07895	1.07969	349
2025-03-06 01:15:00	1.0797	1.0799	1.07949	1.0798	446
2025-03-06 01:20:00	1.07978	1.07996	1.07978	1.07992	293
2025-03-06 01:25:00	1.07991	1.08016	1.07985	1.08005	272
2025-03-06 01:30:00	1.08007	1.08043	1.07992	1.08023	467
2025-03-06 01:35:00	1.08022	1.08089	1.08019	1.08086	564
2025-03-06 01:40:00	1.08086	1.08155	1.08078	1.08146	831
2025-03-06 01:45:00	1.08146	1.08177	1.08134	1.08142	640
2025-03-06 01:50:00	1.08145	1082	1.08145	1.08197	654
2025-03-06 01:55:00	1.08198	1.08198	1.08143	1.08151	1081
2025-03-06 02:00:00	1.0815	1.08191	1.08144	1.08181	1256
2025-03-06 02:05:00	1.08183	1.08186	1.08142	1.08144	1149
2025-03-06 02:10:00	1.08143	1.08149	1081	1.08136	932
2025-03-06 02:15:00	1.08137	1.08137	1.08043	1.08048	740
2025-03-06 02:20:00	1.08047	1.08049	1.07976	1.08005	862
2025-03-06 02:25:00	1.08006	1.08042	1.07999	1.08036	386
2025-03-06 02:30:00	1.08035	1.08082	1.08033	1.08079	795
2025-03-06 02:35:00	1.08078	1.08088	1.08024	1.08034	825
2025-03-06 02:40:00	1.08035	1.08045	1.08013	1.08029	398
2025-03-06 02:45:00	1.08028	1.08064	1.08026	1.08037	448
2025-03-06 02:50:00	1.08037	1.08073	1.08032	1.08064	484
2025-03-06 02:55:00	1.08063	1.08063	1.08034	1.0805	641
2025-03-06 03:00:00	1.0805	1.08051	1.08	1.08006	638
2025-03-06 03:05:00	1.08008	1.08015	1.0799	1.07996	808
2025-03-06 03:10:00	1.07995	1.08012	1.07966	1.07975	700
2025-03-06 03:15:00	1.07973	1.07986	1.07963	1.07963	1070
2025-03-06 03:20:00	1.07964	1.07971	1.07927	1.07935	848
2025-03-06 03:25:00	1.07937	1.0797	1.07934	1.07964	725
2025-03-06 03:30:00	1.07962	1.0797	1.07924	1.07955	577
2025-03-06 03:35:00	1.07955	1.07958	1.07935	1.07936	688
2025-03-06 03:40:00	1.07934	1.07947	1.07923	1.07938	566
2025-03-06 03:45:00	1.07941	1.07949	1.07901	1.07903	504
2025-03-06 03:50:00	1.07902	1.07919	1.07898	1.07902	479
2025-03-06 03:55:00	1079	1.07908	1.07879	1.07893	582
2025-03-06 04:00:00	1.07894	1.07898	1.07858	1.07861	1178
2025-03-06 04:05:00	1.07861	1.07882	1.07841	1.07852	599
2025-03-06 04:10:00	1.07852	1.07877	1.0784	1.07876	360
2025-03-06 04:15:00	1.07878	1.07916	1.07871	1.07916	544
2025-03-06 04:20:00	1.07916	1.07926	1.07902	1.07914	339
2025-03-06 04:25:00	1.07914	1.07921	1.07889	1.07891	666
2025-03-06 04:30:00	1.07891	1.07925	1.07891	1.07925	706
2025-03-06 04:35:00	1.07926	1.07955	1.07923	1.07953	448
2025-03-06 04:40:00	1.07954	1.07984	1.0795	1.07983	603
2025-03-06 04:45:00	1.07982	1.0801	1.07978	1.0801	268
2025-03-06 04:50:00	1.08008	1.08027	1.08001	1.08017	361
2025-03-06 04:55:00	1.08016	1.0804	1.08012	1.08033	482
2025-03-06 05:00:00	1.08035	1.08069	1.08026	1.08056	606
2025-03-06 05:05:00	1.08056	1.08065	1.0803	1.08035	372
2025-03-06 05:10:00	1.08037	1.08044	1.07999	1.08005	431
2025-03-06 05:15:00	1.08005	1.08022	1.08002	1.08006	374
2025-03-06 05:20:00	1.08007	1.08037	1.08005	1.08024	750
2025-03-06 05:25:00	1.08021	1.08034	1.08012	1.0803	867
2025-03-06 05:30:00	1.08028	1.08068	1.08018	1.08059	789
2025-03-06 05:35:00	1.08057	1.08058	1.08014	1.08039	527
2025-03-06 05:40:00	1.08038	1.08053	1.0802	1.08027	371
2025-03-06 05:45:00	1.08025	1.08044	1.08015	1.08043	534
2025-03-06 05:50:00	1.08044	1.08062	1.08031	1.08054	371
2025-03-06 05:55:00	1.08054	1.08116	1.08043	1.08102	539
2025-03-06 06:00:00	1.08102	1.08166	1.08094	1.08151	510
2025-03-06 06:05:00	1.0815	1.08156	1.08133	1.0815	507
2025-03-06 06:10:00	1.08149	1.0819	1.08129	1.08187	747
2025-03-06 06:15:00	1.08188	1.08199	1.08162	1.08164	818
2025-03-06 06:20:00	1.08165	1.0819	1.08141	1.08145	824
2025-03-06 06:25:00	1.08145	1.08146	1.08091	1.08103	898
2025-03-06 06:30:00	1.08102	1.08105	1.08062	1.0807	522
2025-03-06 06:35:00	1.08069	1.08071	1.08032	1.08034	262
2025-03-06 06:40:00	1.08035	1.08075	1.08017	1.08069	788
2025-03-06 06:45:00	1.08071	1.08071	1.08019	1.08039	744
2025-03-06 06:50:00	1.08039	1.08042	1.07988	1.08004	645
2025-03-06 06:55:00	1.08004	1.08039	1.08002	1.08025	636
2025-03-06 07:00:00	1.08024	1.0807	1.08021	1.08031	1001
2025-03-06 07:05:00	1.0803	1.08144	1.0802	1.08143	899
2025-03-06 07:10:00	1.08143	1.08178	1.08037	1.08046	1138
2025-03-06 07:15:00	1.08046	1.08071	1.07997	1.08007	1085
2025-03-06 07:20:00	1.08006	1.08019	1.07923	1.07949	1478
2025-03-06 07:25:00	1.07949	1.08011	1.07917	1.08011	971
2025-03-06 07:30:00	1.08013	1.0806	1.07993	1.08029	873
2025-03-06 07:35:00	1.08029	1.08076	1.08016	1.08073	895
2025-03-06 07:40:00	1.08072	1.08208	1.08013	1.08154	1777
2025-03-06 07:45:00	1.08153	1.08221	1.08127	1.08165	1980
2025-03-06 07:50:00	1.08163	1.08163	1.08037	1.08042	1736
2025-03-06 07:55:00	1.08043	1.08081	1.07962	1.07989	1898
2025-03-06 08:00:00	1.07989	1.08026	1.07928	1.07944	1875
2025-03-06 08:05:00	1.07945	1.08072	1.07944	1.08063	1138
2025-03-06 08:10:00	1.08062	1.08099	1.08008	1.08028	1709
2025-03-06 08:15:00	1.08028	1.08049	1.07949	1.07962	1492
2025-03-06 08:20:00	1.07961	1.08037	1.07941	1.07948	1441
2025-03-06 08:25:00	1.0795	1.0806	1.07933	1.08027	1548
2025-03-06 08:30:00	1.08026	1.08085	1.08	1.08034	2010
2025-03-06 08:35:00	1.08036	1.08039	1.07973	1.08021	1528
2025-03-06 08:40:00	1.0802	1.08125	1.07989	1.08091	1363
2025-03-06 08:45:00	1.08093	1.08167	1.08092	1.08094	1345
2025-03-06 08:50:00	1.08093	1.08139	1.08047	1.08096	1387
2025-03-06 08:55:00	1.08095	1.08136	1.08009	1.08012	1384
2025-03-06 09:00:00	1.08009	1.08026	1.07912	1.07969	1700
2025-03-06 09:05:00	1.0797	1.08018	1.0797	1.07995	766
2025-03-06 09:10:00	1.07996	1.08	1.0794	1.07962	1254
2025-03-06 09:15:00	1.0796	1.07961	1.07863	1.07868	1817
2025-03-06 09:20:00	1.07869	1.07945	1.07864	1.07936	1016
2025-03-06 09:25:00	1.07939	1.07971	1.07903	1.07926	1264
2025-03-06 09:30:00	1.07923	1.07924	1.07848	1.07852	1664
2025-03-06 09:35:00	1.07852	1.07871	1.07802	1.0784	1768
2025-03-06 09:40:00	1.0784	1.07935	1.07824	1.0793	1281
2025-03-06 09:45:00	1.0793	1.08	1.07922	1.07976	1056
2025-03-06 09:50:00	1.07977	1.08065	1.07975	1.08019	1004
2025-03-06 09:55:00	1.0802	1.08044	1.07984	1.07995	750
2025-03-06 10:00:00	1.07996	1.08017	1.07956	1.07956	1031
2025-03-06 10:05:00	1.07955	1.08023	1.07945	1.08012	1012
2025-03-06 10:10:00	1.08011	1.08034	1.07923	1.07932	1271
2025-03-06 10:15:00	1.07932	1.07945	1.07857	1.07859	1760
2025-03-06 10:20:00	1.07861	1.0788	1.07826	1.07858	1296
2025-03-06 10:25:00	1.07856	1.07903	1.07856	1.07888	1276
2025-03-06 10:30:00	1.07889	1.07926	1.0787	1.07926	873
2025-03-06 10:35:00	1.07925	1.08015	1.0792	1.08006	877
2025-03-06 10:40:00	1.08005	1.08008	1.07952	1.07959	1065
2025-03-06 10:45:00	1.0796	1.07969	1.07907	1.0793	1061
2025-03-06 10:50:00	1.0793	1.07955	1.07902	1.07918	756
2025-03-06 10:55:00	1.07919	1.07927	1.07885	1.07916	1480
2025-03-06 11:00:00	1.07916	1.0794	1.07893	1.07934	825
2025-03-06 11:05:00	1.07934	1.07956	1.07913	1.07934	605
2025-03-06 11:10:00	1.07933	1.07965	1.07848	1.07965	1113
2025-03-06 11:15:00	1.07964	1.07981	1.0791	1.07921	824
2025-03-06 11:20:00	1.0792	1.07939	1.07872	1.07873	856
2025-03-06 11:25:00	1.07873	1.07892	1.0783	1.07847	1117
2025-03-06 11:30:00	1.07849	1.07921	1.07847	1.07921	833
2025-03-06 11:35:00	1.0792	1.07967	1.0792	1.07967	859
2025-03-06 11:40:00	1.07967	1.08007	1.0793	1.08001	710
2025-03-06 11:45:00	1.08002	1.08007	1.07927	1.07931	785
2025-03-06 11:50:00	1.07933	1.07982	1.07909	1.07975	831
2025-03-06 11:55:00	1.07973	1.08005	1.07973	1.0799	823
2025-03-06 12:00:00	1.0799	1.07997	1.07953	1.07973	603
2025-03-06 12:05:00	1.07972	1.0803	1.07963	1.08011	469
2025-03-06 12:10:00	1.08012	1.08059	1.07986	1.08052	469
2025-03-06 12:15:00	1.08052	1.08063	1.07972	1.07987	549
2025-03-06 12:20:00	1.07986	1.08017	1.07969	1.08011	433
2025-03-06 12:25:00	1.08011	1.08057	1.08009	1.08023	652
2025-03-06 12:30:00	1.08024	1.08024	1.07953	1.07969	940
2025-03-06 12:35:00	1.0797	1.08067	1.07969	1.08029	679
2025-03-06 12:40:00	1.08031	1.08056	1.08003	1.08014	590
2025-03-06 12:45:00	1.0801	1.08066	1.07931	1.07936	749
2025-03-06 12:50:00	1.07936	1.07946	1.0788	1.07894	1113
2025-03-06 12:55:00	1.07894	1.08008	1.07892	1.08	1123
2025-03-06 13:00:00	1.08	1.08014	1.07948	1.07964	1175
2025-03-06 13:05:00	1.07963	1.07993	1.07938	1.0795	1229
2025-03-06 13:10:00	1.07948	1.07973	1.07918	1.07947	1244
2025-03-06 13:15:00	1.0795	1.08452	1.07905	1.08274	4212
2025-03-06 13:20:00	1.08275	1.08282	1.08092	1.08168	2814
2025-03-06 13:25:00	1.08167	1.08198	1.08128	1.08154	1457
2025-03-06 13:30:00	1.08147	1.08153	1.0805	1.08125	2068
2025-03-06 13:35:00	1.08124	1.08213	1.08106	1082	1137
2025-03-06 13:40:00	1.08205	1.08264	1.08168	1.08198	1367
2025-03-06 13:45:00	1.08197	1.0831	1.0816	1.08292	1082
2025-03-06 13:50:00	1.08296	1.08373	1.08255	1.08274	1858
2025-03-06 13:55:00	1.08273	1.08274	1.08204	1.08257	1791
2025-03-06 14:00:00	1.08258	1.08409	1.0819	1.08338	2258
2025-03-06 14:05:00	1.08338	1.08354	1.08111	1.08177	3154
2025-03-06 14:10:00	1.08177	1.08273	1.08159	1.08257	1804
2025-03-06 14:15:00	1.08261	1.08298	1.08206	1.0826	1539
2025-03-06 14:20:00	1.0826	1.08321	1.08171	1.0821	2495
2025-03-06 14:25:00	1.08208	1.08244	1.08164	1.08235	1788
2025-03-06 14:30:00	1.08234	1.08247	1.08173	1.08236	1626
2025-03-06 14:35:00	1.08234	1.08297	1.08147	1.08289	2081
2025-03-06 14:40:00	1.0829	1.08356	1.08232	1.08323	1667
2025-03-06 14:45:00	1.08322	1.08375	1.08228	1.08297	2032
2025-03-06 14:50:00	1.08298	1.08374	1.08267	1.08305	1608
2025-03-06 14:55:00	1.08304	1.08395	1.08303	1.08369	1638
2025-03-06 15:00:00	1.08369	1.08534	1.08358	1.08468	2148
2025-03-06 15:05:00	1.08468	1.08487	1.08369	1.08413	2470
2025-03-06 15:10:00	1.08417	1.08443	1.08388	1.08388	1945
2025-03-06 15:15:00	1.08389	1.0839	1.08238	1.0827	2785
2025-03-06 15:20:00	1.08273	1.08304	1.08245	1.08265	2029
2025-03-06 15:25:00	1.08264	1.08324	1.08231	1.08308	1748
2025-03-06 15:30:00	1.0831	1.0831	1.08234	1.08234	2251
2025-03-06 15:35:00	1.08232	1083	1.08215	1.08298	2186
2025-03-06 15:40:00	1.08297	1.08313	1.08199	1.08213	1956
2025-03-06 15:45:00	1.08213	1.08215	1.08112	1.08174	1958
2025-03-06 15:50:00	1.08173	1.08182	1.08119	1.08177	1228
2025-03-06 15:55:00	1.08177	1.08202	1.08149	1.0817	1515
2025-03-06 16:00:00	1.08172	1.08266	1.08159	1.08237	1286
2025-03-06 16:05:00	1.08237	1.08271	1.08219	1.08255	1262
2025-03-06 16:10:00	1.08256	1.08294	1.08232	1.08268	1153
2025-03-06 16:15:00	1.08269	1.08323	1.08241	1.08307	1220
2025-03-06 16:20:00	1.08308	1.08335	1.08277	1.08299	1302
2025-03-06 16:25:00	1083	1.08381	1.08218	1.08314	1622
2025-03-06 16:30:00	1.08315	1.08364	1.08242	1.0831	2305
2025-03-06 16:35:00	1.08306	1.08353	1.08252	1.08257	2352
2025-03-06 16:40:00	1.08256	1.08265	1.08212	1.08242	1555
2025-03-06 16:45:00	1.08242	1.08256	1.0821	1.08226	1291
2025-03-06 16:50:00	1.08227	1.08239	1.08182	1.08183	1049
2025-03-06 16:55:00	1.08183	1.08186	1.08153	1.08174	971
2025-03-06 17:00:00	1.08172	1.08222	1.08156	1.08163	1135
2025-03-06 17:05:00	1.08163	1.08171	1.08105	1.08129	1240
2025-03-06 17:10:00	1.08129	1.08143	1.08064	1.08066	1204
2025-03-06 17:15:00	1.08066	1.08082	1.08014	1.08038	1702
2025-03-06 17:20:00	1.08038	1.08055	1.08005	1.08033	1334
2025-03-06 17:25:00	1.08036	1.08106	1.08036	1.08097	979
2025-03-06 17:30:00	1.08097	1.08112	1.08044	1.08064	1229
2025-03-06 17:35:00	1.08062	1.08069	1.0801	1.08016	1072
2025-03-06 17:40:00	1.08017	1.08038	1.07971	1.07986	1045
2025-03-06 17:45:00	1.07985	1.07987	1.07964	1.07967	1202
2025-03-06 17:50:00	1.07968	1.07973	1.07916	1.07952	1521
2025-03-06 17:55:00	1.07954	1.07972	1.07913	1.07969	1438
2025-03-06 18:00:00	1.07968	1.08008	1.07958	1.07993	1111
2025-03-06 18:05:00	1.07993	1.08017	1.07941	1.07952	1065
2025-03-06 18:10:00	1.0795	1.08	1.07941	1.07967	951
2025-03-06 18:15:00	1.07969	1.07994	1.07954	1.07954	928
2025-03-06 18:20:00	1.07953	1.07978	1.07939	1.07941	852
2025-03-06 18:25:00	1.07941	1.07945	1.07864	1.07868	1156
2025-03-06 18:30:00	1.07868	1.07894	1.07832	1.07883	1075
2025-03-06 18:35:00	1.07879	1.0788	1.07831	1.07833	825
2025-03-06 18:40:00	1.07833	1.07834	1.07655	1.07658	2180
2025-03-06 18:45:00	1.07661	1.07788	1.07655	1.07777	1173
2025-03-06 18:50:00	1.07777	1.07813	1.07732	1.07777	1111
2025-03-06 18:55:00	1.07777	1.07839	1.07777	1.07836	654
2025-03-06 19:00:00	1.07835	1.07852	1.07825	1.07847	579
2025-03-06 19:05:00	1.07846	1.07875	1.07842	1.07854	705
2025-03-06 19:10:00	1.07853	1.07876	1.07828	1.07856	912
2025-03-06 19:15:00	1.07856	1.07909	1.0783	1.07906	902
2025-03-06 19:20:00	1.07905	1.07954	1.07903	1.07953	817
2025-03-06 19:25:00	1.07955	1.07965	1.07909	1.07923	584
2025-03-06 19:30:00	1.07924	1.07943	1.07904	1.07924	838
2025-03-06 19:35:00	1.07923	1.07976	1.07914	1.07965	686
2025-03-06 19:40:00	1.07965	1.08042	1.07965	1.08021	579
2025-03-06 19:45:00	1.0802	1.08059	1.08017	1.08056	764
2025-03-06 19:50:00	1.08056	1.08113	1.08043	1.0807	833
2025-03-06 19:55:00	1.08069	1.08074	1.08013	1.08014	973
2025-03-06 20:00:00	1.08013	1.0803	1.07989	1.0802	985
2025-03-06 20:05:00	1.08019	1.08031	1.07995	1.08026	813
2025-03-06 20:10:00	1.08029	1.08032	1.08002	1.08002	541
2025-03-06 20:15:00	1.08001	1.08009	1.07982	1.07994	609
2025-03-06 20:20:00	1.07992	1.07998	1.07964	1.07975	510
2025-03-06 20:25:00	1.07974	1.07982	1.07956	1.07971	838
2025-03-06 20:30:00	1.0797	1.08007	1.07948	1.07959	1060
2025-03-06 20:35:00	1.07959	1.07959	1.07887	1.07898	656
2025-03-06 20:40:00	1.07898	1079	1.07853	1.07875	615
2025-03-06 20:45:00	1.07875	1.07905	1.07857	1.07904	584
2025-03-06 20:50:00	1.07905	1.07913	1.07877	1.07878	572
2025-03-06 20:55:00	1.07879	1.07893	1.07858	1.07863	538
2025-03-06 21:00:00	1.07864	1.07901	1.07863	1.07899	269
2025-03-06 21:05:00	1.07899	1.07902	1.07861	1.07862	158
2025-03-06 21:10:00	1.07862	1.07872	1.07829	1.07831	240
2025-03-06 21:15:00	1.0783	1.07844	1.07795	1.07798	251
2025-03-06 21:20:00	1078	1.07803	1.07748	1.07753	345
2025-03-06 21:25:00	1.07753	1.07795	1.0775	1.07792	336
2025-03-06 21:30:00	1.07794	1.07827	1.07794	1.0782	427
2025-03-06 21:35:00	1.07821	1.07827	1.07798	1.07824	323
2025-03-06 21:40:00	1.07825	1.0783	1.07817	1.0783	72
2025-03-06 21:45:00	1.0783	1.07851	1.07824	1.07838	255
2025-03-06 21:50:00	1.07838	1.07853	1.07833	1.07847	513
2025-03-06 21:55:00	1.07846	1.07855	1.07818	1.07818	686
2025-03-06 22:00:00	1.0782	1.0782	1.07757	1.07808	11
2025-03-06 22:05:00	1.07809	1.07829	1.07788	1.07789	250
2025-03-06 22:10:00	1.0779	1.07857	1.07789	1.07836	448
2025-03-06 22:15:00	1.07834	1.07853	1.07829	1.07853	85
2025-03-06 22:20:00	1.07849	1.07873	1.0779	1.07819	261
2025-03-06 22:25:00	1.07819	1.0784	1.07818	1.07826	170
2025-03-06 22:30:00	1.0783	1.07848	1.07827	1.07848	68
2025-03-06 22:35:00	1.07846	1.07874	1.07844	1.07871	101
2025-03-06 22:40:00	1.07871	1.07879	1.07868	1.07869	140
2025-03-06 22:45:00	1.07872	1079	1.07871	1.07877	91
2025-03-06 22:50:00	1.07876	1.07908	1.07867	1.0788	102
2025-03-06 22:55:00	1.07879	1.07889	1.07875	1.07877	141
2025-03-06 23:00:00	1.07877	1.07933	1.07875	1.07928	540
2025-03-06 23:05:00	1.07929	1.07933	1.07922	1.07926	103
2025-03-06 23:10:00	1.07926	1.07937	1.07922	1.07933	93
2025-03-06 23:15:00	1.07935	1.07947	1.07927	1.07942	107
2025-03-06 23:20:00	1.07942	1.07956	1.07937	1.07956	115
2025-03-06 23:25:00	1.07958	1.07961	1.07933	1.07933	119
2025-03-06 23:30:00	1.07933	1.07941	1.07928	1.07936	106
2025-03-06 23:35:00	1.07934	1.07935	1.07912	1.07913	227
2025-03-06 23:40:00	1.07913	1.07914	1.07874	1.07895	298
2025-03-06 23:45:00	1.07894	1.07896	1.07871	1.07888	404
2025-03-06 23:50:00	1.07887	1.07895	1.07874	1.07882	304
2025-03-06 23:55:00	1.07883	1.07883	1.07843	1.07871	325
2025-03-07 00:00:00	1.07872	1.07923	1.07868	1.07909	430
2025-03-07 00:05:00	1.07909	1.07933	1.07897	1.07908	385
2025-03-07 00:10:00	1.07912	1.07952	1.07902	1.07935	243
2025-03-07 00:15:00	1.07935	1.07935	1.07904	1.07927	396
2025-03-07 00:20:00	1.07928	1.07933	1.07892	1.07902	613
2025-03-07 00:25:00	1.07902	1.07908	1.07886	1.07901	391
2025-03-07 00:30:00	1079	1.0794	1079	1.07905	446
2025-03-07 00:35:00	1.07905	1.07913	1.0788	1.07893	437
2025-03-07 00:40:00	1.07893	1.0791	1.07883	1.07909	298
2025-03-07 00:45:00	1.07908	1.07908	1.07878	1.07886	319
2025-03-07 00:50:00	1.07885	1.07902	1.07878	1.07883	599
2025-03-07 00:55:00	1.07883	1.07894	1.07875	1.07875	159
2025-03-07 01:00:00	1.07877	1.07896	1.07857	1.07871	363
2025-03-07 01:05:00	1.07871	1.07928	1.07862	1.07921	444
2025-03-07 01:10:00	1.07921	1.07923	1.07892	1.07894	889
2025-03-07 01:15:00	1.07893	1.07895	1.07834	1.07847	882
2025-03-07 01:20:00	1.07848	1.07852	1.0781	1.07814	591
2025-03-07 01:25:00	1.07817	1.07848	1.07815	1.07822	378
2025-03-07 01:30:00	1.07823	1.07848	1.07814	1.07847	735
2025-03-07 01:35:00	1.07848	1.07857	1.07838	1.07849	536
2025-03-07 01:40:00	1.0785	1.07876	1.07842	1.07874	559
2025-03-07 01:45:00	1.07875	1.07889	1.07872	1.07886	138
2025-03-07 01:50:00	1.07896	1.07899	1.07877	1.07888	443
2025-03-07 01:55:00	1.07889	1079	1.07882	1.07898	687
2025-03-07 02:00:00	1.07901	1.07927	1.07893	1.07906	442
2025-03-07 02:05:00	1.07905	1.07908	1.07845	1.07901	786
2025-03-07 02:10:00	1079	1.07945	1.07895	1.07942	350
2025-03-07 02:15:00	1.07942	1.07968	1.07913	1.07941	708
2025-03-07 02:20:00	1.0794	1.07966	1.0793	1.0796	371
2025-03-07 02:25:00	1.0796	1.07963	1.07943	1.07946	519
2025-03-07 02:30:00	1.07946	1.07952	1.07918	1.07923	715
2025-03-07 02:35:00	1.07922	1.07961	1.07911	1.0796	744
2025-03-07 02:40:00	1.0796	1.07974	1.0796	1.07964	499
2025-03-07 02:45:00	1.07964	1.07991	1.07952	1.07957	451
2025-03-07 02:50:00	1.07956	1.07983	1.07956	1.07981	360
2025-03-07 02:55:00	1.07981	1.07992	1.07974	1.0799	516
2025-03-07 03:00:00	1.0799	1.07992	1.07963	1.07981	482
2025-03-07 03:05:00	1.07982	1.07999	1.07974	1.07999	320
2025-03-07 03:10:00	1.07998	1.08017	1.07994	1.08009	682
2025-03-07 03:15:00	1.08008	1.08048	1.08007	1.0804	472
2025-03-07 03:20:00	1.08039	1.08045	1.08025	1.08043	523
2025-03-07 03:25:00	1.08043	1.08065	1.08021	1.08063	491
2025-03-07 03:30:00	1.08064	1.08086	1.08056	1.08084	446
2025-03-07 03:35:00	1.08082	1.08146	1.08078	1.0814	794
2025-03-07 03:40:00	1.08138	1.08144	1.08084	1.0809	570
2025-03-07 03:45:00	1.08087	1.08088	1.08054	1.08054	461
2025-03-07 03:50:00	1.08054	1.08063	1.08047	1.08058	333
2025-03-07 03:55:00	1.0806	1.08074	1.08053	1.08057	278
2025-03-07 04:00:00	1.08055	1.08077	1.08052	1.08074	724
2025-03-07 04:05:00	1.08073	1.08108	1.08063	1.08097	258
2025-03-07 04:10:00	1.08097	1.08114	1.08081	1.08085	355
2025-03-07 04:15:00	1.08084	1.08084	1.08058	1.08064	283
2025-03-07 04:20:00	1.08064	1.08071	1.08038	1.0804	561
2025-03-07 04:25:00	1.08041	1.08064	1.08027	1.08064	237
2025-03-07 04:30:00	1.08064	1.08089	1.08064	1.08083	207
2025-03-07 04:35:00	1.08084	1.08087	1.08078	1.08087	198
2025-03-07 04:40:00	1.08084	1.08091	1.08068	1.08083	268
2025-03-07 04:45:00	1.08084	1.08098	1.08076	1.08096	368
2025-03-07 04:50:00	1.08097	1.08113	1.08093	1.08104	344
2025-03-07 04:55:00	1.08104	1.0813	1.08092	1.08128	433
2025-03-07 05:00:00	1.08128	1.08146	1.08086	1.08087	1125
2025-03-07 05:05:00	1.08088	1.08092	1.08075	1.08085	376
2025-03-07 05:10:00	1.08085	1.08091	1.08075	1.08085	277
2025-03-07 05:15:00	1.08086	1.08093	1.08079	1.08088	148
2025-03-07 05:20:00	1.08089	1.08106	1.0808	1.08097	221
2025-03-07 05:25:00	1.08096	1081	1.08084	1.08095	254
2025-03-07 05:30:00	1.08093	1.08134	1.08093	1.08129	533
2025-03-07 05:35:00	1.08129	1.0814	1.08126	1.08139	638
2025-03-07 05:40:00	1.08139	1.0815	1.08133	1.08145	482
2025-03-07 05:45:00	1.08146	1.08174	1.08141	1.08144	540
2025-03-07 05:50:00	1.08144	1.08145	1.08115	1.08124	429
2025-03-07 05:55:00	1.08127	1.08157	1.08127	1.08131	639
2025-03-07 06:00:00	1.08131	1.08142	1.08082	1.08101	598
2025-03-07 06:05:00	1.08101	1.08104	1.08079	1.08081	561
2025-03-07 06:10:00	1.08083	1.0814	1.08079	1.08135	512
2025-03-07 06:15:00	1.08134	1.08195	1.08134	1.08189	721
2025-03-07 06:20:00	1.08188	1.08189	1.08154	1.08182	668
2025-03-07 06:25:00	1.08182	1.08187	1.08165	1.08175	511
2025-03-07 06:30:00	1.08175	1.08183	1.08164	1.08179	463
2025-03-07 06:35:00	1.08181	1.0822	1.08177	1.08218	598
2025-03-07 06:40:00	1.08219	1.08247	1.08194	1.08227	489
2025-03-07 06:45:00	1.08226	1.08243	1.08222	1.08235	315
2025-03-07 06:50:00	1.08233	1.08249	1.08223	1.08235	543
2025-03-07 06:55:00	1.08235	1.0825	1.08232	1.08232	321
2025-03-07 07:00:00	1.08231	1.08264	1.08208	1.08208	1177
2025-03-07 07:05:00	1.08207	1.0829	1.08198	1.08269	1324
2025-03-07 07:10:00	1.08269	1.08281	1.08237	1.08249	874
2025-03-07 07:15:00	1.08248	1.08268	1.08238	1.08263	716
2025-03-07 07:20:00	1.08268	1.08304	1.08265	1.08298	780
2025-03-07 07:25:00	1.08299	1.08319	1.08284	1.08314	687
2025-03-07 07:30:00	1.08315	1.08331	1.0827	1.08308	836
2025-03-07 07:35:00	1.08309	1.08354	1.08293	1.08316	729
2025-03-07 07:40:00	1.08317	1.08378	1.08305	1.08377	700
2025-03-07 07:45:00	1.08376	1.08406	1.08353	1.08376	731
2025-03-07 07:50:00	1.08376	1.0839	1.08324	1.08327	537
2025-03-07 07:55:00	1.08326	1.0834	1.08286	1.08295	1353
2025-03-07 08:00:00	1.08298	1.08304	1.08259	1.08285	1044
2025-03-07 08:05:00	1.08285	1.08341	1.08272	1.0832	813
2025-03-07 08:10:00	1.08319	1.08388	1.08311	1.08388	1030
2025-03-07 08:15:00	1.08388	1.0842	1.08384	1.08393	710
2025-03-07 08:20:00	1.08395	1.08456	1.08367	1.0845	1097
2025-03-07 08:25:00	1.08452	1.08479	1.08437	1.08478	890
2025-03-07 08:30:00	1.08478	1.08549	1.08478	1.08515	1007
2025-03-07 08:35:00	1.08516	1.0852	1.08463	1.0849	994
2025-03-07 08:40:00	1.08489	1.08534	1.08475	1.08516	1009
2025-03-07 08:45:00	1.08516	1.0855	1.08495	1.0852	847
2025-03-07 08:50:00	1.08519	1.0852	1.08455	1.08457	857
2025-03-07 08:55:00	1.08457	1.08518	1.08438	1.08507	996
2025-03-07 09:00:00	1.08508	1.08514	1.08484	1.08504	917
2025-03-07 09:05:00	1.08504	1.0851	1.08445	1.08488	1145
2025-03-07 09:10:00	1.08488	1.08714	1.08471	1.08675	1366
2025-03-07 09:15:00	1.08675	1.08678	1.08615	1.08617	1254
2025-03-07 09:20:00	1.08615	1.08654	1.08592	1.08596	796
2025-03-07 09:25:00	1.08597	1.08639	1.08577	1.08635	964
2025-03-07 09:30:00	1.08637	1.0866	1.08619	1.08632	860
2025-03-07 09:35:00	1.08632	1.08644	1.08583	1.08631	637
2025-03-07 09:40:00	1.08631	1.08631	1.08573	1.08595	841
2025-03-07 09:45:00	1.08595	1.08638	1.08582	1.08633	671
2025-03-07 09:50:00	1.08634	1.08667	1.08625	1.08644	779
2025-03-07 09:55:00	1.08643	1.08665	1.08602	1.0861	733
2025-03-07 10:00:00	1.08611	1.0865	1.08587	1.08591	852
2025-03-07 10:05:00	1.08588	1.08662	1.08571	1.08659	799
2025-03-07 10:10:00	1.08661	1.08665	1.08625	1.08633	853
2025-03-07 10:15:00	1.08635	1.08638	1.08605	1.08618	748
2025-03-07 10:20:00	1.08618	1.08631	1.08598	1.0861	767
2025-03-07 10:25:00	1.08607	1.0865	1.08602	1.08648	635
2025-03-07 10:30:00	1.08647	1.08656	1.08608	1.08619	578
2025-03-07 10:35:00	1.0862	1.0867	1.0862	1.08655	848
2025-03-07 10:40:00	1.08654	1.08665	1.08628	1.08659	781
2025-03-07 10:45:00	1.0866	1.08663	1.08634	1.08644	502
2025-03-07 10:50:00	1.08644	1.08659	1.08587	1.08595	937
2025-03-07 10:55:00	1.08594	1.08615	1.08575	1.08605	750
2025-03-07 11:00:00	1.08604	1.08604	1.08556	1.08558	824
2025-03-07 11:05:00	1.08557	1.08557	1.08472	1.08475	1751
2025-03-07 11:10:00	1.08474	1.08491	1.08451	1.08485	758
2025-03-07 11:15:00	1.08483	1.08496	1.08471	1.08479	682
2025-03-07 11:20:00	1.08478	1.08502	1.08453	1.08497	837
2025-03-07 11:25:00	1.08497	1.08514	1.08477	1.08506	638
2025-03-07 11:30:00	1.08506	1.0851	1.08476	1.08498	793
2025-03-07 11:35:00	1085	1.08507	1.08467	1.08485	687
2025-03-07 11:40:00	1.08487	1.08487	1.08448	1.08468	649
2025-03-07 11:45:00	1.08468	1.08481	1.08444	1.08463	1078
2025-03-07 11:50:00	1.08463	1.08543	1.08452	1.08535	892
2025-03-07 11:55:00	1.08533	1.08554	1.08485	1.08492	945
2025-03-07 12:00:00	1.08491	1.08504	1.08468	1.08498	879
2025-03-07 12:05:00	1.08504	1.08528	1.08464	1.0847	739
2025-03-07 12:10:00	1.0847	1.08478	1.08409	1.08461	1016
2025-03-07 12:15:00	1.08462	1.08478	1.08425	1.08439	741
2025-03-07 12:20:00	1.08441	1.08504	1.08433	1.08449	761
2025-03-07 12:25:00	1.08448	1.08448	1.08413	1.08432	605
2025-03-07 12:30:00	1.08434	1.08459	1.08426	1.08432	801
2025-03-07 12:35:00	1.08432	1.08505	1.08429	1.08477	705
2025-03-07 12:40:00	1.08478	1.08512	1.08478	1.08505	946
2025-03-07 12:45:00	1.08506	1.08559	1.08484	1.08557	1017
2025-03-07 12:50:00	1.08557	1.08563	1.08457	1.08484	1052
2025-03-07 12:55:00	1.08484	1.0857	1.08476	1.08542	1486
2025-03-07 13:00:00	1.08544	1.08547	1.08493	1.08509	934
2025-03-07 13:05:00	1.08508	1.08581	1.08494	1.08569	1115
2025-03-07 13:10:00	1.08569	1.08569	1.08523	1.08544	1219
2025-03-07 13:15:00	1.08545	1.08607	1.08528	1.08579	1134
2025-03-07 13:20:00	1.08581	1.08596	1.0852	1.08529	1536
2025-03-07 13:25:00	1.0853	1.08616	1.08523	1.08577	1917
2025-03-07 13:30:00	1.08576	1.08836	1.0843	1.08834	3654
2025-03-07 13:35:00	1.08833	1.08884	1.08678	1.0872	3320
2025-03-07 13:40:00	1.08721	1.08802	1.08672	1.08689	3139
2025-03-07 13:45:00	1.08688	1.08693	1.08612	1.08655	2275
2025-03-07 13:50:00	1.08655	1.08723	1.08582	1.08585	1875
2025-03-07 13:55:00	1.08586	1.08631	1.08447	1.08447	2097
2025-03-07 14:00:00	1.08444	1.08557	1.0844	1.0855	2629
2025-03-07 14:05:00	1.0855	1.08663	1.0855	1.08653	1918
2025-03-07 14:10:00	1.08653	1.08655	1.08517	1.08573	1784
2025-03-07 14:15:00	1.08573	1.08674	1.08551	1.08552	1674
2025-03-07 14:20:00	1.08554	1.08706	1.08554	1.08693	1716
2025-03-07 14:25:00	1.08693	1.08701	1.08625	1.08672	1426
2025-03-07 14:30:00	1.08673	1.08746	1.08664	1.08689	1628
2025-03-07 14:35:00	1.0869	1.08818	1.08689	1.08734	1879
2025-03-07 14:40:00	1.08736	1.08744	1.08684	1.08689	1681
2025-03-07 14:45:00	1.08687	1.08689	1.08528	1.08586	2173
2025-03-07 14:50:00	1.08586	1.0866	1.08562	1.08598	2058
2025-03-07 14:55:00	1.08598	1.0861	1085	1.08534	1821
2025-03-07 15:00:00	1.08534	1.0858	1.08487	1.08545	1815
2025-03-07 15:05:00	1.08549	1.08565	1.0845	1.08504	1328
2025-03-07 15:10:00	1.08505	1.08556	1.08464	1.08531	1482
2025-03-07 15:15:00	1.08531	1.08623	1.08528	1.08587	1096
2025-03-07 15:20:00	1.08586	1.08599	1.08516	1.08518	1477
2025-03-07 15:25:00	1.08521	1.08539	1.08461	1.08513	1699
2025-03-07 15:30:00	1.08512	1.0852	1.08439	1.08439	2053
2025-03-07 15:35:00	1.08445	1.08473	1.08389	1.08417	1846
2025-03-07 15:40:00	1.08416	1.08427	1.08352	1.08424	1908
2025-03-07 15:45:00	1.08425	1.08862	1.0841	1.08744	2232
2025-03-07 15:50:00	1.08738	1.08762	1.08573	1.08675	3522
2025-03-07 15:55:00	1.08676	1.08726	1.08635	1.08699	2558
2025-03-07 16:00:00	1.08699	1.08725	1.0861	1.08629	2122
2025-03-07 16:05:00	1.0863	1.08637	1.08522	1.08522	1253
2025-03-07 16:10:00	1.08523	1.08609	1.0852	1.08599	978
2025-03-07 16:15:00	1.08603	1.08605	1.08552	1.0858	1000
2025-03-07 16:20:00	1.08579	1.08646	1.08547	1.08548	1073
2025-03-07 16:25:00	1.08551	1.08555	1.08458	1.08464	1393
2025-03-07 16:30:00	1.08462	1.08464	1.08374	1.0843	1451
2025-03-07 16:35:00	1.08431	1.08506	1.08428	1.08465	889
2025-03-07 16:40:00	1.08464	1.08527	1.08429	1.08522	1017
2025-03-07 16:45:00	1.08522	1.08547	1.08511	1.08525	953
2025-03-07 16:50:00	1.08526	1.08543	1.0849	1.08539	817
2025-03-07 16:55:00	1.08537	1.08588	1.08521	1.08585	920
2025-03-07 17:00:00	1.08583	1.08642	1.08547	1.0856	1067
2025-03-07 17:05:00	1.0856	1.0859	1.08469	1.0853	2329
2025-03-07 17:10:00	1.08529	1.08557	1.08484	1.08535	1193
2025-03-07 17:15:00	1.08533	1.08537	1.08384	1.08423	1417
2025-03-07 17:20:00	1.08421	1.08492	1.08404	1.08484	912
2025-03-07 17:25:00	1.08484	1.08506	1.08474	1.08483	738
2025-03-07 17:30:00	1.08484	1.08484	1.08393	1.0847	1141
2025-03-07 17:35:00	1.0847	1.08484	1.08403	1.08412	1013
2025-03-07 17:40:00	1.08411	1.08417	1.08342	1.08353	1271
2025-03-07 17:45:00	1.08353	1.08354	1.08318	1.08333	1508
2025-03-07 17:50:00	1.08332	1.08384	1.08317	1.08362	1404
2025-03-07 17:55:00	1.08364	1.08432	1.08345	1.0843	1113
2025-03-07 18:00:00	1.08428	1.0844	1.08354	1.08354	1130
2025-03-07 18:05:00	1.08355	1.0836	1.08319	1.08324	1047
2025-03-07 18:10:00	1.08324	1.08355	1.08306	1.08324	986
2025-03-07 18:15:00	1.08325	1.08326	1.08254	1.08305	904
2025-03-07 18:20:00	1.08308	1.08366	1083	1.08359	818
2025-03-07 18:25:00	1.0836	1.08363	1.08293	1.08322	965
2025-03-07 18:30:00	1.08323	1.08346	1.08294	1.08295	735
2025-03-07 18:35:00	1.08292	1.08327	1.08276	1.08305	912
2025-03-07 18:40:00	1.08308	1.08375	1.08297	1.08374	633
2025-03-07 18:45:00	1.08374	1.08387	1.08333	1.08357	603
2025-03-07 18:50:00	1.08357	1.08416	1.08357	1.08406	373
2025-03-07 18:55:00	1.08405	1.0842	1.08384	1.08398	505
2025-03-07 19:00:00	1.08397	1.08404	1.0833	1.08345	895
2025-03-07 19:05:00	1.08346	1.08379	1.08338	1.08375	824
2025-03-07 19:10:00	1.08376	1.08389	1.08341	1.08354	702
2025-03-07 19:15:00	1.08355	1.08384	1.08347	1.08384	678
2025-03-07 19:20:00	1.08385	1.08409	1.08378	1.08385	536
2025-03-07 19:25:00	1.08385	1.08405	1.08368	1.08379	522
2025-03-07 19:30:00	1.0838	1.08432	1.08371	1.08431	420
2025-03-07 19:35:00	1.0843	1.08431	1.08392	1.08397	422
2025-03-07 19:40:00	1.08399	1.08427	1.08385	1.08415	687
2025-03-07 19:45:00	1.08415	1.0844	1.08399	1.08401	802
2025-03-07 19:50:00	1084	1.08431	1.08398	1.08405	590
2025-03-07 19:55:00	1.08407	1.08433	1.08403	1.08425	534
2025-03-07 20:00:00	1.08424	1.08455	1.08416	1.08419	572
2025-03-07 20:05:00	1.08418	1.08443	1084	1.08412	408
2025-03-07 20:10:00	1.08413	1.08424	1.08399	1.08423	277
2025-03-07 20:15:00	1.08423	1.08451	1.08407	1.08449	377
2025-03-07 20:20:00	1.08449	1.08455	1.08435	1.08455	387
2025-03-07 20:25:00	1.08456	1.08461	1.08428	1.08455	400
2025-03-07 20:30:00	1.08456	1.08472	1.08449	1.08465	326
2025-03-07 20:35:00	1.0847	1.0848	1.08455	1.08466	408
2025-03-07 20:40:00	1.08464	1.08471	1.08449	1.08449	267
2025-03-07 20:45:00	1.0845	1.08462	1.08442	1.08443	285
2025-03-07 20:50:00	1.08444	1.08463	1.08434	1.08463	314
2025-03-07 20:55:00	1.08464	1.08491	1.08458	1.08472	390
2025-03-07 21:00:00	1.08471	1.08481	1.0846	1.08467	198
2025-03-07 21:05:00	1.08467	1.08507	1.08465	1.08506	167
2025-03-07 21:10:00	1.08506	1.08511	1.08483	1.08491	179
2025-03-07 21:15:00	1.08493	1.08499	1.08473	1.08475	204
2025-03-07 21:20:00	1.08475	1.08477	1.08458	1.0846	138
2025-03-07 21:25:00	1.0846	1.0846	1.08396	1.08407	307
2025-03-07 21:30:00	1.08406	1.08411	1.08401	1.08408	206
2025-03-07 21:35:00	1.08407	1.0841	1.08382	1.08383	326
2025-03-07 21:40:00	1.08387	1.08392	1.08355	1.08355	448
2025-03-07 21:45:00	1.08354	1.08359	1.08347	1.08353	200
2025-03-07 21:50:00	1.08351	1.08375	1.08349	1.0836	399
2025-03-07 21:55:00	1.0836	1.08366	1.08292	1.08292	1524
2025-03-09 21:00:00	1.08312	1.08312	1.08269	1.08269	8
2025-03-09 21:05:00	1.08279	1.08333	1.08278	1.0833	42
2025-03-09 21:10:00	1.08328	1.08372	1.08315	1.08372	28
2025-03-09 21:15:00	1.0837	1.0837	1.08292	1.08292	81
2025-03-09 21:20:00	1.0829	1.08294	1.08281	1.08294	16
2025-03-09 21:25:00	1.08294	1.08309	1.0828	1.08301	41
2025-03-09 21:30:00	1.08298	1.08313	1.08298	1.08312	23
2025-03-09 21:35:00	1.08313	1.08329	1.08288	1.08329	138
2025-03-09 21:40:00	1.08328	1.08361	1.08328	1.0836	65
2025-03-09 21:45:00	1.0836	1.08391	1.0836	1.08387	57
2025-03-09 21:50:00	1.08386	1.08392	1.08381	1.08392	25
2025-03-09 21:55:00	1.08389	1.08399	1.08388	1.08388	19
2025-03-09 22:00:00	1.08388	1.08457	1.08381	1.08452	465
2025-03-09 22:05:00	1.08452	1.08594	1.08452	1.08576	481
2025-03-09 22:10:00	1.08577	1.08592	1.08544	1.08558	460
2025-03-09 22:15:00	1.08559	1.08568	1.08474	1.08479	779
2025-03-09 22:20:00	1.08479	1.08508	1.08439	1.08504	622
2025-03-09 22:25:00	1.08502	1.08527	1.0848	1.08486	595
2025-03-09 22:30:00	1.08486	1.08525	1.08474	1.08523	498
2025-03-09 22:35:00	1.08525	1.08549	1.08523	1.08542	363
2025-03-09 22:40:00	1.0854	1.08549	1.08454	1.08469	542
2025-03-09 22:45:00	1.08468	1.08495	1.08449	1.08475	640
2025-03-09 22:50:00	1.08476	1.08517	1.08455	1.08486	616
2025-03-09 22:55:00	1.08484	1.08499	1.08478	1.0849	517
2025-03-09 23:00:00	1.08491	1.08573	1.0848	1.08511	1418
2025-03-09 23:05:00	1.08516	1.08553	1.08507	1.08513	673
2025-03-09 23:10:00	1.08514	1.08609	1.08511	1.08609	360
2025-03-09 23:15:00	1.08609	1.0865	1.08609	1.08634	523
2025-03-09 23:20:00	1.08633	1.08653	1.08618	1.08619	569
2025-03-09 23:25:00	1.0862	1.08635	1.08617	1.08625	296
2025-03-09 23:30:00	1.08623	1.08629	1.08577	1.08606	530
2025-03-09 23:35:00	1.08608	1.08616	1.08591	1086	182
2025-03-09 23:40:00	1.08599	1.08607	1.08585	1.08604	204
2025-03-09 23:45:00	1.08603	1.0864	1.08602	1.08623	466
2025-03-09 23:50:00	1.08624	1.08625	1.08593	1.08596	405
2025-03-09 23:55:00	1.08597	1.08606	1.08573	1086	243
2025-03-10 00:00:00	1.08602	1.08608	1.08552	1.08558	543
2025-03-10 00:05:00	1.08558	1.08587	1.08533	1.08533	808
2025-03-10 00:10:00	1.08532	1.08563	1.0853	1.08557	624
2025-03-10 00:15:00	1.08555	1.08574	1.08538	1.08573	359
2025-03-10 00:20:00	1.08575	1.08597	1.08575	1.0859	255
2025-03-10 00:25:00	1.0859	1.08591	1.08527	1.08555	283
2025-03-10 00:30:00	1.08557	1.08572	1.0854	1.08568	242
2025-03-10 00:35:00	1.08565	1.0859	1.0855	1.08587	473
2025-03-10 00:40:00	1.08587	1.08649	1.08579	1.08617	645
2025-03-10 00:45:00	1.08617	1.08671	1.08617	1.08664	464
2025-03-10 00:50:00	1.08665	1.08665	1.08624	1.08645	710
2025-03-10 00:55:00	1.08647	1.08667	1.08636	1.08641	426
2025-03-10 01:00:00	1.0864	1.08711	1.08637	1.08675	811
2025-03-10 01:05:00	1.08675	1087	1.08662	1.0867	518
2025-03-10 01:10:00	1.08672	1.08681	1.08655	1.08666	421
2025-03-10 01:15:00	1.08666	1.08691	1.08648	1.08655	545
2025-03-10 01:20:00	1.08656	1.08681	1.08649	1.08669	367
2025-03-10 01:25:00	1.08668	1.08671	1.08601	1.08612	438
2025-03-10 01:30:00	1.08611	1.08637	1.08599	1.08627	439
2025-03-10 01:35:00	1.08628	1.08637	1.08587	1.08589	607
2025-03-10 01:40:00	1.08591	1.08595	1.0856	1.08566	659
2025-03-10 01:45:00	1.08567	1.08579	1.08548	1.0855	486
2025-03-10 01:50:00	1.0855	1.08563	1.08536	1.08545	514
2025-03-10 01:55:00	1.08544	1.08549	1.08524	1.08528	822
2025-03-10 02:00:00	1.08526	1.08557	1.08524	1.0854	869
2025-03-10 02:05:00	1.0854	1.0854	1.08494	1.08501	619
2025-03-10 02:10:00	1085	1.08502	1.08459	1.0848	769
2025-03-10 02:15:00	1.08479	1.08485	1.0846	1.08462	441
2025-03-10 02:20:00	1.08463	1.08478	1.08457	1.08476	430
2025-03-10 02:25:00	1.08474	1.08481	1.08459	1.08464	499
2025-03-10 02:30:00	1.08467	1.08491	1.08449	1.0849	840
2025-03-10 02:35:00	1.08488	1.08491	1.0847	1.08475	795
2025-03-10 02:40:00	1.08475	1.08477	1.08424	1.08426	779
2025-03-10 02:45:00	1.08428	1.08428	1.0837	1.08373	1016
2025-03-10 02:50:00	1.08373	1.08394	1.08372	1.08391	680
2025-03-10 02:55:00	1.0839	1.08394	1.08355	1.08368	1024
2025-03-10 03:00:00	1.08368	1.08376	1.08349	1.08361	733
2025-03-10 03:05:00	1.08362	1.08384	1.08351	1.08357	546
2025-03-10 03:10:00	1.08359	1.08361	1.08341	1.08355	542
2025-03-10 03:15:00	1.08354	1.0837	1.08341	1.0836	344
2025-03-10 03:20:00	1.08359	1.08362	1.08311	1.0832	556
2025-03-10 03:25:00	1.08321	1.08347	1.08321	1.0833	419
2025-03-10 03:30:00	1.0833	1.08345	1.08323	1.08325	880
2025-03-10 03:35:00	1.08324	1.08341	1.08314	1.08339	318
2025-03-10 03:40:00	1.0834	1.08347	1.08321	1.08344	412
2025-03-10 03:45:00	1.08345	1.08372	1.08341	1.08369	546
2025-03-10 03:50:00	1.0837	1.0838	1.08358	1.08362	414
2025-03-10 03:55:00	1.0836	1.08363	1.08301	1.08314	582
2025-03-10 04:00:00	1.08313	1.08353	1.08308	1.08353	510
2025-03-10 04:05:00	1.08353	1.08355	1.08321	1.08337	289
2025-03-10 04:10:00	1.08337	1.08357	1.08334	1.08351	288
2025-03-10 04:15:00	1.08353	1.0837	1.08352	1.08358	242
2025-03-10 04:20:00	1.08358	1.08368	1.08353	1.08359	290
2025-03-10 04:25:00	1.08358	1.08376	1.08358	1.08365	300
2025-03-10 04:30:00	1.08366	1.08366	1.08346	1.08349	361
2025-03-10 04:35:00	1.08348	1.08351	1.08327	1.08351	565
2025-03-10 04:40:00	1.08351	1.08362	1.08344	1.08344	226
2025-03-10 04:45:00	1.08342	1.08351	1.08338	1.08342	318
2025-03-10 04:50:00	1.08343	1.08345	1.08311	1.08315	498
2025-03-10 04:55:00	1.08316	1.08328	1083	1.08306	431
2025-03-10 05:00:00	1.08303	1.08319	1.08283	1.0829	624
2025-03-10 05:05:00	1.08291	1.08305	1.08278	1.08291	511
2025-03-10 05:10:00	1.08291	1.08322	1.08286	1.08311	838
2025-03-10 05:15:00	1.0831	1.08312	1.08281	1.08282	466
2025-03-10 05:20:00	1.08282	1083	1.08278	1.08287	962
2025-03-10 05:25:00	1.08286	1.08315	1.0828	1.08299	560
2025-03-10 05:30:00	1.08298	1.08321	1.08289	1.0832	598
2025-03-10 05:35:00	1.0832	1.08346	1.08311	1.08334	491
2025-03-10 05:40:00	1.08335	1.08347	1.08328	1.0834	403
2025-03-10 05:45:00	1.08339	1.08355	1.08326	1.08326	695
2025-03-10 05:50:00	1.08325	1.08335	1.08302	1.08334	640
2025-03-10 05:55:00	1.08333	1.08352	1.08324	1.0835	574
2025-03-10 06:00:00	1.08351	1.08367	1.08343	1.08351	622
2025-03-10 06:05:00	1.0835	1.08391	1.0835	1.0839	809
2025-03-10 06:10:00	1.08389	1.0841	1.08385	1.08397	794
2025-03-10 06:15:00	1.08396	1.08446	1.08394	1.08423	648
2025-03-10 06:20:00	1.08423	1.08439	1.0839	1.08391	732
2025-03-10 06:25:00	1.0839	1.08434	1.08389	1.08423	570
2025-03-10 06:30:00	1.08422	1.08433	1.08405	1.08408	586
2025-03-10 06:35:00	1.08408	1.08442	1.08407	1.08414	731
2025-03-10 06:40:00	1.08412	1.08419	1.08372	1.08405	1051
2025-03-10 06:45:00	1.08407	1.08416	1.08361	1.08373	468
2025-03-10 06:50:00	1.08371	1.08381	1.08343	1.08372	679
2025-03-10 06:55:00	1.08372	1.08384	1.08342	1.08367	757
2025-03-10 07:00:00	1.08374	1.08418	1.0833	1.08405	749
2025-03-10 07:05:00	1.08404	1.08438	1.0835	1.0835	813
2025-03-10 07:10:00	1.08349	1.08379	1.08342	1.08368	625
2025-03-10 07:15:00	1.08369	1.08381	1.08339	1.08353	612
2025-03-10 07:20:00	1.08354	1.08354	1.08297	1.08304	455
2025-03-10 07:25:00	1.08302	1.08346	1.08299	1.08334	576
2025-03-10 07:30:00	1.08335	1.08378	1.08305	1.08349	658
2025-03-10 07:35:00	1.0835	1.08352	1.08309	1.08331	695
2025-03-10 07:40:00	1.08331	1.08379	1.08323	1.08379	770
2025-03-10 07:45:00	1.08381	1.08389	1.08221	1.08221	1114
2025-03-10 07:50:00	1.08222	1.08238	1.08182	1.08226	1236
2025-03-10 07:55:00	1.08227	1.0824	1.08107	1.08224	1424
2025-03-10 08:00:00	1.08227	1.08241	1.08182	1.08226	1868
2025-03-10 08:05:00	1.08226	1.08231	1.08169	1.08189	1442
2025-03-10 08:10:00	1.08189	1.08191	1.08087	1.08107	1755
2025-03-10 08:15:00	1.08112	1.08169	1081	1.08164	1737
2025-03-10 08:20:00	1.08163	1.08173	1.08117	1.08131	1327
2025-03-10 08:25:00	1.0813	1.08196	1.0813	1.08184	1122
2025-03-10 08:30:00	1.08184	1.08216	1.08182	1.08209	1204
2025-03-10 08:35:00	1.0821	1.08215	1.08157	1.08193	1121
2025-03-10 08:40:00	1.08193	1.0822	1.08148	1.08176	1238
2025-03-10 08:45:00	1.08176	1.08189	1.08142	1.08148	860
2025-03-10 08:50:00	1.08147	1.08179	1.08051	1.08071	1201
2025-03-10 08:55:00	1.08073	1.08112	1.08053	1.08099	1153
2025-03-10 09:00:00	1.08099	1.0816	1.08085	1.08147	1036
2025-03-10 09:05:00	1.08147	1.08164	1.08096	1.08097	1143
2025-03-10 09:10:00	1.08097	1.08163	1.08091	1.08163	1266
2025-03-10 09:15:00	1.08164	1.08293	1.08162	1.08278	1302
2025-03-10 09:20:00	1.08277	1.08422	1.08272	1.08401	1383
2025-03-10 09:25:00	1.08401	1.08463	1.08397	1.08401	1533
2025-03-10 09:30:00	1084	1.08453	1.08395	1.08427	1186
2025-03-10 09:35:00	1.08426	1.0848	1.08394	1.08457	1329
2025-03-10 09:40:00	1.08456	1.08456	1.08403	1.08419	1033
2025-03-10 09:45:00	1.08421	1.0856	1.08409	1.0855	1260
2025-03-10 09:50:00	1.08548	1.08566	1.08511	1.08527	970
2025-03-10 09:55:00	1.08528	1.08561	1.08481	1.0851	1301
2025-03-10 10:00:00	1.08517	1.0859	1.08504	1.08544	1133
2025-03-10 10:05:00	1.08546	1.08607	1.08541	1.0858	1465
2025-03-10 10:10:00	1.0858	1086	1.08521	1.08598	933
2025-03-10 10:15:00	1.08598	1.08608	1.0854	1.0855	1070
2025-03-10 10:20:00	1.08549	1.0864	1.08533	1.0864	1249
2025-03-10 10:25:00	1.08639	1.08744	1.0863	1.08668	1509
2025-03-10 10:30:00	1.08668	1.08705	1.08632	1.08651	1199
2025-03-10 10:35:00	1.08649	1.08663	1.08608	1.08653	947
2025-03-10 10:40:00	1.08654	1.08655	1.08584	1.08594	1241
2025-03-10 10:45:00	1.08597	1.08643	1.08583	1.08586	1189
2025-03-10 10:50:00	1.08586	1.08634	1.08566	1.08628	887
2025-03-10 10:55:00	1.08629	1.08635	1.08593	1.08609	725
2025-03-10 11:00:00	1.08609	1.08643	1.08275	1.08302	2075
2025-03-10 11:05:00	1083	1.08491	1.08122	1.08491	3980
2025-03-10 11:10:00	1.08489	1.08498	1.08414	1.0842	2045
2025-03-10 11:15:00	1.08418	1.08565	1.08397	1.08539	2216
2025-03-10 11:20:00	1.08538	1.0855	1.08516	1.08544	1205
2025-03-10 11:25:00	1.08544	1.08562	1.08489	1.08512	1465
2025-03-10 11:30:00	1.08512	1.08514	1.0848	1.08499	1004
2025-03-10 11:35:00	1.08501	1.08517	1.08458	1.08459	1598
2025-03-10 11:40:00	1.0846	1.08525	1.08447	1.08501	865
2025-03-10 11:45:00	1.08501	1.08603	1.08494	1086	921
2025-03-10 11:50:00	1.08602	1.08605	1.08547	1.08559	887
2025-03-10 11:55:00	1.08558	1.08573	1.08502	1.08505	842
2025-03-10 12:00:00	1.08505	1.08546	1.08462	1.08472	948
2025-03-10 12:05:00	1.08472	1.08543	1.08472	1.08513	781
2025-03-10 12:10:00	1.08512	1.08514	1.0845	1.0849	667
2025-03-10 12:15:00	1.0849	1.08515	1.08451	1.08479	724
2025-03-10 12:20:00	1.08478	1.08528	1.08469	1.08498	866
2025-03-10 12:25:00	1.08497	1.08558	1.08464	1.08549	870
2025-03-10 12:30:00	1.0855	1.08599	1.08529	1.0858	1259
2025-03-10 12:35:00	1.0858	1.08585	1.08497	1.08498	1383
2025-03-10 12:40:00	1.08499	1.08551	1.08486	1.08539	1055
2025-03-10 12:45:00	1.0854	1.08543	1.08449	1.08457	1232
2025-03-10 12:50:00	1.08456	1.08494	1.08455	1.08459	1033
2025-03-10 12:55:00	1.08456	1.0846	1.08418	1.08437	1349
2025-03-10 13:00:00	1.08438	1.08443	1.08386	1.08399	1174
2025-03-10 13:05:00	1.08399	1.08465	1.08399	1.08443	1044
2025-03-10 13:10:00	1.08443	1.08507	1.08442	1.08466	1237
2025-03-10 13:15:00	1.08465	1.08496	1.08418	1.08423	776
2025-03-10 13:20:00	1.08424	1.08466	1.08406	1.08462	914
2025-03-10 13:25:00	1.0846	1.08468	1.08437	1.08447	966
2025-03-10 13:30:00	1.08446	1.08457	1.08406	1.08418	1026
2025-03-10 13:35:00	1.08422	1.08455	1.08414	1.08431	831
2025-03-10 13:40:00	1.08433	1.08455	1.08398	1.08414	962
2025-03-10 13:45:00	1.08415	1.08416	1.0834	1.08368	1060
2025-03-10 13:50:00	1.08368	1.08371	1.08332	1.08335	787
2025-03-10 13:55:00	1.08336	1.0837	1.08336	1.08349	846
2025-03-10 14:00:00	1.08349	1.08355	1.08313	1.08315	1204
2025-03-10 14:05:00	1.08314	1.08404	1.08314	1.08388	1148
2025-03-10 14:10:00	1.08386	1.08466	1.08381	1.08386	1295
2025-03-10 14:15:00	1.08386	1.08415	1.08351	1.08378	1317
2025-03-10 14:20:00	1.0838	1.08405	1.08335	1.08405	993
2025-03-10 14:25:00	1.08405	1.08437	1.08366	1.08374	1129
2025-03-10 14:30:00	1.08374	1.08392	1.08331	1.08342	1305
2025-03-10 14:35:00	1.08342	1.0837	1.08315	1.0835	1313
2025-03-10 14:40:00	1.08349	1.08431	1.08341	1.08413	1027
2025-03-10 14:45:00	1.08414	1.08441	1.08379	1.08412	1156
2025-03-10 14:50:00	1.08413	1.08433	1.08399	1.0842	1103
2025-03-10 14:55:00	1.08421	1.08454	1.08421	1.0845	1186
2025-03-10 15:00:00	1.08451	1.08477	1.08361	1.08364	1300
2025-03-10 15:05:00	1.08363	1.08378	1.08319	1.0832	1309
2025-03-10 15:10:00	1.08323	1.08348	1.0831	1.08345	1047
2025-03-10 15:15:00	1.08346	1.08346	1.08278	1.08319	1235
2025-03-10 15:20:00	1.08319	1.08361	1.08314	1.08335	1164
2025-03-10 15:25:00	1.08333	1.08405	1.08328	1.08397	1424
2025-03-10 15:30:00	1.08397	1.08407	1.0831	1.0831	1177
2025-03-10 15:35:00	1.08311	1.08314	1.08268	1.08269	1280
2025-03-10 15:40:00	1.0827	1.08297	1.08219	1.08237	1157
2025-03-10 15:45:00	1.08236	1.08264	1.08206	1.08226	1378
2025-03-10 15:50:00	1.08227	1.08314	1.08226	1.08312	1231
2025-03-10 15:55:00	1.08314	1.08377	1.08302	1.08369	1509
2025-03-10 16:00:00	1.08368	1.08392	1.08353	1.08362	1529
2025-03-10 16:05:00	1.08362	1.08377	1.08336	1.0835	1128
2025-03-10 16:10:00	1.0835	1.08392	1.08333	1.08384	942
2025-03-10 16:15:00	1.08384	1084	1.0834	1.08357	966
2025-03-10 16:20:00	1.08358	1.08413	1.08354	1.0837	1029
2025-03-10 16:25:00	1.08368	1.08369	1.08336	1.08348	614
2025-03-10 16:30:00	1.08351	1.08406	1.08349	1.08402	954
2025-03-10 16:35:00	1.08401	1.08416	1.08347	1.08349	1017
2025-03-10 16:40:00	1.08348	1.08351	1.08324	1.08332	727
2025-03-10 16:45:00	1.08331	1.08332	1.08278	1.08296	788
2025-03-10 16:50:00	1.08295	1.08321	1.08279	1.08313	773
2025-03-10 16:55:00	1.08314	1.08317	1.08283	1.08302	786
2025-03-10 17:00:00	1.08301	1.08303	1.08256	1.08291	885
2025-03-10 17:05:00	1.08291	1.08343	1.08285	1.08316	692
2025-03-10 17:10:00	1.08316	1.08364	1.08314	1.0835	693
2025-03-10 17:15:00	1.08352	1.08365	1.08339	1.08358	745
2025-03-10 17:20:00	1.08355	1.08391	1.08332	1.0839	764
2025-03-10 17:25:00	1.0839	1.08391	1.08336	1.08364	991
2025-03-10 17:30:00	1.08365	1.08414	1.08347	1.08407	567
2025-03-10 17:35:00	1.08408	1.08434	1.08399	1.08407	789
2025-03-10 17:40:00	1.08408	1.08424	1.08399	1084	649
2025-03-10 17:45:00	1.08399	1.08456	1.08399	1.08433	601
2025-03-10 17:50:00	1.08433	1.08433	1.08321	1.08325	968
2025-03-10 17:55:00	1.08324	1.0833	1.08287	1.08297	682
2025-03-10 18:00:00	1.08295	1.08295	1.08231	1.08249	649
2025-03-10 18:05:00	1.08249	1.08267	1.08235	1.08264	570
2025-03-10 18:10:00	1.08264	1.08352	1.0825	1.0825	1433
2025-03-10 18:15:00	1.0825	1.08254	1.08208	1.08218	742
2025-03-10 18:20:00	1.08218	1.08241	1.08213	1.08214	611
2025-03-10 18:25:00	1.08213	1.08215	1.08183	1.08188	534
2025-03-10 18:30:00	1.08189	1.08212	1.08175	1.08209	485
2025-03-10 18:35:00	1.08208	1.08234	1.08203	1.08233	446
2025-03-10 18:40:00	1.08233	1.08254	1.08227	1.08247	525
2025-03-10 18:45:00	1.08248	1.08289	1.08243	1.08278	538
2025-03-10 18:50:00	1.08277	1.08304	1.08267	1.08276	673
2025-03-10 18:55:00	1.08278	1.08305	1.08262	1.08296	892
2025-03-10 19:00:00	1.08296	1.08296	1.08209	1.08213	1131
2025-03-10 19:05:00	1.08211	1.08227	1.08175	1.08203	679
2025-03-10 19:10:00	1.08201	1.0823	1.08191	1.08216	544
2025-03-10 19:15:00	1.08218	1.08257	1.08208	1.08237	568
2025-03-10 19:20:00	1.08238	1.08265	1.08219	1.08262	392
2025-03-10 19:25:00	1.08263	1.08301	1.08262	1.0827	636
2025-03-10 19:30:00	1.08269	1.08277	1.08239	1.08244	561
2025-03-10 19:35:00	1.08243	1.0825	1.08188	1.08198	527
2025-03-10 19:40:00	1.08199	1.08257	1.0819	1.08254	438
2025-03-10 19:45:00	1.08253	1.08264	1.08228	1.08262	507
2025-03-10 19:50:00	1.08261	1.08286	1.08253	1.08278	500
2025-03-10 19:55:00	1.08278	1.08326	1.08263	1.08315	837
2025-03-10 20:00:00	1.08316	1.08351	1.08304	1.08315	574
2025-03-10 20:05:00	1.08315	1.08346	1.08315	1.0833	162
2025-03-10 20:10:00	1.0833	1.08334	1.08299	1.08305	156
2025-03-10 20:15:00	1.08305	1.08332	1.08305	1.08329	113
2025-03-10 20:20:00	1.08328	1.08328	1.08284	1.08284	215
2025-03-10 20:25:00	1.08285	1.08286	1.08264	1.08268	176
2025-03-10 20:30:00	1.08267	1.0827	1.08254	1.08262	223
2025-03-10 20:35:00	1.08262	1.08289	1.08255	1.08272	211
2025-03-10 20:40:00	1.08273	1.08296	1.0827	1.08296	92
2025-03-10 20:45:00	1.08297	1.08312	1.08296	1.08309	296
2025-03-10 20:50:00	1.08311	1.08315	1.08293	1.08309	593
2025-03-10 20:55:00	1.08309	1.08362	1.08308	1.08324	591
2025-03-10 21:00:00	1.0832	1.08321	1.08293	1.08308	15
2025-03-10 21:05:00	1.08306	1.08312	1.08305	1.08311	117
2025-03-10 21:10:00	1.08312	1.08313	1.08307	1.08309	61
2025-03-10 21:15:00	1.0831	1.08314	1.0831	1.08313	21
2025-03-10 21:20:00	1.08312	1.08317	1.08311	1.08313	20
2025-03-10 21:25:00	1.08313	1.08326	1.0831	1.08317	78
2025-03-10 21:30:00	1.08313	1.08321	1.08313	1.08316	83
2025-03-10 21:35:00	1.08316	1.08329	1.08316	1.08326	32
2025-03-10 21:40:00	1.08326	1.08345	1.08325	1.08344	123
2025-03-10 21:45:00	1.08345	1.08351	1.08343	1.08347	236
2025-03-10 21:50:00	1.08345	1.08349	1.08342	1.08345	139
2025-03-10 21:55:00	1.08347	1.08359	1.08341	1.08342	65
2025-03-10 22:00:00	1.08341	1.08366	1.08336	1.08357	151
2025-03-10 22:05:00	1.08358	1.08362	1.08348	1.08352	117
2025-03-10 22:10:00	1.08352	1.08375	1.08342	1.08372	83
2025-03-10 22:15:00	1.08372	1.08413	1.08367	1.08393	320
2025-03-10 22:20:00	1.08393	1.08403	1.08379	1.08379	215
2025-03-10 22:25:00	1.08379	1.08385	1.08367	1.0837	124
2025-03-10 22:30:00	1.08371	1.08375	1.08366	1.0837	99
2025-03-10 22:35:00	1.08369	1.08374	1.08367	1.08368	157
2025-03-10 22:40:00	1.08369	1.08381	1.08367	1.08372	274
2025-03-10 22:45:00	1.08376	1.08378	1.08367	1.08368	279
2025-03-10 22:50:00	1.08367	1.0837	1.08367	1.08368	247
2025-03-10 22:55:00	1.08367	1.08368	1.08329	1.08344	172
2025-03-10 23:00:00	1.08349	1.08409	1.08347	1084	352
2025-03-10 23:05:00	1.08398	1.08432	1.08398	1.08406	374
2025-03-10 23:10:00	1.08406	1.08425	1.08393	1.08422	190
2025-03-10 23:15:00	1.08423	1.08424	1.08386	1.08386	266
2025-03-10 23:20:00	1.08388	1.08425	1.08385	1.08425	135
2025-03-10 23:25:00	1.08422	1.08428	1.08413	1.0842	131
2025-03-10 23:30:00	1.08424	1.08429	1.08415	1.0842	182
2025-03-10 23:35:00	1.08418	1.08432	1.08412	1.08414	134
2025-03-10 23:40:00	1.08417	1.08419	1.08393	1.08414	156
2025-03-10 23:45:00	1.08416	1.08421	1.08407	1.08415	85
2025-03-10 23:50:00	1.08414	1.08421	1.08395	1.08416	238
2025-03-10 23:55:00	1.08416	1.08418	1.0838	1.0839	280
2025-03-11 00:00:00	1.0839	1.08437	1.08389	1.08429	454
2025-03-11 00:05:00	1.08428	1.08484	1.08424	1.08449	393
2025-03-11 00:10:00	1.08452	1.08461	1.08427	1.08438	475
2025-03-11 00:15:00	1.0844	1.08459	1.08423	1.0845	281
2025-03-11 00:20:00	1.08449	1.08461	1.08436	1.08442	385
2025-03-11 00:25:00	1.08443	1.08458	1.08424	1.08458	205
2025-03-11 00:30:00	1.08457	1.0846	1.08423	1.08425	534
2025-03-11 00:35:00	1.08425	1.08454	1.08417	1.08452	297
2025-03-11 00:40:00	1.08452	1.08486	1.0844	1.08461	460
2025-03-11 00:45:00	1.08463	1.08474	1.08437	1.08449	420
2025-03-11 00:50:00	1.0845	1.08504	1.0845	1.08475	576
2025-03-11 00:55:00	1.08474	1.08533	1.08467	1.08513	517
2025-03-11 01:00:00	1.08515	1.08527	1.08448	1.08448	414
2025-03-11 01:05:00	1.08448	1.08499	1.08447	1.08472	515
2025-03-11 01:10:00	1.0847	1.08509	1.0847	1.08485	322
2025-03-11 01:15:00	1.08487	1.08498	1.08458	1.08486	587
2025-03-11 01:20:00	1.08485	1.08502	1.08476	1.08484	220
2025-03-11 01:25:00	1.08484	1.08486	1.08457	1.08476	852
2025-03-11 01:30:00	1.08475	1.08489	1.0844	1.08442	1000
2025-03-11 01:35:00	1.0844	1.08474	1.08435	1.0846	851
2025-03-11 01:40:00	1.08461	1.08544	1.08459	1.08536	990
2025-03-11 01:45:00	1.08536	1.08556	1.08525	1.08548	480
2025-03-11 01:50:00	1.08545	1.08554	1.08537	1.08548	523
2025-03-11 01:55:00	1.08548	1.08584	1.08547	1.08579	615
2025-03-11 02:00:00	1.08579	1.08581	1.08557	1.08576	429
2025-03-11 02:05:00	1.08576	1.08598	1.08562	1.08591	948
2025-03-11 02:10:00	1.08591	1.08604	1.08574	1.08592	955
2025-03-11 02:15:00	1.08593	1.08595	1.08568	1.08572	1029
2025-03-11 02:20:00	1.08571	1.08586	1.08551	1.08569	733
2025-03-11 02:25:00	1.08567	1.08569	1.08549	1.08555	774
2025-03-11 02:30:00	1.08556	1.08558	1.08525	1.08529	525
2025-03-11 02:35:00	1.08531	1.08551	1.08528	1.08537	820
2025-03-11 02:40:00	1.08537	1.08551	1.08519	1.08521	814
2025-03-11 02:45:00	1.08522	1.08528	1085	1.08509	315
2025-03-11 02:50:00	1.0851	1.08556	1.08508	1.08556	545
2025-03-11 02:55:00	1.08557	1.08581	1.08553	1.08558	592
2025-03-11 03:00:00	1.08559	1.08577	1.08556	1.08558	380
2025-03-11 03:05:00	1.08559	1.08579	1.08554	1.08571	668
2025-03-11 03:10:00	1.08572	1.08596	1.08568	1.08568	582
2025-03-11 03:15:00	1.08567	1.08569	1.08495	1.08531	835
2025-03-11 03:20:00	1.08531	1.08551	1.08523	1.0855	616
2025-03-11 03:25:00	1.08551	1.08553	1.08498	1085	477
2025-03-11 03:30:00	1085	1.08521	1.08489	1.08517	366
2025-03-11 03:35:00	1.08517	1.08536	1.08516	1.0853	455
2025-03-11 03:40:00	1.08531	1.08537	1.08518	1.08534	373
2025-03-11 03:45:00	1.08534	1.08535	1.08492	1.08494	353
2025-03-11 03:50:00	1.08496	1.08512	1.08487	1.08504	431
2025-03-11 03:55:00	1.08505	1.08547	1.08504	1.08542	458
2025-03-11 04:00:00	1.0854	1.08544	1.08511	1.08515	238
2025-03-11 04:05:00	1.08514	1.08535	1.08503	1.08533	445
2025-03-11 04:10:00	1.08533	1.08556	1.0853	1.08553	326
2025-03-11 04:15:00	1.08555	1.08565	1.08548	1.08553	318
2025-03-11 04:20:00	1.08553	1.08555	1.08525	1.08552	443
2025-03-11 04:25:00	1.08552	1.08567	1.08551	1.08561	361
2025-03-11 04:30:00	1.08561	1.0859	1.0856	1.08582	413
2025-03-11 04:35:00	1.08583	1.08615	1.08582	1.08596	285
2025-03-11 04:40:00	1.08596	1.08597	1.08555	1.08559	320
2025-03-11 04:45:00	1.08559	1.08568	1.0853	1.08534	305
2025-03-11 04:50:00	1.08535	1.08543	1.08526	1.08537	221
2025-03-11 04:55:00	1.08538	1.08557	1.08535	1.08543	216
2025-03-11 05:00:00	1.08543	1.08554	1.08533	1.08534	391
2025-03-11 05:05:00	1.08534	1.08535	1.08485	1.08487	319
2025-03-11 05:10:00	1.08486	1.08496	1.08454	1.08474	461
2025-03-11 05:15:00	1.08474	1.0848	1.08438	1.08441	499
2025-03-11 05:20:00	1.0844	1.08449	1.08417	1.0844	301
2025-03-11 05:25:00	1.08442	1.08454	1.08431	1.08448	381
2025-03-11 05:30:00	1.08449	1.08479	1.08449	1.08466	432
2025-03-11 05:35:00	1.08467	1.08471	1.08422	1.08424	268
2025-03-11 05:40:00	1.08423	1.08424	1.08376	1.08379	346
2025-03-11 05:45:00	1.08379	1.08392	1.08354	1.0839	326
2025-03-11 05:50:00	1.08392	1.08405	1.08357	1.08371	341
2025-03-11 05:55:00	1.0837	1.08385	1.08366	1.08381	557
2025-03-11 06:00:00	1.08383	1.08404	1.08369	1.08393	607
2025-03-11 06:05:00	1.08393	1.08406	1.08381	1.08387	394
2025-03-11 06:10:00	1.08387	1.08394	1.08364	1.08394	561
2025-03-11 06:15:00	1.08393	1.08443	1.08363	1.08426	519
2025-03-11 06:20:00	1.08426	1.08687	1.08424	1.08623	1544
2025-03-11 06:25:00	1.08624	1.08682	1.08578	1.08613	1205
2025-03-11 06:30:00	1.08614	1.08758	1.08614	1.08684	988
2025-03-11 06:35:00	1.08686	1087	1.08629	1.0864	609
2025-03-11 06:40:00	1.08641	1.08675	1.08622	1.0866	738
2025-03-11 06:45:00	1.0866	1.08668	1.08613	1.0865	1015
2025-03-11 06:50:00	1.08649	1.0865	1.08583	1.08585	976
2025-03-11 06:55:00	1.08584	1.08584	1.08541	1.08563	955
2025-03-11 07:00:00	1.08562	1.0861	1.08551	1.08589	1150
2025-03-11 07:05:00	1.08592	1.08686	1.08577	1.08663	824
2025-03-11 07:10:00	1.08663	1.08729	1.08662	1.0872	733
2025-03-11 07:15:00	1.08717	1.08753	1.08693	1.08704	1379
2025-03-11 07:20:00	1.08702	1.08804	1.08694	1.08794	1183
2025-03-11 07:25:00	1.08794	1.08812	1.08743	1.08755	992
2025-03-11 07:30:00	1.08754	1.08785	1.08739	1.08749	817
2025-03-11 07:35:00	1.08749	1.08863	1.08722	1.08849	750
2025-03-11 07:40:00	1.08847	1.08994	1.08816	1.08961	1182
2025-03-11 07:45:00	1.0896	1.09014	1.08923	1.0897	1698
2025-03-11 07:50:00	1.08973	1.09	1.08934	1.08947	1343
2025-03-11 07:55:00	1.08947	1.09002	1.08898	1.08906	1067
2025-03-11 08:00:00	1.08906	1.08931	1.0888	1089	1218
2025-03-11 08:05:00	1089	1.08937	1.08853	1.08875	991
2025-03-11 08:10:00	1.08874	1.08979	1.08846	1.08974	1103
2025-03-11 08:15:00	1.08974	1.09037	1.08946	1.0902	948
2025-03-11 08:20:00	1.0902	1.0905	1.08988	1.08998	1128
2025-03-11 08:25:00	1.08998	1.0904	1.08998	1.09027	1362
2025-03-11 08:30:00	1.09027	1.09028	1.08943	1.08983	1635
2025-03-11 08:35:00	1.08984	1.09005	1.08965	1.08989	1148
2025-03-11 08:40:00	1.08989	1.08998	1.08941	1.08994	1010
2025-03-11 08:45:00	1.08995	1.09149	1.08992	1.09102	1374
2025-03-11 08:50:00	1.09101	1.09177	1.09097	1.09175	1161
2025-03-11 08:55:00	1.09172	1.09191	1.09134	1.0917	899
2025-03-11 09:00:00	1.09167	1.09196	1.09142	1.0919	882
2025-03-11 09:05:00	1.09189	1.09207	1.09099	1.09118	965
2025-03-11 09:10:00	1.09117	1.09137	1.0908	1.0909	954
2025-03-11 09:15:00	1.09089	1.09094	1.09012	1.09024	1407
2025-03-11 09:20:00	1.09024	1.09075	1.09022	1.09043	615
2025-03-11 09:25:00	1.09041	1.09069	1.09036	1.09048	631
2025-03-11 09:30:00	1.09047	1.09079	1.09012	1.09077	707
2025-03-11 09:35:00	1.09076	1.09076	1.08978	1.09002	821
2025-03-11 09:40:00	1.09001	1.09025	1.08959	1.09018	716
2025-03-11 09:45:00	1.09019	1.09178	1.09004	1.09165	768
2025-03-11 09:50:00	1.09163	1.09195	1.09123	1.09165	908
2025-03-11 09:55:00	1.09165	1.09188	1.09082	1.09082	1124
2025-03-11 10:00:00	1.09083	1.09083	1.08975	1.08984	1257
2025-03-11 10:05:00	1.08986	1.0901	1.08949	1.08958	1139
2025-03-11 10:10:00	1.08961	1.08965	1.0889	1.08952	1147
2025-03-11 10:15:00	1.08949	1.0897	1.08905	1.08909	485
2025-03-11 10:20:00	1.08908	1.08914	1.08843	1.08879	700
2025-03-11 10:25:00	1.08879	1.08896	1.08857	1.08895	621
2025-03-11 10:30:00	1.08893	1.08897	1.08821	1.08839	1068
2025-03-11 10:35:00	1.08838	1.08917	1.08837	1.08915	759
2025-03-11 10:40:00	1.08915	1.08927	1.08867	1.08875	595
2025-03-11 10:45:00	1.08874	1.08979	1.08872	1.08977	731
2025-03-11 10:50:00	1.08977	1.08978	1.08927	1.08949	582
2025-03-11 10:55:00	1.08948	1.08964	1.08882	1.08905	736
2025-03-11 11:00:00	1.08903	1.08905	1.08833	1.08834	1166
2025-03-11 11:05:00	1.08833	1.08903	1.0881	1.08902	817
2025-03-11 11:10:00	1.08901	1.08902	1.08849	1.0886	583
2025-03-11 11:15:00	1.08859	1.08903	1.08852	1.08899	470
2025-03-11 11:20:00	1.08901	1.0895	1.08901	1.08913	413
2025-03-11 11:25:00	1.08912	1.0896	1.08903	1.08954	470
2025-03-11 11:30:00	1.08955	1.08972	1.0894	1.08953	551
2025-03-11 11:35:00	1.08953	1.08979	1.0894	1.08958	580
2025-03-11 11:40:00	1.08958	1.08982	1.0893	1.08975	477
2025-03-11 11:45:00	1.08974	1.08993	1.08935	1.08941	405
2025-03-11 11:50:00	1.0894	1.08998	1.08933	1.08996	433
2025-03-11 11:55:00	1.08995	1.09047	1.08977	1.09044	596
2025-03-11 12:00:00	1.09044	1.09093	1.09029	1.09092	1209
2025-03-11 12:05:00	1.09092	1.09139	1.09042	1.09044	1074
2025-03-11 12:10:00	1.09042	1.09096	1.0902	1.0909	929
2025-03-11 12:15:00	1.0909	1.0909	1.09033	1.09056	996
2025-03-11 12:20:00	1.09055	1.09094	1.09049	1.0908	884
2025-03-11 12:25:00	1.09082	1.09085	1.09055	1.09075	682
2025-03-11 12:30:00	1.09074	1.09154	1.09059	1.09144	850
2025-03-11 12:35:00	1.09144	1.09159	1.09119	1.09142	813
2025-03-11 12:40:00	1.09144	1.09174	1.09115	1.09155	621
2025-03-11 12:45:00	1.09155	1.09189	1.09148	1.09159	784
2025-03-11 12:50:00	1.09157	1.09189	1.09155	1.09185	792
2025-03-11 12:55:00	1.09185	1.09203	1.09147	1.09178	1435
2025-03-11 13:00:00	1.09179	1.09198	1.09147	1.09164	1529
2025-03-11 13:05:00	1.09167	1.0917	1.0912	1.0912	1695
2025-03-11 13:10:00	1.09122	1.09185	1.09112	1.09168	890
2025-03-11 13:15:00	1.09171	1.09186	1.09131	1.09163	1106
2025-03-11 13:20:00	1.09164	1.09234	1.09153	1.09226	895
2025-03-11 13:25:00	1.09227	1.09231	1.09209	1.09231	940
2025-03-11 13:30:00	1.09232	1.09245	1.09213	1.09236	1121
2025-03-11 13:35:00	1.09237	1.09258	1.09199	1.09209	1351
2025-03-11 13:40:00	1.0921	1.09294	1.09206	1.09286	1193
2025-03-11 13:45:00	1.09285	1.09306	1.09259	1.09262	1081
2025-03-11 13:50:00	1.09262	1.09264	1092	1.09205	1601
2025-03-11 13:55:00	1.09205	1.09244	1.09173	1.09197	1085
2025-03-11 14:00:00	1.09195	1.09195	1.09065	1.09084	3177
2025-03-11 14:05:00	1.09083	1.09202	1.09071	1.09103	2093
2025-03-11 14:10:00	1.09104	1.09128	1.09001	1.09108	1818
2025-03-11 14:15:00	1.09108	1.09159	1.09094	1.09119	1434
2025-03-11 14:20:00	1.09121	1.09151	1.0903	1.09065	1482
2025-03-11 14:25:00	1.09064	1.09094	1.08949	1.09002	1645
2025-03-11 14:30:00	1.09001	1.09081	1.09001	1.09035	1190
2025-03-11 14:35:00	1.09037	1.09078	1.09008	1.09049	874
2025-03-11 14:40:00	1.09052	1.09103	1.09051	1.09092	1082
2025-03-11 14:45:00	1.09093	1.09182	1.09088	1.09165	1176
2025-03-11 14:50:00	1.09165	1.09184	1.09149	1.09182	930
2025-03-11 14:55:00	1.09183	1.09195	1.09116	1.0919	1110
2025-03-11 15:00:00	1.0919	1.09216	1.09159	1.09211	1228
2025-03-11 15:05:00	1.09211	1.09225	1.0918	1.09191	982
2025-03-11 15:10:00	1.09191	1.09191	1.09121	1.09178	810
2025-03-11 15:15:00	1.09181	1.09203	1.09141	1.09173	1181
2025-03-11 15:20:00	1.09173	1.09206	1.09163	1.09192	1239
2025-03-11 15:25:00	1.09193	1.09214	1.09145	1.09172	875
2025-03-11 15:30:00	1.0917	1.09193	1.09151	1.09186	792
2025-03-11 15:35:00	1.09185	1.09214	1.09151	1.09212	946
2025-03-11 15:40:00	1.09213	1.09226	1.09188	1.09222	815
2025-03-11 15:45:00	1.0922	1.09223	1.09177	1.09197	863
2025-03-11 15:50:00	1.09196	1.09282	1.0917	1.09277	1052
2025-03-11 15:55:00	1.09277	1.09285	1.09249	1.0927	2044
2025-03-11 16:00:00	1.09269	1.09274	1.09216	1.09237	1597
2025-03-11 16:05:00	1.09236	1.09236	1.09195	1.09199	699
2025-03-11 16:10:00	1.09198	1.09242	1.09177	1.09237	800
2025-03-11 16:15:00	1.09235	1.09289	1.09222	1.09286	639
2025-03-11 16:20:00	1.09286	1.09295	1.09229	1.09229	834
2025-03-11 16:25:00	1.09232	1.0926	1.09223	1.09224	537
2025-03-11 16:30:00	1.09225	1.09245	1092	1.09234	614
2025-03-11 16:35:00	1.09233	1.09262	1.09229	1.0924	567
2025-03-11 16:40:00	1.09237	1.09273	1.09224	1.09253	684
2025-03-11 16:45:00	1.09252	1.09264	1.09225	1.09244	523
2025-03-11 16:50:00	1.09245	1.09281	1.09244	1.09277	601
2025-03-11 16:55:00	1.09276	1.09281	1.09248	1.09249	749
2025-03-11 17:00:00	1.0925	1.09268	1.09237	1.09265	523
2025-03-11 17:05:00	1.09265	1.09286	1.09249	1.09281	359
2025-03-11 17:10:00	1.09281	1.09316	1.0928	1.09302	601
2025-03-11 17:15:00	1.09301	1.09304	1.09272	1.09278	441
2025-03-11 17:20:00	1.09279	1.09304	1.09277	1093	499
2025-03-11 17:25:00	1.09301	1.09306	1.09261	1.09288	611
2025-03-11 17:30:00	1.09288	1.09327	1.09272	1.09274	978
2025-03-11 17:35:00	1.09274	1.09282	1.09264	1.09276	305
2025-03-11 17:40:00	1.09277	1.09292	1.09265	1.09265	541
2025-03-11 17:45:00	1.09267	1.09306	1.09267	1.09298	519
2025-03-11 17:50:00	1.09299	1.09318	1.09284	1.09284	421
2025-03-11 17:55:00	1.09286	1.0935	1.09266	1.09341	788
2025-03-11 18:00:00	1.09343	1.09408	1.09341	1.09374	1127
2025-03-11 18:05:00	1.09375	1.09375	1.09323	1.09368	831
2025-03-11 18:10:00	1.09373	1.09456	1.09369	1.09439	1189
2025-03-11 18:15:00	1.09439	1.0946	1.09407	1.09424	888
2025-03-11 18:20:00	1.09423	1.09471	1.09418	1.09428	914
2025-03-11 18:25:00	1.09428	1.09431	1.09406	1.09411	598
2025-03-11 18:30:00	1.09412	1.09412	1.09366	1.09378	724
2025-03-11 18:35:00	1.09376	1.09391	1.09362	1.09367	562
2025-03-11 18:40:00	1.09368	1.09428	1.09362	1.09413	1176
2025-03-11 18:45:00	1.09415	1.09427	1.09343	1.09348	1325
2025-03-11 18:50:00	1.0935	1.0935	1.09258	1.09265	1372
2025-03-11 18:55:00	1.09266	1.09317	1.09251	1.09306	867
2025-03-11 19:00:00	1.09305	1.09321	1.09288	1.09317	679
2025-03-11 19:05:00	1.09315	1.09338	1.09286	1.09299	719
2025-03-11 19:10:00	1.09297	1.09301	1.09277	1.0929	969
2025-03-11 19:15:00	1.09288	1.09304	1.0927	1.09302	528
2025-03-11 19:20:00	1.09301	1.09318	1.0929	1.09291	526
2025-03-11 19:25:00	1.09291	1.09294	1.09265	1.09273	494
2025-03-11 19:30:00	1.09275	1.09318	1.09273	1.09314	430
2025-03-11 19:35:00	1.09311	1.09314	1.09287	1.09288	462
2025-03-11 19:40:00	1.09287	1.09292	1.09278	1.09279	576
2025-03-11 19:45:00	1.09277	1.09291	1.09276	1.09283	433
2025-03-11 19:50:00	1.09282	1.09287	1.09235	1.09265	547
2025-03-11 19:55:00	1.09266	1.09266	1.09195	1.09196	851
2025-03-11 20:00:00	1.09199	1.09207	1.0918	1.09206	328
2025-03-11 20:05:00	1.09206	1.09207	1.09183	1.09187	144
2025-03-11 20:10:00	1.09187	1.09188	1.09143	1.09149	214
2025-03-11 20:15:00	1.09151	1.09168	1.09149	1.09151	176
2025-03-11 20:20:00	1.09149	1.09151	1.09125	1.09128	200
2025-03-11 20:25:00	1.09129	1.09138	1.09119	1.09119	136
2025-03-11 20:30:00	1.09121	1.09123	1.09098	1.09121	347
2025-03-11 20:35:00	1.09123	1.0916	1.09123	1.0916	127
2025-03-11 20:40:00	1.09161	1.09176	1.09161	1.09174	206
2025-03-11 20:45:00	1.09174	1.09177	1.09157	1.09166	319
2025-03-11 20:50:00	1.09165	1.09186	1.09163	1.09179	422
2025-03-11 20:55:00	1.09178	1.09193	1.09171	1.09181	722
2025-03-11 21:00:00	1.09174	1.09209	1.09159	1.09191	96
2025-03-11 21:05:00	1.09191	1.09195	1.09143	1.09149	277
2025-03-11 21:10:00	1.09149	1.09162	1.09144	1.09149	256
2025-03-11 21:15:00	1.09158	1.0916	1.09149	1.0916	77
2025-03-11 21:20:00	1.09151	1.09161	1.09068	1.09121	369
2025-03-11 21:25:00	1.09129	1.09135	1.09105	1.09109	154
2025-03-11 21:30:00	1.09111	1.09137	1.09111	1.09135	201
2025-03-11 21:35:00	1.09131	1.09137	1.09112	1.09122	256
2025-03-11 21:40:00	1.09122	1.09142	1.09121	1.09135	188
2025-03-11 21:45:00	1.09135	1.09142	1.09102	1.09106	464
2025-03-11 21:50:00	1.09107	1.0911	1.09104	1.09104	91
2025-03-11 21:55:00	1.09105	1.09114	1.09103	1.0911	201
2025-03-11 22:00:00	1.0911	1.09151	1.09104	1.09151	336
2025-03-11 22:05:00	1.0915	1.09157	1.09137	1.09157	188
2025-03-11 22:10:00	1.09158	1.09185	1.09158	1.09171	183
2025-03-11 22:15:00	1.09171	1.09172	1.09141	1.09154	316
2025-03-11 22:20:00	1.09154	1.09162	1.09141	1.09143	324
2025-03-11 22:25:00	1.09142	1.09157	1.09141	1.09149	220
2025-03-11 22:30:00	1.09152	1.09154	1.09142	1.09148	43
2025-03-11 22:35:00	1.09147	1.09149	1.09133	1.09139	27
2025-03-11 22:40:00	1.09138	1.09142	1.09132	1.09133	61
2025-03-11 22:45:00	1.09132	1.0916	1.09132	1.09153	43
2025-03-11 22:50:00	1.09153	1.09162	1.09152	1.09153	84
2025-03-11 22:55:00	1.09153	1.09157	1.09151	1.09155	53
2025-03-11 23:00:00	1.09154	1.09156	1.0914	1.09141	80
2025-03-11 23:05:00	1.0914	1.09155	1.09138	1.09153	55
2025-03-11 23:10:00	1.09154	1.09173	1.09153	1.09169	86
2025-03-11 23:15:00	1.09166	1.09166	1.09131	1.09139	147
2025-03-11 23:20:00	1.09137	1.09147	1.09129	1.09142	160
2025-03-11 23:25:00	1.09149	1.09165	1.09147	1.09161	234
2025-03-11 23:30:00	1.0916	1.09169	1.09148	1.09168	196
2025-03-11 23:35:00	1.09168	1.09168	1.09142	1.09142	120
2025-03-11 23:40:00	1.09144	1.09158	1.09144	1.09151	96
2025-03-11 23:45:00	1.09153	1.09155	1.09142	1.09142	63
2025-03-11 23:50:00	1.09143	1.0916	1.09143	1.0915	75
2025-03-11 23:55:00	1.0915	1.09152	1.09131	1.09136	89
2025-03-12 00:00:00	1.09137	1.09157	1.09121	1.09122	296
2025-03-12 00:05:00	1.0912	1.09154	1.09118	1.09135	283
2025-03-12 00:10:00	1.09134	1.09144	1.09118	1.09122	278
2025-03-12 00:15:00	1.0912	1.09145	1.09113	1.09126	382
2025-03-12 00:20:00	1.09125	1.09133	1.09118	1.09125	415
2025-03-12 00:25:00	1.09125	1.0913	1.09119	1.09123	245
2025-03-12 00:30:00	1.09124	1.09124	1.0909	1.09107	526
2025-03-12 00:35:00	1.09108	1.09113	1.09084	1.09084	411
2025-03-12 00:40:00	1.09084	1.09087	1.09072	1.09083	370
2025-03-12 00:45:00	1.09082	1.09082	1.09054	1.09078	406
2025-03-12 00:50:00	1.09078	1.09091	1.09071	1.09089	357
2025-03-12 00:55:00	1.09087	1.09094	1.09076	1.09088	399
2025-03-12 01:00:00	1.09088	1.09111	1.0908	1.09085	536
2025-03-12 01:05:00	1.09083	1.09088	1.09064	1.09069	290
2025-03-12 01:10:00	1.0907	1.09074	1.09058	1.09066	347
2025-03-12 01:15:00	1.09067	1.09086	1.09063	1.09066	424
2025-03-12 01:20:00	1.09067	1.09099	1.09066	1.09098	546
2025-03-12 01:25:00	1.09097	1.09125	1.09093	1.09113	480
2025-03-12 01:30:00	1.09113	1.0913	1.09098	1.09128	569
2025-03-12 01:35:00	1.09128	1.09151	1.09118	1.09124	863
2025-03-12 01:40:00	1.09123	1.09126	1.0909	1.09097	588
2025-03-12 01:45:00	1.09098	1.09105	1.09085	1.09089	522
2025-03-12 01:50:00	1.09089	1.09089	1.09067	1.09078	786
2025-03-12 01:55:00	1.09079	1.09079	1.09059	1.09062	702
2025-03-12 02:00:00	1.09062	1.0909	1.09055	1.09087	1123
2025-03-12 02:05:00	1.09085	1.09098	1.09077	1.09086	1202
2025-03-12 02:10:00	1.09086	1.0911	1.09086	1.09102	1352
2025-03-12 02:15:00	1.09101	1.09114	1.09074	1.0908	1192
2025-03-12 02:20:00	1.09079	1.0908	1.09058	1.09064	891
2025-03-12 02:25:00	1.09065	1.09074	1.09054	1.0906	485
2025-03-12 02:30:00	1.0906	1.09079	1.09056	1.09074	593
2025-03-12 02:35:00	1.09071	1.09076	1.09061	1.09061	202
2025-03-12 02:40:00	1.09062	1.09069	1.09049	1.09057	298
2025-03-12 02:45:00	1.09058	1.09071	1.09055	1.09059	171
2025-03-12 02:50:00	1.09058	1.0906	1.09038	1.09043	209
2025-03-12 02:55:00	1.09042	1.09048	1.09033	1.09035	246
2025-03-12 03:00:00	1.09035	1.09046	1.09034	1.09038	1085
2025-03-12 03:05:00	1.09037	1.09044	1.09029	1.09029	312
2025-03-12 03:10:00	1.09043	1.09045	1.09016	1.09018	273
2025-03-12 03:15:00	1.09022	1.0903	1.09001	1.09003	170
2025-03-12 03:20:00	1.09004	1.09004	1.08968	1.08973	571
2025-03-12 03:25:00	1.08973	1.09005	1.08968	1.08996	289
2025-03-12 03:30:00	1.08996	1.08996	1.08967	1.08967	221
2025-03-12 03:35:00	1.08969	1.08977	1.08967	1.08972	401
2025-03-12 03:40:00	1.08974	1.08978	1.08967	1.08971	187
2025-03-12 03:45:00	1.08971	1.08979	1.08961	1.08966	325
2025-03-12 03:50:00	1.08965	1.08971	1.08959	1.08968	691
2025-03-12 03:55:00	1.08968	1.08978	1.08968	1.0897	472
2025-03-12 04:00:00	1.0897	1.08983	1.08968	1.0897	736
2025-03-12 04:05:00	1.08969	1.08971	1.08957	1.0896	589
2025-03-12 04:10:00	1.0896	1.08977	1.08959	1.08973	585
2025-03-12 04:15:00	1.08972	1.08983	1.08965	1.08975	280
2025-03-12 04:20:00	1.08974	1.09014	1.08974	1.09013	402
2025-03-12 04:25:00	1.09014	1.09025	1.0901	1.09015	172
2025-03-12 04:30:00	1.09014	1.09014	1.08976	1.08982	264
2025-03-12 04:35:00	1.08983	1.09011	1.08975	1.09011	309
2025-03-12 04:40:00	1.09011	1.09023	1.09002	1.09002	415
2025-03-12 04:45:00	1.09002	1.09012	1.09	1.09011	212
2025-03-12 04:50:00	1.09011	1.09025	1.0901	1.09013	300
2025-03-12 04:55:00	1.09013	1.09023	1.08975	1.08988	853
2025-03-12 05:00:00	1.08987	1.08989	1.08957	1.08978	610
2025-03-12 05:05:00	1.08976	1.08985	1.08964	1.0897	130
2025-03-12 05:10:00	1.08971	1.08974	1.08949	1.08969	328
2025-03-12 05:15:00	1.08969	1.08978	1.08961	1.08961	281
2025-03-12 05:20:00	1.0896	1.0898	1.08957	1.08962	300
2025-03-12 05:25:00	1.08964	1.08978	1.08953	1.08961	376
2025-03-12 05:30:00	1.08962	1.08979	1.08962	1.08976	421
2025-03-12 05:35:00	1.08976	1.09004	1.0897	1.08995	509
2025-03-12 05:40:00	1.08995	1.09018	1.08987	1.09012	601
2025-03-12 05:45:00	1.09012	1.09025	1.09	1.09025	547
2025-03-12 05:50:00	1.09024	1.09036	1.09021	1.09033	581
2025-03-12 05:55:00	1.09033	1.09041	1.09013	1.09034	743
2025-03-12 06:00:00	1.09033	1.09045	1.09023	1.09042	539
2025-03-12 06:05:00	1.09042	1.09086	1.09033	1.0908	656
2025-03-12 06:10:00	1.09082	1.09082	1.09048	1.09055	741
2025-03-12 06:15:00	1.09055	1.09061	1.09033	1.09043	469
2025-03-12 06:20:00	1.09044	1.0905	1.09016	1.09016	770
2025-03-12 06:25:00	1.09017	1.09037	1.09015	1.09034	600
2025-03-12 06:30:00	1.09035	1.09044	1.09006	1.09016	486
2025-03-12 06:35:00	1.09014	1.09038	1.09004	1.09012	488
2025-03-12 06:40:00	1.09011	1.09031	1.09005	1.09013	392
2025-03-12 06:45:00	1.09015	1.09023	1.08963	1.0897	417
2025-03-12 06:50:00	1.08969	1.0899	1.08949	1.08954	689
2025-03-12 06:55:00	1.08954	1.08973	1.08917	1.08921	1094
2025-03-12 07:00:00	1.08919	1.08951	1.08881	1.08885	1421
2025-03-12 07:05:00	1.08885	1.08913	1.08872	1.08888	1312
2025-03-12 07:10:00	1.08888	1.08964	1.08882	1.08954	969
2025-03-12 07:15:00	1.08954	1.08971	1.08911	1.08936	714
2025-03-12 07:20:00	1.08935	1.08936	1.08893	1.08932	906
2025-03-12 07:25:00	1.08933	1.08978	1.0893	1.08945	803
2025-03-12 07:30:00	1.08947	1.08971	1.08931	1.08952	1003
2025-03-12 07:35:00	1.0895	1.0898	1.08921	1.08966	734
2025-03-12 07:40:00	1.08965	1.0902	1.08958	1.08994	751
2025-03-12 07:45:00	1.08995	1.08995	1.08912	1.0892	841
2025-03-12 07:50:00	1.0892	1.08966	1.0892	1.08939	570
2025-03-12 07:55:00	1.0894	1.0903	1.08933	1.09013	1263
2025-03-12 08:00:00	1.09012	1.09065	1.08975	1.09055	1435
2025-03-12 08:05:00	1.09055	1.09076	1.09026	1.09026	933
2025-03-12 08:10:00	1.09027	1.09053	1.08984	1.09049	1025
2025-03-12 08:15:00	1.09049	1.09103	1.09048	1.09085	830
2025-03-12 08:20:00	1.09087	1.09128	1.09078	1.09114	984
2025-03-12 08:25:00	1.09115	1.09116	1.0908	1.0909	826
2025-03-12 08:30:00	1.09088	1.09114	1.09069	1.09085	1050
2025-03-12 08:35:00	1.09085	1.09155	1.09081	1.09154	965
2025-03-12 08:40:00	1.09154	1.09183	1.0914	1.09156	956
2025-03-12 08:45:00	1.09154	1.09162	1.09067	1.09073	1303
2025-03-12 08:50:00	1.09077	1.09199	1.09059	1.09169	2320
2025-03-12 08:55:00	1.09175	1.09216	1.09159	1.09212	1167
2025-03-12 09:00:00	1.09214	1.09236	1.09148	1.09187	1277
2025-03-12 09:05:00	1.09186	1.09251	1.09172	1.09245	1163
2025-03-12 09:10:00	1.09245	1.09245	1.0917	1.09192	1112
2025-03-12 09:15:00	1.09189	1.09217	1.0917	1.09215	810
2025-03-12 09:20:00	1.09213	1.09247	1.09191	1.0922	902
2025-03-12 09:25:00	1.0922	1.0922	1.09183	1.09215	792
2025-03-12 09:30:00	1.09214	1.09245	1.09209	1.09231	717
2025-03-12 09:35:00	1.0923	1.09263	1.09215	1.0922	766
2025-03-12 09:40:00	1.09221	1.09251	1.09177	1.09192	933
2025-03-12 09:45:00	1.09195	1.09209	1.09132	1.09154	811
2025-03-12 09:50:00	1.09153	1.09181	1.09143	1.09171	698
2025-03-12 09:55:00	1.0917	1.09198	1.09142	1.09142	793
2025-03-12 10:00:00	1.09142	1.09177	1.09115	1.09167	786
2025-03-12 10:05:00	1.09166	1.09197	1.09161	1.09191	1242
2025-03-12 10:10:00	1.09187	1.09208	1.09177	1.09195	738
2025-03-12 10:15:00	1.09192	1.09192	1.0914	1.09148	505
2025-03-12 10:20:00	1.09146	1.09151	1.09125	1.09131	556
2025-03-12 10:25:00	1.09133	1.0915	1.0912	1.0914	737
2025-03-12 10:30:00	1.0914	1.09153	1.09123	1.09126	869
2025-03-12 10:35:00	1.09126	1.09128	1.09049	1.09053	1068
2025-03-12 10:40:00	1.09056	1.09098	1.09044	1.09092	668
2025-03-12 10:45:00	1.09092	1.09095	1.09046	1.09067	620
2025-03-12 10:50:00	1.09067	1.09071	1.09049	1.09065	546
2025-03-12 10:55:00	1.09064	1.09074	1.09049	1.0906	470
2025-03-12 11:00:00	1.0906	1.09114	1.09053	1.09092	704
2025-03-12 11:05:00	1.09092	1.09111	1.09075	1.09082	762
2025-03-12 11:10:00	1.09083	1.09119	1.09064	1.09101	747
2025-03-12 11:15:00	1091	1.09125	1.09084	1.09109	632
2025-03-12 11:20:00	1.09107	1.09121	1.09092	1.09105	718
2025-03-12 11:25:00	1.09105	1.09128	1.09105	1.09116	618
2025-03-12 11:30:00	1.09115	1.09126	1.09076	1.09095	687
2025-03-12 11:35:00	1.09093	1.09094	1.09049	1.09056	874
2025-03-12 11:40:00	1.09055	1.09058	1.09012	1.09047	991
2025-03-12 11:45:00	1.09046	1.09057	1.09017	1.09017	814
2025-03-12 11:50:00	1.09017	1.09032	1.09	1.09016	915
2025-03-12 11:55:00	1.09016	1.09024	1.08992	1.09007	1364
2025-03-12 12:00:00	1.09007	1.09013	1.08979	1.0899	756
2025-03-12 12:05:00	1.08989	1.08996	1.0894	1.0895	648
2025-03-12 12:10:00	1.08952	1.08971	1.08923	1.08943	988
2025-03-12 12:15:00	1.08942	1.0897	1.08917	1.08965	1137
2025-03-12 12:20:00	1.08967	1.0898	1.08882	1.08922	1168
2025-03-12 12:25:00	1.08922	1.08961	1.08904	1.08922	1684
2025-03-12 12:30:00	1.08922	1.09314	1.0889	1.0906	3790
2025-03-12 12:35:00	1.09058	1.09101	1.08779	1.08926	3468
2025-03-12 12:40:00	1.08927	1.09004	1.08865	1.08912	2204
2025-03-12 12:45:00	1.08911	1.0903	1.08901	1.08964	2026
2025-03-12 12:50:00	1.08965	1.08993	1.08832	1.08842	1836
2025-03-12 12:55:00	1.0884	1.08861	1.08761	1.0878	2017
2025-03-12 13:00:00	1.0878	1.08851	1.0877	1.0884	1869
2025-03-12 13:05:00	1.08838	1.08886	1.08823	1.08862	1612
2025-03-12 13:10:00	1.08859	1.08945	1.08831	1.08929	1621
2025-03-12 13:15:00	1.0893	1.0894	1.08833	1.08929	1606
2025-03-12 13:20:00	1.08927	1.08962	1.0891	1.08947	997
2025-03-12 13:25:00	1.08945	1.08954	1.08862	1.08914	1066
2025-03-12 13:30:00	1.08915	1.08933	1.08851	1.0888	1391
2025-03-12 13:35:00	1.0888	1.08933	1.0881	1.08847	1401
2025-03-12 13:40:00	1.08847	1.08875	1.08795	1.08852	901
2025-03-12 13:45:00	1.08853	1.08905	1.08841	1.08855	1342
2025-03-12 13:50:00	1.08855	1.08946	1.08788	1.08788	2170
2025-03-12 13:55:00	1.08791	1.08823	1.08755	1.08819	1758
2025-03-12 14:00:00	1.08819	1.08896	1.08809	1.08855	1422
2025-03-12 14:05:00	1.08855	1.08911	1.08854	1.0886	1074
2025-03-12 14:10:00	1.08858	1.08907	1.08853	1.08855	1609
2025-03-12 14:15:00	1.08855	1.08916	1.08853	1.08898	622
2025-03-12 14:20:00	1.08898	1.08906	1.08849	1.08856	1097
2025-03-12 14:25:00	1.08854	1.08945	1.08849	1.08918	919
2025-03-12 14:30:00	1.08919	1.08949	1.08886	1.08946	1166
2025-03-12 14:35:00	1.08944	1.08962	1.0889	1.08924	1057
2025-03-12 14:40:00	1.08922	1.09024	1.08915	1.09024	1124
2025-03-12 14:45:00	1.09024	1.09058	1.08998	1.09058	757
2025-03-12 14:50:00	1.09059	1.09088	1.09031	1.09084	1154
2025-03-12 14:55:00	1.09086	1.09134	1.09068	1.09128	982
2025-03-12 15:00:00	1.09127	1.09176	1.09114	1.09169	1092
2025-03-12 15:05:00	1.09169	1.09174	1.09098	1.09152	1127
2025-03-12 15:10:00	1.09153	1.09186	1.09138	1.09145	1169
2025-03-12 15:15:00	1.09145	1.09156	1.09114	1.09124	968
2025-03-12 15:20:00	1.09125	1.09186	1.09108	1.09178	868
2025-03-12 15:25:00	1.09177	1.09222	1.0917	1.09188	1109
2025-03-12 15:30:00	1.09188	1.09227	1.09158	1.09217	1160
2025-03-12 15:35:00	1.09218	1.09231	1.09184	1.0921	1054
2025-03-12 15:40:00	1.0921	1.09214	1.09114	1.09123	1017
2025-03-12 15:45:00	1.09124	1.09169	1.09114	1.09143	1247
2025-03-12 15:50:00	1.09141	1.09178	1.09121	1.09166	951
2025-03-12 15:55:00	1.09168	1.09241	1.09159	1.09241	1340
2025-03-12 16:00:00	1.09242	1.09242	1.09179	1.09195	1005
2025-03-12 16:05:00	1.09193	1.09247	1.09185	1.09228	865
2025-03-12 16:10:00	1.09227	1.09258	1.09169	1.09252	1315
2025-03-12 16:15:00	1.09255	1.09277	1.09186	1.09208	1283
2025-03-12 16:20:00	1.09207	1.09213	1.09168	1.09169	930
2025-03-12 16:25:00	1.0917	1.09191	1.09135	1.09153	932
2025-03-12 16:30:00	1.09153	1.09161	1.09121	1.09133	1126
2025-03-12 16:35:00	1.09132	1.0915	1.09122	1.09134	730
2025-03-12 16:40:00	1.09134	1.09149	1.09099	1.09115	793
2025-03-12 16:45:00	1.09115	1.09116	1.09073	1.0908	904
2025-03-12 16:50:00	1.0908	1.09097	1.09069	1.0908	1010
2025-03-12 16:55:00	1.0908	1.09095	1.09055	1.09055	806
2025-03-12 17:00:00	1.09055	1.0907	1.09031	1.09055	817
2025-03-12 17:05:00	1.09057	1.09065	1.09037	1.09049	771
2025-03-12 17:10:00	1.09051	1.09091	1.09033	1.09083	681
2025-03-12 17:15:00	1.09083	1.09106	1.09054	1.09098	834
2025-03-12 17:20:00	1.09099	1.09121	1.09082	1.09084	702
2025-03-12 17:25:00	1.09086	1.09129	1.09084	1.09125	860
2025-03-12 17:30:00	1.09124	1.0914	1.09103	1.09107	848
2025-03-12 17:35:00	1.09108	1.09112	1.09053	1.09056	820
2025-03-12 17:40:00	1.09054	1.09082	1.09042	1.09075	705
2025-03-12 17:45:00	1.09075	1.09097	1.09054	1.09058	645
2025-03-12 17:50:00	1.09058	1.09083	1.09056	1.09061	782
2025-03-12 17:55:00	1.09061	1.09077	1.09053	1.09066	409
2025-03-12 18:00:00	1.09067	1.09094	1.09047	1.09059	464
2025-03-12 18:05:00	1.09058	1.09065	1.0903	1.09044	426
2025-03-12 18:10:00	1.09045	1.09059	1.09035	1.09052	410
2025-03-12 18:15:00	1.09053	1.09054	1.09003	1.09014	448
2025-03-12 18:20:00	1.09014	1.09016	1.08973	1.08985	556
2025-03-12 18:25:00	1.08984	1.09001	1.08965	1.08967	485
2025-03-12 18:30:00	1.08964	1.08965	1.08928	1.08936	393
2025-03-12 18:35:00	1.08935	1.08953	1.08855	1.08866	588
2025-03-12 18:40:00	1.08868	1.08869	1.08795	1.08836	744
2025-03-12 18:45:00	1.08836	1.08858	1.08831	1.08846	162
2025-03-12 18:50:00	1.0885	1.08863	1.08816	1.08833	295
2025-03-12 18:55:00	1.08834	1.08844	1.08804	1.08844	993
2025-03-12 19:00:00	1.08846	1.08859	1.08829	1.08856	908
2025-03-12 19:05:00	1.08854	1.08871	1.08846	1.0887	605
2025-03-12 19:10:00	1.08871	1.08906	1.08869	1.08883	700
2025-03-12 19:15:00	1.08881	1.08909	1.08861	1.08891	615
2025-03-12 19:20:00	1.0889	1.08897	1.08874	1.08896	361
2025-03-12 19:25:00	1.08896	1.08958	1.08895	1.08939	519
2025-03-12 19:30:00	1.0894	1.0896	1.08916	1.08917	452
2025-03-12 19:35:00	1.08918	1.08918	1.08881	1.08898	366
2025-03-12 19:40:00	1.08902	1.08932	1.08898	1.08923	277
2025-03-12 19:45:00	1.08922	1.08975	1.08914	1.0897	259
2025-03-12 19:50:00	1.08968	1.08968	1.08928	1.08941	314
2025-03-12 19:55:00	1.08943	1.08947	1089	1089	508
2025-03-12 20:00:00	1.08901	1.08912	1.08885	1.08899	288
2025-03-12 20:05:00	1.08901	1.08932	1.08896	1.08932	198
2025-03-12 20:10:00	1.08931	1.08934	1.08877	1.0888	607
2025-03-12 20:15:00	1.0888	1.08917	1.08869	1.08915	528
2025-03-12 20:20:00	1.08917	1.08917	1.08889	1.08902	246
2025-03-12 20:25:00	1.08904	1.0891	1.08902	1.08906	220
2025-03-12 20:30:00	1.08906	1.08907	1.0889	1.08892	108
2025-03-12 20:35:00	1.08892	1.08903	1.08885	1.08891	72
2025-03-12 20:40:00	1.08891	1.08895	1.08874	1.08879	129
2025-03-12 20:45:00	1.08878	1.08895	1.08876	1.0888	360
2025-03-12 20:50:00	1.08878	1.08891	1.08869	1.0887	187
2025-03-12 20:55:00	1.08869	1.08879	1.0886	1.08874	549
2025-03-12 21:00:00	1.08868	1.08875	1.08868	1.08875	22
2025-03-12 21:05:00	1.08872	1.08899	1.08872	1.08898	130
2025-03-12 21:10:00	1.08891	1.08898	1.08869	1.0887	155
2025-03-12 21:15:00	1.0887	1.08879	1.0887	1.08878	70
2025-03-12 21:20:00	1.08878	1.08879	1.08858	1.08861	71
2025-03-12 21:25:00	1.08862	1.08863	1.0886	1.08861	46
2025-03-12 21:30:00	1.08863	1.08866	1.08853	1.08864	14
2025-03-12 21:35:00	1.08857	1.08875	1.08857	1.08868	60
2025-03-12 21:40:00	1.08868	1.08879	1.08866	1.08869	96
2025-03-12 21:45:00	1.08869	1.08871	1.08863	1.08865	156
2025-03-12 21:50:00	1.08867	1.08873	1.08864	1.08871	45
2025-03-12 21:55:00	1.08868	1.08868	1.08859	1.08859	25
2025-03-12 22:00:00	1.08858	1.08896	1.08846	1.08886	128
2025-03-12 22:05:00	1.0889	1.08897	1.08879	1.08879	62
2025-03-12 22:10:00	1.08881	1.08884	1.08878	1.0888	61
2025-03-12 22:15:00	1.0888	1.08884	1.08873	1.08882	131
2025-03-12 22:20:00	1.08881	1.08884	1.08873	1.08873	74
2025-03-12 22:25:00	1.08873	1.08886	1.08873	1.0888	89
2025-03-12 22:30:00	1.08881	1.08889	1.0888	1.08888	28
2025-03-12 22:35:00	1.08889	1.08897	1.08886	1.08887	52
2025-03-12 22:40:00	1.08889	1.08893	1.08883	1.08887	41
2025-03-12 22:45:00	1.08888	1.08891	1.08875	1.08875	60
2025-03-12 22:50:00	1.08877	1.08888	1.08876	1.08886	49
2025-03-12 22:55:00	1.08888	1.08894	1.08888	1.08889	166
2025-03-12 23:00:00	1.08889	1.08896	1.08886	1.08891	236
2025-03-12 23:05:00	1.0889	1.08897	1.08879	1.0888	170
2025-03-12 23:10:00	1.08882	1.08882	1.08865	1.08866	105
2025-03-12 23:15:00	1.08867	1.08877	1.08858	1.08858	229
2025-03-12 23:20:00	1.08859	1.08863	1.08858	1.08862	81
2025-03-12 23:25:00	1.08861	1.08861	1.08847	1.08847	198
2025-03-12 23:30:00	1.08848	1.08859	1.08848	1.08851	159
2025-03-12 23:35:00	1.08852	1.08852	1.08845	1.08845	66
2025-03-12 23:40:00	1.08845	1.0885	1.08842	1.08844	77
2025-03-12 23:45:00	1.08845	1.08847	1.08831	1.08841	162
2025-03-12 23:50:00	1.0884	1.08856	1.0884	1.08846	231
2025-03-12 23:55:00	1.08844	1.08866	1.08842	1.08852	152
2025-03-13 00:00:00	1.08852	1.08865	1.08848	1.08854	545
2025-03-13 00:05:00	1.08853	1.08854	1.08847	1.08848	249
2025-03-13 00:10:00	1.08847	1.08849	1.08825	1.08835	277
2025-03-13 00:15:00	1.08835	1.08846	1.08823	1.08844	492
2025-03-13 00:20:00	1.08846	1.08863	1.08844	1.0885	266
2025-03-13 00:25:00	1.08851	1.08854	1.08847	1.0885	143
2025-03-13 00:30:00	1.08848	1.08857	1.08843	1.08848	225
2025-03-13 00:35:00	1.08849	1.08859	1.08845	1.08851	137
2025-03-13 00:40:00	1.08853	1.08865	1.08846	1.08865	179
2025-03-13 00:45:00	1.08865	1.08883	1.0886	1.08883	161
2025-03-13 00:50:00	1.08881	1.08895	1.08875	1.08876	559
2025-03-13 00:55:00	1.08875	1.08916	1.08873	1.08913	501
2025-03-13 01:00:00	1.08914	1.08929	1.08906	1.08912	811
2025-03-13 01:05:00	1.08911	1.08912	1.0888	1.0888	572
2025-03-13 01:10:00	1.08881	1.08896	1.08879	1.08894	475
2025-03-13 01:15:00	1.08893	1.08902	1.0888	1.0888	562
2025-03-13 01:20:00	1.08881	1.08886	1.08863	1.08885	483
2025-03-13 01:25:00	1.08885	1.08907	1.08883	1.0889	376
2025-03-13 01:30:00	1.08891	1.0891	1.08882	1.08893	645
2025-03-13 01:35:00	1.08894	1.08894	1.08869	1.08877	506
2025-03-13 01:40:00	1.08877	1.08889	1.08873	1.08879	569
2025-03-13 01:45:00	1.08879	1.08884	1.08862	1.08865	633
2025-03-13 01:50:00	1.08867	1.08913	1.08866	1.08908	488
2025-03-13 01:55:00	1.08908	1.08915	1.08885	1.08889	566
2025-03-13 02:00:00	1.08888	1.08907	1.08886	1.08905	497
2025-03-13 02:05:00	1.08905	1.0892	1.08904	1.0892	416
2025-03-13 02:10:00	1.08919	1.08959	1.08913	1.08958	331
2025-03-13 02:15:00	1.08959	1.08968	1.08946	1.08946	341
2025-03-13 02:20:00	1.08944	1.08952	1.08933	1.08936	215
2025-03-13 02:25:00	1.08935	1.08949	1.08932	1.08939	337
2025-03-13 02:30:00	1.08939	1.08945	1.08923	1.08926	403
2025-03-13 02:35:00	1.08925	1.08956	1.08922	1.08952	524
2025-03-13 02:40:00	1.08951	1.08964	1.08945	1.0895	535
2025-03-13 02:45:00	1.08948	1.08964	1.08946	1.08962	546
2025-03-13 02:50:00	1.08964	1.0897	1.0895	1.08953	664
2025-03-13 02:55:00	1.08952	1.08957	1.08944	1.08951	763
2025-03-13 03:00:00	1.08953	1.08955	1.08924	1.08929	375
2025-03-13 03:05:00	1.08928	1.08931	1.08912	1.08915	207
2025-03-13 03:10:00	1.08915	1.08919	1.08885	1.08886	616
2025-03-13 03:15:00	1.08886	1.08905	1.08884	1.08898	470
2025-03-13 03:20:00	1.08899	1.08924	1.08899	1.08909	266
2025-03-13 03:25:00	1.0891	1.08916	1.08898	1.08904	443
2025-03-13 03:30:00	1.08902	1.08905	1.08873	1.08876	359
2025-03-13 03:35:00	1.08877	1.08877	1.08857	1.08868	349
2025-03-13 03:40:00	1.08865	1.08868	1.08861	1.08867	187
2025-03-13 03:45:00	1.08868	1.08872	1.08856	1.08863	126
2025-03-13 03:50:00	1.08864	1.08869	1.08855	1.08865	355
2025-03-13 03:55:00	1.08865	1.08865	1.08848	1.08849	278
2025-03-13 04:00:00	1.08848	1.08848	1.08818	1.08827	464
2025-03-13 04:05:00	1.08827	1.08841	1.08816	1.08841	429
2025-03-13 04:10:00	1.0884	1.08859	1.08836	1.08852	398
2025-03-13 04:15:00	1.08852	1.08874	1.08851	1.08859	232
2025-03-13 04:20:00	1.0886	1.08873	1.08854	1.08871	427
2025-03-13 04:25:00	1.08872	1.08897	1.08869	1.08893	489
2025-03-13 04:30:00	1.08894	1.08896	1.08878	1.0889	396
2025-03-13 04:35:00	1.08891	1.08896	1.08881	1.08885	477
2025-03-13 04:40:00	1.08884	1.08886	1.08873	1.0888	492
2025-03-13 04:45:00	1.08881	1.0889	1.08877	1.08889	206
2025-03-13 04:50:00	1.08891	1.08917	1.08891	1.08913	288
2025-03-13 04:55:00	1.08914	1.08933	1.08909	1.08933	263
2025-03-13 05:00:00	1.08933	1.08933	1.0891	1.08915	325
2025-03-13 05:05:00	1.08915	1.08916	1.08887	1.0889	362
2025-03-13 05:10:00	1.08889	1.08898	1.08881	1.08888	235
2025-03-13 05:15:00	1.08886	1.08888	1.0881	1.08825	335
2025-03-13 05:20:00	1.08825	1.08847	1.08801	1.08845	371
2025-03-13 05:25:00	1.08844	1.08846	1.08814	1.08819	375
2025-03-13 05:30:00	1.08819	1.08837	1088	1.08832	340
2025-03-13 05:35:00	1.08831	1.08831	1.08801	1.08804	345
2025-03-13 05:40:00	1.08804	1.08819	1.08799	1.08803	495
2025-03-13 05:45:00	1.08803	1.0881	1.0879	1.08799	587
2025-03-13 05:50:00	1.08801	1.0882	1.08797	1.08808	438
2025-03-13 05:55:00	1.0881	1.08852	1.08804	1.0885	660
2025-03-13 06:00:00	1.08851	1.08854	1.08805	1.08807	823
2025-03-13 06:05:00	1.08808	1.0882	1.08778	1.08784	698
2025-03-13 06:10:00	1.08787	1.08796	1.08778	1.08779	685
2025-03-13 06:15:00	1.08778	1.08813	1.08766	1.08807	667
2025-03-13 06:20:00	1.0881	1.08824	1.08796	1.08796	464
2025-03-13 06:25:00	1.08796	1.08796	1.08767	1.08787	466
2025-03-13 06:30:00	1.08785	1.08825	1.08777	1.08809	336
2025-03-13 06:35:00	1.08811	1.08811	1.08729	1.08735	575
2025-03-13 06:40:00	1.08735	1.0875	1.08694	1.08714	775
2025-03-13 06:45:00	1.08713	1.08753	1.08713	1.08736	470
2025-03-13 06:50:00	1.08738	1.08786	1.08738	1.08781	609
2025-03-13 06:55:00	1.08781	1.08785	1.0873	1.08745	584
2025-03-13 07:00:00	1.08743	1.08792	1.08735	1.08785	505
2025-03-13 07:05:00	1.08785	1.08825	1.0878	1.08793	1001
2025-03-13 07:10:00	1.08794	1.08826	1.08785	1.08816	1203
2025-03-13 07:15:00	1.08814	1.0885	1.0881	1.08827	612
2025-03-13 07:20:00	1.08829	1.0883	1.08754	1.08758	966
2025-03-13 07:25:00	1.08758	1.08771	1.08742	1.08753	815
2025-03-13 07:30:00	1.08753	1.08764	1.08677	1.08678	1288
2025-03-13 07:35:00	1.0868	1.08691	1.08596	1.08608	1070
2025-03-13 07:40:00	1.08608	1.08644	1.08601	1.08616	1199
2025-03-13 07:45:00	1.08617	1.08659	1.08611	1.08658	638
2025-03-13 07:50:00	1.08656	1.08663	1086	1.08631	1175
2025-03-13 07:55:00	1.08633	1.08677	1.08631	1.08652	829
2025-03-13 08:00:00	1.08654	1.08704	1.08653	1.08669	1193
2025-03-13 08:05:00	1.08672	1.08744	1.08661	1.08739	1203
2025-03-13 08:10:00	1.08739	1.08783	1.08727	1.08763	1139
2025-03-13 08:15:00	1.08764	1.08779	1.08591	1.08654	2139
2025-03-13 08:20:00	1.08653	1.08804	1.08633	1.08797	1376
2025-03-13 08:25:00	1.08796	1.0883	1.08775	1.08829	823
2025-03-13 08:30:00	1.08829	1.08837	1.0878	1.08781	942
2025-03-13 08:35:00	1.0878	1.08804	1.08765	1.08795	1464
2025-03-13 08:40:00	1.08795	1.08816	1.08786	1.08799	1002
2025-03-13 08:45:00	1.08799	1.08821	1.08755	1.08758	899
2025-03-13 08:50:00	1.08759	1.08778	1.08749	1.08754	682
2025-03-13 08:55:00	1.08754	1.08773	1.08729	1.08731	1412
2025-03-13 09:00:00	1.08731	1.08755	1.08719	1.08736	974
2025-03-13 09:05:00	1.08735	1.08757	1.08722	1.0875	574
2025-03-13 09:10:00	1.0875	1.08786	1.08733	1.08773	694
2025-03-13 09:15:00	1.08772	1.08824	1.08757	1.08803	798
2025-03-13 09:20:00	1.08801	1.08851	1.08797	1.08837	778
2025-03-13 09:25:00	1.08836	1.08843	1.08803	1.0884	752
2025-03-13 09:30:00	1.0884	1.08852	1.08802	1.08803	675
2025-03-13 09:35:00	1.08801	1.08827	1.08797	1088	615
2025-03-13 09:40:00	1088	1088	1.08729	1.0873	593
2025-03-13 09:45:00	1.08729	1.08734	1.08685	1.08698	783
2025-03-13 09:50:00	1.08697	1.08754	1.08697	1.08752	616
2025-03-13 09:55:00	1.08753	1.08805	1.08747	1.08792	620
2025-03-13 10:00:00	1.08793	1.08816	1.08791	1.08814	679
2025-03-13 10:05:00	1.08814	1.08827	1.08766	1.08767	754
2025-03-13 10:10:00	1.08768	1.08786	1.08724	1.0874	953
2025-03-13 10:15:00	1.08739	1.08763	1.08707	1.08714	736
2025-03-13 10:20:00	1.08714	1.08722	1.08691	1.08709	579
2025-03-13 10:25:00	1.0871	1.08732	1.08702	1.08717	416
2025-03-13 10:30:00	1.08719	1.08724	1.08693	1.08709	526
2025-03-13 10:35:00	1.08708	1.08722	1.0868	1.08719	509
2025-03-13 10:40:00	1.08726	1.0873	1.08687	1087	434
2025-03-13 10:45:00	1.08701	1.08712	1.08666	1.08675	747
2025-03-13 10:50:00	1.08674	1.08688	1.08664	1.08678	565
2025-03-13 10:55:00	1.08678	1.08702	1.08621	1.08698	989
2025-03-13 11:00:00	1087	1.08704	1.08647	1.08698	921
2025-03-13 11:05:00	1.08698	1.08701	1.08674	1.08692	552
2025-03-13 11:10:00	1.08693	1.08697	1.08664	1.08664	554
2025-03-13 11:15:00	1.08665	1.08749	1.08643	1.08661	914
2025-03-13 11:20:00	1.08663	1.08713	1.08603	1087	1368
2025-03-13 11:25:00	1.08701	1.08724	1.08651	1.08679	812
2025-03-13 11:30:00	1.08678	1.08692	1.08656	1.08657	916
2025-03-13 11:35:00	1.08657	1.08706	1.08654	1.08658	598
2025-03-13 11:40:00	1.08656	1.08672	1.0864	1.08648	691
2025-03-13 11:45:00	1.08649	1.08661	1.08616	1.08626	582
2025-03-13 11:50:00	1.08628	1.08633	1.08602	1.08613	864
2025-03-13 11:55:00	1.08614	1.0868	1.08451	1.0856	2453
2025-03-13 12:00:00	1.08559	1.08577	1.08464	1.08514	2028
2025-03-13 12:05:00	1.08514	1.08571	1.08447	1.08448	1411
2025-03-13 12:10:00	1.08447	1.08569	1.08445	1.08567	1003
2025-03-13 12:15:00	1.08566	1.08586	1.08533	1.08568	843
2025-03-13 12:20:00	1.08574	1.08598	1.08562	1.08562	829
2025-03-13 12:25:00	1.08562	1.08639	1.08553	1.08618	1126
2025-03-13 12:30:00	1.08615	1.08773	1.08528	1.08556	2853
2025-03-13 12:35:00	1.08553	1.08563	1.08448	1.08498	1587
2025-03-13 12:40:00	1.08498	1.08528	1.08369	1.08387	1646
2025-03-13 12:45:00	1.08388	1.08407	1.08259	1.08347	1704
2025-03-13 12:50:00	1.08345	1.08407	1.08307	1.08402	885
2025-03-13 12:55:00	1.08401	1.08402	1.08328	1.08344	1186
2025-03-13 13:00:00	1.08346	1.08392	1.08298	1.08336	1043
2025-03-13 13:05:00	1.08339	1.08358	1.08297	1083	961
2025-03-13 13:10:00	1083	1083	1.08227	1.08227	1211
2025-03-13 13:15:00	1.0823	1.08297	1.08222	1.08278	764
2025-03-13 13:20:00	1.08279	1.08305	1.0825	1.08303	1025
2025-03-13 13:25:00	1.08305	1.0837	1083	1.08351	1078
2025-03-13 13:30:00	1.08352	1.08412	1.08338	1.08369	1114
2025-03-13 13:35:00	1.08369	1.08435	1.08369	1.08428	650
2025-03-13 13:40:00	1.08428	1.08446	1.08403	1.08427	564
2025-03-13 13:45:00	1.08428	1.08493	1.08428	1.08487	907
2025-03-13 13:50:00	1.08488	1.08517	1.08453	1.08493	973
2025-03-13 13:55:00	1.08495	1.0853	1.08471	1.08473	1029
2025-03-13 14:00:00	1.08471	1.08611	1.08459	1.08567	1492
2025-03-13 14:05:00	1.0857	1.08611	1.08542	1.08603	1061
2025-03-13 14:10:00	1.08602	1.08647	1.08556	1.08613	1093
2025-03-13 14:15:00	1.08615	1.0867	1.08581	1.08607	1152
2025-03-13 14:20:00	1.08607	1.08608	1.08552	1.08576	1028
2025-03-13 14:25:00	1.08574	1.0867	1.08573	1.0861	951
2025-03-13 14:30:00	1.08611	1.08615	1.08559	1.08575	834
2025-03-13 14:35:00	1.08575	1.08587	1.0855	1.08566	890
2025-03-13 14:40:00	1.08566	1.08595	1.08513	1.08593	640
2025-03-13 14:45:00	1.08591	1.08632	1.08569	1.08603	715
2025-03-13 14:50:00	1.08605	1.08651	1.08581	1.08649	791
2025-03-13 14:55:00	1.08649	1.08696	1.08647	1.08649	967
2025-03-13 15:00:00	1.08649	1.08652	1.08613	1.08641	837
2025-03-13 15:05:00	1.0864	1.08649	1.08594	1.08606	523
2025-03-13 15:10:00	1.08607	1.08648	1.08601	1.08629	641
2025-03-13 15:15:00	1.08629	1.08652	1086	1.08614	763
2025-03-13 15:20:00	1.08615	1.08617	1.08586	1.08596	885
2025-03-13 15:25:00	1.08598	1.08619	1.08564	1.08569	1129
2025-03-13 15:30:00	1.08567	1.08599	1.08564	1.08568	957
2025-03-13 15:35:00	1.08569	1.0861	1.08559	1.08593	917
2025-03-13 15:40:00	1.08593	1.0863	1.08539	1.08612	1867
2025-03-13 15:45:00	1.08611	1.08714	1.08611	1.0869	1897
2025-03-13 15:50:00	1.0869	1.08694	1.08585	1.0861	1363
2025-03-13 15:55:00	1.08605	1.0862	1.08556	1.08585	1449
2025-03-13 16:00:00	1.08584	1.08595	1.0855	1.08564	1093
2025-03-13 16:05:00	1.08561	1.08584	1.08551	1.08571	1053
2025-03-13 16:10:00	1.08573	1.08592	1.08557	1.08588	851
2025-03-13 16:15:00	1.0859	1.08654	1.08581	1.08647	826
2025-03-13 16:20:00	1.08649	1.08649	1.08617	1.08637	721
2025-03-13 16:25:00	1.08638	1.08653	1.08624	1.08628	665
2025-03-13 16:30:00	1.08628	1.08663	1.08611	1.08645	873
2025-03-13 16:35:00	1.08644	1.08727	1.08644	1.08727	747
2025-03-13 16:40:00	1.08728	1.08781	1.08719	1.08728	745
2025-03-13 16:45:00	1.08729	1.08729	1.0865	1.08652	942
2025-03-13 16:50:00	1.08654	1.08745	1.08646	1.08745	709
2025-03-13 16:55:00	1.08747	1.08751	1.08699	1.08724	828
2025-03-13 17:00:00	1.08724	1.08733	1.08684	1.08689	777
2025-03-13 17:05:00	1.0869	1.08691	1.08641	1.08665	724
2025-03-13 17:10:00	1.08664	1.0867	1.0862	1.08631	568
2025-03-13 17:15:00	1.08634	1.08643	1.08554	1.08555	981
2025-03-13 17:20:00	1.08556	1.08565	1.08547	1.08549	523
2025-03-13 17:25:00	1.0855	1.08611	1.0855	1.0859	697
2025-03-13 17:30:00	1.0859	1.08663	1.08589	1.08633	844
2025-03-13 17:35:00	1.08633	1.08654	1.08626	1.08643	841
2025-03-13 17:40:00	1.08647	1.08652	1.08621	1.08636	717
2025-03-13 17:45:00	1.08637	1.08647	1.08617	1.08628	647
2025-03-13 17:50:00	1.08633	1.08638	1.08583	1.08583	615
2025-03-13 17:55:00	1.08584	1.08613	1.08542	1.08545	730
2025-03-13 18:00:00	1.08545	1.0857	1.08532	1.08552	716
2025-03-13 18:05:00	1.08552	1.08569	1.08529	1.08568	588
2025-03-13 18:10:00	1.08569	1.08578	1.08537	1.08559	538
2025-03-13 18:15:00	1.0856	1.0856	1.0853	1.08541	399
2025-03-13 18:20:00	1.08543	1.08568	1.08538	1.08557	317
2025-03-13 18:25:00	1.08557	1.08568	1.0854	1.08558	326
2025-03-13 18:30:00	1.08557	1.08569	1.08541	1.08542	375
2025-03-13 18:35:00	1.08542	1.08546	1.08528	1.08531	514
2025-03-13 18:40:00	1.08532	1.08544	1.08518	1.08538	424
2025-03-13 18:45:00	1.08536	1.08557	1.08533	1.08541	642
2025-03-13 18:50:00	1.08542	1.08556	1.08522	1.08532	528
2025-03-13 18:55:00	1.08534	1.08548	1.08519	1.08536	479
2025-03-13 19:00:00	1.08536	1.08556	1.08533	1.08547	441
2025-03-13 19:05:00	1.08546	1.0855	1.08528	1.08545	343
2025-03-13 19:10:00	1.08545	1.08567	1.08543	1.08554	246
2025-03-13 19:15:00	1.08556	1.08562	1.08541	1.08543	315
2025-03-13 19:20:00	1.08543	1.08547	1.08516	1.08523	261
2025-03-13 19:25:00	1.08525	1.08531	1.08479	1.0852	441
2025-03-13 19:30:00	1.08521	1.08541	1.08515	1.08526	489
2025-03-13 19:35:00	1.08525	1.08535	1.08475	1.08491	511
2025-03-13 19:40:00	1.08492	1.08523	1.0848	1.08522	373
2025-03-13 19:45:00	1.08522	1.08528	1.08505	1.08521	450
2025-03-13 19:50:00	1.08519	1.08532	1.08495	1.0853	334
2025-03-13 19:55:00	1.08531	1.08542	1.08481	1.08482	827
2025-03-13 20:00:00	1.08482	1.08489	1.08472	1.08488	390
2025-03-13 20:05:00	1.08487	1.08504	1.0848	1.08502	224
2025-03-13 20:10:00	1.08503	1.08522	1.08503	1.0852	121
2025-03-13 20:15:00	1.0852	1.08521	1.08507	1.08511	116
2025-03-13 20:20:00	1.0851	1.0851	1.08498	1.08499	76
2025-03-13 20:25:00	1.08498	1.08498	1.08462	1.08478	220
2025-03-13 20:30:00	1.08478	1.08507	1.08475	1.08499	158
2025-03-13 20:35:00	1085	1.08516	1.08484	1.08509	132
2025-03-13 20:40:00	1.08507	1.08525	1.08504	1.08525	98
2025-03-13 20:45:00	1.08524	1.08543	1.08522	1.08539	391
2025-03-13 20:50:00	1.08539	1.08556	1.08533	1.08546	620
2025-03-13 20:55:00	1.08545	1.08549	1.08505	1.08507	517
2025-03-13 21:00:00	1.08506	1.08548	1.0844	1.0844	57
2025-03-13 21:05:00	1.08441	1.08489	1.08441	1.08454	305
2025-03-13 21:10:00	1.08455	1.08464	1.08442	1.08456	450
2025-03-13 21:15:00	1.08457	1.08492	1.08444	1.08489	394
2025-03-13 21:20:00	1.08487	1.08495	1.08487	1.0849	65
2025-03-13 21:25:00	1.08489	1.08515	1.08485	1.08512	78
2025-03-13 21:30:00	1.08514	1.08517	1.08507	1.08515	61
2025-03-13 21:35:00	1.08518	1.08521	1.08512	1.08512	133
2025-03-13 21:40:00	1.08512	1.08516	1.08511	1.08513	99
2025-03-13 21:45:00	1.08512	1.08516	1.08511	1.08512	74
2025-03-13 21:50:00	1.08511	1.08515	1.08511	1.08512	101
2025-03-13 21:55:00	1.08513	1.08515	1.08512	1.08514	36
2025-03-13 22:00:00	1.08514	1.08552	1.08513	1.08539	131
2025-03-13 22:05:00	1.0854	1.0854	1.08524	1.08525	152
2025-03-13 22:10:00	1.08525	1.08531	1.08525	1.08529	162
2025-03-13 22:15:00	1.08532	1.08552	1.08528	1.0853	112
2025-03-13 22:20:00	1.08528	1.0853	1.08513	1.08521	142
2025-03-13 22:25:00	1.08519	1.08521	1.0851	1.08521	71
2025-03-13 22:30:00	1.08521	1.08536	1.08509	1.08513	109
2025-03-13 22:35:00	1.08514	1.08518	1.08508	1.08516	115
2025-03-13 22:40:00	1.08515	1.08541	1.08512	1.08531	114
2025-03-13 22:45:00	1.08531	1.08531	1.08514	1.08515	142
2025-03-13 22:50:00	1.08515	1.08532	1.08515	1.08527	65
2025-03-13 22:55:00	1.08527	1.08529	1.08515	1.08521	88
2025-03-13 23:00:00	1.08522	1.08522	1.08507	1.08508	95
2025-03-13 23:05:00	1.08508	1.08515	1.08499	1.08511	365
2025-03-13 23:10:00	1.08511	1.08519	1.08508	1.08513	166
2025-03-13 23:15:00	1.08513	1.08525	1.08511	1.08512	111
2025-03-13 23:20:00	1.08514	1.0853	1.08514	1.08524	29
2025-03-13 23:25:00	1.08526	1.08531	1.0852	1.08522	105
2025-03-13 23:30:00	1.08522	1.08522	1.08508	1.08509	82
2025-03-13 23:35:00	1.08509	1.08512	1.08508	1.08508	56
2025-03-13 23:40:00	1.08511	1.08535	1.08505	1.08535	63
2025-03-13 23:45:00	1.08535	1.08536	1.08527	1.08531	122
2025-03-13 23:50:00	1.08532	1.08548	1.08529	1.08535	92
2025-03-13 23:55:00	1.08538	1.0855	1.08535	1.08548	50
2025-03-14 00:00:00	1.08543	1.08583	1.0853	1.08572	297
2025-03-14 00:05:00	1.08571	1.08578	1.08565	1.08568	259
2025-03-14 00:10:00	1.08566	1.08568	1.08547	1.0855	222
2025-03-14 00:15:00	1.08549	1.08575	1.08546	1.08567	478
2025-03-14 00:20:00	1.08564	1.08578	1.0856	1.08572	120
2025-03-14 00:25:00	1.08572	1.08573	1.08482	1.08496	339
2025-03-14 00:30:00	1.08493	1.08525	1.08491	1.08524	164
2025-03-14 00:35:00	1.08524	1.08538	1.0852	1.08538	274
2025-03-14 00:40:00	1.08537	1.08548	1.08525	1.08546	174
2025-03-14 00:45:00	1.08546	1.08548	1.08525	1.08534	137
2025-03-14 00:50:00	1.08535	1.08556	1.08526	1.08549	411
2025-03-14 00:55:00	1.08552	1.08552	1.08488	1.08489	455
2025-03-14 01:00:00	1.08489	1.08493	1.08459	1.08469	290
2025-03-14 01:05:00	1.0847	1.08473	1.08436	1.08464	300
2025-03-14 01:10:00	1.08464	1.08473	1.08441	1.0845	610
2025-03-14 01:15:00	1.08449	1.08455	1.08439	1.08449	893
2025-03-14 01:20:00	1.08448	1.08449	1.08413	1.08424	932
2025-03-14 01:25:00	1.08425	1.08434	1.08418	1.08427	671
2025-03-14 01:30:00	1.08428	1.08432	1.0841	1.08432	617
2025-03-14 01:35:00	1.0843	1.08445	1.08424	1.0844	793
2025-03-14 01:40:00	1.0844	1.08469	1.0844	1.08465	731
2025-03-14 01:45:00	1.08464	1.08486	1.08452	1.08457	726
2025-03-14 01:50:00	1.08457	1.08478	1.08445	1.08445	702
2025-03-14 01:55:00	1.08444	1.08444	1.08403	1.08407	650
2025-03-14 02:00:00	1.08407	1.08428	1.08404	1.08405	754
2025-03-14 02:05:00	1.08406	1.08415	1.08399	1.08413	786
2025-03-14 02:10:00	1.08414	1.08427	1.08404	1.08409	339
2025-03-14 02:15:00	1.08409	1.08414	1.08387	1.08389	834
2025-03-14 02:20:00	1.0839	1.08392	1.0835	1.08356	1239
2025-03-14 02:25:00	1.08355	1.08355	1.08343	1.08352	614
2025-03-14 02:30:00	1.08355	1.08368	1.08341	1.0835	415
2025-03-14 02:35:00	1.08352	1.08354	1.08345	1.08348	281
2025-03-14 02:40:00	1.08349	1.0836	1.08348	1.08352	216
2025-03-14 02:45:00	1.0835	1.08368	1.08348	1.0836	310
2025-03-14 02:50:00	1.08359	1.08393	1.08359	1.08388	575
2025-03-14 02:55:00	1.08389	1.08401	1.08376	1.08401	453
2025-03-14 03:00:00	1.08402	1.08409	1.08384	1084	581
2025-03-14 03:05:00	1084	1.08411	1.08391	1.08398	421
2025-03-14 03:10:00	1.08397	1.08402	1.08384	1.08384	523
2025-03-14 03:15:00	1.08385	1.08424	1.08374	1.08422	470
2025-03-14 03:20:00	1.08422	1.08431	1.08406	1.08407	641
2025-03-14 03:25:00	1.08409	1.08417	1.08406	1.08415	355
2025-03-14 03:30:00	1.08415	1.08442	1.08414	1.08434	633
2025-03-14 03:35:00	1.08435	1.08454	1.08432	1.08453	750
2025-03-14 03:40:00	1.08452	1.08456	1.08435	1.08441	450
2025-03-14 03:45:00	1.0844	1.08444	1.0843	1.08444	580
2025-03-14 03:50:00	1.08442	1.08444	1.08421	1.08438	613
2025-03-14 03:55:00	1.08438	1.08456	1.08437	1.08454	495
2025-03-14 04:00:00	1.08452	1.08461	1.08437	1.08448	579
2025-03-14 04:05:00	1.08447	1.08456	1.08431	1.08436	557
2025-03-14 04:10:00	1.08435	1.0844	1.08424	1.08439	313
2025-03-14 04:15:00	1.08439	1.08445	1.0843	1.0843	343
2025-03-14 04:20:00	1.0843	1.0845	1.0843	1.08441	477
2025-03-14 04:25:00	1.0844	1.08442	1.08422	1.08427	336
2025-03-14 04:30:00	1.08426	1.0844	1.08414	1.08417	816
2025-03-14 04:35:00	1.08419	1.08419	1.0838	1.08382	749
2025-03-14 04:40:00	1.08383	1.0839	1.08374	1.08374	514
2025-03-14 04:45:00	1.08374	1.08394	1.08374	1.08389	435
2025-03-14 04:50:00	1.0839	1.08394	1.08376	1.08386	698
2025-03-14 04:55:00	1.08385	1.08412	1.08385	1.08407	507
2025-03-14 05:00:00	1.08408	1.08447	1.08406	1.08443	997
2025-03-14 05:05:00	1.08444	1.0845	1.08431	1.08435	730
2025-03-14 05:10:00	1.08435	1.08461	1.08435	1.0844	632
2025-03-14 05:15:00	1.08444	1.0845	1.08427	1.08427	452
2025-03-14 05:20:00	1.08427	1.08434	1.08415	1.08432	376
2025-03-14 05:25:00	1.08432	1.08434	1.08421	1.08431	410
2025-03-14 05:30:00	1.08432	1.08442	1.08414	1.0842	642
2025-03-14 05:35:00	1.0842	1.08442	1.08419	1.08442	501
2025-03-14 05:40:00	1.0844	1.08448	1.08434	1.08434	374
2025-03-14 05:45:00	1.08434	1.08457	1.08434	1.08448	431
2025-03-14 05:50:00	1.08447	1.0847	1.08446	1.0847	568
2025-03-14 05:55:00	1.0847	1.08513	1.08469	1.08506	681
2025-03-14 06:00:00	1.08506	1.08506	1.08471	1.08484	690
2025-03-14 06:05:00	1.08486	1.08495	1.08463	1.08467	539
2025-03-14 06:10:00	1.08467	1.08472	1.08458	1.08463	771
2025-03-14 06:15:00	1.08464	1.08472	1.08444	1.08447	630
2025-03-14 06:20:00	1.08445	1.08454	1.08425	1.08428	723
2025-03-14 06:25:00	1.08428	1.08428	1.08366	1.0837	1040
2025-03-14 06:30:00	1.08372	1.08404	1.08349	1.08403	819
2025-03-14 06:35:00	1.08403	1.08417	1.08393	1.08407	604
2025-03-14 06:40:00	1.08408	1.0842	1.08392	1.08413	692
2025-03-14 06:45:00	1.08414	1.08414	1.08378	1.08382	572
2025-03-14 06:50:00	1.0838	1.08382	1.08348	1.08368	535
2025-03-14 06:55:00	1.08368	1.0839	1.08357	1.0838	444
2025-03-14 07:00:00	1.0838	1.08386	1.08327	1.08373	868
2025-03-14 07:05:00	1.08373	1.0842	1.08352	1.08412	694
2025-03-14 07:10:00	1.08412	1.08457	1.08407	1.08451	819
2025-03-14 07:15:00	1.08451	1.0847	1.08404	1.08417	874
2025-03-14 07:20:00	1.08417	1.08451	1.08399	1.08402	988
2025-03-14 07:25:00	1.08404	1.08444	1.08396	1.08439	405
2025-03-14 07:30:00	1.08439	1.08439	1.08329	1.08356	988
2025-03-14 07:35:00	1.08356	1.08386	1.08348	1.08361	618
2025-03-14 07:40:00	1.08362	1.08363	1.08305	1.08307	723
2025-03-14 07:45:00	1.08312	1.08369	1.08304	1.08367	637
2025-03-14 07:50:00	1.08367	1.08379	1.08357	1.08379	644
2025-03-14 07:55:00	1.08379	1.0841	1.08371	1.08388	645
2025-03-14 08:00:00	1.0839	1.08433	1.08351	1.08419	1102
2025-03-14 08:05:00	1.08418	1.08467	1.08409	1.08465	880
2025-03-14 08:10:00	1.08465	1.08496	1.08433	1.08475	882
2025-03-14 08:15:00	1.08476	1.08492	1.08457	1.08476	836
2025-03-14 08:20:00	1.08476	1.0853	1.08469	1.08517	930
2025-03-14 08:25:00	1.08516	1.08552	1.08499	1.08547	692
2025-03-14 08:30:00	1.08549	1.08567	1.08524	1.08541	710
2025-03-14 08:35:00	1.08541	1.08545	1.08519	1.08539	862
2025-03-14 08:40:00	1.08539	1.08547	1.08491	1085	586
2025-03-14 08:45:00	1085	1.08512	1.08482	1.08502	601
2025-03-14 08:50:00	1.08501	1.08504	1.08465	1.08492	462
2025-03-14 08:55:00	1.08492	1.08546	1.08491	1.08537	528
2025-03-14 09:00:00	1.08537	1.0855	1.08495	1.08508	425
2025-03-14 09:05:00	1.08508	1.08523	1.08482	1.08503	450
2025-03-14 09:10:00	1.08503	1.08527	1.08489	1.08516	581
2025-03-14 09:15:00	1.08516	1.08517	1.08478	1.08498	554
2025-03-14 09:20:00	1.08498	1.08509	1.08468	1.08489	535
2025-03-14 09:25:00	1.08488	1.0851	1.08483	1.08505	609
2025-03-14 09:30:00	1.08506	1.08573	1.08503	1.08563	635
2025-03-14 09:35:00	1.08563	1.0862	1.08551	1.08603	486
2025-03-14 09:40:00	1.08604	1.08617	1.08549	1.08576	651
2025-03-14 09:45:00	1.08577	1.08599	1.08537	1.08537	521
2025-03-14 09:50:00	1.08535	1.08552	1.08517	1.08531	423
2025-03-14 09:55:00	1.08531	1.08547	1.08493	1.0852	802
2025-03-14 10:00:00	1.08519	1.08588	1.08514	1.08586	843
2025-03-14 10:05:00	1.08588	1.0867	1.08585	1.08616	823
2025-03-14 10:10:00	1.08613	1.08626	1.08594	1.08617	479
2025-03-14 10:15:00	1.08616	1.08653	1.0859	1.08653	578
2025-03-14 10:20:00	1.08651	1.0875	1.08651	1.0874	1052
2025-03-14 10:25:00	1.0874	1.08744	1.08705	1.08711	557
2025-03-14 10:30:00	1.0871	1.08726	1.08684	1.08684	574
2025-03-14 10:35:00	1.08684	1.08824	1.08657	1.08773	820
2025-03-14 10:40:00	1.08773	1.08907	1.08711	1.08898	2852
2025-03-14 10:45:00	1.08899	1.09088	1.08876	1.08966	2847
2025-03-14 10:50:00	1.08965	1.09125	1.0896	1.09085	2771
2025-03-14 10:55:00	1.09084	1.09084	1.0894	1.08948	2377
2025-03-14 11:00:00	1.08947	1.09023	1.08927	1.08961	1357
2025-03-14 11:05:00	1.08963	1.08994	1.08883	1.08954	1883
2025-03-14 11:10:00	1.08956	1.0897	1.08872	1.08939	1492
2025-03-14 11:15:00	1.08939	1.08992	1.08903	1.08903	1211
2025-03-14 11:20:00	1.08904	1.08953	1.08891	1.0891	924
2025-03-14 11:25:00	1.0891	1.09019	1.0891	1.08982	1165
2025-03-14 11:30:00	1.08983	1.09092	1.08983	1.09051	1066
2025-03-14 11:35:00	1.09052	1.09052	1.08995	1.09025	725
2025-03-14 11:40:00	1.0903	1.09039	1.08971	1.08972	743
2025-03-14 11:45:00	1.08972	1.09055	1.08935	1.09039	1058
2025-03-14 11:50:00	1.09043	1.09062	1.08959	1.08961	1032
2025-03-14 11:55:00	1.0896	1.08967	1.08919	1.08964	976
2025-03-14 12:00:00	1.08963	1.09091	1.08963	1.09079	1239
2025-03-14 12:05:00	1.09078	1.09079	1.0903	1.09037	817
2025-03-14 12:10:00	1.09035	1.09071	1.09029	1.09049	702
2025-03-14 12:15:00	1.09049	1.09064	1.09016	1.09058	643
2025-03-14 12:20:00	1.09059	1.09112	1.09059	1.09089	758
2025-03-14 12:25:00	1.09088	1.09111	1.09074	1.09085	833
2025-03-14 12:30:00	1.09087	1.09099	1.0906	1.09081	581
2025-03-14 12:35:00	1.09082	1.09089	1.09017	1.09017	770
2025-03-14 12:40:00	1.09019	1.09092	1.08986	1.08988	853
2025-03-14 12:45:00	1.08988	1.09028	1.08939	1.08943	978
2025-03-14 12:50:00	1.08943	1.09037	1.0894	1.09026	881
2025-03-14 12:55:00	1.09024	1.09024	1.08898	1.08945	717
2025-03-14 13:00:00	1.08948	1.08948	1.08901	1.0891	946
2025-03-14 13:05:00	1.08912	1.08912	1.08871	1.08887	935
2025-03-14 13:10:00	1.08891	1.08957	1.08872	1.0894	715
2025-03-14 13:15:00	1.0894	1.08943	1.08904	1.08925	405
2025-03-14 13:20:00	1.08925	1.08944	1.08912	1.0894	400
2025-03-14 13:25:00	1.08941	1.0895	1.08893	1.08934	492
2025-03-14 13:30:00	1.08934	1.08971	1.08901	1.0896	1440
2025-03-14 13:35:00	1.08958	1.08979	1.0893	1.08961	887
2025-03-14 13:40:00	1.08964	1.08977	1.08911	1.08912	818
2025-03-14 13:45:00	1.08914	1.08919	1.0875	1.08794	1321
2025-03-14 13:50:00	1.08795	1.08832	1.08756	1.08793	1114
2025-03-14 13:55:00	1.08792	1.08795	1.08699	1.08737	1175
2025-03-14 14:00:00	1.08736	1.0881	1.08681	1.08805	1758
2025-03-14 14:05:00	1.08803	1.08863	1.08795	1.08845	1331
2025-03-14 14:10:00	1.08842	1.08861	1.08801	1.08807	1173
2025-03-14 14:15:00	1.08809	1.08834	1.08769	1.08779	877
2025-03-14 14:20:00	1.08777	1.08817	1.08769	1.08782	1091
2025-03-14 14:25:00	1.08786	1.08807	1.08772	1.08774	790
2025-03-14 14:30:00	1.08773	1.08799	1.08666	1.08681	996
2025-03-14 14:35:00	1.0868	1.08734	1.08652	1.08722	794
2025-03-14 14:40:00	1.08722	1.08792	1.0872	1.08787	820
2025-03-14 14:45:00	1.08787	1.08814	1.0878	1.08784	933
2025-03-14 14:50:00	1.08784	1.08805	1.08776	1.08796	687
2025-03-14 14:55:00	1.08797	1.08804	1.08764	1.08776	788
2025-03-14 15:00:00	1.08776	1.0879	1.08737	1.08762	814
2025-03-14 15:05:00	1.08763	1.08811	1.08756	1.08786	851
2025-03-14 15:10:00	1.08785	1.08795	1.08717	1.08759	810
2025-03-14 15:15:00	1.0876	1.08849	1.0876	1.08838	582
2025-03-14 15:20:00	1.08838	1.08865	1.08832	1.08854	756
2025-03-14 15:25:00	1.08854	1.08857	1.08737	1.08743	1173
2025-03-14 15:30:00	1.08744	1.08786	1.08697	1.08703	654
2025-03-14 15:35:00	1.08702	1.0877	1.08691	1.08726	875
2025-03-14 15:40:00	1.08727	1.08773	1.08705	1.08719	730
2025-03-14 15:45:00	1.08718	1.08738	1.08666	1.08712	754
2025-03-14 15:50:00	1.08717	1.08762	1.08686	1.08695	906
2025-03-14 15:55:00	1.08696	1.08744	1.08694	1.08715	1129
2025-03-14 16:00:00	1.08716	1.08746	1.08703	1.08731	1137
2025-03-14 16:05:00	1.08731	1.08827	1.08729	1.08816	712
2025-03-14 16:10:00	1.08816	1.08826	1.08798	1.08812	482
2025-03-14 16:15:00	1.0881	1.08816	1.08753	1.08759	692
2025-03-14 16:20:00	1.08764	1.08792	1.08764	1.08788	583
2025-03-14 16:25:00	1.08785	1088	1.08759	1.08771	538
2025-03-14 16:30:00	1.08773	1.08817	1.08768	1.08815	530
2025-03-14 16:35:00	1.08816	1.08827	1.08798	1.08816	456
2025-03-14 16:40:00	1.08815	1.08888	1.08815	1.08859	392
2025-03-14 16:45:00	1.08862	1.08898	1.08858	1.0888	351
2025-03-14 16:50:00	1.0888	1.08887	1.08855	1.0886	328
2025-03-14 16:55:00	1.08861	1.08862	1.08823	1.08829	306
2025-03-14 17:00:00	1.0883	1.0883	1.08791	1.08806	480
2025-03-14 17:05:00	1.08807	1.08826	1.08796	1.08814	268
2025-03-14 17:10:00	1.08813	1.08817	1.08789	1.08793	180
2025-03-14 17:15:00	1.08794	1.08822	1.08794	1.08806	254
2025-03-14 17:20:00	1.08808	1.08823	1.08797	1.08807	327
2025-03-14 17:25:00	1.08808	1.0883	1.08803	1.08817	196
2025-03-14 17:30:00	1.08815	1.08829	1.08803	1.08829	274
2025-03-14 17:35:00	1.0883	1.08878	1.0883	1.08868	446
2025-03-14 17:40:00	1.08868	1.08868	1.08817	1.08828	507
2025-03-14 17:45:00	1.08829	1.0884	1.08811	1.08813	532
2025-03-14 17:50:00	1.08812	1.08822	1.08803	1.08816	366
2025-03-14 17:55:00	1.08815	1.08839	1.08808	1.08819	433
2025-03-14 18:00:00	1.08821	1.08862	1.08817	1.08852	308
2025-03-14 18:05:00	1.08851	1.08855	1.08781	1.08786	502
2025-03-14 18:10:00	1.08786	1.08799	1.08783	1.0879	355
2025-03-14 18:15:00	1.0879	1.08812	1.08778	1.08811	330
2025-03-14 18:20:00	1.08812	1.08817	1.08802	1.08803	279
2025-03-14 18:25:00	1.08804	1.08808	1.08751	1.08754	414
2025-03-14 18:30:00	1.08753	1.08757	1.08732	1.08744	382
2025-03-14 18:35:00	1.08744	1.08785	1.08743	1.08785	330
2025-03-14 18:40:00	1.08784	1.08808	1.08767	1.08767	361
2025-03-14 18:45:00	1.08767	1.08803	1.08765	1.0877	393
2025-03-14 18:50:00	1.0877	1.08772	1.08752	1.08756	321
2025-03-14 18:55:00	1.08757	1.08811	1.08749	1.08803	344
2025-03-14 19:00:00	1.08801	1.08817	1.08796	1.08806	288
2025-03-14 19:05:00	1.08806	1.08813	1.08796	1.08796	251
2025-03-14 19:10:00	1.08796	1.08813	1.08786	1.08807	209
2025-03-14 19:15:00	1.08807	1.08815	1.08791	1088	168
2025-03-14 19:20:00	1.08801	1.08803	1.08781	1.08797	306
2025-03-14 19:25:00	1.08797	1.0881	1.08793	1.0881	235
2025-03-14 19:30:00	1.08813	1.08834	1.08812	1.08817	305
2025-03-14 19:35:00	1.08815	1.08828	1.08812	1.08818	161
2025-03-14 19:40:00	1.08818	1.08824	1.08814	1.08817	221
2025-03-14 19:45:00	1.08816	1.08843	1.0881	1.08828	333
2025-03-14 19:50:00	1.08827	1.08833	1.08814	1.0882	295
2025-03-14 19:55:00	1.08821	1.08844	1.08814	1.08829	494
2025-03-14 20:00:00	1.08828	1.08832	1.08816	1.08826	300
2025-03-14 20:05:00	1.08825	1.08841	1.08825	1.0883	104
2025-03-14 20:10:00	1.0883	1.08834	1.08821	1.08834	150
2025-03-14 20:15:00	1.08833	1.08849	1.08826	1.08836	99
2025-03-14 20:20:00	1.08836	1.08845	1.08832	1.08834	107
2025-03-14 20:25:00	1.08838	1.08844	1.08832	1.08835	147
2025-03-14 20:30:00	1.08836	1.08844	1.08833	1.08836	108
2025-03-14 20:35:00	1.08837	1.08854	1.08837	1.08853	103
2025-03-14 20:40:00	1.08853	1.08855	1.08829	1.08839	342
2025-03-14 20:45:00	1.08839	1.08844	1.08825	1.08839	252
2025-03-14 20:50:00	1.08838	1.0884	1.0881	1.08816	383
2025-03-14 20:55:00	1.08817	1.08817	1.08742	1.08765	791
2025-03-16 21:00:00	1.08766	1.08779	1.08765	1.0877	6
2025-03-16 21:05:00	1.08776	1.08787	1.08759	1.0876	11
2025-03-16 21:10:00	1.08787	1.08791	1.08767	1.08767	30
2025-03-16 21:15:00	1.08779	1.08805	1.08768	1.08805	29
2025-03-16 21:20:00	1.08801	1.08803	1.08768	1.08781	29
2025-03-16 21:25:00	1.08784	1.08787	1.08781	1.08783	12
2025-03-16 21:30:00	1.08787	1.08792	1.08785	1.08789	28
2025-03-16 21:35:00	1.0879	1.08794	1.08783	1.08794	29
2025-03-16 21:40:00	1.08793	1.08794	1.08782	1.08791	31
2025-03-16 21:45:00	1.08791	1.08792	1.08772	1.08774	47
2025-03-16 21:50:00	1.08775	1.08791	1.08762	1.08791	52
2025-03-16 21:55:00	1.08788	1.08809	1.08765	1.08801	79
2025-03-16 22:00:00	1.08809	1.0881	1.08773	1.08783	484
2025-03-16 22:05:00	1.08781	1.08786	1.08752	1.08758	321
2025-03-16 22:10:00	1.08759	1.08787	1.08759	1.08786	175
2025-03-16 22:15:00	1.08787	1.08816	1.08786	1088	451
2025-03-16 22:20:00	1.08801	1.08813	1.08798	1.08803	238
2025-03-16 22:25:00	1.08803	1.08816	1.08794	1.08796	156
2025-03-16 22:30:00	1.08796	1.08802	1.08744	1.08755	262
2025-03-16 22:35:00	1.08756	1.08787	1.08756	1.08787	175
2025-03-16 22:40:00	1.08785	1.08815	1.08785	1.08812	159
2025-03-16 22:45:00	1.08813	1.08844	1.08812	1.08842	166
2025-03-16 22:50:00	1.08841	1.0885	1.08834	1.08842	233
2025-03-16 22:55:00	1.08841	1.08844	1.08808	1.08812	403
2025-03-16 23:00:00	1.08812	1.0884	1.08807	1.08838	826
2025-03-16 23:05:00	1.08838	1.08849	1.08825	1.08828	373
2025-03-16 23:10:00	1.08827	1.08832	1.0882	1.08826	159
2025-03-16 23:15:00	1.08826	1.0884	1.08811	1.08833	249
2025-03-16 23:20:00	1.08834	1.08843	1.08833	1.08833	140
2025-03-16 23:25:00	1.08835	1.08844	1.08828	1.08829	204
2025-03-16 23:30:00	1.08828	1.08839	1.08826	1.0883	177
2025-03-16 23:35:00	1.08829	1.08831	1.08814	1.08831	76
2025-03-16 23:40:00	1.08833	1.08834	1.08803	1.08834	135
2025-03-16 23:45:00	1.08834	1.08837	1.08812	1.08824	261
2025-03-16 23:50:00	1.08824	1.08827	1.08813	1.08824	199
2025-03-16 23:55:00	1.08823	1.08823	1.0879	1.08792	152
2025-03-17 00:00:00	1.08794	1.08826	1.08794	1.08806	403
2025-03-17 00:05:00	1.08805	1.08808	1.08795	1.08803	269
2025-03-17 00:10:00	1.08805	1.08812	1.08778	1.08782	226
2025-03-17 00:15:00	1.08783	1.08784	1.08756	1.08768	294
2025-03-17 00:20:00	1.08767	1.0878	1.08762	1.08779	410
2025-03-17 00:25:00	1.0878	1.08794	1.08775	1.08794	283
2025-03-17 00:30:00	1.08794	1088	1.08788	1.08792	240
2025-03-17 00:35:00	1.08794	1.08795	1.08785	1.08787	146
2025-03-17 00:40:00	1.08787	1.08789	1.08757	1.08764	138
2025-03-17 00:45:00	1.08765	1.08769	1.08759	1.08763	143
2025-03-17 00:50:00	1.08764	1.08785	1.08754	1.08785	320
2025-03-17 00:55:00	1.08784	1.08825	1.08783	1.08793	664
2025-03-17 01:00:00	1.08793	1.08799	1.08751	1.08755	497
2025-03-17 01:05:00	1.08754	1.08771	1.08741	1.08765	293
2025-03-17 01:10:00	1.08764	1.08786	1.0876	1.08764	359
2025-03-17 01:15:00	1.08762	1.08774	1.08752	1.08767	390
2025-03-17 01:20:00	1.08768	1.08807	1.08767	1.08806	403
2025-03-17 01:25:00	1.08806	1.0882	1.08793	1.08802	294
2025-03-17 01:30:00	1.08803	1.08805	1.08782	1.08793	237
2025-03-17 01:35:00	1.08794	1.08816	1.08791	1.08816	210
2025-03-17 01:40:00	1.08814	1.08868	1.08814	1.08863	319
2025-03-17 01:45:00	1.08864	1.08901	1.08852	1.08863	415
2025-03-17 01:50:00	1.08864	1.08892	1.08859	1.08878	317
2025-03-17 01:55:00	1.08874	1.08874	1.08824	1.08824	275
2025-03-17 02:00:00	1.08824	1.08855	1.0882	1.08823	319
2025-03-17 02:05:00	1.08823	1.08823	1.0881	1.08812	92
2025-03-17 02:10:00	1.08811	1.08811	1.08793	1.08806	332
2025-03-17 02:15:00	1.08805	1.0883	1.08803	1.08829	515
2025-03-17 02:20:00	1.08829	1.0884	1.08819	1.08824	359
2025-03-17 02:25:00	1.08828	1.08828	1.08813	1.08827	246
2025-03-17 02:30:00	1.08826	1.08837	1.08811	1.08816	373
2025-03-17 02:35:00	1.08814	1.0882	1.08809	1.08814	196
2025-03-17 02:40:00	1.08815	1.08817	1.08802	1.08812	371
2025-03-17 02:45:00	1.08814	1.08821	1.0881	1.08815	146
2025-03-17 02:50:00	1.08816	1.08817	1.08803	1.08809	119
2025-03-17 02:55:00	1.08807	1.08843	1.08805	1.08811	192
2025-03-17 03:00:00	1.08813	1.08828	1.08793	1.08797	637
2025-03-17 03:05:00	1.08801	1.08809	1.08795	1.08799	378
2025-03-17 03:10:00	1088	1.08822	1.08796	1.08817	168
2025-03-17 03:15:00	1.08817	1.08838	1.08791	1.08795	384
2025-03-17 03:20:00	1.08795	1.08796	1.08766	1.08781	239
2025-03-17 03:25:00	1.08782	1.08797	1.0878	1.08792	158
2025-03-17 03:30:00	1.08792	1.08802	1.08789	1.08801	101
2025-03-17 03:35:00	1088	1.0884	1.08799	1.08839	241
2025-03-17 03:40:00	1.0884	1.08857	1.0884	1.08846	108
2025-03-17 03:45:00	1.08844	1.08861	1.08843	1.08843	290
2025-03-17 03:50:00	1.08843	1.08843	1.08815	1.0882	918
2025-03-17 03:55:00	1.08818	1.08838	1.08818	1.08833	244
2025-03-17 04:00:00	1.08831	1.0889	1.08831	1.0888	337
2025-03-17 04:05:00	1.08879	1.08936	1.0882	1.08821	936
2025-03-17 04:10:00	1.08819	1.08828	1.08783	1.08783	413
2025-03-17 04:15:00	1.08783	1.08806	1.08775	1.08796	243
2025-03-17 04:20:00	1.08797	1.08839	1.08797	1.08814	379
2025-03-17 04:25:00	1.08815	1.08823	1.08801	1.08822	270
2025-03-17 04:30:00	1.08823	1.08845	1.0882	1.08837	283
2025-03-17 04:35:00	1.08838	1.08839	1.08825	1.08826	187
2025-03-17 04:40:00	1.08826	1.08837	1.08817	1.08826	190
2025-03-17 04:45:00	1.08825	1.08832	1.08815	1.08826	155
2025-03-17 04:50:00	1.08825	1.08842	1.0882	1.08827	138
2025-03-17 04:55:00	1.08827	1.08828	1.08808	1.08818	222
2025-03-17 05:00:00	1.0882	1.08821	1.08788	1.08789	304
2025-03-17 05:05:00	1.0879	1.08794	1.0877	1.08778	182
2025-03-17 05:10:00	1.08779	1.08784	1.08769	1.0877	248
2025-03-17 05:15:00	1.08772	1.08795	1.08771	1.08781	146
2025-03-17 05:20:00	1.08781	1.08787	1.08755	1.08778	308
2025-03-17 05:25:00	1.08778	1.08791	1.08771	1.08775	404
2025-03-17 05:30:00	1.08774	1.08786	1.08755	1.08762	289
2025-03-17 05:35:00	1.08761	1.08762	1.08737	1.08753	232
2025-03-17 05:40:00	1.08752	1.08789	1.08746	1.0877	327
2025-03-17 05:45:00	1.0877	1.08784	1.08767	1.08782	289
2025-03-17 05:50:00	1.08783	1.08789	1.08765	1.08769	268
2025-03-17 05:55:00	1.08767	1.08785	1.08765	1.08775	277
2025-03-17 06:00:00	1.08775	1.08804	1.08775	1.08776	580
2025-03-17 06:05:00	1.08775	1.08781	1.08752	1.08771	300
2025-03-17 06:10:00	1.08773	1.08821	1.08769	1.08814	191
2025-03-17 06:15:00	1.08815	1.08818	1.08788	1.08805	261
2025-03-17 06:20:00	1.08806	1.08838	1.08796	1.08834	307
2025-03-17 06:25:00	1.08834	1.08834	1.08795	1.08809	482
2025-03-17 06:30:00	1.08807	1.08841	1.08796	1.08824	394
2025-03-17 06:35:00	1.08824	1.08839	1.08823	1.08835	244
2025-03-17 06:40:00	1.08836	1.08841	1.0881	1.0881	259
2025-03-17 06:45:00	1.0881	1.08813	1.08795	1088	175
2025-03-17 06:50:00	1.08799	1.08806	1.08732	1.08746	470
2025-03-17 06:55:00	1.08745	1.08776	1.08734	1.08776	457
2025-03-17 07:00:00	1.08775	1.08818	1.08772	1.08795	851
2025-03-17 07:05:00	1.08793	1.08842	1.08776	1.08831	503
2025-03-17 07:10:00	1.08832	1.08832	1.08803	1.08811	490
2025-03-17 07:15:00	1.08814	1.08826	1.08769	1.08806	686
2025-03-17 07:20:00	1.08807	1.08811	1.08771	1.08777	447
2025-03-17 07:25:00	1.08773	1.08785	1.08741	1.0876	450
2025-03-17 07:30:00	1.0876	1.08778	1.08685	1.08713	704
2025-03-17 07:35:00	1.08715	1.08745	1.08692	1.08708	605
2025-03-17 07:40:00	1.08708	1.0875	1.08696	1.08728	491
2025-03-17 07:45:00	1.08727	1.0875	1.08702	1.08748	948
2025-03-17 07:50:00	1.08748	1.08781	1.08744	1.08767	532
2025-03-17 07:55:00	1.08766	1.0879	1.08739	1.0876	2214
2025-03-17 08:00:00	1.08762	1.08776	1.08703	1.08739	3366
2025-03-17 08:05:00	1.08739	1.08795	1.08736	1.08775	4347
2025-03-17 08:10:00	1.08776	1.08833	1.08774	1.08829	3200
2025-03-17 08:15:00	1.08829	1.08867	1.0881	1.0881	1931
2025-03-17 08:20:00	1.0881	1.0885	1.08801	1.08821	1844
2025-03-17 08:25:00	1.0882	1.0882	1.08786	1.08809	833
2025-03-17 08:30:00	1.0881	1.08816	1.08767	1.08802	846
2025-03-17 08:35:00	1088	1.08851	1.08785	1.08789	806
2025-03-17 08:40:00	1.0879	1.08852	1.08774	1.08824	638
2025-03-17 08:45:00	1.08824	1.08842	1.08809	1.08811	619
2025-03-17 08:50:00	1.0881	1.08847	1.08795	1.08845	783
2025-03-17 08:55:00	1.08845	1.08863	1.08813	1.08835	838
2025-03-17 09:00:00	1.08838	1.08864	1.08806	1.0885	675
2025-03-17 09:05:00	1.0885	1.08886	1.08837	1.08842	592
2025-03-17 09:10:00	1.08844	1.08848	1.0877	1.0878	759
2025-03-17 09:15:00	1.08784	1.0882	1.08769	1.08816	1643
2025-03-17 09:20:00	1.0882	1.08846	1.08809	1.08839	1028
2025-03-17 09:25:00	1.08839	1.08858	1.08826	1.08851	827
2025-03-17 09:30:00	1.08851	1.0887	1.08836	1.0886	629
2025-03-17 09:35:00	1.08859	1.08946	1.0885	1.08926	618
2025-03-17 09:40:00	1.0893	1.08965	1.08925	1.08944	768
2025-03-17 09:45:00	1.08944	1.08963	1.08937	1.08962	467
2025-03-17 09:50:00	1.0896	1.08972	1.08929	1.08936	624
2025-03-17 09:55:00	1.08936	1.09003	1.0892	1.08996	758
2025-03-17 10:00:00	1.08998	1.09041	1.0897	1.08974	787
2025-03-17 10:05:00	1.08976	1.09004	1.08963	1.0898	603
2025-03-17 10:10:00	1.0898	1.09009	1.08979	1.08999	515
2025-03-17 10:15:00	1.09001	1.09022	1.08989	1.0902	522
2025-03-17 10:20:00	1.0902	1.09043	1.09009	1.09015	655
2025-03-17 10:25:00	1.09016	1.09086	1.09001	1.0907	506
2025-03-17 10:30:00	1.09071	1.09096	1.09071	1.09085	396
2025-03-17 10:35:00	1.09082	1.09086	1.09051	1.09053	545
2025-03-17 10:40:00	1.09054	1.09083	1.09045	1.09068	517
2025-03-17 10:45:00	1.09066	1.09082	1.09055	1.09065	516
2025-03-17 10:50:00	1.09068	1.09073	1.09038	1.09045	418
2025-03-17 10:55:00	1.09046	1.09078	1.09045	1.09075	617
2025-03-17 11:00:00	1.09077	1.09115	1.09063	1.0911	709
2025-03-17 11:05:00	1.0911	1.09119	1.09084	1.09084	591
2025-03-17 11:10:00	1.09084	1.09101	1.09054	1.09062	486
2025-03-17 11:15:00	1.09061	1.09084	1.09055	1.09055	300
2025-03-17 11:20:00	1.09054	1.09054	1.09037	1.09037	323
2025-03-17 11:25:00	1.09037	1.09047	1.09025	1.09038	323
2025-03-17 11:30:00	1.09039	1.09049	1.09024	1.09024	395
2025-03-17 11:35:00	1.09025	1.09045	1.09023	1.09038	334
2025-03-17 11:40:00	1.09037	1.09069	1.09036	1.09036	549
2025-03-17 11:45:00	1.09036	1.09045	1.09001	1.09007	588
2025-03-17 11:50:00	1.09008	1.09011	1.0896	1.08991	786
2025-03-17 11:55:00	1.0899	1.09034	1.08977	1.09019	465
2025-03-17 12:00:00	1.09019	1.09046	1.09001	1.09014	711
2025-03-17 12:05:00	1.09013	1.09023	1.08992	1.09019	726
2025-03-17 12:10:00	1.09021	1.09063	1.0902	1.09037	409
2025-03-17 12:15:00	1.09038	1.09038	1.08983	1.09	525
2025-03-17 12:20:00	1.09	1.09	1.08962	1.08984	548
2025-03-17 12:25:00	1.08985	1.09012	1.08973	1.08988	787
2025-03-17 12:30:00	1.08987	1.09087	1.08892	1.08956	2137
2025-03-17 12:35:00	1.08957	1.08971	1.08886	1.08921	1702
2025-03-17 12:40:00	1.08922	1.08934	1.0887	1.08881	1145
2025-03-17 12:45:00	1.08882	1.0894	1.08878	1.0894	899
2025-03-17 12:50:00	1.08938	1.08987	1.08926	1.08978	835
2025-03-17 12:55:00	1.08979	1.0902	1.08964	1.09016	654
2025-03-17 13:00:00	1.09017	1.0904	1.08973	1.09005	615
2025-03-17 13:05:00	1.09004	1.09051	1.08987	1.09031	736
2025-03-17 13:10:00	1.09033	1.09044	1.09009	1.09013	675
2025-03-17 13:15:00	1.09014	1.09019	1.08997	1.09005	439
2025-03-17 13:20:00	1.09006	1.09035	1.08997	1.09033	581
2025-03-17 13:25:00	1.09035	1.09042	1.0899	1.09006	452
2025-03-17 13:30:00	1.09007	1.09063	1.09005	1.09049	927
2025-03-17 13:35:00	1.09049	1.09051	1.08968	1.08989	923
2025-03-17 13:40:00	1.08989	1.09039	1.08981	1.09035	822
2025-03-17 13:45:00	1.09036	1.09045	1.08999	1.09023	842
2025-03-17 13:50:00	1.09021	1.09062	1.09013	1.09047	745
2025-03-17 13:55:00	1.09049	1.09055	1.09016	1.09047	475
2025-03-17 14:00:00	1.09048	1.09101	1.09044	1.09101	835
2025-03-17 14:05:00	1.09102	1.09111	1.09073	1.09075	794
2025-03-17 14:10:00	1.09076	1.09094	1.09057	1.09084	675
2025-03-17 14:15:00	1.09082	1.0911	1.09048	1.09081	728
2025-03-17 14:20:00	1.09085	1.09085	1.09019	1.09058	706
2025-03-17 14:25:00	1.0906	1.09118	1.09058	1.09104	856
2025-03-17 14:30:00	1.09104	1.09112	1.09075	1.09104	781
2025-03-17 14:35:00	1.09102	1.09142	1.09097	1.09135	1043
2025-03-17 14:40:00	1.09134	1.09143	1.09114	1.09128	663
2025-03-17 14:45:00	1.09128	1.09135	1.09103	1.09133	466
2025-03-17 14:50:00	1.09138	1.09184	1.09135	1.09153	703
2025-03-17 14:55:00	1.09153	1.0917	1.09122	1.09158	931
2025-03-17 15:00:00	1.09159	1.09192	1.09156	1.09178	802
2025-03-17 15:05:00	1.09179	1.09185	1.0917	1.09175	364
2025-03-17 15:10:00	1.09174	1.0919	1.09172	1.09175	651
2025-03-17 15:15:00	1.09175	1.09187	1.0917	1.09176	433
2025-03-17 15:20:00	1.09176	1.09239	1.09172	1.09235	572
2025-03-17 15:25:00	1.09233	1.09297	1.0923	1.09273	833
2025-03-17 15:30:00	1.09274	1.09279	1.09249	1.0925	620
2025-03-17 15:35:00	1.09252	1.09281	1.0924	1.09273	781
2025-03-17 15:40:00	1.09276	1.09281	1.09244	1.09249	591
2025-03-17 15:45:00	1.09249	1.09275	1.09232	1.09272	547
2025-03-17 15:50:00	1.09274	1.09274	1.09218	1.09225	659
2025-03-17 15:55:00	1.09225	1.0927	1.09203	1.09214	1402
2025-03-17 16:00:00	1.09214	1.09216	1.09182	1.09206	800
2025-03-17 16:05:00	1.09207	1.09207	1.09163	1.0917	495
2025-03-17 16:10:00	1.0917	1.09181	1.09162	1.09166	569
2025-03-17 16:15:00	1.09168	1.09171	1.09143	1.09155	340
2025-03-17 16:20:00	1.09157	1.09206	1.09154	1.09198	532
2025-03-17 16:25:00	1.09199	1.09219	1.09188	1.09206	513
2025-03-17 16:30:00	1.09205	1.09242	1.09199	1.09241	302
2025-03-17 16:35:00	1.09241	1.09258	1.09209	1.09217	488
2025-03-17 16:40:00	1.09215	1.09221	1.09184	1.09194	532
2025-03-17 16:45:00	1.09193	1.09226	1.09189	1.09216	485
2025-03-17 16:50:00	1.09221	1.09259	1.09217	1.09255	402
2025-03-17 16:55:00	1.09256	1.09256	1.09208	1.0921	483
2025-03-17 17:00:00	1.09209	1.09216	1.09192	1.09207	437
2025-03-17 17:05:00	1.09207	1.09237	1.09193	1.09216	352
2025-03-17 17:10:00	1.09216	1.0923	1.09195	1.09204	382
2025-03-17 17:15:00	1.09205	1.0923	1.09204	1.09219	419
2025-03-17 17:20:00	1.09219	1.0922	1.09158	1.0916	389
2025-03-17 17:25:00	1.09161	1.09163	1.0913	1.09132	433
2025-03-17 17:30:00	1.09133	1.09142	1.09123	1.09126	302
2025-03-17 17:35:00	1.09127	1.09137	1.09117	1.09133	261
2025-03-17 17:40:00	1.09132	1.09173	1.09131	1.09142	409
2025-03-17 17:45:00	1.09143	1.09161	1.09114	1.0913	368
2025-03-17 17:50:00	1.0913	1.09151	1.09115	1.09151	338
2025-03-17 17:55:00	1.0915	1.0915	1.09122	1.09139	354
2025-03-17 18:00:00	1.09138	1.09151	1.09125	1.09134	597
2025-03-17 18:05:00	1.09134	1.09151	1.09125	1.09151	165
2025-03-17 18:10:00	1.0915	1.09156	1.09131	1.09153	410
2025-03-17 18:15:00	1.09153	1.09203	1.09148	1.09197	361
2025-03-17 18:20:00	1.09196	1.09199	1.09176	1.09179	255
2025-03-17 18:25:00	1.09178	1.09214	1.09177	1.09212	240
2025-03-17 18:30:00	1.09214	1.09234	1.0921	1.09217	273
2025-03-17 18:35:00	1.09221	1.09227	1.09196	1.09207	208
2025-03-17 18:40:00	1.09208	1.09232	1092	1.0923	187
2025-03-17 18:45:00	1.0923	1.09242	1.09209	1.09237	345
2025-03-17 18:50:00	1.09236	1.09236	1.09216	1.09233	258
2025-03-17 18:55:00	1.09233	1.09264	1.09231	1.09254	514
2025-03-17 19:00:00	1.09254	1.09254	1.09232	1.09237	367
2025-03-17 19:05:00	1.09236	1.0925	1.09221	1.09222	148
2025-03-17 19:10:00	1.09221	1.09235	1.09209	1.09224	180
2025-03-17 19:15:00	1.09222	1.09229	1.09211	1.09222	178
2025-03-17 19:20:00	1.09221	1.09235	1.09214	1.09214	200
2025-03-17 19:25:00	1.09214	1.0922	1.09203	1.09206	95
2025-03-17 19:30:00	1.09206	1.09211	1.09184	1.09191	217
2025-03-17 19:35:00	1.09191	1.09211	1.09191	1.09201	98
2025-03-17 19:40:00	1.09201	1.09207	1.09183	1.09196	128
2025-03-17 19:45:00	1.09195	1092	1.09184	1.09186	220
2025-03-17 19:50:00	1.09187	1.09199	1.09186	1.09194	174
2025-03-17 19:55:00	1.09196	1.09222	1.09191	1.09204	318
2025-03-17 20:00:00	1.09208	1.09216	1.09202	1.09206	250
2025-03-17 20:05:00	1.09207	1.09219	1.09202	1.09219	107
2025-03-17 20:10:00	1.0922	1.09224	1.09215	1.09216	106
2025-03-17 20:15:00	1.09216	1.09216	1.09206	1.09212	122
2025-03-17 20:20:00	1.09214	1.09222	1.09212	1.09219	87
2025-03-17 20:25:00	1.09217	1.09236	1.09213	1.09236	57
2025-03-17 20:30:00	1.09233	1.09268	1.09229	1.09266	74
2025-03-17 20:35:00	1.09268	1.09276	1.09256	1.09265	185
2025-03-17 20:40:00	1.09264	1.09267	1.09226	1.09233	181
2025-03-17 20:45:00	1.09231	1.09246	1.09222	1.09222	293
2025-03-17 20:50:00	1.09223	1.09234	1.09209	1.09224	257
2025-03-17 20:55:00	1.09224	1.0923	1.09206	1.09213	533
2025-03-17 21:00:00	1.0921	1.09218	1.09125	1.09125	113
2025-03-17 21:05:00	1.09187	1.09199	1.09165	1.09187	132
2025-03-17 21:10:00	1.09186	1.09186	1.09178	1.09182	72
2025-03-17 21:15:00	1.09181	1.09181	1.09169	1.09169	75
2025-03-17 21:20:00	1.0917	1.09187	1.09167	1.09177	93
2025-03-17 21:25:00	1.09178	1.09201	1.09177	1.09201	48
2025-03-17 21:30:00	1.09201	1.09202	1092	1.09201	21
2025-03-17 21:35:00	1.09219	1.09219	1.09201	1.09201	80
2025-03-17 21:40:00	1092	1.09211	1092	1.09211	17
2025-03-17 21:45:00	1.0921	1.09214	1.09202	1.0921	32
2025-03-17 21:50:00	1.09211	1.0922	1.09207	1.09217	367
2025-03-17 21:55:00	1.09216	1.09219	1.09202	1.09212	254
2025-03-17 22:00:00	1.09211	1.09219	1.09194	1.09215	257
2025-03-17 22:05:00	1.09216	1.09226	1.0921	1.0921	155
2025-03-17 22:10:00	1.09211	1.09212	1.09195	1.09195	107
2025-03-17 22:15:00	1.09195	1.09201	1.09191	1.09192	100
2025-03-17 22:20:00	1.09193	1.09195	1.09188	1.09195	66
2025-03-17 22:25:00	1.09195	1.09197	1.09189	1.09193	88
2025-03-17 22:30:00	1.09196	1.09222	1.09194	1.0921	30
2025-03-17 22:35:00	1.09209	1.09217	1.09208	1.09209	12
2025-03-17 22:40:00	1.09212	1.09214	1.09207	1.09209	42
2025-03-17 22:45:00	1.09211	1.09224	1.0921	1.09217	70
2025-03-17 22:50:00	1.09219	1.09221	1.09209	1.0921	125
2025-03-17 22:55:00	1.09211	1.09216	1.09208	1.09209	108
2025-03-17 23:00:00	1.09209	1.09216	1.09189	1.09195	173
2025-03-17 23:05:00	1.09195	1.09197	1.09187	1.0919	66
2025-03-17 23:10:00	1.09192	1.09194	1.09187	1.09191	45
2025-03-17 23:15:00	1.09189	1.09205	1.09188	1.09203	52
2025-03-17 23:20:00	1.09202	1.09202	1.09193	1.09193	43
2025-03-17 23:25:00	1.09194	1.09206	1.09191	1.09194	57
2025-03-17 23:30:00	1.09195	1.09197	1.09186	1.09189	65
2025-03-17 23:35:00	1.09188	1.09192	1.09179	1.09189	37
2025-03-17 23:40:00	1.09194	1092	1.09191	1.09195	43
2025-03-17 23:45:00	1.09196	1.09204	1.09189	1.09195	80
2025-03-17 23:50:00	1.09194	1.09196	1.09188	1.09188	34
2025-03-17 23:55:00	1.09188	1.09188	1.0918	1.0918	55
2025-03-18 00:00:00	1.0918	1.09195	1.09179	1.09185	294
2025-03-18 00:05:00	1.09187	1.09195	1.09179	1.09187	225
2025-03-18 00:10:00	1.09185	1.09195	1.09173	1.0919	263
2025-03-18 00:15:00	1.09193	1.09209	1.09185	1.09203	270
2025-03-18 00:20:00	1.09201	1.09202	1.09192	1.09201	222
2025-03-18 00:25:00	1092	1.09201	1.09188	1.09188	120
2025-03-18 00:30:00	1.09187	1.09192	1.09169	1.09174	142
2025-03-18 00:35:00	1.09172	1.09181	1.09168	1.09175	345
2025-03-18 00:40:00	1.09175	1.09175	1.09149	1.0915	170
2025-03-18 00:45:00	1.09149	1.09162	1.09148	1.09153	777
2025-03-18 00:50:00	1.09153	1.09173	1.09147	1.09156	912
2025-03-18 00:55:00	1.09155	1.09167	1.09152	1.09158	311
2025-03-18 01:00:00	1.09157	1.09177	1.09153	1.09176	317
2025-03-18 01:05:00	1.09177	1.09189	1.09172	1.09185	150
2025-03-18 01:10:00	1.09186	1.09187	1.09174	1.09175	133
2025-03-18 01:15:00	1.09177	1.09178	1.09147	1.09156	531
2025-03-18 01:20:00	1.09156	1.0917	1.09156	1.09163	274
2025-03-18 01:25:00	1.09163	1.09171	1.09156	1.0916	639
2025-03-18 01:30:00	1.0916	1.09161	1.09142	1.09151	756
2025-03-18 01:35:00	1.09153	1.09155	1.09137	1.09144	577
2025-03-18 01:40:00	1.09144	1.09149	1.09138	1.09144	301
2025-03-18 01:45:00	1.09145	1.09147	1.09123	1.09126	649
2025-03-18 01:50:00	1.09127	1.09148	1.0912	1.09146	481
2025-03-18 01:55:00	1.09145	1.09147	1.09131	1.09131	559
2025-03-18 02:00:00	1.09131	1.0916	1.09131	1.09141	637
2025-03-18 02:05:00	1.09139	1.0915	1.09136	1.09143	776
2025-03-18 02:10:00	1.09144	1.09151	1.0913	1.09132	800
2025-03-18 02:15:00	1.09131	1.09131	1.09106	1.09116	1146
2025-03-18 02:20:00	1.09115	1.09126	1.09098	1091	986
2025-03-18 02:25:00	1.09098	1.09109	1.09078	1.0908	1063
2025-03-18 02:30:00	1.0908	1.09086	1.09078	1.09083	605
2025-03-18 02:35:00	1.09084	1.0909	1.09082	1.09083	204
2025-03-18 02:40:00	1.09084	1.09099	1.09083	1.09091	264
2025-03-18 02:45:00	1.09091	1.09107	1.0909	1.09103	214
2025-03-18 02:50:00	1.09104	1.09106	1.09094	1.09104	195
2025-03-18 02:55:00	1.09104	1.09104	1.09083	1.09084	206
2025-03-18 03:00:00	1.09085	1.09109	1.09085	1.09104	447
2025-03-18 03:05:00	1.09105	1.09105	1.0908	1.0908	302
2025-03-18 03:10:00	1.09079	1.0909	1.09079	1.09089	186
2025-03-18 03:15:00	1.09091	1.09101	1.09091	1.09097	446
2025-03-18 03:20:00	1.09097	1.09097	1.09079	1.09083	157
2025-03-18 03:25:00	1.09082	1.09089	1.09075	1.09078	231
2025-03-18 03:30:00	1.09078	1.0909	1.09062	1.09084	222
2025-03-18 03:35:00	1.09083	1.09083	1.0907	1.09072	144
2025-03-18 03:40:00	1.09074	1.09077	1.09068	1.09071	96
2025-03-18 03:45:00	1.09071	1.09079	1.09068	1.09078	239
2025-03-18 03:50:00	1.09078	1.09081	1.09076	1.09079	60
2025-03-18 03:55:00	1.0908	1.0909	1.09078	1.09081	217
2025-03-18 04:00:00	1.09082	1.09096	1.09081	1.09083	204
2025-03-18 04:05:00	1.09084	1.09098	1.09078	1.09094	378
2025-03-18 04:10:00	1.09092	1.09106	1.09092	1.09103	119
2025-03-18 04:15:00	1.09102	1.09103	1.09092	1.09096	400
2025-03-18 04:20:00	1.09098	1.09099	1.09093	1.09096	265
2025-03-18 04:25:00	1.09097	1.09106	1.09095	1.09098	208
2025-03-18 04:30:00	1.09097	1.09101	1.09092	1.09101	166
2025-03-18 04:35:00	1091	1.09112	1091	1.09106	266
2025-03-18 04:40:00	1.09105	1.09111	1.09099	1.09109	269
2025-03-18 04:45:00	1.09109	1.09112	1.09106	1.09108	292
2025-03-18 04:50:00	1.09108	1.09114	1.09105	1.0911	328
2025-03-18 04:55:00	1.09109	1.09115	1.09104	1.09108	327
2025-03-18 05:00:00	1.09106	1.09122	1.09103	1.09106	425
2025-03-18 05:05:00	1.09106	1.09107	1.09098	1.09102	286
2025-03-18 05:10:00	1091	1.0911	1091	1.09109	285
2025-03-18 05:15:00	1.0911	1.09118	1.0911	1.09117	107
2025-03-18 05:20:00	1.09118	1.0912	1.09103	1.09103	86
2025-03-18 05:25:00	1.09104	1.09107	1.09097	1.09101	200
2025-03-18 05:30:00	1.09102	1.09111	1.09101	1.09108	69
2025-03-18 05:35:00	1.09109	1.09116	1.09102	1.09111	105
2025-03-18 05:40:00	1.09113	1.09121	1.09108	1.09116	125
2025-03-18 05:45:00	1.09116	1.09128	1.09111	1.09127	104
2025-03-18 05:50:00	1.09128	1.09132	1.09112	1.09115	427
2025-03-18 05:55:00	1.09113	1.09114	1.0907	1.09075	763
2025-03-18 06:00:00	1.09076	1.09111	1.09075	1.09111	580
2025-03-18 06:05:00	1.09112	1.09115	1.09105	1.09106	457
2025-03-18 06:10:00	1.09104	1.09105	1.09068	1.09069	700
2025-03-18 06:15:00	1.09068	1.09082	1.09057	1.09057	334
2025-03-18 06:20:00	1.0906	1.09073	1.09043	1.09048	601
2025-03-18 06:25:00	1.09047	1.09061	1.09033	1.09038	556
2025-03-18 06:30:00	1.09039	1.09057	1.09037	1.09053	332
2025-03-18 06:35:00	1.09053	1.09082	1.0905	1.09079	335
2025-03-18 06:40:00	1.0908	1.09081	1.09063	1.09071	246
2025-03-18 06:45:00	1.09072	1.0912	1.0907	1.0912	374
2025-03-18 06:50:00	1.09119	1.09182	1.09117	1.09165	1271
2025-03-18 06:55:00	1.09166	1.09212	1.09166	1.09205	450
2025-03-18 07:00:00	1.09206	1.09223	1.09161	1.09167	1392
2025-03-18 07:05:00	1.09168	1.09224	1.09162	1.09214	690
2025-03-18 07:10:00	1.09215	1.09223	1.09168	1.09176	795
2025-03-18 07:15:00	1.09174	1.09209	1.09166	1.09205	1555
2025-03-18 07:20:00	1.09206	1.09209	1.09171	1.09193	705
2025-03-18 07:25:00	1.09194	1.09197	1.09179	1.09187	763
2025-03-18 07:30:00	1.0919	1.09244	1.0919	1.0924	722
2025-03-18 07:35:00	1.0924	1.09281	1.09237	1.09268	799
2025-03-18 07:40:00	1.0927	1.09282	1.09253	1.09266	366
2025-03-18 07:45:00	1.09265	1.09295	1.09255	1.09284	486
2025-03-18 07:50:00	1.09285	1.09289	1.09233	1.09235	605
2025-03-18 07:55:00	1.09236	1.09366	1.09231	1.09349	914
2025-03-18 08:00:00	1.09351	1.09395	1.09327	1.09388	1175
2025-03-18 08:05:00	1.09389	1.09394	1.09341	1.09368	532
2025-03-18 08:10:00	1.09372	1.0948	1.09371	1.09471	749
2025-03-18 08:15:00	1.0947	1.09545	1.09464	1.09511	1600
2025-03-18 08:20:00	1.09512	1.09512	1.0948	1.09497	749
2025-03-18 08:25:00	1.09497	1.09536	1.09465	1.09521	809
2025-03-18 08:30:00	1.09519	1.09537	1.09509	1.09531	842
2025-03-18 08:35:00	1.09532	1.09538	1.09486	1.09486	847
2025-03-18 08:40:00	1.09487	1.09508	1.0948	1.09506	838
2025-03-18 08:45:00	1.09506	1.09537	1.09505	1.09526	619
2025-03-18 08:50:00	1.09526	1.09538	1.09501	1.09505	623
2025-03-18 08:55:00	1.09505	1.09521	1.09485	1.09512	837
2025-03-18 09:00:00	1.09515	1.0953	1.09467	1.09475	807
2025-03-18 09:05:00	1.09475	1.09481	1.09432	1.09477	933
2025-03-18 09:10:00	1.09479	1.09481	1.09426	1.09431	804
2025-03-18 09:15:00	1.09431	1.0948	1.0943	1.09471	718
2025-03-18 09:20:00	1.09472	1.09476	1.09424	1.09446	541
2025-03-18 09:25:00	1.09447	1.09455	1.09423	1.09425	756
2025-03-18 09:30:00	1.09428	1.0943	1.09393	1.09415	883
2025-03-18 09:35:00	1.09416	1.09417	1094	1.09415	574
2025-03-18 09:40:00	1.09417	1.09464	1.09414	1.09462	625
2025-03-18 09:45:00	1.09464	1.09505	1.09455	1095	541
2025-03-18 09:50:00	1.09501	1.09513	1.09458	1.09486	704
2025-03-18 09:55:00	1.09487	1.0951	1.09474	1.09497	670
2025-03-18 10:00:00	1.09498	1.09518	1.09464	1.09465	721
2025-03-18 10:05:00	1.09464	1.09498	1.09464	1.09484	1198
2025-03-18 10:10:00	1.09484	1.0949	1.09403	1.09457	992
2025-03-18 10:15:00	1.09457	1.09471	1.09407	1.09442	1048
2025-03-18 10:20:00	1.09442	1.09444	1094	1.09401	676
2025-03-18 10:25:00	1.09401	1.09404	1.0935	1.09367	1016
2025-03-18 10:30:00	1.09368	1.09372	1.09316	1.09332	834
2025-03-18 10:35:00	1.09334	1.09366	1.09326	1.0934	636
2025-03-18 10:40:00	1.09339	1.09355	1.09319	1.09342	782
2025-03-18 10:45:00	1.09343	1.0937	1.09329	1.09364	721
2025-03-18 10:50:00	1.09364	1.09377	1.0932	1.09338	801
2025-03-18 10:55:00	1.09339	1.09354	1.09319	1.09339	683
2025-03-18 11:00:00	1.09343	1.09368	1.09335	1.09341	533
2025-03-18 11:05:00	1.09341	1.09346	1.0932	1.09336	728
2025-03-18 11:10:00	1.09336	1.0937	1.09328	1.09345	740
2025-03-18 11:15:00	1.09349	1.09367	1.09303	1.09325	633
2025-03-18 11:20:00	1.09327	1.09332	1.09305	1.09323	758
2025-03-18 11:25:00	1.09323	1.0933	1.09302	1.09327	531
2025-03-18 11:30:00	1.09327	1.09345	1.09318	1.09326	700
2025-03-18 11:35:00	1.09325	1.09338	1.09299	1.09299	889
2025-03-18 11:40:00	1093	1.09315	1.09262	1.09267	968
2025-03-18 11:45:00	1.09266	1.09288	1.09225	1.09226	940
2025-03-18 11:50:00	1.09228	1.09234	1.0914	1.09158	1766
2025-03-18 11:55:00	1.09158	1.09203	1.09152	1.09162	733
2025-03-18 12:00:00	1.09162	1.09236	1.09157	1.09213	659
2025-03-18 12:05:00	1.09212	1.0922	1.09189	1.09192	482
2025-03-18 12:10:00	1.09192	1.09193	1.09153	1.09191	863
2025-03-18 12:15:00	1.09192	1.09197	1.09165	1.09196	811
2025-03-18 12:20:00	1.09199	1.09208	1.0915	1.09177	549
2025-03-18 12:25:00	1.09178	1.09183	1.09141	1.09147	481
2025-03-18 12:30:00	1.09145	1.09149	1.09069	1.09084	1085
2025-03-18 12:35:00	1.09083	1.09084	1.08924	1.08965	1570
2025-03-18 12:40:00	1.08964	1.0907	1.08959	1.09061	1261
2025-03-18 12:45:00	1.09062	1.09062	1.0901	1.09045	999
2025-03-18 12:50:00	1.09044	1.09083	1.09044	1.09076	818
2025-03-18 12:55:00	1.09075	1.09125	1.09056	1.09113	1932
2025-03-18 13:00:00	1.09114	1.09168	1.09112	1.09163	924
2025-03-18 13:05:00	1.09161	1092	1.09159	1.09172	621
2025-03-18 13:10:00	1.09175	1.09187	1.09138	1.09152	757
2025-03-18 13:15:00	1.09155	1.09183	1.09111	1.09176	688
2025-03-18 13:20:00	1.09176	1.09208	1.09156	1.09188	1010
2025-03-18 13:25:00	1.09189	1.09203	1.09147	1.09167	1107
2025-03-18 13:30:00	1.09167	1.09178	1.09126	1.09141	934
2025-03-18 13:35:00	1.09142	1.09162	1.09098	1.09099	880
2025-03-18 13:40:00	1.09099	1.09115	1.09013	1.0906	1871
2025-03-18 13:45:00	1.0906	1.09158	1.09035	1.09144	1339
2025-03-18 13:50:00	1.09143	1.09155	1.09112	1.09128	903
2025-03-18 13:55:00	1.09128	1.09134	1.09109	1.09123	961
2025-03-18 14:00:00	1.09124	1.09146	1.09068	1.09141	1276
2025-03-18 14:05:00	1.09141	1.09171	1.09113	1.09121	2132
2025-03-18 14:10:00	1.09123	1.09146	1.09093	1.09096	1641
2025-03-18 14:15:00	1.09096	1.09134	1.09081	1.09112	1860
2025-03-18 14:20:00	1.09115	1.09149	1.09107	1.09113	1805
2025-03-18 14:25:00	1.09112	1.09189	1.09089	1.09177	1874
2025-03-18 14:30:00	1.09175	1.09194	1.09126	1.09163	2528
2025-03-18 14:35:00	1.09166	1.09185	1.09155	1.09174	2171
2025-03-18 14:40:00	1.09174	1.09183	1.09142	1.09163	870
2025-03-18 14:45:00	1.09162	1.09175	1.0913	1.09167	836
2025-03-18 14:50:00	1.09166	1.09182	1.09124	1.09142	888
2025-03-18 14:55:00	1.09143	1.09185	1.09113	1.09166	999
2025-03-18 15:00:00	1.09171	1.0925	1.09001	1.09053	2466
2025-03-18 15:05:00	1.09053	1.09061	1.08964	1.0905	1055
2025-03-18 15:10:00	1.09049	1.09056	1.0898	1.09029	993
2025-03-18 15:15:00	1.0903	1.09056	1.09005	1.09026	885
2025-03-18 15:20:00	1.09029	1.09045	1.08999	1.0904	829
2025-03-18 15:25:00	1.09045	1.09137	1.09045	1.0913	1240
2025-03-18 15:30:00	1.09128	1.09177	1.09106	1.09173	1082
2025-03-18 15:35:00	1.09174	1.09288	1.09171	1.09277	919
2025-03-18 15:40:00	1.0928	1.09329	1.09248	1.09326	934
2025-03-18 15:45:00	1.09324	1.09341	1.09276	1.09276	912
2025-03-18 15:50:00	1.09274	1.09339	1.09271	1.09334	1142
2025-03-18 15:55:00	1.09335	1.09336	1.09263	1.09264	1304
2025-03-18 16:00:00	1.09264	1.09294	1.09234	1.09294	1253
2025-03-18 16:05:00	1.09295	1.09325	1.09289	1.09294	570
2025-03-18 16:10:00	1.09295	1.09321	1.09276	1.09292	588
2025-03-18 16:15:00	1.09294	1.09311	1.09281	1.09285	591
2025-03-18 16:20:00	1.09284	1.0933	1.09274	1.09329	1588
2025-03-18 16:25:00	1.09329	1.09346	1.09297	1.09339	736
2025-03-18 16:30:00	1.09337	1.09344	1.09311	1.09341	573
2025-03-18 16:35:00	1.09342	1.09391	1.09335	1.09373	567
2025-03-18 16:40:00	1.09374	1.09398	1.09348	1.09394	733
2025-03-18 16:45:00	1.09395	1.09397	1.09351	1.0937	669
2025-03-18 16:50:00	1.09368	1.09368	1.09341	1.09356	633
2025-03-18 16:55:00	1.09358	1.09391	1.0935	1.09385	487
2025-03-18 17:00:00	1.09385	1.0945	1.09385	1.09447	630
2025-03-18 17:05:00	1.09446	1.09446	1.09399	1.09411	871
2025-03-18 17:10:00	1.09413	1.09448	1.09413	1.09445	470
2025-03-18 17:15:00	1.09446	1.0951	1.09432	1.09468	983
2025-03-18 17:20:00	1.09466	1.09517	1.09445	1.09509	976
2025-03-18 17:25:00	1.0951	1.09515	1.09471	1.0948	601
2025-03-18 17:30:00	1.0948	1.09482	1.09426	1.09442	535
2025-03-18 17:35:00	1.09444	1.09497	1.09438	1.09442	632
2025-03-18 17:40:00	1.09445	1.09456	1.09424	1.0944	572
2025-03-18 17:45:00	1.0944	1.09466	1.0943	1.09459	506
2025-03-18 17:50:00	1.09459	1.09481	1.09444	1.09478	390
2025-03-18 17:55:00	1.09478	1095	1.09465	1.09497	414
2025-03-18 18:00:00	1.09499	1.09511	1.09465	1.09466	436
2025-03-18 18:05:00	1.09468	1.09475	1.09442	1.09461	273
2025-03-18 18:10:00	1.09461	1.09472	1.0945	1.09455	400
2025-03-18 18:15:00	1.09455	1.09461	1.09439	1.0944	1089
2025-03-18 18:20:00	1.09439	1.0945	1.09432	1.09438	940
2025-03-18 18:25:00	1.09438	1.09438	1.09413	1.09429	561
2025-03-18 18:30:00	1.0943	1.09454	1.09429	1.0944	441
2025-03-18 18:35:00	1.0944	1.09452	1.0941	1.09419	298
2025-03-18 18:40:00	1.09419	1.09423	1.09404	1.09422	284
2025-03-18 18:45:00	1.09421	1.09447	1.09412	1.09426	271
2025-03-18 18:50:00	1.09427	1.09464	1.09419	1.09438	552
2025-03-18 18:55:00	1.09439	1.09441	1.09417	1.0944	457
2025-03-18 19:00:00	1.09439	1.09453	1.09422	1.0945	441
2025-03-18 19:05:00	1.09447	1.09475	1.09439	1.09466	276
2025-03-18 19:10:00	1.0947	1.09494	1.09462	1.09475	400
2025-03-18 19:15:00	1.09472	1.0949	1.09468	1.09468	351
2025-03-18 19:20:00	1.09467	1.09467	1.09436	1.09452	398
2025-03-18 19:25:00	1.09453	1.09481	1.09442	1.0947	366
2025-03-18 19:30:00	1.09469	1.09484	1.09437	1.09445	258
2025-03-18 19:35:00	1.09443	1.09443	1.09415	1.0943	223
2025-03-18 19:40:00	1.0943	1.09444	1.09425	1.09437	393
2025-03-18 19:45:00	1.09437	1.09446	1.09427	1.09439	230
2025-03-18 19:50:00	1.0944	1.09475	1.0944	1.0947	274
2025-03-18 19:55:00	1.09469	1.09469	1.09452	1.09461	349
2025-03-18 20:00:00	1.09461	1.09472	1.09453	1.09467	191
2025-03-18 20:05:00	1.09468	1.09481	1.09463	1.09481	129
2025-03-18 20:10:00	1.09484	1.09484	1.09473	1.09478	81
2025-03-18 20:15:00	1.09476	1.09479	1.09463	1.09467	122
2025-03-18 20:20:00	1.09466	1.09485	1.09443	1.09444	141
2025-03-18 20:25:00	1.09445	1.09451	1.09434	1.09437	149
2025-03-18 20:30:00	1.09436	1.09436	1.09426	1.09433	132
2025-03-18 20:35:00	1.09432	1.09438	1.09426	1.09433	120
2025-03-18 20:40:00	1.09434	1.09438	1.0943	1.09432	218
2025-03-18 20:45:00	1.09432	1.09458	1.09431	1.09451	435
2025-03-18 20:50:00	1.09453	1.09455	1.09434	1.09451	235
2025-03-18 20:55:00	1.09451	1.09452	1.09433	1.09449	1225
2025-03-18 21:00:00	1.09434	1.09443	1.09395	1.09443	84
2025-03-18 21:05:00	1.09444	1.09465	1.09444	1.09465	43
2025-03-18 21:10:00	1.09465	1.09465	1.09453	1.09453	122
2025-03-18 21:15:00	1.09454	1.09454	1.09443	1.09449	52
2025-03-18 21:20:00	1.09449	1.09451	1.09448	1.09448	47
2025-03-18 21:25:00	1.09441	1.09454	1.09441	1.09453	39
2025-03-18 21:30:00	1.09454	1.09454	1.09437	1.09442	32
2025-03-18 21:35:00	1.09441	1.09442	1.09424	1.09439	90
2025-03-18 21:40:00	1.09438	1.09439	1.09415	1.09416	81
2025-03-18 21:45:00	1.09416	1.09416	1.09411	1.09413	25
2025-03-18 21:50:00	1.09414	1.09414	1.09405	1.09408	116
2025-03-18 21:55:00	1.09406	1.09451	1.09406	1.0944	360
2025-03-18 22:00:00	1.09437	1.09453	1.09425	1.09442	289
2025-03-18 22:05:00	1.0944	1.0944	1.09426	1.09427	159
2025-03-18 22:10:00	1.09426	1.09456	1.09426	1.09452	213
2025-03-18 22:15:00	1.09452	1.09458	1.09427	1.09427	205
2025-03-18 22:20:00	1.09428	1.09437	1.09427	1.09429	167
2025-03-18 22:25:00	1.09427	1.09427	1.09412	1.09412	111
2025-03-18 22:30:00	1.09413	1.0942	1.09412	1.09412	172
2025-03-18 22:35:00	1.09415	1.09419	1.09401	1.09404	88
2025-03-18 22:40:00	1.09402	1.09407	1.09402	1.09405	51
2025-03-18 22:45:00	1.09405	1.09417	1.09404	1.09416	82
2025-03-18 22:50:00	1.09417	1.09422	1.09409	1.09413	40
2025-03-18 22:55:00	1.09412	1.09415	1.09407	1.09415	26
2025-03-18 23:00:00	1.09417	1.09434	1.09415	1.0942	85
2025-03-18 23:05:00	1.09422	1.09429	1.09418	1.09421	45
2025-03-18 23:10:00	1.09418	1.09422	1.09414	1.09421	54
2025-03-18 23:15:00	1.0942	1.09422	1.09414	1.09419	40
2025-03-18 23:20:00	1.09421	1.09428	1.09417	1.09419	106
2025-03-18 23:25:00	1.09421	1.09425	1.09412	1.09412	40
2025-03-18 23:30:00	1.09414	1.09428	1.09412	1.09416	130
2025-03-18 23:35:00	1.09418	1.09421	1.0941	1.09419	68
2025-03-18 23:40:00	1.09422	1.09426	1.09419	1.09423	22
2025-03-18 23:45:00	1.09422	1.09423	1.09415	1.09415	31
2025-03-18 23:50:00	1.09416	1.09416	1094	1094	51
2025-03-18 23:55:00	1.09399	1094	1.09375	1.09385	78
2025-03-19 00:00:00	1.09386	1.09388	1.09356	1.09356	262
2025-03-19 00:05:00	1.09356	1.0936	1.09343	1.09345	325
2025-03-19 00:10:00	1.09346	1.09347	1.09336	1.09342	185
2025-03-19 00:15:00	1.09342	1.0937	1.09338	1.09366	135
2025-03-19 00:20:00	1.09366	1.09383	1.09365	1.0938	92
2025-03-19 00:25:00	1.09383	1.09383	1.09364	1.09366	104
2025-03-19 00:30:00	1.09367	1.0937	1.09345	1.0935	152
2025-03-19 00:35:00	1.09351	1.09358	1.09345	1.09347	216
2025-03-19 00:40:00	1.09345	1.09345	1.09316	1.09321	224
2025-03-19 00:45:00	1.09321	1.09328	1.09317	1.09328	126
2025-03-19 00:50:00	1.09328	1.09368	1.09322	1.09365	628
2025-03-19 00:55:00	1.09365	1.09377	1.09342	1.09346	388
2025-03-19 01:00:00	1.09346	1.09353	1.09335	1.09352	228
2025-03-19 01:05:00	1.09349	1.09361	1.09347	1.09357	123
2025-03-19 01:10:00	1.09359	1.0936	1.09333	1.09338	150
2025-03-19 01:15:00	1.09336	1.0936	1.09336	1.09343	169
2025-03-19 01:20:00	1.09342	1.09346	1.09334	1.0934	232
2025-03-19 01:25:00	1.09343	1.09352	1.09341	1.0935	186
2025-03-19 01:30:00	1.09351	1.09352	1.0934	1.09347	378
2025-03-19 01:35:00	1.09346	1.09353	1.09337	1.0934	264
2025-03-19 01:40:00	1.09341	1.09355	1.09339	1.09354	112
2025-03-19 01:45:00	1.09352	1.09363	1.09347	1.09351	130
2025-03-19 01:50:00	1.09352	1.09354	1.09344	1.09352	175
2025-03-19 01:55:00	1.09352	1.09372	1.09351	1.09368	176
2025-03-19 02:00:00	1.0937	1.09382	1.09356	1.09359	368
2025-03-19 02:05:00	1.09359	1.09385	1.09354	1.09379	299
2025-03-19 02:10:00	1.09383	1.09395	1.09382	1.0939	76
2025-03-19 02:15:00	1.0939	1.0941	1.09389	1.09405	176
2025-03-19 02:20:00	1.09404	1.09418	1.09402	1.09409	158
2025-03-19 02:25:00	1.09409	1.09418	1.09384	1.09392	405
2025-03-19 02:30:00	1.09392	1.09435	1.09391	1.09431	310
2025-03-19 02:35:00	1.09429	1.09447	1.09428	1.09445	162
2025-03-19 02:40:00	1.09445	1.09449	1.09415	1.0942	223
2025-03-19 02:45:00	1.09417	1.09426	1.09414	1.09415	259
2025-03-19 02:50:00	1.09416	1.0942	1.09407	1.0941	79
2025-03-19 02:55:00	1.09408	1.09424	1.09405	1.09408	107
2025-03-19 03:00:00	1.09411	1.09426	1.09407	1.09422	76
2025-03-19 03:05:00	1.09421	1.09436	1.0942	1.09431	156
2025-03-19 03:10:00	1.0943	1.0943	1.09417	1.09417	48
2025-03-19 03:15:00	1.09417	1.09417	1.09383	1.09386	332
2025-03-19 03:20:00	1.09387	1.09387	1.09353	1.09355	254
2025-03-19 03:25:00	1.09355	1.09355	1.09326	1.09337	447
2025-03-19 03:30:00	1.09337	1.09363	1.09336	1.09359	214
2025-03-19 03:35:00	1.09359	1.09378	1.09359	1.09378	229
2025-03-19 03:40:00	1.09378	1.09386	1.09365	1.09367	114
2025-03-19 03:45:00	1.09365	1.09378	1.09365	1.0937	83
2025-03-19 03:50:00	1.0937	1.09374	1.09363	1.09371	77
2025-03-19 03:55:00	1.09372	1.09396	1.09372	1.09381	272
2025-03-19 04:00:00	1.09378	1.09378	1.09341	1.09342	246
2025-03-19 04:05:00	1.09341	1.0936	1.09338	1.09345	128
2025-03-19 04:10:00	1.09344	1.09348	1.09329	1.0933	248
2025-03-19 04:15:00	1.09329	1.0935	1.09328	1.0935	165
2025-03-19 04:20:00	1.09351	1.09357	1.09328	1.09333	322
2025-03-19 04:25:00	1.09332	1.09336	1.0932	1.0933	490
2025-03-19 04:30:00	1.09329	1.09334	1.09315	1.09321	315
2025-03-19 04:35:00	1.09321	1.09335	1.09317	1.09317	77
2025-03-19 04:40:00	1.0932	1.0932	1.09303	1.09305	47
2025-03-19 04:45:00	1.09305	1.09309	1.09291	1.09292	74
2025-03-19 04:50:00	1.09292	1.09303	1.09285	1.09287	138
2025-03-19 04:55:00	1.09286	1093	1.09279	1.09298	262
2025-03-19 05:00:00	1.09296	1.09336	1.09295	1.09336	370
2025-03-19 05:05:00	1.09337	1.09345	1.09321	1.09324	200
2025-03-19 05:10:00	1.09325	1.0935	1.09325	1.09342	190
2025-03-19 05:15:00	1.09342	1.0936	1.09327	1.09334	141
2025-03-19 05:20:00	1.09335	1.09341	1.09322	1.0934	214
2025-03-19 05:25:00	1.09341	1.09348	1.09338	1.09344	192
2025-03-19 05:30:00	1.09345	1.09348	1.09325	1.09328	150
2025-03-19 05:35:00	1.09325	1.09335	1.09319	1.09331	116
2025-03-19 05:40:00	1.09329	1.09329	1.09319	1.09322	149
2025-03-19 05:45:00	1.0932	1.09343	1.0932	1.09343	227
2025-03-19 05:50:00	1.09342	1.0935	1.09309	1.09312	196
2025-03-19 05:55:00	1.09313	1.09317	1.09302	1.09311	217
2025-03-19 06:00:00	1.09312	1.09324	1.09293	1.09297	528
2025-03-19 06:05:00	1.09296	1.09297	1.09264	1.09266	591
2025-03-19 06:10:00	1.09266	1.09279	1.09258	1.09262	282
2025-03-19 06:15:00	1.09262	1.09278	1.09257	1.0926	247
2025-03-19 06:20:00	1.0926	1.0926	1.09223	1.09226	554
2025-03-19 06:25:00	1.09226	1.09246	1.09223	1.09238	416
2025-03-19 06:30:00	1.09239	1.09272	1.09224	1.09264	467
2025-03-19 06:35:00	1.09266	1.09285	1.09233	1.09239	394
2025-03-19 06:40:00	1.09237	1.09245	1.09217	1.09237	575
2025-03-19 06:45:00	1.09238	1.09276	1.09238	1.0927	511
2025-03-19 06:50:00	1.0927	1.0928	1.09259	1.0927	518
2025-03-19 06:55:00	1.0927	1.09271	1.09203	1.09206	498
2025-03-19 07:00:00	1.09206	1.0923	1.09174	1.09183	1010
2025-03-19 07:05:00	1.09183	1.09199	1.09098	1091	677
2025-03-19 07:10:00	1.09101	1.09126	1.09065	1.09069	780
2025-03-19 07:15:00	1.09069	1.09083	1.09022	1.09035	737
2025-03-19 07:20:00	1.09036	1.09065	1.09028	1.09031	658
2025-03-19 07:25:00	1.09032	1.09097	1.09032	1.09097	598
2025-03-19 07:30:00	1.09097	1.09098	1.09022	1.09023	975
2025-03-19 07:35:00	1.0902	1.0902	1.08798	1.08824	2536
2025-03-19 07:40:00	1.08823	1.0887	1.08731	1.08822	1867
2025-03-19 07:45:00	1.08822	1.08895	1.08775	1.08895	1449
2025-03-19 07:50:00	1.08894	1.08949	1.08864	1.08911	3763
2025-03-19 07:55:00	1.08911	1.08944	1.08896	1.08924	1727
2025-03-19 08:00:00	1.08928	1.09066	1.08921	1.09048	3312
2025-03-19 08:05:00	1.09046	1.09062	1.09002	1.09008	1577
2025-03-19 08:10:00	1.0901	1.09029	1.08971	1.08988	741
2025-03-19 08:15:00	1.08988	1.09001	1.08956	1.08989	494
2025-03-19 08:20:00	1.08986	1.09059	1.0897	1.0905	689
2025-03-19 08:25:00	1.09049	1.09062	1.09036	1.09056	638
2025-03-19 08:30:00	1.09055	1.09105	1.09051	1.09081	595
2025-03-19 08:35:00	1.09083	1.09102	1.09056	1.09066	622
2025-03-19 08:40:00	1.09066	1.09071	1.09014	1.09056	1553
2025-03-19 08:45:00	1.09056	1.09064	1.09003	1.0902	858
2025-03-19 08:50:00	1.09022	1.09067	1.08999	1.09064	812
2025-03-19 08:55:00	1.09066	1.09085	1.09056	1.0907	1538
2025-03-19 09:00:00	1.0907	1.09071	1.09003	1.09006	2143
2025-03-19 09:05:00	1.09005	1.0905	1.08986	1.09032	650
2025-03-19 09:10:00	1.09031	1.09051	1.0898	1.08983	516
2025-03-19 09:15:00	1.08975	1.09005	1.0896	1.08967	560
2025-03-19 09:20:00	1.08966	1.09021	1.08954	1.09011	586
2025-03-19 09:25:00	1.09013	1.09021	1.08993	1.09006	377
2025-03-19 09:30:00	1.09005	1.0908	1.09005	1.09062	540
2025-03-19 09:35:00	1.0906	1.09069	1.09023	1.09061	541
2025-03-19 09:40:00	1.09061	1.09068	1.09012	1.09013	506
2025-03-19 09:45:00	1.09015	1.09041	1.08997	1.0904	505
2025-03-19 09:50:00	1.0904	1.09101	1.09034	1.09041	1855
2025-03-19 09:55:00	1.09041	1.0906	1.0901	1.09021	1684
2025-03-19 10:00:00	1.09021	1.09033	1.08997	1.09004	1574
2025-03-19 10:05:00	1.09005	1.09007	1.08964	1.08964	754
2025-03-19 10:10:00	1.08966	1.0899	1.08957	1.08975	629
2025-03-19 10:15:00	1.08974	1.08986	1.0896	1.08972	461
2025-03-19 10:20:00	1.08972	1.0904	1.08972	1.09022	577
2025-03-19 10:25:00	1.0902	1.09036	1.08995	1.09014	564
2025-03-19 10:30:00	1.09013	1.09013	1.08959	1.0898	692
2025-03-19 10:35:00	1.08982	1.08984	1.08924	1.08933	456
2025-03-19 10:40:00	1.08933	1.08936	1.08912	1.08934	429
2025-03-19 10:45:00	1.08935	1.0901	1.08935	1.09005	557
2025-03-19 10:50:00	1.09006	1.09015	1.08975	1.08998	568
2025-03-19 10:55:00	1.08998	1.09009	1.08989	1.08997	462
2025-03-19 11:00:00	1.08997	1.09004	1.08976	1.08981	451
2025-03-19 11:05:00	1.08982	1.08982	1.08935	1.08963	458
2025-03-19 11:10:00	1.08964	1.09001	1.08953	1.08982	446
2025-03-19 11:15:00	1.08983	1.08996	1.08963	1.08963	515
2025-03-19 11:20:00	1.08962	1.08998	1.0895	1.08983	402
2025-03-19 11:25:00	1.08982	1.09016	1.08982	1.08998	446
2025-03-19 11:30:00	1.08997	1.09039	1.08979	1.09034	454
2025-03-19 11:35:00	1.09033	1.09085	1.09033	1.09039	714
2025-03-19 11:40:00	1.09041	1.09093	1.09037	1.09092	448
2025-03-19 11:45:00	1.09091	1.09104	1.09076	1.09082	494
2025-03-19 11:50:00	1.0908	1.09098	1.09065	1.09076	376
2025-03-19 11:55:00	1.09076	1.09129	1.09065	1.09082	1047
2025-03-19 12:00:00	1.09085	1.09142	1.09075	1.09141	766
2025-03-19 12:05:00	1.0914	1.09174	1.09126	1.09142	685
2025-03-19 12:10:00	1.09143	1.09166	1.09121	1.09146	743
2025-03-19 12:15:00	1.09147	1.09153	1.09115	1.09145	1104
2025-03-19 12:20:00	1.09147	1.09158	1.09109	1.09109	1565
2025-03-19 12:25:00	1.09112	1.0913	1.0907	1.09075	1113
2025-03-19 12:30:00	1.09074	1.09096	1.09048	1.09094	1079
2025-03-19 12:35:00	1.09093	1.09128	1.0909	1.09106	667
2025-03-19 12:40:00	1.09108	1.0916	1.09107	1.09134	695
2025-03-19 12:45:00	1.09136	1.09136	1.09096	1.09107	718
2025-03-19 12:50:00	1.09105	1.09123	1.09084	1.09089	2030
2025-03-19 12:55:00	1.09089	1.09089	1.0899	1.09009	2052
2025-03-19 13:00:00	1.09012	1.09031	1.08998	1.09015	901
2025-03-19 13:05:00	1.09013	1.09036	1.08963	1.08971	963
2025-03-19 13:10:00	1.08974	1.09017	1.08969	1.08984	942
2025-03-19 13:15:00	1.08984	1.09009	1.08973	1.08974	786
2025-03-19 13:20:00	1.08976	1.08985	1.08925	1.08957	1197
2025-03-19 13:25:00	1.08957	1.09003	1.08951	1.08961	813
2025-03-19 13:30:00	1.0896	1.09008	1.08957	1.09005	1009
2025-03-19 13:35:00	1.09003	1.09009	1.08955	1.0897	907
2025-03-19 13:40:00	1.0897	1.09032	1.08965	1.08991	727
2025-03-19 13:45:00	1.08992	1.09005	1.08961	1.08972	791
2025-03-19 13:50:00	1.08972	1.08979	1.08929	1.08937	645
2025-03-19 13:55:00	1.08937	1.08976	1.08928	1.08943	855
2025-03-19 14:00:00	1.08942	1.08997	1.08926	1.08993	750
2025-03-19 14:05:00	1.08991	1.08992	1.0895	1.08967	486
2025-03-19 14:10:00	1.08969	1.08984	1.08954	1.08977	465
2025-03-19 14:15:00	1.08977	1.09004	1.08968	1.08986	495
2025-03-19 14:20:00	1.08985	1.08985	1.08948	1.08972	697
2025-03-19 14:25:00	1.08972	1.09004	1.08966	1.08975	655
2025-03-19 14:30:00	1.08975	1.08988	1.08964	1.08966	453
2025-03-19 14:35:00	1.08966	1.08978	1.08949	1.08954	332
2025-03-19 14:40:00	1.08954	1.08973	1.08936	1.08962	428
2025-03-19 14:45:00	1.08964	1.08967	1.08909	1.08915	598
2025-03-19 14:50:00	1.08917	1.08917	1.08817	1.08826	882
2025-03-19 14:55:00	1.08828	1.08878	1.08826	1.08838	772
2025-03-19 15:00:00	1.08837	1.08862	1.08829	1.08854	633
2025-03-19 15:05:00	1.08853	1.08869	1.08823	1.08849	686
2025-03-19 15:10:00	1.08848	1.08856	1.08834	1.08839	472
2025-03-19 15:15:00	1.08838	1.08852	1.08816	1.08835	709
2025-03-19 15:20:00	1.08837	1.08861	1.08831	1.08857	857
2025-03-19 15:25:00	1.08857	1.08875	1.08854	1.08869	675
2025-03-19 15:30:00	1.08869	1.08871	1.0882	1.08824	931
2025-03-19 15:35:00	1.08824	1.08877	1.08809	1.08844	1173
2025-03-19 15:40:00	1.08844	1.08844	1.08802	1.08813	777
2025-03-19 15:45:00	1.08814	1.08859	1.08806	1.08837	974
2025-03-19 15:50:00	1.08835	1.08837	1.08788	1.08788	836
2025-03-19 15:55:00	1.0879	1.08791	1.08753	1.08766	991
2025-03-19 16:00:00	1.08769	1.08801	1.08769	1.08776	2840
2025-03-19 16:05:00	1.08778	1.08812	1.08758	1.08801	993
2025-03-19 16:10:00	1088	1.08826	1.08785	1.08822	1290
2025-03-19 16:15:00	1.08825	1.08851	1.08822	1.08842	603
2025-03-19 16:20:00	1.08843	1.0886	1.08834	1.08859	635
2025-03-19 16:25:00	1.08857	1.08861	1.08844	1.0885	546
2025-03-19 16:30:00	1.0885	1.08857	1088	1088	663
2025-03-19 16:35:00	1.08799	1.08823	1.08781	1.08823	540
2025-03-19 16:40:00	1.08823	1.08838	1.08806	1.08833	438
2025-03-19 16:45:00	1.08834	1.08856	1.08834	1.08847	313
2025-03-19 16:50:00	1.08849	1.08849	1.08812	1.08822	487
2025-03-19 16:55:00	1.08826	1.08855	1.08818	1.0885	351
2025-03-19 17:00:00	1.08848	1.08852	1.08807	1.08819	472
2025-03-19 17:05:00	1.08817	1.08823	1.08774	1.08776	355
2025-03-19 17:10:00	1.08776	1.0878	1.08733	1.08742	395
2025-03-19 17:15:00	1.08741	1.0875	1.08705	1.08709	605
2025-03-19 17:20:00	1.08708	1.08719	1.08687	1.08689	546
2025-03-19 17:25:00	1.08688	1.08691	1.08658	1.08658	780
2025-03-19 17:30:00	1.08657	1.08667	1.08631	1.08652	758
2025-03-19 17:35:00	1.08651	1.08655	1.08603	1.08647	772
2025-03-19 17:40:00	1.08647	1.0866	1.08627	1.08653	686
2025-03-19 17:45:00	1.08652	1.08693	1.08632	1.08632	728
2025-03-19 17:50:00	1.08633	1.08655	1.08618	1.08655	715
2025-03-19 17:55:00	1.08652	1.08725	1.08643	1.08691	595
2025-03-19 18:00:00	1.08692	1.08931	1.08632	1.0892	2516
2025-03-19 18:05:00	1.08918	1.08926	1.08819	1.08915	2623
2025-03-19 18:10:00	1.08914	1.08961	1.08872	1.08876	1254
2025-03-19 18:15:00	1.08874	1.08906	1.08852	1.08873	1154
2025-03-19 18:20:00	1.08871	1.08936	1.08813	1089	1060
2025-03-19 18:25:00	1.08901	1.08935	1.08867	1.08883	1307
2025-03-19 18:30:00	1.0888	1.08968	1.08859	1.08958	1118
2025-03-19 18:35:00	1.08959	1.09018	1089	1.08954	1666
2025-03-19 18:40:00	1.08952	1.09127	1.0895	1.09125	1508
2025-03-19 18:45:00	1.09125	1.0913	1.09023	1.09057	1683
2025-03-19 18:50:00	1.09056	1.09081	1.09012	1.09036	1197
2025-03-19 18:55:00	1.09038	1.09115	1.09006	1.09077	1533
2025-03-19 19:00:00	1.09073	1.09094	1.09028	1.09065	1277
2025-03-19 19:05:00	1.09064	1.09127	1.09025	1.09099	1199
2025-03-19 19:10:00	1.09101	1.09125	1.09	1.09004	1021
2025-03-19 19:15:00	1.09005	1.09022	1.08894	1089	887
2025-03-19 19:20:00	1.08902	1.08927	1.08848	1.08877	986
2025-03-19 19:25:00	1.08876	1.08899	1.08861	1.08888	779
2025-03-19 19:30:00	1.08886	1.08966	1.08865	1.08941	872
2025-03-19 19:35:00	1.08942	1.08994	1.08938	1.08973	750
2025-03-19 19:40:00	1.08974	1.08979	1.08946	1.08971	594
2025-03-19 19:45:00	1.08973	1.08984	1.08925	1.08955	732
2025-03-19 19:50:00	1.08959	1.08989	1.08958	1.08974	684
2025-03-19 19:55:00	1.08976	1.08995	1.08971	1.08986	723
2025-03-19 20:00:00	1.08986	1.09009	1.08978	1.08986	271
2025-03-19 20:05:00	1.08984	1.08985	1.08955	1.08972	190
2025-03-19 20:10:00	1.08973	1.09029	1.08973	1.09029	247
2025-03-19 20:15:00	1.09028	1.0904	1.09016	1.0902	260
2025-03-19 20:20:00	1.0902	1.09028	1.09016	1.09027	126
2025-03-19 20:25:00	1.0903	1.09035	1.09009	1.0901	187
2025-03-19 20:30:00	1.0901	1.09023	1.0901	1.09022	101
2025-03-19 20:35:00	1.09022	1.09045	1.09021	1.09042	315
2025-03-19 20:40:00	1.09043	1.09059	1.09034	1.09035	630
2025-03-19 20:45:00	1.09036	1.0905	1.09034	1.09044	954
2025-03-19 20:50:00	1.09045	1.09051	1.09036	1.09042	1629
2025-03-19 20:55:00	1.0904	1.09045	1.09002	1.09009	1794
2025-03-19 21:00:00	1.09004	1.09016	1.09001	1.09011	76
2025-03-19 21:05:00	1.09009	1.09027	1.09005	1.09027	129
2025-03-19 21:10:00	1.09027	1.09028	1.09009	1.09009	44
2025-03-19 21:15:00	1.0901	1.09026	1.09008	1.09008	67
2025-03-19 21:20:00	1.09009	1.09011	1.09008	1.09008	33
2025-03-19 21:25:00	1.09011	1.09033	1.09011	1.09032	196
2025-03-19 21:30:00	1.09036	1.09039	1.09027	1.09036	131
2025-03-19 21:35:00	1.09037	1.09038	1.09029	1.09033	278
2025-03-19 21:40:00	1.0903	1.09035	1.09029	1.09031	157
2025-03-19 21:45:00	1.09031	1.09034	1.09019	1.09027	133
2025-03-19 21:50:00	1.09027	1.0903	1.09026	1.0903	24
2025-03-19 21:55:00	1.09031	1.0905	1.0903	1.0904	250
2025-03-19 22:00:00	1.09041	1.09045	1.09032	1.09045	198
2025-03-19 22:05:00	1.09047	1.0909	1.09047	1.09089	99
2025-03-19 22:10:00	1.09088	1.09094	1.09085	1.0909	79
2025-03-19 22:15:00	1.09092	1.09129	1.09091	1.09104	340
2025-03-19 22:20:00	1.09105	1.09114	1.09103	1.09103	87
2025-03-19 22:25:00	1.09104	1.09107	1091	1.09102	169
2025-03-19 22:30:00	1.09102	1.09104	1.09091	1.09091	82
2025-03-19 22:35:00	1.0909	1.09093	1.0908	1.0909	78
2025-03-19 22:40:00	1.09091	1.09096	1.09077	1.09077	101
2025-03-19 22:45:00	1.09078	1.09087	1.09076	1.09082	54
2025-03-19 22:50:00	1.09081	1.09096	1.09081	1.09095	131
2025-03-19 22:55:00	1.09094	1.09095	1.09081	1.09083	47
2025-03-19 23:00:00	1.09083	1.09083	1.09048	1.09051	125
2025-03-19 23:05:00	1.09049	1.09071	1.09049	1.09069	47
2025-03-19 23:10:00	1.09074	1.09086	1.0907	1.09074	139
2025-03-19 23:15:00	1.09074	1.0908	1.09068	1.09079	149
2025-03-19 23:20:00	1.09079	1.0908	1.09055	1.09056	169
2025-03-19 23:25:00	1.09057	1.09072	1.09057	1.09071	135
2025-03-19 23:30:00	1.09069	1.09082	1.09069	1.09077	81
2025-03-19 23:35:00	1.09077	1.09084	1.09071	1.09082	44
2025-03-19 23:40:00	1.0908	1.09095	1.0908	1.09094	47
2025-03-19 23:45:00	1.09095	1.09105	1.09091	1.09094	110
2025-03-19 23:50:00	1.09095	1.09108	1.09091	1.09101	108
2025-03-19 23:55:00	1.09101	1.09118	1.09099	1.09115	107
2025-03-20 00:00:00	1.09116	1.09147	1.09114	1.09147	214
2025-03-20 00:05:00	1.09147	1.09163	1.09137	1.0915	239
2025-03-20 00:10:00	1.0915	1.09152	1.09123	1.09124	177
2025-03-20 00:15:00	1.09125	1.09125	1091	1.09108	237
2025-03-20 00:20:00	1.09109	1.09122	1.09107	1.0911	187
2025-03-20 00:25:00	1.0911	1.0911	1.09071	1.0908	172
2025-03-20 00:30:00	1.09078	1.09128	1.09035	1.09126	877
2025-03-20 00:35:00	1.09125	1.09135	1.09111	1.09118	588
2025-03-20 00:40:00	1.09119	1.09141	1.09115	1.09128	495
2025-03-20 00:45:00	1.09129	1.09141	1.09098	1.09099	489
2025-03-20 00:50:00	1.09098	1.09111	1.09087	1.09104	536
2025-03-20 00:55:00	1.09103	1.09126	1.09095	1.09122	246
2025-03-20 01:00:00	1.0912	1.09129	1.09066	1.09074	501
2025-03-20 01:05:00	1.09075	1.09082	1.09042	1.09049	500
2025-03-20 01:10:00	1.09049	1.09069	1.09045	1.09063	267
2025-03-20 01:15:00	1.09062	1.09075	1.09047	1.0907	369
2025-03-20 01:20:00	1.0907	1.09079	1.09064	1.09077	156
2025-03-20 01:25:00	1.09079	1.09079	1.09058	1.09068	159
2025-03-20 01:30:00	1.09072	1.09091	1.09057	1.09082	493
2025-03-20 01:35:00	1.09081	1.09085	1.09072	1.09078	365
2025-03-20 01:40:00	1.09078	1.09082	1.0906	1.09063	253
2025-03-20 01:45:00	1.09061	1.09067	1.09034	1.09065	234
2025-03-20 01:50:00	1.09065	1.09069	1.09057	1.09068	208
2025-03-20 01:55:00	1.09067	1.09092	1.09043	1.09057	369
2025-03-20 02:00:00	1.09055	1.09091	1.09053	1.09081	414
2025-03-20 02:05:00	1.0908	1.09122	1.0908	1.0911	575
2025-03-20 02:10:00	1.0911	1.09167	1.09079	1.09167	854
2025-03-20 02:15:00	1.09168	1.09168	1.09121	1.09138	522
2025-03-20 02:20:00	1.0914	1.09165	1.0914	1.09145	335
2025-03-20 02:25:00	1.09145	1.09165	1.09144	1.09152	252
2025-03-20 02:30:00	1.09152	1.09171	1.0915	1.0916	350
2025-03-20 02:35:00	1.0916	1.0916	1.09113	1.09117	264
2025-03-20 02:40:00	1.09118	1.0913	1.09108	1.09126	324
2025-03-20 02:45:00	1.09128	1.09143	1.09099	1.09099	258
2025-03-20 02:50:00	1.09101	1.0911	1.0909	1.09109	297
2025-03-20 02:55:00	1.0911	1.09111	1.09087	1.0909	342
2025-03-20 03:00:00	1.09089	1.09095	1.09069	1.09089	325
2025-03-20 03:05:00	1.09088	1.09091	1.09079	1.09086	143
2025-03-20 03:10:00	1.09087	1.09102	1.09087	1.09097	369
2025-03-20 03:15:00	1.09098	1.09111	1.09096	1.09101	341
2025-03-20 03:20:00	1.09102	1.09107	1.09091	1.09103	139
2025-03-20 03:25:00	1.09101	1.09115	1091	1.09112	132
2025-03-20 03:30:00	1.0911	1.0914	1.09106	1.09137	286
2025-03-20 03:35:00	1.09137	1.09138	1.09094	1.09098	494
2025-03-20 03:40:00	1091	1.09119	1.09098	1.09119	172
2025-03-20 03:45:00	1.09119	1.09119	1.09074	1.09079	678
2025-03-20 03:50:00	1.0908	1.09096	1.09074	1.09096	349
2025-03-20 03:55:00	1.09095	1.09096	1.09084	1.09096	232
2025-03-20 04:00:00	1.09095	1.09104	1.0908	1.09097	216
2025-03-20 04:05:00	1.09094	1.09102	1.0908	1.09097	236
2025-03-20 04:10:00	1.09094	1.09099	1.09075	1.09083	150
2025-03-20 04:15:00	1.09083	1.09083	1.09066	1.09079	265
2025-03-20 04:20:00	1.0908	1.0908	1.09068	1.09077	95
2025-03-20 04:25:00	1.0908	1.09088	1.09077	1.09085	482
2025-03-20 04:30:00	1.09087	1.09087	1.09065	1.09075	649
2025-03-20 04:35:00	1.09073	1.09073	1.09035	1.09039	917
2025-03-20 04:40:00	1.09039	1.09045	1.09027	1.09043	353
2025-03-20 04:45:00	1.09045	1.09058	1.09037	1.09041	216
2025-03-20 04:50:00	1.0904	1.09048	1.09003	1.09011	330
2025-03-20 04:55:00	1.09012	1.09032	1.09012	1.09031	145
2025-03-20 05:00:00	1.09032	1.09032	1.08969	1.08969	349
2025-03-20 05:05:00	1.08969	1.08974	1.08949	1.08951	380
2025-03-20 05:10:00	1.0895	1.08958	1.08948	1.08955	149
2025-03-20 05:15:00	1.08954	1.08961	1.08942	1.08956	174
2025-03-20 05:20:00	1.08956	1.08962	1.08942	1.0895	185
2025-03-20 05:25:00	1.08949	1.08951	1.0894	1.08945	194
2025-03-20 05:30:00	1.08945	1.0895	1.08933	1.08933	61
2025-03-20 05:35:00	1.08934	1.08936	1.08906	1.08908	180
2025-03-20 05:40:00	1.0891	1.08948	1.08908	1.08944	225
2025-03-20 05:45:00	1.08945	1.0895	1.08929	1.08939	296
2025-03-20 05:50:00	1.08939	1.08939	1.08915	1.0893	242
2025-03-20 05:55:00	1.0893	1.0896	1.0893	1.08953	288
2025-03-20 06:00:00	1.08953	1.08964	1.08943	1.08951	514
2025-03-20 06:05:00	1.08951	1.08985	1.0895	1.08976	345
2025-03-20 06:10:00	1.08974	1.08988	1.08971	1.08979	393
2025-03-20 06:15:00	1.08979	1.08987	1.08927	1.08938	552
2025-03-20 06:20:00	1.08937	1.08959	1.08929	1.08937	252
2025-03-20 06:25:00	1.08939	1.08941	1.08923	1.08934	171
2025-03-20 06:30:00	1.08936	1.08972	1.08919	1.08941	878
2025-03-20 06:35:00	1.08941	1.08941	1.08898	1.08905	372
2025-03-20 06:40:00	1.08904	1.08968	1.08904	1.08968	268
2025-03-20 06:45:00	1.0897	1.08973	1.08918	1.08926	740
2025-03-20 06:50:00	1.08927	1.08944	1.08895	1.08895	533
2025-03-20 06:55:00	1.08896	1.08941	1.08895	1.08933	667
2025-03-20 07:00:00	1.08932	1.08936	1.08905	1.08908	1526
2025-03-20 07:05:00	1.08909	1.08929	1.08884	1.08921	1061
2025-03-20 07:10:00	1.08923	1.08941	1.08905	1.0891	730
2025-03-20 07:15:00	1.08912	1.08916	1.0886	1.08864	1102
2025-03-20 07:20:00	1.08863	1.08881	1.08834	1.08871	1118
2025-03-20 07:25:00	1.0887	1.0888	1088	1.08806	874
2025-03-20 07:30:00	1.08805	1.08823	1.08789	1.08791	575
2025-03-20 07:35:00	1.0879	1.08795	1.08659	1.08666	806
2025-03-20 07:40:00	1.08664	1.0871	1.08647	1.08675	522
2025-03-20 07:45:00	1.08675	1.08719	1.08658	1.08716	323
2025-03-20 07:50:00	1.08717	1.08761	1.08715	1.08757	450
2025-03-20 07:55:00	1.08759	1.08796	1.08754	1.08791	674
2025-03-20 08:00:00	1.08795	1.08857	1.0879	1.08828	948
2025-03-20 08:05:00	1.08829	1.08839	1.08799	1.08823	511
2025-03-20 08:10:00	1.08823	1.08836	1.08745	1.08758	763
2025-03-20 08:15:00	1.08757	1.08764	1.08724	1.08749	539
2025-03-20 08:20:00	1.08751	1.08758	1.08715	1.08716	965
2025-03-20 08:25:00	1.08717	1.08717	1.08658	1.08679	737
2025-03-20 08:30:00	1.08669	1.08764	1.08639	1.08726	1402
2025-03-20 08:35:00	1.08728	1.08761	1.08701	1.08751	1130
2025-03-20 08:40:00	1.0875	1.08753	1.08638	1.08646	1021
2025-03-20 08:45:00	1.08646	1.08683	1.08629	1.08675	1401
2025-03-20 08:50:00	1.08675	1.08694	1.0863	1.0869	979
2025-03-20 08:55:00	1.08688	1.08695	1.08644	1.08652	639
2025-03-20 09:00:00	1.08651	1.08655	1.0861	1.08637	1338
2025-03-20 09:05:00	1.08631	1.08684	1.08629	1.08666	1064
2025-03-20 09:10:00	1.08664	1.08672	1.08572	1.0859	668
2025-03-20 09:15:00	1.0859	1.08628	1.0852	1.08541	1235
2025-03-20 09:20:00	1.08542	1.08557	1.08447	1.08454	1285
2025-03-20 09:25:00	1.08455	1.08462	1.08381	1.08406	2014
2025-03-20 09:30:00	1.08404	1.08474	1.08401	1.08432	907
2025-03-20 09:35:00	1.08432	1.08512	1.0842	1.0851	890
2025-03-20 09:40:00	1.08511	1.08539	1.08477	1.08495	1980
2025-03-20 09:45:00	1.08496	1.08519	1.08464	1.08511	842
2025-03-20 09:50:00	1.08512	1.08541	1.08483	1.08508	583
2025-03-20 09:55:00	1.0851	1.08543	1.0847	1.08519	826
2025-03-20 10:00:00	1.08524	1.08545	1.08494	1.08496	1580
2025-03-20 10:05:00	1.08498	1.08529	1.08476	1.08478	784
2025-03-20 10:10:00	1.08477	1.08478	1084	1.08416	679
2025-03-20 10:15:00	1.08414	1.08437	1.08334	1.08354	1179
2025-03-20 10:20:00	1.08351	1.08402	1.08332	1.08395	3838
2025-03-20 10:25:00	1.08393	1.08441	1.08382	1.08433	4537
2025-03-20 10:30:00	1.08432	1.0846	1.08354	1.08357	2899
2025-03-20 10:35:00	1.08361	1.08449	1.08361	1.08449	598
2025-03-20 10:40:00	1.08449	1.08491	1.08441	1.08489	691
2025-03-20 10:45:00	1.08492	1.08522	1.08467	1.08503	590
2025-03-20 10:50:00	1.08505	1.08508	1.08452	1.08467	489
2025-03-20 10:55:00	1.08465	1.08494	1.08423	1.08456	749
2025-03-20 11:00:00	1.08455	1.08483	1.08447	1.08451	468
2025-03-20 11:05:00	1.08451	1.08471	1.08418	1.08421	382
2025-03-20 11:10:00	1.08427	1.08437	1.08393	1.08406	531
2025-03-20 11:15:00	1.08408	1.08451	1.08393	1.0845	421
2025-03-20 11:20:00	1.08455	1.08465	1.08392	1.08433	419
2025-03-20 11:25:00	1.08429	1.08449	1.08418	1.08422	393
2025-03-20 11:30:00	1.08421	1.08458	1.08414	1.08443	647
2025-03-20 11:35:00	1.0844	1.08466	1.08406	1.08464	468
2025-03-20 11:40:00	1.08466	1.08482	1.08408	1.08419	551
2025-03-20 11:45:00	1.08417	1.08489	1.08417	1.08487	372
2025-03-20 11:50:00	1.08486	1.08517	1.08476	1.08477	521
2025-03-20 11:55:00	1.08479	1.08505	1.08456	1.08493	368
2025-03-20 12:00:00	1.08494	1.08548	1.0849	1.08528	900
2025-03-20 12:05:00	1.08529	1.08547	1.08493	1.08526	557
2025-03-20 12:10:00	1.08525	1.08559	1.08493	1.08501	515
2025-03-20 12:15:00	1.08502	1.08518	1.08482	1.08512	597
2025-03-20 12:20:00	1.08511	1.08516	1.0846	1.08464	543
2025-03-20 12:25:00	1.08464	1.08465	1.08396	1.08408	584
2025-03-20 12:30:00	1.08407	1.08419	1.08352	1.08356	1085
2025-03-20 12:35:00	1.08361	1.08412	1.08331	1.08398	662
2025-03-20 12:40:00	1.08399	1.08443	1.08376	1.08397	1769
2025-03-20 12:45:00	1.08396	1.08417	1.08379	1.08402	997
2025-03-20 12:50:00	1.08402	1.08436	1.08359	1.08376	769
2025-03-20 12:55:00	1.08376	1.08376	1.08307	1.08336	1272
2025-03-20 13:00:00	1.08335	1.08367	1.0832	1.08363	979
2025-03-20 13:05:00	1.08366	1.0839	1.08318	1.0832	896
2025-03-20 13:10:00	1.08321	1.08362	1.08321	1.08352	778
2025-03-20 13:15:00	1.08353	1.08358	1.08309	1.08312	823
2025-03-20 13:20:00	1.08313	1.08313	1.08251	1.0829	1038
2025-03-20 13:25:00	1.08292	1.08304	1.08216	1.08223	924
2025-03-20 13:30:00	1.08224	1.08251	1.08145	1.08182	1589
2025-03-20 13:35:00	1.08183	1.08271	1.08179	1.08233	1063
2025-03-20 13:40:00	1.08234	1.08243	1.08203	1.08216	928
2025-03-20 13:45:00	1.08215	1.08252	1.08208	1.08208	790
2025-03-20 13:50:00	1.0821	1.08216	1.08186	1.08192	846
2025-03-20 13:55:00	1.08193	1.08258	1.08165	1.08251	1053
2025-03-20 14:00:00	1.0825	1.08351	1.08239	1.08342	875
2025-03-20 14:05:00	1.08342	1.08385	1.08299	1.08376	1114
2025-03-20 14:10:00	1.08375	1.08378	1.08322	1.08354	995
2025-03-20 14:15:00	1.08353	1.08376	1.08333	1.08344	711
2025-03-20 14:20:00	1.08341	1.0836	1.08292	1.08298	1101
2025-03-20 14:25:00	1.08296	1.08318	1.08259	1.0827	1034
2025-03-20 14:30:00	1.08271	1.08301	1.0825	1.08264	1055
2025-03-20 14:35:00	1.08263	1.08292	1.08249	1.08254	821
2025-03-20 14:40:00	1.08254	1.08282	1.0824	1.08262	723
2025-03-20 14:45:00	1.08263	1.08272	1.08224	1.08233	614
2025-03-20 14:50:00	1.08234	1.08263	1.08232	1.08257	581
2025-03-20 14:55:00	1.08257	1.08303	1.08257	1.08292	1078
2025-03-20 15:00:00	1.08292	1.08315	1.08267	1.08282	1329
2025-03-20 15:05:00	1.08284	1.08293	1.08237	1.08253	925
2025-03-20 15:10:00	1.08254	1.08309	1.08231	1.08308	489
2025-03-20 15:15:00	1.08307	1.08342	1.08285	1.08342	845
2025-03-20 15:20:00	1.08341	1.08417	1.08336	1.08413	1239
2025-03-20 15:25:00	1.08414	1.08454	1.08407	1.08438	1958
2025-03-20 15:30:00	1.08437	1.08438	1.08361	1.08377	895
2025-03-20 15:35:00	1.08377	1.08393	1.0835	1.08376	853
2025-03-20 15:40:00	1.08376	1.08402	1.08366	1.0837	1555
2025-03-20 15:45:00	1.0837	1.08411	1.08361	1.08401	1347
2025-03-20 15:50:00	1.08401	1.08492	1.08396	1.0848	1351
2025-03-20 15:55:00	1.08478	1.08489	1.08453	1.08472	1231
2025-03-20 16:00:00	1.0847	1.08488	1.08432	1.08444	1120
2025-03-20 16:05:00	1.08445	1.08451	1.0842	1.08428	612
2025-03-20 16:10:00	1.08429	1.08495	1.08424	1.08481	725
2025-03-20 16:15:00	1.08483	1.08494	1.08473	1.08482	710
2025-03-20 16:20:00	1.0848	1.08515	1.08469	1.08503	713
2025-03-20 16:25:00	1.08503	1.08514	1.0848	1.08481	591
2025-03-20 16:30:00	1.08482	1.08501	1.08462	1.08475	559
2025-03-20 16:35:00	1.08475	1.08476	1.08443	1.08467	466
2025-03-20 16:40:00	1.08468	1.08504	1.08467	1.08501	338
2025-03-20 16:45:00	1.08501	1.0852	1.08475	1.0848	377
2025-03-20 16:50:00	1.0848	1.08513	1.08479	1.08501	438
2025-03-20 16:55:00	1.08501	1.08507	1.08474	1.08486	376
2025-03-20 17:00:00	1.08483	1.08517	1.08476	1.08505	575
2025-03-20 17:05:00	1.08507	1.08511	1.08451	1.08455	399
2025-03-20 17:10:00	1.08455	1.08462	1.08414	1.08415	590
2025-03-20 17:15:00	1.08417	1.08419	1.08389	1.08405	515
2025-03-20 17:20:00	1.08411	1.08436	1.08402	1.08432	518
2025-03-20 17:25:00	1.08433	1.08441	1.08421	1.08438	449
2025-03-20 17:30:00	1.08437	1.08443	1.08405	1.08418	418
2025-03-20 17:35:00	1.08417	1.08418	1.08402	1.08412	486
2025-03-20 17:40:00	1.08412	1.08432	1.08409	1.0843	531
2025-03-20 17:45:00	1.08432	1.0844	1084	1.0841	519
2025-03-20 17:50:00	1.08415	1.08451	1.08415	1.08441	520
2025-03-20 17:55:00	1.08439	1.08452	1.08433	1.08444	233
2025-03-20 18:00:00	1.08444	1.08453	1.08424	1.08429	335
2025-03-20 18:05:00	1.08431	1.08444	1.08417	1.08443	204
2025-03-20 18:10:00	1.08445	1.08469	1.08439	1.08464	480
2025-03-20 18:15:00	1.08469	1.08479	1.0846	1.08471	1059
2025-03-20 18:20:00	1.0847	1.08488	1.08467	1.08485	611
2025-03-20 18:25:00	1.08485	1.08489	1.0846	1.08479	343
2025-03-20 18:30:00	1.08479	1.08479	1.08454	1.08459	441
2025-03-20 18:35:00	1.08461	1.08466	1.08443	1.08443	227
2025-03-20 18:40:00	1.08443	1.08466	1.08442	1.08466	253
2025-03-20 18:45:00	1.08465	1.08486	1.0845	1.08455	273
2025-03-20 18:50:00	1.08453	1.08473	1.08446	1.0847	283
2025-03-20 18:55:00	1.0847	1.08495	1.0847	1.08483	268
2025-03-20 19:00:00	1.08481	1.08492	1.08472	1.08489	185
2025-03-20 19:05:00	1.08492	1.08501	1.0847	1.08477	234
2025-03-20 19:10:00	1.08476	1085	1.08474	1085	222
2025-03-20 19:15:00	1.08504	1.08518	1.08495	1.08516	289
2025-03-20 19:20:00	1.08516	1.0854	1.08515	1.08526	291
2025-03-20 19:25:00	1.08526	1.08535	1.08522	1.08531	261
2025-03-20 19:30:00	1.08528	1.0853	1.08498	1.08519	272
2025-03-20 19:35:00	1.08517	1.08529	1.08513	1.08521	258
2025-03-20 19:40:00	1.08523	1.08537	1.08517	1.08529	182
2025-03-20 19:45:00	1.08529	1.0853	1.0851	1.08517	279
2025-03-20 19:50:00	1.08517	1.08525	1.08509	1.08518	318
2025-03-20 19:55:00	1.0852	1.08541	1.0852	1.08529	672
2025-03-20 20:00:00	1.08529	1.08536	1.08515	1.08521	226
2025-03-20 20:05:00	1.08523	1.08538	1.08523	1.08536	106
2025-03-20 20:10:00	1.08534	1.08544	1.08531	1.0854	135
2025-03-20 20:15:00	1.08541	1.08545	1.08534	1.0854	72
2025-03-20 20:20:00	1.0854	1.08561	1.0854	1.0856	51
2025-03-20 20:25:00	1.08559	1.08577	1.08559	1.08577	82
2025-03-20 20:30:00	1.08577	1.08589	1.08574	1.08587	195
2025-03-20 20:35:00	1.08586	1.08586	1.08566	1.08568	101
2025-03-20 20:40:00	1.08567	1.08577	1.0856	1.08561	126
2025-03-20 20:45:00	1.08561	1.08562	1.08523	1.08524	310
2025-03-20 20:50:00	1.08527	1.08535	1.08526	1.0853	123
2025-03-20 20:55:00	1.08528	1.08538	1.08493	1.08501	590
2025-03-20 21:00:00	1.08494	1.08494	1084	1.08474	47
2025-03-20 21:05:00	1.08482	1.08529	1.08482	1.08515	98
2025-03-20 21:10:00	1.0852	1.08538	1.08514	1.08537	209
2025-03-20 21:15:00	1.08535	1.08541	1.08532	1.08536	152
2025-03-20 21:20:00	1.08539	1.08539	1.08524	1.08526	68
2025-03-20 21:25:00	1.08525	1.08546	1.08523	1.08546	142
2025-03-20 21:30:00	1.08534	1.08541	1.08534	1.08539	180
2025-03-20 21:35:00	1.08537	1.08537	1.08533	1.08533	50
2025-03-20 21:40:00	1.08533	1.08538	1.08532	1.08535	130
2025-03-20 21:45:00	1.08536	1.08539	1.08535	1.08537	153
2025-03-20 21:50:00	1.08532	1.08539	1.08532	1.08537	97
2025-03-20 21:55:00	1.08536	1.08539	1.0853	1.08539	228
2025-03-20 22:00:00	1.08545	1.08553	1.08537	1.08541	630
2025-03-20 22:05:00	1.08539	1.08559	1.08533	1.08538	648
2025-03-20 22:10:00	1.08538	1.08549	1.08529	1.08547	221
2025-03-20 22:15:00	1.08548	1.08557	1.08547	1.08555	53
2025-03-20 22:20:00	1.08555	1.08564	1.0855	1.08564	58
2025-03-20 22:25:00	1.08564	1.08585	1.08564	1.08581	78
2025-03-20 22:30:00	1.08583	1.08584	1.08571	1.08571	109
2025-03-20 22:35:00	1.08568	1.0858	1.08568	1.08574	137
2025-03-20 22:40:00	1.08572	1.08578	1.08571	1.08573	66
2025-03-20 22:45:00	1.08574	1.08581	1.08571	1.08579	78
2025-03-20 22:50:00	1.08579	1.08579	1.08573	1.08576	30
2025-03-20 22:55:00	1.08575	1.08577	1.08567	1.08568	394
2025-03-20 23:00:00	1.08569	1.08574	1.08564	1.08572	117
2025-03-20 23:05:00	1.08573	1.08573	1.08563	1.08571	219
2025-03-20 23:10:00	1.08571	1.08574	1.08567	1.0857	62
2025-03-20 23:15:00	1.0857	1.08574	1.08561	1.08568	54
2025-03-20 23:20:00	1.08569	1.08574	1.08567	1.08574	47
2025-03-20 23:25:00	1.08572	1.08573	1.08568	1.08568	29
2025-03-20 23:30:00	1.08565	1.08574	1.0856	1.0856	63
2025-03-20 23:35:00	1.0856	1.0856	1.0855	1.0855	44
2025-03-20 23:40:00	1.08556	1.08566	1.08554	1.08562	42
2025-03-20 23:45:00	1.08564	1.0857	1.08562	1.08564	102
2025-03-20 23:50:00	1.08566	1.08573	1.08564	1.08571	104
2025-03-20 23:55:00	1.0857	1.08571	1.08531	1.08532	174
2025-03-21 00:00:00	1.08535	1.08569	1.08535	1.0856	225
2025-03-21 00:05:00	1.08559	1.08586	1.08555	1.08557	159
2025-03-21 00:10:00	1.08559	1.08561	1.08523	1.08532	807
2025-03-21 00:15:00	1.08534	1.08536	1.08519	1.08519	957
2025-03-21 00:20:00	1.08521	1.08537	1.08504	1.08531	568
2025-03-21 00:25:00	1.08532	1.08535	1.08524	1.0853	551
2025-03-21 00:30:00	1.0853	1.0855	1.08528	1.08546	314
2025-03-21 00:35:00	1.08545	1.08554	1.08534	1.08552	343
2025-03-21 00:40:00	1.08549	1.08557	1.08539	1.08547	216
2025-03-21 00:45:00	1.08547	1.08552	1.08526	1.08532	164
2025-03-21 00:50:00	1.08529	1.08546	1.08521	1.08521	435
2025-03-21 00:55:00	1.08522	1.08535	1.08522	1.08529	330
2025-03-21 01:00:00	1.08529	1.0853	1.08488	1085	660
2025-03-21 01:05:00	1.08501	1.08505	1.08483	1.08484	426
2025-03-21 01:10:00	1.08483	1.08518	1.08483	1.08512	395
2025-03-21 01:15:00	1.0851	1.08529	1.08507	1.08519	483
2025-03-21 01:20:00	1.08515	1.0855	1.0851	1.08545	500
2025-03-21 01:25:00	1.08546	1.08548	1.08513	1.08519	407
2025-03-21 01:30:00	1.08519	1.08545	1.08511	1.08543	521
2025-03-21 01:35:00	1.08543	1.08555	1.08541	1.08553	458
2025-03-21 01:40:00	1.08553	1.08554	1.08544	1.08547	414
2025-03-21 01:45:00	1.08548	1.08548	1.08498	1.08503	250
2025-03-21 01:50:00	1.08503	1.08527	1.08501	1.08527	479
2025-03-21 01:55:00	1.08526	1.08528	1.08506	1.08522	438
2025-03-21 02:00:00	1.08525	1.0853	1.08512	1.08519	352
2025-03-21 02:05:00	1.08521	1.08545	1.08519	1.08532	410
2025-03-21 02:10:00	1.08534	1.08549	1.08528	1.08541	221
2025-03-21 02:15:00	1.0854	1.0854	1.08506	1.08515	201
2025-03-21 02:20:00	1.08515	1.08516	1.08455	1.08455	333
2025-03-21 02:25:00	1.08454	1.08491	1.08444	1.0849	340
2025-03-21 02:30:00	1.08489	1.08491	1.08455	1.08455	260
2025-03-21 02:35:00	1.08455	1.08467	1.08452	1.08461	139
2025-03-21 02:40:00	1.08459	1.08463	1.08446	1.08447	195
2025-03-21 02:45:00	1.08448	1.08456	1.08429	1.08455	390
2025-03-21 02:50:00	1.08454	1.08456	1.08424	1.08431	541
2025-03-21 02:55:00	1.08429	1.08447	1.08422	1.08441	2806
2025-03-21 03:00:00	1.08441	1.08446	1.08424	1.08441	2991
2025-03-21 03:05:00	1.08442	1.08453	1.08438	1.08448	732
2025-03-21 03:10:00	1.08448	1.08462	1.08445	1.08455	986
2025-03-21 03:15:00	1.08456	1.08456	1.08438	1.08441	726
2025-03-21 03:20:00	1.08442	1.08442	1.08411	1.08415	642
2025-03-21 03:25:00	1.08414	1.08415	1.08394	1.08397	1388
2025-03-21 03:30:00	1.08396	1.08401	1.0837	1.08372	1326
2025-03-21 03:35:00	1.0837	1.08374	1.0835	1.0837	687
2025-03-21 03:40:00	1.0837	1.0838	1.08355	1.08357	389
2025-03-21 03:45:00	1.08355	1.08356	1.08349	1.08354	409
2025-03-21 03:50:00	1.08354	1.08369	1.08351	1.08356	333
2025-03-21 03:55:00	1.08357	1.08359	1.08331	1.08345	310
2025-03-21 04:00:00	1.08345	1.08361	1.08333	1.08347	237
2025-03-21 04:05:00	1.08346	1.08364	1.08344	1.08355	330
2025-03-21 04:10:00	1.08356	1.08356	1.08326	1.08329	251
2025-03-21 04:15:00	1.08331	1.08331	1.08304	1.08315	286
2025-03-21 04:20:00	1.08315	1.0832	1083	1083	344
2025-03-21 04:25:00	1083	1.08311	1.08298	1.08305	526
2025-03-21 04:30:00	1.08309	1.08324	1083	1.08323	267
2025-03-21 04:35:00	1.08324	1.08339	1.08311	1.08315	780
2025-03-21 04:40:00	1.08315	1.08318	1.08292	1.08293	680
2025-03-21 04:45:00	1.08294	1.08302	1.08276	1.08281	1934
2025-03-21 04:50:00	1.08279	1.08303	1.08274	1.08296	293
2025-03-21 04:55:00	1.08298	1.08308	1.08286	1.08301	399
2025-03-21 05:00:00	1083	1083	1.08276	1.08293	377
2025-03-21 05:05:00	1.08291	1.08295	1.08274	1.08278	229
2025-03-21 05:10:00	1.08278	1.08292	1.08273	1.08276	223
2025-03-21 05:15:00	1.08276	1.08301	1.0827	1.08291	185
2025-03-21 05:20:00	1.08291	1.08291	1.08256	1.08258	400
2025-03-21 05:25:00	1.08257	1.08264	1.08247	1.08248	454
2025-03-21 05:30:00	1.08249	1.0826	1.0824	1.0824	325
2025-03-21 05:35:00	1.08244	1.08244	1.08214	1.08217	375
2025-03-21 05:40:00	1.08218	1.0822	1.08198	1082	385
2025-03-21 05:45:00	1082	1.08221	1.08197	1.08218	451
2025-03-21 05:50:00	1.08216	1.08249	1.08215	1.08248	474
2025-03-21 05:55:00	1.0825	1.08297	1.0825	1.08284	789
2025-03-21 06:00:00	1.08284	1.08289	1.08247	1.08287	593
2025-03-21 06:05:00	1.08286	1.08294	1.08255	1.08261	435
2025-03-21 06:10:00	1.08265	1.08265	1.08248	1.08252	254
2025-03-21 06:15:00	1.08255	1.08276	1.0824	1.08266	331
2025-03-21 06:20:00	1.08265	1.08305	1.08254	1.08305	400
2025-03-21 06:25:00	1.08305	1.08305	1.0828	1.08294	333
2025-03-21 06:30:00	1.08296	1.08335	1.08295	1.08332	435
2025-03-21 06:35:00	1.08334	1.08373	1.08333	1.08357	632
2025-03-21 06:40:00	1.08357	1.08371	1.08355	1.0837	341
2025-03-21 06:45:00	1.08369	1.08369	1.08327	1.08333	250
2025-03-21 06:50:00	1.08333	1.08333	1.08289	1.0829	378
2025-03-21 06:55:00	1.08291	1.08344	1.08291	1.0834	515
2025-03-21 07:00:00	1.08338	1.08348	1.0827	1.08282	623
2025-03-21 07:05:00	1.08282	1.08311	1.08276	1.08306	425
2025-03-21 07:10:00	1.08305	1.08373	1.08303	1.08368	529
2025-03-21 07:15:00	1.08369	1.08377	1.08336	1.08346	501
2025-03-21 07:20:00	1.08345	1.08345	1.08316	1.08332	393
2025-03-21 07:25:00	1.08332	1.08359	1.08317	1.08358	436
2025-03-21 07:30:00	1.08357	1.08374	1.08338	1.0837	563
2025-03-21 07:35:00	1.08371	1.08416	1.08371	1.08396	879
2025-03-21 07:40:00	1.08393	1.08393	1.08336	1.08371	517
2025-03-21 07:45:00	1.08369	1.08405	1.08349	1.0836	464
2025-03-21 07:50:00	1.08358	1.08406	1.08351	1.08387	604
2025-03-21 07:55:00	1.08387	1.08397	1.08334	1.08386	1591
2025-03-21 08:00:00	1.08386	1.08453	1.08371	1.08392	1138
2025-03-21 08:05:00	1.0839	1.08399	1.08305	1.08312	1530
2025-03-21 08:10:00	1.08311	1.08326	1.0828	1.08318	1369
2025-03-21 08:15:00	1.08318	1.08343	1.08277	1.08279	594
2025-03-21 08:20:00	1.08282	1.08303	1.08244	1.0825	660
2025-03-21 08:25:00	1.0825	1.0828	1.08239	1.08274	735
2025-03-21 08:30:00	1.08274	1.08282	1.08241	1.08247	627
2025-03-21 08:35:00	1.08249	1.08276	1.08239	1.08273	418
2025-03-21 08:40:00	1.08274	1.08282	1.08249	1.08269	466
2025-03-21 08:45:00	1.08268	1.08325	1.08262	1.08323	580
2025-03-21 08:50:00	1.08327	1.08355	1.08327	1.08344	617
2025-03-21 08:55:00	1.08344	1.08369	1.08331	1.08358	690
2025-03-21 09:00:00	1.08357	1.08373	1.0833	1.08346	498
2025-03-21 09:05:00	1.08345	1.0835	1.08331	1.08345	463
2025-03-21 09:10:00	1.08346	1.08368	1.08332	1.08366	527
2025-03-21 09:15:00	1.08366	1.08366	1.08323	1.08347	624
2025-03-21 09:20:00	1.08348	1.08366	1.08343	1.08355	404
2025-03-21 09:25:00	1.08355	1.08387	1.0835	1.08359	744
2025-03-21 09:30:00	1.08359	1.08363	1.08305	1.08317	568
2025-03-21 09:35:00	1.0832	1.08322	1.08282	1.08287	426
2025-03-21 09:40:00	1.08286	1.0829	1.08267	1.08271	493
2025-03-21 09:45:00	1.08269	1.08297	1.08269	1.08289	367
2025-03-21 09:50:00	1.08289	1.08295	1.0826	1.08277	612
2025-03-21 09:55:00	1.08278	1.08278	1.08246	1.08255	458
2025-03-21 10:00:00	1.08258	1.08332	1.08257	1.08324	694
2025-03-21 10:05:00	1.08322	1.08387	1.08313	1.08349	676
2025-03-21 10:10:00	1.08349	1.08368	1.0831	1.08364	503
2025-03-21 10:15:00	1.08361	1.08369	1.0835	1.08362	436
2025-03-21 10:20:00	1.08362	1.0838	1.08324	1.08325	622
2025-03-21 10:25:00	1.08324	1.08324	1.08277	1.08281	821
2025-03-21 10:30:00	1.08281	1.08291	1.08268	1.08272	397
2025-03-21 10:35:00	1.08272	1.08298	1.08259	1.0826	582
2025-03-21 10:40:00	1.08265	1.08286	1.0826	1.08286	611
2025-03-21 10:45:00	1.08285	1.08341	1.08283	1.08328	640
2025-03-21 10:50:00	1.0833	1.08348	1.08319	1.08324	488
2025-03-21 10:55:00	1.08323	1.0837	1.08309	1.08368	585
2025-03-21 11:00:00	1.08367	1.08404	1.08362	1.08362	662
2025-03-21 11:05:00	1.08362	1.08393	1.0835	1.08389	621
2025-03-21 11:10:00	1.08389	1.08424	1.08366	1.08421	443
2025-03-21 11:15:00	1.08421	1.08438	1.08374	1.08377	476
2025-03-21 11:20:00	1.08378	1.08413	1.08376	1.08383	552
2025-03-21 11:25:00	1.08381	1.08428	1.08379	1.08397	393
2025-03-21 11:30:00	1.08395	1.08418	1.08374	1.08413	412
2025-03-21 11:35:00	1.08412	1.08417	1.08378	1.08387	559
2025-03-21 11:40:00	1.08386	1.08443	1.08378	1.08442	380
2025-03-21 11:45:00	1.08442	1.08457	1.08428	1.08457	306
2025-03-21 11:50:00	1.08461	1.08487	1.08431	1.08469	464
2025-03-21 11:55:00	1.08467	1.08512	1.08467	1.08506	772
2025-03-21 12:00:00	1.08505	1.08589	1.08493	1.08556	1096
2025-03-21 12:05:00	1.08556	1.08611	1.08551	1.08567	1071
2025-03-21 12:10:00	1.08569	1.08591	1.0854	1.08548	1445
2025-03-21 12:15:00	1.08546	1.08551	1.08501	1.08505	1497
2025-03-21 12:20:00	1.08505	1.08518	1.08474	1.08493	1389
2025-03-21 12:25:00	1.08493	1.08498	1.08431	1.08433	1410
2025-03-21 12:30:00	1.08433	1.08454	1084	1.08449	1570
2025-03-21 12:35:00	1.08453	1.0847	1.08376	1.0838	1413
2025-03-21 12:40:00	1.08381	1.08466	1.08368	1.08394	1228
2025-03-21 12:45:00	1.08395	1.08401	1.08349	1.08387	948
2025-03-21 12:50:00	1.08385	1.08394	1.08316	1.08324	1096
2025-03-21 12:55:00	1.08324	1.08343	1.08295	1.08321	1076
2025-03-21 13:00:00	1.08319	1.08321	1.08261	1.08296	866
2025-03-21 13:05:00	1.08296	1.08336	1.08266	1.08267	707
2025-03-21 13:10:00	1.08267	1.08342	1.08267	1.08307	763
2025-03-21 13:15:00	1.08309	1.08347	1.08304	1.08326	604
2025-03-21 13:20:00	1.08326	1.08335	1.08273	1.08288	635
2025-03-21 13:25:00	1.08288	1.08324	1.08268	1.08316	591
2025-03-21 13:30:00	1.08318	1.08333	1.08293	1.08327	842
2025-03-21 13:35:00	1.08328	1.08342	1.08291	1.08324	958
2025-03-21 13:40:00	1.08323	1.08346	1.08317	1.08335	534
2025-03-21 13:45:00	1.08334	1.08359	1.08273	1.08281	811
2025-03-21 13:50:00	1.08281	1.08292	1.08261	1.08265	747
2025-03-21 13:55:00	1.08267	1.08321	1.0825	1.08319	850
2025-03-21 14:00:00	1.0832	1.08342	1.08272	1.08311	753
2025-03-21 14:05:00	1.08312	1.08314	1.08272	1.08291	727
2025-03-21 14:10:00	1.0829	1.08355	1.08289	1.08307	1010
2025-03-21 14:15:00	1.08307	1.08318	1.08252	1.08313	933
2025-03-21 14:20:00	1.08313	1.08332	1.08281	1.08309	978
2025-03-21 14:25:00	1.08307	1.08316	1.08251	1.08252	828
2025-03-21 14:30:00	1.08251	1.0826	1.08187	1.08198	1230
2025-03-21 14:35:00	1.08197	1.08246	1.08186	1.08236	593
2025-03-21 14:40:00	1.08236	1.08297	1.08221	1.08291	640
2025-03-21 14:45:00	1.08293	1.08294	1.08248	1.08277	596
2025-03-21 14:50:00	1.08273	1.08288	1.08244	1.0825	574
2025-03-21 14:55:00	1.0825	1.08261	1.08224	1.08235	785
2025-03-21 15:00:00	1.08237	1.0829	1.08236	1.08256	834
2025-03-21 15:05:00	1.08257	1.08273	1.08242	1.08256	1018
2025-03-21 15:10:00	1.08255	1.08279	1.08232	1.08245	581
2025-03-21 15:15:00	1.08245	1.08247	1.08224	1.08247	483
2025-03-21 15:20:00	1.08248	1.08275	1.08248	1.0827	510
2025-03-21 15:25:00	1.08272	1.08285	1.08264	1.08264	498
2025-03-21 15:30:00	1.08267	1.08278	1.08243	1.08256	656
2025-03-21 15:35:00	1.08256	1.08277	1.08252	1.08259	1429
2025-03-21 15:40:00	1.08259	1.08266	1.08244	1.08255	557
2025-03-21 15:45:00	1.08255	1.08259	1.08164	1.08165	723
2025-03-21 15:50:00	1.08165	1.08165	1.0797	1.08032	3215
2025-03-21 15:55:00	1.08034	1.08151	1.08034	1.08062	2362
2025-03-21 16:00:00	1.0806	1.08137	1.08042	1.08117	1939
2025-03-21 16:05:00	1.08119	1.08128	1.0808	1.08089	1221
2025-03-21 16:10:00	1.08088	1.08128	1.08088	1.0811	949
2025-03-21 16:15:00	1.08112	1.08171	1.08107	1.08152	895
2025-03-21 16:20:00	1.08152	1.08193	1.08124	1.08174	901
2025-03-21 16:25:00	1.08174	1.08204	1.0815	1.08155	568
2025-03-21 16:30:00	1.08154	1.08234	1.08145	1.08232	775
2025-03-21 16:35:00	1.08231	1.08249	1.08192	1.08208	702
2025-03-21 16:40:00	1.08209	1.08215	1.08195	1.08212	650
2025-03-21 16:45:00	1.08212	1.08226	1.08202	1.08217	475
2025-03-21 16:50:00	1.0822	1.08228	1.08175	1.08193	482
2025-03-21 16:55:00	1.08195	1.08198	1.08163	1.08179	587
2025-03-21 17:00:00	1.0818	1.0818	1.08143	1.08153	771
2025-03-21 17:05:00	1.08156	1.08156	1.0805	1.08056	575
2025-03-21 17:10:00	1.08057	1.08111	1.08057	1.08103	531
2025-03-21 17:15:00	1.08104	1.08139	1.08093	1.08111	445
2025-03-21 17:20:00	1.08111	1.08133	1.0807	1.0809	454
2025-03-21 17:25:00	1.08092	1.0812	1.08091	1.08115	303
2025-03-21 17:30:00	1.08115	1.08161	1.0811	1.08159	582
2025-03-21 17:35:00	1.08158	1.08196	1.08148	1.08168	581
2025-03-21 17:40:00	1.08167	1.08228	1.0816	1.08219	598
2025-03-21 17:45:00	1.08219	1.08254	1.0821	1.08231	790
2025-03-21 17:50:00	1.08233	1.08249	1.08224	1.08247	321
2025-03-21 17:55:00	1.08247	1.08247	1.08213	1.08224	737
2025-03-21 18:00:00	1.08225	1.08237	1.08204	1.08212	513
2025-03-21 18:05:00	1.08211	1.08213	1.08146	1.0815	457
2025-03-21 18:10:00	1.0815	1.08174	1.0815	1.08159	336
2025-03-21 18:15:00	1.08159	1.08191	1.08154	1.08179	370
2025-03-21 18:20:00	1.08179	1.08188	1.08157	1.0816	326
2025-03-21 18:25:00	1.0816	1.08234	1.08159	1.08229	419
2025-03-21 18:30:00	1.08227	1.08237	1.08198	1.0823	472
2025-03-21 18:35:00	1.08228	1.08256	1.08226	1.0824	384
2025-03-21 18:40:00	1.08241	1.08264	1.08236	1.08249	353
2025-03-21 18:45:00	1.08248	1.08266	1.08244	1.08244	402
2025-03-21 18:50:00	1.08247	1.08249	1.08225	1.08235	306
2025-03-21 18:55:00	1.08233	1.08238	1.08196	1.08207	496
2025-03-21 19:00:00	1.08209	1.08235	1.08208	1.08235	404
2025-03-21 19:05:00	1.08235	1.08242	1.08224	1.08228	231
2025-03-21 19:10:00	1.08228	1.08235	1.08205	1.08208	335
2025-03-21 19:15:00	1.08208	1.08209	1.0817	1.08181	435
2025-03-21 19:20:00	1.08181	1.08192	1.08157	1.08161	315
2025-03-21 19:25:00	1.08161	1.08205	1.08155	1.08198	216
2025-03-21 19:30:00	1.08197	1.0823	1.08187	1.08206	299
2025-03-21 19:35:00	1.08203	1.08208	1.08173	1.08173	170
2025-03-21 19:40:00	1.08179	1.0818	1.08151	1.08161	605
2025-03-21 19:45:00	1.08159	1.08193	1.08157	1.0819	378
2025-03-21 19:50:00	1.08191	1.08195	1.0818	1.08181	283
2025-03-21 19:55:00	1.08184	1.08185	1.08168	1.08175	670
2025-03-21 20:00:00	1.08174	1.08174	1.08138	1.08148	524
2025-03-21 20:05:00	1.08148	1.0815	1.08135	1.08149	90
2025-03-21 20:10:00	1.0815	1.08169	1.08148	1.08165	69
2025-03-21 20:15:00	1.08166	1.08167	1.08153	1.08157	55
2025-03-21 20:20:00	1.08158	1.0816	1.08148	1.08154	60
2025-03-21 20:25:00	1.08156	1.08156	1.08145	1.08148	121
2025-03-21 20:30:00	1.08149	1.08152	1.08143	1.08143	63
2025-03-21 20:35:00	1.08143	1.08143	1.08115	1.08118	111
2025-03-21 20:40:00	1.08116	1.08144	1.08115	1.08144	213
2025-03-21 20:45:00	1.08145	1.08153	1.08122	1.08132	335
2025-03-21 20:50:00	1.08132	1.08136	1.08121	1.08128	628
2025-03-21 20:55:00	1.08129	1.08139	1.08117	1.08121	633
2025-03-23 21:00:00	1.0813	1.0813	1.08115	1.08115	18
2025-03-23 21:05:00	1.08126	1.08139	1.0812	1.08124	15
2025-03-23 21:10:00	1.0812	1.08125	1.08119	1.08125	11
2025-03-23 21:15:00	1.08128	1.08134	1.08121	1.08134	17
2025-03-23 21:20:00	1.08135	1.08141	1.08119	1.08129	16
2025-03-23 21:25:00	1.08131	1.0816	1.08131	1.0816	16
2025-03-23 21:30:00	1.08155	1.0816	1.08155	1.0816	11
2025-03-23 21:35:00	1.08159	1.08159	1.08159	1.08159	1
2025-03-23 21:40:00	1.08155	1.08158	1.0815	1.08152	11
2025-03-23 21:45:00	1.08153	1.08162	1.08153	1.08162	15
2025-03-23 21:50:00	1.08161	1.08162	1.08156	1.0816	7
2025-03-23 21:55:00	1.0816	1.08173	1.0816	1.0817	32
2025-03-23 22:00:00	1.08167	1.08296	1.08167	1.0821	693
2025-03-23 22:05:00	1.0821	1.08267	1.08201	1.08208	438
2025-03-23 22:10:00	1.08209	1.08213	1.0816	1.08175	375
2025-03-23 22:15:00	1.08175	1.08216	1.08172	1.0821	397
2025-03-23 22:20:00	1.08209	1.08216	1.08207	1.08213	193
2025-03-23 22:25:00	1.08212	1.08219	1.08184	1.08188	280
2025-03-23 22:30:00	1.08188	1.08196	1.08182	1.08188	330
2025-03-23 22:35:00	1.08189	1.08189	1.08173	1.08188	140
2025-03-23 22:40:00	1.08186	1.08215	1.08182	1.08199	196
2025-03-23 22:45:00	1.08197	1.08204	1.08175	1.08177	238
2025-03-23 22:50:00	1.08175	1.08186	1.08173	1.08181	72
2025-03-23 22:55:00	1.08184	1.08202	1.08184	1.08195	65
2025-03-23 23:00:00	1.08197	1.08213	1.08195	1.08202	222
2025-03-23 23:05:00	1.08205	1.08218	1.08186	1.08201	106
2025-03-23 23:10:00	1.08202	1.08242	1.08201	1.08241	108
2025-03-23 23:15:00	1.08239	1.08243	1.0822	1.08222	107
2025-03-23 23:20:00	1.08221	1.08232	1.08218	1.08231	83
2025-03-23 23:25:00	1.08231	1.08247	1.08229	1.0824	88
2025-03-23 23:30:00	1.0824	1.08257	1.08231	1.08249	133
2025-03-23 23:35:00	1.08249	1.08263	1.08248	1.08256	104
2025-03-23 23:40:00	1.08258	1.08291	1.08258	1.0829	124
2025-03-23 23:45:00	1.08289	1.08324	1.08281	1.08314	233
2025-03-23 23:50:00	1.08314	1.08358	1083	1.08352	405
2025-03-23 23:55:00	1.08352	1.08367	1.08347	1.08358	380
2025-03-24 00:00:00	1.08358	1.08367	1.08324	1.0836	813
2025-03-24 00:05:00	1.0836	1.08373	1.08355	1.08368	362
2025-03-24 00:10:00	1.08367	1.08387	1.08359	1.08386	369
2025-03-24 00:15:00	1.08386	1.08398	1.08381	1.08393	213
2025-03-24 00:20:00	1.08394	1.08397	1.08387	1.08389	131
2025-03-24 00:25:00	1.08391	1.08398	1.08381	1.08382	117
2025-03-24 00:30:00	1.08382	1.08383	1.08335	1.08352	931
2025-03-24 00:35:00	1.08352	1.0837	1.08349	1.08363	376
2025-03-24 00:40:00	1.08366	1.08369	1.08341	1.0835	473
2025-03-24 00:45:00	1.0835	1.08357	1.08347	1.08351	827
2025-03-24 00:50:00	1.08352	1.08361	1.08329	1.08349	962
2025-03-24 00:55:00	1.08351	1.08374	1.08333	1.0837	470
2025-03-24 01:00:00	1.0837	1.08374	1.08334	1.08352	585
2025-03-24 01:05:00	1.08353	1.08359	1.08324	1.08342	475
2025-03-24 01:10:00	1.08342	1.08349	1.08317	1.08348	967
2025-03-24 01:15:00	1.0835	1.0835	1.08303	1.08308	549
2025-03-24 01:20:00	1.08308	1.08308	1.08273	1.08278	736
2025-03-24 01:25:00	1.08277	1.08287	1.08252	1.08256	472
2025-03-24 01:30:00	1.08256	1.08286	1.08243	1.08281	1476
2025-03-24 01:35:00	1.08281	1.08283	1.08255	1.08266	883
2025-03-24 01:40:00	1.08268	1.08282	1.0824	1.08248	669
2025-03-24 01:45:00	1.08248	1.08256	1.08229	1.08239	350
2025-03-24 01:50:00	1.08239	1.08261	1.08226	1.08248	577
2025-03-24 01:55:00	1.08247	1.08264	1.08231	1.08259	479
2025-03-24 02:00:00	1.0826	1.08307	1.08258	1.08305	595
2025-03-24 02:05:00	1.08304	1.08313	1.08286	1.08313	341
2025-03-24 02:10:00	1.08314	1.08316	1.08283	1.08283	305
2025-03-24 02:15:00	1.0828	1.08289	1.08266	1.08268	347
2025-03-24 02:20:00	1.08269	1.08281	1.08266	1.08279	300
2025-03-24 02:25:00	1.08279	1.08319	1.08278	1.08318	571
2025-03-24 02:30:00	1.08316	1.08318	1.08294	1.08307	484
2025-03-24 02:35:00	1.08307	1.08313	1.08298	1.08298	419
2025-03-24 02:40:00	1.08298	1.08299	1.08279	1.0828	322
2025-03-24 02:45:00	1.08282	1.08282	1.08261	1.08266	401
2025-03-24 02:50:00	1.08269	1.08275	1.08255	1.08261	375
2025-03-24 02:55:00	1.08261	1.08264	1.08243	1.08248	280
2025-03-24 03:00:00	1.08248	1.08292	1.08246	1.0829	577
2025-03-24 03:05:00	1.08289	1.0829	1.08268	1.08269	578
2025-03-24 03:10:00	1.08269	1.08284	1.08264	1.08275	207
2025-03-24 03:15:00	1.08279	1.0829	1.08275	1.08281	452
2025-03-24 03:20:00	1.0828	1.08287	1.08273	1.08286	633
2025-03-24 03:25:00	1.08285	1.08286	1.08273	1.08274	675
2025-03-24 03:30:00	1.08274	1.08275	1.08249	1.08261	681
2025-03-24 03:35:00	1.08259	1.08271	1.08256	1.08269	240
2025-03-24 03:40:00	1.08269	1.08269	1.08252	1.08256	233
2025-03-24 03:45:00	1.08254	1.08257	1.08236	1.08236	190
2025-03-24 03:50:00	1.08234	1.08239	1.08224	1.0823	318
2025-03-24 03:55:00	1.08228	1.08229	1.08199	1.08202	677
2025-03-24 04:00:00	1.08201	1.08219	1.0819	1.08207	460
2025-03-24 04:05:00	1.08205	1.08223	1.08205	1.08216	651
2025-03-24 04:10:00	1.08215	1.08215	1.08194	1.08195	367
2025-03-24 04:15:00	1.08195	1.08198	1.08176	1.08193	244
2025-03-24 04:20:00	1.08192	1.08195	1.08172	1.08172	314
2025-03-24 04:25:00	1.08172	1.08192	1.08169	1.08191	326
2025-03-24 04:30:00	1.08192	1.08224	1.0819	1.08201	364
2025-03-24 04:35:00	1.08204	1.0822	1082	1.08218	299
2025-03-24 04:40:00	1.0822	1.08233	1.08219	1.08231	123
2025-03-24 04:45:00	1.08231	1.08242	1.08222	1.08227	176
2025-03-24 04:50:00	1.08225	1.08225	1.08213	1.08214	113
2025-03-24 04:55:00	1.08213	1.08233	1.0821	1.08227	220
2025-03-24 05:00:00	1.08225	1.08225	1.08183	1.08184	453
2025-03-24 05:05:00	1.08188	1.08213	1.0818	1.08211	349
2025-03-24 05:10:00	1.08212	1.08224	1.08187	1.08204	415
2025-03-24 05:15:00	1.08202	1.08215	1.08192	1.08212	349
2025-03-24 05:20:00	1.08214	1.08224	1.08201	1.08222	313
2025-03-24 05:25:00	1.0822	1.08259	1.08216	1.08257	431
2025-03-24 05:30:00	1.08258	1.08271	1.08244	1.08271	382
2025-03-24 05:35:00	1.08272	1.08278	1.08258	1.08261	316
2025-03-24 05:40:00	1.08263	1.08274	1.08255	1.08263	322
2025-03-24 05:45:00	1.08261	1.08272	1.08252	1.08256	149
2025-03-24 05:50:00	1.08257	1.08259	1.08245	1.08247	255
2025-03-24 05:55:00	1.08246	1.08307	1.08243	1.08289	626
2025-03-24 06:00:00	1.0829	1.08319	1.08279	1.0831	555
2025-03-24 06:05:00	1.08311	1.08319	1.08305	1.08314	278
2025-03-24 06:10:00	1.08314	1.08332	1.08299	1.08332	315
2025-03-24 06:15:00	1.08332	1.08359	1.08332	1.08357	379
2025-03-24 06:20:00	1.08358	1.08391	1.08353	1.08383	395
2025-03-24 06:25:00	1.08384	1.08393	1.08362	1.08381	922
2025-03-24 06:30:00	1.08381	1.08391	1.08366	1.08382	398
2025-03-24 06:35:00	1.08384	1.08399	1.0837	1.08381	557
2025-03-24 06:40:00	1.08382	1.08444	1.0838	1.08431	791
2025-03-24 06:45:00	1.08432	1.08437	1.08408	1.08411	293
2025-03-24 06:50:00	1.08411	1.08433	1.08395	1.08427	396
2025-03-24 06:55:00	1.08423	1.08423	1.08393	1.08396	518
2025-03-24 07:00:00	1.08394	1.08406	1.08374	1.08405	530
2025-03-24 07:05:00	1.08405	1.0843	1.08391	1.08429	701
2025-03-24 07:10:00	1.08429	1.0847	1.08426	1.08464	549
2025-03-24 07:15:00	1.08464	1.08466	1.08428	1.08442	596
2025-03-24 07:20:00	1.08443	1.08472	1.08442	1.08464	650
2025-03-24 07:25:00	1.08465	1.08494	1.08459	1.08486	812
2025-03-24 07:30:00	1.08486	1.08499	1.08417	1.08419	956
2025-03-24 07:35:00	1.08422	1.08435	1.08347	1.08353	835
2025-03-24 07:40:00	1.08354	1.08402	1.08347	1.08385	526
2025-03-24 07:45:00	1.08383	1.08384	1.08357	1.08358	239
2025-03-24 07:50:00	1.08364	1.08383	1.08329	1.08378	808
2025-03-24 07:55:00	1.08378	1.08389	1.08342	1.08379	688
2025-03-24 08:00:00	1.08381	1.08439	1.08371	1.08372	1014
2025-03-24 08:05:00	1.08371	1.08413	1.08371	1.08387	1030
2025-03-24 08:10:00	1.08386	1.08421	1.08374	1.08392	826
2025-03-24 08:15:00	1.08399	1.08504	1.08399	1.08459	1335
2025-03-24 08:20:00	1.08459	1.08579	1.08457	1.08548	1188
2025-03-24 08:25:00	1.08548	1.08571	1.08538	1.08541	822
2025-03-24 08:30:00	1.08542	1.08542	1.08407	1.08434	1164
2025-03-24 08:35:00	1.08437	1.08442	1.08412	1.08423	756
2025-03-24 08:40:00	1.08424	1.08485	1.08417	1.0847	861
2025-03-24 08:45:00	1.08474	1.08505	1.08448	1.08448	889
2025-03-24 08:50:00	1.08446	1.08462	1.08401	1.08406	729
2025-03-24 08:55:00	1.08405	1.0844	1.08392	1.08427	549
2025-03-24 09:00:00	1.08432	1.0845	1.08362	1.08364	745
2025-03-24 09:05:00	1.08365	1.08372	1.08332	1.08354	1213
2025-03-24 09:10:00	1.08353	1.08391	1.08349	1.08361	533
2025-03-24 09:15:00	1.08359	1.0836	1.08287	1.08301	634
2025-03-24 09:20:00	1.08303	1.0836	1.08288	1.0836	548
2025-03-24 09:25:00	1.08358	1.08373	1.08332	1.08333	569
2025-03-24 09:30:00	1.08331	1.08356	1.08307	1.08312	1422
2025-03-24 09:35:00	1.08312	1.0834	1.08283	1.0833	757
2025-03-24 09:40:00	1.08329	1.0836	1.0832	1.08353	739
2025-03-24 09:45:00	1.08353	1.08382	1.08342	1.08376	624
2025-03-24 09:50:00	1.08375	1.0844	1.08371	1.08437	492
2025-03-24 09:55:00	1.08437	1.08443	1.08381	1.0839	653
2025-03-24 10:00:00	1.08394	1.08413	1.08364	1.08403	592
2025-03-24 10:05:00	1.08403	1.08429	1.08396	1.08407	497
2025-03-24 10:10:00	1.08407	1.08429	1.08395	1.08421	460
2025-03-24 10:15:00	1.0842	1.08479	1.08417	1.08479	430
2025-03-24 10:20:00	1.08479	1.08484	1.08444	1.08455	484
2025-03-24 10:25:00	1.08455	1.0852	1.08455	1.08519	806
2025-03-24 10:30:00	1.0852	1.0854	1.08498	1.08499	731
2025-03-24 10:35:00	1.08499	1.08547	1.08487	1.08504	624
2025-03-24 10:40:00	1.08505	1.0854	1.08491	1.08536	1476
2025-03-24 10:45:00	1.08535	1.08535	1.08459	1.08493	968
2025-03-24 10:50:00	1.08492	1.08507	1.08487	1.08495	330
2025-03-24 10:55:00	1.08496	1.08507	1.08466	1.08478	547
2025-03-24 11:00:00	1.08478	1.08487	1.08459	1.08468	602
2025-03-24 11:05:00	1.08468	1.08492	1.08452	1.08459	406
2025-03-24 11:10:00	1.08459	1.0849	1.08436	1.08473	593
2025-03-24 11:15:00	1.08472	1.08474	1.08446	1.08448	387
2025-03-24 11:20:00	1.08447	1.08492	1.08446	1.08457	531
2025-03-24 11:25:00	1.08458	1.08469	1.08444	1.08455	519
2025-03-24 11:30:00	1.08455	1.08465	1.08403	1.08413	696
2025-03-24 11:35:00	1.08414	1.08444	1.08407	1.08439	429
2025-03-24 11:40:00	1.0844	1.08446	1.08391	1.08393	503
2025-03-24 11:45:00	1.08392	1.08416	1.08388	1.08395	441
2025-03-24 11:50:00	1.08394	1.08404	1.0837	1.08374	516
2025-03-24 11:55:00	1.08374	1.08383	1.08321	1.08323	600
2025-03-24 12:00:00	1.08323	1.08344	1.08309	1.0831	645
2025-03-24 12:05:00	1.0831	1.0834	1.08281	1.08294	625
2025-03-24 12:10:00	1.08294	1.0831	1.08267	1.08288	652
2025-03-24 12:15:00	1.08288	1.08294	1.08224	1.08247	621
2025-03-24 12:20:00	1.08246	1.08278	1.0823	1.0823	477
2025-03-24 12:25:00	1.08229	1.08265	1.08215	1.08245	401
2025-03-24 12:30:00	1.08244	1.0828	1.08244	1.08272	499
2025-03-24 12:35:00	1.08273	1.08286	1.08223	1.08224	612
2025-03-24 12:40:00	1.08224	1.08272	1.08216	1.08258	614
2025-03-24 12:45:00	1.08258	1.08294	1.08252	1.08291	522
2025-03-24 12:50:00	1.0829	1.08294	1.08235	1.08245	575
2025-03-24 12:55:00	1.08242	1.08297	1.08234	1.08296	2523
2025-03-24 13:00:00	1.08297	1.08303	1.08269	1.08269	680
2025-03-24 13:05:00	1.0827	1.0827	1.08235	1.08238	500
2025-03-24 13:10:00	1.08237	1.08254	1.08213	1.08219	437
2025-03-24 13:15:00	1.08217	1.08228	1.08173	1.08224	865
2025-03-24 13:20:00	1.08224	1.08244	1.08205	1.08244	531
2025-03-24 13:25:00	1.08244	1.08247	1.08196	1.08221	667
2025-03-24 13:30:00	1.08219	1.08249	1.08217	1.08228	470
2025-03-24 13:35:00	1.08228	1.08249	1.08214	1.0824	830
2025-03-24 13:40:00	1.08239	1.08244	1.08199	1.08229	633
2025-03-24 13:45:00	1.08229	1.08229	1.08069	1.08128	1608
2025-03-24 13:50:00	1.08128	1.08131	1.07923	1.07988	1752
2025-03-24 13:55:00	1.07987	1.0801	1.07926	1.07933	1181
2025-03-24 14:00:00	1.07931	1.07973	1.07903	1.07927	3161
2025-03-24 14:05:00	1.07926	1.08009	1.07905	1.08005	1565
2025-03-24 14:10:00	1.08006	1.08052	1.07974	1.08033	1398
2025-03-24 14:15:00	1.08036	1.08129	1.08018	1.08129	1428
2025-03-24 14:20:00	1.08128	1.08182	1.08121	1.0818	889
2025-03-24 14:25:00	1.08182	1.08201	1.08118	1.08119	1374
2025-03-24 14:30:00	1.08118	1.08118	1.08013	1.08025	1723
2025-03-24 14:35:00	1.08024	1.08063	1.08013	1.0803	865
2025-03-24 14:40:00	1.0803	1.08063	1.08026	1.08041	897
2025-03-24 14:45:00	1.08043	1.08047	1.07964	1.08001	1332
2025-03-24 14:50:00	1.08	1.08023	1.07955	1.08015	977
2025-03-24 14:55:00	1.08013	1.08016	1.07941	1.07991	828
2025-03-24 15:00:00	1.07994	1.08009	1.07929	1.07977	1361
2025-03-24 15:05:00	1.07976	1.07996	1.07931	1.07969	2301
2025-03-24 15:10:00	1.07969	1.08005	1.07959	1.0799	1144
2025-03-24 15:15:00	1.07991	1.08047	1.07988	1.08035	504
2025-03-24 15:20:00	1.08036	1.08051	1.07995	1.07995	612
2025-03-24 15:25:00	1.07995	1.07998	1.07954	1.07958	688
2025-03-24 15:30:00	1.07957	1.0797	1.07935	1.07938	826
2025-03-24 15:35:00	1.07939	1.07997	1.07925	1.07997	1177
2025-03-24 15:40:00	1.07996	1.08038	1.07989	1.08027	790
2025-03-24 15:45:00	1.08025	1.08025	1.07936	1.07944	1345
2025-03-24 15:50:00	1.07944	1.07974	1.07937	1.07959	671
2025-03-24 15:55:00	1.07957	1.07957	1.07904	1.07936	967
2025-03-24 16:00:00	1.07939	1.07997	1.07935	1.07988	861
2025-03-24 16:05:00	1.07987	1.08064	1.07982	1.08062	575
2025-03-24 16:10:00	1.08063	1.08069	1.08022	1.08031	742
2025-03-24 16:15:00	1.08028	1.08041	1.08004	1.08012	609
2025-03-24 16:20:00	1.0801	1.08049	1.08004	1.08048	517
2025-03-24 16:25:00	1.08048	1.08066	1.07956	1.07961	1179
2025-03-24 16:30:00	1.07961	1.07962	1.07924	1.07944	1214
2025-03-24 16:35:00	1.07943	1.0798	1.0791	1.0791	677
2025-03-24 16:40:00	1.07912	1.07924	1.07813	1.0787	1135
2025-03-24 16:45:00	1.07872	1.07907	1.07859	1.07901	1627
2025-03-24 16:50:00	1.07903	1.07947	1.07902	1.0791	700
2025-03-24 16:55:00	1.07909	1.07945	1.07894	1.07917	643
2025-03-24 17:00:00	1.07919	1.07934	1.07898	1.0793	614
2025-03-24 17:05:00	1.07931	1.07962	1.07913	1.07956	443
2025-03-24 17:10:00	1.07955	1.0796	1.07885	1.07891	255
2025-03-24 17:15:00	1.07891	1.07928	1.07885	1.0792	456
2025-03-24 17:20:00	1.0792	1.07933	1.07881	1.07926	442
2025-03-24 17:25:00	1.07927	1.07946	1.07909	1.07941	354
2025-03-24 17:30:00	1.07943	1.07946	1.07899	1.07907	460
2025-03-24 17:35:00	1.07906	1.07909	1.07848	1.07881	522
2025-03-24 17:40:00	1.0788	1.07916	1.07866	1.07911	504
2025-03-24 17:45:00	1.07912	1.07941	1.07845	1.07887	660
2025-03-24 17:50:00	1.07886	1.07913	1.07878	1.07885	369
2025-03-24 17:55:00	1.07888	1.07891	1.07855	1.07874	556
2025-03-24 18:00:00	1.07875	1.07877	1.07838	1.0784	507
2025-03-24 18:05:00	1.07842	1.07881	1.0784	1.0788	308
2025-03-24 18:10:00	1.0788	1.0789	1.07862	1.07885	270
2025-03-24 18:15:00	1.07885	1.0792	1.07885	1.07916	235
2025-03-24 18:20:00	1.07917	1.07936	1.07911	1.07915	329
2025-03-24 18:25:00	1.07915	1.07933	1.07908	1.07932	302
2025-03-24 18:30:00	1.07931	1.0796	1.07931	1.07951	283
2025-03-24 18:35:00	1.07949	1.08016	1.07949	1.07995	279
2025-03-24 18:40:00	1.07995	1.08121	1.07995	1.08099	1362
2025-03-24 18:45:00	1.08101	1.0813	1.0805	1.08057	1188
2025-03-24 18:50:00	1.08057	1.08059	1.08008	1.0803	557
2025-03-24 18:55:00	1.08032	1.08064	1.08024	1.08048	630
2025-03-24 19:00:00	1.08053	1.0807	1.08014	1.08023	333
2025-03-24 19:05:00	1.08025	1.08038	1.08011	1.08025	376
2025-03-24 19:10:00	1.08024	1.08048	1.08017	1.08038	249
2025-03-24 19:15:00	1.08038	1.08058	1.08034	1.08053	172
2025-03-24 19:20:00	1.08052	1.08053	1.08022	1.08025	241
2025-03-24 19:25:00	1.08024	1.08047	1.08024	1.0803	222
2025-03-24 19:30:00	1.0803	1.08037	1.08028	1.08035	174
2025-03-24 19:35:00	1.08035	1.08035	1.08004	1.08006	198
2025-03-24 19:40:00	1.08004	1.08013	1.07999	1.08003	185
2025-03-24 19:45:00	1.08003	1.08008	1.07987	1.07995	162
2025-03-24 19:50:00	1.07993	1.07993	1.0797	1.07986	208
2025-03-24 19:55:00	1.07988	1.08021	1.07986	1.08021	220
2025-03-24 20:00:00	1.0802	1.08025	1.08008	1.08011	162
2025-03-24 20:05:00	1.08012	1.08029	1.08012	1.08026	70
2025-03-24 20:10:00	1.08026	1.08037	1.08026	1.08032	109
2025-03-24 20:15:00	1.08031	1.08041	1.08027	1.08038	80
2025-03-24 20:20:00	1.08037	1.08053	1.08037	1.08053	122
2025-03-24 20:25:00	1.08052	1.0806	1.08028	1.08028	116
2025-03-24 20:30:00	1.08028	1.08028	1.08007	1.08015	96
2025-03-24 20:35:00	1.08014	1.08022	1.08008	1.08015	55
2025-03-24 20:40:00	1.08015	1.0802	1.08002	1.08013	85
2025-03-24 20:45:00	1.08012	1.08028	1.08011	1.08016	362
2025-03-24 20:50:00	1.08016	1.08026	1.08001	1.08009	239
2025-03-24 20:55:00	1.08017	1.0802	1.07995	1.08004	740
2025-03-24 21:00:00	1.08003	1.08005	1.07999	1.08	89
2025-03-24 21:05:00	1.08005	1.08014	1.07979	1.07989	375
2025-03-24 21:10:00	1.07993	1.08	1.07978	1.07978	222
2025-03-24 21:15:00	1.07979	1.07991	1.07959	1.07969	112
2025-03-24 21:20:00	1.07968	1.07973	1.07959	1.07969	124
2025-03-24 21:25:00	1.07972	1.07976	1.07954	1.07965	124
2025-03-24 21:30:00	1.07963	1.07983	1.07958	1.07958	527
2025-03-24 21:35:00	1.07959	1.07981	1.07952	1.0796	350
2025-03-24 21:40:00	1.07959	1.08004	1.07958	1.07997	222
2025-03-24 21:45:00	1.07997	1.07999	1.07982	1.07985	37
2025-03-24 21:50:00	1.07984	1.07991	1.07961	1.07986	195
2025-03-24 21:55:00	1.07993	1.07998	1.07987	1.07995	90
2025-03-24 22:00:00	1.07994	1.08024	1.07986	1.08012	250
2025-03-24 22:05:00	1.08011	1.08012	1.08003	1.08003	52
2025-03-24 22:10:00	1.08002	1.08002	1.07967	1.07967	223
2025-03-24 22:15:00	1.07966	1.07975	1.07946	1.07963	182
2025-03-24 22:20:00	1.07965	1.07997	1.07965	1.07985	142
2025-03-24 22:25:00	1.07986	1.07988	1.07981	1.07987	43
2025-03-24 22:30:00	1.07987	1.08007	1.07981	1.08005	59
2025-03-24 22:35:00	1.08003	1.08011	1.08003	1.08005	102
2025-03-24 22:40:00	1.08009	1.08013	1.08007	1.08007	66
2025-03-24 22:45:00	1.08007	1.08013	1.08	1.08013	63
2025-03-24 22:50:00	1.08013	1.0802	1.08011	1.0802	27
2025-03-24 22:55:00	1.08022	1.08023	1.08019	1.08021	45
2025-03-24 23:00:00	1.08022	1.08033	1.08019	1.0803	87
2025-03-24 23:05:00	1.08029	1.08031	1.08027	1.08029	19
2025-03-24 23:10:00	1.08027	1.08027	1.0801	1.08012	129
2025-03-24 23:15:00	1.08012	1.08015	1.08005	1.08005	79
2025-03-24 23:20:00	1.08005	1.08016	1.08004	1.08009	166
2025-03-24 23:25:00	1.08008	1.0802	1.08004	1.0802	105
2025-03-24 23:30:00	1.08019	1.08022	1.08012	1.08014	83
2025-03-24 23:35:00	1.08015	1.08018	1.08013	1.08015	33
2025-03-24 23:40:00	1.08015	1.08016	1.08004	1.08007	87
2025-03-24 23:45:00	1.0801	1.08022	1.0801	1.08019	88
2025-03-24 23:50:00	1.08019	1.08032	1.08016	1.08028	152
2025-03-24 23:55:00	1.08029	1.08031	1.08021	1.08022	57
2025-03-25 00:00:00	1.08022	1.08023	1.07981	1.07988	409
2025-03-25 00:05:00	1.07991	1.08007	1.07985	1.08007	229
2025-03-25 00:10:00	1.08007	1.08007	1.07994	1.07999	75
2025-03-25 00:15:00	1.07998	1.08001	1.0798	1.07991	228
2025-03-25 00:20:00	1.07991	1.08001	1.07988	1.07995	105
2025-03-25 00:25:00	1.07995	1.07995	1.07961	1.07961	110
2025-03-25 00:30:00	1.0796	1.07978	1.0796	1.07963	155
2025-03-25 00:35:00	1.07963	1.0797	1.07959	1.07961	132
2025-03-25 00:40:00	1.07963	1.07981	1.07963	1.07969	161
2025-03-25 00:45:00	1.07968	1.07981	1.07965	1.07979	138
2025-03-25 00:50:00	1.07981	1.08025	1.0798	1.08025	298
2025-03-25 00:55:00	1.08023	1.08025	1.07997	1.08001	329
2025-03-25 01:00:00	1.08	1.08025	1.07998	1.08025	229
2025-03-25 01:05:00	1.08024	1.08025	1.08008	1.0801	203
2025-03-25 01:10:00	1.08012	1.08054	1.08005	1.08049	317
2025-03-25 01:15:00	1.08048	1.08076	1.08032	1.08075	412
2025-03-25 01:20:00	1.08074	1.08084	1.08044	1.08047	265
2025-03-25 01:25:00	1.08047	1.08058	1.08041	1.08043	181
2025-03-25 01:30:00	1.08042	1.08049	1.08025	1.08046	293
2025-03-25 01:35:00	1.08044	1.08047	1.08028	1.08044	308
2025-03-25 01:40:00	1.08043	1.08049	1.0802	1.08045	328
2025-03-25 01:45:00	1.08044	1.08064	1.08041	1.08048	161
2025-03-25 01:50:00	1.08049	1.0805	1.08034	1.08044	108
2025-03-25 01:55:00	1.08046	1.08047	1.08013	1.08022	187
2025-03-25 02:00:00	1.08021	1.08026	1.08001	1.08022	244
2025-03-25 02:05:00	1.08023	1.08028	1.08008	1.08026	205
2025-03-25 02:10:00	1.08027	1.08048	1.08025	1.08047	149
2025-03-25 02:15:00	1.08048	1.08049	1.08013	1.08023	173
2025-03-25 02:20:00	1.08023	1.08023	1.07986	1.07988	304
2025-03-25 02:25:00	1.07988	1.07994	1.07978	1.07985	297
2025-03-25 02:30:00	1.07985	1.08012	1.07982	1.08011	240
2025-03-25 02:35:00	1.08013	1.08014	1.07998	1.08001	149
2025-03-25 02:40:00	1.08002	1.08004	1.07985	1.07988	259
2025-03-25 02:45:00	1.07988	1.07988	1.07966	1.07979	264
2025-03-25 02:50:00	1.07978	1.07986	1.0794	1.07979	312
2025-03-25 02:55:00	1.07979	1.08	1.07946	1.07964	303
2025-03-25 03:00:00	1.07964	1.07985	1.07957	1.07985	217
2025-03-25 03:05:00	1.0799	1.08006	1.07984	1.08004	285
2025-03-25 03:10:00	1.08005	1.08025	1.07998	1.08025	287
2025-03-25 03:15:00	1.08024	1.0803	1.08018	1.08023	199
2025-03-25 03:20:00	1.08026	1.08027	1.0801	1.08019	198
2025-03-25 03:25:00	1.0802	1.0802	1.07996	1.07999	222
2025-03-25 03:30:00	1.07999	1.08009	1.07989	1.08007	286
2025-03-25 03:35:00	1.08006	1.0801	1.07997	1.08003	288
2025-03-25 03:40:00	1.08002	1.08015	1.07994	1.08012	251
2025-03-25 03:45:00	1.08012	1.08012	1.07998	1.07999	171
2025-03-25 03:50:00	1.08001	1.08008	1.07998	1.08005	148
2025-03-25 03:55:00	1.08004	1.08034	1.08004	1.08029	333
2025-03-25 04:00:00	1.08031	1.08057	1.0803	1.08032	300
2025-03-25 04:05:00	1.08034	1.08046	1.08025	1.0804	197
2025-03-25 04:10:00	1.08041	1.0806	1.08036	1.08052	173
2025-03-25 04:15:00	1.08051	1.08059	1.08044	1.08053	244
2025-03-25 04:20:00	1.08054	1.08071	1.08054	1.0807	270
2025-03-25 04:25:00	1.0807	1.08078	1.0807	1.08076	67
2025-03-25 04:30:00	1.08076	1.08087	1.08064	1.08069	143
2025-03-25 04:35:00	1.0807	1.08071	1.0806	1.08067	88
2025-03-25 04:40:00	1.08068	1.08076	1.08031	1.08036	291
2025-03-25 04:45:00	1.08034	1.08066	1.08031	1.0806	271
2025-03-25 04:50:00	1.08058	1.08061	1.08047	1.08058	316
2025-03-25 04:55:00	1.08059	1.08063	1.08029	1.08032	296
2025-03-25 05:00:00	1.08031	1.08041	1.08024	1.0804	203
2025-03-25 05:05:00	1.0804	1.08042	1.08029	1.0803	166
2025-03-25 05:10:00	1.08032	1.08034	1.08018	1.08023	186
2025-03-25 05:15:00	1.08023	1.08039	1.08023	1.08025	218
2025-03-25 05:20:00	1.08024	1.08049	1.08022	1.08045	163
2025-03-25 05:25:00	1.08046	1.0807	1.08044	1.08059	150
2025-03-25 05:30:00	1.08058	1.08058	1.0803	1.08049	191
2025-03-25 05:35:00	1.08049	1.0805	1.08027	1.08038	150
2025-03-25 05:40:00	1.08038	1.08045	1.0803	1.08045	132
2025-03-25 05:45:00	1.08043	1.08051	1.08024	1.0803	203
2025-03-25 05:50:00	1.08031	1.08038	1.08012	1.08012	89
2025-03-25 05:55:00	1.08014	1.0803	1.08009	1.08028	362
2025-03-25 06:00:00	1.08029	1.08044	1.0802	1.08039	323
2025-03-25 06:05:00	1.0804	1.0804	1.08006	1.08009	321
2025-03-25 06:10:00	1.08008	1.08019	1.07984	1.07992	489
2025-03-25 06:15:00	1.07992	1.07997	1.07971	1.07995	568
2025-03-25 06:20:00	1.07995	1.08017	1.07986	1.08	281
2025-03-25 06:25:00	1.08	1.08	1.07959	1.07961	300
2025-03-25 06:30:00	1.0796	1.07979	1.07948	1.07978	391
2025-03-25 06:35:00	1.07979	1.07985	1.07949	1.07953	398
2025-03-25 06:40:00	1.07952	1.0797	1.0795	1.07956	418
2025-03-25 06:45:00	1.07954	1.07956	1.07927	1.07937	417
2025-03-25 06:50:00	1.07938	1.07957	1.07938	1.07943	384
2025-03-25 06:55:00	1.07942	1.07956	1.07935	1.07943	381
2025-03-25 07:00:00	1.07944	1.07959	1.07932	1.07938	2409
2025-03-25 07:05:00	1.07937	1.08002	1.07937	1.07998	598
2025-03-25 07:10:00	1.07998	1.08018	1.07979	1.07992	1358
2025-03-25 07:15:00	1.07993	1.07996	1.07958	1.07967	837
2025-03-25 07:20:00	1.07967	1.07968	1.07893	1.07909	1029
2025-03-25 07:25:00	1.07911	1.07946	1.07908	1.07933	460
2025-03-25 07:30:00	1.07932	1.07932	1.07869	1.07913	970
2025-03-25 07:35:00	1.07912	1.07915	1.07879	1.07898	458
2025-03-25 07:40:00	1.07896	1.07899	1.07849	1.07869	833
2025-03-25 07:45:00	1.07866	1.07891	1.07857	1.07888	336
2025-03-25 07:50:00	1.07888	1.07935	1.07887	1.07915	579
2025-03-25 07:55:00	1.07914	1.07914	1.07861	1.07871	586
2025-03-25 08:00:00	1.07873	1.07898	1.07859	1.07862	792
2025-03-25 08:05:00	1.07865	1.07877	1.07805	1.07827	2357
2025-03-25 08:10:00	1.07826	1.07844	1.07802	1.07805	860
2025-03-25 08:15:00	1.07804	1.07806	1.0778	1.07793	609
2025-03-25 08:20:00	1.07793	1.07844	1.07767	1.07834	805
2025-03-25 08:25:00	1.07832	1.0784	1.07782	1.07783	787
2025-03-25 08:30:00	1.07783	1.0789	1.07781	1.07885	836
2025-03-25 08:35:00	1.07884	1.07916	1.07877	1.07899	819
2025-03-25 08:40:00	1079	1.07917	1.07869	1.07882	874
2025-03-25 08:45:00	1.07883	1.07891	1.0786	1.07872	682
2025-03-25 08:50:00	1.07877	1.07905	1.07872	1.07887	724
2025-03-25 08:55:00	1.07888	1.07922	1.07887	1.07901	586
2025-03-25 09:00:00	1079	1.07983	1.07892	1.07928	903
2025-03-25 09:05:00	1.07929	1.0793	1.07873	1.07902	839
2025-03-25 09:10:00	1.07902	1.07959	1.07902	1.07957	653
2025-03-25 09:15:00	1.07957	1.07978	1.07947	1.07971	646
2025-03-25 09:20:00	1.07973	1.07995	1.07941	1.07993	695
2025-03-25 09:25:00	1.07993	1.07995	1.0797	1.07978	1010
2025-03-25 09:30:00	1.07979	1.07981	1.0794	1.07943	1349
2025-03-25 09:35:00	1.07946	1.07987	1.07942	1.07973	505
2025-03-25 09:40:00	1.07972	1.08	1.07968	1.07997	393
2025-03-25 09:45:00	1.07996	1.08039	1.07995	1.08024	733
2025-03-25 09:50:00	1.08024	1.08025	1.07997	1.08014	489
2025-03-25 09:55:00	1.08014	1.08021	1.07996	1.08005	574
2025-03-25 10:00:00	1.08004	1.08038	1.07997	1.08022	843
2025-03-25 10:05:00	1.08022	1.08061	1.08022	1.08036	1092
2025-03-25 10:10:00	1.08034	1.08129	1.08034	1.08114	2696
2025-03-25 10:15:00	1.08116	1.08129	1.08085	1.08125	1471
2025-03-25 10:20:00	1.08123	1.08166	1.08104	1.08157	2040
2025-03-25 10:25:00	1.08158	1.08188	1.08147	1.08169	4533
2025-03-25 10:30:00	1.08167	1.08192	1.08133	1.08139	2613
2025-03-25 10:35:00	1.08139	1.08145	1.08109	1.08139	1505
2025-03-25 10:40:00	1.0814	1.08162	1.08128	1.08162	699
2025-03-25 10:45:00	1.08159	1.08194	1.08143	1.08189	777
2025-03-25 10:50:00	1.08189	1.08243	1.08188	1.08196	667
2025-03-25 10:55:00	1.08197	1.08218	1.08188	1.08199	534
2025-03-25 11:00:00	1.08199	1.08203	1.0816	1.08173	677
2025-03-25 11:05:00	1.08173	1.08174	1.08145	1.08157	874
2025-03-25 11:10:00	1.08157	1.08162	1.08113	1.08121	1024
2025-03-25 11:15:00	1.08121	1.08196	1.08107	1.08164	1120
2025-03-25 11:20:00	1.08164	1.08205	1.08145	1.08197	688
2025-03-25 11:25:00	1.08196	1.08238	1.08193	1.08207	503
2025-03-25 11:30:00	1.08206	1.08253	1.08206	1.08224	826
2025-03-25 11:35:00	1.08225	1.08258	1.08215	1.08228	1808
2025-03-25 11:40:00	1.08229	1.08255	1.08229	1.08253	582
2025-03-25 11:45:00	1.08253	1.08275	1.08249	1.08249	916
2025-03-25 11:50:00	1.08249	1.08251	1.08203	1.08203	1207
2025-03-25 11:55:00	1.08203	1.08205	1.08161	1.08176	1558
2025-03-25 12:00:00	1.08178	1.08195	1.08169	1.08169	889
2025-03-25 12:05:00	1.08171	1.08225	1.08168	1.0822	558
2025-03-25 12:10:00	1.0822	1.0822	1.08191	1.08197	667
2025-03-25 12:15:00	1.08198	1.08226	1.08184	1.08203	569
2025-03-25 12:20:00	1.08203	1.08204	1.08156	1.08184	878
2025-03-25 12:25:00	1.08186	1.08213	1.08168	1.08209	543
2025-03-25 12:30:00	1.08209	1.0823	1.08192	1.08202	653
2025-03-25 12:35:00	1.08201	1.08211	1.08191	1.08193	722
2025-03-25 12:40:00	1.08197	1.08245	1.08196	1.0823	735
2025-03-25 12:45:00	1.0823	1.08285	1.08211	1.08281	620
2025-03-25 12:50:00	1.08282	1083	1.08262	1.08292	889
2025-03-25 12:55:00	1.08289	1.08292	1.08235	1.08249	911
2025-03-25 13:00:00	1.08248	1.08268	1.0824	1.08267	695
2025-03-25 13:05:00	1.08268	1.08275	1.08227	1.08247	735
2025-03-25 13:10:00	1.08247	1.0827	1.08232	1.08243	804
2025-03-25 13:15:00	1.08245	1.08257	1.08227	1.08232	1857
2025-03-25 13:20:00	1.08231	1.08239	1.08186	1.08201	2207
2025-03-25 13:25:00	1.08202	1.08239	1.08187	1.08223	991
2025-03-25 13:30:00	1.08222	1.08249	1.08215	1.08237	1612
2025-03-25 13:35:00	1.08235	1.08251	1.08214	1.08224	1122
2025-03-25 13:40:00	1.08225	1.08262	1.0822	1.08227	947
2025-03-25 13:45:00	1.08226	1.08255	1.08216	1.08222	710
2025-03-25 13:50:00	1.08222	1.08228	1.08144	1.08144	1335
2025-03-25 13:55:00	1.08145	1.08173	1.08136	1.08167	864
2025-03-25 14:00:00	1.08167	1.08216	1.08118	1.08126	1381
2025-03-25 14:05:00	1.08127	1.08147	1.0806	1.08066	1290
2025-03-25 14:10:00	1.08066	1.08104	1.08048	1.08054	1253
2025-03-25 14:15:00	1.08054	1.08074	1.08037	1.08063	876
2025-03-25 14:20:00	1.08066	1.08078	1.08021	1.08053	1177
2025-03-25 14:25:00	1.08051	1.08083	1.08017	1.08058	966
2025-03-25 14:30:00	1.08059	1.08128	1.08045	1.08113	2394
2025-03-25 14:35:00	1.08113	1.08151	1.08097	1.0815	3058
2025-03-25 14:40:00	1.0815	1.08194	1.08129	1.08135	1993
2025-03-25 14:45:00	1.08136	1082	1.08134	1.0819	2328
2025-03-25 14:50:00	1.08188	1.08188	1.08117	1.08117	1449
2025-03-25 14:55:00	1.0812	1.08165	1.08117	1.08124	857
2025-03-25 15:00:00	1.08125	1.08166	1.08121	1.08163	775
2025-03-25 15:05:00	1.08164	1.08166	1.08127	1.08146	524
2025-03-25 15:10:00	1.08147	1.08177	1.08147	1.08174	500
2025-03-25 15:15:00	1.08175	1.08175	1.08134	1.08152	1250
2025-03-25 15:20:00	1.08153	1.08194	1.0815	1.08163	848
2025-03-25 15:25:00	1.08161	1.08177	1.08131	1.08177	1245
2025-03-25 15:30:00	1.08181	1.08183	1.08141	1.08147	2069
2025-03-25 15:35:00	1.08147	1.08153	1.08117	1.08125	996
2025-03-25 15:40:00	1.08127	1.08138	1.08083	1.08088	856
2025-03-25 15:45:00	1.08089	1.08091	1.08033	1.08044	811
2025-03-25 15:50:00	1.08045	1.08057	1.08	1.08009	1072
2025-03-25 15:55:00	1.08008	1.08032	1.0797	1.0803	2618
2025-03-25 16:00:00	1.0803	1.08064	1.08018	1.08057	8793
2025-03-25 16:05:00	1.08054	1.08111	1.0803	1.08096	4783
2025-03-25 16:10:00	1.08096	1.08103	1.08046	1.08064	2795
2025-03-25 16:15:00	1.08064	1.0809	1.08044	1.08081	1526
2025-03-25 16:20:00	1.08085	1.08113	1.0807	1.08111	776
2025-03-25 16:25:00	1.08111	1.0812	1.08065	1.08099	872
2025-03-25 16:30:00	1.08095	1.08122	1.08088	1.08114	791
2025-03-25 16:35:00	1.08115	1.0813	1.08081	1081	747
2025-03-25 16:40:00	1.08102	1.0813	1.08097	1.08119	698
2025-03-25 16:45:00	1.08119	1.08126	1.08095	1.08095	395
2025-03-25 16:50:00	1.08095	1.08095	1.08056	1.08063	783
2025-03-25 16:55:00	1.08065	1.08076	1.08052	1.08064	772
2025-03-25 17:00:00	1.08065	1.08124	1.08064	1.08111	659
2025-03-25 17:05:00	1.08113	1.08167	1.08113	1.08138	693
2025-03-25 17:10:00	1.08137	1.08139	1.08091	1.08114	582
2025-03-25 17:15:00	1.08116	1.08117	1.08097	1.08117	403
2025-03-25 17:20:00	1.08118	1.08118	1.08089	1.08098	298
2025-03-25 17:25:00	1.08096	1.08111	1.08089	1.08089	405
2025-03-25 17:30:00	1.08091	1.08097	1.08081	1.08095	438
2025-03-25 17:35:00	1.08096	1.08119	1.08081	1.08082	396
2025-03-25 17:40:00	1.08084	1.08094	1.08066	1.08083	359
2025-03-25 17:45:00	1.08084	1.08107	1.08067	1.08067	327
2025-03-25 17:50:00	1.08067	1.08076	1.08058	1.08068	422
2025-03-25 17:55:00	1.08069	1.08097	1.08061	1.08096	426
2025-03-25 18:00:00	1.08093	1.08093	1.0805	1.08058	403
2025-03-25 18:05:00	1.08056	1.08074	1.08054	1.08064	181
2025-03-25 18:10:00	1.08063	1.08091	1.08062	1.08066	212
2025-03-25 18:15:00	1.08065	1.08069	1.08049	1.08051	148
2025-03-25 18:20:00	1.08051	1.08058	1.08036	1.08036	124
2025-03-25 18:25:00	1.08035	1.08037	1.08008	1.08016	263
2025-03-25 18:30:00	1.08017	1.08038	1.08012	1.08036	323
2025-03-25 18:35:00	1.08035	1.08042	1.08011	1.08013	256
2025-03-25 18:40:00	1.08011	1.08025	1.07997	1.08015	205
2025-03-25 18:45:00	1.08013	1.08015	1.07985	1.07992	261
2025-03-25 18:50:00	1.07997	1.08031	1.07993	1.08023	331
2025-03-25 18:55:00	1.08024	1.08031	1.07969	1.07983	466
2025-03-25 19:00:00	1.07985	1.08007	1.07965	1.08006	552
2025-03-25 19:05:00	1.08007	1.08016	1.08002	1.08013	180
2025-03-25 19:10:00	1.08015	1.08017	1.07967	1.07968	285
2025-03-25 19:15:00	1.07969	1.07979	1.0792	1.07941	598
2025-03-25 19:20:00	1.07939	1.07942	1.07906	1.07939	517
2025-03-25 19:25:00	1.07938	1.0794	1.07907	1.0791	418
2025-03-25 19:30:00	1.07912	1.07971	1.07912	1.0797	226
2025-03-25 19:35:00	1.07969	1.07971	1.07949	1.07959	200
2025-03-25 19:40:00	1.07961	1.07988	1.0796	1.0798	299
2025-03-25 19:45:00	1.0798	1.07989	1.07968	1.07974	330
2025-03-25 19:50:00	1.07974	1.07984	1.07958	1.07968	398
2025-03-25 19:55:00	1.07969	1.0797	1.07937	1.07952	482
2025-03-25 20:00:00	1.07951	1.07956	1.07922	1.07932	318
2025-03-25 20:05:00	1.07933	1.07933	1.07902	1.07907	187
2025-03-25 20:10:00	1.07908	1.07923	1.07898	1.07922	182
2025-03-25 20:15:00	1.07924	1.07938	1.07922	1.07927	89
2025-03-25 20:20:00	1.07926	1.07926	1.07917	1.07919	44
2025-03-25 20:25:00	1.07917	1.07917	1.07908	1.0791	59
2025-03-25 20:30:00	1.07909	1.07916	1.07899	1.07914	66
2025-03-25 20:35:00	1.07914	1.07929	1.07914	1.07919	66
2025-03-25 20:40:00	1.0792	1.07923	1.07906	1.07921	113
2025-03-25 20:45:00	1.07922	1.07922	1.07903	1.07908	181
2025-03-25 20:50:00	1.07908	1.07915	1.07902	1.07905	312
2025-03-25 20:55:00	1.07903	1.0792	1.07901	1.07905	227
2025-03-25 21:00:00	1.07905	1.07939	1.07885	1.07905	36
2025-03-25 21:05:00	1.07907	1.07915	1.07906	1.07912	214
2025-03-25 21:10:00	1.07913	1.07919	1.07904	1.07912	254
2025-03-25 21:15:00	1.07905	1.07911	1.07901	1.07902	55
2025-03-25 21:20:00	1.07903	1.07908	1.07901	1.07908	15
2025-03-25 21:25:00	1.07907	1.07908	1.07903	1.07904	10
2025-03-25 21:30:00	1.07905	1.07913	1.07905	1.07906	10
2025-03-25 21:35:00	1.07904	1.07921	1.07904	1.0792	9
2025-03-25 21:40:00	1.07908	1.07925	1.07905	1.07906	36
2025-03-25 21:45:00	1.07906	1.07913	1.07904	1.07913	61
2025-03-25 21:50:00	1.07913	1.07918	1.07906	1.07906	42
2025-03-25 21:55:00	1.07911	1.07923	1.07905	1.07908	115
2025-03-25 22:00:00	1.0791	1.07922	1.07905	1.07911	298
2025-03-25 22:05:00	1.07911	1.0794	1.0791	1.07919	224
2025-03-25 22:10:00	1.07917	1.07923	1.0791	1.0792	122
2025-03-25 22:15:00	1.07924	1.07928	1.0791	1.07916	470
2025-03-25 22:20:00	1.07916	1.07919	1.0791	1.07912	220
2025-03-25 22:25:00	1.07911	1.07917	1.07909	1.07913	138
2025-03-25 22:30:00	1.07912	1.07912	1.07904	1.07905	107
2025-03-25 22:35:00	1.07904	1.07904	1.07892	1.07893	136
2025-03-25 22:40:00	1.07893	1.07895	1.07889	1.07892	206
2025-03-25 22:45:00	1.07893	1.07894	1.0789	1.07892	63
2025-03-25 22:50:00	1.07893	1.07894	1.07878	1.07879	78
2025-03-25 22:55:00	1.07878	1.07887	1.07878	1.07883	94
2025-03-25 23:00:00	1.07884	1.07889	1.07878	1.07879	119
2025-03-25 23:05:00	1.0788	1.0788	1.07861	1.07872	122
2025-03-25 23:10:00	1.07871	1.07885	1.07871	1.07882	66
2025-03-25 23:15:00	1.07885	1.07888	1.07868	1.07872	77
2025-03-25 23:20:00	1.0787	1.07874	1.07864	1.07874	73
2025-03-25 23:25:00	1.07873	1.07874	1.07871	1.07873	29
2025-03-25 23:30:00	1.07872	1.07876	1.07868	1.07875	52
2025-03-25 23:35:00	1.07875	1.07875	1.07861	1.07862	60
2025-03-25 23:40:00	1.07864	1.07873	1.07864	1.07867	51
2025-03-25 23:45:00	1.07868	1.07869	1.07852	1.07854	85
2025-03-25 23:50:00	1.07853	1.07873	1.07852	1.07866	76
2025-03-25 23:55:00	1.07866	1.07888	1.07863	1.07888	128
2025-03-26 00:00:00	1.07889	1079	1.07867	1.07883	408
2025-03-26 00:05:00	1.07882	1.07902	1.07881	1.07891	168
2025-03-26 00:10:00	1.0789	1.0791	1.07885	1.07901	188
2025-03-26 00:15:00	1.07902	1.07904	1.07897	1079	82
2025-03-26 00:20:00	1.07899	1.07922	1.07894	1.07902	96
2025-03-26 00:25:00	1079	1.07904	1.07888	1.07891	127
2025-03-26 00:30:00	1.07886	1.0792	1.07872	1.07907	328
2025-03-26 00:35:00	1.0791	1.0791	1.07867	1.07872	145
2025-03-26 00:40:00	1.07871	1.07889	1.07864	1.0787	227
2025-03-26 00:45:00	1.0787	1.0787	1.07842	1.07843	257
2025-03-26 00:50:00	1.07844	1.07865	1.07835	1.07858	307
2025-03-26 00:55:00	1.07862	1.07864	1.07841	1.07841	453
2025-03-26 01:00:00	1.0784	1.07843	1.07811	1.07811	281
2025-03-26 01:05:00	1.07813	1.07828	1.07777	1.07825	577
2025-03-26 01:10:00	1.07826	1.07832	1.07813	1.0782	462
2025-03-26 01:15:00	1.07819	1.07871	1.07817	1.07858	529
2025-03-26 01:20:00	1.07858	1.07861	1.07823	1.07848	444
2025-03-26 01:25:00	1.0785	1.07867	1.0784	1.07862	310
2025-03-26 01:30:00	1.07862	1.07895	1.07856	1.07881	433
2025-03-26 01:35:00	1.07881	1.07907	1.07878	1.07894	476
2025-03-26 01:40:00	1.07894	1.07924	1.07894	1.07917	268
2025-03-26 01:45:00	1.07919	1.07934	1.07911	1.07915	318
2025-03-26 01:50:00	1.07915	1.07946	1.07911	1.07936	402
2025-03-26 01:55:00	1.07936	1.07952	1.0793	1.07934	393
2025-03-26 02:00:00	1.07934	1.07954	1.07934	1.07936	271
2025-03-26 02:05:00	1.07936	1.07941	1.07927	1.0793	464
2025-03-26 02:10:00	1.07929	1.0793	1.07914	1.07917	200
2025-03-26 02:15:00	1.07917	1.0792	1.07902	1.07909	159
2025-03-26 02:20:00	1.0791	1.07929	1.07908	1.07921	147
2025-03-26 02:25:00	1.0792	1.07944	1.07919	1.07939	132
2025-03-26 02:30:00	1.07939	1.07954	1.07937	1.07944	178
2025-03-26 02:35:00	1.07946	1.07946	1.07935	1.07938	147
2025-03-26 02:40:00	1.07939	1.07944	1.07927	1.07934	154
2025-03-26 02:45:00	1.07935	1.07953	1.07933	1.0795	125
2025-03-26 02:50:00	1.07952	1.0797	1.0795	1.07958	209
2025-03-26 02:55:00	1.07956	1.07959	1.07947	1.07951	237
2025-03-26 03:00:00	1.0795	1.0796	1.07945	1.07945	190
2025-03-26 03:05:00	1.07942	1.07942	1.07925	1.07937	219
2025-03-26 03:10:00	1.07936	1.07949	1.07927	1.07928	243
2025-03-26 03:15:00	1.07928	1.07938	1.07917	1.0792	162
2025-03-26 03:20:00	1.07919	1.07936	1.07908	1.07908	118
2025-03-26 03:25:00	1.07909	1.07909	1.07897	1079	312
2025-03-26 03:30:00	1.07899	1079	1.07887	1.07893	238
2025-03-26 03:35:00	1.07889	1.07908	1.07885	1.07901	157
2025-03-26 03:40:00	1.07902	1.07911	1.07898	1.07908	132
2025-03-26 03:45:00	1.07909	1.07911	1.0789	1.0789	145
2025-03-26 03:50:00	1.07889	1.07893	1.07873	1.0788	107
2025-03-26 03:55:00	1.07878	1.07881	1.07837	1.07857	311
2025-03-26 04:00:00	1.07858	1.07878	1.07858	1.07866	119
2025-03-26 04:05:00	1.07864	1.07867	1.07847	1.07848	113
2025-03-26 04:10:00	1.07847	1.07865	1.0784	1.07842	122
2025-03-26 04:15:00	1.0784	1.0785	1.07824	1.07844	178
2025-03-26 04:20:00	1.07844	1.07847	1.07827	1.0783	94
2025-03-26 04:25:00	1.07832	1.07861	1.07829	1.07849	157
2025-03-26 04:30:00	1.07849	1.07853	1.07835	1.07839	173
2025-03-26 04:35:00	1.07838	1.07838	1.0782	1.07825	126
2025-03-26 04:40:00	1.07824	1.07826	1.07812	1.07816	290
2025-03-26 04:45:00	1.07815	1.07819	1.07809	1.07813	182
2025-03-26 04:50:00	1.07816	1.07845	1.07811	1.07842	177
2025-03-26 04:55:00	1.07843	1.07845	1.07829	1.07841	163
2025-03-26 05:00:00	1.07839	1.07841	1.07812	1.07815	277
2025-03-26 05:05:00	1.07813	1.07823	1.07809	1.07815	166
2025-03-26 05:10:00	1.07816	1.07816	1.07799	1.07815	184
2025-03-26 05:15:00	1.07815	1.07822	1.07793	1.07793	237
2025-03-26 05:20:00	1.0779	1.07812	1.07777	1.0781	273
2025-03-26 05:25:00	1.07809	1.07826	1.07804	1.07826	394
2025-03-26 05:30:00	1.07826	1.07843	1.07816	1.07843	256
2025-03-26 05:35:00	1.07844	1.0786	1.07842	1.07857	278
2025-03-26 05:40:00	1.07857	1.07858	1.07833	1.07845	328
2025-03-26 05:45:00	1.07845	1.07855	1.07839	1.07844	393
2025-03-26 05:50:00	1.07845	1.07849	1.07831	1.07832	367
2025-03-26 05:55:00	1.07831	1.07868	1.07831	1.0785	301
2025-03-26 06:00:00	1.0785	1.07858	1.07835	1.07855	442
2025-03-26 06:05:00	1.07856	1.0788	1.07848	1.07852	337
2025-03-26 06:10:00	1.07854	1.07866	1.07845	1.07858	192
2025-03-26 06:15:00	1.07857	1.07873	1.07821	1.07825	384
2025-03-26 06:20:00	1.07828	1.07851	1.07827	1.07848	300
2025-03-26 06:25:00	1.07848	1.07876	1.07844	1.07872	540
2025-03-26 06:30:00	1.0787	1.07881	1.07853	1.07856	330
2025-03-26 06:35:00	1.07856	1.07867	1.07833	1.07847	226
2025-03-26 06:40:00	1.0785	1.07859	1.07844	1.07858	248
2025-03-26 06:45:00	1.07856	1.0786	1.07821	1.07826	225
2025-03-26 06:50:00	1.07826	1.0785	1.07824	1.07837	355
2025-03-26 06:55:00	1.07836	1.0787	1.07834	1.07868	351
2025-03-26 07:00:00	1.07868	1.07868	1.07823	1.0784	854
2025-03-26 07:05:00	1.07839	1.07877	1.07811	1.07851	667
2025-03-26 07:10:00	1.07853	1.07887	1.07853	1.07883	528
2025-03-26 07:15:00	1.07882	1.07887	1.07829	1.07863	527
2025-03-26 07:20:00	1.07863	1.07886	1.0784	1.07881	484
2025-03-26 07:25:00	1.07882	1.07913	1.07877	1.07902	394
2025-03-26 07:30:00	1.07902	1.07906	1.07841	1.07851	541
2025-03-26 07:35:00	1.07852	1.07862	1.07834	1.07851	571
2025-03-26 07:40:00	1.07851	1.07886	1.07851	1.07876	392
2025-03-26 07:45:00	1.07877	1.07883	1.07847	1.07854	527
2025-03-26 07:50:00	1.07856	1.0786	1.0783	1.07833	546
2025-03-26 07:55:00	1.07834	1.07891	1.07828	1.0786	985
2025-03-26 08:00:00	1.07859	1.07902	1.07855	1.07899	950
2025-03-26 08:05:00	1.07899	1.07938	1.07868	1.07937	824
2025-03-26 08:10:00	1.07936	1.07938	1.07854	1.07879	724
2025-03-26 08:15:00	1.07881	1.07887	1.07857	1.07859	637
2025-03-26 08:20:00	1.07859	1.07917	1.07851	1.07895	585
2025-03-26 08:25:00	1.07895	1.07935	1.07895	1.07924	617
2025-03-26 08:30:00	1.07923	1.07934	1.07906	1.07931	540
2025-03-26 08:35:00	1.07931	1.07931	1.07885	1.07905	608
2025-03-26 08:40:00	1.07904	1.07917	1.07894	1.07909	648
2025-03-26 08:45:00	1.0791	1.07964	1.07904	1.0794	640
2025-03-26 08:50:00	1.07939	1.07976	1.07926	1.07959	924
2025-03-26 08:55:00	1.0796	1.07996	1.07957	1.0799	770
2025-03-26 09:00:00	1.0799	1.07997	1.07968	1.07976	466
2025-03-26 09:05:00	1.07977	1.07977	1.07928	1.07958	613
2025-03-26 09:10:00	1.0796	1.07994	1.07951	1.07985	566
2025-03-26 09:15:00	1.07985	1.07995	1.07967	1.0797	498
2025-03-26 09:20:00	1.07969	1.07993	1.07952	1.07993	461
2025-03-26 09:25:00	1.07996	1.07998	1.07974	1.0798	365
2025-03-26 09:30:00	1.07981	1.08025	1.0798	1.08012	436
2025-03-26 09:35:00	1.0801	1.08023	1.07967	1.07967	493
2025-03-26 09:40:00	1.07971	1.07993	1.07961	1.07988	449
2025-03-26 09:45:00	1.07987	1.07992	1.07971	1.07985	355
2025-03-26 09:50:00	1.07984	1.07986	1.07941	1.0796	575
2025-03-26 09:55:00	1.07958	1.07966	1.07945	1.07958	451
2025-03-26 10:00:00	1.07957	1.07977	1.07939	1.07943	429
2025-03-26 10:05:00	1.07944	1.07972	1.07942	1.07958	378
2025-03-26 10:10:00	1.07959	1.08005	1.07958	1.07998	407
2025-03-26 10:15:00	1.07998	1.08007	1.07976	1.08	312
2025-03-26 10:20:00	1.08001	1.08014	1.07984	1.07994	359
2025-03-26 10:25:00	1.07993	1.08001	1.07952	1.07957	337
2025-03-26 10:30:00	1.07956	1.07958	1.07881	1.07886	634
2025-03-26 10:35:00	1.07887	1.0793	1.07865	1.07926	624
2025-03-26 10:40:00	1.07928	1.07935	1.07898	1.07901	394
2025-03-26 10:45:00	1.07901	1.07915	1.07887	1.07908	449
2025-03-26 10:50:00	1.07905	1.0792	1.07881	1.07882	318
2025-03-26 10:55:00	1.07883	1.07917	1.07883	1.07916	237
2025-03-26 11:00:00	1.07915	1.07922	1.07898	1.07908	364
2025-03-26 11:05:00	1.07908	1.07917	1.07886	1.07895	234
2025-03-26 11:10:00	1.07894	1.07934	1.07894	1.07923	443
2025-03-26 11:15:00	1.07928	1.07946	1.07912	1.07923	392
2025-03-26 11:20:00	1.07922	1.07947	1.07906	1.07939	530
2025-03-26 11:25:00	1.07938	1.07948	1.0792	1.07925	434
2025-03-26 11:30:00	1.07928	1.07948	1.07912	1.07941	384
2025-03-26 11:35:00	1.07941	1.07973	1.07933	1.07962	358
2025-03-26 11:40:00	1.07962	1.07976	1.07944	1.07952	430
2025-03-26 11:45:00	1.07952	1.07972	1.07919	1.07943	545
2025-03-26 11:50:00	1.07944	1.07953	1.07931	1.07947	353
2025-03-26 11:55:00	1.07947	1.07947	1.07911	1.07922	420
2025-03-26 12:00:00	1.07922	1.07935	1.07884	1.07888	441
2025-03-26 12:05:00	1.07888	1.07893	1.07839	1.07854	640
2025-03-26 12:10:00	1.07851	1.07884	1.07826	1.0787	626
2025-03-26 12:15:00	1.07873	1.07895	1.07855	1.07864	431
2025-03-26 12:20:00	1.07862	1.0789	1.07842	1.07888	435
2025-03-26 12:25:00	1.0789	1.07927	1.0789	1.07913	581
2025-03-26 12:30:00	1.07913	1.07913	1.07863	1.07872	844
2025-03-26 12:35:00	1.07872	1.07884	1.07836	1.07848	898
2025-03-26 12:40:00	1.0785	1.07903	1.07846	1079	810
2025-03-26 12:45:00	1.07897	1.07899	1.07835	1.07867	611
2025-03-26 12:50:00	1.07869	1.07878	1.07817	1.07847	941
2025-03-26 12:55:00	1.0785	1.07865	1.07818	1.07841	1087
2025-03-26 13:00:00	1.07843	1.07864	1.07829	1.07855	627
2025-03-26 13:05:00	1.07852	1.07906	1.07828	1.07873	900
2025-03-26 13:10:00	1.07874	1.07875	1.0783	1.07839	950
2025-03-26 13:15:00	1.07841	1.07843	1.07722	1.07761	1017
2025-03-26 13:20:00	1.07762	1.07762	1.07723	1.07746	1367
2025-03-26 13:25:00	1.07746	1.07747	1.07702	1.07705	1021
2025-03-26 13:30:00	1.07705	1.07721	1.07675	1.07694	961
2025-03-26 13:35:00	1.07693	1.07789	1.07688	1.07766	1376
2025-03-26 13:40:00	1.07766	1.07776	1.07712	1.07732	893
2025-03-26 13:45:00	1.07733	1.07761	1.07725	1.07743	1114
2025-03-26 13:50:00	1.07745	1.07765	1.07731	1.0775	1033
2025-03-26 13:55:00	1.07749	1.07793	1.07739	1.07747	725
2025-03-26 14:00:00	1.07745	1.07777	1.07729	1.07759	683
2025-03-26 14:05:00	1.07757	1.07837	1.07753	1.07777	765
2025-03-26 14:10:00	1.07777	1.07879	1.07772	1.07879	755
2025-03-26 14:15:00	1.07879	1.07948	1.07859	1.07917	1249
2025-03-26 14:20:00	1.07918	1.07932	1.07861	1.07927	1166
2025-03-26 14:25:00	1.07928	1.0795	1.07912	1.07925	1174
2025-03-26 14:30:00	1.07928	1.07934	1.07879	1.07884	1001
2025-03-26 14:35:00	1.07887	1.07935	1.07883	1.07924	720
2025-03-26 14:40:00	1.07924	1.07936	1.07886	1.07932	1017
2025-03-26 14:45:00	1.0793	1.07951	1.07909	1.07926	829
2025-03-26 14:50:00	1.07926	1.0794	1.07917	1.07925	678
2025-03-26 14:55:00	1.07924	1.07927	1.07878	1.07906	782
2025-03-26 15:00:00	1.07905	1.07943	1.07899	1.07906	792
2025-03-26 15:05:00	1.07907	1.07908	1.07857	1.0787	856
2025-03-26 15:10:00	1.0787	1.07888	1.07859	1.07869	749
2025-03-26 15:15:00	1.0787	1.07889	1.07861	1.07863	696
2025-03-26 15:20:00	1.07864	1.07877	1.07827	1.07836	735
2025-03-26 15:25:00	1.07834	1.07861	1.07816	1.07849	691
2025-03-26 15:30:00	1.07849	1.0789	1.0784	1.07858	551
2025-03-26 15:35:00	1.0786	1.07895	1.07852	1.07854	595
2025-03-26 15:40:00	1.07857	1.07868	1.07831	1.07832	617
2025-03-26 15:45:00	1.0783	1.07841	1.07804	1.07815	849
2025-03-26 15:50:00	1.07815	1.07826	1.07784	1.07795	836
2025-03-26 15:55:00	1.07798	1.07821	1.07673	1.07807	2723
2025-03-26 16:00:00	1.07807	1.07833	1.07767	1.07775	1566
2025-03-26 16:05:00	1.07775	1.07828	1.07769	1.07814	1109
2025-03-26 16:10:00	1.07813	1.07839	1.07786	1.07806	836
2025-03-26 16:15:00	1.07808	1.07873	1.07791	1.0787	1023
2025-03-26 16:20:00	1.07872	1.07879	1.07841	1.0785	855
2025-03-26 16:25:00	1.07851	1.07906	1.07851	1.07877	867
2025-03-26 16:30:00	1.07878	1.07911	1.07861	1.07904	829
2025-03-26 16:35:00	1.07902	1.07912	1.07883	1.07901	539
2025-03-26 16:40:00	1.07902	1.07915	1.07866	1.07876	736
2025-03-26 16:45:00	1.07875	1.07915	1.07874	1.07905	543
2025-03-26 16:50:00	1.07905	1.07913	1.07878	1.07886	478
2025-03-26 16:55:00	1.07885	1.07896	1.07862	1.07874	615
2025-03-26 17:00:00	1.07875	1.07891	1.07845	1.07846	689
2025-03-26 17:05:00	1.07845	1.07872	1.07837	1.07846	602
2025-03-26 17:10:00	1.07845	1.0785	1.07801	1.07803	725
2025-03-26 17:15:00	1.07801	1.07801	1.07639	1.07642	2349
2025-03-26 17:20:00	1.07643	1.07664	1.07549	1.07601	1882
2025-03-26 17:25:00	1.07599	1076	1.07547	1.07568	1333
2025-03-26 17:30:00	1.07567	1.07579	1.07523	1.0753	1269
2025-03-26 17:35:00	1.07531	1.0757	1.07516	1.07564	991
2025-03-26 17:40:00	1.07564	1.07708	1.07559	1.07603	1797
2025-03-26 17:45:00	1.07602	1.07621	1.0758	1.07597	1012
2025-03-26 17:50:00	1.07597	1076	1.07526	1.07534	807
2025-03-26 17:55:00	1.07534	1.07565	1.07525	1.07565	745
2025-03-26 18:00:00	1.07563	1.07589	1.0756	1.07579	591
2025-03-26 18:05:00	1.0758	1.07614	1.0757	1.07587	808
2025-03-26 18:10:00	1.07589	1076	1.07562	1.0758	626
2025-03-26 18:15:00	1.07579	1.07602	1.0755	1.0755	372
2025-03-26 18:20:00	1.0755	1.07577	1.07544	1.07546	446
2025-03-26 18:25:00	1.07546	1.07565	1.07537	1.07546	760
2025-03-26 18:30:00	1.07549	1.07554	1.0753	1.07532	392
2025-03-26 18:35:00	1.07533	1.07565	1.07532	1.07556	246
2025-03-26 18:40:00	1.07556	1.07583	1.07556	1.07581	444
2025-03-26 18:45:00	1.07579	1.07588	1.07554	1.07554	402
2025-03-26 18:50:00	1.07556	1.07565	1.07548	1.07555	316
2025-03-26 18:55:00	1.07552	1.07565	1.0754	1.07551	431
2025-03-26 19:00:00	1.07552	1.07558	1.07527	1.07532	305
2025-03-26 19:05:00	1.07532	1.07535	1.07507	1.07509	293
2025-03-26 19:10:00	1.07509	1.07512	1.07491	1.07495	382
2025-03-26 19:15:00	1.07499	1.07511	1.0749	1.07501	363
2025-03-26 19:20:00	1.07501	1.07511	1.07491	1.07491	198
2025-03-26 19:25:00	1.07491	1.07491	1.07449	1.07454	412
2025-03-26 19:30:00	1.07455	1.0746	1.07437	1.07443	564
2025-03-26 19:35:00	1.07442	1.07466	1.07442	1.07461	364
2025-03-26 19:40:00	1.0746	1.07495	1.0746	1.07493	298
2025-03-26 19:45:00	1.07494	1.07516	1.07485	1.07516	433
2025-03-26 19:50:00	1.07514	1.07532	1.07505	1.07532	331
2025-03-26 19:55:00	1.07531	1.07531	1.07501	1.07512	687
2025-03-26 20:00:00	1.07512	1.07517	1.07505	1.07516	331
2025-03-26 20:05:00	1.07516	1.07532	1.07516	1.07526	126
2025-03-26 20:10:00	1.07529	1.07551	1.07527	1.07538	206
2025-03-26 20:15:00	1.07537	1.07544	1.07525	1.07531	232
2025-03-26 20:20:00	1.07529	1.07556	1.07523	1.07541	284
2025-03-26 20:25:00	1.07541	1.07546	1.07532	1.07532	208
2025-03-26 20:30:00	1.07532	1.07537	1.07528	1.07536	97
2025-03-26 20:35:00	1.07537	1.07551	1.07536	1.07544	308
2025-03-26 20:40:00	1.07546	1.07565	1.07538	1.07539	302
2025-03-26 20:45:00	1.07536	1.07547	1.07512	1.07512	241
2025-03-26 20:50:00	1.07514	1.07517	1.07503	1.07515	132
2025-03-26 20:55:00	1.07516	1.07535	1.07508	1.07528	661
2025-03-26 21:00:00	1.07524	1.07549	1.07521	1.07538	79
2025-03-26 21:05:00	1.07556	1.07556	1.07538	1.0754	59
2025-03-26 21:10:00	1.0754	1.0754	1.07519	1.07538	68
2025-03-26 21:15:00	1.07533	1.07547	1.07442	1.07447	424
2025-03-26 21:20:00	1.07447	1.07452	1.07403	1.07405	562
2025-03-26 21:25:00	1.07406	1.07406	1.07354	1.07372	376
2025-03-26 21:30:00	1.07371	1.07405	1.07344	1.07345	314
2025-03-26 21:35:00	1.07346	1.07423	1.07346	1.07383	296
2025-03-26 21:40:00	1.07383	1.07427	1.07362	1.07405	178
2025-03-26 21:45:00	1.07402	1.07438	1074	1074	174
2025-03-26 21:50:00	1.07401	1.0741	1.07386	1.07386	124
2025-03-26 21:55:00	1.07386	1.07405	1.07355	1.07362	150
2025-03-26 22:00:00	1.07363	1.07431	1.07363	1.07398	648
2025-03-26 22:05:00	1.07399	1.07444	1.07389	1.07405	580
2025-03-26 22:10:00	1.07406	1.0741	1.07365	1.07365	272
2025-03-26 22:15:00	1.07367	1.07393	1.07347	1.07376	1094
2025-03-26 22:20:00	1.07375	1.07383	1.07336	1.07365	628
2025-03-26 22:25:00	1.07365	1.07367	1.07328	1.07347	402
2025-03-26 22:30:00	1.07347	1.07354	1.07334	1.07341	428
2025-03-26 22:35:00	1.07344	1.0735	1.07331	1.07349	177
2025-03-26 22:40:00	1.07349	1.07368	1.07338	1.07363	145
2025-03-26 22:45:00	1.07364	1.07396	1.07361	1.07392	180
2025-03-26 22:50:00	1.07392	1.07392	1.07381	1.07392	148
2025-03-26 22:55:00	1.07392	1.07392	1.07365	1.0737	317
2025-03-26 23:00:00	1.07368	1.07392	1.07358	1.07361	248
2025-03-26 23:05:00	1.07362	1.07369	1.07354	1.07357	122
2025-03-26 23:10:00	1.07356	1.07394	1.07356	1.07393	124
2025-03-26 23:15:00	1.07395	1.07395	1.07378	1.07381	149
2025-03-26 23:20:00	1.0738	1.07423	1.07359	1.07414	347
2025-03-26 23:25:00	1.07415	1.07425	1.07407	1.0741	188
2025-03-26 23:30:00	1.07408	1.07425	1.07404	1.07407	167
2025-03-26 23:35:00	1.07409	1.07427	1.07409	1.07425	214
2025-03-26 23:40:00	1.07424	1.07437	1.07419	1.07436	85
2025-03-26 23:45:00	1.07436	1.07439	1.07428	1.07432	97
2025-03-26 23:50:00	1.07433	1.07443	1.07433	1.07439	86
2025-03-26 23:55:00	1.07436	1.07436	1.07402	1.07409	175
2025-03-27 00:00:00	1.07411	1.07443	1.07407	1.07441	394
2025-03-27 00:05:00	1.07441	1.07496	1.07441	1.07489	403
2025-03-27 00:10:00	1.0749	1.0749	1.0746	1.07474	255
2025-03-27 00:15:00	1.07473	1.07473	1.07431	1.07443	428
2025-03-27 00:20:00	1.07444	1.07469	1.07444	1.07445	192
2025-03-27 00:25:00	1.07445	1.07454	1.07432	1.07448	293
2025-03-27 00:30:00	1.07448	1.07494	1.07443	1.07477	259
2025-03-27 00:35:00	1.07477	1.07504	1.07476	1.07499	227
2025-03-27 00:40:00	1.07501	1.07529	1.07496	1.07499	385
2025-03-27 00:45:00	1.07498	1.07537	1.07494	1.07522	261
2025-03-27 00:50:00	1.07521	1.07557	1.07504	1.07546	497
2025-03-27 00:55:00	1.07547	1.07574	1.0754	1.07554	438
2025-03-27 01:00:00	1.07555	1.07594	1.0755	1.07592	377
2025-03-27 01:05:00	1.07592	1.07602	1.07576	1.07592	367
2025-03-27 01:10:00	1.07593	1.07603	1.07579	1.0759	361
2025-03-27 01:15:00	1.0759	1.07623	1.0759	1.07621	393
2025-03-27 01:20:00	1.07621	1.07638	1.07619	1.07637	350
2025-03-27 01:25:00	1.07636	1.07641	1.07625	1.0764	258
2025-03-27 01:30:00	1.07644	1.07653	1.07619	1.07623	442
2025-03-27 01:35:00	1.07627	1.07634	1.07606	1.07633	391
2025-03-27 01:40:00	1.07635	1.07643	1.07625	1.07628	332
2025-03-27 01:45:00	1.07629	1.07674	1.07625	1.07674	289
2025-03-27 01:50:00	1.07673	1.07688	1.07656	1.07678	456
2025-03-27 01:55:00	1.07678	1.07678	1.07648	1.07649	549
2025-03-27 02:00:00	1.07649	1077	1.07649	1.07693	455
2025-03-27 02:05:00	1.07694	1.07707	1.07678	1.07702	311
2025-03-27 02:10:00	1.07701	1.07745	1.07701	1.07741	465
2025-03-27 02:15:00	1.07742	1.07771	1.07732	1.07753	367
2025-03-27 02:20:00	1.07755	1.07769	1.07749	1.07757	352
2025-03-27 02:25:00	1.07755	1.07771	1.07739	1.07763	303
2025-03-27 02:30:00	1.07765	1.07798	1.07763	1.07795	397
2025-03-27 02:35:00	1.07794	1.07798	1.0776	1.0776	483
2025-03-27 02:40:00	1.07761	1.07773	1.07748	1.07767	298
2025-03-27 02:45:00	1.07769	1.07794	1.07763	1.07789	380
2025-03-27 02:50:00	1.0779	1.0779	1.07761	1.07767	256
2025-03-27 02:55:00	1.07769	1.07779	1.07756	1.07758	139
2025-03-27 03:00:00	1.07758	1.07771	1.07745	1.07745	384
2025-03-27 03:05:00	1.07745	1.07748	1.07732	1.07737	217
2025-03-27 03:10:00	1.07739	1.07777	1.07739	1.07764	223
2025-03-27 03:15:00	1.0777	1.07786	1.07769	1.0777	158
2025-03-27 03:20:00	1.07774	1.07774	1.07754	1.07759	97
2025-03-27 03:25:00	1.07758	1.07758	1.07727	1.07739	233
2025-03-27 03:30:00	1.07739	1.07754	1.07737	1.07749	318
2025-03-27 03:35:00	1.0775	1.07757	1.0774	1.0775	192
2025-03-27 03:40:00	1.0775	1.07756	1.07738	1.07747	197
2025-03-27 03:45:00	1.07748	1.07775	1.07748	1.07771	84
2025-03-27 03:50:00	1.0777	1.07797	1.07769	1.0779	130
2025-03-27 03:55:00	1.07791	1.07791	1.07772	1.0778	154
2025-03-27 04:00:00	1.07782	1.07808	1.07769	1.07806	212
2025-03-27 04:05:00	1.07804	1.07841	1.07801	1.07832	201
2025-03-27 04:10:00	1.07834	1.07844	1.07813	1.07819	169
2025-03-27 04:15:00	1.07823	1.07845	1.07812	1.07843	385
2025-03-27 04:20:00	1.07844	1.0786	1.07838	1.07838	237
2025-03-27 04:25:00	1.07841	1.07856	1.07839	1.07855	114
2025-03-27 04:30:00	1.07855	1.07859	1.07839	1.07852	157
2025-03-27 04:35:00	1.07852	1.07869	1.07821	1.07821	131
2025-03-27 04:40:00	1.07821	1.07827	1.0781	1.07823	260
2025-03-27 04:45:00	1.0782	1.0782	1.07799	1.07803	223
2025-03-27 04:50:00	1.07802	1.0781	1078	1.07805	246
2025-03-27 04:55:00	1.07805	1.07808	1.07796	1.07803	276
2025-03-27 05:00:00	1.07802	1.07802	1.07787	1.07793	206
2025-03-27 05:05:00	1.07793	1.07806	1.07784	1.07788	180
2025-03-27 05:10:00	1.07787	1.07788	1.07773	1.07778	121
2025-03-27 05:15:00	1.07777	1.07789	1.07772	1.07785	151
2025-03-27 05:20:00	1.07785	1.07811	1.07781	1078	189
2025-03-27 05:25:00	1078	1.07801	1.07784	1.07792	148
2025-03-27 05:30:00	1.07791	1.07791	1.07769	1.07786	205
2025-03-27 05:35:00	1.07788	1.07788	1.07768	1.07777	110
2025-03-27 05:40:00	1.07777	1.07791	1.07771	1.07772	158
2025-03-27 05:45:00	1.07772	1.07774	1.07755	1.07763	291
2025-03-27 05:50:00	1.07763	1.0777	1.07662	1.07664	817
2025-03-27 05:55:00	1.07659	1.07698	1.07636	1.07691	916
2025-03-27 06:00:00	1.0769	1.07733	1.0768	1.07725	518
2025-03-27 06:05:00	1.07727	1.07764	1.07698	1.07751	392
2025-03-27 06:10:00	1.07748	1.07752	1.07718	1.07729	538
2025-03-27 06:15:00	1.07729	1.07753	1.07726	1.07747	229
2025-03-27 06:20:00	1.07746	1.07755	1.07727	1.07741	195
2025-03-27 06:25:00	1.07741	1.07744	1.07718	1.07739	443
2025-03-27 06:30:00	1.07741	1.07785	1.07741	1.07761	396
2025-03-27 06:35:00	1.07762	1.0779	1.07751	1.07774	634
2025-03-27 06:40:00	1.07776	1.07824	1.07766	1.07819	621
2025-03-27 06:45:00	1.07818	1.07822	1.0777	1.07777	393
2025-03-27 06:50:00	1.07777	1.07777	1.07725	1.07755	368
2025-03-27 06:55:00	1.07754	1.07759	1.07716	1.07729	684
2025-03-27 07:00:00	1.07729	1.07729	1.0765	1.07664	1139
2025-03-27 07:05:00	1.07663	1.07683	1.07642	1.07672	863
2025-03-27 07:10:00	1.07672	1.0772	1.07656	1.0771	984
2025-03-27 07:15:00	1.07711	1.07743	1.07676	1.07682	892
2025-03-27 07:20:00	1.07681	1.07694	1.07654	1.07672	1111
2025-03-27 07:25:00	1.07672	1.07676	1.07623	1.07639	773
2025-03-27 07:30:00	1.07638	1.07638	1.0754	1.07568	1150
2025-03-27 07:35:00	1.07567	1.07667	1.07563	1.07657	965
2025-03-27 07:40:00	1.07658	1.07668	1.07632	1.07634	601
2025-03-27 07:45:00	1.07633	1.0766	1.07609	1.07649	675
2025-03-27 07:50:00	1.0765	1.07682	1.07635	1.07678	610
2025-03-27 07:55:00	1.07674	1.07694	1.07641	1.07644	816
2025-03-27 08:00:00	1.07646	1.07662	1076	1.0761	1494
2025-03-27 08:05:00	1.07611	1.07626	1.07573	1.0759	1323
2025-03-27 08:10:00	1.07589	1.07652	1.07584	1.07637	1518
2025-03-27 08:15:00	1.07636	1.07651	1.07599	1.07649	961
2025-03-27 08:20:00	1.07648	1.07656	1.07601	1.07633	852
2025-03-27 08:25:00	1.07633	1.07656	1.07554	1.0758	1160
2025-03-27 08:30:00	1.07578	1.07644	1.07569	1.07644	761
2025-03-27 08:35:00	1.07644	1.07715	1.07626	1.07677	980
2025-03-27 08:40:00	1.07677	1.07732	1.07658	1.0772	720
2025-03-27 08:45:00	1.07721	1.07764	1.07707	1.07757	776
2025-03-27 08:50:00	1.07757	1.07766	1.07699	1.07744	745
2025-03-27 08:55:00	1.07741	1.07765	1.07725	1.07758	748
2025-03-27 09:00:00	1.07756	1.0779	1.07754	1.07775	877
2025-03-27 09:05:00	1.07772	1.07772	1.07715	1.07733	840
2025-03-27 09:10:00	1.07733	1.07744	1.07706	1.07731	559
2025-03-27 09:15:00	1.07731	1.07737	1077	1.07724	543
2025-03-27 09:20:00	1.07725	1.07725	1.07679	1.07688	573
2025-03-27 09:25:00	1.07687	1.07688	1.07655	1.07661	583
2025-03-27 09:30:00	1.07661	1.07682	1.07633	1.0765	651
2025-03-27 09:35:00	1.07652	1.07657	1.07615	1.0762	474
2025-03-27 09:40:00	1.0762	1.07651	1.0761	1.07647	416
2025-03-27 09:45:00	1.07647	1.0768	1.07641	1.07675	548
2025-03-27 09:50:00	1.07673	1.07681	1.07651	1.07667	551
2025-03-27 09:55:00	1.07668	1.07712	1.07668	1.07707	588
2025-03-27 10:00:00	1.07706	1.07729	1.07698	1.07728	759
2025-03-27 10:05:00	1.07727	1.07729	1.07706	1.0772	683
2025-03-27 10:10:00	1.07719	1.07721	1.07667	1.07686	631
2025-03-27 10:15:00	1.07685	1.07686	1.07665	1.07675	716
2025-03-27 10:20:00	1.07676	1.07734	1.07666	1.07721	762
2025-03-27 10:25:00	1.0772	1.07742	1.07684	1.07697	654
2025-03-27 10:30:00	1.07696	1.0772	1.07676	1.07718	572
2025-03-27 10:35:00	1.07718	1.07739	1.07703	1.07721	474
2025-03-27 10:40:00	1.07721	1.0777	1.07721	1.07766	522
2025-03-27 10:45:00	1.07768	1.07785	1.07762	1.07782	531
2025-03-27 10:50:00	1.0778	1.07807	1.07779	1078	435
2025-03-27 10:55:00	1078	1.07816	1.07768	1.07816	569
2025-03-27 11:00:00	1.07815	1.07871	1.07786	1.07868	809
2025-03-27 11:05:00	1.07868	1.07995	1.07868	1.07993	802
2025-03-27 11:10:00	1.07993	1.07993	1.07916	1.0796	502
2025-03-27 11:15:00	1.07959	1.07963	1.07878	1.07885	686
2025-03-27 11:20:00	1.07885	1.07885	1.07848	1.0788	506
2025-03-27 11:25:00	1.07879	1.07881	1.07827	1.07845	565
2025-03-27 11:30:00	1.07843	1.0788	1.0784	1.07861	502
2025-03-27 11:35:00	1.07862	1.07866	1.07834	1.07845	490
2025-03-27 11:40:00	1.07845	1.07846	1.07793	1.07797	601
2025-03-27 11:45:00	1.07798	1.07852	1.07792	1.07838	494
2025-03-27 11:50:00	1.07837	1.07877	1.07834	1.07836	549
2025-03-27 11:55:00	1.07835	1.07874	1.07835	1.07868	582
2025-03-27 12:00:00	1.07868	1.07886	1.07864	1.0787	648
2025-03-27 12:05:00	1.07871	1079	1.07838	1.07898	346
2025-03-27 12:10:00	1.07898	1.07939	1.07895	1.07935	531
2025-03-27 12:15:00	1.07935	1.07936	1.07903	1.0791	386
2025-03-27 12:20:00	1.07913	1.07914	1.07862	1.0788	437
2025-03-27 12:25:00	1.07882	1.07911	1.07879	1.07888	778
2025-03-27 12:30:00	1.07889	1.07967	1.07884	1.07915	1179
2025-03-27 12:35:00	1.07916	1.07972	1.07913	1.07971	745
2025-03-27 12:40:00	1.07972	1.07977	1.07953	1.07964	488
2025-03-27 12:45:00	1.07964	1.07981	1.07935	1.07945	492
2025-03-27 12:50:00	1.07944	1.07946	1.0788	1.07883	516
2025-03-27 12:55:00	1.07884	1.07884	1.0783	1.07868	913
2025-03-27 13:00:00	1.0787	1.07902	1.07844	1.07852	717
2025-03-27 13:05:00	1.07851	1.07924	1.07841	1.07852	609
2025-03-27 13:10:00	1.07855	1.07875	1.0781	1.07823	485
2025-03-27 13:15:00	1.07824	1.07844	1.07809	1.07825	577
2025-03-27 13:20:00	1.07825	1.07825	1.07769	1078	667
2025-03-27 13:25:00	1.07798	1.07805	1.07782	1.07795	681
2025-03-27 13:30:00	1.07795	1.07814	1.07779	1078	681
2025-03-27 13:35:00	1.07799	1.07895	1.07795	1.07886	674
2025-03-27 13:40:00	1.07888	1.07964	1.07881	1.07959	783
2025-03-27 13:45:00	1.07959	1.07971	1.07874	1.07879	801
2025-03-27 13:50:00	1.0788	1.07889	1.07788	1.07806	1034
2025-03-27 13:55:00	1.07807	1.07824	1.07762	1.07797	1087
2025-03-27 14:00:00	1078	1.07881	1.07789	1.07851	995
2025-03-27 14:05:00	1.07851	1.07875	1.07834	1.07839	786
2025-03-27 14:10:00	1.07839	1.07849	1.0781	1.07825	724
2025-03-27 14:15:00	1.07829	1.07842	1.07799	1.07827	753
2025-03-27 14:20:00	1.07825	1.0783	1.07779	1.07798	755
2025-03-27 14:25:00	1.07797	1.07818	1.07786	1.07813	620
2025-03-27 14:30:00	1.07813	1.07813	1.07771	1.0779	776
2025-03-27 14:35:00	1.07788	1.07836	1.07774	1.07835	792
2025-03-27 14:40:00	1.07835	1.07845	1.07814	1.0782	648
2025-03-27 14:45:00	1.07821	1.07885	1.07794	1.07879	740
2025-03-27 14:50:00	1.07879	1.07945	1.0787	1.07897	732
2025-03-27 14:55:00	1.07896	1.0792	1.07868	1.07891	772
2025-03-27 15:00:00	1.07892	1.07917	1.07856	1.07869	630
2025-03-27 15:05:00	1.07869	1.0793	1.07853	1.07895	579
2025-03-27 15:10:00	1.07894	1.07936	1.07877	1.07922	820
2025-03-27 15:15:00	1.07921	1.07973	1.0792	1.07953	733
2025-03-27 15:20:00	1.07954	1.07968	1.07918	1.07958	662
2025-03-27 15:25:00	1.0796	1.07984	1.07954	1.07976	526
2025-03-27 15:30:00	1.07974	1.08134	1.07967	1.08075	1213
2025-03-27 15:35:00	1.08073	1.08134	1.08072	1.08133	925
2025-03-27 15:40:00	1.08134	1.0821	1.08119	1.08156	1131
2025-03-27 15:45:00	1.08155	1.0819	1.08132	1.08185	1470
2025-03-27 15:50:00	1.08186	1.08202	1.08069	1.08069	1637
2025-03-27 15:55:00	1.08067	1.08073	1.07967	1.07995	2079
2025-03-27 16:00:00	1.07995	1.07998	1.07949	1.07989	1715
2025-03-27 16:05:00	1.07989	1.07995	1.0793	1.07959	763
2025-03-27 16:10:00	1.07965	1.0798	1.07934	1.0794	613
2025-03-27 16:15:00	1.07941	1.07993	1.0794	1.07987	635
2025-03-27 16:20:00	1.07989	1.07997	1.07938	1.07939	723
2025-03-27 16:25:00	1.07941	1.07967	1.07929	1.07959	720
2025-03-27 16:30:00	1.07961	1.07984	1.07919	1.0793	647
2025-03-27 16:35:00	1.07933	1.07965	1.07918	1.0796	528
2025-03-27 16:40:00	1.0796	1.07962	1.07914	1.07936	442
2025-03-27 16:45:00	1.07939	1.07969	1.07938	1.07945	517
2025-03-27 16:50:00	1.07945	1.0797	1.07918	1.0795	595
2025-03-27 16:55:00	1.0795	1.07992	1.07949	1.07989	599
2025-03-27 17:00:00	1.07989	1.07998	1.07964	1.07996	445
2025-03-27 17:05:00	1.07997	1.08037	1.07985	1.0802	523
2025-03-27 17:10:00	1.0802	1.08067	1.08017	1.08044	577
2025-03-27 17:15:00	1.08045	1.08085	1.08035	1.0808	560
2025-03-27 17:20:00	1.08079	1.08079	1.08016	1.08019	562
2025-03-27 17:25:00	1.08017	1.08017	1.07977	1.07979	390
2025-03-27 17:30:00	1.0798	1.07992	1.07958	1.0798	447
2025-03-27 17:35:00	1.0798	1.07983	1.07942	1.07945	387
2025-03-27 17:40:00	1.07944	1.07944	1.07918	1.07923	465
2025-03-27 17:45:00	1.07922	1.07946	1.07918	1.07924	413
2025-03-27 17:50:00	1.07925	1.0795	1.07923	1.07924	273
2025-03-27 17:55:00	1.07924	1.07933	1.07893	1.07895	547
2025-03-27 18:00:00	1.07896	1.07915	1.07889	1.07913	377
2025-03-27 18:05:00	1.07917	1.07926	1.07904	1.0792	264
2025-03-27 18:10:00	1.07919	1.07959	1.07918	1.07958	241
2025-03-27 18:15:00	1.07959	1.07961	1.07941	1.07949	163
2025-03-27 18:20:00	1.0795	1.07954	1.07913	1.07929	236
2025-03-27 18:25:00	1.07931	1.07964	1.07926	1.07958	324
2025-03-27 18:30:00	1.07958	1.07981	1.07945	1.07946	378
2025-03-27 18:35:00	1.07946	1.07957	1.07934	1.07936	355
2025-03-27 18:40:00	1.07935	1.07954	1.07919	1.07944	261
2025-03-27 18:45:00	1.07941	1.07962	1.07939	1.07945	243
2025-03-27 18:50:00	1.07944	1.07944	1.07924	1.07925	134
2025-03-27 18:55:00	1.07926	1.07945	1.07904	1.07908	393
2025-03-27 19:00:00	1.07907	1.07912	1.07881	1.07889	395
2025-03-27 19:05:00	1.07889	1.07942	1.07884	1.07942	300
2025-03-27 19:10:00	1.0794	1.07965	1.07934	1.07956	144
2025-03-27 19:15:00	1.07955	1.07971	1.07949	1.07954	215
2025-03-27 19:20:00	1.07953	1.0797	1.07951	1.07963	195
2025-03-27 19:25:00	1.07962	1.07981	1.0796	1.07979	158
2025-03-27 19:30:00	1.07978	1.07984	1.07969	1.07983	260
2025-03-27 19:35:00	1.07981	1.07988	1.07975	1.07985	183
2025-03-27 19:40:00	1.07985	1.07996	1.07978	1.07984	381
2025-03-27 19:45:00	1.07983	1.07993	1.0797	1.0797	156
2025-03-27 19:50:00	1.07968	1.07976	1.07955	1.07966	234
2025-03-27 19:55:00	1.07967	1.07967	1.07938	1.07947	276
2025-03-27 20:00:00	1.07945	1.07962	1.07936	1.07962	165
2025-03-27 20:05:00	1.07965	1.07967	1.07958	1.07965	53
2025-03-27 20:10:00	1.07966	1.07982	1.07965	1.07965	83
2025-03-27 20:15:00	1.07966	1.07978	1.07966	1.07977	43
2025-03-27 20:20:00	1.07973	1.07984	1.0796	1.07962	56
2025-03-27 20:25:00	1.07962	1.07966	1.07962	1.07965	56
2025-03-27 20:30:00	1.07964	1.07973	1.07959	1.07968	79
2025-03-27 20:35:00	1.07969	1.07985	1.07967	1.07985	86
2025-03-27 20:40:00	1.07986	1.07989	1.07981	1.07988	115
2025-03-27 20:45:00	1.07987	1.07999	1.07987	1.07996	101
2025-03-27 20:50:00	1.07997	1.08017	1.07995	1.08015	240
2025-03-27 20:55:00	1.08014	1.0802	1.08007	1.08007	323
2025-03-27 21:00:00	1.08004	1.08004	1.07941	1.07941	25
2025-03-27 21:05:00	1.07974	1.07976	1.07949	1.07972	76
2025-03-27 21:10:00	1.07973	1.07994	1.0795	1.07978	97
2025-03-27 21:15:00	1.07976	1.07986	1.07953	1.07955	802
2025-03-27 21:20:00	1.07955	1.07968	1.07954	1.07965	97
2025-03-27 21:25:00	1.07964	1.07968	1.07961	1.07968	130
2025-03-27 21:30:00	1.07969	1.07969	1.07957	1.07968	111
2025-03-27 21:35:00	1.07968	1.07968	1.07958	1.07961	96
2025-03-27 21:40:00	1.07966	1.07972	1.07962	1.07969	55
2025-03-27 21:45:00	1.07972	1.07973	1.07963	1.07972	65
2025-03-27 21:50:00	1.0797	1.07973	1.07967	1.07972	57
2025-03-27 21:55:00	1.07971	1.07973	1.07969	1.07969	39
2025-03-27 22:00:00	1.07971	1.07987	1.07969	1.07978	184
2025-03-27 22:05:00	1.07976	1.07976	1.07963	1.07969	137
2025-03-27 22:10:00	1.07968	1.07968	1.07955	1.07956	109
2025-03-27 22:15:00	1.07957	1.07964	1.07957	1.0796	85
2025-03-27 22:20:00	1.07959	1.07969	1.07959	1.07965	97
2025-03-27 22:25:00	1.07964	1.07966	1.07958	1.07963	77
2025-03-27 22:30:00	1.07964	1.07981	1.07961	1.0798	109
2025-03-27 22:35:00	1.07978	1.0798	1.0797	1.07974	39
2025-03-27 22:40:00	1.07973	1.07976	1.07969	1.07969	132
2025-03-27 22:45:00	1.0797	1.07974	1.07965	1.07967	80
2025-03-27 22:50:00	1.07967	1.07978	1.07966	1.07973	24
2025-03-27 22:55:00	1.07972	1.07973	1.07951	1.07963	139
2025-03-27 23:00:00	1.07963	1.07971	1.0796	1.07961	51
2025-03-27 23:05:00	1.07962	1.07972	1.07961	1.0797	107
2025-03-27 23:10:00	1.07972	1.07977	1.07971	1.07977	80
2025-03-27 23:15:00	1.07977	1.07979	1.07971	1.07974	66
2025-03-27 23:20:00	1.07973	1.07973	1.07967	1.0797	22
2025-03-27 23:25:00	1.07967	1.07975	1.07966	1.07971	70
2025-03-27 23:30:00	1.07971	1.07997	1.07966	1.07985	154
2025-03-27 23:35:00	1.07984	1.07999	1.07981	1.07999	75
2025-03-27 23:40:00	1.08	1.08012	1.07999	1.08006	31
2025-03-27 23:45:00	1.08006	1.08006	1.07993	1.07996	142
2025-03-27 23:50:00	1.07997	1.08006	1.07995	1.07999	63
2025-03-27 23:55:00	1.08001	1.0801	1.07999	1.08006	97
2025-03-28 00:00:00	1.08005	1.08005	1.07961	1.0797	413
2025-03-28 00:05:00	1.0797	1.07973	1.07954	1.07965	284
2025-03-28 00:10:00	1.07963	1.07963	1.07941	1.07946	230
2025-03-28 00:15:00	1.07945	1.07945	1.07919	1.07931	213
2025-03-28 00:20:00	1.07929	1.07949	1.07917	1.07948	286
2025-03-28 00:25:00	1.07949	1.07965	1.0794	1.0794	206
2025-03-28 00:30:00	1.07942	1.07947	1.07919	1.07922	275
2025-03-28 00:35:00	1.07922	1.07923	1.07898	1.07911	440
2025-03-28 00:40:00	1.07911	1.07911	1.07879	1.07892	550
2025-03-28 00:45:00	1.0789	1.07906	1.07885	1.07905	217
2025-03-28 00:50:00	1.07908	1.07935	1.07904	1.07931	395
2025-03-28 00:55:00	1.0793	1.0795	1.07919	1.07948	327
2025-03-28 01:00:00	1.07949	1.07962	1.07945	1.07961	439
2025-03-28 01:05:00	1.07962	1.07963	1.07935	1.07951	314
2025-03-28 01:10:00	1.07952	1.07956	1.0794	1.07956	333
2025-03-28 01:15:00	1.07954	1.0798	1.07952	1.07966	496
2025-03-28 01:20:00	1.07965	1.07968	1.07937	1.07939	334
2025-03-28 01:25:00	1.07939	1.07944	1.07924	1.07935	283
2025-03-28 01:30:00	1.07934	1.07962	1.07933	1.07955	198
2025-03-28 01:35:00	1.07954	1.07987	1.07945	1.07963	271
2025-03-28 01:40:00	1.07962	1.07969	1.07947	1.07964	278
2025-03-28 01:45:00	1.07962	1.07962	1.07944	1.07948	228
2025-03-28 01:50:00	1.07947	1.07947	1.07927	1.0793	216
2025-03-28 01:55:00	1.07929	1.07939	1.07913	1.07934	275
2025-03-28 02:00:00	1.07936	1.07967	1.0793	1.07944	287
2025-03-28 02:05:00	1.07942	1.07946	1.07938	1.07941	121
2025-03-28 02:10:00	1.07944	1.07945	1.07932	1.07935	307
2025-03-28 02:15:00	1.07935	1.07941	1.07929	1.07935	270
2025-03-28 02:20:00	1.07936	1.07961	1.07933	1.07955	232
2025-03-28 02:25:00	1.07957	1.07959	1.07934	1.07936	188
2025-03-28 02:30:00	1.07935	1.07938	1.07922	1.07931	250
2025-03-28 02:35:00	1.07931	1.07931	1.07915	1.07924	160
2025-03-28 02:40:00	1.07921	1.07924	1.07901	1.07907	270
2025-03-28 02:45:00	1.07908	1.07925	1.07904	1.07913	281
2025-03-28 02:50:00	1.07914	1.07938	1.07911	1.07937	237
2025-03-28 02:55:00	1.07937	1.07946	1.07929	1.07944	399
2025-03-28 03:00:00	1.07944	1.07967	1.07944	1.07954	246
2025-03-28 03:05:00	1.07953	1.07963	1.07946	1.07947	166
2025-03-28 03:10:00	1.07947	1.07965	1.07944	1.07958	99
2025-03-28 03:15:00	1.07959	1.07962	1.07935	1.0794	151
2025-03-28 03:20:00	1.07939	1.07958	1.07937	1.07946	139
2025-03-28 03:25:00	1.07946	1.07952	1.07927	1.07927	161
2025-03-28 03:30:00	1.07929	1.07942	1.07928	1.07938	77
2025-03-28 03:35:00	1.07938	1.07942	1.07931	1.0794	163
2025-03-28 03:40:00	1.07939	1.07943	1.07922	1.07935	237
2025-03-28 03:45:00	1.07935	1.07942	1.07927	1.07938	199
2025-03-28 03:50:00	1.07937	1.07941	1.07916	1.07918	263
2025-03-28 03:55:00	1.07916	1.07924	1.07907	1.07917	164
2025-03-28 04:00:00	1.07917	1.07928	1.07906	1.07911	210
2025-03-28 04:05:00	1.07911	1.07917	1.07877	1.0789	295
2025-03-28 04:10:00	1.07891	1.07892	1.07871	1.07876	269
2025-03-28 04:15:00	1.07876	1.0789	1.07873	1.07874	248
2025-03-28 04:20:00	1.07873	1.07875	1.07845	1.07867	539
2025-03-28 04:25:00	1.07867	1.07887	1.0786	1.07867	202
2025-03-28 04:30:00	1.07868	1.07873	1.07854	1.0786	107
2025-03-28 04:35:00	1.07861	1.07884	1.07855	1.07884	232
2025-03-28 04:40:00	1.07885	1.07903	1.07884	1.07895	209
2025-03-28 04:45:00	1.07894	1.07899	1.07888	1.07888	132
2025-03-28 04:50:00	1.07887	1.07887	1.0787	1.0788	144
2025-03-28 04:55:00	1.07879	1.07885	1.07876	1.07884	234
2025-03-28 05:00:00	1.07884	1.07904	1.07879	1079	348
2025-03-28 05:05:00	1.07899	1.07903	1.07892	1.07899	341
2025-03-28 05:10:00	1.07899	1.07899	1.07875	1.07879	217
2025-03-28 05:15:00	1.07877	1.07885	1.07875	1.07881	168
2025-03-28 05:20:00	1.07882	1.07882	1.07861	1.07873	243
2025-03-28 05:25:00	1.07873	1.07892	1.07869	1.07891	148
2025-03-28 05:30:00	1.07891	1.07901	1.07878	1.07895	284
2025-03-28 05:35:00	1.07893	1.07905	1.07893	1079	186
2025-03-28 05:40:00	1.07901	1.07901	1.07877	1.07883	217
2025-03-28 05:45:00	1.07884	1.07886	1.07866	1.07872	213
2025-03-28 05:50:00	1.0787	1.07886	1.07869	1.07884	187
2025-03-28 05:55:00	1.07884	1.07931	1.07884	1.07907	459
2025-03-28 06:00:00	1.07906	1.0792	1.07892	1.07906	251
2025-03-28 06:05:00	1.07904	1.07909	1.0789	1.07891	87
2025-03-28 06:10:00	1.0789	1.07893	1.07868	1.07868	285
2025-03-28 06:15:00	1.0787	1.07878	1.07854	1.07857	196
2025-03-28 06:20:00	1.07857	1.07873	1.07857	1.07871	196
2025-03-28 06:25:00	1.0787	1.07888	1.07855	1.0786	355
2025-03-28 06:30:00	1.07858	1.07864	1.07845	1.07854	253
2025-03-28 06:35:00	1.07854	1.07859	1.07826	1.07828	301
2025-03-28 06:40:00	1.07829	1.07875	1.07824	1.07868	344
2025-03-28 06:45:00	1.07873	1.07895	1.07871	1.07872	165
2025-03-28 06:50:00	1.07873	1.07883	1.0785	1.07853	244
2025-03-28 06:55:00	1.07852	1.07856	1.07831	1.07848	324
2025-03-28 07:00:00	1.07848	1.07883	1.07838	1.07849	440
2025-03-28 07:05:00	1.07848	1.07894	1.07836	1.07888	385
2025-03-28 07:10:00	1.07887	1.07911	1.07857	1.07902	570
2025-03-28 07:15:00	1.07904	1.07945	1.07877	1.07943	653
2025-03-28 07:20:00	1.07943	1.07968	1.07921	1.07954	595
2025-03-28 07:25:00	1.07954	1.07995	1.07951	1.07992	399
2025-03-28 07:30:00	1.07993	1.07998	1.07964	1.0797	598
2025-03-28 07:35:00	1.07968	1.07985	1.07937	1.0794	533
2025-03-28 07:40:00	1.0794	1.07945	1.07904	1.0791	606
2025-03-28 07:45:00	1.07903	1.0791	1.07865	1.07896	649
2025-03-28 07:50:00	1.07892	1.07901	1.0786	1.07876	459
2025-03-28 07:55:00	1.07872	1.07883	1.07815	1.0787	640
2025-03-28 08:00:00	1.07867	1.07964	1.07849	1.07942	1332
2025-03-28 08:05:00	1.07941	1.0795	1.07906	1.07908	771
2025-03-28 08:10:00	1.07908	1.07909	1.07832	1.07847	815
2025-03-28 08:15:00	1.07845	1.0787	1.07825	1.07848	605
2025-03-28 08:20:00	1.07848	1.07848	1.07784	1.07815	578
2025-03-28 08:25:00	1.07813	1.07836	1.07797	1.07797	393
2025-03-28 08:30:00	1.07797	1.07808	1.07751	1.07771	814
2025-03-28 08:35:00	1.07771	1.0782	1.07761	1.07781	623
2025-03-28 08:40:00	1.07781	1.07801	1.07757	1.0777	875
2025-03-28 08:45:00	1.0777	1.07792	1.07752	1.07788	634
2025-03-28 08:50:00	1.0779	1.07798	1.07783	1.07797	326
2025-03-28 08:55:00	1.07794	1.07809	1.07774	1.07782	498
2025-03-28 09:00:00	1.07782	1.07804	1.07748	1.07762	807
2025-03-28 09:05:00	1.07761	1.0779	1.07749	1.07771	505
2025-03-28 09:10:00	1.07771	1.07784	1.07753	1.0776	672
2025-03-28 09:15:00	1.0776	1.07797	1.07747	1.07773	479
2025-03-28 09:20:00	1.07773	1.07774	1.07699	1.07711	861
2025-03-28 09:25:00	1.07713	1.0773	1.07687	1.07714	724
2025-03-28 09:30:00	1.07715	1.07727	1.07702	1.07719	651
2025-03-28 09:35:00	1.07719	1.07769	1.0771	1.07747	605
2025-03-28 09:40:00	1.07746	1.0779	1.07744	1.07785	533
2025-03-28 09:45:00	1.07784	1.07795	1.07765	1.07778	617
2025-03-28 09:50:00	1.07779	1.07779	1.07728	1.07731	530
2025-03-28 09:55:00	1.0773	1.07751	1.07727	1.07734	465
2025-03-28 10:00:00	1.07735	1.0775	1.07709	1.07711	434
2025-03-28 10:05:00	1.07712	1.07718	1.07674	1.07716	615
2025-03-28 10:10:00	1.07715	1.07735	1.07697	1.07734	654
2025-03-28 10:15:00	1.07734	1.0775	1.07719	1.07744	574
2025-03-28 10:20:00	1.07745	1.07754	1.07717	1.07753	517
2025-03-28 10:25:00	1.07753	1.0776	1.07732	1.0776	441
2025-03-28 10:30:00	1.07764	1.07784	1.07715	1.07729	768
2025-03-28 10:35:00	1.07728	1.07759	1.07725	1.07743	519
2025-03-28 10:40:00	1.07743	1.07784	1.0774	1.07773	402
2025-03-28 10:45:00	1.07773	1.07775	1.07737	1.07738	549
2025-03-28 10:50:00	1.0774	1.07771	1.07725	1.07734	481
2025-03-28 10:55:00	1.07732	1.07744	1.07685	1.07685	714
2025-03-28 11:00:00	1.07686	1.07702	1.07644	1.07666	603
2025-03-28 11:05:00	1.07666	1.07717	1.07666	1.07711	495
2025-03-28 11:10:00	1.07711	1.07715	1.0768	1.07691	401
2025-03-28 11:15:00	1.07691	1.07699	1.07678	1.07681	348
2025-03-28 11:20:00	1.07681	1.07709	1.0768	1.07694	330
2025-03-28 11:25:00	1.07694	1.07713	1.07683	1.0771	258
2025-03-28 11:30:00	1.07711	1.07716	1.07678	1.07698	417
2025-03-28 11:35:00	1.07702	1.07724	1.07682	1.07694	455
2025-03-28 11:40:00	1.07692	1.07723	1.07689	1.07712	437
2025-03-28 11:45:00	1.07712	1.07741	1.07707	1.07733	366
2025-03-28 11:50:00	1.07735	1.07735	1.07695	1.07725	374
2025-03-28 11:55:00	1.07724	1.07747	1.07716	1.07716	311
2025-03-28 12:00:00	1.07717	1.07731	1.07666	1.07668	474
2025-03-28 12:05:00	1.07667	1.07672	1.07653	1.07671	356
2025-03-28 12:10:00	1.07671	1.0772	1.07659	1.07703	345
2025-03-28 12:15:00	1.07703	1.07729	1.07697	1.07719	437
2025-03-28 12:20:00	1.07717	1.07724	1.0769	1.07717	420
2025-03-28 12:25:00	1.07716	1.07738	1.07696	1.07697	696
2025-03-28 12:30:00	1.07695	1.07787	1.07651	1.0778	1193
2025-03-28 12:35:00	1.0778	1.0781	1.0776	1.07786	900
2025-03-28 12:40:00	1.07786	1.07807	1.07745	1.07803	835
2025-03-28 12:45:00	1.07803	1.07831	1.07799	1.07826	717
2025-03-28 12:50:00	1.07827	1.07909	1.07824	1.07884	832
2025-03-28 12:55:00	1.07884	1.07918	1.0783	1.07888	1173
2025-03-28 13:00:00	1.07887	1.07887	1.07848	1.07866	645
2025-03-28 13:05:00	1.07868	1.0804	1.07847	1.07968	1646
2025-03-28 13:10:00	1.07968	1.07969	1.07875	1.07931	1557
2025-03-28 13:15:00	1.0793	1.08042	1.07901	1.08042	987
2025-03-28 13:20:00	1.08042	1.08096	1.0804	1.08078	1163
2025-03-28 13:25:00	1.0808	1.08099	1.08035	1.0804	1216
2025-03-28 13:30:00	1.08038	1.08082	1.0802	1.08048	1285
2025-03-28 13:35:00	1.08051	1.08058	1.08	1.08037	834
2025-03-28 13:40:00	1.08036	1.08054	1.08007	1.08029	964
2025-03-28 13:45:00	1.08029	1.08044	1.08007	1.08031	697
2025-03-28 13:50:00	1.08032	1.08168	1.08032	1.08149	846
2025-03-28 13:55:00	1.08148	1.0815	1.08089	1.08103	907
2025-03-28 14:00:00	1.08103	1.08195	1.0809	1.08178	931
2025-03-28 14:05:00	1.08178	1.08211	1.08149	1.08203	932
2025-03-28 14:10:00	1.08203	1.08211	1.08136	1.0816	1077
2025-03-28 14:15:00	1.08158	1.08249	1.08139	1.08245	952
2025-03-28 14:20:00	1.08246	1.08311	1.08245	1.08273	1141
2025-03-28 14:25:00	1.08272	1083	1.08272	1.08274	647
2025-03-28 14:30:00	1.08274	1.08306	1.08238	1.08303	914
2025-03-28 14:35:00	1.08303	1.08314	1.0821	1.08232	996
2025-03-28 14:40:00	1.08233	1.08265	1.0823	1.08238	801
2025-03-28 14:45:00	1.08238	1.08291	1.08234	1.08269	628
2025-03-28 14:50:00	1.08268	1.08268	1.08196	1.08197	621
2025-03-28 14:55:00	1082	1.08238	1.08187	1.08229	1018
2025-03-28 15:00:00	1.08229	1.08334	1.08228	1.08314	915
2025-03-28 15:05:00	1.08315	1.08336	1.0829	1.08329	694
2025-03-28 15:10:00	1.08326	1.08358	1.08313	1.08333	1191
2025-03-28 15:15:00	1.08332	1.08357	1.08315	1.08353	894
2025-03-28 15:20:00	1.08354	1.08424	1.08354	1.08421	1012
2025-03-28 15:25:00	1.0842	1.08432	1.08387	1.08407	925
2025-03-28 15:30:00	1.08405	1.08444	1.08402	1.0843	745
2025-03-28 15:35:00	1.08428	1.08447	1.08389	1.08391	698
2025-03-28 15:40:00	1.08387	1.08392	1.08323	1.08336	917
2025-03-28 15:45:00	1.08335	1.08339	1.08275	1.08277	998
2025-03-28 15:50:00	1.08278	1.08287	1.08204	1.0821	1090
2025-03-28 15:55:00	1.0821	1.08248	1.08189	1.08248	1536
2025-03-28 16:00:00	1.08249	1083	1.08244	1.0829	914
2025-03-28 16:05:00	1.0829	1.0831	1.08262	1.08302	781
2025-03-28 16:10:00	1083	1.08303	1.08215	1.08216	758
2025-03-28 16:15:00	1.08217	1.08269	1.08217	1.08259	506
2025-03-28 16:20:00	1.0826	1.0833	1.0826	1.08318	686
2025-03-28 16:25:00	1.08319	1.08321	1.08292	1.08307	545
2025-03-28 16:30:00	1.08309	1.08324	1.08292	1.08302	486
2025-03-28 16:35:00	1.08301	1.08325	1.08242	1.08246	500
2025-03-28 16:40:00	1.08247	1.08275	1.08247	1.08273	415
2025-03-28 16:45:00	1.08273	1.08282	1.08216	1.08218	539
2025-03-28 16:50:00	1.08216	1.08253	1.08209	1.08232	421
2025-03-28 16:55:00	1.08232	1.08239	1.08199	1.08215	443
2025-03-28 17:00:00	1.08215	1.0822	1.08182	1.08182	502
2025-03-28 17:05:00	1.08182	1.08215	1.08174	1.08215	424
2025-03-28 17:10:00	1.08216	1.08236	1.08205	1.08206	462
2025-03-28 17:15:00	1.08207	1.08209	1.08155	1.08158	662
2025-03-28 17:20:00	1.08155	1.08164	1.0812	1.08162	483
2025-03-28 17:25:00	1.08162	1.08205	1.08158	1.08178	463
2025-03-28 17:30:00	1.08178	1.08261	1.08167	1.08258	705
2025-03-28 17:35:00	1.08259	1.08286	1.08254	1.08256	482
2025-03-28 17:40:00	1.08257	1.08285	1.08257	1.08275	390
2025-03-28 17:45:00	1.08276	1.08278	1.0826	1.08262	404
2025-03-28 17:50:00	1.08264	1.08266	1.08216	1.08218	403
2025-03-28 17:55:00	1.08218	1.08218	1.08187	1.08195	395
2025-03-28 18:00:00	1.08193	1.08206	1.08182	1.08205	388
2025-03-28 18:05:00	1.08204	1.08206	1.08149	1.08184	293
2025-03-28 18:10:00	1.08182	1.08187	1.08138	1.08155	292
2025-03-28 18:15:00	1.08156	1.08175	1.08135	1.08164	300
2025-03-28 18:20:00	1.08163	1.08187	1.08162	1.08186	219
2025-03-28 18:25:00	1.08184	1.08216	1.0817	1.08198	477
2025-03-28 18:30:00	1.08196	1.08257	1.08191	1.08251	358
2025-03-28 18:35:00	1.0825	1.08267	1.08235	1.08239	301
2025-03-28 18:40:00	1.0824	1.08243	1.08198	1.08234	339
2025-03-28 18:45:00	1.08233	1.08271	1.08233	1.08265	402
2025-03-28 18:50:00	1.08263	1.08277	1.08235	1.08243	628
2025-03-28 18:55:00	1.08244	1.08251	1.08235	1.08243	604
2025-03-28 19:00:00	1.08244	1.08275	1.08242	1.08259	317
2025-03-28 19:05:00	1.08259	1.08266	1.08247	1.08253	200
2025-03-28 19:10:00	1.08255	1.08284	1.08244	1.08247	369
2025-03-28 19:15:00	1.08248	1.08277	1.08244	1.08267	262
2025-03-28 19:20:00	1.08267	1.08285	1.08247	1.0825	348
2025-03-28 19:25:00	1.0825	1.08265	1.08245	1.08258	341
2025-03-28 19:30:00	1.08258	1.08272	1.08239	1.08247	251
2025-03-28 19:35:00	1.08248	1.08285	1.08248	1.08263	214
2025-03-28 19:40:00	1.08265	1.0827	1.08242	1.08245	370
2025-03-28 19:45:00	1.08244	1.08251	1.08233	1.08247	350
2025-03-28 19:50:00	1.08246	1.08248	1.08229	1.08242	363
2025-03-28 19:55:00	1.08243	1.08263	1.08242	1.08255	504
2025-03-28 20:00:00	1.08254	1.08263	1.0825	1.08256	169
2025-03-28 20:05:00	1.08255	1.0827	1.08255	1.08267	99
2025-03-28 20:10:00	1.08268	1.08281	1.08262	1.08262	100
2025-03-28 20:15:00	1.08263	1.08275	1.08263	1.0827	155
2025-03-28 20:20:00	1.0827	1.08303	1.0827	1.08303	146
2025-03-28 20:25:00	1.08303	1.08325	1.08303	1.08323	95
2025-03-28 20:30:00	1.08323	1.08359	1.08323	1.08345	178
2025-03-28 20:35:00	1.08343	1.08344	1.08318	1.08321	196
2025-03-28 20:40:00	1.08322	1.08333	1.0831	1.08323	562
2025-03-28 20:45:00	1.08323	1.08339	1.08322	1.08331	306
2025-03-28 20:50:00	1.08329	1.0833	1.08295	1083	744
2025-03-28 20:55:00	1.08301	1.08316	1.08237	1.08237	681
2025-03-30 21:00:00	1.08228	1.08239	1.08219	1.08239	13
2025-03-30 21:05:00	1.08238	1.08243	1.08233	1.08243	10
2025-03-30 21:10:00	1.08242	1.08274	1.08242	1.08274	14
2025-03-30 21:15:00	1.08274	1.08279	1.08273	1.08278	18
2025-03-30 21:20:00	1.08278	1.08279	1.08265	1.08279	12
2025-03-30 21:25:00	1.08279	1.0828	1.08238	1.08238	28
2025-03-30 21:30:00	1.08239	1.08239	1.08222	1.08224	25
2025-03-30 21:35:00	1.08225	1.08225	1.08151	1.08152	144
2025-03-30 21:40:00	1.08156	1.08164	1.08145	1.0816	82
2025-03-30 21:45:00	1.08162	1.08168	1.08141	1.08141	63
2025-03-30 21:50:00	1.0814	1.08157	1.08139	1.08157	30
2025-03-30 21:55:00	1.0815	1.08155	1.08142	1.0815	75
2025-03-30 22:00:00	1.08149	1.08181	1.08059	1.08069	890
2025-03-30 22:05:00	1.08073	1.08125	1.0806	1.08061	551
2025-03-30 22:10:00	1.08059	1.08125	1.08059	1.08087	655
2025-03-30 22:15:00	1.08087	1.08095	1.08049	1.08067	803
2025-03-30 22:20:00	1.08069	1.08126	1.08061	1.08122	434
2025-03-30 22:25:00	1.08122	1.08146	1.08104	1.08137	546
2025-03-30 22:30:00	1.08136	1.08157	1.08129	1.08152	352
2025-03-30 22:35:00	1.08153	1.08197	1.08153	1.08196	435
2025-03-30 22:40:00	1.08194	1.08216	1.08181	1.08205	234
2025-03-30 22:45:00	1.08206	1.08218	1.08205	1.08218	208
2025-03-30 22:50:00	1.08216	1.08221	1.08202	1.08202	248
2025-03-30 22:55:00	1.08201	1.08211	1.08198	1.08205	293
2025-03-30 23:00:00	1.08206	1.0825	1.08205	1.08249	849
2025-03-30 23:05:00	1.0825	1.0829	1.08248	1.0828	608
2025-03-30 23:10:00	1.0828	1.0828	1.08213	1.08215	504
2025-03-30 23:15:00	1.08218	1.0822	1.08194	1.08196	242
2025-03-30 23:20:00	1.08201	1.08202	1.08169	1.08177	393
2025-03-30 23:25:00	1.08177	1.08181	1.08106	1.08118	594
2025-03-30 23:30:00	1.08117	1.08192	1.08116	1.08183	490
2025-03-30 23:35:00	1.08186	1.0819	1.08143	1.08178	374
2025-03-30 23:40:00	1.08178	1.08234	1.08177	1.08224	530
2025-03-30 23:45:00	1.08222	1.0825	1.08207	1.08234	328
2025-03-30 23:50:00	1.08234	1.08247	1.08227	1.08233	342
2025-03-30 23:55:00	1.08231	1.08237	1.08223	1.08234	369
2025-03-31 00:00:00	1.08235	1.0826	1.0823	1.08249	605
2025-03-31 00:05:00	1.08247	1.0828	1.08244	1.08277	417
2025-03-31 00:10:00	1.08278	1.08299	1.08269	1.08293	350
2025-03-31 00:15:00	1.08292	1.08314	1.08278	1.08305	744
2025-03-31 00:20:00	1.08303	1.08341	1.08298	1083	443
2025-03-31 00:25:00	1.08301	1.08319	1.08288	1.08318	332
2025-03-31 00:30:00	1.08319	1.08349	1.08313	1.08345	315
2025-03-31 00:35:00	1.08348	1.08379	1.08343	1.08356	408
2025-03-31 00:40:00	1.08355	1.08391	1.08345	1.08384	485
2025-03-31 00:45:00	1.08384	1.08391	1.08362	1.0838	251
2025-03-31 00:50:00	1.0838	1.08405	1.08375	1.08404	627
2025-03-31 00:55:00	1.08384	1.08415	1.08366	1.08415	536
2025-03-31 01:00:00	1.08415	1.08438	1.0841	1.08431	539
2025-03-31 01:05:00	1.08429	1.08441	1.08414	1.08419	411
2025-03-31 01:10:00	1.08419	1.08448	1.08416	1.08424	607
2025-03-31 01:15:00	1.08421	1.08422	1.08399	1.08413	658
2025-03-31 01:20:00	1.08412	1.08436	1.08407	1.08425	542
2025-03-31 01:25:00	1.08425	1.08448	1.08423	1.08444	351
2025-03-31 01:30:00	1.08443	1.08454	1.0843	1.08447	516
2025-03-31 01:35:00	1.08446	1.08446	1.08429	1.08439	252
2025-03-31 01:40:00	1.08445	1.08452	1.08421	1.08425	381
2025-03-31 01:45:00	1.08426	1.08432	1.08363	1.08373	914
2025-03-31 01:50:00	1.08375	1.08376	1.08331	1.08332	1271
2025-03-31 01:55:00	1.08333	1.08342	1.0831	1.08324	789
2025-03-31 02:00:00	1.08323	1.08331	1.08297	1.08308	382
2025-03-31 02:05:00	1.08306	1.08315	1.08288	1.08301	489
2025-03-31 02:10:00	1083	1.0834	1.08297	1.08328	274
2025-03-31 02:15:00	1.08326	1.0837	1.0831	1.08365	460
2025-03-31 02:20:00	1.08368	1.08387	1.08352	1.08352	309
2025-03-31 02:25:00	1.08353	1.08433	1.08344	1.08416	614
2025-03-31 02:30:00	1.08415	1.08448	1.08415	1.08442	393
2025-03-31 02:35:00	1.08443	1.08448	1.08427	1.08429	157
2025-03-31 02:40:00	1.0843	1.08454	1.08409	1.08453	348
2025-03-31 02:45:00	1.08454	1.08458	1.08411	1.0842	241
2025-03-31 02:50:00	1.08421	1.08435	1.08416	1.08418	249
2025-03-31 02:55:00	1.08417	1.0842	1.08399	1.08404	247
2025-03-31 03:00:00	1.08404	1.08414	1.08376	1.08381	853
2025-03-31 03:05:00	1.08379	1.0839	1.08371	1.08387	397
2025-03-31 03:10:00	1.08389	1.08392	1.08353	1.08359	720
2025-03-31 03:15:00	1.08356	1.08372	1.08354	1.0836	245
2025-03-31 03:20:00	1.08359	1.08362	1.08347	1.08348	289
2025-03-31 03:25:00	1.08349	1.08376	1.08347	1.08367	487
2025-03-31 03:30:00	1.08366	1.08367	1.0834	1.08344	324
2025-03-31 03:35:00	1.08343	1.08374	1.08338	1.08373	248
2025-03-31 03:40:00	1.08376	1.08376	1.08351	1.08351	217
2025-03-31 03:45:00	1.0835	1.08359	1.08347	1.08352	175
2025-03-31 03:50:00	1.08351	1.08351	1.08327	1.08339	408
2025-03-31 03:55:00	1.08336	1.08339	1.08323	1.08327	179
2025-03-31 04:00:00	1.08328	1.08329	1.08313	1.08322	472
2025-03-31 04:05:00	1.08322	1.08347	1.08317	1.08344	251
2025-03-31 04:10:00	1.08344	1.08358	1.08341	1.08345	247
2025-03-31 04:15:00	1.08344	1.08356	1.08315	1.08344	223
2025-03-31 04:20:00	1.08346	1.08347	1.08325	1.08325	298
2025-03-31 04:25:00	1.08326	1.08339	1.08322	1.08335	229
2025-03-31 04:30:00	1.08333	1.08337	1.08319	1.08331	298
2025-03-31 04:35:00	1.08331	1.08345	1.08327	1.08335	427
2025-03-31 04:40:00	1.08335	1.08345	1.08328	1.08335	540
2025-03-31 04:45:00	1.08336	1.0834	1.0831	1.0834	202
2025-03-31 04:50:00	1.0834	1.08348	1.08332	1.08346	265
2025-03-31 04:55:00	1.08344	1.08349	1.08334	1.08341	279
2025-03-31 05:00:00	1.08341	1.08347	1.08314	1.08318	439
2025-03-31 05:05:00	1.08317	1.08345	1.08315	1.08322	371
2025-03-31 05:10:00	1.08323	1.08381	1.08323	1.0834	699
2025-03-31 05:15:00	1.08339	1.0837	1.08337	1.08366	402
2025-03-31 05:20:00	1.08369	1.08398	1.08367	1.08395	137
2025-03-31 05:25:00	1.08394	1.08412	1.08372	1.08394	266
2025-03-31 05:30:00	1.08393	1.08404	1.08379	1.08384	380
2025-03-31 05:35:00	1.08385	1.08399	1.08372	1.08399	356
2025-03-31 05:40:00	1.08399	1.08427	1.08395	1.08419	210
2025-03-31 05:45:00	1.08419	1.08419	1.08371	1.08379	438
2025-03-31 05:50:00	1.08377	1.08379	1.08354	1.08371	345
2025-03-31 05:55:00	1.08369	1.08369	1.08311	1.08342	644
2025-03-31 06:00:00	1.08342	1.08348	1.08247	1.08258	643
2025-03-31 06:05:00	1.08259	1.08334	1.08254	1.08304	857
2025-03-31 06:10:00	1.08303	1.08324	1.08274	1.08287	914
2025-03-31 06:15:00	1.08287	1.08314	1.08284	1.08307	920
2025-03-31 06:20:00	1.08307	1.08335	1.08279	1.08283	753
2025-03-31 06:25:00	1.08283	1.08302	1.08258	1.08293	787
2025-03-31 06:30:00	1.08292	1.08334	1.08281	1.08313	873
2025-03-31 06:35:00	1.08312	1.08369	1.08294	1.08343	907
2025-03-31 06:40:00	1.08347	1.08353	1.08318	1.08348	852
2025-03-31 06:45:00	1.08349	1.08447	1.08324	1.08437	864
2025-03-31 06:50:00	1.08433	1.08447	1.08388	1.08396	867
2025-03-31 06:55:00	1.08394	1.08402	1.08345	1.08371	1050
2025-03-31 07:00:00	1.08371	1.08418	1.08336	1.08404	1228
2025-03-31 07:05:00	1.08404	1.08492	1.08399	1.08419	1307
2025-03-31 07:10:00	1.08416	1.08419	1.08304	1.08322	1359
2025-03-31 07:15:00	1.08321	1.08357	1.0827	1.08313	1513
2025-03-31 07:20:00	1.08311	1.08354	1.08259	1.08268	1378
2025-03-31 07:25:00	1.08268	1.08292	1.08262	1.08274	990
2025-03-31 07:30:00	1.08272	1.08312	1.0825	1.08284	795
2025-03-31 07:35:00	1.08285	1.08318	1.08225	1.08229	848
2025-03-31 07:40:00	1.08227	1.08268	1.08208	1.08212	855
2025-03-31 07:45:00	1.08212	1.08308	1.08206	1.08292	954
2025-03-31 07:50:00	1.08294	1.08334	1.08278	1.08309	796
2025-03-31 07:55:00	1.08308	1.08331	1.08277	1.08313	847
2025-03-31 08:00:00	1.08313	1.0834	1.08278	1.08297	1345
2025-03-31 08:05:00	1.08296	1.08317	1.08226	1.0823	1052
2025-03-31 08:10:00	1.0823	1.08233	1.08188	1.08224	959
2025-03-31 08:15:00	1.08222	1.08245	1.08164	1.08175	1047
2025-03-31 08:20:00	1.08174	1.08193	1.0816	1.08161	509
2025-03-31 08:25:00	1.08159	1.0816	1.08115	1.0812	778
2025-03-31 08:30:00	1.08117	1.08176	1.08117	1.08164	806
2025-03-31 08:35:00	1.08162	1.08217	1.08162	1.08208	671
2025-03-31 08:40:00	1.08205	1.08248	1.0819	1.08218	575
2025-03-31 08:45:00	1.08217	1.0826	1.08209	1.08255	553
2025-03-31 08:50:00	1.08256	1.08278	1.08246	1.08273	685
2025-03-31 08:55:00	1.08271	1.08296	1.0825	1.08273	828
2025-03-31 09:00:00	1.08272	1.08303	1.08267	1.08288	706
2025-03-31 09:05:00	1.08289	1.0829	1.08248	1.08273	478
2025-03-31 09:10:00	1.08273	1.08277	1.08253	1.08269	567
2025-03-31 09:15:00	1.08268	1.08291	1.08262	1.08267	617
2025-03-31 09:20:00	1.08268	1.08282	1.08264	1.08271	425
2025-03-31 09:25:00	1.08269	1.08275	1.08255	1.08259	520
2025-03-31 09:30:00	1.08259	1.0827	1.08245	1.08247	389
2025-03-31 09:35:00	1.08244	1.08269	1.08219	1.08234	445
2025-03-31 09:40:00	1.08237	1.08246	1.08216	1.08224	344
2025-03-31 09:45:00	1.08223	1.08236	1.0819	1.08193	535
2025-03-31 09:50:00	1.08194	1.08198	1.08156	1.08159	828
2025-03-31 09:55:00	1.08158	1.08193	1.08145	1.0816	562
2025-03-31 10:00:00	1.08159	1.0819	1.08138	1.08168	857
2025-03-31 10:05:00	1.0817	1.08171	1.08103	1.08112	821
2025-03-31 10:10:00	1.08111	1.08113	1.08056	1.08081	842
2025-03-31 10:15:00	1.08082	1.08098	1.08062	1.08072	652
2025-03-31 10:20:00	1.08069	1.08103	1.08054	1.08103	545
2025-03-31 10:25:00	1.08104	1.08157	1.08104	1.08155	562
2025-03-31 10:30:00	1.08155	1.08173	1.08149	1.08166	488
2025-03-31 10:35:00	1.08165	1.08183	1.08136	1.08136	479
2025-03-31 10:40:00	1.08136	1.08146	1.08106	1.08116	862
2025-03-31 10:45:00	1.08114	1.08131	1.08097	1.0812	716
2025-03-31 10:50:00	1.0812	1.0817	1081	1.08169	644
2025-03-31 10:55:00	1.08174	1.08208	1.08166	1.08182	1025
2025-03-31 11:00:00	1.08183	1.08236	1.08178	1.08236	1119
2025-03-31 11:05:00	1.08234	1.0827	1.0822	1.08257	647
2025-03-31 11:10:00	1.08257	1.08291	1.08248	1.08255	607
2025-03-31 11:15:00	1.08257	1.08286	1.08172	1.08174	832
2025-03-31 11:20:00	1.08175	1.08211	1.0815	1.08202	878
2025-03-31 11:25:00	1.08201	1.08217	1.08182	1.08184	573
2025-03-31 11:30:00	1.08182	1.08225	1.08171	1.08225	772
2025-03-31 11:35:00	1.08224	1.08241	1.08208	1.08228	551
2025-03-31 11:40:00	1.08228	1.08264	1.08207	1.08264	682
2025-03-31 11:45:00	1.08263	1.08272	1.0822	1.08221	613
2025-03-31 11:50:00	1.08221	1.0825	1.08219	1.08243	543
