Timestamp	Open	High	Low	Close	Volume
2022-01-14 00:00:00	1.14564	1.14586	1.14511	1.14563	2082
2022-01-14 01:00:00	1.14563	1.14681	1.1456	1.14659	3406
2022-01-14 02:00:00	1.1466	1.14712	1.14624	1.14712	2572
2022-01-14 03:00:00	1.14711	1.14757	1.14689	1.14736	2177
2022-01-14 04:00:00	1.14735	1.14765	1.1471	1.14736	1117
2022-01-14 05:00:00	1.14736	1.14827	1.14735	1.14787	1571
2022-01-14 06:00:00	1.1479	1.14806	1.1469	1.14697	2161
2022-01-14 07:00:00	1.14696	1.14721	1.14601	1.14657	3359
2022-01-14 08:00:00	1.14655	1.14746	1.14623	1.14681	5249
2022-01-14 09:00:00	1.14682	1.1469	1.14573	1.14581	5131
2022-01-14 10:00:00	1.14581	1.14609	1.1454	1.14568	3121
2022-01-14 11:00:00	1.14566	1.14591	1.14483	1.14518	3441
2022-01-14 12:00:00	1.14518	1.1456	1.14419	1.14436	4503
2022-01-14 13:00:00	1.14437	1.14551	1.14333	1.1438	7423
2022-01-14 14:00:00	1.14381	1.14498	1.14299	1.14418	7576
2022-01-14 15:00:00	1.14418	1.14424	1.14237	1.14331	7726
2022-01-14 16:00:00	1.1433	1.14357	1.1409	1.14143	4259
2022-01-14 17:00:00	1.14142	1.14142	1.13984	1.14019	3051
2022-01-14 18:00:00	1.1402	1.14112	1.14012	1.14096	1466
2022-01-14 19:00:00	1.14097	1.14176	1.14067	1.14151	1515
2022-01-14 20:00:00	1.14151	1.14176	1.14131	1.14147	1165
2022-01-14 21:00:00	1.14148	1.14167	1.1409	1.1409	1056
2022-01-16 22:00:00	1.14118	1.14155	1.14114	1.14154	663
2022-01-16 23:00:00	1.14153	1.14156	1.14056	1.14112	1992
2022-01-17 00:00:00	1.14111	1.14117	1.14033	1.14075	1626
2022-01-17 01:00:00	1.14076	1.14086	1.14	1.14044	2234
2022-01-17 02:00:00	1.14044	1.14177	1.14037	1.14157	1707
2022-01-17 03:00:00	1.14158	1.14196	1.14143	1.14182	858
2022-01-17 04:00:00	1.14182	1.14212	1.14162	1.14188	839
2022-01-17 05:00:00	1.14191	1.14224	1.14165	1.14189	983
2022-01-17 06:00:00	1.1419	1.14205	1.14119	1.14124	1051
2022-01-17 07:00:00	1.14124	1.14279	1.14122	1.1425	2477
2022-01-17 08:00:00	1.14252	1.14344	1.14215	1.14282	3971
2022-01-17 09:00:00	1.14283	1.14329	1.14169	1.14238	4270
2022-01-17 10:00:00	1.14237	1.14255	1.14148	1.14199	2931
2022-01-17 11:00:00	1.14198	1.14265	1.14062	1.14141	4040
2022-01-17 12:00:00	1.14141	1.14165	1.13951	1.13963	3615
2022-01-17 13:00:00	1.13963	1.1406	1.13917	1.14015	4205
2022-01-17 14:00:00	1.14014	1.14146	1.13955	1.14114	4406
2022-01-17 15:00:00	1.14116	1.14116	1.13969	1.14038	3059
2022-01-17 16:00:00	1.14039	1.14097	1.14007	1.14094	2406
2022-01-17 17:00:00	1.14095	1.14158	1.14085	1.14117	1228
2022-01-17 18:00:00	1.14116	1.14135	1.14079	1.14079	405
2022-01-17 19:00:00	1.14077	1.14078	1.14046	1.14048	336
2022-01-17 20:00:00	1.14047	1.14093	1.14047	1.14065	291
2022-01-17 21:00:00	1.14065	1.14074	1.14045	1.14047	502
2022-01-17 22:00:00	1.14047	1.14083	1.14047	1.14072	850
2022-01-17 23:00:00	1.1407	1141	1.14053	1141	506
2022-01-18 00:00:00	1.14099	1.14189	1.14078	1.14188	1200
2022-01-18 01:00:00	1.14187	1.14207	1.14154	1.14188	1866
2022-01-18 02:00:00	1.1419	1.14211	1.14139	1.14184	1876
2022-01-18 03:00:00	1.14185	1.14214	1.13849	1.13925	4029
2022-01-18 04:00:00	1.13924	1.14019	1.13912	1.14015	2324
2022-01-18 05:00:00	1.14014	1.14015	1.13924	1.13969	1933
2022-01-18 06:00:00	1.13968	1.14044	1.13937	1.14011	2538
2022-01-18 07:00:00	1.1401	1.14045	1.1392	1.13972	5909
2022-01-18 08:00:00	1.13973	1.14057	1.13869	1.13947	7361
2022-01-18 09:00:00	1.13947	1.1401	1.13859	1.13948	6942
2022-01-18 10:00:00	1.13948	1.13992	1.13898	1.13899	4806
2022-01-18 11:00:00	1.13898	1.13922	1.13832	1.13865	4221
2022-01-18 12:00:00	1.13866	1.13918	1.13812	1.13816	5148
2022-01-18 13:00:00	1.13817	1.13827	1.13629	1.13782	6841
2022-01-18 14:00:00	1.1378	1.13787	1.13564	1.13668	7080
2022-01-18 15:00:00	1.13669	1.13671	1.1343	1.13431	6985
2022-01-18 16:00:00	1.13432	1.13439	1.13265	1.13342	5353
2022-01-18 17:00:00	1.13343	1.13354	1.13204	1.13224	3185
2022-01-18 18:00:00	1.13226	1.13301	1.1319	1.13272	2252
2022-01-18 19:00:00	1.13272	1.13346	1.13253	1.13269	2572
2022-01-18 20:00:00	1.1327	1.13322	1.13146	1.13171	2197
2022-01-18 21:00:00	1.13173	1.1328	1.13166	1.13253	1137
2022-01-18 22:00:00	1.13253	1.13277	1.13249	1.13276	871
2022-01-18 23:00:00	1.13276	1.13304	1.13248	1.13286	793
2022-01-19 00:00:00	1.13289	1.13296	1.13197	1.1329	2471
2022-01-19 01:00:00	1.13292	1.13297	1.13187	1.13221	2896
2022-01-19 02:00:00	1.13223	1.13278	1132	1.13226	2149
2022-01-19 03:00:00	1.13225	1133	1.13209	1.13275	2446
2022-01-19 04:00:00	1.13273	1.13313	1.13256	1.13301	1237
2022-01-19 05:00:00	1133	1.13336	1.13284	1.13299	1991
2022-01-19 06:00:00	1.13299	1.13362	1.13269	1.13341	1865
2022-01-19 07:00:00	1.13339	1.13427	1.13289	1.13307	4607
2022-01-19 08:00:00	1.13306	1.13383	1.13294	1.13331	5367
2022-01-19 09:00:00	1.13328	1.13482	1.13316	1.13399	4415
2022-01-19 10:00:00	1.13398	1.13497	1.13367	1.13468	3115
2022-01-19 11:00:00	1.13468	1.13484	1.13375	1.13376	3437
2022-01-19 12:00:00	1.13375	1.13425	1.1333	1.1334	2943
2022-01-19 13:00:00	1.13341	1.13506	1.13341	1.13438	5722
2022-01-19 14:00:00	1.13439	1.13539	1.13368	1.1344	6677
2022-01-19 15:00:00	1.13438	1.13526	1.13359	1.13443	5735
2022-01-19 16:00:00	1.13446	1.13571	1.13425	1.1345	4530
2022-01-19 17:00:00	1.13451	1.13505	1.13401	1.1344	2594
2022-01-19 18:00:00	1.13439	1.13509	1.13416	1.1348	1742
2022-01-19 19:00:00	1.13481	1.13533	1.13449	1.1351	1446
2022-01-19 20:00:00	1.13509	1.13546	1.1345	1.13455	1382
2022-01-19 21:00:00	1.13454	1.13482	1.13418	1.13418	839
2022-01-19 22:00:00	1.13414	1.13461	1.13397	1.13415	864
2022-01-19 23:00:00	1.13415	1.13433	1.13401	1.13429	736
2022-01-20 00:00:00	1.13427	1.13519	1.13427	1.1351	1512
2022-01-20 01:00:00	1.13508	1.13651	1.13494	1.13599	3059
2022-01-20 02:00:00	1.13598	1.13609	1.13507	1.13548	2414
2022-01-20 03:00:00	1.13546	1.13561	1.13504	1.13533	1539
2022-01-20 04:00:00	1.13534	1.13534	1.13483	1.13505	942
2022-01-20 05:00:00	1.13506	1.13529	1.13455	1.13496	1722
2022-01-20 06:00:00	1.13496	1.13528	1.13474	1.13499	1892
2022-01-20 07:00:00	1.13498	1.13666	1.13485	1.13597	3289
2022-01-20 08:00:00	1.13596	1.13688	1.13523	1.13548	4864
2022-01-20 09:00:00	1.13545	1.13567	1.13432	1.13474	4463
2022-01-20 10:00:00	1.13475	1.13514	1.13416	1.13458	4322
2022-01-20 11:00:00	1.13456	1.13467	1.1333	1.13401	3612
2022-01-20 12:00:00	1134	1.13411	1.13311	1.13388	3693
2022-01-20 13:00:00	1.13387	1.13578	1.13362	1.13516	6687
2022-01-20 14:00:00	1.13515	1.13575	1.13319	1.13448	6332
2022-01-20 15:00:00	1.13445	1.13531	1.13285	1.13479	7766
2022-01-20 16:00:00	1.13478	1.13531	1.1332	1.13353	4449
2022-01-20 17:00:00	1.13353	1.13415	1.13262	1.1327	2431
2022-01-20 18:00:00	1.13273	1.13293	1.13146	1.13177	1965
2022-01-20 19:00:00	1.13178	1.13196	1.13114	1.13123	1621
2022-01-20 20:00:00	1.13123	1.13185	1.13031	1.13038	2440
2022-01-20 21:00:00	1.13039	1.13112	1.13038	1.13096	1664
2022-01-20 22:00:00	1.13096	1.13128	1.1308	1.13121	1512
2022-01-20 23:00:00	1.1312	1.13138	1.13077	1.13128	2120
2022-01-21 00:00:00	1.13129	1.1317	1.13021	1.13037	2588
2022-01-21 01:00:00	1.13037	1.13176	1.13009	1.13172	3526
2022-01-21 02:00:00	1.13172	1.1335	1.13154	1.13345	3337
2022-01-21 03:00:00	1.13345	1.13345	1.13249	1.13257	2018
2022-01-21 04:00:00	1.13258	1.13269	1.13235	1.13243	1022
2022-01-21 05:00:00	1.13243	1.1326	1.13223	1.13254	907
2022-01-21 06:00:00	1.13254	1.13307	1.13247	1.13291	2154
2022-01-21 07:00:00	1.1329	1.13366	1.13225	1.13286	3796
2022-01-21 08:00:00	1.13284	1134	1.1328	1.13356	5670
2022-01-21 09:00:00	1.13356	1.13452	1.13311	1.13391	3738
2022-01-21 10:00:00	1.13391	1.13413	1.13321	1.13388	2741
2022-01-21 11:00:00	1.13388	1.13392	1.13255	1.13296	3011
2022-01-21 12:00:00	1.13296	1.13446	1.13261	1.13381	3894
2022-01-21 13:00:00	1.13377	1.13517	1.13373	1.13499	4549
2022-01-21 14:00:00	1135	1.13596	1.13404	1.13498	6438
2022-01-21 15:00:00	1.13497	1.13532	1.13369	1.13459	7195
2022-01-21 16:00:00	1.1346	1.13532	1.13404	1.13455	4364
2022-01-21 17:00:00	1.13454	1.13498	1.13396	1.13454	1989
2022-01-21 18:00:00	1.13455	1.13489	1.13417	1.13441	1670
2022-01-21 19:00:00	1.13442	1.13464	1.13406	1.13413	1323
2022-01-21 20:00:00	1.13412	1.1345	1.13381	1.13411	1647
2022-01-21 21:00:00	1.13412	1.13453	1.1339	1.13418	2722
2022-01-23 22:00:00	1.13396	1.13431	1.13395	1.13409	1026
2022-01-23 23:00:00	1.13413	1.1345	1.13365	1.13409	2530
2022-01-24 00:00:00	1.1341	1.1341	1.13325	1.13385	2756
2022-01-24 01:00:00	1.13386	1.13394	1.13332	1.13369	2621
2022-01-24 02:00:00	1.1337	1.13377	1.1332	1.13323	2872
2022-01-24 03:00:00	1.13323	1.13338	1.13274	1.13288	1474
2022-01-24 04:00:00	1.13287	1.13312	1.13278	1.13296	1151
2022-01-24 05:00:00	1.13297	1.13298	1.13168	1.13178	1807
2022-01-24 06:00:00	1.13181	1.13233	1.13147	1.13233	2855
2022-01-24 07:00:00	1.13232	1.13292	1.13197	1.13237	4237
2022-01-24 08:00:00	1.13236	1.13322	1.13093	1.13214	7824
2022-01-24 09:00:00	1.13214	1.13363	1.13209	1.13252	6500
2022-01-24 10:00:00	1.13252	1.1328	1.13138	1.13186	7559
2022-01-24 11:00:00	1.13186	1.13218	1.13012	1.1304	5136
2022-01-24 12:00:00	1.13041	1131	1.12967	1.12974	4816
2022-01-24 13:00:00	1.12975	1.1307	1.12946	1.12957	6041
2022-01-24 14:00:00	1.12955	1.13035	1.12904	1.12987	8855
2022-01-24 15:00:00	1.12985	1.13246	1.12912	1.13087	11212
2022-01-24 16:00:00	1.13088	1.13169	1.13044	1.13106	5965
2022-01-24 17:00:00	1.13104	1.13293	1.13093	1.13279	3491
2022-01-24 18:00:00	1.13278	1.1335	1.13274	1.13282	3676
2022-01-24 19:00:00	1.13284	1.13338	1.13177	1.13197	3562
2022-01-24 20:00:00	1.13195	1.13241	1.13184	1.13205	2417
2022-01-24 21:00:00	1.13204	1.13287	1.13179	1.1324	1438
2022-01-24 22:00:00	1.1323	1.1326	1.13219	1.13255	1376
2022-01-24 23:00:00	1.13254	1.13289	1.13215	1.13236	1513
2022-01-25 00:00:00	1.13235	1.1324	1.13172	1.13198	2429
2022-01-25 01:00:00	1.13198	1.13234	1.13162	1.13166	2725
2022-01-25 02:00:00	1.13168	1.13184	1.13096	1.13127	2527
2022-01-25 03:00:00	1.13128	1.13139	1.13089	1.13123	1436
2022-01-25 04:00:00	1.13124	1.13164	1.13097	1.13117	1261
2022-01-25 05:00:00	1.13118	1.13141	1.1308	1.13099	1127
2022-01-25 06:00:00	1.13098	1.13112	1.1305	1.13057	2611
2022-01-25 07:00:00	1.13057	1.13156	1.13014	1.13019	4339
2022-01-25 08:00:00	1.1302	1.13156	1.12918	1.12975	7046
2022-01-25 09:00:00	1.12976	1.13003	1.12844	1.12876	6028
2022-01-25 10:00:00	1.12876	1.12908	1.12799	1.12801	4592
2022-01-25 11:00:00	1.12802	1.12832	1.12685	1.12717	4548
2022-01-25 12:00:00	1.12719	1.12782	1.12664	1.12677	4657
2022-01-25 13:00:00	1.12678	1.12801	1.12672	1.12756	5640
2022-01-25 14:00:00	1.12752	1.12807	1.12631	1.12742	7085
2022-01-25 15:00:00	1.12738	1.12811	1.12691	1.12742	7461
2022-01-25 16:00:00	1.12741	1.12869	1.12715	1.12842	4302
2022-01-25 17:00:00	1.12842	1.1289	1.1282	1.12877	2431
2022-01-25 18:00:00	1.12877	1.12977	1.12861	1.12967	2150
2022-01-25 19:00:00	1.12966	1.13048	1.1294	1.13037	2059
2022-01-25 20:00:00	1.13036	1.13069	1.12964	1.13042	2518
2022-01-25 21:00:00	1.13043	1.13045	1.12997	1.12997	1197
2022-01-25 22:00:00	1.12995	1.1303	1.12942	1.13016	1425
2022-01-25 23:00:00	1.13022	1.13057	1.13001	1.13028	1298
2022-01-26 00:00:00	1.13028	1.13058	1.13012	1.13031	1526
2022-01-26 01:00:00	1.13033	1.13052	1.13015	1.13052	1200
2022-01-26 02:00:00	1.13052	1.13107	1.13045	1.13062	1905
2022-01-26 03:00:00	1.13062	1.13093	1.13032	1.13055	1128
2022-01-26 04:00:00	1.13056	1.13058	1.13006	1.13016	1134
2022-01-26 05:00:00	1.13016	1.13052	1.13006	1.13044	1071
2022-01-26 06:00:00	1.13045	1.1305	1.12931	1.12935	1974
2022-01-26 07:00:00	1.12935	1.12965	1.12892	1.12911	3505
2022-01-26 08:00:00	1.12911	1.12971	1.12842	1.1288	5251
2022-01-26 09:00:00	1.12879	1.12914	1.12833	1.12867	5494
2022-01-26 10:00:00	1.12866	1.12881	1.12761	1.12816	4449
2022-01-26 11:00:00	1.12816	1.12837	1.12753	1.12787	3802
2022-01-26 12:00:00	1.12789	1.1286	1.12751	1.12762	4012
2022-01-26 13:00:00	1.12765	1.12831	1.12715	1.12823	4904
2022-01-26 14:00:00	1.12823	1.12963	1.12815	1.12836	5818
2022-01-26 15:00:00	1.12839	1.12877	1.12737	1.12804	6532
2022-01-26 16:00:00	1.12803	1.12871	1.12779	1.12789	3845
2022-01-26 17:00:00	1.12788	1.12882	1.12783	1.12878	1990
2022-01-26 18:00:00	1.12879	1.12944	1.12837	1.12837	1812
2022-01-26 19:00:00	1.12838	1.13006	1.12471	1.12553	23319
2022-01-26 20:00:00	1.12553	1.12553	1.12354	1.12401	13940
2022-01-26 21:00:00	1.12403	1.1244	1.12355	1.12408	1738
2022-01-26 22:00:00	1.12408	1.12418	1.12388	1.12407	1215
2022-01-26 23:00:00	1.12407	1.12425	1.12354	1.12405	1543
2022-01-27 00:00:00	1.12405	1.12432	1.1232	1.12338	3727
2022-01-27 01:00:00	1.12339	1.12344	1.12303	1.12327	3273
2022-01-27 02:00:00	1.12326	1.12334	1.12261	1.12263	3304
2022-01-27 03:00:00	1.12264	1.12282	1.12209	1.12211	2611
2022-01-27 04:00:00	1.12212	1.12269	1.12185	1.12222	1767
2022-01-27 05:00:00	1.12221	1.12221	1.12152	1.12199	2121
2022-01-27 06:00:00	1.12198	1.12214	1.1215	1.12191	2710
2022-01-27 07:00:00	1.12191	1.12191	1.11965	1.11984	5485
2022-01-27 08:00:00	1.11985	1.12063	1.11931	1.1201	7820
2022-01-27 09:00:00	1.12013	1.12037	1.11948	1.11963	6527
2022-01-27 10:00:00	1.11961	1.12009	1.11873	1.11873	4235
2022-01-27 11:00:00	1.11874	1.11915	1.11521	1.11587	7159
2022-01-27 12:00:00	1.11588	1.11689	1.1154	1.11573	6323
2022-01-27 13:00:00	1.11572	1.1162	1.11348	1.11492	9895
2022-01-27 14:00:00	1.1149	1.11621	1.11454	1.11607	8903
2022-01-27 15:00:00	1.11609	1.11616	1.11312	1.11493	8547
2022-01-27 16:00:00	1.11492	1.11617	1.11409	1.11423	6577
2022-01-27 17:00:00	1.11425	1.11514	1.11364	1.11391	4191
2022-01-27 18:00:00	1.11389	1.11466	1.11357	1.11444	3329
2022-01-27 19:00:00	1.11442	1.11469	1.11386	1.11402	2728
2022-01-27 20:00:00	1.11404	1.11492	1.11397	1.11426	2343
2022-01-27 21:00:00	1.11426	1.11452	1.11415	1.11424	1455
2022-01-27 22:00:00	1.11432	1.11452	1.11393	1.11437	1017
2022-01-27 23:00:00	1.11439	1.11466	1.11418	1.11445	1519
2022-01-28 00:00:00	1.11446	1.11473	1.11379	1.11468	2556
2022-01-28 01:00:00	1.11465	1.11481	1.1143	1.11472	3232
2022-01-28 02:00:00	1.11472	1.11522	1.11463	1.11522	1509
2022-01-28 03:00:00	1.11522	1.11558	1.11517	1.11532	1692
2022-01-28 04:00:00	1.11531	1.11538	1.11491	1.1152	1010
2022-01-28 05:00:00	1.11519	1.11549	1.11493	1.11541	1847
2022-01-28 06:00:00	1.11541	1.11547	1.11466	1.11467	3066
2022-01-28 07:00:00	1.11466	1.1147	1.11259	1.11348	7095
2022-01-28 08:00:00	1.11347	1.11381	1.11213	1.1136	7357
2022-01-28 09:00:00	1.11361	1.11396	1.11256	1.11325	6316
2022-01-28 10:00:00	1.11323	1.11437	1.11294	1.1137	5931
2022-01-28 11:00:00	1.11368	1.11368	1.11277	1.11332	6436
2022-01-28 12:00:00	1.11333	1.11414	1.11253	1.11268	4835
2022-01-28 13:00:00	1.11268	1.11687	1.11268	1.11686	11499
2022-01-28 14:00:00	1.11686	1.11735	1.11435	1.11574	9788
2022-01-28 15:00:00	1.11574	1.11673	1.11381	1.11642	8698
2022-01-28 16:00:00	1.11648	1.11695	1.11554	1.11605	7149
2022-01-28 17:00:00	1.11605	1.11633	1.11506	1.1151	2826
2022-01-28 18:00:00	1.1151	1.1156	1.11471	1.11518	6629
2022-01-28 19:00:00	1.11519	1.11538	1.11431	1.11443	4183
2022-01-28 20:00:00	1.11442	1.11503	1.1141	1.11502	1726
2022-01-28 21:00:00	1.11502	1.11513	1.11449	1.1145	2116
2022-01-30 22:00:00	1.11422	1.1145	1.11397	1.11447	528
2022-01-30 23:00:00	1.1145	1.11524	1.1138	1.11519	2257
2022-01-31 00:00:00	1.11519	1.11542	1.1144	1.1145	3090
2022-01-31 01:00:00	1.11452	1.11578	1.11445	1.11575	2694
2022-01-31 02:00:00	1.11574	1.11604	1.11546	1.11591	1963
2022-01-31 03:00:00	1.11592	1.11629	1.11571	1.11608	1750
2022-01-31 04:00:00	1.11609	1.11636	1.11602	1.11616	1150
2022-01-31 05:00:00	1.11615	1.11658	1.11608	1.11648	1211
2022-01-31 06:00:00	1.1165	1.11672	1.11621	1.11666	2215
2022-01-31 07:00:00	1.11663	1.11713	1.11605	1.11708	3933
2022-01-31 08:00:00	1.11708	1.11823	1.11637	1.11705	6754
2022-01-31 09:00:00	1.11706	1.11782	1.11659	1.11746	5187
2022-01-31 10:00:00	1.11746	1.11819	1.11673	1.11673	5200
2022-01-31 11:00:00	1.11674	1.11678	1.1153	1.11594	5201
2022-01-31 12:00:00	1.11593	1.1162	1.11462	1.11563	6359
2022-01-31 13:00:00	1.11562	1.11939	1.11525	1.11932	9733
2022-01-31 14:00:00	1.1193	1.11982	1.11844	1.1189	8962
2022-01-31 15:00:00	1.11891	1.12178	1.11832	1.12106	9543
2022-01-31 16:00:00	1.12105	1.12135	1.11987	1.12101	7649
2022-01-31 17:00:00	1.12101	1.12195	1.12093	1.12191	3507
2022-01-31 18:00:00	1.1219	1.12343	1.12185	1.12332	2664
2022-01-31 19:00:00	1.12331	1.12478	1.12321	1.12431	2234
2022-01-31 20:00:00	1.12431	1.12454	1.1233	1.1235	3093
2022-01-31 21:00:00	1.12349	1.12353	1.12305	1.12329	1203
2022-01-31 22:00:00	1.12319	1.1234	1.1231	1.12312	524
2022-01-31 23:00:00	1.12313	1.12328	1.12291	1.12292	1204
2022-02-01 00:00:00	1.12293	1.12303	1.12209	1.12238	1998
2022-02-01 01:00:00	1.12238	1.12283	1.12214	1.1226	1646
2022-02-01 02:00:00	1.12259	1.12328	1.12254	1.12326	1292
2022-02-01 03:00:00	1.12324	1.12338	1.12259	1.12332	2297
2022-02-01 04:00:00	1.12331	1.12447	1.12331	1.1243	1547
2022-02-01 05:00:00	1.1243	1.12451	1.12395	1.12402	1305
2022-02-01 06:00:00	1.12401	1.12423	1.12342	1.12345	1485
2022-02-01 07:00:00	1.12346	1.1268	1.12346	1.12664	5506
2022-02-01 08:00:00	1.12663	1.12694	1.12517	1.12572	5689
2022-02-01 09:00:00	1.12572	1.12672	1.12536	1.12611	6991
2022-02-01 10:00:00	1.12612	1.12673	1.12553	1.1262	4437
2022-02-01 11:00:00	1.12621	1.12786	1.12591	1.1273	5718
2022-02-01 12:00:00	1.1273	1.12735	1.12575	1.12612	4877
2022-02-01 13:00:00	1.12615	1.12683	1.12534	1.12658	5995
2022-02-01 14:00:00	1.12657	1.12743	1.12598	1.12635	6607
2022-02-01 15:00:00	1.12638	1.12657	1.12452	1.12472	10367
2022-02-01 16:00:00	1.12473	1.12541	1.12342	1.1239	6224
2022-02-01 17:00:00	1.12391	1.12492	1.12359	1.12448	3277
2022-02-01 18:00:00	1.1245	1.12499	1.12428	1.12484	1819
2022-02-01 19:00:00	1.12486	1.12575	1.1243	1.12528	1981
2022-02-01 20:00:00	1.12526	1.12705	1.12517	1.12686	2256
2022-02-01 21:00:00	1.12685	1.12739	1.12658	1.12719	1255
2022-02-01 22:00:00	1.12719	1.12729	1.12701	1.12702	457
2022-02-01 23:00:00	1.12703	1.12736	1.12691	1.1273	1120
2022-02-02 00:00:00	1.12728	1.12748	1.12681	1.12711	1564
2022-02-02 01:00:00	1.12711	1.12767	1.12707	1.12761	1979
2022-02-02 02:00:00	1.1276	1.12778	1.12747	1.12776	1344
2022-02-02 03:00:00	1.12773	1.12773	1.12705	1.12706	1055
2022-02-02 04:00:00	1.12706	1.12757	1.12706	1.12745	537
2022-02-02 05:00:00	1.12743	1.12756	1.12709	1.12731	823
2022-02-02 06:00:00	1.12731	1.12745	1.12665	1.12691	1538
2022-02-02 07:00:00	1.12691	1.12841	1.1268	1.12814	2677
2022-02-02 08:00:00	1.12811	1.12942	1.12796	1.12895	4832
2022-02-02 09:00:00	1.12897	1.12942	1.12784	1.12931	4404
2022-02-02 10:00:00	1.12935	1.13142	1.12898	1.13089	6297
2022-02-02 11:00:00	1.13088	1.13199	1.13056	1.13162	4830
2022-02-02 12:00:00	1.13163	1.13285	1.13142	1.13248	4111
2022-02-02 13:00:00	1.1325	1133	1.13109	1.13114	7680
2022-02-02 14:00:00	1.13113	1.13209	1.13031	1.13049	7226
2022-02-02 15:00:00	1.13047	1.13099	1.12924	1.12966	6324
2022-02-02 16:00:00	1.12967	1.13017	1.12927	1.12993	3482
2022-02-02 17:00:00	1.12993	1.13121	1.12983	1.13112	1748
2022-02-02 18:00:00	1.13111	1.13142	1.13059	1.13092	1360
2022-02-02 19:00:00	1.1309	1.13122	1.13059	1.13102	1141
2022-02-02 20:00:00	1.13105	1.13139	1.13037	1.13052	1274
2022-02-02 21:00:00	1.13051	1.13081	1.1302	1.13022	707
2022-02-02 22:00:00	1.13022	1.13054	1.13008	1.13028	1139
2022-02-02 23:00:00	1.13029	1.13052	1.12981	1.12992	1196
2022-02-03 00:00:00	1.12992	1.12999	1.12948	1.12962	1276
2022-02-03 01:00:00	1.12961	1.13003	1.12929	1.13001	1815
2022-02-03 02:00:00	1.13	1.13033	1.12974	1.12988	1073
2022-02-03 03:00:00	1.1299	1.13082	1.12975	1.13045	1871
2022-02-03 04:00:00	1.13046	1.13053	1.12945	1.12967	1182
2022-02-03 05:00:00	1.12967	1.13018	1.12962	1.13005	1933
2022-02-03 06:00:00	1.13006	1.13011	1.12902	1.12911	1907
2022-02-03 07:00:00	1.12911	1.12974	1.1288	1.12971	3699
2022-02-03 08:00:00	1.12969	1.13024	1.12882	1.1295	4873
2022-02-03 09:00:00	1.12949	1.12969	1.12837	1.12841	4090
2022-02-03 10:00:00	1.12839	1.12858	1.12761	1.12791	3181
2022-02-03 11:00:00	1.12791	1.12828	1.12752	1.12801	2899
2022-02-03 12:00:00	1.12807	1.12985	1.12672	1.12915	11011
2022-02-03 13:00:00	1.12914	1.13668	1.12792	1.13668	20114
2022-02-03 14:00:00	1.13668	1.14117	1.13617	1.13912	23570
2022-02-03 15:00:00	1.13912	1.14236	1.13859	1.14175	15203
2022-02-03 16:00:00	1.14175	1.14514	1.14145	1.14257	11216
2022-02-03 17:00:00	1.14258	1.14454	1.14196	1.1444	6320
2022-02-03 18:00:00	1.14439	1.14442	1.14259	1.14427	3457
2022-02-03 19:00:00	1.14428	1.14498	1143	1.14331	3368
2022-02-03 20:00:00	1.14332	1.14362	1.14281	1.14305	2516
2022-02-03 21:00:00	1.14302	1.14397	1.14289	1.1437	1045
2022-02-03 22:00:00	1.14369	1.14408	1.14355	1.14396	2043
2022-02-03 23:00:00	1.14395	1.1442	1.14351	1.14355	1239
2022-02-04 00:00:00	1.14352	1.14459	1.14318	1.14456	2293
2022-02-04 01:00:00	1.14458	1.1454	1.14446	1.14519	3257
2022-02-04 02:00:00	1.1452	1.14635	1.14488	1.14631	2870
2022-02-04 03:00:00	1.14631	1.14688	1.14592	1.14623	1956
2022-02-04 04:00:00	1.14622	1.14719	1.14591	1.1466	1757
2022-02-04 05:00:00	1.14659	1.14686	1.14593	1146	1334
2022-02-04 06:00:00	1.14601	1.14613	1.14539	1.14566	2286
2022-02-04 07:00:00	1.14565	1.14686	1.14513	1.14673	5522
2022-02-04 08:00:00	1.14673	1.14673	1.14397	1.14601	7501
2022-02-04 09:00:00	1146	1.14654	1.14494	1.14632	6049
2022-02-04 10:00:00	1.14632	1.14752	1.14589	1.14629	6693
2022-02-04 11:00:00	1.1463	1.14837	1.14568	1.14784	5918
2022-02-04 12:00:00	1.14785	1.1482	1.14649	1.1465	5173
2022-02-04 13:00:00	1.14652	1.1468	1.14217	1.14362	14534
2022-02-04 14:00:00	1.14362	1.14579	1.14151	1.14155	12284
2022-02-04 15:00:00	1.14158	1.1443	1.14115	1.1442	9619
2022-02-04 16:00:00	1.1442	1.14555	1.14359	1.14519	4874
2022-02-04 17:00:00	1.14521	1.14625	1.14521	1.14542	2349
2022-02-04 18:00:00	1.14546	1.14641	1.14515	1.14545	1706
2022-02-04 19:00:00	1.14546	1.14578	1.14474	1.14481	2111
2022-02-04 20:00:00	1.14481	1.14598	1.14477	1.14548	2056
2022-02-04 21:00:00	1.14546	1.14555	1.14477	1.14477	2052
2022-02-06 22:00:00	1.14638	1.14646	1.14549	1.14563	1298
2022-02-06 23:00:00	1.14563	1.14584	1.14513	1.14544	1699
2022-02-07 00:00:00	1.14545	1.14559	1.14504	1.14528	1730
2022-02-07 01:00:00	1.14529	1.14537	1.14392	1.14412	3055
2022-02-07 02:00:00	1.14415	1.14425	1.14271	1.14277	2426
2022-02-07 03:00:00	1.14279	1.14335	1.14247	1.14328	1581
2022-02-07 04:00:00	1.14325	1.14405	1.14322	1.14385	1204
2022-02-07 05:00:00	1.14385	1.14402	1.14299	1.14305	1893
2022-02-07 06:00:00	1.14305	1.14361	1.14288	1.14313	2620
2022-02-07 07:00:00	1.14312	1.14352	1.14255	1.14322	3903
2022-02-07 08:00:00	1.14321	1.14492	1.14266	1.14338	8272
2022-02-07 09:00:00	1.1434	1.14343	1.14151	1.14233	5988
2022-02-07 10:00:00	1.14233	1.14306	1.14161	1.14209	4325
2022-02-07 11:00:00	1.14208	1.14463	1.14206	1.14432	4743
2022-02-07 12:00:00	1.14429	1.14587	1.14421	1.14552	5624
2022-02-07 13:00:00	1.14551	1.14566	1.14293	1.14397	6756
2022-02-07 14:00:00	1.14396	1.14462	1.14203	1.14381	7223
2022-02-07 15:00:00	1.14379	1.14511	1.14298	1.14433	8263
2022-02-07 16:00:00	1.14432	1.14508	1.14201	1.1434	8098
2022-02-07 17:00:00	1.14337	1.1434	1.14174	1.14185	2721
2022-02-07 18:00:00	1.14186	1.14267	1.14171	1.14264	1475
2022-02-07 19:00:00	1.14264	1.14437	1.14252	1.14432	1876
2022-02-07 20:00:00	1.1443	1.1443	1.14359	1.14382	1865
2022-02-07 21:00:00	1.14383	1.14421	1.14362	1.14421	1069
2022-02-07 22:00:00	1.14415	1.14437	1.1439	1.14412	1625
2022-02-07 23:00:00	1.14411	1.14414	1.14332	1.1441	1622
2022-02-08 00:00:00	1.14411	1.14428	1.14361	1.14426	1676
2022-02-08 01:00:00	1.14425	1.14487	1.14355	1.14356	2268
2022-02-08 02:00:00	1.14354	1.14357	1.14267	1.14302	2599
2022-02-08 03:00:00	1.14302	1.14321	1.1429	1.14299	1562
2022-02-08 04:00:00	1143	1.14306	1.14215	1.14236	1315
2022-02-08 05:00:00	1.14236	1.14249	1.14151	1.14168	2623
2022-02-08 06:00:00	1.14167	1.14233	1.14137	1.14196	1874
2022-02-08 07:00:00	1.14197	1.14206	1.13961	1.13987	5587
2022-02-08 08:00:00	1.13988	1.14091	1.13979	1.14049	6475
2022-02-08 09:00:00	1.1405	1.14085	1.1398	1.14056	4893
2022-02-08 10:00:00	1.14055	1.14283	1.14022	1.14279	4926
2022-02-08 11:00:00	1.14279	1.14335	1.14222	1.14261	5345
2022-02-08 12:00:00	1.14261	1.14271	1.14151	1.1418	4813
2022-02-08 13:00:00	1.14177	1.14177	1.14001	1.14088	4767
2022-02-08 14:00:00	1.14088	1.14236	1.14054	1.14085	5611
2022-02-08 15:00:00	1.14084	1.14217	1.1403	1.14181	5682
2022-02-08 16:00:00	1.14182	1.14207	1.14095	1.14148	3440
2022-02-08 17:00:00	1.14148	1.14233	1.14146	1.14207	1838
2022-02-08 18:00:00	1.14206	1.14227	1.14014	1.14225	2600
2022-02-08 19:00:00	1.14226	1.14237	1.14114	1.14144	2063
2022-02-08 20:00:00	1.14143	1.14205	1.1413	1.14187	1873
2022-02-08 21:00:00	1.14187	1.14206	1.14153	1.14153	678
2022-02-08 22:00:00	1.14153	1.14206	1.14129	1.14169	1037
2022-02-08 23:00:00	1.14166	1.1421	1.14147	1.14205	1174
2022-02-09 00:00:00	1.14208	1.14234	1.14121	1.14133	1392
2022-02-09 01:00:00	1.14132	1.14229	1.1412	1.14228	1738
2022-02-09 02:00:00	1.14227	1.14319	1.14227	1.14317	1775
2022-02-09 03:00:00	1.14316	1.14323	1.14276	1.14301	1755
2022-02-09 04:00:00	1.14301	1.14312	1.14252	1.14268	1167
2022-02-09 05:00:00	1.14267	1.14277	1.14217	1.14221	952
2022-02-09 06:00:00	1.1422	1.14259	1.14173	1.14178	1205
2022-02-09 07:00:00	1.14178	1.14211	1.14024	1.1409	3685
2022-02-09 08:00:00	1.1409	1.14277	1.14083	1.14221	4916
2022-02-09 09:00:00	1.14222	1.14278	1.14177	1.14264	3961
2022-02-09 10:00:00	1.14263	1.14447	1.14231	1.14416	4129
2022-02-09 11:00:00	1.14415	1.14415	1.1428	1.14293	3466
2022-02-09 12:00:00	1.14297	1.14412	1.14295	1.14374	3552
2022-02-09 13:00:00	1.14375	1.14459	1.14296	1.14356	5193
2022-02-09 14:00:00	1.14355	1.14374	1.14253	1.14315	5784
2022-02-09 15:00:00	1.14312	1.14413	1.14271	1.14282	5858
2022-02-09 16:00:00	1.14282	1.1441	1.1426	1.14342	3322
2022-02-09 17:00:00	1.14345	1.14477	1.14257	1.14373	4203
2022-02-09 18:00:00	1.14373	1.14411	1.14281	1.14323	2442
2022-02-09 19:00:00	1.14324	1.14332	1.14269	1.14322	1131
2022-02-09 20:00:00	1.14321	1.14333	1142	1.14254	1891
2022-02-09 21:00:00	1.14252	1.14263	1.14211	1.14211	1164
2022-02-09 22:00:00	1.14214	1.14273	1.14204	1.14208	1726
2022-02-09 23:00:00	1.14208	1.14233	1142	1.14211	900
2022-02-10 00:00:00	1.14211	1.14227	1.1413	1.14171	1230
2022-02-10 01:00:00	1.1417	1.14207	1.14169	1.14194	1607
2022-02-10 02:00:00	1.14193	1.14294	1.14176	1.14289	1620
2022-02-10 03:00:00	1.1429	1.14299	1.14249	1.14286	1850
2022-02-10 04:00:00	1.14285	1.14314	1.14227	1.1425	1864
2022-02-10 05:00:00	1.14249	1.14267	1.14234	1.14258	723
2022-02-10 06:00:00	1.14259	1.1428	1.14203	1.14225	1391
2022-02-10 07:00:00	1.14226	1.14287	1.14194	1.14286	3560
2022-02-10 08:00:00	1.14287	1.14335	1.14225	1.1433	5060
2022-02-10 09:00:00	1.14332	1.14463	1.14325	1.14434	5464
2022-02-10 10:00:00	1.14433	1.14455	1.14342	1.14358	4272
2022-02-10 11:00:00	1.14357	1.14406	1.14311	1.14319	3684
2022-02-10 12:00:00	1.14318	1.14394	1.14299	1.14363	3797
2022-02-10 13:00:00	1.14365	1.14415	1.13821	1.14078	14763
2022-02-10 14:00:00	1.14078	1.14098	1.13748	1.14073	12630
2022-02-10 15:00:00	1.14075	1.14736	1.14075	1.14667	17387
2022-02-10 16:00:00	1.14668	1.14948	1.14653	1.14888	9119
2022-02-10 17:00:00	1.14887	1.14887	1.14473	1.14645	10237
2022-02-10 18:00:00	1.14646	1.14751	1.14602	1.14649	6413
2022-02-10 19:00:00	1.14649	1.14658	1.14465	1.14496	3482
2022-02-10 20:00:00	1.14494	1.14548	1.14311	1.14311	3137
2022-02-10 21:00:00	1.14311	1.14332	1.1407	1.14272	1894
2022-02-10 22:00:00	1.14267	1.14298	1.14259	1.14279	672
2022-02-10 23:00:00	1.1428	1.1428	1.14017	1.14112	3520
2022-02-11 00:00:00	1.1411	1.1412	1.13858	1.13996	3798
2022-02-11 01:00:00	1.13997	1.1406	1.13943	1.14024	2855
2022-02-11 02:00:00	1.14022	1.14068	1.13956	1.1403	1921
2022-02-11 03:00:00	1.14031	1.14031	1.13924	1.13927	1395
2022-02-11 04:00:00	1.13925	1.13927	1.13749	1.13808	2382
2022-02-11 05:00:00	1.13809	1.13884	1.13802	1.13865	1328
2022-02-11 06:00:00	1.13865	1.13873	1.13699	1.13756	2134
2022-02-11 07:00:00	1.13756	1.1392	1.13725	1.13849	6251
2022-02-11 08:00:00	1.1385	1.13979	1.1378	1.13931	7851
2022-02-11 09:00:00	1.1393	1.13956	1.13822	1.13861	6237
2022-02-11 10:00:00	1.13861	1.13995	1.13837	1.13979	4034
2022-02-11 11:00:00	1.13977	1.13991	1.13901	1.13947	3729
2022-02-11 12:00:00	1.1395	1.14147	1.13917	1.1406	5002
2022-02-11 13:00:00	1.14059	1.1418	1.13896	1.13907	5496
2022-02-11 14:00:00	1.13905	1.14002	1.13801	1.13882	7039
2022-02-11 15:00:00	1.13887	1.14053	1.13834	1.14019	9043
2022-02-11 16:00:00	1.14021	1.14081	1.13923	1.14048	5270
2022-02-11 17:00:00	1.14048	1.14076	1.13934	1.13966	2789
2022-02-11 18:00:00	1.13965	1.13994	1.13415	1.13506	15549
2022-02-11 19:00:00	1.13507	1.13645	1.13296	1.13339	24051
2022-02-11 20:00:00	1.13339	1.13521	1.1331	1.13414	10134
2022-02-11 21:00:00	1.13413	1.13515	1.13398	1.13463	3585
2022-02-13 22:00:00	1.13369	1.13489	1.13365	1.1342	8024
2022-02-13 23:00:00	1.1342	1.13672	1.13417	1.13643	3010
2022-02-14 00:00:00	1.13642	1.1369	1.1359	1.13623	2435
2022-02-14 01:00:00	1.13622	1.1365	1.1352	1.13535	3669
2022-02-14 02:00:00	1.13535	1.13536	1.13405	1.13431	2123
2022-02-14 03:00:00	1.13432	1.1348	1.13411	1.13431	1936
2022-02-14 04:00:00	1.13431	1.13485	1.13413	1.1345	1527
2022-02-14 05:00:00	1.1345	1.13522	1.1342	1.13514	1360
2022-02-14 06:00:00	1.13513	1.1352	1.13388	1.13444	1751
2022-02-14 07:00:00	1.13441	1.13497	1.13359	1.13381	4216
2022-02-14 08:00:00	1.13381	1.13431	1.13037	1.13092	11814
2022-02-14 09:00:00	1.13092	1.13215	1.13078	1.1312	7018
2022-02-14 10:00:00	1.13119	1.1318	1.13011	1.13135	6185
2022-02-14 11:00:00	1.13136	1.13141	1.13008	1.13109	4393
2022-02-14 12:00:00	1.1311	1.13423	1.1302	1.1327	11112
2022-02-14 13:00:00	1.13271	1.13311	1.13111	1.13151	10759
2022-02-14 14:00:00	1.13149	1.13211	1.13049	1.13199	10026
2022-02-14 15:00:00	1.13199	1.13199	1.12915	1.13058	8651
2022-02-14 16:00:00	1.13057	1.13143	1.12961	1.13062	6946
2022-02-14 17:00:00	1.13061	1.13136	1.12988	1.13103	2385
2022-02-14 18:00:00	1.13102	1.13142	1.12969	1.12972	4091
2022-02-14 19:00:00	1.12975	1.13015	1.12799	1.12946	9212
2022-02-14 20:00:00	1.12947	1.13045	1.12928	1.1294	4400
2022-02-14 21:00:00	1.12939	1.13077	1.12939	1.13052	1152
2022-02-14 22:00:00	1.13043	1.13063	1.12981	1.1304	1596
2022-02-14 23:00:00	1.13041	1.13075	1.13038	1.13056	795
2022-02-15 00:00:00	1.13057	1.13131	1.13031	1.13117	1638
2022-02-15 01:00:00	1.13115	1.13145	1.13084	1.13105	1747
2022-02-15 02:00:00	1.13103	1.13223	1.1309	1.13188	1774
2022-02-15 03:00:00	1.13188	1.13224	1.13152	1.13174	2405
2022-02-15 04:00:00	1.13173	1.13206	1.13163	1.1319	1258
2022-02-15 05:00:00	1.13189	1.13209	1.13148	1.13173	2941
2022-02-15 06:00:00	1.13172	1.13237	1.13136	1.13218	2734
2022-02-15 07:00:00	1.13218	1.13281	1.13114	1.13126	4037
2022-02-15 08:00:00	1.13125	1.13488	1.13093	1.13459	12261
2022-02-15 09:00:00	1.13459	1.13501	1.13359	1.13461	6144
2022-02-15 10:00:00	1.13461	1.13537	1.13383	1.1348	5733
2022-02-15 11:00:00	1.13479	1.13527	1.13407	1.13455	4432
2022-02-15 12:00:00	1.13459	1.13506	1.13364	1.13405	5719
2022-02-15 13:00:00	1.13404	1.13599	1.13404	1.13557	6525
2022-02-15 14:00:00	1.13556	1.1359	1.13202	1.13218	9578
2022-02-15 15:00:00	1.13218	1.13576	1.13217	1.13547	8680
2022-02-15 16:00:00	1.13547	1.13681	1.13546	1.13624	5374
2022-02-15 17:00:00	1.13623	1.13629	1.1346	1.13587	2678
2022-02-15 18:00:00	1.13585	1.13642	1.13553	1.13555	1135
2022-02-15 19:00:00	1.13553	1.13637	1.13544	1.13594	1292
2022-02-15 20:00:00	1.13596	1.13636	1.13545	1.13582	2088
2022-02-15 21:00:00	1.13582	1.13597	1.13558	1.13574	1112
2022-02-15 22:00:00	1.13572	1.13604	1.13565	1.13565	912
2022-02-15 23:00:00	1.13564	1.13597	1.1355	1.13551	999
2022-02-16 00:00:00	1.1355	1.13595	1.13543	1.1357	1141
2022-02-16 01:00:00	1.13569	1.13569	1.13486	1.13517	2022
2022-02-16 02:00:00	1.13518	1.13534	1.13449	1.13472	2054
2022-02-16 03:00:00	1.13473	1.13482	1.13449	1.13457	1252
2022-02-16 04:00:00	1.13457	1.13489	1.13452	1.13477	835
2022-02-16 05:00:00	1.13478	1.13554	1.13478	1.13536	1054
2022-02-16 06:00:00	1.13535	1.13636	1.1353	1.13634	1628
2022-02-16 07:00:00	1.13634	1.13786	1.13631	1.13752	4128
2022-02-16 08:00:00	1.13753	1.13953	1.1373	1.13896	5262
2022-02-16 09:00:00	1.13898	1.13898	1.1371	1.13774	6865
2022-02-16 10:00:00	1.13773	1.13864	1.13731	1.13808	4710
2022-02-16 11:00:00	1.13806	1.13883	1.13742	1.1385	4310
2022-02-16 12:00:00	1.1385	1.13866	1.13644	1.13655	5919
2022-02-16 13:00:00	1.13655	1.13742	1.13546	1.13632	7163
2022-02-16 14:00:00	1.13631	1.13728	1.13531	1.13651	7017
2022-02-16 15:00:00	1.1365	1.13732	1.13599	1.13654	6416
2022-02-16 16:00:00	1.13652	1.1381	1.13605	1.13806	4171
2022-02-16 17:00:00	1.13807	1.13827	1.13735	1.13743	2575
2022-02-16 18:00:00	1.13742	1.13823	1.13712	1.13766	2560
2022-02-16 19:00:00	1.13765	1.13957	1.13701	1.13902	7231
2022-02-16 20:00:00	1.13903	1.13934	1.13804	1.13818	3658
2022-02-16 21:00:00	1.13819	1.13824	1.13718	1.13718	1042
2022-02-16 22:00:00	1.13717	1.13768	1.13713	1.13755	968
2022-02-16 23:00:00	1.13753	1.13845	1.13669	1.13728	2259
2022-02-17 00:00:00	1.13726	1.13828	1.13726	1.13796	2169
2022-02-17 01:00:00	1.13795	1.13819	1.13738	1.13815	1872
2022-02-17 02:00:00	1.13816	1.13848	1.13787	1.13826	1697
2022-02-17 03:00:00	1.13826	1.13845	1.13293	1.13366	5171
2022-02-17 04:00:00	1.13367	1.13642	1.1323	1.13422	12792
2022-02-17 05:00:00	1.13421	1.13594	1.13421	1.13563	3339
2022-02-17 06:00:00	1.13564	1.13738	1.13514	1.13602	4833
2022-02-17 07:00:00	1.13602	1.13753	1.13571	1.1375	5298
2022-02-17 08:00:00	1.1375	1.1386	1.13495	1.13582	14374
2022-02-17 09:00:00	1.13583	1.13644	1.13429	1.13613	8371
2022-02-17 10:00:00	1.13613	1.13765	1.1355	1.13753	4483
2022-02-17 11:00:00	1.13754	1.13794	1.13623	1.13657	4142
2022-02-17 12:00:00	1.13657	1.13791	1.13654	1.13778	4632
2022-02-17 13:00:00	1.13776	1.13788	1.13516	1.13592	8833
2022-02-17 14:00:00	1.13591	1.13757	1.13505	1.13592	12775
2022-02-17 15:00:00	1.13592	1.13794	1.13547	1.13692	9453
2022-02-17 16:00:00	1.13693	1.13755	1.13621	1.13627	4322
2022-02-17 17:00:00	1.13629	1.13695	1.13582	1.13591	2767
2022-02-17 18:00:00	1.13589	1.13646	1.1357	1.13625	1729
2022-02-17 19:00:00	1.13624	1.1367	1.13603	1.13638	1435
2022-02-17 20:00:00	1.13639	1.13648	1.13568	1.13598	1570
2022-02-17 21:00:00	1.13597	1.13621	1.13588	1.13592	743
2022-02-17 22:00:00	1.13584	1.13658	1.13572	1.13605	1803
2022-02-17 23:00:00	1.13608	1.13696	1.13597	1.13637	1901
2022-02-18 00:00:00	1.13636	1.13659	1.13579	1.13595	1936
2022-02-18 01:00:00	1.13593	1.13711	1.13577	1.13678	4483
2022-02-18 02:00:00	1.13677	1.13712	1.13624	1.13669	2849
2022-02-18 03:00:00	1.13669	1137	1.13639	1.13672	2510
2022-02-18 04:00:00	1.1367	1.13685	1.13628	1.13636	2127
2022-02-18 05:00:00	1.13639	1.13671	1.13611	1.13658	2472
2022-02-18 06:00:00	1.13658	1.13718	1.13655	1.13709	2224
2022-02-18 07:00:00	1.13707	1.13736	1.13672	1.13697	3377
2022-02-18 08:00:00	1.13696	1.13769	1.1366	1.13755	6172
2022-02-18 09:00:00	1.13755	1.13768	1.13638	1.13709	5309
2022-02-18 10:00:00	1.13709	1.13723	1.13605	1.1361	4361
2022-02-18 11:00:00	1.13609	1.13637	1.13469	1.13624	3725
2022-02-18 12:00:00	1.13623	1.13682	1.13573	1.13602	3502
2022-02-18 13:00:00	1.13604	1.13615	1.13478	1.1349	6897
2022-02-18 14:00:00	1.1349	1.13515	1.13387	1.13478	6577
2022-02-18 15:00:00	1.1348	1.1354	1.13274	1.13411	7935
2022-02-18 16:00:00	1.13412	1.13422	1.13146	1.13259	7279
2022-02-18 17:00:00	1.13258	1.13293	1.1314	1.13222	3683
2022-02-18 18:00:00	1.13222	1.13323	1.13218	1.13299	1559
2022-02-18 19:00:00	1.13301	1.13356	1.13277	1.1331	1817
2022-02-18 20:00:00	1.13311	1.13317	1.13236	1.13243	2199
2022-02-18 21:00:00	1.13245	1.13294	1.13196	1.13203	1896
2022-02-20 22:00:00	1.13186	1.13253	1.13175	1.13198	767
2022-02-20 23:00:00	1.13199	1.13235	1.13131	1.13164	3280
2022-02-21 00:00:00	1.1317	1.13356	1.1313	1.13325	2094
2022-02-21 01:00:00	1.13326	1.13579	1.13279	1.13532	4408
2022-02-21 02:00:00	1.13533	1.13581	1.13528	1.13571	2604
2022-02-21 03:00:00	1.1357	1.13679	1.1357	1.13607	1787
2022-02-21 04:00:00	1.13606	1.13627	1.13582	1.13621	1046
2022-02-21 05:00:00	1.13621	1.13644	1.13607	1.13625	855
2022-02-21 06:00:00	1.13625	1.13696	1.13623	1.13688	1450
2022-02-21 07:00:00	1.13689	1.13788	1.13679	1.13735	2995
2022-02-21 08:00:00	1.13734	1.13905	1.13559	1.13565	6248
2022-02-21 09:00:00	1.13564	1.13682	1.13539	1.13634	5037
2022-02-21 10:00:00	1.13633	1.13665	1.1355	1.13562	3207
2022-02-21 11:00:00	1.13563	1.13613	1.13456	1.13477	4532
2022-02-21 12:00:00	1.13477	1.13502	1.13329	1.13343	4756
2022-02-21 13:00:00	1.13341	1.13407	1.13205	1.13301	5736
2022-02-21 14:00:00	1.13298	1.13458	1.1325	1.13336	6707
2022-02-21 15:00:00	1.13334	1.13446	1.13258	1.13361	5318
2022-02-21 16:00:00	1.1336	1.13468	1.13348	1.13463	3146
2022-02-21 17:00:00	1.13464	1.1349	1.13355	1.13361	2002
2022-02-21 18:00:00	1.13362	1.13428	1.13169	1.1317	2600
2022-02-21 19:00:00	1.1317	1.13203	1.13064	1.13182	4903
2022-02-21 20:00:00	1.13184	1.13186	1.13072	1.13147	1391
2022-02-21 21:00:00	1.13145	1.13186	1.13075	1.13078	2177
2022-02-21 22:00:00	1.13074	1.13124	1.13066	1.13072	1033
2022-02-21 23:00:00	1.13072	1.13092	1.12963	1.13092	2873
2022-02-22 00:00:00	1.13092	1.13197	1.1307	1.13136	2867
2022-02-22 01:00:00	1.13136	1.1316	1.12995	1.13036	4504
2022-02-22 02:00:00	1.13036	1.13094	1.12977	1.13045	2783
2022-02-22 03:00:00	1.13046	1.13046	1.1288	1.12922	2754
2022-02-22 04:00:00	1.12922	1.13002	1.12922	1.12984	1944
2022-02-22 05:00:00	1.12984	1.13091	1.12975	1.13066	2237
2022-02-22 06:00:00	1.13067	1.13125	1.12995	1.1304	3473
2022-02-22 07:00:00	1.13041	1.13056	1.12925	1.12966	7555
2022-02-22 08:00:00	1.12965	1.13278	1.12929	1.13257	10337
2022-02-22 09:00:00	1.13258	1.13367	1.13147	1.13193	6817
2022-02-22 10:00:00	1.13194	1.13667	1.13183	1.13522	9321
2022-02-22 11:00:00	1.13524	1.13586	1.1337	1.1346	7577
2022-02-22 12:00:00	1.13461	1.13592	1.1343	1.13509	6468
2022-02-22 13:00:00	1.13508	1.13535	1.1337	1.13411	5569
2022-02-22 14:00:00	1.1341	1.13481	1.13355	1.13465	6230
2022-02-22 15:00:00	1.13466	1.13503	1.13306	1.13352	9035
2022-02-22 16:00:00	1.13355	1.13539	1.13311	1.13434	6630
2022-02-22 17:00:00	1.13431	1.13431	1.13249	1.13336	2612
2022-02-22 18:00:00	1.13336	1.1338	1.13252	1.13288	2115
2022-02-22 19:00:00	1.13287	1.13412	1.1322	1.13346	4489
2022-02-22 20:00:00	1.13346	1.1341	1.13234	1.1324	3003
2022-02-22 21:00:00	1.13239	1.13293	1.13229	1.1324	982
2022-02-22 22:00:00	1.13229	1.13288	1.13229	1.13257	728
2022-02-22 23:00:00	1.13256	1.1331	1.13255	1.13287	929
2022-02-23 00:00:00	1.13286	1.13354	1.13283	1.13331	1134
2022-02-23 01:00:00	1.1333	1.13358	1.13293	1.13347	2060
2022-02-23 02:00:00	1.13349	1.13387	1.13203	1.13224	1976
2022-02-23 03:00:00	1.13223	1.13265	1.13199	1.13257	820
2022-02-23 04:00:00	1.13258	1.13262	1.13231	1.13254	774
2022-02-23 05:00:00	1.13254	1.13301	1.13218	1.13255	1474
2022-02-23 06:00:00	1.13254	1.13304	1.13219	1.1322	1301
2022-02-23 07:00:00	1.13221	1.13427	1.13159	1.13398	4106
2022-02-23 08:00:00	1.13398	1.13474	1.13339	1.13474	4544
2022-02-23 09:00:00	1.13472	1.13588	1.13377	1.13557	4814
2022-02-23 10:00:00	1.13554	1.13581	1.13498	1.13511	4928
2022-02-23 11:00:00	1.13511	1.13528	1134	1.13403	4288
2022-02-23 12:00:00	1.13402	1.13488	1.13369	1.13374	4113
2022-02-23 13:00:00	1.13376	1.13523	1.13364	1.13514	4292
2022-02-23 14:00:00	1.13514	1.13518	1133	1.13334	6112
2022-02-23 15:00:00	1.13335	1.13377	1.13206	1.13243	6735
2022-02-23 16:00:00	1.13242	1.13261	1.13058	1.1314	5057
2022-02-23 17:00:00	1.13139	1.13184	1.13076	1.13124	2213
2022-02-23 18:00:00	1.13123	1.13124	1.13038	1.13091	2031
2022-02-23 19:00:00	1.13091	1.13121	1.13037	1.13076	1706
2022-02-23 20:00:00	1.13075	1.13104	1.13011	1.13051	1553
2022-02-23 21:00:00	1.13051	1.13076	1.13021	1.13027	979
2022-02-23 22:00:00	1.13036	1.13087	1.13027	1.13027	1589
2022-02-23 23:00:00	1.13028	1.13086	1.13001	1.13053	1537
2022-02-24 00:00:00	1.13055	1.1306	1.12749	1.1276	3738
2022-02-24 01:00:00	1.12763	1.12942	1.12763	1.1293	6013
2022-02-24 02:00:00	1.12932	1.12939	1.12648	1.1273	7816
2022-02-24 03:00:00	1.12728	1.12788	1.12348	1.1238	12309
2022-02-24 04:00:00	1.12379	1.1249	1.12083	1.12453	12542
2022-02-24 05:00:00	1.12452	1.12461	1.12206	1.12377	8906
2022-02-24 06:00:00	1.12376	1.12533	1.1232	1.12452	6415
2022-02-24 07:00:00	1.12449	1.12556	1.12353	1.1245	13973
2022-02-24 08:00:00	1.12451	1.12624	1.12331	1.12397	15256
2022-02-24 09:00:00	1.12399	1.12504	1.12088	1.12112	12571
2022-02-24 10:00:00	1.12111	1.12122	1.11632	1.11781	13086
2022-02-24 11:00:00	1.1178	1.11806	1.11551	1.11741	12869
2022-02-24 12:00:00	1.11742	1.11848	1.11614	1.11703	11515
2022-02-24 13:00:00	1.11702	1.11801	1.11528	1.11619	11830
2022-02-24 14:00:00	1.11616	1.11712	1.11442	1.11467	13206
2022-02-24 15:00:00	1.11468	1.11504	1.1108	1.11096	12095
2022-02-24 16:00:00	1.11094	1.1157	1.11062	1.11499	12957
2022-02-24 17:00:00	1.11501	1.11785	1.11408	1.11664	7026
2022-02-24 18:00:00	1.11666	1.12067	1.11599	1.11906	6830
2022-02-24 19:00:00	1.11907	1.12123	1.11841	1.11874	10867
2022-02-24 20:00:00	1.11875	1.12212	1.11845	1.11996	7325
2022-02-24 21:00:00	1.11999	1.1205	1.1191	1.11914	1899
2022-02-24 22:00:00	1.11912	1.12031	1.11912	1.11968	2029
2022-02-24 23:00:00	1.11967	1.12002	1.11897	1.11905	1304
2022-02-25 00:00:00	1.11906	1.12094	1.11864	1.12014	3589
2022-02-25 01:00:00	1.12018	1.12057	1.11895	1.12033	9263
2022-02-25 02:00:00	1.12032	1.12141	1.11985	1.12136	3614
2022-02-25 03:00:00	1.12135	1.12178	1.12052	1.12172	3155
2022-02-25 04:00:00	1.12172	1.12285	1.1216	1.12214	4098
2022-02-25 05:00:00	1.12213	1.12256	1.12142	1.12254	2764
2022-02-25 06:00:00	1.12254	1.12254	1.12008	1.12018	3998
2022-02-25 07:00:00	1.12017	1.1222	1.11968	1121	8619
2022-02-25 08:00:00	1.12102	1.12151	1.11701	1.11775	12115
2022-02-25 09:00:00	1.11774	1.11881	1.11695	1.11813	9161
2022-02-25 10:00:00	1.11812	1.11832	1.11659	1.11802	7322
2022-02-25 11:00:00	1.11801	1.1187	1.11682	1.11851	5787
2022-02-25 12:00:00	1.11853	1.12369	1.11837	1.12211	12613
2022-02-25 13:00:00	1.12213	1.12415	1.12118	1.12366	12455
2022-02-25 14:00:00	1.12366	1.12497	1.12185	1.12324	10474
2022-02-25 15:00:00	1.12325	1.12509	1.12318	1.1244	11484
2022-02-25 16:00:00	1.12442	1.12669	1.12386	1.12591	6903
2022-02-25 17:00:00	1.12591	1.1262	1.1235	1.12407	4046
2022-02-25 18:00:00	1.12408	1.12604	1.12408	1.12568	2842
2022-02-25 19:00:00	1.1257	1.12658	1.12497	1.12634	2557
2022-02-25 20:00:00	1.12633	1.12711	1.12581	1.12656	3433
2022-02-25 21:00:00	1.12657	1.12739	1.12643	1.12719	2300
2022-02-27 22:00:00	1.11237	1.11581	1.11225	1.11502	9943
2022-02-27 23:00:00	1.11504	1.11882	1.11488	1118	17507
2022-02-28 00:00:00	1.11801	1.11944	1.11774	1.11817	8540
2022-02-28 01:00:00	1.11818	1.11859	1.1159	1.11708	13185
2022-02-28 02:00:00	1.11708	1.11737	1.1146	1.1157	8436
2022-02-28 03:00:00	1.11569	1.11605	1.11489	1.11507	5114
2022-02-28 04:00:00	1.11508	1.11528	1.11421	1.11458	3010
2022-02-28 05:00:00	1.11462	1.11584	1.11445	1.11562	2611
2022-02-28 06:00:00	1.11562	1.11681	1.11543	1.11586	5065
2022-02-28 07:00:00	1.11587	1.12	1.11555	1.11894	13612
2022-02-28 08:00:00	1.11897	1.11963	1.11639	1.11787	12614
2022-02-28 09:00:00	1.11788	1.11851	1.11649	1.11779	9456
2022-02-28 10:00:00	1.11778	1.12321	1.11777	1.1229	9458
2022-02-28 11:00:00	1.12287	1.12288	1.1189	1.1199	9707
2022-02-28 12:00:00	1.11992	1.1208	1.11913	1.11928	7822
2022-02-28 13:00:00	1.11929	1.12167	1.11791	1.12125	10273
2022-02-28 14:00:00	1.12127	1.12296	1.12047	1.12219	8342
2022-02-28 15:00:00	1.12219	1.12363	1.12006	1.12316	11469
2022-02-28 16:00:00	1.12315	1.12464	1.12166	1.12242	12255
2022-02-28 17:00:00	1.12242	1.12283	1.11974	1.12048	6746
2022-02-28 18:00:00	1.12049	1.1216	1.12034	1.1215	3556
2022-02-28 19:00:00	1.1215	1.12236	1.12037	1.12222	4124
2022-02-28 20:00:00	1.12224	1.12228	1.1209	1.12103	3992
2022-02-28 21:00:00	1.12102	1.12196	1.12098	1.12181	1225
2022-02-28 22:00:00	1.12181	1.12203	1.12181	1.12199	421
2022-02-28 23:00:00	1.12199	1.12199	1.12141	1.12141	1301
2022-03-01 00:00:00	1.1214	1.12145	1.12052	1.12054	2956
2022-03-01 01:00:00	1.12056	1.12103	1.12016	1.12016	3058
2022-03-01 02:00:00	1.12017	1.12051	1.11928	1.11963	2795
2022-03-01 03:00:00	1.11963	1.1201	1.1192	1.1192	2050
2022-03-01 04:00:00	1.11922	1.11996	1.11906	1.11964	1139
2022-03-01 05:00:00	1.11962	1.1203	1.11938	1.1196	1556
2022-03-01 06:00:00	1.1196	1.12075	1.11944	1.12058	2584
2022-03-01 07:00:00	1.12058	1.12299	1.12051	1.12296	6262
2022-03-01 08:00:00	1.12295	1.12329	1.12116	1.12266	8270
2022-03-01 09:00:00	1.12267	1.12295	1119	1.11964	9862
2022-03-01 10:00:00	1.11961	1.11986	1.11662	1.11813	10586
2022-03-01 11:00:00	1.11812	1.11862	1.11731	1.11756	8594
2022-03-01 12:00:00	1.11756	1.11804	1.1156	1116	7079
2022-03-01 13:00:00	1.11601	1117	1.11403	1.11602	9664
2022-03-01 14:00:00	1.11602	1.1162	1.11425	1.11513	10022
2022-03-01 15:00:00	1.11509	1.11511	1.11281	1.11401	11133
2022-03-01 16:00:00	1.11402	1.11443	1.10991	1.11031	9054
2022-03-01 17:00:00	1.11031	1.11263	1.10896	1.11091	8264
2022-03-01 18:00:00	1.1109	1.11259	1.10983	1.11225	8642
2022-03-01 19:00:00	1.11224	1.11348	1.11132	1.1122	5826
2022-03-01 20:00:00	1.11219	1.11328	1.11164	1.11302	7107
2022-03-01 21:00:00	1.11301	1.11379	1.11225	1.1124	1709
2022-03-01 22:00:00	1.11234	1.11258	1.11177	1.11189	2583
2022-03-01 23:00:00	1.11188	1.11342	1.11177	1.11322	1312
2022-03-02 00:00:00	1.11321	1.11336	1.11216	1.11264	2065
2022-03-02 01:00:00	1.11264	1.11355	1.11226	1.11281	2592
2022-03-02 02:00:00	1.11279	1.11317	1.1111	1.11251	2893
2022-03-02 03:00:00	1.11252	1.11289	1.11178	1.11189	1594
2022-03-02 04:00:00	1.1119	1.11234	1.11175	1.1123	2010
2022-03-02 05:00:00	1.11228	1.11229	1.11132	1.11148	2847
2022-03-02 06:00:00	1.11149	1.11178	1.10965	1.10973	4541
2022-03-02 07:00:00	1.10974	1.11126	1.10838	1.10933	11443
2022-03-02 08:00:00	1.10933	1.1104	1.10796	1.10856	12179
2022-03-02 09:00:00	1.10855	1.10987	1.10588	1.10823	13754
2022-03-02 10:00:00	1.10823	1.11021	1.10758	1.10977	9198
2022-03-02 11:00:00	1.1098	1.1103	1.1085	1.10995	8531
2022-03-02 12:00:00	1.10995	1.11192	1.10944	1.1117	9387
2022-03-02 13:00:00	1.11173	1.11173	1.10886	1.11048	12380
2022-03-02 14:00:00	1.11046	1.11047	1.10759	1.10934	10827
2022-03-02 15:00:00	1.10938	1.1098	1.10573	1.10683	14199
2022-03-02 16:00:00	1.10684	1.11437	1.10636	1.11023	19029
2022-03-02 17:00:00	1.11022	1.11036	1.10786	1.11025	8877
2022-03-02 18:00:00	1.11024	1.11312	1.10997	1.11281	4134
2022-03-02 19:00:00	1.11281	1.11341	1.11164	1.11241	3633
2022-03-02 20:00:00	1.11241	1.11302	1.11175	1.11269	3794
2022-03-02 21:00:00	1.11269	1.11289	1.11174	1.11179	1084
2022-03-02 22:00:00	1.11179	1.11207	1.11125	1.11187	2934
2022-03-02 23:00:00	1.11189	1.11215	1.11102	1.11123	3145
2022-03-03 00:00:00	1.11119	1.11152	1.11006	1.11021	2455
2022-03-03 01:00:00	1.11022	1.11039	1.10941	1.10975	3704
2022-03-03 02:00:00	1.10976	1.11065	1109	1.11058	3418
2022-03-03 03:00:00	1.11058	1.11066	1.10956	1.10996	1955
2022-03-03 04:00:00	1.10997	1.11032	1.10971	1.10977	1446
2022-03-03 05:00:00	1.10978	1.11046	1.10978	1.11017	1556
2022-03-03 06:00:00	1.11016	1.11062	1.10936	1.11044	2731
2022-03-03 07:00:00	1.11043	1.11057	1.10911	1.10975	4245
2022-03-03 08:00:00	1.10974	1.11	1.10824	1.10911	7439
2022-03-03 09:00:00	1.10911	1.10951	1.10717	1.10799	7752
2022-03-03 10:00:00	1108	1.1094	1.10777	1.10866	4437
2022-03-03 11:00:00	1.10866	1.10875	1.1078	1.10866	4854
2022-03-03 12:00:00	1.10865	1.10968	1.10724	1.10752	6065
2022-03-03 13:00:00	1.10755	1.10875	1.10647	1.10856	6961
2022-03-03 14:00:00	1.10855	1.1095	1.10743	1.10796	11634
2022-03-03 15:00:00	1.10809	1.10867	1.10575	1.10618	8637
2022-03-03 16:00:00	1.10617	1.10651	1.10375	1.10543	8631
2022-03-03 17:00:00	1.10544	1.10678	1.10334	1.1051	8791
2022-03-03 18:00:00	1.10512	1.10664	1.10473	1.10623	4117
2022-03-03 19:00:00	1.10624	1.10655	1.1055	1.10577	2225
2022-03-03 20:00:00	1.10576	1.10635	1.10564	1.10628	2900
2022-03-03 21:00:00	1.10627	1.10666	1.10621	1.10658	1095
2022-03-03 22:00:00	1.10655	1.10662	1.10614	1.10656	475
2022-03-03 23:00:00	1.10657	1.10677	1.1063	1.10656	1378
2022-03-04 00:00:00	1.10656	1.10665	1101	1.10124	8991
2022-03-04 01:00:00	1.10122	1.10517	1.10112	1.10489	14023
2022-03-04 02:00:00	1.10487	1.10492	1.10254	1.10289	9979
2022-03-04 03:00:00	1.10288	1.10312	1.10192	1.10258	5035
2022-03-04 04:00:00	1.10255	1.10366	1.10234	1.10354	3242
2022-03-04 05:00:00	1.10354	1.10391	1.10233	1.10286	3593
2022-03-04 06:00:00	1.10284	1.10317	1.10145	1.10152	3370
2022-03-04 07:00:00	1.10152	1.10237	1.10083	1.10122	8026
2022-03-04 08:00:00	1.10121	1.10169	1.10084	1.1012	7256
2022-03-04 09:00:00	1.10118	1.10242	1.10118	1.1014	6051
2022-03-04 10:00:00	1.10143	1.10198	1.1	1.10012	6745
2022-03-04 11:00:00	1.10011	1.10066	1.09729	1.09756	7822
2022-03-04 12:00:00	1.09755	1.0982	1.09341	1.09372	7246
2022-03-04 13:00:00	1.09373	1.09448	1.08856	1.09088	15565
2022-03-04 14:00:00	1.09085	1.09278	1.08961	1.09088	13117
2022-03-04 15:00:00	1.09084	1.09238	1.09012	1.09185	9512
2022-03-04 16:00:00	1.0919	1.09227	1.09084	1.09085	7645
2022-03-04 17:00:00	1.09087	1.09261	1.0908	1.09256	5591
2022-03-04 18:00:00	1.09259	1.09334	1.09215	1.09333	3606
2022-03-04 19:00:00	1.09335	1.09368	1.09098	1.09131	4400
2022-03-04 20:00:00	1.09127	1.09361	1.09126	1.09342	5578
2022-03-04 21:00:00	1.09344	1.09404	1.09254	1.09311	3652
2022-03-06 22:00:00	1.09199	1.09287	1.09199	1.09252	876
2022-03-06 23:00:00	1.09256	1.09256	1.08634	1.08736	10175
2022-03-07 00:00:00	1.08734	1.08844	1.08623	1.08623	5503
2022-03-07 01:00:00	1.08619	1.08662	1.08213	1.08433	17819
2022-03-07 02:00:00	1.08432	1.08537	1.08357	1.08454	7548
2022-03-07 03:00:00	1.08455	1.08863	1.08407	1.08709	8961
2022-03-07 04:00:00	1.0871	1.08801	1.08627	1.08795	6590
2022-03-07 05:00:00	1.08791	1.08873	1.08663	1.08769	6389
2022-03-07 06:00:00	1.08769	1.08893	1.08712	1.08736	8627
2022-03-07 07:00:00	1.08735	1.08978	1.08663	1.08711	12341
2022-03-07 08:00:00	1.08712	1.08907	1.08538	1.08626	14770
2022-03-07 09:00:00	1.08626	1.08706	1.08501	1.08582	12474
2022-03-07 10:00:00	1.08583	1.08594	1.08059	1.08324	11251
2022-03-07 11:00:00	1.08327	1.08646	1.08259	1.08592	11879
2022-03-07 12:00:00	1.08592	1.09253	1.08554	1.08872	25046
2022-03-07 13:00:00	1.08878	1.09211	1.08848	1.08975	19450
2022-03-07 14:00:00	1.08974	1.09325	1.08894	1.08913	17991
2022-03-07 15:00:00	1.08911	1.08964	1.08578	1.0876	11449
2022-03-07 16:00:00	1.08762	1.08773	1.08483	1086	8604
2022-03-07 17:00:00	1086	1.08896	1.08584	1.08751	7967
2022-03-07 18:00:00	1.08749	1.09003	1.08717	1.08801	7638
2022-03-07 19:00:00	1088	1.08905	1.08455	1.08479	6627
2022-03-07 20:00:00	1.08483	1.08716	1.08466	1.08703	5651
2022-03-07 21:00:00	1.08702	1.08716	1.08515	1.08523	1188
2022-03-07 22:00:00	1.08515	1.08569	1.0849	1.08538	2754
2022-03-07 23:00:00	1.08538	1.08661	1.0852	1.0866	1711
2022-03-08 00:00:00	1.0866	1.08697	1.08489	1.08571	2597
2022-03-08 01:00:00	1.08572	1.08803	1.08531	1.08749	4974
2022-03-08 02:00:00	1.0875	1.08847	1.08706	1.08747	3564
2022-03-08 03:00:00	1.08746	1.08792	1.08674	1.08677	2429
2022-03-08 04:00:00	1.08675	1.08726	1.08649	1.08699	2844
2022-03-08 05:00:00	1.08698	1.08702	1.08557	1.08597	4044
2022-03-08 06:00:00	1.08597	1.08664	1.08522	1.08604	4895
2022-03-08 07:00:00	1.08606	1.08836	1.08511	1.08612	10255
2022-03-08 08:00:00	1.08616	1.09216	1.08559	1.08964	23475
2022-03-08 09:00:00	1.08965	1.09051	1.08655	1.08875	10525
2022-03-08 10:00:00	1.08875	1.09048	1.08654	1.0898	11018
2022-03-08 11:00:00	1.08984	1.09037	1.08814	1.0891	6868
2022-03-08 12:00:00	1.08912	1.09212	1.08912	1.09054	9409
2022-03-08 13:00:00	1.09054	1.09175	1.08835	1.09155	13969
2022-03-08 14:00:00	1.09153	1.09243	1.09016	1.09043	11703
2022-03-08 15:00:00	1.09045	1.09063	1.08719	1.08756	16150
2022-03-08 16:00:00	1.08756	1.08928	1.08749	1.08806	10405
2022-03-08 17:00:00	1.08808	1.09561	1.08776	1.0942	20750
2022-03-08 18:00:00	1.09419	1.09582	1.09042	1.09172	14054
2022-03-08 19:00:00	1.09168	1.0917	1.09021	1.09063	10166
2022-03-08 20:00:00	1.09063	1.09134	1.08996	1.09064	6370
2022-03-08 21:00:00	1.09066	1.09094	1.08938	1.08997	813
2022-03-08 22:00:00	1.08964	1.09028	1.08964	1.08998	786
2022-03-08 23:00:00	1.09001	1.09046	1089	1.08978	2054
2022-03-09 00:00:00	1.08984	1.09145	1.08965	1.0914	2503
2022-03-09 01:00:00	1.09142	1.09199	1.09102	1.09138	3571
2022-03-09 02:00:00	1.09138	1.09201	1.09125	1.09161	2623
2022-03-09 03:00:00	1.0916	1.09173	1.0905	1.09072	2211
2022-03-09 04:00:00	1.09071	1.0919	1.09069	1.09168	1862
2022-03-09 05:00:00	1.09168	1.09296	1.09143	1.09159	2396
2022-03-09 06:00:00	1.09161	1.09276	1.09139	1.09172	3785
2022-03-09 07:00:00	1.0917	1.09253	1.09091	1.09164	6285
2022-03-09 08:00:00	1.09166	1.0956	1.09107	1.09494	9279
2022-03-09 09:00:00	1.09497	1.09727	1.09398	1097	9726
2022-03-09 10:00:00	1097	1.09926	1.09653	1.09666	8876
2022-03-09 11:00:00	1.09669	1.09718	1.09417	1.0971	7885
2022-03-09 12:00:00	1.09711	1.09887	1.09633	1.09854	6603
2022-03-09 13:00:00	1.09853	1.10163	1.09833	1.1014	7232
2022-03-09 14:00:00	1.10141	1.10502	1.10042	1.10311	19069
2022-03-09 15:00:00	1.10311	1.10479	1.10113	1.1044	9668
2022-03-09 16:00:00	1.10439	1.10916	1.10429	1.10703	10907
2022-03-09 17:00:00	1.10705	1.10951	1.1065	1.10917	6273
2022-03-09 18:00:00	1.10917	1.10949	1.10633	1.10657	4537
2022-03-09 19:00:00	1.10657	1.10794	1.10616	1.10772	2809
2022-03-09 20:00:00	1.10771	1.10833	1.10621	1.10704	3758
2022-03-09 21:00:00	1.10703	1.10789	1.10646	1.1074	1127
2022-03-09 22:00:00	1.10733	1.10753	1.10676	1.10683	1968
2022-03-09 23:00:00	1.10683	1.1078	1.10653	1.10733	2116
2022-03-10 00:00:00	1.10732	1.10735	1.1047	1.10539	2331
2022-03-10 01:00:00	1.10536	1.10577	1.10415	1.10512	3778
2022-03-10 02:00:00	1.10511	1.10577	1.10472	1.1052	2329
2022-03-10 03:00:00	1.10522	1.10592	1.10452	1.10588	1983
2022-03-10 04:00:00	1.10589	1.10625	1.10512	1.10538	1897
2022-03-10 05:00:00	1.10539	1.10594	1.1052	1.10589	1651
2022-03-10 06:00:00	1.10589	1.10676	1.10522	1.10561	2803
2022-03-10 07:00:00	1.10561	1.10718	1.10529	1.1065	5875
2022-03-10 08:00:00	1.10651	1.10651	1.10261	1.10326	10523
2022-03-10 09:00:00	1.10327	1.10801	1.10326	1.10412	21699
2022-03-10 10:00:00	1.10412	1.10485	1.10255	1.10348	14766
2022-03-10 11:00:00	1.10349	1.10531	1.10303	1104	10649
2022-03-10 12:00:00	1.10397	1.11212	1.10329	1.10982	19089
2022-03-10 13:00:00	1.10983	1.11075	1.10515	1.10638	25670
2022-03-10 14:00:00	1.10637	1107	1.1	1.10163	17503
2022-03-10 15:00:00	1.10164	1.10235	1.09801	1.10188	11332
2022-03-10 16:00:00	1.10185	1.10198	1.09957	1.10066	6896
2022-03-10 17:00:00	1.10065	1.10085	1099	1.09902	3944
2022-03-10 18:00:00	1.09903	1.09929	1.09865	1.09867	2429
2022-03-10 19:00:00	1.09863	1.09938	1.09829	1.09849	2568
2022-03-10 20:00:00	1.09848	1.09909	1.09761	1.09771	2008
2022-03-10 21:00:00	1.09771	1.09889	1.0976	1.09849	929
2022-03-10 22:00:00	1.09849	1.09923	1.09812	1.09868	1500
2022-03-10 23:00:00	1.09868	1.1015	1.09864	1.10133	2308
2022-03-11 00:00:00	1.10132	1.10188	1.09975	1.0998	2846
2022-03-11 01:00:00	1.09981	1.10016	1.09804	1.09874	4010
2022-03-11 02:00:00	1.09877	1.10028	1.09872	1.09944	3552
2022-03-11 03:00:00	1.09944	1.10047	1.09911	1.10043	2667
2022-03-11 04:00:00	1.10042	1.10102	1.10001	1.1001	2373
2022-03-11 05:00:00	1.10015	1.10039	1.09932	1.09991	3021
2022-03-11 06:00:00	1.09991	1.10076	1.09961	1.10038	3457
2022-03-11 07:00:00	1.10039	1.10086	1.09809	1.09834	6257
2022-03-11 08:00:00	1.09839	1.09921	1.09656	1.0978	10288
2022-03-11 09:00:00	1.09779	1.09858	1.09601	1.09672	7520
2022-03-11 10:00:00	1.09672	1.0985	1.09657	1.09791	5681
2022-03-11 11:00:00	1.09794	1.10435	1.09791	1.10112	18797
2022-03-11 12:00:00	1.10112	1.10322	1.09737	1.09864	13633
2022-03-11 13:00:00	1.09865	1.1011	1.09853	1.09982	11831
2022-03-11 14:00:00	1.09981	1.10016	1.09732	1.09816	8393
2022-03-11 15:00:00	1.09817	1.09821	1.09461	1.0965	11594
2022-03-11 16:00:00	1.09651	1.09697	1.09284	1.09357	10151
2022-03-11 17:00:00	1.09358	1.09364	1.09126	1.09159	4780
2022-03-11 18:00:00	1.09158	1.09211	1.09018	1.09031	14687
2022-03-11 19:00:00	1.09031	1.09131	1.09026	1.09089	12872
2022-03-11 20:00:00	1.09089	1.09137	1.09052	1.09105	7717
2022-03-11 21:00:00	1.09105	1.09169	1.09081	1.09099	4759
2022-03-13 21:00:00	1.09205	1.09249	1.09155	1.09178	391
2022-03-13 22:00:00	1.09177	1.09359	1.09099	1.09274	2954
2022-03-13 23:00:00	1.09276	1.09387	1.09256	1.09316	6980
2022-03-14 00:00:00	1.09317	1.09325	1.09199	1.0929	10400
2022-03-14 01:00:00	1.09293	1.09375	1.09126	1.0917	12520
2022-03-14 02:00:00	1.09173	1.0918	1.09005	1.09092	10288
2022-03-14 03:00:00	1.09091	1.09119	1.0904	1.09044	7748
2022-03-14 04:00:00	1.09045	1.09173	1.09011	1.09171	3966
2022-03-14 05:00:00	1.0917	1.09181	1.09084	1.09111	6358
2022-03-14 06:00:00	1.09109	1.09228	1.09091	1.09174	5787
2022-03-14 07:00:00	1.09174	1.09404	1.09105	1.09317	9977
2022-03-14 08:00:00	1.09319	1.09599	1.09302	1.09564	11069
2022-03-14 09:00:00	1.09562	1.09897	1.09516	1.09822	11503
2022-03-14 10:00:00	1.0982	1.09841	1.09592	1.09605	9998
2022-03-14 11:00:00	1.09606	1.09667	1.09399	1.0943	12187
2022-03-14 12:00:00	1.09431	1.09647	1.09428	1.09576	13587
2022-03-14 13:00:00	1.09573	1.09617	1.09349	1.09426	11284
2022-03-14 14:00:00	1.09425	1.09719	1.09394	1.09651	8936
2022-03-14 15:00:00	1.09651	1.09863	1.09615	1.0979	8345
2022-03-14 16:00:00	1.0979	1.09938	1.0968	1.0974	8516
2022-03-14 17:00:00	1.09741	1.09792	1.09638	1.09749	6525
2022-03-14 18:00:00	1.09749	1.0976	1.09569	1.09579	3460
2022-03-14 19:00:00	1.0958	1.0966	1.09456	1.09495	6390
2022-03-14 20:00:00	1.09496	1.09535	1.0939	1.09399	3611
2022-03-14 21:00:00	1.09399	1.09518	1.09319	1.0944	4615
2022-03-14 22:00:00	1.09438	1.09485	1.09332	1.09355	1889
2022-03-14 23:00:00	1.0936	1.09453	1.09304	1.09426	4984
2022-03-15 00:00:00	1.09426	1.09552	1.09426	1.09502	6394
2022-03-15 01:00:00	1.09502	1.09557	1.09375	1.09545	18442
2022-03-15 02:00:00	1.09545	1.09767	1.09534	1.09711	16129
2022-03-15 03:00:00	1.09713	1.09804	1.09686	1.09774	8750
2022-03-15 04:00:00	1.09776	1.09853	1.09746	1.09823	5378
2022-03-15 05:00:00	1.09824	1.09849	1.0978	1.09829	6871
2022-03-15 06:00:00	1.09826	1.09836	1097	1.09708	10061
2022-03-15 07:00:00	1.0971	1.10196	1.09668	1.10049	26797
2022-03-15 08:00:00	1.10049	1.10193	1.09876	1.10036	18105
2022-03-15 09:00:00	1.10035	1.10076	1.0991	1.10054	11439
2022-03-15 10:00:00	1.10054	1.10054	1.09926	1.09951	12150
2022-03-15 11:00:00	1.0995	1.09971	1.0978	1.09837	10283
2022-03-15 12:00:00	1.09837	1.10041	1.09837	1.09903	14987
2022-03-15 13:00:00	1.09902	1.09998	1.09738	1.09972	13081
2022-03-15 14:00:00	1.09973	1.09996	1.09771	1.09828	7668
2022-03-15 15:00:00	1.0983	1.09867	1.09631	1.09727	9872
2022-03-15 16:00:00	1.09728	1.09757	1.0938	1.09514	12265
2022-03-15 17:00:00	1.09516	1.09537	1.09367	1.09383	4673
2022-03-15 18:00:00	1.09382	1.09429	1.0926	1.09401	4438
2022-03-15 19:00:00	1.09402	1.09531	1.09394	1.09527	3845
2022-03-15 20:00:00	1.09526	1.09557	1.09417	1.09551	2306
2022-03-15 21:00:00	1.09531	1.09561	1.0948	1.09492	1098
2022-03-15 22:00:00	1.09493	1.09648	1.09492	1.09648	1889
2022-03-15 23:00:00	1.09647	1.0974	1.09577	1.09667	3386
2022-03-16 00:00:00	1.09668	1.0972	1.0955	1.09569	7461
2022-03-16 01:00:00	1.09568	1.09695	1.09558	1.0967	11260
2022-03-16 02:00:00	1.09668	1.09771	1.09654	1.09711	5032
2022-03-16 03:00:00	1.0971	1.09726	1.09665	1.09669	5126
2022-03-16 04:00:00	1.09669	1.09694	1.09655	1.09677	3752
2022-03-16 05:00:00	1.09677	1.09778	1.09645	1.09773	4243
2022-03-16 06:00:00	1.09771	1.09821	1.09709	1.09788	7129
2022-03-16 07:00:00	1.09787	1.09796	1.09557	1.09582	7490
2022-03-16 08:00:00	1.09581	1.1005	1.09581	1.09907	16902
2022-03-16 09:00:00	1.09906	1.10011	1098	1.09868	6804
2022-03-16 10:00:00	1.09866	1.10146	1.09844	1.0999	16881
2022-03-16 11:00:00	1.09987	1.10247	1.09982	1.10122	10753
2022-03-16 12:00:00	1.10121	1.10137	1.09821	1.09891	10795
2022-03-16 13:00:00	1.09892	1.10055	1.09854	1.09998	9144
2022-03-16 14:00:00	1.09999	1.10399	1.09866	1.10175	19854
2022-03-16 15:00:00	1.10171	1.10232	1.09903	1.0992	11510
2022-03-16 16:00:00	1.09918	1.10134	1.09915	1.10008	8619
2022-03-16 17:00:00	1.10006	1.10017	1.09824	1.09834	7092
2022-03-16 18:00:00	1.0983	1.10105	1095	1.10008	45136
2022-03-16 19:00:00	1.10009	1.10449	1.09931	1.10448	21029
2022-03-16 20:00:00	1.10447	1.10466	1.10316	1.10333	4824
2022-03-16 21:00:00	1.10333	1.10356	1.10304	1.10311	1168
2022-03-16 22:00:00	1.10309	1.10315	1.10076	1.10177	2012
2022-03-16 23:00:00	1.1018	1.10248	1.10159	1.10214	3670
2022-03-17 00:00:00	1.10216	1.10523	1.10201	1.10513	7586
2022-03-17 01:00:00	1.10514	1.1052	1.10296	1.10357	13190
2022-03-17 02:00:00	1.1036	1.10425	1.10304	1.10418	7550
2022-03-17 03:00:00	1.10419	1.10421	1.10325	1.10349	5842
2022-03-17 04:00:00	1.10351	1.10386	1.10301	1.10343	4908
2022-03-17 05:00:00	1.10344	1.10344	1.10232	1.10232	6258
2022-03-17 06:00:00	1.10234	1.10387	1.10219	1.10359	6628
2022-03-17 07:00:00	1.1036	1.10458	1103	1.10447	8659
2022-03-17 08:00:00	1.10446	1.1067	1.10396	1.10528	8257
2022-03-17 09:00:00	1.10527	1.10552	1.10408	1.10542	9034
2022-03-17 10:00:00	1.10542	1.10543	1.10229	1.10466	11234
2022-03-17 11:00:00	1.10465	1.10582	1.10461	1.10509	6279
2022-03-17 12:00:00	1.10509	1.10651	1.10401	1.10457	14246
2022-03-17 13:00:00	1.10458	1.10706	1.10442	1107	7629
2022-03-17 14:00:00	1107	1.10916	1.10672	1.10828	7671
2022-03-17 15:00:00	1.10828	1.11112	1108	1.11098	6324
2022-03-17 16:00:00	1.11098	1.11334	1.11045	1.11309	4918
2022-03-17 17:00:00	1.11309	1.11375	1.11231	1.11268	3772
2022-03-17 18:00:00	1.11268	1.11273	1.10986	1.11004	3055
2022-03-17 19:00:00	1.11002	1.11002	1.1093	1.10985	2002
2022-03-17 20:00:00	1.10984	1.10999	1.10893	1.1091	2873
2022-03-17 21:00:00	1.1091	1.10931	1.10901	1.10911	664
2022-03-17 22:00:00	1.1091	1.10958	1.10903	1.10935	890
2022-03-17 23:00:00	1.10934	1.11	1.10891	1.1099	6741
2022-03-18 00:00:00	1.10991	1.11186	1.10963	1.10995	12031
2022-03-18 01:00:00	1.10996	1.11036	1.10857	1.10875	10756
2022-03-18 02:00:00	1.10876	1.10903	1.10812	1.10857	5586
2022-03-18 03:00:00	1.10855	1.10897	1.10771	1.10838	5688
2022-03-18 04:00:00	1.10838	1.10871	1.10764	1.10767	4292
2022-03-18 05:00:00	1.10766	1.10854	1.10756	1.10839	3446
2022-03-18 06:00:00	1.10839	1.10942	1.10818	1.10835	6292
2022-03-18 07:00:00	1.10832	1.10893	1.10712	1.10786	9586
2022-03-18 08:00:00	1.10786	1.10805	1.10551	1.10676	9047
2022-03-18 09:00:00	1.10676	1.10718	1.1053	1.10572	9934
2022-03-18 10:00:00	1.10575	1.10601	1.10316	1.10382	11705
2022-03-18 11:00:00	1.10385	1.10415	1.10208	1.10225	6023
2022-03-18 12:00:00	1.10224	1.10363	1.10151	1.10203	9729
2022-03-18 13:00:00	1.10204	1.10261	1.1003	1.10252	10389
2022-03-18 14:00:00	1.10252	1.10437	1.10243	1.10297	9612
2022-03-18 15:00:00	1.10297	1.10535	1.10268	1.1048	8973
2022-03-18 16:00:00	1.10481	1.10722	1.10423	1.10606	9598
2022-03-18 17:00:00	1.10607	1.1064	1.10506	1.10586	3880
2022-03-18 18:00:00	1.10585	1.10592	1.10422	1.10485	3814
2022-03-18 19:00:00	1.10485	1.10567	1.10463	1.1052	4702
2022-03-18 20:00:00	1.1052	1.10537	1.10473	1.10492	3614
2022-03-20 21:00:00	1.10561	1.10584	1.10503	1.1051	661
2022-03-20 22:00:00	1.10504	1.10574	1.10429	1.10446	1940
2022-03-20 23:00:00	1.10446	1.10474	1.10408	1.10424	5202
2022-03-21 00:00:00	1.10423	1.10478	1.10374	1.10451	3955
2022-03-21 01:00:00	1.1045	1.10537	1.10442	1.10449	2794
2022-03-21 02:00:00	1.1045	1.10505	1.10427	1.10489	3756
2022-03-21 03:00:00	1.10491	1.10518	1.1045	1.10454	2243
2022-03-21 04:00:00	1.10453	1.10455	1.10406	1.10409	2196
2022-03-21 05:00:00	1.10409	1.10438	1.10377	1.10417	3566
2022-03-21 06:00:00	1.10417	1.10469	1.10344	1.10382	3008
2022-03-21 07:00:00	1.10381	1.10558	1.10349	1.10509	7240
2022-03-21 08:00:00	1.10508	1.10627	1.10464	1.10564	13659
2022-03-21 09:00:00	1.10566	1.10701	1.10512	1.10569	12136
2022-03-21 10:00:00	1.10568	1.10582	1.1045	1.10453	5074
2022-03-21 11:00:00	1.10452	1.10454	1.10255	1.10312	10367
2022-03-21 12:00:00	1.1031	1.10435	1.10291	1.10338	5244
2022-03-21 13:00:00	1.10337	1.10438	1.10324	1.10334	5805
2022-03-21 14:00:00	1.10335	1.10456	1.10286	1.10421	6190
2022-03-21 15:00:00	1.10424	1.10507	1.10374	1.1045	6076
2022-03-21 16:00:00	1.10449	1.10522	1.10263	1.10419	15425
2022-03-21 17:00:00	1.1042	1.10435	1.10179	1.10305	12742
2022-03-21 18:00:00	1.10305	1.10308	1.10148	1.10159	8201
2022-03-21 19:00:00	1.10159	1.10195	1.10102	1.10141	5747
2022-03-21 20:00:00	1.10139	1.10173	1.10124	1.10151	4653
2022-03-21 21:00:00	1.10151	1.1019	1.1014	1.10186	1121
2022-03-21 22:00:00	1.10184	1.10256	1.1017	1.10204	1147
2022-03-21 23:00:00	1.10207	1.10216	1.10145	1.10167	4743
2022-03-22 00:00:00	1.10166	1.10173	1.0981	1.09865	11747
2022-03-22 01:00:00	1.09864	1.09969	1.09838	1.09955	14023
2022-03-22 02:00:00	1.09954	1.10023	1.09906	1.10016	9204
2022-03-22 03:00:00	1.10017	1.1005	1.09965	1.10022	7243
2022-03-22 04:00:00	1.10023	1.10027	1.09838	1.09853	11053
2022-03-22 05:00:00	1.09852	1.0991	1.09808	1.09815	9433
2022-03-22 06:00:00	1.0982	1.0986	1.09674	1.09678	8204
2022-03-22 07:00:00	1.09679	1.09831	1.09608	1.09822	9111
2022-03-22 08:00:00	1.09822	1.10114	1.09808	1.10072	18100
2022-03-22 09:00:00	1.10072	1.10144	1.09921	1.09963	17187
2022-03-22 10:00:00	1.09963	1.10067	1.0987	1.10033	10233
2022-03-22 11:00:00	1.10032	1.10052	1.09915	1.09993	12396
2022-03-22 12:00:00	1.09992	1.10343	1.09992	1.10155	15607
2022-03-22 13:00:00	1.10155	1.10427	1.10151	1.10409	14065
2022-03-22 14:00:00	1.1041	1.10457	1.10285	1.10337	9264
2022-03-22 15:00:00	1.10338	1.10342	1.10151	1.10218	7564
2022-03-22 16:00:00	1.10216	1.10236	1.10113	1.10177	6833
2022-03-22 17:00:00	1.10176	1.10295	1.10146	1.10232	5331
2022-03-22 18:00:00	1.10233	1.1026	1.10201	1.10221	2829
2022-03-22 19:00:00	1.1022	1.10319	1.10202	1.10301	2687
2022-03-22 20:00:00	1.10301	1.1033	1.10262	1.1028	4817
2022-03-22 21:00:00	1.1028	1.10301	1.1024	1.10285	760
2022-03-22 22:00:00	1.10288	1.10436	1.1028	1.10317	2368
2022-03-22 23:00:00	1.10317	1.10344	1.1026	1.10293	6586
2022-03-23 00:00:00	1.10296	1.1032	1.10207	1.10251	9863
2022-03-23 01:00:00	1.10253	1.10321	1.10209	1.10257	8568
2022-03-23 02:00:00	1.10258	1.10341	1.10254	1.10321	8707
2022-03-23 03:00:00	1.10321	1.10346	1.10255	1.10262	5009
2022-03-23 04:00:00	1.10262	1.10287	1.10239	1.10274	3603
2022-03-23 05:00:00	1.10273	1.10397	1.10268	1.1037	3605
2022-03-23 06:00:00	1.10368	1.10397	1.10306	1.10307	4853
2022-03-23 07:00:00	1.10312	1.10358	1.10145	1.10172	7760
2022-03-23 08:00:00	1.10175	1.10236	1.10103	1.10161	9562
2022-03-23 09:00:00	1.10162	1.10173	1.09885	1.0997	10515
2022-03-23 10:00:00	1.09971	1.10069	1.09958	1.10019	9818
2022-03-23 11:00:00	1.1002	1.10066	1.09748	1.09829	10624
2022-03-23 12:00:00	1.09831	1.09943	1.09811	1.09866	12422
2022-03-23 13:00:00	1.09866	1.09908	1.09639	1.0966	10933
2022-03-23 14:00:00	1.09659	1.09882	1.09658	1.09778	9161
2022-03-23 15:00:00	1.09781	1.10051	1.09765	1.10016	7028
2022-03-23 16:00:00	1.10015	1.10069	1.09979	1.1002	5383
2022-03-23 17:00:00	1.10021	1.10071	1.09972	1.10057	2766
2022-03-23 18:00:00	1.10055	1.1011	1.10044	1.1009	1930
2022-03-23 19:00:00	1.10091	1.10117	1.10025	1.10047	2355
2022-03-23 20:00:00	1.10046	1.10105	1.10017	1.1002	3613
2022-03-23 21:00:00	1.10019	1.10114	1.10012	1.10072	1162
2022-03-23 22:00:00	1.10065	1.10098	1.10008	1.10024	1351
2022-03-23 23:00:00	1.10026	1.1007	1.10026	1.10058	4140
2022-03-24 00:00:00	1.10058	1.10136	1.10011	1.10024	9874
2022-03-24 01:00:00	1.10024	1.1003	1.0982	1.0988	15148
2022-03-24 02:00:00	1.09882	1.09897	1.09823	1.09851	6074
2022-03-24 03:00:00	1.09852	1.09913	1.09805	1.09851	8197
2022-03-24 04:00:00	1.0985	1.09873	1.09804	1.09855	4318
2022-03-24 05:00:00	1.09855	1.0986	1.09766	1.09776	5482
2022-03-24 06:00:00	1.09775	1.0989	1.09752	1.0986	8009
2022-03-24 07:00:00	1.09859	1.09869	1.09752	1.0978	6534
2022-03-24 08:00:00	1.09785	1.10007	1.09721	1.09774	14403
2022-03-24 09:00:00	1.09774	1.09966	1.09773	1.0988	7469
2022-03-24 10:00:00	1.09878	1.09932	1.09816	1.09878	6550
2022-03-24 11:00:00	1.09879	1.10011	1.09721	1.09876	11944
2022-03-24 12:00:00	1.09877	1.09953	1.09746	1.09831	7838
2022-03-24 13:00:00	1.09832	1.09839	1.09659	1.09738	10016
2022-03-24 14:00:00	1.09734	1.09983	1.09714	1.09954	7663
2022-03-24 15:00:00	1.09954	1.10134	1.09936	1.1006	12962
2022-03-24 16:00:00	1.10061	1.10085	1.09852	1.09857	5959
2022-03-24 17:00:00	1.09857	1.09984	1.09824	1.09937	4260
2022-03-24 18:00:00	1.09936	1.10007	1.09905	1.09983	2808
2022-03-24 19:00:00	1.09982	1.10057	1.09964	1.0999	2957
2022-03-24 20:00:00	1.09993	1.10001	1.09959	1.0996	3726
2022-03-24 21:00:00	1.0996	1.09986	1.09948	1.09964	1209
2022-03-24 22:00:00	1.0997	1.10064	1.09968	1.10054	1312
2022-03-24 23:00:00	1.10059	1.10097	1.10035	1.10083	4700
2022-03-25 00:00:00	1.10086	1.1011	1.10032	1.10089	9668
2022-03-25 01:00:00	1.10089	1.10354	1.10077	1.10324	19143
2022-03-25 02:00:00	1.10323	1.10356	1.10234	1.10285	10683
2022-03-25 03:00:00	1.10284	1.10342	1.10259	1.10275	8555
2022-03-25 04:00:00	1.10275	1.10376	1.10259	1.10318	10847
2022-03-25 05:00:00	1.10317	1.10339	1.10249	1.10285	6403
2022-03-25 06:00:00	1.10286	1.10288	1.10189	1.10277	7580
2022-03-25 07:00:00	1.10276	1.10305	1.10212	1.10231	7809
2022-03-25 08:00:00	1.10229	1.10264	1.1011	1.10158	13153
2022-03-25 09:00:00	1.10158	1102	1.10005	1.1005	13183
2022-03-25 10:00:00	1.1005	1.10145	1.10015	1.10142	7324
2022-03-25 11:00:00	1.10141	1.10222	1.10105	1.10184	6452
2022-03-25 12:00:00	1.10183	1.10183	1.10026	1.10031	7918
2022-03-25 13:00:00	1.10033	1.10186	1.09921	1.10115	12827
2022-03-25 14:00:00	1.10115	1.10243	1.10069	1.10177	12996
2022-03-25 15:00:00	1.10178	1.10216	1.0982	1.09822	19928
2022-03-25 16:00:00	1.09825	1.09916	1.09808	1.09877	12445
2022-03-25 17:00:00	1.09878	1.09932	1.09842	1.09906	4553
2022-03-25 18:00:00	1.09905	1.09966	1.09833	1.09867	3968
2022-03-25 19:00:00	1.09868	1.09903	1.09821	1.09832	2976
2022-03-25 20:00:00	1.09833	1.0986	1.09797	1.09805	2395
2022-03-27 21:00:00	1.09845	1.09869	1.09802	1.09838	467
2022-03-27 22:00:00	1.09837	1.09843	1.09793	1.09811	4869
2022-03-27 23:00:00	1.09809	1.09842	1.09772	1.09812	6468
2022-03-28 00:00:00	1.09814	1.09844	1.09672	1.09706	8274
2022-03-28 01:00:00	1.09705	1.09747	1.09538	1.0954	17141
2022-03-28 02:00:00	1.0954	1.0962	1.0951	1.09553	10765
2022-03-28 03:00:00	1.09556	1.09589	1.09504	1.09554	4712
2022-03-28 04:00:00	1.09554	1.09563	1.09509	1.0954	5610
2022-03-28 05:00:00	1.0954	1.09541	1.09447	1.09511	5279
2022-03-28 06:00:00	1.09511	1.09654	1.09483	1.09552	7856
2022-03-28 07:00:00	1.09552	1.09608	1.09474	1.09514	11096
2022-03-28 08:00:00	1.09516	1.09993	1.09446	1.09908	20017
2022-03-28 09:00:00	1.09905	1.09913	1097	1.09793	16833
2022-03-28 10:00:00	1.09793	1.09904	1.09743	1.09883	13231
2022-03-28 11:00:00	1.09884	1.09932	1.09591	1.09636	11852
2022-03-28 12:00:00	1.09634	1.09701	1.0951	1.09564	15250
2022-03-28 13:00:00	1.09563	1.09724	1.09465	1.09685	16416
2022-03-28 14:00:00	1.09686	1.09786	1.09639	1.09697	8981
2022-03-28 15:00:00	1.09696	1.09763	1.0966	1.09761	6464
2022-03-28 16:00:00	1.0976	1.09995	1.0974	1.09939	4928
2022-03-28 17:00:00	1.09939	1.09992	1.0983	1.0983	4120
2022-03-28 18:00:00	1.0983	1.09905	1.09772	1.09899	2597
2022-03-28 19:00:00	1.09901	1.09901	1.09745	1.09874	3006
2022-03-28 20:00:00	1.09876	1.09888	1.09838	1.09838	1624
2022-03-28 21:00:00	1.09838	1.09865	1.09783	1.09852	526
2022-03-28 22:00:00	1.09851	1.09941	1.09846	1.09882	3842
2022-03-28 23:00:00	1.09883	1.09978	1.0988	1.09911	5609
2022-03-29 00:00:00	1.09911	1.0997	1.0969	1.09736	15695
2022-03-29 01:00:00	1.09736	1.09948	1.09731	1.0992	13897
2022-03-29 02:00:00	1.09919	1.09948	1.09872	1.0992	6797
2022-03-29 03:00:00	1.09919	1.09938	1.09843	1.09926	9762
2022-03-29 04:00:00	1.09926	1.09972	1.0985	1.09851	7213
2022-03-29 05:00:00	1.09853	1.09881	1.09791	1.09827	10506
2022-03-29 06:00:00	1.09827	1.1009	1.09825	1.10033	10276
2022-03-29 07:00:00	1.10034	1.1018	1.09975	1.09999	10620
2022-03-29 08:00:00	1.09999	1.10053	1.0979	1.09848	9658
2022-03-29 09:00:00	1.09847	1.10458	1.09749	1.10373	21761
2022-03-29 10:00:00	1.10372	1.10577	1.10347	1.10472	10012
2022-03-29 11:00:00	1.10472	1.11025	1.10317	1.10844	25694
2022-03-29 12:00:00	1.10846	1.1129	1.10789	1.11127	31467
2022-03-29 13:00:00	1.11128	1.1137	1.10973	1.11298	19845
2022-03-29 14:00:00	1.11297	1.11321	1.10904	1.10995	21181
2022-03-29 15:00:00	1.10997	1.1117	1.10981	1.11065	12114
2022-03-29 16:00:00	1.11067	1.11068	1.10788	1.10788	6109
2022-03-29 17:00:00	1.10806	1.10827	1.10716	1.10773	5324
2022-03-29 18:00:00	1.10773	1.10909	1.10734	1.10891	5134
2022-03-29 19:00:00	1.1089	1.10941	1.10832	1.10883	5181
2022-03-29 20:00:00	1.10883	1.10883	1.10836	1.10855	1961
2022-03-29 21:00:00	1.10855	1.10889	1.10782	1.10864	1618
2022-03-29 22:00:00	1.10862	1.10991	1.10857	1.10918	5881
2022-03-29 23:00:00	1.10918	1.10945	1.10901	1.10909	4247
2022-03-30 00:00:00	1.1091	1.10979	1.10878	1.10974	17638
2022-03-30 01:00:00	1.10973	1111	1.1097	1.11043	19710
2022-03-30 02:00:00	1.11042	1.1116	1.11012	1.11124	12440
2022-03-30 03:00:00	1.11125	1.11204	1.1109	1.11149	16005
2022-03-30 04:00:00	1.1115	1.11212	1.11094	1.11104	12765
2022-03-30 05:00:00	1.11104	1.11131	1.11074	1.11128	13642
2022-03-30 06:00:00	1.11128	1.11208	1.11054	1.11119	24969
2022-03-30 07:00:00	1.11121	1.11345	1.11121	1.11281	30026
2022-03-30 08:00:00	1.11281	1.11565	1.11141	1.11561	28273
2022-03-30 09:00:00	1.1156	1.11615	1.11433	1.11461	13217
2022-03-30 10:00:00	1.11462	1.11463	1.11162	1.1129	14552
2022-03-30 11:00:00	1.11292	1.11477	1.11257	1.11389	7756
2022-03-30 12:00:00	1.11387	1114	1.11118	1.11249	11126
2022-03-30 13:00:00	1.1125	1.11656	1.11195	1.11639	11198
2022-03-30 14:00:00	1.1164	1.1171	1.11506	1.11626	10139
2022-03-30 15:00:00	1.11626	1.11686	1.11554	1.11629	8308
2022-03-30 16:00:00	1.11628	1.11655	1.11521	1.11572	4792
2022-03-30 17:00:00	1.11571	1.11572	1.11482	1.11482	4007
2022-03-30 18:00:00	1.11482	1.11623	1.11477	1.11608	2950
2022-03-30 19:00:00	1.1161	1.11624	1.11514	1.11519	2654
2022-03-30 20:00:00	1.11518	1116	1.11518	1.11582	1111
2022-03-30 21:00:00	1.11578	1.11607	1.11566	1.11574	416
2022-03-30 22:00:00	1.11573	1.11647	1.11568	1.11585	3637
2022-03-30 23:00:00	1.11585	1.11617	1.11577	1.11613	4233
2022-03-31 00:00:00	1.11611	1.11748	1.1156	1.11738	18921
2022-03-31 01:00:00	1.1174	1.11848	1.1171	1.1176	10984
2022-03-31 02:00:00	1.1176	1.1176	1.11659	1.11664	6460
2022-03-31 03:00:00	1.11664	1.11693	1.11615	1.1164	5235
2022-03-31 04:00:00	1.1164	1.11641	1.11575	1.11605	3431
2022-03-31 05:00:00	1.11605	1.11677	1.11573	1.11657	4896
2022-03-31 06:00:00	1.11661	1.11729	1.11514	1.11686	10695
2022-03-31 07:00:00	1.11687	1.11756	1.11499	1.11505	8032
2022-03-31 08:00:00	1.11502	1.11515	1.11127	1.11294	9502
2022-03-31 09:00:00	1.11293	1.11317	1.1106	1.11115	11354
2022-03-31 10:00:00	1.11116	1.11153	1.1088	1.10935	9734
2022-03-31 11:00:00	1.10934	1.11085	1.10924	1.11027	6412
2022-03-31 12:00:00	1.11026	1.11131	1.10942	1.1102	7208
2022-03-31 13:00:00	1.11021	1.11071	1.10682	1.10927	15162
2022-03-31 14:00:00	1.10925	1.11327	1.10708	1.11194	16848
2022-03-31 15:00:00	1.11192	1.11317	1.10926	1.10926	12032
2022-03-31 16:00:00	1.10927	1.10937	1.10759	1.10816	4999
2022-03-31 17:00:00	1.10817	1.10935	1.10791	1.10812	4048
2022-03-31 18:00:00	1.10813	1.10813	1.10639	1.10697	3414
2022-03-31 19:00:00	1.10696	1.10753	1.10608	1.1064	4277
2022-03-31 20:00:00	1.1064	1.1072	1.10639	1.10662	1972
2022-03-31 21:00:00	1.1066	1.10674	1.1064	1.10669	484
2022-03-31 22:00:00	1.10669	1.1076	1.10661	1.10731	6214
2022-03-31 23:00:00	1.10731	1.10742	1.10672	1.10726	4375
2022-04-01 00:00:00	1.10727	1.10745	1.10595	1.10672	10625
2022-04-01 01:00:00	1.10673	1.1073	1.10632	1.10718	6933
2022-04-01 02:00:00	1.10717	1.10726	1.10627	1.10644	4657
2022-04-01 03:00:00	1.10646	1.10686	1.10613	1.10652	4861
2022-04-01 04:00:00	1.10652	1.10682	1.10627	1.10637	5137
2022-04-01 05:00:00	1.10638	1.10742	1.10635	1.10679	4603
2022-04-01 06:00:00	1.10678	1.10757	1.10522	1.10739	10283
2022-04-01 07:00:00	1.10736	1.10754	1.10428	1.10524	24417
2022-04-01 08:00:00	1.10524	1.10741	1.10483	1.10605	16256
2022-04-01 09:00:00	1.10605	1.10605	1.10414	1.10558	17175
2022-04-01 10:00:00	1.10556	1.10672	1.10476	1.1067	9330
2022-04-01 11:00:00	1.10673	1.10677	1.10481	1.10483	10270
2022-04-01 12:00:00	1.10484	1.10591	1.10365	1.10438	16824
2022-04-01 13:00:00	1.10438	1.10536	1.10385	1.10445	9122
2022-04-01 14:00:00	1.10444	1.10498	1.10279	1.10372	8657
2022-04-01 15:00:00	1.10372	1.10446	1.10296	1.1044	6393
2022-04-01 16:00:00	1.10441	1.1049	1.10389	1.10402	4713
2022-04-01 17:00:00	1.10402	1.10425	1.10325	1.10394	3847
2022-04-01 18:00:00	1.10394	1.10478	1.10385	1.1039	4143
2022-04-01 19:00:00	1.1039	1.10477	1.1039	1.10477	2505
2022-04-01 20:00:00	1.10475	1.10524	1.10427	1.10427	4722
2022-04-03 21:00:00	1.10301	1.10425	1.10301	1.10388	389
2022-04-03 22:00:00	1.1039	1.1044	1.10379	1.10431	1535
2022-04-03 23:00:00	1.10431	1.10456	1.10408	1.10454	1451
2022-04-04 00:00:00	1.10458	1.10536	1.10445	1.1049	3627
2022-04-04 01:00:00	1.1049	1.10544	1.10433	1.1049	2596
2022-04-04 02:00:00	1.10488	1.10514	1.10466	1.10488	1666
2022-04-04 03:00:00	1.10487	1.10531	1.10471	1.10478	1608
2022-04-04 04:00:00	1.10477	1.10493	1.10459	1.10478	1359
2022-04-04 05:00:00	1.10478	1.10519	1.10465	1.10513	1673
2022-04-04 06:00:00	1.10509	1.10539	1.10361	1.10392	4791
2022-04-04 07:00:00	1.10394	1.10426	1.10273	1.10313	7214
2022-04-04 08:00:00	1.10313	1.10383	1.10192	1.10222	8530
2022-04-04 09:00:00	1.10223	1.1032	1.10091	1.10097	6352
2022-04-04 10:00:00	1.10098	1.10139	1.10007	1.10011	4528
2022-04-04 11:00:00	1.1001	1.10084	1.0996	1.09966	5859
2022-04-04 12:00:00	1.09967	1.1009	1.09958	1.09991	6541
2022-04-04 13:00:00	1.09992	1.10028	1.09813	1.09925	5734
2022-04-04 14:00:00	1.09923	1.09983	1.09791	1.09946	8419
2022-04-04 15:00:00	1.09943	1.10012	1.09905	1.09929	4466
2022-04-04 16:00:00	1.09926	1.09927	1.09741	1.09748	3890
2022-04-04 17:00:00	1.09748	1.0977	1.09628	1.09637	3476
2022-04-04 18:00:00	1.09637	1.09725	1.09603	1.09711	2597
2022-04-04 19:00:00	1.09711	1.09752	1.09691	1.09696	2011
2022-04-04 20:00:00	1.09697	1.09742	1.09686	1.09696	1649
2022-04-04 21:00:00	1.09689	1.09748	1.09686	1.09727	421
2022-04-04 22:00:00	1.09728	1.09748	1.0971	1.09724	1385
2022-04-04 23:00:00	1.09727	1.09761	1.0971	1.09749	785
2022-04-05 00:00:00	1.09748	1.09797	1.09702	1.09758	3091
2022-04-05 01:00:00	1.0976	1.09767	1.09673	1.09681	2019
2022-04-05 02:00:00	1.09682	1.09729	1.09653	1.09691	1235
2022-04-05 03:00:00	1.0969	1.09723	1.0968	1.09723	962
2022-04-05 04:00:00	1.09722	1.09723	1.0962	1.09641	3380
2022-04-05 05:00:00	1.09644	1.09721	1.09622	1.09687	2654
2022-04-05 06:00:00	1.09687	1.09806	1.09639	1.09755	5032
2022-04-05 07:00:00	1.09758	1.09886	1.09713	1.09815	7797
2022-04-05 08:00:00	1.09818	1.09849	1.09619	1.09678	5277
2022-04-05 09:00:00	1.09677	1.09853	1.09668	1.09782	4310
2022-04-05 10:00:00	1.09781	1.09781	1.09564	1.09696	4897
2022-04-05 11:00:00	1.09695	1.09773	1.09627	1.09672	4414
2022-04-05 12:00:00	1.09676	1.09716	1.09561	1.09639	4380
2022-04-05 13:00:00	1.09642	1.09756	1.09587	1.09692	4927
2022-04-05 14:00:00	1.09694	1.09723	1.09311	1.0938	13023
2022-04-05 15:00:00	1.09381	1.09415	1.09191	1.09205	5515
2022-04-05 16:00:00	1.09206	1.09231	1.09122	1.09141	3333
2022-04-05 17:00:00	1.09141	1.0921	1.0911	1.09131	1975
2022-04-05 18:00:00	1.0913	1.09151	1.09029	1.09044	1870
2022-04-05 19:00:00	1.09042	1.09053	1.09	1.09037	1581
2022-04-05 20:00:00	1.09037	1.09062	1.09026	1.09033	852
2022-04-05 21:00:00	1.09033	1.09061	1.09033	1.09056	576
2022-04-05 22:00:00	1.09057	1.0908	1.09047	1.09072	1123
2022-04-05 23:00:00	1.0907	1.09081	1.09047	1.09058	650
2022-04-06 00:00:00	1.09058	1.09061	1.0894	1.08942	2856
2022-04-06 01:00:00	1.08942	1.0896	1.08906	1.08915	3719
2022-04-06 02:00:00	1.08916	1.09032	1.08909	1.08964	2855
2022-04-06 03:00:00	1.08963	1.09027	1.08956	1.09003	2116
2022-04-06 04:00:00	1.09002	1.09014	1.08931	1.08967	1649
2022-04-06 05:00:00	1.08966	1.09004	1.08833	1.08837	2179
2022-04-06 06:00:00	1.08835	1.08882	1.08745	1.0888	5519
2022-04-06 07:00:00	1.08881	1.09019	1.08836	1.08952	7816
2022-04-06 08:00:00	1.08951	1.09271	1.08912	1.09232	8060
2022-04-06 09:00:00	1.0923	1.09255	1.09069	1.09127	6077
2022-04-06 10:00:00	1.09126	1.09137	1.08994	1.0912	4961
2022-04-06 11:00:00	1.09117	1.09186	1.09045	1.09166	4814
2022-04-06 12:00:00	1.09172	1.09379	1.09172	1.09331	6589
2022-04-06 13:00:00	1.09332	1.09372	1.09126	1.09135	5253
2022-04-06 14:00:00	1.09135	1.09237	1.09055	1.09196	6099
2022-04-06 15:00:00	1.09193	1.09225	1.09027	1.09103	5929
2022-04-06 16:00:00	1.09101	1.09154	1.09037	1.0908	5719
2022-04-06 17:00:00	1.09079	1.09105	1.08995	1.09001	6501
2022-04-06 18:00:00	1.09	1.09288	1.08787	1.08992	27737
2022-04-06 19:00:00	1.08992	1.09063	1.08916	1.09003	5473
2022-04-06 20:00:00	1.09003	1.09018	1.08926	1.08945	2748
2022-04-06 21:00:00	1.08945	1.08986	1.08945	1.08976	1357
2022-04-06 22:00:00	1.08974	1.08994	1.08945	1.08957	2809
2022-04-06 23:00:00	1.08957	1.08995	1.08951	1.08975	3138
2022-04-07 00:00:00	1.08975	1.09121	1.08966	1.09119	10714
2022-04-07 01:00:00	1.09119	1.09126	1.09042	1.09104	9507
2022-04-07 02:00:00	1.09102	1.09115	1.09046	1.09115	4559
2022-04-07 03:00:00	1.09115	1.09122	1.09052	1.0907	4706
2022-04-07 04:00:00	1.09071	1.09159	1.0906	1.09142	3800
2022-04-07 05:00:00	1.09141	1.09202	1.09096	1.09187	6550
2022-04-07 06:00:00	1.09186	1.09341	1.09125	1.0917	9279
2022-04-07 07:00:00	1.09172	1.09188	1.08946	1.08978	10956
2022-04-07 08:00:00	1.08979	1.09006	1.08754	1.08778	8986
2022-04-07 09:00:00	1.08777	1.08973	1.08644	1.08919	10350
2022-04-07 10:00:00	1.08921	1.08985	1.08867	1.08939	6032
2022-04-07 11:00:00	1.0894	1.09216	1.08907	1.0911	25826
2022-04-07 12:00:00	1.0911	1.09267	1.09095	1.09134	10110
2022-04-07 13:00:00	1.09137	1.09383	1.0907	1.09142	10315
2022-04-07 14:00:00	1.09143	1.09236	1.0898	1.09111	14874
2022-04-07 15:00:00	1.09111	1.09152	1.08953	1.08984	9760
2022-04-07 16:00:00	1.08984	1.09	1.08764	1.08771	6100
2022-04-07 17:00:00	1.0877	1.08921	1.08767	1.08832	4626
2022-04-07 18:00:00	1.08831	1.08884	1.08738	1.08799	4918
2022-04-07 19:00:00	1.08799	1.08821	1.08676	1.08722	4053
2022-04-07 20:00:00	1.0872	1.08817	1.08698	1.08769	2310
2022-04-07 21:00:00	1.08768	1.08815	1.08768	1.08789	410
2022-04-07 22:00:00	1.08789	1.08821	1.08722	1.08749	2819
2022-04-07 23:00:00	1.08752	1.08753	1.08602	1.0864	2030
2022-04-08 00:00:00	1.08638	1.08717	1.08576	1.08619	5025
2022-04-08 01:00:00	1.08619	1.08695	1.08587	1.08656	3836
2022-04-08 02:00:00	1.08658	1.08681	1.08568	1.08588	2609
2022-04-08 03:00:00	1.08587	1.08646	1.08565	1.08638	1107
2022-04-08 04:00:00	1.08637	1.08637	1.08547	1.08547	1292
2022-04-08 05:00:00	1.08552	1.08678	1.08551	1.08677	2526
2022-04-08 06:00:00	1.08676	1.0869	1.08584	1.08617	4238
2022-04-08 07:00:00	1.08615	1.08676	1.0848	1.08672	6942
2022-04-08 08:00:00	1.08671	1.0879	1.08605	1.08666	11420
2022-04-08 09:00:00	1.08665	1.08793	1.08642	1.0869	6731
2022-04-08 10:00:00	1.08687	1.08917	1.08631	1.08861	8781
2022-04-08 11:00:00	1.08861	1.0888	1.08589	1.08634	6805
2022-04-08 12:00:00	1.08633	1.08662	1085	1.08529	6967
2022-04-08 13:00:00	1.08529	1.08577	1.08364	1.08399	11585
2022-04-08 14:00:00	1.08397	1.08806	1.08389	1.08726	8843
2022-04-08 15:00:00	1.08725	1.08815	1.08699	1.0874	6999
2022-04-08 16:00:00	1.08738	1.08766	1.08677	1.08721	3090
2022-04-08 17:00:00	1.08727	1.08754	1.0865	1.08718	4171
2022-04-08 18:00:00	1.08718	1.08851	1.08697	1.08834	5459
2022-04-08 19:00:00	1.08838	1.08848	1.0875	1.0878	4096
2022-04-08 20:00:00	1.08781	1.08788	1.0872	1.08744	2432
2022-04-10 21:00:00	1.09202	1.09202	1.09013	1.09084	557
2022-04-10 22:00:00	1.09087	1.09138	1.08858	1.08915	7399
2022-04-10 23:00:00	1.08916	1.08937	1.08841	1.08841	2524
2022-04-11 00:00:00	1.08842	1.08924	1.08801	1.08878	3170
2022-04-11 01:00:00	1.08879	1.08946	1.0885	1.08903	3460
2022-04-11 02:00:00	1.08903	1.08908	1.0875	1.08764	3084
2022-04-11 03:00:00	1.08764	1.08865	1.08761	1.08831	2195
2022-04-11 04:00:00	1.08833	1.08875	1.08798	1.08849	1598
2022-04-11 05:00:00	1.0885	1.08929	1.0881	1.08925	2586
2022-04-11 06:00:00	1.08925	1.08929	1.08739	1.08821	6328
2022-04-11 07:00:00	1.08824	1.09135	1.08777	1.09098	9983
2022-04-11 08:00:00	1.09096	1.09193	1.09035	1.0907	10664
2022-04-11 09:00:00	1.0907	1.09281	1.09037	1.09251	7002
2022-04-11 10:00:00	1.09252	1.09332	1.09048	1.09124	9093
2022-04-11 11:00:00	1.09123	1.09135	1.08978	1.09009	7419
2022-04-11 12:00:00	1.0901	1.09059	1.08922	1.09051	7638
2022-04-11 13:00:00	1.09051	1.09058	1.08791	1.08811	8978
2022-04-11 14:00:00	1.0881	1.08983	1.08777	1.08957	8259
2022-04-11 15:00:00	1.08956	1.08995	1.08735	1.08756	7391
2022-04-11 16:00:00	1.08755	1.08848	1.08727	1.08777	3866
2022-04-11 17:00:00	1.08777	1.08886	1.08774	1.08824	5666
2022-04-11 18:00:00	1.08824	1.08945	1.08805	1.08898	6180
2022-04-11 19:00:00	1089	1.08907	1.08816	1.08842	5656
2022-04-11 20:00:00	1.0884	1.08851	1088	1.08829	1922
2022-04-11 21:00:00	1.08829	1.08849	1.08814	1.08832	1737
2022-04-11 22:00:00	1.08833	1.08859	1.08798	1.08803	4090
2022-04-11 23:00:00	1.08805	1.08855	1.08766	1.08769	5243
2022-04-12 00:00:00	1.08769	1.08873	1.08709	1.08744	10254
2022-04-12 01:00:00	1.08744	1.08745	1.08665	1.08708	7346
2022-04-12 02:00:00	1.08708	1.08748	1.08666	1.08712	8110
2022-04-12 03:00:00	1.08713	1.08766	1.0871	1.08745	5278
2022-04-12 04:00:00	1.08746	1.0883	1.08746	1.08792	5343
2022-04-12 05:00:00	1.08792	1.08818	1.08699	1.08704	9678
2022-04-12 06:00:00	1.08703	1.08722	1.08599	1.08603	11933
2022-04-12 07:00:00	1.08602	1.08727	1.08533	1.08706	14137
2022-04-12 08:00:00	1.08708	1.08713	1.08552	1.08619	9825
2022-04-12 09:00:00	1.08619	1.08737	1.08597	1.08735	7954
2022-04-12 10:00:00	1.08735	1.08738	1.08654	1.08668	6811
2022-04-12 11:00:00	1.0867	1.08684	1.08545	1.08623	10463
2022-04-12 12:00:00	1.08624	1.09036	1.08507	1.08958	22945
2022-04-12 13:00:00	1.08956	1.09032	1.08687	1087	22665
2022-04-12 14:00:00	1087	1.08883	1.08699	1.08726	18715
2022-04-12 15:00:00	1.08726	1.08751	1.08513	1.08525	14586
2022-04-12 16:00:00	1.08526	1.08649	1.08321	1.08416	15401
2022-04-12 17:00:00	1.08412	1.08446	1.08276	1.08285	11642
2022-04-12 18:00:00	1.08286	1.08319	1.08211	1.08276	4729
2022-04-12 19:00:00	1.08276	1.08336	1.08276	1.08306	3817
2022-04-12 20:00:00	1.08305	1.08311	1.08253	1.08262	1605
2022-04-12 21:00:00	1.0826	1.08292	1.08256	1.08275	892
2022-04-12 22:00:00	1.08275	1.08313	1.0826	1.08282	5515
2022-04-12 23:00:00	1.08281	1.08286	1.08232	1.0826	3005
2022-04-13 00:00:00	1.08259	1.08292	1.08113	1.08156	8799
2022-04-13 01:00:00	1.08158	1.08307	1.08143	1.08298	9828
2022-04-13 02:00:00	1.08297	1.08385	1.0828	1.08349	12095
2022-04-13 03:00:00	1.08349	1.08408	1.08328	1.08371	8077
2022-04-13 04:00:00	1.08371	1.08387	1.08292	1.08332	7397
2022-04-13 05:00:00	1.08333	1.08439	1.08293	1.08434	8504
2022-04-13 06:00:00	1.08434	1.08447	1.08212	1.08217	15431
2022-04-13 07:00:00	1.08218	1.08399	1.0815	1.0838	12292
2022-04-13 08:00:00	1.0838	1.08389	1.0827	1.08368	10013
2022-04-13 09:00:00	1.08368	1.08368	1.08251	1.08348	8241
2022-04-13 10:00:00	1.08348	1.08353	1.08232	1.08268	6761
2022-04-13 11:00:00	1.08267	1.08477	1.08258	1.08306	10975
2022-04-13 12:00:00	1.0831	1.08347	1.0815	1.0818	16900
2022-04-13 13:00:00	1.08179	1.08272	1.08088	1.08168	12708
2022-04-13 14:00:00	1.08169	1.08486	1.08145	1.08474	11569
2022-04-13 15:00:00	1.08473	1.08732	1.08451	1.08717	10064
2022-04-13 16:00:00	1.08716	1.08942	1.08716	1.08818	13723
2022-04-13 17:00:00	1.08819	1.08859	1.08734	1.08748	9286
2022-04-13 18:00:00	1.08747	1.08871	1.08716	1.08856	7070
2022-04-13 19:00:00	1.08855	1.08906	1.08825	1.08829	6202
2022-04-13 20:00:00	1.08828	1.08928	1.08828	1.08901	2351
2022-04-13 21:00:00	1.08901	1.08924	1.08763	1.08888	1562
2022-04-13 22:00:00	1.08886	1.08927	1.08867	1.08894	5269
2022-04-13 23:00:00	1.08896	1.08973	1.08893	1.0895	4653
2022-04-14 00:00:00	1.08951	1.08998	1.08826	1.08847	11120
2022-04-14 01:00:00	1.08847	1.09088	1.08827	1.09061	9600
2022-04-14 02:00:00	1.0906	1.09081	1.09017	1.09019	7234
2022-04-14 03:00:00	1.09019	1.09093	1.09019	1.0907	6448
2022-04-14 04:00:00	1.0907	1.09128	1.09034	1.09121	3926
2022-04-14 05:00:00	1.09122	1.0918	1.09093	1091	6393
2022-04-14 06:00:00	1.09102	1.09233	1.09099	1.09181	9513
2022-04-14 07:00:00	1.09183	1.09195	1.09034	1.09082	14376
2022-04-14 08:00:00	1.09081	1.09123	1.0903	1.0908	8388
2022-04-14 09:00:00	1.09078	1.09176	1.09016	1.09136	6473
2022-04-14 10:00:00	1.09138	1.09171	1.09013	1.09057	5098
2022-04-14 11:00:00	1.09053	1.09169	1.08632	1.08652	21264
2022-04-14 12:00:00	1.08654	1.08904	1.08436	1.08474	39068
2022-04-14 13:00:00	1.08474	1.08487	1.07575	1.07707	31428
2022-04-14 14:00:00	1.07707	1.07982	1.07687	1.07776	14632
2022-04-14 15:00:00	1.07776	1.08175	1.07735	1.0797	18874
2022-04-14 16:00:00	1.07971	1.08315	1.07946	1.0816	19671
2022-04-14 17:00:00	1.0816	1.08268	1.08088	1.0824	9128
2022-04-14 18:00:00	1.08241	1.08312	1.08207	1.08301	6984
2022-04-14 19:00:00	1083	1.08347	1.08236	1.08243	7611
2022-04-14 20:00:00	1.08244	1.08342	1.08242	1.08281	2881
2022-04-14 21:00:00	1.08282	1.08299	1.08248	1.08281	638
2022-04-14 22:00:00	1.08285	1.08289	1.08219	1.08231	7751
2022-04-14 23:00:00	1.08232	1.08258	1.08137	1.08209	22090
2022-04-15 00:00:00	1.08211	1.08216	1.07975	1.08087	10764
2022-04-15 01:00:00	1.08087	1.08151	1.08056	1.08123	14192
2022-04-15 02:00:00	1.08123	1.08139	1.07964	1.07972	19275
2022-04-15 03:00:00	1.07973	1.08071	1.07968	1.08043	29815
2022-04-15 04:00:00	1.0804	1.08063	1.08018	1.08052	6418
2022-04-15 05:00:00	1.08053	1.08074	1.08042	1.08055	6458
2022-04-15 06:00:00	1.08054	1.08076	1.08019	1.08025	4234
2022-04-15 07:00:00	1.08024	1.08121	1.08021	1.08114	2991
2022-04-15 08:00:00	1.08114	1.08236	1.08092	1.08184	2536
2022-04-15 09:00:00	1.08184	1.08194	1.08122	1.08134	4693
2022-04-15 10:00:00	1.08135	1.08171	1.08068	1.08084	13147
2022-04-15 11:00:00	1.08084	1.08152	1.08044	1.0815	3774
2022-04-15 12:00:00	1.0815	1.08197	1.08105	1.08125	5686
2022-04-15 13:00:00	1.08127	1.08133	1.08061	1.08126	5145
2022-04-15 14:00:00	1.08126	1.0813	1.08061	1.08078	2603
2022-04-15 15:00:00	1.08074	1.08105	1.08051	1.08081	3703
2022-04-15 16:00:00	1.08079	1.08097	1.08053	1.08057	1442
2022-04-15 17:00:00	1.08059	1.08112	1.08047	1.08091	1598
2022-04-15 18:00:00	1.08091	1.08108	1.08072	1.08093	1590
2022-04-15 19:00:00	1.08095	1.08095	1.08059	1.0808	1352
2022-04-15 20:00:00	1.08081	1.08138	1.08055	1.08057	5195
2022-04-17 21:00:00	1.08029	1.08083	1.08009	1.0808	382
2022-04-17 22:00:00	1.0808	1.08214	1.08031	1.08203	8520
2022-04-17 23:00:00	1.08204	1.08216	1.08125	1.08139	9468
2022-04-18 00:00:00	1.08138	1.08156	1.07936	1.08008	8473
2022-04-18 01:00:00	1.08007	1.08119	1.07957	1.08067	15639
2022-04-18 02:00:00	1.08067	1.08092	1.07958	1.08017	6162
2022-04-18 03:00:00	1.0802	1.08027	1.07907	1.07928	5532
2022-04-18 04:00:00	1.0793	1.07965	1.07892	1.07923	4767
2022-04-18 05:00:00	1.07924	1.07948	1.07886	1.07943	5134
2022-04-18 06:00:00	1.07942	1.08001	1.07904	1.07936	4740
2022-04-18 07:00:00	1.07936	1.08036	1.0787	1.07912	5322
2022-04-18 08:00:00	1.07911	1.07946	1.07831	1.07918	4165
2022-04-18 09:00:00	1.07917	1.07982	1.07894	1.07927	3380
2022-04-18 10:00:00	1.07926	1.08012	1079	1.08005	4364
2022-04-18 11:00:00	1.08005	1.08135	1.08005	1.08091	6823
2022-04-18 12:00:00	1.08092	1.08145	1.0799	1.08049	7886
2022-04-18 13:00:00	1.08048	1.08107	1.07965	1.08005	13655
2022-04-18 14:00:00	1.08006	1.08046	1.07909	1.07924	7581
2022-04-18 15:00:00	1.07925	1.07978	1.0783	1.07837	6263
2022-04-18 16:00:00	1.07834	1.07866	1.07698	1.07728	5849
2022-04-18 17:00:00	1.07726	1.07838	1.07713	1.07828	5114
2022-04-18 18:00:00	1.07828	1.07862	1.07824	1.07842	5791
2022-04-18 19:00:00	1.07839	1.07842	1.07779	1.07829	7802
2022-04-18 20:00:00	1.0783	1.07837	1.07804	1.07804	1993
2022-04-18 21:00:00	1.07809	1.07815	1.07751	1.07781	1432
2022-04-18 22:00:00	1.07781	1.07879	1.07765	1.07809	4366
2022-04-18 23:00:00	1.07809	1.07846	1.07754	1.07799	4657
2022-04-19 00:00:00	1.07799	1.07874	1.07729	1.07789	10687
2022-04-19 01:00:00	1.0779	1.07842	1.07753	1.07769	12444
2022-04-19 02:00:00	1.07769	1.07778	1.0761	1.07686	7119
2022-04-19 03:00:00	1.07685	1.07752	1.07668	1.07724	7181
2022-04-19 04:00:00	1.07724	1.07815	1.07672	1.07719	7689
2022-04-19 05:00:00	1.07718	1.07771	1.07665	1.07743	8244
2022-04-19 06:00:00	1.07742	1.07877	1.07672	1.07825	9627
2022-04-19 07:00:00	1.07827	1.08027	1.07813	1.08018	12007
2022-04-19 08:00:00	1.08021	1.08145	1.07932	1.08107	9470
2022-04-19 09:00:00	1.08108	1.08112	1.07936	1.07982	7539
2022-04-19 10:00:00	1.0798	1.0798	1.07846	1.07938	4965
2022-04-19 11:00:00	1.07937	1.07972	1.0785	1.07957	5536
2022-04-19 12:00:00	1.07958	1.08042	1.07887	1.07937	9859
2022-04-19 13:00:00	1.07938	1.08082	1.07858	1.08058	12623
2022-04-19 14:00:00	1.08061	1.08062	1.07848	1.07854	15875
2022-04-19 15:00:00	1.07854	1.0796	1.07818	1.07893	13172
2022-04-19 16:00:00	1.07893	1.0798	1.07836	1.07964	5425
2022-04-19 17:00:00	1.07965	1.08032	1.07887	1.0789	4600
2022-04-19 18:00:00	1.0789	1.07947	1.07822	1.07901	6781
2022-04-19 19:00:00	1.07899	1.07918	1.07828	1.07887	5940
2022-04-19 20:00:00	1.07886	1.07919	1.07848	1.0788	2499
2022-04-19 21:00:00	1.0788	1.07903	1.07849	1.07894	6127
2022-04-19 22:00:00	1.0789	1.07924	1.07872	1.07899	3230
2022-04-19 23:00:00	1079	1.07952	1.07872	1.07941	2959
2022-04-20 00:00:00	1.07942	1.07989	1.0787	1.07963	4879
2022-04-20 01:00:00	1.07964	1.08009	1.07838	1.07968	8645
2022-04-20 02:00:00	1.07967	1.08094	1.07925	1.08071	7407
2022-04-20 03:00:00	1.08075	1.08226	1.08059	1.08186	7828
2022-04-20 04:00:00	1.08187	1.08221	1.08148	1.08202	4946
2022-04-20 05:00:00	1082	1082	1.08128	1.08164	4490
2022-04-20 06:00:00	1.08163	1.0818	1.08078	1.0813	5118
2022-04-20 07:00:00	1.08131	1.08186	1.0807	1.08091	6634
2022-04-20 08:00:00	1.08091	1.08412	1.08057	1.08396	5781
2022-04-20 09:00:00	1.08397	1.0867	1.08295	1.08541	8782
2022-04-20 10:00:00	1.08541	1.08655	1.0851	1.08586	7239
2022-04-20 11:00:00	1.08583	1.0859	1.0825	1.08265	6992
2022-04-20 12:00:00	1.08265	1.08328	1.08205	1.08289	8695
2022-04-20 13:00:00	1.0829	1.08435	1.08219	1.08415	10844
2022-04-20 14:00:00	1.08414	1.08657	1.08413	1.08645	11953
2022-04-20 15:00:00	1.08643	1.08661	1.08466	1.08546	6734
2022-04-20 16:00:00	1.08545	1.08598	1.08408	1.08428	4756
2022-04-20 17:00:00	1.08428	1.08523	1.08397	1.08515	5942
2022-04-20 18:00:00	1.08515	1.08573	1.08401	1.08412	6306
2022-04-20 19:00:00	1.08411	1.08543	1.08406	1.08535	5290
2022-04-20 20:00:00	1.08535	1.08548	1.08476	1.08514	1729
2022-04-20 21:00:00	1.08505	1.0852	1.08395	1.08506	4740
2022-04-20 22:00:00	1.08508	1.08543	1.08458	1.08527	5808
2022-04-20 23:00:00	1.08527	1.08544	1.08467	1.08493	6209
2022-04-21 00:00:00	1.08491	1.08505	1.08311	1.08355	13125
2022-04-21 01:00:00	1.08356	1.08435	1.08345	1.08376	15340
2022-04-21 02:00:00	1.08376	1.08376	1.08242	1.0826	7292
2022-04-21 03:00:00	1.08258	1.08316	1.08234	1.08304	7279
2022-04-21 04:00:00	1.08305	1.08352	1.08289	1.08321	6347
2022-04-21 05:00:00	1.0832	1.08517	1.08315	1.08468	15194
2022-04-21 06:00:00	1.08468	1.09035	1.08459	1.09021	20479
2022-04-21 07:00:00	1.0902	1.09362	1.08878	1.0927	18787
2022-04-21 08:00:00	1.0927	1.09298	1.09112	1.09211	12689
2022-04-21 09:00:00	1.09212	1.09251	1.0908	1.09141	8982
2022-04-21 10:00:00	1.0914	1.09216	1.08998	1.09003	10105
2022-04-21 11:00:00	1.09003	1.09011	1.08744	1.08797	10487
2022-04-21 12:00:00	1.08801	1.08933	1.08756	1.0891	9982
2022-04-21 13:00:00	1.0891	1.0896	1.08705	1.08719	13818
2022-04-21 14:00:00	1.08718	1.08758	1.08411	1.08427	10571
2022-04-21 15:00:00	1.08427	1.08595	1.08367	1.08419	9510
2022-04-21 16:00:00	1.08419	1.08498	1.0833	1.08435	6853
2022-04-21 17:00:00	1.08436	1.08582	1.08374	1.08496	13130
2022-04-21 18:00:00	1.08496	1.08511	1.08377	1.08384	10619
2022-04-21 19:00:00	1.08382	1.08419	1.08305	1.08383	5916
2022-04-21 20:00:00	1.08385	1.08421	1.08305	1.0832	3195
2022-04-21 21:00:00	1.0832	1.08381	1.0832	1.08359	5825
2022-04-21 22:00:00	1.08359	1.08397	1.08327	1.08394	3161
2022-04-21 23:00:00	1.08394	1084	1.08336	1.08349	6489
2022-04-22 00:00:00	1.08349	1.08429	1.08318	1.08373	11164
2022-04-22 01:00:00	1.08373	1.08465	1.08358	1.08406	13223
2022-04-22 02:00:00	1.08407	1.08445	1.08348	1.08406	7926
2022-04-22 03:00:00	1.08407	1.08419	1.08308	1.08413	10088
2022-04-22 04:00:00	1.08413	1.08504	1.08407	1.08456	8043
2022-04-22 05:00:00	1.08454	1.08515	1.08386	1.08458	9939
2022-04-22 06:00:00	1.08456	1.08514	1.08249	1.0826	12800
2022-04-22 07:00:00	1.08259	1.08287	1.08028	1.08063	16135
2022-04-22 08:00:00	1.0807	1.08112	1.07902	1.07982	13217
2022-04-22 09:00:00	1.07984	1.08086	1.07921	1.08056	10589
2022-04-22 10:00:00	1.08055	1.08157	1.07992	1.08157	7170
2022-04-22 11:00:00	1.08155	1.0825	1.08142	1.08212	7906
2022-04-22 12:00:00	1.08214	1.08231	1.08149	1.08192	9729
2022-04-22 13:00:00	1.08194	1.08448	1.08024	1.0806	17269
2022-04-22 14:00:00	1.0806	1.08168	1.07754	1.0776	16409
2022-04-22 15:00:00	1.07761	1.07919	1.07707	1.07888	11528
2022-04-22 16:00:00	1.0789	1.07917	1.07762	1.07793	5789
2022-04-22 17:00:00	1.07793	1.0795	1.07783	1.07877	5230
2022-04-22 18:00:00	1.07875	1.07949	1.07846	1.07861	8523
2022-04-22 19:00:00	1.07863	1.08002	1.07863	1.07932	6060
2022-04-22 20:00:00	1.07929	1.08021	1.07908	1.07947	3338
2022-04-24 21:00:00	1.08041	1.08099	1.07968	1.08066	987
2022-04-24 22:00:00	1.08067	1.08153	1.0796	1.08063	7452
2022-04-24 23:00:00	1.08061	1.08121	1.0804	1.08093	5518
2022-04-25 00:00:00	1.08093	1.08119	1.07998	1.0802	13799
2022-04-25 01:00:00	1.0802	1.08044	1.07836	1.0787	15525
2022-04-25 02:00:00	1.07871	1.07888	1.07772	1.07812	10004
2022-04-25 03:00:00	1.07813	1.07882	1.07799	1.07814	6892
2022-04-25 04:00:00	1.07812	1.07853	1.07724	1.07741	6006
2022-04-25 05:00:00	1.07743	1.07786	1.07683	1.07754	10050
2022-04-25 06:00:00	1.07754	1.07778	1.07067	1.07142	27322
2022-04-25 07:00:00	1.07143	1.07408	1.07135	1.07383	19707
2022-04-25 08:00:00	1.07382	1.07542	1.07337	1.07448	14770
2022-04-25 09:00:00	1.0745	1.07488	1.07301	1.07306	9614
2022-04-25 10:00:00	1.0731	1.07366	1.07197	1.07242	10545
2022-04-25 11:00:00	1.07242	1.07522	1.07198	1.07495	25162
2022-04-25 12:00:00	1.07494	1.07581	1.0732	1.07426	24094
2022-04-25 13:00:00	1.07428	1.07434	1.07155	1.07228	16747
2022-04-25 14:00:00	1.07227	1.07287	1.06967	1.07072	18708
2022-04-25 15:00:00	1.07071	1.07164	1.06987	1.07029	17435
2022-04-25 16:00:00	1.07028	1.07188	1.06966	1.07151	8861
2022-04-25 17:00:00	1.0715	1.07183	1.07086	1.07131	7758
2022-04-25 18:00:00	1.07131	1.07189	1.07093	1.07094	5295
2022-04-25 19:00:00	1.07093	1.07182	1.07047	1.07136	4989
2022-04-25 20:00:00	1.07135	1.07149	1.07091	1.07114	1257
2022-04-25 21:00:00	1.0711	1.07132	1.07108	1.07121	597
2022-04-25 22:00:00	1.07124	1.07147	1.07095	1.07129	5124
2022-04-25 23:00:00	1.07128	1.07144	1.07069	1.07124	7247
2022-04-26 00:00:00	1.07124	1.07313	1.07114	1.07302	16701
2022-04-26 01:00:00	1.07301	1.07336	1.07205	1.07248	12472
2022-04-26 02:00:00	1.07249	1.07315	1.07238	1.07298	8339
2022-04-26 03:00:00	1.07299	1.07386	1.07295	1.07321	9173
2022-04-26 04:00:00	1.07322	1.07333	1.07264	1.07279	5585
2022-04-26 05:00:00	1.07278	1.07334	1.07225	1.07314	5732
2022-04-26 06:00:00	1.07314	1.07343	1.07003	1.07035	16590
2022-04-26 07:00:00	1.07035	1.0711	1.06754	1.0676	26508
2022-04-26 08:00:00	1.06759	1.0692	1.06725	1.06809	18565
2022-04-26 09:00:00	1.06811	1.0697	1.06808	1.06865	9769
2022-04-26 10:00:00	1.06865	1.06971	1.06787	1.06893	8625
2022-04-26 11:00:00	1.06894	1.06939	1.06692	1.06706	8856
2022-04-26 12:00:00	1.06705	1.06836	1.06701	1.0679	11537
2022-04-26 13:00:00	1.06789	1.06853	1.06637	1.06744	11621
2022-04-26 14:00:00	1.06745	1.06774	1.06417	1.06501	13039
2022-04-26 15:00:00	1.06501	1.06634	1.0647	1.06591	8256
2022-04-26 16:00:00	1.0659	1.06649	1.06535	1.06591	5519
2022-04-26 17:00:00	1.06592	1.06614	1.06457	1.06467	3961
2022-04-26 18:00:00	1.06465	1.06511	1.06406	1.06446	4328
2022-04-26 19:00:00	1.06447	1.06474	1.06383	1.06438	3399
2022-04-26 20:00:00	1.06437	1.06437	1.06356	1.0637	4708
2022-04-26 21:00:00	1.06367	1.06389	1.0636	1.06378	1431
2022-04-26 22:00:00	1.06377	1.06454	1.06348	1.06446	7369
2022-04-26 23:00:00	1.06451	1.06478	1.06422	1.06424	6652
2022-04-27 00:00:00	1.06425	1.06468	1.06349	1.06435	6733
2022-04-27 01:00:00	1.06434	1.06466	1.0636	1.06465	10411
2022-04-27 02:00:00	1.06465	1.06534	1.0634	1.06344	9188
2022-04-27 03:00:00	1.06344	1.06438	1.06336	1.06406	7903
2022-04-27 04:00:00	1.06405	1.06502	1.06376	1.06496	5079
2022-04-27 05:00:00	1.06492	1.06546	1.06473	1.06505	7418
2022-04-27 06:00:00	1.06502	1.06517	1.06161	1.06205	24713
2022-04-27 07:00:00	1.06204	1.06286	1.0588	1.06237	21428
2022-04-27 08:00:00	1.06238	1.06248	1.05854	1.05886	13500
2022-04-27 09:00:00	1.05886	1.06207	1.0586	1.06132	17775
2022-04-27 10:00:00	1.06138	1.06226	1.06034	1.06104	15088
2022-04-27 11:00:00	1.06103	1.06106	1.05806	1.05844	13618
2022-04-27 12:00:00	1.05845	1.05857	1.05451	1.05553	18666
2022-04-27 13:00:00	1.05553	1.0561	1.05333	1.05482	16817
2022-04-27 14:00:00	1.05481	1.05537	1.05148	1.05148	17159
2022-04-27 15:00:00	1.05147	1.0554	1.05145	1.05453	13022
2022-04-27 16:00:00	1.05454	1.05711	1.05453	1.05627	5600
2022-04-27 17:00:00	1.05629	1.05721	1.05582	1.05703	6015
2022-04-27 18:00:00	1.05703	1.05722	1.05557	1.05606	5842
2022-04-27 19:00:00	1.05608	1.05621	1.05535	1.05582	7560
2022-04-27 20:00:00	1.05583	1.05606	1.05558	1.05575	2060
2022-04-27 21:00:00	1.05575	1.05627	1.05524	1.05547	1119
2022-04-27 22:00:00	1.05551	1.05572	1055	1.05508	3787
2022-04-27 23:00:00	1.05506	1.05562	1.05494	1.05541	2342
2022-04-28 00:00:00	1.05541	1.05541	1.05306	1.05383	4176
2022-04-28 01:00:00	1.05383	1.05533	1.05348	1.05467	8255
2022-04-28 02:00:00	1.05469	1.05472	1.05325	1.05366	5897
2022-04-28 03:00:00	1.05367	1.05406	1.05089	1.05089	13231
2022-04-28 04:00:00	1.0509	1.05266	1.05087	1.05173	6508
2022-04-28 05:00:00	1.05172	1.05257	1.04808	1.0512	10688
2022-04-28 06:00:00	1.05121	1.05308	1.05065	1.05242	12600
2022-04-28 07:00:00	1.05242	1.05647	1.05151	1.05546	16359
2022-04-28 08:00:00	1.05545	1.05558	1.05148	1.05158	10166
2022-04-28 09:00:00	1.05157	1.05385	1.05137	1.05202	11616
2022-04-28 10:00:00	1.05201	1.05297	1.04965	1.04972	15176
2022-04-28 11:00:00	1.04974	1.05096	1.04863	1.04902	15653
2022-04-28 12:00:00	1.04905	1.05238	1.0471	1.04853	37166
2022-04-28 13:00:00	1.04856	1.0514	1.04814	1.05083	19527
2022-04-28 14:00:00	1.05082	1.05198	1.04817	1.05148	25870
2022-04-28 15:00:00	1.05151	1.05312	1.04968	1.05	16705
2022-04-28 16:00:00	1.04998	1.0515	1.04934	1.05126	11382
2022-04-28 17:00:00	1.05125	1.05157	1.0497	1.04993	10701
2022-04-28 18:00:00	1.04995	1.05101	1.04978	1.05045	4591
2022-04-28 19:00:00	1.05044	1.05106	1.05031	1.05098	7983
2022-04-28 20:00:00	1.05097	1.05097	1.0498	1.04981	3051
2022-04-28 21:00:00	1.0498	1.05009	1.04975	1.04991	673
2022-04-28 22:00:00	1.04991	1.05015	1.04911	1.04968	3434
2022-04-28 23:00:00	1.04964	1.05034	1.04947	1.05029	2427
2022-04-29 00:00:00	1.05032	1.05172	1.05019	1.05156	4132
2022-04-29 01:00:00	1.05156	1.05297	1.05147	1.05186	5257
2022-04-29 02:00:00	1.05186	1.0523	1.0505	1.05104	4367
2022-04-29 03:00:00	1.05105	1.05192	1.05066	1.05131	4731
2022-04-29 04:00:00	1.05131	1.05207	1.05087	1.05164	3428
2022-04-29 05:00:00	1.05164	1.05419	1.05164	1.05371	6275
2022-04-29 06:00:00	1.0537	1.05487	1.05309	1.05436	9334
2022-04-29 07:00:00	1.05438	1.05785	1.05358	1.05617	10424
2022-04-29 08:00:00	1.05617	1.05928	1.05579	1.05689	15898
2022-04-29 09:00:00	1.05689	1058	1.05656	1.05778	15043
2022-04-29 10:00:00	1.05778	1.0578	1.05614	1.05645	13748
2022-04-29 11:00:00	1.05645	1.05789	1.05397	1.05445	17417
2022-04-29 12:00:00	1.05444	1.05471	1.05096	1.05313	20580
2022-04-29 13:00:00	1.05312	1.05413	1.05221	1.05337	16079
2022-04-29 14:00:00	1.05336	1.05593	1.05184	1.05467	18707
2022-04-29 15:00:00	1.05468	1.05543	1.05328	1.05402	13737
2022-04-29 16:00:00	1.05401	1.05498	1.05324	1.05493	6703
2022-04-29 17:00:00	1.05491	1.05786	1.05486	1.05725	6017
2022-04-29 18:00:00	1.05726	1.05746	1.05634	1.05697	10340
2022-04-29 19:00:00	1.05698	1.05698	1.05452	1.05485	12430
2022-04-29 20:00:00	1.05485	1.0552	1.05408	1.05409	3917
2022-05-01 21:00:00	1.05444	1.05597	1.05422	1.05453	409
2022-05-01 22:00:00	1.05454	1.0552	1.05368	1.0543	9710
2022-05-01 23:00:00	1.05427	1.05492	1.05343	1.05349	12243
2022-05-02 00:00:00	1.05347	1.0553	1.05264	1.05291	21063
2022-05-02 01:00:00	1.05292	1.05333	1.05213	1.05244	18185
2022-05-02 02:00:00	1.05243	1.05275	1.05178	1.05209	11149
2022-05-02 03:00:00	1.05209	1.05274	1.05173	1.05239	11690
2022-05-02 04:00:00	1.05239	1.05242	1.05168	1.05184	9416
2022-05-02 05:00:00	1.05183	1.05211	1.05104	1.05129	10977
2022-05-02 06:00:00	1.05129	1.05517	1051	1.05483	13707
2022-05-02 07:00:00	1.05482	1.05682	1.05317	1.05321	20542
2022-05-02 08:00:00	1.05324	1.0536	1.05253	1.05285	20990
2022-05-02 09:00:00	1.05285	1.05329	1.05187	1.05266	9307
2022-05-02 10:00:00	1.05269	1.05289	1.05197	1.05262	5858
2022-05-02 11:00:00	1.05262	1.05278	1.05137	1.05163	7393
2022-05-02 12:00:00	1.05162	1.05327	1.05083	1.05105	11615
2022-05-02 13:00:00	1.05107	1.05279	1.05027	1.05233	12476
2022-05-02 14:00:00	1.05238	1.05415	1.05147	1.05223	15164
2022-05-02 15:00:00	1.05223	1.05237	1.0504	1.05215	5947
2022-05-02 16:00:00	1.05213	1.05262	1.05023	1.05091	5265
2022-05-02 17:00:00	1.05091	1.05106	1.04928	1.0493	8469
2022-05-02 18:00:00	1.04933	1.04994	1.04901	1.04919	8691
2022-05-02 19:00:00	1.04919	1.05113	1.04912	1.05039	9908
2022-05-02 20:00:00	1.05039	1.05084	1.05013	1.05055	3041
2022-05-02 21:00:00	1.05055	1.05079	1.05018	1.05049	2020
2022-05-02 22:00:00	1.05049	1.05134	1.05046	1.05098	3899
2022-05-02 23:00:00	1.05098	1.05107	1.05058	1.05096	3030
2022-05-03 00:00:00	1.05095	1.05257	1.05084	1.05251	10222
2022-05-03 01:00:00	1.05249	1.05265	1.05147	1.0522	10857
2022-05-03 02:00:00	1.05221	1.05256	1.05097	1.05136	8332
2022-05-03 03:00:00	1.05136	1.05193	1.05077	1.05184	4839
2022-05-03 04:00:00	1.05184	1.05239	1.05016	1.05018	8149
2022-05-03 05:00:00	1.05016	1.05105	1.04977	1.05074	10840
2022-05-03 06:00:00	1.05073	1.05123	1.04962	1.04974	13959
2022-05-03 07:00:00	1.04976	1.05277	1.04941	1.05187	22435
2022-05-03 08:00:00	1.05185	1.05257	1.04999	1.04999	15715
2022-05-03 09:00:00	1.05	1.0514	1.04921	1.05135	13838
2022-05-03 10:00:00	1.05134	1.05229	1.05017	1.05038	10503
2022-05-03 11:00:00	1.05041	1.0542	1.04989	1.05377	14970
2022-05-03 12:00:00	1.05377	1.05776	1.05371	1.05677	14558
2022-05-03 13:00:00	1.05674	1.05722	1.05485	1.05558	12763
2022-05-03 14:00:00	1.05558	1.05648	1.05351	1.05381	9887
2022-05-03 15:00:00	1.05383	1.05482	1.05314	1.05319	7571
2022-05-03 16:00:00	1.05318	1.0532	1.05117	1.05154	4746
2022-05-03 17:00:00	1.05155	1.05404	1.05143	1.05293	5473
2022-05-03 18:00:00	1.05292	1.05303	1.05125	1.05255	4867
2022-05-03 19:00:00	1.05258	1.05278	1.05186	1.05249	4111
2022-05-03 20:00:00	1.05251	1.05267	1.0519	1.0519	2052
2022-05-03 21:00:00	1.0519	1.05228	1.0519	1.05226	309
2022-05-03 22:00:00	1.05225	1.05278	1.05214	1.05245	4544
2022-05-03 23:00:00	1.05245	1.0526	1.05193	1.05251	3020
2022-05-04 00:00:00	1.05252	1.05342	1052	1.05247	4842
2022-05-04 01:00:00	1.05248	1.05333	1.05183	1.05291	5783
2022-05-04 02:00:00	1.05293	1.05306	1.05194	1052	6790
2022-05-04 03:00:00	1052	1.05236	1.05139	1.05161	3592
2022-05-04 04:00:00	1.0516	1.05202	1.05147	1.05165	3910
2022-05-04 05:00:00	1.05168	1.05181	1.05111	1.05123	6149
2022-05-04 06:00:00	1.05125	1.05236	1.05059	1.05136	14495
2022-05-04 07:00:00	1.05138	1.05283	1.05075	1.0524	15890
2022-05-04 08:00:00	1.05241	1.05344	1.0517	1.05219	12751
2022-05-04 09:00:00	1.0522	1.05337	1.05146	1.05237	9560
2022-05-04 10:00:00	1.05244	1.05311	1.05211	1.05296	6647
2022-05-04 11:00:00	1.05297	1.05363	1.0523	1.05305	8906
2022-05-04 12:00:00	1.05306	1.05554	1.05254	1.05532	13238
2022-05-04 13:00:00	1.05532	1.05554	1.0532	1.05323	11234
2022-05-04 14:00:00	1.05323	1.05507	1.05245	1.05462	10655
2022-05-04 15:00:00	1.05463	1.05641	1.05366	1.05402	6856
2022-05-04 16:00:00	1.05405	1.05488	1.05341	1.05488	5006
2022-05-04 17:00:00	1.05489	1.05527	1.0534	1.05439	8199
2022-05-04 18:00:00	1.05443	1.06265	1.05105	1.06157	80634
2022-05-04 19:00:00	1.06159	1.06217	1.05818	1.0608	54339
2022-05-04 20:00:00	1.06083	1.06309	1.06048	1.06199	7542
2022-05-04 21:00:00	1062	1.06246	1.06177	1.06239	589
2022-05-04 22:00:00	1.06236	1.06245	1.06046	1.06056	6002
2022-05-04 23:00:00	1.06056	1.06227	1.06037	1.06202	6632
2022-05-05 00:00:00	1.06206	1.06276	1.06039	1.06138	9518
2022-05-05 01:00:00	1.06138	1.06417	1.06102	1.06255	14995
2022-05-05 02:00:00	1.06252	1.06302	1.0614	1.06229	9171
2022-05-05 03:00:00	1.06229	1.0628	1.0615	1.06176	6030
2022-05-05 04:00:00	1.06177	1.06179	1.06095	1.06123	8525
2022-05-05 05:00:00	1.06123	1.06192	1.06059	1.06119	11797
2022-05-05 06:00:00	1.0612	1.06173	1.05936	1.05946	18981
2022-05-05 07:00:00	1.05948	1.06065	1.05845	1.05976	19569
2022-05-05 08:00:00	1.05976	1.06003	1.05816	1.06001	10058
2022-05-05 09:00:00	1.06001	1.0603	1.0592	1.05977	8893
2022-05-05 10:00:00	1.05975	1.06077	1.05866	1.05975	9488
2022-05-05 11:00:00	1.05975	1.06034	1.05455	1.05476	25969
2022-05-05 12:00:00	1.05476	1.05734	1.05476	1.05532	18589
2022-05-05 13:00:00	1.05534	1.05658	1.05422	1.05564	14003
2022-05-05 14:00:00	1.05565	1.05566	1.05292	1.05329	20642
2022-05-05 15:00:00	1.05329	1.0533	1.05032	1.05066	24294
2022-05-05 16:00:00	1.05065	1.05151	1.04925	1.0511	18679
2022-05-05 17:00:00	1.05108	1.05283	1.05033	1.05038	17188
2022-05-05 18:00:00	1.05037	1.05206	1.0502	1.0516	11664
2022-05-05 19:00:00	1.05161	1.05507	1.05161	1.05504	18907
2022-05-05 20:00:00	1055	1.05502	1.05377	1.05405	3900
2022-05-05 21:00:00	1.05402	1.05434	1.05385	1.05408	696
2022-05-05 22:00:00	1.05401	1055	1.05386	1.05499	9821
2022-05-05 23:00:00	1.05499	1.05499	1.05355	1.05394	7757
2022-05-06 00:00:00	1.05394	1.05506	1.05334	1.05411	15481
2022-05-06 01:00:00	1.05412	1.05455	1.05156	1.05256	28214
2022-05-06 02:00:00	1.05256	1.05339	1.05193	1.05285	19148
2022-05-06 03:00:00	1.05286	1.05393	1.05264	1.0533	8742
2022-05-06 04:00:00	1.0533	1.05347	1.05257	1.05321	6270
2022-05-06 05:00:00	1.05324	1.0534	1.05215	1.05226	9813
2022-05-06 06:00:00	1.05225	1.05252	1.04828	1.04862	14931
2022-05-06 07:00:00	1.04862	1.05437	1.04826	1.05211	31737
2022-05-06 08:00:00	1.05212	1.05809	1.05123	1.05573	43736
2022-05-06 09:00:00	1.05573	1.05756	1.05511	1.0571	18655
2022-05-06 10:00:00	1.05708	1.05988	1.05689	1.05885	11839
2022-05-06 11:00:00	1.05884	1.05909	1.05598	1.05657	12655
2022-05-06 12:00:00	1.05656	1.05967	1.05477	1.05537	32071
2022-05-06 13:00:00	1.05535	1.05959	1.05535	1.05734	27894
2022-05-06 14:00:00	1.05733	1.05875	1.0557	1.05815	35286
2022-05-06 15:00:00	1.05814	1.05949	1.05705	1.05708	14392
2022-05-06 16:00:00	1.05709	1.05802	1.05661	1.05691	12591
2022-05-06 17:00:00	1.0569	1.05743	1.05502	1.05502	9130
2022-05-06 18:00:00	1.05502	1.05583	1.05436	1.05472	11108
2022-05-06 19:00:00	1.0547	1.05563	1.05362	1.05474	11510
2022-05-06 20:00:00	1.05474	1.0548	1.05405	1.05452	3984
2022-05-08 21:00:00	1.05398	1.05425	1.05386	1.05411	410
2022-05-08 22:00:00	1.05403	1.05426	1.05359	1.05377	7133
2022-05-08 23:00:00	1.05376	1.05388	1.05307	1.0532	4625
2022-05-09 00:00:00	1.05319	1.05353	1.0518	1.05193	12873
2022-05-09 01:00:00	1.05193	1.05265	1.05135	1.05239	13249
2022-05-09 02:00:00	1.05239	1.0524	1.05064	1.05065	9149
2022-05-09 03:00:00	1.05066	1.05128	1.05027	1051	7402
2022-05-09 04:00:00	1051	1.05163	1.05055	1.05122	5343
2022-05-09 05:00:00	1.05122	1.05122	1.05029	1.05074	8523
2022-05-09 06:00:00	1.05075	1.05142	1.04951	1.05026	10342
2022-05-09 07:00:00	1.05026	1.05293	1.04977	1.05118	20438
2022-05-09 08:00:00	1.05116	1052	1.0501	1.05072	14745
2022-05-09 09:00:00	1.05072	1.05303	1.05047	1.05279	9938
2022-05-09 10:00:00	1.05278	1.05498	1.0526	1.05449	12918
2022-05-09 11:00:00	1.05448	1.05524	1.05323	1.05469	10965
2022-05-09 12:00:00	1.05466	1.05733	1.05446	1.05623	20061
2022-05-09 13:00:00	1.05623	1.05632	1.05305	1.05322	13531
2022-05-09 14:00:00	1.05323	1.05344	1.05171	1.05275	9364
2022-05-09 15:00:00	1.05277	1.05629	1.05269	1.05568	9328
2022-05-09 16:00:00	1.05567	1.05924	1.05548	1.05734	12493
2022-05-09 17:00:00	1.05734	1.05749	1.05525	1.05583	9683
2022-05-09 18:00:00	1.05582	1.05667	1.05506	1.05658	10419
2022-05-09 19:00:00	1.05659	1.05755	1.05559	1.05582	12366
2022-05-09 20:00:00	1.05579	1.05622	1.0557	1.05588	2257
2022-05-09 21:00:00	1.0559	1.05608	1.05536	1.05564	4352
2022-05-09 22:00:00	1.05563	1.05582	1.05525	1.05567	6783
2022-05-09 23:00:00	1.05565	1.05691	1.05565	1.05631	1819
2022-05-10 00:00:00	1.05633	1.05652	1.05532	1.05587	6795
2022-05-10 01:00:00	1.05585	1.05687	1.05549	1.05622	6492
2022-05-10 02:00:00	1.05623	1.05797	1.05597	1.05726	6342
2022-05-10 03:00:00	1.05726	1.05794	1.05693	1.05787	3105
2022-05-10 04:00:00	1.05785	1.05808	1.05736	1.05757	2648
2022-05-10 05:00:00	1.05753	1.05852	1.05735	1.05764	4160
2022-05-10 06:00:00	1.05765	1.0579	1.05592	1.05603	6847
2022-05-10 07:00:00	1.05603	1.05783	1.0551	1.05571	10119
2022-05-10 08:00:00	1.0557	1.05755	1.0554	1.05722	8095
2022-05-10 09:00:00	1.05724	1.05757	1.05369	1.05391	8944
2022-05-10 10:00:00	1.0539	1.05536	1.05354	1.05532	13209
2022-05-10 11:00:00	1.05531	1.05666	1.05469	1.05532	11995
2022-05-10 12:00:00	1.0553	1.05611	1.05483	1.05516	14577
2022-05-10 13:00:00	1.05515	1.0575	1.05411	1.05437	21411
2022-05-10 14:00:00	1.05437	1.05534	1.05274	1.05409	32420
2022-05-10 15:00:00	1.05409	1.05466	1.05253	1.05308	17533
2022-05-10 16:00:00	1.05308	1.05467	1.05263	1.05337	16329
2022-05-10 17:00:00	1.05338	1.05412	1.05264	1.05374	12377
2022-05-10 18:00:00	1.05375	1.05398	1.05275	1.05306	7651
2022-05-10 19:00:00	1.05306	1.05386	1.05282	1.05354	6736
2022-05-10 20:00:00	1.05353	1.05356	1.05275	1.05285	1843
2022-05-10 21:00:00	1.05285	1.05309	1.0528	1.05291	2734
2022-05-10 22:00:00	1.05287	1.0535	1.05285	1.0533	3391
2022-05-10 23:00:00	1.05336	1.05345	1.05287	1.05289	3648
2022-05-11 00:00:00	1.05289	1.05366	1.05269	1.05312	7349
2022-05-11 01:00:00	1.05312	1.05346	1.05255	1.05335	7631
2022-05-11 02:00:00	1.05335	1.05377	1.0529	1.05345	6950
2022-05-11 03:00:00	1.05346	1.05389	1.05325	1.05365	3685
2022-05-11 04:00:00	1.05364	1.05431	1.05338	1.0541	3260
2022-05-11 05:00:00	1.05411	1055	1.05392	1.05457	4783
2022-05-11 06:00:00	1.05457	1.0549	1.0537	1.05416	12668
2022-05-11 07:00:00	1.05417	1.05607	1.05417	1.05521	13763
2022-05-11 08:00:00	1.05521	1.05745	1.05493	1.05678	17403
2022-05-11 09:00:00	1.05677	1.05756	1.05571	1.05632	8287
2022-05-11 10:00:00	1.05632	1.05672	1.0545	1.05462	5852
2022-05-11 11:00:00	1.05462	1.05568	1.05432	1.05449	10077
2022-05-11 12:00:00	1.0545	1.05563	1.05017	1.05207	39168
2022-05-11 13:00:00	1.05207	1.05771	1.05178	1.05605	35526
2022-05-11 14:00:00	1.05606	1.05701	1.05441	1.05481	37209
2022-05-11 15:00:00	1.05484	1.05548	1.05326	1.05373	23596
2022-05-11 16:00:00	1.05373	1.05455	1.05286	1.05306	13193
2022-05-11 17:00:00	1.05307	1.05352	1.05148	1.05172	10836
2022-05-11 18:00:00	1.05173	1.05353	1.05173	1.05311	21660
2022-05-11 19:00:00	1.05311	1.05315	1.05138	1.05156	20785
2022-05-11 20:00:00	1.05158	1.05158	1.05097	1.0511	5953
2022-05-11 21:00:00	1.05103	1.05159	1.05096	1.05137	2374
2022-05-11 22:00:00	1.05135	1.05177	1.05119	1.05169	5668
2022-05-11 23:00:00	1.05173	1.05182	1.05105	1.05117	3631
2022-05-12 00:00:00	1.05116	1.05287	1.05075	1.05241	23418
2022-05-12 01:00:00	1.05242	1.05286	1.05191	1.05231	20981
2022-05-12 02:00:00	1.05231	1.05292	1.05123	1.05156	13215
2022-05-12 03:00:00	1.05155	1.05267	1.05144	1.0522	10337
2022-05-12 04:00:00	1.0522	1.05255	1.05167	1.05178	7310
2022-05-12 05:00:00	1.05178	1.05206	1.04995	1.05011	14338
2022-05-12 06:00:00	1.05011	1.05151	1.04903	1.05036	18461
2022-05-12 07:00:00	1.05036	1.0505	1.04429	1.04593	36936
2022-05-12 08:00:00	1.04595	1.04651	1.04404	1.04406	17521
2022-05-12 09:00:00	1.04405	1.0446	1.0422	1.04271	17510
2022-05-12 10:00:00	1.04271	1.04412	1.04264	1.04366	11516
2022-05-12 11:00:00	1.04366	1.04435	1.03888	1.03993	17808
2022-05-12 12:00:00	1.03992	1.04381	1.03948	1.0415	17825
2022-05-12 13:00:00	1.04151	1.04257	1.03965	1.03989	18374
2022-05-12 14:00:00	1.03988	1.0417	1.03835	1.0412	20773
2022-05-12 15:00:00	1.04121	1.04248	1.03715	1.03748	11360
2022-05-12 16:00:00	1.03751	1.03906	1.03544	1.03577	20609
2022-05-12 17:00:00	1.03578	1.03743	1.03539	1.03684	21357
2022-05-12 18:00:00	1.03682	1.03748	1.03651	1.03701	13498
2022-05-12 19:00:00	1.03702	1.03769	1.03675	1.03731	12353
2022-05-12 20:00:00	1.03731	1.03827	1.03725	1.03783	1089
2022-05-12 21:00:00	1.03783	1.03827	1.0378	1.03793	2157
2022-05-12 22:00:00	1.03789	1.03838	1.03777	1.03781	2033
2022-05-12 23:00:00	1.03785	1.0384	1.03773	1.03784	1605
2022-05-13 00:00:00	1.03783	1.03836	1.03729	1.03805	4141
2022-05-13 01:00:00	1.03805	1.03894	1.03743	1.03776	5524
2022-05-13 02:00:00	1.03778	1.03915	1.03772	1.03896	3159
2022-05-13 03:00:00	1.03895	1.03978	1.03876	1.03911	2653
2022-05-13 04:00:00	1.03909	1.03972	1.03888	1.03968	2315
2022-05-13 05:00:00	1.03969	1.04014	1.03944	1.03953	2665
2022-05-13 06:00:00	1.03956	1.04058	1.0385	1.03924	7281
2022-05-13 07:00:00	1.03926	1.04195	1.03834	1.04156	11897
2022-05-13 08:00:00	1.04155	1.04193	1.03988	1.04081	10495
2022-05-13 09:00:00	1.04081	1.04086	1.03722	1.03743	10233
2022-05-13 10:00:00	1.03742	1.03891	1.03706	1.0388	8996
2022-05-13 11:00:00	1.0388	1.03982	1.03819	1.03825	7790
2022-05-13 12:00:00	1.03826	1.03923	1.03731	1.03777	11449
2022-05-13 13:00:00	1.03776	1.03792	1.03496	1.0364	13845
2022-05-13 14:00:00	1.03639	1.03967	1.03639	1.03942	16621
2022-05-13 15:00:00	1.03941	1.04159	1.03918	1.04115	8375
2022-05-13 16:00:00	1.04113	1.04152	1.04057	1.04086	4572
2022-05-13 17:00:00	1.04086	1.04159	1.03971	1.03984	3622
2022-05-13 18:00:00	1.03985	1.04053	1.03936	1.04048	5202
2022-05-13 19:00:00	1.04048	1.04084	1.03962	1.04016	2977
2022-05-13 20:00:00	1.0402	1.04119	1.03996	1.04116	2922
2022-05-15 21:00:00	1.03952	1.0405	1.03906	1.03967	823
2022-05-15 22:00:00	1.03979	1.04138	1.03979	1.04052	7590
2022-05-15 23:00:00	1.04053	1.04053	1.03973	1.0398	6810
2022-05-16 00:00:00	1.03984	1.04109	1.03974	1.04099	9214
2022-05-16 01:00:00	1.04102	1.0417	1.04	1.0405	12739
2022-05-16 02:00:00	1.04051	1.04051	1.03939	1.04023	17770
2022-05-16 03:00:00	1.04024	1.04025	1.03889	1.03965	8871
2022-05-16 04:00:00	1.03964	1.03999	1.03933	1.03995	4676
2022-05-16 05:00:00	1.03994	1.04077	1.03991	1.04009	3920
2022-05-16 06:00:00	1.04009	1.04094	1.03949	1.04035	8210
2022-05-16 07:00:00	1.04037	1.04259	1.04027	1.04085	15470
2022-05-16 08:00:00	1.04087	1.04341	1.04064	1.04327	13876
2022-05-16 09:00:00	1.04327	1.04357	1.04149	1.04155	8502
2022-05-16 10:00:00	1.04156	1.04381	1.04152	1.04356	7972
2022-05-16 11:00:00	1.04356	1.04379	1.04174	1.04185	8753
2022-05-16 12:00:00	1.04184	1.04343	1.04126	1.04233	11024
2022-05-16 13:00:00	1.04235	1.0433	1.04021	1.04041	10780
2022-05-16 14:00:00	1.04042	1.04222	1.03893	1.04028	13083
2022-05-16 15:00:00	1.04028	1.04199	1.03976	1.04195	6197
2022-05-16 16:00:00	1.04194	1.0428	1.04157	1.04249	3366
2022-05-16 17:00:00	1.04249	1.04278	1.04176	1.04252	3402
2022-05-16 18:00:00	1.04252	1.04418	1.04214	1.04371	2989
2022-05-16 19:00:00	1.04369	1.0443	1.04304	1.04321	2539
2022-05-16 20:00:00	1.04322	1.0435	1.04298	1.04313	1216
2022-05-16 21:00:00	1.04313	1.0436	1.04305	1.04347	486
2022-05-16 22:00:00	1.04347	1.04383	1.04284	1.04358	10189
2022-05-16 23:00:00	1.0436	1.04395	1.04353	1.0439	8941
2022-05-17 00:00:00	1.0439	1.0454	1.04389	1.04469	12953
2022-05-17 01:00:00	1.04468	1.04496	1.04348	1.0449	15197
2022-05-17 02:00:00	1.04489	1.04501	1.04371	1.04377	6497
2022-05-17 03:00:00	1.04379	1.04428	1.04318	1.04401	4121
2022-05-17 04:00:00	1044	1.04438	1.04358	1.04406	2358
2022-05-17 05:00:00	1.04405	1.04515	1.04402	1.04469	5979
2022-05-17 06:00:00	1.04471	1.04642	1.0446	1.04577	13836
2022-05-17 07:00:00	1.04578	1.04746	1.04516	1.04636	9275
2022-05-17 08:00:00	1.04636	1.0492	1.04562	1.04903	18077
2022-05-17 09:00:00	1.04905	1.04917	1.04689	1.04751	9287
2022-05-17 10:00:00	1.04753	1.05274	1.04753	1.05154	18652
2022-05-17 11:00:00	1.05159	1.05556	1.05145	1.05392	11372
2022-05-17 12:00:00	1.05393	1.05494	1.05273	1.05428	13868
2022-05-17 13:00:00	1.05429	1.05437	1.05253	1.05399	9397
2022-05-17 14:00:00	1.05402	1.05452	1.05254	1.05345	10294
2022-05-17 15:00:00	1.05346	1.05436	1.05277	1.05325	5597
2022-05-17 16:00:00	1.05324	1.0551	1.05299	1.05429	4935
2022-05-17 17:00:00	1.05427	1.05526	1.05391	1.05459	6509
2022-05-17 18:00:00	1.05458	1.05547	1.05211	1.0543	44676
2022-05-17 19:00:00	1.05432	1055	1.05375	1.05458	8554
2022-05-17 20:00:00	1.05458	1.05537	1.05425	1.05466	2778
2022-05-17 21:00:00	1.05461	1.05512	1.05453	1055	1092
2022-05-17 22:00:00	1055	1.05529	1.05474	1.05492	841
2022-05-17 23:00:00	1.0549	1.05502	1.05454	1.05487	1741
2022-05-18 00:00:00	1.05485	1.05636	1.05479	1.05549	4201
2022-05-18 01:00:00	1.05549	1.0557	1.0536	1.05392	4588
2022-05-18 02:00:00	1.05391	1.05407	1.05314	1.05352	3481
2022-05-18 03:00:00	1.05354	1.05363	1.05243	1.05323	3739
2022-05-18 04:00:00	1.05322	1.05355	1.05284	1.05292	2494
2022-05-18 05:00:00	1.05292	1.05405	1.05292	1.05388	3768
2022-05-18 06:00:00	1.05394	1.05394	1.05164	1.05209	6161
2022-05-18 07:00:00	1.05209	1.05242	1.05136	1.05162	7588
2022-05-18 08:00:00	1.05164	1.05205	1.04941	1.05075	6889
2022-05-18 09:00:00	1.05076	1.05242	1.05058	1.05236	5865
2022-05-18 10:00:00	1.05238	1.05289	1.05151	1.05182	7220
2022-05-18 11:00:00	1.05183	1.05223	1.05046	1.05104	8656
2022-05-18 12:00:00	1.05104	1.05261	1.05104	1.05214	8383
2022-05-18 13:00:00	1.05214	1.0542	1.05162	1.05178	10015
2022-05-18 14:00:00	1.05179	1.05241	1.04944	1.05098	11053
2022-05-18 15:00:00	1051	1.05149	1.04888	1.04912	7567
2022-05-18 16:00:00	1.04913	1.04981	1.04824	1.04872	5008
2022-05-18 17:00:00	1.04874	1.04884	1.04757	1.04777	4621
2022-05-18 18:00:00	1.04777	1.04853	1.04729	1.04739	4950
2022-05-18 19:00:00	1.04741	1.04754	1.04645	1.0466	9271
2022-05-18 20:00:00	1.04658	1.0467	1.04597	1.04617	4772
2022-05-18 21:00:00	1.04617	1.04655	1.04606	1.04616	1960
2022-05-18 22:00:00	1.04616	1.0475	1.04613	1.04744	5735
2022-05-18 23:00:00	1.0475	1.0475	1.04698	1.04729	5229
2022-05-19 00:00:00	1.04729	1.05004	1.04679	1.04883	14311
2022-05-19 01:00:00	1.04884	1.04908	1.04787	1.04864	16113
2022-05-19 02:00:00	1.04865	1.05008	1.04833	1.04967	12301
2022-05-19 03:00:00	1.04966	1.05065	1.04957	1.04999	10812
2022-05-19 04:00:00	1.04999	1.05066	1.04959	1.0496	9644
2022-05-19 05:00:00	1.04962	1.05019	1.04856	1.04862	9243
2022-05-19 06:00:00	1.04862	1.04937	1.04753	1.04788	9764
2022-05-19 07:00:00	1.04786	1.04945	1.0465	1.04923	13302
2022-05-19 08:00:00	1.04924	1.05088	1.04796	1.04962	12622
2022-05-19 09:00:00	1.04962	1.05017	1.0487	1.04994	14442
2022-05-19 10:00:00	1.04995	1.05347	1.04957	1.05281	13070
2022-05-19 11:00:00	1.0528	1.05392	1.0513	1.05175	14766
2022-05-19 12:00:00	1.05174	1.0545	1.05163	1.05376	17293
2022-05-19 13:00:00	1.05376	1.05711	1.05366	1.05582	19117
2022-05-19 14:00:00	1.05583	1.05932	1.05521	1.05907	18458
2022-05-19 15:00:00	1.05907	1.05984	1.05754	1.05866	17489
2022-05-19 16:00:00	1.05865	1.05954	1.05796	1.05931	12290
2022-05-19 17:00:00	1.05934	1.0607	1.05863	1.06045	9755
2022-05-19 18:00:00	1.06047	1.06062	1.05955	1.0598	7758
2022-05-19 19:00:00	1.05978	1.06017	1.05831	1.05913	5603
2022-05-19 20:00:00	1.05912	1.05912	1.0581	1.05837	2158
2022-05-19 21:00:00	1.05809	1.05847	1.0578	1.05826	1128
2022-05-19 22:00:00	1.05835	1.0587	1.05799	1.05807	4760
2022-05-19 23:00:00	1.05809	1.05834	1.05781	1.05795	5312
2022-05-20 00:00:00	1.05795	1.05836	1.05683	1.05761	5013
2022-05-20 01:00:00	1.05762	1.05813	1.05684	1.05733	13523
2022-05-20 02:00:00	1.05731	1.05735	1.05546	1.05597	6076
2022-05-20 03:00:00	1.05597	1.05669	1.05589	1.0566	3931
2022-05-20 04:00:00	1.05659	1.05743	1.05622	1.05736	5333
2022-05-20 05:00:00	1.05737	1.05934	1.0571	1.05909	10030
2022-05-20 06:00:00	1.05908	1.05919	1.05764	1.0578	9558
2022-05-20 07:00:00	1.05779	1.05828	1.05651	1.05763	13999
2022-05-20 08:00:00	1.05765	1.05811	1.05545	1.05773	11285
2022-05-20 09:00:00	1.05771	1.05927	1.05721	1.05911	8287
2022-05-20 10:00:00	1.05913	1.0599	1.05839	1.05887	9212
2022-05-20 11:00:00	1.05886	1.05887	1.05663	1.05663	10374
2022-05-20 12:00:00	1.05666	1058	1.0561	1.05642	12325
2022-05-20 13:00:00	1.0564	1.0571	1.05556	1.05626	10791
2022-05-20 14:00:00	1.05624	1.05656	1.05398	1.05566	14332
2022-05-20 15:00:00	1.05565	1.05639	1.0545	1.05584	8106
2022-05-20 16:00:00	1.05583	1.05601	1.05393	1.05487	6704
2022-05-20 17:00:00	1.05487	1.05544	1.05442	1.05447	7263
2022-05-20 18:00:00	1.05449	1.05485	1.05328	1.05456	5529
2022-05-20 19:00:00	1.05456	1.05595	1.05439	1.05571	3064
2022-05-20 20:00:00	1.05569	1.05673	1.05526	1.0561	3829
2022-05-22 21:00:00	1.05601	1.05628	1.05552	1.05586	380
2022-05-22 22:00:00	1.05587	1.05767	1.05576	1.05763	6694
2022-05-22 23:00:00	1.05762	1.05777	1.05689	1.05689	10302
2022-05-23 00:00:00	1.05688	1.05904	1.05679	1.05827	12282
2022-05-23 01:00:00	1.05825	1.05905	1.05794	1.05878	12518
2022-05-23 02:00:00	1.05878	1.05946	1.05861	1.05881	4543
2022-05-23 03:00:00	1.05883	1.05935	1.05846	1.05924	4194
2022-05-23 04:00:00	1.05925	1.05946	1.05896	1.05905	2385
2022-05-23 05:00:00	1.05907	1.06138	1.05884	1.0599	9934
2022-05-23 06:00:00	1.0599	1.06096	1.05947	1.06059	17424
2022-05-23 07:00:00	1.06059	1.06106	1.05924	1.06009	15044
2022-05-23 08:00:00	1.06005	1.06488	1.06005	1.06459	25966
2022-05-23 09:00:00	1.0646	1.06874	1.06449	1.06783	17849
2022-05-23 10:00:00	1.06784	1.06814	1.06632	1.06758	11871
2022-05-23 11:00:00	1.06757	1.0681	1.06542	1.06563	14001
2022-05-23 12:00:00	1.06566	1.06603	1.06473	1.06489	14181
2022-05-23 13:00:00	1.06489	1.06676	1.06443	1.06659	8107
2022-05-23 14:00:00	1.06657	1.06783	1.06542	1.06682	12574
2022-05-23 15:00:00	1.06683	1.06911	1.06646	1.06694	9718
2022-05-23 16:00:00	1.06693	1.06809	1.06655	1.0677	3810
2022-05-23 17:00:00	1.06772	1.0688	1.06716	1.06841	3248
2022-05-23 18:00:00	1.0684	1.06973	1.06797	1.06931	5635
2022-05-23 19:00:00	1.06931	1.06938	1.06835	1.06866	4735
2022-05-23 20:00:00	1.06867	1.06935	1.06852	1.0689	2405
2022-05-23 21:00:00	1.06882	1.06926	1.06828	1.06894	352
2022-05-23 22:00:00	1.06901	1.06937	1.06795	1.06834	2504
2022-05-23 23:00:00	1.06835	1.06894	1.06808	1.06837	1929
2022-05-24 00:00:00	1.06836	1.06859	1.06671	1.0669	2883
2022-05-24 01:00:00	1.06696	1.0675	1.06663	1.06673	4332
2022-05-24 02:00:00	1.06674	1.06675	1.06608	1.06641	3309
2022-05-24 03:00:00	1.06643	1.06736	1.06641	1.06725	1776
2022-05-24 04:00:00	1.06727	1.06733	1.06626	1.06632	2345
2022-05-24 05:00:00	1.06632	1.06687	1.06622	1.0668	3180
2022-05-24 06:00:00	1.06682	1.06933	1.06657	1.06839	6956
2022-05-24 07:00:00	1.06841	1.07359	1.06841	1.07309	22160
2022-05-24 08:00:00	1.07307	1.07336	1.07008	1.07046	10947
2022-05-24 09:00:00	1.07047	1.07192	1.07042	1.07111	5171
2022-05-24 10:00:00	1.07112	1.07197	1.07046	1.07094	5216
2022-05-24 11:00:00	1.07097	1.07278	1.0702	1.07145	8048
2022-05-24 12:00:00	1.07147	1.07229	1.06955	1.07074	8757
2022-05-24 13:00:00	1.07075	1.0739	1.07039	1.07341	12389
2022-05-24 14:00:00	1.07341	1.0747	1.07205	1.07266	13483
2022-05-24 15:00:00	1.07265	1.07437	1.07217	1.0743	10584
2022-05-24 16:00:00	1.07429	1.07485	1.07284	1.07308	9220
2022-05-24 17:00:00	1.07308	1.07371	1.07263	1.07318	8691
2022-05-24 18:00:00	1.07319	1.07327	1.0722	1.07245	6710
2022-05-24 19:00:00	1.07245	1.07385	1.07244	1073	7741
2022-05-24 20:00:00	1.07304	1.07383	1.07302	1.07329	1975
2022-05-24 21:00:00	1.07334	1.07361	1.07302	1.07322	2613
2022-05-24 22:00:00	1.07322	1.07388	1.07321	1.07378	2491
2022-05-24 23:00:00	1.07384	1.07386	1.07318	1.07326	1478
2022-05-25 00:00:00	1.07326	1.07365	1.07182	1.07229	4433
2022-05-25 01:00:00	1.07233	1.07234	1.07105	1.07119	6847
2022-05-25 02:00:00	1.07121	1.07201	1.0703	1.07063	6850
2022-05-25 03:00:00	1.07064	1.0715	1.07044	1.07136	3552
2022-05-25 04:00:00	1.07135	1.0714	1.0705	1.07053	2465
2022-05-25 05:00:00	1.07052	1.0709	1.07025	1.07082	2371
2022-05-25 06:00:00	1.07079	1.07079	1.06912	1.06975	6794
2022-05-25 07:00:00	1.06975	1.06997	1.06818	1.0684	11040
2022-05-25 08:00:00	1.06839	1.0686	1.06665	1067	11453
2022-05-25 09:00:00	1.06699	1.06792	1.06621	1.06754	6778
2022-05-25 10:00:00	1.06754	1.06775	1.06555	1.06656	7393
2022-05-25 11:00:00	1.06655	1.06736	1.0654	1.06597	11861
2022-05-25 12:00:00	1.06598	1.06651	1.06421	1.06508	12920
2022-05-25 13:00:00	1.06509	1.06722	1.06477	1.06673	7780
2022-05-25 14:00:00	1.06674	1.06871	1.06589	1.06781	7955
2022-05-25 15:00:00	1.0678	1.06824	1.06565	1.06568	5257
2022-05-25 16:00:00	1.06571	1.06639	1.06536	1.06546	2604
2022-05-25 17:00:00	1.06544	1.0675	1.06518	1.06713	3003
2022-05-25 18:00:00	1.06715	1.06899	1.06615	1.0688	30753
2022-05-25 19:00:00	1.06879	1.06944	1.0676	1.06769	8795
2022-05-25 20:00:00	1.0677	1.06809	1.06734	1.06763	5981
2022-05-25 21:00:00	1.06743	1.06849	1.06739	1.06801	2250
2022-05-25 22:00:00	1.06801	1.06958	1.06796	1.06899	7555
2022-05-25 23:00:00	1069	1.06947	1.06851	1.06869	3679
2022-05-26 00:00:00	1.06866	1.07063	1.06852	1.07041	9577
2022-05-26 01:00:00	1.07041	1.07057	1.06873	1.06879	8169
2022-05-26 02:00:00	1.0688	1.0702	1.0688	1.06972	8662
2022-05-26 03:00:00	1.06971	1.07023	1.06879	1.07013	7160
2022-05-26 04:00:00	1.07014	1.07025	1.06803	1.06823	5607
2022-05-26 05:00:00	1.06822	1.06837	1.06669	1.06674	5710
2022-05-26 06:00:00	1.06675	1.06795	1.06624	1.06754	6368
2022-05-26 07:00:00	1.06755	1.06956	1.06753	1.06888	9846
2022-05-26 08:00:00	1.06887	1.06906	1.06775	1.06823	6866
2022-05-26 09:00:00	1.06822	1.07161	1.0679	1.07132	6855
2022-05-26 10:00:00	1.07133	1.07229	1.07075	1.07194	9570
2022-05-26 11:00:00	1.07192	1.07194	1.07021	1.07055	8603
2022-05-26 12:00:00	1.07053	1.07085	1.0689	1.06983	10200
2022-05-26 13:00:00	1.06985	1.07198	1.06923	1.07164	7805
2022-05-26 14:00:00	1.07165	1.07221	1.07045	1.07172	9160
2022-05-26 15:00:00	1.07172	1.07292	1.07124	1.07254	7211
2022-05-26 16:00:00	1.07258	1.07293	1.07051	1.07056	4343
2022-05-26 17:00:00	1.07058	1.07162	1.07019	1.07141	3543
2022-05-26 18:00:00	1.07143	1.07219	1.0713	1.07199	3367
2022-05-26 19:00:00	1.07199	1.07257	1.07175	1.07237	3519
2022-05-26 20:00:00	1.07238	1.07315	1.07233	1.0724	2063
2022-05-26 21:00:00	1.0724	1.07309	1.07209	1.07306	3695
2022-05-26 22:00:00	1.07304	1.07316	1.07272	1.07293	2553
2022-05-26 23:00:00	1.07297	1.07344	1.0729	1.07324	4241
2022-05-27 00:00:00	1.07324	1.07401	1.07305	1.07398	6085
2022-05-27 01:00:00	1.07397	1.0765	1.07341	1.07624	12741
2022-05-27 02:00:00	1.07625	1.07625	1.07511	1.07555	8081
2022-05-27 03:00:00	1.07556	1.07624	1.07538	1.07556	4668
2022-05-27 04:00:00	1.07555	1.07582	1.07533	1.07547	2727
2022-05-27 05:00:00	1.07545	1.07568	1.07438	1.07502	4447
2022-05-27 06:00:00	1.07501	1.07553	1.0738	1.07396	6881
2022-05-27 07:00:00	1.07397	1.07549	1.07332	1.07357	7982
2022-05-27 08:00:00	1.07355	1.07433	1.07256	1.07302	7465
2022-05-27 09:00:00	1.07301	1.07313	1.07154	1.07156	5596
2022-05-27 10:00:00	1.07157	1.07173	1.06968	1.06985	5937
2022-05-27 11:00:00	1.06985	1.07186	1.06977	1.0707	6980
2022-05-27 12:00:00	1.07074	1.07279	1.07073	1.07153	6815
2022-05-27 13:00:00	1.07155	1.07493	1.07095	1.07446	5860
2022-05-27 14:00:00	1.07447	1.07503	1071	1.0711	8413
2022-05-27 15:00:00	1.0711	1.07142	1.07011	1.07074	6567
2022-05-27 16:00:00	1.07076	1.07165	1.07038	1.07103	3698
2022-05-27 17:00:00	1.07102	1.07209	1.07061	1.07173	5120
2022-05-27 18:00:00	1.07175	1.07321	1.07162	1.07318	6851
2022-05-27 19:00:00	1.07319	1.0734	1.07281	1.07335	5432
2022-05-27 20:00:00	1.07333	1.07351	1.07276	1.07317	2948
2022-05-29 21:00:00	1.07347	1.07355	1.07269	1.07328	1099
2022-05-29 22:00:00	1.07326	1.0736	1.07288	1.07301	3638
2022-05-29 23:00:00	1.07302	1.07314	1.07261	1.0729	3450
2022-05-30 00:00:00	1.07291	1.07346	1.07282	1.07298	4084
2022-05-30 01:00:00	1073	1.07528	1.07267	1.07483	5191
2022-05-30 02:00:00	1.07482	1.07558	1.07427	1.07452	3757
2022-05-30 03:00:00	1.07448	1.07473	1.07374	1.07445	3725
2022-05-30 04:00:00	1.07444	1.07599	1.07422	1.07574	4479
2022-05-30 05:00:00	1.07572	1.07606	1.0751	1.0753	6564
2022-05-30 06:00:00	1.0753	1.07699	1.0751	1.07539	9321
2022-05-30 07:00:00	1.07539	1.07598	1.07404	1.07426	7694
2022-05-30 08:00:00	1.07427	1.07637	1.07401	1.0763	9371
2022-05-30 09:00:00	1.07631	1.07702	1.07609	1.07656	8530
2022-05-30 10:00:00	1.07655	1.07751	1.07569	1.07748	6718
2022-05-30 11:00:00	1.07749	1.07804	1.07643	1.07666	6457
2022-05-30 12:00:00	1.07667	1.07708	1.07483	1.07525	7909
2022-05-30 13:00:00	1.07525	1.07716	1.07505	1.07711	5969
2022-05-30 14:00:00	1.07711	1.07822	1.07659	1.0781	7733
2022-05-30 15:00:00	1.07811	1.07837	1.07751	1.07796	5357
2022-05-30 16:00:00	1.07796	1.07863	1.07779	1.0786	7379
2022-05-30 17:00:00	1.07861	1.07867	1.07822	1.07839	3504
2022-05-30 18:00:00	1.07839	1.07847	1.07804	1.07832	3260
2022-05-30 19:00:00	1.0783	1.07836	1.07771	1.0779	4907
2022-05-30 20:00:00	1.0779	1.07825	1.07764	1.07764	3621
2022-05-30 21:00:00	1.0776	1.07784	1.07758	1.07767	2793
2022-05-30 22:00:00	1.07771	1.0779	1.07736	1.07749	3290
2022-05-30 23:00:00	1.07746	1.07754	1.07702	1.07729	3557
2022-05-31 00:00:00	1.07731	1.07744	1.07434	1.07454	11536
2022-05-31 01:00:00	1.07453	1.07514	1.07342	1.07504	14463
2022-05-31 02:00:00	1.07504	1.07575	1.0742	1.07511	6753
2022-05-31 03:00:00	1.07512	1.07535	1.07443	1.07511	4210
2022-05-31 04:00:00	1.07511	1.07526	1.07436	1.07446	2861
2022-05-31 05:00:00	1.07446	1.07551	1.07446	1.07455	3540
2022-05-31 06:00:00	1.07457	1.07514	1.07275	1.07337	9461
2022-05-31 07:00:00	1.07335	1.07481	1.07335	1.07366	13953
2022-05-31 08:00:00	1.07365	1.07459	1.0725	1.07272	14064
2022-05-31 09:00:00	1.07274	1.07385	1.07211	1.07238	16164
2022-05-31 10:00:00	1.07236	1.07344	1.06887	1.06961	17329
2022-05-31 11:00:00	1.0696	1.07135	1.06894	1.07132	20271
2022-05-31 12:00:00	1.07131	1.07157	1.06799	1.06816	18485
2022-05-31 13:00:00	1.06817	1.07188	1.06789	1.07125	13806
2022-05-31 14:00:00	1.07126	1.07359	1.06889	1.07116	18030
2022-05-31 15:00:00	1.07119	1.07371	1.07101	1.07312	17855
2022-05-31 16:00:00	1.07314	1.0738	1.07234	1.07312	9159
2022-05-31 17:00:00	1.0731	1.07389	1.07255	1.07378	5158
2022-05-31 18:00:00	1.07377	1.07466	1.07303	1.07366	6974
2022-05-31 19:00:00	1.07366	1.07403	1.07319	1.07352	6584
2022-05-31 20:00:00	1.07351	1.07365	1.07296	1.0732	2292
2022-05-31 21:00:00	1.0732	1.07338	1.0731	1.07315	4565
2022-05-31 22:00:00	1.07316	1.07375	1.07313	1.07366	3502
2022-05-31 23:00:00	1.07365	1.07375	1.07323	1.0734	1926
2022-06-01 00:00:00	1.0734	1.07345	1.07265	1.07278	4512
2022-06-01 01:00:00	1.07278	1.07284	1.07084	1.07171	8201
2022-06-01 02:00:00	1.0717	1.07211	1.07077	1.07165	6694
2022-06-01 03:00:00	1.07166	1.07218	1.07136	1.07181	3362
2022-06-01 04:00:00	1.07182	1.07187	1.07072	1.07142	4725
2022-06-01 05:00:00	1.0714	1.07154	1.07051	1.07098	4515
2022-06-01 06:00:00	1.07097	1.07257	1.07058	1.07237	7429
2022-06-01 07:00:00	1.07238	1.07372	1.07112	1.0715	13688
2022-06-01 08:00:00	1.07145	1.07393	1.07137	1.07177	15266
2022-06-01 09:00:00	1.07178	1.07268	1.07137	1.07266	9993
2022-06-01 10:00:00	1.07266	1.07284	1.07135	1.07173	8252
2022-06-01 11:00:00	1.07172	1.07202	1.07019	1.07083	11217
2022-06-01 12:00:00	1.07082	1.07275	1.07052	1.0726	12134
2022-06-01 13:00:00	1.07261	1.07305	1.07024	1.07081	11810
2022-06-01 14:00:00	1.07085	1.07085	1.06514	1.06672	16671
2022-06-01 15:00:00	1.06674	1.06677	1.06271	1.06446	8825
2022-06-01 16:00:00	1.06447	1.06478	1.06381	1.06391	5952
2022-06-01 17:00:00	1.0639	1.06538	1.06369	1.06515	4384
2022-06-01 18:00:00	1.06517	1.0659	1.06448	1.06551	4221
2022-06-01 19:00:00	1.06549	1.06604	1.06496	1.06502	3185
2022-06-01 20:00:00	1065	1.06546	1.06459	1.06466	2513
2022-06-01 21:00:00	1.06467	1.06536	1.06444	1.06519	942
2022-06-01 22:00:00	1.06518	1.0654	1.0648	1.0652	2852
2022-06-01 23:00:00	1.06518	1.06541	1065	1.06509	2720
2022-06-02 00:00:00	1.06509	1.06595	1.06456	1.06564	7102
2022-06-02 01:00:00	1.06564	1.06576	1.06463	1.06545	5767
2022-06-02 02:00:00	1.06544	1.06582	1.06447	1.06495	6345
2022-06-02 03:00:00	1.06496	1.0655	1.06484	1.06541	5261
2022-06-02 04:00:00	1.06542	1.06576	1.06529	1.06573	3045
2022-06-02 05:00:00	1.06573	1.06654	1.06495	1.06579	4698
2022-06-02 06:00:00	1.06578	1.06788	1.06576	1.06764	7622
2022-06-02 07:00:00	1.06762	1.0692	1.06745	1.06856	8789
2022-06-02 08:00:00	1.06857	1.06948	1.06842	1.06842	5018
2022-06-02 09:00:00	1.06838	1.06908	1.06806	1.06882	4110
2022-06-02 10:00:00	1.06883	1.06972	1.06825	1.06954	5362
2022-06-02 11:00:00	1.06955	1.06966	1.06842	1.06941	5049
2022-06-02 12:00:00	1.06939	1.0716	1.06846	1.0703	11343
2022-06-02 13:00:00	1.07028	1.07114	1.06923	1.06994	11703
2022-06-02 14:00:00	1.0699	1.07184	1.06953	1.07157	9714
2022-06-02 15:00:00	1.07156	1.07383	1.07126	1.07322	6571
2022-06-02 16:00:00	1.07321	1.07447	1.07305	1.07443	3321
2022-06-02 17:00:00	1.07441	1.07481	1.0738	1.07454	3744
2022-06-02 18:00:00	1.07453	1.07487	1.07382	1.07391	2776
2022-06-02 19:00:00	1.07392	1.07487	1.07377	1.07485	3162
2022-06-02 20:00:00	1.07487	1075	1.07451	1.07451	1053
2022-06-02 21:00:00	1.07447	1.07484	1.07438	1.07471	485
2022-06-02 22:00:00	1.07468	1.0751	1.07468	1.07481	1947
2022-06-02 23:00:00	1.07481	1.07505	1.07471	1075	1097
2022-06-03 00:00:00	1075	1.07628	1.07466	1.0759	2412
2022-06-03 01:00:00	1.07592	1.07619	1.07533	1.07599	2911
2022-06-03 02:00:00	1.07599	1.07643	1.07559	1.07574	1847
2022-06-03 03:00:00	1.07575	1.07596	1.07519	1.0753	2292
2022-06-03 04:00:00	1.07531	1.0754	1.0746	1.0746	1375
2022-06-03 05:00:00	1.07461	1.07555	1.0745	1.07541	1391
2022-06-03 06:00:00	1.07541	1.07583	1.07504	1.07531	2562
2022-06-03 07:00:00	1.0753	1.07606	1.07448	1.07561	4082
2022-06-03 08:00:00	1.07562	1.07624	1.07494	1.07532	6278
2022-06-03 09:00:00	1.07534	1.07556	1.07432	1.07466	5231
2022-06-03 10:00:00	1.07471	1.07474	1.07334	1.07405	6052
2022-06-03 11:00:00	1.07405	1.07462	1.07258	1.07287	6360
2022-06-03 12:00:00	1.07286	1.07395	1.0704	1.07161	20151
2022-06-03 13:00:00	1.07162	1.07519	1.07144	1.07441	14135
2022-06-03 14:00:00	1.07448	1.07485	1.07153	1.0723	13135
2022-06-03 15:00:00	1.07231	1.07232	1.07104	1.0711	4157
2022-06-03 16:00:00	1.07111	1.07289	1.07108	1.07288	2941
2022-06-03 17:00:00	1.07279	1.07293	1.07154	1.07187	2297
2022-06-03 18:00:00	1.07188	1.07219	1.0716	1.07209	1567
2022-06-03 19:00:00	1.07209	1.0722	1.07173	1.07203	1448
2022-06-03 20:00:00	1.07202	1.07216	1.07146	1.07169	2400
2022-06-05 21:00:00	1.07167	1.07214	1.07117	1.07196	437
2022-06-05 22:00:00	1.07184	1.07258	1.07142	1.07245	3701
2022-06-05 23:00:00	1.07245	1.07298	1.07212	1.07252	4229
2022-06-06 00:00:00	1.07254	1.07316	1.07156	1.07161	7569
2022-06-06 01:00:00	1.07162	1.0722	1.07099	1.07149	10010
2022-06-06 02:00:00	1.07149	1.07256	1.07142	1.07223	4978
2022-06-06 03:00:00	1.07224	1.07257	1.07212	1.07251	3193
2022-06-06 04:00:00	1.07251	1.07278	1.0721	1.07273	3301
2022-06-06 05:00:00	1.07275	1.07361	1.07267	1.07268	3315
2022-06-06 06:00:00	1.07269	1.07335	1.0718	1.07236	5569
2022-06-06 07:00:00	1.07238	1.07424	1.07234	1.07419	8957
2022-06-06 08:00:00	1.07419	1.07518	1.07385	1.07508	7350
2022-06-06 09:00:00	1.07507	1.07511	1.07388	1.07448	4412
2022-06-06 10:00:00	1.07449	1.07461	1.0724	1.07278	4181
2022-06-06 11:00:00	1.07276	1.07319	1.07239	1.07306	3493
2022-06-06 12:00:00	1.07308	1.07309	1.07154	1.07225	4364
2022-06-06 13:00:00	1.07226	1.07232	1.07053	1.07141	4794
2022-06-06 14:00:00	1.0714	1.07239	1.06919	1.07176	7673
2022-06-06 15:00:00	1.07177	1.07212	1.06838	1.06973	7209
2022-06-06 16:00:00	1.06973	1.07021	1.06896	1.07006	4229
2022-06-06 17:00:00	1.07006	1.0703	1.06944	1.06985	3467
2022-06-06 18:00:00	1.06985	1.06998	1.0688	1.06905	5299
2022-06-06 19:00:00	1.06905	1.0697	1.0685	1.06953	4285
2022-06-06 20:00:00	1.06956	1.06972	1.06916	1.06955	1900
2022-06-06 21:00:00	1.06954	1.06975	1.06927	1.06947	2330
2022-06-06 22:00:00	1.06945	1.06949	1.0691	1.06942	2857
2022-06-06 23:00:00	1.06944	1.06951	1.06848	1.06896	6652
2022-06-07 00:00:00	1.06896	1.06918	1068	1.06841	11015
2022-06-07 01:00:00	1.06842	1.06848	1.06727	1068	13941
2022-06-07 02:00:00	1.06802	1.06809	1.06705	1.0676	6606
2022-06-07 03:00:00	1.06761	1.06846	1.06732	1.06815	5535
2022-06-07 04:00:00	1.06815	1.06998	1.0678	1.06826	14595
2022-06-07 05:00:00	1.06828	1.06831	1.06709	1.06742	18026
2022-06-07 06:00:00	1.06745	1.06926	1.06651	1.06855	12637
2022-06-07 07:00:00	1.06855	1.06945	1.06819	1.06873	8252
2022-06-07 08:00:00	1.06875	1.07049	1.06785	1.06793	7031
2022-06-07 09:00:00	1.06794	1.06915	1.06739	1.06775	6405
2022-06-07 10:00:00	1.06775	1.06827	1.06711	1.06736	6033
2022-06-07 11:00:00	1.06736	1.06754	1.0658	1.06619	7088
2022-06-07 12:00:00	1.06617	1.06728	1.06539	1.06555	8344
2022-06-07 13:00:00	1.06554	1.06976	1.06519	1.06879	9155
2022-06-07 14:00:00	1.0688	1.07098	1.06745	1.07048	10103
2022-06-07 15:00:00	1.0705	1.07077	1.06902	1.06965	5509
2022-06-07 16:00:00	1.06967	1.07082	1.06956	1.0701	3311
2022-06-07 17:00:00	1.07012	1.07013	1.06934	1.06946	2425
2022-06-07 18:00:00	1.06946	1.07142	1.0693	1.07073	2794
2022-06-07 19:00:00	1.07072	1.07122	1.07053	1.07079	2638
2022-06-07 20:00:00	1.07079	1.07084	1.07039	1.07043	1036
2022-06-07 21:00:00	1.07043	1.07071	1.07043	1.07054	394
2022-06-07 22:00:00	1.07054	1.07076	1.07024	1.07047	3313
2022-06-07 23:00:00	1.07051	1.07067	1.06963	1.06972	4994
2022-06-08 00:00:00	1.06975	1.07011	1.06912	1.06933	4855
2022-06-08 01:00:00	1.0693	1.06934	1.06843	1.06866	9734
2022-06-08 02:00:00	1.06866	1.06956	1.06858	1.06905	7184
2022-06-08 03:00:00	1.06905	1.06917	1.0681	1.06836	5677
2022-06-08 04:00:00	1.06835	1.06844	1.06784	1.06786	2994
2022-06-08 05:00:00	1.06786	1.06909	1.06776	1.06881	4100
2022-06-08 06:00:00	1.06877	1.06947	1.06854	1.06878	7793
2022-06-08 07:00:00	1.06877	1.06948	1.06817	1.06887	8211
2022-06-08 08:00:00	1.06889	1.06947	1.06756	1.0679	11258
2022-06-08 09:00:00	1.06791	1.07088	1.06713	1.0704	10580
2022-06-08 10:00:00	1.0704	1.07287	1.07035	1.07193	12098
2022-06-08 11:00:00	1.07195	1.07397	1.07153	1.07356	8438
2022-06-08 12:00:00	1.07355	1.07407	1.07188	1.07316	9100
2022-06-08 13:00:00	1.07316	1.07484	1.07247	1.07408	8583
2022-06-08 14:00:00	1.07409	1.07453	1.07284	1.07313	7697
2022-06-08 15:00:00	1.07315	1.0742	1.0728	1.07416	4982
2022-06-08 16:00:00	1.07415	1.07433	1.07251	1.07285	5470
2022-06-08 17:00:00	1.07284	1.07284	1.07168	1.07191	3059
2022-06-08 18:00:00	1.07191	1.07201	1.07126	1.07157	2400
2022-06-08 19:00:00	1.07158	1.07195	1.07128	1.07136	2088
2022-06-08 20:00:00	1.07141	1.07169	1.07126	1.07157	1853
2022-06-08 21:00:00	1.07158	1.07177	1.07146	1.07164	1219
2022-06-08 22:00:00	1.07167	1.07207	1.07154	1.07189	7627
2022-06-08 23:00:00	1.07189	1.07205	1.07156	1.07168	2960
2022-06-09 00:00:00	1.07168	1.0718	1.07094	1.07121	5668
2022-06-09 01:00:00	1.07122	1.07148	1.07095	1.07114	5908
2022-06-09 02:00:00	1.07112	1.07235	1.07106	1.07228	5154
2022-06-09 03:00:00	1.07225	1.07337	1072	1.07294	2818
2022-06-09 04:00:00	1.07294	1.07325	1.07261	1.07266	2176
2022-06-09 05:00:00	1.07264	1.07293	1.07186	1.07187	5007
2022-06-09 06:00:00	1.0719	1.07199	1.07089	1.07146	5234
2022-06-09 07:00:00	1.07146	1.07166	1.07018	1.07018	6273
2022-06-09 08:00:00	1.07019	1.07175	1.06938	1.07152	9412
2022-06-09 09:00:00	1.07153	1.07193	1.07113	1.07161	7156
2022-06-09 10:00:00	1.0716	1.07243	1.07131	1.07188	9161
2022-06-09 11:00:00	1.07187	1.0749	1.06883	1.07282	34798
2022-06-09 12:00:00	1.07285	1.07738	1.07237	1.07343	52979
2022-06-09 13:00:00	1.07343	1.0743	1.06809	1.06871	35445
2022-06-09 14:00:00	1.06869	1.06871	1.0645	1.06491	16448
2022-06-09 15:00:00	1.0649	1.06662	1.06455	1.06575	11151
2022-06-09 16:00:00	1.06573	1.06599	1.06455	1.06524	4904
2022-06-09 17:00:00	1.06526	1.06549	1.06181	1.06388	4223
2022-06-09 18:00:00	1.06387	1.06436	1.0626	1.06263	3484
2022-06-09 19:00:00	1.06266	1.06269	1.06123	1.06131	3587
2022-06-09 20:00:00	1.06128	1.06198	1.0611	1.06146	2073
2022-06-09 21:00:00	1.06146	1.06187	1.06129	1.06178	3351
2022-06-09 22:00:00	1.06178	1.06199	1.0611	1.06155	5079
2022-06-09 23:00:00	1.06154	1.06218	1.0613	1.0619	3345
2022-06-10 00:00:00	1.0619	1.06242	1.06113	1.06237	5033
2022-06-10 01:00:00	1.06237	1.06254	1.06173	1.06248	5388
2022-06-10 02:00:00	1.06247	1.06299	1.06234	1.06296	4488
2022-06-10 03:00:00	1.06297	1.06353	1.06284	1.06341	3184
2022-06-10 04:00:00	1.0634	1.06353	1.06297	1.06307	1412
2022-06-10 05:00:00	1.06308	1.06422	1.06306	1.06335	3453
2022-06-10 06:00:00	1.06336	1.06349	1.06189	1.06297	4140
2022-06-10 07:00:00	1.06297	1.06416	1.06199	1.06254	11846
2022-06-10 08:00:00	1.06255	1.06332	1.06074	1.06145	8401
2022-06-10 09:00:00	1.06144	1.06176	1059	1.05969	8441
2022-06-10 10:00:00	1.05972	1.06063	1.05859	1.05923	7042
2022-06-10 11:00:00	1.0593	1.05952	1.05711	1.0574	8973
2022-06-10 12:00:00	1.05739	1.0586	1.05211	1.05225	27196
2022-06-10 13:00:00	1.05224	1.05443	1.0522	1.05266	15661
2022-06-10 14:00:00	1.05266	1.05353	1.05057	1.05305	15853
2022-06-10 15:00:00	1.05304	1.05342	1.05112	1.05199	12743
2022-06-10 16:00:00	1052	1.05254	1.05116	1.05163	8479
2022-06-10 17:00:00	1.05164	1.05333	1.0515	1.0519	11953
2022-06-10 18:00:00	1.0519	1.0523	1.05133	1.0522	9590
2022-06-10 19:00:00	1.05221	1.05266	1.05181	1.05186	5629
2022-06-10 20:00:00	1.05186	1.05222	1.0513	1.05137	3180
2022-06-12 21:00:00	1.0513	1.05162	1.05128	1.05144	177
2022-06-12 22:00:00	1.05144	1.05201	1.05021	1.05081	13921
2022-06-12 23:00:00	1.05081	1.05135	1.04861	1.04907	15110
2022-06-13 00:00:00	1.04907	1.04955	1.04805	1.04848	13832
2022-06-13 01:00:00	1.04847	1.04865	1.04756	1.04811	12382
2022-06-13 02:00:00	1.04812	1.04928	1.04812	1.04886	8631
2022-06-13 03:00:00	1.04885	1.0494	1.04881	1.04916	4343
2022-06-13 04:00:00	1.04916	1.04916	1.04811	1.04908	4973
2022-06-13 05:00:00	1.04906	1.04954	1.04859	1.04864	7381
2022-06-13 06:00:00	1.04861	1.04889	1047	1047	10413
2022-06-13 07:00:00	1.04699	1.04895	1.04608	1.04657	11495
2022-06-13 08:00:00	1.04656	1.04856	1.04561	1.04751	12877
2022-06-13 09:00:00	1.0475	1.04815	1.0461	1.04619	11469
2022-06-13 10:00:00	1.04618	1.04716	1.04581	1.04685	9712
2022-06-13 11:00:00	1.04686	1.04687	1.0445	1.04457	13133
2022-06-13 12:00:00	1.04458	1.04742	1.04457	1.04652	21681
2022-06-13 13:00:00	1.04655	1.04685	1.04352	1.04374	18814
2022-06-13 14:00:00	1.04374	1.04444	1.04181	1.04211	13765
2022-06-13 15:00:00	1.04213	1.04351	1.04211	1.04344	9067
2022-06-13 16:00:00	1.04345	1.04559	1.04336	1.04371	8769
2022-06-13 17:00:00	1.04371	1.04581	1.04339	1.04485	7558
2022-06-13 18:00:00	1.04486	1.04512	1.0422	1.04248	10588
2022-06-13 19:00:00	1.04248	1.04497	1.04034	1.04104	40697
2022-06-13 20:00:00	1.04106	1.04122	1.03997	1.04058	5908
2022-06-13 21:00:00	1.04068	1.04092	1.04057	1.04084	292
2022-06-13 22:00:00	1.04086	1.04147	1.04023	1.0407	6794
2022-06-13 23:00:00	1.0407	1.04162	1.04064	1.04148	3090
2022-06-14 00:00:00	1.04148	1.04242	1.04037	1.04226	8954
2022-06-14 01:00:00	1.04225	1.04246	1.0397	1.04015	9740
2022-06-14 02:00:00	1.0401	1.04198	1.04	1.04174	6759
2022-06-14 03:00:00	1.04173	1.04323	1.0415	1.04271	8821
2022-06-14 04:00:00	1.0427	1.0436	1.04231	1.04244	8607
2022-06-14 05:00:00	1.04243	1.04391	1.04178	1.04384	7273
2022-06-14 06:00:00	1.04384	1.04502	1.04265	1.04388	11562
2022-06-14 07:00:00	1.04389	1.04748	1.04374	1.04676	13720
2022-06-14 08:00:00	1.04675	1.04846	1.04629	1.04655	17370
2022-06-14 09:00:00	1.04654	1.04664	1.04329	1.04357	17070
2022-06-14 10:00:00	1.04357	1.04415	1.04253	1.0435	14303
2022-06-14 11:00:00	1.04351	1.04556	1.04324	1.0442	15160
2022-06-14 12:00:00	1.04419	1.04682	1.04419	1.04488	19154
2022-06-14 13:00:00	1.04487	1.04597	1.04334	1.04386	19689
2022-06-14 14:00:00	1.04386	1.04453	1.04081	1041	14442
2022-06-14 15:00:00	1.04099	1.04256	1.04067	1.04167	12442
2022-06-14 16:00:00	1.04169	1.04243	1.0412	1.04202	8698
2022-06-14 17:00:00	1.04201	1.04433	1.04181	1.04186	6601
2022-06-14 18:00:00	1.04187	1.0431	1.04108	1.04113	7979
2022-06-14 19:00:00	1.04112	1.04153	1.03997	1.04108	11528
2022-06-14 20:00:00	1.04107	1.04178	1.04102	1.04144	1366
2022-06-14 21:00:00	1.04144	1.04197	1.04131	1.04155	1364
2022-06-14 22:00:00	1.04155	1.04273	1.04136	1.0427	3454
2022-06-14 23:00:00	1.04275	1.04382	1.04245	1.04367	8820
2022-06-15 00:00:00	1.04368	1.04404	1.04263	1.04349	12526
2022-06-15 01:00:00	1.04349	1.04517	1.04319	1.04409	8264
2022-06-15 02:00:00	1.04409	1.04466	1.04392	1.0445	6689
2022-06-15 03:00:00	1.04451	1.04472	1.0438	1.04426	5053
2022-06-15 04:00:00	1.04425	1.04431	1.0424	1.04266	4584
2022-06-15 05:00:00	1.04266	1.04751	1.04242	1.04638	18866
2022-06-15 06:00:00	1.04638	1.04942	1.04523	1.04732	33613
2022-06-15 07:00:00	1.04733	1.0493	1.04461	1.04663	28351
2022-06-15 08:00:00	1.04661	1.05077	1.04654	1.04937	29053
2022-06-15 09:00:00	1.04937	1.04976	1.04772	1.04945	18887
2022-06-15 10:00:00	1.04942	1.04943	1.04717	1.0482	17307
2022-06-15 11:00:00	1.0482	1.04892	1.04553	1.04582	17369
2022-06-15 12:00:00	1.04582	1.04608	1.0404	1.04145	38528
2022-06-15 13:00:00	1.04145	1.04287	1.04029	1.0426	11989
2022-06-15 14:00:00	1.04262	1.0432	1.04089	1.04112	9249
2022-06-15 15:00:00	1.04112	1.04117	1.03849	1.03856	9550
2022-06-15 16:00:00	1.03855	1.03927	1.03799	1.03816	5584
2022-06-15 17:00:00	1.03816	1.04085	1.03812	1.04018	6758
2022-06-15 18:00:00	1.04019	1.04546	1.0359	1.04222	37796
2022-06-15 19:00:00	1.04224	1.04647	1.04144	1.04541	48241
2022-06-15 20:00:00	1.04539	1.04696	1.04415	1.04416	9360
2022-06-15 21:00:00	1.04416	1.04465	1.04373	1.0446	403
2022-06-15 22:00:00	1.04457	1.04534	1.04423	1.04441	6623
2022-06-15 23:00:00	1.04441	1.04587	1.04423	1.04573	5219
2022-06-16 00:00:00	1.04573	1.04692	1.04518	1.04526	12350
2022-06-16 01:00:00	1.04526	1.04588	1.04308	1.04343	13123
2022-06-16 02:00:00	1.04342	1.04459	1.04335	1.04452	5876
2022-06-16 03:00:00	1.04453	1.04515	1.04405	1.04429	6283
2022-06-16 04:00:00	1.04429	1.0444	1.04357	1.04384	4401
2022-06-16 05:00:00	1.04384	1.04439	1.04246	1.04292	6774
2022-06-16 06:00:00	1.04293	1.04355	1.04082	1.04088	13749
2022-06-16 07:00:00	1.04085	1.04167	1.03808	1.03966	19350
2022-06-16 08:00:00	1.03965	1.04127	1.03838	1.04093	18947
2022-06-16 09:00:00	1.04092	1.04242	1.03947	1.04084	21738
2022-06-16 10:00:00	1.04083	1.0412	1.03914	1.04053	17769
2022-06-16 11:00:00	1.04052	1.0426	1.03834	1.0385	32631
2022-06-16 12:00:00	1.03848	1.04366	1.0384	1.04282	24789
2022-06-16 13:00:00	1.04282	1.04734	1.04279	1.04496	20019
2022-06-16 14:00:00	1.04496	1.04996	1.04352	1.04945	20448
2022-06-16 15:00:00	1.04944	1.05292	1.04911	1.05291	14029
2022-06-16 16:00:00	1.05291	1.05729	1.05222	1056	27550
2022-06-16 17:00:00	1.05601	1.06014	1.0554	1.05848	22151
2022-06-16 18:00:00	1.05848	1.05848	1.05654	1.0575	7035
2022-06-16 19:00:00	1.05749	1.05827	1.05548	1.05606	6350
2022-06-16 20:00:00	1.05607	1.0561	1.0545	1.05463	4145
2022-06-16 21:00:00	1.05455	1.05538	1.05455	1.05533	365
2022-06-16 22:00:00	1.05533	1.05605	1.05449	1.05479	6860
2022-06-16 23:00:00	1.0548	1.05512	1.05437	1.05464	5168
2022-06-17 00:00:00	1.05465	1.0552	1.05353	1.05408	14239
2022-06-17 01:00:00	1.05409	1.05427	1.05281	1.05339	11978
2022-06-17 02:00:00	1.05338	1.05394	1.05221	1.05268	15930
2022-06-17 03:00:00	1.05265	1.05371	1.05174	1.05203	14407
2022-06-17 04:00:00	1.05206	1053	1.05202	1.05276	8670
2022-06-17 05:00:00	1.05275	1.05286	1.05181	1.05181	12108
2022-06-17 06:00:00	1.05182	1.05203	1.04995	1.05002	14823
2022-06-17 07:00:00	1.05001	1.05306	1.04939	1.05176	16489
2022-06-17 08:00:00	1.05173	1.05282	1.04999	1.05198	22081
2022-06-17 09:00:00	1.05199	1.05357	1.05105	1.05177	23639
2022-06-17 10:00:00	1.05177	1.05265	1.0512	1052	11824
2022-06-17 11:00:00	1.05203	1.05233	1.04834	1.04857	14194
2022-06-17 12:00:00	1.04855	1.0508	1.04755	1.04947	11711
2022-06-17 13:00:00	1.04946	1.04999	1.04739	1.04844	10486
2022-06-17 14:00:00	1.04845	1.04871	1.04444	1.04581	19638
2022-06-17 15:00:00	1.04582	1.04775	1.04548	1.04733	14129
2022-06-17 16:00:00	1.04733	1.04763	1.04647	1.04675	11390
2022-06-17 17:00:00	1.04676	1.04997	1.04665	1.04904	8983
2022-06-17 18:00:00	1.04906	1.05027	1.04901	1.0491	6137
2022-06-17 19:00:00	1.04913	1.04976	1.04878	1.04946	5747
2022-06-17 20:00:00	1.04944	1.05	1.04892	1.04934	3807
2022-06-19 21:00:00	1.04731	1.04925	1.04729	1.04877	494
2022-06-19 22:00:00	1.0488	1.04914	1.04746	1.04904	3171
2022-06-19 23:00:00	1.04905	1.04926	1.04845	1.04898	2754
2022-06-20 00:00:00	1.04897	1.04967	1.04848	1.04932	5305
2022-06-20 01:00:00	1.04933	1.05	1.04909	1.04931	6170
2022-06-20 02:00:00	1.04931	1.05236	1.04924	1.05182	7031
2022-06-20 03:00:00	1.05182	1.05287	1.05182	1.05283	8800
2022-06-20 04:00:00	1.05281	1.05303	1.05224	1.05228	5849
2022-06-20 05:00:00	1.05228	1.05315	1.05219	1.0529	7158
2022-06-20 06:00:00	1.0529	1.05427	1.05236	1.05245	12000
2022-06-20 07:00:00	1.05245	1.05298	1.05101	1.05167	11331
2022-06-20 08:00:00	1.05171	1.05273	1.05119	1.05244	10947
2022-06-20 09:00:00	1.05244	1.05458	1.05241	1.05326	12437
2022-06-20 10:00:00	1.05327	1.05377	1.05242	1.05317	9167
2022-06-20 11:00:00	1.05319	1.05354	1052	1.05259	9690
2022-06-20 12:00:00	1.05258	1.05276	1.05148	1.05171	6908
2022-06-20 13:00:00	1.05172	1.05247	1.05072	1.05184	9249
2022-06-20 14:00:00	1.05183	1.05416	1.05182	1.05349	7033
2022-06-20 15:00:00	1.05348	1.0538	1.05235	1.05377	6968
2022-06-20 16:00:00	1.05379	1.05381	1.05192	1.05233	5391
2022-06-20 17:00:00	1.05232	1.05233	1.05058	1.05059	2141
2022-06-20 18:00:00	1.0506	1.05076	1.04985	1.0499	4877
2022-06-20 19:00:00	1.04992	1.05119	1.04979	1.05111	5365
2022-06-20 20:00:00	1.05114	1.05144	1.05084	1.05084	1310
2022-06-20 21:00:00	1.05085	1.05114	1.05065	1.05114	349
2022-06-20 22:00:00	1.05114	1.05187	1.05087	1.05182	1397
2022-06-20 23:00:00	1.05182	1.0521	1.05135	1.05172	1891
2022-06-21 00:00:00	1.05173	1.0533	1.05164	1.05325	6137
2022-06-21 01:00:00	1.05324	1.05424	1.05301	1.0534	5099
2022-06-21 02:00:00	1.0534	1.05407	1.05313	1.05333	2351
2022-06-21 03:00:00	1.05337	1.05338	1.05227	1.0532	3621
2022-06-21 04:00:00	1.0532	1.05328	1.05206	1.05222	1968
2022-06-21 05:00:00	1.05222	1.05255	1.05131	1.05184	2481
2022-06-21 06:00:00	1.05183	1.05326	1.05145	1.05323	5807
2022-06-21 07:00:00	1.05323	1.05647	1.05315	1.05566	10212
2022-06-21 08:00:00	1.05564	1.05792	1.05536	1.05781	15932
2022-06-21 09:00:00	1.05783	1.05824	1.05659	1.05677	12364
2022-06-21 10:00:00	1.05678	1.05681	1.05505	1.05521	12634
2022-06-21 11:00:00	1.05521	1056	1.05442	1055	16202
2022-06-21 12:00:00	1055	1.05628	1.05457	1.05517	19084
2022-06-21 13:00:00	1.05517	1.05615	1.05454	1.05589	13642
2022-06-21 14:00:00	1.05588	1.05662	1.05443	1.05651	9617
2022-06-21 15:00:00	1.05654	1.05666	1.05467	1.05484	7081
2022-06-21 16:00:00	1.05486	1.05487	1.05279	1.0534	6760
2022-06-21 17:00:00	1.05338	1.05403	1.05271	1.05387	6164
2022-06-21 18:00:00	1.05386	1.05396	1.05187	1.05312	5894
2022-06-21 19:00:00	1.05315	1.05403	1.05288	1.05312	4684
2022-06-21 20:00:00	1.05314	1.05352	1.05285	1053	2008
2022-06-21 21:00:00	1053	1.05359	1053	1.05346	193
2022-06-21 22:00:00	1.05348	1.05387	1.05322	1.05377	2990
2022-06-21 23:00:00	1.0538	1.05384	1.0531	1.05312	4124
2022-06-22 00:00:00	1.05311	1.05314	1.05103	1.05124	8942
2022-06-22 01:00:00	1.05126	1.05153	1.05021	1.05074	11246
2022-06-22 02:00:00	1.05074	1.05151	1.05067	1.05097	6360
2022-06-22 03:00:00	1.05096	1.05139	1.05067	1.05107	4859
2022-06-22 04:00:00	1.05107	1.05138	1.04935	1.04963	5280
2022-06-22 05:00:00	1.04962	1.04984	1.04858	1.04881	8394
2022-06-22 06:00:00	1.04882	1.05082	1.0483	1.04914	15552
2022-06-22 07:00:00	1.04914	1.05078	1.04687	1.05045	30037
2022-06-22 08:00:00	1.05045	1.05139	1.04935	1.05076	16482
2022-06-22 09:00:00	1.05075	1.05245	1.05044	1.0519	12649
2022-06-22 10:00:00	1.05191	1.05278	1.05152	1.05202	9020
2022-06-22 11:00:00	1.05201	1.05289	1051	1.05114	11366
2022-06-22 12:00:00	1.05113	1.05355	1.0511	1.05307	11470
2022-06-22 13:00:00	1.05308	1.05701	1.05304	1.05596	23110
2022-06-22 14:00:00	1.05596	1.06057	1.05522	1.05971	17318
2022-06-22 15:00:00	1.05971	1.05973	1.05797	1.05797	9206
2022-06-22 16:00:00	1.05799	1.05894	1.05701	1.05748	9173
2022-06-22 17:00:00	1.05749	1.05832	1.05688	1.05783	4363
2022-06-22 18:00:00	1.05784	1.05843	1.05654	1.05669	7317
2022-06-22 19:00:00	1.05669	1.05745	1.0565	1.0567	6219
2022-06-22 20:00:00	1.05669	1.05691	1.05631	1.05645	3143
2022-06-22 21:00:00	1.05645	1.05674	1.05635	1.05641	887
2022-06-22 22:00:00	1.0564	1.05692	1.0564	1.05671	3249
2022-06-22 23:00:00	1.05672	1.05675	1.05609	1.05646	5414
2022-06-23 00:00:00	1.05646	1.05751	1.05609	1.05741	11145
2022-06-23 01:00:00	1.05741	1.0581	1.05567	1.05578	13250
2022-06-23 02:00:00	1.05578	1.05771	1.05557	1.05706	10962
2022-06-23 03:00:00	1.05704	1.05749	1.05645	1.05692	7212
2022-06-23 04:00:00	1.05692	1.05747	1.05661	1.05672	5423
2022-06-23 05:00:00	1.05672	1.05731	1.05643	1.05698	7372
2022-06-23 06:00:00	1.05699	1.05792	1.05575	1.0578	13369
2022-06-23 07:00:00	1.05779	1.05791	1.04982	1.05075	28712
2022-06-23 08:00:00	1.05075	1.05193	1.04826	1.04935	13325
2022-06-23 09:00:00	1.04936	1.05187	1.04914	1.05178	9665
2022-06-23 10:00:00	1.05176	1.05218	1.05017	1.05044	13655
2022-06-23 11:00:00	1.05046	1.05152	1.0495	1.05054	15694
2022-06-23 12:00:00	1.05053	1.05183	1.04902	1.05041	18058
2022-06-23 13:00:00	1.0504	1.0544	1.05037	1.05437	18581
2022-06-23 14:00:00	1.05437	1.0554	1.05123	1.05285	19932
2022-06-23 15:00:00	1.05286	1.05418	1.05016	1.05019	19055
2022-06-23 16:00:00	1.05019	1.05148	1.04942	1.05083	24385
2022-06-23 17:00:00	1.05084	1.05196	1.05043	1.05067	16698
2022-06-23 18:00:00	1.05068	1.05215	1.05061	1.05202	10561
2022-06-23 19:00:00	1.05202	1.05334	1.05196	1.0527	8142
2022-06-23 20:00:00	1.05271	1.05308	1.05191	1.05208	1990
2022-06-23 21:00:00	1.05208	1.05242	1.0518	1.05212	703
2022-06-23 22:00:00	1.05207	1.0528	1.05206	1.05263	2290
2022-06-23 23:00:00	1.05262	1.05281	1.05189	1.05192	2331
2022-06-24 00:00:00	1.05192	1.05257	1.0512	1.05165	7335
2022-06-24 01:00:00	1.05167	1.05336	1.05135	1.0529	7505
2022-06-24 02:00:00	1.0529	1.05371	1.05268	1.05342	5141
2022-06-24 03:00:00	1.05344	1.05353	1.05286	1.05328	3964
2022-06-24 04:00:00	1.05327	1.05431	1.05308	1.05399	3793
2022-06-24 05:00:00	1.05398	1.05464	1.05384	1.05426	5859
2022-06-24 06:00:00	1.05425	1.05457	1.05306	1.05344	8361
2022-06-24 07:00:00	1.05344	1.05375	1.05221	1.05234	8255
2022-06-24 08:00:00	1.05235	1.05458	1.05192	1.05442	9272
2022-06-24 09:00:00	1.05441	1.05541	1.05397	1.05529	7918
2022-06-24 10:00:00	1.05528	1.05547	1.05359	1.05376	8334
2022-06-24 11:00:00	1.05376	1.05403	1.05141	1.05157	7940
2022-06-24 12:00:00	1.05158	1.05339	1.05158	1.0523	9769
2022-06-24 13:00:00	1.05231	1.05457	1.05156	1.0534	10914
2022-06-24 14:00:00	1.05345	1.05712	1.05345	1.05432	21588
2022-06-24 15:00:00	1.05431	1.05597	1.05364	1.05381	7908
2022-06-24 16:00:00	1.0538	1.05484	1.0537	1.05466	4567
2022-06-24 17:00:00	1.05466	1.05491	1.05345	1.05387	2838
2022-06-24 18:00:00	1.05387	1.05523	1.05387	1.05486	3530
2022-06-24 19:00:00	1.05485	1.05593	1.05451	1.05588	2941
2022-06-24 20:00:00	1.05589	1.05589	1.05492	1.05519	2925
2022-06-26 21:00:00	1.05479	1.05576	1.05457	1.05522	415
2022-06-26 22:00:00	1.05518	1.05646	1.05511	1.05645	4840
2022-06-26 23:00:00	1.05646	1.05746	1.05639	1.05665	8619
2022-06-27 00:00:00	1.05665	1.05713	1.05526	1.05557	10057
2022-06-27 01:00:00	1.05558	1.05651	1.05558	1.05607	13433
2022-06-27 02:00:00	1.05606	1.05667	1.0555	1.05559	9050
2022-06-27 03:00:00	1.05563	1.05569	1.05502	1.05563	5921
2022-06-27 04:00:00	1.05562	1.05652	1.05546	1.05646	4715
2022-06-27 05:00:00	1.05647	1.05706	1.05584	1.05589	9039
2022-06-27 06:00:00	1.05589	1.05695	1.05541	1.05683	10679
2022-06-27 07:00:00	1.05684	1.05902	1.05631	1.05877	14053
2022-06-27 08:00:00	1.05877	1.05911	1.0575	1.05838	11803
2022-06-27 09:00:00	1.05839	1.05882	1.0568	1.05686	11013
2022-06-27 10:00:00	1.05688	1.05888	1.05682	1.05845	10465
2022-06-27 11:00:00	1.05848	1.05859	1.05644	1.05668	8222
2022-06-27 12:00:00	1.05668	1.05738	1.05535	1.05683	8840
2022-06-27 13:00:00	1.05683	1.05861	1.05683	1.05817	11910
2022-06-27 14:00:00	1.05817	1.05987	1.05701	1.05969	13893
2022-06-27 15:00:00	1.05968	1.0615	1.05944	1.06002	12993
2022-06-27 16:00:00	1.06003	1.06045	1.05934	1.05974	4472
2022-06-27 17:00:00	1.05973	1.05991	1.05822	1.05904	6723
2022-06-27 18:00:00	1.05905	1.05942	1.05795	1.05842	6946
2022-06-27 19:00:00	1.05844	1.05888	1.05782	1.05801	4476
2022-06-27 20:00:00	1.05803	1.05834	1.05778	1.0582	2868
2022-06-27 21:00:00	1.05821	1.05856	1.05807	1.05842	934
2022-06-27 22:00:00	1.05842	1.05852	1.05762	1.05799	3115
2022-06-27 23:00:00	1.05797	1.0582	1.05765	1.05797	2169
2022-06-28 00:00:00	1.05797	1.05853	1.05703	1.05759	11603
2022-06-28 01:00:00	1.0576	1.05864	1.05731	1.05748	13171
2022-06-28 02:00:00	1.05751	1.05814	1.05713	1.05767	10729
2022-06-28 03:00:00	1.05766	1.05846	1.05755	1.05811	11751
2022-06-28 04:00:00	1.0581	1.05817	1.05739	1.05754	6926
2022-06-28 05:00:00	1.05754	1.05775	1.05704	1.05709	7664
2022-06-28 06:00:00	1.05711	1.06061	1.05703	1.05825	25309
2022-06-28 07:00:00	1.05826	1.05952	1.0582	1.05842	22751
2022-06-28 08:00:00	1.05842	1.05974	1.05742	1.05919	20251
2022-06-28 09:00:00	1.05918	1.05971	1.05811	1.05857	10641
2022-06-28 10:00:00	1.05856	1.05904	1.05775	1.05781	10971
2022-06-28 11:00:00	1.0578	1.05882	1.05634	1.05694	11132
2022-06-28 12:00:00	1.05692	1.05708	1.05328	1.05376	15542
2022-06-28 13:00:00	1.05377	1.0542	1.0523	1.05326	13119
2022-06-28 14:00:00	1.05326	1.0534	1.05032	1.05172	14290
2022-06-28 15:00:00	1.05171	1.0539	1.05134	1.05342	12422
2022-06-28 16:00:00	1.05344	1.05413	1.05212	1.0523	11776
2022-06-28 17:00:00	1.05231	1.05327	1.05166	1.05321	12572
2022-06-28 18:00:00	1.05318	1.05343	1.05201	1.0522	8356
2022-06-28 19:00:00	1.0522	1.0528	1.05196	1.05257	10572
2022-06-28 20:00:00	1.05258	1.05279	1.05173	1.05174	2430
2022-06-28 21:00:00	1.05174	1.05217	1.05152	1.05212	326
2022-06-28 22:00:00	1.05212	1.05265	1.05174	1.05262	6195
2022-06-28 23:00:00	1.05265	1.05268	1.05204	1.0522	5670
2022-06-29 00:00:00	1.05219	1.0531	1.05187	1.05209	12998
2022-06-29 01:00:00	1.0521	1.05326	1.0517	1.05293	17434
2022-06-29 02:00:00	1.05292	1.05354	1.05274	1.05284	11982
2022-06-29 03:00:00	1.05283	1.05309	1.05242	1.05296	8618
2022-06-29 04:00:00	1.05298	1.05322	1.05009	1.05042	13747
2022-06-29 05:00:00	1.05043	1.05148	1.05019	1.05024	13840
2022-06-29 06:00:00	1.05025	1.05046	1.04858	1.04892	18967
2022-06-29 07:00:00	1.04894	1.05204	1.04894	1.05169	30499
2022-06-29 08:00:00	1.05167	1.05188	1.05029	1.05102	16304
2022-06-29 09:00:00	1.05104	1.05285	1.05084	1.05094	20848
2022-06-29 10:00:00	1.05095	1.05282	1.05046	1.05207	16990
2022-06-29 11:00:00	1.05206	1.0535	1.05117	1.05224	13585
2022-06-29 12:00:00	1.05223	1.05289	1.05052	1.05209	19846
2022-06-29 13:00:00	1.0521	1.05263	1.04743	1.0481	21001
2022-06-29 14:00:00	1.04809	1.0492	1.0467	1.04775	15751
2022-06-29 15:00:00	1.04776	1.04791	1.04662	1.04767	7893
2022-06-29 16:00:00	1.04768	1.0477	1.04443	1.04456	6479
2022-06-29 17:00:00	1.04453	1.04537	1.04442	1.04489	5341
2022-06-29 18:00:00	1.04487	1.04536	1.04409	1.04414	4207
2022-06-29 19:00:00	1.04411	1.04447	1.04352	1.04409	3755
2022-06-29 20:00:00	1.04408	1.04437	1.04392	1.04398	2190
2022-06-29 21:00:00	1.04398	1.04443	1.04384	1.04406	1592
2022-06-29 22:00:00	1.04406	1.04454	1.04368	1.04439	10071
2022-06-29 23:00:00	1.04439	1.04466	1.04406	1.04456	10454
2022-06-30 00:00:00	1.04456	1.04472	1.04378	1.04419	7334
2022-06-30 01:00:00	1.04419	1.04447	1.04329	1.04371	14991
2022-06-30 02:00:00	1.04371	1.04567	1.04371	1.04522	11219
2022-06-30 03:00:00	1.0452	1.04559	1.04486	1.04516	9760
2022-06-30 04:00:00	1.04517	1.04572	1.04497	1.04532	5751
2022-06-30 05:00:00	1.04533	1.04577	1.04474	1.04558	7773
2022-06-30 06:00:00	1.04556	1.04686	1.04384	1.04406	14231
2022-06-30 07:00:00	1.04406	1.04566	1.04298	1.04453	21979
2022-06-30 08:00:00	1.04453	1.0468	1.04337	1.04412	20775
2022-06-30 09:00:00	1.04411	1.04426	1.04254	1.04293	11017
2022-06-30 10:00:00	1.04295	1.04307	1.04002	1.04004	11445
2022-06-30 11:00:00	1.04005	1.04081	1.03824	1.03935	14315
2022-06-30 12:00:00	1.03933	1.04145	1.03844	1.03979	18915
2022-06-30 13:00:00	1.03977	1.0424	1.03976	1.04167	15907
2022-06-30 14:00:00	1.04166	1.04604	1.04123	1.04512	15983
2022-06-30 15:00:00	1.04515	1.04791	1.04426	1.04686	20293
2022-06-30 16:00:00	1.04685	1.04852	1.04616	1.04825	13224
2022-06-30 17:00:00	1.04827	1.04887	1.04768	1.04801	5429
2022-06-30 18:00:00	1.04804	1.04837	1.04777	1.04804	6568
2022-06-30 19:00:00	1.04803	1.04821	1.04675	1.04789	5686
2022-06-30 20:00:00	1.04791	1.04849	1.04785	1.04831	1985
2022-06-30 21:00:00	1.04829	1.04853	1.0478	1.04792	2688
2022-06-30 22:00:00	1.04792	1.04818	1.04736	1.04767	2007
2022-06-30 23:00:00	1.04767	1.04793	1.04746	1.04783	2204
2022-07-01 00:00:00	1.04783	1.04783	1.04665	1.04713	5092
2022-07-01 01:00:00	1.04713	1.04735	1.04639	1.04696	5091
2022-07-01 02:00:00	1.04695	1.04724	1.04618	1.04662	3155
2022-07-01 03:00:00	1.0466	1.04673	1.04499	1.04543	4976
2022-07-01 04:00:00	1.0454	1.04613	1.04471	1.04537	4627
2022-07-01 05:00:00	1.04537	1.04703	1.04522	1.04631	4274
2022-07-01 06:00:00	1.04628	1047	1.04407	1.04612	7881
2022-07-01 07:00:00	1.04614	1.04634	1.04326	1.04462	12558
2022-07-01 08:00:00	1.04463	1.04599	1.04367	1.04585	7519
2022-07-01 09:00:00	1.04584	1.04689	1.04505	1.04559	7734
2022-07-01 10:00:00	1.04559	1.0474	1.0448	1.04505	7266
2022-07-01 11:00:00	1.04506	1.04598	1.04317	1.04362	10484
2022-07-01 12:00:00	1.0436	1.04392	1.04065	1.04067	8377
2022-07-01 13:00:00	1.04067	1.04127	1.03924	1.03996	10210
2022-07-01 14:00:00	1.03994	1.04131	1.03658	1.03902	28008
2022-07-01 15:00:00	1.03902	1.04197	1.03838	1.04072	11667
2022-07-01 16:00:00	1.04073	1.04129	1.03995	1.04012	7257
2022-07-01 17:00:00	1.04011	1.04123	1.03931	1.04106	6554
2022-07-01 18:00:00	1.04105	1.04322	1.04105	1.04237	5549
2022-07-01 19:00:00	1.04237	1.04305	1.04215	1.04284	4831
2022-07-01 20:00:00	1.04285	1.04328	1.04238	1.04262	2640
2022-07-03 21:00:00	1.04174	1.04245	1.04142	1.0421	715
2022-07-03 22:00:00	1.04211	1.04364	1.04188	1.04364	3503
2022-07-03 23:00:00	1.04364	1.0437	1.04289	1.04322	3375
2022-07-04 00:00:00	1.04322	1.04442	1.04297	1.04337	7140
2022-07-04 01:00:00	1.0434	1.04397	1.04262	1.04332	8817
2022-07-04 02:00:00	1.04333	1.04368	1.04261	1.04314	5023
2022-07-04 03:00:00	1.04316	1.04387	1.04244	1.04259	4384
2022-07-04 04:00:00	1.04258	1.04288	1.04246	1.04275	2414
2022-07-04 05:00:00	1.04276	1.0434	1.04262	1.04328	3987
2022-07-04 06:00:00	1.04329	1.04385	1.04219	1.0425	7114
2022-07-04 07:00:00	1.04249	1.04385	1.04248	1.04304	9209
2022-07-04 08:00:00	1.04305	1.04387	1.04205	1.04376	5828
2022-07-04 09:00:00	1.04377	1.04569	1.04349	1.04419	8339
2022-07-04 10:00:00	1.04419	1.04557	1.04411	1.04516	6614
2022-07-04 11:00:00	1.04517	1.04627	1.04489	1.04519	7598
2022-07-04 12:00:00	1.04518	1.04578	1.04453	1.04507	11184
2022-07-04 13:00:00	1.04512	1.04575	1.04441	1.04457	13614
2022-07-04 14:00:00	1.04456	1.04472	1.04221	1.04231	15959
2022-07-04 15:00:00	1.04231	1.04346	1.0417	1.04272	13738
2022-07-04 16:00:00	1.04273	1.04309	1.04199	1.04232	7730
2022-07-04 17:00:00	1.04232	1.04245	1.04181	1.04211	3565
2022-07-04 18:00:00	1.04211	1.0425	1.04211	1.0425	3839
2022-07-04 19:00:00	1.04249	1.04249	1.0421	1.04235	1564
2022-07-04 20:00:00	1.04235	1.04251	1.04201	1.04201	3301
2022-07-04 21:00:00	1.04201	1.04217	1042	1.04213	263
2022-07-04 22:00:00	1.04214	1.04277	1.04208	1.04271	5018
2022-07-04 23:00:00	1.04272	1.04364	1.04263	1.04326	10492
2022-07-05 00:00:00	1.04325	1.04356	1.04271	1.04335	16768
2022-07-05 01:00:00	1.04339	1.04381	1.0423	1.04352	17770
2022-07-05 02:00:00	1.04352	1.04356	1.04281	1.04294	12374
2022-07-05 03:00:00	1.04292	1.04365	1.04276	1.04346	6875
2022-07-05 04:00:00	1.04346	1.04377	1.04296	1.04376	13582
2022-07-05 05:00:00	1.04376	1.04485	1.04369	1.04423	12477
2022-07-05 06:00:00	1.04422	1.04425	1.04298	1.04357	13656
2022-07-05 07:00:00	1.04356	1.04395	1.03656	1.03747	30618
2022-07-05 08:00:00	1.03746	1.03757	1.03056	1.0307	22614
2022-07-05 09:00:00	1.03072	1.03246	1.02804	1.02953	11715
2022-07-05 10:00:00	1.02953	1.03063	1.02914	1.02994	10765
2022-07-05 11:00:00	1.02994	1.03033	1.02862	1.0296	12221
2022-07-05 12:00:00	1.02958	1.03011	1.02841	1.02917	24263
2022-07-05 13:00:00	1.02917	1.02935	1.02539	1.02611	21473
2022-07-05 14:00:00	1.02613	1.02666	1.02381	1.02422	11756
2022-07-05 15:00:00	1.02423	1.0261	1.02366	1.02537	7302
2022-07-05 16:00:00	1.02538	1.02553	1.0235	1.02447	8207
2022-07-05 17:00:00	1.02449	1.02572	1.02396	1.02523	4406
2022-07-05 18:00:00	1.02524	1.02707	1.02499	1.02615	5983
2022-07-05 19:00:00	1.02619	1.0271	1.0256	1.0266	8876
2022-07-05 20:00:00	1.02658	1.0269	1.0263	1.02645	2248
2022-07-05 21:00:00	1.02645	1.02677	1.02635	1.02646	1152
2022-07-05 22:00:00	1.02646	1.02715	1.02646	1.02679	5834
2022-07-05 23:00:00	1.02679	1.02693	1.02555	1.02565	4983
2022-07-06 00:00:00	1.02564	1.02671	1.02537	1.0266	13520
2022-07-06 01:00:00	1.02663	1.02712	1.0255	1.02617	18384
2022-07-06 02:00:00	1.02618	1.02697	1.02594	1.02652	13592
2022-07-06 03:00:00	1.02651	1.02698	1.02625	1.02637	8851
2022-07-06 04:00:00	1.02636	1.02659	1.02393	1.0247	12027
2022-07-06 05:00:00	1.02469	1.0252	1.02425	1.02471	12175
2022-07-06 06:00:00	1.0247	1.02765	1.02383	1.0269	19420
2022-07-06 07:00:00	1.02689	1.02736	1.02535	1.02587	18420
2022-07-06 08:00:00	1.02587	1.02741	1.02261	1.02444	15706
2022-07-06 09:00:00	1.02445	1.02445	1.02205	1.02231	12464
2022-07-06 10:00:00	1.02232	1.02272	1.01861	1.01954	8309
2022-07-06 11:00:00	1.01953	1.02013	1.01801	1.01919	8301
2022-07-06 12:00:00	1.01917	1.01933	1.0166	1.0187	10088
2022-07-06 13:00:00	1.01869	1.02012	1.01764	1.01772	9576
2022-07-06 14:00:00	1.01771	1.01971	1.01614	1.01935	30851
2022-07-06 15:00:00	1.01932	1.01954	1.01616	1.01702	13633
2022-07-06 16:00:00	1.01702	1.01779	1.01651	1.01731	6804
2022-07-06 17:00:00	1.01729	1.01895	1.0172	1.01859	3517
2022-07-06 18:00:00	1.01857	1.01986	1.0173	1.01812	15857
2022-07-06 19:00:00	1.01813	1.01881	1.01768	1.01866	2903
2022-07-06 20:00:00	1.01867	1.01884	1.01797	1.01797	1290
2022-07-06 21:00:00	1.01801	1.01839	1.0178	1.01827	1466
2022-07-06 22:00:00	1.01828	1.01879	1.01774	1.01871	1481
2022-07-06 23:00:00	1.01874	1.01879	1.01809	1.01843	1134
2022-07-07 00:00:00	1.01841	1.01889	1.0176	1.0187	2099
2022-07-07 01:00:00	1.01873	1.01883	1.01804	1.01854	2718
2022-07-07 02:00:00	1.01854	1.02097	1.01845	1.02037	3389
2022-07-07 03:00:00	1.02037	1.02086	1.01993	1.02035	3182
2022-07-07 04:00:00	1.02035	1.02058	1.01981	1.02015	1534
2022-07-07 05:00:00	1.0202	1.02209	1.0201	1.02184	3261
2022-07-07 06:00:00	1.02182	1.02182	1.02004	1.02004	5122
2022-07-07 07:00:00	1.02005	1.02051	1.01819	1.01921	8293
2022-07-07 08:00:00	1.0192	1.02131	1.01851	1.01976	9178
2022-07-07 09:00:00	1.01975	1.0211	1.01744	1.02073	12165
2022-07-07 10:00:00	1.02073	1.02173	1.01849	1.01905	7836
2022-07-07 11:00:00	1.01904	1.01984	1.01866	1.01901	8450
2022-07-07 12:00:00	1.01903	1.01964	1.01696	1.01702	8613
2022-07-07 13:00:00	1.01704	1.01933	1.01649	1.01846	9235
2022-07-07 14:00:00	1.01845	1.01853	1.01685	1.01712	7888
2022-07-07 15:00:00	1.01711	1.01754	1.01517	1.01582	6811
2022-07-07 16:00:00	1.01583	1.01679	1.01508	1.01549	5366
2022-07-07 17:00:00	1.01549	1.01593	1.01439	1.0156	3155
2022-07-07 18:00:00	1.0156	1.01681	1.01558	1.01573	1965
2022-07-07 19:00:00	1.01575	1.01667	1.01536	1.01661	3221
2022-07-07 20:00:00	1.01659	1.01659	1.01566	1.01568	1056
2022-07-07 21:00:00	1.01604	1.01653	1.01604	1.0161	533
2022-07-07 22:00:00	1.0161	1.0167	1.01607	1.01654	1042
2022-07-07 23:00:00	1.01658	1.01685	1.01621	1.01683	1406
2022-07-08 00:00:00	1.01682	1.01871	1.01672	1.01866	2951
2022-07-08 01:00:00	1.01866	1.01912	1.01755	1.01765	2682
2022-07-08 02:00:00	1.01764	1.01791	1.01626	1.01649	3888
2022-07-08 03:00:00	1.01648	1.01657	1.01534	1.01581	4443
2022-07-08 04:00:00	1.01582	1.01584	1.01395	1.01543	3053
2022-07-08 05:00:00	1.01543	1.01615	1.01452	1.01603	2690
2022-07-08 06:00:00	1.01601	1.01699	1.01523	1016	4729
2022-07-08 07:00:00	1.01599	1.01643	1.0072	1.01083	14947
2022-07-08 08:00:00	1.01082	1.01195	1.00864	1.01134	11703
2022-07-08 09:00:00	1.01132	1.01243	1.01049	1.01213	9201
2022-07-08 10:00:00	1.01214	1.01507	1.01181	1.01383	17935
2022-07-08 11:00:00	1.01385	1.01592	1.01358	1.01503	20598
2022-07-08 12:00:00	1.01503	1.01686	1.01156	1.01427	50803
2022-07-08 13:00:00	1.01427	1.01777	1.01343	1.01427	29094
2022-07-08 14:00:00	1.01428	1.01817	1.01356	1.01735	17493
2022-07-08 15:00:00	1.01733	1.01907	1.01709	1.01781	9290
2022-07-08 16:00:00	1.01782	1.01785	1.01584	1.01672	6103
2022-07-08 17:00:00	1.01673	1.01724	1.01635	1.01655	3917
2022-07-08 18:00:00	1.01654	1.01778	1.01652	1.01737	2026
2022-07-08 19:00:00	1.01738	1.01796	1.01717	1.01784	2866
2022-07-08 20:00:00	1.01783	1.0186	1.01767	1.01822	2149
2022-07-10 21:00:00	1.01697	1.01822	1.01697	1.01795	493
2022-07-10 22:00:00	1.01795	1.01834	1.01711	1.01748	2721
2022-07-10 23:00:00	1.01748	1.01755	1.01648	1.01672	2974
2022-07-11 00:00:00	1.01674	1.01675	1.01531	1.01542	14479
2022-07-11 01:00:00	1.01544	1.0155	1.01348	1.01394	28054
2022-07-11 02:00:00	1.01394	1.01523	1.0139	1.01494	15543
2022-07-11 03:00:00	1.01493	1.0156	1.01459	1.01494	11561
2022-07-11 04:00:00	1.01493	1.01544	1.01478	1.01509	14658
2022-07-11 05:00:00	1.01507	1.01518	1.01379	1.01395	15784
2022-07-11 06:00:00	1.01394	1.01437	1.01195	1.01274	14501
2022-07-11 07:00:00	1.01275	1.01374	1.01056	1.01108	20510
2022-07-11 08:00:00	1.0111	1.0132	1.01065	1.01184	22694
2022-07-11 09:00:00	1.01183	1.01252	1.01019	1.01028	20416
2022-07-11 10:00:00	1.01027	1.01148	1.00957	1.01128	10377
2022-07-11 11:00:00	1.01125	1.01182	1.00823	1.00899	10585
2022-07-11 12:00:00	1.00897	1.01038	1.00747	1.00809	13971
2022-07-11 13:00:00	1.00808	1.00824	1.00521	1.00692	18211
2022-07-11 14:00:00	1.00692	1.00929	1.00621	1.00816	14761
2022-07-11 15:00:00	1.00815	1.00912	1.00734	1.00854	12075
2022-07-11 16:00:00	1.00853	1.00875	1.00624	1.00638	7998
2022-07-11 17:00:00	1.00639	1.00733	1.00601	1.00705	5207
2022-07-11 18:00:00	1.00706	1.0073	1.00595	1.00629	6684
2022-07-11 19:00:00	1.0063	1.00655	1.00336	1.00452	8419
2022-07-11 20:00:00	1.00451	1.00467	1.00378	1.00379	4428
2022-07-11 21:00:00	1.00378	1004	1.00346	1.00374	492
2022-07-11 22:00:00	1.00375	1.00464	1.00375	1.00398	5866
2022-07-11 23:00:00	1.00402	1.00475	1.00393	1.00458	8340
2022-07-12 00:00:00	1.00456	1.00552	1.00352	1.00398	12435
2022-07-12 01:00:00	1.00399	1.00415	1.00059	1.0028	23871
2022-07-12 02:00:00	1.00281	1.00305	1.00144	1.00252	22808
2022-07-12 03:00:00	1.00251	1.00285	1.00179	1.00258	21269
2022-07-12 04:00:00	1.00257	1.0026	1.00085	1.00151	17403
2022-07-12 05:00:00	1.00151	1.0018	1.00047	1.00107	24147
2022-07-12 06:00:00	1.00107	1.00391	1.00089	1.00223	27822
2022-07-12 07:00:00	1.00222	1.00294	1.00028	1.00084	36130
2022-07-12 08:00:00	1.00083	1.00177	1.00018	1.00102	11758
2022-07-12 09:00:00	1.00105	1.00143	0.99999	1.00127	19289
2022-07-12 10:00:00	1.00125	1.00272	1.00061	1.00207	7555
2022-07-12 11:00:00	1.00205	1.00693	1.00183	1.00397	15997
2022-07-12 12:00:00	1.00398	1.00552	1.00327	1.00532	22890
2022-07-12 13:00:00	1.00529	1.00584	1.00331	1.00472	16199
2022-07-12 14:00:00	1.0047	1.00634	1.0041	1.00496	19402
2022-07-12 15:00:00	1.00497	1.00738	1.00485	1.00685	8209
2022-07-12 16:00:00	1.00684	1.00725	1.00602	1.00617	4795
2022-07-12 17:00:00	1.00619	1.00642	1.00522	1.00583	3736
2022-07-12 18:00:00	1.00586	1.00621	1.00423	1.00448	3364
2022-07-12 19:00:00	1.00446	1.00471	1.0032	1.00322	5584
2022-07-12 20:00:00	1.00323	1.00414	1.00316	1.00347	2591
2022-07-12 21:00:00	1.0035	1.00382	1.00312	1.00348	668
2022-07-12 22:00:00	1.00348	1.0038	1.0025	1.00309	4511
2022-07-12 23:00:00	1.00311	1.0034	1.00255	1003	7750
2022-07-13 00:00:00	1003	1.00395	1.00268	1003	26964
2022-07-13 01:00:00	1.00301	1.00452	1.00226	1.0027	31563
2022-07-13 02:00:00	1.0027	1.00415	1.00228	1.00399	13423
2022-07-13 03:00:00	1.00399	1.00469	1.00342	1.00363	12072
2022-07-13 04:00:00	1.00363	1.00402	1.00328	1.00355	7890
2022-07-13 05:00:00	1.00356	1.00405	1.00307	1.0037	14831
2022-07-13 06:00:00	1.00371	1.00503	1.00298	1.00331	15422
2022-07-13 07:00:00	1.00334	1.00529	1.00062	1.0033	17629
2022-07-13 08:00:00	1.00327	1.0048	1.00232	1.00364	13804
2022-07-13 09:00:00	1.00365	1.00413	1.00319	1.00371	10336
2022-07-13 10:00:00	1.0037	1.00674	1.00352	1.00613	12822
2022-07-13 11:00:00	1.00613	1.00695	1.00511	1.00675	11773
2022-07-13 12:00:00	1.00676	1.01013	0.99979	1.00202	40781
2022-07-13 13:00:00	1.00201	1.00491	1.00086	1.00211	27779
2022-07-13 14:00:00	1.00211	1.01222	1.00166	1.01072	53411
2022-07-13 15:00:00	1.01072	1.0115	1.00742	1.00779	24452
2022-07-13 16:00:00	1.00778	1.00973	1.00763	1.00821	10188
2022-07-13 17:00:00	1.0082	1.00873	1.00741	1.0081	6714
2022-07-13 18:00:00	1.0081	1.0081	1.00601	1.00628	15653
2022-07-13 19:00:00	1.00629	1.00643	1.00541	1.00591	5625
2022-07-13 20:00:00	1.00593	1.00618	1.00538	1.00555	3285
2022-07-13 21:00:00	1.00555	1.00597	1.00555	1.00562	557
2022-07-13 22:00:00	1.00562	1.00588	1005	1.00537	4200
2022-07-13 23:00:00	1.00535	1.00535	1.00304	1.00342	10737
2022-07-14 00:00:00	1.00341	1.00434	1.00208	1.00219	21097
2022-07-14 01:00:00	1.00217	1.00279	1.00143	1.00183	31120
2022-07-14 02:00:00	1.00182	1.00286	1.00136	1.00216	17537
2022-07-14 03:00:00	1.00216	1.00402	1.00216	1.00328	11259
2022-07-14 04:00:00	1.00329	1.00343	1.00208	1.00228	10668
2022-07-14 05:00:00	1.00229	1.00251	1.00145	1.00185	17814
2022-07-14 06:00:00	1.00187	1.00271	1.00061	1.00065	18646
2022-07-14 07:00:00	1.00067	1.00464	1.00052	1.00362	26110
2022-07-14 08:00:00	1.00364	1.0041	1.0015	1002	20522
2022-07-14 09:00:00	1.00199	1.00503	1.00183	1.00464	16834
2022-07-14 10:00:00	1.00463	1.00477	1.00128	1.00157	17970
2022-07-14 11:00:00	1.00158	1.00178	1.00047	1.00093	24652
2022-07-14 12:00:00	1.00092	1.00169	1.00019	1.0002	15921
2022-07-14 13:00:00	1.0002	1.00118	0.99521	0.99804	25563
2022-07-14 14:00:00	0.99803	0.99994	0.99598	0.99959	35810
2022-07-14 15:00:00	0.99959	1.00477	0.99937	1.00272	54217
2022-07-14 16:00:00	1.00272	1.00356	0.99835	0.99903	39089
2022-07-14 17:00:00	0.99905	1.00148	0.99905	1.00138	25645
2022-07-14 18:00:00	1.00137	1.00376	1.00121	1.00292	16789
2022-07-14 19:00:00	1.00294	1.00317	1.00123	1.00153	16584
2022-07-14 20:00:00	1.00155	1.00228	1001	1.00165	4170
2022-07-14 21:00:00	1.00158	1.00191	1.0013	1.00183	2607
2022-07-14 22:00:00	1.00183	1.00238	1.00168	1.00182	4437
2022-07-14 23:00:00	1.00186	1.00263	1.00151	1.00263	7142
2022-07-15 00:00:00	1.00263	1.00276	1.0011	1.0019	17708
2022-07-15 01:00:00	1.00189	1.00335	1.00175	1.00332	14603
2022-07-15 02:00:00	1.00332	1.00411	1.00294	1.00372	10540
2022-07-15 03:00:00	1.00371	1.00375	1.0025	1.00256	4707
2022-07-15 04:00:00	1.00256	1.00338	1.00224	1.00303	5673
2022-07-15 05:00:00	1.00305	1.00312	1.00181	1.0021	9612
2022-07-15 06:00:00	1.0021	1.00247	1.00083	1.00161	15768
2022-07-15 07:00:00	1.0016	1.00356	1.00068	1.00285	16823
2022-07-15 08:00:00	1.00282	1.00329	1.00169	1.00309	11369
2022-07-15 09:00:00	1.00309	1.00487	1.00282	1.00436	11818
2022-07-15 10:00:00	1.00436	1.00592	1.00364	1.00584	9606
2022-07-15 11:00:00	1.00584	1.00659	1.00487	1.0054	8546
2022-07-15 12:00:00	1.00541	1.00766	1.00436	1.00722	25797
2022-07-15 13:00:00	1.00723	1.00845	1.00408	1.00449	20279
2022-07-15 14:00:00	1.00484	1.0088	1.00484	1.00804	29393
2022-07-15 15:00:00	1.00803	1.00979	1.00771	1.00899	10663
2022-07-15 16:00:00	1.00898	1009	1.00718	1.00809	7362
2022-07-15 17:00:00	1.0081	1.00936	1.00749	1.00765	7354
2022-07-15 18:00:00	1.00764	1.00824	1.00724	1.00799	6181
2022-07-15 19:00:00	1.00802	1.00834	1.00726	1.00823	5944
2022-07-15 20:00:00	1.00823	1.00877	1.00794	1.00821	2200
2022-07-17 21:00:00	1.00811	1.00843	1.00811	1.00839	368
2022-07-17 22:00:00	1.00835	1.00886	1.00785	1.00847	2649
2022-07-17 23:00:00	1.00846	1.00978	1.00801	1.00972	4984
2022-07-18 00:00:00	1.00972	1.00985	1.00866	1.00915	7276
2022-07-18 01:00:00	1.00917	1.01112	1.00915	1.01086	9282
2022-07-18 02:00:00	1.01087	1.01143	1.01009	1.01014	6113
2022-07-18 03:00:00	1.01013	1.01101	1.01013	1.01042	8673
2022-07-18 04:00:00	1.01041	1.01046	1.00869	1.00914	5911
2022-07-18 05:00:00	1.00915	1.01054	1.00877	1.00879	6171
2022-07-18 06:00:00	1.00878	1.01115	1.00812	1.01109	12143
2022-07-18 07:00:00	1.01109	1.0149	1.01033	1.01458	24647
2022-07-18 08:00:00	1.01457	1.01492	1.01196	1.01303	17790
2022-07-18 09:00:00	1.01303	1.01578	1.01235	1.01552	11707
2022-07-18 10:00:00	1.01553	1.01752	1.01506	1.01562	12024
2022-07-18 11:00:00	1.01563	1.01591	1.01375	1.01422	13365
2022-07-18 12:00:00	1.01425	1.01471	1.01195	1.01365	16865
2022-07-18 13:00:00	1.01367	1.01658	1.0124	1.01551	14200
2022-07-18 14:00:00	1.0155	1.02011	1.01549	1.01939	13961
2022-07-18 15:00:00	1.01939	1.01979	1.01579	1016	7718
2022-07-18 16:00:00	1.01601	1.0177	1.01589	1.0167	5342
2022-07-18 17:00:00	1.0167	1.01773	1.01526	1.01543	7123
2022-07-18 18:00:00	1.01543	1.01598	1.01501	1.01506	7357
2022-07-18 19:00:00	1.01505	1.01557	1.01408	1.01431	8573
2022-07-18 20:00:00	1.01431	1.01461	1.01412	1.01413	3052
2022-07-18 21:00:00	1.01412	1.0147	1.01393	1.01463	1978
2022-07-18 22:00:00	1.01467	1.01485	1.01411	1.01416	3190
2022-07-18 23:00:00	1.01417	1.0147	1.01385	1.01463	3287
2022-07-19 00:00:00	1.01464	1.01483	1.01285	1.01286	7817
2022-07-19 01:00:00	1.01289	1.01366	1.01195	1.01224	8510
2022-07-19 02:00:00	1.01224	1.01348	1.01224	1.01292	6543
2022-07-19 03:00:00	1.01292	1.01381	1.0124	1.01267	5717
2022-07-19 04:00:00	1.01267	1.01434	1.01241	1.01279	6186
2022-07-19 05:00:00	1.0128	1.01543	1.0127	1.01473	5907
2022-07-19 06:00:00	1.01474	1.01687	1.01456	1.01662	6718
2022-07-19 07:00:00	1.01664	1.02438	1.01649	1.02412	26002
2022-07-19 08:00:00	1.02414	1.02533	1.0225	1.02439	26010
2022-07-19 09:00:00	1.02439	1.02587	1022	1.02414	21843
2022-07-19 10:00:00	1.02414	1.0269	1.02414	1.02644	19208
2022-07-19 11:00:00	1.02643	1.02673	1.02506	1.02534	18181
2022-07-19 12:00:00	1.02534	1.0254	1.02245	1.02289	20432
2022-07-19 13:00:00	1.02286	1.02565	1.02284	1.02413	19078
2022-07-19 14:00:00	1.02416	1.02646	1.02288	1.02455	29841
2022-07-19 15:00:00	1.02455	1.02547	1.0231	1.02387	15832
2022-07-19 16:00:00	1.02386	1.02451	1.02297	1.02402	8173
2022-07-19 17:00:00	1.02405	1.02441	1.02346	1.02352	5724
2022-07-19 18:00:00	1.02351	1.02364	1.02256	1.02317	4859
2022-07-19 19:00:00	1.02317	1.02317	1.02211	1.02214	10533
2022-07-19 20:00:00	1.02214	1.02273	1.02214	1.02251	3663
2022-07-19 21:00:00	1.02251	1.02318	1.02245	1.02274	1467
2022-07-19 22:00:00	1.02275	1.02413	1.02268	1.02354	2638
2022-07-19 23:00:00	1.02354	1.02367	1.02295	1.02307	3369
2022-07-20 00:00:00	1.02308	1.02484	1.02307	1.02459	3851
2022-07-20 01:00:00	1.02461	1.02465	1.02331	1.02338	3277
2022-07-20 02:00:00	1.02337	1.0243	1.02312	1.02418	2592
2022-07-20 03:00:00	1.02416	1.02458	1.02391	1.0243	2351
2022-07-20 04:00:00	1.02429	1.0248	1.02419	1.02435	2650
2022-07-20 05:00:00	1.02434	1.0247	1.02356	1.02377	2985
2022-07-20 06:00:00	1.02378	1.02507	1.02286	1.02499	8628
2022-07-20 07:00:00	1025	1.02729	1.0221	1.02256	15821
2022-07-20 08:00:00	1.02255	1.02442	1.0219	1.02314	16377
2022-07-20 09:00:00	1.02313	1.02527	1.02299	1.02514	15806
2022-07-20 10:00:00	1.02512	1.02514	1.0173	1.01975	22383
2022-07-20 11:00:00	1.01981	1.02143	1.01804	1.01907	11825
2022-07-20 12:00:00	1.01905	1.02207	1.01792	1.02109	14480
2022-07-20 13:00:00	1.02105	1.02377	1.02087	1.02157	22928
2022-07-20 14:00:00	1.02157	1.02257	1.0204	1.02122	16133
2022-07-20 15:00:00	1.02125	1.02171	1.01954	1.02147	11627
2022-07-20 16:00:00	1.02149	1.02173	1.01831	1.01903	7725
2022-07-20 17:00:00	1.01902	1.01931	1.01553	1.01575	13208
2022-07-20 18:00:00	1.01575	1.01772	1.01571	1.01771	8863
2022-07-20 19:00:00	1.01772	1.0184	1.01739	1.01775	4361
2022-07-20 20:00:00	1.01775	1.01835	1.0174	1.01771	3309
2022-07-20 21:00:00	1.01767	1.01802	1.01767	1.01791	491
2022-07-20 22:00:00	1.01792	1.01879	1.01779	1.01815	2400
2022-07-20 23:00:00	1.01816	1.01847	1.01765	1.01807	2147
2022-07-21 00:00:00	1.01808	1.01934	1.01782	1.01868	2637
2022-07-21 01:00:00	1.01869	1.01947	1.01814	1.0194	2755
2022-07-21 02:00:00	1.01938	1.02103	1.01911	1.02093	2262
2022-07-21 03:00:00	1.0209	1.02134	1.02041	1.02088	3329
2022-07-21 04:00:00	1.02088	1.02253	1.02055	1.02229	3068
2022-07-21 05:00:00	1.02229	1.02284	1.02104	1.02228	3172
2022-07-21 06:00:00	1.02228	1.02304	1.02014	1.02055	7691
2022-07-21 07:00:00	1.02057	1.02179	1.01903	1.01959	13107
2022-07-21 08:00:00	1.01963	1.01965	1.01707	1.01911	12021
2022-07-21 09:00:00	1.01912	1.01912	1.01656	1.01817	9091
2022-07-21 10:00:00	1.01816	1.01989	1018	1.01886	18262
2022-07-21 11:00:00	1.01888	1.01965	1.01793	1019	21436
2022-07-21 12:00:00	1.01901	1.02781	1.0188	1.02647	45644
2022-07-21 13:00:00	1.02646	1.0275	1.01531	1.02123	40792
2022-07-21 14:00:00	1.02123	1.0214	1.01688	1.01912	42264
2022-07-21 15:00:00	1.01912	1.02121	1.01821	1.02001	24315
2022-07-21 16:00:00	1.02001	1.02002	1.01749	1.01813	13154
2022-07-21 17:00:00	1.01812	1.01886	1.01755	1.01841	11606
2022-07-21 18:00:00	1.01842	1.02	1.01831	1.01927	5058
2022-07-21 19:00:00	1.0193	1.02119	1.01915	1.02113	8143
2022-07-21 20:00:00	1.02114	1.02336	1.02051	1.02285	2898
2022-07-21 21:00:00	1.02286	1.02299	1.02252	1.02271	717
2022-07-21 22:00:00	1.02271	1.02278	1.0222	1.02236	1600
2022-07-21 23:00:00	1.02238	1.02303	1.02199	1022	2950
2022-07-22 00:00:00	1022	1.02216	1.02035	1.02043	3648
2022-07-22 01:00:00	1.02044	1.02081	1.01906	1.02021	7704
2022-07-22 02:00:00	1.02019	1.02032	1.01928	1.01956	4945
2022-07-22 03:00:00	1.01955	1.01975	1.01846	1.01907	3275
2022-07-22 04:00:00	1.01904	1.01933	1.01803	1.01808	2706
2022-07-22 05:00:00	1.01805	1.01933	1.01803	1.0185	4673
2022-07-22 06:00:00	1.01851	1.02087	1.01826	1.02085	7553
2022-07-22 07:00:00	1.02083	1.02134	1.01297	1.01378	17533
2022-07-22 08:00:00	1.01384	1.01717	1.01345	1.01531	16887
2022-07-22 09:00:00	1.01532	1.01679	1.01432	1.01594	30933
2022-07-22 10:00:00	1.01591	1.01723	1.01431	1.01722	25447
2022-07-22 11:00:00	1.01723	1.01854	1.01541	1.01757	22788
2022-07-22 12:00:00	1.01757	1.0197	1.01694	1.01872	16414
2022-07-22 13:00:00	1.01871	1.02429	1.01796	1.02336	30336
2022-07-22 14:00:00	1.02336	1.02553	1.02249	1.02305	35527
2022-07-22 15:00:00	1.02303	1.02341	1.02138	1.02266	23027
2022-07-22 16:00:00	1.02267	1.02391	1.0217	1.02319	17877
2022-07-22 17:00:00	1.0232	1.02375	1.02198	1.02233	15729
2022-07-22 18:00:00	1.02234	1.02286	1.01899	1.01948	20600
2022-07-22 19:00:00	1.01949	1.02127	1.01916	1.02119	11323
2022-07-22 20:00:00	1.02119	1.02161	1.02062	1.02119	3579
2022-07-24 21:00:00	1.02083	1.02173	1.02083	1.02168	337
2022-07-24 22:00:00	1.02169	1.02185	1.02085	1.0212	4222
2022-07-24 23:00:00	1.02119	1.02136	1.01989	1.01991	10898
2022-07-25 00:00:00	1.01992	1.02034	1.01819	1.01822	17088
2022-07-25 01:00:00	1.01821	1.02018	1.01809	1.01995	17488
2022-07-25 02:00:00	1.01995	1.02129	1.01975	1.02109	11761
2022-07-25 03:00:00	1.02109	1.0212	1.02059	1.0207	11293
2022-07-25 04:00:00	1.0207	1.02113	1.02038	1.02072	11267
2022-07-25 05:00:00	1.02072	1.02094	1.01947	1.01986	7415
2022-07-25 06:00:00	1.01986	1.02087	1.01932	1.01964	18745
2022-07-25 07:00:00	1.01966	1.02223	1.01862	1.01928	30950
2022-07-25 08:00:00	1.01928	1.02286	1.01784	1.0222	32029
2022-07-25 09:00:00	1.02221	1.02539	1.02194	1.02426	24460
2022-07-25 10:00:00	1.02428	1.0243	1.02144	1.02344	14516
2022-07-25 11:00:00	1.02346	1.02578	1.02289	1.02295	11946
2022-07-25 12:00:00	1.02296	1.02477	1.02228	1.02454	12263
2022-07-25 13:00:00	1.02454	1.0255	1.02356	1.02488	9117
2022-07-25 14:00:00	1.02485	1.02514	1.02032	1.02181	23180
2022-07-25 15:00:00	1.02182	1.0223	1.02058	1.02098	15411
2022-07-25 16:00:00	1021	1.02249	1.0206	1.02211	7982
2022-07-25 17:00:00	1.02209	1.02289	1.02137	1.02202	5220
2022-07-25 18:00:00	1.02202	1.02271	1.02185	1.02212	7608
2022-07-25 19:00:00	1.02213	1.02258	1.02205	1.02254	7483
2022-07-25 20:00:00	1.02257	1.02266	1.02173	1.02176	2957
2022-07-25 21:00:00	1.02189	1.0221	1.02148	1.02199	740
2022-07-25 22:00:00	1.02199	1.02224	1.02189	1.02198	6236
2022-07-25 23:00:00	1022	1.02239	1.02162	1.02229	4237
2022-07-26 00:00:00	1.02229	1.02329	1.02218	1.02299	10748
2022-07-26 01:00:00	1023	1025	1.02272	1.02406	14454
2022-07-26 02:00:00	1.02409	1.02449	1.02357	1.02384	9024
2022-07-26 03:00:00	1.02384	1.02427	1.02266	1023	5074
2022-07-26 04:00:00	1.02299	1.02316	1.02231	1.02253	4018
2022-07-26 05:00:00	1.02253	1.02291	1.0213	1.02147	5818
2022-07-26 06:00:00	1.02149	1.02291	1021	1.02124	12049
2022-07-26 07:00:00	1.02123	1.02361	1.02082	1.02192	15094
2022-07-26 08:00:00	1.02192	1.02222	1.02021	1.02078	19476
2022-07-26 09:00:00	1.02079	1.02081	1.01707	1.01755	15494
2022-07-26 10:00:00	1.01753	1.01781	1.01355	1.01513	19989
2022-07-26 11:00:00	1.01514	1.01526	1.01247	1.01313	11740
2022-07-26 12:00:00	1.01312	1.01491	1.0116	1.01484	11104
2022-07-26 13:00:00	1.01484	1.01528	1.01272	1.01436	19906
2022-07-26 14:00:00	1.01435	1.01506	1.01197	1.01341	22878
2022-07-26 15:00:00	1.0134	1.01405	1.01128	1.01156	14472
2022-07-26 16:00:00	1.01154	1.0128	1.01074	1.01271	7060
2022-07-26 17:00:00	1.01271	1.01326	1.01162	1.0117	9493
2022-07-26 18:00:00	1.0117	1.01298	1.0117	1.01216	7546
2022-07-26 19:00:00	1.01217	1.0127	1.01139	1.01139	7401
2022-07-26 20:00:00	1.01143	1.01225	1.01142	1.01145	3312
2022-07-26 21:00:00	1.01138	1.01198	1.01138	1.01179	688
2022-07-26 22:00:00	1.01175	1.01328	1.01174	1.01289	8474
2022-07-26 23:00:00	1.0129	1.01335	1.01285	1.01285	7410
2022-07-27 00:00:00	1.01285	1.01442	1.01278	1.01401	10928
2022-07-27 01:00:00	1014	1.01472	1.01369	1.01449	17157
2022-07-27 02:00:00	1.0145	1.0147	1.0138	1.01439	14713
2022-07-27 03:00:00	1.01441	1.01469	1.01424	1.01426	9899
2022-07-27 04:00:00	1.01424	1.01521	1.01414	1.01506	5082
2022-07-27 05:00:00	1.01506	1.01522	1.01443	1.01461	6538
2022-07-27 06:00:00	1.01463	1.01587	1.01274	1.01312	14675
2022-07-27 07:00:00	1.01314	1.01525	1.01312	1.01395	16270
2022-07-27 08:00:00	1.01394	1.01509	1.01342	1.01414	17153
2022-07-27 09:00:00	1.01414	1.01548	1014	1.01428	15437
2022-07-27 10:00:00	1.01429	1.01545	1.01382	1.01533	8528
2022-07-27 11:00:00	1.01533	1.0172	1.01496	1.01505	10217
2022-07-27 12:00:00	1.01506	1.01564	1.01405	1.01427	12764
2022-07-27 13:00:00	1.01426	1.01523	1.01273	1.01343	14707
2022-07-27 14:00:00	1.01345	1.01403	1.01091	1.01201	11140
2022-07-27 15:00:00	1012	1.01377	1.01051	1.01051	8712
2022-07-27 16:00:00	1.01052	1.0116	1.00966	1.01109	6623
2022-07-27 17:00:00	1.01111	1.01428	1.01111	1.01292	7942
2022-07-27 18:00:00	1.01292	1.02118	1.01067	1.01994	24527
2022-07-27 19:00:00	1.02	1.02206	1.0187	1.02086	11506
2022-07-27 20:00:00	1.02085	1.02085	1.01939	1.01955	2640
2022-07-27 21:00:00	1.01935	1.02019	1.01935	1.02002	1208
2022-07-27 22:00:00	1.02006	1.02027	1.01887	1.02022	2574
2022-07-27 23:00:00	1.02021	1.02069	1.02006	1.02052	2498
2022-07-28 00:00:00	1.02052	1.02121	1.01803	1.01859	4002
2022-07-28 01:00:00	1.01859	1.02144	1.01835	1.02059	7396
2022-07-28 02:00:00	1.02058	1.02067	1.01959	1.02049	4200
2022-07-28 03:00:00	1.0205	1.02156	1.02047	1.02095	2639
2022-07-28 04:00:00	1.02094	1.02233	1.02003	1.02021	3852
2022-07-28 05:00:00	1.02022	1.02255	1.02015	1.02209	3042
2022-07-28 06:00:00	1.02208	1.02343	1.02024	1.02159	8076
2022-07-28 07:00:00	1.02161	1.02163	1.01852	1.02099	11796
2022-07-28 08:00:00	1.02103	1.02195	1.01961	1.02175	21380
2022-07-28 09:00:00	1.02173	1.02173	1.0152	1.01532	23699
2022-07-28 10:00:00	1.0153	1.01656	1.01235	1.01336	25617
2022-07-28 11:00:00	1.01336	1.01366	1.01138	1.01178	13656
2022-07-28 12:00:00	1.01179	1.01748	1.01156	1.01637	43580
2022-07-28 13:00:00	1.01636	1.01734	1.01261	1.01395	36299
2022-07-28 14:00:00	1.01396	1.01684	1.01388	1.01561	25278
2022-07-28 15:00:00	1.01563	1.01711	1.01459	1.01651	17481
2022-07-28 16:00:00	1.01651	1.01651	1.01419	1.01578	15296
2022-07-28 17:00:00	1.01578	1.01663	1.01551	1016	7799
2022-07-28 18:00:00	1.01602	1.01767	1.0156	1.01764	6338
2022-07-28 19:00:00	1.01765	1.01882	1.01763	1.01864	5970
2022-07-28 20:00:00	1.01862	1.01995	1.01848	1.01966	4201
2022-07-28 21:00:00	1.0196	1.01965	1.01915	1.01948	946
2022-07-28 22:00:00	1.01948	1.01959	1.01899	1.01949	6871
2022-07-28 23:00:00	1.01949	1.01958	1.01888	1.01918	8488
2022-07-29 00:00:00	1.0192	1.02029	1.01892	1.01979	13574
2022-07-29 01:00:00	1.01979	1.02039	1.0194	1.01971	13906
2022-07-29 02:00:00	1.01971	1.0199	1.0191	1.01957	7668
2022-07-29 03:00:00	1.01956	1.02247	1.01913	1.02131	12802
2022-07-29 04:00:00	1.0213	1.02213	1.02079	1.0209	20472
2022-07-29 05:00:00	1.0209	1.02201	1.0209	1.02096	24766
2022-07-29 06:00:00	1.02099	1.02542	1.02096	1.02421	31803
2022-07-29 07:00:00	1.02419	1.02526	1.0222	1.02363	25519
2022-07-29 08:00:00	1.02362	1.02367	1.02027	1.02212	25524
2022-07-29 09:00:00	1.0221	1023	1.01854	1.02027	21652
2022-07-29 10:00:00	1.02027	1.02457	1.0197	1.0241	18406
2022-07-29 11:00:00	1.02409	1.02409	1.02054	1.0209	24913
2022-07-29 12:00:00	1.0209	1.02106	1.01742	1.01771	44194
2022-07-29 13:00:00	1.0177	1.01771	1.0146	1.01654	27481
2022-07-29 14:00:00	1.01659	1.01978	1.01524	1.01953	26055
2022-07-29 15:00:00	1.01955	1.02129	1.01921	1.02013	17688
2022-07-29 16:00:00	1.02014	1.02106	1.01772	1.01968	25755
2022-07-29 17:00:00	1.01967	1.02141	1.01934	1.02097	15040
2022-07-29 18:00:00	1.02098	1.02203	1.02065	1.02198	13543
2022-07-29 19:00:00	1.02199	1.02228	1.02124	1.02208	7639
2022-07-29 20:00:00	1.02209	1.02269	1.0217	1.02248	2309
2022-07-31 21:00:00	1.02098	1.0222	1.02098	1.02203	1330
2022-07-31 22:00:00	1.02231	1.0224	1.02076	1.02148	10653
2022-07-31 23:00:00	1.02148	1.02165	1.02053	1.02102	10925
2022-08-01 00:00:00	1.02102	1.0226	1.02075	1.02201	25904
2022-08-01 01:00:00	1.02201	1.02402	1.02154	1.02326	31186
2022-08-01 02:00:00	1.02327	1.02411	1.02315	1.02395	16767
2022-08-01 03:00:00	1.02399	1.02402	1.02234	1.02254	14093
2022-08-01 04:00:00	1.02253	1.02314	1.02204	1.02237	11594
2022-08-01 05:00:00	1.02238	1.02255	1.02133	1.02159	14265
2022-08-01 06:00:00	1.02159	1.02409	1.02132	1.02333	22461
2022-08-01 07:00:00	1.02334	1.02406	1.02247	1.02297	31697
2022-08-01 08:00:00	1.02298	1.02675	1.0227	1.02557	32850
2022-08-01 09:00:00	1.02558	1027	1.02513	1.02638	25806
2022-08-01 10:00:00	1.02638	1.02673	1.02462	1.02517	23621
2022-08-01 11:00:00	1.02517	1.02541	1.02287	1.02329	29310
2022-08-01 12:00:00	1.02331	1.02409	1.02248	1.02358	34997
2022-08-01 13:00:00	1.02358	1.02626	1.02265	1.02538	39797
2022-08-01 14:00:00	1.02538	1.02749	1.02333	1.02726	45629
2022-08-01 15:00:00	1.02725	1.02751	1.02664	1.02681	21006
2022-08-01 16:00:00	1.0268	1.02748	1.02626	1.02739	20333
2022-08-01 17:00:00	1.0274	1.02741	1.0253	1.02592	23010
2022-08-01 18:00:00	1.02594	1.02621	1.02452	1.02536	22626
2022-08-01 19:00:00	1.02537	1.02595	1.02491	1.02583	18523
2022-08-01 20:00:00	1.02581	1.02616	1.02556	1.02607	3638
2022-08-01 21:00:00	1.02607	1.02607	1.02581	1.02587	733
2022-08-01 22:00:00	1.02587	1.02633	1.0258	1.02618	8721
2022-08-01 23:00:00	1.02618	1.02686	1.02592	1.02627	12987
2022-08-02 00:00:00	1.02629	1.02939	1.0256	1.02864	33637
2022-08-02 01:00:00	1.02865	1.02865	1.02648	1.0268	42203
2022-08-02 02:00:00	1.02682	1.02764	1.02609	1.02745	33602
2022-08-02 03:00:00	1.02745	1.02824	1.0265	1.02736	25362
2022-08-02 04:00:00	1.02735	1.02795	1.02682	1.0271	16664
2022-08-02 05:00:00	1.02709	1.02765	1.02651	1.02675	17912
2022-08-02 06:00:00	1.02675	1.02675	1.02358	1.02416	28450
2022-08-02 07:00:00	1.02416	1.0248	1.02149	1.02245	41454
2022-08-02 08:00:00	1.02249	1.02443	1.02192	1.02405	31474
2022-08-02 09:00:00	1.02405	1.02453	1.02312	1.02379	27627
2022-08-02 10:00:00	1.02378	1.02391	1.02212	1.02267	24211
2022-08-02 11:00:00	1.02267	1.02426	1.0219	1.02236	25983
2022-08-02 12:00:00	1.02238	1.02326	1.02067	1.02118	39712
2022-08-02 13:00:00	1.02121	1.02357	1.02021	1.02069	45086
2022-08-02 14:00:00	1.02069	1.02116	1.0181	1.01997	49901
2022-08-02 15:00:00	1.01997	1.0213	1.01908	1.01957	34132
2022-08-02 16:00:00	1.01958	1.02103	1.01916	1.01948	25032
2022-08-02 17:00:00	1.01948	1.01959	1.01708	1.01839	27495
2022-08-02 18:00:00	1.01839	1.01893	1.01721	1.01726	24598
2022-08-02 19:00:00	1.01727	1.01804	1.01679	1.01687	17751
2022-08-02 20:00:00	1.01692	1.01696	1.01633	1.01652	3207
2022-08-02 21:00:00	1.01648	1.01659	1.0163	1.01631	462
2022-08-02 22:00:00	1.0163	1.01727	1.01629	1.01639	11513
2022-08-02 23:00:00	1.01639	1.01656	1.01545	1.01563	19307
2022-08-03 00:00:00	1.01562	1.01639	1.01498	1.01579	25727
2022-08-03 01:00:00	1.01581	1.01709	1.01565	1.01705	29785
2022-08-03 02:00:00	1.01705	1.01821	1.01684	1.01804	25875
2022-08-03 03:00:00	1.01802	1.01934	1.01772	1.01912	25404
2022-08-03 04:00:00	1.01912	1.01929	1.0181	1.01858	22491
2022-08-03 05:00:00	1.01859	1.01868	1.01743	1.0176	22287
2022-08-03 06:00:00	1.01758	1.01798	1.0154	1.01593	30943
2022-08-03 07:00:00	1.01594	1.01912	1.01591	1.01777	43645
2022-08-03 08:00:00	1.01782	1.0189	1.01781	1.01878	31372
2022-08-03 09:00:00	1.01876	1.01977	1.0181	1.01861	29211
2022-08-03 10:00:00	1.01863	1.02002	1.01787	1.01877	31707
2022-08-03 11:00:00	1.01876	1.02102	1.01801	1.0184	34700
2022-08-03 12:00:00	1.01839	1.01967	1.01797	1.01858	34799
2022-08-03 13:00:00	1.01858	1.01873	1.01654	1.01699	38890
2022-08-03 14:00:00	1.01696	1.01696	1.0125	1.01301	56969
2022-08-03 15:00:00	1.01301	1.01464	1.01226	1.01444	31432
2022-08-03 16:00:00	1.01445	1.01664	1014	1.01497	26907
2022-08-03 17:00:00	1.01499	1.01599	1.01482	1.01576	13635
2022-08-03 18:00:00	1.01577	1.01603	1.01491	1.01547	15716
2022-08-03 19:00:00	1.01547	1.01738	1.01539	1.0168	17850
2022-08-03 20:00:00	1.01683	1.01722	1.01641	1.01643	6629
2022-08-03 21:00:00	1.01642	1.01696	1.01622	1.01692	398
2022-08-03 22:00:00	1.01698	1.01707	1.0156	1.01615	9805
2022-08-03 23:00:00	1.01615	1.01623	1.01564	1.01565	9124
2022-08-04 00:00:00	1.01563	1.01662	1.01542	1.01652	15583
2022-08-04 01:00:00	1.01651	1.0176	1.0161	1.0169	19435
2022-08-04 02:00:00	1.01691	1.01728	1.01614	1.01646	12323
2022-08-04 03:00:00	1.01646	1.01704	1.01602	1.01626	8942
2022-08-04 04:00:00	1.01626	1.01673	1.01609	1.01639	8897
2022-08-04 05:00:00	1.01638	1.01738	1.01618	1.01629	16096
2022-08-04 06:00:00	1.01629	1.01722	1.01565	1.01678	23320
2022-08-04 07:00:00	1.01679	1.01862	1.01663	1.01788	35049
2022-08-04 08:00:00	1.01787	1.0194	1.01743	1.01914	27563
2022-08-04 09:00:00	1.01914	1.01977	1.01855	1.01883	24538
2022-08-04 10:00:00	1.01883	1.0196	1.01851	1.01911	20815
2022-08-04 11:00:00	1.01901	1.01955	1.01602	1.01758	43996
2022-08-04 12:00:00	1.01758	1.01951	1.01653	1.01879	31633
2022-08-04 13:00:00	1.01877	1.01963	1.01733	1.01914	38082
2022-08-04 14:00:00	1.01915	1.02119	1.0186	1.02116	40239
2022-08-04 15:00:00	1.02115	1.02338	1.02058	1.0222	26208
2022-08-04 16:00:00	1.02218	1.02393	1.0218	1.02364	23451
2022-08-04 17:00:00	1.02363	1.02424	1.02305	1.02372	14890
2022-08-04 18:00:00	1.02371	1025	1.02363	1.02498	9441
2022-08-04 19:00:00	1.02497	1.02537	1.02438	1.02453	9248
2022-08-04 20:00:00	1.02452	1.02475	1.02422	1.0244	3063
2022-08-04 21:00:00	1.02441	1.0248	1.0244	1.02456	721
2022-08-04 22:00:00	1.02456	1.02481	1.02427	1.02475	5162
2022-08-04 23:00:00	1.02476	1.0252	1.02458	1.02472	5901
2022-08-05 00:00:00	1.02472	1.02482	1.02316	1.02321	9972
2022-08-05 01:00:00	1.02322	1.02384	1.02294	1.02329	10936
2022-08-05 02:00:00	1.0233	1.02364	1.02294	1.0234	8446
2022-08-05 03:00:00	1.02338	1.02395	1.02331	1.02363	6517
2022-08-05 04:00:00	1.02363	1.02388	1.02335	1.02349	5239
2022-08-05 05:00:00	1.02349	1.02366	1.02274	1.02313	8919
2022-08-05 06:00:00	1.02313	1.02371	1.02224	1.02357	13980
2022-08-05 07:00:00	1.02354	1.02391	1.02262	1.02335	16778
2022-08-05 08:00:00	1.02334	1.02375	1.0218	1.02235	15682
2022-08-05 09:00:00	1.02235	1.02314	1.02222	1.02285	13587
2022-08-05 10:00:00	1.02285	1.02362	1.02257	1.02359	15859
2022-08-05 11:00:00	1.02361	1.02385	1.02286	1.02311	13880
2022-08-05 12:00:00	1.02308	1.02364	1.01539	1.01578	42387
2022-08-05 13:00:00	1.01578	1.0178	1.01415	1.01751	41174
2022-08-05 14:00:00	1.01752	1.01857	1.01608	1.01664	37926
2022-08-05 15:00:00	1.01661	1.01702	1.01511	1.01685	34757
2022-08-05 16:00:00	1.01688	1.01873	1.01664	1.01827	24855
2022-08-05 17:00:00	1.01826	1.01927	1.01788	1.01811	23143
2022-08-05 18:00:00	1.01809	1.0184	1.0172	1.01764	19272
2022-08-05 19:00:00	1.01764	1.01848	1.01733	1.01775	9476
2022-08-05 20:00:00	1.01777	1.01831	1.01761	1.01825	4133
2022-08-07 21:00:00	1.01726	1.01786	1.01726	1.0177	367
2022-08-07 22:00:00	1.01768	1.01769	1.01691	1.01728	4608
2022-08-07 23:00:00	1.01729	1.01757	1.01701	1.01719	3923
2022-08-08 00:00:00	1.01718	1.01739	1.0159	1.01662	5658
2022-08-08 01:00:00	1.01662	1.0177	1.0164	1.01754	2226
2022-08-08 02:00:00	1.01754	1.01831	1.01723	1018	1722
2022-08-08 03:00:00	1.01797	1.01856	1.01781	1.01855	2005
2022-08-08 04:00:00	1.01854	1.01858	1.01794	1.01855	1481
2022-08-08 05:00:00	1.01855	1.01886	1.01813	1.01862	2515
2022-08-08 06:00:00	1.01864	1.01883	1.01712	1.01776	5424
2022-08-08 07:00:00	1.01777	1.02147	1.01746	1.0209	8582
2022-08-08 08:00:00	1.0209	1.0209	1.01828	1.01918	6829
2022-08-08 09:00:00	1.01917	1.01919	1.01726	1.01875	10801
2022-08-08 10:00:00	1.01876	1.01932	1.01805	1.01916	11131
2022-08-08 11:00:00	1.01916	1.02013	1.0184	1.02004	15541
2022-08-08 12:00:00	1.02011	1.02022	1.01838	1.01985	18166
2022-08-08 13:00:00	1.01987	1.02148	1.01907	1.02013	22337
2022-08-08 14:00:00	1.02013	1.02192	1.01952	1.02168	25983
2022-08-08 15:00:00	1.02169	1.02217	1.0205	1.02062	16415
2022-08-08 16:00:00	1.02061	1.02123	1.01945	1.01959	15091
2022-08-08 17:00:00	1.01958	1.0205	1.01934	1.02019	14135
2022-08-08 18:00:00	1.02021	1.02054	1.01851	1.01866	16934
2022-08-08 19:00:00	1.01866	1.01929	1.0186	1.01919	14196
2022-08-08 20:00:00	1.0192	1.01961	1.01912	1.01946	3010
2022-08-08 21:00:00	1.01946	1.01951	1.01916	1.01932	951
2022-08-08 22:00:00	1.01929	1.01956	1.01924	1.01944	4270
2022-08-08 23:00:00	1.01946	1.01998	1.01944	1.01978	4305
2022-08-09 00:00:00	1.01976	1.02008	1.01888	1.01913	10763
2022-08-09 01:00:00	1.01912	1.01938	1.01885	1.0191	7389
2022-08-09 02:00:00	1.01911	1.0194	1.01889	1.01932	4714
2022-08-09 03:00:00	1.01933	1.01974	1.01927	1.01961	3854
2022-08-09 04:00:00	1.01957	1.01961	1.01916	1.01938	3303
2022-08-09 05:00:00	1.01939	1.0201	1.01926	1.01997	6260
2022-08-09 06:00:00	1.01998	1.02101	1.01983	1.02053	13150
2022-08-09 07:00:00	1.02056	1.02148	1.01954	1.02144	13186
2022-08-09 08:00:00	1.02146	1.02447	1.02134	1.02393	16421
2022-08-09 09:00:00	1.02391	1.02472	1.02309	1.02378	15247
2022-08-09 10:00:00	1.02378	1.02401	1.02244	1.02249	12899
2022-08-09 11:00:00	1.02251	1.02306	1.02146	1.02198	18216
2022-08-09 12:00:00	1.02199	1.02426	1.02199	1.02372	16948
2022-08-09 13:00:00	1.02371	1.02441	1.02341	1.02393	17879
2022-08-09 14:00:00	1.02391	1.02407	1.02191	1.02226	21083
2022-08-09 15:00:00	1.02225	1.02299	1.02191	1.02251	13672
2022-08-09 16:00:00	1.02251	1.02316	1.02145	1.02182	9377
2022-08-09 17:00:00	1.02182	1022	1.02114	1.0214	7486
2022-08-09 18:00:00	1.02141	1.02171	1.02033	1.02048	10185
2022-08-09 19:00:00	1.02048	1.02119	1.02024	1.02078	9013
2022-08-09 20:00:00	1.02078	1.02154	1.02075	1.02126	2629
2022-08-09 21:00:00	1.02126	1.02147	1.02113	1.02131	1622
2022-08-09 22:00:00	1.0213	1.02144	1.0205	1.0206	8274
2022-08-09 23:00:00	1.0206	1.02096	1.0205	1.02079	4668
2022-08-10 00:00:00	1.02077	1.02094	1.02027	1.02075	8099
2022-08-10 01:00:00	1.02075	1.0216	1.02053	1.02117	6947
2022-08-10 02:00:00	1.02119	1.0219	1.02106	1.0218	5633
2022-08-10 03:00:00	1.0218	1.02183	1.02121	1.02137	3333
2022-08-10 04:00:00	1.02139	1.02162	1.02117	1.02129	3097
2022-08-10 05:00:00	1.02129	1.02183	1.02112	1.02115	5056
2022-08-10 06:00:00	1.02117	1.02143	1.02051	1.02113	9957
2022-08-10 07:00:00	1.0211	1.0218	1.02081	1.02104	15837
2022-08-10 08:00:00	1.02103	1.02257	1.0202	1.02221	17118
2022-08-10 09:00:00	1.02222	1.02307	1.0217	1.02272	14530
2022-08-10 10:00:00	1.02272	1.02451	1.02226	1.02416	11879
2022-08-10 11:00:00	1.02416	1.02607	1.02342	1.02581	14730
2022-08-10 12:00:00	1.02585	1.03462	1.02401	1.03241	39129
2022-08-10 13:00:00	1.03242	1.03348	1.03051	1.03219	51961
2022-08-10 14:00:00	1.03219	1.03566	1.03178	1.03551	49068
2022-08-10 15:00:00	1.0355	1.03685	1.03286	1.03334	30249
2022-08-10 16:00:00	1.03333	1.03356	1.03167	1.03248	29108
2022-08-10 17:00:00	1.03248	1.03281	1.03161	1.03164	22717
2022-08-10 18:00:00	1.03163	1.03189	1.0302	1.03035	27723
2022-08-10 19:00:00	1.03037	1.03056	1.02945	1.03032	18782
2022-08-10 20:00:00	1.03031	1.03034	1.02956	1.02988	7532
2022-08-10 21:00:00	1.02987	1.03007	1.02979	1.02993	15499
2022-08-10 22:00:00	1.02992	1.03046	1.02974	1.03016	7885
2022-08-10 23:00:00	1.03016	1.03021	1.02982	1.02986	14171
2022-08-11 00:00:00	1.02986	1.03038	1.02933	1.02981	19826
2022-08-11 01:00:00	1.0298	1.0298	1.02837	1.0288	17756
2022-08-11 02:00:00	1.02883	1.02884	1.02818	1.02832	15659
2022-08-11 03:00:00	1.02831	1.02915	1.02812	1.02883	12080
2022-08-11 04:00:00	1.02886	1.02932	1.0283	1.02831	6588
2022-08-11 05:00:00	1.02831	1.02852	1.02752	1.02816	12689
2022-08-11 06:00:00	1.02817	1.03138	1.02783	1.03115	26327
2022-08-11 07:00:00	1.03116	1.03322	1.03074	1.03255	36478
2022-08-11 08:00:00	1.03254	1.03413	1.03185	1.0341	25473
2022-08-11 09:00:00	1.03409	1.03413	1.03246	1.03359	21992
2022-08-11 10:00:00	1.03359	1.03428	1.03279	1.03369	22087
2022-08-11 11:00:00	1.0337	1034	1.03219	1.03245	21418
2022-08-11 12:00:00	1.03244	1.03517	1.03234	1.03469	40765
2022-08-11 13:00:00	1.03468	1.03642	1.03376	1.03588	37586
2022-08-11 14:00:00	1.03587	1.0361	1.03301	1.03442	42856
2022-08-11 15:00:00	1.03444	1.03461	1.03236	1.03372	28800
2022-08-11 16:00:00	1.03372	1.03393	1.03267	1.03298	18857
2022-08-11 17:00:00	1.03301	1.03324	1.03173	1.03218	20851
2022-08-11 18:00:00	1.03218	1.03249	1.03095	1.03244	20691
2022-08-11 19:00:00	1.03244	1.03262	1.03116	1.03168	12851
2022-08-11 20:00:00	1.03167	1.03255	1.03157	1.0319	4773
2022-08-11 21:00:00	1.0317	1.03234	1.03134	1.03226	1092
2022-08-11 22:00:00	1.03226	1.03274	1.03207	1.03214	7055
2022-08-11 23:00:00	1.03215	1.03236	1.03179	1.03203	6908
2022-08-12 00:00:00	1.03202	1.03251	1.03065	1.03128	17963
2022-08-12 01:00:00	1.03128	1.03156	1.03048	1.03061	15284
2022-08-12 02:00:00	1.03061	1.0313	1.03055	1.03114	12537
2022-08-12 03:00:00	1.03111	1.03175	1.03081	1.03171	8035
2022-08-12 04:00:00	1.0317	1.03215	1.0314	1.03174	8106
2022-08-12 05:00:00	1.03174	1.03241	1.03135	1.03149	11135
2022-08-12 06:00:00	1.0315	1.03229	1.03096	1.03113	23523
2022-08-12 07:00:00	1.03113	1.03163	1.02911	1.02971	27487
2022-08-12 08:00:00	1.0297	1.03038	1.0288	1.0302	19617
2022-08-12 09:00:00	1.0302	1.03083	1.02946	1.02981	21187
2022-08-12 10:00:00	1.02984	1.02987	1.0285	1.02914	24995
2022-08-12 11:00:00	1.02914	1.02976	1.02775	1.02776	25576
2022-08-12 12:00:00	1.02776	1.02907	1.02688	1.02705	27698
2022-08-12 13:00:00	1.02705	1.0284	1.02681	1.02802	27968
2022-08-12 14:00:00	1.02803	1.02803	1.0238	1.02447	54070
2022-08-12 15:00:00	1.02445	1.02592	1.02438	1.02545	26769
2022-08-12 16:00:00	1.02545	1.02616	1.0251	1.02563	15199
2022-08-12 17:00:00	1.02564	1.02677	1.02563	1.02607	12814
2022-08-12 18:00:00	1.02606	1.02672	1.02595	1.02651	8925
2022-08-12 19:00:00	1.02651	1.02666	1.02598	1.02603	6468
2022-08-12 20:00:00	1.02603	1.02619	1.02544	1.0259	3945
2022-08-14 21:00:00	1.02551	1.02602	1.02551	1.02582	941
2022-08-14 22:00:00	1.02583	1.02625	1.02565	1.02596	7237
2022-08-14 23:00:00	1.02596	1.02629	1.02534	1.02534	6388
2022-08-15 00:00:00	1.02533	1.02673	1.02533	1.0266	12859
2022-08-15 01:00:00	1.0266	1.02682	1.02529	1.02571	13770
2022-08-15 02:00:00	1.02574	1.02574	1.02397	1.02454	13724
2022-08-15 03:00:00	1.02455	1.02529	1.02419	1.02518	10327
2022-08-15 04:00:00	1.02519	1.02557	1025	1.02503	8408
2022-08-15 05:00:00	1.02502	1.02521	1.02397	1.02403	10812
2022-08-15 06:00:00	1.02404	1.02471	1.02322	1.0236	18850
2022-08-15 07:00:00	1.02362	1.02445	1.02299	1.0234	22327
2022-08-15 08:00:00	1.0234	1.02364	1.01999	1.02069	25403
2022-08-15 09:00:00	1.0207	1.02109	1.01865	1.01992	25607
2022-08-15 10:00:00	1.01991	1.02069	1.01857	1.02038	23867
2022-08-15 11:00:00	1.02039	1.02085	1.01895	1.01953	17789
2022-08-15 12:00:00	1.01952	1.02144	1.01903	1.02006	35516
2022-08-15 13:00:00	1.02006	1.0223	1.01934	1.01981	33521
2022-08-15 14:00:00	1.01982	1.02007	1.0185	1.01939	31061
2022-08-15 15:00:00	1.01939	1.01961	1.01812	1.01848	19312
2022-08-15 16:00:00	1.01848	1.01853	1.01715	1.01756	16384
2022-08-15 17:00:00	1.01756	1.01782	1.01634	1.01644	12947
2022-08-15 18:00:00	1.01645	1.01652	1.01544	1.0156	14401
2022-08-15 19:00:00	1.0156	1.01641	1.01559	1.01605	10227
2022-08-15 20:00:00	1.01604	1.0164	1.0156	1.01592	4134
2022-08-15 21:00:00	1.01592	1.01625	1.01578	1.01599	1721
2022-08-15 22:00:00	1016	1.01669	1.01533	1.01623	10478
2022-08-15 23:00:00	1.01623	1.01634	1.01589	1.01613	9129
2022-08-16 00:00:00	1.01614	1.01616	1.01473	1.01535	13888
2022-08-16 01:00:00	1.01534	1.01585	1.01488	1.01568	18436
2022-08-16 02:00:00	1.01567	1.01686	1.01567	1.01686	13960
2022-08-16 03:00:00	1.01689	1.01698	1.01607	1.01619	13658
2022-08-16 04:00:00	1.0162	1.01635	1.01575	1.01587	6022
2022-08-16 05:00:00	1.01588	1.0165	1.0155	1.01638	9837
2022-08-16 06:00:00	1.01638	1.01687	1.01513	1.01541	20436
2022-08-16 07:00:00	1.01541	1.01625	1.01339	1.01595	36254
2022-08-16 08:00:00	1.01595	1.01604	1.01349	1.01387	24167
2022-08-16 09:00:00	1.0139	1.0142	1.01247	1.01335	27780
2022-08-16 10:00:00	1.01334	1.01422	1.01258	1.01334	22753
2022-08-16 11:00:00	1.01335	1.01361	1.01225	1.01277	24715
2022-08-16 12:00:00	1.01276	1.01463	1.01247	1.01436	25295
2022-08-16 13:00:00	1.01436	1.0178	1.01429	1.0176	34566
2022-08-16 14:00:00	1.01762	1.01948	1.0165	1.01786	37493
2022-08-16 15:00:00	1.01787	1.01837	1.0171	1.01731	18855
2022-08-16 16:00:00	1.01731	1.01735	1.01629	1.01656	12287
2022-08-16 17:00:00	1.01656	1.01786	1.01654	1.0176	8928
2022-08-16 18:00:00	1.01758	1.01806	1.01624	1.01681	15115
2022-08-16 19:00:00	1.01681	1.0171	1.01618	1017	15556
2022-08-16 20:00:00	1.01699	1.01724	1.01681	1.01702	2936
2022-08-16 21:00:00	1.01702	1.01702	1.01655	1.01673	2054
2022-08-16 22:00:00	1.01674	1.0173	1.01674	1.01704	6258
2022-08-16 23:00:00	1.01704	1.01747	1.01694	1.01694	8836
2022-08-17 00:00:00	1.01696	1.01736	1.0166	1.01704	14806
2022-08-17 01:00:00	1.01703	1.01764	1.01665	1.01715	13761
2022-08-17 02:00:00	1.01714	1.01792	1.01687	1.01735	12960
2022-08-17 03:00:00	1.01734	1.01765	1.01681	1.01733	9173
2022-08-17 04:00:00	1.01733	1.01836	1.01688	1.01814	9995
2022-08-17 05:00:00	1.01813	1.01852	1.01761	1.0182	10378
2022-08-17 06:00:00	1.01821	1.01864	1.01567	1.01632	22174
2022-08-17 07:00:00	1.01631	1.01675	1.01492	1.01663	22753
2022-08-17 08:00:00	1.01662	1.01838	1.01515	1.01738	24088
2022-08-17 09:00:00	1.01737	1.01837	1.01685	1.01811	22134
2022-08-17 10:00:00	1.01811	1.0182	1.01654	1.01743	20370
2022-08-17 11:00:00	1.01745	1.01745	1.01541	1.01672	25469
2022-08-17 12:00:00	1.01672	1.01707	1.01453	1.01583	28943
2022-08-17 13:00:00	1.01582	1.0174	1.01529	1.01666	34171
2022-08-17 14:00:00	1.01666	1.01984	1.01612	1.01619	33039
2022-08-17 15:00:00	1.0162	1.01732	1.01608	1.01611	24798
2022-08-17 16:00:00	1.01613	1.01708	1.01603	1.01651	15289
2022-08-17 17:00:00	1.01652	1.01702	1.01628	1.01685	12459
2022-08-17 18:00:00	1.01685	1.02029	1.01678	1.01845	40537
2022-08-17 19:00:00	1.01845	1.01907	1.01787	1.01801	18385
2022-08-17 20:00:00	1018	1.01805	1.01752	1.01797	3602
2022-08-17 21:00:00	1.0178	1.01796	1.01757	1.01757	386
2022-08-17 22:00:00	1.01758	1.01799	1.01749	1.01779	6838
2022-08-17 23:00:00	1.0178	1.01781	1.01724	1.01773	6511
2022-08-18 00:00:00	1.01774	1.01929	1.01741	1.01878	12882
2022-08-18 01:00:00	1.01877	1.01913	1.01835	1.01866	12174
2022-08-18 02:00:00	1.01868	1.01893	1.01801	1.01803	5329
2022-08-18 03:00:00	1.01802	1.01808	1.0167	1.01705	9406
2022-08-18 04:00:00	1.01704	1.01716	1.01628	1.01668	7566
2022-08-18 05:00:00	1.01668	1.01782	1.01629	1.01643	11259
2022-08-18 06:00:00	1.01643	1.01671	1.01489	1.0151	23268
2022-08-18 07:00:00	1.01511	1.01646	1.01458	1.01611	26530
2022-08-18 08:00:00	1.01613	1.01766	1.01603	1.01669	21608
2022-08-18 09:00:00	1.01668	1.01736	1.01579	1.01701	21433
2022-08-18 10:00:00	1017	1.01815	1.01645	1.01734	19271
2022-08-18 11:00:00	1.01735	1.0188	1.01714	1.01772	22624
2022-08-18 12:00:00	1.01771	1.01866	1.01586	1.01698	30830
2022-08-18 13:00:00	1.01698	1.0172	1.0121	1.01236	33345
2022-08-18 14:00:00	1.01236	1.01316	1.01116	1.01286	25909
2022-08-18 15:00:00	1.01286	1.01394	1.01123	1.01124	21567
2022-08-18 16:00:00	1.01123	1.0115	1.00887	1009	19709
2022-08-18 17:00:00	1009	1.00931	1.00795	1.00811	23778
2022-08-18 18:00:00	1.00812	1.00932	1.00806	1.00903	14916
2022-08-18 19:00:00	1.00904	1.0099	1.00901	1.00938	10084
2022-08-18 20:00:00	1.00937	1.00943	1.00851	1.00868	3324
2022-08-18 21:00:00	1.0087	1.00891	1.00853	1.00867	3080
2022-08-18 22:00:00	1.00866	1.0091	1.00845	1.00862	6918
2022-08-18 23:00:00	1.00862	1.00922	1.00856	1.00893	6253
2022-08-19 00:00:00	1.00893	1.00911	1.00739	1.00791	13277
2022-08-19 01:00:00	1.0079	1.00832	1.00697	1.00748	11169
2022-08-19 02:00:00	1.00748	1.00862	1.00739	1.00856	12378
2022-08-19 03:00:00	1.00858	1.00867	1.00784	1008	6519
2022-08-19 04:00:00	1.00801	1.00802	1.00717	1.00759	6766
2022-08-19 05:00:00	1.00757	1.00833	1.00738	1.00828	11473
2022-08-19 06:00:00	1.00829	1.00897	1.00741	1.00804	21926
2022-08-19 07:00:00	1.00805	1.00954	1.00742	1.00898	28304
2022-08-19 08:00:00	1.00902	1.00907	1.00777	1.00885	20440
2022-08-19 09:00:00	1.00885	1.0089	1.00719	1.00725	20466
2022-08-19 10:00:00	1.00726	1.00729	1.00546	1.00574	22544
2022-08-19 11:00:00	1.00576	1.00606	1.00454	1.00483	29136
2022-08-19 12:00:00	1.00483	1.00675	1.00474	1.00653	29502
2022-08-19 13:00:00	1.00652	1.00684	1.00512	1.00536	33018
2022-08-19 14:00:00	1.00534	1.00546	1.00395	1.00411	28162
2022-08-19 15:00:00	1.00409	1.00506	1.00348	1.00368	24463
2022-08-19 16:00:00	1.00369	1.0041	1.00324	1.00356	16847
2022-08-19 17:00:00	1.00357	1.00451	1.00337	1.00431	12850
2022-08-19 18:00:00	1.00429	1.00457	1.0032	1.00328	11276
2022-08-19 19:00:00	1.00331	1.00406	1.00318	1004	7117
2022-08-19 20:00:00	1.00402	1.00431	1.00326	1.00326	3783
2022-08-21 21:00:00	1.00366	1004	1.00347	1.00385	487
2022-08-21 22:00:00	1.00385	1.00404	1.00309	1.00355	10341
2022-08-21 23:00:00	1.00357	1.00366	1.00302	1.0036	13782
2022-08-22 00:00:00	1.00361	1.00365	1.00247	1.00257	13274
2022-08-22 01:00:00	1.00256	1.00305	1.00233	1.00277	14444
2022-08-22 02:00:00	1.00277	1.00452	1.0025	1.0045	12122
2022-08-22 03:00:00	1.00449	1.00466	1.00394	1.00428	8787
2022-08-22 04:00:00	1.00427	1.00428	1.00353	1.00378	6264
2022-08-22 05:00:00	1.00378	1.00395	1.00321	1.00322	7801
2022-08-22 06:00:00	1.0032	1.00333	1.00218	1.00222	21530
2022-08-22 07:00:00	1.00221	1.00273	0.99994	1.00037	25266
2022-08-22 08:00:00	1.00037	1.00182	0.9989	1.00137	34558
2022-08-22 09:00:00	1.00136	1.00157	0.99993	1.0014	23656
2022-08-22 10:00:00	1.0014	1.00181	1.00038	1.00098	20737
2022-08-22 11:00:00	1.00097	1.00141	0.99953	1.00006	21439
2022-08-22 12:00:00	1.00007	1.00086	0.99952	1.0006	30170
2022-08-22 13:00:00	1.00062	1.00073	0.99692	0.99694	31952
2022-08-22 14:00:00	0.99693	0.9977	996	0.99668	35067
2022-08-22 15:00:00	0.99667	0.99675	0.99275	0.99345	31280
2022-08-22 16:00:00	0.99345	0.99493	993	0.99317	22150
2022-08-22 17:00:00	0.99318	0.99376	0.9926	0.99272	14768
2022-08-22 18:00:00	0.99273	0.99364	0.99267	0.99329	14268
2022-08-22 19:00:00	0.9933	0.9946	0.99328	0.99426	11837
2022-08-22 20:00:00	0.99428	0.99455	0.99403	0.99427	3260
2022-08-22 21:00:00	0.99427	0.99441	0.99398	0.9942	1017
2022-08-22 22:00:00	0.99421	0.99453	994	0.9943	3686
2022-08-22 23:00:00	0.99429	0.9943	0.99329	0.9938	8557
2022-08-23 00:00:00	0.99381	995	993	0.99397	15145
2022-08-23 01:00:00	0.99396	0.9949	0.99372	0.99401	18212
2022-08-23 02:00:00	0.99401	0.9945	0.99354	0.99446	15636
2022-08-23 03:00:00	0.99448	0.99459	0.99393	0.99418	11049
2022-08-23 04:00:00	0.99417	0.99428	0.99343	0.99345	8432
2022-08-23 05:00:00	0.99344	0.99364	0.99149	0.99196	18430
2022-08-23 06:00:00	0.99197	0.99226	0.99019	0.99061	26013
2022-08-23 07:00:00	0.99063	0.99496	0.99002	0.99332	42200
2022-08-23 08:00:00	0.99332	0.99427	0.99251	0.99319	32414
2022-08-23 09:00:00	0.9932	0.99403	0.9915	0.99296	27370
2022-08-23 10:00:00	0.99295	0.99326	0.99125	0.99241	22376
2022-08-23 11:00:00	0.99239	0.99354	0.99208	0.99245	22477
2022-08-23 12:00:00	0.99245	0.99315	0.99138	0.99235	34112
2022-08-23 13:00:00	0.99239	0.99982	0.99203	0.99975	49355
2022-08-23 14:00:00	0.99977	1.00181	0.99709	0.9987	56087
2022-08-23 15:00:00	0.99869	1.00057	0.99684	0.99733	34010
2022-08-23 16:00:00	0.99733	998	0.99655	0.99791	21923
2022-08-23 17:00:00	0.99791	0.99802	0.99622	0.99629	20963
2022-08-23 18:00:00	0.9963	0.99692	996	0.99605	14609
2022-08-23 19:00:00	0.99606	0.99688	0.99593	0.99687	12343
2022-08-23 20:00:00	0.99686	0.99705	0.99655	0.99688	3370
2022-08-23 21:00:00	0.99686	0.99709	0.99668	0.99678	2431
2022-08-23 22:00:00	0.99679	0.99733	0.99676	0.99725	6048
2022-08-23 23:00:00	0.99726	0.99727	0.99632	0.99662	10642
2022-08-24 00:00:00	0.99661	0.99718	0.99518	0.99525	15742
2022-08-24 01:00:00	0.99526	0.99553	0.99426	0.99492	15319
2022-08-24 02:00:00	0.99493	0.99548	0.99449	0.99451	16089
2022-08-24 03:00:00	0.99451	995	0.9944	0.99474	8820
2022-08-24 04:00:00	0.99473	0.99604	0.99462	0.99571	8839
2022-08-24 05:00:00	0.99571	0.99618	0.99417	0.99427	8870
2022-08-24 06:00:00	0.99427	0.9951	0.99347	0.99491	16605
2022-08-24 07:00:00	0.99492	0.99592	0.99443	0.99532	29318
2022-08-24 08:00:00	0.99531	0.99561	0.99415	0.99458	25223
2022-08-24 09:00:00	0.99458	0.99582	0.99443	0.99492	27579
2022-08-24 10:00:00	0.99494	0.99498	0.99162	0.99215	20520
2022-08-24 11:00:00	0.99214	0.99367	0.99195	0.99266	27930
2022-08-24 12:00:00	0.99266	0.99397	0.99146	0.99283	37771
2022-08-24 13:00:00	0.99283	0.99316	0.99159	0.99175	42458
2022-08-24 14:00:00	0.99176	0.99946	0.99099	0.99898	51762
2022-08-24 15:00:00	0.99897	0.99993	0.99605	0.99666	37622
2022-08-24 16:00:00	0.99669	0.99736	0.99445	0.9953	21615
2022-08-24 17:00:00	0.9953	0.99674	0.99512	0.99635	16117
2022-08-24 18:00:00	0.99637	0.99676	0.9959	0.9963	10469
2022-08-24 19:00:00	0.9963	0.99756	0.99601	0.99715	13333
2022-08-24 20:00:00	0.99714	0.99734	0.99634	0.99642	4932
2022-08-24 21:00:00	0.99641	0.99704	0.99626	0.99676	2669
2022-08-24 22:00:00	0.99675	0.99709	0.99664	0.99685	7114
2022-08-24 23:00:00	0.99684	0.99713	0.99659	0.99677	3597
2022-08-25 00:00:00	0.99677	0.99876	0.99629	0.99822	15556
2022-08-25 01:00:00	0.99822	0.99926	0.99761	0.9985	18540
2022-08-25 02:00:00	0.99851	0.99905	0.99809	0.99831	10757
2022-08-25 03:00:00	0.9983	0.99893	0.99822	0.99863	9370
2022-08-25 04:00:00	0.99862	1.00079	0.99849	0.99987	12738
2022-08-25 05:00:00	0.99987	1.00043	0.99895	0.99934	16631
2022-08-25 06:00:00	0.99934	1.00334	0.99913	1.00108	31693
2022-08-25 07:00:00	1.00106	1.00233	0.99951	0.99994	30701
2022-08-25 08:00:00	0.99993	1.00119	0.99874	1.00072	31816
2022-08-25 09:00:00	1.00071	1.00109	0.99867	0.99969	27959
2022-08-25 10:00:00	0.9997	0.99976	0.99739	998	23627
2022-08-25 11:00:00	0.99804	0.99946	0.99723	0.99763	29028
2022-08-25 12:00:00	0.99764	0.99788	0.99632	0.99692	37243
2022-08-25 13:00:00	0.99691	0.99737	0.9955	0.99628	34502
2022-08-25 14:00:00	0.99628	1.00004	0.99625	0.99809	41503
2022-08-25 15:00:00	0.99808	0.99822	0.99565	0.99567	31282
2022-08-25 16:00:00	0.99568	0.99639	0.9949	0.99605	22252
2022-08-25 17:00:00	0.99605	0.99748	0.99583	0.99705	19144
2022-08-25 18:00:00	0.99707	0.99738	0.99615	0.99689	12415
2022-08-25 19:00:00	0.99689	0.99789	0.99674	0.99767	10754
2022-08-25 20:00:00	0.99766	0.99778	0.99714	0.99737	3699
2022-08-25 21:00:00	0.99739	0.99764	0.99725	0.99762	14893
2022-08-25 22:00:00	0.99758	0.99768	0.99738	0.99747	3628
2022-08-25 23:00:00	0.99746	0.99746	0.99674	0.99706	8912
2022-08-26 00:00:00	0.99704	0.99716	0.99625	0.99653	12245
2022-08-26 01:00:00	0.99653	0.99704	0.99625	0.99676	13183
2022-08-26 02:00:00	0.99676	0.99702	0.99655	0.99682	7900
2022-08-26 03:00:00	0.99681	0.99745	0.9967	0.99703	7316
2022-08-26 04:00:00	0.99703	0.99714	0.99618	0.99624	13586
2022-08-26 05:00:00	0.99621	0.99639	0.99575	0.99596	12934
2022-08-26 06:00:00	0.99596	0.99684	0.99463	0.9951	17143
2022-08-26 07:00:00	0.99508	0.99744	0.99495	0.99739	27391
2022-08-26 08:00:00	0.99739	0.9991	0.99692	0.99888	23346
2022-08-26 09:00:00	0.99887	1.00081	0.99878	1.0003	21200
2022-08-26 10:00:00	1.00031	1.00234	0.99984	1.00155	21337
2022-08-26 11:00:00	1.00156	1.00156	0.99856	0.99972	20163
2022-08-26 12:00:00	0.99972	1.00328	0.99964	1.00326	46400
2022-08-26 13:00:00	1.00327	1.00749	1.00294	1.00629	44959
2022-08-26 14:00:00	1.00628	1.00898	1.00144	1.00144	37698
2022-08-26 15:00:00	1.00144	1.00208	0.99839	0.99971	14438
2022-08-26 16:00:00	0.99968	1.00028	0.99752	0.99796	24898
2022-08-26 17:00:00	0.99795	0.99829	0.99585	0.99698	19358
2022-08-26 18:00:00	0.99698	0.99731	0.99585	0.99641	18428
2022-08-26 19:00:00	0.99641	0.99671	0.99563	0.99652	8931
2022-08-26 20:00:00	0.99652	0.99692	0.99618	0.99623	5236
2022-08-28 21:00:00	0.99657	0.9967	0.99562	0.99567	494
2022-08-28 22:00:00	0.9957	0.99591	0.99458	0.99482	7158
2022-08-28 23:00:00	0.99483	0.99517	0.99349	0.99359	19905
2022-08-29 00:00:00	0.99362	0.99452	0.99285	993	15113
2022-08-29 01:00:00	0.99301	0.99376	0.9918	993	16270
2022-08-29 02:00:00	0.99301	0.99347	0.99241	0.99277	9842
2022-08-29 03:00:00	0.99277	0.99289	0.99213	0.99238	6627
2022-08-29 04:00:00	0.99239	0.99279	0.99144	0.99163	9363
2022-08-29 05:00:00	0.99163	0.99247	0.99141	0.99234	11661
2022-08-29 06:00:00	0.99234	0.99437	0.99208	0.99363	19173
2022-08-29 07:00:00	0.99363	0.99503	0.99316	0.99431	25138
2022-08-29 08:00:00	0.9943	0.99438	0.99197	0.99382	23149
2022-08-29 09:00:00	0.99381	0.99661	0.99377	0.99624	20685
2022-08-29 10:00:00	0.99621	0.99949	0.99598	0.99844	24245
2022-08-29 11:00:00	0.99845	0.99998	0.99688	0.99974	24816
2022-08-29 12:00:00	0.99973	1.00291	0.99836	1.00086	30218
2022-08-29 13:00:00	1.00087	1.00182	0.99952	1.00112	26145
2022-08-29 14:00:00	1.00108	1.0027	0.9981	0.99824	30614
2022-08-29 15:00:00	0.99824	1.00023	0.9981	0.9997	25076
2022-08-29 16:00:00	0.99973	1.00145	0.99945	1.00142	25027
2022-08-29 17:00:00	1.00144	1.00225	1.0005	1.0007	14444
2022-08-29 18:00:00	1.00069	1.00102	0.99895	0.99911	16918
2022-08-29 19:00:00	0.9991	0.99984	0.99901	0.99957	13918
2022-08-29 20:00:00	0.99955	0.99998	0.99926	0.99958	3721
2022-08-29 21:00:00	0.99943	0.99982	0.99932	0.99981	2068
2022-08-29 22:00:00	0.9998	1.00025	0.99963	1.00009	5778
2022-08-29 23:00:00	1.00009	1.00115	0.99968	1.00107	8612
2022-08-30 00:00:00	1.00105	1.00132	1.00009	1.00055	13638
2022-08-30 01:00:00	1.00055	1.00104	0.99896	0.99905	15949
2022-08-30 02:00:00	0.99907	0.99926	0.99818	0.99905	18083
2022-08-30 03:00:00	0.99904	1.00004	0.99883	0.99982	13336
2022-08-30 04:00:00	0.99983	1.00078	0.99963	0.99995	17638
2022-08-30 05:00:00	0.99995	1.00061	0.99964	1.00015	12655
2022-08-30 06:00:00	1.00018	1.00069	0.9987	0.99915	24613
2022-08-30 07:00:00	0.99914	1.00337	0.99821	1.00288	39919
2022-08-30 08:00:00	1.00291	1.00339	1.00205	1.00246	29804
2022-08-30 09:00:00	1.00245	1.00547	1.00237	1.00326	30050
2022-08-30 10:00:00	1.00326	1.00497	1.00249	1.00312	22528
2022-08-30 11:00:00	1.00312	1.00432	1.00168	1.00247	26811
2022-08-30 12:00:00	1.00248	1.00366	1.00083	1.00112	31391
2022-08-30 13:00:00	1.00113	1.00412	1.00104	1.0028	39152
2022-08-30 14:00:00	1.0028	1.0028	0.99825	0.99901	48517
2022-08-30 15:00:00	999	1.00304	0.99878	1.00181	40067
2022-08-30 16:00:00	1.00181	1.00349	1.00169	1.00235	32904
2022-08-30 17:00:00	1.00236	1.0027	1.00101	1.00171	21816
2022-08-30 18:00:00	1.00172	1.00312	1.00147	1.0021	24320
2022-08-30 19:00:00	1.00213	1.00307	1.00148	1.00174	19292
2022-08-30 20:00:00	1.00176	1.00226	1.00129	1.00129	4503
2022-08-30 21:00:00	1.00128	1.00173	1.0012	1.00161	210
2022-08-30 22:00:00	1.00161	1.00202	1.00148	1.00169	4539
2022-08-30 23:00:00	1.00169	1.00258	1.00152	1.00234	7709
2022-08-31 00:00:00	1.00233	1.00344	1.00194	1.00274	13938
2022-08-31 01:00:00	1.00272	1.00329	1.00168	1002	16921
2022-08-31 02:00:00	1.00201	1.00297	1.00164	1.00253	12666
2022-08-31 03:00:00	1.00255	1.00325	1.00201	1.0032	9303
2022-08-31 04:00:00	1.00322	1.00446	1.00315	1004	9548
2022-08-31 05:00:00	1.00401	1.00459	1.00354	1.00391	12774
2022-08-31 06:00:00	1.00392	1.00422	1.0014	1.00154	24271
2022-08-31 07:00:00	1.00155	1.00214	0.99989	1.00011	31554
2022-08-31 08:00:00	1.00011	1.0027	0.99741	0.9979	34284
2022-08-31 09:00:00	0.99791	0.99968	0.99772	0.99801	35307
2022-08-31 10:00:00	998	0.9991	0.99712	0.99776	31249
2022-08-31 11:00:00	0.99778	1.00057	0.99767	1.00011	29488
2022-08-31 12:00:00	1.00011	1.00181	0.9982	1.00081	35572
2022-08-31 13:00:00	1.00083	1.00245	0.9995	1.00058	45019
2022-08-31 14:00:00	1.00058	1006	0.99989	1.00545	53205
2022-08-31 15:00:00	1.00545	1.0079	1.00411	1.0063	41737
2022-08-31 16:00:00	1.00629	1.00639	1.00497	1.00533	25121
2022-08-31 17:00:00	1.00532	1.0057	1.00353	1.00485	20989
2022-08-31 18:00:00	1.00484	1.00572	1.00435	1.00444	23707
2022-08-31 19:00:00	1.00444	1.00526	1.00405	1.00487	26185
2022-08-31 20:00:00	1.00488	1.0055	1.00431	1.00522	7055
2022-08-31 21:00:00	1.00525	1.00557	1.00482	1.00501	1945
2022-08-31 22:00:00	1.00498	1.00542	1.00481	1.00508	7278
2022-08-31 23:00:00	1.00506	1.00507	1.0035	1.0038	9479
2022-09-01 00:00:00	1.0038	1.0038	1.00199	1.00231	19217
2022-09-01 01:00:00	1.00233	1.00318	1.00204	1.0024	15742
2022-09-01 02:00:00	1.0024	1.00301	1.00207	1.00224	10770
2022-09-01 03:00:00	1.00225	1.00265	1.00104	1.00162	15149
2022-09-01 04:00:00	1.00163	1.00177	1.00089	1.00141	9289
2022-09-01 05:00:00	1.0014	1.00202	1.00077	1.00175	17935
2022-09-01 06:00:00	1.00175	1.00261	1.00091	1.00206	24605
2022-09-01 07:00:00	1.00206	1.00327	1.0013	1.00297	30437
2022-09-01 08:00:00	1.00297	1.00485	1.00236	1.00368	29528
2022-09-01 09:00:00	1.00365	1.00468	1.00218	1.00285	25809
2022-09-01 10:00:00	1.00286	1.00293	1.00022	1.00188	23420
2022-09-01 11:00:00	1.00188	1.00219	1.00009	1.00037	21902
2022-09-01 12:00:00	1.00039	1.00067	0.99856	0.99882	30945
2022-09-01 13:00:00	0.99882	0.99995	0.9973	0.99813	37175
2022-09-01 14:00:00	0.99809	0.99831	0.99107	0.9932	58479
2022-09-01 15:00:00	0.9932	0.99486	0.99313	0.99483	46139
2022-09-01 16:00:00	0.99482	0.99598	0.99365	0.99365	30423
2022-09-01 17:00:00	0.99368	0.99542	0.99354	0.99528	20303
2022-09-01 18:00:00	0.99529	996	0.99441	0.99441	26495
2022-09-01 19:00:00	0.99441	0.99561	0.99419	0.9944	20793
2022-09-01 20:00:00	0.99442	0.99487	0.9943	0.99431	4428
2022-09-01 21:00:00	0.99429	0.99486	0.99427	0.9945	2492
2022-09-01 22:00:00	0.99448	0.99487	0.99427	0.9945	5077
2022-09-01 23:00:00	0.99449	0.99531	0.99431	0.99514	7320
2022-09-02 00:00:00	0.99515	0.99585	0.99499	0.9956	10839
2022-09-02 01:00:00	0.99559	0.99624	0.99541	0.99566	18258
2022-09-02 02:00:00	0.99565	0.99626	0.99534	0.9958	12380
2022-09-02 03:00:00	0.9958	0.99624	0.99577	0.99618	7815
2022-09-02 04:00:00	0.99617	0.99672	0.9958	0.99665	14836
2022-09-02 05:00:00	0.99664	0.99757	0.99663	0.99711	17993
2022-09-02 06:00:00	0.99712	0.99785	0.99638	0.99739	24768
2022-09-02 07:00:00	0.9974	0.99962	0.99718	0.99882	28127
2022-09-02 08:00:00	0.99882	0.99898	0.99714	0.99726	22038
2022-09-02 09:00:00	0.99728	1.00076	0.99678	1.00043	25549
2022-09-02 10:00:00	1.00045	1.00175	0.99938	0.99972	23877
2022-09-02 11:00:00	0.99974	1.00036	0.99849	0.99909	26033
2022-09-02 12:00:00	0.99908	1.00294	0.99796	1.00103	58312
2022-09-02 13:00:00	1.00103	1.00168	0.99939	0.99992	56595
2022-09-02 14:00:00	0.99992	1.00297	0.99894	1.00255	47600
2022-09-02 15:00:00	1.00257	1.00335	1.0017	1003	30117
2022-09-02 16:00:00	1.00301	1.00305	0.99617	0.99693	36679
2022-09-02 17:00:00	0.99693	0.99729	0.99462	0.99603	34116
2022-09-02 18:00:00	0.99603	0.99681	0.99579	0.99652	24274
2022-09-02 19:00:00	0.99653	0.99683	0.99449	0.99529	11762
2022-09-02 20:00:00	0.99528	0.99608	0.99515	0.99515	5430
2022-09-04 21:00:00	0.99285	0.99347	0.99153	0.99211	1862
2022-09-04 22:00:00	0.99224	0.99324	0.9903	0.99216	17088
2022-09-04 23:00:00	0.99217	0.99259	0.99061	0.99077	13004
2022-09-05 00:00:00	0.99075	0.9929	0.99075	0.99154	15843
2022-09-05 01:00:00	0.99152	0.99244	0.9915	0.99195	20677
2022-09-05 02:00:00	0.99195	0.99217	0.99008	0.99134	19482
2022-09-05 03:00:00	0.99133	0.99184	0.99106	0.99128	13464
2022-09-05 04:00:00	0.99127	0.99134	0.99007	0.99051	9543
2022-09-05 05:00:00	0.99051	0.99051	0.98801	0.98844	15421
2022-09-05 06:00:00	0.98845	0.99137	0.98772	0.9907	30063
2022-09-05 07:00:00	0.99069	0.99371	0.98935	0.9911	38602
2022-09-05 08:00:00	0.99111	0.99282	0.99041	0.99108	24832
2022-09-05 09:00:00	0.9911	0.99281	0.99069	0.99234	23531
2022-09-05 10:00:00	0.99235	0.9944	0.99216	0.99336	22542
2022-09-05 11:00:00	0.99336	0.99361	0.99123	0.99169	20632
2022-09-05 12:00:00	0.99168	0.99274	0.99139	0.99235	25320
2022-09-05 13:00:00	0.99235	0.99322	0.99221	0.99252	22832
2022-09-05 14:00:00	0.99252	0.99347	0.9919	0.99197	19328
2022-09-05 15:00:00	0.99198	0.9932	0.99177	0.99291	16358
2022-09-05 16:00:00	0.9929	0.99324	0.99272	0.9929	8878
2022-09-05 17:00:00	0.99293	0.99322	0.99285	0.99302	3706
2022-09-05 18:00:00	0.99303	0.99359	0.99275	0.99286	9061
2022-09-05 19:00:00	0.99285	0.99324	0.99275	0.99305	3593
2022-09-05 20:00:00	0.99304	0.99319	0.99276	0.99285	3351
2022-09-05 21:00:00	0.99245	0.99315	0.99244	0.9929	1431
2022-09-05 22:00:00	0.9929	0.9949	0.9929	0.99411	8387
2022-09-05 23:00:00	0.99413	0.99518	994	995	15960
2022-09-06 00:00:00	0.99501	0.99689	0.99455	0.99681	18098
2022-09-06 01:00:00	0.99682	0.99706	0.9961	0.9964	13540
2022-09-06 02:00:00	0.9964	0.99642	0.99491	0.99585	13320
2022-09-06 03:00:00	0.99585	0.99589	0.99426	0.9944	9253
2022-09-06 04:00:00	0.9944	0.99548	0.99439	0.99461	14883
2022-09-06 05:00:00	0.99461	0.99649	0.99445	0.9959	22042
2022-09-06 06:00:00	0.99593	0.99791	0.99492	0.99697	31391
2022-09-06 07:00:00	0.99699	0.99862	0.99644	0.99755	45696
2022-09-06 08:00:00	0.99755	0.99761	0.99469	0.99578	39261
2022-09-06 09:00:00	0.99577	0.99601	0.9936	0.99525	34726
2022-09-06 10:00:00	0.99526	0.99568	0.99217	0.99256	37068
2022-09-06 11:00:00	0.99256	0.99371	0.99177	0.99236	34896
2022-09-06 12:00:00	0.99236	0.99297	0.98991	0.99001	33743
2022-09-06 13:00:00	0.99004	0.99058	0.98814	0.98843	49684
2022-09-06 14:00:00	0.98843	0.99079	0.98638	0.99039	58382
2022-09-06 15:00:00	0.99039	0.9929	0.98993	0.99119	37619
2022-09-06 16:00:00	0.9912	0.99163	0.99032	0.99083	34716
2022-09-06 17:00:00	0.99084	0.99103	0.98983	0.98988	27714
2022-09-06 18:00:00	0.9899	0.99116	0.98953	0.99092	19242
2022-09-06 19:00:00	0.99097	0.99113	0.98996	0.99038	18065
2022-09-06 20:00:00	0.99039	0.99068	0.99005	0.99029	2210
2022-09-06 21:00:00	0.9903	0.99078	0.99022	0.99039	1756
2022-09-06 22:00:00	0.99039	0.99057	0.98957	0.98964	4579
2022-09-06 23:00:00	0.98963	0.98994	989	0.9897	9712
2022-09-07 00:00:00	0.98971	0.99038	0.98831	0.98904	25245
2022-09-07 01:00:00	0.98903	0.98928	0.98805	0.98893	20037
2022-09-07 02:00:00	0.98892	0.98927	0.98776	0.98843	17612
2022-09-07 03:00:00	0.98842	0.98867	0.98768	0.98863	15324
2022-09-07 04:00:00	0.98859	0.98963	0.98797	0.98926	16636
2022-09-07 05:00:00	0.98927	0.99026	0.98875	0.98927	11414
2022-09-07 06:00:00	0.98928	0.99129	0.98872	0.99065	24352
2022-09-07 07:00:00	0.99065	0.99282	0.98918	0.99237	29212
2022-09-07 08:00:00	0.99236	993	0.99054	0.99072	25336
2022-09-07 09:00:00	0.99069	0.99143	0.98955	0.99091	25240
2022-09-07 10:00:00	0.99093	0.99105	0.98936	0.9897	23247
2022-09-07 11:00:00	0.98971	0.99024	0.98768	0.98782	38055
2022-09-07 12:00:00	0.98782	0.9895	0.98756	0.98928	30960
2022-09-07 13:00:00	0.98928	0.99204	0.98836	0.99014	38228
2022-09-07 14:00:00	0.99013	0.99499	0.98991	0.99485	46628
2022-09-07 15:00:00	0.99488	0.9954	0.9938	0.99392	29964
2022-09-07 16:00:00	0.99391	0.99754	0.99386	0.99733	27007
2022-09-07 17:00:00	0.99732	1.00026	0.99711	0.99966	26990
2022-09-07 18:00:00	0.99968	0.9998	0.99813	0.99821	17076
2022-09-07 19:00:00	0.99819	1.00098	0.99812	1.00086	16064
2022-09-07 20:00:00	1.00085	1.00108	1.00033	1.00033	3826
2022-09-07 21:00:00	0.99989	1.00096	0.99989	1.00077	861
2022-09-07 22:00:00	1.00077	1.00128	1.00042	1.00055	8400
2022-09-07 23:00:00	1.00055	1.00055	0.99933	0.99976	10132
2022-09-08 00:00:00	0.99981	1.00008	0.99827	0.9985	17602
2022-09-08 01:00:00	0.99851	0.99914	0.99846	0.99847	16655
2022-09-08 02:00:00	0.99846	0.99902	0.99841	0.99873	13379
2022-09-08 03:00:00	0.99873	0.99908	0.99791	0.99861	13945
2022-09-08 04:00:00	0.9986	0.99946	0.99859	0.99896	9336
2022-09-08 05:00:00	0.99895	1.00008	0.99895	0.99973	14489
2022-09-08 06:00:00	0.99973	1.00148	0.99944	0.9998	25368
2022-09-08 07:00:00	0.99981	1.00037	0.9976	0.99815	32644
2022-09-08 08:00:00	0.99814	0.99977	0.99782	0.99976	29865
2022-09-08 09:00:00	0.99976	1.00042	0.99954	0.9998	19819
2022-09-08 10:00:00	0.99981	1.00172	0.99925	1.00096	24675
2022-09-08 11:00:00	1.00097	1.00293	1.00052	1.00198	30451
2022-09-08 12:00:00	1.00196	1.00294	0.99851	1	52687
2022-09-08 13:00:00	1	1.00015	0.99303	0.99647	36995
2022-09-08 14:00:00	0.99649	0.99768	0.99418	0.99563	45774
2022-09-08 15:00:00	0.99561	0.9971	0.99489	0.99534	34461
2022-09-08 16:00:00	0.99533	0.99721	0.99442	0.99685	35573
2022-09-08 17:00:00	0.99687	0.99997	0.99644	0.9994	21572
2022-09-08 18:00:00	0.9994	0.99996	0.99906	0.99916	13969
2022-09-08 19:00:00	0.99915	0.99989	0.99908	0.99989	9812
2022-09-08 20:00:00	0.99991	0.99997	0.99955	0.99959	3656
2022-09-08 21:00:00	0.9995	0.9999	0.99949	0.99966	2499
2022-09-08 22:00:00	0.99967	1.0004	0.99956	1.00034	3079
2022-09-08 23:00:00	1.00032	1.00099	1.00012	1.00097	4135
2022-09-09 00:00:00	1.00096	1.00509	1.00083	1.00439	10554
2022-09-09 01:00:00	1.00439	1.00543	1.00438	1.00515	9403
2022-09-09 02:00:00	1.00515	1.00727	1005	1.00676	9669
2022-09-09 03:00:00	1.00679	1.0084	1.00634	1.00693	10004
2022-09-09 04:00:00	1.00692	1.00838	1.00662	1.00725	6299
2022-09-09 05:00:00	1.00723	1.00735	1.00614	1.0067	3273
2022-09-09 06:00:00	1.0067	1.00706	1.00582	1.00688	7409
2022-09-09 07:00:00	1.00687	1.01102	1.00625	1.00962	13652
2022-09-09 08:00:00	1.00963	1.01131	1.00942	1.01065	10600
2022-09-09 09:00:00	1.01064	1.01071	1.0076	1.00869	8818
2022-09-09 10:00:00	1.00869	1.00974	1.00735	1.00737	8869
2022-09-09 11:00:00	1.0074	1.00761	1.00361	1.00371	31818
2022-09-09 12:00:00	1.0037	1.00609	1.00344	1.00443	35131
2022-09-09 13:00:00	1.00443	1.00625	1.00334	1.00495	45707
2022-09-09 14:00:00	1.00495	1.00613	1.00348	1.00418	38730
2022-09-09 15:00:00	1.00417	1005	1.0032	1.0045	27323
2022-09-09 16:00:00	1.00449	1.00543	1.00368	1.00538	23438
2022-09-09 17:00:00	1.00537	1.00551	1.00422	1.00431	17342
2022-09-09 18:00:00	1.0043	1.00452	1.00366	1.00437	16882
2022-09-09 19:00:00	1.00437	1.00487	1.00425	1.00453	7023
2022-09-09 20:00:00	1.00453	1.00479	1.00395	1.00425	4998
2022-09-11 21:00:00	1.01039	1.01039	1.00847	1.00909	680
2022-09-11 22:00:00	1.00909	1.00944	1.00596	1.00674	11773
2022-09-11 23:00:00	1.00673	1.00748	1.0062	1.00702	11344
2022-09-12 00:00:00	1.00703	1.0075	1.00629	1.00702	12089
2022-09-12 01:00:00	1.00702	1.00898	1.00688	1.00882	14546
2022-09-12 02:00:00	1.00882	1.00951	1.00802	1.00817	12278
2022-09-12 03:00:00	1.00816	1.00846	1.00778	1.0081	10410
2022-09-12 04:00:00	1.00809	1.00817	1.00732	1.00778	9458
2022-09-12 05:00:00	1.00777	1.00911	1.00774	1.00911	13051
2022-09-12 06:00:00	1.00913	1.01446	1.00822	1.01439	23210
2022-09-12 07:00:00	1.0144	1.01977	1.01373	1.01746	20114
2022-09-12 08:00:00	1.01747	1.01954	1.01677	1.01916	12367
2022-09-12 09:00:00	1.01916	1.01916	1.01468	1.01469	11552
2022-09-12 10:00:00	1.01468	1.01476	1.0129	1.01368	19001
2022-09-12 11:00:00	1.01371	1.01463	1.01297	1.01436	20306
2022-09-12 12:00:00	1.01438	1.01627	1.01337	1.01413	28510
2022-09-12 13:00:00	1.01414	1.01436	1.01041	1.01236	35582
2022-09-12 14:00:00	1.01235	1.0139	1.01184	1.01286	33876
2022-09-12 15:00:00	1.01287	1.01365	1.01204	1.01255	21865
2022-09-12 16:00:00	1.01256	1.01442	1.01249	1.01434	18882
2022-09-12 17:00:00	1.01437	1.01443	1.01307	1.01325	14382
2022-09-12 18:00:00	1.01324	1.0133	1.01107	1.0118	21706
2022-09-12 19:00:00	1.01179	1.01205	1.01119	1.01151	16866
2022-09-12 20:00:00	1.01152	1.01243	1.01147	1.01214	3955
2022-09-12 21:00:00	1.01215	1.01246	1.01174	1.01188	2489
2022-09-12 22:00:00	1.01185	1.01235	1.01184	1.01227	4241
2022-09-12 23:00:00	1.01229	1.01296	1.01227	1.0129	6718
2022-09-13 00:00:00	1.0129	1.01464	1.0124	1.0135	19485
2022-09-13 01:00:00	1.01349	1.01378	1.01248	1.01352	16531
2022-09-13 02:00:00	1.0135	1.01351	1.01239	1.0131	10823
2022-09-13 03:00:00	1.0131	1.01336	1.01263	1013	7197
2022-09-13 04:00:00	1013	1.01305	1.01194	1.01284	9993
2022-09-13 05:00:00	1.01283	1.01395	1.0127	1.01378	12004
2022-09-13 06:00:00	1.01379	1.01502	1.0134	1.01385	22776
2022-09-13 07:00:00	1.01387	1.01548	1.01268	1.0147	29022
2022-09-13 08:00:00	1.01472	1.01562	1.01325	1.01544	21566
2022-09-13 09:00:00	1.01544	1.01663	1.01429	1.01655	23657
2022-09-13 10:00:00	1.01655	1018	1016	1.0179	19842
2022-09-13 11:00:00	1.01791	1.0187	1.01736	1.01769	23394
2022-09-13 12:00:00	1.01771	1.01796	1.00301	1.00371	59574
2022-09-13 13:00:00	1.00373	1.00426	1.00046	1.00322	61484
2022-09-13 14:00:00	1.00323	1.0041	1.00104	1.00147	46584
2022-09-13 15:00:00	1.00147	1.00183	0.99952	0.99965	35444
2022-09-13 16:00:00	0.99965	1.00086	0.99892	0.99981	30639
2022-09-13 17:00:00	0.99981	1.0006	0.99831	0.99877	26464
2022-09-13 18:00:00	0.99877	0.99927	0.99737	0.99772	23910
2022-09-13 19:00:00	0.99773	0.99796	0.99701	0.99731	22871
2022-09-13 20:00:00	0.99731	0.99746	0.99662	0.99671	4511
2022-09-13 21:00:00	0.99669	0.99689	0.99618	0.99652	2155
2022-09-13 22:00:00	0.99659	0.99775	0.99554	0.99692	10747
2022-09-13 23:00:00	0.99693	0.99806	0.99643	0.99778	8979
2022-09-14 00:00:00	0.99779	0.99831	0.99686	0.99787	21437
2022-09-14 01:00:00	0.99785	0.99855	0.99713	998	23862
2022-09-14 02:00:00	0.99801	0.99901	0.99798	0.99861	17471
2022-09-14 03:00:00	0.99862	0.99897	0.99818	0.99886	13208
2022-09-14 04:00:00	0.99887	1.00008	0.99855	0.9995	20495
2022-09-14 05:00:00	0.99952	1.00021	0.99804	0.99823	19624
2022-09-14 06:00:00	0.9982	0.99864	0.99595	0.99665	33728
2022-09-14 07:00:00	0.99665	0.99933	0.99645	0.99878	47972
2022-09-14 08:00:00	0.99878	1.00099	0.9981	0.99912	44539
2022-09-14 09:00:00	0.99913	1.00146	0.99824	1.0012	36441
2022-09-14 10:00:00	1.00118	1.00234	1.00058	1.00079	27984
2022-09-14 11:00:00	1.0008	1001	0.9986	0.99922	31074
2022-09-14 12:00:00	0.99921	1.00093	0.99801	0.99975	54709
2022-09-14 13:00:00	0.99975	1.00076	0.99815	0.99917	52650
2022-09-14 14:00:00	0.99917	0.99983	0.99705	0.9997	54228
2022-09-14 15:00:00	0.99972	1.00049	999	0.99934	34978
2022-09-14 16:00:00	0.99935	1.00083	0.99869	0.99971	24671
2022-09-14 17:00:00	0.99971	0.99996	0.99855	0.99873	19355
2022-09-14 18:00:00	0.99873	0.99893	0.99789	0.9979	18206
2022-09-14 19:00:00	0.9979	998	0.99689	0.99795	21117
2022-09-14 20:00:00	0.99795	0.99814	0.99764	0.99791	3829
2022-09-14 21:00:00	0.99791	0.99806	0.99726	0.9979	2141
2022-09-14 22:00:00	0.99789	0.99845	0.99788	0.9982	5283
2022-09-14 23:00:00	0.99822	0.99836	0.99794	0.9982	6060
2022-09-15 00:00:00	0.99819	0.9982	0.99714	0.99754	13236
2022-09-15 01:00:00	0.99753	0.9982	0.99703	0.99812	13688
2022-09-15 02:00:00	0.99813	0.99824	0.9969	0.9974	10023
2022-09-15 03:00:00	0.9974	0.9976	0.99693	0.99739	10884
2022-09-15 04:00:00	0.9974	0.99759	0.99663	0.9968	7936
2022-09-15 05:00:00	0.9968	0.99685	0.99591	0.99619	15273
2022-09-15 06:00:00	0.9962	0.99679	0.99556	0.99624	23300
2022-09-15 07:00:00	0.99621	0.99788	0.99564	0.99774	27458
2022-09-15 08:00:00	0.99775	0.99954	0.99739	0.99923	31320
2022-09-15 09:00:00	0.99921	1.00004	0.99847	0.99941	25369
2022-09-15 10:00:00	0.9994	0.9996	0.99689	0.99793	27865
2022-09-15 11:00:00	0.99792	0.99936	0.99714	0.99847	28236
2022-09-15 12:00:00	0.99846	1.00177	0.99779	1.00075	44927
2022-09-15 13:00:00	1.00075	1.00136	0.99813	0.99985	45353
2022-09-15 14:00:00	0.99984	1.00045	0.99832	0.99966	44251
2022-09-15 15:00:00	0.99965	1.00044	0.99871	0.99905	32577
2022-09-15 16:00:00	0.99905	1.00063	0.99875	1.00054	19476
2022-09-15 17:00:00	1.00054	1.00153	0.99932	0.99976	19223
2022-09-15 18:00:00	0.99977	0.99996	0.99909	0.9992	17618
2022-09-15 19:00:00	0.9992	0.99995	0.99879	0.99945	16255
2022-09-15 20:00:00	0.99944	1.00005	0.99941	0.99959	3801
2022-09-15 21:00:00	0.99981	0.99984	0.99949	0.99955	2740
2022-09-15 22:00:00	0.99953	0.99972	999	0.99935	3924
2022-09-15 23:00:00	0.99932	0.99934	0.99869	0.99874	6547
2022-09-16 00:00:00	0.99876	1.00105	0.9986	1.00058	14340
2022-09-16 01:00:00	1.00058	1.0012	0.99973	0.99979	13588
2022-09-16 02:00:00	0.99978	0.99999	0.99908	0.99943	11332
2022-09-16 03:00:00	0.99943	1.00028	0.99927	0.99972	12457
2022-09-16 04:00:00	0.99973	1.00019	0.99952	0.99956	8189
2022-09-16 05:00:00	0.99955	0.99956	0.99809	0.99824	11858
2022-09-16 06:00:00	0.99822	0.99951	0.99763	0.99923	32070
2022-09-16 07:00:00	0.99924	0.99985	0.99448	0.99559	44002
2022-09-16 08:00:00	0.99559	0.9969	0.9949	0.99551	33919
2022-09-16 09:00:00	0.9955	0.99872	0.99547	0.99672	26465
2022-09-16 10:00:00	0.99676	0.9989	0.99649	0.99852	21721
2022-09-16 11:00:00	0.99852	0.99872	0.99678	0.99692	26113
2022-09-16 12:00:00	0.99691	0.99705	0.9953	0.99554	37716
2022-09-16 13:00:00	0.99554	0.99765	0.99534	0.99735	46077
2022-09-16 14:00:00	0.99735	1.00363	0.9971	1.00302	54695
2022-09-16 15:00:00	1.00303	1.00321	1.00002	1.00118	36149
2022-09-16 16:00:00	1.00119	1.00194	1.00009	1.00066	17954
2022-09-16 17:00:00	1.00067	1.00108	0.99929	0.99933	13567
2022-09-16 18:00:00	0.99934	1.00076	0.99929	1.00025	15600
2022-09-16 19:00:00	1.00024	1.00141	1.00021	1.00126	12540
2022-09-16 20:00:00	1.00126	1.00176	1.0008	1.00146	3198
2022-09-18 21:00:00	1.00072	1.00153	1.00072	1.00131	233
2022-09-18 22:00:00	1.00131	1.0023	1.00047	1.00204	7077
2022-09-18 23:00:00	1.00202	1.00285	1.00164	1.0022	11114
2022-09-19 00:00:00	1.00219	1.00291	1.00097	1.0011	12012
2022-09-19 01:00:00	1.00109	1.00127	1.00059	1.00079	9444
2022-09-19 02:00:00	1.00077	1.0008	0.99944	1.00028	11764
2022-09-19 03:00:00	1.00026	1.00031	0.99943	0.99979	6170
2022-09-19 04:00:00	0.9998	0.99995	0.99903	0.9992	4975
2022-09-19 05:00:00	0.9992	0.99933	0.99761	0.99807	10130
2022-09-19 06:00:00	0.99809	0.99868	0.99684	0.99708	18770
2022-09-19 07:00:00	0.99707	0.9982	0.99657	0.99795	27733
2022-09-19 08:00:00	0.99794	0.99818	0.99696	0.99758	22718
2022-09-19 09:00:00	0.99758	0.99865	0.99669	0.99709	21344
2022-09-19 10:00:00	0.99709	1.00049	0.99669	0.99938	20912
2022-09-19 11:00:00	0.99939	1.00019	0.99804	0.99821	24383
2022-09-19 12:00:00	0.99824	0.99962	0.9981	0.99827	30015
2022-09-19 13:00:00	0.99828	0.99899	0.99756	0.99866	32145
2022-09-19 14:00:00	0.99866	1.00133	0.99815	1.00115	35560
2022-09-19 15:00:00	1.00115	1.00181	1.00014	1.00018	22835
2022-09-19 16:00:00	1.0002	1.00137	1.00007	1.00122	14478
2022-09-19 17:00:00	1.00122	1.00131	1.00027	1.00066	12871
2022-09-19 18:00:00	1.00067	1.00126	1.00041	1.00116	14421
2022-09-19 19:00:00	1.00117	1.0025	1.00117	1.00236	14410
2022-09-19 20:00:00	1.00236	1.00275	1.00186	1.00215	3685
2022-09-19 21:00:00	1.00216	1.00264	1.00211	1.00263	2683
2022-09-19 22:00:00	1.00263	1.00317	1.00243	1.0027	2147
2022-09-19 23:00:00	1.00268	1.00322	1.00226	1.00297	6429
2022-09-20 00:00:00	1.00297	1.00504	1.00282	1.00346	12742
2022-09-20 01:00:00	1.00345	1.00375	1.00232	1.00238	8522
2022-09-20 02:00:00	1.00237	1.00335	1.00199	1.00333	8045
2022-09-20 03:00:00	1.00334	1.00334	1.00261	1.00294	6306
2022-09-20 04:00:00	1.00294	1.00295	1.00195	1.00221	5580
2022-09-20 05:00:00	1.00221	1.00297	1.00165	1.00169	7280
2022-09-20 06:00:00	1.00169	1.00368	1.00128	1.00275	17974
2022-09-20 07:00:00	1.00275	1.0042	1.00205	1.00355	24171
2022-09-20 08:00:00	1.00355	1.00356	1.00002	1.00098	24788
2022-09-20 09:00:00	1.00097	1.00186	1.00009	1.00072	20351
2022-09-20 10:00:00	1.00073	1.00101	0.99998	1.00061	17203
2022-09-20 11:00:00	1.00062	1.00134	0.99853	0.99869	20029
2022-09-20 12:00:00	0.99868	0.99885	0.9955	0.99709	33781
2022-09-20 13:00:00	0.99708	0.99846	0.9959	0.99821	35801
2022-09-20 14:00:00	0.99821	0.9997	0.99747	0.99942	38217
2022-09-20 15:00:00	0.99941	0.99993	0.99824	0.99933	28199
2022-09-20 16:00:00	0.99932	0.99959	0.99725	0.99797	21413
2022-09-20 17:00:00	0.99797	0.99832	0.99602	0.99655	21250
2022-09-20 18:00:00	0.99654	0.99715	0.99603	0.99688	22637
2022-09-20 19:00:00	0.99688	0.99785	0.99625	0.99756	21499
2022-09-20 20:00:00	0.99757	0.99787	0.99682	0.99706	3138
2022-09-20 21:00:00	0.99706	0.99747	0.99676	0.99691	16578
2022-09-20 22:00:00	0.99691	0.99712	0.9965	0.99707	5787
2022-09-20 23:00:00	0.99706	0.99746	0.99673	0.9971	5821
2022-09-21 00:00:00	0.9971	0.9975	0.99573	0.99622	14697
2022-09-21 01:00:00	0.99624	0.99686	0.99593	0.99659	12895
2022-09-21 02:00:00	0.99658	0.99708	0.99616	0.99641	10969
2022-09-21 03:00:00	0.99643	0.99673	0.99592	0.99659	9213
2022-09-21 04:00:00	0.9966	0.99669	0.99571	0.99599	10975
2022-09-21 05:00:00	0.99599	0.99683	0.99496	0.99501	15512
2022-09-21 06:00:00	995	0.99553	0.98845	0.98974	57156
2022-09-21 07:00:00	0.98977	0.99185	0.98956	0.99101	51556
2022-09-21 08:00:00	0.99102	0.99122	0.98981	0.99017	33267
2022-09-21 09:00:00	0.99018	0.99377	0.98992	0.99306	26708
2022-09-21 10:00:00	0.99307	0.99345	0.99183	0.99213	19819
2022-09-21 11:00:00	0.99215	0.99249	0.98993	0.98993	25429
2022-09-21 12:00:00	0.98994	0.99202	0.98954	0.99131	28990
2022-09-21 13:00:00	0.99131	0.99162	0.98991	0.99025	29174
2022-09-21 14:00:00	0.99026	0.9913	0.98779	0.98784	43572
2022-09-21 15:00:00	0.98786	0.98857	0.98664	0.98787	34623
2022-09-21 16:00:00	0.98786	0.98838	0.98659	0.98695	18420
2022-09-21 17:00:00	0.98698	0.9888	0.98668	0.98723	16817
2022-09-21 18:00:00	0.98725	0.99102	0.98128	0.99053	95333
2022-09-21 19:00:00	0.99053	0.99097	0.98444	0.98509	69065
2022-09-21 20:00:00	0.98507	0.98507	0.98363	0.98368	7022
2022-09-21 21:00:00	0.98365	0.98423	0.98358	0.98396	1324
2022-09-21 22:00:00	0.98396	0.98482	0.98369	0.98387	8097
2022-09-21 23:00:00	0.98387	0.98408	0.98289	0.98313	11797
2022-09-22 00:00:00	0.98316	0.98326	0.9808	0.98154	24422
2022-09-22 01:00:00	0.98153	0.98215	0.98085	0.98206	22384
2022-09-22 02:00:00	0.98205	0.98378	981	0.98222	23715
2022-09-22 03:00:00	0.98222	0.9828	0.98157	0.98193	26110
2022-09-22 04:00:00	0.98191	0.98291	0.98181	0.98283	17492
2022-09-22 05:00:00	0.98283	0.98394	0.98239	0.98244	19998
2022-09-22 06:00:00	0.98244	0.98339	0.98131	0.98204	45405
2022-09-22 07:00:00	0.98208	0.98533	0.98158	0.98453	56465
2022-09-22 08:00:00	0.98453	0.99074	0.98407	0.98792	79982
2022-09-22 09:00:00	0.98793	0.98867	0.98554	0.98554	44887
2022-09-22 10:00:00	0.98554	0.98862	0.98551	0.98767	36080
2022-09-22 11:00:00	0.98767	0.98859	0.98566	0.98662	55301
2022-09-22 12:00:00	0.98663	0.98878	0.98659	0.98766	55378
2022-09-22 13:00:00	0.98764	0.98773	0.98341	0.9838	58248
2022-09-22 14:00:00	0.98381	0.98552	0.98121	0.98151	52195
2022-09-22 15:00:00	0.9815	0.98408	0.98119	0.98399	42113
2022-09-22 16:00:00	0.98399	0.98498	0.98363	0.98395	31408
2022-09-22 17:00:00	0.98394	0.98519	0.98371	0.98436	24380
2022-09-22 18:00:00	0.98434	0.98437	0.98296	0.98303	19364
2022-09-22 19:00:00	0.98305	0.98438	0.98299	0.98393	25114
2022-09-22 20:00:00	0.98392	0.98398	0.98319	0.98342	3446
2022-09-22 21:00:00	0.98327	0.98401	0.98291	0.98346	5526
2022-09-22 22:00:00	0.98346	0.98389	0.9832	0.98321	7147
2022-09-22 23:00:00	0.98322	0.98399	0.9832	0.98383	7546
2022-09-23 00:00:00	0.98384	0.98483	0.98325	0.98433	12148
2022-09-23 01:00:00	0.98432	0.98517	0.98319	0.98371	18431
2022-09-23 02:00:00	0.98368	0.9837	0.98249	0.98278	13582
2022-09-23 03:00:00	0.98278	0.98326	0.98206	0.98233	9490
2022-09-23 04:00:00	0.98234	0.98286	0.98183	0.98227	10220
2022-09-23 05:00:00	0.98226	0.98328	0.98222	0.98293	14184
2022-09-23 06:00:00	0.98293	0.9838	0.98081	0.98121	24798
2022-09-23 07:00:00	0.98122	0.98136	0.97669	0.97751	52038
2022-09-23 08:00:00	0.97751	0.97802	0.97509	0.9753	40937
2022-09-23 09:00:00	0.9753	0.9769	0.97361	0.97622	49841
2022-09-23 10:00:00	0.97619	0.97714	0.97499	975	55662
2022-09-23 11:00:00	0.97498	0.97659	0.97388	0.97511	54090
2022-09-23 12:00:00	0.97511	0.97685	0.97474	0.97555	51697
2022-09-23 13:00:00	0.97555	0.97746	0.97316	0.97339	58139
2022-09-23 14:00:00	0.97339	0.97449	0.9703	0.97045	67288
2022-09-23 15:00:00	0.97046	0.97331	0.9702	0.97171	45383
2022-09-23 16:00:00	0.97173	0.97239	0.97048	0.9707	31292
2022-09-23 17:00:00	0.97071	0.97185	0.96809	0.96907	32779
2022-09-23 18:00:00	0.96906	0.96939	0.9668	0.96725	35443
2022-09-23 19:00:00	0.96724	0.96947	0.96724	0.9691	19465
2022-09-23 20:00:00	0.96908	0.96967	0.96869	0.96885	7933
2022-09-25 21:00:00	0.96666	0.96922	0.96666	0.96717	2120
2022-09-25 22:00:00	0.96716	0.97098	0.96687	0.96988	16233
2022-09-25 23:00:00	0.96989	0.9701	0.96809	0.96855	15067
2022-09-26 00:00:00	0.96854	0.96916	0.95503	0.95688	40530
2022-09-26 01:00:00	0.95694	0.96594	0.95645	0.96529	66232
2022-09-26 02:00:00	0.96534	0.96635	0.96452	0.9659	42791
2022-09-26 03:00:00	0.9659	0.96604	0.96289	0.96338	29987
2022-09-26 04:00:00	0.96338	0.96449	0.96239	0.9628	32732
2022-09-26 05:00:00	0.9628	0.96418	0.96202	0.96288	31864
2022-09-26 06:00:00	0.96293	0.96557	0.96266	0.96411	54281
2022-09-26 07:00:00	0.96412	0.97013	0.96411	0.96783	65383
2022-09-26 08:00:00	0.96782	0.9689	0.96609	0.96849	53578
2022-09-26 09:00:00	0.96848	0.96974	0.96413	0.96464	45724
2022-09-26 10:00:00	0.96466	0.96541	0.96332	0.96403	50830
2022-09-26 11:00:00	0.96404	0.96531	0.96188	0.96378	49798
2022-09-26 12:00:00	0.96377	0.96894	0.9629	0.96693	56234
2022-09-26 13:00:00	0.96692	0.9682	0.96507	0.96741	57625
2022-09-26 14:00:00	0.96742	0.96763	0.96351	0.96475	63241
2022-09-26 15:00:00	0.96474	0.96565	0.96095	0.96197	72402
2022-09-26 16:00:00	0.96198	0.96294	0.96077	0.96213	51493
2022-09-26 17:00:00	0.96211	0.96224	0.95995	0.96009	42268
2022-09-26 18:00:00	0.96009	0.96187	0.95995	0.96109	37276
2022-09-26 19:00:00	0.96109	0.96275	0.96069	0.96087	42410
2022-09-26 20:00:00	0.96088	0.96199	0.96059	0.96085	9730
2022-09-26 21:00:00	0.96077	0.96105	0.96068	0.96091	1224
2022-09-26 22:00:00	0.9609	0.96135	0.95839	0.96069	9467
2022-09-26 23:00:00	0.96069	0.96241	0.96069	962	16368
2022-09-27 00:00:00	0.96201	0.96384	0.96184	0.96342	29305
2022-09-27 01:00:00	0.96342	0.96411	0.9624	0.96288	30466
2022-09-27 02:00:00	0.96289	0.96344	0.96231	0.96327	22461
2022-09-27 03:00:00	0.96327	0.96449	0.96303	0.96408	17533
2022-09-27 04:00:00	0.96408	0.96456	0.96352	0.96366	16400
2022-09-27 05:00:00	0.96366	0.96554	0.96348	0.96513	24915
2022-09-27 06:00:00	0.96515	0.96707	0.96435	0.96444	41299
2022-09-27 07:00:00	0.96443	0.96673	0.9639	0.96469	48256
2022-09-27 08:00:00	0.9647	0.9647	0.9621	0.96241	43603
2022-09-27 09:00:00	0.96241	0.9628	0.96079	0.96079	33856
2022-09-27 10:00:00	0.96077	0.96473	0.96063	0.9627	37112
2022-09-27 11:00:00	0.96271	0.96525	962	0.96384	38847
2022-09-27 12:00:00	0.96385	0.96483	0.96198	0.96224	42440
2022-09-27 13:00:00	0.96225	0.96435	0.96168	0.96233	55075
2022-09-27 14:00:00	0.96233	0.96327	0.95989	0.96227	25782
2022-09-27 15:00:00	0.96227	0.9628	0.95933	0.96145	19880
2022-09-27 16:00:00	0.96146	0.96156	0.95689	0.95811	40061
2022-09-27 17:00:00	0.95811	0.95867	0.9571	0.95847	36737
2022-09-27 18:00:00	0.95846	0.96007	0.95806	0.95996	21439
2022-09-27 19:00:00	0.95994	0.95995	0.95854	0.95943	24876
2022-09-27 20:00:00	0.95942	0.95972	0.95895	0.95931	6127
2022-09-27 21:00:00	0.9592	0.95963	0.95876	0.95949	2815
2022-09-27 22:00:00	0.9595	0.95995	0.95846	0.95872	9219
2022-09-27 23:00:00	0.95873	0.9597	0.95839	0.95953	18668
2022-09-28 00:00:00	0.95953	0.96006	0.95676	0.95723	22666
2022-09-28 01:00:00	0.95721	0.95764	0.95549	0.95592	27122
2022-09-28 02:00:00	0.95593	0.95642	0.95426	0.95485	30533
2022-09-28 03:00:00	0.95486	0.95642	0.95486	0.95578	30906
2022-09-28 04:00:00	0.95579	0.95622	0.9543	0.95505	26016
2022-09-28 05:00:00	0.95504	0.95592	0.9548	0.95556	32220
2022-09-28 06:00:00	0.95556	957	0.95357	0.9539	46103
2022-09-28 07:00:00	0.9539	0.95871	0.9539	0.95774	62592
2022-09-28 08:00:00	0.95777	0.95884	0.95454	0.95563	54849
2022-09-28 09:00:00	0.95565	0.95625	0.95377	0.95439	52082
2022-09-28 10:00:00	0.95436	0.96026	0.95382	0.9574	89641
2022-09-28 11:00:00	0.95739	0.95749	0.95502	0.95658	68386
2022-09-28 12:00:00	0.95658	0.95965	0.95597	0.95848	75475
2022-09-28 13:00:00	0.95846	0.96373	0.95755	0.96049	75928
2022-09-28 14:00:00	0.96047	0.96382	0.95934	0.96311	77647
2022-09-28 15:00:00	0.96311	0.96881	0.96237	0.96788	54663
2022-09-28 16:00:00	0.96791	0.9708	0.96784	0.97019	37103
2022-09-28 17:00:00	0.97019	0.97465	0.97005	0.97306	29937
2022-09-28 18:00:00	0.97305	0.97508	0.97232	0.97444	21402
2022-09-28 19:00:00	0.97445	0.97445	0.97215	0.97323	20013
2022-09-28 20:00:00	0.97322	0.97384	0.97287	0.97323	7104
2022-09-28 21:00:00	0.97322	0.9739	0.97305	0.97335	1464
2022-09-28 22:00:00	0.97335	0.97361	0.97183	0.97184	9781
2022-09-28 23:00:00	0.97184	0.97242	0.97043	0.97054	10898
2022-09-29 00:00:00	0.97055	0.97137	0.96891	0.96891	18663
2022-09-29 01:00:00	0.96891	0.96996	0.96837	0.96849	17669
2022-09-29 02:00:00	0.96848	0.9687	0.96743	0.9681	14845
2022-09-29 03:00:00	0.9681	0.96886	0.96794	0.96859	12361
2022-09-29 04:00:00	0.96856	0.96897	0.96833	0.96854	10216
2022-09-29 05:00:00	0.96855	0.96876	0.9654	0.96646	24775
2022-09-29 06:00:00	0.96646	0.9673	0.96565	0.96648	41364
2022-09-29 07:00:00	0.96647	0.96762	0.96353	0.9655	58350
2022-09-29 08:00:00	0.96551	0.96664	0.96418	0.96652	48772
2022-09-29 09:00:00	0.96651	0.97067	0.96639	0.96932	47453
2022-09-29 10:00:00	0.96932	0.97194	0.96826	0.97154	38674
2022-09-29 11:00:00	0.97154	0.97465	0.9711	0.97225	40739
2022-09-29 12:00:00	0.97229	0.9728	0.96832	0.96879	52536
2022-09-29 13:00:00	0.96878	0.97491	0.96846	0.97417	39363
2022-09-29 14:00:00	0.97413	0.97702	0.97184	0.97653	51709
2022-09-29 15:00:00	0.97655	0.97896	0.97588	0.97733	45800
2022-09-29 16:00:00	0.97729	0.97975	0.97704	0.9776	30533
2022-09-29 17:00:00	0.97759	0.97896	0.97692	0.97805	24090
2022-09-29 18:00:00	0.97805	0.97968	0.97762	0.97913	25900
2022-09-29 19:00:00	0.97914	0.98089	0.97865	0.98006	28408
2022-09-29 20:00:00	0.98006	0.98158	0.97969	0.98146	8039
2022-09-29 21:00:00	0.98148	0.98225	0.98116	0.98167	1668
2022-09-29 22:00:00	0.9817	0.98437	0.98159	0.9818	17810
2022-09-29 23:00:00	0.98181	0.98382	0.98141	0.98291	12990
2022-09-30 00:00:00	0.98292	0.98332	0.98161	0.98252	14169
2022-09-30 01:00:00	0.98251	0.98292	0.98092	0.98097	11599
2022-09-30 02:00:00	0.98096	0.98168	0.97943	0.9809	13925
2022-09-30 03:00:00	0.9809	0.98126	0.9798	0.97994	12448
2022-09-30 04:00:00	0.97996	0.98075	0.97976	0.97991	8914
2022-09-30 05:00:00	0.97993	0.98278	0.97988	0.98241	14648
2022-09-30 06:00:00	0.98241	0.98335	0.97898	0.97994	25584
2022-09-30 07:00:00	0.97993	0.98383	0.97968	0.98326	31848
2022-09-30 08:00:00	0.98325	0.98537	0.98297	0.98329	31866
2022-09-30 09:00:00	0.98332	0.9838	0.97964	0.97971	30059
2022-09-30 10:00:00	0.9797	0.98039	0.97547	0.97615	25766
2022-09-30 11:00:00	0.97615	0.97684	0.9741	0.97463	28578
2022-09-30 12:00:00	0.97463	0.97843	0.9735	0.97545	39984
2022-09-30 13:00:00	0.97546	0.97767	0.97346	0.97744	46211
2022-09-30 14:00:00	0.97749	0.98093	0.97534	0.97944	56943
2022-09-30 15:00:00	0.97942	0.98182	0.97823	0.97824	51969
2022-09-30 16:00:00	0.97824	979	0.97704	0.97899	32337
2022-09-30 17:00:00	0.97898	0.98005	0.97827	0.97946	27097
2022-09-30 18:00:00	0.97947	0.98155	0.9792	0.98066	26501
2022-09-30 19:00:00	0.98068	0.98125	0.9792	0.98008	17528
2022-09-30 20:00:00	0.98008	981	0.9798	0.98013	7852
2022-10-02 21:00:00	0.97933	0.98054	0.97905	0.97959	907
2022-10-02 22:00:00	0.97953	0.98086	0.97921	0.98006	7731
2022-10-02 23:00:00	0.98005	0.98026	0.97891	0.97932	20641
2022-10-03 00:00:00	0.97931	0.98039	0.97852	0.98013	28953
2022-10-03 01:00:00	0.98014	0.98287	0.98012	0.98254	26243
2022-10-03 02:00:00	0.98254	0.98254	0.98122	0.98122	13221
2022-10-03 03:00:00	0.98123	0.98152	0.98039	0.98054	14184
2022-10-03 04:00:00	0.98054	0.98055	0.97851	0.97852	23326
2022-10-03 05:00:00	0.97854	0.98345	0.97842	0.98252	26482
2022-10-03 06:00:00	0.98253	0.98287	0.97915	0.97975	36343
2022-10-03 07:00:00	0.97976	0.98188	0.97869	0.98122	54635
2022-10-03 08:00:00	0.98121	0.98273	0.9805	0.98108	44017
2022-10-03 09:00:00	0.98108	0.98126	0.97525	0.97629	33540
2022-10-03 10:00:00	0.97629	0.97858	0.97568	0.97787	31933
2022-10-03 11:00:00	0.97786	0.9783	0.97541	0.97681	28707
2022-10-03 12:00:00	0.97681	0.97808	0.97559	0.97655	42649
2022-10-03 13:00:00	0.97654	0.97833	0.97577	0.9767	53230
2022-10-03 14:00:00	0.97675	0.98278	0.97671	0.98135	66327
2022-10-03 15:00:00	0.98137	0.98445	0.98053	0.98079	41416
2022-10-03 16:00:00	0.9808	0.98181	0.97957	0.98078	27889
2022-10-03 17:00:00	0.98076	981	0.97879	0.97944	19965
2022-10-03 18:00:00	0.97944	0.9821	0.9789	0.98166	29819
2022-10-03 19:00:00	0.98168	0.98286	0.98051	0.98286	28689
2022-10-03 20:00:00	0.98286	0.98288	0.9821	0.98248	5766
2022-10-03 21:00:00	0.98248	0.98253	0.98197	0.98214	565
2022-10-03 22:00:00	0.98214	0.98314	0.98199	0.98288	8433
2022-10-03 23:00:00	0.98287	0.98374	0.98284	0.98334	16576
2022-10-04 00:00:00	0.98335	0.98378	0.98197	0.98266	19096
2022-10-04 01:00:00	0.98266	0.98293	0.98114	0.98114	16105
2022-10-04 02:00:00	0.98114	983	0.9806	0.98282	13518
2022-10-04 03:00:00	0.98283	0.98453	0.98214	0.98422	20151
2022-10-04 04:00:00	0.98423	0.98433	0.98261	0.98331	19977
2022-10-04 05:00:00	0.98332	0.98492	0.98258	0.98439	22336
2022-10-04 06:00:00	0.98439	0.98719	0.98376	0.98702	43504
2022-10-04 07:00:00	0.98703	0.98959	0.98633	0.98751	54249
2022-10-04 08:00:00	0.98751	0.98801	0.98652	0.98745	39048
2022-10-04 09:00:00	0.98744	0.98841	0.98524	0.98791	37221
2022-10-04 10:00:00	0.9879	0.99037	0.98778	0.98913	31638
2022-10-04 11:00:00	0.98914	0.98981	0.9877	0.98904	35441
2022-10-04 12:00:00	0.98902	0.99344	0.98858	0.99239	42644
2022-10-04 13:00:00	0.99242	0.99307	0.99098	0.99289	43376
2022-10-04 14:00:00	0.99288	0.99578	0.99288	0.99567	45790
2022-10-04 15:00:00	0.99567	0.99796	0.9954	0.99762	16637
2022-10-04 16:00:00	0.99763	0.99937	0.99649	0.99699	14618
2022-10-04 17:00:00	0.99699	0.99742	0.99601	0.99742	14553
2022-10-04 18:00:00	0.99742	0.99987	0.99671	0.99977	14736
2022-10-04 19:00:00	0.99977	0.99995	0.99771	0.99902	18245
2022-10-04 20:00:00	0.99901	0.99935	0.99837	0.99852	8568
2022-10-04 21:00:00	0.99841	0.99862	0.99828	0.9983	368
2022-10-04 22:00:00	0.9983	0.99856	0.99803	0.99828	3864
2022-10-04 23:00:00	0.99827	0.9985	0.99791	0.99836	9620
2022-10-05 00:00:00	0.99839	0.99898	0.99702	0.99758	15354
2022-10-05 01:00:00	0.99756	0.99905	0.99651	0.99653	22454
2022-10-05 02:00:00	0.99652	0.99747	0.99601	0.99674	18854
2022-10-05 03:00:00	0.99674	0.99713	0.99593	0.99692	13378
2022-10-05 04:00:00	0.99691	0.99714	0.99601	0.9966	12936
2022-10-05 05:00:00	0.99659	0.99787	0.99628	0.99634	18314
2022-10-05 06:00:00	0.99636	0.99947	0.99615	0.99774	25291
2022-10-05 07:00:00	0.99775	0.99781	0.99361	0.99405	33756
2022-10-05 08:00:00	0.99404	0.99481	0.9923	0.99473	36242
2022-10-05 09:00:00	0.99472	0.99519	0.9921	0.99303	25075
2022-10-05 10:00:00	0.99302	0.99314	0.9911	0.99239	24849
2022-10-05 11:00:00	0.9924	0.99271	0.98995	0.99051	23275
2022-10-05 12:00:00	0.99053	0.99229	0.98919	0.99114	31133
2022-10-05 13:00:00	0.99113	0.99141	0.98655	0.98769	28207
2022-10-05 14:00:00	0.98768	0.98768	0.98346	0.98547	48405
2022-10-05 15:00:00	0.98548	0.98724	0.98493	0.98654	34574
2022-10-05 16:00:00	0.98654	0.98761	0.98597	0.9863	26063
2022-10-05 17:00:00	0.98629	0.98813	0.98599	0.98751	21749
2022-10-05 18:00:00	0.98751	0.98953	0.98734	0.98947	25311
2022-10-05 19:00:00	0.98949	0.98968	0.98827	0.98852	27198
2022-10-05 20:00:00	0.98852	0.98897	0.98821	0.98821	6944
2022-10-05 21:00:00	0.98795	0.98848	0.98653	0.98843	5401
2022-10-05 22:00:00	0.98844	0.98901	0.9882	0.98891	9851
2022-10-05 23:00:00	0.98892	0.9912	0.98876	0.99116	16525
2022-10-06 00:00:00	0.99115	0.99261	0.99081	0.99166	22318
2022-10-06 01:00:00	0.99168	0.99193	0.99029	0.99107	24938
2022-10-06 02:00:00	0.99105	0.9919	0.99047	0.99152	22145
2022-10-06 03:00:00	0.99151	0.99264	0.99131	0.99165	19031
2022-10-06 04:00:00	0.99166	0.9921	0.99093	0.99209	11676
2022-10-06 05:00:00	0.99208	0.99258	0.99122	0.9922	20491
2022-10-06 06:00:00	0.99221	0.99225	0.98929	0.98963	30359
2022-10-06 07:00:00	0.98964	0.99204	0.98941	0.99103	46008
2022-10-06 08:00:00	0.99105	0.99128	0.98749	0.98883	44875
2022-10-06 09:00:00	0.98884	0.99025	0.98847	0.98886	40421
2022-10-06 10:00:00	0.98887	0.98942	0.98742	0.98789	32270
2022-10-06 11:00:00	0.98854	0.9893	0.98578	0.98684	32404
2022-10-06 12:00:00	0.98684	0.9882	0.98556	0.98683	40511
2022-10-06 13:00:00	0.98682	0.98703	0.98184	0.98291	57798
2022-10-06 14:00:00	0.98292	0.98444	0.98181	0.98405	55204
2022-10-06 15:00:00	0.98406	0.98447	0.98036	0.98045	41572
2022-10-06 16:00:00	0.98045	0.98104	0.9788	0.98023	39161
2022-10-06 17:00:00	0.98023	0.98167	0.97991	0.98164	31237
2022-10-06 18:00:00	0.98164	0.98167	0.9792	0.97922	29782
2022-10-06 19:00:00	0.97922	0.98013	0.97894	0.97965	31487
2022-10-06 20:00:00	0.97964	0.98022	0.97893	0.97896	8430
2022-10-06 21:00:00	0.97902	0.97974	0.9787	0.97921	5243
2022-10-06 22:00:00	0.97921	0.97975	0.97898	0.97927	11162
2022-10-06 23:00:00	0.97927	0.97969	0.97862	0.97888	16430
2022-10-07 00:00:00	0.97888	0.97975	0.97863	0.97931	22767
2022-10-07 01:00:00	0.97931	0.9799	0.97863	0.97977	18794
2022-10-07 02:00:00	0.97976	0.98119	0.97937	0.98075	18523
2022-10-07 03:00:00	0.98075	0.98115	0.98018	0.98047	15562
2022-10-07 04:00:00	0.98047	0.98071	0.97913	0.97914	12702
2022-10-07 05:00:00	0.97914	0.98039	0.97914	0.9801	15504
2022-10-07 06:00:00	0.98011	0.98011	0.97655	0.97815	31602
2022-10-07 07:00:00	0.97815	0.98088	0.97813	0.97984	42788
2022-10-07 08:00:00	0.97985	0.98167	0.97932	0.98015	40311
2022-10-07 09:00:00	0.98017	0.98109	0.97922	0.98059	34995
2022-10-07 10:00:00	0.98059	0.98082	0.97908	0.97966	28583
2022-10-07 11:00:00	0.97966	0.98045	0.97869	0.97871	27550
2022-10-07 12:00:00	0.97871	0.98028	0.97259	975	59161
2022-10-07 13:00:00	0.97499	0.97689	0.97417	0.97486	66635
2022-10-07 14:00:00	0.97486	0.97911	0.97441	0.97858	68067
2022-10-07 15:00:00	0.97859	979	0.97712	0.97837	36200
2022-10-07 16:00:00	0.97837	0.97843	0.97554	0.97608	30994
2022-10-07 17:00:00	0.97609	0.97691	0.97558	0.97567	22199
2022-10-07 18:00:00	0.97567	0.9763	0.97339	0.97351	24993
2022-10-07 19:00:00	0.97352	0.97397	0.97306	0.97386	14713
2022-10-07 20:00:00	0.97385	0.97431	0.97324	0.97388	6319
2022-10-09 21:00:00	0.97336	0.97364	0.97313	0.97333	1657
2022-10-09 22:00:00	0.97336	0.97395	0.9729	0.97313	10166
2022-10-09 23:00:00	0.97312	0.97367	0.97274	0.97342	17143
2022-10-10 00:00:00	0.97343	0.97412	0.97246	0.97375	29407
2022-10-10 01:00:00	0.97375	0.97531	0.97366	0.97501	28693
2022-10-10 02:00:00	0.97501	0.97504	0.97408	0.97453	18675
2022-10-10 03:00:00	0.97454	0.97462	0.97324	0.97375	12447
2022-10-10 04:00:00	0.97375	0.97407	0.97327	0.97396	10821
2022-10-10 05:00:00	0.97399	0.97433	0.97157	0.97167	17490
2022-10-10 06:00:00	0.97166	0.97334	0.97164	0.97187	24879
2022-10-10 07:00:00	0.97187	0.9733	0.96992	0.97068	37874
2022-10-10 08:00:00	0.97066	0.97087	0.96815	0.96881	26463
2022-10-10 09:00:00	0.96883	0.97091	0.96883	0.97065	16078
2022-10-10 10:00:00	0.97065	0.97093	0.96883	0.96924	14812
2022-10-10 11:00:00	0.96925	0.97065	0.96869	0.9697	15116
2022-10-10 12:00:00	0.96969	0.9719	0.96934	0.97145	17900
2022-10-10 13:00:00	0.97145	0.97217	0.9694	0.96999	25320
2022-10-10 14:00:00	0.96999	0.97457	0.96951	0.97023	26100
2022-10-10 15:00:00	0.97022	0.97047	0.96852	0.97026	33654
2022-10-10 16:00:00	0.97026	0.97044	0.96893	0.96917	25717
2022-10-10 17:00:00	0.96917	0.97181	0.96851	0.97129	34701
2022-10-10 18:00:00	0.97129	0.97237	0.97027	0.9703	23476
2022-10-10 19:00:00	0.97032	0.97096	0.9701	0.97021	24145
2022-10-10 20:00:00	0.97023	0.97072	0.97009	0.97018	3658
2022-10-10 21:00:00	0.97009	0.97043	0.96995	0.97019	2061
2022-10-10 22:00:00	0.97019	0.97086	0.97004	0.97083	6836
2022-10-10 23:00:00	0.97083	0.97112	0.97075	0.9711	11148
2022-10-11 00:00:00	0.97112	0.97228	0.96985	0.97201	24966
2022-10-11 01:00:00	972	0.97211	0.96918	0.9697	38419
2022-10-11 02:00:00	0.9697	0.96998	0.96807	0.96868	39646
2022-10-11 03:00:00	0.96869	0.96957	0.96813	0.9682	26759
2022-10-11 04:00:00	0.96819	0.9685	0.96698	0.96771	23871
2022-10-11 05:00:00	0.9677	0.96873	0.96758	0.96856	24487
2022-10-11 06:00:00	0.96858	0.97026	0.96744	0.96904	40794
2022-10-11 07:00:00	0.96903	0.97247	0.9689	0.96988	56638
2022-10-11 08:00:00	0.96989	0.97198	0.96967	0.97074	39427
2022-10-11 09:00:00	0.97074	0.97188	0.96972	0.9699	33836
2022-10-11 10:00:00	0.96991	0.97192	0.96918	0.97173	35970
2022-10-11 11:00:00	0.97172	0.97379	0.97147	0.97247	35556
2022-10-11 12:00:00	0.97247	0.97325	0.97173	0.97196	41068
2022-10-11 13:00:00	0.97198	0.97213	0.96991	0.97018	47971
2022-10-11 14:00:00	0.97019	0.97197	0.96908	0.97072	57249
2022-10-11 15:00:00	0.97074	0.97627	0.97071	0.97558	44660
2022-10-11 16:00:00	0.97559	0.97745	0.97432	0.97652	32509
2022-10-11 17:00:00	0.97654	0.97665	0.97488	0.97522	22733
2022-10-11 18:00:00	0.97521	0.97529	0.97062	0.97088	32581
2022-10-11 19:00:00	0.97087	0.97143	0.96936	0.97102	47416
2022-10-11 20:00:00	0.97101	0.97118	0.9702	0.97054	6914
2022-10-11 21:00:00	0.97039	0.97067	0.97023	0.97028	4457
2022-10-11 22:00:00	0.97031	0.97178	0.97031	0.97131	8510
2022-10-11 23:00:00	0.97131	0.9714	0.96988	0.97004	12944
2022-10-12 00:00:00	0.97004	0.97101	969	0.97029	39221
2022-10-12 01:00:00	0.97029	0.9712	0.96828	0.96907	42097
2022-10-12 02:00:00	0.96905	0.96993	0.96826	0.96992	30639
2022-10-12 03:00:00	0.96993	0.97005	0.96929	0.96982	21188
2022-10-12 04:00:00	0.96979	0.97346	0.96968	0.97146	47391
2022-10-12 05:00:00	0.97148	0.97239	0.97061	0.97205	34456
2022-10-12 06:00:00	0.97206	0.97329	0.97148	0.97212	41838
2022-10-12 07:00:00	0.97212	0.97261	0.96959	0.97072	59596
2022-10-12 08:00:00	0.97072	0.97244	0.97017	0.97035	44056
2022-10-12 09:00:00	0.97036	0.97169	0.96974	0.97085	38450
2022-10-12 10:00:00	0.97085	0.97167	0.97046	0.97161	22656
2022-10-12 11:00:00	0.97159	0.97199	0.97019	0.9708	31980
2022-10-12 12:00:00	0.97079	0.97115	0.96872	0.97052	45379
2022-10-12 13:00:00	0.97055	0.9711	969	0.96903	36702
2022-10-12 14:00:00	0.96902	0.97058	0.96678	0.97011	55306
2022-10-12 15:00:00	0.97013	0.97095	0.96892	0.96904	34908
2022-10-12 16:00:00	0.96906	0.96947	968	0.96834	23830
2022-10-12 17:00:00	0.96834	0.96964	0.96805	0.96903	20840
2022-10-12 18:00:00	0.96905	0.97203	0.96849	0.96975	43132
2022-10-12 19:00:00	0.96974	0.97064	0.96912	0.97012	20648
2022-10-12 20:00:00	0.97012	0.97037	0.96964	0.97022	3372
2022-10-12 21:00:00	0.97019	0.97042	0.97011	0.97036	1602
2022-10-12 22:00:00	0.97037	0.97096	0.97037	0.97075	8752
2022-10-12 23:00:00	0.97076	0.97094	0.97036	0.97046	11704
2022-10-13 00:00:00	0.97046	0.97219	0.96975	0.97143	21100
2022-10-13 01:00:00	0.97144	0.97146	0.97005	0.9705	24307
2022-10-13 02:00:00	0.97049	0.97061	0.96961	0.96982	21625
2022-10-13 03:00:00	0.96981	0.97033	0.96948	0.97004	17174
2022-10-13 04:00:00	0.97003	0.9706	0.96973	0.97038	9644
2022-10-13 05:00:00	0.97039	0.97067	0.96962	0.9697	15554
2022-10-13 06:00:00	0.96971	0.97091	0.96885	0.96895	27509
2022-10-13 07:00:00	0.96898	0.97066	0.96853	0.97056	34556
2022-10-13 08:00:00	0.97057	0.97141	0.96979	0.97137	24562
2022-10-13 09:00:00	0.97136	0.97441	0.97108	0.9726	29590
2022-10-13 10:00:00	0.97259	0.97355	0.97177	0.97248	27485
2022-10-13 11:00:00	0.97249	0.97529	0.97208	0.97447	50001
2022-10-13 12:00:00	0.97446	0.97482	0.96315	0.96681	65096
2022-10-13 13:00:00	0.9668	0.97017	0.96451	0.96939	86864
2022-10-13 14:00:00	0.9694	0.97259	0.96755	0.97179	71163
2022-10-13 15:00:00	0.97178	0.9799	0.97106	0.97788	75920
2022-10-13 16:00:00	0.9779	0.9799	0.97642	0.97744	52469
2022-10-13 17:00:00	0.97744	0.98057	0.97683	0.97963	45875
2022-10-13 18:00:00	0.97964	0.98002	0.97813	0.97865	38167
2022-10-13 19:00:00	0.97865	0.9789	0.9771	0.97745	31094
2022-10-13 20:00:00	0.97745	0.97807	0.97732	0.97739	4184
2022-10-13 21:00:00	0.97739	0.9778	0.97716	0.97771	4789
2022-10-13 22:00:00	0.97765	0.97781	0.97688	0.97775	3145
2022-10-13 23:00:00	0.97773	0.97775	0.97669	0.97671	10735
2022-10-14 00:00:00	0.97669	0.97786	0.97616	0.97678	24657
2022-10-14 01:00:00	0.97678	0.98086	0.97676	0.97996	31522
2022-10-14 02:00:00	0.97997	0.98019	0.97898	979	19724
2022-10-14 03:00:00	0.97901	0.97973	0.97844	0.9787	15034
2022-10-14 04:00:00	0.97869	0.97898	0.97786	0.97815	15433
2022-10-14 05:00:00	0.97815	0.97863	0.9775	0.9776	17489
2022-10-14 06:00:00	0.9776	0.97969	0.97754	0.97881	34312
2022-10-14 07:00:00	0.97883	0.97883	0.97524	0.97675	48594
2022-10-14 08:00:00	0.97675	0.97675	0.97447	0.97501	44685
2022-10-14 09:00:00	0.97502	0.97537	0.97191	0.97299	44248
2022-10-14 10:00:00	0.97297	0.97575	0.97246	0.97339	54450
2022-10-14 11:00:00	0.97339	0.97415	0.9709	0.97186	44969
2022-10-14 12:00:00	0.97187	0.97767	0.97146	0.9773	59895
2022-10-14 13:00:00	0.9773	0.97996	0.97303	0.97361	76770
2022-10-14 14:00:00	0.97359	0.9754	0.9707	0.97533	84816
2022-10-14 15:00:00	0.97534	0.97686	0.97337	0.97386	55155
2022-10-14 16:00:00	0.97385	0.9748	0.97131	0.97175	39705
2022-10-14 17:00:00	0.97174	0.97298	0.97136	0.97282	31784
2022-10-14 18:00:00	0.97283	0.97318	0.97186	0.97232	24648
2022-10-14 19:00:00	0.97232	0.9729	0.97162	0.97279	13255
2022-10-14 20:00:00	0.97281	0.97302	0.97182	0.97182	7351
2022-10-16 21:00:00	0.97201	0.97242	0.97182	0.97223	798
2022-10-16 22:00:00	0.97223	0.97377	0.97223	0.97319	6664
2022-10-16 23:00:00	0.97321	0.9743	0.97307	0.97395	25801
2022-10-17 00:00:00	0.97395	0.97506	0.97368	0.97455	32708
2022-10-17 01:00:00	0.97456	0.97505	0.97386	0.97455	28222
2022-10-17 02:00:00	0.97459	0.97521	0.97417	0.97447	18696
2022-10-17 03:00:00	0.97448	0.97476	0.97385	0.97395	13267
2022-10-17 04:00:00	0.97397	0.97399	0.97323	0.97364	16032
2022-10-17 05:00:00	0.97364	0.97557	0.97357	0.97519	23749
2022-10-17 06:00:00	0.97521	0.97539	0.97305	0.97316	32290
2022-10-17 07:00:00	0.97316	0.97568	0.97315	0.97469	48872
2022-10-17 08:00:00	0.97471	0.97542	0.97197	0.97383	40111
2022-10-17 09:00:00	0.97385	0.97576	0.9736	0.97527	29426
2022-10-17 10:00:00	0.97527	0.97706	0.97463	0.97487	32727
2022-10-17 11:00:00	0.97486	0.97517	0.97321	0.97405	29300
2022-10-17 12:00:00	0.97404	0.97847	0.97294	0.97752	37563
2022-10-17 13:00:00	0.97753	0.97983	0.97725	0.97819	34500
2022-10-17 14:00:00	0.97821	0.98168	0.97821	0.98149	44804
2022-10-17 15:00:00	0.98166	0.98483	0.98046	0.98419	38251
2022-10-17 16:00:00	0.98417	0.9852	0.98351	0.9839	28985
2022-10-17 17:00:00	0.98391	0.98507	0.98367	0.98412	31214
2022-10-17 18:00:00	0.98411	0.98488	0.98371	0.98467	17811
2022-10-17 19:00:00	0.98468	0.98468	0.98322	0.98347	20645
2022-10-17 20:00:00	0.98353	0.98445	0.98351	0.98389	4836
2022-10-17 21:00:00	0.98375	0.98425	0.98375	0.98393	2071
2022-10-17 22:00:00	0.98393	0.98456	0.98366	0.9842	9877
2022-10-17 23:00:00	0.98421	0.98466	0.98388	0.98435	19381
2022-10-18 00:00:00	0.98434	0.98525	0.98393	0.9841	22661
2022-10-18 01:00:00	0.98409	0.98416	0.98289	0.9832	19234
2022-10-18 02:00:00	0.98319	0.98356	0.98265	0.98314	16769
2022-10-18 03:00:00	0.98313	0.98449	0.9823	0.98409	21256
2022-10-18 04:00:00	0.9841	0.98663	0.98409	0.98573	26898
2022-10-18 05:00:00	0.98574	0.98629	0.98502	0.98539	25125
2022-10-18 06:00:00	0.98537	0.98726	0.98467	0.98624	33986
2022-10-18 07:00:00	0.98626	0.98734	0.9831	0.98575	47189
2022-10-18 08:00:00	0.98576	0.98592	0.98245	0.98287	38193
2022-10-18 09:00:00	0.98285	0.98534	0.9827	0.98377	47218
2022-10-18 10:00:00	0.98377	0.9846	0.98124	0.98191	30294
2022-10-18 11:00:00	0.98193	0.98399	0.98187	0.98312	34950
2022-10-18 12:00:00	0.98315	0.98577	0.98252	0.98543	40380
2022-10-18 13:00:00	0.98545	0.98755	0.98457	0.98526	43343
2022-10-18 14:00:00	0.98526	0.98589	0.98245	0.98497	50491
2022-10-18 15:00:00	0.98497	0.98498	0.98213	0.98415	46358
2022-10-18 16:00:00	0.98412	0.98603	0.98371	0.98557	35997
2022-10-18 17:00:00	0.98558	0.98601	0.98416	0.98532	33753
2022-10-18 18:00:00	0.98532	0.98597	0.98417	0.98498	30903
2022-10-18 19:00:00	0.98497	0.98575	0.98453	0.9857	26610
2022-10-18 20:00:00	0.9857	0.98635	0.98523	0.98558	4365
2022-10-18 21:00:00	0.98543	0.98619	0.98543	0.98614	880
2022-10-18 22:00:00	0.98615	0.98688	0.98593	0.98668	10639
2022-10-18 23:00:00	0.98668	0.98721	0.98609	0.98625	19455
2022-10-19 00:00:00	0.98625	0.98667	0.9853	0.98609	24506
2022-10-19 01:00:00	0.9861	0.98643	0.98538	0.98584	29816
2022-10-19 02:00:00	0.98585	0.9861	0.98489	0.98523	18455
2022-10-19 03:00:00	0.98523	0.98552	0.9843	0.9844	11641
2022-10-19 04:00:00	0.98441	0.98461	0.9837	0.98397	12504
2022-10-19 05:00:00	0.98397	0.98438	0.98315	0.98354	15148
2022-10-19 06:00:00	0.98353	0.98408	0.98203	0.98215	38929
2022-10-19 07:00:00	0.98215	0.98393	0.9815	0.98391	52996
2022-10-19 08:00:00	0.98392	0.98392	0.98124	0.98167	42508
2022-10-19 09:00:00	0.98169	0.98238	0.98054	0.9818	35823
2022-10-19 10:00:00	0.9818	0.98209	0.97806	0.97808	36115
2022-10-19 11:00:00	0.97807	0.97842	0.97592	0.9783	42833
2022-10-19 12:00:00	0.9783	0.97836	0.97643	0.97796	44936
2022-10-19 13:00:00	0.97798	0.97959	0.97714	0.97737	51478
2022-10-19 14:00:00	0.97736	0.98025	0.97703	0.97902	45180
2022-10-19 15:00:00	979	0.97943	0.97782	0.97785	38714
2022-10-19 16:00:00	0.97786	0.97814	0.97649	0.97658	31556
2022-10-19 17:00:00	0.97658	0.97735	0.97571	0.9766	27698
2022-10-19 18:00:00	0.97658	0.97783	0.97632	0.97667	23444
2022-10-19 19:00:00	0.97666	0.97766	0.97646	0.97729	22934
2022-10-19 20:00:00	0.97725	0.9776	0.97704	0.97721	5052
2022-10-19 21:00:00	0.97715	0.97743	0.97714	0.97724	2207
2022-10-19 22:00:00	0.97727	0.97758	0.97644	0.9765	5269
2022-10-19 23:00:00	0.97649	0.97669	0.97604	0.97652	9356
2022-10-20 00:00:00	0.97653	0.97716	0.97582	0.97647	27500
2022-10-20 01:00:00	0.97647	0.97651	0.97544	0.97583	23580
2022-10-20 02:00:00	0.97585	0.97663	0.97558	0.97652	19816
2022-10-20 03:00:00	0.97651	0.97664	0.97565	0.97612	10570
2022-10-20 04:00:00	0.9761	0.97857	0.9759	0.9778	34764
2022-10-20 05:00:00	0.9778	0.9789	0.97744	0.97829	26656
2022-10-20 06:00:00	0.97829	0.97938	0.97791	0.97919	26171
2022-10-20 07:00:00	0.9792	0.97944	0.97713	0.97866	52598
2022-10-20 08:00:00	0.97867	0.97922	0.9773	0.97814	37578
2022-10-20 09:00:00	0.97818	0.9789	0.97727	0.97828	25901
2022-10-20 10:00:00	0.97829	0.9807	0.97767	0.98066	28817
2022-10-20 11:00:00	0.98066	0.98288	0.98016	0.98127	32348
2022-10-20 12:00:00	0.98125	0.98373	0.97953	0.98025	60937
2022-10-20 13:00:00	0.98027	0.98084	0.97797	0.97859	59749
2022-10-20 14:00:00	0.9786	0.98454	0.97832	0.98449	57983
2022-10-20 15:00:00	0.98447	0.98447	0.98209	0.98224	36485
2022-10-20 16:00:00	0.98222	0.98224	0.97977	0.98024	34275
2022-10-20 17:00:00	0.98024	0.98025	0.97803	0.97849	34620
2022-10-20 18:00:00	0.97847	0.97876	0.97748	0.97843	29069
2022-10-20 19:00:00	0.97842	0.97894	0.97731	0.97839	25815
2022-10-20 20:00:00	0.97841	0.97888	0.97812	0.97843	5028
2022-10-20 21:00:00	0.9784	0.97869	0.97798	0.97839	2946
2022-10-20 22:00:00	0.9784	0.97886	0.97813	0.97827	8556
2022-10-20 23:00:00	0.97829	0.97829	0.9773	0.97782	11478
2022-10-21 00:00:00	0.97785	0.97822	0.97679	0.97707	15438
2022-10-21 01:00:00	0.9771	0.97727	0.97649	0.97701	14490
2022-10-21 02:00:00	0.97702	978	0.97675	0.97764	13663
2022-10-21 03:00:00	0.97762	0.97832	0.97671	0.97684	13151
2022-10-21 04:00:00	0.97686	0.97715	0.97646	0.9771	12472
2022-10-21 05:00:00	0.97708	0.97764	0.97632	0.97755	14137
2022-10-21 06:00:00	0.97754	0.97774	0.97614	0.97657	30801
2022-10-21 07:00:00	0.97658	0.98022	0.97609	0.97887	43311
2022-10-21 08:00:00	0.97887	0.97908	0.97526	0.9756	37930
2022-10-21 09:00:00	0.97561	0.97632	0.97351	0.97403	37665
2022-10-21 10:00:00	0.97402	0.97536	0.97321	0.97496	36873
2022-10-21 11:00:00	0.97497	0.97591	0.97409	0.97448	42426
2022-10-21 12:00:00	0.97447	0.97771	0.97048	0.97575	53693
2022-10-21 13:00:00	0.97575	0.9807	0.97517	0.97974	101438
2022-10-21 14:00:00	0.97976	0.98168	0.97653	0.97969	95409
2022-10-21 15:00:00	0.97969	0.98562	0.97797	0.98547	104198
2022-10-21 16:00:00	0.98547	0.98678	0.98249	0.98388	80369
2022-10-21 17:00:00	0.98387	0.98479	0.98284	0.98294	48445
2022-10-21 18:00:00	0.98293	0.98524	0.98239	0.98441	44236
2022-10-21 19:00:00	0.98448	0.98689	0.98429	0.98616	26730
2022-10-21 20:00:00	0.98615	0.98659	0.98564	0.98613	13146
2022-10-23 21:00:00	0.98712	0.98842	0.98633	0.9884	1392
2022-10-23 22:00:00	0.98843	0.9899	0.98469	0.98488	30608
2022-10-23 23:00:00	0.98487	0.98888	0.98308	0.98595	53665
2022-10-24 00:00:00	0.98594	0.98675	0.98402	0.9849	48036
2022-10-24 01:00:00	0.98488	0.98488	0.9832	0.98352	47459
2022-10-24 02:00:00	0.98352	0.98448	0.98286	0.98429	30257
2022-10-24 03:00:00	0.98432	0.9845	0.98254	0.98343	18384
2022-10-24 04:00:00	0.98342	0.9849	0.98313	0.98478	13508
2022-10-24 05:00:00	0.98476	0.98501	0.98396	0.98432	21844
2022-10-24 06:00:00	0.9843	0.98617	0.98319	0.98457	37911
2022-10-24 07:00:00	0.98458	0.98618	0.98262	0.98343	46086
2022-10-24 08:00:00	0.98345	0.98427	0.98163	0.98348	64379
2022-10-24 09:00:00	0.98351	0.98354	0.98067	0.98332	47631
2022-10-24 10:00:00	0.98333	0.98355	0.98166	0.98224	47129
2022-10-24 11:00:00	0.98223	0.98464	0.98131	0.98352	46713
2022-10-24 12:00:00	0.98352	0.98576	0.98286	0.98432	41656
2022-10-24 13:00:00	0.98434	0.98909	0.98266	0.98751	76326
2022-10-24 14:00:00	0.98755	0.98935	0.98539	0.98851	80007
2022-10-24 15:00:00	0.98852	0.98911	0.98634	0.98736	63361
2022-10-24 16:00:00	0.98735	0.98782	0.98631	0.98706	44361
2022-10-24 17:00:00	0.98707	0.98751	0.98682	0.98709	19328
2022-10-24 18:00:00	0.98707	0.98768	0.98681	0.98749	22078
2022-10-24 19:00:00	0.98753	0.98809	0.98718	0.98738	19065
2022-10-24 20:00:00	0.98739	0.98764	0.98719	0.98728	4863
2022-10-24 21:00:00	0.98703	0.98742	0.98673	0.98701	1980
2022-10-24 22:00:00	0.98701	0.98873	0.98695	0.98872	13754
2022-10-24 23:00:00	0.98872	989	0.98834	0.98842	15286
2022-10-25 00:00:00	0.98842	0.9897	0.98787	0.98941	31245
2022-10-25 01:00:00	0.9894	0.98984	0.98773	0.98876	39566
2022-10-25 02:00:00	0.98878	0.98896	0.98779	0.98845	26523
2022-10-25 03:00:00	0.98845	0.98888	0.98815	0.98846	23865
2022-10-25 04:00:00	0.98845	0.98862	0.98773	0.98786	8836
2022-10-25 05:00:00	0.98785	0.98801	0.98665	0.98706	19402
2022-10-25 06:00:00	0.98706	0.98786	0.98551	0.98611	30427
2022-10-25 07:00:00	0.9861	0.98668	0.98524	0.98564	39454
2022-10-25 08:00:00	0.98561	0.9876	0.98533	0.98571	35703
2022-10-25 09:00:00	0.98573	0.98753	0.98552	0.98638	31233
2022-10-25 10:00:00	0.9864	0.98722	0.98539	0.98582	26717
2022-10-25 11:00:00	0.98584	0.98669	0.98484	0.98666	25691
2022-10-25 12:00:00	0.98666	0.98754	0.98562	0.98743	36841
2022-10-25 13:00:00	0.98743	0.99695	0.9873	0.99677	58401
2022-10-25 14:00:00	0.99677	0.99766	0.99351	0.9957	61197
2022-10-25 15:00:00	0.99569	0.99768	0.99524	0.99577	39382
2022-10-25 16:00:00	0.99577	0.99652	0.99464	0.99534	30150
2022-10-25 17:00:00	0.99534	0.99646	0.99507	0.99643	36015
2022-10-25 18:00:00	0.99642	0.99696	0.99556	0.9959	17199
2022-10-25 19:00:00	0.99589	0.99679	0.99582	0.99666	17492
2022-10-25 20:00:00	0.99665	0.99695	0.99625	0.99646	4497
2022-10-25 21:00:00	0.99646	0.99667	0.99641	0.99661	3696
2022-10-25 22:00:00	0.99659	0.9966	0.99552	996	15786
2022-10-25 23:00:00	0.99599	0.99649	0.99572	0.99616	12840
2022-10-26 00:00:00	0.99617	0.99673	0.99434	0.99471	21157
2022-10-26 01:00:00	0.9947	0.99577	0.99449	0.99473	26059
2022-10-26 02:00:00	0.99474	0.99541	0.99465	0.99521	15906
2022-10-26 03:00:00	0.9952	0.99608	0.99515	0.99571	10497
2022-10-26 04:00:00	0.9957	0.99597	0.99508	0.99545	13285
2022-10-26 05:00:00	0.99545	0.99708	0.99515	0.99621	18651
2022-10-26 06:00:00	0.99619	0.99849	0.99605	0.99825	27478
2022-10-26 07:00:00	0.99829	1.00345	0.99735	1.00329	47290
2022-10-26 08:00:00	1.0033	1.00453	1.00154	1.0038	42300
2022-10-26 09:00:00	1.00379	1.00476	1.00187	1.00258	30921
2022-10-26 10:00:00	1.00259	1.00313	1.00087	1.00229	28560
2022-10-26 11:00:00	1.00228	1.00325	1.00131	1.00213	32249
2022-10-26 12:00:00	1.00211	1.00285	0.99955	1.00043	48208
2022-10-26 13:00:00	1.00041	1.00315	1.00016	1.00133	47898
2022-10-26 14:00:00	1.00133	1.00499	1.00131	1.00478	63303
2022-10-26 15:00:00	1.00478	1.0081	1.00429	1.00677	34042
2022-10-26 16:00:00	1.00677	1.00836	1.00609	1.00763	28155
2022-10-26 17:00:00	1.00762	1.0083	1.00669	1.00797	38624
2022-10-26 18:00:00	1.00797	1.00885	1.00744	1.00813	21388
2022-10-26 19:00:00	1.00812	1.00819	1.00755	1.00814	18451
2022-10-26 20:00:00	1.00814	1.0085	1.00783	1.00785	6692
2022-10-26 21:00:00	1.00771	1.00877	1.0072	1.00809	4857
2022-10-26 22:00:00	1.00808	1.00834	1.00746	1.00798	11109
2022-10-26 23:00:00	1.00799	1.00934	1.0079	1.00932	16149
2022-10-27 00:00:00	1.00932	1.00934	1.00744	1.00783	23832
2022-10-27 01:00:00	1.00783	1.00842	1.00741	1.00756	26416
2022-10-27 02:00:00	1.00755	1.00755	1.00617	1.00666	14525
2022-10-27 03:00:00	1.00667	1.00732	1.00661	1.00694	12738
2022-10-27 04:00:00	1.00692	1.00742	1.00636	1.00705	10055
2022-10-27 05:00:00	1.00707	1.00836	1007	1.00765	22574
2022-10-27 06:00:00	1.00766	1.00805	1.00543	1.00568	22765
2022-10-27 07:00:00	1.00567	1007	1.00545	1.00663	23754
2022-10-27 08:00:00	1.00663	1.00777	1.00575	1006	34528
2022-10-27 09:00:00	1.00601	1.00626	1.00304	1.0038	30184
2022-10-27 10:00:00	1.00383	1.00461	1.00293	1.00358	29914
2022-10-27 11:00:00	1.00357	1.00502	1.00281	1.00497	28434
2022-10-27 12:00:00	1.00496	1.00512	0.99853	1.0006	46239
2022-10-27 13:00:00	1.00063	1.00299	0.99723	1.00055	49236
2022-10-27 14:00:00	1.00056	1.00436	0.99885	0.9998	47604
2022-10-27 15:00:00	0.99979	1.00114	0.99775	0.99838	51335
2022-10-27 16:00:00	0.99838	999	0.99702	0.99776	34526
2022-10-27 17:00:00	0.99778	0.99956	0.9971	0.99715	25340
2022-10-27 18:00:00	0.99715	0.99737	0.99575	0.99627	16521
2022-10-27 19:00:00	0.99626	0.99725	0.9959	0.99708	22079
2022-10-27 20:00:00	0.99708	0.99722	996	0.99635	8905
2022-10-27 21:00:00	0.99635	0.99657	0.9961	0.99651	917
2022-10-27 22:00:00	0.99651	0.9972	0.99634	0.9971	10954
2022-10-27 23:00:00	0.9971	0.99719	0.99663	0.99668	9905
2022-10-28 00:00:00	0.99668	0.9969	0.99578	0.99664	24610
2022-10-28 01:00:00	0.99667	0.9996	0.99641	0.99952	24816
2022-10-28 02:00:00	0.99952	0.9998	0.99813	0.99883	19052
2022-10-28 03:00:00	0.99884	0.99925	0.99798	0.99922	14327
2022-10-28 04:00:00	0.99921	0.99925	0.99815	0.99849	18224
2022-10-28 05:00:00	0.99849	0.99909	0.99731	0.99737	31696
2022-10-28 06:00:00	0.99734	0.99808	0.99631	0.99677	34100
2022-10-28 07:00:00	0.99677	0.99767	0.99377	0.99451	45476
2022-10-28 08:00:00	0.99457	0.9953	0.99265	0.99409	37665
2022-10-28 09:00:00	0.99412	0.99646	0.99412	0.99534	35561
2022-10-28 10:00:00	0.99534	0.99566	0.99352	0.99474	21375
2022-10-28 11:00:00	0.99472	0.99755	0.99388	0.99539	30091
2022-10-28 12:00:00	0.99537	0.9973	0.99359	0.99691	53757
2022-10-28 13:00:00	0.99691	0.99898	0.99655	0.9969	54568
2022-10-28 14:00:00	0.99691	0.99823	0.99388	0.99505	58329
2022-10-28 15:00:00	0.99506	0.99529	0.99303	0.99335	33596
2022-10-28 16:00:00	0.99335	0.9939	0.99286	0.99382	24419
2022-10-28 17:00:00	0.99384	0.99492	0.9934	0.99381	15149
2022-10-28 18:00:00	0.99381	0.99571	0.99375	0.99556	18828
2022-10-28 19:00:00	0.99556	0.99661	0.99523	0.9966	10297
2022-10-28 20:00:00	0.99659	0.99675	0.99595	0.99631	5465
2022-10-30 21:00:00	0.99464	0.9958	0.99459	0.99566	388
2022-10-30 22:00:00	0.99567	996	0.99454	0.9957	12556
2022-10-30 23:00:00	0.99572	0.9962	0.99535	0.99543	17320
2022-10-31 00:00:00	0.99543	0.99647	0.9953	0.9959	13019
2022-10-31 01:00:00	0.9959	0.99635	0.99431	0.99482	15944
2022-10-31 02:00:00	0.99479	0.99563	0.99456	0.99553	10285
2022-10-31 03:00:00	0.99554	0.99656	0.99524	0.99647	13307
2022-10-31 04:00:00	0.99646	0.99655	0.99586	0.99605	7622
2022-10-31 05:00:00	0.99605	0.99616	0.99441	0.99479	12339
2022-10-31 06:00:00	0.99477	0.99531	0.9938	0.9952	18789
2022-10-31 07:00:00	0.99519	0.99545	0.9928	0.99296	24986
2022-10-31 08:00:00	0.99291	0.99333	0.9914	0.99229	27612
2022-10-31 09:00:00	0.99228	0.99487	0.99211	0.99461	27830
2022-10-31 10:00:00	0.99463	0.99464	0.99272	0.99324	22022
2022-10-31 11:00:00	0.99324	0.99391	0.99243	0.99361	27738
2022-10-31 12:00:00	0.99362	0.99365	0.99072	0.99089	33503
2022-10-31 13:00:00	0.99086	0.99154	0.98882	0.98897	35358
2022-10-31 14:00:00	0.98898	0.99079	0.98804	0.98895	32865
2022-10-31 15:00:00	0.98896	0.98951	0.98728	0.98828	30716
2022-10-31 16:00:00	0.98825	0.98898	0.98751	0.98752	26757
2022-10-31 17:00:00	0.98754	0.98871	0.9873	0.98867	20911
2022-10-31 18:00:00	0.98866	0.98957	0.98813	0.9888	14266
2022-10-31 19:00:00	0.9888	0.98883	0.98766	0.98827	19561
2022-10-31 20:00:00	0.98829	0.98841	0.98796	0.98802	6013
2022-10-31 21:00:00	0.98801	0.9885	0.98717	0.98821	980
2022-10-31 22:00:00	0.98823	0.98853	0.98807	0.98842	3442
2022-10-31 23:00:00	0.98842	0.98875	0.98827	0.98856	4975
2022-11-01 00:00:00	0.98856	0.98901	0.98822	0.98853	7471
2022-11-01 01:00:00	0.98851	0.98996	0.98841	0.98947	14744
2022-11-01 02:00:00	0.98948	0.9908	0.98927	0.99063	12711
2022-11-01 03:00:00	0.99063	0.99076	0.98944	0.99032	14523
2022-11-01 04:00:00	0.99034	0.99076	0.98993	0.99049	10668
2022-11-01 05:00:00	0.9905	0.99277	0.99042	0.99247	11543
2022-11-01 06:00:00	0.99247	0.99384	0.99214	0.9933	15426
2022-11-01 07:00:00	0.99331	0.99333	0.99086	0.99302	20318
2022-11-01 08:00:00	0.99297	0.99477	0.99209	0.99224	22451
2022-11-01 09:00:00	0.99227	0.99352	0.9915	0.99337	13971
2022-11-01 10:00:00	0.99337	0.99415	0.99232	0.99363	22781
2022-11-01 11:00:00	0.99364	0.99424	0.99259	0.99343	18721
2022-11-01 12:00:00	0.99343	0.99478	0.99342	0.99406	20995
2022-11-01 13:00:00	0.99409	0.99539	0.99295	0.99356	25182
2022-11-01 14:00:00	0.99359	0.99369	0.98587	0.98688	47509
2022-11-01 15:00:00	0.98687	0.98852	0.98608	987	26504
2022-11-01 16:00:00	987	0.99096	0.98527	0.9861	24167
2022-11-01 17:00:00	0.98611	0.98826	0.98578	0.98818	17683
2022-11-01 18:00:00	0.98817	0.98859	0.98766	0.98825	11494
2022-11-01 19:00:00	0.98824	0.98836	0.98738	0.98776	11217
2022-11-01 20:00:00	0.98775	0.98796	0.98727	0.98738	5024
2022-11-01 21:00:00	0.98719	0.98794	0.98719	0.98746	21661
2022-11-01 22:00:00	0.98747	0.98796	0.98695	0.9874	3462
2022-11-01 23:00:00	0.98739	0.9879	0.98718	0.98772	8789
2022-11-02 00:00:00	0.98772	0.98876	0.98743	0.98872	13675
2022-11-02 01:00:00	0.98872	0.98889	0.98812	0.98879	17479
2022-11-02 02:00:00	0.98878	0.98963	0.98787	0.98937	13209
2022-11-02 03:00:00	0.98938	0.98996	0.98915	0.98928	13086
2022-11-02 04:00:00	0.98931	0.98937	0.98793	0.98841	12692
2022-11-02 05:00:00	0.98841	0.98928	0.98831	0.98874	13482
2022-11-02 06:00:00	0.98876	0.98894	0.98783	0.98825	14700
2022-11-02 07:00:00	0.98824	0.98855	0.98709	0.98842	25518
2022-11-02 08:00:00	0.98842	0.99067	0.9879	0.98999	31074
2022-11-02 09:00:00	0.98999	0.99054	0.98864	0.99048	19854
2022-11-02 10:00:00	0.99049	0.99118	0.98942	0.99012	18546
2022-11-02 11:00:00	0.99014	0.99055	0.98867	0.98976	19352
2022-11-02 12:00:00	0.98976	0.99077	0.98842	0.99059	36844
2022-11-02 13:00:00	0.99061	0.9915	0.98879	0.98941	37642
2022-11-02 14:00:00	0.98942	0.98943	0.98722	0.98733	34461
2022-11-02 15:00:00	0.98735	0.9886	0.98641	0.98742	32537
2022-11-02 16:00:00	0.98744	0.98763	0.98586	0.98673	21570
2022-11-02 17:00:00	0.98672	0.98915	0.98587	0.98798	19360
2022-11-02 18:00:00	0.98802	0.99757	0.98731	0.98847	89374
2022-11-02 19:00:00	0.98845	0.99047	0.98224	0.98285	66637
2022-11-02 20:00:00	0.98285	0.98312	0.98129	0.98145	14472
2022-11-02 21:00:00	0.98139	0.9818	0.98131	0.98155	4494
2022-11-02 22:00:00	0.98149	0.98317	0.98122	0.98146	6382
2022-11-02 23:00:00	0.98146	0.98181	0.98098	0.98138	10201
2022-11-03 00:00:00	0.98141	0.98225	0.98098	0.98208	12845
2022-11-03 01:00:00	0.98207	0.98394	0.98198	0.98309	22383
2022-11-03 02:00:00	0.98307	0.98391	0.98261	0.98271	15681
2022-11-03 03:00:00	0.9827	0.98331	0.98241	0.9829	13488
2022-11-03 04:00:00	0.9829	0.9836	0.98275	0.98345	8649
2022-11-03 05:00:00	0.98346	0.98359	0.98242	0.98262	9613
2022-11-03 06:00:00	0.9826	0.9826	0.98097	0.98114	13539
2022-11-03 07:00:00	0.98114	0.98132	0.97729	0.97836	32089
2022-11-03 08:00:00	0.97835	979	0.97608	0.97673	41174
2022-11-03 09:00:00	0.97676	0.97702	0.97475	0.97532	38164
2022-11-03 10:00:00	0.97532	0.97563	0.97299	0.9741	31841
2022-11-03 11:00:00	0.97447	0.97513	0.97355	0.97392	29811
2022-11-03 12:00:00	0.97393	0.97634	0.97326	0.97407	61452
2022-11-03 13:00:00	0.97407	0.97614	0.9735	0.97443	51334
2022-11-03 14:00:00	0.97454	0.97946	0.97424	0.97854	51769
2022-11-03 15:00:00	0.97853	0.97872	0.9753	0.97579	47080
2022-11-03 16:00:00	0.97579	0.97694	0.97453	0.97479	37754
2022-11-03 17:00:00	0.97475	0.97539	0.97442	0.9747	19504
2022-11-03 18:00:00	0.97469	0.97564	0.97423	0.97534	20102
2022-11-03 19:00:00	0.97536	0.97614	0.97486	0.97512	13294
2022-11-03 20:00:00	0.97517	0.9752	0.97466	0.97468	7827
2022-11-03 21:00:00	0.97468	0.97505	0.97464	0.97488	1496
2022-11-03 22:00:00	0.97483	0.9755	0.97424	0.9751	5277
2022-11-03 23:00:00	0.97509	0.97517	0.97469	0.97488	6621
2022-11-04 00:00:00	0.97491	0.97599	0.97472	0.97526	14883
2022-11-04 01:00:00	0.97527	0.97664	0.97481	0.97636	17279
2022-11-04 02:00:00	0.97636	0.97711	0.97601	0.97665	13708
2022-11-04 03:00:00	0.97667	0.97736	0.97663	0.9773	13800
2022-11-04 04:00:00	0.97729	0.97883	0.97723	0.97861	16591
2022-11-04 05:00:00	0.97863	0.97906	0.97751	0.97752	14769
2022-11-04 06:00:00	0.97751	0.97964	0.97724	0.97801	24225
2022-11-04 07:00:00	0.97802	0.97856	0.97568	0.97637	28205
2022-11-04 08:00:00	0.97638	0.97834	0.97638	0.97734	26727
2022-11-04 09:00:00	0.97738	0.97907	0.97715	0.97752	31979
2022-11-04 10:00:00	0.97753	0.97961	0.97731	0.97917	30755
2022-11-04 11:00:00	0.97916	0.98115	0.9785	0.97968	32130
2022-11-04 12:00:00	0.97968	0.98509	0.9751	0.98473	63834
2022-11-04 13:00:00	0.98469	0.98814	0.98394	0.98664	60352
2022-11-04 14:00:00	0.98664	0.99404	0.98602	0.9929	58469
2022-11-04 15:00:00	0.99291	0.99334	0.9887	0.98951	50185
2022-11-04 16:00:00	0.98951	0.99169	0.98875	0.99148	46289
2022-11-04 17:00:00	0.99149	0.99275	0.99132	0.99231	27078
2022-11-04 18:00:00	0.99229	0.99492	0.99145	0.99483	26371
2022-11-04 19:00:00	0.99484	0.99664	0.99442	0.99605	29830
2022-11-04 20:00:00	0.99605	0.99635	0.99547	0.9956	5358
2022-11-06 22:00:00	0.99036	0.99294	0.99001	0.99207	15871
2022-11-06 23:00:00	0.99257	0.99446	0.99179	0.99281	21662
2022-11-07 00:00:00	0.99282	0.99469	0.99281	0.99325	20535
2022-11-07 01:00:00	0.99325	0.99404	0.99175	0.99302	22725
2022-11-07 02:00:00	0.99302	0.99389	0.99273	0.99374	20001
2022-11-07 03:00:00	0.99375	0.99448	0.99251	0.99373	17831
2022-11-07 04:00:00	0.99373	0.9943	0.99359	0.99388	9004
2022-11-07 05:00:00	0.99389	0.99553	0.99378	0.99442	19848
2022-11-07 06:00:00	0.9944	0.99484	0.99388	0.99398	23044
2022-11-07 07:00:00	0.99403	0.99472	0.99239	0.99278	32917
2022-11-07 08:00:00	0.99277	0.99898	0.99245	0.99864	44101
2022-11-07 09:00:00	0.99862	1.0007	0.99805	0.99853	40605
2022-11-07 10:00:00	0.99854	0.99952	0.99794	0.99815	24042
2022-11-07 11:00:00	0.99815	0.99894	0.99747	0.9981	23933
2022-11-07 12:00:00	0.9981	0.99877	0.99657	0.99871	27126
2022-11-07 13:00:00	0.99874	0.99981	0.99755	0.99938	42087
2022-11-07 14:00:00	0.99939	1.00058	0.99808	0.99864	51924
2022-11-07 15:00:00	0.99886	1.00023	0.9981	1.00008	44704
2022-11-07 16:00:00	1.00009	1.00025	0.99883	0.99966	34866
2022-11-07 17:00:00	0.99966	1.00265	0.99937	1.00217	27198
2022-11-07 18:00:00	1.00216	1.00313	1.00192	1.00307	17576
2022-11-07 19:00:00	1.00308	1.0034	1.0025	1.00263	9419
2022-11-07 20:00:00	1.00265	1.00311	1.00186	1.00203	16233
2022-11-07 21:00:00	1.00203	1.00247	1.0018	1.00182	2504
2022-11-07 22:00:00	1.00184	1.00196	1.00144	1.00175	3504
2022-11-07 23:00:00	1.00177	1.00219	1.00151	1.00173	8519
2022-11-08 00:00:00	1.00172	1.00308	1.00151	1.00271	10340
2022-11-08 01:00:00	1.00273	1.00276	1.00108	1.00138	21068
2022-11-08 02:00:00	1.00138	1.00156	1.00068	1.00074	11300
2022-11-08 03:00:00	1.00075	1.00147	1.00062	1.00132	7196
2022-11-08 04:00:00	1.00133	1.00144	1.00034	1.00057	5934
2022-11-08 05:00:00	1.00058	1.00073	0.99952	0.99953	14982
2022-11-08 06:00:00	0.99956	1.00076	0.99953	0.99989	12738
2022-11-08 07:00:00	0.99991	1.00043	0.99869	0.99992	24301
2022-11-08 08:00:00	0.99993	1.00054	0.99785	0.99824	36093
2022-11-08 09:00:00	0.99825	1.00034	0.99715	1.00032	31583
2022-11-08 10:00:00	1.00034	1.00047	0.99929	0.99945	23081
2022-11-08 11:00:00	0.99944	1.00096	0.99895	0.99981	21043
2022-11-08 12:00:00	0.99982	1.00015	0.99851	0.99935	29557
2022-11-08 13:00:00	0.99937	1.00045	0.99915	0.99993	26420
2022-11-08 14:00:00	0.99993	1.00124	0.99984	1.00112	34535
2022-11-08 15:00:00	1.0011	1.0073	1.00105	1.00659	50840
2022-11-08 16:00:00	1.00662	1.0094	1.00602	1.00873	34555
2022-11-08 17:00:00	1.00873	1.00937	1.00795	1.00882	22932
2022-11-08 18:00:00	1.00881	1.00963	1.00606	1.00672	30681
2022-11-08 19:00:00	1.00671	1.00768	1.00539	1.00725	29024
2022-11-08 20:00:00	1.00724	1.00827	1.00693	1.00714	18979
2022-11-08 21:00:00	1.00712	1.00762	1.00694	1.00708	2849
2022-11-08 22:00:00	1.00707	1.00753	1.00707	1.00732	13773
2022-11-08 23:00:00	1.0073	1.00848	1.00717	1.00804	10397
2022-11-09 00:00:00	1.00804	1.00804	1.00616	1.00636	16614
2022-11-09 01:00:00	1.00638	1.0073	1.0059	1.00628	23975
2022-11-09 02:00:00	1.00627	1.00829	1.00627	1.00813	18181
2022-11-09 03:00:00	1.00813	1.0088	1.00699	1.00716	19889
2022-11-09 04:00:00	1.00715	1.00729	1.00644	1.00691	13489
2022-11-09 05:00:00	1.00693	1.0073	1.00634	1.00682	17522
2022-11-09 06:00:00	1.00682	1.00702	1.0056	1.00585	18393
2022-11-09 07:00:00	1.00586	1.00714	1.00585	1.00642	24222
2022-11-09 08:00:00	1.00643	1.00852	1.00629	1.00692	40805
2022-11-09 09:00:00	1.00693	1.00709	1.00401	1.00468	35393
2022-11-09 10:00:00	1.00467	1.00533	1.00338	1.00455	35106
2022-11-09 11:00:00	1.00454	1.00643	1.00452	1.0054	31054
2022-11-09 12:00:00	1.0054	1.00565	1.00405	1.00496	24208
2022-11-09 13:00:00	1.00494	1.00503	1.00225	1.00283	43209
2022-11-09 14:00:00	1.00289	1.00408	1.00108	1.0018	42428
2022-11-09 15:00:00	1.00181	1.00861	1.0012	1.00277	62617
2022-11-09 16:00:00	1.00276	1.00526	1.00275	1.00363	38898
2022-11-09 17:00:00	1.00362	1.00425	1.00222	1.00268	25149
2022-11-09 18:00:00	1.0027	1.00309	1.00032	1.00123	27884
2022-11-09 19:00:00	1.0012	1.00146	0.99927	1.00024	18508
2022-11-09 20:00:00	1.00024	1.00153	1.00013	1.00099	24471
2022-11-09 21:00:00	1001	1.00157	1.0007	1.00091	3714
2022-11-09 22:00:00	1.00091	1.00126	1.00076	1.00119	4613
2022-11-09 23:00:00	1.00118	1.00204	1.00089	1.0019	8830
2022-11-10 00:00:00	1.0019	1.00269	1.00151	1.00208	10580
2022-11-10 01:00:00	1.00209	1.00289	1.00186	1.00235	16400
2022-11-10 02:00:00	1.00236	1.00247	1.00101	1.00167	16756
2022-11-10 03:00:00	1.00166	1.0029	1.00149	1.0026	13408
2022-11-10 04:00:00	1.00262	1.0029	1.00231	1.00286	11330
2022-11-10 05:00:00	1.00286	1.00382	1.00258	1.00343	15523
2022-11-10 06:00:00	1.00344	1.00428	1.00285	1.00317	17417
2022-11-10 07:00:00	1.00315	1.00315	0.99962	0.99976	31383
2022-11-10 08:00:00	0.99974	1.00139	0.99861	0.9991	37379
2022-11-10 09:00:00	0.9991	0.99915	0.99593	0.99608	34690
2022-11-10 10:00:00	0.9961	0.99691	0.99362	0.99549	39889
2022-11-10 11:00:00	0.9955	0.99573	0.99354	0.99441	36493
2022-11-10 12:00:00	0.99444	0.99515	0.99413	0.99491	29776
2022-11-10 13:00:00	0.99488	1.01596	0.99422	1.01223	68390
2022-11-10 14:00:00	1.01227	1.01676	1.01098	1.01638	79701
2022-11-10 15:00:00	1.0164	1.01851	1.01419	1.01809	62142
2022-11-10 16:00:00	1.0181	1.01811	1.01472	1.01744	42024
2022-11-10 17:00:00	1.01745	1.01757	1.01283	1.01424	31813
2022-11-10 18:00:00	1.01423	1.01616	1.01423	1.0158	34231
2022-11-10 19:00:00	1.01579	1.01819	1.01568	1.01811	20834
2022-11-10 20:00:00	1.01812	1.01973	1.01779	1.01965	18163
2022-11-10 21:00:00	1.01968	1.02218	1.01949	1.0208	10616
2022-11-10 22:00:00	1.02033	1.02055	1.01952	1.01958	11333
2022-11-10 23:00:00	1.01976	1.02041	1.01883	1.01914	12680
2022-11-11 00:00:00	1.01915	1.01963	1.01756	1.01848	18582
2022-11-11 01:00:00	1.01851	1019	1.0163	1.01662	26877
2022-11-11 02:00:00	1.0166	1.0198	1.0166	1.01941	21915
2022-11-11 03:00:00	1.01941	1.01956	1.01818	1.01839	15211
2022-11-11 04:00:00	1.01842	1.01942	1.01776	1.01922	12763
2022-11-11 05:00:00	1.0192	1.0223	1.01893	1.02189	30774
2022-11-11 06:00:00	1.02189	1.02346	1.02078	1.02173	34484
2022-11-11 07:00:00	1.02173	1.02533	1.0211	1.02445	33051
2022-11-11 08:00:00	1.02445	1.02737	1.02261	1.02701	35861
2022-11-11 09:00:00	1.02702	1.02715	1.02406	1.02689	42395
2022-11-11 10:00:00	1.02692	1.02797	1.02539	1.02554	46745
2022-11-11 11:00:00	1.02555	1.02946	1.02544	1.02906	37820
2022-11-11 12:00:00	1.02908	1.03137	1.02837	1.03089	37120
2022-11-11 13:00:00	1.03092	1.03242	1.03022	1.03116	39336
2022-11-11 14:00:00	1.03117	1.03234	1.02657	1.02878	47800
2022-11-11 15:00:00	1.02877	1.03268	1.02749	1.03262	44341
2022-11-11 16:00:00	1.03262	1.03389	1.03123	1.03328	35065
2022-11-11 17:00:00	1.03327	1.0345	1.0329	1.03419	24693
2022-11-11 18:00:00	1.03417	1.03593	1.0338	1.03569	20149
2022-11-11 19:00:00	1.03568	1.0364	1.03492	1.03622	21911
2022-11-11 20:00:00	1.03622	1.03622	1.03481	1.03574	16821
2022-11-11 21:00:00	1.03574	1.03594	1.03493	1.03538	5948
2022-11-13 22:00:00	1.03354	1.03411	1.03141	1.03167	7038
2022-11-13 23:00:00	1.03168	1.03341	1.03144	1.03266	20123
2022-11-14 00:00:00	1.03266	1.03361	1.03236	1.03326	19023
2022-11-14 01:00:00	1.03326	1.03501	1.03211	1.03272	46766
2022-11-14 02:00:00	1.03274	1.03306	1.03164	1.03259	30204
2022-11-14 03:00:00	1.03262	1.03343	1.0322	1.03267	22384
2022-11-14 04:00:00	1.03265	1.0327	1.03051	1.03122	20540
2022-11-14 05:00:00	1.03123	1.03128	1.02977	1.03002	24854
2022-11-14 06:00:00	1.03003	1.03268	1.03002	1.03246	22154
2022-11-14 07:00:00	1.0325	1.03285	1.03121	1.03275	24609
2022-11-14 08:00:00	1.03274	1.03504	1.03249	1.03444	36430
2022-11-14 09:00:00	1.03443	1.03446	1.03081	1.03125	32243
2022-11-14 10:00:00	1.03124	1.03178	1.02873	1.02926	32034
2022-11-14 11:00:00	1.02926	1.0294	1.02748	1.02838	24157
2022-11-14 12:00:00	1.02838	1.03359	1.02713	1.03339	33157
2022-11-14 13:00:00	1.03339	1.03356	1.03071	1.03176	36993
2022-11-14 14:00:00	1.03179	1.03261	1.02972	1.03133	42354
2022-11-14 15:00:00	1.03131	1.03358	1.03125	1.03298	43073
2022-11-14 16:00:00	1033	1.03509	1.03245	1.03354	37430
2022-11-14 17:00:00	1.03355	1.03489	1.0332	1.03353	28287
2022-11-14 18:00:00	1.03354	1.03547	1.03335	1.03531	20773
2022-11-14 19:00:00	1.0353	1.03584	1.03461	1.03533	15601
2022-11-14 20:00:00	1.03535	1.03552	1.03282	1.03284	19039
2022-11-14 21:00:00	1.03284	1.0333	1.03252	1.03258	4400
2022-11-14 22:00:00	1.03259	1.03305	1.03225	1.03225	2105
2022-11-14 23:00:00	1.03226	1.03278	1.03151	1.03196	11680
2022-11-15 00:00:00	1.03196	1.03251	1.03125	1.03185	14161
2022-11-15 01:00:00	1.03185	1.03282	1.03121	1.03193	25199
2022-11-15 02:00:00	1.03193	1.03273	1.03153	1.03205	17157
2022-11-15 03:00:00	1.03205	1.03236	1.03134	1.03201	13752
2022-11-15 04:00:00	1032	1.0323	1.03162	1.03211	12152
2022-11-15 05:00:00	1.03209	1.03348	1.03195	1.03318	13565
2022-11-15 06:00:00	1.03318	1.03437	1.03275	1034	18505
2022-11-15 07:00:00	1.03405	1.0418	1.03387	1.04071	53661
2022-11-15 08:00:00	1.04069	1.04168	1.03934	1.04072	48783
2022-11-15 09:00:00	1.04071	1.04089	1.03883	1.04005	35591
2022-11-15 10:00:00	1.04015	1.04371	1.03949	1.04275	40550
2022-11-15 11:00:00	1.04278	1.04364	1.0409	1.0411	30940
2022-11-15 12:00:00	1.04113	1.0415	1.03974	1.04069	34297
2022-11-15 13:00:00	1.0407	1.04808	1.0392	1.04383	75982
2022-11-15 14:00:00	1.04388	1.04443	1.03806	1.04002	72358
2022-11-15 15:00:00	1.04002	1.04085	1.03607	1.0368	62193
2022-11-15 16:00:00	1.03681	1.03896	1.03605	1.03713	42629
2022-11-15 17:00:00	1.03714	1.03864	1.03482	1.03846	41516
2022-11-15 18:00:00	1.03849	1.03885	1.0293	1.0309	66355
2022-11-15 19:00:00	1.03091	1.03657	1.02799	1.03638	72640
2022-11-15 20:00:00	1.0364	1.03773	1.03526	1.03534	37742
2022-11-15 21:00:00	1.03533	1.03581	1.03431	1.03478	6973
2022-11-15 22:00:00	1.03465	1.03517	1.03435	1.0345	5916
2022-11-15 23:00:00	1.03449	1.03609	1.03395	1.03572	15623
2022-11-16 00:00:00	1.03574	1.03611	1.03356	1.03443	25065
2022-11-16 01:00:00	1.03442	1.03499	1.03307	1.03435	44345
2022-11-16 02:00:00	1.03435	1.03868	1.03413	1.03769	44509
2022-11-16 03:00:00	1.03771	1.03779	1.03523	1.03534	33032
2022-11-16 04:00:00	1.03533	1.0356	1.03373	1.0345	34020
2022-11-16 05:00:00	1.03453	1.03783	1.03407	1.03734	44075
2022-11-16 06:00:00	1.03734	1.03867	1.03658	1.03783	37686
2022-11-16 07:00:00	1.03784	1.04142	1.0375	1.04026	55440
2022-11-16 08:00:00	1.04026	1.04206	1.03876	1.04058	51336
2022-11-16 09:00:00	1.04058	1.04253	1.04041	1.04197	38425
2022-11-16 10:00:00	1.04197	1.04384	1.04152	1.04278	39507
2022-11-16 11:00:00	1.04281	1.04316	1.04112	1.04165	29153
2022-11-16 12:00:00	1.04166	1.0428	1.04089	1.04193	29749
2022-11-16 13:00:00	1.04192	1.04227	1.03841	1.03907	53016
2022-11-16 14:00:00	1.03908	1.04101	1.03723	1.0388	59109
2022-11-16 15:00:00	1.0388	1.04053	1.03726	1.04035	51545
2022-11-16 16:00:00	1.04035	1.04124	1.03908	1.03943	40853
2022-11-16 17:00:00	1.03942	1.03987	1.03716	1.03837	23249
2022-11-16 18:00:00	1.03838	1.0386	1.03545	1.03666	28851
2022-11-16 19:00:00	1.03666	1.03925	1.03665	1.03922	23465
2022-11-16 20:00:00	1.03922	1.04046	1.03828	1.03974	20939
2022-11-16 21:00:00	1.03976	1.0399	1.03891	1.0394	4479
2022-11-16 22:00:00	1.03913	1.03966	1.03908	1.03933	8640
2022-11-16 23:00:00	1.0394	1.03981	1.03913	1.03932	10136
2022-11-17 00:00:00	1.03933	1.03948	1.03854	1.03863	10822
2022-11-17 01:00:00	1.03863	1.03909	1.03739	1.03773	19462
2022-11-17 02:00:00	1.03772	1.03796	1.03622	1037	16701
2022-11-17 03:00:00	1.03701	1.03738	1.03596	1.03716	13261
2022-11-17 04:00:00	1.0372	1.03811	1.03696	1.03708	8390
2022-11-17 05:00:00	1.03707	1.03833	1.03683	1.03801	12653
2022-11-17 06:00:00	1038	1.03927	1.03769	1.03877	18095
2022-11-17 07:00:00	1.03875	1.03951	1.03699	1.03926	30147
2022-11-17 08:00:00	1.03926	1.04065	1.0385	1.03861	36947
2022-11-17 09:00:00	1.0386	1.03874	1.03566	1.03636	30909
2022-11-17 10:00:00	1.03635	1037	1.03356	1.0338	33000
2022-11-17 11:00:00	1.03379	1.03512	1.03272	1.03464	36055
2022-11-17 12:00:00	1.03464	1.03548	1.03211	1.03324	37321
2022-11-17 13:00:00	1.03323	1.03533	1.03108	1.03121	59640
2022-11-17 14:00:00	1.03121	1.03481	1.03051	1.0335	56787
2022-11-17 15:00:00	1.03348	1.03494	1.03207	1.03286	44893
2022-11-17 16:00:00	1.03286	1.03427	1.03188	1.03387	33987
2022-11-17 17:00:00	1.03388	1.03566	1.03369	1.03499	30262
2022-11-17 18:00:00	1035	1.03694	1.03481	1.03656	19729
2022-11-17 19:00:00	1.03655	1.03688	1.03591	1.03636	17162
2022-11-17 20:00:00	1.03637	1.03689	1.03576	1.03686	15131
2022-11-17 21:00:00	1.03685	1.03694	1.03635	1.03643	3886
2022-11-17 22:00:00	1.03643	1.03651	1.03598	1.03642	9148
2022-11-17 23:00:00	1.03632	1.03666	1.03602	1.03607	9181
2022-11-18 00:00:00	1.03606	1.03738	1.03569	1.03712	7350
2022-11-18 01:00:00	1.03712	1.03778	1.03617	1.03675	18824
2022-11-18 02:00:00	1.03674	1.03778	1.03647	1.03676	16098
2022-11-18 03:00:00	1.03675	1.03908	1.03672	1.03825	13136
2022-11-18 04:00:00	1.03824	1.03828	1.0361	1.03648	10919
2022-11-18 05:00:00	1.03648	1.03719	1.03618	1.03716	11880
2022-11-18 06:00:00	1.03715	1.03768	1.03596	1.03755	16159
2022-11-18 07:00:00	1.03755	1.03858	1.0367	1.03753	24283
2022-11-18 08:00:00	1.03753	1.03781	1.03421	1.03567	46074
2022-11-18 09:00:00	1.03567	1.03959	1.03483	1.03814	40371
2022-11-18 10:00:00	1.03813	1.03815	1.03602	1.03689	32627
2022-11-18 11:00:00	1.0369	1.03799	1.03634	1.0366	31215
2022-11-18 12:00:00	1.0366	1.03863	1.03579	1.03611	28338
2022-11-18 13:00:00	1.0361	1.03863	1.03564	1.03645	32034
2022-11-18 14:00:00	1.03647	1.03698	1.03298	1.03343	43195
2022-11-18 15:00:00	1.03342	1.03675	1.0326	1.03644	43360
2022-11-18 16:00:00	1.03644	1.03716	1.03419	1.0348	30085
2022-11-18 17:00:00	1.03481	1.03493	1033	1.03332	26056
2022-11-18 18:00:00	1.03331	1.03371	1.03256	1.03309	21774
2022-11-18 19:00:00	1.03308	1.03336	1.03199	1.03279	17014
2022-11-18 20:00:00	1.03277	1.03329	1.03214	1.03248	13837
2022-11-18 21:00:00	1.03247	1.03254	1.03134	1.03235	7987
2022-11-20 22:00:00	1.03227	1.03259	1.03213	1.0324	1799
2022-11-20 23:00:00	1.03241	1.0333	1.03235	1.03304	15730
2022-11-21 00:00:00	1.03304	1.03327	1.03109	1.03159	17457
2022-11-21 01:00:00	1.0316	1.03185	1.03001	1.03116	27349
2022-11-21 02:00:00	1.03116	1.03117	1.02881	1.02882	21747
2022-11-21 03:00:00	1.02883	1.03023	1.0288	1.03013	17628
2022-11-21 04:00:00	1.03012	1.03035	1.02765	1.02809	16192
2022-11-21 05:00:00	1.02809	1.02834	1.02722	1.02823	18951
2022-11-21 06:00:00	1.02824	1.02869	1.02572	1.02592	22828
2022-11-21 07:00:00	1.02592	1.02734	1025	1.02549	29387
2022-11-21 08:00:00	1.0255	1.02732	1.02509	1.02546	35467
2022-11-21 09:00:00	1.02546	1.02589	1.0226	1.02266	38998
2022-11-21 10:00:00	1.02267	1.02431	1.02262	1.02397	31460
2022-11-21 11:00:00	1.02397	1.02462	1.02321	1.02343	24692
2022-11-21 12:00:00	1.02343	1.02443	1.02281	1.02395	29809
2022-11-21 13:00:00	1.02396	1.02558	1.02325	1.02542	31589
2022-11-21 14:00:00	1.02543	1.02565	1.02387	1.02557	39187
2022-11-21 15:00:00	1.02558	1.02625	1.02392	1.02395	34176
2022-11-21 16:00:00	1.02397	1.02505	1.02318	1.02371	30490
2022-11-21 17:00:00	1.02372	1.02377	1.02227	1.02323	24369
2022-11-21 18:00:00	1.02322	1.02436	1.02302	1.02347	20333
2022-11-21 19:00:00	1.02348	1.02482	1.02347	1.02393	18386
2022-11-21 20:00:00	1.02395	1.02465	1.02321	1.02418	18488
2022-11-21 21:00:00	1.02421	1.02425	1.0237	1.02387	5173
2022-11-21 22:00:00	1.02383	1.02426	1.02375	1.02412	5938
2022-11-21 23:00:00	1.02421	1.02464	1.02399	1.0245	9554
2022-11-22 00:00:00	1.02451	1.02547	1.02417	1.02532	18219
2022-11-22 01:00:00	1.02532	1.0268	1.02511	1.02606	23353
2022-11-22 02:00:00	1.02604	1.0266	1.0258	1.02646	19616
2022-11-22 03:00:00	1.02645	1.02674	1.02601	1.02613	14866
2022-11-22 04:00:00	1.02611	1.02627	1.02575	1.02601	12135
2022-11-22 05:00:00	1.02601	1.02614	1.02456	1.02532	21346
2022-11-22 06:00:00	1.02532	1.02594	1.02464	1.02471	20601
2022-11-22 07:00:00	1.02473	1.02675	1.02459	1.02655	24107
2022-11-22 08:00:00	1.02657	1.02813	1.02533	1.02713	39076
2022-11-22 09:00:00	1.02712	1.02861	1.02618	1.02686	35393
2022-11-22 10:00:00	1.02686	1.02899	1.02669	1.02801	24792
2022-11-22 11:00:00	1.02802	1.02908	1.02617	1.02699	29366
2022-11-22 12:00:00	1027	1.02715	1.02557	1.02714	25563
2022-11-22 13:00:00	1.02712	1.02766	1.02593	1.02603	30066
2022-11-22 14:00:00	1.02606	1.02695	1.02538	1.02651	37461
2022-11-22 15:00:00	1.02649	1.02886	1.02632	1.02833	35939
2022-11-22 16:00:00	1.02833	1.02847	1.02667	1.02748	23948
2022-11-22 17:00:00	1.02747	1.02958	1.02711	1.02956	14750
2022-11-22 18:00:00	1.02956	1.03082	1.02894	1.03053	11694
2022-11-22 19:00:00	1.03053	1.03057	1.02903	1.02952	11369
2022-11-22 20:00:00	1.02951	1.03042	1.02936	1.03002	12465
2022-11-22 21:00:00	1.03002	1.0306	1.02987	1.03036	3757
2022-11-22 22:00:00	1.03026	1.03051	1.03008	1.0304	2540
2022-11-22 23:00:00	1.03041	1.03106	1.03024	1.03104	4263
2022-11-23 00:00:00	1.03105	1.03211	1.03038	1.03052	7367
2022-11-23 01:00:00	1.03051	1.03134	1.03003	1.03107	22628
2022-11-23 02:00:00	1.03106	1.03247	1.0308	1.03238	14555
2022-11-23 03:00:00	1.03237	1.03238	1.0312	1.03154	9116
2022-11-23 04:00:00	1.03153	1.03171	1.03102	1.0317	7863
2022-11-23 05:00:00	1.03168	1.03309	1.03141	1.03271	12558
2022-11-23 06:00:00	1.03271	1.03359	1.03217	1.03312	14939
2022-11-23 07:00:00	1.03311	1.03486	1.03277	1.0343	29535
2022-11-23 08:00:00	1.0343	1.03431	1.03108	1.03132	38061
2022-11-23 09:00:00	1.03133	1.03264	1.03018	1.03249	33613
2022-11-23 10:00:00	1.03249	1.03249	1.02963	1.03116	22559
2022-11-23 11:00:00	1.03117	1.03248	1.03076	1.03197	20827
2022-11-23 12:00:00	1.03199	1.03294	1.03147	1.03231	22861
2022-11-23 13:00:00	1.03229	1.03404	1.0317	1.03317	47243
2022-11-23 14:00:00	1.03316	1.0375	1.03265	1.03677	55121
2022-11-23 15:00:00	1.0368	1.03837	1.03438	1.0376	57315
2022-11-23 16:00:00	1.03761	1.03785	1.03553	1.03633	34541
2022-11-23 17:00:00	1.0363	1.03733	1.03566	1.03637	23127
2022-11-23 18:00:00	1.03636	1.03793	1.03591	1.03742	18456
2022-11-23 19:00:00	1.03744	1.04048	1.03666	1.04006	57134
2022-11-23 20:00:00	1.04008	1.0403	1.03909	1.04024	26515
2022-11-23 21:00:00	1.04026	1.04031	1.03932	1.03942	4299
2022-11-23 22:00:00	1.03914	1.03996	1.03914	1.03957	2512
2022-11-23 23:00:00	1.03968	1.04191	1.03964	1.04175	15727
2022-11-24 00:00:00	1.04178	1.04192	1.0405	1.04151	17260
2022-11-24 01:00:00	1.0415	1.0425	1.04111	1.04232	23043
2022-11-24 02:00:00	1.04233	1.04354	1.04174	1.04317	18221
2022-11-24 03:00:00	1.04317	1.04477	1.04304	1.04458	18160
2022-11-24 04:00:00	1.04458	1.04484	1.04316	1.04462	13833
2022-11-24 05:00:00	1.04463	1.04466	1.04334	1.04337	14869
2022-11-24 06:00:00	1.04338	1.04385	1.04296	1.04303	22063
2022-11-24 07:00:00	1.04303	1.04396	1.0415	1.04159	23134
2022-11-24 08:00:00	1.0416	1.04208	1.03999	1.04059	35522
2022-11-24 09:00:00	1.04059	1.04253	1.04059	1.04191	30470
2022-11-24 10:00:00	1.04191	1.04291	1.03924	1.04053	36432
2022-11-24 11:00:00	1.04055	1.04086	1.03816	1.04044	30749
2022-11-24 12:00:00	1.04044	1.04141	1.03978	1.04119	25214
2022-11-24 13:00:00	1.04117	1.04254	1.04077	1.04226	27754
2022-11-24 14:00:00	1.04228	1.04273	1.04157	1.04221	28328
2022-11-24 15:00:00	1.04219	1.04235	1.04042	1.04092	25066
2022-11-24 16:00:00	1.04094	1.04143	1.04019	1.04068	17677
2022-11-24 17:00:00	1.04067	1.04095	1.04016	1.04086	9883
2022-11-24 18:00:00	1.04087	1.04101	1.04011	1.04052	4120
2022-11-24 19:00:00	1.04051	1.04134	1.04041	1.04132	5742
2022-11-24 20:00:00	1.04133	1.04142	1.04058	1.04132	9428
2022-11-24 21:00:00	1.04132	1.04133	1.04071	1.04071	4524
2022-11-24 22:00:00	1.04071	1041	1.04071	1.04079	1211
2022-11-24 23:00:00	1.0408	1.04095	1.04063	1.04074	6654
2022-11-25 00:00:00	1.04074	1.04113	1.03959	1.04055	16456
2022-11-25 01:00:00	1.04056	1.04148	1.04034	1.04094	21064
2022-11-25 02:00:00	1.04093	1.04156	1.04081	1.0411	14959
2022-11-25 03:00:00	1.0411	1.04183	1.04045	1.04159	13945
2022-11-25 04:00:00	1.04158	1.04291	1.04157	1.04212	15335
2022-11-25 05:00:00	1.04213	1.0422	1.04071	1.0411	16413
2022-11-25 06:00:00	1.0411	1.04229	1.04071	1.04199	17968
2022-11-25 07:00:00	1.04198	1.04224	1.04084	1.04088	25966
2022-11-25 08:00:00	1.04087	1.04275	1.04074	1.04225	35049
2022-11-25 09:00:00	1.04224	1.04282	1.03821	1.03933	32551
2022-11-25 10:00:00	1.03933	1.04214	1.03909	1.04147	23783
2022-11-25 11:00:00	1.04147	1.04148	1.03887	1039	19231
2022-11-25 12:00:00	1.03899	1.03974	1.03758	1.03785	25069
2022-11-25 13:00:00	1.03786	1.03831	1.0361	1.03723	37653
2022-11-25 14:00:00	1.03724	1.03886	1.03546	1.03814	35034
2022-11-25 15:00:00	1.03815	1.0407	1.03764	1.04066	28414
2022-11-25 16:00:00	1.04065	1.04113	1.03913	1.0401	27203
2022-11-25 17:00:00	1.04009	1.04091	1.03982	1.04059	19825
2022-11-25 18:00:00	1.04059	1.0406	1.03969	1.04016	12441
2022-11-25 19:00:00	1.04016	1.04144	1.03987	1.04114	9492
2022-11-25 20:00:00	1.04114	1.04139	1.0407	1.04085	8949
2022-11-25 21:00:00	1.04086	1.04111	1.03854	1.03926	11318
2022-11-27 22:00:00	1.03716	1.0379	1.03685	1.03763	7225
2022-11-27 23:00:00	1.03763	1.03809	1.03653	1.03666	10918
2022-11-28 00:00:00	1.03667	1.03836	1.03652	1.0378	6361
2022-11-28 01:00:00	1.03779	1.03803	1.0341	1.03481	5323
2022-11-28 02:00:00	1.0348	1.03648	1.03429	1.03606	4854
2022-11-28 03:00:00	1.03607	1.03612	1.03507	1.03547	2506
2022-11-28 04:00:00	1.03548	1.03628	1.03513	1.0362	2116
2022-11-28 05:00:00	1.03621	1.03621	1.03465	1.03505	2807
2022-11-28 06:00:00	1.03506	1.03749	1.03478	1.03714	4501
2022-11-28 07:00:00	1.03714	1.0385	1037	1.03737	4797
2022-11-28 08:00:00	1.03737	1.04404	1.03674	1.0439	19351
2022-11-28 09:00:00	1.0439	1.04562	1.04327	1.04475	35370
2022-11-28 10:00:00	1.04477	1.04818	1.04388	1.04739	30216
2022-11-28 11:00:00	1.0474	1.04967	1.04719	1.0474	30898
2022-11-28 12:00:00	1.04741	1.04771	1.04587	1.04727	30486
2022-11-28 13:00:00	1.04728	1.04766	1.04441	1.04626	36131
2022-11-28 14:00:00	1.04627	1.04627	1.04219	1.04298	42080
2022-11-28 15:00:00	1.04298	1.04337	1.03905	1.03982	46624
2022-11-28 16:00:00	1.03977	1.0402	1.0376	1.03849	38321
2022-11-28 17:00:00	1.03849	1.03883	1.03683	1.03695	37130
2022-11-28 18:00:00	1.03694	1.03729	1.03559	1.03612	25337
2022-11-28 19:00:00	1.03611	1.03635	1.0337	1.03377	13827
2022-11-28 20:00:00	1.03378	1.03402	1033	1.03353	19367
2022-11-28 21:00:00	1.03353	1.03421	1.03334	1.03385	4395
2022-11-28 22:00:00	1.03373	1.03432	1.03371	1.03411	6228
2022-11-28 23:00:00	1.03409	1.03466	1.03394	1.03433	9306
2022-11-29 00:00:00	1.03432	1.03502	1.03394	1034	15501
2022-11-29 01:00:00	1.03401	1.03623	1.03339	1.03594	28441
2022-11-29 02:00:00	1.03593	1.03618	1.03482	1.03487	18676
2022-11-29 03:00:00	1.03488	1.03831	1.0347	1.03786	26061
2022-11-29 04:00:00	1.03786	1.03942	1.03749	1.03928	15979
2022-11-29 05:00:00	1.03928	1.0393	1.03798	1.03864	18580
2022-11-29 06:00:00	1.03866	1.03894	1.0352	1.03588	27339
2022-11-29 07:00:00	1.03589	1.03873	1.03531	1.03812	37392
2022-11-29 08:00:00	1.03808	1.03925	1.03507	1.03828	42984
2022-11-29 09:00:00	1.03829	1.03869	1.03557	1.03645	37190
2022-11-29 10:00:00	1.03648	1.03933	1.03634	1.03823	31880
2022-11-29 11:00:00	1.03822	1.03861	1.03672	1.03824	26499
2022-11-29 12:00:00	1.03823	1.03835	1.03598	1.03751	26156
2022-11-29 13:00:00	1.03753	1.03842	1.03245	1033	48268
2022-11-29 14:00:00	1.03299	1.03471	1.03255	1.03401	52991
2022-11-29 15:00:00	1034	1.0373	1.03387	1.03561	53202
2022-11-29 16:00:00	1.0356	1.03583	1.03313	1.03549	42232
2022-11-29 17:00:00	1.0355	1.03551	1.03358	1034	29248
2022-11-29 18:00:00	1034	1.03462	1.03282	1.03376	20159
2022-11-29 19:00:00	1.03376	1.03455	1.03224	1.03274	27495
2022-11-29 20:00:00	1.03273	1.03307	1.03197	1.03254	18683
2022-11-29 21:00:00	1.03254	1.03298	1.03242	1.0328	3282
2022-11-29 22:00:00	1.0328	1.03313	1.03249	1.03283	16334
2022-11-29 23:00:00	1.03282	1033	1.03188	1.03235	8737
2022-11-30 00:00:00	1.03234	1.03431	1.03205	1.03429	21470
2022-11-30 01:00:00	1.03429	1.0353	1.03358	1.03476	23996
2022-11-30 02:00:00	1.03477	1.0352	1.03402	1.03486	16726
2022-11-30 03:00:00	1.03487	1.03502	1.03432	1.03478	13933
2022-11-30 04:00:00	1.03478	1036	1.03478	1.03557	11088
2022-11-30 05:00:00	1.03558	1.03608	1.03482	1.03484	16651
2022-11-30 06:00:00	1.03484	1.0354	1.03355	1.03422	20948
2022-11-30 07:00:00	1.03421	1.03569	1.0339	1.0351	28004
2022-11-30 08:00:00	1.03512	1.03702	1.03415	1.03684	32938
2022-11-30 09:00:00	1.03683	1.03811	1.03567	1.03579	32551
2022-11-30 10:00:00	1.0358	1.03798	1.03535	1.03537	29981
2022-11-30 11:00:00	1.03538	1.03668	1.03463	1.03589	28082
2022-11-30 12:00:00	1.0359	1.03712	1.03559	1.03683	28369
2022-11-30 13:00:00	1.03681	1.03923	1.03571	1.03588	48490
2022-11-30 14:00:00	1.03587	1.03998	1.0358	1.03851	47538
2022-11-30 15:00:00	1.03853	1.03881	1.02946	1.02981	67095
2022-11-30 16:00:00	1.02982	1.03246	1029	1.03217	46209
2022-11-30 17:00:00	1.03215	1.03329	1.03045	1.03148	35534
2022-11-30 18:00:00	1.03148	1.03787	1.0306	1.0372	64626
2022-11-30 19:00:00	1.03717	1.04149	1.03631	1.04134	64920
2022-11-30 20:00:00	1.04135	1.04285	1.04054	1.04071	34524
2022-11-30 21:00:00	1.04074	1.04088	1.03986	1.04041	8986
2022-11-30 22:00:00	1.04041	1.04105	1.04004	1.04089	11018
2022-11-30 23:00:00	1.04087	1.04299	1.04087	1.04229	12673
2022-12-01 00:00:00	1.04228	1.04392	1.04216	1.04379	31224
2022-12-01 01:00:00	1.04379	1.04477	1.04245	1.04259	35294
2022-12-01 02:00:00	1.04259	1.04306	1.04187	1.0426	29534
2022-12-01 03:00:00	1.0426	1.04326	1.0423	1.04316	22152
2022-12-01 04:00:00	1.04315	1.04422	1.04258	1.0439	16173
2022-12-01 05:00:00	1.04389	1.04512	1.04377	1.04454	25801
2022-12-01 06:00:00	1.04456	1.04563	1.04406	1.04557	21714
2022-12-01 07:00:00	1.0456	1.04638	1.0394	1.04032	39013
2022-12-01 08:00:00	1.04037	1.04463	1.03929	1.04439	53099
2022-12-01 09:00:00	1.0444	1.04468	1.04267	1.04412	29540
2022-12-01 10:00:00	1.04412	1.04496	1.04181	1042	27742
2022-12-01 11:00:00	1.04201	1.04404	1.04176	1.04374	26003
2022-12-01 12:00:00	1.04374	1.04546	1.0436	1.04446	29642
2022-12-01 13:00:00	1.04445	1.05134	1.04345	1.04893	51204
2022-12-01 14:00:00	1.04895	1.05287	1.04846	1.05224	48244
2022-12-01 15:00:00	1.05241	1.05336	1.04712	1.0487	76071
2022-12-01 16:00:00	1.04871	1.05085	1.04821	1.04971	49309
2022-12-01 17:00:00	1.04969	1.05123	1.04694	1.05072	45677
2022-12-01 18:00:00	1.05072	1.05192	1.05026	1.05075	36381
2022-12-01 19:00:00	1.05076	1.05198	1.04959	1.05184	32453
2022-12-01 20:00:00	1.05185	1.05303	1.05118	1.05238	22686
2022-12-01 21:00:00	1.05238	1.05292	1.05209	1.05209	5673
2022-12-01 22:00:00	1.05156	1.05255	1.05156	1.05216	8264
2022-12-01 23:00:00	1.05215	1.05393	1.05195	1.05278	11404
2022-12-02 00:00:00	1.05278	1.05278	1.0507	1.05099	15724
2022-12-02 01:00:00	1.05099	1.05171	1.05063	1.05132	18330
2022-12-02 02:00:00	1.05132	1.05167	1.05049	1.05117	22727
2022-12-02 03:00:00	1.05116	1.05256	1.05097	1.05243	20300
2022-12-02 04:00:00	1.05242	1.05258	1.05164	1.05231	19401
2022-12-02 05:00:00	1.05232	1.05284	1.05178	1.05231	21904
2022-12-02 06:00:00	1.05231	1.05357	1.05228	1.05277	26180
2022-12-02 07:00:00	1.05273	1.05424	1.05237	1.05292	34701
2022-12-02 08:00:00	1.05293	1.05448	1.05127	1.05353	44599
2022-12-02 09:00:00	1.05353	1.05401	1.05152	1.05296	36195
2022-12-02 10:00:00	1.05297	1053	1.05159	1.0529	29058
2022-12-02 11:00:00	1.05292	1.05391	1.05226	1.05371	18043
2022-12-02 12:00:00	1.05372	1.05445	1.05263	1.05375	23150
2022-12-02 13:00:00	1.05384	1.05408	1.0428	1.04623	77179
2022-12-02 14:00:00	1.0462	1.04908	1.04449	1.04703	67823
2022-12-02 15:00:00	1.04702	1.04796	1.04493	1.04732	61023
2022-12-02 16:00:00	1.0473	1.05258	1.04661	1.05195	43404
2022-12-02 17:00:00	1.05196	1.05339	1.05147	1.05253	32831
2022-12-02 18:00:00	1.05255	1.05328	1.0518	1.05191	22953
2022-12-02 19:00:00	1.0519	1.05366	1.05104	1.0536	22564
2022-12-02 20:00:00	1.05359	1.05402	1.05309	1.0533	14441
2022-12-02 21:00:00	1.05332	1.05423	1.0532	1.05325	8108
2022-12-04 22:00:00	1.05303	1.05428	1.05303	1.05396	4218
2022-12-04 23:00:00	1.05382	1.05436	1.05303	1.05433	12816
2022-12-05 00:00:00	1.05437	1.05478	1.05391	1.05426	18808
2022-12-05 01:00:00	1.05428	1.05739	1.05414	1.05678	27163
2022-12-05 02:00:00	1.05677	1.0572	1.0557	1.05703	22815
2022-12-05 03:00:00	1.05704	1.05827	1.05666	1058	16314
2022-12-05 04:00:00	1.05802	1.05832	1.05759	1.0581	10760
2022-12-05 05:00:00	1.05809	1.05847	1.05745	1.05829	16285
2022-12-05 06:00:00	1.05829	1.0583	1.05681	1.05689	24814
2022-12-05 07:00:00	1.05696	1.05713	1.05303	1.05389	29121
2022-12-05 08:00:00	1.0539	1.05545	1.05334	1.05541	38416
2022-12-05 09:00:00	1.05542	1.05651	1.05479	1.0559	31150
2022-12-05 10:00:00	1.05591	1.05594	1.05196	1.0536	28352
2022-12-05 11:00:00	1.05361	1.05767	1.0529	1.05643	21254
2022-12-05 12:00:00	1.05642	1.05948	1.05599	1.05897	24063
2022-12-05 13:00:00	1.05896	1.05938	1.05634	1.05656	29913
2022-12-05 14:00:00	1.05654	1.05682	1.05485	1.05496	32809
2022-12-05 15:00:00	1.05496	1.05496	1.05037	1.05249	59506
2022-12-05 16:00:00	1.05249	1.05379	1.04902	1.04931	32952
2022-12-05 17:00:00	1.0493	1.05156	1.04904	1.04952	27119
2022-12-05 18:00:00	1.04952	1.05061	1.0494	1.04973	18429
2022-12-05 19:00:00	1.04973	1.0499	1.04814	1.04925	20058
2022-12-05 20:00:00	1.04924	1.0497	1048	1.04849	24706
2022-12-05 21:00:00	1.04851	1.04942	1.04841	1.04877	4980
2022-12-05 22:00:00	1.04877	1.04953	1.04871	1.04946	4142
2022-12-05 23:00:00	1.04939	1.04985	1.04921	1.04963	8719
2022-12-06 00:00:00	1.04966	1.05112	1.04949	1.05103	15698
2022-12-06 01:00:00	1.05103	1.05186	1.0504	1.05103	26724
2022-12-06 02:00:00	1.05104	1.05149	1.04911	1.04976	25687
2022-12-06 03:00:00	1.04977	1.05093	1.04877	1.04924	22929
2022-12-06 04:00:00	1.04924	1.04991	1.04895	1.04906	19176
2022-12-06 05:00:00	1.04905	1.04949	1.0483	1.04937	23340
2022-12-06 06:00:00	1.04938	1.04952	1.04755	1.04842	27160
2022-12-06 07:00:00	1.0484	1.04979	1.04762	1.04903	32343
2022-12-06 08:00:00	1.04902	1.05093	1.04816	1.04903	38620
2022-12-06 09:00:00	1.04905	1.05025	1.04789	1.04939	32388
2022-12-06 10:00:00	1.04939	1.05084	1.04912	1.05015	29297
2022-12-06 11:00:00	1.05013	1.05223	1.04943	1.05166	28312
2022-12-06 12:00:00	1.05166	1.05326	1.05132	1.05252	28979
2022-12-06 13:00:00	1.05254	1.0526	1.05032	1.05133	31346
2022-12-06 14:00:00	1.05132	1.05188	1.04979	1.05007	39789
2022-12-06 15:00:00	1.05008	1.05095	1.04858	1.04987	49273
2022-12-06 16:00:00	1.04986	1.05288	1.04951	1.04954	41404
2022-12-06 17:00:00	1.04954	1.04973	1.04795	1.04819	26855
2022-12-06 18:00:00	1.04817	1.04825	1.04629	1.04636	19870
2022-12-06 19:00:00	1.04635	1.04688	1.04591	1.0463	21532
2022-12-06 20:00:00	1.04631	1.04716	1.04619	1.04693	11644
2022-12-06 21:00:00	1047	1.04703	1.04623	1.04629	2714
2022-12-06 22:00:00	1.0462	1.04699	1.0462	1.04654	6018
2022-12-06 23:00:00	1.04654	1.04698	1.0464	1.04671	6231
2022-12-07 00:00:00	1.04671	1.04678	1.04562	1.04611	11456
2022-12-07 01:00:00	1.04614	1.04739	1.04549	1.04726	20284
2022-12-07 02:00:00	1.04726	1.04763	1.04649	1.04655	20855
2022-12-07 03:00:00	1.04655	1.04676	1.04579	1.04669	12281
2022-12-07 04:00:00	1.04668	1.04681	1.04585	1.04635	9512
2022-12-07 05:00:00	1.04634	1.04708	1.04617	1.04663	16559
2022-12-07 06:00:00	1.04664	1.0468	1.04473	1.04491	23233
2022-12-07 07:00:00	1.04488	1.0467	1.04431	1.04595	32239
2022-12-07 08:00:00	1.04596	1.04801	1.04496	1.04777	36221
2022-12-07 09:00:00	1.04778	1.04841	1.04656	1.04756	28877
2022-12-07 10:00:00	1.04758	1.05069	1.04724	1.04995	23477
2022-12-07 11:00:00	1.04995	1.05045	1.04891	1.04892	16448
2022-12-07 12:00:00	1.04893	1.05393	1.0486	1.05363	29374
2022-12-07 13:00:00	1.05363	1.05471	1.05198	1.05421	40202
2022-12-07 14:00:00	1.05424	1.05496	1.05154	1.05171	51180
2022-12-07 15:00:00	1.0517	1.05291	1.0495	1.05039	71456
2022-12-07 16:00:00	1.05038	1.05103	1.04881	1.05036	40855
2022-12-07 17:00:00	1.05037	1.05218	1.04985	1.05178	27216
2022-12-07 18:00:00	1.05178	1.05284	1.05101	1.05103	23535
2022-12-07 19:00:00	1.05102	1052	1.05061	1.05142	18581
2022-12-07 20:00:00	1.0514	1.05167	1.05025	1.05095	17789
2022-12-07 21:00:00	1.05094	1.05123	1.05028	1.05029	3378
2022-12-07 22:00:00	1.05011	1.05118	1.05011	1.05071	9214
2022-12-07 23:00:00	1.0507	1.05149	1.0507	1.05117	6464
2022-12-08 00:00:00	1.05118	1.0515	1.05015	1.0502	11892
2022-12-08 01:00:00	1.0502	1.05042	1.04945	1.05014	23637
2022-12-08 02:00:00	1.05015	1.05073	1.04945	1.04957	17086
2022-12-08 03:00:00	1.04956	1.05045	1.04942	1.05037	15747
2022-12-08 04:00:00	1.05038	1.05044	1.04946	1.05008	13025
2022-12-08 05:00:00	1.0501	1.05058	1.04937	1.05034	18878
2022-12-08 06:00:00	1.05034	1.05187	1.05022	1.05134	16074
2022-12-08 07:00:00	1.05133	1.05309	1.05091	1.05259	26248
2022-12-08 08:00:00	1.05257	1.05271	1.05121	1.05265	33858
2022-12-08 09:00:00	1.05265	1.05266	1.04895	1.04945	27215
2022-12-08 10:00:00	1.04944	1.05136	1.04905	1.05131	26299
2022-12-08 11:00:00	1.0513	1.05141	1.04922	1.05081	19593
2022-12-08 12:00:00	1.0508	1.05242	1.05062	1.05186	23845
2022-12-08 13:00:00	1.05187	1.0532	1.05106	1.05204	38372
2022-12-08 14:00:00	1.05203	1.05399	1.0517	1.05388	44713
2022-12-08 15:00:00	1.05389	1.05491	1.05349	1.0545	35222
2022-12-08 16:00:00	1.05449	1.05647	1.05341	1.05512	31073
2022-12-08 17:00:00	1.05512	1.05561	1.05389	1.05439	23241
2022-12-08 18:00:00	1.0544	1.05616	1.05381	1.05577	20979
2022-12-08 19:00:00	1.05577	1.05634	1.05452	1056	23901
2022-12-08 20:00:00	1.05597	1.05608	1.05529	1.05553	17347
2022-12-08 21:00:00	1.0555	1.05589	1.0554	1.0554	3300
2022-12-08 22:00:00	1.0554	1.05578	1.0554	1.05561	8064
2022-12-08 23:00:00	1.0556	1.05633	1.05549	1.05555	7847
2022-12-09 00:00:00	1.05554	1.05602	1.05517	1.05601	9253
2022-12-09 01:00:00	1.05599	1.05853	1.05593	1.05788	20376
2022-12-09 02:00:00	1.0579	1.05805	1.05662	1.0574	19079
2022-12-09 03:00:00	1.0574	1.0584	1.05734	1.05803	15663
2022-12-09 04:00:00	1.05809	1.05825	1.05756	1.05759	12592
2022-12-09 05:00:00	1.05759	1.05865	1.05745	1.05768	13466
2022-12-09 06:00:00	1.05768	1.05786	1.05709	1.05757	15279
2022-12-09 07:00:00	1.05757	1.05881	1.05666	1.05679	22703
2022-12-09 08:00:00	1.05679	1.05767	1.05606	1.05608	25224
2022-12-09 09:00:00	1.05607	1.0566	1.05466	1.0557	22144
2022-12-09 10:00:00	1.05574	1.05685	1.05524	1.05585	16009
2022-12-09 11:00:00	1.05584	1.05644	1.05508	1.05534	21086
2022-12-09 12:00:00	1.05535	1.05664	1.05501	1.05559	21612
2022-12-09 13:00:00	1.05561	1.05663	1.05027	1.05385	54332
2022-12-09 14:00:00	1.05386	1.05501	1.0525	1.05345	50429
2022-12-09 15:00:00	1.05339	1.05581	1.05189	1.05405	57193
2022-12-09 16:00:00	1.05405	1.05538	1.05347	1.0549	32302
2022-12-09 17:00:00	1.0549	1.05502	1.05318	1.05453	23669
2022-12-09 18:00:00	1.05452	1.05557	1.05395	1.05492	19623
2022-12-09 19:00:00	1.05492	1.05521	1.05433	1.05467	17548
2022-12-09 20:00:00	1.05467	1.05477	1.05302	1.05302	11063
2022-12-09 21:00:00	1.05302	1.05349	1.05288	1.05316	6984
2022-12-11 22:00:00	1.05264	1.05372	1.05261	1.05327	2839
2022-12-11 23:00:00	1.05327	1.05353	1.05179	1.05209	10050
2022-12-12 00:00:00	1.05209	1.0523	1.05095	1.05133	16433
2022-12-12 01:00:00	1.05134	1.05178	1.05057	1.05123	22522
2022-12-12 02:00:00	1.05122	1052	1.05061	1.05129	13860
2022-12-12 03:00:00	1.0513	1.05167	1.05115	1.05149	9756
2022-12-12 04:00:00	1.0515	1.05198	1.05139	1.0516	6522
2022-12-12 05:00:00	1.05158	1.05165	1.05079	1.05161	11364
2022-12-12 06:00:00	1.05159	1.05278	1.05086	1.05224	14892
2022-12-12 07:00:00	1.05225	1.05366	1.05145	1.05261	27238
2022-12-12 08:00:00	1.05261	1.05512	1.05199	1.0545	28650
2022-12-12 09:00:00	1.05452	1.05646	1.05442	1.05592	26964
2022-12-12 10:00:00	1.05593	1.05667	1.05545	1.05644	18304
2022-12-12 11:00:00	1.05644	1.05741	1.0559	1.05655	20026
2022-12-12 12:00:00	1.05655	1.05741	1.05536	1.05555	18412
2022-12-12 13:00:00	1.05554	1.05774	1.05531	1.05714	22677
2022-12-12 14:00:00	1.05714	1.05764	1.05494	1.05554	30776
2022-12-12 15:00:00	1.05555	1058	1.05204	1.05235	34870
2022-12-12 16:00:00	1.05234	1.05494	1.05174	1.0544	26822
2022-12-12 17:00:00	1.05442	1.05483	1.05284	1.0534	20711
2022-12-12 18:00:00	1.0534	1.05352	1.05159	1.05223	22811
2022-12-12 19:00:00	1.05221	1.0526	1.05105	1.0522	13554
2022-12-12 20:00:00	1.05219	1.05379	1.05207	1.05357	11740
2022-12-12 21:00:00	1.05359	1.05388	1.05332	1.05352	2581
2022-12-12 22:00:00	1.05355	1.05362	1.05309	1.05354	1227
2022-12-12 23:00:00	1.05354	1.05422	1.0535	1.05413	3232
2022-12-13 00:00:00	1.05412	1.05477	1.05371	1.05444	6593
2022-12-13 01:00:00	1.05446	1.05493	1.05402	1.05463	14229
2022-12-13 02:00:00	1.05465	1.0554	1.05446	1.05464	11446
2022-12-13 03:00:00	1.05463	1.05481	1.05333	1.05345	8257
2022-12-13 04:00:00	1.05346	1.05414	1.05311	1.05411	7167
2022-12-13 05:00:00	1.05412	1.05515	1.05361	1.05508	8544
2022-12-13 06:00:00	1.0551	1.05547	1.05454	1.05466	8382
2022-12-13 07:00:00	1.05467	1.05603	1.0546	1.05512	17157
2022-12-13 08:00:00	1.05512	1.05606	1.05313	1.05473	22799
2022-12-13 09:00:00	1.05473	1.05473	1.0531	1.05429	18905
2022-12-13 10:00:00	1.05428	1.05431	1.05278	1.05351	17687
2022-12-13 11:00:00	1.05355	1.0546	1.05329	1.05354	15923
2022-12-13 12:00:00	1.05355	1.05523	1.05325	1.05481	21228
2022-12-13 13:00:00	1.05481	1.06619	1.05396	1.06462	61852
2022-12-13 14:00:00	1.06466	1.06731	1.06309	1.06452	58525
2022-12-13 15:00:00	1.06454	1.06503	1.06206	1.06362	55417
2022-12-13 16:00:00	1.06364	1.06587	1.06246	1.06293	35132
2022-12-13 17:00:00	1.06293	1.0638	1.06105	1.06143	34274
2022-12-13 18:00:00	1.06144	1.06278	1.06102	1.06202	25909
2022-12-13 19:00:00	1.06201	1.06408	1.0618	1.06359	19623
2022-12-13 20:00:00	1.06357	1.06381	1.06253	1.06269	19719
2022-12-13 21:00:00	1.06268	1.0633	1.06268	1.06323	3232
2022-12-13 22:00:00	1.06323	1.06338	1.06288	1.06326	2956
2022-12-13 23:00:00	1.06327	1.06359	1.06206	1.06242	6203
2022-12-14 00:00:00	1.06241	1.06381	1.06231	1.06359	13586
2022-12-14 01:00:00	1.06359	1.06389	1.06307	1.06345	15292
2022-12-14 02:00:00	1.06346	1.06385	1.06264	1.06276	9737
2022-12-14 03:00:00	1.06277	1.0629	1.06239	1.06261	5195
2022-12-14 04:00:00	1.0626	1.06266	1.06197	1.06239	6640
2022-12-14 05:00:00	1.06238	1.06303	1.06232	1.06257	8569
2022-12-14 06:00:00	1.06258	1.06404	1.06256	1.06372	14621
2022-12-14 07:00:00	1.06373	1.06422	1.06199	1.06295	17731
2022-12-14 08:00:00	1.06296	1.06445	1.06187	1.06419	24744
2022-12-14 09:00:00	1.0642	1.06649	1.06388	1.06619	22798
2022-12-14 10:00:00	1.06619	1.06718	1.06532	1.06695	21840
2022-12-14 11:00:00	1.06694	1.06708	1.0645	1.06516	18026
2022-12-14 12:00:00	1.06518	1.0652	1.06383	1.06453	21750
2022-12-14 13:00:00	1.06454	1.06531	1.0636	1.06464	26221
2022-12-14 14:00:00	1.06463	1.06507	1.06314	1.06424	31965
2022-12-14 15:00:00	1.06424	1.06614	1.06409	1.06467	31758
2022-12-14 16:00:00	1.06469	1.06607	1.06416	1.06539	29327
2022-12-14 17:00:00	1.06538	1.06673	1.06493	1.06511	21673
2022-12-14 18:00:00	1.06511	1.06845	1.06503	1.06777	15709
2022-12-14 19:00:00	1.06778	1.06782	1.06206	1.06636	100924
2022-12-14 20:00:00	1.06639	1.0695	1.06617	1.0679	65680
2022-12-14 21:00:00	1.06791	1.06871	1.06759	1.06811	4662
2022-12-14 22:00:00	1.06793	1.06826	1.0679	1.06803	1141
2022-12-14 23:00:00	1.06797	1.06817	1.06722	1.06757	5713
2022-12-15 00:00:00	1.06758	1.06827	1.06666	1.06788	9259
2022-12-15 01:00:00	1.06788	1.06799	1.06598	1.06625	13513
2022-12-15 02:00:00	1.06625	1.0665	1.06547	1.06581	11273
2022-12-15 03:00:00	1.0658	1.06596	1.06541	1.06546	9138
2022-12-15 04:00:00	1.06544	1.0655	1.06464	1.06475	9108
2022-12-15 05:00:00	1.06474	1.0659	1.06455	1.06583	10494
2022-12-15 06:00:00	1.06583	1.06606	1.06532	1.06546	14079
2022-12-15 07:00:00	1.06545	1.06566	1.06401	1.06409	16677
2022-12-15 08:00:00	1.0641	1.06467	1.06202	1.06218	37216
2022-12-15 09:00:00	1.06218	1.06228	1.06055	1.06216	29430
2022-12-15 10:00:00	1.06217	1.06274	1.06156	1.06156	16147
2022-12-15 11:00:00	1.06157	1.06242	1.06066	1.06242	19296
2022-12-15 12:00:00	1.06241	1.06279	1.0614	1.06228	24512
2022-12-15 13:00:00	1.06228	1.0668	1.06138	1.06525	49399
2022-12-15 14:00:00	1.06524	1.07361	1.06481	1.06987	66273
2022-12-15 15:00:00	1.06988	1.07046	1.06231	1.06482	59405
2022-12-15 16:00:00	1.06481	1.06564	1.06285	1.06368	39875
2022-12-15 17:00:00	1.06369	1.06383	1.05925	1.0599	36563
2022-12-15 18:00:00	1.0599	1.06237	1.05921	1.06221	23013
2022-12-15 19:00:00	1.06222	1.0637	1.06189	1.06306	14784
2022-12-15 20:00:00	1.06307	1.06381	1.06213	1.06248	13172
2022-12-15 21:00:00	1.06249	1.06277	1.06198	1.06256	3497
2022-12-15 22:00:00	1.0625	1.06305	1.06233	1.06288	8428
2022-12-15 23:00:00	1.06292	1.06388	1.06261	1.06385	3488
2022-12-16 00:00:00	1.06386	1.06431	1.06342	1.06406	8822
2022-12-16 01:00:00	1.06407	1.0647	1.06385	1.06416	23557
2022-12-16 02:00:00	1.06417	1.06624	1.06409	1.06508	16171
2022-12-16 03:00:00	1.06507	1.06533	1.06453	1.06477	9635
2022-12-16 04:00:00	1.06478	1.06515	1.06436	1.06461	7774
2022-12-16 05:00:00	1.06459	1.06478	1.06404	1.06453	10311
2022-12-16 06:00:00	1.06452	1.06605	1.06422	1.06561	12099
2022-12-16 07:00:00	1.06561	1.0663	1.06304	1.0631	25544
2022-12-16 08:00:00	1.06311	1.06604	1.06252	1.06554	31159
2022-12-16 09:00:00	1.06553	1.06572	1.06099	1.06115	28292
2022-12-16 10:00:00	1.06115	1.06286	1.06093	1.06233	22730
2022-12-16 11:00:00	1.06232	1.06394	1062	1.0635	19205
2022-12-16 12:00:00	1.0635	1.06382	1.0617	1.06215	19515
2022-12-16 13:00:00	1.06214	1.06359	1.06132	1.0634	23570
2022-12-16 14:00:00	1.06341	1.06487	1.06169	1.06433	43292
2022-12-16 15:00:00	1.06435	1.06435	1.06078	1.06167	46848
2022-12-16 16:00:00	1.06167	1.06245	1.05976	1.06091	31087
2022-12-16 17:00:00	1.0609	1.0619	1.06038	1.06049	26917
2022-12-16 18:00:00	1.06048	1.06171	1.06029	1.06148	15107
2022-12-16 19:00:00	1.06149	1.06152	1.05952	1.05993	13645
2022-12-16 20:00:00	1.05993	1.06062	1.05917	1.05923	14171
2022-12-16 21:00:00	1.05923	1.05961	1.05839	1.05839	8206
2022-12-18 22:00:00	1.05895	1.05959	1.05848	1.0592	11334
2022-12-18 23:00:00	1.05915	1.05946	1.05824	1.05842	12086
2022-12-19 00:00:00	1.05842	1.05996	1.0582	1.05992	11159
2022-12-19 01:00:00	1.05993	1.06064	1.05961	1.06062	11686
2022-12-19 02:00:00	1.06062	1.0613	1.06018	1.06088	13614
2022-12-19 03:00:00	1.06087	1061	1.06019	1.06084	7663
2022-12-19 04:00:00	1.06085	1.06109	1.06054	1.06063	6882
2022-12-19 05:00:00	1.06063	1.06078	1.06013	1.06074	7516
2022-12-19 06:00:00	1.06074	1.0634	1.06034	1.06289	8876
2022-12-19 07:00:00	1.06289	1.06378	1.06212	1.06241	11352
2022-12-19 08:00:00	1.06244	1.06479	1.06239	1.06418	15752
2022-12-19 09:00:00	1.06422	1.06578	1.06163	1.06175	18817
2022-12-19 10:00:00	1.0618	1.06351	1.06127	1.0619	18869
2022-12-19 11:00:00	1.06191	1.06194	1.06041	1.06059	19136
2022-12-19 12:00:00	1.06059	1.06152	1.0603	1.0606	17956
2022-12-19 13:00:00	1.06059	1.06101	1.0597	1.06061	20873
2022-12-19 14:00:00	1.06062	1.06131	1.05988	1.0603	21950
2022-12-19 15:00:00	1.0603	1.06154	1.05757	1.05795	30243
2022-12-19 16:00:00	1.05796	1.06285	1.05795	1.06234	24396
2022-12-19 17:00:00	1.06234	1.06309	1.06182	1.06248	22088
2022-12-19 18:00:00	1.06249	1.06261	1.06126	1.06137	16870
2022-12-19 19:00:00	1.06138	1.06143	1.06007	1.06041	18279
2022-12-19 20:00:00	1.06044	1.06092	1.06005	1.06043	16560
2022-12-19 21:00:00	1.06043	1.06081	1.0603	1.06062	2489
2022-12-19 22:00:00	1.06062	1.06075	1.0604	1.06074	2352
2022-12-19 23:00:00	1.06074	1.06127	1.06045	1.06121	6554
2022-12-20 00:00:00	1.0612	1.0612	1.05978	1.06001	8949
2022-12-20 01:00:00	1.06002	1.06073	1.05976	1.06052	12288
2022-12-20 02:00:00	1.06053	1.06153	1.06031	1.06145	8776
2022-12-20 03:00:00	1.06144	1.0652	1.06021	1.06081	56256
2022-12-20 04:00:00	1.06082	1.06157	1.06035	1.06071	31638
2022-12-20 05:00:00	1.06071	1.06121	1.05788	1.05862	25870
2022-12-20 06:00:00	1.05862	1.06016	1.05827	1.05935	32103
2022-12-20 07:00:00	1.05936	1.06153	1.05917	1.06111	37716
2022-12-20 08:00:00	1.06111	1.06343	1.06037	1.06335	38406
2022-12-20 09:00:00	1.06335	1.06378	1.06242	1.06368	30417
2022-12-20 10:00:00	1.06367	1.06397	1.06244	1.06283	25769
2022-12-20 11:00:00	1.06287	1.0646	1.06204	1.06428	21144
2022-12-20 12:00:00	1.06428	1.06438	1.06101	1.06133	22333
2022-12-20 13:00:00	1.06134	1.06168	1.05939	1.06154	30003
2022-12-20 14:00:00	1.06154	1.06358	1.05982	1.06354	40829
2022-12-20 15:00:00	1.06357	1.06584	1.06282	1.06399	47966
2022-12-20 16:00:00	1.06398	1.06419	1.06137	1.06351	35339
2022-12-20 17:00:00	1.06348	1.06376	1061	1.06149	26387
2022-12-20 18:00:00	1.06147	1.06172	1.06053	1.0606	18464
2022-12-20 19:00:00	1.06061	1.06228	1.0599	1.06215	12040
2022-12-20 20:00:00	1.06215	1.06252	1.06137	1.06151	11725
2022-12-20 21:00:00	1.06151	1.0629	1.06148	1.06232	4240
2022-12-20 22:00:00	1.06231	1.06274	1.0622	1.06247	4890
2022-12-20 23:00:00	1.06244	1.0628	1.06231	1.0625	6607
2022-12-21 00:00:00	1.0625	1.06263	1.06174	1.06202	10860
2022-12-21 01:00:00	1.06201	1.06252	1.06137	1.06198	18565
2022-12-21 02:00:00	1.06199	1.06258	1.06134	1.06138	9513
2022-12-21 03:00:00	1.06137	1.06169	1.06128	1.06164	7092
2022-12-21 04:00:00	1.06163	1.06172	1.06066	1.06083	7739
2022-12-21 05:00:00	1.0608	1.06175	1.06074	1.06174	8227
2022-12-21 06:00:00	1.06174	1.06176	1.06095	1.06137	10489
2022-12-21 07:00:00	1.06137	1.06345	1.06107	1.06315	18526
2022-12-21 08:00:00	1.06318	1.06373	1.06166	1.06342	24566
2022-12-21 09:00:00	1.0634	1.06364	1.06124	1.06144	21285
2022-12-21 10:00:00	1.06143	1.06286	1.0613	1.06189	17655
2022-12-21 11:00:00	1.06188	1.06209	1.06046	1.06055	21944
2022-12-21 12:00:00	1.06058	1.06316	1.06046	1.06303	20085
2022-12-21 13:00:00	1.06304	1.06455	1.06242	1.06282	24158
2022-12-21 14:00:00	1.06283	1.06284	1.06021	1.06036	35027
2022-12-21 15:00:00	1.06039	1.06333	1.05964	1.06152	37323
2022-12-21 16:00:00	1.06153	1.06159	1.0595	1.05975	26996
2022-12-21 17:00:00	1.05976	1.06055	1.05901	1.06003	24005
2022-12-21 18:00:00	1.06004	1.06118	1.05929	1.06093	16882
2022-12-21 19:00:00	1.06093	1.06199	1.06087	1.06144	12964
2022-12-21 20:00:00	1.06144	1.06163	1.06079	1.06111	10403
2022-12-21 21:00:00	1.0611	1.06125	1.06034	1.06035	2836
2022-12-21 22:00:00	1.06035	1.0607	1.0601	1.06049	9788
2022-12-21 23:00:00	1.0605	1.06114	1.06048	1.06077	5286
2022-12-22 00:00:00	1.06077	1.06183	1.06057	1.06179	8355
2022-12-22 01:00:00	1.06178	1.06298	1.06134	1.06295	15475
2022-12-22 02:00:00	1.06293	1.06333	1.06255	1.06288	10610
2022-12-22 03:00:00	1.06288	1.06443	1.06286	1.06431	11354
2022-12-22 04:00:00	1.06431	1.06459	1.06353	1.06445	7069
2022-12-22 05:00:00	1.06444	1.06485	1.06384	1.06399	7781
2022-12-22 06:00:00	1.06398	1.06495	1.06398	1.06443	11821
2022-12-22 07:00:00	1.06442	1.06469	1.06349	1.0639	11011
2022-12-22 08:00:00	1.06389	1.06593	1.06259	1.06361	21853
2022-12-22 09:00:00	1.06358	1.06521	1.06289	1.06462	19464
2022-12-22 10:00:00	1.06461	1.06562	1.06276	1.0628	21392
2022-12-22 11:00:00	1.06281	1.06295	1.06138	1.06153	17042
2022-12-22 12:00:00	1.06153	1.06389	1.0614	1.06366	16612
2022-12-22 13:00:00	1.06365	1.06375	1.06033	1.06111	29078
2022-12-22 14:00:00	1.0611	1.06184	1.05858	1.0608	38153
2022-12-22 15:00:00	1.06082	1.06111	1059	1.06018	34782
2022-12-22 16:00:00	1.06015	1.06059	1.05831	1.0587	20596
2022-12-22 17:00:00	1.0587	1.05888	1.05819	1.05842	15876
2022-12-22 18:00:00	1.05842	1.05882	1.05769	1.05792	11717
2022-12-22 19:00:00	1.05793	1.05967	1.0573	1.05926	19028
2022-12-22 20:00:00	1.05924	1.0603	1.05881	1.05977	20589
2022-12-22 21:00:00	1.05977	1.05998	1.05913	1.05954	3476
2022-12-22 22:00:00	1.05954	1.05985	1.05952	1.05961	2523
2022-12-22 23:00:00	1.05959	1.06027	1.05959	1.0601	7649
2022-12-23 00:00:00	1.0601	1.06041	1.05885	1.0589	7430
2022-12-23 01:00:00	1.05891	1.06031	1.05867	1.06017	9312
2022-12-23 02:00:00	1.06017	1.06122	1.06017	1.0608	11525
2022-12-23 03:00:00	1.06081	1.06115	1.06059	1.06075	9445
2022-12-23 04:00:00	1.06075	1.06101	1.06041	1.06055	7796
2022-12-23 05:00:00	1.06053	1.06095	1.06027	1.06034	7722
2022-12-23 06:00:00	1.06034	1.06112	1.06018	1.06064	8391
2022-12-23 07:00:00	1.06063	1.06305	1.06054	1.06282	15757
2022-12-23 08:00:00	1.06282	1.06282	1.05989	1.06046	19490
2022-12-23 09:00:00	1.06046	1.06111	1.05961	1.06096	14669
2022-12-23 10:00:00	1.06095	1.06227	1.06073	1.06195	13368
2022-12-23 11:00:00	1.06195	1.06267	1.06098	1.06135	12198
2022-12-23 12:00:00	1.06135	1.06239	1.06049	1.06209	13212
2022-12-23 13:00:00	1.0621	1.06328	1.05945	1.06079	42295
2022-12-23 14:00:00	1.06078	1.06193	1.05922	1.06092	48482
2022-12-23 15:00:00	1.06092	1.0632	1.06067	1.06134	49585
2022-12-23 16:00:00	1.06134	1.06253	1.06092	1.06204	27367
2022-12-23 17:00:00	1.06203	1.06299	1.06188	1.06202	20726
2022-12-23 18:00:00	1.06202	1.06215	1.06061	1.06092	12716
2022-12-23 19:00:00	1.06092	1.0623	1.06058	1.06203	11369
2022-12-23 20:00:00	1.06203	1.06211	1.06131	1.06164	5852
2022-12-23 21:00:00	1.06162	1.06199	1.06123	1.06172	6354
2022-12-25 22:00:00	1.06114	1.06132	1.06064	1.0609	1791
2022-12-25 23:00:00	1.06087	1.06237	1.06078	1.06191	2838
2022-12-26 00:00:00	1.06196	1.06344	1.05979	1.06102	4983
2022-12-26 01:00:00	1.06101	1.06218	1.06089	1.06168	1668
2022-12-26 02:00:00	1.06166	1.06203	1.06144	1.06177	12783
2022-12-26 03:00:00	1.06173	1.06274	1.0617	1.06188	3527
2022-12-26 04:00:00	1.06193	1.06291	1.06185	1.06265	4262
2022-12-26 05:00:00	1.06264	1.06302	1.06257	1.06289	1111
2022-12-26 06:00:00	1.06288	1.06317	1.0627	1.06279	1788
2022-12-26 07:00:00	1.0628	1.06307	1.06264	1.06269	1310
2022-12-26 08:00:00	1.06271	1.06279	1.06151	1.06197	1430
2022-12-26 09:00:00	1.06197	1.06255	1.06161	1.06219	402
2022-12-26 10:00:00	1.06219	1.0625	1.06213	1.06247	1027
2022-12-26 11:00:00	1.06244	1.06258	1.06238	1.06246	427
2022-12-26 12:00:00	1.06245	1.06277	1.06184	1.0623	552
2022-12-26 13:00:00	1.0623	1.06329	1.06218	1.06262	971
2022-12-26 14:00:00	1.06261	1.06317	1.06217	1.06219	903
2022-12-26 15:00:00	1.06218	1.06306	1.06216	1.06272	573
2022-12-26 16:00:00	1.0626	1.06305	1.06238	1.06277	138
2022-12-26 17:00:00	1.06277	1.06328	1.0625	1.06293	265
2022-12-26 18:00:00	1.06294	1.06313	1.06261	1.06283	354
2022-12-26 19:00:00	1.06282	1.0629	1.06259	1.06286	651
2022-12-26 20:00:00	1.06287	1.06331	1.06284	1.0632	467
2022-12-26 21:00:00	1.0632	1.06361	1.06305	1.06361	2040
2022-12-26 22:00:00	1.0636	1.06368	1.06335	1.06355	366
2022-12-26 23:00:00	1.06355	1.06459	1.06292	1.06397	10291
2022-12-27 00:00:00	1.06398	1.06458	1.06344	1.06424	10958
2022-12-27 01:00:00	1.06425	1.06534	1.06413	1.06518	10644
2022-12-27 02:00:00	1.06518	1.06604	1.06432	1.06474	9901
2022-12-27 03:00:00	1.06473	1.06476	1.06354	1.06399	8268
2022-12-27 04:00:00	1.06398	1.06459	1.06389	1.06454	5938
2022-12-27 05:00:00	1.06454	1.0657	1.06425	1.06553	6671
2022-12-27 06:00:00	1.06553	1.0665	1.06532	1.06637	9640
2022-12-27 07:00:00	1.06637	1.06678	1.06432	1.06452	11792
2022-12-27 08:00:00	1.06452	1.06579	1.06382	1.06518	14694
2022-12-27 09:00:00	1.06519	1.06638	1.06479	1.06604	14190
2022-12-27 10:00:00	1.06601	1.06694	1.06515	1.06655	11499
2022-12-27 11:00:00	1.06654	1.06688	1.06523	1.06542	10838
2022-12-27 12:00:00	1.0654	1.06573	1.06319	1.0635	10833
2022-12-27 13:00:00	1.06352	1.06367	1.06194	1.06273	20654
2022-12-27 14:00:00	1.06274	1.06294	1.06113	1.06259	23815
2022-12-27 15:00:00	1.06258	1.06544	1.06239	1.06495	23092
2022-12-27 16:00:00	1.06496	1.06602	1.06459	1.06525	20597
2022-12-27 17:00:00	1.06524	1.0653	1.06334	1.06372	12237
2022-12-27 18:00:00	1.06372	1.06513	1.06356	1.06486	11104
2022-12-27 19:00:00	1.06486	1.06562	1.06374	1.06412	14332
2022-12-27 20:00:00	1.06413	1.06467	1.06383	1.06412	10118
2022-12-27 21:00:00	1.06411	1.06414	1.0636	1.06393	1499
2022-12-27 22:00:00	1.06398	1.06425	1.06379	1.06397	1134
2022-12-27 23:00:00	1.06401	1.06409	1.06306	1.06369	7033
2022-12-28 00:00:00	1.06369	1.06426	1.06247	1.0628	9777
2022-12-28 01:00:00	1.06281	1.06429	1.06268	1.06419	7927
2022-12-28 02:00:00	1.0642	1.0642	1.06352	1.06364	8480
2022-12-28 03:00:00	1.06364	1.06421	1.06317	1.06376	7812
2022-12-28 04:00:00	1.06377	1.06447	1.0636	1.06415	6061
2022-12-28 05:00:00	1.06415	1.06469	1.06404	1.0646	7161
2022-12-28 06:00:00	1.06461	1.06523	1.06444	1.0646	9387
2022-12-28 07:00:00	1.0646	1.06545	1.06437	1.06456	13124
2022-12-28 08:00:00	1.06456	1.06479	1.06343	1.0636	20671
2022-12-28 09:00:00	1.06358	1.06397	1.06278	1.06368	16017
2022-12-28 10:00:00	1.06368	1.0643	1.06292	1.06336	16877
2022-12-28 11:00:00	1.06337	1.06519	1.06313	1.06463	17651
2022-12-28 12:00:00	1.06464	1.06575	1.06364	1.06459	18423
2022-12-28 13:00:00	1.06458	1.06497	1.06337	1.06415	20699
2022-12-28 14:00:00	1.06414	1.06742	1.06391	1.06572	28863
2022-12-28 15:00:00	1.06576	1.06617	1.06115	1.06189	39521
2022-12-28 16:00:00	1.06189	1.06274	1.06128	1.06211	18933
2022-12-28 17:00:00	1.0621	1.06327	1.0616	1.06289	19443
2022-12-28 18:00:00	1.06291	1.06355	1.06198	1.06198	17305
2022-12-28 19:00:00	1.06198	1.06272	1.06145	1.0617	17607
2022-12-28 20:00:00	1.0617	1.06175	1.06077	1.06077	13300
2022-12-28 21:00:00	1.06077	1.0613	1.06065	1.06117	2506
2022-12-28 22:00:00	1.06113	1.06154	1.06092	1.06152	1480
2022-12-28 23:00:00	1.06154	1.06292	1.06151	1.06288	10642
2022-12-29 00:00:00	1.06287	1.06372	1.0623	1.06339	7791
2022-12-29 01:00:00	1.06339	1.06341	1.06266	1.06278	12000
2022-12-29 02:00:00	1.06278	1.06326	1.06254	1.06254	6989
2022-12-29 03:00:00	1.06255	1.06277	1.06198	1.0623	9895
2022-12-29 04:00:00	1.06231	1.0626	1.06191	1.0625	4641
2022-12-29 05:00:00	1.06249	1.06289	1.06211	1.06245	7081
2022-12-29 06:00:00	1.06246	1.06267	1.06109	1.0614	7975
2022-12-29 07:00:00	1.06137	1.06248	1.06118	1.06232	10300
2022-12-29 08:00:00	1.06234	1.06426	1.06222	1.06301	15923
2022-12-29 09:00:00	1.06299	1.06581	1.06299	1.0656	14739
2022-12-29 10:00:00	1.06562	1.06562	1.06314	1.06361	16403
2022-12-29 11:00:00	1.0636	1.06407	1.06325	1.06379	12641
2022-12-29 12:00:00	1.06379	1.06531	1.06363	1.06523	12599
2022-12-29 13:00:00	1.06523	1.06672	1.06448	1.06548	23359
2022-12-29 14:00:00	1.06553	1.06698	1.06388	1.06444	31554
2022-12-29 15:00:00	1.06445	1.06694	1.06362	1.06667	33374
2022-12-29 16:00:00	1.06668	1.06707	1.06567	1.0666	16990
2022-12-29 17:00:00	1.06659	1.06902	1.06645	1.06818	16139
2022-12-29 18:00:00	1.0682	1.06832	1.06709	1.06746	16966
2022-12-29 19:00:00	1.06746	1.06791	1.06732	1.06778	16826
2022-12-29 20:00:00	1.06779	1.06779	1.06654	1.06678	13145
2022-12-29 21:00:00	1.06677	1.06714	1.06601	1.06608	3177
2022-12-29 22:00:00	1.06605	1.06635	1.06592	1.06603	2409
2022-12-29 23:00:00	1.06608	1.06619	1.0654	1.06601	3492
2022-12-30 00:00:00	1.06602	1.06683	1.06588	1.06681	8619
2022-12-30 01:00:00	1.06679	1.06692	1.06569	1.06604	13805
2022-12-30 02:00:00	1.06603	1.06604	1.06546	1.06584	8663
2022-12-30 03:00:00	1.06584	1.06631	1.0657	1.06588	5025
2022-12-30 04:00:00	1.06585	1.06593	1.06518	1.06551	4671
2022-12-30 05:00:00	1.06551	1.06578	1.06421	1.06431	10758
2022-12-30 06:00:00	1.06429	1.06503	1.06405	1.06444	12059
2022-12-30 07:00:00	1.06441	1.0651	1.06385	1.06509	14340
2022-12-30 08:00:00	1.06511	1.06744	1.06498	1.06708	21558
2022-12-30 09:00:00	1.06708	1.06711	1.06513	1.06545	18027
2022-12-30 10:00:00	1.06545	1.06759	1.06532	1.06694	17102
2022-12-30 11:00:00	1.06695	1.0699	1.06694	1.06759	19522
2022-12-30 12:00:00	1.06759	1.06878	1.06713	1.0672	20638
2022-12-30 13:00:00	1.0672	1.06801	1.0645	1.06686	24529
2022-12-30 14:00:00	1.06685	1.07011	1.06613	1.06883	30638
2022-12-30 15:00:00	1.06884	1.06895	1.06591	1.06722	34256
2022-12-30 16:00:00	1.06721	1.06971	1.0671	1.06967	21972
2022-12-30 17:00:00	1.06967	1.07114	1.06961	1.07108	25682
2022-12-30 18:00:00	1.07111	1.07131	1.07003	1.07022	36170
2022-12-30 19:00:00	1.07022	1.07093	1.0695	1.06996	22083
2022-12-30 20:00:00	1.06996	1.07082	1.06921	1.07052	12710
2022-12-30 21:00:00	1.07057	1.07071	1.06981	1.07026	10618
2023-01-01 22:00:00	1.0697	1.07066	1.06788	1.06929	2476
2023-01-01 23:00:00	1.06896	1.07047	1.06829	1.07005	4930
2023-01-02 00:00:00	1.07007	1.07058	1.06912	1.0704	3524
2023-01-02 01:00:00	1.07041	1.07087	1.06919	1.06977	438
2023-01-02 02:00:00	1.06977	1.06977	1.06862	1.06904	1581
2023-01-02 03:00:00	1.06904	1.07027	1.06886	1.06899	2716
2023-01-02 04:00:00	1.06896	1.0702	1.06887	1.06993	5497
2023-01-02 05:00:00	1.06994	1.06997	1.06872	1.06938	2878
2023-01-02 06:00:00	1.06943	1.06996	1.06741	1.06894	3402
2023-01-02 07:00:00	1.06891	1.06922	1.06632	1.06786	9998
2023-01-02 08:00:00	1.06794	1.06971	1.06712	1.0679	12150
2023-01-02 09:00:00	1.06791	1.06994	1.06766	1.06786	11658
2023-01-02 10:00:00	1.06786	1.06896	1.06743	1.06833	5019
2023-01-02 11:00:00	1.06833	1.06864	1068	1.06842	3197
2023-01-02 12:00:00	1.06841	1.0687	1.06763	1.06822	4064
2023-01-02 13:00:00	1.06822	1.06863	1.0677	1.06784	4700
2023-01-02 14:00:00	1.06783	1.06819	1.06702	1.06722	4346
2023-01-02 15:00:00	1.06723	1.06739	1.0658	1066	4861
2023-01-02 16:00:00	1.06598	1.06705	1.0651	1.06545	9420
2023-01-02 17:00:00	1.06545	1.06619	1.06539	1.06599	6005
2023-01-02 18:00:00	1.06601	1.06606	1.06508	1.06519	6278
2023-01-02 19:00:00	1.0652	1.06586	1.06499	1.06561	1495
2023-01-02 20:00:00	1.0656	1.06697	1.06546	1.0663	8741
2023-01-02 21:00:00	1.0663	1.06725	1.06593	1.06646	3903
2023-01-02 22:00:00	1.06646	1.06653	1.06627	1.06634	684
2023-01-02 23:00:00	1.06652	1.06833	1.06499	1.06765	16055
2023-01-03 00:00:00	1.06764	1.06783	1.06666	1.06704	12331
2023-01-03 01:00:00	1.06703	1.06741	1.06503	1.06597	21822
2023-01-03 02:00:00	1.06597	1.06776	1.06575	1.06763	13007
2023-01-03 03:00:00	1.06763	1.06783	1.06688	1.06722	9475
2023-01-03 04:00:00	1.06722	1.06801	1.06669	1.06672	5399
2023-01-03 05:00:00	1.06673	1.06706	1.06589	1.06634	13432
2023-01-03 06:00:00	1.06633	1.06676	1.06513	1.06521	13236
2023-01-03 07:00:00	1.06525	1.06585	1.06199	1.06236	22710
2023-01-03 08:00:00	1.06237	1.06282	1.05506	1.05517	46672
2023-01-03 09:00:00	1.05518	1.05609	1.05339	1.05473	43666
2023-01-03 10:00:00	1.05474	1.05547	1.05252	1.05308	31342
2023-01-03 11:00:00	1.05309	1.05359	1.05194	1.05282	22415
2023-01-03 12:00:00	1.05281	1.05491	1.05238	1.05355	20856
2023-01-03 13:00:00	1.05354	1.05697	1.05303	1056	33076
2023-01-03 14:00:00	1.05599	1.05973	1.05554	1.05739	40255
2023-01-03 15:00:00	1.05742	1.05818	1.05544	1.05554	46213
2023-01-03 16:00:00	1.05554	1.05586	1.05371	1.05579	35822
2023-01-03 17:00:00	1.05579	1.05589	1.05401	1.0546	20674
2023-01-03 18:00:00	1.0546	1.05605	1.0543	1.05563	15135
2023-01-03 19:00:00	1.05564	1.05681	1.0555	1.05662	17830
2023-01-03 20:00:00	1.05664	1.05688	1.05505	1.05514	16552
2023-01-03 21:00:00	1.05514	1.05537	1.0546	1.05466	3984
2023-01-03 22:00:00	1.05461	1.0548	1.0545	1.05474	7993
2023-01-03 23:00:00	1.05474	1.05542	1.05403	1.05455	10253
2023-01-04 00:00:00	1.05453	1.0561	1.0545	1.05579	11797
2023-01-04 01:00:00	1.0558	1.05695	1.05569	1.05667	13425
2023-01-04 02:00:00	1.05666	1.05692	1.05614	1.05647	9572
2023-01-04 03:00:00	1.05648	1.05697	1.05647	1.05687	5337
2023-01-04 04:00:00	1.05688	1.05743	1.05658	1.05727	6138
2023-01-04 05:00:00	1.05726	1.05784	1.05644	1.05691	10792
2023-01-04 06:00:00	1.05691	1.05749	1.05594	1057	12588
2023-01-04 07:00:00	1.05698	1.06057	1.05667	1.05937	21753
2023-01-04 08:00:00	1.05938	1.06354	1059	1.06157	29529
2023-01-04 09:00:00	1.06157	1.06299	1.06054	1.06106	15643
2023-01-04 10:00:00	1.06105	1.06227	1.06082	1.06206	10852
2023-01-04 11:00:00	1.06206	1.06242	1.06021	1.06043	8941
2023-01-04 12:00:00	1.06044	1.06109	1.05986	1.06071	10713
2023-01-04 13:00:00	1.06072	1.06195	1.05948	1.06104	28650
2023-01-04 14:00:00	1.06104	1.06282	1.0602	1.06239	33584
2023-01-04 15:00:00	1.06239	1.0625	1.0581	1.0603	64932
2023-01-04 16:00:00	1.0603	1.06205	1.05926	1.06187	32287
2023-01-04 17:00:00	1.0619	1.06198	1.06046	1.06071	16212
2023-01-04 18:00:00	1.06069	1.06127	1.05954	1.05988	14105
2023-01-04 19:00:00	1.0599	1.06066	1.0585	1.06053	39579
2023-01-04 20:00:00	1.06053	1.06101	1.06009	1.06032	17307
2023-01-04 21:00:00	1.06035	1.0608	1.06008	1.06008	2994
2023-01-04 22:00:00	1.06006	1.06102	1.05997	1.06055	7177
2023-01-04 23:00:00	1.06056	1.06112	1.06025	1.06061	6021
2023-01-05 00:00:00	1.06058	1.06311	1.06029	1.06289	14576
2023-01-05 01:00:00	1.06291	1.06314	1.06184	1.06203	14203
2023-01-05 02:00:00	1.06202	1.06202	1.06088	1.06176	10852
2023-01-05 03:00:00	1.06175	1.06196	1.06061	1.06069	8949
2023-01-05 04:00:00	1.0607	1.06115	1.06033	1.0604	9075
2023-01-05 05:00:00	1.06041	1.06106	1.06016	1.06104	10217
2023-01-05 06:00:00	1.06107	1.06199	1.06027	1.0603	10887
2023-01-05 07:00:00	1.06031	1.06121	1.05901	1.06052	18220
2023-01-05 08:00:00	1.06052	1.06278	1.06049	1.06199	22975
2023-01-05 09:00:00	1062	1.06288	1.06093	1.06232	20351
2023-01-05 10:00:00	1.06233	1.0626	1.06099	1.06184	16561
2023-01-05 11:00:00	1.06185	1.06219	1.0603	1.0611	14269
2023-01-05 12:00:00	1.06111	1.06173	1.0598	1.05993	15437
2023-01-05 13:00:00	1.05994	1.06083	1.05511	1.05521	50123
2023-01-05 14:00:00	1.05521	1.05621	1.05355	1.05391	43754
2023-01-05 15:00:00	1.05392	1.05673	1.05148	1.05181	55893
2023-01-05 16:00:00	1.05183	1.05317	1.05174	1.05209	27911
2023-01-05 17:00:00	1.05208	1.0533	1.05184	1.05298	23459
2023-01-05 18:00:00	1.05298	1.0543	1.0529	1.05357	24211
2023-01-05 19:00:00	1.05359	1.05385	1.05289	1053	13555
2023-01-05 20:00:00	1.05299	1.05306	1.05198	1.05199	15750
2023-01-05 21:00:00	1.05197	1.05227	1.05155	1.05202	3610
2023-01-05 22:00:00	1.05195	1.05225	1.05195	1.05208	4015
2023-01-05 23:00:00	1.05205	1.0526	1.05195	1.05208	6376
2023-01-06 00:00:00	1.05209	1.05314	1.05188	1.05292	9241
2023-01-06 01:00:00	1.05294	1.05326	1.05224	1.05249	10293
2023-01-06 02:00:00	1.0525	1.05339	1.05248	1.05265	5845
2023-01-06 03:00:00	1.05268	1.05363	1.0526	1.05321	11056
2023-01-06 04:00:00	1.05319	1.05343	1.05243	1.05243	5781
2023-01-06 05:00:00	1.05245	1.05253	1.05105	1.05142	12240
2023-01-06 06:00:00	1.05146	1.05223	1.05104	1.05124	12150
2023-01-06 07:00:00	1.05123	1.05224	1.05069	1.05124	18797
2023-01-06 08:00:00	1.05126	1.05309	1.05109	1.05183	18648
2023-01-06 09:00:00	1.05182	1.05193	1.04965	1.05072	18436
2023-01-06 10:00:00	1.05072	1.05158	1.05028	1.05073	14919
2023-01-06 11:00:00	1.05075	1.0511	1.04922	1.0494	14846
2023-01-06 12:00:00	1.04942	1.04964	1.04832	1.04945	16190
2023-01-06 13:00:00	1.04944	1.05449	1.04823	1.05424	57429
2023-01-06 14:00:00	1.05424	1.05432	1.05008	1.05083	54732
2023-01-06 15:00:00	1.05089	1.06123	1.05079	1.06016	61660
2023-01-06 16:00:00	1.06018	1.06223	1.05967	1.06185	34343
2023-01-06 17:00:00	1.06185	1.06379	1.06163	1.06374	18884
2023-01-06 18:00:00	1.06374	1.06434	1.06294	1.06376	12851
2023-01-06 19:00:00	1.06376	1.06478	1.06376	1.06453	13186
2023-01-06 20:00:00	1.06453	1.0648	1.06425	1.06462	6609
2023-01-06 21:00:00	1.0646	1.0646	1.06413	1.06413	4780
2023-01-08 22:00:00	1.06406	1.06415	1.06381	1.06395	2862
2023-01-08 23:00:00	1.06392	1.06628	1.06392	1.06627	11495
2023-01-09 00:00:00	1.06628	1.06676	1.06513	1.06611	13894
2023-01-09 01:00:00	1.06613	1.06722	1.06551	1.06665	16902
2023-01-09 02:00:00	1.06666	1.06777	1.06662	1.0677	14128
2023-01-09 03:00:00	1.06768	1.06768	1.06659	1.06675	11362
2023-01-09 04:00:00	1.06674	1.06782	1.06666	1.06764	5301
2023-01-09 05:00:00	1.06764	1.06828	1.06729	1.06769	9140
2023-01-09 06:00:00	1.06771	1.06861	1.06754	1.06817	12066
2023-01-09 07:00:00	1.06818	1.06947	1.06679	1.0673	22509
2023-01-09 08:00:00	1.0673	1.06995	1.06725	1.06901	26602
2023-01-09 09:00:00	1069	1.06933	1066	1.0672	20967
2023-01-09 10:00:00	1.06721	1.06762	1.06614	1.06688	19172
2023-01-09 11:00:00	1.06688	1.06855	1.06675	1.06843	16252
2023-01-09 12:00:00	1.06841	1.06936	1.06807	1.06886	15177
2023-01-09 13:00:00	1.06886	1.07317	1.06851	1.07249	31786
2023-01-09 14:00:00	1.07251	1.07381	1.07115	1.07279	31674
2023-01-09 15:00:00	1.07279	1.07491	1.07278	1074	30506
2023-01-09 16:00:00	1.07402	1.07605	1.07399	1.0758	23681
2023-01-09 17:00:00	1.07579	1.07599	1.07397	1075	18579
2023-01-09 18:00:00	1.07501	1.0754	1.07374	1.07429	15664
2023-01-09 19:00:00	1.0743	1.07528	1.07413	1.07517	17312
2023-01-09 20:00:00	1.07517	1.07537	1.07305	1.07309	18928
2023-01-09 21:00:00	1.07309	1.07353	1.07293	1.07293	3674
2023-01-09 22:00:00	1.07293	1.07332	1.0727	1.07332	4768
2023-01-09 23:00:00	1.07329	1.07385	1.07285	1.07326	8986
2023-01-10 00:00:00	1.07324	1.07381	1.07205	1.07273	13753
2023-01-10 01:00:00	1.07273	1.07396	1.07259	1.0736	14480
2023-01-10 02:00:00	1.0736	1.07424	1.07212	1.07308	14410
2023-01-10 03:00:00	1.07309	1.07341	1.07255	1.07321	9407
2023-01-10 04:00:00	1.07323	1.07339	1.07278	1.07306	5611
2023-01-10 05:00:00	1.07304	1.0744	1.07295	1.07426	10601
2023-01-10 06:00:00	1.07427	1.0743	1.07262	1.07338	13718
2023-01-10 07:00:00	1.0734	1.07393	1.07219	1.07314	19868
2023-01-10 08:00:00	1.07316	1.07472	1.0731	1.07382	25463
2023-01-10 09:00:00	1.07383	1.07516	1.07293	1.07458	20687
2023-01-10 10:00:00	1.07457	1.0746	1.07339	1.07362	13233
2023-01-10 11:00:00	1.07363	1.07423	1.07316	1.07349	12123
2023-01-10 12:00:00	1.07349	1.07353	1.07154	1.07191	15979
2023-01-10 13:00:00	1.07191	1.07251	1.07119	1.07215	24581
2023-01-10 14:00:00	1.07216	1.07592	1.07214	1.07402	51845
2023-01-10 15:00:00	1.07403	1.07529	1.07215	1.07274	50884
2023-01-10 16:00:00	1.07275	1.07418	1.0724	1.07362	25387
2023-01-10 17:00:00	1.0736	1.07437	1.07295	1.07332	18859
2023-01-10 18:00:00	1.07331	1.07396	1.07276	1.07379	12790
2023-01-10 19:00:00	1.07379	1.07431	1.07362	1.07407	9721
2023-01-10 20:00:00	1.07409	1.0744	1.07304	1.07358	9213
2023-01-10 21:00:00	1.07359	1.07376	1.07321	1.07322	3617
2023-01-10 22:00:00	1.07322	1.07368	1.07305	1.0734	3302
2023-01-10 23:00:00	1.0734	1.0739	1.07326	1.07382	5385
2023-01-11 00:00:00	1.07383	1.07453	1.07371	1.07449	10822
2023-01-11 01:00:00	1.0745	1.0745	1.07255	1.07308	15801
2023-01-11 02:00:00	1.07307	1.0738	1.07266	1.07267	14553
2023-01-11 03:00:00	1.07268	1.07367	1.07262	1.07334	6672
2023-01-11 04:00:00	1.07335	1.07396	1.07318	1.07384	6615
2023-01-11 05:00:00	1.07383	1.07566	1.07367	1.07474	14122
2023-01-11 06:00:00	1.07474	1.0755	1.07456	1.07456	12566
2023-01-11 07:00:00	1.07456	1.07573	1.07434	1.07466	17364
2023-01-11 08:00:00	1.07465	1.07486	1.07286	1.07295	25523
2023-01-11 09:00:00	1.07294	1.0748	1.07254	1.07413	24103
2023-01-11 10:00:00	1.07413	1.0751	1.07399	1.07489	17624
2023-01-11 11:00:00	1.07488	1.0755	1.07434	1.07481	18944
2023-01-11 12:00:00	1.07483	1.07488	1.07279	1.07403	19529
2023-01-11 13:00:00	1.07403	1.07526	1.07391	1.07497	23265
2023-01-11 14:00:00	1.07498	1.07762	1.0745	1.07696	35706
2023-01-11 15:00:00	1.07697	1.07748	1.07518	1.07549	37100
2023-01-11 16:00:00	1.07549	1.07616	1.07374	1.07387	18936
2023-01-11 17:00:00	1.07388	1.07483	1.07362	1.07465	14043
2023-01-11 18:00:00	1.07465	1.0768	1.07348	1.0753	23423
2023-01-11 19:00:00	1.07532	1.07635	1.07474	1.0763	15137
2023-01-11 20:00:00	1.07629	1.07629	1.07523	1.07537	11155
2023-01-11 21:00:00	1.07537	1.07579	1.07518	1.07561	3922
2023-01-11 22:00:00	1.07559	1076	1.07485	1.07565	6246
2023-01-11 23:00:00	1.07563	1.07673	1.0756	1.07652	9315
2023-01-12 00:00:00	1.07652	1.07745	1.07601	1.0761	12626
2023-01-12 01:00:00	1.07611	1.07673	1.07603	1.07664	18498
2023-01-12 02:00:00	1.07664	1.07687	1.07612	1.07668	15266
2023-01-12 03:00:00	1.07667	1.07711	1.07647	1.07684	10006
2023-01-12 04:00:00	1.07685	1.07733	1.07659	1.07715	9459
2023-01-12 05:00:00	1.07715	1.0775	1.07622	1.07624	14412
2023-01-12 06:00:00	1.07624	1.07686	1.07564	1.07571	16767
2023-01-12 07:00:00	1.07571	1.0765	1.07555	1.07623	16654
2023-01-12 08:00:00	1.07626	1.07644	1.07453	1.07479	25138
2023-01-12 09:00:00	1.07479	1.07732	1.07426	1.07651	26285
2023-01-12 10:00:00	1.07652	1.07683	1.07516	1.07623	22181
2023-01-12 11:00:00	1.07623	1.07664	1.07588	1.07616	16546
2023-01-12 12:00:00	1.07615	1.07665	1.07548	1.07625	17439
2023-01-12 13:00:00	1.07628	1.08387	1.07297	1.08287	76182
2023-01-12 14:00:00	1.08292	1.08338	1.07516	1.07674	77393
2023-01-12 15:00:00	1.07676	1.08096	1.07636	1.08067	83141
2023-01-12 16:00:00	1.08066	1.08259	1.08023	1.08222	49894
2023-01-12 17:00:00	1.08223	1.08487	1.0821	1.08485	34826
2023-01-12 18:00:00	1.08484	1.08668	1.0846	1.08555	35894
2023-01-12 19:00:00	1.08554	1.0856	1.08392	1.08491	25150
2023-01-12 20:00:00	1.0849	1.08523	1.08411	1.08522	19866
2023-01-12 21:00:00	1.08524	1.0855	1.08488	1.08516	3538
2023-01-12 22:00:00	1.08476	1.08501	1.08474	1.08478	5646
2023-01-12 23:00:00	1.08479	1.08599	1.08456	1.08595	7842
2023-01-13 00:00:00	1.08595	1.08679	1.0851	1.0852	12884
2023-01-13 01:00:00	1.08521	1.08559	1.08455	1.08555	19764
2023-01-13 02:00:00	1.08556	1.0856	1.08315	1.08447	19799
2023-01-13 03:00:00	1.08447	1.08476	1.08413	1.08456	11252
2023-01-13 04:00:00	1.08454	1.08463	1.08376	1.08398	6922
2023-01-13 05:00:00	1.08396	1.08432	1.08315	1.08369	10971
2023-01-13 06:00:00	1.08373	1.08508	1.08337	1.08449	16694
2023-01-13 07:00:00	1.08459	1.08488	1.0833	1.08488	27507
2023-01-13 08:00:00	1.08487	1.0864	1.0837	1.08551	38443
2023-01-13 09:00:00	1.0855	1.08599	1.08331	1.08423	24915
2023-01-13 10:00:00	1.08422	1.08516	1.0837	1.08449	18054
2023-01-13 11:00:00	1.08447	1.08456	1.08083	1.0812	22598
2023-01-13 12:00:00	1.08119	1.08157	1.08031	1.08117	21128
2023-01-13 13:00:00	1.08119	1.08199	1.07925	1.07935	34379
2023-01-13 14:00:00	1.07937	1082	1.07803	1.08182	41350
2023-01-13 15:00:00	1.08182	1.08386	1.08122	1.08292	53287
2023-01-13 16:00:00	1.08292	1.08333	1.08009	1081	33462
2023-01-13 17:00:00	1081	1.08316	1.08064	1.08279	23001
2023-01-13 18:00:00	1.08279	1.08342	1.08179	1.0831	19987
2023-01-13 19:00:00	1.08309	1.08351	1.08264	1.08291	11884
2023-01-13 20:00:00	1.0829	1.08356	1.08268	1.08323	6873
2023-01-13 21:00:00	1.08323	1.08343	1.08286	1.08302	5290
2023-01-15 22:00:00	1.08288	1.0835	1.08279	1.08317	3324
2023-01-15 23:00:00	1.08317	1.08333	1.08201	1.08225	8899
2023-01-16 00:00:00	1.08224	1.08441	1.08211	1.08416	9447
2023-01-16 01:00:00	1.08414	1.0872	1.08405	1.08678	14774
2023-01-16 02:00:00	1.08677	1.08741	1.08654	1.08665	21210
2023-01-16 03:00:00	1.08665	1.08672	1.08591	1.08599	10590
2023-01-16 04:00:00	1.08599	1.08637	1.08506	1.08526	7517
2023-01-16 05:00:00	1.08527	1.08609	1.08521	1.08603	10714
2023-01-16 06:00:00	1.08603	1.08603	1.08359	1.08392	16648
2023-01-16 07:00:00	1.08393	1.08421	1.08264	1.08308	16601
2023-01-16 08:00:00	1.08307	1.0832	1.08022	1.08032	26705
2023-01-16 09:00:00	1.08031	1.08241	1.08013	1.08207	19287
2023-01-16 10:00:00	1.0821	1.08333	1.08205	1.08299	17630
2023-01-16 11:00:00	1.08299	1.08364	1.08238	1.08268	14754
2023-01-16 12:00:00	1.08267	1.08284	1.08143	1.0815	14475
2023-01-16 13:00:00	1.08149	1082	1.08058	1.08156	18167
2023-01-16 14:00:00	1.08155	1.08253	1.08137	1.08218	15701
2023-01-16 15:00:00	1.08217	1.0829	1.08161	1.08251	11826
2023-01-16 16:00:00	1.08251	1.08261	1.08172	1.08246	11039
2023-01-16 17:00:00	1.08244	1.08264	1.08115	1.08136	8377
2023-01-16 18:00:00	1.08136	1.08146	1.08107	1.08127	3248
2023-01-16 19:00:00	1.08126	1.08192	1.08123	1.08192	2586
2023-01-16 20:00:00	1.08193	1.08205	1.08173	1.08203	1992
2023-01-16 21:00:00	1.08203	1.08245	1.08187	1.08192	2705
2023-01-16 22:00:00	1.08196	1.08229	1.08165	1.0822	13689
2023-01-16 23:00:00	1.0822	1.08323	1.08214	1.08294	6686
2023-01-17 00:00:00	1.08294	1.08336	1.08254	1.08284	9375
2023-01-17 01:00:00	1.08285	1.08315	1.08138	1.08169	21453
2023-01-17 02:00:00	1.08169	1.08327	1.08061	1.08142	17746
2023-01-17 03:00:00	1.08143	1.08284	1.08135	1.08249	10993
2023-01-17 04:00:00	1.08249	1.08287	1.08218	1.0826	8622
2023-01-17 05:00:00	1.08258	1.08322	1.08218	1.08308	10264
2023-01-17 06:00:00	1.08309	1.08354	1.08133	1.08146	14461
2023-01-17 07:00:00	1.08146	1.08295	1.08118	1.08279	24543
2023-01-17 08:00:00	1.0828	1.08385	1.08229	1.08272	24343
2023-01-17 09:00:00	1.08271	1.08309	1.08108	1.08172	21816
2023-01-17 10:00:00	1.08174	1.08273	1.08088	1.08213	25812
2023-01-17 11:00:00	1.08213	1.08337	1.08132	1.08322	20819
2023-01-17 12:00:00	1.08323	1.08576	1.08221	1.08525	24928
2023-01-17 13:00:00	1.08523	1.0858	1.08361	1.08423	37285
2023-01-17 14:00:00	1.08425	1.08693	1.08421	1.08628	41355
2023-01-17 15:00:00	1.08627	1.08637	1.07949	1.08016	63513
2023-01-17 16:00:00	1.08016	1.08091	1.0786	1.07926	32423
2023-01-17 17:00:00	1.07926	1.07984	1.07744	1.07819	19845
2023-01-17 18:00:00	1.07819	1.07964	1.07797	1.0795	13684
2023-01-17 19:00:00	1.07951	1.08035	1.07911	1.07932	17212
2023-01-17 20:00:00	1.07932	1.07968	1.07866	1.07934	13738
2023-01-17 21:00:00	1.07934	1.07936	1.07872	1.07872	3197
2023-01-17 22:00:00	1.07872	1.07936	1.07854	1.07907	7455
2023-01-17 23:00:00	1.07907	1.07932	1.07853	1.07893	4810
2023-01-18 00:00:00	1.07891	1.07911	1.07823	1.07842	8651
2023-01-18 01:00:00	1.07843	1.0796	1.07833	1.07959	12948
2023-01-18 02:00:00	1.0796	1.07992	1.07661	1.07871	29347
2023-01-18 03:00:00	1.07872	1.07889	1.07682	1.07728	24367
2023-01-18 04:00:00	1.0773	1.07776	1.07672	1.07742	14388
2023-01-18 05:00:00	1.07743	1.07799	1.07679	1.07795	16522
2023-01-18 06:00:00	1.07795	1.07908	1.07795	1.07895	18611
2023-01-18 07:00:00	1.07896	1.08364	1.07896	1.08252	29887
2023-01-18 08:00:00	1.08252	1.08512	1.08251	1.0843	18250
2023-01-18 09:00:00	1.0843	1.08714	1.08368	1.08697	11856
2023-01-18 10:00:00	1.08697	1.08699	1.08495	1.08525	9339
2023-01-18 11:00:00	1.08524	1.0854	1.08115	1.0815	8000
2023-01-18 12:00:00	1.08151	1.08336	1.08149	1.0824	9544
2023-01-18 13:00:00	1.08237	1.08676	1.08222	1.08582	28993
2023-01-18 14:00:00	1.08581	1.08873	1.08478	1.08637	31649
2023-01-18 15:00:00	1.08638	1.08686	1.08264	1.0833	24261
2023-01-18 16:00:00	1.08332	1.08357	1.08134	1.08265	17168
2023-01-18 17:00:00	1.08268	1.08277	1.07871	1.07957	15591
2023-01-18 18:00:00	1.07958	1.07989	1.07866	1.07961	10813
2023-01-18 19:00:00	1.0796	1.07966	1.07869	1.07948	6954
2023-01-18 20:00:00	1.07947	1.07949	1.07872	1.07889	7587
2023-01-18 21:00:00	1.0789	1.07971	1.0789	1.07935	1773
2023-01-18 22:00:00	1.07928	1.07932	1.07887	1.07912	6521
2023-01-18 23:00:00	1.07911	1.07978	1.07901	1.07972	2122
2023-01-19 00:00:00	1.07974	1.07982	1.07861	1.07872	5989
2023-01-19 01:00:00	1.07872	1.07954	1.07823	1.07875	6199
2023-01-19 02:00:00	1.07877	1.07943	1.07821	1.07933	5719
2023-01-19 03:00:00	1.07933	1.08054	1.07923	1.08005	6418
2023-01-19 04:00:00	1.08005	1.08018	1.0793	1.07956	4173
2023-01-19 05:00:00	1.07958	1.07978	1.07907	1.07914	5954
2023-01-19 06:00:00	1.07912	1.08031	1.07906	1.07906	4204
2023-01-19 07:00:00	1.07909	1.08138	1.07825	1.08076	9569
2023-01-19 08:00:00	1.08078	1.08247	1.08031	1.08166	11035
2023-01-19 09:00:00	1.08167	1.08291	1.08157	1.08245	9166
2023-01-19 10:00:00	1.08247	1.0838	1.08155	1.08288	9755
2023-01-19 11:00:00	1.08292	1.08345	1.08158	1.08216	8892
2023-01-19 12:00:00	1.08216	1.0827	1.08049	1.08088	8357
2023-01-19 13:00:00	1.08089	1.08227	1.07955	1.08093	20541
2023-01-19 14:00:00	1.08092	1.0825	1.07953	1.08102	17680
2023-01-19 15:00:00	1.08102	1.08188	1.07837	1.0789	17241
2023-01-19 16:00:00	1.07892	1.08093	1.07872	1.08089	12770
2023-01-19 17:00:00	1.08089	1.08243	1.08085	1.08161	12262
2023-01-19 18:00:00	1.0816	1.0835	1.08128	1.08286	12246
2023-01-19 19:00:00	1.08285	1.08356	1.08208	1.08304	7554
2023-01-19 20:00:00	1.08303	1.08398	1.08276	1.08289	8910
2023-01-19 21:00:00	1.0829	1.08345	1.08279	1.08308	2635
2023-01-19 22:00:00	1.08267	1.08336	1.08265	1.08299	2561
2023-01-19 23:00:00	1.08295	1.08369	1.08274	1.08333	1601
2023-01-20 00:00:00	1.08332	1.08401	1.08285	1.08312	6212
2023-01-20 01:00:00	1.08313	1.0844	1.08279	1.0836	6591
2023-01-20 02:00:00	1.08361	1.08438	1.08312	1.08361	4414
2023-01-20 03:00:00	1.08362	1.08383	1.0832	1.08343	3406
2023-01-20 04:00:00	1.08343	1.0835	1.08278	1.08294	3172
2023-01-20 05:00:00	1.08293	1.08354	1.08247	1.0835	4221
2023-01-20 06:00:00	1.08351	1.08365	1.08238	1.08244	3967
2023-01-20 07:00:00	1.08244	1.08464	1.08207	1.08399	6322
2023-01-20 08:00:00	1.08401	1.08587	1.08382	1.08402	8943
2023-01-20 09:00:00	1.08402	1.08516	1.08282	1.08308	7955
2023-01-20 10:00:00	1.08307	1.08472	1.08258	1.08384	8448
2023-01-20 11:00:00	1.08384	1.08416	1.08243	1.08247	5570
2023-01-20 12:00:00	1.08248	1.08273	1.08139	1.08182	7266
2023-01-20 13:00:00	1.08182	1.08274	1.08022	1.08062	9641
2023-01-20 14:00:00	1.08063	1.0826	1.08044	1.08215	12824
2023-01-20 15:00:00	1.08217	1.08477	1.08182	1.08309	14551
2023-01-20 16:00:00	1.08309	1.08449	1.08272	1.08303	12501
2023-01-20 17:00:00	1.08303	1.08472	1.08293	1.08437	6881
2023-01-20 18:00:00	1.08438	1.08503	1.08335	1.08475	7723
2023-01-20 19:00:00	1.08476	1.08582	1.08456	1.08539	5389
2023-01-20 20:00:00	1.0854	1.08581	1.08519	1.08562	6932
2023-01-20 21:00:00	1.08563	1.0858	1.08544	1.08549	3566
2023-01-22 22:00:00	1.08678	1.08683	1.08611	1.08653	1881
2023-01-22 23:00:00	1.08651	1.08696	1.08619	1.08643	9810
2023-01-23 00:00:00	1.08639	1.0887	1.08639	1.08848	5448
2023-01-23 01:00:00	1.08846	1.08993	1.08804	1.08947	8631
2023-01-23 02:00:00	1.08945	1.08989	1.08896	1.08921	2917
2023-01-23 03:00:00	1.08924	1.09029	1.08923	1.08983	2980
2023-01-23 04:00:00	1.08986	1.08986	1.08888	1.08946	2971
2023-01-23 05:00:00	1.08945	1.08983	1089	1.08921	2771
2023-01-23 06:00:00	1.08921	1.09118	1.08871	1.09003	5579
2023-01-23 07:00:00	1.09004	1.09267	1.0892	1.09141	9613
2023-01-23 08:00:00	1.09141	1.09154	1.0893	1.08997	12638
2023-01-23 09:00:00	1.08996	1.09203	1.08931	1.09114	6244
2023-01-23 10:00:00	1.09113	1.09152	1.08955	1.08992	6709
2023-01-23 11:00:00	1.08991	1.09021	1.08787	1.08811	7943
2023-01-23 12:00:00	1.08811	1.08831	1.08666	1.08708	9370
2023-01-23 13:00:00	1.08711	1.08776	1.08531	1.08587	11696
2023-01-23 14:00:00	1.08586	1.08681	1.08461	1.08615	14765
2023-01-23 15:00:00	1.08615	1.0869	1.08467	1.08646	18358
2023-01-23 16:00:00	1.08645	1.08757	1.08597	1.08638	11827
2023-01-23 17:00:00	1.08638	1.08648	1.08569	1.08622	8566
2023-01-23 18:00:00	1.08623	1.08728	1.08621	1.0866	5994
2023-01-23 19:00:00	1.0866	1.08671	1.08474	1.08587	7492
2023-01-23 20:00:00	1.08588	1.08681	1.0857	1.08679	8771
2023-01-23 21:00:00	1.08677	1.08717	1.0865	1.08713	1966
2023-01-23 22:00:00	1.0871	1.08715	1.0869	1.08697	1491
2023-01-23 23:00:00	1.08698	1.08759	1.08676	1.08711	2507
2023-01-24 00:00:00	1.08711	1.08746	1.08674	1.08735	2284
2023-01-24 01:00:00	1.08735	1.08824	1.08715	1.08807	2855
2023-01-24 02:00:00	1.08806	1.08828	1.08774	1.08788	2947
2023-01-24 03:00:00	1.08786	1.08802	1.08729	1.08743	2662
2023-01-24 04:00:00	1.08742	1.08762	1.08692	1.08761	3405
2023-01-24 05:00:00	1.08763	1.08825	1.08753	1.08781	2309
2023-01-24 06:00:00	1.08779	1.08916	1.08773	1.08876	3962
2023-01-24 07:00:00	1.08875	1.08978	1.08831	1.08885	6361
2023-01-24 08:00:00	1.08886	1.08957	1.08663	1.08748	11220
2023-01-24 09:00:00	1.08746	1.08829	1.08517	1.08607	18335
2023-01-24 10:00:00	1.08608	1.08664	1.08519	1.08636	17946
2023-01-24 11:00:00	1.08635	1.08757	1.08535	1.08665	13270
2023-01-24 12:00:00	1.08665	1.08763	1.08588	1.08594	15225
2023-01-24 13:00:00	1.08595	1.08807	1.0854	1.08657	28118
2023-01-24 14:00:00	1.08656	1.08698	1.08403	1.0842	40324
2023-01-24 15:00:00	1.08421	1.08803	1.08349	1.0875	54077
2023-01-24 16:00:00	1.08751	1.08831	1.08669	1.08714	26865
2023-01-24 17:00:00	1.08715	1.08869	1.08699	1.08831	19165
2023-01-24 18:00:00	1.08832	1.08887	1.08765	1.08789	13711
2023-01-24 19:00:00	1.08789	1.08843	1.08738	1.08835	8655
2023-01-24 20:00:00	1.08836	1.08845	1.08789	1.08814	8408
2023-01-24 21:00:00	1.08813	1.08886	1.08805	1.08848	5383
2023-01-24 22:00:00	1.08848	1.0888	1.08814	1.08854	4231
2023-01-24 23:00:00	1.0885	1.08903	1.08826	1.08897	8678
2023-01-25 00:00:00	1.08899	1.08903	1.08807	1.0887	12814
2023-01-25 01:00:00	1.0887	1.0894	1.08837	1.0893	12373
2023-01-25 02:00:00	1.08929	1.09013	1.08928	1.08963	9124
2023-01-25 03:00:00	1.08963	1.08993	1.08923	1.08971	8655
2023-01-25 04:00:00	1.08971	1.09028	1.08968	1.08986	7048
2023-01-25 05:00:00	1.08986	1.08992	1.08918	1.08973	8776
2023-01-25 06:00:00	1.08972	1.09109	1.08956	1.09059	13503
2023-01-25 07:00:00	1.0906	1.0911	1.08784	1.08809	18351
2023-01-25 08:00:00	1.08808	1.08911	1.08677	1.08768	23474
2023-01-25 09:00:00	1.08771	1.08918	1.08698	1.0881	21707
2023-01-25 10:00:00	1.08811	1.08811	1.08629	1.08657	19025
2023-01-25 11:00:00	1.08657	1.08695	1.08571	1.08645	18148
2023-01-25 12:00:00	1.08646	1.08767	1.08585	1.08746	17513
2023-01-25 13:00:00	1.08736	1.08848	1.08643	1.08719	22000
2023-01-25 14:00:00	1.08721	1.09003	1.08685	1.08936	31652
2023-01-25 15:00:00	1.08936	1.09236	1.08907	1.09021	48468
2023-01-25 16:00:00	1.09018	1.09033	1.08741	1.09001	33195
2023-01-25 17:00:00	1.09001	1.09035	1.08938	1.08991	14467
2023-01-25 18:00:00	1.08992	1.0918	1.08992	1.09089	16581
2023-01-25 19:00:00	1.09089	1.09149	1.09066	1.09144	12260
2023-01-25 20:00:00	1.09145	1.09174	1.09063	1.09142	9210
2023-01-25 21:00:00	1.09142	1.09177	1.09113	1.09147	4976
2023-01-25 22:00:00	1.09146	1.09177	1.09113	1.09125	2221
2023-01-25 23:00:00	1.09125	1.09228	1.09125	1.09206	5362
2023-01-26 00:00:00	1.09206	1.09246	1.09155	1.09155	7786
2023-01-26 01:00:00	1.09156	1.09209	1.09069	1.0919	9760
2023-01-26 02:00:00	1.0919	1.09215	1.09107	1.09152	7831
2023-01-26 03:00:00	1.09151	1.09175	1.09112	1.09131	6752
2023-01-26 04:00:00	1.09129	1.09182	1.09128	1.09143	5694
2023-01-26 05:00:00	1.09142	1.09186	1.09089	1.09185	7026
2023-01-26 06:00:00	1.09184	1.09293	1.0917	1.09201	9026
2023-01-26 07:00:00	1.09201	1.09224	1.09064	1.09194	19338
2023-01-26 08:00:00	1.09195	1.09279	1.09055	1.09089	19228
2023-01-26 09:00:00	1.09089	1.09099	1.08924	1.08955	18740
2023-01-26 10:00:00	1.08955	1.09076	1.08936	1.09065	16173
2023-01-26 11:00:00	1.09066	1.09076	1.0899	1.09027	11409
2023-01-26 12:00:00	1.09028	1.09042	1.08866	1.08926	14479
2023-01-26 13:00:00	1.08925	1.09082	1.08729	1.09024	41507
2023-01-26 14:00:00	1.09025	1.09173	1.08814	1.0887	46927
2023-01-26 15:00:00	1.08869	1.08946	1.08508	1.08551	46925
2023-01-26 16:00:00	1.08551	1.08718	1.08505	1.08646	29178
2023-01-26 17:00:00	1.08647	1.08698	1.08578	1.08644	17134
2023-01-26 18:00:00	1.08645	1.0888	1.08634	1.0886	12556
2023-01-26 19:00:00	1.0886	1.08903	1.0882	1.0889	6061
2023-01-26 20:00:00	1.0889	1.08923	1.08862	1.08921	7910
2023-01-26 21:00:00	1.08919	1.08948	1089	1.08916	2932
2023-01-26 22:00:00	1.08918	1.08918	1.08868	1.08895	1604
2023-01-26 23:00:00	1.08895	1.08963	1.08889	1.0893	4204
2023-01-27 00:00:00	1.0893	1.09001	1.0893	1.08964	6162
2023-01-27 01:00:00	1.08963	1.08992	1.08858	1.08892	7023
2023-01-27 02:00:00	1.08893	1.08899	1.08784	1.08794	5244
2023-01-27 03:00:00	1.08794	1088	1.08704	1.08735	5155
2023-01-27 04:00:00	1.08735	1.08735	1.08658	1.08661	4554
2023-01-27 05:00:00	1.08662	1.08737	1.08654	1.08735	5199
2023-01-27 06:00:00	1.08733	1.08736	1.08662	1.08697	9481
2023-01-27 07:00:00	1.08696	1.08793	1.08681	1.08734	10676
2023-01-27 08:00:00	1.08738	1.08916	1.08654	1.08902	17056
2023-01-27 09:00:00	1.08901	1.0892	1.08774	1.08835	16264
2023-01-27 10:00:00	1.08834	1.08953	1.08825	1.08891	10949
2023-01-27 11:00:00	1.0889	1.08937	1.08753	1.08789	11360
2023-01-27 12:00:00	1.08789	1.08807	1.08661	1.08667	13088
2023-01-27 13:00:00	1.08666	1.08777	1.08592	1.0862	30532
2023-01-27 14:00:00	1.0862	1.08765	1.0845	1.08651	39855
2023-01-27 15:00:00	1.08654	1.0879	1.08377	1.08385	42150
2023-01-27 16:00:00	1.08385	1.08672	1.08381	1.08562	27834
2023-01-27 17:00:00	1.08563	1.08717	1.08524	1.08664	16364
2023-01-27 18:00:00	1.08664	1.08675	1.08562	1.08656	10437
2023-01-27 19:00:00	1.08655	1.08721	1.0864	1.08683	4835
2023-01-27 20:00:00	1.08684	1.08728	1.08639	1.08652	2893
2023-01-27 21:00:00	1.08651	1.08697	1.08648	1.08649	3644
2023-01-29 22:00:00	1.08643	1.08665	1.08595	1.0865	1073
2023-01-29 23:00:00	1.0865	1.08724	1.08648	1.08717	2551
2023-01-30 00:00:00	1.08718	1.08753	1.08691	1.08746	3025
2023-01-30 01:00:00	1.08746	1.0875	1.0861	1.08734	4221
2023-01-30 02:00:00	1.08732	1.08733	1.08655	1.08689	3094
2023-01-30 03:00:00	1.0869	1.08692	1.08643	1.08684	3110
2023-01-30 04:00:00	1.08684	1.08792	1.08682	1.08761	6313
2023-01-30 05:00:00	1.0876	1.08766	1.08641	1.08688	3414
2023-01-30 06:00:00	1.08686	1.08692	1.0858	1.08617	3399
2023-01-30 07:00:00	1.08617	1.08696	1.08528	1.08594	4742
2023-01-30 08:00:00	1.08595	1.08894	1.08595	1.08811	11992
2023-01-30 09:00:00	1.08812	1.09038	1.08762	1.09016	8237
2023-01-30 10:00:00	1.09017	1.09137	1.09014	1.09105	10189
2023-01-30 11:00:00	1.09107	1.09112	1.08904	1.08961	6610
2023-01-30 12:00:00	1.08962	1.09094	1.08928	1.09036	6852
2023-01-30 13:00:00	1.09036	1.0911	1.08859	1.08859	10460
2023-01-30 14:00:00	1.0886	1.08995	1.08795	1.08911	14268
2023-01-30 15:00:00	1.0891	1.08992	1.08674	1.08706	26382
2023-01-30 16:00:00	1.08707	1.08747	1.08605	1.08657	23065
2023-01-30 17:00:00	1.08656	1.08667	1.08573	1.08576	12952
2023-01-30 18:00:00	1.08575	1.08605	1.08501	1.08543	14158
2023-01-30 19:00:00	1.08545	1.08554	1.08389	1.08461	12735
2023-01-30 20:00:00	1.08459	1.08544	1.08439	1.08457	10202
2023-01-30 21:00:00	1.08457	1.08523	1.08456	1.08488	2816
2023-01-30 22:00:00	1.08488	1.0852	1.08478	1.08506	2477
2023-01-30 23:00:00	1.08506	1.08508	1.08466	1.08499	3324
2023-01-31 00:00:00	1085	1.08571	1.08487	1.08537	9068
2023-01-31 01:00:00	1.08538	1.08599	1.08509	1.08574	9685
2023-01-31 02:00:00	1.08574	1.08589	1.08498	1.08517	8693
2023-01-31 03:00:00	1.08518	1.08525	1.0844	1.08444	7290
2023-01-31 04:00:00	1.08445	1.08462	1.08393	1.0846	6793
2023-01-31 05:00:00	1.0846	1.08466	1.08328	1.08344	7071
2023-01-31 06:00:00	1.08346	1.08421	1.08315	1.08391	8781
2023-01-31 07:00:00	1.08392	1.08496	1.0834	1.08438	15233
2023-01-31 08:00:00	1.08439	1.08446	1.08024	1.08032	25786
2023-01-31 09:00:00	1.08034	1.08341	1.08019	1.08296	13602
2023-01-31 10:00:00	1.08295	1.08313	1.08201	1.08226	14404
2023-01-31 11:00:00	1.08226	1.0838	1.08213	1.08357	7456
2023-01-31 12:00:00	1.0836	1.08386	1.08254	1.08259	11517
2023-01-31 13:00:00	1.0826	1.08631	1.0826	1.08508	29918
2023-01-31 14:00:00	1.08508	1.08642	1.0843	1.08476	33283
2023-01-31 15:00:00	1.08475	1.08624	1.08334	1086	41506
2023-01-31 16:00:00	1.08598	1.08675	1.08532	1.08568	13241
2023-01-31 17:00:00	1.08568	1.08661	1.08504	1.08651	10949
2023-01-31 18:00:00	1.0865	1.08747	1.08644	1.08722	6922
2023-01-31 19:00:00	1.08722	1.0874	1.08627	1.08637	8807
2023-01-31 20:00:00	1.08639	1.08729	1.08597	1.08718	9215
2023-01-31 21:00:00	1.08718	1.08724	1.08602	1.08621	4101
2023-01-31 22:00:00	1.0861	1.08646	1.08598	1.08613	1502
2023-01-31 23:00:00	1.0861	1.08654	1.08597	1.08606	4463
2023-02-01 00:00:00	1.08605	1.08638	1.08583	1.08622	8278
2023-02-01 01:00:00	1.08622	1.08634	1.08569	1.08571	8374
2023-02-01 02:00:00	1.0857	1.08571	1.0852	1.08537	6283
2023-02-01 03:00:00	1.08538	1.08626	1.08524	1.08626	3978
2023-02-01 04:00:00	1.08625	1.08687	1.08624	1.08656	4326
2023-02-01 05:00:00	1.08655	1.08748	1.08653	1.08715	4302
2023-02-01 06:00:00	1.08713	1.08767	1.08655	1.08694	7593
2023-02-01 07:00:00	1.08694	1.08835	1.08665	1.08798	16143
2023-02-01 08:00:00	1.08801	1.08884	1.08695	1.08872	20563
2023-02-01 09:00:00	1.08872	1.08884	1.08783	1.08832	15226
2023-02-01 10:00:00	1.08832	1.08936	1.08792	1.08921	15180
2023-02-01 11:00:00	1.0892	1.08967	1.08884	1.08924	10238
2023-02-01 12:00:00	1.08924	1.08977	1.0888	1.08913	10318
2023-02-01 13:00:00	1.08915	1.09098	1.08881	1.09039	27289
2023-02-01 14:00:00	1.09039	1.09108	1.09011	1.0904	21170
2023-02-01 15:00:00	1.0904	1.09247	1.08885	1.09196	45148
2023-02-01 16:00:00	1.09195	1.0924	1.0914	1.09163	22914
2023-02-01 17:00:00	1.09164	1.09188	1.09045	1.09076	13445
2023-02-01 18:00:00	1.09078	1.09208	1.0906	1.09162	14368
2023-02-01 19:00:00	1.0916	1.09857	1.08885	1.09777	103441
2023-02-01 20:00:00	1.09778	1.10009	1.09693	1.09879	59244
2023-02-01 21:00:00	1.09879	1.09905	1.09831	1.09886	6066
2023-02-01 22:00:00	1.09883	1.09896	1.09857	1.09874	2439
2023-02-01 23:00:00	1.09881	1.10327	1.09874	1.10124	14435
2023-02-02 00:00:00	1.10123	1.10266	1.10102	1.10185	14597
2023-02-02 01:00:00	1.10186	1.1021	1.1006	1.10131	18894
2023-02-02 02:00:00	1.10129	1.10211	1.10117	1.10185	14978
2023-02-02 03:00:00	1.10185	1.10205	1.10145	1.10174	10315
2023-02-02 04:00:00	1.10174	1.10253	1.10157	1.10195	7984
2023-02-02 05:00:00	1.10197	1.10246	1.10188	1.10199	13418
2023-02-02 06:00:00	1.10199	1.10216	1.10044	1.10049	12774
2023-02-02 07:00:00	1.10048	1.10147	1.09913	1.09933	17377
2023-02-02 08:00:00	1.09933	1.10103	1.09916	1.10049	24248
2023-02-02 09:00:00	1.1005	1.10061	1.09887	1.09985	20659
2023-02-02 10:00:00	1.09984	1.10001	1.09803	1.09827	18762
2023-02-02 11:00:00	1.09828	1.10019	1.09819	1.0999	16267
2023-02-02 12:00:00	1.0999	1.10043	1.09824	1.09839	46804
2023-02-02 13:00:00	1.0984	1.10038	1.09438	1.09454	56898
2023-02-02 14:00:00	1.09454	1.09662	1.09047	1.09052	39351
2023-02-02 15:00:00	1.09052	1.09395	1.08851	1.09366	32322
2023-02-02 16:00:00	1.09366	1.09488	1.0907	1.09169	19224
2023-02-02 17:00:00	1.09168	1.09267	1.09054	1.09083	24215
2023-02-02 18:00:00	1.09084	1.09227	1.09077	1.09192	13082
2023-02-02 19:00:00	1.09191	1.09222	1.0905	1.09077	21893
2023-02-02 20:00:00	1.09077	1.09148	1.09054	1.09137	20114
2023-02-02 21:00:00	1.09136	1.09161	1.09081	1.0909	9128
2023-02-02 22:00:00	1.09086	1.09098	1.09067	1.09075	1529
2023-02-02 23:00:00	1.09073	1.09113	1.09043	1.09043	4947
2023-02-03 00:00:00	1.09044	1.0905	1.08921	1.08972	13406
2023-02-03 01:00:00	1.08971	1.08994	1.08909	1.08936	12930
2023-02-03 02:00:00	1.08936	1.08959	1.08878	1.08894	10335
2023-02-03 03:00:00	1.08893	1.08957	1.08892	1.08938	7641
2023-02-03 04:00:00	1.08937	1.08946	1.0887	1.08931	6359
2023-02-03 05:00:00	1.08931	1.08982	1.08897	1.08934	7667
2023-02-03 06:00:00	1.08936	1.08997	1.08914	1.0898	9328
2023-02-03 07:00:00	1.0898	1.09059	1.08818	1.08994	20408
2023-02-03 08:00:00	1.08995	1.09071	1.08845	1.09033	23363
2023-02-03 09:00:00	1.09035	1.09308	1.08934	1.09297	20869
2023-02-03 10:00:00	1.09296	1.09367	1.09249	1.0935	15086
2023-02-03 11:00:00	1.09351	1.09368	1.09245	1.0929	12080
2023-02-03 12:00:00	1.0929	1.09368	1.09258	1.09325	12310
2023-02-03 13:00:00	1.09325	1.09399	1.08263	1.08396	69157
2023-02-03 14:00:00	1.08396	1.0871	1.08325	1.08635	62362
2023-02-03 15:00:00	1.08636	1.0876	1.08092	1.08582	78202
2023-02-03 16:00:00	1.08582	1.08613	1.08232	1.0825	37846
2023-02-03 17:00:00	1.08248	1.08366	1.08221	1.08244	23494
2023-02-03 18:00:00	1.08243	1.08247	1.08056	1.08117	26007
2023-02-03 19:00:00	1.08117	1.08143	1.08017	1.08044	21444
2023-02-03 20:00:00	1.08046	1.08048	1.07929	1.07931	13008
2023-02-03 21:00:00	1.07935	1.08006	1.07924	1.07929	5839
2023-02-05 22:00:00	1.0782	1.07928	1.07817	1.07884	1845
2023-02-05 23:00:00	1.07879	1.07981	1.07852	1.07891	15206
2023-02-06 00:00:00	1.0789	1.07948	1.07813	1.07885	11565
2023-02-06 01:00:00	1.07886	1.0794	1.07841	1.07848	11111
2023-02-06 02:00:00	1.07848	1.0798	1.0782	1.07906	12867
2023-02-06 03:00:00	1.07905	1.07982	1.0789	1079	8460
2023-02-06 04:00:00	1079	1.07987	1.07886	1.07962	9067
2023-02-06 05:00:00	1.07961	1.07979	1079	1.07965	8913
2023-02-06 06:00:00	1.07965	1.07977	1.07862	1.07871	10779
2023-02-06 07:00:00	1.07871	1.07962	1.07799	1.07799	14513
2023-02-06 08:00:00	1.07798	1.0795	1.07747	1.07852	24613
2023-02-06 09:00:00	1.07852	1.07881	1.07649	1.07664	18392
2023-02-06 10:00:00	1.07666	1.07774	1.07599	1.07657	17682
2023-02-06 11:00:00	1.07656	1.07672	1.07565	1.07662	12735
2023-02-06 12:00:00	1.0766	1.0783	1.07656	1.0773	15857
2023-02-06 13:00:00	1.0773	1.07776	1.07572	1.07579	24997
2023-02-06 14:00:00	1.07579	1.0766	1.07389	1.07443	33012
2023-02-06 15:00:00	1.07445	1.07475	1.0722	1.07302	35205
2023-02-06 16:00:00	1.07301	1.07392	1.07173	1.0721	24069
2023-02-06 17:00:00	1.07209	1.07217	1.07092	1.07129	17715
2023-02-06 18:00:00	1.0713	1.07265	1071	1.07262	12995
2023-02-06 19:00:00	1.07261	1.07371	1.07233	1.07247	14320
2023-02-06 20:00:00	1.07244	1.07308	1.07185	1.07296	14162
2023-02-06 21:00:00	1.07295	1.07301	1.07231	1.0725	3596
2023-02-06 22:00:00	1.07251	1.0728	1.07236	1.07253	7237
2023-02-06 23:00:00	1.07253	1.07289	1.07244	1.07289	3840
2023-02-07 00:00:00	1.07288	1.07361	1.07279	1.0736	6859
2023-02-07 01:00:00	1.0736	1.07425	1.07335	1.07409	8827
2023-02-07 02:00:00	1.0741	1.07414	1.07359	1.07408	8610
2023-02-07 03:00:00	1.07408	1.07425	1.07358	1.0738	10440
2023-02-07 04:00:00	1.0738	1.0738	1.07284	1.07326	8475
2023-02-07 05:00:00	1.07327	1.07415	1.07304	1.07402	8061
2023-02-07 06:00:00	1074	1.07436	1.07349	1.0739	12579
2023-02-07 07:00:00	1.07388	1.07396	1.07229	1.07239	19625
2023-02-07 08:00:00	1.07242	1.07258	1.06968	1.07188	35943
2023-02-07 09:00:00	1.07187	1.07347	1.07105	1.07107	25350
2023-02-07 10:00:00	1.07108	1.07225	1.07065	1.07134	17477
2023-02-07 11:00:00	1.07132	1.07178	1.0698	1.07047	17403
2023-02-07 12:00:00	1.07049	1.07122	1.07016	1.07051	18610
2023-02-07 13:00:00	1.07051	1.07063	1.06856	1.06951	25022
2023-02-07 14:00:00	1.06951	1.06992	1.06796	1.0682	26840
2023-02-07 15:00:00	1.06821	1.06964	1.0669	1.06926	32727
2023-02-07 16:00:00	1.06926	1.07119	1.06883	1.07046	23783
2023-02-07 17:00:00	1.07045	1.07664	1.06897	1.07602	47883
2023-02-07 18:00:00	1.07602	1.07623	1.06872	1.07019	77074
2023-02-07 19:00:00	1.07019	1.07283	1.07011	1.07191	41956
2023-02-07 20:00:00	1.07192	1.07291	1.07081	1.07249	16064
2023-02-07 21:00:00	1.07248	1.07297	1.07214	1.07248	3336
2023-02-07 22:00:00	1.07247	1.07293	1.07218	1.07289	1410
2023-02-07 23:00:00	1.0729	1.07307	1.0725	1.07301	3161
2023-02-08 00:00:00	1.07303	1.07339	1.07267	1.0732	8705
2023-02-08 01:00:00	1.0732	1.07349	1.0723	1.07262	9444
2023-02-08 02:00:00	1.07262	1.0733	1.07236	1.07326	8864
2023-02-08 03:00:00	1.07325	1.07347	1.07302	1.07321	7551
2023-02-08 04:00:00	1.0732	1.07345	1.07304	1.07334	4984
2023-02-08 05:00:00	1.07333	1.07349	1.07271	1.07335	4873
2023-02-08 06:00:00	1.07335	1.07394	1.07269	1.07269	9003
2023-02-08 07:00:00	1.07268	1.07596	1.07238	1.07586	16961
2023-02-08 08:00:00	1.07586	1.07588	1.07408	1.0752	25001
2023-02-08 09:00:00	1.07521	1.07607	1075	1.07551	18856
2023-02-08 10:00:00	1.0755	1.07555	1.07428	1.07463	12642
2023-02-08 11:00:00	1.07463	1.07473	1.07327	1.07348	10918
2023-02-08 12:00:00	1.07348	1.0749	1.07335	1.07336	13061
2023-02-08 13:00:00	1.07337	1.07377	1.07255	1.07314	17658
2023-02-08 14:00:00	1.07315	1.07432	1.07176	1.07248	31273
2023-02-08 15:00:00	1.07248	1.07278	1.07137	1.07251	38210
2023-02-08 16:00:00	1.07251	1.07362	1.07186	1.07334	21746
2023-02-08 17:00:00	1.07333	1074	1.07256	1.07282	17397
2023-02-08 18:00:00	1.07284	1.0739	1.07242	1.07338	19059
2023-02-08 19:00:00	1.07339	1.0734	1.07208	1.07229	16645
2023-02-08 20:00:00	1.07229	1.07244	1.07092	1.07136	12692
2023-02-08 21:00:00	1.07136	1.07152	1.07099	1.07099	2854
2023-02-08 22:00:00	1.07099	1.07152	1.07096	1.07113	9048
2023-02-08 23:00:00	1.07113	1.0717	1.07097	1.07151	3721
2023-02-09 00:00:00	1.07152	1.07189	1.07146	1.07158	6673
2023-02-09 01:00:00	1.07158	1.07257	1.07093	1.07247	10869
2023-02-09 02:00:00	1.07246	1.07326	1.07235	1.07305	8574
2023-02-09 03:00:00	1.07305	1.07325	1.07252	1.07293	5726
2023-02-09 04:00:00	1.07294	1.07325	1.07282	1.07319	5919
2023-02-09 05:00:00	1.07319	1.0738	1.07272	1.07354	9408
2023-02-09 06:00:00	1.07355	1.07446	1.07333	1.07395	10679
2023-02-09 07:00:00	1.07395	1.07399	1.07239	1.07329	18302
2023-02-09 08:00:00	1.0733	1.07592	1.07324	1.07527	18205
2023-02-09 09:00:00	1.07528	1.07688	1.07508	1.07634	17071
2023-02-09 10:00:00	1.07635	1.07783	1.07589	1.07772	16318
2023-02-09 11:00:00	1.07773	1.07773	1.07586	1.0763	12200
2023-02-09 12:00:00	1.0763	1.07719	1.0759	1.07691	12328
2023-02-09 13:00:00	1.07691	1079	1.07625	1.07895	27459
2023-02-09 14:00:00	1.07897	1.07907	1.0778	1.07797	27612
2023-02-09 15:00:00	1.07798	1.07893	1.07614	1.07626	29390
2023-02-09 16:00:00	1.07625	1.07631	1.07441	1.07606	23481
2023-02-09 17:00:00	1.07603	1.07613	1.07389	1.07485	18735
2023-02-09 18:00:00	1.07485	1.07485	1.07375	1.0741	22167
2023-02-09 19:00:00	1.0741	1.07455	1.07329	1.07372	19815
2023-02-09 20:00:00	1.07372	1.07392	1.07312	1.07334	13574
2023-02-09 21:00:00	1.07334	1.07397	1.07325	1.07368	2681
2023-02-09 22:00:00	1.07367	1.07407	1.07365	1.07384	4641
2023-02-09 23:00:00	1.07383	1.07412	1.0738	1.0739	2493
2023-02-10 00:00:00	1.07391	1.07395	1.07254	1.07345	9836
2023-02-10 01:00:00	1.07344	1.07386	1.0728	1.07335	11279
2023-02-10 02:00:00	1.07335	1.07341	1.07242	1.0725	10849
2023-02-10 03:00:00	1.07249	1.07261	1.07173	1.07205	11679
2023-02-10 04:00:00	1.07206	1.07241	1.07171	1.07183	8324
2023-02-10 05:00:00	1.07182	1.07266	1.0718	1.07258	9506
2023-02-10 06:00:00	1.07258	1.0729	1.07217	1.07228	9446
2023-02-10 07:00:00	1.07228	1.07445	1.07188	1.07408	31462
2023-02-10 08:00:00	1.0741	1.07525	1.07265	1.0742	34098
2023-02-10 09:00:00	1.07419	1.07447	1.0704	1.07064	33633
2023-02-10 10:00:00	1.07065	1.07112	1.06915	1.07086	23154
2023-02-10 11:00:00	1.07086	1.07108	1.06935	1.06983	16936
2023-02-10 12:00:00	1.06984	1.07005	1.06811	1.06831	17405
2023-02-10 13:00:00	1.0683	1.06993	1.06814	1.06957	29273
2023-02-10 14:00:00	1.06957	1.07067	1.06859	1.06974	32636
2023-02-10 15:00:00	1.06974	1.07065	1.06743	1.06767	47265
2023-02-10 16:00:00	1.06768	1.06868	1.06679	1.06686	19731
2023-02-10 17:00:00	1.06685	1.06739	1.06661	1.0668	18112
2023-02-10 18:00:00	1.0668	1.06766	1.06674	1.06712	9200
2023-02-10 19:00:00	1.06712	1.06751	1.0668	1.0673	8616
2023-02-10 20:00:00	1.06732	1.06807	1.06731	1.06788	5304
2023-02-10 21:00:00	1.06789	1.06799	1.06753	1.06754	4165
2023-02-12 22:00:00	1.06808	1.06821	1.06771	1.06777	1751
2023-02-12 23:00:00	1.06775	1.06795	1.06708	1.06771	7458
2023-02-13 00:00:00	1.06771	1.06787	1.06677	1.06724	8267
2023-02-13 01:00:00	1.06724	1.06748	1.06553	1.06668	16997
2023-02-13 02:00:00	1.06668	1.06707	1.06604	1.06674	12676
2023-02-13 03:00:00	1.06673	1.06682	1.06604	1.06604	8871
2023-02-13 04:00:00	1.06605	1.0669	1.06604	1.06671	6663
2023-02-13 05:00:00	1.06671	1.06706	1.06628	1.06695	9604
2023-02-13 06:00:00	1.06692	1.06791	1.0667	1.06737	12142
2023-02-13 07:00:00	1.06737	1.06897	1.06722	1.06828	15234
2023-02-13 08:00:00	1.06829	1.06854	1.06735	1.06742	18427
2023-02-13 09:00:00	1.06741	1.06839	1.0663	1.06769	17453
2023-02-13 10:00:00	1.0677	1.06849	1.06752	1.06802	13329
2023-02-13 11:00:00	1.06805	1.06841	1.0673	1.06757	12307
2023-02-13 12:00:00	1.06757	1.06965	1.06735	1.06905	17256
2023-02-13 13:00:00	1.06904	1.06954	1.0676	1.06805	17919
2023-02-13 14:00:00	1.06804	1.07068	1.06762	1.07049	27587
2023-02-13 15:00:00	1.07052	1.07272	1.07019	1.07195	31270
2023-02-13 16:00:00	1.07196	1.07233	1.07102	1.07168	16999
2023-02-13 17:00:00	1.07167	1.07216	1.07156	1.07181	13297
2023-02-13 18:00:00	1.07182	1.07297	1.07115	1.07275	11741
2023-02-13 19:00:00	1.07276	1.07279	1.07159	1.07171	11925
2023-02-13 20:00:00	1.07171	1.07235	1.07139	1.07225	7878
2023-02-13 21:00:00	1.07225	1.07249	1.07206	1.0721	2268
2023-02-13 22:00:00	1.0721	1.07251	1.07208	1.07236	1275
2023-02-13 23:00:00	1.07238	1.07322	1.07208	1.07308	4668
2023-02-14 00:00:00	1.07308	1.07367	1.07297	1.07332	7051
2023-02-14 01:00:00	1.07334	1.07342	1.07256	1.07286	9297
2023-02-14 02:00:00	1.07286	1.07336	1.07253	1.07318	12233
2023-02-14 03:00:00	1.07318	1.07357	1.07294	1.07342	6161
2023-02-14 04:00:00	1.07343	1.07398	1.07319	1.07379	5376
2023-02-14 05:00:00	1.07378	1.07395	1.07352	1.07381	8151
2023-02-14 06:00:00	1.07382	1.07428	1.07338	1.07387	10490
2023-02-14 07:00:00	1.07387	1.07463	1.07286	1.07316	17848
2023-02-14 08:00:00	1.07317	1.07499	1.07287	1.07486	20317
2023-02-14 09:00:00	1.07485	1.07668	1.07445	1.07612	20963
2023-02-14 10:00:00	1.0761	1.07662	1.07485	1.07555	16590
2023-02-14 11:00:00	1.07556	1.0765	1.07511	1.0755	12694
2023-02-14 12:00:00	1.07549	1.07677	1.07486	1.07579	18020
2023-02-14 13:00:00	1.07578	1.08044	1.07179	1.07605	67065
2023-02-14 14:00:00	1.07608	1.07692	1.07082	1.07522	83189
2023-02-14 15:00:00	1.07523	1.07718	1.07066	1.07156	68093
2023-02-14 16:00:00	1.07156	1.07338	1.07122	1.07211	57468
2023-02-14 17:00:00	1.07212	1.07304	1.0719	1.07276	29829
2023-02-14 18:00:00	1.07276	1.07454	1.07271	1.07316	27487
2023-02-14 19:00:00	1.07316	1.07409	1.0723	1.07393	22254
2023-02-14 20:00:00	1.07393	1.07421	1.07321	1.07377	14683
2023-02-14 21:00:00	1.07377	1.07389	1.07348	1.07362	3113
2023-02-14 22:00:00	1.07361	1.07369	1.07341	1.07343	1283
2023-02-14 23:00:00	1.07344	1.07394	1.07334	1.0735	5209
2023-02-15 00:00:00	1.07351	1.07399	1.07326	1.07378	9434
2023-02-15 01:00:00	1.07379	1.07443	1.07358	1.07396	10795
2023-02-15 02:00:00	1.07395	1.07397	1.07231	1.07246	12886
2023-02-15 03:00:00	1.07245	1.07275	1.0717	1.07179	9305
2023-02-15 04:00:00	1.07179	1.07206	1.07142	1.07182	8802
2023-02-15 05:00:00	1.0718	1.0721	1.07135	1.07148	7813
2023-02-15 06:00:00	1.07149	1.07197	1.07039	1.07072	10481
2023-02-15 07:00:00	1.07071	1.07186	1.06997	1.07079	21818
2023-02-15 08:00:00	1.0708	1.07284	1.07047	1.07242	26342
2023-02-15 09:00:00	1.07242	1.07297	1.07163	1.07256	16547
2023-02-15 10:00:00	1.07255	1.07327	1.07154	1.07154	15086
2023-02-15 11:00:00	1.07155	1.07241	1.07102	1.07108	11136
2023-02-15 12:00:00	1.07109	1.07179	1.06966	1.06974	15741
2023-02-15 13:00:00	1.06973	1.07058	1.06738	1.06828	48297
2023-02-15 14:00:00	1.06828	1.06889	1.06657	1.0669	49900
2023-02-15 15:00:00	1.06691	1.06845	1.06649	1.06758	48563
2023-02-15 16:00:00	1.06757	1.06875	1.06671	1.0682	27560
2023-02-15 17:00:00	1.0682	1.06822	1.06617	1.06669	19636
2023-02-15 18:00:00	1.06666	1.06779	1.06604	1.06755	18378
2023-02-15 19:00:00	1.06755	1.06863	1.06753	1.06808	11771
2023-02-15 20:00:00	1.0681	1.06901	1.06797	1069	7878
2023-02-15 21:00:00	1.06899	1.06912	1.06865	1.0688	3328
2023-02-15 22:00:00	1.06871	1069	1.06849	1.0688	27021
2023-02-15 23:00:00	1.06881	1.06922	1.06866	1.06912	2672
2023-02-16 00:00:00	1.06913	1.06953	1.06843	1.06891	11514
2023-02-16 01:00:00	1.0689	1.07079	1.06867	1.07046	16900
2023-02-16 02:00:00	1.07045	1.07147	1.07024	1.07126	14120
2023-02-16 03:00:00	1.07125	1.07125	1.07075	1.07093	10071
2023-02-16 04:00:00	1.07093	1.07104	1.07066	1.0707	5773
2023-02-16 05:00:00	1.0707	1.07084	1.07008	1.07052	8054
2023-02-16 06:00:00	1.07052	1.07087	1.0696	1.06994	12982
2023-02-16 07:00:00	1.06997	1.07102	1.06966	1.0709	16026
2023-02-16 08:00:00	1.07087	1.07222	1.07004	1.07066	22371
2023-02-16 09:00:00	1.07065	1.07126	1.06888	1.07004	16984
2023-02-16 10:00:00	1.07003	1.07125	1.06996	1.07061	11271
2023-02-16 11:00:00	1.07062	1.07066	1.06935	1.0705	12765
2023-02-16 12:00:00	1.0705	1.0708	1.06915	1.06936	14161
2023-02-16 13:00:00	1.06937	1.07086	1.06696	1.06792	53900
2023-02-16 14:00:00	1.06791	1.06891	1.06596	1.06627	48737
2023-02-16 15:00:00	1.06625	1.06825	1.06544	1.06729	43949
2023-02-16 16:00:00	1.06731	1.06911	1.06681	1.06829	32338
2023-02-16 17:00:00	1.06829	1.06959	1.06776	1.06926	21919
2023-02-16 18:00:00	1.06926	1.0696	1.06832	1.06918	20002
2023-02-16 19:00:00	1.06917	1.06973	1.06891	1.06902	15824
2023-02-16 20:00:00	1.06901	1.06907	1.06691	1.06736	29172
2023-02-16 21:00:00	1.06735	1.06755	1.06697	1.06722	4359
2023-02-16 22:00:00	1.06728	1.06743	1.06685	1.0669	2168
2023-02-16 23:00:00	1.0669	1.06698	1.06622	1.06653	5662
2023-02-17 00:00:00	1.06653	1.06653	1.06551	1.06599	9141
2023-02-17 01:00:00	1.06601	1.06654	1.0652	1.06533	11198
2023-02-17 02:00:00	1.06533	1.06549	1.06487	1.0651	12441
2023-02-17 03:00:00	1.0651	1.06554	1.06487	1.06525	7049
2023-02-17 04:00:00	1.06523	1.06529	1.06326	1.06381	11135
2023-02-17 05:00:00	1.06381	1.06405	1.06354	1.06382	7482
2023-02-17 06:00:00	1.06382	1.06387	1.06315	1.06345	8321
2023-02-17 07:00:00	1.06344	1.06461	1.06292	1.06437	20933
2023-02-17 08:00:00	1.06438	1.06468	1.06305	1.06436	22845
2023-02-17 09:00:00	1.06436	1.06611	1.06356	1.06367	21063
2023-02-17 10:00:00	1.06367	1.06446	1.06322	1.06414	18427
2023-02-17 11:00:00	1.06415	1.06418	1.06236	1.06256	15260
2023-02-17 12:00:00	1.06257	1.06264	1.06126	1.06198	23481
2023-02-17 13:00:00	1.06199	1.06437	1.06199	1.06409	23884
2023-02-17 14:00:00	1.0641	1.06553	1.06367	1.06403	32315
2023-02-17 15:00:00	1.06402	1.06819	1.06402	1.06619	62637
2023-02-17 16:00:00	1.0662	1.06793	1.06566	1.06769	36041
2023-02-17 17:00:00	1.06768	1.06937	1.06767	1.06782	23115
2023-02-17 18:00:00	1.06786	1.06906	1.06773	1.06853	13717
2023-02-17 19:00:00	1.06854	1.06967	1.06853	1.06961	12376
2023-02-17 20:00:00	1.06962	1.06982	1.06934	1.06944	8442
2023-02-17 21:00:00	1.06945	1.06976	1.06925	1.06929	4813
2023-02-19 22:00:00	1.06849	1.06933	1.06844	1.06905	7375
2023-02-19 23:00:00	1.06907	1.0693	1.06822	1.06838	9362
2023-02-20 00:00:00	1.0684	1.06854	1.06728	1.06788	11949
2023-02-20 01:00:00	1.06788	1.0681	1.06733	1.06758	8166
2023-02-20 02:00:00	1.06757	1.06864	1.06753	1.06836	8975
2023-02-20 03:00:00	1.06835	1.0684	1.06787	1.06816	8105
2023-02-20 04:00:00	1.06816	1.06912	1.06813	1.06864	9284
2023-02-20 05:00:00	1.06865	1.06931	1.06836	1.06907	8777
2023-02-20 06:00:00	1.06906	1.06936	1.06874	1.06904	16052
2023-02-20 07:00:00	1.06904	1.07035	1.06874	1.07015	11492
2023-02-20 08:00:00	1.07015	1.07044	1.06852	1.06925	16300
2023-02-20 09:00:00	1.06926	1.06991	1.0679	1.06793	14750
2023-02-20 10:00:00	1.06792	1.06888	1.0678	1.06881	12740
2023-02-20 11:00:00	1.06881	1.06921	1.06828	1.0685	12456
2023-02-20 12:00:00	1.06852	1.06861	1.06704	1.06712	11861
2023-02-20 13:00:00	1.06713	1.06861	1.06701	1.06803	15868
2023-02-20 14:00:00	1.06803	1.06913	1.06781	1.06886	12131
2023-02-20 15:00:00	1.06885	1.06938	1.06836	1.0686	10373
2023-02-20 16:00:00	1.06861	1.0689	1.06829	1.06882	6801
2023-02-20 17:00:00	1.06882	1.06905	1.06838	1.06854	4794
2023-02-20 18:00:00	1.06854	1.06867	1.06832	1.06832	1838
2023-02-20 19:00:00	1.06833	1.06872	1.06832	1.0687	2189
2023-02-20 20:00:00	1.06871	1.06873	1.06842	1.06844	4068
2023-02-20 21:00:00	1.06843	1.06861	1.06823	1.06841	1932
2023-02-20 22:00:00	1.06839	1.06874	1.06835	1.06848	7559
2023-02-20 23:00:00	1.06847	1.06884	1.0682	1.06821	2964
2023-02-21 00:00:00	1.06821	1.06849	1.06769	1.0677	6344
2023-02-21 01:00:00	1.06769	1.06777	1.06673	1.06735	12239
2023-02-21 02:00:00	1.06735	1.06751	1.06633	1.06634	11483
2023-02-21 03:00:00	1.06633	1.06667	1.0662	1.06665	8706
2023-02-21 04:00:00	1.06667	1.06697	1.06627	1.06683	6037
2023-02-21 05:00:00	1.06682	1.06739	1.06659	1.06735	8876
2023-02-21 06:00:00	1.06735	1.06735	1.0667	1.0671	10581
2023-02-21 07:00:00	1.06711	1.06722	1.06599	1.06696	13640
2023-02-21 08:00:00	1.06696	1.06883	1.06594	1.06603	32884
2023-02-21 09:00:00	1.06603	1.0675	1.06425	1.06626	36291
2023-02-21 10:00:00	1.06624	1.0668	1.06455	1.06486	21880
2023-02-21 11:00:00	1.06487	1.06607	1.06461	1.06571	18806
2023-02-21 12:00:00	1.06571	1.06645	1.06469	1.06597	18268
2023-02-21 13:00:00	1.06598	1.06694	1.06515	1.06527	27703
2023-02-21 14:00:00	1.06527	1.0673	1.06437	1.06484	45569
2023-02-21 15:00:00	1.06482	1.0698	1.06456	1.0685	55209
2023-02-21 16:00:00	1.0685	1.06854	1.06559	1.06562	28723
2023-02-21 17:00:00	1.06561	1.06626	1.06525	1.06604	17132
2023-02-21 18:00:00	1.06606	1.06612	1.06372	1.06426	14585
2023-02-21 19:00:00	1.06426	1.06522	1.06397	1.06484	12785
2023-02-21 20:00:00	1.06484	1.06524	1.0645	1.06454	12471
2023-02-21 21:00:00	1.06455	1.06484	1.0643	1.06449	2057
2023-02-21 22:00:00	1.06438	1.06489	1.0643	1.06482	18421
2023-02-21 23:00:00	1.06487	1.06534	1.06472	1.06512	3397
2023-02-22 00:00:00	1.06513	1.06583	1.06485	1.06576	14006
2023-02-22 01:00:00	1.06576	1.06638	1.06536	1.06573	13239
2023-02-22 02:00:00	1.06573	1.06604	1.06535	1.06559	11362
2023-02-22 03:00:00	1.06557	1.06624	1.06547	1.06596	4986
2023-02-22 04:00:00	1.06594	1.06599	1.06565	1.06585	3481
2023-02-22 05:00:00	1.06584	1.06588	1.0651	1.06573	5887
2023-02-22 06:00:00	1.06573	1.06601	1.06551	1.06561	6142
2023-02-22 07:00:00	1.06563	1.06632	1.06523	1.06534	11458
2023-02-22 08:00:00	1.06532	1.06576	1.06426	1.06452	17733
2023-02-22 09:00:00	1.06454	1.06504	1.06354	1.06375	20292
2023-02-22 10:00:00	1.06373	1.0642	1.06247	1.06249	15252
2023-02-22 11:00:00	1.06249	1.06359	1.06245	1063	14654
2023-02-22 12:00:00	1.06303	1.06476	1.06252	1.06476	19562
2023-02-22 13:00:00	1.06477	1.06503	1.06359	1.0646	19576
2023-02-22 14:00:00	1.06459	1.06602	1.06409	1.06496	25850
2023-02-22 15:00:00	1065	1.06573	1.06249	1.06267	33040
2023-02-22 16:00:00	1.06268	1.06339	1.0617	1.06228	30504
2023-02-22 17:00:00	1.06226	1.06343	1.06177	1.06279	15185
2023-02-22 18:00:00	1.0628	1.06359	1.06219	1.06243	14049
2023-02-22 19:00:00	1.06243	1.0634	1.05994	1.06007	50132
2023-02-22 20:00:00	1.06009	1.06071	1.05989	1.06026	19256
2023-02-22 21:00:00	1.06025	1.06054	1.06011	1.06031	2759
2023-02-22 22:00:00	1.06031	1.06068	1.06012	1.06049	1275
2023-02-22 23:00:00	1.06052	1.06096	1.0603	1.06053	5094
2023-02-23 00:00:00	1.06053	1.0612	1.06052	1.06117	4997
2023-02-23 01:00:00	1.06116	1.06216	1.06107	1.06195	9482
2023-02-23 02:00:00	1.06193	1.06245	1.06144	1.06228	8413
2023-02-23 03:00:00	1.06228	1.06247	1.0621	1.06223	7604
2023-02-23 04:00:00	1.06222	1.06243	1.06189	1.06243	4560
2023-02-23 05:00:00	1.06242	1.06243	1.06152	1.06221	7436
2023-02-23 06:00:00	1.06222	1.06275	1.06196	1.06224	10248
2023-02-23 07:00:00	1.06224	1.06239	1.06102	1.06164	18627
2023-02-23 08:00:00	1.06163	1.06176	1.06029	1.06057	21739
2023-02-23 09:00:00	1.06059	1.06062	1.05872	1.05908	22090
2023-02-23 10:00:00	1.05907	1.06012	1.0587	1.05977	17706
2023-02-23 11:00:00	1.05977	1.06041	1.05857	1.06038	14344
2023-02-23 12:00:00	1.06037	1.0619	1.06009	1.06137	18969
2023-02-23 13:00:00	1.06136	1.06209	1.05944	1.06074	42912
2023-02-23 14:00:00	1.06075	1.06164	1.05949	1.06068	41833
2023-02-23 15:00:00	1.0607	1.06084	1.05873	1.05967	41345
2023-02-23 16:00:00	1.05969	1.05981	1.0579	1.05822	27352
2023-02-23 17:00:00	1.05822	1.05857	1.05769	1.0585	14832
2023-02-23 18:00:00	1.05852	1.0593	1.05807	1.05881	16304
2023-02-23 19:00:00	1.0588	1.06028	1.05868	1.05954	12679
2023-02-23 20:00:00	1.05955	1.06032	1.05952	1.0603	8328
2023-02-23 21:00:00	1.06032	1.06032	1.05932	1.05949	2858
2023-02-23 22:00:00	1.05934	1.05967	1.05927	1.05953	1153
2023-02-23 23:00:00	1.05955	1.06015	1.0595	1.05972	4226
2023-02-24 00:00:00	1.05973	1.06071	1.05948	1.06071	14269
2023-02-24 01:00:00	1.06069	1.06141	1.05932	1.0601	24788
2023-02-24 02:00:00	1.0601	1.06061	1.05946	1.05969	12609
2023-02-24 03:00:00	1.05969	1.06051	1.05968	1.05998	7866
2023-02-24 04:00:00	1.05998	1.06013	1.05956	1.05998	7679
2023-02-24 05:00:00	1.05997	1.0602	1.05969	1.05973	12377
2023-02-24 06:00:00	1.05973	1.06021	1.05963	1.05984	12774
2023-02-24 07:00:00	1.05984	1.05984	1.05883	1.05893	16274
2023-02-24 08:00:00	1.05893	1.05958	1.05797	1.05887	24862
2023-02-24 09:00:00	1.05886	1.05926	1.05842	1.05854	14987
2023-02-24 10:00:00	1.05855	1.05959	1.05825	1.05865	14251
2023-02-24 11:00:00	1.05863	1.05901	1.05733	1.05794	15573
2023-02-24 12:00:00	1.05794	1.05794	1.05641	1.05661	18497
2023-02-24 13:00:00	1.05661	1.05761	1.05441	1.05536	57755
2023-02-24 14:00:00	1.05535	1.05605	1.05359	1.05475	59591
2023-02-24 15:00:00	1.05475	1.05595	1.05399	1.0542	56823
2023-02-24 16:00:00	1.0542	1.05597	1.05399	1.05434	27249
2023-02-24 17:00:00	1.05435	1.05587	1.05428	1.05469	21476
2023-02-24 18:00:00	1.05469	1.0555	1.05439	1.05452	16616
2023-02-24 19:00:00	1.05454	1.05542	1.05439	1.05506	14015
2023-02-24 20:00:00	1.05505	1.05555	1.05462	1.05469	14363
2023-02-24 21:00:00	1.05468	1.05484	1.05435	1.0545	3530
2023-02-26 22:00:00	1.05451	1.05483	1.05439	1.05456	1229
2023-02-26 23:00:00	1.05457	1.0555	1.05447	1.05533	5176
2023-02-27 00:00:00	1.05533	1.05556	1.0545	1.05544	12121
2023-02-27 01:00:00	1.05545	1.05593	1.0552	1.05591	12288
2023-02-27 02:00:00	1.0559	1.05598	1.05521	1.0553	9950
2023-02-27 03:00:00	1.05531	1.05545	1054	1.0544	9776
2023-02-27 04:00:00	1.05441	1.05492	1.05433	1.05488	6706
2023-02-27 05:00:00	1.05487	1.05505	1.05386	1.05391	9677
2023-02-27 06:00:00	1.05392	1.05478	1.05328	1.05377	13326
2023-02-27 07:00:00	1.05375	1.05528	1.0535	1.05476	17824
2023-02-27 08:00:00	1.05478	1.05611	1.05478	1.05523	22607
2023-02-27 09:00:00	1.05522	1.05586	1.05489	1.05509	17728
2023-02-27 10:00:00	1.05511	1.05677	1.05485	1.05675	13282
2023-02-27 11:00:00	1.05674	1.0569	1.05586	1.05621	10716
2023-02-27 12:00:00	1.0562	1.0566	1.05554	1.05582	13899
2023-02-27 13:00:00	1.05581	1.05831	1.05502	1.05826	27589
2023-02-27 14:00:00	1.05827	1.05938	1.05759	1.05895	29387
2023-02-27 15:00:00	1.05895	1.06198	1.05868	1.06009	36123
2023-02-27 16:00:00	1.06008	1.06041	1.05795	1.0595	18713
2023-02-27 17:00:00	1.05951	1.06019	1.0586	1.06011	13896
2023-02-27 18:00:00	1.06011	1.06075	1.05986	1.06065	10351
2023-02-27 19:00:00	1.06067	1.06127	1.0606	1.06073	8227
2023-02-27 20:00:00	1.06074	1.06095	1.06042	1.0608	7962
2023-02-27 21:00:00	1.06079	1.06102	1.06064	1.06085	1800
2023-02-27 22:00:00	1.06088	1.06088	1.06014	1.06057	4712
2023-02-27 23:00:00	1.06054	1.06104	1.06048	1.06094	2784
2023-02-28 00:00:00	1.06094	1.06148	1.06057	1.06096	5559
2023-02-28 01:00:00	1.06095	1.06101	1.05859	1.05863	9087
2023-02-28 02:00:00	1.05865	1.05985	1.05855	1.0595	6741
2023-02-28 03:00:00	1.0595	1.05962	1.05909	1.05923	4664
2023-02-28 04:00:00	1.05922	1.05925	1.05869	1059	4926
2023-02-28 05:00:00	1.05899	1.05905	1.05818	1.05844	7840
2023-02-28 06:00:00	1.05844	1.05924	1.05817	1.0587	8977
2023-02-28 07:00:00	1.05871	1.05966	1.05818	1.05932	11542
2023-02-28 08:00:00	1.05938	1.06198	1.05938	1.06157	20719
2023-02-28 09:00:00	1.06159	1.0626	1.06036	1.06057	17575
2023-02-28 10:00:00	1.06057	1.0617	1.06056	1.0616	12631
2023-02-28 11:00:00	1.06165	1.06185	1.06069	1.06089	11531
2023-02-28 12:00:00	1.0609	1.06191	1.06058	1.06173	12012
2023-02-28 13:00:00	1.06173	1.06319	1.06135	1.06309	17141
2023-02-28 14:00:00	1.0631	1.06406	1.06138	1.06342	22695
2023-02-28 15:00:00	1.06339	1.06451	1.06014	1.0605	42942
2023-02-28 16:00:00	1.06051	1.06169	1.06	1.06005	26233
2023-02-28 17:00:00	1.06005	1.06096	1.05949	1.06054	19267
2023-02-28 18:00:00	1.06052	1.06065	1.0588	1.05912	15262
2023-02-28 19:00:00	1.0591	1.05955	1.05823	1.05837	12228
2023-02-28 20:00:00	1.05835	1.05838	1.05762	1.05763	7974
2023-02-28 21:00:00	1.05763	1.05785	1.05727	1.05727	3668
2023-02-28 22:00:00	1.05727	1.0579	1.05726	1.05788	7699
2023-02-28 23:00:00	1.05788	1.05802	1.05751	1.05766	7322
2023-03-01 00:00:00	1.05767	1.05769	1.05651	1.05682	12388
2023-03-01 01:00:00	1.05683	1.05851	1.05672	1.05845	17368
2023-03-01 02:00:00	1.05844	1.05863	1.05812	1.05832	10425
2023-03-01 03:00:00	1.05831	1.05955	1.05818	1.0593	9767
2023-03-01 04:00:00	1.0593	1.0594	1.05879	1.0589	8423
2023-03-01 05:00:00	1.05889	1.05952	1.05888	1.05907	10696
2023-03-01 06:00:00	1.05907	1.06146	1.05891	1.06069	16370
2023-03-01 07:00:00	1.0607	1.0645	1.06041	1.06415	27912
2023-03-01 08:00:00	1.06415	1.06486	1.06254	1.06482	35824
2023-03-01 09:00:00	1.06482	1.06572	1.06376	1.06422	21438
2023-03-01 10:00:00	1.06421	1.06693	1.06398	1.06678	27502
2023-03-01 11:00:00	1.0668	1.06739	1.06548	1.06695	19788
2023-03-01 12:00:00	1.06696	1.06871	1.06633	1.06865	20775
2023-03-01 13:00:00	1.06865	1.06913	1.0669	1.06711	30384
2023-03-01 14:00:00	1.0671	1.06795	1.06649	1.06664	37206
2023-03-01 15:00:00	1.0666	1.06784	1.06434	1.06721	55175
2023-03-01 16:00:00	1.0672	1.06783	1.06591	1.06731	30602
2023-03-01 17:00:00	1.0673	1.06779	1.06641	1.0665	25816
2023-03-01 18:00:00	1.06649	1.06649	1.06498	1.06519	12100
2023-03-01 19:00:00	1.06517	1.06589	1.06463	1.0657	13880
2023-03-01 20:00:00	1.06572	1.06657	1.0656	1.06647	12088
2023-03-01 21:00:00	1.06647	1.06712	1.06645	1.06668	3635
2023-03-01 22:00:00	1.06672	1.06693	1.06669	1.06681	1136
2023-03-01 23:00:00	1.0668	1.06723	1.06659	1.06684	2711
2023-03-02 00:00:00	1.06684	1.06726	1.06582	1.06601	10558
2023-03-02 01:00:00	1.06603	1.06618	1.06463	1.06513	19029
2023-03-02 02:00:00	1.06513	1.06568	1.06485	1.06556	13748
2023-03-02 03:00:00	1.06557	1.06558	1.06444	1.06456	10277
2023-03-02 04:00:00	1.06456	1.06507	1.06453	1.06479	5524
2023-03-02 05:00:00	1.06478	1.06485	1.06371	1.0641	10740
2023-03-02 06:00:00	1.06411	1.06435	1.06352	1.06391	12095
2023-03-02 07:00:00	1.06393	1.06447	1.06321	1.06361	15681
2023-03-02 08:00:00	1.06362	1.06388	1.06259	1.06383	29467
2023-03-02 09:00:00	1.06382	1.06429	1.0619	1.0624	22069
2023-03-02 10:00:00	1.06239	1.06316	1.06129	1.06138	26502
2023-03-02 11:00:00	1.06137	1.06305	1.06134	1.06247	17275
2023-03-02 12:00:00	1.06248	1.06309	1.06045	1.06056	22439
2023-03-02 13:00:00	1.06057	1.06097	1.05819	1.05858	39262
2023-03-02 14:00:00	1.05859	1.06073	1.05854	1.05991	44877
2023-03-02 15:00:00	1.05992	1.06145	1.05936	1.06086	38820
2023-03-02 16:00:00	1.06085	1.06127	1.05921	1.05938	20542
2023-03-02 17:00:00	1.05939	1.05948	1.05764	1.05797	14852
2023-03-02 18:00:00	1.05799	1.0594	1.05764	1.05927	14422
2023-03-02 19:00:00	1.05932	1.05992	1.05887	1.05902	17903
2023-03-02 20:00:00	1.05903	1.06064	1.0586	1.06	16831
2023-03-02 21:00:00	1.06002	1.06003	1.05957	1.05957	3767
2023-03-02 22:00:00	1.05957	1.05987	1.05946	1.05977	504
2023-03-02 23:00:00	1.05975	1.06005	1.05963	1.05983	4183
2023-03-03 00:00:00	1.05982	1.06115	1.05966	1.06105	7613
2023-03-03 01:00:00	1.06105	1.06142	1.06051	1.06082	15783
2023-03-03 02:00:00	1.06083	1.06148	1.06017	1.06023	13348
2023-03-03 03:00:00	1.06024	1.06075	1.0602	1.06061	9257
2023-03-03 04:00:00	1.06062	1.06097	1.06051	1.06085	5327
2023-03-03 05:00:00	1.06085	1.06131	1.0608	1.0609	9330
2023-03-03 06:00:00	1.0609	1.06231	1.06089	1.06211	11721
2023-03-03 07:00:00	1.0621	1.06228	1.06091	1.06097	16154
2023-03-03 08:00:00	1.06098	1.0629	1.06098	1.06208	23882
2023-03-03 09:00:00	1.06208	1.06209	1.06074	1.06097	23160
2023-03-03 10:00:00	1.06097	1.06231	1.06003	1.06165	16157
2023-03-03 11:00:00	1.06165	1.06179	1.06097	1.06144	12504
2023-03-03 12:00:00	1.06144	1.06184	1.06029	1.06123	14334
2023-03-03 13:00:00	1.06125	1.06295	1.06105	1.06223	23685
2023-03-03 14:00:00	1.06223	1.06294	1.06114	1.06135	28571
2023-03-03 15:00:00	1.06134	1.06177	1.05882	1.05975	53725
2023-03-03 16:00:00	1.05976	1.06171	1.05924	1.06159	21137
2023-03-03 17:00:00	1.06158	1.06251	1.06116	1.06246	21519
2023-03-03 18:00:00	1.06245	1.06273	1.06198	1.06242	10835
2023-03-03 19:00:00	1.06242	1.06355	1.0623	1.06345	11877
2023-03-03 20:00:00	1.06344	1.06384	1.06302	1.0635	10729
2023-03-03 21:00:00	1.0635	1.0635	1.06301	1.06337	3184
2023-03-05 22:00:00	1.06228	1.06286	1.06228	1.06266	4772
2023-03-05 23:00:00	1.06266	1.06288	1.06232	1.06254	4099
2023-03-06 00:00:00	1.06255	1.06364	1.06253	1.06266	9293
2023-03-06 01:00:00	1.06269	1.0638	1.0624	1.06362	11500
2023-03-06 02:00:00	1.06359	1.06498	1.06281	1.0645	12305
2023-03-06 03:00:00	1.06454	1.0649	1.06435	1.06456	10815
2023-03-06 04:00:00	1.06457	1.06466	1.06412	1.06426	6869
2023-03-06 05:00:00	1.06428	1.06489	1.06408	1.06483	7590
2023-03-06 06:00:00	1.06483	1.06522	1.0637	1.06433	12449
2023-03-06 07:00:00	1.06435	1.06568	1.06425	1.06482	16976
2023-03-06 08:00:00	1.0648	1.06572	1.06415	1.06415	20763
2023-03-06 09:00:00	1.06417	1.06466	1.06279	1.0629	17599
2023-03-06 10:00:00	1.0629	1.06378	1.06252	1.06282	12517
2023-03-06 11:00:00	1.06282	1.06475	1.06219	1.06393	16807
2023-03-06 12:00:00	1.06393	1.06429	1.06321	1.06415	16036
2023-03-06 13:00:00	1.06416	1.0658	1064	1.06544	22262
2023-03-06 14:00:00	1.06545	1.06735	1.06502	1.06687	30888
2023-03-06 15:00:00	1.06686	1.06894	1.06612	1.06785	36532
2023-03-06 16:00:00	1.06785	1.06941	1.06755	1.06934	20272
2023-03-06 17:00:00	1.06933	1.06942	1.06799	1.0685	13713
2023-03-06 18:00:00	1.06848	1.06857	1.06715	1.06736	8964
2023-03-06 19:00:00	1.06735	1.06771	1.06682	1.06754	11052
2023-03-06 20:00:00	1.06754	1.06782	1.06719	1.06771	11004
2023-03-06 21:00:00	1.0677	1.06837	1.06757	1.06808	2263
2023-03-06 22:00:00	1.06808	1.06823	1.0678	1.06812	1410
2023-03-06 23:00:00	1.06811	1.06868	1.06793	1.06854	3322
2023-03-07 00:00:00	1.06853	1.06864	1.06774	1.06789	6694
2023-03-07 01:00:00	1.06791	1.06887	1.06763	1.06864	10390
2023-03-07 02:00:00	1.06864	1.06925	1.06841	1.06877	12061
2023-03-07 03:00:00	1.06877	1.06918	1.06843	1.06909	11203
2023-03-07 04:00:00	1.06908	1.06931	1.06881	1.06903	7788
2023-03-07 05:00:00	1.06902	1.06905	1.06813	1.06851	8222
2023-03-07 06:00:00	1.0685	1.06866	1.06758	1.06759	14800
2023-03-07 07:00:00	1.0676	1.06943	1.06744	1.06854	21416
2023-03-07 08:00:00	1.06853	1.06862	1.06697	1.06735	23861
2023-03-07 09:00:00	1.06735	1.06735	1.06553	1.06566	22592
2023-03-07 10:00:00	1.06566	1.06664	1.06542	1.06607	14542
2023-03-07 11:00:00	1.06605	1.06689	1.06552	1.06565	14206
2023-03-07 12:00:00	1.06564	1.06713	1.06502	1.06695	14399
2023-03-07 13:00:00	1.06693	1.06719	1.06526	1.06562	23692
2023-03-07 14:00:00	1.0656	1.0661	1.06401	1.06477	30599
2023-03-07 15:00:00	1.06477	1.06477	1.05737	1.05854	80405
2023-03-07 16:00:00	1.05853	1.05959	1.05699	1.05725	47356
2023-03-07 17:00:00	1.05725	1.0588	1.05656	1.0567	37433
2023-03-07 18:00:00	1.05672	1.05736	1.0552	1.05558	27787
2023-03-07 19:00:00	1.05556	1.05598	1.0546	1.05514	17136
2023-03-07 20:00:00	1.05516	1.05571	1.05496	1.05506	11105
2023-03-07 21:00:00	1.05505	1.05523	1.05471	1.05491	2898
2023-03-07 22:00:00	1.05491	1.05534	1.05487	1.05506	534
2023-03-07 23:00:00	1.05506	1.05512	1.05478	1.05481	3409
2023-03-08 00:00:00	1.05482	1.05504	1.05419	1.05502	13595
2023-03-08 01:00:00	1.05501	1.05504	1.05434	1.05446	10798
2023-03-08 02:00:00	1.05446	1.05469	1.05318	1.05322	10473
2023-03-08 03:00:00	1.05326	1.05372	1.05274	1.05292	10847
2023-03-08 04:00:00	1.05292	1.05364	1.05292	1.05349	9297
2023-03-08 05:00:00	1.05348	1.05352	1.05241	1.05308	9819
2023-03-08 06:00:00	1.05309	1.05398	1.05303	1.05396	10635
2023-03-08 07:00:00	1.05394	1.05469	1.05333	1.05434	16188
2023-03-08 08:00:00	1.05434	1.05479	1.05348	1.05365	18418
2023-03-08 09:00:00	1.05365	1.05484	1.05346	1.05355	17835
2023-03-08 10:00:00	1.05354	1.05461	1.05339	1.05392	15045
2023-03-08 11:00:00	1.05393	1.05448	1.0534	1.05377	10692
2023-03-08 12:00:00	1.05376	1.0549	1.05367	1.05465	11136
2023-03-08 13:00:00	1.05466	1.0549	1.05367	1.05409	29090
2023-03-08 14:00:00	1.05409	1.05614	1.05409	1.0556	37747
2023-03-08 15:00:00	1.0556	1.05738	1.05291	1.05524	69716
2023-03-08 16:00:00	1.05525	1.05676	1.05455	1.05475	29375
2023-03-08 17:00:00	1.05474	1.05519	1.05422	1.05449	19413
2023-03-08 18:00:00	1.05449	1.05497	1.05397	1.05422	21325
2023-03-08 19:00:00	1.05423	1.05503	1.05412	1.05456	12974
2023-03-08 20:00:00	1.05457	1.05499	1.0541	1.05473	7734
2023-03-08 21:00:00	1.05472	1.05475	1.05416	1.0543	3019
2023-03-08 22:00:00	1.05416	1.05449	1.05415	1.05424	2513
2023-03-08 23:00:00	1.05422	1.05497	1.05422	1.05488	3882
2023-03-09 00:00:00	1.05488	1.05532	1.05442	1.05466	9391
2023-03-09 01:00:00	1.05466	1.05487	1.05378	1.05403	10441
2023-03-09 02:00:00	1.05404	1.05484	1.05391	1.05452	6587
2023-03-09 03:00:00	1.05453	1.05508	1.05432	1.05491	5304
2023-03-09 04:00:00	1.05492	1.05532	1.05457	1.05517	4571
2023-03-09 05:00:00	1.05516	1.05553	1.05496	1.05521	7090
2023-03-09 06:00:00	1.05523	1.05546	1.05481	1.05513	8284
2023-03-09 07:00:00	1.05511	1.05596	1.05491	1.05562	11854
2023-03-09 08:00:00	1.05562	1.05631	1.0548	1.05571	17771
2023-03-09 09:00:00	1.05572	1.05695	1.05502	1.05583	14860
2023-03-09 10:00:00	1.05583	1.05685	1.05532	1.05661	15023
2023-03-09 11:00:00	1.05659	1.05812	1.05659	1.05709	14652
2023-03-09 12:00:00	1.0571	1.05718	1.05536	1.0559	12493
2023-03-09 13:00:00	1.05591	1.05776	1.05524	1.05668	29794
2023-03-09 14:00:00	1.05739	1.05862	1.05662	1.05773	34083
2023-03-09 15:00:00	1.0575	1.05854	1.05667	1.05686	29847
2023-03-09 16:00:00	1.05686	1.05836	1.05635	1.05756	21879
2023-03-09 17:00:00	1.05756	1.05793	1.05694	1.05771	18296
2023-03-09 18:00:00	1.05771	1059	1.05728	1.05895	26326
2023-03-09 19:00:00	1.05895	1.0591	1.05754	1.05755	22303
2023-03-09 20:00:00	1.05755	1.05827	1.05723	1.0579	22648
2023-03-09 21:00:00	1.0579	1.05828	1.0575	1.05791	3474
2023-03-09 22:00:00	1.05791	1.05844	1.05791	1.05815	2778
2023-03-09 23:00:00	1.05814	1.05856	1.05782	1.05856	4362
2023-03-10 00:00:00	1.05855	1.05993	1.05853	1.05986	10986
2023-03-10 01:00:00	1.05985	1.05991	1.05891	1.05943	17762
2023-03-10 02:00:00	1.05943	1.05958	1.05791	1.05892	24022
2023-03-10 03:00:00	1.05893	1.05981	1.05853	1.05967	10206
2023-03-10 04:00:00	1.05967	1.05984	1.05931	1.05945	11996
2023-03-10 05:00:00	1.05944	1.0595	1.05856	1.05865	12115
2023-03-10 06:00:00	1.05865	1.05908	1.05809	1.05834	13180
2023-03-10 07:00:00	1.05835	1.06066	1.05835	1.05948	21121
2023-03-10 08:00:00	1.05946	1.05989	1.05738	1.05914	27712
2023-03-10 09:00:00	1.05913	1.05986	1.05798	1.05811	21890
2023-03-10 10:00:00	1.05812	1.06036	1.05778	1.05875	20029
2023-03-10 11:00:00	1.05876	1.06018	1.05865	1.05894	17134
2023-03-10 12:00:00	1.05896	1.05984	1.05806	1.05941	21131
2023-03-10 13:00:00	1.0594	1.0644	1.05817	1.06216	58676
2023-03-10 14:00:00	1.06215	1.06743	1.06119	1.06662	79179
2023-03-10 15:00:00	1.06664	1.07004	1.06664	1.06872	60325
2023-03-10 16:00:00	1.06873	1.06873	1.06551	1.06585	43114
2023-03-10 17:00:00	1.06587	1.06736	1.06555	1.06683	30379
2023-03-10 18:00:00	1.06683	1.06726	1.06396	1.06428	24701
2023-03-10 19:00:00	1.06429	1.06516	1.06359	1.06434	29326
2023-03-10 20:00:00	1.06434	1.06479	1.06364	1.06368	14140
2023-03-10 21:00:00	1.06368	1.06414	1.06365	1.06387	5068
2023-03-12 21:00:00	1.06808	1.06968	1.0674	1.0694	1352
2023-03-12 22:00:00	1.0694	1.0703	1.0676	1.06913	11657
2023-03-12 23:00:00	1.06911	1.07023	1.06777	1.0681	34121
2023-03-13 00:00:00	1.06811	1.06979	1.06757	1.06815	29544
2023-03-13 01:00:00	1.06814	1.06872	1.06637	1.06683	19911
2023-03-13 02:00:00	1.06682	1.07313	1.0668	1073	31484
2023-03-13 03:00:00	1.07298	1.07369	1.07162	1.07168	21990
2023-03-13 04:00:00	1.0717	1.07255	1.07162	1.07176	10730
2023-03-13 05:00:00	1.07176	1.07263	1.07169	1.07199	10429
2023-03-13 06:00:00	1072	1.07294	1.07131	1.07212	16439
2023-03-13 07:00:00	1.07212	1.07372	1.07156	1.07251	28770
2023-03-13 08:00:00	1.07253	1.07288	1.07038	1.07073	37901
2023-03-13 09:00:00	1.07073	1.07073	1.06623	1.06701	65607
2023-03-13 10:00:00	1.06703	1.06807	1.06602	1.06739	43287
2023-03-13 11:00:00	1.06741	1.06765	1.06572	1.06639	47747
2023-03-13 12:00:00	1.0664	1.06978	1065	1.06963	77721
2023-03-13 13:00:00	1.06962	1.0721	1.06851	1.06992	51631
2023-03-13 14:00:00	1.0699	1.07277	1.06964	1.07225	57086
2023-03-13 15:00:00	1.07224	1.07333	1.07114	1.07332	41646
2023-03-13 16:00:00	1.07332	1.07423	1.07226	1.07394	38692
2023-03-13 17:00:00	1.07393	1.07484	1.0733	1.07381	27870
2023-03-13 18:00:00	1.07381	1.07425	1.0729	1.07339	29372
2023-03-13 19:00:00	1.07338	1.07346	1.07208	1.07295	43036
2023-03-13 20:00:00	1.07295	1.07328	1.07257	1.07305	10035
2023-03-13 21:00:00	1.07305	1.07335	1.07269	1.07275	1740
2023-03-13 22:00:00	1.07276	1.07302	1.07248	1.07269	8739
2023-03-13 23:00:00	1.07268	1.07291	1.07223	1.07228	5922
2023-03-14 00:00:00	1.07228	1.07241	1.07115	1.07189	13327
2023-03-14 01:00:00	1.07189	1.07211	1.0705	1.07081	15411
2023-03-14 02:00:00	1.07081	1.07127	1.06987	1.07006	15035
2023-03-14 03:00:00	1.07007	1.0707	1.06993	1.07025	9385
2023-03-14 04:00:00	1.07028	1.07067	1.06979	1.07025	7445
2023-03-14 05:00:00	1.07024	1.07079	1.06968	1.07074	10491
2023-03-14 06:00:00	1.07074	1.07153	1.06931	1.06972	28781
2023-03-14 07:00:00	1.06971	1.07018	1.06787	1.06895	32961
2023-03-14 08:00:00	1.06895	1.07071	1.06829	1.07061	37838
2023-03-14 09:00:00	1.0706	1.07133	1.06911	1.0711	28433
2023-03-14 10:00:00	1.0711	1.07208	1.07003	1.07201	19705
2023-03-14 11:00:00	1.07199	1.07282	1.07123	1.07217	20213
2023-03-14 12:00:00	1.07219	1.07486	1.06988	1.07354	75263
2023-03-14 13:00:00	1.07354	1.07433	1.06979	1.0708	61536
2023-03-14 14:00:00	1.07082	1.07297	1.07051	1.07175	37564
2023-03-14 15:00:00	1.07176	1.07312	1.0714	1.0721	29022
2023-03-14 16:00:00	1.0721	1.07254	1.07104	1.07171	26265
2023-03-14 17:00:00	1.07172	1.07429	1.0717	1.07329	35550
2023-03-14 18:00:00	1.07328	1.07494	1.07318	1.07414	35240
2023-03-14 19:00:00	1.07416	1.07431	1.07337	1.07414	25199
2023-03-14 20:00:00	1.07416	1.07421	1.07317	1.07319	6648
2023-03-14 21:00:00	1.0732	1.07349	1.07306	1.07312	318
2023-03-14 22:00:00	1.0731	1.07355	1.07307	1.07319	4542
2023-03-14 23:00:00	1.07318	1.07339	1.07252	1.07267	3099
2023-03-15 00:00:00	1.07267	1.07368	1.0725	1.07336	8866
2023-03-15 01:00:00	1.07337	1.07394	1.07312	1.0738	7330
2023-03-15 02:00:00	1.07379	1.07597	1.07374	1.07561	15506
2023-03-15 03:00:00	1.07559	1.0757	1.07493	1.07508	10249
2023-03-15 04:00:00	1.07509	1.07537	1.07427	1.07447	7152
2023-03-15 05:00:00	1.07447	1.07462	1.07357	1.0738	14378
2023-03-15 06:00:00	1.0738	1.07411	1.07305	1.0734	15488
2023-03-15 07:00:00	1.07342	1.07444	1.07274	1.07371	23275
2023-03-15 08:00:00	1.07373	1.07435	1.07266	1.07314	22982
2023-03-15 09:00:00	1.07314	1.07327	1.06656	1.06777	43517
2023-03-15 10:00:00	1.06779	1.06842	1.06196	1.06269	49191
2023-03-15 11:00:00	1.06268	1.06293	1.05804	1.05873	49156
2023-03-15 12:00:00	1.05872	1.05946	1.05525	1.05563	61994
2023-03-15 13:00:00	1.05562	1.05583	1.05222	1.05451	59066
2023-03-15 14:00:00	1.05452	1.05645	1.05292	1.05471	52711
2023-03-15 15:00:00	1.05475	1.05504	1.05158	1.05338	35765
2023-03-15 16:00:00	1.05338	1.05503	1.05274	1.0542	34017
2023-03-15 17:00:00	1.0542	1.05626	1.05419	1.05566	43842
2023-03-15 18:00:00	1.05565	1.05898	1.0547	1.05855	55609
2023-03-15 19:00:00	1.05854	1.05923	1.05746	1.05801	47774
2023-03-15 20:00:00	1.05803	1.05832	1.0574	1.0577	10025
2023-03-15 21:00:00	1.0577	1.05779	1.0575	1.05766	254
2023-03-15 22:00:00	1.0578	1.05816	1.05739	1.0578	5761
2023-03-15 23:00:00	1.0578	1.05888	1.05778	1.05814	9926
2023-03-16 00:00:00	1.05814	1.05982	1.05729	1.05895	22868
2023-03-16 01:00:00	1.05895	1.05991	1.05861	1.05936	23684
2023-03-16 02:00:00	1.05937	1.05967	1.05873	1.05923	16441
2023-03-16 03:00:00	1.05922	1.05986	1.05898	1.05985	12532
2023-03-16 04:00:00	1.05986	1.06032	1.05975	1.06027	9434
2023-03-16 05:00:00	1.06025	1.06154	1.05981	1.0607	12364
2023-03-16 06:00:00	1.06071	1.06082	1.05992	1.06054	13124
2023-03-16 07:00:00	1.06053	1.0628	1.05927	1.06247	27948
2023-03-16 08:00:00	1.0625	1.06353	1.0612	1.06122	37333
2023-03-16 09:00:00	1.06122	1.06201	1.06044	1.06173	25571
2023-03-16 10:00:00	1.06174	1.06207	1.05999	1.06159	19145
2023-03-16 11:00:00	1.06161	1.06167	1.06047	1.0613	24319
2023-03-16 12:00:00	1.0613	1.06201	1.05758	1.05878	51527
2023-03-16 13:00:00	1.05879	1.06209	1.0551	1.06064	61260
2023-03-16 14:00:00	1.06069	1.06079	1.05728	1.06003	49740
2023-03-16 15:00:00	1.06003	1.06267	1.05861	1.06212	64632
2023-03-16 16:00:00	1.06214	1.06251	1.06071	1.06185	41188
2023-03-16 17:00:00	1.06186	1.06206	1.05915	1.05921	31937
2023-03-16 18:00:00	1.05921	1.06202	1.05915	1.06122	23163
2023-03-16 19:00:00	1.0612	1.06194	1.0611	1.06148	22507
2023-03-16 20:00:00	1.06147	1.0617	1.06099	1.06099	5070
2023-03-16 21:00:00	1.06099	1.06151	1.06066	1.06125	2652
2023-03-16 22:00:00	1.06122	1.06155	1.06101	1.06122	5071
2023-03-16 23:00:00	1.06121	1.06171	1.06115	1.06135	5816
2023-03-17 00:00:00	1.06136	1.06202	1.06116	1.06182	11507
2023-03-17 01:00:00	1.06181	1.06319	1.06142	1.0626	16585
2023-03-17 02:00:00	1.0626	1.06387	1.06258	1.06337	13405
2023-03-17 03:00:00	1.06336	1.06447	1.06314	1.06402	10963
2023-03-17 04:00:00	1.06402	1.06491	1.06388	1.0649	10783
2023-03-17 05:00:00	1.06491	1.06506	1.06442	1.06484	14110
2023-03-17 06:00:00	1.06485	1.06628	1.06444	1.06627	17995
2023-03-17 07:00:00	1.06626	1.06693	1.06579	1.06625	23043
2023-03-17 08:00:00	1.06625	1.06699	1.06515	1.06521	31150
2023-03-17 09:00:00	1.06524	1.06598	1064	1.06467	20700
2023-03-17 10:00:00	1.06467	1.06468	1.06251	1.06331	22447
2023-03-17 11:00:00	1.0633	1.06401	1.06154	1.06295	17903
2023-03-17 12:00:00	1.06295	1.06334	1.06122	1.0626	12214
2023-03-17 13:00:00	1.06261	1.0634	1.0617	1.06258	17163
2023-03-17 14:00:00	1.06258	1.06442	1.06248	1.06334	19864
2023-03-17 15:00:00	1.06335	1.06479	1.06298	1.06462	16570
2023-03-17 16:00:00	1.06461	1.06756	1.06421	1.06672	15378
2023-03-17 17:00:00	1.06673	1.06748	1.06633	1.06728	12717
2023-03-17 18:00:00	1.06729	1.06852	1.06665	1.06806	11258
2023-03-17 19:00:00	1.06807	1.06827	1.06607	1.06612	7721
2023-03-17 20:00:00	1.06613	1.06666	1.06584	1.06647	5906
2023-03-19 21:00:00	1.06885	1.06886	1.06812	1.06818	334
2023-03-19 22:00:00	1.06821	1.06885	1.06661	1.06699	8849
2023-03-19 23:00:00	1.06701	1.06824	1.06673	1.06804	2923
2023-03-20 00:00:00	1.06806	1.06883	1.06787	1.06808	5169
2023-03-20 01:00:00	1.06808	1.06898	1.06691	1.06749	7289
2023-03-20 02:00:00	1.06749	1.06846	1.06738	1.06793	2972
2023-03-20 03:00:00	1.06792	1.06792	1.06646	1.06692	3789
2023-03-20 04:00:00	1.06691	1.06741	1.06656	1.06697	2676
2023-03-20 05:00:00	1.06695	1.06808	1.06681	1.06792	2673
2023-03-20 06:00:00	1.06793	1.0681	1.06586	1.06606	9113
2023-03-20 07:00:00	1.06606	1.06708	1.06416	1.06554	37086
2023-03-20 08:00:00	1.06554	1.06685	1.06311	1.0661	58599
2023-03-20 09:00:00	1.0661	1.06777	1.06496	1.06743	45483
2023-03-20 10:00:00	1.06743	1.06994	1.06706	1.06959	35230
2023-03-20 11:00:00	1.06959	1.07086	1.06886	1.07068	28258
2023-03-20 12:00:00	1.07071	1.07176	1.07017	1.0705	38818
2023-03-20 13:00:00	1.07052	1.07309	1.07027	1.07237	39353
2023-03-20 14:00:00	1.07237	1.07295	1.07124	1.07267	36838
2023-03-20 15:00:00	1.07267	1.07267	1.07114	1.07211	27227
2023-03-20 16:00:00	1.07211	1.07253	1.07067	1.07251	31333
2023-03-20 17:00:00	1.07251	1.07283	1.07155	1.07161	17003
2023-03-20 18:00:00	1.07161	1.07256	1.0714	1.07242	14561
2023-03-20 19:00:00	1.07244	1.07258	1.0719	1.07231	9088
2023-03-20 20:00:00	1.07231	1.0724	1072	1072	7964
2023-03-20 21:00:00	1072	1.07213	1.07186	1.07195	2924
2023-03-20 22:00:00	1.07198	1.07239	1.07193	1.07224	12193
2023-03-20 23:00:00	1.07224	1.07243	1.07155	1.07185	8151
2023-03-21 00:00:00	1.07185	1.0726	1.07151	1.07175	15546
2023-03-21 01:00:00	1.07175	1.07208	1.07151	1.07168	11059
2023-03-21 02:00:00	1.07167	1.07223	1.0716	1.07219	11486
2023-03-21 03:00:00	1.07218	1.07219	1.0714	1.07157	9527
2023-03-21 04:00:00	1.07158	1.07158	1.07096	1.07121	5953
2023-03-21 05:00:00	1.07121	1.07156	1.07104	1.07155	7115
2023-03-21 06:00:00	1.07156	1.07175	1.07038	1.07073	11285
2023-03-21 07:00:00	1.07074	1.07219	1.07058	1.07189	23175
2023-03-21 08:00:00	1.0719	1.07387	1.07161	1.07298	37553
2023-03-21 09:00:00	1.07297	1.07495	1.07246	1.07462	21024
2023-03-21 10:00:00	1.07461	1.07644	1074	1.07633	21537
2023-03-21 11:00:00	1.07633	1.07846	1.07611	1.07785	25561
2023-03-21 12:00:00	1.07787	1.07825	1.07738	1.0781	30059
2023-03-21 13:00:00	1.07813	1.07886	1.07724	1.07768	31322
2023-03-21 14:00:00	1.07768	1.07799	1.07607	1.07741	39719
2023-03-21 15:00:00	1.07742	1.07827	1.07655	1.07688	28465
2023-03-21 16:00:00	1.07686	1.07783	1.07621	1.07674	19378
2023-03-21 17:00:00	1.07677	1.07722	1.0761	1.07642	18142
2023-03-21 18:00:00	1.07643	1.07667	1.07561	1.07647	11839
2023-03-21 19:00:00	1.07648	1.07744	1.07625	1.07693	7269
2023-03-21 20:00:00	1.07695	1.07719	1.07656	1.0767	3842
2023-03-21 21:00:00	1.0767	1.07693	1.0767	1.07674	348
2023-03-21 22:00:00	1.07674	1.07699	1.07673	1.07697	2415
2023-03-21 23:00:00	1.07698	1.07739	1.07686	1.07727	4380
2023-03-22 00:00:00	1.07725	1.07759	1.07658	1.07678	6802
2023-03-22 01:00:00	1.07679	1.07767	1.07668	1.07725	11023
2023-03-22 02:00:00	1.07724	1.07752	1.07652	1.07691	9871
2023-03-22 03:00:00	1.07691	1.07722	1.07659	1.07698	8163
2023-03-22 04:00:00	1.07698	1.07717	1.07679	1.07686	5164
2023-03-22 05:00:00	1.07688	1.0775	1.0767	1.07724	6553
2023-03-22 06:00:00	1.07724	1.07741	1.07638	1.07666	13378
2023-03-22 07:00:00	1.07666	1.07717	1.0759	1.07657	23987
2023-03-22 08:00:00	1.07658	1.07828	1.0765	1078	25522
2023-03-22 09:00:00	1.07801	1.0793	1.07755	1.07866	23404
2023-03-22 10:00:00	1.07866	1.07948	1.07795	1.0792	22191
2023-03-22 11:00:00	1.07921	1.0798	1.07881	1.07972	14138
2023-03-22 12:00:00	1.07971	1.08002	1.0779	1.07819	20157
2023-03-22 13:00:00	1.07818	1.07894	1.07757	1.07813	22282
2023-03-22 14:00:00	1.07813	1.07983	1.07756	1.07952	20536
2023-03-22 15:00:00	1.07951	1.07957	1.07835	1.07912	20205
2023-03-22 16:00:00	1.07912	1.08004	1.07884	1.07988	13479
2023-03-22 17:00:00	1.07988	1.07997	1.07897	1.0794	11805
2023-03-22 18:00:00	1.07945	1.09124	1.07927	1.08807	85026
2023-03-22 19:00:00	1.08805	1.08925	1.08524	1.08653	71956
2023-03-22 20:00:00	1.08652	1.08655	1.08538	1.08538	12689
2023-03-22 21:00:00	1.08535	1.08588	1.08531	1.08578	1272
2023-03-22 22:00:00	1.08578	1.08644	1.0857	1.08578	5263
2023-03-22 23:00:00	1.08577	1.08717	1.08577	1.08688	4197
2023-03-23 00:00:00	1.08689	1.08835	1.08684	1.08834	12852
2023-03-23 01:00:00	1.08832	1.08882	1.08789	1.08864	12105
2023-03-23 02:00:00	1.08864	1.08988	1.08821	1.08955	17044
2023-03-23 03:00:00	1.08955	1.09056	1.0893	1.09008	13917
2023-03-23 04:00:00	1.09007	1.09042	1.08949	1.09035	12068
2023-03-23 05:00:00	1.09036	1.09113	1.0902	1.09046	16177
2023-03-23 06:00:00	1.09046	1.09296	1.09033	1.0915	21015
2023-03-23 07:00:00	1.09151	1.09268	1.08998	1.0906	36422
2023-03-23 08:00:00	1.09061	1.09104	1.0891	1.08996	37696
2023-03-23 09:00:00	1.08996	1.09036	1.08806	1.08856	31043
2023-03-23 10:00:00	1.08856	1.08858	1.08667	1.0877	24088
2023-03-23 11:00:00	1.08769	1.08803	1.08696	1.08759	20306
2023-03-23 12:00:00	1.08759	1.08936	1.08695	1.08731	38132
2023-03-23 13:00:00	1.08731	1.08929	1.08729	1.08868	28312
2023-03-23 14:00:00	1.0887	1.08952	1.08805	1.08912	27108
2023-03-23 15:00:00	1.08912	1.09079	1.08836	1.08898	29157
2023-03-23 16:00:00	1.08898	1.08986	1.08835	1.08955	27048
2023-03-23 17:00:00	1.08955	1.08955	1.0864	1.08686	21581
2023-03-23 18:00:00	1.08686	1.08766	1.0828	1.08419	24371
2023-03-23 19:00:00	1.08419	1.08531	1.0824	1.08397	50029
2023-03-23 20:00:00	1.08397	1.08407	1.08303	1.08303	9042
2023-03-23 21:00:00	1.08303	1.08339	1.08303	1.08325	1465
2023-03-23 22:00:00	1.08335	1.08385	1.0827	1.08316	5990
2023-03-23 23:00:00	1.08316	1.08356	1.08313	1.08345	7252
2023-03-24 00:00:00	1.08347	1.08349	1.08245	1.08325	13169
2023-03-24 01:00:00	1.08325	1.08351	1.08204	1.08251	21093
2023-03-24 02:00:00	1.0825	1.08281	1.08198	1.08204	15078
2023-03-24 03:00:00	1.08205	1.08286	1.08171	1.08286	10411
2023-03-24 04:00:00	1.08286	1.08342	1.0823	1.08341	9723
2023-03-24 05:00:00	1.08341	1.0837	1.08309	1.08335	12673
2023-03-24 06:00:00	1.08335	1.08353	1.08244	1.08246	13556
2023-03-24 07:00:00	1.08246	1.08351	1.08226	1.0828	19449
2023-03-24 08:00:00	1.08281	1.08309	1.07679	1.07797	60387
2023-03-24 09:00:00	1.07799	1.07907	1.07213	1.07256	49215
2023-03-24 10:00:00	1.07257	1.07424	1.07214	1.07276	52840
2023-03-24 11:00:00	1.07277	1.0748	1.07131	1.0738	37232
2023-03-24 12:00:00	1.0738	1.07521	1.07229	1.07491	35767
2023-03-24 13:00:00	1.07493	1.07656	1.07414	1.07569	48025
2023-03-24 14:00:00	1.07571	1.07673	1.07492	1.07499	43602
2023-03-24 15:00:00	1.07498	1.07638	1.07415	1.07611	34422
2023-03-24 16:00:00	1.07612	1.07669	1.07513	1.07572	21691
2023-03-24 17:00:00	1.0757	1.07675	1.07553	1.07616	14256
2023-03-24 18:00:00	1.07616	1.07627	1.0754	1.07605	10035
2023-03-24 19:00:00	1.07607	1.07663	1.07574	1.07589	10199
2023-03-24 20:00:00	1.07591	1.07628	1.07564	1.07566	4742
2023-03-26 21:00:00	1.07752	1.07756	1.07648	1.07654	226
2023-03-26 22:00:00	1.07654	1.07798	1.07654	1.07774	8724
2023-03-26 23:00:00	1.07775	1.07786	1.07708	1.07776	9050
2023-03-27 00:00:00	1.07775	1.07775	1.07608	1.0761	15678
2023-03-27 01:00:00	1.07609	1.0767	1.07575	1.07614	14891
2023-03-27 02:00:00	1.07615	1.07702	1.07614	1.07697	9702
2023-03-27 03:00:00	1.07696	1.07747	1.07683	1.07715	10174
2023-03-27 04:00:00	1.07715	1.07724	1.0764	1.07677	8248
2023-03-27 05:00:00	1.07677	1.07705	1.07636	1.07651	13582
2023-03-27 06:00:00	1.07652	1.07665	1.0751	1.07632	20300
2023-03-27 07:00:00	1.07632	1.07821	1.07449	1.07515	25897
2023-03-27 08:00:00	1.07511	1.07726	1.07504	1.07665	29050
2023-03-27 09:00:00	1.07664	1.07693	1.07564	1.07659	18998
2023-03-27 10:00:00	1.07658	1.07695	1.07614	1.07677	17299
2023-03-27 11:00:00	1.07681	1.07807	1.07669	1.07716	16445
2023-03-27 12:00:00	1.07716	1.07802	1.07679	1.0773	22429
2023-03-27 13:00:00	1.07731	1.07948	1.07701	1.07842	30679
2023-03-27 14:00:00	1.07843	1.07916	1.07755	1.07815	24306
2023-03-27 15:00:00	1.07813	1.07898	1.07774	1.07878	13771
2023-03-27 16:00:00	1.07876	1.07948	1.07864	1.0791	10738
2023-03-27 17:00:00	1.07913	1.07957	1.0786	1.07938	8012
2023-03-27 18:00:00	1.07938	1.07965	1.0789	1.07957	7667
2023-03-27 19:00:00	1.07957	1.07986	1.07919	1.07972	7167
2023-03-27 20:00:00	1.07972	1.08001	1.07962	1.07975	2088
2023-03-27 21:00:00	1.07977	1.07977	1.07948	1.07967	200
2023-03-27 22:00:00	1.07966	1.08012	1.07963	1.07992	3295
2023-03-27 23:00:00	1.07992	1.08076	1.07987	1.08062	3953
2023-03-28 00:00:00	1.08061	1.08178	1.08033	1.08158	9368
2023-03-28 01:00:00	1.08158	1.08194	1.08102	1.0815	13229
2023-03-28 02:00:00	1.0815	1.08178	1.08106	1.08138	9816
2023-03-28 03:00:00	1.08139	1.08178	1.08122	1.0815	8683
2023-03-28 04:00:00	1.08151	1.08152	1.08099	1.0812	8608
2023-03-28 05:00:00	1.0812	1.08162	1.0806	1.08102	10550
2023-03-28 06:00:00	1.08103	1.08189	1.08078	1.0808	14462
2023-03-28 07:00:00	1.08081	1.08339	1.08081	1.08204	28635
2023-03-28 08:00:00	1.08202	1.0824	1.08115	1.08123	21906
2023-03-28 09:00:00	1.08122	1.08229	1.08103	1.08161	18664
2023-03-28 10:00:00	1.08161	1.08292	1.08146	1.08227	17877
2023-03-28 11:00:00	1.08227	1.08365	1.08204	1.08312	18595
2023-03-28 12:00:00	1.08313	1.08468	1083	1.08393	28882
2023-03-28 13:00:00	1.08392	1.08392	1.08222	1.08242	26131
2023-03-28 14:00:00	1.08236	1.0841	1.08163	1.08321	32843
2023-03-28 15:00:00	1.0832	1.08459	1.08311	1.08427	16248
2023-03-28 16:00:00	1.08428	1.08441	1.08313	1.0842	11851
2023-03-28 17:00:00	1.0842	1.08441	1.08365	1.08376	9148
2023-03-28 18:00:00	1.08375	1.08437	1.08355	1.08432	7389
2023-03-28 19:00:00	1.08431	1.08485	1.08413	1.08476	6437
2023-03-28 20:00:00	1.08475	1.08475	1.08435	1.08438	2269
2023-03-28 21:00:00	1.08438	1.08444	1.08392	1.08399	3429
2023-03-28 22:00:00	1.08415	1.08446	1.08407	1.08414	3301
2023-03-28 23:00:00	1.08413	1.08415	1.08364	1.08388	3930
2023-03-29 00:00:00	1.0839	1.08476	1.0839	1.08471	9891
2023-03-29 01:00:00	1.08471	1.08494	1.08394	1.08449	8871
2023-03-29 02:00:00	1.08448	1.08462	1.08367	1.08378	7354
2023-03-29 03:00:00	1.08378	1.0839	1.08346	1.08364	6398
2023-03-29 04:00:00	1.08364	1.08438	1.08336	1.08374	8447
2023-03-29 05:00:00	1.08377	1.08406	1.08316	1.08318	9711
2023-03-29 06:00:00	1.08318	1.08342	1.08226	1.08226	15972
2023-03-29 07:00:00	1.08228	1.08374	1.08177	1.08368	16114
2023-03-29 08:00:00	1.08368	1.08394	1.08265	1.08327	17592
2023-03-29 09:00:00	1.08325	1.08627	1.0832	1.08597	19082
2023-03-29 10:00:00	1.08597	1.08625	1.08508	1.08574	13372
2023-03-29 11:00:00	1.08575	1.08713	1.08525	1.08551	15371
2023-03-29 12:00:00	1.08551	1.08599	1.08388	1.08535	20024
2023-03-29 13:00:00	1.08536	1.08583	1.08327	1.08465	28393
2023-03-29 14:00:00	1.08466	1.08529	1.08257	1.08312	34682
2023-03-29 15:00:00	1.08311	1.08436	1.08246	1.08249	23956
2023-03-29 16:00:00	1.08252	1.08354	1.08234	1.08275	12937
2023-03-29 17:00:00	1.08277	1.08481	1.08257	1.08464	8890
2023-03-29 18:00:00	1.08464	1.08472	1.08371	1.08445	8886
2023-03-29 19:00:00	1.08443	1.08468	1.08391	1.08393	10657
2023-03-29 20:00:00	1.08391	1.08455	1.08383	1.08436	2610
2023-03-29 21:00:00	1.0843	1.08441	1.08404	1.08407	1335
2023-03-29 22:00:00	1.08407	1.08485	1.08394	1.08443	3308
2023-03-29 23:00:00	1.08444	1.08458	1.08399	1.08425	2892
2023-03-30 00:00:00	1.08424	1.08434	1.08354	1.08375	6591
2023-03-30 01:00:00	1.08375	1.08378	1.08284	1.08318	9448
2023-03-30 02:00:00	1.08315	1.08344	1.08273	1.08304	7072
2023-03-30 03:00:00	1.08304	1.0836	1.08263	1.08329	5673
2023-03-30 04:00:00	1.0833	1.08411	1.0832	1.0839	4062
2023-03-30 05:00:00	1.08391	1.08465	1.08362	1.08414	12367
2023-03-30 06:00:00	1.08414	1.08504	1.08324	1.08463	16092
2023-03-30 07:00:00	1.08462	1.08577	1.08235	1.08547	23505
2023-03-30 08:00:00	1.08547	1.08793	1.08505	1.0873	18674
2023-03-30 09:00:00	1.08734	1.08762	1.0859	1.08605	14663
2023-03-30 10:00:00	1.08605	1.08844	1086	1.08786	17776
2023-03-30 11:00:00	1.08785	1.08812	1.08723	1.08787	14165
2023-03-30 12:00:00	1.08788	1.09109	1.08785	1091	30655
2023-03-30 13:00:00	1.09101	1.09262	1.09071	1.09169	26777
2023-03-30 14:00:00	1.09169	1.09209	1.09079	1.09126	19235
2023-03-30 15:00:00	1.09125	1.09132	1.08944	1.08979	14947
2023-03-30 16:00:00	1.08979	1.09065	1.08964	1.09047	10511
2023-03-30 17:00:00	1.09048	1.09053	1.0892	1.08998	9086
2023-03-30 18:00:00	1.08999	1.09059	1.08961	1.09053	7802
2023-03-30 19:00:00	1.09052	1.09077	1.09023	1.09068	7771
2023-03-30 20:00:00	1.09067	1.09074	1.09021	1.09052	2395
2023-03-30 21:00:00	1.09053	1.09061	1.09041	1.09046	616
2023-03-30 22:00:00	1.09047	1.09051	1.09021	1.09023	1697
2023-03-30 23:00:00	1.09022	1.09059	1.09018	1.09041	4561
2023-03-31 00:00:00	1.0904	1.0917	1.09038	1.09156	10714
2023-03-31 01:00:00	1.09156	1.09257	1.09075	1.0908	15250
2023-03-31 02:00:00	1.0908	1.09125	1.09038	1.09073	7558
2023-03-31 03:00:00	1.09072	1.09082	1.09012	1.09068	7745
2023-03-31 04:00:00	1.09067	1.09094	1.09022	1.09032	5803
2023-03-31 05:00:00	1.09033	1.09041	1.08946	1.08951	10703
2023-03-31 06:00:00	1.08952	1.0905	1.08877	1.09038	13964
2023-03-31 07:00:00	1.09039	1.09107	1088	1.08845	25772
2023-03-31 08:00:00	1.08846	1.08918	1.08729	1.08895	31240
2023-03-31 09:00:00	1.08891	1.08959	1.08754	1.08835	25222
2023-03-31 10:00:00	1.08837	1.08884	1.08675	1.0869	14901
2023-03-31 11:00:00	1.08692	1.08793	1.08641	1.0867	13051
2023-03-31 12:00:00	1.08672	1.08944	1.08672	1.0887	29640
2023-03-31 13:00:00	1.08871	1.0894	1.08773	1.08914	32415
2023-03-31 14:00:00	1.08917	1.09018	1.08574	1.08668	36906
2023-03-31 15:00:00	1.08668	1.08756	1.08587	1.08718	26088
2023-03-31 16:00:00	1.08718	1.08723	1.08586	1.08692	12056
2023-03-31 17:00:00	1.08694	1.08711	1.08482	1.08531	8902
2023-03-31 18:00:00	1.0853	1.08621	1.08518	1.08554	6883
2023-03-31 19:00:00	1.08552	1.08565	1.0843	1.08456	8563
2023-03-31 20:00:00	1.08457	1.0846	1.08368	1.08386	4448
2023-04-02 21:00:00	1.08398	1.0844	1.08398	1.08418	623
2023-04-02 22:00:00	1.08418	1.08418	1.08049	1.08191	11041
2023-04-02 23:00:00	1.08192	1.08229	1.08011	1.08023	7929
2023-04-03 00:00:00	1.08024	1.08146	1.07987	1.08137	14032
2023-04-03 01:00:00	1.08138	1.08167	1.08027	1.08074	13510
2023-04-03 02:00:00	1.08075	1.08079	1.0791	1.07937	7640
2023-04-03 03:00:00	1.07941	1.07978	1.07882	1.07899	5602
2023-04-03 04:00:00	1079	1.07958	1.07896	1.07929	8028
2023-04-03 05:00:00	1.07928	1.07956	1.07891	1.07945	8234
2023-04-03 06:00:00	1.07951	1.08161	1.07912	1.0815	15441
2023-04-03 07:00:00	1.08148	1.08418	1.08124	1.0839	25907
2023-04-03 08:00:00	1.08389	1.08497	1.08299	1.08427	16229
2023-04-03 09:00:00	1.08426	1.08543	1.08425	1.08506	17442
2023-04-03 10:00:00	1.08507	1.0872	1.08495	1.08702	17819
2023-04-03 11:00:00	1.08702	1.08777	1.08607	1.08765	21836
2023-04-03 12:00:00	1.08764	1.08764	1.08615	1.0865	20922
2023-04-03 13:00:00	1.08652	1.08967	1.08644	1.08854	23185
2023-04-03 14:00:00	1.08852	1.09165	1.08841	1.0887	50978
2023-04-03 15:00:00	1.08871	1.08939	1.08784	1.08903	22833
2023-04-03 16:00:00	1.08902	1.08937	1.08839	1.08886	11364
2023-04-03 17:00:00	1.08883	1.08886	1.08799	1.08868	9146
2023-04-03 18:00:00	1.08867	1.09007	1.08859	1.08966	9476
2023-04-03 19:00:00	1.08966	1.09074	1.08946	1.09062	7135
2023-04-03 20:00:00	1.09061	1.09082	1.09	1.09	3775
2023-04-03 21:00:00	1.09	1.09041	1.09	1.09007	251
2023-04-03 22:00:00	1.09008	1.09059	1.09008	1.09036	1968
2023-04-03 23:00:00	1.09036	1.09095	1.09036	1.09066	4092
2023-04-04 00:00:00	1.09067	1.09097	1.08989	1.0901	13258
2023-04-04 01:00:00	1.0901	1.09015	1.08902	1.0893	11990
2023-04-04 02:00:00	1.08929	1.08958	1.08884	1.08907	10661
2023-04-04 03:00:00	1.08908	1.08924	1.08885	1.08885	8076
2023-04-04 04:00:00	1.08886	1.08987	1.08878	1.08943	12049
2023-04-04 05:00:00	1.08944	1.08955	1.08828	1.08857	9913
2023-04-04 06:00:00	1.08853	1.09082	1.08853	1.0907	15769
2023-04-04 07:00:00	1.09072	1.0938	1.0902	1.0925	28063
2023-04-04 08:00:00	1.0925	1.09257	1.09136	1.0917	26138
2023-04-04 09:00:00	1.0917	1.09359	1.09158	1.09313	23714
2023-04-04 10:00:00	1.09313	1.09353	1.09162	1.09207	20500
2023-04-04 11:00:00	1.09207	1.09207	1.08958	1.08974	16288
2023-04-04 12:00:00	1.08974	1.09092	1.08867	1.08911	23370
2023-04-04 13:00:00	1.08912	1.0911	1.08884	1.09037	25919
2023-04-04 14:00:00	1.09038	1.09733	1.09038	1.09695	56074
2023-04-04 15:00:00	1.09693	1.09701	1.09489	1.09506	30135
2023-04-04 16:00:00	1.09506	1.09538	1.09432	1.09461	12300
2023-04-04 17:00:00	1.09461	1.09506	1.09435	1.09482	6404
2023-04-04 18:00:00	1.09481	1.09537	1.0944	1.09532	5783
2023-04-04 19:00:00	1.09532	1.09576	1.09509	1.09571	7289
2023-04-04 20:00:00	1.09572	1.0958	1.09522	1.09545	2282
2023-04-04 21:00:00	1.09545	1.09555	1.09471	1.09544	611
2023-04-04 22:00:00	1.09542	1.09597	1.09535	1.09573	3411
2023-04-04 23:00:00	1.09574	1.09614	1.09564	1.09575	3194
2023-04-05 00:00:00	1.09576	1.09695	1.09569	1.09604	8601
2023-04-05 01:00:00	1.09605	1.09633	1.09564	1.09573	8580
2023-04-05 02:00:00	1.09577	1.09642	1.09567	1.09608	12867
2023-04-05 03:00:00	1.09607	1.09626	1.09553	1.09596	8515
2023-04-05 04:00:00	1.09596	1.09596	1.09536	1.09547	8249
2023-04-05 05:00:00	1.09546	1.09587	1.09512	1.09576	8680
2023-04-05 06:00:00	1.09576	1.09595	1.09466	1.09484	17952
2023-04-05 07:00:00	1.09485	1.09673	1.09475	1.09501	21456
2023-04-05 08:00:00	1.09502	1.09547	1.09408	1.09509	23198
2023-04-05 09:00:00	1.0951	1.09603	1.09439	1.0952	15769
2023-04-05 10:00:00	1.09519	1.09534	1.09412	1.09457	15295
2023-04-05 11:00:00	1.09457	1.09468	1.09348	1.0941	12859
2023-04-05 12:00:00	1.0941	1.09629	1.09376	1.09576	36977
2023-04-05 13:00:00	1.09578	1.09601	1.09387	1.09398	28866
2023-04-05 14:00:00	1.09397	1.09668	1.09027	1.09101	47730
2023-04-05 15:00:00	1.09101	1.09234	1.09055	1.09173	18911
2023-04-05 16:00:00	1.09173	1.09197	1.08962	1.08967	12386
2023-04-05 17:00:00	1.08966	1.09005	1.0891	1.09005	9185
2023-04-05 18:00:00	1.09005	1.09092	1.08992	1.09088	7326
2023-04-05 19:00:00	1.09089	1.09096	1.09018	1.09037	6512
2023-04-05 20:00:00	1.09035	1.09074	1.09011	1.09044	1684
2023-04-05 21:00:00	1.09044	1.09067	1.09039	1.09057	435
2023-04-05 22:00:00	1.09057	1.09103	1.09053	1.09097	1589
2023-04-05 23:00:00	1.09099	1.09099	1.09029	1.09029	4086
2023-04-06 00:00:00	1.09029	1.09043	1.0893	1.08939	8582
2023-04-06 01:00:00	1.0894	1.0894	1.08845	1.08921	11280
2023-04-06 02:00:00	1.0892	1.08933	1.08853	1.08864	7910
2023-04-06 03:00:00	1.08865	1.08924	1.08859	1.08918	5093
2023-04-06 04:00:00	1.08918	1.08959	1.08896	1.08928	4584
2023-04-06 05:00:00	1.08928	1.08958	1.08896	1.08944	9300
2023-04-06 06:00:00	1.08943	1.09064	1.08932	1.09022	12508
2023-04-06 07:00:00	1.09022	1.0917	1.0901	1.09066	25311
2023-04-06 08:00:00	1.09065	1.09101	1.08934	1.08994	23153
2023-04-06 09:00:00	1.08993	1.09101	1.08923	1.09087	15405
2023-04-06 10:00:00	1.09087	1.09087	1.08977	1.08997	12716
2023-04-06 11:00:00	1.08997	1.09167	1.08995	1.09151	11022
2023-04-06 12:00:00	1.0915	1.09194	1.08895	1.08922	25748
2023-04-06 13:00:00	1.08922	1.08996	1.08858	1.08966	28342
2023-04-06 14:00:00	1.08965	1.09238	1.08924	1.09231	25560
2023-04-06 15:00:00	1.09231	1.09283	1.09195	1.09259	18407
2023-04-06 16:00:00	1.09258	1.09375	1.09258	1.09341	8995
2023-04-06 17:00:00	1.09341	1.0936	1.09292	1.09337	5804
2023-04-06 18:00:00	1.09337	1.09349	1.09293	1.0931	5573
2023-04-06 19:00:00	1.0931	1.09312	1.09213	1.09229	4061
2023-04-06 20:00:00	1.09229	1.09233	1.09167	1.09196	2103
2023-04-06 21:00:00	1.09196	1.09208	1.09174	1.09176	302
2023-04-06 22:00:00	1.09174	1.09192	1.09156	1.09163	2087
2023-04-06 23:00:00	1.09162	1.09206	1.09161	1.09194	1803
2023-04-07 00:00:00	1.09195	1.0924	1.09141	1.09157	3658
2023-04-07 01:00:00	1.09159	1.09199	1.09147	1.09176	2344
2023-04-07 02:00:00	1.09177	1.09215	1.0917	1.09204	1638
2023-04-07 03:00:00	1.09205	1.0921	1.09187	1.09197	1002
2023-04-07 04:00:00	1.09196	1.09207	1.09146	1.09146	1879
2023-04-07 05:00:00	1.09147	1.09188	1.09143	1.0917	2410
2023-04-07 06:00:00	1.09168	1.09192	1.09113	1.09179	4008
2023-04-07 07:00:00	1.0918	1.09195	1.09138	1.09154	3198
2023-04-07 08:00:00	1.09154	1.09176	1.0913	1.09153	2215
2023-04-07 09:00:00	1.09153	1.09158	1.09112	1.09136	3959
2023-04-07 10:00:00	1.09135	1.09216	1.09104	1.09216	2130
2023-04-07 11:00:00	1.09215	1.09215	1.09139	1.09173	2160
2023-04-07 12:00:00	1.09173	1.09176	1.08762	1.09035	19943
2023-04-07 13:00:00	1.09034	1.09078	1.08933	1.08987	7469
2023-04-07 14:00:00	1.08987	1.09149	1.08986	1.09148	3215
2023-04-07 15:00:00	1.09146	1.09155	1.09056	1.09114	2771
2023-04-07 16:00:00	1.09113	1.09123	1.09086	1.09097	2706
2023-04-07 17:00:00	1.09097	1.09103	1.09077	1.09079	524
2023-04-07 18:00:00	1.0908	1.09095	1.09031	1.09058	4035
2023-04-07 19:00:00	1.09058	1.09065	1.08993	1.09037	3929
2023-04-07 20:00:00	1.09036	1.0907	1.08974	1.09029	7368
2023-04-09 21:00:00	1.0898	1.09049	1.0898	1.08993	950
2023-04-09 22:00:00	1.09045	1.09114	1.09035	1.09093	4629
2023-04-09 23:00:00	1.09094	1.09134	1.09062	1.09129	4416
2023-04-10 00:00:00	1.09132	1.09145	1.09033	1.09034	8945
2023-04-10 01:00:00	1.09034	1.09066	1.08972	1.09005	12439
2023-04-10 02:00:00	1.09004	1.09029	1.08982	1.08984	4288
2023-04-10 03:00:00	1.08985	1.09015	1.08968	1.08991	3282
2023-04-10 04:00:00	1.08992	1.09005	1.08951	1.08962	4270
2023-04-10 05:00:00	1.08961	1.08996	1.08908	1.08993	4928
2023-04-10 06:00:00	1.08994	1.09054	1.08952	1.09048	5372
2023-04-10 07:00:00	1.0905	1.09169	1.09042	1.09166	7511
2023-04-10 08:00:00	1.09167	1.09171	1.09088	1.09118	5790
2023-04-10 09:00:00	1.09118	1.09164	1.09043	1.09059	7648
2023-04-10 10:00:00	1.0906	1.09109	1.09048	1.09062	4848
2023-04-10 11:00:00	1.09061	1.09082	1.08864	1.08888	13127
2023-04-10 12:00:00	1.08887	1.08914	1.0847	1.08489	25381
2023-04-10 13:00:00	1.08488	1.08571	1.08379	1.0838	25341
2023-04-10 14:00:00	1.08377	1.08439	1.08313	1.08382	16614
2023-04-10 15:00:00	1.08382	1.08477	1.08373	1.08391	11012
2023-04-10 16:00:00	1.08391	1.08523	1.0838	1.08475	7456
2023-04-10 17:00:00	1.08478	1.08571	1.08478	1.08556	7076
2023-04-10 18:00:00	1.08557	1.08594	1.08536	1.0859	7550
2023-04-10 19:00:00	1.08591	1.08629	1.0855	1.08629	8332
2023-04-10 20:00:00	1.08628	1.08628	1.08592	1.08597	1784
2023-04-10 21:00:00	1.08597	1.08631	1.08581	1.08593	10781
2023-04-10 22:00:00	1.08592	1.08657	1.08592	1.08648	2751
2023-04-10 23:00:00	1.08649	1.08699	1.08638	1.08687	2917
2023-04-11 00:00:00	1.08687	1.08788	1.08687	1.08775	8520
2023-04-11 01:00:00	1.08775	1.08789	1.0867	1.08782	14248
2023-04-11 02:00:00	1.08782	1.08853	1.08775	1.08825	11886
2023-04-11 03:00:00	1.08824	1.08877	1.08794	1.08815	10360
2023-04-11 04:00:00	1.08814	1.08857	1.08808	1.08824	8740
2023-04-11 05:00:00	1.08823	1.08943	1.08823	1.08941	11590
2023-04-11 06:00:00	1.08942	1.08973	1.08808	1.08841	16160
2023-04-11 07:00:00	1.08842	1.09044	1.08835	1.08954	25651
2023-04-11 08:00:00	1.08953	1.09102	1.08944	1.09068	17131
2023-04-11 09:00:00	1.09066	1.09197	1.09062	1.09129	20750
2023-04-11 10:00:00	1.09129	1.09266	1.09084	1.09226	15800
2023-04-11 11:00:00	1.09225	1.09242	1.0905	1.0905	17594
2023-04-11 12:00:00	1.0905	1.0918	1.09022	1.09118	19352
2023-04-11 13:00:00	1.09119	1.09241	1.09073	1.09214	24445
2023-04-11 14:00:00	1.09216	1.09279	1.09109	1.09111	22365
2023-04-11 15:00:00	1.09111	1.09161	1.09031	1.09046	15402
2023-04-11 16:00:00	1.09048	1.09068	1.08974	1.08987	11956
2023-04-11 17:00:00	1.08988	1.09107	1.0896	1.09102	6446
2023-04-11 18:00:00	1.09104	1.09117	1.09041	1.09074	5439
2023-04-11 19:00:00	1.09076	1.09168	1.09074	1.0914	6611
2023-04-11 20:00:00	1.0914	1.09155	1.09113	1.0912	1203
2023-04-11 21:00:00	1.0912	1.09131	1.09095	1.09102	452
2023-04-11 22:00:00	1.09112	1.09176	1.09112	1.09167	1469
2023-04-11 23:00:00	1.09168	1.09171	1.09144	1.09163	2459
2023-04-12 00:00:00	1.09163	1.09275	1.09147	1.09252	5376
2023-04-12 01:00:00	1.09252	1.09287	1.09213	1.09262	7701
2023-04-12 02:00:00	1.0926	1.09273	1.0917	1.0919	7516
2023-04-12 03:00:00	1.0919	1.09254	1.09164	1.09241	6851
2023-04-12 04:00:00	1.0924	1.09285	1.09222	1.09255	5583
2023-04-12 05:00:00	1.09256	1.09355	1.09251	1.09354	6306
2023-04-12 06:00:00	1.09354	1.09373	1.09159	1.09266	12468
2023-04-12 07:00:00	1.09265	1.0934	1.09193	1.09266	20124
2023-04-12 08:00:00	1.09265	1.09299	1.0918	1.09237	15260
2023-04-12 09:00:00	1.09236	1.09292	1.09206	1.09279	11066
2023-04-12 10:00:00	1.0928	1.09359	1.09245	1.09245	10466
2023-04-12 11:00:00	1.09246	1.09307	1.09209	1.09224	9976
2023-04-12 12:00:00	1.09225	1.09898	1.09196	1.09638	43522
2023-04-12 13:00:00	1.09639	1.0988	1.0958	1.09742	48392
2023-04-12 14:00:00	1.09745	1.09998	1.09724	1.0976	45643
2023-04-12 15:00:00	1.09759	1.09877	1.09702	1.09865	20140
2023-04-12 16:00:00	1.09864	1.09962	1.09849	1.0996	12663
2023-04-12 17:00:00	1.09959	1.09988	1.09925	1.09937	8757
2023-04-12 18:00:00	1.09933	1.10004	1.09892	1.09947	14844
2023-04-12 19:00:00	1.09946	1.09965	1.09865	1.09883	11167
2023-04-12 20:00:00	1.09884	1.09916	1.09866	1.09915	2025
2023-04-12 21:00:00	1.09914	1.09916	1.09901	1.09916	124
2023-04-12 22:00:00	1.09915	1.0995	1.09893	1.0995	2380
2023-04-12 23:00:00	1.09949	1.09995	1.09932	1.09968	4724
2023-04-13 00:00:00	1.09967	1.10049	1.09878	1.1002	8588
2023-04-13 01:00:00	1.10021	1.10033	1.09944	1.0996	12751
2023-04-13 02:00:00	1.09958	1.09981	1.09923	1.09927	9710
2023-04-13 03:00:00	1.09924	1.0993	1.09836	1.09883	9286
2023-04-13 04:00:00	1.09882	1.09934	1.0988	1.09898	5637
2023-04-13 05:00:00	1.09899	1.09906	1.0983	1.09837	8044
2023-04-13 06:00:00	1.09841	1.09913	1.09767	1.0981	12449
2023-04-13 07:00:00	1.0981	1.10006	1.09809	1.09991	21077
2023-04-13 08:00:00	1.09991	1.1025	1.09991	1.10146	22477
2023-04-13 09:00:00	1.10145	1.10316	1.10105	1.10232	15209
2023-04-13 10:00:00	1.10233	1.10266	1.1013	1.1014	13870
2023-04-13 11:00:00	1.10141	1.10185	1.10084	1.10099	12448
2023-04-13 12:00:00	1101	1.10535	1.10083	1.10488	36246
2023-04-13 13:00:00	1.10489	1.10676	1.10432	1.10645	30092
2023-04-13 14:00:00	1.10646	1.10657	1.10444	1.10469	28946
2023-04-13 15:00:00	1.10469	1.10615	1.10461	1.10529	15324
2023-04-13 16:00:00	1.1053	1.1057	1.10475	1.10555	7365
2023-04-13 17:00:00	1.10557	1.10596	1.10501	1.10526	8042
2023-04-13 18:00:00	1.10526	1.10529	1.1044	1.10485	6179
2023-04-13 19:00:00	1.10484	1.10495	1.10443	1.10464	6179
2023-04-13 20:00:00	1.10466	1.10486	1.10454	1.10461	1384
2023-04-13 21:00:00	1.10461	1.10467	1.10451	1.10455	389
2023-04-13 22:00:00	1.10455	1.1049	1.10455	1.1048	1981
2023-04-13 23:00:00	1.1048	1.10516	1.10479	1.10516	2281
2023-04-14 00:00:00	1.10517	1.10589	1.10488	1.10543	10225
2023-04-14 01:00:00	1.10544	1.10636	1.10529	1.10636	9458
2023-04-14 02:00:00	1.10635	1.10751	1.10631	1.10702	10281
2023-04-14 03:00:00	1.10701	1.10734	1.10662	1.10703	8114
2023-04-14 04:00:00	1.10702	1.10727	1.10675	1.10689	7355
2023-04-14 05:00:00	1.1069	1.10746	1.10619	1.10742	9466
2023-04-14 06:00:00	1.10742	1.10758	1.1063	1.10668	13913
2023-04-14 07:00:00	1.10668	1.10714	1.10593	1.10653	15333
2023-04-14 08:00:00	1.10653	1.1066	1.10539	1.1059	15804
2023-04-14 09:00:00	1.10589	1.10644	1.10553	1.10626	10487
2023-04-14 10:00:00	1.10623	1.10666	1.10562	1.10586	11395
2023-04-14 11:00:00	1.10587	1.10587	1.10477	1.10538	16003
2023-04-14 12:00:00	1.1054	1.10739	1.10185	1.10345	44089
2023-04-14 13:00:00	1.10344	1.10363	1.10186	1.10298	37196
2023-04-14 14:00:00	1.10298	1.10298	1.09962	1.10061	52496
2023-04-14 15:00:00	1.10062	1.10095	1.0975	1.09787	27287
2023-04-14 16:00:00	1.09789	1.09851	1.09722	1.09775	14300
2023-04-14 17:00:00	1.09775	1.09901	1.09752	1.09871	9738
2023-04-14 18:00:00	1.09871	1.09989	1.09871	1.09988	9199
2023-04-14 19:00:00	1.09987	1.09992	1.09921	1.09964	4669
2023-04-14 20:00:00	1.09964	1.09977	1.0992	1.09922	3128
2023-04-16 21:00:00	1.09888	1.09942	1.09885	1.09921	429
2023-04-16 22:00:00	1.09926	1.09937	1.09853	1.09868	5095
2023-04-16 23:00:00	1.09868	1.09904	1.09832	1.09843	5237
2023-04-17 00:00:00	1.09844	1.09914	1.09726	1.09727	7929
2023-04-17 01:00:00	1.0973	1.09758	1.09615	1.09711	11246
2023-04-17 02:00:00	1.09712	1.0982	1.0971	1.09807	7883
2023-04-17 03:00:00	1.09806	1.09809	1.09761	1.09762	6358
2023-04-17 04:00:00	1.09761	1.09847	1.09756	1.09844	5139
2023-04-17 05:00:00	1.09845	1.09945	1.09839	1.09886	9173
2023-04-17 06:00:00	1.09884	1.09934	1.09834	1.09865	12066
2023-04-17 07:00:00	1.09865	1.09997	1.09863	1.09919	16710
2023-04-17 08:00:00	1.09918	1.09933	1.0964	1.09646	19987
2023-04-17 09:00:00	1.09644	1.09847	1.09644	1.09805	15807
2023-04-17 10:00:00	1.09804	1.09849	1.09722	1.09816	11862
2023-04-17 11:00:00	1.09816	1.09843	1.09724	1.09767	14771
2023-04-17 12:00:00	1.09766	1.09842	1.09516	1.09535	27757
2023-04-17 13:00:00	1.09536	1.09569	1.09298	1.0932	31659
2023-04-17 14:00:00	1.0932	1.09358	1.09091	1.09142	36267
2023-04-17 15:00:00	1.09142	1.0924	1.09121	1.09139	20955
2023-04-17 16:00:00	1.0914	1.09179	1.09105	1.09116	11249
2023-04-17 17:00:00	1.09116	1.09253	1.09116	1.09237	7046
2023-04-17 18:00:00	1.09236	1.09272	1.0919	1.09257	6082
2023-04-17 19:00:00	1.09259	1.09311	1.09251	1.09307	5793
2023-04-17 20:00:00	1.09307	1.09307	1.09253	1.09268	2142
2023-04-17 21:00:00	1.09268	1.09268	1.09249	1.09249	435
2023-04-17 22:00:00	1.0925	1.09283	1.09233	1.0924	1817
2023-04-17 23:00:00	1.09239	1.09264	1.09236	1.09244	2524
2023-04-18 00:00:00	1.09245	1.09289	1.09222	1.09252	7152
2023-04-18 01:00:00	1.09255	1.09344	1.09234	1.09328	9121
2023-04-18 02:00:00	1.0933	1.0936	1.09279	1.09339	10721
2023-04-18 03:00:00	1.09339	1.0939	1.09332	1.09357	6170
2023-04-18 04:00:00	1.09356	1.09376	1.09337	1.09368	5133
2023-04-18 05:00:00	1.09368	1.09437	1.09342	1.09421	8278
2023-04-18 06:00:00	1.09422	1.09524	1.0935	1.09489	16411
2023-04-18 07:00:00	1.09488	1.09707	1.09468	1.09702	21869
2023-04-18 08:00:00	1.09702	1.09828	1.09665	1.0981	22543
2023-04-18 09:00:00	1.09807	1.09828	1.09704	1.09748	16876
2023-04-18 10:00:00	1.09747	1.09799	1.0969	1.09771	10411
2023-04-18 11:00:00	1.09783	1.09784	1.09656	1.09663	15329
2023-04-18 12:00:00	1.09662	1.09781	1.09544	1.09559	20179
2023-04-18 13:00:00	1.09558	1.09647	1.09427	1.09577	23060
2023-04-18 14:00:00	1.09578	1.0971	1.09532	1.09622	28032
2023-04-18 15:00:00	1.09621	1.09664	1.09561	1.09571	13530
2023-04-18 16:00:00	1.09573	1.09702	1.09547	1.09702	8312
2023-04-18 17:00:00	1.09702	1.09711	1.0967	1.09683	8877
2023-04-18 18:00:00	1.09681	1.09743	1.09673	1.09711	6612
2023-04-18 19:00:00	1.09713	1.09747	1.09696	1.09708	5438
2023-04-18 20:00:00	1.09707	1.0974	1097	1.09708	2502
2023-04-18 21:00:00	1.09708	1.0972	1.0968	1.0972	5442
2023-04-18 22:00:00	1.09714	1.09753	1.0971	1.09737	11092
2023-04-18 23:00:00	1.09738	1.09764	1.09732	1.09748	4144
2023-04-19 00:00:00	1.09749	1.09828	1.09739	1.09827	7129
2023-04-19 01:00:00	1.09826	1.0984	1.09683	1.09695	11098
2023-04-19 02:00:00	1.09696	1.09739	1.09649	1.09739	9535
2023-04-19 03:00:00	1.09741	1.09753	1.09697	1.09742	5403
2023-04-19 04:00:00	1.09742	1.09745	1.09672	1.09684	4674
2023-04-19 05:00:00	1.09684	1.09703	1096	1.09609	8179
2023-04-19 06:00:00	1.0961	1.09703	1.09463	1.09561	25183
2023-04-19 07:00:00	1.09562	1.09722	1.0956	1.09625	23774
2023-04-19 08:00:00	1.09626	1.09629	1.09485	1.09555	21848
2023-04-19 09:00:00	1.09554	1.09631	1.0926	1.09299	26775
2023-04-19 10:00:00	1093	1.09417	1.09271	1.09337	15214
2023-04-19 11:00:00	1.09337	1.09338	1.09172	1.09311	18969
2023-04-19 12:00:00	1.09311	1.09496	1.09272	1.09496	22623
2023-04-19 13:00:00	1.09496	1.09637	1.09473	1.09601	25021
2023-04-19 14:00:00	1096	1.09793	1.0957	1.09571	25491
2023-04-19 15:00:00	1.09572	1.09623	1.09511	1.0953	18750
2023-04-19 16:00:00	1.0953	1.09667	1.09518	1.09657	9562
2023-04-19 17:00:00	1.09658	1.09667	1.0954	1.09558	8706
2023-04-19 18:00:00	1.09559	1.09605	1.09517	1.09526	8322
2023-04-19 19:00:00	1.09527	1.09558	1.09516	1.09548	6517
2023-04-19 20:00:00	1.09548	1.0957	1.09517	1.0954	1739
2023-04-19 21:00:00	1.0954	1.09579	1.0954	1.09553	1556
2023-04-19 22:00:00	1.09562	1.0957	1.09516	1.09526	3155
2023-04-19 23:00:00	1.09525	1.09529	1.0947	1.09516	3941
2023-04-20 00:00:00	1.09517	1.09592	1.09507	1.09566	8013
2023-04-20 01:00:00	1.09566	1.09614	1.09494	1.09602	14316
2023-04-20 02:00:00	1.09601	1.09607	1.09523	1.09539	9546
2023-04-20 03:00:00	1.09539	1.09616	1.0953	1.09594	6746
2023-04-20 04:00:00	1.09593	1.09596	1.09551	1.0959	5257
2023-04-20 05:00:00	1.09591	1.0964	1.0955	1.09618	6506
2023-04-20 06:00:00	1.09618	1.0973	1.09599	1.0967	14956
2023-04-20 07:00:00	1.09671	1.0969	1.09498	1.09612	27023
2023-04-20 08:00:00	1.09612	1.09783	1.09559	1.09713	23994
2023-04-20 09:00:00	1.09712	1.09731	1.09562	1.09616	19469
2023-04-20 10:00:00	1.09615	1.09781	1.09576	1.0971	12220
2023-04-20 11:00:00	1.0971	1.09748	1.09536	1.09547	17736
2023-04-20 12:00:00	1.09546	1.09849	1.09334	1.09775	41886
2023-04-20 13:00:00	1.09774	1.09817	1.09645	1.09727	32645
2023-04-20 14:00:00	1.09724	1.09895	1.0971	1.09793	29062
2023-04-20 15:00:00	1.09793	1.09805	1.09655	1.09694	20243
2023-04-20 16:00:00	1.09696	1.09719	1.09632	1.09672	13062
2023-04-20 17:00:00	1.09673	1.09706	1.09636	1.09702	6621
2023-04-20 18:00:00	1097	1.09725	1.09587	1.09649	6581
2023-04-20 19:00:00	1.09649	1.09655	1.09562	1.09634	9200
2023-04-20 20:00:00	1.09634	1.09708	1.09632	1.09671	2524
2023-04-20 21:00:00	1.09665	1.09699	1.09655	1.0967	1091
2023-04-20 22:00:00	1.09671	1.09719	1.0967	1.09683	3567
2023-04-20 23:00:00	1.09684	1097	1.09656	1.09676	3935
2023-04-21 00:00:00	1.09676	1.09722	1.09618	1.09701	7099
2023-04-21 01:00:00	1.09702	1.09731	1.09651	1.09651	7212
2023-04-21 02:00:00	1.09651	1.09703	1.09631	1.09652	8643
2023-04-21 03:00:00	1.09652	1.09664	1.0963	1.09639	5584
2023-04-21 04:00:00	1.09639	1.09639	1.09586	1.09602	4203
2023-04-21 05:00:00	1.09603	1.09611	1.09555	1.09605	7565
2023-04-21 06:00:00	1.09604	1.09636	1.0938	1.09417	15530
2023-04-21 07:00:00	1.09417	1.09576	1.09385	1.09561	27576
2023-04-21 08:00:00	1.09561	1.09719	1.09523	1.09596	23671
2023-04-21 09:00:00	1.09594	1.09621	1.09514	1.09546	15531
2023-04-21 10:00:00	1.09545	1.09712	1.0949	1.0965	13186
2023-04-21 11:00:00	1.09652	1.09857	1.09628	1.09813	18625
2023-04-21 12:00:00	1.09815	1.09901	1.09733	1.09881	21986
2023-04-21 13:00:00	1.0988	1.09936	1.09531	1.09556	38921
2023-04-21 14:00:00	1.09555	1.09793	1.09425	1.09719	43346
2023-04-21 15:00:00	1.09721	1.09796	1.09701	1.09719	23158
2023-04-21 16:00:00	1.0972	1.09797	1.0969	1.09791	12750
2023-04-21 17:00:00	1.09787	1.09809	1.0972	1.09808	10600
2023-04-21 18:00:00	1.09807	1.09878	1.0975	1.09765	7300
2023-04-21 19:00:00	1.09766	1.09902	1.09746	1.09902	6285
2023-04-21 20:00:00	1.09901	1.09929	1.09851	1.09874	4792
2023-04-23 21:00:00	1.09913	1.09913	1.09865	1.09868	687
2023-04-23 22:00:00	1.09866	1.0993	1.09864	1.09922	5318
2023-04-23 23:00:00	1.09923	1.09962	1.09911	1.09916	4195
2023-04-24 00:00:00	1.09916	1.0995	1.09843	1.09948	9313
2023-04-24 01:00:00	1.09949	1.09949	1.09869	1.09875	10035
2023-04-24 02:00:00	1.09874	1.09907	1.09802	1.0981	9832
2023-04-24 03:00:00	1.09809	1.09847	1.09798	1.09815	7728
2023-04-24 04:00:00	1.09813	1.09825	1.09794	1.09803	5795
2023-04-24 05:00:00	1.09804	1.09811	1.09724	1.09782	8795
2023-04-24 06:00:00	1.09781	1.09864	1.09731	1.09747	14345
2023-04-24 07:00:00	1.09747	1.09881	1.09658	1.09868	17503
2023-04-24 08:00:00	1.09869	1.10095	1.09839	1.10086	19317
2023-04-24 09:00:00	1.10085	1.10204	1.09992	1.10003	23479
2023-04-24 10:00:00	1.10005	1.10171	1.09988	1.10164	14971
2023-04-24 11:00:00	1.10164	1.10175	1.09991	1.10023	14826
2023-04-24 12:00:00	1.10022	1.1025	1.09992	1.10228	17195
2023-04-24 13:00:00	1.10227	1.10313	1.10128	1.10238	28921
2023-04-24 14:00:00	1.10237	1.10368	1.10205	1.10292	29479
2023-04-24 15:00:00	1.10294	1.10321	1.10205	1.10258	23179
2023-04-24 16:00:00	1.10258	1.1034	1.10247	1.10337	11646
2023-04-24 17:00:00	1.10338	1.10483	1.10334	1.10439	7442
2023-04-24 18:00:00	1.10438	1105	1.10419	1.10465	5549
2023-04-24 19:00:00	1.10465	1.10469	1.10418	1.10431	5625
2023-04-24 20:00:00	1.10433	1.10464	1.10431	1.10455	2055
2023-04-24 21:00:00	1.10447	1.10478	1.10429	1.10455	1303
2023-04-24 22:00:00	1.10456	1.10519	1.10456	1.10511	2621
2023-04-24 23:00:00	1.10511	1.1057	1.10493	1.1057	4912
2023-04-25 00:00:00	1.10573	1.10669	1.10533	1.10591	9487
2023-04-25 01:00:00	1.10591	1.1067	1.10561	1.10567	12681
2023-04-25 02:00:00	1.10566	1.10569	1.10518	1.10539	11467
2023-04-25 03:00:00	1.10539	1.10568	1.10514	1.10527	7641
2023-04-25 04:00:00	1.10528	1.10588	1.10507	1.10511	8318
2023-04-25 05:00:00	1.10511	1.10542	1.1045	1.1049	10884
2023-04-25 06:00:00	1.1049	1.10564	1.10461	1.10516	18897
2023-04-25 07:00:00	1.10514	1.10515	1.10245	1.10326	35711
2023-04-25 08:00:00	1.10326	1.10411	1.10254	1.10398	17424
2023-04-25 09:00:00	1.10395	1.10439	1.10299	1.10303	14849
2023-04-25 10:00:00	1.10304	1.10358	1.10196	1.10205	13395
2023-04-25 11:00:00	1.10205	1.10237	1.10094	1.10167	15806
2023-04-25 12:00:00	1.10166	1.10294	1.1014	1.10172	20714
2023-04-25 13:00:00	1.10172	1.10188	1.09943	1.0999	26789
2023-04-25 14:00:00	1.0999	1.10037	1.0975	1.09766	37914
2023-04-25 15:00:00	1.09767	1.09874	1.09685	1.09685	20700
2023-04-25 16:00:00	1.09685	1.09733	1.09653	1.0968	12658
2023-04-25 17:00:00	1.09681	1.09726	1.09641	1.09685	12481
2023-04-25 18:00:00	1.09686	1.09738	1.09646	1.09723	12215
2023-04-25 19:00:00	1.09723	1.09759	1.09685	1.09698	9025
2023-04-25 20:00:00	1097	1.09753	1.09695	1.09718	3242
2023-04-25 21:00:00	1.09708	1.09746	1.09668	1.09741	1656
2023-04-25 22:00:00	1.09738	1.09799	1.0973	1.09781	5211
2023-04-25 23:00:00	1.09781	1.09804	1.09727	1.09779	5043
2023-04-26 00:00:00	1.09778	1.09799	1.09719	1.09781	10995
2023-04-26 01:00:00	1.09783	1.09785	1.09683	1.09755	12679
2023-04-26 02:00:00	1.09753	1.09787	1.09725	1.0977	8516
2023-04-26 03:00:00	1.09771	1.09785	1.09736	1.09751	5426
2023-04-26 04:00:00	1.0975	1.09816	1.0972	1.09812	6793
2023-04-26 05:00:00	1.09809	1.09906	1.09795	1.09886	9357
2023-04-26 06:00:00	1.09886	1.10115	1.09849	1.10066	15056
2023-04-26 07:00:00	1.10066	1.10258	1.10041	1.10192	28284
2023-04-26 08:00:00	1.10191	1.1043	1.10159	1.10418	25911
2023-04-26 09:00:00	1.10418	1.10544	1.10369	1.1041	24505
2023-04-26 10:00:00	1.10411	1.10626	1.10386	1.1045	18818
2023-04-26 11:00:00	1.10451	1.10583	1.10312	1.10461	29735
2023-04-26 12:00:00	1.1046	1.10576	1.10355	1.10537	32308
2023-04-26 13:00:00	1.10537	1.10952	1.10482	1.10849	43714
2023-04-26 14:00:00	1.1085	1.10858	1.10418	1.10433	38112
2023-04-26 15:00:00	1.10435	1.10567	1.10362	1.10509	24123
2023-04-26 16:00:00	1.10509	1.10528	1.10329	1.10409	18225
2023-04-26 17:00:00	1.10409	1.10419	1.10347	1.10374	9826
2023-04-26 18:00:00	1.10376	1.10397	1.10323	1.1039	8784
2023-04-26 19:00:00	1.10389	1.10409	1.10324	1.10356	9695
2023-04-26 20:00:00	1.10356	1.10419	1.1035	1.10384	2819
2023-04-26 21:00:00	1.1038	1.10422	1.1038	1.10409	1295
2023-04-26 22:00:00	1.10409	1.10443	1.1035	1.10396	4743
2023-04-26 23:00:00	1.10396	1.10463	1.10385	1.1045	4801
2023-04-27 00:00:00	1.1045	1.10474	1.10409	1.10456	9307
2023-04-27 01:00:00	1.10456	1.10491	1.10389	1.10455	10484
2023-04-27 02:00:00	1.10457	1.10536	1.10427	1.10528	9578
2023-04-27 03:00:00	1.1053	1.1054	1.10456	1.10456	6136
2023-04-27 04:00:00	1.10456	1.10547	1.10456	1.10506	7261
2023-04-27 05:00:00	1.10505	1.10634	1.10498	1.10595	10758
2023-04-27 06:00:00	1.10594	1.10615	1.10489	1.10558	13353
2023-04-27 07:00:00	1.10557	1.10585	1.10398	1.10495	23757
2023-04-27 08:00:00	1.10496	1.10593	1.10412	1.10528	18526
2023-04-27 09:00:00	1.10529	1.10557	1.1034	1.10378	14273
2023-04-27 10:00:00	1.10377	1.10474	1.10345	1.10448	13453
2023-04-27 11:00:00	1.10447	1.10497	1.10306	1.10344	17000
2023-04-27 12:00:00	1.10344	1.10575	1.10008	1.1013	44203
2023-04-27 13:00:00	1.10131	1.10246	1.0992	1101	44926
2023-04-27 14:00:00	1.10101	1.10231	1.1005	1.10106	33074
2023-04-27 15:00:00	1.10107	1.10268	1.10061	1.10154	21968
2023-04-27 16:00:00	1.10156	1.10202	1.10071	1.10084	12043
2023-04-27 17:00:00	1.10085	1.10246	1.10055	1.10223	9036
2023-04-27 18:00:00	1.10224	1.10273	1.10187	1.10269	6874
2023-04-27 19:00:00	1.10268	1.10298	1.10226	1.1024	7403
2023-04-27 20:00:00	1.10241	1.10294	1.10233	1.10273	3625
2023-04-27 21:00:00	1.10266	1.10278	1.1022	1.10233	1320
2023-04-27 22:00:00	1.10235	1.10292	1.10235	1.10266	2694
2023-04-27 23:00:00	1.10267	1.10338	1.10265	1.10315	4752
2023-04-28 00:00:00	1.10315	1.10394	1103	1.10345	10521
2023-04-28 01:00:00	1.10345	1.10346	1.1025	1.10267	15125
2023-04-28 02:00:00	1.10267	1.10269	1.10154	1.1017	11841
2023-04-28 03:00:00	1.1017	1.10211	1.10125	1.10194	11812
2023-04-28 04:00:00	1.10193	1.10218	1.10082	1.10136	17391
2023-04-28 05:00:00	1.10136	1.10222	1.10056	1.10122	14911
2023-04-28 06:00:00	1.10122	1.10363	1.10059	1.10253	29945
2023-04-28 07:00:00	1.10253	1.10253	1.09938	1.10085	28654
2023-04-28 08:00:00	1.10085	1.10094	1.09766	1.09909	28020
2023-04-28 09:00:00	1.0991	1.09939	1.09816	1.09879	20213
2023-04-28 10:00:00	1.0988	1.09985	1.09822	1.09838	14848
2023-04-28 11:00:00	1.0984	1.09883	1.09723	1.09737	12920
2023-04-28 12:00:00	1.09736	1.09953	1.09624	1.09844	37814
2023-04-28 13:00:00	1.09844	1.10156	1.09826	1.09996	37784
2023-04-28 14:00:00	1.10005	1.10412	1.09907	1.10369	46433
2023-04-28 15:00:00	1.10367	1.10449	1.10289	1.10394	27164
2023-04-28 16:00:00	1.10394	1.10406	1.10282	1.10308	16939
2023-04-28 17:00:00	1.10307	1.10309	1.10219	1.10237	11827
2023-04-28 18:00:00	1.10235	1.10258	1.10152	1.1017	8729
2023-04-28 19:00:00	1.10172	1.10208	1.10119	1.10193	6405
2023-04-28 20:00:00	1.10194	1.10201	1.10139	1.10144	4365
2023-04-30 21:00:00	1.1024	1.1027	1.10182	1.10191	765
2023-04-30 22:00:00	1.10191	1.1022	1.10106	1.10112	7286
2023-04-30 23:00:00	1.10112	1.10134	1101	1.10105	4294
2023-05-01 00:00:00	1.10106	1.10143	1.10045	1.10055	8124
2023-05-01 01:00:00	1.10055	1.10084	1.1002	1.1004	7004
2023-05-01 02:00:00	1.10037	1.10081	1.10007	1.10081	3724
2023-05-01 03:00:00	1.10081	1.1014	1.10053	1.1014	4339
2023-05-01 04:00:00	1.10143	1.10143	1.10032	1.10062	4605
2023-05-01 05:00:00	1.10063	1.10087	1.10008	1.10059	6680
2023-05-01 06:00:00	1.1006	1.10064	1.09947	1.09977	11014
2023-05-01 07:00:00	1.09978	1.10057	1.09963	1.10033	13517
2023-05-01 08:00:00	1.10033	1.10033	1.09914	1.09921	10171
2023-05-01 09:00:00	1.09921	1.10044	1.09882	1.10031	6406
2023-05-01 10:00:00	1.10029	1.10095	1.09996	1.10088	8750
2023-05-01 11:00:00	1.10091	1.1014	1.10063	1.10133	9888
2023-05-01 12:00:00	1.10134	1.10335	1.10077	1.10327	23995
2023-05-01 13:00:00	1.10328	1.10355	1.1018	1.10187	22108
2023-05-01 14:00:00	1.10186	1.10186	1.09778	1.09815	37227
2023-05-01 15:00:00	1.09814	1.0982	1.09661	1.09692	19938
2023-05-01 16:00:00	1.09692	1.09714	1.09643	1.09675	10922
2023-05-01 17:00:00	1.09674	1.0972	1.09653	1.09719	7924
2023-05-01 18:00:00	1.09718	1.09756	1.09687	1.09694	9809
2023-05-01 19:00:00	1.09694	1.09733	1.09657	1.09727	9060
2023-05-01 20:00:00	1.09727	1.09766	1.09713	1.09741	4639
2023-05-01 21:00:00	1.09741	1.09757	1.09721	1.09753	546
2023-05-01 22:00:00	1.09752	1.0976	1.09733	1.09739	1721
2023-05-01 23:00:00	1.09739	1.09742	1.09672	1.09687	3644
2023-05-02 00:00:00	1.09687	1.09791	1.09685	1.09789	7280
2023-05-02 01:00:00	1.09788	1.09943	1.09785	1.0988	12449
2023-05-02 02:00:00	1.09883	1.09913	1.0986	1.09885	6975
2023-05-02 03:00:00	1.09885	1.09886	1.09833	1.09839	6546
2023-05-02 04:00:00	1.0984	1.0989	1.0979	1.09845	13013
2023-05-02 05:00:00	1.09844	1.09927	1.09832	1.09834	13749
2023-05-02 06:00:00	1.09834	1.09946	1.0983	1.09914	11909
2023-05-02 07:00:00	1.09915	1.10066	1.09823	1.09855	26319
2023-05-02 08:00:00	1.09855	1.09865	1.09598	1.09718	28572
2023-05-02 09:00:00	1.09717	1.09817	1.09492	1.09526	23160
2023-05-02 10:00:00	1.09526	1096	1.0948	1.09569	13910
2023-05-02 11:00:00	1.09569	1.09761	1.09568	1.09676	16531
2023-05-02 12:00:00	1.09676	1.09705	1.09541	1.09552	19704
2023-05-02 13:00:00	1.09552	1.09591	1.09422	1.09434	26428
2023-05-02 14:00:00	1.09432	1.0993	1.09431	1.09792	50039
2023-05-02 15:00:00	1.0979	1.09975	1.09776	1.09965	29385
2023-05-02 16:00:00	1.09964	1.1003	1.0994	1.09998	14583
2023-05-02 17:00:00	1.09998	1.10035	1.09946	1.09972	8013
2023-05-02 18:00:00	1.09974	1.10016	1.09971	1.10011	7535
2023-05-02 19:00:00	1.10012	1.10078	1.10003	1.10057	6869
2023-05-02 20:00:00	1.10057	1.10068	1.09975	1.09989	2207
2023-05-02 21:00:00	1.09989	1.10025	1.09989	1.10003	528
2023-05-02 22:00:00	1.10013	1.10063	1.10003	1.10063	3363
2023-05-02 23:00:00	1.10063	1.10137	1.10048	1.10107	5422
2023-05-03 00:00:00	1.1011	1.10204	1.10048	1.10172	6464
2023-05-03 01:00:00	1.10173	1.1024	1.10128	1.10227	6678
2023-05-03 02:00:00	1.10228	1.10258	1.10197	1.10253	6075
2023-05-03 03:00:00	1.10252	1.10297	1.10251	1.10294	4621
2023-05-03 04:00:00	1.10294	1.10294	1.10212	1.10216	6792
2023-05-03 05:00:00	1.10217	1.10263	1.10182	1102	8777
2023-05-03 06:00:00	1.10199	1.10317	1.10142	1.10306	12161
2023-05-03 07:00:00	1.10303	1.10411	1.10259	1.10343	20139
2023-05-03 08:00:00	1.10344	1.10468	1.10343	1.10395	18808
2023-05-03 09:00:00	1.10395	1.10468	1.10365	1.10403	13859
2023-05-03 10:00:00	1.10403	1.10404	1.10296	1.10328	14772
2023-05-03 11:00:00	1.10329	1.10436	1.10319	1.10395	13606
2023-05-03 12:00:00	1.10396	1.10435	1.1022	1.10384	26206
2023-05-03 13:00:00	1.10384	1.10434	1.10295	1.10316	27316
2023-05-03 14:00:00	1.10316	1.10593	1.10316	1.10527	26599
2023-05-03 15:00:00	1.10526	1.10585	1.10478	1.10478	19664
2023-05-03 16:00:00	1.10478	1.10528	1.10445	1.10468	9649
2023-05-03 17:00:00	1.10467	1.10529	1.10416	1.10491	10037
2023-05-03 18:00:00	1.10492	1.10916	1.10371	1.10599	76872
2023-05-03 19:00:00	1106	1.10636	1.10404	1.10544	49686
2023-05-03 20:00:00	1.10544	1.10627	1.10515	1.10599	4976
2023-05-03 21:00:00	1.10599	1.1066	1.1059	1.10609	1189
2023-05-03 22:00:00	1.10609	1.1078	1.10607	1.10679	14465
2023-05-03 23:00:00	1.10677	1.10727	1.1064	1.10685	7136
2023-05-04 00:00:00	1.10686	1.10872	1.10686	1.10757	13220
2023-05-04 01:00:00	1.10758	1.10841	1.10713	1.10814	15572
2023-05-04 02:00:00	1.10816	1.10875	1.10803	1.1084	11646
2023-05-04 03:00:00	1.10841	1.10858	1.10802	1.10812	7112
2023-05-04 04:00:00	1.10812	1.10873	1.10794	1.10814	7355
2023-05-04 05:00:00	1.10814	1.10878	1.10798	1.10839	9490
2023-05-04 06:00:00	1.10841	1.10917	1.10727	1.10753	23250
2023-05-04 07:00:00	1.10754	1.10767	1.10521	1.10578	29308
2023-05-04 08:00:00	1.10578	1.10579	1.10369	1.10404	18943
2023-05-04 09:00:00	1.10403	1.1056	1.10364	1.10549	17392
2023-05-04 10:00:00	1.10549	1.10632	1.1049	1.10605	18691
2023-05-04 11:00:00	1.10604	1.10765	1.10601	1.10743	15855
2023-05-04 12:00:00	1.10743	1.10842	1.10013	1.10093	59707
2023-05-04 13:00:00	1.10092	1.10552	1.10026	1.10238	53452
2023-05-04 14:00:00	1.1024	1.10382	1.0986	1.10008	51864
2023-05-04 15:00:00	1.10007	1.10137	1.09952	1.10082	34367
2023-05-04 16:00:00	1.10083	1.10304	1.10079	1.10246	21674
2023-05-04 17:00:00	1.10248	1.10315	1.10204	1.10216	14358
2023-05-04 18:00:00	1.10215	1.10225	1.10112	1.10158	9402
2023-05-04 19:00:00	1.10157	1.10199	1.10134	1.10146	7081
2023-05-04 20:00:00	1.10145	1.10154	1101	1.1012	3771
2023-05-04 21:00:00	1.1012	1.10141	1.10113	1.10128	396
2023-05-04 22:00:00	1.10128	1.10212	1.10095	1.10211	3713
2023-05-04 23:00:00	1.10211	1.10244	1.10192	1.10229	4103
2023-05-05 00:00:00	1.10229	1.10295	1.10188	1.10248	5828
2023-05-05 01:00:00	1.10252	1.10371	1.10252	1.10354	8259
2023-05-05 02:00:00	1.10354	1.10372	1.10273	1.10311	7539
2023-05-05 03:00:00	1.10311	1.10444	1.1031	1.10439	8006
2023-05-05 04:00:00	1.10441	1.10449	1.10404	1.10417	4878
2023-05-05 05:00:00	1.10417	1.10463	1.10379	1.10398	11247
2023-05-05 06:00:00	1.10398	1.10468	1.10299	1.10452	16847
2023-05-05 07:00:00	1.10453	1.10477	1.10256	1.10267	23568
2023-05-05 08:00:00	1.10268	1.10316	1.1024	1.10281	16947
2023-05-05 09:00:00	1.10281	1.10319	1.1022	1.10272	12274
2023-05-05 10:00:00	1.10273	1.10309	1.10213	1.10247	10830
2023-05-05 11:00:00	1.10249	1.10258	1.10085	1.10093	12805
2023-05-05 12:00:00	1.10092	1.10185	1.09667	1.09759	44102
2023-05-05 13:00:00	1.09762	1.0996	1.0976	1.09911	43986
2023-05-05 14:00:00	1.09912	1.10079	1.09853	1.10069	27547
2023-05-05 15:00:00	1.10067	1.10267	1.10049	1.10245	23876
2023-05-05 16:00:00	1.10246	1.10365	1.10212	1.10321	14124
2023-05-05 17:00:00	1.10321	1.10346	1.10096	1.10116	14459
2023-05-05 18:00:00	1.10116	1.10269	1.10106	1.10263	10453
2023-05-05 19:00:00	1.10262	1.10264	1.10166	1.10182	8578
2023-05-05 20:00:00	1.10183	1.10197	1.10154	1.10162	5659
2023-05-07 21:00:00	1.10209	1.10219	1.10144	1.10209	1366
2023-05-07 22:00:00	1.10213	1.10228	1.10143	1.1016	4395
2023-05-07 23:00:00	1.1016	1.10217	1.10141	1.10181	5298
2023-05-08 00:00:00	1.10182	1.10252	1.10167	1.10241	8311
2023-05-08 01:00:00	1.10242	1.10321	1.10185	1.1031	8546
2023-05-08 02:00:00	1.10312	1.1037	1.10282	1.1032	9184
2023-05-08 03:00:00	1.10321	1.10399	1.10313	1.1039	7127
2023-05-08 04:00:00	1.1039	1.10442	1.10385	1.10435	8118
2023-05-08 05:00:00	1.10435	1.10444	1.10366	1.10389	8142
2023-05-08 06:00:00	1.10391	1.10505	1.10374	1.10482	10015
2023-05-08 07:00:00	1.10481	1105	1.10383	1.10492	14785
2023-05-08 08:00:00	1.10491	1.10535	1.10358	1.10359	16487
2023-05-08 09:00:00	1.10359	1.1039	1.10227	1.10359	14402
2023-05-08 10:00:00	1.10358	1105	1.10352	1.10479	12365
2023-05-08 11:00:00	1.1048	1.10513	1103	1.1035	14358
2023-05-08 12:00:00	1.10349	1.10411	1.10318	1.10369	14466
2023-05-08 13:00:00	1.1037	1.10442	1.10334	1.10434	21913
2023-05-08 14:00:00	1.10434	1.1044	1.1013	1.10157	21156
2023-05-08 15:00:00	1.10158	1.10234	1.10115	1.10196	13745
2023-05-08 16:00:00	1.10197	1.1029	1.10187	1.1027	7923
2023-05-08 17:00:00	1.10273	1.10292	1.10134	1.10154	6662
2023-05-08 18:00:00	1.10155	1.10156	1.1005	1.10057	11453
2023-05-08 19:00:00	1.10057	1.10076	1.10001	1.10017	7007
2023-05-08 20:00:00	1.10016	1.10045	1.10001	1.10031	2966
2023-05-08 21:00:00	1.10021	1.10054	1.10021	1.1004	1701
2023-05-08 22:00:00	1.1004	1.10042	1.10011	1.10012	3531
2023-05-08 23:00:00	1.10011	1.10022	1.09953	1.09965	3985
2023-05-09 00:00:00	1.09962	1.09974	1.0985	1.09898	12513
2023-05-09 01:00:00	1.09898	1.09949	1.09869	1.09874	7525
2023-05-09 02:00:00	1.09875	1.09926	1.09849	1.09905	6384
2023-05-09 03:00:00	1.09905	1.0994	1.09881	1.09936	5480
2023-05-09 04:00:00	1.09939	1.09952	1.09883	1.09888	5638
2023-05-09 05:00:00	1.09888	1.09943	1.09845	1.09942	8887
2023-05-09 06:00:00	1.09941	1.10007	1.09872	1.0994	14225
2023-05-09 07:00:00	1.09941	1.10003	1.09727	1.09779	26211
2023-05-09 08:00:00	1.0978	1.09862	1.09741	1.09787	18848
2023-05-09 09:00:00	1.09787	1.09842	1.09776	1.0984	13610
2023-05-09 10:00:00	1.09839	1.09841	1.09775	1.09796	11013
2023-05-09 11:00:00	1.09797	1.09826	1.0959	1.09635	14012
2023-05-09 12:00:00	1.09635	1.09671	1.09498	1095	23046
2023-05-09 13:00:00	1095	1.09634	1.0941	1.09618	24642
2023-05-09 14:00:00	1.0962	1.09644	1.09532	1.09558	20389
2023-05-09 15:00:00	1.0956	1.09602	1.09509	1.09527	13412
2023-05-09 16:00:00	1.09527	1.09607	1.09492	1.09552	11423
2023-05-09 17:00:00	1.09552	1.09646	1.09541	1.09636	9207
2023-05-09 18:00:00	1.09637	1.09724	1.09613	1.09664	10301
2023-05-09 19:00:00	1.09666	1.09697	1.09614	1.09627	8728
2023-05-09 20:00:00	1.09627	1.09639	1.09594	1.09605	3074
2023-05-09 21:00:00	1.09605	1.09645	1.09468	1.09474	576
2023-05-09 22:00:00	1.09547	1.09671	1.09545	1.09649	4663
2023-05-09 23:00:00	1.09649	1.09688	1.09639	1.09645	3175
2023-05-10 00:00:00	1.09644	1.09719	1.09644	1.0969	6789
2023-05-10 01:00:00	1.09692	1.09739	1.09682	1.09711	7876
2023-05-10 02:00:00	1.09711	1.09749	1.09702	1.09742	4910
2023-05-10 03:00:00	1.09744	1.09772	1.09726	1.09761	3840
2023-05-10 04:00:00	1.0976	1.09772	1.09718	1.0972	4204
2023-05-10 05:00:00	1.0972	1.09724	1.09623	1.09665	8820
2023-05-10 06:00:00	1.09666	1.09752	1.09643	1.09695	14206
2023-05-10 07:00:00	1.09693	1.09824	1.09628	1.09646	19617
2023-05-10 08:00:00	1.09646	1.09647	1.09502	1.09519	22105
2023-05-10 09:00:00	1.09518	1.09592	1.09478	1.09566	13922
2023-05-10 10:00:00	1.09567	1.09604	1.09514	1.09547	11932
2023-05-10 11:00:00	1.09548	1.0955	1.09458	1.0949	13281
2023-05-10 12:00:00	1.09489	1.10057	1.09414	1.10007	40711
2023-05-10 13:00:00	1.10009	1.10063	1.09722	1.09858	38855
2023-05-10 14:00:00	1.09857	1.10068	1.09641	1.09721	38130
2023-05-10 15:00:00	1.09722	1.09799	1.09651	1.09651	18064
2023-05-10 16:00:00	1.09652	1.09753	1.0965	1.09703	12502
2023-05-10 17:00:00	1.09702	1.09725	1.09616	1.09674	12223
2023-05-10 18:00:00	1.09674	1.09824	1.09674	1.09767	10976
2023-05-10 19:00:00	1.09769	1.09848	1.09758	1.09824	6094
2023-05-10 20:00:00	1.09823	1.09843	1.09794	1.09816	3065
2023-05-10 21:00:00	1.09816	1.09818	1.09794	1.09812	3999
2023-05-10 22:00:00	1.09813	1.09862	1.09813	1.09861	3013
2023-05-10 23:00:00	1.09861	1.0987	1.09821	1.09824	2854
2023-05-11 00:00:00	1.09826	1.0993	1.09824	1.09927	7934
2023-05-11 01:00:00	1.09927	1.09981	1.0984	1.09845	12469
2023-05-11 02:00:00	1.09846	1.0985	1.0975	1.09806	11252
2023-05-11 03:00:00	1.09805	1.09817	1.09735	1.09744	5955
2023-05-11 04:00:00	1.09744	1.09761	1.09695	1.09752	4862
2023-05-11 05:00:00	1.09751	1.09822	1.09742	1.09783	7140
2023-05-11 06:00:00	1.09782	1.0979	1.0929	1.09303	19612
2023-05-11 07:00:00	1.09303	1.09386	1.09241	1093	34723
2023-05-11 08:00:00	1093	1.09365	1.0918	1.09282	29177
2023-05-11 09:00:00	1.09284	1.09344	1.09237	1.09277	12223
2023-05-11 10:00:00	1.09276	1.09309	1.0918	1.09223	13947
2023-05-11 11:00:00	1.09223	1.09382	1.09212	1.09315	26657
2023-05-11 12:00:00	1.09315	1.09481	1.09259	1.09327	41988
2023-05-11 13:00:00	1.09327	1.09331	1.09009	1.09016	42708
2023-05-11 14:00:00	1.09016	1.0921	1.09	1.09175	32414
2023-05-11 15:00:00	1.09172	1.09199	1.09093	1.09155	17326
2023-05-11 16:00:00	1.09155	1.0929	1.09154	1.09251	12220
2023-05-11 17:00:00	1.09251	1.09257	1.09106	1.09127	10419
2023-05-11 18:00:00	1.09127	1.09186	1.09118	1.09185	7990
2023-05-11 19:00:00	1.09185	1.09215	1.09161	1.0917	5367
2023-05-11 20:00:00	1.09169	1.09177	1.09149	1.09153	2432
2023-05-11 21:00:00	1.09154	1.09199	1.0915	1.09161	1073
2023-05-11 22:00:00	1.09153	1.09187	1.09141	1.09163	3245
2023-05-11 23:00:00	1.09162	1.09173	1.09115	1.09122	3713
2023-05-12 00:00:00	1.09122	1.09216	1.09122	1.09214	6025
2023-05-12 01:00:00	1.09214	1.09241	1.09171	1.09241	8780
2023-05-12 02:00:00	1.09241	1.09252	1.09177	1.09185	7363
2023-05-12 03:00:00	1.09187	1.09224	1.09149	1.09222	6539
2023-05-12 04:00:00	1.09221	1.0927	1.09216	1.09263	6403
2023-05-12 05:00:00	1.09259	1.09304	1.09217	1.09241	7959
2023-05-12 06:00:00	1.0924	1.09343	1.09195	1.09288	16846
2023-05-12 07:00:00	1.09288	1.09354	1.09061	1.09076	21005
2023-05-12 08:00:00	1.09076	1.09139	1.09046	1.09135	16964
2023-05-12 09:00:00	1.09135	1.09172	1.08988	1.09107	15091
2023-05-12 10:00:00	1.09108	1.09147	1.09052	1.09053	10607
2023-05-12 11:00:00	1.09052	1.09057	1.08891	1.08919	13017
2023-05-12 12:00:00	1.08919	1.08951	1.08811	1.0887	19206
2023-05-12 13:00:00	1.08868	1.08943	1.08794	1.08892	22099
2023-05-12 14:00:00	1.08891	1.08973	1.08615	1.08622	35389
2023-05-12 15:00:00	1.08625	1.08648	1.08542	1.08555	16219
2023-05-12 16:00:00	1.08553	1.08569	1.08484	1.08516	9742
2023-05-12 17:00:00	1.08516	1.08568	1.08503	1.08545	8982
2023-05-12 18:00:00	1.08544	1.08545	1.08488	1.0853	10444
2023-05-12 19:00:00	1.08533	1.08549	1.08506	1.08517	6511
2023-05-12 20:00:00	1.08519	1.08521	1.08476	1.08477	4591
2023-05-14 21:00:00	1.0861	1.08618	1.08515	1.0854	251
2023-05-14 22:00:00	1.0854	1.0854	1.08453	1085	2854
2023-05-14 23:00:00	1085	1.08532	1.08478	1.08527	4549
2023-05-15 00:00:00	1.08526	1.08555	1.0848	1.0853	10358
2023-05-15 01:00:00	1.08532	1.08643	1.08524	1.08631	13382
2023-05-15 02:00:00	1.08632	1.08632	1.08552	1.08553	8210
2023-05-15 03:00:00	1.08552	1.08621	1.08549	1.08599	5824
2023-05-15 04:00:00	1.08598	1.08635	1.08572	1.08629	5338
2023-05-15 05:00:00	1.08629	1.08692	1.08617	1.08675	9882
2023-05-15 06:00:00	1.08674	1.08719	1.08601	1.08697	13823
2023-05-15 07:00:00	1.08696	1.08771	1.08645	1.08739	18385
2023-05-15 08:00:00	1.08738	1.08801	1.0866	1.08684	13979
2023-05-15 09:00:00	1.08683	1.08696	1.08554	1.08688	13667
2023-05-15 10:00:00	1.08688	1.08791	1.08665	1.08778	10563
2023-05-15 11:00:00	1.08779	1.08805	1.08733	1.08775	13661
2023-05-15 12:00:00	1.08775	1.08908	1.08736	1.08789	26085
2023-05-15 13:00:00	1.08788	1.08817	1.08725	1.08793	20757
2023-05-15 14:00:00	1.08793	1.08816	1.08645	1.08647	22900
2023-05-15 15:00:00	1.08647	1.08752	1.08639	1.08732	13672
2023-05-15 16:00:00	1.08732	1.08788	1.08676	1.08787	10687
2023-05-15 17:00:00	1.08788	1.08788	1.08746	1.08762	7557
2023-05-15 18:00:00	1.08762	1.0878	1.08736	1.08743	6807
2023-05-15 19:00:00	1.08743	1.08769	1.08736	1.0875	6910
2023-05-15 20:00:00	1.08749	1.08763	1.08727	1.08738	4133
2023-05-15 21:00:00	1.08731	1.0875	1.0873	1.08739	1028
2023-05-15 22:00:00	1.08738	1.08772	1.08738	1.08761	5137
2023-05-15 23:00:00	1.08759	1.08759	1.08731	1.08735	3700
2023-05-16 00:00:00	1.08736	1.0882	1.08735	1.08817	7211
2023-05-16 01:00:00	1.08818	1.08818	1.0875	1.08774	9291
2023-05-16 02:00:00	1.08773	1.08835	1.08682	1.08833	11676
2023-05-16 03:00:00	1.08834	1.08845	1.08798	1.08824	5302
2023-05-16 04:00:00	1.08823	1.08834	1.08798	1.08828	5089
2023-05-16 05:00:00	1.08828	1.08829	1087	1.0871	9151
2023-05-16 06:00:00	1.08709	1.0877	1.08628	1.08762	21715
2023-05-16 07:00:00	1.08762	1.08945	1.08717	1.08884	24347
2023-05-16 08:00:00	1.08884	1.08978	1.08877	1.0891	17073
2023-05-16 09:00:00	1.08911	1.09046	1.0889	1.08936	19133
2023-05-16 10:00:00	1.08936	1.0897	1089	1.0895	11708
2023-05-16 11:00:00	1.08949	1.08971	1.0885	1.08868	15010
2023-05-16 12:00:00	1.08871	1.08896	1.0868	1.08815	30219
2023-05-16 13:00:00	1.08816	1.08891	1.08735	1.08751	35275
2023-05-16 14:00:00	1.08751	1.0876	1.08597	1.08663	30162
2023-05-16 15:00:00	1.08662	1.0868	1.0855	1.08645	21671
2023-05-16 16:00:00	1.08648	1.0872	1.08638	1.08667	13726
2023-05-16 17:00:00	1.08669	1.0871	1.08614	1.08671	10530
2023-05-16 18:00:00	1.0867	1.08702	1.08644	1.08676	8096
2023-05-16 19:00:00	1.08675	1.08697	1.0858	1.08628	8997
2023-05-16 20:00:00	1.08628	1.08646	1.08606	1.08617	4548
2023-05-16 21:00:00	1.08617	1.08636	1.08602	1.08611	309
2023-05-16 22:00:00	1.08611	1.0864	1.08608	1.08624	3655
2023-05-16 23:00:00	1.08625	1.08655	1.08606	1.08653	4308
2023-05-17 00:00:00	1.08653	1.08718	1.08638	1.08703	9377
2023-05-17 01:00:00	1.08703	1.0871	1.08621	1.08698	13478
2023-05-17 02:00:00	1.08698	1.08736	1.08682	1.08695	10676
2023-05-17 03:00:00	1.08696	1.08712	1.08645	1.08654	7592
2023-05-17 04:00:00	1.08654	1.08676	1.0863	1.08646	5913
2023-05-17 05:00:00	1.08645	1.08652	1.08524	1.08531	10953
2023-05-17 06:00:00	1.08531	1.08642	1.08501	1.08537	13003
2023-05-17 07:00:00	1.08537	1.08636	1.08312	1.08317	24809
2023-05-17 08:00:00	1.08317	1.0848	1.08272	1.0829	21237
2023-05-17 09:00:00	1.0829	1.08324	1.08205	1.08309	19810
2023-05-17 10:00:00	1.08309	1.08326	1.08244	1.08302	13149
2023-05-17 11:00:00	1.08302	1.08416	1.08248	1.08251	15778
2023-05-17 12:00:00	1.08249	1.08316	1.08137	1.08239	23147
2023-05-17 13:00:00	1.08239	1.08389	1.08147	1.08152	26064
2023-05-17 14:00:00	1.08155	1.08327	1.08102	1.08207	34927
2023-05-17 15:00:00	1.08207	1.08362	1.08176	1.08292	22466
2023-05-17 16:00:00	1.08292	1.08453	1.08289	1.08417	13219
2023-05-17 17:00:00	1.08419	1.0849	1.08416	1.08439	10921
2023-05-17 18:00:00	1.08439	1.08453	1.08364	1.08374	10443
2023-05-17 19:00:00	1.08375	1.08428	1.08369	1.08397	10534
2023-05-17 20:00:00	1.08397	1084	1.08368	1.08379	2900
2023-05-17 21:00:00	1.08379	1.08444	1.08377	1.08405	604
2023-05-17 22:00:00	1.08405	1.08424	1.08383	1.08383	3399
2023-05-17 23:00:00	1.08384	1.08384	1.08347	1.08378	3375
2023-05-18 00:00:00	1.08377	1.08433	1.08348	1.08422	7753
2023-05-18 01:00:00	1.08422	1.08479	1.08378	1.08451	14381
2023-05-18 02:00:00	1.0845	1.08479	1.08437	1.08462	9113
2023-05-18 03:00:00	1.08462	1.08471	1.08376	1.08398	5894
2023-05-18 04:00:00	1.08398	1.08404	1.08325	1.0833	6191
2023-05-18 05:00:00	1.08329	1.08358	1.08269	1.08303	11577
2023-05-18 06:00:00	1.08302	1.08345	1.08233	1.08259	14205
2023-05-18 07:00:00	1.08259	1.08309	1.08091	1.08161	19295
2023-05-18 08:00:00	1.08165	1.08221	1.08121	1.08165	22999
2023-05-18 09:00:00	1.08164	1.08199	1.08073	1.08182	16396
2023-05-18 10:00:00	1.08181	1.08195	1.08055	1.0815	12266
2023-05-18 11:00:00	1.08151	1.08178	1.08082	1.0815	11320
2023-05-18 12:00:00	1.0815	1.08178	1.07853	1079	30839
2023-05-18 13:00:00	1.07899	1.07949	1.0775	1.07778	30134
2023-05-18 14:00:00	1.07784	1.07866	1.07669	1.07692	28950
2023-05-18 15:00:00	1.07691	1.07785	1.07631	1.07752	18057
2023-05-18 16:00:00	1.07752	1.07811	1.07625	1.07629	14262
2023-05-18 17:00:00	1.0763	1.0767	1.07624	1.07666	11412
2023-05-18 18:00:00	1.07666	1.07688	1.07638	1.07667	8802
2023-05-18 19:00:00	1.07669	1.07741	1.07659	1.07739	10019
2023-05-18 20:00:00	1.0774	1.07747	1.07691	1.07693	4245
2023-05-18 21:00:00	1.0769	1.07713	1.07687	1.07699	410
2023-05-18 22:00:00	1.07699	1.07767	1.07697	1.07761	2597
2023-05-18 23:00:00	1.07761	1.07766	1.07736	1.07749	4315
2023-05-19 00:00:00	1.07749	1078	1.07724	1.07738	11965
2023-05-19 01:00:00	1.07737	1.07758	1076	1.07632	13519
2023-05-19 02:00:00	1.07632	1.07739	1.07606	1.0772	11130
2023-05-19 03:00:00	1.0772	1.07723	1.07668	1.07683	10334
2023-05-19 04:00:00	1.07683	1.0769	1.07605	1.07636	6876
2023-05-19 05:00:00	1.07636	1.0771	1.07614	1.07686	8855
2023-05-19 06:00:00	1.07686	1.0792	1.07669	1.07814	21596
2023-05-19 07:00:00	1.07813	1.07901	1.07738	1.07774	18901
2023-05-19 08:00:00	1.07773	1.07944	1.07709	1.07881	17958
2023-05-19 09:00:00	1.07881	1.08042	1.07875	1.08025	19056
2023-05-19 10:00:00	1.08025	1.08028	1.07904	1.07944	19875
2023-05-19 11:00:00	1.07943	1.08091	1.07923	1.08085	19361
2023-05-19 12:00:00	1.08086	1.08235	1.08052	1.08058	23969
2023-05-19 13:00:00	1.08057	1.08078	1.07891	1.07951	25968
2023-05-19 14:00:00	1.07951	1.0796	1.07842	1.07859	23757
2023-05-19 15:00:00	1.07859	1.08265	1.07821	1.08189	45724
2023-05-19 16:00:00	1.08189	1.08249	1.08113	1.08208	23462
2023-05-19 17:00:00	1.0821	1.08287	1.08178	1.08196	11885
2023-05-19 18:00:00	1.08196	1.08203	1.08079	1.08083	10993
2023-05-19 19:00:00	1.08083	1.08092	1.07976	1.08059	7568
2023-05-19 20:00:00	1.08059	1.08082	1.08012	1.08019	5893
2023-05-21 21:00:00	1.08043	1.08105	1.08043	1.08062	375
2023-05-21 22:00:00	1.08062	1.08197	1.08062	1.08169	2527
2023-05-21 23:00:00	1.0817	1.08241	1.08166	1.08218	5481
2023-05-22 00:00:00	1.08219	1.08248	1.08165	1.08234	10992
2023-05-22 01:00:00	1.08235	1.08298	1.08207	1.08254	17355
2023-05-22 02:00:00	1.08254	1.08256	1.08185	1.08228	13573
2023-05-22 03:00:00	1.08227	1.08253	1.08198	1.08208	9141
2023-05-22 04:00:00	1.08208	1.08235	1.08177	1.08183	8304
2023-05-22 05:00:00	1.08184	1.08195	1.08099	1.08102	11001
2023-05-22 06:00:00	1.08106	1.08241	1.08072	1.08106	17455
2023-05-22 07:00:00	1.08106	1.08128	1.07955	1.08068	23906
2023-05-22 08:00:00	1.08067	1.08127	1.0799	1.08103	20795
2023-05-22 09:00:00	1.08102	1.08234	1.0808	1.08191	13569
2023-05-22 10:00:00	1.0819	1.08294	1.08173	1.08218	13902
2023-05-22 11:00:00	1.08218	1.08232	1.08124	1.08217	16460
2023-05-22 12:00:00	1.08216	1.08313	1.08157	1.08192	20646
2023-05-22 13:00:00	1.08193	1.08214	1.08085	1.08121	24178
2023-05-22 14:00:00	1.08121	1.08242	1.07973	1.07983	40038
2023-05-22 15:00:00	1.07984	1.0808	1.07961	1.08051	15307
2023-05-22 16:00:00	1.08051	1.08169	1.08028	1.08097	13459
2023-05-22 17:00:00	1.08097	1.08204	1.08079	1.08181	10868
2023-05-22 18:00:00	1.08181	1.08216	1.08141	1.08191	7806
2023-05-22 19:00:00	1.08191	1.08198	1.08104	1.08112	8452
2023-05-22 20:00:00	1.08111	1.08136	1.08098	1.0812	4619
2023-05-22 21:00:00	1.08117	1.08143	1.08111	1.0812	875
2023-05-22 22:00:00	1.08116	1.08147	1.08112	1.08126	5443
2023-05-22 23:00:00	1.08126	1.08131	1.08063	1.08104	8874
2023-05-23 00:00:00	1.08105	1.08204	1.08105	1.08116	9055
2023-05-23 01:00:00	1.08115	1.08119	1.08041	1.08044	12678
2023-05-23 02:00:00	1.08044	1.08105	1.08025	1.08102	9490
2023-05-23 03:00:00	1.08102	1.08104	1.08046	1.0808	9042
2023-05-23 04:00:00	1.08079	1.08105	1.08057	1.08102	7144
2023-05-23 05:00:00	1.08102	1.08107	1.08002	1.08074	9198
2023-05-23 06:00:00	1.08071	1.08129	1.08031	1.08091	14752
2023-05-23 07:00:00	1.08091	1.08096	1.07852	1.08034	29106
2023-05-23 08:00:00	1.08033	1.08079	1.07891	1.08031	20023
2023-05-23 09:00:00	1.08031	1.08037	1.07802	1.07812	13749
2023-05-23 10:00:00	1.07811	1.07812	1.07697	1.07778	13514
2023-05-23 11:00:00	1.07776	1.07845	1.07727	1.07727	14651
2023-05-23 12:00:00	1.07731	1.07827	1.0763	1.07638	19850
2023-05-23 13:00:00	1.07639	1.07849	1.07629	1.07819	37540
2023-05-23 14:00:00	1.07818	1.07954	1.07773	1.07786	39628
2023-05-23 15:00:00	1.07785	1.07807	1.07707	1.07707	16320
2023-05-23 16:00:00	1.07707	1.07721	1.07601	1.07667	14588
2023-05-23 17:00:00	1.07668	1.07788	1.07642	1.07777	9391
2023-05-23 18:00:00	1.07778	1.07807	1.07753	1.07761	9429
2023-05-23 19:00:00	1.07761	1.07763	1.07664	1.07674	8863
2023-05-23 20:00:00	1.07675	1.07713	1.07668	1.07688	4617
2023-05-23 21:00:00	1.07685	1.07727	1.07685	1.07725	771
2023-05-23 22:00:00	1.07727	1.07732	1.07705	1.07723	2285
2023-05-23 23:00:00	1.07722	1.07735	1.07686	1.07691	4562
2023-05-24 00:00:00	1.0769	1.07751	1.07676	1.07724	7146
2023-05-24 01:00:00	1.07725	1.07744	1.07677	1.07736	11940
2023-05-24 02:00:00	1.07734	1.07765	1.07688	1.07745	11547
2023-05-24 03:00:00	1.07745	1.07797	1.07725	1.07788	7839
2023-05-24 04:00:00	1.07787	1.07822	1.07755	1.07799	6162
2023-05-24 05:00:00	1.07799	1.07861	1.07788	1.07835	9171
2023-05-24 06:00:00	1.07835	1.07893	1.07761	1.07776	20569
2023-05-24 07:00:00	1.07776	1.07857	1.07702	1.07838	27350
2023-05-24 08:00:00	1.07839	1.07948	1.07751	1.07775	27248
2023-05-24 09:00:00	1.07775	1.07818	1.0773	1.07735	16306
2023-05-24 10:00:00	1.07736	1.07736	1.0748	1.07513	24950
2023-05-24 11:00:00	1.07514	1.07807	1.07509	1.07807	17244
2023-05-24 12:00:00	1.07807	1.08012	1.07785	1.07893	30404
2023-05-24 13:00:00	1.07894	1.0794	1.0769	1.07695	30483
2023-05-24 14:00:00	1.07693	1.07772	1.07581	1.07625	27886
2023-05-24 15:00:00	1.07626	1.07647	1.07546	1.07582	24224
2023-05-24 16:00:00	1.07584	1.07611	1.07494	1.07559	19167
2023-05-24 17:00:00	1.07561	1.07658	1.07538	1.07558	14213
2023-05-24 18:00:00	1.07559	1.07658	1.07496	1.07505	17114
2023-05-24 19:00:00	1.07505	1.07571	1.07494	1.07494	15220
2023-05-24 20:00:00	1.07494	1.07538	1.07488	1.07492	4092
2023-05-24 21:00:00	1.0749	1.07525	1.07489	1.07495	1298
2023-05-24 22:00:00	1075	1.07565	1.07421	1.0755	10150
2023-05-24 23:00:00	1.07549	1.07567	1.07525	1.07555	3715
2023-05-25 00:00:00	1.07556	1.07556	1.07453	1.07504	10715
2023-05-25 01:00:00	1.07504	1.07534	1.07408	1.07437	13035
2023-05-25 02:00:00	1.07437	1.07459	1.07401	1.07416	7685
2023-05-25 03:00:00	1.07416	1.07424	1.0736	1.07374	9106
2023-05-25 04:00:00	1.07374	1.07395	1.07328	1.07342	6408
2023-05-25 05:00:00	1.07341	1.07397	1.07336	1.07394	11522
2023-05-25 06:00:00	1.07395	1.07438	1.07281	1.07321	16944
2023-05-25 07:00:00	1.07322	1.07331	1.0714	1.07208	30706
2023-05-25 08:00:00	1.07208	1.07369	1.07196	1.07228	23482
2023-05-25 09:00:00	1.07227	1.0738	1.07221	1.07315	20768
2023-05-25 10:00:00	1.07316	1.07325	1.07222	1.07225	14578
2023-05-25 11:00:00	1.07226	1.07328	1.0722	1.07328	13547
2023-05-25 12:00:00	1.07329	1.07402	1.07148	1.07183	38539
2023-05-25 13:00:00	1.07182	1.07253	1.07073	1.07133	30540
2023-05-25 14:00:00	1.07135	1.07326	1.07132	1.07282	28609
2023-05-25 15:00:00	1.07284	1.07308	1.07181	1.07242	21313
2023-05-25 16:00:00	1.07242	1.07242	1.07118	1.07124	13944
2023-05-25 17:00:00	1.07126	1.07277	1.07113	1.07275	10945
2023-05-25 18:00:00	1.07275	1.07292	1.0719	1.07209	9787
2023-05-25 19:00:00	1.07211	1.07237	1.07151	1.07206	10399
2023-05-25 20:00:00	1.07207	1.07254	1.07207	1.07246	3780
2023-05-25 21:00:00	1.07243	1.07278	1.07234	1.07278	1496
2023-05-25 22:00:00	1.07278	1.07278	1.07238	1.07259	5807
2023-05-25 23:00:00	1.07259	1.07272	1.07224	1.07234	4008
2023-05-26 00:00:00	1.07233	1.07257	1.07189	1.07253	9247
2023-05-26 01:00:00	1.07254	1.07325	1.07242	1.07321	10247
2023-05-26 02:00:00	1.07324	1.07373	1.07322	1.07341	9442
2023-05-26 03:00:00	1.07341	1.07385	1.07339	1.07374	8553
2023-05-26 04:00:00	1.07373	1.07407	1.07368	1.07397	5788
2023-05-26 05:00:00	1074	1.07425	1.07364	1.0737	9998
2023-05-26 06:00:00	1.0737	1.0738	1.07286	1.07293	15921
2023-05-26 07:00:00	1.07292	1.07444	1.07252	1.07404	23164
2023-05-26 08:00:00	1.07405	1.07411	1.07285	1.07317	17581
2023-05-26 09:00:00	1.07317	1.07368	1.07255	1.07349	14982
2023-05-26 10:00:00	1.07349	1.07466	1.07263	1.07441	13913
2023-05-26 11:00:00	1.07441	1.07585	1.07407	1.07524	14545
2023-05-26 12:00:00	1.07525	1.07572	1.0729	1.07418	34833
2023-05-26 13:00:00	1.07417	1.07504	1.07204	1.07227	34519
2023-05-26 14:00:00	1.07229	1.07407	1.0702	1.07053	37117
2023-05-26 15:00:00	1.07052	1.07138	1.07018	1.0712	28753
2023-05-26 16:00:00	1.07119	1.07218	1.07119	1.07196	14179
2023-05-26 17:00:00	1.07198	1.07275	1.07187	1.07266	9296
2023-05-26 18:00:00	1.07266	1.07327	1.07251	1.07292	7968
2023-05-26 19:00:00	1.07293	1.07312	1.07265	1.07296	4770
2023-05-26 20:00:00	1.07295	1.07301	1.07218	1.07227	5504
2023-05-28 21:00:00	1.07201	1.07244	1.07158	1.07219	661
2023-05-28 22:00:00	1.07219	1.07292	1.0718	1.07192	6708
2023-05-28 23:00:00	1.07194	1.07238	1.07186	1.07214	4258
2023-05-29 00:00:00	1.07214	1.07217	1.07172	1.07197	7428
2023-05-29 01:00:00	1.07197	1.07321	1.07184	1.07316	8832
2023-05-29 02:00:00	1.07316	1.07354	1.07306	1.07312	6711
2023-05-29 03:00:00	1.07312	1.07335	1.07292	1.07303	5805
2023-05-29 04:00:00	1.07304	1.07362	1.07298	1.07359	5111
2023-05-29 05:00:00	1.07359	1.07384	1.07338	1.07362	7560
2023-05-29 06:00:00	1.07362	1.07434	1.07358	1.07365	8766
2023-05-29 07:00:00	1.07365	1.07387	1.07245	1.07281	11331
2023-05-29 08:00:00	1.07282	1.07292	1.07153	1.07239	10331
2023-05-29 09:00:00	1.07238	1.07238	1.07131	1.0716	9653
2023-05-29 10:00:00	1.07159	1.07179	1.0712	1.07151	6378
2023-05-29 11:00:00	1.0715	1.07188	1.07104	1.07105	6766
2023-05-29 12:00:00	1.07106	1.0715	1.07099	1.07147	7345
2023-05-29 13:00:00	1.07148	1.07158	1.0708	1.07094	8866
2023-05-29 14:00:00	1.07095	1.07108	1.07059	1.07085	6427
2023-05-29 15:00:00	1.07086	1.07151	1.07081	1.07138	3854
2023-05-29 16:00:00	1.07138	1.07139	1.0711	1.07126	3486
2023-05-29 17:00:00	1.07127	1.07148	1.07113	1.07117	1767
2023-05-29 18:00:00	1.07116	1.07119	1.07104	1.07106	1581
2023-05-29 19:00:00	1.07105	1.07107	1.0709	1.07091	2942
2023-05-29 20:00:00	1.07091	1071	1.07054	1.07076	1729
2023-05-29 21:00:00	1.07076	1.07128	1.07076	1.07088	550
2023-05-29 22:00:00	1.07087	1.07122	1.07082	1.07096	3680
2023-05-29 23:00:00	1.07097	1.07097	1.0706	1.07067	3700
2023-05-30 00:00:00	1.07067	1.07196	1.07041	1.07137	12256
2023-05-30 01:00:00	1.07137	1.07262	1.07136	1.0723	10414
2023-05-30 02:00:00	1.07231	1.07249	1.07194	1.07212	7102
2023-05-30 03:00:00	1.07212	1.07216	1.07013	1.07065	10329
2023-05-30 04:00:00	1.07065	1.07086	1.07033	1.07079	7263
2023-05-30 05:00:00	1.07079	1.07082	1.06812	1.0686	18026
2023-05-30 06:00:00	1.06859	1.06982	1.06847	1.06943	18494
2023-05-30 07:00:00	1.06943	1.06943	1.06725	1.06902	26930
2023-05-30 08:00:00	1.06901	1.07082	1.06872	1.07046	24346
2023-05-30 09:00:00	1.07046	1.07247	1.0697	1.07194	21630
2023-05-30 10:00:00	1.07194	1.07359	1.07194	1.07315	17306
2023-05-30 11:00:00	1.07315	1.07446	1.07304	1.0744	19450
2023-05-30 12:00:00	1.07439	1.07465	1.07215	1.07222	22530
2023-05-30 13:00:00	1.07224	1.07386	1.07186	1073	24881
2023-05-30 14:00:00	1073	1.07407	1.07204	1.07275	27777
2023-05-30 15:00:00	1.07275	1.07284	1.07196	1.07215	16668
2023-05-30 16:00:00	1.07217	1.0727	1.07161	1.07207	11910
2023-05-30 17:00:00	1.07206	1.07215	1.07142	1.07168	10035
2023-05-30 18:00:00	1.07168	1.07208	1.07141	1.07195	8731
2023-05-30 19:00:00	1.07194	1.07303	1.0718	1.07299	7269
2023-05-30 20:00:00	1.07299	1.07347	1.07272	1.07343	3404
2023-05-30 21:00:00	1.0734	1.07341	1.07314	1.07325	1124
2023-05-30 22:00:00	1.07321	1.0734	1.0731	1.0732	1884
2023-05-30 23:00:00	1.07318	1.07356	1.07304	1.07316	3365
2023-05-31 00:00:00	1.07316	1.07356	1.07272	1.0735	10056
2023-05-31 01:00:00	1.0735	1.07354	1.07117	1.07132	16587
2023-05-31 02:00:00	1.07132	1.07147	1.07026	1.07046	13196
2023-05-31 03:00:00	1.07047	1.0705	1.06942	1.06977	10604
2023-05-31 04:00:00	1.06977	1.07006	1.06951	1.0698	10509
2023-05-31 05:00:00	1.06978	1.06988	1.0685	1.06972	18396
2023-05-31 06:00:00	1.06973	1.06979	1.06793	1.06847	17214
2023-05-31 07:00:00	1.06847	1.06847	1.06699	1.0674	19796
2023-05-31 08:00:00	1.06741	1.06768	1.06585	1.06597	17950
2023-05-31 09:00:00	1.06596	1.06761	1.06596	1.06759	12571
2023-05-31 10:00:00	1.06759	1.06787	1.06675	1.06762	9566
2023-05-31 11:00:00	1.06762	1.06872	1.06747	1.06795	11456
2023-05-31 12:00:00	1.06797	1.06873	1.06792	1.06807	13887
2023-05-31 13:00:00	1.06808	1.07051	1.06782	1.06915	21777
2023-05-31 14:00:00	1.06913	1.06916	1.06575	1.06612	40740
2023-05-31 15:00:00	1.06611	1.06672	1.06509	1.06525	20390
2023-05-31 16:00:00	1.06527	1.0654	1.06352	1.06378	16792
2023-05-31 17:00:00	1.06382	1.06698	1.06355	1.0663	12793
2023-05-31 18:00:00	1.06633	1.06798	1.06629	1.06741	9805
2023-05-31 19:00:00	1.0674	1.0689	1.06704	1.06862	9137
2023-05-31 20:00:00	1.06863	1.06922	1.06856	1.06887	5707
2023-05-31 21:00:00	1.06887	1.06898	1.06852	1.06867	543
2023-05-31 22:00:00	1.06877	1.06944	1.06871	1.06928	4736
2023-05-31 23:00:00	1.06929	1.0697	1.06923	1.06933	6148
2023-06-01 00:00:00	1.06934	1.06951	1.06855	1.06865	12504
2023-06-01 01:00:00	1.06865	1.06933	1.06802	1.06913	15914
2023-06-01 02:00:00	1.06912	1.06939	1.06881	1.06904	11180
2023-06-01 03:00:00	1.06904	1.06934	1.06854	1.0687	8159
2023-06-01 04:00:00	1.0687	1.06914	1.06811	1.06815	8671
2023-06-01 05:00:00	1.06815	1.06845	1.06759	1.06771	11416
2023-06-01 06:00:00	1.06771	1.06854	1.06732	1.06842	15506
2023-06-01 07:00:00	1.06842	1.06865	1.06617	1.06701	20089
2023-06-01 08:00:00	1067	1.06868	1.06645	1.06863	18533
2023-06-01 09:00:00	1.06868	1.07096	1.06828	1.07087	13772
2023-06-01 10:00:00	1.07088	1.07146	1.07005	1.07087	16861
2023-06-01 11:00:00	1.07087	1.07155	1.07049	1.0706	14846
2023-06-01 12:00:00	1.07059	1.07115	1.06845	1.0708	32281
2023-06-01 13:00:00	1.0708	1.07309	1.07028	1.07281	30915
2023-06-01 14:00:00	1.07281	1.07417	1.07211	1.07314	42496
2023-06-01 15:00:00	1.07315	1.07537	1.07279	1.07507	16886
2023-06-01 16:00:00	1.07507	1.0764	1.07476	1.07598	11590
2023-06-01 17:00:00	1.07598	1.07644	1.07556	1.07641	8194
2023-06-01 18:00:00	1.07641	1.07684	1.07614	1.07617	6998
2023-06-01 19:00:00	1.07618	1.07629	1.07568	1.07624	9100
2023-06-01 20:00:00	1.07625	1.07635	1.07587	1.07615	2501
2023-06-01 21:00:00	1.07615	1.07619	1.07585	1.07597	607
2023-06-01 22:00:00	1.07603	1.07652	1.07578	1.07651	3386
2023-06-01 23:00:00	1.07653	1.07654	1.07594	1.07604	3919
2023-06-02 00:00:00	1.07603	1.07643	1.07581	1.07617	9117
2023-06-02 01:00:00	1.07617	1.07665	1.07586	1.07614	9951
2023-06-02 02:00:00	1.07614	1.0767	1.07608	1.07654	7279
2023-06-02 03:00:00	1.07655	1.0769	1.07633	1.0768	6973
2023-06-02 04:00:00	1.0768	1.07686	1.07619	1.0763	5624
2023-06-02 05:00:00	1.07631	1.07721	1.07619	1.07713	7182
2023-06-02 06:00:00	1.07714	1.07789	1.0766	1.07708	14521
2023-06-02 07:00:00	1.07709	1.07758	1076	1.07618	21541
2023-06-02 08:00:00	1.07617	1.0777	1076	1.07742	13937
2023-06-02 09:00:00	1.0774	1.07768	1.07602	1.07671	12262
2023-06-02 10:00:00	1.0767	1.07748	1.07655	1.07673	7847
2023-06-02 11:00:00	1.07673	1.07694	1.07575	1.07576	9783
2023-06-02 12:00:00	1.07575	1.07672	1.07349	1.07474	44370
2023-06-02 13:00:00	1.07476	1.07709	1.07403	1.07421	40939
2023-06-02 14:00:00	1.07423	1.07496	1.07211	1.07232	31750
2023-06-02 15:00:00	1.07233	1.07297	1.07174	1.07231	13523
2023-06-02 16:00:00	1.0723	1.07236	1.07086	1.07098	11905
2023-06-02 17:00:00	1071	1.07156	1.07073	1071	7060
2023-06-02 18:00:00	1.07101	1.07152	1.07055	1.07122	8202
2023-06-02 19:00:00	1.07122	1.07143	1.07064	1.07077	4829
2023-06-02 20:00:00	1.07077	1.07086	1.0705	1.07063	3724
2023-06-04 21:00:00	1.07098	1.07107	1.0706	1.07063	264
2023-06-04 22:00:00	1.07064	1.07079	1.07009	1.07009	4413
2023-06-04 23:00:00	1.0701	1.07016	1.06937	1.06967	7671
2023-06-05 00:00:00	1.0697	1.06972	1.06902	1.06936	9931
2023-06-05 01:00:00	1.06937	1.07015	1.06906	1.07012	12146
2023-06-05 02:00:00	1.07013	1.07045	1.06985	1.07001	9177
2023-06-05 03:00:00	1.07001	1.0704	1.06992	1.07025	6644
2023-06-05 04:00:00	1.07026	1.07032	1.06964	1.06999	6474
2023-06-05 05:00:00	1.06998	1.07036	1.06939	1.07014	8042
2023-06-05 06:00:00	1.07012	1.07012	1.06891	1.06936	13329
2023-06-05 07:00:00	1.06937	1.06994	1.06832	1.06898	21628
2023-06-05 08:00:00	1.06897	1.06977	1.06852	1.06959	14392
2023-06-05 09:00:00	1.06958	1.0699	1.06899	1.06922	13979
2023-06-05 10:00:00	1.06922	1.06949	1.06867	1.06928	8811
2023-06-05 11:00:00	1.06927	1.06949	1.06848	1.06896	8825
2023-06-05 12:00:00	1.06895	1.06917	1.06744	1.06787	16285
2023-06-05 13:00:00	1.06787	1.06913	1.06777	1.06802	15011
2023-06-05 14:00:00	1.06809	1.07224	1.06797	1.07107	38982
2023-06-05 15:00:00	1.07106	1.07207	1.07031	1.07207	13284
2023-06-05 16:00:00	1.07206	1.07211	1.07099	1.07115	8739
2023-06-05 17:00:00	1.07114	1.07139	1.07072	1.07128	5495
2023-06-05 18:00:00	1.07127	1.07171	1.07108	1.07136	8690
2023-06-05 19:00:00	1.07139	1.07174	1.07112	1.07124	6582
2023-06-05 20:00:00	1.07125	1.07133	1.07095	1.07121	2392
2023-06-05 21:00:00	1.07119	1.07137	1.07101	1.07108	668
2023-06-05 22:00:00	1.07107	1.07142	1.07094	1.07134	1771
2023-06-05 23:00:00	1.07133	1.0714	1.07072	1.07113	3473
2023-06-06 00:00:00	1.07112	1.07168	1.07098	1.0716	3794
2023-06-06 01:00:00	1.07162	1.07168	1.07128	1.07154	6396
2023-06-06 02:00:00	1.07155	1.07246	1.07153	1.07183	8662
2023-06-06 03:00:00	1.07182	1.07193	1.07143	1.07159	4967
2023-06-06 04:00:00	1.07161	1.07239	1.0715	1.07234	9116
2023-06-06 05:00:00	1.07234	1.07311	1.07225	1.07249	9167
2023-06-06 06:00:00	1.0725	1.07328	1.07212	1.0724	16736
2023-06-06 07:00:00	1.07239	1.07275	1.07071	1.07144	23349
2023-06-06 08:00:00	1.07145	1.07149	1.0695	1.06991	23304
2023-06-06 09:00:00	1.06992	1.07009	1.06892	1.0692	12891
2023-06-06 10:00:00	1.06919	1.06994	1.06823	1.06977	11847
2023-06-06 11:00:00	1.06977	1.07002	1.06762	1.06768	13806
2023-06-06 12:00:00	1.06771	1.06838	1.06669	1.06705	19756
2023-06-06 13:00:00	1.06705	1.06826	1.06692	1.06724	18425
2023-06-06 14:00:00	1.06725	1.06911	1.06709	1.06907	17903
2023-06-06 15:00:00	1.06906	1.06967	1.06847	1.06942	11615
2023-06-06 16:00:00	1.06943	1.06977	1.06871	1.06883	9727
2023-06-06 17:00:00	1.06883	1.06884	1.06822	1.06858	5552
2023-06-06 18:00:00	1.06859	1.06961	1.06847	1.06941	3774
2023-06-06 19:00:00	1.06941	1.0696	1.06904	1.06918	3704
2023-06-06 20:00:00	1.06919	1.06932	1.06902	1.06924	2198
2023-06-06 21:00:00	1.06924	1.06949	1.0691	1.06934	485
2023-06-06 22:00:00	1.06935	1.06953	1.0693	1.06949	1122
2023-06-06 23:00:00	1.0695	1.06991	1.06924	1.06984	3270
2023-06-07 00:00:00	1.06985	1.07043	1.06973	1.07004	6877
2023-06-07 01:00:00	1.07004	1.07014	1.06928	1.06963	9380
2023-06-07 02:00:00	1.06965	1.06965	1.06887	1.06928	7527
2023-06-07 03:00:00	1.06929	1.06936	1.06894	1.06927	6175
2023-06-07 04:00:00	1.06926	1.06956	1.06892	1.06904	4695
2023-06-07 05:00:00	1.06903	1.06904	1.06832	1.0685	8490
2023-06-07 06:00:00	1.0685	1.06859	1.06726	1.06764	14343
2023-06-07 07:00:00	1.06764	1.06863	1.06682	1.0684	12552
2023-06-07 08:00:00	1.06841	1.06932	1.06792	1.06928	12683
2023-06-07 09:00:00	1.06928	1.06975	1069	1.06962	10363
2023-06-07 10:00:00	1.06962	1.07186	1.06962	1.07148	10842
2023-06-07 11:00:00	1.07149	1.07229	1.07129	1.07154	15550
2023-06-07 12:00:00	1.07153	1.0718	1.07052	1.07161	14770
2023-06-07 13:00:00	1.0716	1.07387	1.0714	1.07371	20118
2023-06-07 14:00:00	1.07374	1.07396	1.0703	1.07075	37220
2023-06-07 15:00:00	1.07077	1.07105	1.0695	1.07009	14756
2023-06-07 16:00:00	1.07009	1.07065	1.06928	1.06932	12020
2023-06-07 17:00:00	1.06933	1.06995	1.06909	1.06987	8436
2023-06-07 18:00:00	1.06985	1.07032	1.06972	1.07022	5668
2023-06-07 19:00:00	1.07022	1.07052	1.06935	1.06936	5965
2023-06-07 20:00:00	1.06937	1.06999	1.06937	1.06981	2902
2023-06-07 21:00:00	1.06981	1.06983	1.06972	1.06976	976
2023-06-07 22:00:00	1.06977	1.07017	1.06975	1.06991	2270
2023-06-07 23:00:00	1.06991	1.0707	1.06966	1.07069	5781
2023-06-08 00:00:00	1.0707	1071	1.0706	1.07085	7616
2023-06-08 01:00:00	1.07086	1.07099	1.07028	1.07086	10311
2023-06-08 02:00:00	1.07087	1.07114	1.07065	1.07067	6560
2023-06-08 03:00:00	1.07067	1.07109	1.07058	1.07082	6782
2023-06-08 04:00:00	1.07082	1.07134	1.07055	1.07114	6273
2023-06-08 05:00:00	1.07114	1.07172	1.0709	1.07101	9977
2023-06-08 06:00:00	1.07102	1.0719	1.07074	1.07111	11480
2023-06-08 07:00:00	1.07113	1.07131	1.07009	1.07129	16805
2023-06-08 08:00:00	1.07129	1.07299	1.07097	1.07265	13097
2023-06-08 09:00:00	1.07265	1.07338	1.0721	1.07287	14307
2023-06-08 10:00:00	1.0729	1.0733	1.07262	1.07298	7006
2023-06-08 11:00:00	1.07297	1.07393	1.07238	1.07356	11537
2023-06-08 12:00:00	1.07357	1.0759	1.07333	1.07468	27952
2023-06-08 13:00:00	1.07467	1.07691	1.07419	1.07654	21797
2023-06-08 14:00:00	1.07654	1.07759	1.07617	1.07692	23972
2023-06-08 15:00:00	1.07691	1.07832	1.0767	1.07788	15887
2023-06-08 16:00:00	1.07788	1.07869	1.0777	1.07846	12897
2023-06-08 17:00:00	1.07846	1.07856	1.07778	1.0778	9513
2023-06-08 18:00:00	1.07781	1.07823	1.07778	1.07791	6937
2023-06-08 19:00:00	1.07792	1.07798	1.07736	1.0779	6651
2023-06-08 20:00:00	1.07789	1.07831	1.07787	1.07813	2167
2023-06-08 21:00:00	1.07807	1.0784	1078	1.07815	927
2023-06-08 22:00:00	1.07815	1.0784	1.07808	1.07839	2333
2023-06-08 23:00:00	1.07839	1.07851	1.07816	1.07818	2727
2023-06-09 00:00:00	1.07819	1.0785	1.07814	1.07818	8708
2023-06-09 01:00:00	1.07819	1.0785	1.07795	1.07807	10148
2023-06-09 02:00:00	1.07807	1.07811	1.07757	1.07768	7741
2023-06-09 03:00:00	1.07767	1.07801	1.07765	1.07777	5582
2023-06-09 04:00:00	1.07777	1.07785	1.07746	1.07753	6060
2023-06-09 05:00:00	1.07753	1.07839	1.07751	1.07777	6286
2023-06-09 06:00:00	1.07778	1.07822	1.07725	1.07786	11000
2023-06-09 07:00:00	1.07786	1.07796	1.07674	1.07753	16821
2023-06-09 08:00:00	1.07753	1.07758	1.07592	1.07631	12402
2023-06-09 09:00:00	1.07632	1.07681	1.0758	1.07584	9104
2023-06-09 10:00:00	1.07585	1.07627	1.07564	1.07611	9546
2023-06-09 11:00:00	1.07611	1.07816	1076	1.07732	11363
2023-06-09 12:00:00	1.07732	1.07841	1.07634	1.07668	20627
2023-06-09 13:00:00	1.07669	1.0775	1.07614	1.07708	22245
2023-06-09 14:00:00	1.07708	1.07733	1.07538	1.07566	22441
2023-06-09 15:00:00	1.07565	1.07596	1.07466	1.07479	14179
2023-06-09 16:00:00	1.07479	1.07523	1.07435	1.07482	8833
2023-06-09 17:00:00	1.07482	1.07521	1.07461	1.07486	6166
2023-06-09 18:00:00	1.07488	1.07506	1.07458	1.07497	5414
2023-06-09 19:00:00	1.07496	1.07506	1.07428	1.0744	5052
2023-06-09 20:00:00	1.07441	1.07496	1.07438	1.07456	4206
2023-06-11 21:00:00	1.07459	1.07483	1.0745	1.07455	539
2023-06-11 22:00:00	1.07491	1.07492	1.07431	1.07446	3114
2023-06-11 23:00:00	1.07446	1.07515	1.07436	1.07499	3218
2023-06-12 00:00:00	1.07499	1.07503	1.07442	1.07453	5194
2023-06-12 01:00:00	1.07453	1.07459	1.0736	1.07367	10550
2023-06-12 02:00:00	1.07368	1.07386	1.0733	1.07384	8788
2023-06-12 03:00:00	1.07384	1.07414	1.07363	1.07409	6677
2023-06-12 04:00:00	1.07409	1.07443	1.0739	1.07408	6871
2023-06-12 05:00:00	1.07408	1.07506	1.07405	1.07491	6933
2023-06-12 06:00:00	1.0749	1.07536	1.07454	1.0749	10106
2023-06-12 07:00:00	1.0749	1.07722	1.0744	1.07694	17280
2023-06-12 08:00:00	1.07694	1.0784	1.07678	1.07771	20140
2023-06-12 09:00:00	1.07771	1079	1.07745	1.07852	14013
2023-06-12 10:00:00	1.07853	1.07875	1.07674	1.07726	17728
2023-06-12 11:00:00	1.07726	1.07755	1.07614	1.07629	13649
2023-06-12 12:00:00	1.07629	1.07712	1.07604	1.07661	16041
2023-06-12 13:00:00	1.07662	1.07714	1.0743	1.0753	21778
2023-06-12 14:00:00	1.0753	1.07616	1.07451	1.07472	21964
2023-06-12 15:00:00	1.07473	1.07568	1.07443	1.0746	15822
2023-06-12 16:00:00	1.0746	1.07517	1.07439	1.07485	10973
2023-06-12 17:00:00	1.07486	1.0754	1.07448	1.07534	9450
2023-06-12 18:00:00	1.07535	1.07591	1.07503	1.07559	8030
2023-06-12 19:00:00	1.07559	1.07634	1.07559	1076	8041
2023-06-12 20:00:00	1.07601	1.07603	1.07565	1.07566	3065
2023-06-12 21:00:00	1.07566	1.07571	1.07546	1.07566	988
2023-06-12 22:00:00	1.07567	1.07614	1.07566	1.07599	2339
2023-06-12 23:00:00	1.07598	1.07641	1.07591	1.07622	4887
2023-06-13 00:00:00	1.07621	1.07667	1.07595	1.07604	6624
2023-06-13 01:00:00	1.07603	1.07683	1.07591	1.07675	8224
2023-06-13 02:00:00	1.07676	1.07757	1.0766	1.07742	7129
2023-06-13 03:00:00	1.07743	1.07801	1.07741	1.0779	7915
2023-06-13 04:00:00	1.0779	1.07831	1.0776	1.0782	5532
2023-06-13 05:00:00	1.0782	1.0796	1.07813	1.07826	14606
2023-06-13 06:00:00	1.07828	1.07978	1.07814	1.07927	16434
2023-06-13 07:00:00	1.07924	1.08075	1.07924	1.07995	20472
2023-06-13 08:00:00	1.07995	1.08082	1.07942	1.08074	12344
2023-06-13 09:00:00	1.08073	1.08104	1.08005	1.08057	12813
2023-06-13 10:00:00	1.08056	1.08068	1.07951	1.07984	11502
2023-06-13 11:00:00	1.07985	1.07989	1.07919	1.07941	11859
2023-06-13 12:00:00	1.07941	1.08234	1.07824	1.08141	42455
2023-06-13 13:00:00	1.08142	1.08179	1.07921	1.0794	31215
2023-06-13 14:00:00	1.07939	1.08077	1.07781	1.08019	26233
2023-06-13 15:00:00	1.08019	1.08089	1.07861	1.07911	18058
2023-06-13 16:00:00	1.07912	1.08035	1079	1.08023	10901
2023-06-13 17:00:00	1.08023	1.08043	1.07868	1.07889	9095
2023-06-13 18:00:00	1.07888	1.07907	1.07828	1.07901	9008
2023-06-13 19:00:00	1079	1.07957	1.07846	1.07917	7681
2023-06-13 20:00:00	1.07918	1.07931	1.07904	1.07929	3279
2023-06-13 21:00:00	1.07929	1.0793	1.07886	1.07887	1109
2023-06-13 22:00:00	1.0789	1.07922	1.07881	1.07914	4056
2023-06-13 23:00:00	1.07914	1.07919	1.07881	1.07895	2398
2023-06-14 00:00:00	1.07896	1.07929	1.07856	1079	7155
2023-06-14 01:00:00	1079	1.0795	1.0788	1.07938	9196
2023-06-14 02:00:00	1.07938	1.0796	1.07903	1.07957	7222
2023-06-14 03:00:00	1.07957	1.0796	1.07885	1.07899	5552
2023-06-14 04:00:00	1.07899	1.07918	1.07846	1.07895	5095
2023-06-14 05:00:00	1.07895	1.07902	1.07739	1.0776	11728
2023-06-14 06:00:00	1.07763	1.07875	1.07763	1.07852	10765
2023-06-14 07:00:00	1.07853	1.07967	1.07853	1.07896	13084
2023-06-14 08:00:00	1.07895	1.08047	1.07858	1.08018	10906
2023-06-14 09:00:00	1.08017	1.08099	1.07966	1.08043	10989
2023-06-14 10:00:00	1.08043	1.08097	1.08021	1.08065	9613
2023-06-14 11:00:00	1.08066	1.08076	1.08018	1.08032	9548
2023-06-14 12:00:00	1.08033	1.08333	1.08033	1.08311	19826
2023-06-14 13:00:00	1.08311	1.0845	1.08272	1.08447	22177
2023-06-14 14:00:00	1.08447	1.08563	1.08414	1.08557	16628
2023-06-14 15:00:00	1.08555	1.0858	1.08482	1.08577	12489
2023-06-14 16:00:00	1.08577	1.0864	1.08551	1.08623	9069
2023-06-14 17:00:00	1.08622	1.08629	1.08523	1.08553	11272
2023-06-14 18:00:00	1.08545	1.08545	1.08013	1.08343	60116
2023-06-14 19:00:00	1.08344	1.0844	1.08208	1.08266	33785
2023-06-14 20:00:00	1.08265	1.08353	1.08247	1.08282	4599
2023-06-14 21:00:00	1.08289	1.08324	1.08274	1.08318	875
2023-06-14 22:00:00	1.08319	1.08352	1.08308	1.08322	1869
2023-06-14 23:00:00	1.08322	1.08428	1.08316	1.08427	3271
2023-06-15 00:00:00	1.08427	1.08444	1.08369	1.08381	5726
2023-06-15 01:00:00	1.08381	1.08381	1.08101	1.08108	15470
2023-06-15 02:00:00	1.08108	1.08157	1.08081	1.08133	11266
2023-06-15 03:00:00	1.08132	1.08157	1.08107	1.08132	6486
2023-06-15 04:00:00	1.08132	1.08149	1.08099	1.08115	5964
2023-06-15 05:00:00	1.08115	1.08233	1.08056	1.08183	11951
2023-06-15 06:00:00	1.08182	1.08206	1.08036	1.08103	15958
2023-06-15 07:00:00	1.08104	1.08288	1.08057	1.08269	14692
2023-06-15 08:00:00	1.08267	1.08373	1.08244	1.08327	11839
2023-06-15 09:00:00	1.0833	1.08475	1.08311	1.08475	14213
2023-06-15 10:00:00	1.08474	1.08487	1.08344	1.08421	10636
2023-06-15 11:00:00	1.08422	1.08432	1.08177	1.08177	13783
2023-06-15 12:00:00	1.08178	1.08809	1.08144	1.08643	44412
2023-06-15 13:00:00	1.08641	1.09007	1.08584	1.08992	37186
2023-06-15 14:00:00	1.0899	1.09213	1.0899	1.09105	26599
2023-06-15 15:00:00	1.09103	1.09356	1.09098	1.09326	17757
2023-06-15 16:00:00	1.09326	1.0945	1.0932	1.09436	12373
2023-06-15 17:00:00	1.09435	1.09499	1.09394	1.09429	8480
2023-06-15 18:00:00	1.0943	1.09511	1.09418	1.09502	8924
2023-06-15 19:00:00	1.09502	1.09525	1.09452	1.09476	10466
2023-06-15 20:00:00	1.09476	1.09491	1.09444	1.09448	2756
2023-06-15 21:00:00	1.09448	1.09448	1.09412	1.09415	364
2023-06-15 22:00:00	1.0944	1.09492	1.09437	1.09489	4125
2023-06-15 23:00:00	1.0949	1.0951	1.09451	1.09455	5942
2023-06-16 00:00:00	1.09455	1.09507	1.09398	1.0942	8240
2023-06-16 01:00:00	1.09421	1.09482	1.09399	1.09434	9932
2023-06-16 02:00:00	1.09433	1.09456	1.09354	1.09362	10918
2023-06-16 03:00:00	1.09362	1.09425	1.09362	1.09381	8611
2023-06-16 04:00:00	1.09382	1.09429	1.09366	1.09387	5741
2023-06-16 05:00:00	1.09387	1.09449	1.09374	1.09396	10172
2023-06-16 06:00:00	1.09395	1.09624	1.09392	1.0947	18760
2023-06-16 07:00:00	1.09471	1.09521	1.09339	1.09426	18767
2023-06-16 08:00:00	1.09425	1.09534	1.09381	1.09504	16487
2023-06-16 09:00:00	1.09504	1.09511	1.09396	1.09493	13199
2023-06-16 10:00:00	1.09492	1.09499	1.0943	1.09443	9486
2023-06-16 11:00:00	1.09443	1.09658	1.09443	1.09603	13545
2023-06-16 12:00:00	1.09602	1.09704	1.09475	1.09509	21341
2023-06-16 13:00:00	1.09508	1.09583	1.09424	1.09533	24256
2023-06-16 14:00:00	1.09533	1.0967	1.09178	1.0925	42912
2023-06-16 15:00:00	1.09252	1.09316	1.09217	1.0924	21211
2023-06-16 16:00:00	1.0924	1.09338	1.09239	1.09338	10997
2023-06-16 17:00:00	1.09337	1.09395	1.09319	1.09393	7511
2023-06-16 18:00:00	1.09392	1.09454	1.09371	1.09445	9284
2023-06-16 19:00:00	1.09444	1.09444	1.09346	1.09351	6012
2023-06-16 20:00:00	1.09351	1.09426	1.09346	1.09376	4583
2023-06-18 21:00:00	1.09302	1.09403	1.09301	1.09392	725
2023-06-18 22:00:00	1.09353	1.09429	1.09348	1.09425	2627
2023-06-18 23:00:00	1.09426	1.09428	1.09385	1.09397	4493
2023-06-19 00:00:00	1.09398	1.09462	1.09346	1.09367	8607
2023-06-19 01:00:00	1.09367	1.09405	1.09335	1.09366	10436
2023-06-19 02:00:00	1.09366	1.09407	1.09361	1.09363	6472
2023-06-19 03:00:00	1.09363	1.09379	1.09337	1.09369	7619
2023-06-19 04:00:00	1.09369	1.0937	1.09321	1.09347	8479
2023-06-19 05:00:00	1.09349	1.09412	1.09317	1.09401	9934
2023-06-19 06:00:00	1.09401	1.09402	1.09275	1.09293	16480
2023-06-19 07:00:00	1.09295	1.09374	1.09249	1.09292	17846
2023-06-19 08:00:00	1.09292	1.09385	1.0927	1.09294	14723
2023-06-19 09:00:00	1.09295	1.09296	1.09099	1.09106	13861
2023-06-19 10:00:00	1.09107	1.09196	1.0907	1.09195	10243
2023-06-19 11:00:00	1.09196	1.09273	1.09168	1.09211	9209
2023-06-19 12:00:00	1.09212	1.09294	1.09194	1.09258	11860
2023-06-19 13:00:00	1.09258	1.0926	1.09168	1.09182	12310
2023-06-19 14:00:00	1.09183	1.09262	1.09121	1.09228	13426
2023-06-19 15:00:00	1.09227	1.09288	1.09214	1.09218	8023
2023-06-19 16:00:00	1.09219	1.09261	1.09157	1.09161	5668
2023-06-19 17:00:00	1.09162	1.09191	1.09158	1.09174	2469
2023-06-19 18:00:00	1.09173	1.0921	1.09161	1.09191	1377
2023-06-19 19:00:00	1.09191	1.09206	1.09182	1.09183	1025
2023-06-19 20:00:00	1.09184	1.09223	1.09174	1092	996
2023-06-19 21:00:00	1.09201	1.09218	1.09189	1.09218	695
2023-06-19 22:00:00	1.09206	1.09261	1.09206	1.09226	2662
2023-06-19 23:00:00	1.09225	1.09246	1.09189	1.09235	2738
2023-06-20 00:00:00	1.09234	1.09261	1.09169	1092	10063
2023-06-20 01:00:00	1.09199	1.09221	1.0911	1.09131	14441
2023-06-20 02:00:00	1.09131	1.09237	1.09106	1.09223	14652
2023-06-20 03:00:00	1.09221	1.09237	1.09187	1.09197	7753
2023-06-20 04:00:00	1.09197	1.09204	1.09128	1.09136	8671
2023-06-20 05:00:00	1.09136	1.09262	1.09116	1.09262	11196
2023-06-20 06:00:00	1.09262	1.09322	1.09195	1.09215	19361
2023-06-20 07:00:00	1.09215	1.09461	1.0915	1.09438	24327
2023-06-20 08:00:00	1.09436	1.09447	1.09317	1.09378	18371
2023-06-20 09:00:00	1.09378	1.09399	1.09227	1.0925	17750
2023-06-20 10:00:00	1.0925	1.09342	1.09247	1.09281	14392
2023-06-20 11:00:00	1.09281	1.09321	1.09219	1.09287	14553
2023-06-20 12:00:00	1.09288	1.09357	1.09121	1.09193	25090
2023-06-20 13:00:00	1.09192	1.09245	1.09062	1.09164	31803
2023-06-20 14:00:00	1.09163	1.09206	1.08921	1.09013	34317
2023-06-20 15:00:00	1.09013	1.09095	1.08996	1.08996	22156
2023-06-20 16:00:00	1.08996	1.09161	1.08953	1.09151	14504
2023-06-20 17:00:00	1.09149	1.09168	1.0912	1.09152	8870
2023-06-20 18:00:00	1.09154	1.09175	1.09114	1.09171	11363
2023-06-20 19:00:00	1.09169	1.09174	1.09097	1.09126	8539
2023-06-20 20:00:00	1.09126	1.09184	1.09122	1.09173	2485
2023-06-20 21:00:00	1.0917	1.09217	1.09167	1.0918	443
2023-06-20 22:00:00	1.0918	1.09204	1.0918	1.09197	2693
2023-06-20 23:00:00	1.09196	1.09222	1.09182	1.09198	5235
2023-06-21 00:00:00	1.09197	1.09199	1.09145	1.09159	12246
2023-06-21 01:00:00	1.09159	1.09168	1.09117	1.09141	13451
2023-06-21 02:00:00	1.0914	1.0921	1.09118	1.09124	13146
2023-06-21 03:00:00	1.09125	1.09161	1.09124	1.09149	10803
2023-06-21 04:00:00	1.09149	1.09194	1.09139	1.09161	8534
2023-06-21 05:00:00	1.09161	1.09175	1.09102	1.09122	11654
2023-06-21 06:00:00	1.09118	1.09167	1.09058	1091	21538
2023-06-21 07:00:00	1.09102	1.09197	1.0909	1.09128	17771
2023-06-21 08:00:00	1.09127	1.09336	1.09093	1.09248	20559
2023-06-21 09:00:00	1.09249	1.09297	1.09163	1.09165	16996
2023-06-21 10:00:00	1.09164	1.09257	1.09135	1.09183	13547
2023-06-21 11:00:00	1.09182	1.09267	1.09162	1.09242	14226
2023-06-21 12:00:00	1.09241	1.09256	1.09081	1.0925	26433
2023-06-21 13:00:00	1.09249	1.09309	1.09105	1.09266	29132
2023-06-21 14:00:00	1.09266	1.09639	1.09229	1.09546	33739
2023-06-21 15:00:00	1.09546	1.09562	1.09433	1.09505	20843
2023-06-21 16:00:00	1.09504	1.09736	1.09496	1.09705	14912
2023-06-21 17:00:00	1.09706	1.09793	1.09671	1.09773	12872
2023-06-21 18:00:00	1.09774	1.09899	1.09761	1.09847	12322
2023-06-21 19:00:00	1.09847	1.09894	1.09815	1.09879	13060
2023-06-21 20:00:00	1.09878	1.09909	1.09851	1.09859	5325
2023-06-21 21:00:00	1.09859	1.09859	1.0982	1.09836	1239
2023-06-21 22:00:00	1.09842	1.09907	1.09833	1.09905	3454
2023-06-21 23:00:00	1.09905	1.09923	1.09896	1.09915	4759
2023-06-22 00:00:00	1.09916	1.09921	1.09866	1.09883	11046
2023-06-22 01:00:00	1.09884	1.09949	1.0987	1.09935	7218
2023-06-22 02:00:00	1.09936	1.09936	1.09883	1.09935	7583
2023-06-22 03:00:00	1.09935	1.09943	1.0991	1.09929	7044
2023-06-22 04:00:00	1.09928	1.09938	1.09865	1.09872	7650
2023-06-22 05:00:00	1.09873	1.09905	1.09848	1.09858	10682
2023-06-22 06:00:00	1.0986	1.09905	1.09806	1.09826	12888
2023-06-22 07:00:00	1.09826	1.09999	1.09797	1.09943	21224
2023-06-22 08:00:00	1.09943	1.10035	1.09872	1.09929	19123
2023-06-22 09:00:00	1.09928	1.10039	1.09921	1.10018	12418
2023-06-22 10:00:00	1.10018	1.10081	1.10002	1.10044	11053
2023-06-22 11:00:00	1.10045	1.10122	1.0988	1.09892	29000
2023-06-22 12:00:00	1.09891	1.10016	1.09803	1.09824	26461
2023-06-22 13:00:00	1.09822	1.0985	1.0968	1.09811	30950
2023-06-22 14:00:00	1.09811	1.0989	1.09585	1.09591	32862
2023-06-22 15:00:00	1.09591	1.09666	1.09522	1.09525	26463
2023-06-22 16:00:00	1.09524	1.09567	1.09485	1.09545	13435
2023-06-22 17:00:00	1.09546	1.0958	1095	1.09572	11857
2023-06-22 18:00:00	1.09573	1.09603	1.09511	1.0959	9624
2023-06-22 19:00:00	1.09591	1.09616	1.09543	1.0958	10064
2023-06-22 20:00:00	1.0958	1.09585	1.0953	1.09553	3972
2023-06-22 21:00:00	1.09548	1.09577	1.09536	1.09547	1196
2023-06-22 22:00:00	1.09566	1.09566	1.09529	1.09533	2344
2023-06-22 23:00:00	1.09533	1.09576	1.09532	1.09554	6097
2023-06-23 00:00:00	1.09555	1.09585	1.09526	1.0955	9140
2023-06-23 01:00:00	1.0955	1.09561	1.09458	1.09467	15131
2023-06-23 02:00:00	1.09467	1.09467	1.09321	1.09385	12291
2023-06-23 03:00:00	1.09385	1.09404	1.09348	1.09356	9337
2023-06-23 04:00:00	1.09356	1.09368	1.09287	1.0933	11679
2023-06-23 05:00:00	1.0933	1.09339	1.09271	1.09325	13411
2023-06-23 06:00:00	1.09325	1.09333	1.09205	1.09231	9912
2023-06-23 07:00:00	1.09231	1.09259	1.08532	1.08685	36207
2023-06-23 08:00:00	1.08688	1.08744	1.08485	1.08491	27244
2023-06-23 09:00:00	1.0849	1.08621	1.08443	1.08606	17348
2023-06-23 10:00:00	1.08607	1.08721	1.08606	1.08681	12019
2023-06-23 11:00:00	1.08681	1.08792	1.08661	1.08761	11547
2023-06-23 12:00:00	1.08762	1.08957	1.08761	1.08871	25907
2023-06-23 13:00:00	1.08873	1.09025	1.08832	1.08833	36980
2023-06-23 14:00:00	1.08832	1.08984	1.0879	1.08825	32336
2023-06-23 15:00:00	1.08823	1.08922	1.08788	1.08862	16331
2023-06-23 16:00:00	1.08862	1.08896	1.08827	1.08856	10784
2023-06-23 17:00:00	1.08858	1.08962	1.08858	1.08947	9418
2023-06-23 18:00:00	1.08947	1.0895	1.08885	1.0892	9212
2023-06-23 19:00:00	1.08917	1.08943	1.08872	1.0891	8795
2023-06-23 20:00:00	1.0891	1.08962	1089	1.08905	5773
2023-06-25 21:00:00	1.09042	1.09048	1.08978	1.09004	554
2023-06-25 22:00:00	1.09007	1.0907	1.08978	1.09063	8651
2023-06-25 23:00:00	1.09063	1.09064	1.09029	1.09062	5890
2023-06-26 00:00:00	1.09064	1.09093	1.08988	1.09053	14274
2023-06-26 01:00:00	1.09052	1.09097	1.09017	1.09037	15542
2023-06-26 02:00:00	1.09036	1.09091	1.09032	1.09046	11261
2023-06-26 03:00:00	1.09046	1.09093	1.09038	1.0906	8496
2023-06-26 04:00:00	1.09061	1.09081	1.08997	1.09024	6932
2023-06-26 05:00:00	1.09024	1.09098	1.09021	1.09068	9491
2023-06-26 06:00:00	1.09068	1.09109	1.08977	1.09031	14190
2023-06-26 07:00:00	1.09032	1.09083	1.08955	1.09021	23757
2023-06-26 08:00:00	1.09021	1.09034	1.08873	1.08919	21530
2023-06-26 09:00:00	1.08918	1.09011	1.08907	1.08965	14007
2023-06-26 10:00:00	1.08964	1.09072	1.08939	1.09044	9871
2023-06-26 11:00:00	1.09043	1.09179	1.09029	1.09177	10883
2023-06-26 12:00:00	1.09176	1092	1.0914	1.09174	12377
2023-06-26 13:00:00	1.09174	1.09199	1.0908	1.09125	16198
2023-06-26 14:00:00	1.09126	1.09159	1.09026	1.09081	20357
2023-06-26 15:00:00	1.09082	1.09177	1.09055	1.09093	12447
2023-06-26 16:00:00	1.09092	1.09099	1.08999	1.09086	10351
2023-06-26 17:00:00	1.09087	1.0913	1.09064	1.09099	7257
2023-06-26 18:00:00	1.09099	1.09152	1.09084	1.09148	7522
2023-06-26 19:00:00	1.09148	1.09151	1.09041	1.09061	7966
2023-06-26 20:00:00	1.0906	1.09085	1.0904	1.09053	2841
2023-06-26 21:00:00	1.09055	1.0908	1.09047	1.09057	892
2023-06-26 22:00:00	1.09057	1.09119	1.09057	1.09107	2783
2023-06-26 23:00:00	1.09108	1.09109	1.09075	1.09099	4628
2023-06-27 00:00:00	1.09097	1.09113	1.09021	1.09045	8696
2023-06-27 01:00:00	1.09046	1.0935	1.09037	1.09241	17012
2023-06-27 02:00:00	1.0924	1.09242	1.09175	1.09228	12153
2023-06-27 03:00:00	1.09228	1.0929	1.09215	1.09266	9086
2023-06-27 04:00:00	1.09265	1.09286	1.09231	1.09232	8565
2023-06-27 05:00:00	1.09231	1.09271	1.09174	1.09177	10550
2023-06-27 06:00:00	1.09175	1.09333	1.09161	1.0931	14053
2023-06-27 07:00:00	1.0931	1.09414	1.09291	1.09394	19372
2023-06-27 08:00:00	1.09393	1.09438	1.09347	1.09395	20428
2023-06-27 09:00:00	1.09394	1.09446	1.0926	1.09409	16145
2023-06-27 10:00:00	1.09409	1.09528	1.09385	1.09513	13452
2023-06-27 11:00:00	1.09514	1.09522	1.09427	1.09444	16160
2023-06-27 12:00:00	1.09445	1.09719	1.09443	1.09651	28460
2023-06-27 13:00:00	1.09653	1.09766	1.09616	1.09658	30051
2023-06-27 14:00:00	1.09657	1.09681	1.09422	1.09488	36796
2023-06-27 15:00:00	1.09489	1.09628	1.09458	1.09598	15794
2023-06-27 16:00:00	1.09598	1.09655	1.09571	1.09587	14762
2023-06-27 17:00:00	1.09586	1.09638	1.0955	1.09618	9324
2023-06-27 18:00:00	1.09619	1.09625	1.0958	1.09597	10291
2023-06-27 19:00:00	1.09597	1.09639	1.09592	1.09625	8535
2023-06-27 20:00:00	1.09625	1.09632	1.09597	1.09605	2770
2023-06-27 21:00:00	1.09602	1.09616	1.09592	1.09598	807
2023-06-27 22:00:00	1.09598	1.09627	1.09563	1.0957	3838
2023-06-27 23:00:00	1.0957	1.09583	1.09546	1.09575	6829
2023-06-28 00:00:00	1.09574	1.09614	1.09526	1.09546	12593
2023-06-28 01:00:00	1.09548	1.09562	1.09461	1.09463	17094
2023-06-28 02:00:00	1.09461	1.09507	1.09421	1.09492	12324
2023-06-28 03:00:00	1.09492	1.09544	1.09486	1.09508	10502
2023-06-28 04:00:00	1.09508	1.09534	1.09462	1.09486	8939
2023-06-28 05:00:00	1.09487	1.09547	1.09467	1.09533	9599
2023-06-28 06:00:00	1.09532	1.09548	1.0936	1.09381	16386
2023-06-28 07:00:00	1.09383	1.09568	1.09383	1.09525	17483
2023-06-28 08:00:00	1.09525	1.09604	1.09455	1.09527	20652
2023-06-28 09:00:00	1.09527	1.09589	1.09441	1.09474	18351
2023-06-28 10:00:00	1.09474	1.09621	1.09453	1.09545	12780
2023-06-28 11:00:00	1.09545	1.09557	1.09375	1.09403	16528
2023-06-28 12:00:00	1.09405	1.09445	1.09259	1.09276	23277
2023-06-28 13:00:00	1.09276	1.09443	1.09236	1.09347	31701
2023-06-28 14:00:00	1.09347	1.09367	1.08968	1.08985	38325
2023-06-28 15:00:00	1.08984	1.0917	1.08979	1.09034	22944
2023-06-28 16:00:00	1.09033	1.09184	1.09029	1.09109	14190
2023-06-28 17:00:00	1.09109	1.09175	1.09098	1.09149	11873
2023-06-28 18:00:00	1.09149	1.09238	1.09149	1.09224	9035
2023-06-28 19:00:00	1.09223	1.09223	1.09138	1.09159	10855
2023-06-28 20:00:00	1.0916	1.09168	1.09111	1.09125	3850
2023-06-28 21:00:00	1.09124	1.0914	1.09116	1.09129	1106
2023-06-28 22:00:00	1.09125	1.09153	1.09125	1.09137	1377
2023-06-28 23:00:00	1.09137	1.09187	1.09136	1.09151	3853
2023-06-29 00:00:00	1.09151	1.09161	1.09011	1.09068	10708
2023-06-29 01:00:00	1.09069	1.09144	1.09057	1.09063	14597
2023-06-29 02:00:00	1.09062	1.09064	1.08932	1.08934	12069
2023-06-29 03:00:00	1.08934	1.08957	1.08905	1.08929	8162
2023-06-29 04:00:00	1.08929	1.08932	1.08807	1.08854	10233
2023-06-29 05:00:00	1.08853	1.08945	1.08839	1.0894	13655
2023-06-29 06:00:00	1.08939	1.09001	1.08897	1.08973	16415
2023-06-29 07:00:00	1.08977	1.09206	1.08976	1.09165	23967
2023-06-29 08:00:00	1.09164	1.09218	1.09104	1.09143	17189
2023-06-29 09:00:00	1.09145	1.09192	1.09116	1.09167	10602
2023-06-29 10:00:00	1.09167	1.09277	1.09163	1.09276	9161
2023-06-29 11:00:00	1.09276	1.09397	1.09258	1.09385	10748
2023-06-29 12:00:00	1.09384	1.09414	1.08732	1.0881	35935
2023-06-29 13:00:00	1.08811	1.08852	1.08601	1.08688	35858
2023-06-29 14:00:00	1.08691	1.08939	1.08689	1.08896	38989
2023-06-29 15:00:00	1.08895	1.08966	1.08787	1.08804	23309
2023-06-29 16:00:00	1.08803	1.08836	1.08686	1.08706	13369
2023-06-29 17:00:00	1.08706	1.08749	1.08682	1.08724	8902
2023-06-29 18:00:00	1.08723	1.08726	1.08655	1.08669	10515
2023-06-29 19:00:00	1.0867	1.08719	1.08665	1.08692	8560
2023-06-29 20:00:00	1.08691	1.08695	1.08622	1.08624	4280
2023-06-29 21:00:00	1.08623	1.0866	1.0861	1.08633	828
2023-06-29 22:00:00	1.08635	1.08668	1.08624	1.08653	4109
2023-06-29 23:00:00	1.08654	1.08679	1.08644	1.08673	3797
2023-06-30 00:00:00	1.08673	1.08739	1.08634	1.0872	10858
2023-06-30 01:00:00	1.08721	1.08754	1.08602	1.08615	14777
2023-06-30 02:00:00	1.08615	1.08713	1.08611	1.08665	10070
2023-06-30 03:00:00	1.08664	1.08748	1.08657	1.08713	9989
2023-06-30 04:00:00	1.08713	1.08736	1.0868	1.08698	8411
2023-06-30 05:00:00	1.08698	1.08754	1.08668	1.08695	9973
2023-06-30 06:00:00	1.08695	1.08696	1.08566	1.08639	16789
2023-06-30 07:00:00	1.0864	1.08692	1.08533	1.08563	22021
2023-06-30 08:00:00	1.08562	1.08566	1.08352	1.08388	20626
2023-06-30 09:00:00	1.08387	1.08493	1.08356	1.08456	15568
2023-06-30 10:00:00	1.08456	1.08538	1.0841	1.08533	15252
2023-06-30 11:00:00	1.08532	1.08592	1.0849	1.08535	12072
2023-06-30 12:00:00	1.08537	1.08977	1.08531	1.08969	33624
2023-06-30 13:00:00	1.08968	1.09166	1.08962	1.09144	35401
2023-06-30 14:00:00	1.09144	1.09317	1.09086	1.09102	43733
2023-06-30 15:00:00	1.09101	1.09192	1.09065	1.0919	26161
2023-06-30 16:00:00	1.09192	1.09224	1.09121	1.09182	21256
2023-06-30 17:00:00	1.09183	1.09228	1.09098	1.09116	10962
2023-06-30 18:00:00	1.09117	1.09158	1.09105	1.09108	9779
2023-06-30 19:00:00	1.0911	1.09146	1.09092	1.09129	8672
2023-06-30 20:00:00	1.0913	1.09131	1.09079	1.09095	5730
2023-07-02 21:00:00	1.09094	1.09114	1.09074	1.09089	200
2023-07-02 22:00:00	1.09089	1.0913	1.09084	1.09092	3572
2023-07-02 23:00:00	1.09092	1.09102	1.09064	1.09075	4863
2023-07-03 00:00:00	1.09075	1.09096	1.09004	1.09014	10328
2023-07-03 01:00:00	1.09014	1.09176	1.09011	1.0909	13741
2023-07-03 02:00:00	1.09092	1.09104	1.09064	1.09074	11230
2023-07-03 03:00:00	1.09074	1.09136	1.09064	1.09127	9939
2023-07-03 04:00:00	1.09127	1.09181	1.09125	1.09175	7781
2023-07-03 05:00:00	1.09174	1.0918	1.0903	1.09033	10900
2023-07-03 06:00:00	1.09032	1.09068	1.08881	1.08902	18491
2023-07-03 07:00:00	1089	1.08907	1.08702	1.08749	22914
2023-07-03 08:00:00	1.08748	1.0889	1.0873	1.08862	13494
2023-07-03 09:00:00	1.08862	1.08917	1.0876	1089	14130
2023-07-03 10:00:00	1089	1.08961	1.08813	1.0892	11128
2023-07-03 11:00:00	1.0892	1.09047	1.08871	1.08991	13826
2023-07-03 12:00:00	1.08989	1.09101	1.08937	1.09088	19228
2023-07-03 13:00:00	1.09089	1.09204	1.09042	1.09136	25614
2023-07-03 14:00:00	1.09132	1.09339	1.09026	1.09067	33961
2023-07-03 15:00:00	1.09066	1.09228	1.09018	1.09181	16262
2023-07-03 16:00:00	1.09181	1.09212	1.09136	1.09155	11353
2023-07-03 17:00:00	1.09158	1.09163	1.09083	1.09083	4541
2023-07-03 18:00:00	1.09086	1.09126	1.09086	1.09118	4511
2023-07-03 19:00:00	1.09118	1.09118	1.09092	1.09092	2131
2023-07-03 20:00:00	1.09092	1.09144	1.09088	1.09119	1184
2023-07-03 21:00:00	1.09119	1.09139	1091	1.09112	440
2023-07-03 22:00:00	1.0911	1.09153	1.09108	1.09125	2158
2023-07-03 23:00:00	1.09124	1.09149	1.09121	1.09128	2995
2023-07-04 00:00:00	1.09127	1.09136	1.09085	1.09097	6718
2023-07-04 01:00:00	1.09098	1.09163	1.0908	1.09107	6677
2023-07-04 02:00:00	1.09106	1.09113	1.09024	1.09055	6243
2023-07-04 03:00:00	1.09054	1.09091	1.09039	1.09044	4803
2023-07-04 04:00:00	1.09046	1.09054	1.09005	1.09005	8014
2023-07-04 05:00:00	1.09004	1.09011	1.08939	1.08953	7559
2023-07-04 06:00:00	1.08952	1.09146	1.08951	1.09146	11988
2023-07-04 07:00:00	1.09146	1.09146	1.08961	1.09027	16415
2023-07-04 08:00:00	1.09028	1.09045	1.08921	1.08954	11503
2023-07-04 09:00:00	1.08954	1.09029	1.08944	1.08985	10923
2023-07-04 10:00:00	1.08984	1.09038	1.08954	1.08959	8706
2023-07-04 11:00:00	1.08961	1.09021	1.08897	1.08982	7089
2023-07-04 12:00:00	1.08982	1.0901	1.08936	1.09006	11010
2023-07-04 13:00:00	1.09006	1.09011	1.08959	1.08997	8210
2023-07-04 14:00:00	1.08998	1.09074	1.08982	1.09018	8999
2023-07-04 15:00:00	1.09018	1.09027	1.08965	1.0901	7894
2023-07-04 16:00:00	1.09009	1.09012	1.08919	1.08943	7406
2023-07-04 17:00:00	1.08944	1.08971	1.08931	1.08938	1748
2023-07-04 18:00:00	1.08937	1.08959	1.08869	1.08873	1934
2023-07-04 19:00:00	1.08874	1.08878	1.08809	1.08832	2615
2023-07-04 20:00:00	1.08833	1.08835	1.08768	1.08778	1660
2023-07-04 21:00:00	1.08779	1.08821	1.08779	1.08791	914
2023-07-04 22:00:00	1.0879	1.08815	1.08773	1.08804	2154
2023-07-04 23:00:00	1.08804	1.08832	1.08794	1.08824	3261
2023-07-05 00:00:00	1.08827	1.08908	1.08825	1.08867	6592
2023-07-05 01:00:00	1.08866	1.0887	1.08762	1.08769	10003
2023-07-05 02:00:00	1.08769	1.08783	1.0875	1.08781	8053
2023-07-05 03:00:00	1.08782	1.08792	1.08751	1.08773	6373
2023-07-05 04:00:00	1.08774	1.08775	1.0875	1.08756	6636
2023-07-05 05:00:00	1.08755	1.08838	1.08677	1.08812	8903
2023-07-05 06:00:00	1.08814	1.08889	1.08713	1.08825	14669
2023-07-05 07:00:00	1.08826	1.09078	1.08823	1.08865	24946
2023-07-05 08:00:00	1.08865	1.0894	1.08662	1.08878	24008
2023-07-05 09:00:00	1.08878	1.08956	1.08754	1.08941	14593
2023-07-05 10:00:00	1.08943	1.08949	1.08774	1.08782	13968
2023-07-05 11:00:00	1.08782	1.08822	1.08753	1.0879	10533
2023-07-05 12:00:00	1.0879	1.09019	1.08756	1.08942	14923
2023-07-05 13:00:00	1.08942	1.09014	1.08856	1.08916	25935
2023-07-05 14:00:00	1.08914	1.0895	1.0867	1.08737	25658
2023-07-05 15:00:00	1.08736	1.0877	1.08649	1.0867	15314
2023-07-05 16:00:00	1.0867	1.0867	1.0859	1.08607	11719
2023-07-05 17:00:00	1.08608	1.08638	1.08582	1.08599	10829
2023-07-05 18:00:00	1.08598	1.08653	1.08509	1.08534	15174
2023-07-05 19:00:00	1.08535	1.08567	1.08525	1.0855	9593
2023-07-05 20:00:00	1.08548	1.08557	1.08529	1.08537	3102
2023-07-05 21:00:00	1.08535	1.08564	1.08526	1.08553	728
2023-07-05 22:00:00	1.08553	1.08571	1.08527	1.08529	2689
2023-07-05 23:00:00	1.08529	1.08561	1.0852	1.08551	3078
2023-07-06 00:00:00	1.08554	1.08559	1.08464	1.08489	9413
2023-07-06 01:00:00	1.08487	1.08506	1.08428	1085	10904
2023-07-06 02:00:00	1.08499	1.08534	1.08458	1.0847	9322
2023-07-06 03:00:00	1.0847	1.0847	1.08399	1084	8679
2023-07-06 04:00:00	1.08401	1.08435	1.08337	1.08431	11492
2023-07-06 05:00:00	1.08431	1.08563	1.08415	1.08553	12373
2023-07-06 06:00:00	1.08553	1.08691	1.08531	1.08672	17235
2023-07-06 07:00:00	1.08673	1.08753	1.08521	1.08556	23820
2023-07-06 08:00:00	1.08555	1.08656	1.08454	1.08642	23176
2023-07-06 09:00:00	1.0864	1.08686	1.08601	1.08616	17004
2023-07-06 10:00:00	1.08615	1.08899	1.08612	1.08867	22227
2023-07-06 11:00:00	1.08867	1.08977	1.08834	1.08952	18651
2023-07-06 12:00:00	1.08951	1.09006	1.08583	1.08737	53475
2023-07-06 13:00:00	1.08739	1.08877	1.08671	1.08833	42911
2023-07-06 14:00:00	1.08828	1.08828	1.08338	1.0868	41395
2023-07-06 15:00:00	1.0868	1.08781	1.08583	1.08722	24754
2023-07-06 16:00:00	1.08723	1.08859	1.08708	1.08723	17475
2023-07-06 17:00:00	1.08724	1.08821	1.08721	1.0882	9744
2023-07-06 18:00:00	1.08821	1.08856	1.08773	1.08807	8595
2023-07-06 19:00:00	1.08813	1.08888	1.08813	1.08883	7964
2023-07-06 20:00:00	1.08883	1.08924	1.08852	1.08883	3132
2023-07-06 21:00:00	1.08884	1.08889	1.08832	1.08882	209
2023-07-06 22:00:00	1.08887	1.08913	1.08884	1.08912	1690
2023-07-06 23:00:00	1.08912	1.08949	1.08896	1.08896	3868
2023-07-07 00:00:00	1.08895	1.08912	1.08823	1.08851	10044
2023-07-07 01:00:00	1.08849	1.08912	1.08848	1.08869	9311
2023-07-07 02:00:00	1.08869	1.08884	1.08834	1.08859	6989
2023-07-07 03:00:00	1.08859	1.08915	1.08858	1.08878	5991
2023-07-07 04:00:00	1.08876	1.08951	1.08855	1.0891	4921
2023-07-07 05:00:00	1.08912	1.0896	1.08863	1.08874	11088
2023-07-07 06:00:00	1.08875	1.09002	1.08812	1.08828	17584
2023-07-07 07:00:00	1.08828	1.0891	1.08717	1.08759	19398
2023-07-07 08:00:00	1.08758	1.08808	1.08669	1.08776	18220
2023-07-07 09:00:00	1.08776	1.08886	1.08699	1.08804	19397
2023-07-07 10:00:00	1.08803	1.08963	1.08778	1.08921	14633
2023-07-07 11:00:00	1.08922	1.0897	1.08874	1.08875	15099
2023-07-07 12:00:00	1.08878	1.09314	1.08744	1.09119	47829
2023-07-07 13:00:00	1.09118	1.09248	1.08953	1.09161	50919
2023-07-07 14:00:00	1.09162	1.09539	1.09096	1.09489	31510
2023-07-07 15:00:00	1.09489	1.09634	1.09446	1.09629	22551
2023-07-07 16:00:00	1.0963	1.09727	1.09629	1.09717	16002
2023-07-07 17:00:00	1.09716	1.09731	1.09662	1.09675	12122
2023-07-07 18:00:00	1.09675	1.09702	1.09656	1.09672	11053
2023-07-07 19:00:00	1.09672	1.09696	1.09631	1.09667	7620
2023-07-07 20:00:00	1.09666	1.09693	1.09646	1.09646	4714
2023-07-09 21:00:00	1.09593	1.09665	1.09563	1.09647	525
2023-07-09 22:00:00	1.09647	1.09697	1.09647	1.09664	5471
2023-07-09 23:00:00	1.09663	1.0968	1.09623	1.09669	6037
2023-07-10 00:00:00	1.0967	1.09689	1.09569	1.09641	11218
2023-07-10 01:00:00	1.09642	1.09695	1.09571	1.09603	13599
2023-07-10 02:00:00	1.09604	1.09632	1.09565	1.09605	11864
2023-07-10 03:00:00	1.09606	1.09622	1.09528	1.09559	9546
2023-07-10 04:00:00	1.0956	1.0958	1.09525	1.0953	9927
2023-07-10 05:00:00	1.09529	1.09561	1.0946	1.09461	12638
2023-07-10 06:00:00	1.09461	1.09547	1.0945	1.09503	15869
2023-07-10 07:00:00	1.09504	1.09655	1.09483	1.09544	17325
2023-07-10 08:00:00	1.09544	1.09655	1.09527	1.09646	13579
2023-07-10 09:00:00	1.09645	1.09733	1.09608	1.09619	16468
2023-07-10 10:00:00	1.09619	1.09651	1.09545	1.09593	13469
2023-07-10 11:00:00	1.09593	1.09621	1.09533	1.09538	14177
2023-07-10 12:00:00	1.09541	1.0958	1.09434	1.09469	19776
2023-07-10 13:00:00	1.0947	1.09712	1.0947	1.09669	23235
2023-07-10 14:00:00	1.0967	1.09802	1.09665	1.09746	29783
2023-07-10 15:00:00	1.09747	1.09927	1.09747	1099	17928
2023-07-10 16:00:00	1.09899	1.09911	1.09825	1.09893	14052
2023-07-10 17:00:00	1.09892	1.09966	1.09873	1.09952	10489
2023-07-10 18:00:00	1.09952	1.09994	1.09913	1.0999	12033
2023-07-10 19:00:00	1.09989	1.10003	1.09963	1.0998	9307
2023-07-10 20:00:00	1.09982	1.10014	1.09968	1.10008	3794
2023-07-10 21:00:00	1.10008	1.1001	1.09975	1.09995	315
2023-07-10 22:00:00	1.09993	1.10025	1.0999	1.1001	2511
2023-07-10 23:00:00	1.10011	1.10058	1.1001	1.10052	3452
2023-07-11 00:00:00	1.10053	1.10086	1.10014	1.10067	9229
2023-07-11 01:00:00	1.10067	1.1013	1.10056	1.10094	11346
2023-07-11 02:00:00	1.10093	1102	1.10062	1.10188	12395
2023-07-11 03:00:00	1.10187	1.10192	1.10119	1.10173	11493
2023-07-11 04:00:00	1.10173	1102	1.10151	1.10198	8851
2023-07-11 05:00:00	1.10198	1.1022	1.10061	1.10068	13747
2023-07-11 06:00:00	1.10073	1.10269	1.10072	1.10213	25529
2023-07-11 07:00:00	1.10213	1.10228	1.10075	1.1008	25137
2023-07-11 08:00:00	1.1008	1.10155	1.10022	1.10026	16523
2023-07-11 09:00:00	1.10026	1.10084	1.09971	1.10062	15377
2023-07-11 10:00:00	1.10063	1.10125	1.10038	1.10059	11270
2023-07-11 11:00:00	1.10059	1.10063	1.0983	1.09837	15898
2023-07-11 12:00:00	1.09836	1.09902	1.09768	1.09819	18699
2023-07-11 13:00:00	1.09818	1.09936	1.09794	1.0987	26356
2023-07-11 14:00:00	1.09871	1.09933	1.09783	1.09899	21998
2023-07-11 15:00:00	1.09899	1.09946	1.09862	1.09917	14719
2023-07-11 16:00:00	1.09916	1.10031	1.09909	1.10024	9697
2023-07-11 17:00:00	1.10024	1.1009	1.10021	1.10067	8666
2023-07-11 18:00:00	1.10065	1.10077	1.09975	1.09991	8199
2023-07-11 19:00:00	1.09992	1.10073	1.0999	1.10062	8326
2023-07-11 20:00:00	1.10062	1.10089	1.10049	1.10081	3682
2023-07-11 21:00:00	1.10081	1.10084	1.10059	1.10065	1690
2023-07-11 22:00:00	1.10068	1.10121	1.10065	1.10119	2557
2023-07-11 23:00:00	1.1012	1.10143	1.10111	1.10136	2887
2023-07-12 00:00:00	1.10137	1.10216	1.10119	1.10185	12920
2023-07-12 01:00:00	1.10185	1.10316	1.10184	1.1027	14610
2023-07-12 02:00:00	1.10271	1.10334	1.10253	1.10311	10716
2023-07-12 03:00:00	1.10312	1.10314	1.10265	1.10295	8886
2023-07-12 04:00:00	1.10295	1.10368	1.10292	1.10361	7051
2023-07-12 05:00:00	1.1036	1.10361	1.10254	1.10259	13368
2023-07-12 06:00:00	1.1026	1.10354	1.10206	1.10227	15768
2023-07-12 07:00:00	1.10227	1.10297	1.10215	1.10272	17784
2023-07-12 08:00:00	1.10271	1.10304	1.10216	1.10221	14281
2023-07-12 09:00:00	1.10219	1.10278	1.10182	1.10247	12116
2023-07-12 10:00:00	1.10246	1.10252	1.10184	1.1022	10740
2023-07-12 11:00:00	1.1022	1.10245	1.10136	1.10147	15391
2023-07-12 12:00:00	1.10149	1.10717	1.10148	1.1058	42185
2023-07-12 13:00:00	1.10582	1.11004	1.10562	1.10978	40370
2023-07-12 14:00:00	1.10978	1.11233	1.10888	1.11202	38670
2023-07-12 15:00:00	1.11203	1.11253	1.11107	1.1122	23783
2023-07-12 16:00:00	1.1122	1.11333	1.11202	1.11319	21259
2023-07-12 17:00:00	1.11318	1.11325	1.11244	1.11297	14596
2023-07-12 18:00:00	1.11299	1.11399	1.11278	1.11382	11823
2023-07-12 19:00:00	1.11382	1.11403	1.11333	1.1137	9855
2023-07-12 20:00:00	1.1137	1.1138	1.11283	1.11295	4830
2023-07-12 21:00:00	1.11295	1.11331	1.11268	1.11287	582
2023-07-12 22:00:00	1.11289	1.11371	1.11288	1.11352	3433
2023-07-12 23:00:00	1.11351	1.11405	1.11341	1.11405	3360
2023-07-13 00:00:00	1.11406	1.11451	1.11376	1.11383	9042
2023-07-13 01:00:00	1.11382	1.11455	1.11363	1.11448	12636
2023-07-13 02:00:00	1.11449	1.11474	1.11392	1.1146	10805
2023-07-13 03:00:00	1.1146	1.11486	1.11423	1.11456	8574
2023-07-13 04:00:00	1.11456	1.11485	1.11405	1.11409	7688
2023-07-13 05:00:00	1.11408	1.11432	1.11298	1.11309	12436
2023-07-13 06:00:00	1.11309	1115	1.11307	1.11483	23561
2023-07-13 07:00:00	1.11482	1.11577	1.11361	1.11553	23735
2023-07-13 08:00:00	1.11553	1.11699	1.11502	1.11608	19643
2023-07-13 09:00:00	1.11608	1.11742	1.1155	1.11727	15781
2023-07-13 10:00:00	1.11728	1.11735	1.11594	1.11714	13895
2023-07-13 11:00:00	1.11713	1.11778	1.11684	1.11742	12759
2023-07-13 12:00:00	1.11742	1.11897	1.11615	1.11795	39234
2023-07-13 13:00:00	1.11797	1.11949	1.11761	1.11942	35072
2023-07-13 14:00:00	1.11943	1.11959	1.11806	1.11957	26612
2023-07-13 15:00:00	1.11959	1.11965	1.11858	1.11927	20525
2023-07-13 16:00:00	1.11928	1.12087	1.11917	1.12056	13389
2023-07-13 17:00:00	1.12056	1.12185	1.12023	1.12156	13057
2023-07-13 18:00:00	1.12155	1.12225	1.1213	1.12224	13452
2023-07-13 19:00:00	1.12225	1.1227	1.12194	1.12263	10172
2023-07-13 20:00:00	1.12262	1.12278	1.1224	1.12258	3766
2023-07-13 21:00:00	1.12252	1.12254	1.12168	1.12241	857
2023-07-13 22:00:00	1.12242	1.12296	1.12228	1.12245	3442
2023-07-13 23:00:00	1.12244	1.1228	1.12217	1.12234	6503
2023-07-14 00:00:00	1.12235	1.12247	1.12134	1.12226	16199
2023-07-14 01:00:00	1.12227	1.12336	1.12221	1.12329	19802
2023-07-14 02:00:00	1.12328	1.12386	1.12311	1.12353	13453
2023-07-14 03:00:00	1.12353	1.12429	1.12335	1.12413	13057
2023-07-14 04:00:00	1.12413	1.12413	1.12326	1.1233	11937
2023-07-14 05:00:00	1.12329	1.12351	1.12184	1.12192	14144
2023-07-14 06:00:00	1.12195	1.12256	1.12055	1121	20553
2023-07-14 07:00:00	1121	1.12216	1.12041	1.12214	20018
2023-07-14 08:00:00	1.12213	1.12357	1.12212	1.12311	16723
2023-07-14 09:00:00	1.12312	1.12448	1.12261	1.12267	14085
2023-07-14 10:00:00	1.12266	1.12266	1.12154	1.12202	15198
2023-07-14 11:00:00	1.12204	1.12342	1.12193	1.12242	13462
2023-07-14 12:00:00	1.12243	1.12269	1.12101	1.12257	20223
2023-07-14 13:00:00	1.12257	1.1244	1.12175	1.12396	22791
2023-07-14 14:00:00	1.12395	1.12442	1.12153	1.12417	41582
2023-07-14 15:00:00	1.12418	1.12441	1.12349	1.12355	14979
2023-07-14 16:00:00	1.12356	1.1243	1.1233	1.12394	10578
2023-07-14 17:00:00	1.12395	1.12395	1.12265	1.1234	10622
2023-07-14 18:00:00	1.12341	1.12366	1.12315	1.1234	11271
2023-07-14 19:00:00	1.1234	1.1234	1.12258	1.12259	7467
2023-07-14 20:00:00	1.12258	1.12294	1.12231	1.12235	5876
2023-07-16 21:00:00	1.12284	1.1234	1.12238	1.12281	379
2023-07-16 22:00:00	1.12273	1.12315	1.12245	1.12254	2374
2023-07-16 23:00:00	1.12253	1.12293	1.12232	1.12273	6948
2023-07-17 00:00:00	1.12271	1.12296	1.1223	1.12245	7137
2023-07-17 01:00:00	1.12247	1.12273	1.12171	1.12178	10672
2023-07-17 02:00:00	1.12177	1.1228	1.12147	1.12264	6915
2023-07-17 03:00:00	1.12265	1.12285	1.12244	1.12264	6264
2023-07-17 04:00:00	1.12263	1.12275	1.12223	1.12268	5550
2023-07-17 05:00:00	1.12271	1.12345	1.1222	1.12324	7412
2023-07-17 06:00:00	1.12325	1124	1.12224	1.12333	11587
2023-07-17 07:00:00	1.12335	1.1245	1.12295	1.12447	11917
2023-07-17 08:00:00	1.12448	1.12487	1.12363	1.12379	11711
2023-07-17 09:00:00	1.12378	1.12448	1.12347	1.12433	11822
2023-07-17 10:00:00	1.12434	1.12434	1.12307	1.12311	10707
2023-07-17 11:00:00	1.12312	1.12377	1.12291	1.1234	7339
2023-07-17 12:00:00	1.12338	1.1237	1.12207	1.12354	26788
2023-07-17 13:00:00	1.12354	1.12357	1.12033	1.12213	23045
2023-07-17 14:00:00	1.12213	1.12332	1.12176	1.12317	15992
2023-07-17 15:00:00	1.1232	1.12378	1.12255	1.1235	8994
2023-07-17 16:00:00	1.12349	1.12382	1.12299	1.12329	5826
2023-07-17 17:00:00	1.12329	1.12443	1.12321	1.12403	5268
2023-07-17 18:00:00	1.12403	1.1244	1.12391	1.1243	7191
2023-07-17 19:00:00	1.12429	1.1246	1.12414	1.12436	5184
2023-07-17 20:00:00	1.12438	1.12438	1.1235	1.1235	2999
2023-07-17 21:00:00	1.1235	1.12394	1.12326	1.12362	1495
2023-07-17 22:00:00	1.12362	1.12401	1.12355	1.12394	1453
2023-07-17 23:00:00	1.12394	1124	1.12368	1.12373	3536
2023-07-18 00:00:00	1.12374	1.12464	1.12345	1.12417	9498
2023-07-18 01:00:00	1.12419	1.12559	1.12386	1.12451	15506
2023-07-18 02:00:00	1.12452	1.12486	1.12434	1.12476	9315
2023-07-18 03:00:00	1.12475	1.12548	1.12445	1.12537	7119
2023-07-18 04:00:00	1.12539	1.12562	1.12503	1.12516	7514
2023-07-18 05:00:00	1.12516	1.12639	1.12493	1125	9921
2023-07-18 06:00:00	1.12502	1.12572	1.12403	1.12561	13433
2023-07-18 07:00:00	1.12561	1.12756	1.12431	1.12537	24772
2023-07-18 08:00:00	1.12538	1.12559	1.12279	1.1237	23401
2023-07-18 09:00:00	1.12372	1.12494	1.12368	1.12488	13551
2023-07-18 10:00:00	1.12489	1.12599	1.12469	1.12573	9510
2023-07-18 11:00:00	1.12572	1.12578	1.12417	1.12532	12181
2023-07-18 12:00:00	1.12533	1.12699	1.1223	1.12395	40373
2023-07-18 13:00:00	1.12396	1.12458	1.12167	1.12266	48736
2023-07-18 14:00:00	1.12265	1.12399	1.12249	1.12368	38631
2023-07-18 15:00:00	1.12367	1.12454	1.12212	1.12224	18412
2023-07-18 16:00:00	1.12225	1.12284	1.12089	1.12146	9990
2023-07-18 17:00:00	1.12145	1.1221	1.12091	1.12187	8034
2023-07-18 18:00:00	1.12185	1.12309	1.12136	1.12289	7719
2023-07-18 19:00:00	1.12288	1.12307	1.12243	1.12301	8400
2023-07-18 20:00:00	1.12302	1.12315	1.12269	1.12279	2854
2023-07-18 21:00:00	1.12277	1.12305	1.12252	1.12274	1324
2023-07-18 22:00:00	1.12274	1.12327	1.12274	1.12316	2577
2023-07-18 23:00:00	1.12316	1.1232	1.12251	1.12281	6785
2023-07-19 00:00:00	1.12282	1.12327	1.12271	1.12295	8490
2023-07-19 01:00:00	1.12297	1.12312	1.12215	1.12251	11882
2023-07-19 02:00:00	1.12253	1.12254	1.12161	1.12216	10874
2023-07-19 03:00:00	1.12216	1.12267	1.12201	1.12261	8235
2023-07-19 04:00:00	1.12262	1.12265	1.12196	1.12215	6139
2023-07-19 05:00:00	1.12218	1.12356	1.12201	1.1235	9149
2023-07-19 06:00:00	1.12352	1.12356	1.11959	1.12129	33236
2023-07-19 07:00:00	1.12128	1.12372	1.12124	1.12269	27318
2023-07-19 08:00:00	1.12269	1.12325	1122	1.12324	20868
2023-07-19 09:00:00	1.12325	1124	1.12255	1.12294	19263
2023-07-19 10:00:00	1.12294	1.12294	1.12156	1.12158	14749
2023-07-19 11:00:00	1.12159	1.12202	1.12099	1.12131	13153
2023-07-19 12:00:00	1.12131	1.12238	1.12088	1.12169	21680
2023-07-19 13:00:00	1.12171	1.12246	1.12132	1.12134	23914
2023-07-19 14:00:00	1.12134	1.12143	1.11742	1.11906	28551
2023-07-19 15:00:00	1.11907	1.11993	1.11895	1.11937	21749
2023-07-19 16:00:00	1.11939	1.1195	1118	1.1192	14629
2023-07-19 17:00:00	1.11919	1.11995	1.11901	1.1199	11334
2023-07-19 18:00:00	1.1199	1.12021	1.1195	1.12017	8592
2023-07-19 19:00:00	1.12017	1.12049	1.11984	1.12037	7954
2023-07-19 20:00:00	1.12036	1.12045	1.11977	1.11977	3146
2023-07-19 21:00:00	1.11972	1.12037	1.11961	1.12	2532
2023-07-19 22:00:00	1.12	1.12039	1.11992	1.12034	3042
2023-07-19 23:00:00	1.12035	1.12051	1.12023	1.12049	3981
2023-07-20 00:00:00	1.12048	1.12202	1.12037	1.1218	8994
2023-07-20 01:00:00	1.1218	1.12284	1.12154	1.12255	14773
2023-07-20 02:00:00	1.12257	1.12291	1.1221	1.12252	10196
2023-07-20 03:00:00	1.12251	1.12272	1.12185	1.12258	7811
2023-07-20 04:00:00	1.12259	1.12267	1122	1.12211	5293
2023-07-20 05:00:00	1.12211	1.12231	1.12133	1.12169	10051
2023-07-20 06:00:00	1.12169	1.12181	1.12054	1.12107	12460
2023-07-20 07:00:00	1.12106	1.12209	1.1198	1.12054	18846
2023-07-20 08:00:00	1.12053	1.12133	1.1201	1.12084	16280
2023-07-20 09:00:00	1.12083	1.12142	1.12049	1.12118	13737
2023-07-20 10:00:00	1.12117	1.12166	1.12015	1.1204	12730
2023-07-20 11:00:00	1.1204	1.12125	1.11987	1.12069	12019
2023-07-20 12:00:00	1.12069	1.12069	1.1177	1.11825	34240
2023-07-20 13:00:00	1.11825	1.11877	1.11719	1.11829	26183
2023-07-20 14:00:00	1.11831	1.11886	1.11405	1.11467	40314
2023-07-20 15:00:00	1.11469	1.11524	1.1132	1.11348	18610
2023-07-20 16:00:00	1.11349	1.11386	1.11184	1.11241	12576
2023-07-20 17:00:00	1.11244	1.11347	1.11219	1.11302	9048
2023-07-20 18:00:00	1.11303	1.11306	1.11234	1.11262	9026
2023-07-20 19:00:00	1.11262	1.11333	1.11261	1.11318	8919
2023-07-20 20:00:00	1.11319	1.11322	1.11282	1.11292	2201
2023-07-20 21:00:00	1.11292	1.11353	1.11283	1.1135	2040
2023-07-20 22:00:00	1.11347	1.11367	1.11312	1.11348	1789
2023-07-20 23:00:00	1.11348	1.1138	1.11333	1.11344	4154
2023-07-21 00:00:00	1.11345	1.11381	1.11296	1.11375	8878
2023-07-21 01:00:00	1.11374	1.11405	1.11308	1.1139	13682
2023-07-21 02:00:00	1.11391	1.11417	1.11359	1.11394	9159
2023-07-21 03:00:00	1.11394	1.11405	1.11345	1.1136	5600
2023-07-21 04:00:00	1.11361	1.11397	1.11344	1.11396	6218
2023-07-21 05:00:00	1.11396	1.11437	1.11336	1.1143	8231
2023-07-21 06:00:00	1.11429	1.11449	1.11352	1.11428	15199
2023-07-21 07:00:00	1.11429	1.11446	1.11248	1.11278	23938
2023-07-21 08:00:00	1.11276	1.11376	1.11213	1.11282	23634
2023-07-21 09:00:00	1.11281	1.11321	1.11222	1.11278	16396
2023-07-21 10:00:00	1.11278	1.1129	1.11203	1.11254	13375
2023-07-21 11:00:00	1.11253	1.11313	1.11173	1.11182	12477
2023-07-21 12:00:00	1.11183	1.11343	1.11182	1.11282	20815
2023-07-21 13:00:00	1.11281	1.11379	1.11115	1.11186	27627
2023-07-21 14:00:00	1.11184	1.11184	1.11079	1.11131	22712
2023-07-21 15:00:00	1.11134	1.1126	1.11121	1.11195	12089
2023-07-21 16:00:00	1.11195	1.11253	1.11155	1.11233	7360
2023-07-21 17:00:00	1.11232	1.11288	1.11227	1.11258	5448
2023-07-21 18:00:00	1.11259	1.11302	1.1124	1.11247	5757
2023-07-21 19:00:00	1.11247	1.11254	1.11191	1.11254	4361
2023-07-21 20:00:00	1.11256	1.11291	1.11236	1.11244	3442
2023-07-23 21:00:00	1.11197	1.11321	1.11197	1.11306	710
2023-07-23 22:00:00	1.11306	1.1131	1.11245	1.11282	2427
2023-07-23 23:00:00	1.11281	1.11305	1.11239	1.11243	3692
2023-07-24 00:00:00	1.11244	1.11327	1.11228	1.11297	7777
2023-07-24 01:00:00	1.11298	1.11307	1.11194	1.11222	12490
2023-07-24 02:00:00	1.11221	1.11311	1.11208	1.11263	9318
2023-07-24 03:00:00	1.11263	1.11291	1.11248	1.11255	5616
2023-07-24 04:00:00	1.11254	1.11255	1.11168	1112	5978
2023-07-24 05:00:00	1.11201	1.11322	1.11186	1.11319	9252
2023-07-24 06:00:00	1.11319	1.1141	1.11245	1.11357	12113
2023-07-24 07:00:00	1.11358	1.11469	1.10746	1.1081	38349
2023-07-24 08:00:00	1.10811	1.10878	1.10657	1.10708	25862
2023-07-24 09:00:00	1.10708	1.10919	1.10694	1.10819	21315
2023-07-24 10:00:00	1.10816	1.10934	1108	1.10915	13181
2023-07-24 11:00:00	1.10916	1.11091	1.10877	1.10972	16450
2023-07-24 12:00:00	1.10973	1.10998	1.10824	1.10877	17812
2023-07-24 13:00:00	1.10876	1.11045	1.10747	1.10849	33124
2023-07-24 14:00:00	1.10849	1.10906	1.10691	1.10791	32838
2023-07-24 15:00:00	1.10792	1.1084	1.10709	1.1082	14666
2023-07-24 16:00:00	1.10823	1.1083	1.10716	1.10814	13874
2023-07-24 17:00:00	1.10813	1.10844	1.10685	1.10749	11138
2023-07-24 18:00:00	1.1075	1.1075	1.10672	1.10706	7001
2023-07-24 19:00:00	1.10708	1.10721	1.10602	1.10602	8327
2023-07-24 20:00:00	1.10602	1.10649	1.10602	1.10627	3949
2023-07-24 21:00:00	1.1062	1.10674	1.10619	1.10632	1733
2023-07-24 22:00:00	1.10626	1.10661	1.10624	1.10624	2377
2023-07-24 23:00:00	1.10624	1.10647	1.10597	1.1063	3805
2023-07-25 00:00:00	1.1063	1107	1.10627	1.10673	9737
2023-07-25 01:00:00	1.10673	1.10769	1.1067	1.10736	13801
2023-07-25 02:00:00	1.10738	1.10815	1.10702	1.10806	11368
2023-07-25 03:00:00	1.10807	1.10808	1.10757	1.10782	7292
2023-07-25 04:00:00	1.10782	1.10789	1.10687	1.10702	6237
2023-07-25 05:00:00	1107	1.10781	1.10693	1.10762	10294
2023-07-25 06:00:00	1.10759	1.10868	1.10717	1.10797	12284
2023-07-25 07:00:00	1.10797	1.10846	1.10698	1.1071	20513
2023-07-25 08:00:00	1.10712	1.10712	1.10527	1.10647	23038
2023-07-25 09:00:00	1.10647	1.10675	1.10419	1.10423	14340
2023-07-25 10:00:00	1.10422	1.10471	1.1041	1.1045	8475
2023-07-25 11:00:00	1.1045	1.10499	1.10393	1.10493	18228
2023-07-25 12:00:00	1.10492	1.10531	1.10426	1.10485	20931
2023-07-25 13:00:00	1.10487	1.10497	1.10255	1.10385	29770
2023-07-25 14:00:00	1.10381	1.10449	1.10207	1.10444	29655
2023-07-25 15:00:00	1.10445	1.10533	1.10422	1.1049	16844
2023-07-25 16:00:00	1.10491	1.10546	1.10409	1.10422	10340
2023-07-25 17:00:00	1.10422	1.10422	1.10354	1.10393	8122
2023-07-25 18:00:00	1.10393	1.10456	1.10357	1.10451	9690
2023-07-25 19:00:00	1.10449	1.1053	1.10433	1.10521	9665
2023-07-25 20:00:00	1.10521	1.10552	1.10512	1.10531	4624
2023-07-25 21:00:00	1.10526	1.10577	1.10526	1.10571	2526
2023-07-25 22:00:00	1.10574	1.10574	1.1049	1.10512	2344
2023-07-25 23:00:00	1.10512	1.10524	1.10485	1.10499	5187
2023-07-26 00:00:00	1105	1.1053	1.1044	1.10456	11254
2023-07-26 01:00:00	1.10455	1.10463	1.10377	1.10384	14669
2023-07-26 02:00:00	1.10384	1.10463	1.10378	1.10457	8123
2023-07-26 03:00:00	1.10457	1.10504	1.10449	1.10493	7333
2023-07-26 04:00:00	1.10492	1.10531	1.10462	1.10481	6306
2023-07-26 05:00:00	1.10481	1.10628	1.10475	1.10621	8508
2023-07-26 06:00:00	1.10619	1.1071	1.10566	1.10633	15715
2023-07-26 07:00:00	1.10633	1.10748	1.10571	1.10693	18392
2023-07-26 08:00:00	1.10692	1.10775	1.10663	1.10756	14817
2023-07-26 09:00:00	1.10757	1.10777	1.10686	1.10747	10556
2023-07-26 10:00:00	1.10746	1.10861	1.10732	1.1082	12091
2023-07-26 11:00:00	1.10821	1.10837	1.10598	1.10627	14893
2023-07-26 12:00:00	1.10627	1.10706	1.10573	1.10682	17852
2023-07-26 13:00:00	1.10681	1.10732	1.10576	1.10651	22915
2023-07-26 14:00:00	1.10651	1.10714	1.10576	1.10635	28693
2023-07-26 15:00:00	1.10635	1.10796	1.10617	1.10767	15858
2023-07-26 16:00:00	1.10767	1.10822	1.10681	1.10718	9798
2023-07-26 17:00:00	1.10717	1.10717	1.10576	1.10576	9629
2023-07-26 18:00:00	1.10577	1.11047	1.10564	1.11035	65634
2023-07-26 19:00:00	1.11038	1.11066	1.10784	1.10963	33251
2023-07-26 20:00:00	1.10963	1.10965	1.10848	1.10854	3980
2023-07-26 21:00:00	1.10853	1.10884	1.10831	1.10869	1890
2023-07-26 22:00:00	1.10866	1.10895	1.10844	1.10848	2604
2023-07-26 23:00:00	1.10847	1.10848	1.10778	1.10779	3935
2023-07-27 00:00:00	1.10778	1.10873	1.10774	1.10865	8027
2023-07-27 01:00:00	1.10865	1.11002	1.10864	1.10989	12308
2023-07-27 02:00:00	1.1099	1.11178	1.1099	1.10992	15166
2023-07-27 03:00:00	1.10992	1.11062	1.10985	1.11002	8138
2023-07-27 04:00:00	1.11002	1.11077	1.10959	1.1096	8466
2023-07-27 05:00:00	1.10959	1.10994	1.10879	1.10888	12284
2023-07-27 06:00:00	1.10888	1.11002	1.10888	1.10999	15240
2023-07-27 07:00:00	1.10999	1.1134	1.10983	1.11284	29660
2023-07-27 08:00:00	1.11284	1.11392	1.11243	1.11389	16912
2023-07-27 09:00:00	1.1139	1.11439	1.11267	1.11394	15283
2023-07-27 10:00:00	1.11395	1.11496	1.11362	1.11372	15419
2023-07-27 11:00:00	1.11373	1.11411	1.11312	1.11385	14621
2023-07-27 12:00:00	1.11384	1.11389	1.10476	1.1059	60557
2023-07-27 13:00:00	1.10591	1.10652	1.09914	1.1008	70710
2023-07-27 14:00:00	1.10079	1.10105	1.09839	1.09918	50881
2023-07-27 15:00:00	1.09918	1.10032	1.09874	1.09969	23828
2023-07-27 16:00:00	1.0997	1.1001	1.0986	1.09876	13380
2023-07-27 17:00:00	1.09902	1.10105	1.09867	1.09987	35508
2023-07-27 18:00:00	1.09986	1.09988	1.09717	1.09732	22165
2023-07-27 19:00:00	1.09732	1.09741	1.09658	1.09669	15210
2023-07-27 20:00:00	1.09669	1.09769	1.09662	1.09749	3341
2023-07-27 21:00:00	1.09748	1.09778	1.09741	1.09764	757
2023-07-27 22:00:00	1.09763	1.09835	1.09763	1.09827	3507
2023-07-27 23:00:00	1.09828	1.09831	1.0976	1.09781	6850
2023-07-28 00:00:00	1.0978	1.09825	1.09774	1.09801	10707
2023-07-28 01:00:00	1.09802	1.0986	1.09736	1.09821	14041
2023-07-28 02:00:00	1.09821	1.09858	1.09775	1.09827	10668
2023-07-28 03:00:00	1.09828	1.09882	1.09714	1.09765	29575
2023-07-28 04:00:00	1.09766	1.09786	1.09597	1.09727	26674
2023-07-28 05:00:00	1.09728	1.09863	1.09485	1.0986	25955
2023-07-28 06:00:00	1.0986	1.09911	1.09683	1.09709	31493
2023-07-28 07:00:00	1.09713	1.09874	1.09435	1.09515	39976
2023-07-28 08:00:00	1.09518	1.09686	1.09477	1.09595	24654
2023-07-28 09:00:00	1.09595	1.09771	1.09564	1.09734	15715
2023-07-28 10:00:00	1.09734	1.09965	1.09704	1.09935	13601
2023-07-28 11:00:00	1.09935	1.10181	1.09919	1.10092	17325
2023-07-28 12:00:00	1.10091	1.10333	1.10032	1.10092	36882
2023-07-28 13:00:00	1.10092	1.10173	1.09931	1.10171	35669
2023-07-28 14:00:00	1.10172	1.10475	1.1017	1.10356	33131
2023-07-28 15:00:00	1.10356	1104	1.1022	1.10383	16050
2023-07-28 16:00:00	1.10382	1.1043	1.10249	1.10254	14331
2023-07-28 17:00:00	1.10252	1.10291	1.10151	1.10211	10472
2023-07-28 18:00:00	1.1021	1.10297	1.10159	1.10233	11791
2023-07-28 19:00:00	1.10232	1.10266	1.10191	1.1023	5181
2023-07-28 20:00:00	1.10229	1.10235	1.10123	1.10125	6301
2023-07-30 21:00:00	1.10206	1.10207	1.10095	1.10184	535
2023-07-30 22:00:00	1.10171	1.10276	1.10159	1.1027	2909
2023-07-30 23:00:00	1.10271	1.10282	1.10236	1.10238	4683
2023-07-31 00:00:00	1.10239	1.10277	1.10193	1.10223	8869
2023-07-31 01:00:00	1.10221	1.10265	1.1014	1.10142	13646
2023-07-31 02:00:00	1.10141	1.1016	1.10091	1.10153	13727
2023-07-31 03:00:00	1.10153	1.1018	1.10118	1.10123	9106
2023-07-31 04:00:00	1.10124	1.10124	1.10056	1.10058	8518
2023-07-31 05:00:00	1.10057	1.10144	1.10051	1.10144	8914
2023-07-31 06:00:00	1.10143	1.10174	1.10067	1.10108	17224
2023-07-31 07:00:00	1.10109	1.10288	1.10108	1.10196	24520
2023-07-31 08:00:00	1.10198	1.1036	1.10113	1.10336	20971
2023-07-31 09:00:00	1.10341	1.10374	1.10256	1.10324	16203
2023-07-31 10:00:00	1.10324	1.10401	1.10291	1.10365	10739
2023-07-31 11:00:00	1.10364	1.10364	1.10231	1.10268	12794
2023-07-31 12:00:00	1.1027	1.10385	1.10188	1.10281	16928
2023-07-31 13:00:00	1.1028	1.10455	1.10147	1.10375	25545
2023-07-31 14:00:00	1.10376	1.10458	1.10222	1.10251	28132
2023-07-31 15:00:00	1.1025	1.10296	1.10122	1.10182	18261
2023-07-31 16:00:00	1.10183	1.10201	1.10038	1.1007	10440
2023-07-31 17:00:00	1.10069	1.10113	1.10041	1.10046	7164
2023-07-31 18:00:00	1.10045	1.10079	1.09976	1.09986	7739
2023-07-31 19:00:00	1.09986	1.10006	1.09937	1.09953	11467
2023-07-31 20:00:00	1.09953	1.09976	1.09934	1.09963	4012
2023-07-31 21:00:00	1.09961	1.09997	1.09931	1.09966	2792
2023-07-31 22:00:00	1.09966	1.10028	1.0996	1.10009	2295
2023-07-31 23:00:00	1.1001	1.10013	1.09966	1.09966	2684
2023-08-01 00:00:00	1.09967	1.10015	1.09882	1.09888	9990
2023-08-01 01:00:00	1.09887	1.09908	1.0984	1.09859	9877
2023-08-01 02:00:00	1.09858	1.0987	1.09803	1.0985	7947
2023-08-01 03:00:00	1.09853	1.0989	1.09839	1.09855	6362
2023-08-01 04:00:00	1.09854	1.0991	1.09819	1099	8437
2023-08-01 05:00:00	1099	1.0999	1.09865	1.09986	9259
2023-08-01 06:00:00	1.09987	1.10002	1.09883	1.09946	15289
2023-08-01 07:00:00	1.09945	1.09947	1097	1.09796	24532
2023-08-01 08:00:00	1.09796	1.09866	1.09709	1.09746	17554
2023-08-01 09:00:00	1.09745	1.09767	1.09658	1.09752	13561
2023-08-01 10:00:00	1.09752	1.09845	1.09693	1.0982	12034
2023-08-01 11:00:00	1.09821	1.09821	1.09737	1.09755	12414
2023-08-01 12:00:00	1.09755	1.0977	1.09523	1.09563	20502
2023-08-01 13:00:00	1.09565	1.0978	1.09559	1.09727	24713
2023-08-01 14:00:00	1.09733	1.09892	1.09609	1.09782	45983
2023-08-01 15:00:00	1.09785	1.09848	1.09606	1.09702	17412
2023-08-01 16:00:00	1.09703	1.09781	1.09682	1.09719	7026
2023-08-01 17:00:00	1.0972	1.09763	1.09626	1.09635	6195
2023-08-01 18:00:00	1.09634	1.09744	1.09633	1.09737	5999
2023-08-01 19:00:00	1.09736	1.0985	1.09734	1.09826	7179
2023-08-01 20:00:00	1.0982	1.09851	1.09805	1.09842	2953
2023-08-01 21:00:00	1.09842	1.10192	1.0982	1.1018	10524
2023-08-01 22:00:00	1.1018	1.10181	1.09982	1.10092	5686
2023-08-01 23:00:00	1.10091	1.10166	1.10045	1.10075	7483
2023-08-02 00:00:00	1.10078	1.1008	1.09926	1.09961	10545
2023-08-02 01:00:00	1.09958	1.10071	1.09912	1.09914	13297
2023-08-02 02:00:00	1.09914	1.0992	1.09803	1.09843	12512
2023-08-02 03:00:00	1.09842	1.09887	1.09802	1.09868	9130
2023-08-02 04:00:00	1.09869	1.09892	1.09814	1.0989	9534
2023-08-02 05:00:00	1.09891	1.10006	1.09888	1.09942	15218
2023-08-02 06:00:00	1.09943	1.09961	1.09813	1.09896	15856
2023-08-02 07:00:00	1.09897	1.09972	1.09815	1.09899	25675
2023-08-02 08:00:00	1.09902	1.09927	1.09759	1.09842	24757
2023-08-02 09:00:00	1.09841	1.09851	1.09763	1.09805	14213
2023-08-02 10:00:00	1.09804	1.09804	1.09682	1.09788	15156
2023-08-02 11:00:00	1.09789	1.09799	1.09726	1.09784	14141
2023-08-02 12:00:00	1.09783	1.09871	1.09574	1.09597	38670
2023-08-02 13:00:00	1.09597	1.09678	1095	1.09501	30598
2023-08-02 14:00:00	1.09501	1.09506	1.09178	1.09272	39237
2023-08-02 15:00:00	1.0927	1.09441	1.0923	1.09381	20294
2023-08-02 16:00:00	1.09382	1.09528	1.09367	1.09505	16420
2023-08-02 17:00:00	1.09506	1.09575	1.0946	1.0946	12006
2023-08-02 18:00:00	1.0946	1.09495	1.09407	1.09429	11922
2023-08-02 19:00:00	1.09428	1.09456	1.09346	1.09396	9356
2023-08-02 20:00:00	1.09394	1.09394	1.09354	1.09375	3979
2023-08-02 21:00:00	1.0937	1.09406	1.09366	1.09383	4330
2023-08-02 22:00:00	1.0939	1.09446	1.09383	1.09444	2205
2023-08-02 23:00:00	1.09445	1.09456	1.09426	1.09435	3209
2023-08-03 00:00:00	1.09433	1.09437	1.09371	1.09399	8945
2023-08-03 01:00:00	1.09398	1.09492	1.09377	1.09439	10799
2023-08-03 02:00:00	1.09439	1.09447	1.09344	1.09349	9124
2023-08-03 03:00:00	1.0935	1.09352	1.09303	1.09347	9344
2023-08-03 04:00:00	1.09347	1.09358	1.09224	1.09233	8065
2023-08-03 05:00:00	1.09233	1.09407	1.0919	1.09395	12530
2023-08-03 06:00:00	1.09393	1.09432	1.09203	1.09217	21193
2023-08-03 07:00:00	1.09217	1.09277	1.09138	1.0919	31591
2023-08-03 08:00:00	1.09189	1.09247	1.09122	1.09247	22755
2023-08-03 09:00:00	1.09247	1.09383	1.09237	1.09317	18567
2023-08-03 10:00:00	1.09316	1.09356	1.09216	1.09342	15662
2023-08-03 11:00:00	1.09342	1.09487	1.0924	1.0935	28183
2023-08-03 12:00:00	1.09349	1.09561	1.09218	1.09379	40510
2023-08-03 13:00:00	1.09379	1.09401	1.09155	1.09185	36727
2023-08-03 14:00:00	1.09184	1.09478	1.0916	1.09318	48017
2023-08-03 15:00:00	1.0932	1.09545	1.09298	1.09466	23272
2023-08-03 16:00:00	1.09465	1.09628	1.09446	1.09551	11849
2023-08-03 17:00:00	1.09551	1.09569	1.09433	1.0947	9322
2023-08-03 18:00:00	1.09468	1.09522	1.09423	1.09431	8466
2023-08-03 19:00:00	1.09434	1.09444	1.09383	1.0944	7781
2023-08-03 20:00:00	1.09437	1.09501	1.09436	1.0949	3694
2023-08-03 21:00:00	1.09489	1.09489	1.09456	1.09483	3494
2023-08-03 22:00:00	1.09487	1.09522	1.0947	1.09516	3850
2023-08-03 23:00:00	1.09517	1.09533	1.09504	1.0951	3760
2023-08-04 00:00:00	1.09509	1.09555	1.09464	1.09553	7494
2023-08-04 01:00:00	1.09553	1.09615	1.09539	1.09565	11636
2023-08-04 02:00:00	1.09566	1.09611	1.09524	1.09557	12250
2023-08-04 03:00:00	1.09556	1.09602	1.09536	1.09542	7837
2023-08-04 04:00:00	1.09543	1.09554	1.09493	1.09501	8344
2023-08-04 05:00:00	1.09502	1.09582	1.09478	1.09521	12427
2023-08-04 06:00:00	1.09521	1.09583	1.09461	1.09481	12686
2023-08-04 07:00:00	1.0948	1.09543	1.09441	1.09473	18981
2023-08-04 08:00:00	1.09474	1.09527	1.09378	1.09401	15452
2023-08-04 09:00:00	1094	1.09459	1.09351	1.09446	10946
2023-08-04 10:00:00	1.09447	1.09488	1.09391	1.09442	11374
2023-08-04 11:00:00	1.09443	1.09456	1.09377	1.09378	14528
2023-08-04 12:00:00	1.09378	1.09977	1.09349	1.09889	50480
2023-08-04 13:00:00	1.09886	1.10299	1.09863	1.10122	48828
2023-08-04 14:00:00	1.10121	1.10283	1.10023	1.10233	33528
2023-08-04 15:00:00	1.10232	1.10419	1.10182	1.10348	22785
2023-08-04 16:00:00	1.10347	1.10393	1.10286	1.10338	11284
2023-08-04 17:00:00	1.10339	1.10389	1.10278	1.10284	9371
2023-08-04 18:00:00	1.10283	1.10283	1.10085	1.10091	14939
2023-08-04 19:00:00	1.10092	1.10108	1.10037	1.10076	7296
2023-08-04 20:00:00	1.1007	1.10115	1.10029	1.10029	6724
2023-08-06 21:00:00	1.10141	1.10151	1.10087	1.10115	772
2023-08-06 22:00:00	1.10115	1.10139	1.10025	1.1005	5147
2023-08-06 23:00:00	1.1005	1.10051	1.1001	1.10024	6362
2023-08-07 00:00:00	1.10024	1.10117	1.10006	1.10099	7308
2023-08-07 01:00:00	1.10098	1.10099	1.09952	1.10006	9154
2023-08-07 02:00:00	1.10006	1.10038	1.09971	1.10004	7866
2023-08-07 03:00:00	1.10004	1.10021	1.09951	1.09955	7786
2023-08-07 04:00:00	1.09955	1.0997	1.09918	1.09964	5151
2023-08-07 05:00:00	1.09964	1.09973	1.09819	1.09828	10479
2023-08-07 06:00:00	1.09828	1.09862	1.09708	1.09801	12746
2023-08-07 07:00:00	1.09802	1.09947	1.09762	1.09927	13506
2023-08-07 08:00:00	1.09926	1.09926	1.09735	1.09746	12135
2023-08-07 09:00:00	1.09745	1.09773	1.09658	1.09662	11101
2023-08-07 10:00:00	1.09662	1.09736	1.09654	1.0973	10341
2023-08-07 11:00:00	1.09731	1.09848	1.09716	1.09839	12653
2023-08-07 12:00:00	1.09841	1.09963	1.09795	1.09955	11875
2023-08-07 13:00:00	1.09956	1.10116	1.09916	1.09927	20375
2023-08-07 14:00:00	1.09924	1.10079	1.09856	1.10017	19055
2023-08-07 15:00:00	1.10017	1.10063	1.09941	1.09989	12499
2023-08-07 16:00:00	1.09989	1.10028	1.09921	1.10006	11647
2023-08-07 17:00:00	1.10006	1.10068	1.09954	1.10057	7655
2023-08-07 18:00:00	1.10058	1.10101	1.10045	1.10067	6910
2023-08-07 19:00:00	1.10067	1.10079	1.10028	1.10044	7644
2023-08-07 20:00:00	1.10044	1.10044	1.0999	1.1002	3716
2023-08-07 21:00:00	1.1002	1.1005	1.10017	1.10031	1452
2023-08-07 22:00:00	1.10031	1.10033	1.1001	1.10017	1937
2023-08-07 23:00:00	1.10018	1.1005	1.10017	1.10026	4172
2023-08-08 00:00:00	1.10026	1.10054	1.09895	1.09919	11423
2023-08-08 01:00:00	1.09919	1.09919	1.09786	1.09793	17322
2023-08-08 02:00:00	1.09792	1.09894	1.09768	1.09883	10354
2023-08-08 03:00:00	1.09883	1.09904	1.09813	1.09818	8225
2023-08-08 04:00:00	1.09817	1.09925	1098	1.09921	8291
2023-08-08 05:00:00	1.09922	1.0999	1.09897	1.09988	9150
2023-08-08 06:00:00	1.09989	1.10111	1.09934	1.09975	19204
2023-08-08 07:00:00	1.09975	1.09981	1.09736	1.09787	25656
2023-08-08 08:00:00	1.09789	1.09872	1.0975	1.09852	16030
2023-08-08 09:00:00	1.09853	1.09863	1.09669	1.09705	15120
2023-08-08 10:00:00	1.09706	1.09718	1.0952	1.09537	15334
2023-08-08 11:00:00	1.09537	1.0957	1.09368	1.09413	18597
2023-08-08 12:00:00	1.09412	1.09509	1.09347	1.09431	20022
2023-08-08 13:00:00	1.09431	1.0956	1.09333	1.09376	24585
2023-08-08 14:00:00	1.09381	1.09525	1.0929	1.09457	22594
2023-08-08 15:00:00	1.09456	1.09555	1.09414	1.09501	15410
2023-08-08 16:00:00	1.09502	1.09577	1.09476	1.09482	10908
2023-08-08 17:00:00	1.09482	1.09609	1.09478	1.09596	9720
2023-08-08 18:00:00	1.09595	1.09604	1.09522	1.09594	10340
2023-08-08 19:00:00	1.09594	1.09619	1.09566	1.09571	9405
2023-08-08 20:00:00	1.09571	1.09578	1.09531	1.09558	2978
2023-08-08 21:00:00	1.09558	1.09565	1.09539	1.0954	1240
2023-08-08 22:00:00	1.0954	1.09563	1.09519	1.0952	2181
2023-08-08 23:00:00	1.0952	1.09594	1.0952	1.09592	4468
2023-08-09 00:00:00	1.09592	1.09651	1.09576	1.09576	6808
2023-08-09 01:00:00	1.09575	1.09696	1.09552	1.09635	13128
2023-08-09 02:00:00	1.09635	1.09698	1.09615	1.09683	7611
2023-08-09 03:00:00	1.09683	1.09707	1.09662	1.09665	9974
2023-08-09 04:00:00	1.09665	1.09684	1.09633	1.09667	5605
2023-08-09 05:00:00	1.09668	1.0979	1.09668	1.09766	9392
2023-08-09 06:00:00	1.09765	1.09796	1.09699	1.09726	13655
2023-08-09 07:00:00	1.09727	1.09847	1.09706	1.09842	19074
2023-08-09 08:00:00	1.09841	1.09887	1.09736	1.09836	15301
2023-08-09 09:00:00	1.09835	1.09871	1.09778	1.09784	10752
2023-08-09 10:00:00	1.09785	1.0981	1.09744	1.09762	10745
2023-08-09 11:00:00	1.09761	1.0981	1.09692	1.09698	11292
2023-08-09 12:00:00	1.09699	1.09818	1.0962	1.09815	21451
2023-08-09 13:00:00	1.09815	1.09879	1.09715	1.09802	25566
2023-08-09 14:00:00	1.09803	1.09953	1.09769	1.09828	23418
2023-08-09 15:00:00	1.09827	1.09878	1.09739	1.09742	18378
2023-08-09 16:00:00	1.09742	1.09817	1.09732	1.09783	12503
2023-08-09 17:00:00	1.09783	1.09916	1.09748	1.09796	9912
2023-08-09 18:00:00	1.09797	1.09798	1.09747	1.09751	7836
2023-08-09 19:00:00	1.09752	1.0982	1.09732	1.09735	10472
2023-08-09 20:00:00	1.09733	1.09749	1.09712	1.09734	3563
2023-08-09 21:00:00	1.09733	1.09783	1.09725	1.09763	4420
2023-08-09 22:00:00	1.09762	1.09786	1.09753	1.09767	1788
2023-08-09 23:00:00	1.09767	1.09775	1.09751	1.09771	3020
2023-08-10 00:00:00	1.09771	1.09776	1.09673	1.09709	7184
2023-08-10 01:00:00	1.09709	1.09758	1.09675	1.09728	6583
2023-08-10 02:00:00	1.09727	1.09807	1.09713	1.09789	7644
2023-08-10 03:00:00	1.09789	1.09819	1.09778	1.09791	7503
2023-08-10 04:00:00	1.09791	1.0988	1.0979	1.09792	5953
2023-08-10 05:00:00	1.09792	1.09859	1.09785	1.09851	7159
2023-08-10 06:00:00	1.0985	1.09988	1.09829	1.09942	9975
2023-08-10 07:00:00	1.09942	1.10186	1.0993	1.10083	27696
2023-08-10 08:00:00	1.10083	1.10263	1.10081	1.10186	18032
2023-08-10 09:00:00	1.10185	1.10247	1.1016	1.10206	10711
2023-08-10 10:00:00	1.10207	1.10278	1.10191	1.10277	7447
2023-08-10 11:00:00	1.10278	1.10296	1.10145	1.10165	11392
2023-08-10 12:00:00	1.10166	1.1065	1.10107	1.10422	45809
2023-08-10 13:00:00	1.1042	1.10457	1.10076	1.10395	44359
2023-08-10 14:00:00	1.10396	1.10439	1.10124	1.10186	37359
2023-08-10 15:00:00	1.10187	1.1022	1.10086	1.10151	23310
2023-08-10 16:00:00	1.10152	1.10191	1.10101	1.10133	14726
2023-08-10 17:00:00	1.10132	1.10141	1.09761	1.09799	24175
2023-08-10 18:00:00	1.09799	1.09927	1.09783	1.09907	16958
2023-08-10 19:00:00	1.09907	1.09913	1.09787	1.09791	12422
2023-08-10 20:00:00	1.09791	1.09819	1.09777	1098	4121
2023-08-10 21:00:00	1.09801	1.09835	1.09787	1.0983	2158
2023-08-10 22:00:00	1.09832	1.09843	1.09812	1.09826	1541
2023-08-10 23:00:00	1.09827	1.09845	1.09812	1.09815	3954
2023-08-11 00:00:00	1.09815	1.0989	1.09797	1.09879	5843
2023-08-11 01:00:00	1.0988	1.09979	1.0987	1.09944	10921
2023-08-11 02:00:00	1.09943	1.09943	1.09858	1.09885	7639
2023-08-11 03:00:00	1.09885	1.09915	1.09857	1.09872	7884
2023-08-11 04:00:00	1.09872	1.09905	1.09838	1.09851	6488
2023-08-11 05:00:00	1.09852	1.09937	1.09839	1.09931	7754
2023-08-11 06:00:00	1.0993	1.1002	1.09897	1.09909	15472
2023-08-11 07:00:00	1.09909	1.09989	1.09875	1.09922	15375
2023-08-11 08:00:00	1.09923	1.10031	1.09901	1.09994	15174
2023-08-11 09:00:00	1.09994	1.10004	1.09763	1.09772	15505
2023-08-11 10:00:00	1.09773	1.0996	1.09766	1.09931	12873
2023-08-11 11:00:00	1.0993	1.10025	1.09896	1.09973	14178
2023-08-11 12:00:00	1.09971	1.10049	1.09658	1.09682	36376
2023-08-11 13:00:00	1.09681	1.09811	1.09548	1.09626	34631
2023-08-11 14:00:00	1.09627	1.09837	1.09577	1.09721	38790
2023-08-11 15:00:00	1.09721	1.09755	1.0951	1.09561	15493
2023-08-11 16:00:00	1.09563	1.09646	1.09457	1.09464	9359
2023-08-11 17:00:00	1.09463	1.09556	1.09429	1.0945	7566
2023-08-11 18:00:00	1.09451	1.09513	1.09435	1.09507	7097
2023-08-11 19:00:00	1.09508	1.0951	1.09432	1.09468	6275
2023-08-11 20:00:00	1.09468	1.09491	1.09433	1.09433	4350
2023-08-13 21:00:00	1.09493	1.09517	1.09475	1.09481	937
2023-08-13 22:00:00	1.0948	1.09503	1.09401	1.0942	3235
2023-08-13 23:00:00	1.09419	1.0945	1.09407	1.09432	2685
2023-08-14 00:00:00	1.09431	1.09467	1.09359	1.0937	7805
2023-08-14 01:00:00	1.0937	1.09407	1.09311	1.09359	9508
2023-08-14 02:00:00	1.09359	1.09379	1.09301	1.09306	7638
2023-08-14 03:00:00	1.09305	1.09337	1.09292	1.09321	8767
2023-08-14 04:00:00	1.09321	1.09357	1.09318	1.09354	6516
2023-08-14 05:00:00	1.09356	1.09404	1.09324	1.09372	11997
2023-08-14 06:00:00	1.09372	1.09377	1.09261	1.09321	12934
2023-08-14 07:00:00	1.0932	1.09561	1.09296	1.09519	19207
2023-08-14 08:00:00	1.09518	1096	1.09454	1.09461	16410
2023-08-14 09:00:00	1.09463	1.09518	1.09418	1.09496	13025
2023-08-14 10:00:00	1.09496	1.0953	1.09451	1.09451	12239
2023-08-14 11:00:00	1.0945	1.09459	1.09367	1.0939	9665
2023-08-14 12:00:00	1.09389	1.09409	1.0902	1.09056	27699
2023-08-14 13:00:00	1.09055	1.09075	1.08747	1.08814	30878
2023-08-14 14:00:00	1.08814	1.09093	1.08802	1.09031	30999
2023-08-14 15:00:00	1.09033	1.09256	1.09022	1.09206	19394
2023-08-14 16:00:00	1.09205	1.09359	1092	1.09283	12762
2023-08-14 17:00:00	1.09285	1.09311	1.09151	1.09172	10123
2023-08-14 18:00:00	1.09171	1.09197	1.09037	1.09045	8084
2023-08-14 19:00:00	1.09046	1.09129	1.09028	1.09028	13096
2023-08-14 20:00:00	1.09028	1.09073	1.09026	1.09051	3594
2023-08-14 21:00:00	1.09051	1.09079	1.0902	1.09053	4156
2023-08-14 22:00:00	1.09053	1.09082	1.09045	1.09073	1456
2023-08-14 23:00:00	1.09073	1.0908	1.0904	1.09077	3275
2023-08-15 00:00:00	1.09076	1.09094	1.09014	1.09073	6352
2023-08-15 01:00:00	1.09073	1.09154	1.09003	1.09101	14474
2023-08-15 02:00:00	1.09101	1.09174	1.09074	1.09095	8193
2023-08-15 03:00:00	1.09095	1.09175	1.09094	1.09143	6179
2023-08-15 04:00:00	1.09145	1.09145	1.09098	1091	3233
2023-08-15 05:00:00	1091	1.09142	1.09062	1.09116	7454
2023-08-15 06:00:00	1.09116	1.09263	1091	1.09234	17484
2023-08-15 07:00:00	1.09234	1.09304	1.09155	1.09234	21336
2023-08-15 08:00:00	1.09233	1.09343	1.09178	1.09277	21524
2023-08-15 09:00:00	1.09278	1.09448	1.09213	1.09403	15174
2023-08-15 10:00:00	1.09401	1.09429	1.09326	1.09348	19631
2023-08-15 11:00:00	1.09347	1.09361	1.09265	1.09291	12424
2023-08-15 12:00:00	1.09293	1.09323	1.08969	1.09219	47423
2023-08-15 13:00:00	1.09219	1.09524	1.09167	1094	52165
2023-08-15 14:00:00	1.09401	1.09473	1.09239	1.09411	26491
2023-08-15 15:00:00	1.0941	1.09444	1.09233	1.09268	14429
2023-08-15 16:00:00	1.09269	1.09284	1.0915	1.09178	10922
2023-08-15 17:00:00	1.09178	1.09209	1.09157	1.09176	9120
2023-08-15 18:00:00	1.09178	1.09191	1.09035	1.09043	7488
2023-08-15 19:00:00	1.09043	1.09064	1.0899	1.09058	7971
2023-08-15 20:00:00	1.09059	1.09059	1.09013	1.09013	3072
2023-08-15 21:00:00	1.09018	1.09063	1.09011	1.09027	2303
2023-08-15 22:00:00	1.09036	1.09054	1.09022	1.09028	1747
2023-08-15 23:00:00	1.09028	1.09049	1.09017	1.09038	2182
2023-08-16 00:00:00	1.09038	1.09052	1.08991	1.09031	6176
2023-08-16 01:00:00	1.0903	1.09117	1.08989	1.09059	11274
2023-08-16 02:00:00	1.09056	1.09109	1.09044	1.09045	11345
2023-08-16 03:00:00	1.09044	1.09103	1.0904	1.09064	8691
2023-08-16 04:00:00	1.09064	1.09134	1.09059	1.09133	6447
2023-08-16 05:00:00	1.09133	1.09178	1.09115	1.09159	9401
2023-08-16 06:00:00	1.09159	1.09271	1.09105	1.09192	20395
2023-08-16 07:00:00	1.09191	1.09266	1.09167	1.09234	17259
2023-08-16 08:00:00	1.09233	1.09345	1.09224	1.0928	14356
2023-08-16 09:00:00	1.09279	1.09325	1.09207	1.09264	10954
2023-08-16 10:00:00	1.09265	1.09267	1.09158	1.09182	11370
2023-08-16 11:00:00	1.09182	1.09195	1.09064	1.09131	10472
2023-08-16 12:00:00	1.0913	1.0918	1.09023	1.09024	19495
2023-08-16 13:00:00	1.09021	1.09231	1.08961	1.09087	43961
2023-08-16 14:00:00	1.09087	1.09233	1.08963	1.09066	32562
2023-08-16 15:00:00	1.09066	1.09123	1.08966	1.09028	17434
2023-08-16 16:00:00	1.09027	1.09047	1.08861	1.08867	11110
2023-08-16 17:00:00	1.0887	1.08918	1.08838	1.08904	10944
2023-08-16 18:00:00	1.08907	1.09003	1.08773	1.08807	17133
2023-08-16 19:00:00	1.08808	1.08809	1.08714	1.08743	9143
2023-08-16 20:00:00	1.08743	1.08797	1.08742	1.08787	2667
2023-08-16 21:00:00	1.08783	1.08818	1.08759	1.08817	1070
2023-08-16 22:00:00	1.08816	1.08832	1.08791	1.08791	1028
2023-08-16 23:00:00	1.08791	1.08798	1.08733	1.08743	1400
2023-08-17 00:00:00	1.08744	1.08749	1.08662	1.08694	5736
2023-08-17 01:00:00	1.08696	1.08706	1.08618	1.08656	6194
2023-08-17 02:00:00	1.08658	1.08699	1.08641	1.08659	2540
2023-08-17 03:00:00	1.0866	1.08681	1.08627	1.08642	3034
2023-08-17 04:00:00	1.08642	1.0869	1.08629	1.08685	2757
2023-08-17 05:00:00	1.08685	1.08738	1.08626	1.08735	3695
2023-08-17 06:00:00	1.08735	1.08866	1087	1.08834	7378
2023-08-17 07:00:00	1.08832	1.08854	1.0875	1.08804	10627
2023-08-17 08:00:00	1.08802	1.08839	1.08695	1.08729	7981
2023-08-17 09:00:00	1.08729	1.08742	1.08636	1.08736	7608
2023-08-17 10:00:00	1.08736	1.08876	1.0873	1.08835	11955
2023-08-17 11:00:00	1.08836	1.08956	1.08811	1.08945	13653
2023-08-17 12:00:00	1.08945	1.0918	1.08857	1.09063	34523
2023-08-17 13:00:00	1.09062	1.09177	1.08975	1.08993	34138
2023-08-17 14:00:00	1.08992	1.08996	1.08843	1.08894	25525
2023-08-17 15:00:00	1.08895	1.08902	1.08668	1.08735	16815
2023-08-17 16:00:00	1.08737	1.08895	1.08684	1.08778	11580
2023-08-17 17:00:00	1.08779	1.08783	1.08571	1.0861	10219
2023-08-17 18:00:00	1.08611	1.08629	1.08563	1.08569	9235
2023-08-17 19:00:00	1.08569	1.08739	1.08569	1.08717	13207
2023-08-17 20:00:00	1.08716	1.08735	1.08698	1.08715	2494
2023-08-17 21:00:00	1.08714	1.08737	1.08664	1.08678	1058
2023-08-17 22:00:00	1.08679	1.08744	1.08679	1.08734	2445
2023-08-17 23:00:00	1.08734	1.08755	1.08726	1.08743	3293
2023-08-18 00:00:00	1.08742	1.0892	1.08717	1.08896	9226
2023-08-18 01:00:00	1.08896	1.08924	1.08839	1.08909	11371
2023-08-18 02:00:00	1.0891	1.08938	1.08866	1.08884	8863
2023-08-18 03:00:00	1.08883	1.08889	1.08823	1.08859	7830
2023-08-18 04:00:00	1.08861	1.08879	1.08802	1.08824	7427
2023-08-18 05:00:00	1.08824	1.08848	1.08759	1.08829	9367
2023-08-18 06:00:00	1.08832	1.08871	1.08709	1.08719	15596
2023-08-18 07:00:00	1.08717	1.0878	1.08644	1.0873	16894
2023-08-18 08:00:00	1.0873	1.08768	1.08637	1.08673	14291
2023-08-18 09:00:00	1.08674	1.0873	1.08624	1.08683	13388
2023-08-18 10:00:00	1.08682	1.08762	1.08621	1.0863	10085
2023-08-18 11:00:00	1.08631	1.08706	1.08601	1.08629	10750
2023-08-18 12:00:00	1.0863	1.08672	1.0845	1.08555	24015
2023-08-18 13:00:00	1.08555	1.08761	1.0853	1.08707	39480
2023-08-18 14:00:00	1.08706	1.08813	1.08672	1.08721	24741
2023-08-18 15:00:00	1.0872	1.08796	1.08688	1.08743	14814
2023-08-18 16:00:00	1.08742	1.08754	1.08679	1.0873	11342
2023-08-18 17:00:00	1.08731	1.08811	1.08684	1.08792	9144
2023-08-18 18:00:00	1.08793	1.08802	1.08737	1.0878	6269
2023-08-18 19:00:00	1.0878	1.08788	1.08721	1.08725	8860
2023-08-18 20:00:00	1.08724	1.08736	1.08678	1.08678	7614
2023-08-20 21:00:00	1.08672	1.08747	1.08664	1.08741	1270
2023-08-20 22:00:00	1.0874	1.08785	1.08723	1.08741	2899
2023-08-20 23:00:00	1.08743	1.08751	1.08716	1.08749	3175
2023-08-21 00:00:00	1.08747	1.08841	1.08744	1.08798	4588
2023-08-21 01:00:00	1.08796	1.08796	1.08695	1.08733	11094
2023-08-21 02:00:00	1.08732	1.08837	1087	1.08813	6904
2023-08-21 03:00:00	1.08814	1.08828	1.08791	1.08803	4205
2023-08-21 04:00:00	1.08804	1.08829	1.08782	1.08811	4993
2023-08-21 05:00:00	1.08812	1.08871	1.08785	1.08812	7119
2023-08-21 06:00:00	1.08812	1.08823	1.08725	1.08774	11953
2023-08-21 07:00:00	1.08775	1.08888	1.08723	1.08885	22640
2023-08-21 08:00:00	1.08885	1.08896	1.08822	1.0886	14382
2023-08-21 09:00:00	1.08861	1.09047	1.08855	1.09015	12413
2023-08-21 10:00:00	1.09014	1.09043	1.08918	1.08988	11666
2023-08-21 11:00:00	1.08989	1.09136	1.08982	1.09094	13166
2023-08-21 12:00:00	1.0909	1.0913	1.08937	1.08984	17907
2023-08-21 13:00:00	1.08987	1.09001	1.08804	1.08871	25585
