Timestamp	Open	High	Low	Close	Volume
2024-12-20 10:10:00	1.03874	1.03901	1.03849	1.03858	914
2024-12-20 10:15:00	1.03857	1.03875	1.03827	1.03834	1178
2024-12-20 10:20:00	1.03834	1.03857	1.03813	1.03848	985
2024-12-20 10:25:00	1.03848	1.03885	1.03845	1.03865	888
2024-12-20 10:30:00	1.03866	1.03892	1.03834	1.03887	856
2024-12-20 10:35:00	1.03887	1.03896	1.03868	1.0387	754
2024-12-20 10:40:00	1.0387	1.03894	1.03866	1.03887	1092
2024-12-20 10:45:00	1.03888	1.03892	1.0387	1.03876	1077
2024-12-20 10:50:00	1.03876	1039	1.03872	1.03892	1279
2024-12-20 10:55:00	1.03892	1.03931	1.03891	1.03917	1340
2024-12-20 11:00:00	1.03917	1.03917	1.03872	1.03879	1176
2024-12-20 11:05:00	1.03878	1.0388	1.03826	1.03829	1398
2024-12-20 11:10:00	1.03829	1.03859	1.03796	1.03854	1361
2024-12-20 11:15:00	1.03853	1.03854	1038	1.03809	2587
2024-12-20 11:20:00	1.0381	1.03841	1.03807	1.03841	1817
2024-12-20 11:25:00	1.03842	1.03882	1.03841	1.0388	1199
2024-12-20 11:30:00	1.03881	1.03917	1.03871	1.03911	1154
2024-12-20 11:35:00	1.03911	1.03952	1.03901	1.03947	1377
2024-12-20 11:40:00	1.03947	1.03974	1.03907	1.03907	1318
2024-12-20 11:45:00	1.03906	1.03925	1.03904	1.03919	1352
2024-12-20 11:50:00	1.0392	1.03945	1.03916	1.03931	1209
2024-12-20 11:55:00	1.03932	1.03932	1.03902	1.03915	1163
2024-12-20 12:00:00	1.03916	1.03941	1.03908	1.03937	1541
2024-12-20 12:05:00	1.03937	1.03945	1.03927	1.03937	1454
2024-12-20 12:10:00	1.03937	1.03949	1.03929	1.03941	1316
2024-12-20 12:15:00	1.03942	1.03954	1.03924	1.03953	976
2024-12-20 12:20:00	1.03954	1.0398	1.03944	1.0398	953
2024-12-20 12:25:00	1.03981	1.03986	1.03958	1.03982	1169
2024-12-20 12:30:00	1.03982	1.04002	1.03967	1.03998	1093
2024-12-20 12:35:00	1.03997	1.03997	1.03937	1.03943	1249
2024-12-20 12:40:00	1.03943	1.03987	1.03943	1.03968	1579
2024-12-20 12:45:00	1.03967	1.03979	1.03944	1.03974	1215
2024-12-20 12:50:00	1.03974	1.03988	1.03927	1.0393	1845
2024-12-20 12:55:00	1.03928	1.03942	1.03879	1.03895	2612
2024-12-20 13:00:00	1.03895	1.0391	1.03883	1.03885	1596
2024-12-20 13:05:00	1.03884	1.03908	1.03877	1.03898	863
2024-12-20 13:10:00	1039	1.03935	1.03892	1.03933	1368
2024-12-20 13:15:00	1.03934	1.03957	1.03915	1.03953	1192
2024-12-20 13:20:00	1.03952	1.03988	1.03945	1.03982	1600
2024-12-20 13:25:00	1.03983	1.0401	1.03977	1.03979	1171
2024-12-20 13:30:00	1.03976	1.0419	1.03976	1.04136	3946
2024-12-20 13:35:00	1.04134	1.04188	1.04074	1.04083	2365
2024-12-20 13:40:00	1.04083	1.04147	1.04037	1.04137	3460
2024-12-20 13:45:00	1.04137	1.04137	1.04056	1.04059	2401
2024-12-20 13:50:00	1.04058	1.04099	1.04032	1.04097	2728
2024-12-20 13:55:00	1.04098	1.04118	1.04061	1.04073	1510
2024-12-20 14:00:00	1.04072	1.04088	1.0402	1.04024	1882
2024-12-20 14:05:00	1.04023	1.04033	1.03974	1.03987	2715
2024-12-20 14:10:00	1.03987	1.03999	1.03934	1.03959	2162
2024-12-20 14:15:00	1.03958	1.03959	1.03908	1.03916	2379
2024-12-20 14:20:00	1.03914	1.0395	1.03889	1.03949	2058
2024-12-20 14:25:00	1.0395	1.03985	1.03922	1.03924	1904
2024-12-20 14:30:00	1.03924	1.0398	1039	1.03955	2846
2024-12-20 14:35:00	1.03955	1.03974	1.03919	1.03933	1457
2024-12-20 14:40:00	1.03935	1.03956	1.03895	1.03899	1426
2024-12-20 14:45:00	1.03899	1.03899	1.0386	1.03865	1168
2024-12-20 14:50:00	1.03866	1.03911	1.03863	1.03875	1187
2024-12-20 14:55:00	1.03874	1.03969	1.03869	1.03934	1604
2024-12-20 15:00:00	1.03944	1.04022	1.03927	1.04022	1486
2024-12-20 15:05:00	1.04022	1.04073	1.04009	1.04041	1332
2024-12-20 15:10:00	1.0404	1.04063	1.03986	1.03994	1659
2024-12-20 15:15:00	1.03993	1.04052	1.03993	1.04031	1744
2024-12-20 15:20:00	1.04031	1.04035	1.03981	1.03983	2298
2024-12-20 15:25:00	1.03983	1.03983	1.03915	1.03942	2984
2024-12-20 15:30:00	1.03941	1.04002	1.03924	1.03977	3103
2024-12-20 15:35:00	1.03977	1.0403	1.03941	1.03955	1510
2024-12-20 15:40:00	1.03954	1.04069	1.03954	1.04062	2429
2024-12-20 15:45:00	1.04064	1.04072	1.04013	1.04014	1087
2024-12-20 15:50:00	1.04014	1.04014	1.0391	1.03915	2531
2024-12-20 15:55:00	1.03917	1.03998	1.03915	1.03967	3968
2024-12-20 16:00:00	1.03967	1.0402	1.03959	1.03967	2624
2024-12-20 16:05:00	1.03968	1.0402	1.0396	1.04001	1712
2024-12-20 16:10:00	1.04002	1.04038	1.04	1.04013	1695
2024-12-20 16:15:00	1.04013	1.04122	1.04006	1.04122	1375
2024-12-20 16:20:00	1.04121	1.04186	1.0412	1.04165	1084
2024-12-20 16:25:00	1.04164	1.04191	1.04124	1.04125	1336
2024-12-20 16:30:00	1.04124	1.04184	1.04124	1.04172	1317
2024-12-20 16:35:00	1.04171	1.04274	1.04171	1.04271	1090
2024-12-20 16:40:00	1.04271	1.04339	1.04249	1.04265	1295
2024-12-20 16:45:00	1.04264	1.04323	1.04244	1.04318	1432
2024-12-20 16:50:00	1.04319	1.04354	1.04283	1.04291	2529
2024-12-20 16:55:00	1.04292	1.04305	1.04258	1.04281	3482
2024-12-20 17:00:00	1.04282	1.04305	1.04256	1.04296	3361
2024-12-20 17:05:00	1.04297	1.04366	1.04295	1.04356	3731
2024-12-20 17:10:00	1.04356	1.04408	1.04356	1.04387	2399
2024-12-20 17:15:00	1.04386	1.04448	1.04374	1.04417	2749
2024-12-20 17:20:00	1.04416	1.04427	1.04387	1.04403	2746
2024-12-20 17:25:00	1.04402	1.04426	1.04376	1.04383	1819
2024-12-20 17:30:00	1.04382	1.04382	1.04311	1.04327	2936
2024-12-20 17:35:00	1.04327	1.04349	1.04309	1.04332	3139
2024-12-20 17:40:00	1.04332	1.04346	1.04303	1.04337	3007
2024-12-20 17:45:00	1.04336	1.04336	1.0428	1.04304	2724
2024-12-20 17:50:00	1.04301	1.04318	1.04282	1.04305	2154
2024-12-20 17:55:00	1.04306	1.04313	1.04284	1.04285	1601
2024-12-20 18:00:00	1.04284	1.04292	1.04261	1.04281	1613
2024-12-20 18:05:00	1.04282	1.04282	1.0425	1.04273	1493
2024-12-20 18:10:00	1.04272	1.04329	1.04272	1.04315	1266
2024-12-20 18:15:00	1.04314	1.04316	1.04279	1.04282	1489
2024-12-20 18:20:00	1.0428	1.04294	1.04265	1.04286	1029
2024-12-20 18:25:00	1.04287	1.04291	1.04238	1.04243	1639
2024-12-20 18:30:00	1.04243	1.0426	1.04222	1.04255	988
2024-12-20 18:35:00	1.04255	1.04336	1.04254	1.04333	1150
2024-12-20 18:40:00	1.04333	1.04406	1.04332	1.04406	1028
2024-12-20 18:45:00	1.04407	1.0441	1.04362	1.04409	1477
2024-12-20 18:50:00	1.04408	1.04429	1.04396	1.04396	1172
2024-12-20 18:55:00	1.04396	1.04404	1.04366	1.04368	1018
2024-12-20 19:00:00	1.04367	1.04394	1.04351	1.04371	1315
2024-12-20 19:05:00	1.04372	1.04392	1.04339	1.04389	1293
2024-12-20 19:10:00	1.04389	1.0442	1.04387	1.04401	1320
2024-12-20 19:15:00	1.04401	1.04408	1.04396	1.04405	1023
2024-12-20 19:20:00	1.04406	1.0443	1.04399	1.04415	713
2024-12-20 19:25:00	1.04416	1.04447	1.0441	1.04436	633
2024-12-20 19:30:00	1.04436	1.04448	1.04405	1.04419	971
2024-12-20 19:35:00	1.0442	1.04447	1.04419	1.04432	562
2024-12-20 19:40:00	1.0443	1.04449	1.0443	1.04436	572
2024-12-20 19:45:00	1.04436	1.04451	1.04413	1.04451	810
2024-12-20 19:50:00	1.04451	1.04474	1.04427	1.04451	862
2024-12-20 19:55:00	1.04452	1.0447	1.04436	1.04447	1312
2024-12-20 20:00:00	1.04446	1.04447	1.04396	1.04402	889
2024-12-20 20:05:00	1.04402	1.04437	1.04384	1.04429	840
2024-12-20 20:10:00	1.0443	1.04471	1.0443	1.04451	798
2024-12-20 20:15:00	1.0445	1.04465	1.04439	1.04459	578
2024-12-20 20:20:00	1.0446	1.04463	1.0444	1.04448	581
2024-12-20 20:25:00	1.0445	1.04457	1.04431	1.04441	424
2024-12-20 20:30:00	1.0444	1.0444	1.04407	1.04416	1030
2024-12-20 20:35:00	1.04418	1.04437	1.04414	1.04422	812
2024-12-20 20:40:00	1.04421	1.04423	1.04377	1.04399	877
2024-12-20 20:45:00	1044	1.04406	1.04371	1.04371	418
2024-12-20 20:50:00	1.04371	1.04376	1.04334	1.04337	758
2024-12-20 20:55:00	1.04338	1.04346	1.04285	1.04287	2261
2024-12-20 21:00:00	1.04287	1.04336	1.04276	1.0432	1146
2024-12-20 21:05:00	1.04321	1.04324	1.04279	1.04283	328
2024-12-20 21:10:00	1.04284	1.04284	1.04266	1.04279	316
2024-12-20 21:15:00	1.0428	1.04287	1.04275	1.0428	345
2024-12-20 21:20:00	1.04281	1.04284	1.0426	1.04265	517
2024-12-20 21:25:00	1.04264	1.0427	1.04252	1.04253	587
2024-12-20 21:30:00	1.04254	1.0426	1.04251	1.04256	555
2024-12-20 21:35:00	1.04257	1.04257	1.04219	1.04247	1130
2024-12-20 21:40:00	1.04247	1.04264	1.04242	1.04264	262
2024-12-20 21:45:00	1.04264	1.04283	1.04262	1.04276	290
2024-12-20 21:50:00	1.04277	1.04288	1.04272	1.04286	363
2024-12-20 21:55:00	1.04287	1.04311	1.04245	1.04254	426
2024-12-22 22:00:00	1.04308	1.04308	1.0428	1.04304	34
2024-12-22 22:05:00	1.04295	1.04304	1.04279	1.04295	54
2024-12-22 22:10:00	1.04296	1.04296	1.04283	1.04289	44
2024-12-22 22:15:00	1.04288	1.04304	1.04284	1.04289	89
2024-12-22 22:20:00	1.04288	1.04351	1.04286	1.04345	106
2024-12-22 22:25:00	1.04346	1.04368	1.04345	1.04367	135
2024-12-22 22:30:00	1.04366	1.04439	1.04364	1.04439	253
2024-12-22 22:35:00	1.0444	1.04451	1.04338	1.04345	365
2024-12-22 22:40:00	1.04345	1.04394	1.04322	1.04324	166
2024-12-22 22:45:00	1.04324	1.04352	1.04324	1.0435	100
2024-12-22 22:50:00	1.04348	1.04365	1.04335	1.04362	65
2024-12-22 22:55:00	1.04361	1.04382	1.04299	1.04318	166
2024-12-22 23:00:00	1.04325	1.04421	1.04322	1.04417	581
2024-12-22 23:05:00	1.04418	1.04432	1.04387	1.04409	466
2024-12-22 23:10:00	1.04411	1.04411	1.04362	1.04379	454
2024-12-22 23:15:00	1.04378	1.04378	1.04337	1.04344	870
2024-12-22 23:20:00	1.04344	1.04346	1.04313	1.04322	723
2024-12-22 23:25:00	1.04321	1.04331	1.0431	1.04316	494
2024-12-22 23:30:00	1.04316	1.04328	1.04302	1.04317	585
2024-12-22 23:35:00	1.04318	1.04322	1.04309	1.04318	437
2024-12-22 23:40:00	1.04318	1.04323	1.0431	1.04318	269
2024-12-22 23:45:00	1.04318	1.04336	1.04314	1.04336	381
2024-12-22 23:50:00	1.04336	1.04336	1.04323	1.04336	313
2024-12-22 23:55:00	1.04339	1.04341	1.04324	1.04336	394
2024-12-23 00:00:00	1.04335	1.04365	1.04334	1.04351	716
2024-12-23 00:05:00	1.04352	1.0436	1.04338	1.04348	478
2024-12-23 00:10:00	1.04348	1.04353	1.04337	1.04339	249
2024-12-23 00:15:00	1.0434	1.0435	1.0434	1.04348	384
2024-12-23 00:20:00	1.04347	1.04354	1.04336	1.04349	310
2024-12-23 00:25:00	1.04349	1.04358	1.04346	1.04354	210
2024-12-23 00:30:00	1.04354	1.04354	1.04335	1.04337	542
2024-12-23 00:35:00	1.04337	1.04344	1.04328	1.04329	448
2024-12-23 00:40:00	1.04329	1.04337	1.04323	1.04332	566
2024-12-23 00:45:00	1.04333	1.04342	1.04333	1.04334	224
2024-12-23 00:50:00	1.04335	1.04343	1.04306	1.04317	630
2024-12-23 00:55:00	1.04316	1.04333	1.04313	1.04318	743
2024-12-23 01:00:00	1.04319	1.04325	1.0429	1.04304	794
2024-12-23 01:05:00	1.04304	1.04311	1.04285	1.04286	224
2024-12-23 01:10:00	1.04286	1.04299	1.0428	1.04294	267
2024-12-23 01:15:00	1.04294	1.04305	1.04268	1043	326
2024-12-23 01:20:00	1.04301	1.04308	1.04299	1.04305	159
2024-12-23 01:25:00	1.04303	1.04313	1.0429	1.04309	217
2024-12-23 01:30:00	1.04309	1.04332	1.04309	1.04327	287
2024-12-23 01:35:00	1.04327	1.04333	1.0431	1.04323	210
2024-12-23 01:40:00	1.04323	1.04331	1.04319	1.04323	204
2024-12-23 01:45:00	1.04322	1.04374	1.04322	1.04371	301
2024-12-23 01:50:00	1.0437	1.04381	1.04353	1.0436	237
2024-12-23 01:55:00	1.0436	1.04377	1.04357	1.04358	245
2024-12-23 02:00:00	1.04359	1.0437	1.04358	1.04365	167
2024-12-23 02:05:00	1.04364	1.04405	1.0436	1.04398	229
2024-12-23 02:10:00	1.04397	1.04398	1.04379	1.04388	199
2024-12-23 02:15:00	1.04388	1.04401	1.04384	1.04385	276
2024-12-23 02:20:00	1.04384	1.04391	1.04377	1.04391	226
2024-12-23 02:25:00	1.04393	1.04409	1.04393	1.04397	199
2024-12-23 02:30:00	1.04399	1.04431	1.04391	1.0442	556
2024-12-23 02:35:00	1.0442	1.0442	1.04388	1.04405	277
2024-12-23 02:40:00	1.04404	1.04413	1.04398	1.04404	264
2024-12-23 02:45:00	1.04404	1.04415	1.04391	1.04396	225
2024-12-23 02:50:00	1.04395	1.04429	1.04395	1.04429	142
2024-12-23 02:55:00	1.04429	1.04429	1.04405	1.04406	267
2024-12-23 03:00:00	1.04406	1.04411	1.04384	1.04402	235
2024-12-23 03:05:00	1.04402	1.0441	1.0439	1.04398	174
2024-12-23 03:10:00	1.04399	1.0441	1.04396	1.04407	194
2024-12-23 03:15:00	1.04407	1.04407	1.04385	1.04388	219
2024-12-23 03:20:00	1.04389	1.04408	1.04389	1.04408	99
2024-12-23 03:25:00	1.04406	1.0441	1.04399	1.04401	72
2024-12-23 03:30:00	1.04402	1.04411	1.04394	1.0441	104
2024-12-23 03:35:00	1.0441	1.04419	1.04408	1.04418	56
2024-12-23 03:40:00	1.04417	1.04421	1.04399	1.04405	154
2024-12-23 03:45:00	1.04405	1.04409	1.04396	1.04407	208
2024-12-23 03:50:00	1.04409	1.04425	1.04389	1.04405	234
2024-12-23 03:55:00	1.04405	1.04406	1.04383	1.04392	222
2024-12-23 04:00:00	1.04391	1044	1.04387	1.04395	270
2024-12-23 04:05:00	1.04395	1.04397	1.0439	1.04393	102
2024-12-23 04:10:00	1.04394	1.04415	1.04394	1.04415	270
2024-12-23 04:15:00	1.04416	1.04419	1.04407	1.04413	301
2024-12-23 04:20:00	1.04413	1.04423	1.04406	1.04417	239
2024-12-23 04:25:00	1.04417	1.04419	1.0441	1.04415	285
2024-12-23 04:30:00	1.04414	1.04422	1.04411	1.0442	251
2024-12-23 04:35:00	1.0442	1.04429	1.0441	1.04429	254
2024-12-23 04:40:00	1.0443	1.04431	1.04403	1.04416	236
2024-12-23 04:45:00	1.04416	1.0442	1.04411	1.0442	221
2024-12-23 04:50:00	1.04419	1.0445	1.04419	1.04444	133
2024-12-23 04:55:00	1.04445	1.04452	1.04429	1.04429	212
2024-12-23 05:00:00	1.04429	1.04435	1.04422	1.04435	165
2024-12-23 05:05:00	1.04436	1.04443	1.04428	1.04429	78
2024-12-23 05:10:00	1.04428	1.04428	1.04402	1.04408	367
2024-12-23 05:15:00	1.04409	1.04425	1.04406	1.04421	177
2024-12-23 05:20:00	1.04421	1.04421	1.04406	1.04414	153
2024-12-23 05:25:00	1.04412	1.04417	1044	1.04412	265
2024-12-23 05:30:00	1.04412	1.04421	1.0441	1.04416	158
2024-12-23 05:35:00	1.04414	1.04416	1.04405	1.04407	241
2024-12-23 05:40:00	1.04407	1.0441	1.04396	1.04408	193
2024-12-23 05:45:00	1.04408	1.04415	1.04402	1.0441	294
2024-12-23 05:50:00	1.0441	1.0443	1.04409	1.0442	379
2024-12-23 05:55:00	1.0442	1.0442	1.04394	1.04401	774
2024-12-23 06:00:00	1.04401	1.04421	1.04385	1.04385	815
2024-12-23 06:05:00	1.04385	1.04386	1.04374	1.04375	527
2024-12-23 06:10:00	1.04374	1.04401	1.04369	1.04397	366
2024-12-23 06:15:00	1.04397	1.04416	1.04381	1.04381	620
2024-12-23 06:20:00	1.04384	1.04392	1.04374	1.04375	596
2024-12-23 06:25:00	1.04374	1.04376	1.04356	1.04364	541
2024-12-23 06:30:00	1.04363	1.04367	1.04345	1.0435	479
2024-12-23 06:35:00	1.04351	1.04363	1.04341	1.0436	716
2024-12-23 06:40:00	1.04358	1.04382	1.04354	1.04382	493
2024-12-23 06:45:00	1.04381	1.04386	1.04332	1.04339	735
2024-12-23 06:50:00	1.0434	1.04358	1.04339	1.04339	675
2024-12-23 06:55:00	1.04338	1.0435	1.04334	1.04339	708
2024-12-23 07:00:00	1.0434	1.04354	1.04329	1.0433	1038
2024-12-23 07:05:00	1.04329	1.04355	1.04321	1.04355	744
2024-12-23 07:10:00	1.04356	1.04367	1.04356	1.04356	693
2024-12-23 07:15:00	1.04355	1.04355	1.04337	1.04345	845
2024-12-23 07:20:00	1.04344	1.04357	1.04329	1.04329	1496
2024-12-23 07:25:00	1.04328	1.04328	1.04304	1.04322	948
2024-12-23 07:30:00	1.04321	1.04321	1.04293	1.04298	1165
2024-12-23 07:35:00	1.04302	1.0431	1.04292	1.04299	669
2024-12-23 07:40:00	1.04301	1.04301	1.04227	1.04227	1435
2024-12-23 07:45:00	1.04228	1.04233	1.04163	1.04178	2277
2024-12-23 07:50:00	1.04177	1.0418	1.04116	1.04131	1377
2024-12-23 07:55:00	1.0413	1.04142	1.04112	1.04127	1456
2024-12-23 08:00:00	1.04126	1.0416	1.04125	1.04151	1489
2024-12-23 08:05:00	1.04153	1.04179	1.04148	1.04173	918
2024-12-23 08:10:00	1.04173	1.04173	1.04137	1.04156	943
2024-12-23 08:15:00	1.04159	1.04173	1.04153	1.04172	880
2024-12-23 08:20:00	1.04173	1.04176	1.04119	1.04119	843
2024-12-23 08:25:00	1.04118	1.04119	1.04072	1.04107	1853
2024-12-23 08:30:00	1.04107	1.04128	1.04083	1.04115	1850
2024-12-23 08:35:00	1.04116	1.04138	1.04101	1.04103	1562
2024-12-23 08:40:00	1.04107	1.04118	1.04086	1.04118	1207
2024-12-23 08:45:00	1.04118	1.04149	1.04117	1.04146	1425
2024-12-23 08:50:00	1.04146	1.04158	1.04136	1.04136	1079
2024-12-23 08:55:00	1.04136	1.04187	1.04136	1.0418	875
2024-12-23 09:00:00	1.04179	1.0419	1.04151	1.04158	1226
2024-12-23 09:05:00	1.04158	1.04165	1.04117	1.04138	1493
2024-12-23 09:10:00	1.0414	1.04178	1.04138	1.04178	1032
2024-12-23 09:15:00	1.04178	1.04195	1.04162	1.04162	413
2024-12-23 09:20:00	1.04162	1.04191	1.04154	1.04159	620
2024-12-23 09:25:00	1.0416	1.04194	1.04156	1.04182	707
2024-12-23 09:30:00	1.04182	1.04193	1.04143	1.04148	1092
2024-12-23 09:35:00	1.04148	1.04151	1.04112	1.04117	771
2024-12-23 09:40:00	1.04117	1.04132	1.04113	1.04115	1224
2024-12-23 09:45:00	1.04115	1.04132	1.04112	1.04117	812
2024-12-23 09:50:00	1.04118	1.04126	1.04085	1.04103	1037
2024-12-23 09:55:00	1.04102	1.04109	1.04072	1.04077	1386
2024-12-23 10:00:00	1.04077	1.04081	1.04055	1.04066	1534
2024-12-23 10:05:00	1.04066	1.04068	1.04038	1.04067	1076
2024-12-23 10:10:00	1.04068	1.04089	1.0405	1.04088	816
2024-12-23 10:15:00	1.04088	1.04096	1.04058	1.04058	804
2024-12-23 10:20:00	1.04059	1.04075	1.04046	1.04058	1020
2024-12-23 10:25:00	1.04058	1.0406	1.04026	1.04043	1205
2024-12-23 10:30:00	1.04043	1.04044	1.04005	1.04009	1118
2024-12-23 10:35:00	1.0401	1.0401	1.0396	1.03991	1431
2024-12-23 10:40:00	1.03994	1.04011	1.03943	1.03961	1102
2024-12-23 10:45:00	1.03961	1.03961	1.03926	1.03934	1275
2024-12-23 10:50:00	1.03935	1.03959	1.03923	1.03941	995
2024-12-23 10:55:00	1.03941	1.03949	1.03867	1.03898	2538
2024-12-23 11:00:00	1.03897	1.03947	1.03897	1.03916	564
2024-12-23 11:05:00	1.03917	1.03946	1.03912	1.03944	625
2024-12-23 11:10:00	1.03945	1.03981	1.03945	1.03966	723
2024-12-23 11:15:00	1.03966	1.04001	1.0396	1.03971	842
2024-12-23 11:20:00	1.03969	1.03982	1.03949	1.03969	649
2024-12-23 11:25:00	1.0397	1.03991	1.03955	1.03984	689
2024-12-23 11:30:00	1.03984	1.03986	1.03918	1.03924	589
2024-12-23 11:35:00	1.03923	1.03923	1.03882	1.03902	1142
2024-12-23 11:40:00	1.03903	1.03929	1.03874	1.03919	1234
2024-12-23 11:45:00	1.03918	1.03946	1.0391	1.03944	663
2024-12-23 11:50:00	1.03942	1.03971	1.0394	1.03971	228
2024-12-23 11:55:00	1.03974	1.04011	1.03974	1.03999	581
2024-12-23 12:00:00	1.03999	1.04013	1.03948	1.03949	852
2024-12-23 12:05:00	1.03949	1.03975	1.03937	1.03943	1168
2024-12-23 12:10:00	1.03942	1.03953	1.03922	1.03923	1426
2024-12-23 12:15:00	1.03922	1.03927	1.03856	1.03856	1411
2024-12-23 12:20:00	1.03857	1.03924	1.03856	1.03904	1818
2024-12-23 12:25:00	1.03903	1.03925	1.03895	1.03897	993
2024-12-23 12:30:00	1.03896	1.03927	1.03888	1.03902	1534
2024-12-23 12:35:00	1.03901	1.03939	1.03898	1.03934	1042
2024-12-23 12:40:00	1.03937	1.03937	1.03899	1.03923	1263
2024-12-23 12:45:00	1.03923	1.03941	1.03912	1.03941	764
2024-12-23 12:50:00	1.03942	1.03985	1.03939	1.03983	414
2024-12-23 12:55:00	1.03982	1.03982	1.03892	1.03954	2429
2024-12-23 13:00:00	1.03954	1.03975	1.03926	1.03968	2428
2024-12-23 13:05:00	1.03968	1.03985	1.03924	1.03929	1837
2024-12-23 13:10:00	1.03931	1.03949	1.03909	1.03912	2122
2024-12-23 13:15:00	1.03911	1.03914	1.03882	1.03907	1392
2024-12-23 13:20:00	1.03908	1.03945	1.03904	1.03927	1708
2024-12-23 13:25:00	1.03927	1.03989	1.03925	1.03971	781
2024-12-23 13:30:00	1.03969	1.03998	1.03924	1.03927	1959
2024-12-23 13:35:00	1.03926	1.03943	1.03912	1.03915	1833
2024-12-23 13:40:00	1.03915	1.03947	1.03909	1.03941	2090
2024-12-23 13:45:00	1.03943	1.03994	1.03938	1.03983	1711
2024-12-23 13:50:00	1.03984	1.04007	1.03974	1.03988	1489
2024-12-23 13:55:00	1.03988	1.04028	1.03988	1.03994	1518
2024-12-23 14:00:00	1.03996	1.04039	1.0398	1.04034	1864
2024-12-23 14:05:00	1.04033	1.0405	1.04004	1.04044	1694
2024-12-23 14:10:00	1.04044	1.04084	1.04035	1.04042	1959
2024-12-23 14:15:00	1.04043	1.04051	1.04007	1.04044	1780
2024-12-23 14:20:00	1.04045	1.04081	1.04019	1.04063	1427
2024-12-23 14:25:00	1.04063	1.04065	1.04018	1.04022	1667
2024-12-23 14:30:00	1.04023	1.04023	1.0398	1.03982	1648
2024-12-23 14:35:00	1.03983	1.04009	1.03973	1.03988	1374
2024-12-23 14:40:00	1.03987	1.04002	1.03963	1.03973	1243
2024-12-23 14:45:00	1.03973	1.03993	1.03933	1.03991	1501
2024-12-23 14:50:00	1.03993	1.04009	1.03965	1.03967	1748
2024-12-23 14:55:00	1.03967	1.03975	1.03915	1.03932	2020
2024-12-23 15:00:00	1.03935	1.03943	1.03862	1.03882	2365
2024-12-23 15:05:00	1.03883	1.03927	1.03842	1.03852	2237
2024-12-23 15:10:00	1.03852	1.03924	1.03845	1.03923	2207
2024-12-23 15:15:00	1.03924	1.03959	1.03913	1.03939	1965
2024-12-23 15:20:00	1.03939	1.03947	1.03923	1.03923	1809
2024-12-23 15:25:00	1.03924	1.03925	1.03899	1.03906	1692
2024-12-23 15:30:00	1.03906	1.03927	1.03902	1.03906	2099
2024-12-23 15:35:00	1.03906	1.0395	1.03905	1.03929	1614
2024-12-23 15:40:00	1.03929	1.03966	1.03927	1.03959	1476
2024-12-23 15:45:00	1.03958	1.03958	1.03916	1.03937	2083
2024-12-23 15:50:00	1.03936	1.03937	1039	1.03903	1969
2024-12-23 15:55:00	1.03903	1.03932	1.03892	1.03908	1235
2024-12-23 16:00:00	1.03908	1.03985	1.03905	1.03985	1395
2024-12-23 16:05:00	1.03985	1.03986	1.03893	1.03898	1544
2024-12-23 16:10:00	1.03898	1.0399	1.03898	1.03982	1338
2024-12-23 16:15:00	1.03981	1.03998	1.03957	1.03963	1658
2024-12-23 16:20:00	1.03963	1.03967	1.03932	1.03967	1904
2024-12-23 16:25:00	1.03971	1.03985	1.03952	1.03969	1747
2024-12-23 16:30:00	1.03969	1.04035	1.03968	1.04032	1375
2024-12-23 16:35:00	1.04033	1.04055	1.04027	1.04028	411
2024-12-23 16:40:00	1.04028	1.04092	1.04027	1.04075	563
2024-12-23 16:45:00	1.04074	1.04075	1.04046	1.0406	552
2024-12-23 16:50:00	1.04061	1.04077	1.04047	1.0405	610
2024-12-23 16:55:00	1.04049	1.04101	1.04047	1.04077	664
2024-12-23 17:00:00	1.04078	1.04113	1.04068	1.04104	427
2024-12-23 17:05:00	1.04104	1.04152	1.04102	1.04148	465
2024-12-23 17:10:00	1.04152	1.04179	1.04127	1.04162	344
2024-12-23 17:15:00	1.04161	1.04167	1.04127	1.04148	463
2024-12-23 17:20:00	1.04148	1.04163	1.04136	1.04137	282
2024-12-23 17:25:00	1.04137	1.04139	1.04076	1.04076	707
2024-12-23 17:30:00	1.04076	1.04076	1.04039	1.04065	901
2024-12-23 17:35:00	1.04065	1.04065	1.04029	1.04042	685
2024-12-23 17:40:00	1.04043	1.04051	1.0402	1.04021	407
2024-12-23 17:45:00	1.04015	1.04017	1.0397	1.03999	1378
2024-12-23 17:50:00	1.03999	1.03999	1.03964	1.03985	1254
2024-12-23 17:55:00	1.03985	1.03998	1.03969	1.03976	1644
2024-12-23 18:00:00	1.03977	1.0402	1.03976	1.04015	1146
2024-12-23 18:05:00	1.04014	1.04071	1.04012	1.04061	1020
2024-12-23 18:10:00	1.0406	1.04093	1.04051	1.0408	377
2024-12-23 18:15:00	1.04078	1.04092	1.04056	1.04064	514
2024-12-23 18:20:00	1.04063	1.04072	1.0405	1.04065	612
2024-12-23 18:25:00	1.04065	1.04106	1.04065	1.04097	492
2024-12-23 18:30:00	1.04096	1.04123	1.04095	1.04113	272
2024-12-23 18:35:00	1.04111	1.04114	1.04091	1.04113	168
2024-12-23 18:40:00	1.04112	1.04117	1.04055	1.04062	245
2024-12-23 18:45:00	1.04061	1.04076	1.04052	1.0407	195
2024-12-23 18:50:00	1.0407	1.04089	1.04066	1.04069	140
2024-12-23 18:55:00	1.04068	1.04093	1.0405	1.04088	179
2024-12-23 19:00:00	1.04086	1.04093	1.04052	1.04056	357
2024-12-23 19:05:00	1.04056	1.04056	1.04031	1.04035	335
2024-12-23 19:10:00	1.04036	1.04036	1.0401	1.04011	367
2024-12-23 19:15:00	1.0401	1.04022	1.04005	1.04021	196
2024-12-23 19:20:00	1.04021	1.04023	1.03995	1.04007	422
2024-12-23 19:25:00	1.04006	1.04018	1.03992	1.04006	339
2024-12-23 19:30:00	1.04006	1.04061	1.04006	1.04045	262
2024-12-23 19:35:00	1.04046	1.04073	1.0404	1.04073	206
2024-12-23 19:40:00	1.04072	1.04107	1.04072	1.04096	216
2024-12-23 19:45:00	1.04097	1.04113	1.04072	1.04085	338
2024-12-23 19:50:00	1.04084	1.04118	1.04075	1.04118	300
2024-12-23 19:55:00	1.0412	1.04124	1.04094	1.04114	595
2024-12-23 20:00:00	1.04113	1.04141	1.04102	1.04103	510
2024-12-23 20:05:00	1.04102	1.04103	1.04069	1.04079	413
2024-12-23 20:10:00	1.0408	1.04084	1.0404	1.04052	482
2024-12-23 20:15:00	1.0405	1.04063	1.04032	1.04036	515
2024-12-23 20:20:00	1.04035	1.04051	1.04034	1.04045	162
2024-12-23 20:25:00	1.04047	1.04061	1.04041	1.04061	226
2024-12-23 20:30:00	1.04059	1.04071	1.04037	1.04043	270
2024-12-23 20:35:00	1.04041	1.04064	1.0404	1.0406	183
2024-12-23 20:40:00	1.04058	1.04067	1.0405	1.04054	179
2024-12-23 20:45:00	1.04055	1.04066	1.04054	1.04065	140
2024-12-23 20:50:00	1.04065	1.04076	1.0406	1.04071	260
2024-12-23 20:55:00	1.04072	1.04085	1.04054	1.04058	307
2024-12-23 21:00:00	1.04059	1.04069	1.04044	1.0405	248
2024-12-23 21:05:00	1.04051	1.04056	1.0404	1.04056	176
2024-12-23 21:10:00	1.04056	1.04062	1.04054	1.04061	33
2024-12-23 21:15:00	1.04061	1.04066	1.04058	1.0406	73
2024-12-23 21:20:00	1.04058	1.04058	1.04053	1.04053	39
2024-12-23 21:25:00	1.04053	1.04059	1.0405	1.04054	113
2024-12-23 21:30:00	1.04054	1.04076	1.04054	1.04076	118
2024-12-23 21:35:00	1.04078	1.04079	1.04064	1.0407	175
2024-12-23 21:40:00	1.04069	1.0407	1.04058	1.04058	141
2024-12-23 21:45:00	1.0406	1.04061	1.04049	1.04052	369
2024-12-23 21:50:00	1.04051	1.0406	1.04051	1.04058	168
2024-12-23 21:55:00	1.04057	1.04067	1.04043	1.04044	340
2024-12-23 22:00:00	1.04043	1.04051	1.0403	1.04051	4
2024-12-23 22:05:00	1.04051	1.04062	1.04045	1.04052	88
2024-12-23 22:10:00	1.04057	1.04057	1.0404	1.04048	94
2024-12-23 22:15:00	1.04048	1.04052	1.0404	1.04044	246
2024-12-23 22:20:00	1.04045	1.04055	1.04041	1.04055	67
2024-12-23 22:25:00	1.04053	1.0406	1.04052	1.0406	55
2024-12-23 22:30:00	1.04059	1.04062	1.04058	1.04061	60
2024-12-23 22:35:00	1.04064	1.04064	1.04061	1.04061	15
2024-12-23 22:40:00	1.04062	1.04062	1.04052	1.04058	120
2024-12-23 22:45:00	1.04059	1.04059	1.04052	1.04052	59
2024-12-23 22:50:00	1.04051	1.04054	1.04033	1.04036	28
2024-12-23 22:55:00	1.04035	1.04044	1.04032	1.04034	62
2024-12-23 23:00:00	1.04035	1.04081	1.04035	1.04061	201
2024-12-23 23:05:00	1.04061	1.04061	1.04051	1.04051	72
2024-12-23 23:10:00	1.04063	1.04074	1.04056	1.04062	196
2024-12-23 23:15:00	1.04062	1.04081	1.04056	1.04066	120
2024-12-23 23:20:00	1.04066	1.04078	1.04066	1.0407	53
2024-12-23 23:25:00	1.04074	1.04077	1.0407	1.0407	96
2024-12-23 23:30:00	1.04071	1.04079	1.04065	1.04071	129
2024-12-23 23:35:00	1.04075	1.04075	1.04055	1.04055	79
2024-12-23 23:40:00	1.04055	1.04064	1.04051	1.04055	124
2024-12-23 23:45:00	1.04055	1.04059	1.0404	1.04045	151
2024-12-23 23:50:00	1.04045	1.04049	1.04034	1.04041	103
2024-12-23 23:55:00	1.04042	1.0405	1.04039	1.0404	64
2024-12-24 00:00:00	1.04041	1.04045	1.04022	1.04024	262
2024-12-24 00:05:00	1.04023	1.04031	1.0401	1.04017	182
2024-12-24 00:10:00	1.04021	1.04025	1.04016	1.04018	115
2024-12-24 00:15:00	1.04017	1.0402	1.0401	1.04013	106
2024-12-24 00:20:00	1.04013	1.04018	1.0401	1.04017	40
2024-12-24 00:25:00	1.04016	1.04017	1.03985	1.03997	197
2024-12-24 00:30:00	1.03996	1.03996	1.03984	1.03985	58
2024-12-24 00:35:00	1.03984	1.03988	1.03981	1.03986	69
2024-12-24 00:40:00	1.03985	1.04	1.03979	1.03993	161
2024-12-24 00:45:00	1.03992	1.03992	1.03981	1.03983	105
2024-12-24 00:50:00	1.03983	1.03996	1.03981	1.03987	297
2024-12-24 00:55:00	1.03985	1.04005	1.03982	1.04003	268
2024-12-24 01:00:00	1.04003	1.04047	1.03997	1.04026	278
2024-12-24 01:05:00	1.04027	1.04037	1.04018	1.04022	89
2024-12-24 01:10:00	1.04023	1.04024	1.04002	1.04002	131
2024-12-24 01:15:00	1.04003	1.04026	1.04002	1.04015	140
2024-12-24 01:20:00	1.04015	1.04029	1.04012	1.04016	119
2024-12-24 01:25:00	1.04016	1.04029	1.04008	1.04008	164
2024-12-24 01:30:00	1.04009	1.04025	1.04009	1.04017	211
2024-12-24 01:35:00	1.04017	1.04019	1.04012	1.04015	102
2024-12-24 01:40:00	1.04016	1.04023	1.04005	1.04006	147
2024-12-24 01:45:00	1.04007	1.0402	1.04003	1.0402	118
2024-12-24 01:50:00	1.04025	1.04032	1.04017	1.0402	182
2024-12-24 01:55:00	1.04022	1.04032	1.04013	1.04027	147
2024-12-24 02:00:00	1.04027	1.04053	1.04026	1.04031	197
2024-12-24 02:05:00	1.04032	1.04047	1.04026	1.04038	145
2024-12-24 02:10:00	1.04038	1.04086	1.04038	1.04076	198
2024-12-24 02:15:00	1.04076	1.04076	1.04033	1.0404	182
2024-12-24 02:20:00	1.04039	1.04061	1.04037	1.04039	161
2024-12-24 02:25:00	1.04038	1.04043	1.04022	1.04029	189
2024-12-24 02:30:00	1.04029	1.04029	1.03974	1.03979	264
2024-12-24 02:35:00	1.03977	1.03992	1.03965	1.03991	214
2024-12-24 02:40:00	1.03991	1.03991	1.03975	1.03978	233
2024-12-24 02:45:00	1.03978	1.03981	1.03977	1.03978	162
2024-12-24 02:50:00	1.03978	1.03994	1.03978	1.03994	134
2024-12-24 02:55:00	1.03996	1.04007	1.03988	1.03997	102
2024-12-24 03:00:00	1.03998	1.04003	1.0398	1.03998	107
2024-12-24 03:05:00	1.03997	1.03997	1.03951	1.03956	227
2024-12-24 03:10:00	1.03957	1.03968	1.03957	1.03967	63
2024-12-24 03:15:00	1.0397	1.0397	1.0395	1.03956	210
2024-12-24 03:20:00	1.03958	1.03962	1.0395	1.0395	185
2024-12-24 03:25:00	1.0395	1.03957	1.03949	1.03953	119
2024-12-24 03:30:00	1.03952	1.03966	1.0395	1.0396	135
2024-12-24 03:35:00	1.03959	1.03972	1.03951	1.03953	89
2024-12-24 03:40:00	1.03954	1.03959	1.03949	1.03952	202
2024-12-24 03:45:00	1.03952	1.03955	1.03887	1.03905	275
2024-12-24 03:50:00	1.03905	1.03905	1.03887	1.03903	276
2024-12-24 03:55:00	1.03905	1.03914	1.03898	1.03908	194
2024-12-24 04:00:00	1.03909	1.0393	1.03908	1.0392	161
2024-12-24 04:05:00	1.0392	1.03931	1.03913	1.03919	129
2024-12-24 04:10:00	1.03917	1.03928	1.03912	1.03927	104
2024-12-24 04:15:00	1.03928	1.03932	1.03917	1.03918	102
2024-12-24 04:20:00	1.03918	1.03948	1.03913	1.03945	134
2024-12-24 04:25:00	1.03944	1.03954	1.03943	1.03954	170
2024-12-24 04:30:00	1.03954	1.03954	1.03946	1.03953	74
2024-12-24 04:35:00	1.03953	1.0397	1.03953	1.03963	132
2024-12-24 04:40:00	1.03963	1.03969	1.0396	1.03963	182
2024-12-24 04:45:00	1.03963	1.03965	1.03945	1.03951	129
2024-12-24 04:50:00	1.03952	1.03957	1.03949	1.03949	74
2024-12-24 04:55:00	1.03949	1.03963	1.03947	1.03963	215
2024-12-24 05:00:00	1.03967	1.03976	1.03962	1.03965	159
2024-12-24 05:05:00	1.03965	1.03965	1.03942	1.03946	88
2024-12-24 05:10:00	1.03947	1.03951	1.03941	1.03942	95
2024-12-24 05:15:00	1.03943	1.03943	1.03936	1.03943	99
2024-12-24 05:20:00	1.03945	1.03963	1.03945	1.03959	111
2024-12-24 05:25:00	1.03958	1.03959	1.03943	1.03945	195
2024-12-24 05:30:00	1.03944	1.03945	1.03938	1.03945	170
2024-12-24 05:35:00	1.03944	1.03952	1.03944	1.0395	401
2024-12-24 05:40:00	1.03949	1.03956	1.03945	1.03949	379
2024-12-24 05:45:00	1.0395	1.03964	1.03944	1.03963	459
2024-12-24 05:50:00	1.03964	1.03971	1.03958	1.0397	409
2024-12-24 05:55:00	1.03969	1.0397	1.03954	1.03969	509
2024-12-24 06:00:00	1.03969	1.03969	1.03956	1.03959	330
2024-12-24 06:05:00	1.0396	1.03973	1.03957	1.03973	320
2024-12-24 06:10:00	1.03974	1.03984	1.03968	1.03968	385
2024-12-24 06:15:00	1.03967	1.03967	1.03924	1.03935	543
2024-12-24 06:20:00	1.03934	1.0395	1.03929	1.03949	429
2024-12-24 06:25:00	1.0395	1.03969	1.03948	1.03961	578
2024-12-24 06:30:00	1.03961	1.03961	1.03947	1.03948	484
2024-12-24 06:35:00	1.03948	1.03953	1.03931	1.03953	308
2024-12-24 06:40:00	1.03954	1.0397	1.03954	1.03963	229
2024-12-24 06:45:00	1.03962	1.03973	1.03958	1.03971	439
2024-12-24 06:50:00	1.03971	1.03971	1.03942	1.03944	320
2024-12-24 06:55:00	1.03944	1.03961	1.03943	1.0396	283
2024-12-24 07:00:00	1.03959	1.03976	1.03947	1.03963	785
2024-12-24 07:05:00	1.03962	1.03978	1.03947	1.03971	628
2024-12-24 07:10:00	1.0397	1.03985	1.03949	1.0395	470
2024-12-24 07:15:00	1.0395	1.03964	1.03939	1.03939	361
2024-12-24 07:20:00	1.03941	1.03975	1.03933	1.03974	531
2024-12-24 07:25:00	1.03975	1.03982	1.03964	1.03975	680
2024-12-24 07:30:00	1.03977	1.03977	1.03959	1.03963	549
2024-12-24 07:35:00	1.03963	1.03963	1.03933	1.0394	815
2024-12-24 07:40:00	1.03938	1.03946	1.03926	1.03939	914
2024-12-24 07:45:00	1.0394	1.03948	1.03934	1.03941	864
2024-12-24 07:50:00	1.0394	1.0394	1.03916	1.03928	658
2024-12-24 07:55:00	1.03928	1.03936	1.03903	1.03904	748
2024-12-24 08:00:00	1.03906	1.03943	1.03901	1.03941	1463
2024-12-24 08:05:00	1.03942	1.03943	1.03914	1.03936	766
2024-12-24 08:10:00	1.03937	1.03954	1.03936	1.03937	877
2024-12-24 08:15:00	1.03938	1.03959	1.03938	1.03951	897
2024-12-24 08:20:00	1.03951	1.0396	1.03943	1.0395	779
2024-12-24 08:25:00	1.03951	1.03971	1.03933	1.03965	801
2024-12-24 08:30:00	1.03966	1.04009	1.03966	1.04001	839
2024-12-24 08:35:00	1.04	1.04041	1.03998	1.04038	499
2024-12-24 08:40:00	1.0404	1.04055	1.04013	1.04017	695
2024-12-24 08:45:00	1.04018	1.04018	1.03975	1.03975	943
2024-12-24 08:50:00	1.03976	1.03981	1.03922	1.03922	1375
2024-12-24 08:55:00	1.03922	1.03954	1.03919	1.03953	1347
2024-12-24 09:00:00	1.03952	1.03977	1.03937	1.03967	1091
2024-12-24 09:05:00	1.03966	1.03969	1.03945	1.03948	764
2024-12-24 09:10:00	1.03948	1.03973	1.03947	1.03973	671
2024-12-24 09:15:00	1.03975	1.03983	1.03967	1.03977	652
2024-12-24 09:20:00	1.03978	1.03987	1.03968	1.03986	683
2024-12-24 09:25:00	1.03987	1.03987	1.03952	1.03958	740
2024-12-24 09:30:00	1.03958	1.03968	1.0394	1.03962	759
2024-12-24 09:35:00	1.03963	1.03982	1.03945	1.03951	640
2024-12-24 09:40:00	1.03951	1.03963	1.0394	1.03948	871
2024-12-24 09:45:00	1.03948	1.03949	1.03902	1.03933	1352
2024-12-24 09:50:00	1.03933	1.0394	1.03916	1.0393	1073
2024-12-24 09:55:00	1.03931	1.0394	1.03905	1.0392	711
2024-12-24 10:00:00	1.03919	1.03923	1039	1.03917	513
2024-12-24 10:05:00	1.03916	1.03917	1.03891	1.03895	958
2024-12-24 10:10:00	1.03895	1.0394	1.03894	1.03934	523
2024-12-24 10:15:00	1.03934	1.0395	1.03934	1.03939	432
2024-12-24 10:20:00	1.03938	1.03951	1.0392	1.03939	490
2024-12-24 10:25:00	1.03938	1.03966	1.03937	1.03941	425
2024-12-24 10:30:00	1.0394	1.0394	1.03904	1.03923	537
2024-12-24 10:35:00	1.03923	1.0393	1.03919	1.03927	313
2024-12-24 10:40:00	1.03928	1.03933	1.03914	1.03917	597
2024-12-24 10:45:00	1.03917	1.03931	1.03908	1.03924	271
2024-12-24 10:50:00	1.03926	1.03944	1.03925	1.03941	451
2024-12-24 10:55:00	1.03941	1.03974	1.0394	1.03966	884
2024-12-24 11:00:00	1.03965	1.03985	1.03953	1.03972	418
2024-12-24 11:05:00	1.03975	1.04011	1.03973	1.03983	740
2024-12-24 11:10:00	1.03984	1.04035	1.03984	1.04033	738
2024-12-24 11:15:00	1.04034	1.04036	1.04019	1.04023	240
2024-12-24 11:20:00	1.04023	1.04027	1.04004	1.04018	557
2024-12-24 11:25:00	1.04018	1.04024	1.04001	1.04002	851
2024-12-24 11:30:00	1.04001	1.04004	1.03971	1.03981	786
2024-12-24 11:35:00	1.03982	1.03986	1.03957	1.03963	852
2024-12-24 11:40:00	1.03965	1.03974	1.03945	1.03968	800
2024-12-24 11:45:00	1.03969	1.0397	1.03936	1.03943	1118
2024-12-24 11:50:00	1.03944	1.03951	1.03928	1.03928	669
2024-12-24 11:55:00	1.03929	1.03951	1.03915	1.03947	807
2024-12-24 12:00:00	1.03949	1.03975	1.03934	1.03975	834
2024-12-24 12:05:00	1.03975	1.03986	1.03951	1.03956	686
2024-12-24 12:10:00	1.03958	1.03989	1.03952	1.03985	646
2024-12-24 12:15:00	1.03984	1.04017	1.03984	1.04016	924
2024-12-24 12:20:00	1.04015	1.04034	1.04005	1.04006	1196
2024-12-24 12:25:00	1.04005	1.04019	1.03993	1.03999	1087
2024-12-24 12:30:00	1.04001	1.04031	1.03999	1.04028	914
2024-12-24 12:35:00	1.04028	1.04034	1.03998	1.04007	728
2024-12-24 12:40:00	1.04006	1.04012	1.03995	1.03995	619
2024-12-24 12:45:00	1.03995	1.04025	1.03995	1.04025	594
2024-12-24 12:50:00	1.04025	1.04029	1.03995	1.03995	568
2024-12-24 12:55:00	1.03995	1.03995	1.0389	1.03912	2703
2024-12-24 13:00:00	1.03912	1.03956	1.03894	1.03956	966
2024-12-24 13:05:00	1.03955	1.03956	1.03928	1.03945	1242
2024-12-24 13:10:00	1.03947	1.03999	1.03934	1.03976	1180
2024-12-24 13:15:00	1.03976	1.03992	1.03972	1.03986	617
2024-12-24 13:20:00	1.03985	1.04006	1.03984	1.04004	1087
2024-12-24 13:25:00	1.04003	1.04013	1.03995	1.04003	1002
2024-12-24 13:30:00	1.04003	1.04008	1.03979	1.03985	456
2024-12-24 13:35:00	1.03987	1.04003	1.03973	1.03979	521
2024-12-24 13:40:00	1.03979	1.03981	1.03927	1.03945	592
2024-12-24 13:45:00	1.03946	1.04023	1.03946	1.04023	635
2024-12-24 13:50:00	1.04022	1.04031	1.03999	1.04017	418
2024-12-24 13:55:00	1.04016	1.0403	1.04008	1.04023	326
2024-12-24 14:00:00	1.04023	1.04026	1.0397	1.0398	515
2024-12-24 14:05:00	1.0398	1.03982	1.03954	1.03971	300
2024-12-24 14:10:00	1.03972	1.04003	1.0397	1.03989	373
2024-12-24 14:15:00	1.03988	1.04014	1.03987	1.04014	504
2024-12-24 14:20:00	1.04013	1.04029	1.04007	1.04027	469
2024-12-24 14:25:00	1.04026	1.04074	1.04023	1.0407	508
2024-12-24 14:30:00	1.04071	1.04098	1.04035	1.04061	693
2024-12-24 14:35:00	1.04062	1.04081	1.04031	1.04074	1541
2024-12-24 14:40:00	1.04076	1.0408	1.04053	1.04074	2055
2024-12-24 14:45:00	1.04074	1.04089	1.04066	1.04073	1744
2024-12-24 14:50:00	1.04074	1.04085	1.04049	1.0405	1549
2024-12-24 14:55:00	1.04049	1.04069	1.04027	1.04048	1823
2024-12-24 15:00:00	1.04048	1.04078	1.04048	1.04053	1503
2024-12-24 15:05:00	1.04054	1.04062	1.04036	1.04044	1133
2024-12-24 15:10:00	1.04045	1.04049	1.04027	1.04036	1594
2024-12-24 15:15:00	1.04036	1.04038	1.03987	1.03991	1478
2024-12-24 15:20:00	1.0399	1.04004	1.03959	1.03964	1184
2024-12-24 15:25:00	1.03964	1.03981	1.03933	1.03951	1225
2024-12-24 15:30:00	1.03951	1.03969	1.03945	1.03956	1155
2024-12-24 15:35:00	1.03958	1.03973	1.03926	1.03936	1281
2024-12-24 15:40:00	1.03937	1.03941	1.03917	1.03929	1152
2024-12-24 15:45:00	1.03929	1.03966	1.03914	1.03964	1378
2024-12-24 15:50:00	1.03965	1.03967	1.03912	1.03912	1537
2024-12-24 15:55:00	1.03915	1.03927	1.03906	1.03917	1129
2024-12-24 16:00:00	1.03916	1.03962	1.03914	1.0396	1113
2024-12-24 16:05:00	1.03959	1.0396	1.03916	1.03918	441
2024-12-24 16:10:00	1.03917	1.03922	1.03876	1.03889	1035
2024-12-24 16:15:00	1.03888	1.03904	1.03885	1039	854
2024-12-24 16:20:00	1.03899	1.03902	1.03885	1.03894	470
2024-12-24 16:25:00	1.03894	1.03914	1.03893	1.0391	441
2024-12-24 16:30:00	1.0391	1.03947	1.03897	1.03945	1061
2024-12-24 16:35:00	1.03945	1.03947	1.03916	1.03926	441
2024-12-24 16:40:00	1.03925	1.03951	1.03925	1.03938	751
2024-12-24 16:45:00	1.0394	1.03944	1.03885	1.03896	1122
2024-12-24 16:50:00	1.03896	1.03908	1.03889	1.03907	866
2024-12-24 16:55:00	1.03906	1.03913	1.03874	1.03875	1246
2024-12-24 17:00:00	1.03875	1.03889	1.03862	1.03887	1266
2024-12-24 17:05:00	1.03888	1.03938	1.03888	1.03924	933
2024-12-24 17:10:00	1.03924	1.03935	1.03913	1.03915	953
2024-12-24 17:15:00	1.03915	1.03928	1.03901	1.03901	687
2024-12-24 17:20:00	1.03901	1.03914	1.03882	1.03888	1000
2024-12-24 17:25:00	1.03887	1.03921	1.0388	1.03912	842
2024-12-24 17:30:00	1.03911	1.03919	1039	1039	577
2024-12-24 17:35:00	1039	1.03907	1.03885	1.03888	970
2024-12-24 17:40:00	1.03888	1.0389	1.03845	1.03853	1013
2024-12-24 17:45:00	1.03856	1.0387	1.03835	1.03866	468
2024-12-24 17:50:00	1.03866	1.03891	1.03861	1.03887	689
2024-12-24 17:55:00	1.03887	1.03914	1.03882	1.03883	727
2024-12-24 18:00:00	1.03882	1.03922	1.03882	1.03917	413
2024-12-24 18:05:00	1.03918	1.0393	1.03912	1.03918	350
2024-12-24 18:10:00	1.0392	1.0392	1039	1.03904	599
2024-12-24 18:15:00	1.03903	1.03907	1.03901	1.03905	223
2024-12-24 18:20:00	1.03905	1.03907	1.03901	1.03906	264
2024-12-24 18:25:00	1.03907	1.03915	1.03872	1.03873	766
2024-12-24 18:30:00	1.03873	1.03884	1.03872	1.03877	145
2024-12-24 18:35:00	1.03877	1.03889	1.03867	1.03889	131
2024-12-24 18:40:00	1.03889	1.03902	1.03886	1.03901	130
2024-12-24 18:45:00	1039	1.03901	1.0389	1039	110
2024-12-24 18:50:00	1039	1.03902	1.03887	1.03901	26
2024-12-24 18:55:00	1.03901	1.03924	1.03901	1.03916	86
2024-12-24 19:00:00	1.03916	1.0392	1.03912	1.03918	512
2024-12-24 19:05:00	1.03917	1.03923	1.03911	1.03913	1652
2024-12-24 19:10:00	1.03913	1.03926	1.03913	1.03926	92
2024-12-24 19:15:00	1.03926	1.03977	1.03915	1.03916	386
2024-12-24 19:20:00	1.03916	1.03923	1.03916	1.03923	118
2024-12-24 19:25:00	1.03922	1.03938	1.03918	1.03922	45
2024-12-24 19:30:00	1.03923	1.03939	1.03921	1.03936	45
2024-12-24 19:35:00	1.03937	1.03941	1.03925	1.03925	67
2024-12-24 19:40:00	1.03925	1.03937	1.03923	1.03936	86
2024-12-24 19:45:00	1.03936	1.03938	1.03924	1.03927	157
2024-12-24 19:50:00	1.03931	1.03931	1039	1.03929	260
2024-12-24 19:55:00	1.03928	1.03933	1.03925	1.0393	55
2024-12-24 20:00:00	1.03934	1.03937	1.0391	1.03916	259
2024-12-24 20:05:00	1.03908	1.03937	1.03905	1.03933	125
2024-12-24 20:10:00	1.03935	1.03942	1.03902	1.03908	169
2024-12-24 20:15:00	1.03907	1.03942	1.03893	1.03934	687
2024-12-24 20:20:00	1.03934	1.03941	1.03886	1.03901	421
2024-12-24 20:25:00	1.03901	1.03916	1.03886	1.03902	317
2024-12-24 20:30:00	1.03903	1.03958	1.03892	1.03924	613
2024-12-24 20:35:00	1.03921	1.03942	1.03897	1.03941	296
2024-12-24 20:40:00	1.03942	1.03942	1.03902	1.03914	474
2024-12-24 20:45:00	1.03905	1.03946	1039	1.03939	658
2024-12-24 20:50:00	1.03938	1.0398	1.03932	1.0394	693
2024-12-24 20:55:00	1.0394	1.04015	1.03928	1.03995	614
2024-12-24 21:00:00	1.03993	1.04017	1.03938	1.03944	316
2024-12-24 21:05:00	1.03945	1.0397	1.03938	1.03968	156
2024-12-24 21:10:00	1.03968	1.04031	1.0394	1.0401	106
2024-12-24 21:15:00	1.0401	1.04019	1.03935	1.03956	339
2024-12-24 21:20:00	1.03956	1.04026	1.03923	1.0395	199
2024-12-24 21:25:00	1.03989	1.04018	1.03916	1.03922	454
2024-12-24 21:30:00	1.03969	1.03974	1.03916	1.03916	320
2024-12-24 21:35:00	1.03916	1.03963	1.03916	1.03961	387
2024-12-24 21:40:00	1.03959	1.03985	1.0392	1.0392	421
2024-12-24 21:45:00	1.03929	1.03929	1039	1.03901	307
2024-12-24 21:50:00	1039	1.04015	1039	1.03935	307
2024-12-24 21:55:00	1.03927	1.03935	1.03902	1.03912	94
2024-12-24 22:00:00	1.0386	1.0386	1.0386	1.0386	1
2024-12-24 22:05:00	1.0389	1.03892	1.0389	1.03892	5
2024-12-24 22:15:00	1.03892	1.03894	1.03892	1.03894	3
2024-12-24 22:25:00	1.03894	1.03894	1.03894	1.03894	1
2024-12-24 22:30:00	1.03894	1.03894	1.03894	1.03894	1
2024-12-24 22:40:00	1.03894	1.03894	1.03894	1.03894	2
2024-12-24 22:50:00	1.03894	1.03894	1.03894	1.03894	1
2024-12-24 22:55:00	1.03872	1.03872	1.03872	1.03872	1
2024-12-24 23:00:00	1.03861	1.03955	1.03861	1.03938	8
2024-12-24 23:10:00	1.03958	1.03958	1.03958	1.03958	1
2024-12-24 23:15:00	1.03958	1.03958	1.03958	1.03958	2
2024-12-24 23:25:00	1.03962	1.03962	1.03958	1.03958	2
2024-12-24 23:30:00	1.03958	1.03958	1.03958	1.03958	3
2024-12-24 23:45:00	1.0395	1.03952	1.0395	1.03952	2
2024-12-24 23:55:00	1.03952	1.03952	1.03952	1.03952	1
2024-12-25 00:00:00	1.03952	1.03952	1.03952	1.03952	1
2024-12-25 00:05:00	1.03964	1.04001	1.03964	1.04	3
2024-12-25 00:10:00	1.04002	1.04008	1.04	1.04005	11
2024-12-25 00:15:00	1.04002	1.04003	1.04	1.04002	3
2024-12-25 00:20:00	1.04	1.04003	1.04	1.04003	4
2024-12-25 00:25:00	1.04	1.0405	1.04	1.04015	15
2024-12-25 00:30:00	1.04006	1.04008	1.04005	1.04007	6
2024-12-25 00:35:00	1.04005	1.04007	1.04005	1.04005	7
2024-12-25 00:40:00	1.0405	1.04069	1.04009	1.0401	18
2024-12-25 00:45:00	1.04011	1.04054	1.04009	1.04052	37
2024-12-25 00:50:00	1.0405	1.04096	1.04041	1.04093	56
2024-12-25 00:55:00	1.04094	1.04106	1.04043	1.04043	33
2024-12-25 01:00:00	1.04043	1.04043	1.04008	1.04017	12
2024-12-25 01:05:00	1.04017	1.04017	1.04017	1.04017	2
2024-12-25 01:10:00	1.04017	1.04017	1.04009	1.04009	12
2024-12-25 01:15:00	1.04008	1.04017	1.04008	1.04013	18
2024-12-25 01:20:00	1.04013	1.04013	1.04013	1.04013	2
2024-12-25 01:25:00	1.04011	1.04011	1.04011	1.04011	2
2024-12-25 01:30:00	1.04011	1.04022	1.04011	1.0402	7
2024-12-25 01:40:00	1.04019	1.04038	1.04019	1.04038	2
2024-12-25 01:45:00	1.04039	1.04039	1.04039	1.04039	2
2024-12-25 02:00:00	1.04045	1.04047	1.04045	1.04047	2
2024-12-25 02:05:00	1.04027	1.04027	1.04027	1.04027	1
2024-12-25 02:10:00	1.04027	1.04027	1.04027	1.04027	1
2024-12-25 02:30:00	1.04051	1.04051	1.04051	1.04051	1
2024-12-25 02:35:00	1.04017	1.04027	1.04017	1.04027	4
2024-12-25 02:40:00	1.04018	1.04026	1.04018	1.04025	14
2024-12-25 02:45:00	1.0403	1.04045	1.0403	1.04045	2
2024-12-25 02:50:00	1.04049	1.04051	1.04038	1.04038	7
2024-12-25 02:55:00	1.04032	1.04055	1.04027	1.04053	26
2024-12-25 03:00:00	1.04053	1.04071	1.04042	1.04064	24
2024-12-25 03:05:00	1.04068	1.04069	1.04052	1.04052	5
2024-12-25 03:10:00	1.04044	1.04044	1.04044	1.04044	1
2024-12-25 03:25:00	1.04062	1.04062	1.04044	1.04044	3
2024-12-25 03:30:00	1.04044	1.04044	1.04027	1.04028	4
2024-12-25 03:35:00	1.04028	1.04028	1.04028	1.04028	3
2024-12-25 03:40:00	1.04028	1.04028	1.04028	1.04028	3
2024-12-25 03:45:00	1.04028	1.04074	1.04028	1.04048	19
2024-12-25 03:50:00	1.04065	1.04065	1.04047	1.04047	5
2024-12-25 03:55:00	1.0405	1.0405	1.0405	1.0405	1
2024-12-25 04:00:00	1.04051	1.04057	1.04051	1.04057	4
2024-12-25 04:05:00	1.04058	1.04059	1.04057	1.04059	5
2024-12-25 04:10:00	1.04057	1.04057	1.04055	1.04055	2
2024-12-25 04:15:00	1.04057	1.04057	1.04055	1.04055	2
2024-12-25 04:20:00	1.04053	1.04053	1.04053	1.04053	1
2024-12-25 04:30:00	1.04055	1.04055	1.04055	1.04055	1
2024-12-25 04:35:00	1.04057	1.04057	1.04057	1.04057	1
2024-12-25 04:40:00	1.04058	1.04058	1.04058	1.04058	1
2024-12-25 05:00:00	1.04037	1.04037	1.04037	1.04037	1
2024-12-25 05:05:00	1.04038	1.04043	1.04038	1.04043	5
2024-12-25 05:10:00	1.04044	1.04046	1.04044	1.04046	2
2024-12-25 05:15:00	1.04047	1.04053	1.04042	1.04049	6
2024-12-25 05:20:00	1.0405	1.0405	1.04026	1.04046	8
2024-12-25 05:25:00	1.04036	1.04036	1.04024	1.04024	8
2024-12-25 05:30:00	1.04024	1.04025	1.04024	1.04025	7
2024-12-25 05:35:00	1.04025	1.04027	1.04025	1.04027	19
2024-12-25 05:40:00	1.04027	1.04027	1.0402	1.0402	6
2024-12-25 05:45:00	1.04017	1.04018	1.04017	1.04018	2
2024-12-25 05:50:00	1.04008	1.04032	1.04008	1.04009	8
2024-12-25 05:55:00	1.04009	1.04015	1.04009	1.04009	6
2024-12-25 06:00:00	1.04009	1.04049	1.04	1.04049	7
2024-12-25 06:05:00	1.04053	1.04057	1.04002	1.04002	19
2024-12-25 06:10:00	1.04002	1.04002	1.04002	1.04002	1
2024-12-25 06:15:00	1.04002	1.04004	1.04002	1.04004	3
2024-12-25 06:20:00	1.04004	1.04004	1.04004	1.04004	9
2024-12-25 06:25:00	1.04004	1.04053	1.04004	1.04045	16
2024-12-25 06:30:00	1.04045	1.04045	1.04008	1.04008	24
2024-12-25 06:35:00	1.04008	1.04009	1.04006	1.04008	23
2024-12-25 06:40:00	1.04007	1.04023	1.04007	1.04023	12
2024-12-25 06:45:00	1.04025	1.04025	1.04025	1.04025	1
2024-12-25 06:55:00	1.04024	1.04025	1.04024	1.04024	3
2024-12-25 07:00:00	1.04016	1.04075	1.0401	1.04012	30
2024-12-25 07:05:00	1.04012	1.04057	1.04012	1.04015	10
2024-12-25 07:10:00	1.04014	1.04083	1.04014	1.04015	17
2024-12-25 07:15:00	1.04	1.04069	1.04	1.04069	7
2024-12-25 07:20:00	1.04069	1.04076	1.04015	1.04015	13
2024-12-25 07:25:00	1.03996	1.04046	1.03987	1.04015	16
2024-12-25 07:30:00	1.0398	1.03991	1.0397	1.03991	14
2024-12-25 07:35:00	1.04003	1.04013	1.04003	1.04013	3
2024-12-25 07:40:00	1.04014	1.04015	1.04014	1.04015	3
2024-12-25 07:45:00	1.04014	1.04056	1.04013	1.04055	30
2024-12-25 07:50:00	1.04055	1.04056	1.04055	1.04056	6
2024-12-25 07:55:00	1.04053	1.04054	1.03997	1.04004	227
2024-12-25 22:00:00	1.04012	1.04012	1.03996	1.04012	5
2024-12-25 22:05:00	1.03998	1.04032	1.03998	1.04015	89
2024-12-25 22:10:00	1.0401	1.04028	1.04002	1.04012	37
2024-12-25 22:15:00	1.04016	1.04053	1.04011	1.04012	197
2024-12-25 22:20:00	1.04011	1.04055	1.0401	1.04027	113
2024-12-25 22:25:00	1.04031	1.04053	1.04008	1.04044	42
2024-12-25 22:30:00	1.0404	1.0404	1.03975	1.03989	136
2024-12-25 22:35:00	1.03991	1.04005	1.03975	1.03998	261
2024-12-25 22:40:00	1.03998	1.03999	1.03989	1.03996	126
2024-12-25 22:45:00	1.03997	1.04003	1.0399	1.04003	212
2024-12-25 22:50:00	1.04002	1.04005	1.03992	1.04002	373
2024-12-25 22:55:00	1.03999	1.04009	1.03999	1.03999	108
2024-12-25 23:00:00	1.04001	1.04014	1.03951	1.03963	478
2024-12-25 23:05:00	1.03962	1.03993	1.03957	1.03993	345
2024-12-25 23:10:00	1.03991	1.04008	1.0398	1.04008	241
2024-12-25 23:15:00	1.04008	1.0403	1.03991	1.04029	549
2024-12-25 23:20:00	1.0403	1.04031	1.03993	1.04005	454
2024-12-25 23:25:00	1.04006	1.04009	1.03996	1.04002	192
2024-12-25 23:30:00	1.04001	1.04006	1.03994	1.04002	282
2024-12-25 23:35:00	1.04002	1.04003	1.03988	1.03999	252
2024-12-25 23:40:00	1.04	1.04001	1.03993	1.03998	71
2024-12-25 23:45:00	1.03999	1.04003	1.03986	1.03987	125
2024-12-25 23:50:00	1.03987	1.03989	1.03974	1.03977	125
2024-12-25 23:55:00	1.03978	1.03992	1.03976	1.03991	108
2024-12-26 00:00:00	1.0399	1.04013	1.0399	1.03991	151
2024-12-26 00:05:00	1.03992	1.03996	1.03966	1.03967	167
2024-12-26 00:10:00	1.03966	1.03975	1.03965	1.03965	109
2024-12-26 00:15:00	1.03965	1.03971	1.03956	1.03959	124
2024-12-26 00:20:00	1.03959	1.03961	1.03935	1.03946	158
2024-12-26 00:25:00	1.03946	1.03963	1.03941	1.03941	132
2024-12-26 00:30:00	1.0394	1.03943	1.03931	1.03931	154
2024-12-26 00:35:00	1.03931	1.03949	1.0393	1.03938	212
2024-12-26 00:40:00	1.03938	1.03952	1.0393	1.03949	349
2024-12-26 00:45:00	1.03949	1.03987	1.03941	1.03986	291
2024-12-26 00:50:00	1.03985	1.04001	1.03972	1.03973	294
2024-12-26 00:55:00	1.03974	1.03976	1.03962	1.03965	248
2024-12-26 01:00:00	1.03964	1.03974	1.03941	1.03968	527
2024-12-26 01:05:00	1.03972	1.03982	1.03972	1.03976	400
2024-12-26 01:10:00	1.03978	1.03981	1.03967	1.0397	470
2024-12-26 01:15:00	1.03974	1.03979	1.03961	1.03971	376
2024-12-26 01:20:00	1.03972	1.03992	1.03966	1.03976	251
2024-12-26 01:25:00	1.03975	1.03976	1.03955	1.0397	642
2024-12-26 01:30:00	1.0397	1.03984	1.03968	1.03978	474
2024-12-26 01:35:00	1.03977	1.03991	1.03975	1.03988	230
2024-12-26 01:40:00	1.03989	1.04	1.03978	1.03978	410
2024-12-26 01:45:00	1.0398	1.03987	1.03976	1.03982	354
2024-12-26 01:50:00	1.03984	1.0399	1.03971	1.03982	358
2024-12-26 01:55:00	1.03982	1.03989	1.03966	1.0397	394
2024-12-26 02:00:00	1.0397	1.03977	1.03965	1.03976	198
2024-12-26 02:05:00	1.0398	1.03995	1.03979	1.03994	175
2024-12-26 02:10:00	1.03993	1.03995	1.03983	1.03989	193
2024-12-26 02:15:00	1.03988	1.03999	1.03988	1.03995	239
2024-12-26 02:20:00	1.03995	1.03996	1.03984	1.03989	289
2024-12-26 02:25:00	1.03989	1.03989	1.03976	1.03981	275
2024-12-26 02:30:00	1.0398	1.03988	1.03975	1.03982	250
2024-12-26 02:35:00	1.03982	1.03989	1.0398	1.03989	151
2024-12-26 02:40:00	1.0399	1.0399	1.03971	1.03976	177
2024-12-26 02:45:00	1.03979	1.03984	1.03968	1.03977	203
2024-12-26 02:50:00	1.03978	1.03997	1.03977	1.03992	227
2024-12-26 02:55:00	1.03993	1.03997	1.03986	1.03987	163
2024-12-26 03:00:00	1.03988	1.03994	1.03983	1.03988	261
2024-12-26 03:05:00	1.03989	1.03998	1.03987	1.03994	148
2024-12-26 03:10:00	1.03996	1.03998	1.03993	1.03997	139
2024-12-26 03:15:00	1.03998	1.03999	1.03993	1.03997	136
2024-12-26 03:20:00	1.03997	1.04027	1.03993	1.04022	265
2024-12-26 03:25:00	1.04021	1.04042	1.04019	1.04022	336
2024-12-26 03:30:00	1.04023	1.04028	1.04017	1.04028	212
2024-12-26 03:35:00	1.04028	1.04031	1.04025	1.04029	205
2024-12-26 03:40:00	1.04029	1.04029	1.04014	1.04024	283
2024-12-26 03:45:00	1.04024	1.04024	1.04012	1.04021	110
2024-12-26 03:50:00	1.04024	1.04028	1.04007	1.04008	160
2024-12-26 03:55:00	1.04008	1.04014	1.04007	1.04009	68
2024-12-26 04:00:00	1.04007	1.04007	1.03988	1.03989	38
2024-12-26 04:05:00	1.03989	1.03999	1.03989	1.03991	53
2024-12-26 04:10:00	1.03991	1.03992	1.03979	1.03986	55
2024-12-26 04:15:00	1.03985	1.03986	1.0398	1.03986	65
2024-12-26 04:20:00	1.03986	1.03986	1.03981	1.03983	111
2024-12-26 04:25:00	1.03983	1.03994	1.0398	1.03992	152
2024-12-26 04:30:00	1.03992	1.04012	1.03991	1.04009	281
2024-12-26 04:35:00	1.04008	1.04013	1.04003	1.04007	134
2024-12-26 04:40:00	1.04007	1.04007	1.04	1.04001	203
2024-12-26 04:45:00	1.04001	1.04002	1.03991	1.03993	182
2024-12-26 04:50:00	1.03993	1.03993	1.03982	1.03983	148
2024-12-26 04:55:00	1.03983	1.03984	1.03977	1.03977	368
2024-12-26 05:00:00	1.03976	1.0398	1.03976	1.03979	150
2024-12-26 05:05:00	1.0398	1.04	1.03978	1.03997	135
2024-12-26 05:10:00	1.03997	1.04	1.03983	1.03986	272
2024-12-26 05:15:00	1.03987	1.03998	1.03981	1.03995	172
2024-12-26 05:20:00	1.03996	1.0401	1.03994	1.04003	189
2024-12-26 05:25:00	1.04003	1.04008	1.03997	1.04002	223
2024-12-26 05:30:00	1.04002	1.04012	1.04002	1.04011	193
2024-12-26 05:35:00	1.04011	1.04024	1.04011	1.04024	276
2024-12-26 05:40:00	1.04025	1.04027	1.04015	1.04017	214
2024-12-26 05:45:00	1.04017	1.0402	1.04005	1.04008	172
2024-12-26 05:50:00	1.04008	1.04018	1.04004	1.04009	129
2024-12-26 05:55:00	1.04008	1.04008	1.03972	1.03977	370
2024-12-26 06:00:00	1.03975	1.03984	1.03967	1.03982	167
2024-12-26 06:05:00	1.03983	1.03995	1.03981	1.03993	140
2024-12-26 06:10:00	1.03994	1.03996	1.0399	1.03995	287
2024-12-26 06:15:00	1.03995	1.03999	1.03991	1.03998	583
2024-12-26 06:20:00	1.03998	1.03998	1.03992	1.03997	474
2024-12-26 06:25:00	1.03997	1.03997	1.03992	1.03996	455
2024-12-26 06:30:00	1.03996	1.03998	1.03991	1.03994	173
2024-12-26 06:35:00	1.03993	1.03996	1.03992	1.03994	140
2024-12-26 06:40:00	1.03994	1.04003	1.03994	1.04	371
2024-12-26 06:45:00	1.03996	1.04002	1.03992	1.03998	343
2024-12-26 06:50:00	1.03999	1.04	1.03985	1.03985	236
2024-12-26 06:55:00	1.03985	1.03986	1.03978	1.03982	231
2024-12-26 07:00:00	1.03981	1.03993	1.03978	1.03985	535
2024-12-26 07:05:00	1.03985	1.03988	1.0398	1.03981	355
2024-12-26 07:10:00	1.03981	1.03988	1.0396	1.03965	529
2024-12-26 07:15:00	1.03967	1.0397	1.03906	1.0393	779
2024-12-26 07:20:00	1.03929	1.0393	1.03905	1.03925	819
2024-12-26 07:25:00	1.03924	1.03927	1.03908	1.03927	575
2024-12-26 07:30:00	1.03928	1.03938	1.03925	1.03928	720
2024-12-26 07:35:00	1.03928	1.03931	1.03916	1.03927	466
2024-12-26 07:40:00	1.03927	1.03953	1.03927	1.03952	284
2024-12-26 07:45:00	1.0395	1.03962	1.03946	1.03961	370
2024-12-26 07:50:00	1.03962	1.04	1.03962	1.03965	841
2024-12-26 07:55:00	1.03964	1.03978	1.0395	1.03976	833
2024-12-26 08:00:00	1.03975	1.03986	1.03957	1.0396	824
2024-12-26 08:05:00	1.03961	1.03965	1.03948	1.0396	669
2024-12-26 08:10:00	1.0396	1.03974	1.03958	1.03966	524
2024-12-26 08:15:00	1.03965	1.03968	1.03941	1.03942	574
2024-12-26 08:20:00	1.03939	1.03949	1.03931	1.03945	710
2024-12-26 08:25:00	1.03945	1.03953	1.03937	1.03948	609
2024-12-26 08:30:00	1.03947	1.03954	1.03933	1.03943	280
2024-12-26 08:35:00	1.03946	1.03952	1.03932	1.03932	233
2024-12-26 08:40:00	1.03932	1.03944	1.03925	1.0394	464
2024-12-26 08:45:00	1.03943	1.03959	1.03939	1.03948	165
2024-12-26 08:50:00	1.03949	1.03956	1.03945	1.03951	292
2024-12-26 08:55:00	1.03951	1.03959	1.03946	1.03948	391
2024-12-26 09:00:00	1.03947	1.03947	1.03925	1.03929	233
2024-12-26 09:05:00	1.03928	1.03948	1.03914	1.03946	354
2024-12-26 09:10:00	1.03947	1.03978	1.03947	1.03962	219
2024-12-26 09:15:00	1.03961	1.03963	1.03941	1.03951	467
2024-12-26 09:20:00	1.03952	1.03961	1.03944	1.03961	86
2024-12-26 09:25:00	1.03961	1.03973	1.03956	1.03971	230
2024-12-26 09:30:00	1.03971	1.03983	1.03961	1.03976	332
2024-12-26 09:35:00	1.03974	1.03976	1.03957	1.03968	291
2024-12-26 09:40:00	1.0397	1.03978	1.03962	1.03977	80
2024-12-26 09:45:00	1.03978	1.03993	1.0397	1.03993	249
2024-12-26 09:50:00	1.03995	1.04001	1.03982	1.03982	436
2024-12-26 09:55:00	1.03981	1.03991	1.03972	1.03991	324
2024-12-26 10:00:00	1.03992	1.03997	1.03981	1.03995	371
2024-12-26 10:05:00	1.03996	1.04001	1.03987	1.03993	225
2024-12-26 10:10:00	1.03993	1.04008	1.03993	1.04007	195
2024-12-26 10:15:00	1.04008	1.04018	1.04	1.04006	269
2024-12-26 10:20:00	1.04005	1.04016	1.04003	1.04007	146
2024-12-26 10:25:00	1.04007	1.04015	1.04005	1.04014	126
2024-12-26 10:30:00	1.04013	1.04026	1.04008	1.04026	365
2024-12-26 10:35:00	1.04026	1.0403	1.04023	1.04028	318
2024-12-26 10:40:00	1.04028	1.04028	1.04009	1.04015	493
2024-12-26 10:45:00	1.04016	1.04016	1.03999	1.04002	265
2024-12-26 10:50:00	1.04002	1.04016	1.04002	1.04008	366
2024-12-26 10:55:00	1.04008	1.04021	1.04008	1.04017	203
2024-12-26 11:00:00	1.04016	1.04021	1.04005	1.04005	317
2024-12-26 11:05:00	1.04005	1.04007	1.04	1.04006	276
2024-12-26 11:10:00	1.04007	1.04011	1.03992	1.04002	233
2024-12-26 11:15:00	1.04002	1.04016	1.03997	1.04009	322
2024-12-26 11:20:00	1.04009	1.04016	1.03996	1.03996	289
2024-12-26 11:25:00	1.03996	1.04018	1.03996	1.04004	493
2024-12-26 11:30:00	1.04004	1.04013	1.04004	1.04007	301
2024-12-26 11:35:00	1.04006	1.04013	1.04003	1.04009	310
2024-12-26 11:40:00	1.04012	1.04015	1.04007	1.04012	255
2024-12-26 11:45:00	1.04013	1.04014	1.04007	1.04012	114
2024-12-26 11:50:00	1.04011	1.04014	1.04006	1.04011	305
2024-12-26 11:55:00	1.04012	1.04013	1.04006	1.04012	303
2024-12-26 12:00:00	1.04011	1.04013	1.03996	1.03996	847
2024-12-26 12:05:00	1.03997	1.03997	1.03967	1.03968	590
2024-12-26 12:10:00	1.03967	1.03967	1.03949	1.03949	508
2024-12-26 12:15:00	1.03949	1.03955	1.03941	1.03949	823
2024-12-26 12:20:00	1.0395	1.0395	1.03929	1.03934	881
2024-12-26 12:25:00	1.03935	1.03945	1.03926	1.03945	865
2024-12-26 12:30:00	1.03944	1.03948	1.03936	1.03945	747
2024-12-26 12:35:00	1.03947	1.03947	1.03936	1.03945	726
2024-12-26 12:40:00	1.03945	1.03945	1.03933	1.03943	959
2024-12-26 12:45:00	1.03944	1.0395	1.0393	1.03937	766
2024-12-26 12:50:00	1.03938	1.03964	1.03932	1.03964	880
2024-12-26 12:55:00	1.03963	1.03999	1.03963	1.03995	1261
2024-12-26 13:00:00	1.03997	1.04013	1.03995	1.04	1122
2024-12-26 13:05:00	1.03999	1.04012	1.03997	1.04011	1215
2024-12-26 13:10:00	1.04012	1.04051	1.04011	1.04047	1079
2024-12-26 13:15:00	1.04047	1.04057	1.04012	1.04017	978
2024-12-26 13:20:00	1.04016	1.04016	1.03988	1.03991	827
2024-12-26 13:25:00	1.0399	1.04	1.03973	1.03973	878
2024-12-26 13:30:00	1.03974	1.04021	1.03974	1.0402	1121
2024-12-26 13:35:00	1.04021	1.04024	1.03979	1.04007	1765
2024-12-26 13:40:00	1.04005	1.04021	1.0399	1.04013	724
2024-12-26 13:45:00	1.04012	1.0404	1.04001	1.04037	542
2024-12-26 13:50:00	1.04037	1.04037	1.04007	1.04026	408
2024-12-26 13:55:00	1.04027	1.04038	1.04018	1.04026	633
2024-12-26 14:00:00	1.04027	1.04037	1.03998	1.04013	719
2024-12-26 14:05:00	1.04013	1.04027	1.04004	1.04025	665
2024-12-26 14:10:00	1.04024	1.04026	1.03998	1.04008	607
2024-12-26 14:15:00	1.04008	1.04012	1.0397	1.03978	467
2024-12-26 14:20:00	1.03976	1.03992	1.03971	1.03989	543
2024-12-26 14:25:00	1.0399	1.03993	1.03975	1.03984	404
2024-12-26 14:30:00	1.03983	1.03983	1.03951	1.03969	505
2024-12-26 14:35:00	1.03968	1.03983	1.03967	1.03972	522
2024-12-26 14:40:00	1.03973	1.03973	1.03951	1.03957	846
2024-12-26 14:45:00	1.03957	1.03985	1.03951	1.03975	1168
2024-12-26 14:50:00	1.03975	1.03988	1.03952	1.03958	2449
2024-12-26 14:55:00	1.03958	1.04044	1.03958	1.04022	1695
2024-12-26 15:00:00	1.04022	1.04022	1.03979	1.04002	1196
2024-12-26 15:05:00	1.04002	1.04043	1.04	1.04038	1264
2024-12-26 15:10:00	1.04038	1.04087	1.04038	1.04086	1399
2024-12-26 15:15:00	1.04085	1.04093	1.04048	1.0407	1575
2024-12-26 15:20:00	1.0407	1.04088	1.04062	1.04077	857
2024-12-26 15:25:00	1.04078	1.04116	1.04077	1.04099	1334
2024-12-26 15:30:00	1.04098	1.04115	1.04084	1.04112	1258
2024-12-26 15:35:00	1.04113	1.04151	1.04103	1.04139	1172
2024-12-26 15:40:00	1.04138	1.04149	1.04124	1.04144	917
2024-12-26 15:45:00	1.04145	1.04148	1.04118	1.04144	1635
2024-12-26 15:50:00	1.04144	1.04144	1.04091	1.04096	1513
2024-12-26 15:55:00	1.04099	1.04149	1.04088	1.04089	1744
2024-12-26 16:00:00	1.04089	1.04121	1.04083	1.04116	1459
2024-12-26 16:05:00	1.04117	1.04139	1.0409	1.04132	1258
2024-12-26 16:10:00	1.04132	1.04146	1.04127	1.04137	1147
2024-12-26 16:15:00	1.04137	1.04142	1.04114	1.04123	938
2024-12-26 16:20:00	1.04124	1.04141	1.04115	1.0414	963
2024-12-26 16:25:00	1.0414	1.04185	1.0414	1.0418	1078
2024-12-26 16:30:00	1.04179	1.04185	1.0416	1.04162	807
2024-12-26 16:35:00	1.0416	1.04173	1.04156	1.04169	409
2024-12-26 16:40:00	1.04168	1.0418	1.04151	1.04177	706
2024-12-26 16:45:00	1.04177	1.04183	1.04152	1.04175	964
2024-12-26 16:50:00	1.04177	1.04183	1.04168	1.0418	932
2024-12-26 16:55:00	1.04181	1.04228	1.04181	1.0422	1192
2024-12-26 17:00:00	1.04219	1.04225	1.04201	1.04213	561
2024-12-26 17:05:00	1.04214	1.0422	1.04194	1.04197	633
2024-12-26 17:10:00	1.04196	1.04205	1.04178	1.04188	1039
2024-12-26 17:15:00	1.04189	1.04189	1.04162	1.04162	742
2024-12-26 17:20:00	1.04162	1.04162	1.04109	1.04122	1117
2024-12-26 17:25:00	1.04122	1.0414	1.04114	1.04121	758
2024-12-26 17:30:00	1.04123	1.04142	1.04113	1.04134	1019
2024-12-26 17:35:00	1.04136	1.04144	1.04094	1.04102	948
2024-12-26 17:40:00	1.04102	1.04103	1.04067	1.04089	836
2024-12-26 17:45:00	1.04089	1.04089	1.04063	1.0408	1391
2024-12-26 17:50:00	1.04082	1.0411	1.04077	1.04104	1545
2024-12-26 17:55:00	1.04104	1.04127	1.04104	1.04119	1215
2024-12-26 18:00:00	1.04117	1.04226	1.04117	1.04221	1623
2024-12-26 18:05:00	1.04221	1.04247	1.04194	1.04237	483
2024-12-26 18:10:00	1.04237	1.04237	1.04215	1.04225	271
2024-12-26 18:15:00	1.04226	1.04245	1.04217	1.04238	302
2024-12-26 18:20:00	1.04239	1.04245	1.04229	1.04243	305
2024-12-26 18:25:00	1.04244	1.04277	1.04244	1.04268	554
2024-12-26 18:30:00	1.04268	1.04282	1.04263	1.04269	412
2024-12-26 18:35:00	1.04268	1.04301	1.04254	1.0426	757
2024-12-26 18:40:00	1.04259	1.04259	1.04238	1.04243	560
2024-12-26 18:45:00	1.04243	1.04264	1.04239	1.04244	477
2024-12-26 18:50:00	1.04243	1.04243	1.04207	1.04215	544
2024-12-26 18:55:00	1.04215	1.04225	1.04203	1.04209	750
2024-12-26 19:00:00	1.04209	1.04209	1.04179	1.04188	444
2024-12-26 19:05:00	1.04191	1.04193	1.04169	1.04173	453
2024-12-26 19:10:00	1.04172	1.0418	1.04153	1.04162	326
2024-12-26 19:15:00	1.04163	1.04168	1.04142	1.04144	330
2024-12-26 19:20:00	1.04145	1.04165	1.04145	1.04164	190
2024-12-26 19:25:00	1.04164	1.04173	1.04158	1.0417	488
2024-12-26 19:30:00	1.0417	1.04172	1.04157	1.04171	651
2024-12-26 19:35:00	1.0417	1.04199	1.04168	1.04197	522
2024-12-26 19:40:00	1.04197	1.04224	1.04197	1.0422	385
2024-12-26 19:45:00	1.04221	1.04233	1.04219	1.04227	424
2024-12-26 19:50:00	1.04227	1.04227	1.04197	1.04203	332
2024-12-26 19:55:00	1.04203	1.04212	1.04174	1.04175	861
2024-12-26 20:00:00	1.04175	1.04191	1.04154	1.04186	515
2024-12-26 20:05:00	1.04186	1.04198	1.0418	1.04195	766
2024-12-26 20:10:00	1.04196	1.04213	1.04196	1.04201	1130
2024-12-26 20:15:00	1042	1.04204	1.04184	1.04198	542
2024-12-26 20:20:00	1.04199	1.04201	1.04184	1.04192	546
2024-12-26 20:25:00	1.04192	1.04196	1.04184	1.04192	420
2024-12-26 20:30:00	1.04191	1.04191	1.0418	1.04188	758
2024-12-26 20:35:00	1.04188	1.04205	1.04186	1.04196	631
2024-12-26 20:40:00	1.04196	1.04199	1.04189	1.0419	660
2024-12-26 20:45:00	1.0419	1.04197	1.04183	1.04196	695
2024-12-26 20:50:00	1.04196	1.04213	1.04186	1.04209	741
2024-12-26 20:55:00	1.04209	1.0421	1.04188	1.04199	1044
2024-12-26 21:00:00	1.04199	1.04201	1.04188	1.04195	263
2024-12-26 21:05:00	1.04195	1042	1.04189	1.04199	294
2024-12-26 21:10:00	1.04199	1.04202	1.04196	1.04198	341
2024-12-26 21:15:00	1.04198	1.04212	1.04191	1.04211	176
2024-12-26 21:20:00	1.0421	1.04212	1.0419	1.04199	519
2024-12-26 21:25:00	1.04199	1.04216	1.04199	1.04209	296
2024-12-26 21:30:00	1.04207	1.04211	1.04205	1.04207	199
2024-12-26 21:35:00	1.04208	1.0422	1.04207	1.04219	373
2024-12-26 21:40:00	1.0422	1.04224	1.04211	1.04223	780
2024-12-26 21:45:00	1.04223	1.04226	1.04222	1.04226	318
2024-12-26 21:50:00	1.04225	1.04226	1.04222	1.04222	256
2024-12-26 21:55:00	1.04222	1.04231	1.04221	1.04222	360
2024-12-26 22:00:00	1.04174	1.04174	1.04146	1.04146	16
2024-12-26 22:05:00	1.04163	1.04219	1.04162	1.04189	149
2024-12-26 22:10:00	1.04184	1.04215	1.04172	1.04181	396
2024-12-26 22:15:00	1.04186	1.0419	1.0417	1.04183	294
2024-12-26 22:20:00	1.04182	1.04227	1.0418	1.04224	429
2024-12-26 22:25:00	1.04226	1.04234	1.04202	1.04206	190
2024-12-26 22:30:00	1.04206	1.04234	1.04205	1.04232	264
2024-12-26 22:35:00	1.04231	1.04241	1.04227	1.04227	309
2024-12-26 22:40:00	1.04229	1.04237	1.04227	1.04231	238
2024-12-26 22:45:00	1.04233	1.04234	1.04231	1.04233	43
2024-12-26 22:50:00	1.04233	1.04235	1.04225	1.04234	69
2024-12-26 22:55:00	1.04234	1.04237	1.04233	1.04234	45
2024-12-26 23:00:00	1.04235	1.04238	1.04214	1.04224	396
2024-12-26 23:05:00	1.04223	1.04235	1.04214	1.0423	127
2024-12-26 23:10:00	1.0423	1.04235	1.04226	1.04226	88
2024-12-26 23:15:00	1.04226	1.04231	1.0422	1.0423	221
2024-12-26 23:20:00	1.04229	1.0424	1.04224	1.04228	323
2024-12-26 23:25:00	1.04228	1.04231	1.04226	1.04226	90
2024-12-26 23:30:00	1.04227	1.04227	1.04211	1.04218	56
2024-12-26 23:35:00	1.04216	1.04233	1.04212	1.0423	101
2024-12-26 23:40:00	1.0423	1.04236	1.0423	1.04236	34
2024-12-26 23:45:00	1.04236	1.04237	1.04225	1.04226	132
2024-12-26 23:50:00	1.04226	1.04227	1.04215	1.04219	130
2024-12-26 23:55:00	1.04219	1.0422	1.04208	1.04216	122
2024-12-27 00:00:00	1.04216	1.04223	1.0421	1.04214	229
2024-12-27 00:05:00	1.04215	1.04236	1.04207	1.04236	171
2024-12-27 00:10:00	1.04237	1.04237	1.04217	1.04221	101
2024-12-27 00:15:00	1.0422	1.04222	1.04213	1.04216	338
2024-12-27 00:20:00	1.04217	1.04226	1.04212	1.04216	195
2024-12-27 00:25:00	1.04217	1.04222	1.04207	1.04211	241
2024-12-27 00:30:00	1.04211	1.04213	1.04191	1.04192	196
2024-12-27 00:35:00	1.04192	1.04203	1.04185	1.04191	180
2024-12-27 00:40:00	1.04192	1.04193	1.04177	1.04177	160
2024-12-27 00:45:00	1.04178	1.04224	1.04177	1.04219	200
2024-12-27 00:50:00	1.04219	1.04225	1.0419	1.04212	349
2024-12-27 00:55:00	1.04212	1.04215	1.04179	1.0418	478
2024-12-27 01:00:00	1.0418	1.04181	1.0416	1.04172	476
2024-12-27 01:05:00	1.04173	1.04178	1.04158	1.04168	302
2024-12-27 01:10:00	1.04169	1.04178	1.04162	1.04169	330
2024-12-27 01:15:00	1.0417	1.04174	1.04154	1.04154	255
2024-12-27 01:20:00	1.04155	1.04166	1.0414	1.0416	546
2024-12-27 01:25:00	1.04159	1.04165	1.04154	1.04165	592
2024-12-27 01:30:00	1.04164	1.04181	1.04161	1.04164	381
2024-12-27 01:35:00	1.04165	1.04167	1.04148	1.0415	228
2024-12-27 01:40:00	1.04149	1.04159	1.04141	1.04152	272
2024-12-27 01:45:00	1.04152	1.04161	1.04142	1.04144	323
2024-12-27 01:50:00	1.04145	1.04145	1.04121	1.04137	278
2024-12-27 01:55:00	1.04136	1.04141	1.04125	1.04131	362
2024-12-27 02:00:00	1.0413	1.04139	1.04124	1.04129	300
2024-12-27 02:05:00	1.04129	1.04136	1.04116	1.04135	182
2024-12-27 02:10:00	1.04135	1.04139	1.04107	1.04115	514
2024-12-27 02:15:00	1.04117	1.04129	1.0411	1.04113	305
2024-12-27 02:20:00	1.04113	1.04116	1.04106	1.04114	227
2024-12-27 02:25:00	1.04114	1.04118	1.04097	1.04097	383
2024-12-27 02:30:00	1.04097	1.04099	1.04079	1.04084	488
2024-12-27 02:35:00	1.04085	1.04096	1.04079	1.04095	349
2024-12-27 02:40:00	1.04095	1.04098	1.04092	1.04094	103
2024-12-27 02:45:00	1.04094	1.04099	1.04091	1.04094	221
2024-12-27 02:50:00	1.04093	1.04108	1.04091	1.04101	342
2024-12-27 02:55:00	1.04102	1.04106	1.04095	1.04095	242
2024-12-27 03:00:00	1.04095	1.04095	1.04081	1.04085	211
2024-12-27 03:05:00	1.04086	1.04091	1.04079	1.04089	416
2024-12-27 03:10:00	1.0409	1.04094	1.04085	1.04087	182
2024-12-27 03:15:00	1.04087	1.04091	1.0408	1.04083	175
2024-12-27 03:20:00	1.04083	1.04087	1.04065	1.04075	307
2024-12-27 03:25:00	1.04075	1.04085	1.0407	1.04085	191
2024-12-27 03:30:00	1.04085	1.04103	1.04085	1.04101	159
2024-12-27 03:35:00	1.04102	1.04105	1.04091	1.04105	185
2024-12-27 03:40:00	1.04105	1.04107	1041	1.04102	72
2024-12-27 03:45:00	1.04104	1.04115	1.04102	1.04102	186
2024-12-27 03:50:00	1.04102	1.04112	1.04097	1.04111	428
2024-12-27 03:55:00	1.04112	1.04127	1.04111	1.04125	198
2024-12-27 04:00:00	1.04126	1.04132	1.04124	1.04124	201
2024-12-27 04:05:00	1.04124	1.04124	1.04104	1.04107	320
2024-12-27 04:10:00	1.04107	1.04111	1.04104	1.04106	122
2024-12-27 04:15:00	1.04108	1.04111	1.04106	1.0411	115
2024-12-27 04:20:00	1.0411	1.04112	1.04101	1.04102	189
2024-12-27 04:25:00	1.04102	1.04107	1.04101	1.04101	112
2024-12-27 04:30:00	1.04098	1.04099	1.04078	1.0408	158
2024-12-27 04:35:00	1.0408	1.04089	1.04079	1.04087	173
2024-12-27 04:40:00	1.04087	1.04105	1.04087	1.04105	121
2024-12-27 04:45:00	1.04105	1.04106	1.04092	1.04095	103
2024-12-27 04:50:00	1.04095	1.04096	1.0409	1.0409	110
2024-12-27 04:55:00	1.0409	1.0409	1.04085	1.0409	76
2024-12-27 05:00:00	1.0409	1.0409	1.04078	1.04078	248
2024-12-27 05:05:00	1.04079	1.0409	1.04078	1.0408	204
2024-12-27 05:10:00	1.04081	1.04082	1.04075	1.04079	182
2024-12-27 05:15:00	1.04082	1.04092	1.04072	1.04081	145
2024-12-27 05:20:00	1.04081	1.04103	1.0408	1041	198
2024-12-27 05:25:00	1041	1.04112	1041	1.0411	218
2024-12-27 05:30:00	1.04111	1.04112	1.0409	1.04099	412
2024-12-27 05:35:00	1.04098	1.04099	1.04091	1.04091	415
2024-12-27 05:40:00	1.04092	1041	1.04089	1.04099	576
2024-12-27 05:45:00	1.04099	1.04107	1.04091	1.04092	730
2024-12-27 05:50:00	1.04092	1.04107	1.04091	1.04105	382
2024-12-27 05:55:00	1.04105	1.04111	1.04085	1.04092	769
2024-12-27 06:00:00	1.04093	1041	1.04084	1.0409	821
2024-12-27 06:05:00	1.04091	1.04095	1.04086	1.04091	838
2024-12-27 06:10:00	1.04091	1.04093	1.04075	1.04087	582
2024-12-27 06:15:00	1.04087	1.04098	1.04077	1.04096	474
2024-12-27 06:20:00	1.04096	1.04118	1.04096	1.04117	541
2024-12-27 06:25:00	1.04118	1.04118	1.04105	1.04107	700
2024-12-27 06:30:00	1.04107	1.04116	1.04103	1.04111	449
2024-12-27 06:35:00	1.04111	1.04112	1.04101	1.04109	744
2024-12-27 06:40:00	1.04108	1.0412	1.04103	1.04104	638
2024-12-27 06:45:00	1.04104	1.04106	1.04091	1.04091	328
2024-12-27 06:50:00	1.04092	1.04113	1.04091	1.04112	378
2024-12-27 06:55:00	1.04112	1.04123	1.04107	1.0412	670
2024-12-27 07:00:00	1.04119	1.04119	1.04097	1.0411	1217
2024-12-27 07:05:00	1.04109	1.0411	1.04082	1.04084	996
2024-12-27 07:10:00	1.04085	1.04098	1.04081	1.04098	586
2024-12-27 07:15:00	1.04097	1.04098	1.04082	1.04088	567
2024-12-27 07:20:00	1.04089	1.04118	1.04089	1.04112	918
2024-12-27 07:25:00	1.04112	1.04112	1.04093	1.04094	625
2024-12-27 07:30:00	1.04093	1.04114	1.04091	1.04105	782
2024-12-27 07:35:00	1.04101	1.04101	1.04075	1.04085	909
2024-12-27 07:40:00	1.04084	1.04089	1.04049	1.04069	1021
2024-12-27 07:45:00	1.0407	1.0408	1.04061	1.04063	971
2024-12-27 07:50:00	1.04062	1.0417	1.04057	1.04166	1778
2024-12-27 07:55:00	1.04166	1.04248	1.04165	1.04218	3003
2024-12-27 08:00:00	1.04217	1.04217	1.04175	1.04197	1276
2024-12-27 08:05:00	1.04197	1.04256	1.04187	1.04237	1434
2024-12-27 08:10:00	1.04239	1.04257	1.04234	1.04247	2091
2024-12-27 08:15:00	1.04247	1.04247	1.04201	1.04201	1598
2024-12-27 08:20:00	1042	1.04219	1.04192	1.04192	1308
2024-12-27 08:25:00	1.04196	1.04203	1.04132	1.04137	1580
2024-12-27 08:30:00	1.04136	1.04152	1.04124	1.04136	1604
2024-12-27 08:35:00	1.04136	1.04143	1.04103	1.04124	1444
2024-12-27 08:40:00	1.04124	1.04173	1.04119	1.04162	1250
2024-12-27 08:45:00	1.04163	1.04171	1.04127	1.04129	1002
2024-12-27 08:50:00	1.04128	1.04131	1.04113	1.04127	809
2024-12-27 08:55:00	1.04126	1.04135	1.04111	1.04123	1048
2024-12-27 09:00:00	1.04123	1.0413	1.0409	1.04094	850
2024-12-27 09:05:00	1.04094	1.04135	1.04093	1.0413	913
2024-12-27 09:10:00	1.04131	1.04133	1.04112	1.04117	763
2024-12-27 09:15:00	1.04117	1.0413	1.04105	1.04127	1064
2024-12-27 09:20:00	1.04127	1.04158	1.04127	1.04147	802
2024-12-27 09:25:00	1.04148	1.04158	1.04135	1.04145	825
2024-12-27 09:30:00	1.04144	1.04162	1.04109	1.04113	1072
2024-12-27 09:35:00	1.04114	1.04128	1.04107	1.04116	1050
2024-12-27 09:40:00	1.04116	1.04137	1.04113	1.04119	888
2024-12-27 09:45:00	1.04118	1.04133	1.04117	1.0413	1250
2024-12-27 09:50:00	1.04131	1.04137	1.04119	1.0413	1028
2024-12-27 09:55:00	1.04129	1.04179	1.04123	1.04167	1368
2024-12-27 10:00:00	1.04167	1.04198	1.04163	1.04182	1001
2024-12-27 10:05:00	1.04181	1.0419	1.04143	1.04145	740
2024-12-27 10:10:00	1.04145	1.04164	1.04134	1.04157	749
2024-12-27 10:15:00	1.04158	1.04168	1.04149	1.0415	1023
2024-12-27 10:20:00	1.04151	1.04159	1.04145	1.0415	794
2024-12-27 10:25:00	1.04149	1.04185	1.04146	1.04176	698
2024-12-27 10:30:00	1.04177	1.04191	1.04154	1.04155	846
2024-12-27 10:35:00	1.04155	1.04155	1.04116	1.04127	926
2024-12-27 10:40:00	1.04128	1.0416	1.04126	1.04153	593
2024-12-27 10:45:00	1.04152	1.04167	1.04148	1.04161	791
2024-12-27 10:50:00	1.04162	1.04181	1.04159	1.04174	956
2024-12-27 10:55:00	1.04174	1.04213	1.04174	1.04187	858
2024-12-27 11:00:00	1.04185	1.04216	1.04185	1.04214	969
2024-12-27 11:05:00	1.04214	1.04225	1.04201	1.0421	745
2024-12-27 11:10:00	1.0421	1.04224	1.04206	1.04219	785
2024-12-27 11:15:00	1.04218	1.04291	1.04217	1.0426	1323
2024-12-27 11:20:00	1.04258	1.04293	1.0424	1.04283	906
2024-12-27 11:25:00	1.04286	1.04318	1.04278	1.04288	1139
2024-12-27 11:30:00	1.04288	1.04307	1.04281	1043	667
2024-12-27 11:35:00	1.04299	1.04307	1.04282	1.04286	1035
2024-12-27 11:40:00	1.04285	1.04305	1.04282	1.04304	679
2024-12-27 11:45:00	1.04303	1.04346	1.04302	1.04344	749
2024-12-27 11:50:00	1.04343	1.04347	1.04317	1.04341	895
2024-12-27 11:55:00	1.04342	1.04407	1.04342	1.04386	1316
2024-12-27 12:00:00	1.04387	1.0444	1.04381	1.04429	819
2024-12-27 12:05:00	1.04427	1.04429	1.04415	1.04423	1110
2024-12-27 12:10:00	1.04424	1.04431	1.04385	1.04385	1055
2024-12-27 12:15:00	1.04386	1.04393	1.04365	1.04388	1075
2024-12-27 12:20:00	1.0439	1.04405	1.04377	1.04396	894
2024-12-27 12:25:00	1.04395	1.04396	1.04341	1.04346	1004
2024-12-27 12:30:00	1.04346	1.04346	1.04311	1.04311	791
2024-12-27 12:35:00	1.04311	1.04334	1.04295	1.04318	991
2024-12-27 12:40:00	1.04319	1.04338	1.04319	1.04338	718
2024-12-27 12:45:00	1.04338	1.04346	1.0433	1.04339	933
2024-12-27 12:50:00	1.0434	1.04341	1.04311	1.04319	765
2024-12-27 12:55:00	1.0432	1.04331	1.04281	1.04325	1481
2024-12-27 13:00:00	1.04325	1.0438	1.0432	1.04336	1624
2024-12-27 13:05:00	1.04337	1.04354	1.04329	1.04346	1335
2024-12-27 13:10:00	1.04346	1.04378	1.04336	1.04337	1206
2024-12-27 13:15:00	1.04337	1.04337	1.04286	1.04289	1616
2024-12-27 13:20:00	1.04289	1.04318	1.04286	1.04318	1515
2024-12-27 13:25:00	1.04317	1.04337	1.04302	1.04307	1326
2024-12-27 13:30:00	1.04307	1.04337	1.04307	1.04313	1537
2024-12-27 13:35:00	1.04313	1.04337	1.04308	1.04332	1047
2024-12-27 13:40:00	1.0433	1.04336	1.04316	1.04321	1025
2024-12-27 13:45:00	1.04323	1.04369	1.04317	1.04365	1134
2024-12-27 13:50:00	1.04366	1.04367	1.04335	1.04335	1772
2024-12-27 13:55:00	1.04336	1.04384	1.04329	1.04384	1738
2024-12-27 14:00:00	1.04386	1.04396	1.04364	1.04382	2717
2024-12-27 14:05:00	1.04382	1.0439	1.04347	1.04351	2100
2024-12-27 14:10:00	1.04352	1.04353	1.04326	1.04337	1599
2024-12-27 14:15:00	1.04337	1.04348	1.0431	1.04323	2132
2024-12-27 14:20:00	1.04322	1.04329	1.04303	1.04322	1678
2024-12-27 14:25:00	1.04323	1.04329	1.04293	1.0432	1369
2024-12-27 14:30:00	1.04319	1.04352	1.04306	1.04336	2124
2024-12-27 14:35:00	1.04335	1.04359	1.0431	1.04327	2011
2024-12-27 14:40:00	1.04326	1.04342	1.04318	1.04323	1563
2024-12-27 14:45:00	1.04324	1.04377	1.04323	1.04347	1779
2024-12-27 14:50:00	1.04348	1.04352	1.04316	1.04316	1967
2024-12-27 14:55:00	1.04316	1.04316	1.04245	1.04264	2927
2024-12-27 15:00:00	1.04265	1.04272	1042	1.04224	2568
2024-12-27 15:05:00	1.04225	1.04229	1.04198	1.04207	1770
2024-12-27 15:10:00	1.04207	1.04208	1.04171	1.04174	1428
2024-12-27 15:15:00	1.04175	1.04198	1.04157	1.04197	1092
2024-12-27 15:20:00	1.04196	1.04224	1.04176	1.04224	1474
2024-12-27 15:25:00	1.04223	1.0424	1.0422	1.04229	1313
2024-12-27 15:30:00	1.04228	1.04271	1.04225	1.04249	1776
2024-12-27 15:35:00	1.04249	1.04249	1.04219	1.04238	1420
2024-12-27 15:40:00	1.04239	1.04303	1.04231	1.04298	2204
2024-12-27 15:45:00	1.04298	1.04337	1.04282	1.04337	2394
2024-12-27 15:50:00	1.04338	1.04357	1.04277	1.04281	2344
2024-12-27 15:55:00	1.04281	1.04289	1.04177	1.04219	3540
2024-12-27 16:00:00	1.04219	1.04255	1.04207	1.0423	3235
2024-12-27 16:05:00	1.04231	1.0427	1.04231	1.04262	1962
2024-12-27 16:10:00	1.04264	1.04271	1.04244	1.04257	1592
2024-12-27 16:15:00	1.04257	1.0428	1.04253	1.04279	1152
2024-12-27 16:20:00	1.04279	1043	1.04274	1.0429	1457
2024-12-27 16:25:00	1.04291	1.04302	1.04269	1.04299	1184
2024-12-27 16:30:00	1.04299	1.04306	1.04273	1.04279	1149
2024-12-27 16:35:00	1.04279	1.04279	1.04256	1.0427	1355
2024-12-27 16:40:00	1.04269	1.04303	1.04269	1043	1248
2024-12-27 16:45:00	1.04301	1.04324	1.04297	1.04318	1351
2024-12-27 16:50:00	1.04319	1.04322	1.0426	1.04263	1741
2024-12-27 16:55:00	1.04262	1.04286	1.0422	1.04221	2026
2024-12-27 17:00:00	1.0422	1.04226	1.04194	1.04197	2121
2024-12-27 17:05:00	1.04197	1.04203	1.04175	1.04179	1799
2024-12-27 17:10:00	1.04183	1.04183	1.04161	1.04175	1614
2024-12-27 17:15:00	1.04176	1.04188	1.0416	1.04166	1268
2024-12-27 17:20:00	1.04165	1.04179	1.04144	1.0417	1145
2024-12-27 17:25:00	1.04171	1042	1.0417	1.04192	1440
2024-12-27 17:30:00	1.04191	1.04193	1.04161	1.04167	1732
2024-12-27 17:35:00	1.04166	1.04178	1.04155	1.04167	870
2024-12-27 17:40:00	1.04167	1.04192	1.04159	1.04185	1284
2024-12-27 17:45:00	1.04186	1.04201	1.04162	1.04174	1359
2024-12-27 17:50:00	1.04175	1.04202	1.0416	1.04187	921
2024-12-27 17:55:00	1.04187	1.04214	1.04186	1.04212	1143
2024-12-27 18:00:00	1.0421	1.04253	1.04207	1.04249	1119
2024-12-27 18:05:00	1.04248	1.04253	1.04239	1.04249	536
2024-12-27 18:10:00	1.04251	1.04276	1.0425	1.0427	864
2024-12-27 18:15:00	1.0427	1.0427	1.04243	1.04244	853
2024-12-27 18:20:00	1.04244	1.04263	1.04243	1.04262	683
2024-12-27 18:25:00	1.04262	1.0427	1.04237	1.04244	598
2024-12-27 18:30:00	1.04244	1.04277	1.04244	1.04272	364
2024-12-27 18:35:00	1.04272	1.04288	1.04262	1.04262	270
2024-12-27 18:40:00	1.04263	1.04278	1.0426	1.04278	294
2024-12-27 18:45:00	1.04279	1.04279	1.04251	1.04251	300
2024-12-27 18:50:00	1.04252	1.04264	1.04243	1.04263	184
2024-12-27 18:55:00	1.04262	1.04272	1.04258	1.04262	357
2024-12-27 19:00:00	1.04261	1.04261	1.04237	1.04249	478
2024-12-27 19:05:00	1.04249	1.04283	1.04241	1.04273	501
2024-12-27 19:10:00	1.04272	1.04282	1.04253	1.04255	393
2024-12-27 19:15:00	1.04254	1.04268	1.04246	1.04268	298
2024-12-27 19:20:00	1.04269	1.04269	1.0424	1.04256	452
2024-12-27 19:25:00	1.04256	1.04266	1.04248	1.04259	350
2024-12-27 19:30:00	1.04258	1.04263	1.04242	1.04252	266
2024-12-27 19:35:00	1.04254	1.0428	1.04254	1.04277	274
2024-12-27 19:40:00	1.04277	1.0428	1.04263	1.04276	261
2024-12-27 19:45:00	1.04275	1.04276	1.04258	1.04274	197
2024-12-27 19:50:00	1.04273	1.04289	1.04273	1.04289	236
2024-12-27 19:55:00	1.0429	1.04303	1.04281	1.04282	602
2024-12-27 20:00:00	1.04283	1.04283	1.04237	1.04262	572
2024-12-27 20:05:00	1.04261	1.04266	1.04236	1.04242	644
2024-12-27 20:10:00	1.04242	1.04252	1.04229	1.04237	489
2024-12-27 20:15:00	1.04237	1.04248	1.04231	1.04239	291
2024-12-27 20:20:00	1.0424	1.04242	1.04233	1.04242	240
2024-12-27 20:25:00	1.04241	1.04247	1.04228	1.04232	544
2024-12-27 20:30:00	1.04232	1.04242	1.04227	1.04242	515
2024-12-27 20:35:00	1.04241	1.04268	1.04233	1.04268	1158
2024-12-27 20:40:00	1.04267	1.04272	1.04247	1.04249	1830
2024-12-27 20:45:00	1.0425	1.04259	1.04241	1.04243	492
2024-12-27 20:50:00	1.04243	1.04271	1.04242	1.04258	776
2024-12-27 20:55:00	1.04258	1.04263	1.04251	1.04257	966
2024-12-27 21:00:00	1.04255	1.04259	1.04245	1.04246	285
2024-12-27 21:05:00	1.04246	1.0425	1.04235	1.04247	160
2024-12-27 21:10:00	1.04247	1.04253	1.04243	1.04253	59
2024-12-27 21:15:00	1.04253	1.04258	1.04248	1.04257	65
2024-12-27 21:20:00	1.04258	1.04263	1.04252	1.04254	106
2024-12-27 21:25:00	1.04253	1.04253	1.04233	1.04233	111
2024-12-27 21:30:00	1.04233	1.04238	1.04221	1.04238	132
2024-12-27 21:35:00	1.04239	1.04239	1.04216	1.04224	613
2024-12-27 21:40:00	1.04223	1.04224	1.0422	1.04221	243
2024-12-27 21:45:00	1.04221	1.04228	1.04219	1.04224	90
2024-12-27 21:50:00	1.04223	1.04244	1.04223	1.04238	163
2024-12-27 21:55:00	1.04237	1.04254	1.04225	1.04225	294
2024-12-29 22:00:00	1.04247	1.04287	1.04247	1.04287	34
2024-12-29 22:05:00	1.04287	1.04306	1.04275	1.04303	176
2024-12-29 22:10:00	1.04303	1.04309	1.04298	1.04299	187
2024-12-29 22:15:00	1.04298	1.04308	1.04298	1043	146
2024-12-29 22:20:00	1.04302	1.04302	1.04298	1.04298	45
2024-12-29 22:25:00	1.04299	1.04304	1.04298	1043	51
2024-12-29 22:30:00	1.04301	1.04301	1.04283	1.04294	45
2024-12-29 22:35:00	1.04293	1.04295	1.0429	1.04291	7
2024-12-29 22:40:00	1.04291	1.04302	1.04282	1.04282	68
2024-12-29 22:45:00	1.04282	1.04295	1.04276	1.04293	196
2024-12-29 22:50:00	1.0429	1.04295	1.0427	1.0427	166
2024-12-29 22:55:00	1.0427	1.04308	1.04266	1.04307	109
2024-12-29 23:00:00	1.04311	1.04311	1.0427	1.04292	512
2024-12-29 23:05:00	1.04297	1.04346	1.04297	1.04326	148
2024-12-29 23:10:00	1.04327	1.04337	1.04323	1.04324	173
2024-12-29 23:15:00	1.04326	1.04326	1.04305	1.04326	118
2024-12-29 23:20:00	1.04325	1.04329	1.04318	1.04325	132
2024-12-29 23:25:00	1.04325	1.04326	1.04315	1.04318	168
2024-12-29 23:30:00	1.04319	1.04319	1.04281	1.04287	178
2024-12-29 23:35:00	1.04289	1043	1.0428	1.04288	72
2024-12-29 23:40:00	1.04288	1.04295	1.04284	1.04295	71
2024-12-29 23:45:00	1.04295	1.04306	1.0429	1.04295	116
2024-12-29 23:50:00	1.04296	1.04296	1.04286	1.04289	107
2024-12-29 23:55:00	1.04288	1.04294	1.04283	1.04292	122
2024-12-30 00:00:00	1.04297	1.04304	1.04264	1.04272	363
2024-12-30 00:05:00	1.04274	1.04287	1.04274	1.0428	322
2024-12-30 00:10:00	1.0428	1.04282	1.04258	1.04259	160
2024-12-30 00:15:00	1.04259	1043	1.04257	1043	152
2024-12-30 00:20:00	1.04297	1.04299	1.04284	1.04288	91
2024-12-30 00:25:00	1.04289	1.04291	1.04283	1.04291	125
2024-12-30 00:30:00	1.04293	1.04295	1.04287	1.04287	111
2024-12-30 00:35:00	1.04287	1.04294	1.04282	1.04289	57
2024-12-30 00:40:00	1.0429	1.04305	1.04286	1.04299	129
2024-12-30 00:45:00	1.04298	1.04311	1.04293	1.04303	171
2024-12-30 00:50:00	1.04302	1.04307	1.04267	1.04274	476
2024-12-30 00:55:00	1.04272	1.04279	1.04257	1.04274	197
2024-12-30 01:00:00	1.04275	1.0429	1.0427	1.0427	219
2024-12-30 01:05:00	1.04269	1.04276	1.04261	1.04274	162
2024-12-30 01:10:00	1.04273	1.04283	1.04253	1.04258	172
2024-12-30 01:15:00	1.04259	1.04279	1.04258	1.04279	206
2024-12-30 01:20:00	1.04281	1.04282	1.0426	1.04275	224
2024-12-30 01:25:00	1.04278	1.0428	1.04264	1.04271	69
2024-12-30 01:30:00	1.04272	1.04299	1.04269	1.04298	190
2024-12-30 01:35:00	1.04298	1.04308	1.04295	1.04301	198
2024-12-30 01:40:00	1043	1.04304	1.04286	1.04302	179
2024-12-30 01:45:00	1.04301	1.04301	1.04293	1.04294	88
2024-12-30 01:50:00	1.04295	1.04296	1.0428	1.04282	266
2024-12-30 01:55:00	1.04281	1.04286	1.0425	1.04254	204
2024-12-30 02:00:00	1.04254	1.04262	1.0424	1.0424	138
2024-12-30 02:05:00	1.04242	1.04258	1.0424	1.04257	154
2024-12-30 02:10:00	1.04258	1.04268	1.04252	1.04263	101
2024-12-30 02:15:00	1.04261	1.04268	1.04254	1.0426	227
2024-12-30 02:20:00	1.0426	1.04263	1.04255	1.04257	89
2024-12-30 02:25:00	1.04256	1.04263	1.04253	1.04259	122
2024-12-30 02:30:00	1.04259	1.04274	1.04257	1.04265	351
2024-12-30 02:35:00	1.04264	1.04274	1.04245	1.04272	118
2024-12-30 02:40:00	1.04273	1.04275	1.04266	1.04271	29
2024-12-30 02:45:00	1.04272	1.04273	1.04254	1.04257	64
2024-12-30 02:50:00	1.04257	1.04257	1.04248	1.04249	102
2024-12-30 02:55:00	1.04251	1.04264	1.04251	1.04255	166
2024-12-30 03:00:00	1.04256	1.04256	1.04232	1.04236	120
2024-12-30 03:05:00	1.04238	1.04251	1.04238	1.04247	163
2024-12-30 03:10:00	1.04248	1.04248	1.04208	1.04212	241
2024-12-30 03:15:00	1.04211	1.04235	1.04211	1.04231	372
2024-12-30 03:20:00	1.04232	1.04232	1.04224	1.04226	173
2024-12-30 03:25:00	1.04228	1.04232	1.04218	1.04231	118
2024-12-30 03:30:00	1.04232	1.04237	1.04228	1.04237	155
2024-12-30 03:35:00	1.04236	1.04245	1.04234	1.04244	91
2024-12-30 03:40:00	1.04242	1.04251	1.04242	1.04251	193
2024-12-30 03:45:00	1.0425	1.04255	1.04246	1.0425	117
2024-12-30 03:50:00	1.04249	1.04249	1.04234	1.04245	151
2024-12-30 03:55:00	1.04245	1.04247	1.0424	1.04245	161
2024-12-30 04:00:00	1.04245	1.04247	1.04243	1.04246	123
2024-12-30 04:05:00	1.04247	1.04254	1.04245	1.0425	127
2024-12-30 04:10:00	1.0425	1.04252	1.04244	1.04251	155
2024-12-30 04:15:00	1.04252	1.04252	1.04248	1.04252	171
2024-12-30 04:20:00	1.04252	1.04255	1.04248	1.04253	290
2024-12-30 04:25:00	1.04252	1.04256	1.0425	1.04253	31
2024-12-30 04:30:00	1.04253	1.04255	1.04252	1.04254	115
2024-12-30 04:35:00	1.04254	1.04254	1.04251	1.04253	39
2024-12-30 04:40:00	1.04253	1.04255	1.04251	1.04254	43
2024-12-30 04:45:00	1.04253	1.0426	1.04253	1.04258	61
2024-12-30 04:50:00	1.04258	1.04259	1.04254	1.04259	81
2024-12-30 04:55:00	1.04259	1.0426	1.0425	1.04253	163
2024-12-30 05:00:00	1.04252	1.04253	1.04247	1.0425	214
2024-12-30 05:05:00	1.0425	1.0426	1.0425	1.04257	79
2024-12-30 05:10:00	1.04257	1.04258	1.04252	1.04256	122
2024-12-30 05:15:00	1.04257	1.04261	1.04254	1.04259	82
2024-12-30 05:20:00	1.04259	1.04259	1.04248	1.04252	79
2024-12-30 05:25:00	1.04251	1.04253	1.04247	1.04251	291
2024-12-30 05:30:00	1.0425	1.04251	1.04245	1.04249	473
2024-12-30 05:35:00	1.0425	1.04265	1.0425	1.0426	404
2024-12-30 05:40:00	1.04261	1.04266	1.04242	1.04245	484
2024-12-30 05:45:00	1.04245	1.04249	1.04241	1.04249	525
2024-12-30 05:50:00	1.04249	1.04267	1.04248	1.0426	257
2024-12-30 05:55:00	1.04261	1.04261	1.04228	1.04251	797
2024-12-30 06:00:00	1.04251	1.04293	1.04251	1.04289	460
2024-12-30 06:05:00	1.04289	1.04298	1.04288	1.04297	524
2024-12-30 06:10:00	1.04298	1.04306	1.04282	1.04287	623
2024-12-30 06:15:00	1.04287	1.04297	1.04287	1.04291	401
2024-12-30 06:20:00	1.04292	1043	1.04279	1.04286	629
2024-12-30 06:25:00	1.04283	1.04297	1.04273	1.04293	481
2024-12-30 06:30:00	1.04293	1.04314	1.04292	1.04312	359
2024-12-30 06:35:00	1.04313	1.04314	1.04288	1.0429	679
2024-12-30 06:40:00	1.0429	1.04296	1.04282	1.04284	559
2024-12-30 06:45:00	1.04285	1.04285	1.04274	1.04277	491
2024-12-30 06:50:00	1.04277	1.04292	1.04273	1.04287	615
2024-12-30 06:55:00	1.04287	1.04293	1.04286	1.04288	331
2024-12-30 07:00:00	1.04287	1.04294	1.04274	1.04279	771
2024-12-30 07:05:00	1.04279	1.04279	1.04246	1.04264	859
2024-12-30 07:10:00	1.04264	1.04266	1.0425	1.04257	1001
2024-12-30 07:15:00	1.04257	1.04286	1.04252	1.04277	985
2024-12-30 07:20:00	1.04278	1.04281	1.04255	1.04261	1161
2024-12-30 07:25:00	1.04261	1.04269	1.04247	1.04251	904
2024-12-30 07:30:00	1.04251	1.04251	1.04209	1.04235	1223
2024-12-30 07:35:00	1.04236	1.04252	1.0423	1.04241	812
2024-12-30 07:40:00	1.04241	1.04259	1.04238	1.04257	642
2024-12-30 07:45:00	1.04256	1.04268	1.04227	1.04235	1228
2024-12-30 07:50:00	1.04234	1.04249	1.04228	1.04241	921
2024-12-30 07:55:00	1.04241	1.04288	1.04231	1.04267	1188
2024-12-30 08:00:00	1.04266	1.04281	1.04253	1.04267	2184
2024-12-30 08:05:00	1.04266	1.04297	1.04264	1.04288	1341
2024-12-30 08:10:00	1.04287	1.04295	1.0423	1.04236	1678
2024-12-30 08:15:00	1.04237	1.04245	1.04201	1.04211	1465
2024-12-30 08:20:00	1.04211	1.04211	1.04183	1.04198	1442
2024-12-30 08:25:00	1.04197	1.0421	1.04186	1.04195	1228
2024-12-30 08:30:00	1.04194	1.04205	1.04169	1.04203	812
2024-12-30 08:35:00	1.04202	1.04227	1.04196	1.04208	853
2024-12-30 08:40:00	1.04209	1.04224	1.04208	1.04215	749
2024-12-30 08:45:00	1.04215	1.04222	1.04199	1042	775
2024-12-30 08:50:00	1042	1.04208	1.04151	1.04153	1063
2024-12-30 08:55:00	1.04152	1.04154	1.04093	1.04128	1595
2024-12-30 09:00:00	1.04127	1.0415	1.04109	1.04147	832
2024-12-30 09:05:00	1.04147	1.04182	1.04118	1.04181	628
2024-12-30 09:10:00	1.04179	1.04186	1.04143	1.04146	1109
2024-12-30 09:15:00	1.04145	1.04165	1.04132	1.04153	917
2024-12-30 09:20:00	1.04153	1.04156	1.04132	1.04155	1497
2024-12-30 09:25:00	1.04156	1.04184	1.04131	1.04181	1229
2024-12-30 09:30:00	1.04182	1.04197	1.04177	1.04186	1006
2024-12-30 09:35:00	1.04184	1.04223	1.04169	1.04222	949
2024-12-30 09:40:00	1.04223	1.04239	1.04211	1.04216	888
2024-12-30 09:45:00	1.04215	1.04261	1.04215	1.04261	680
2024-12-30 09:50:00	1.0426	1.04369	1.04245	1.04352	1797
2024-12-30 09:55:00	1.04352	1.04393	1.04337	1.04338	2055
2024-12-30 10:00:00	1.04337	1.04376	1.04327	1.04365	1638
2024-12-30 10:05:00	1.04367	1.04414	1.04354	1.04413	1327
2024-12-30 10:10:00	1.04404	1.04439	1.04402	1.04416	1949
2024-12-30 10:15:00	1.04416	1.04429	1044	1.04411	1847
2024-12-30 10:20:00	1.0441	1.04422	1.0437	1.04378	2108
2024-12-30 10:25:00	1.04377	1.04385	1.04356	1.04359	1823
2024-12-30 10:30:00	1.04359	1.04364	1.04352	1.04357	1193
2024-12-30 10:35:00	1.04358	1.04387	1.04357	1.04369	1228
2024-12-30 10:40:00	1.04368	1.04396	1.04363	1.04389	889
2024-12-30 10:45:00	1.0439	1.04418	1.0439	1.04418	785
2024-12-30 10:50:00	1.04417	1.0444	1.04412	1.04423	1014
2024-12-30 10:55:00	1.04423	1.04435	1.04381	1.04383	1060
2024-12-30 11:00:00	1.04383	1.04393	1.04368	1.04392	1126
2024-12-30 11:05:00	1.04393	1.04427	1.04393	1.04408	1046
2024-12-30 11:10:00	1.04407	1.04435	1.04403	1.04432	913
2024-12-30 11:15:00	1.04431	1.04438	1.04413	1.04427	830
2024-12-30 11:20:00	1.04428	1.04498	1.04428	1.0448	1359
2024-12-30 11:25:00	1.04479	1.04484	1.04459	1.04469	801
2024-12-30 11:30:00	1.04467	1.04483	1.04459	1.04471	933
2024-12-30 11:35:00	1.0447	1.04508	1.04464	1.04482	888
2024-12-30 11:40:00	1.04482	1.04495	1.04461	1.04469	996
2024-12-30 11:45:00	1.04468	1.0449	1.04454	1.04462	1102
2024-12-30 11:50:00	1.04461	1.04501	1.04449	1.04496	854
2024-12-30 11:55:00	1045	1.04521	1.04478	1.04479	1090
2024-12-30 12:00:00	1.0448	1.04498	1.04471	1.04497	823
2024-12-30 12:05:00	1.04498	1.04553	1.04498	1.0453	1068
2024-12-30 12:10:00	1.0453	1.04583	1.0452	1.04573	1076
2024-12-30 12:15:00	1.04573	1.04574	1.04521	1.04522	1301
2024-12-30 12:20:00	1.04521	1.04525	1.04409	1.04426	2029
2024-12-30 12:25:00	1.04426	1.0445	1.0439	1.04448	1589
2024-12-30 12:30:00	1.0445	1.0446	1.04414	1.04421	919
2024-12-30 12:35:00	1.04422	1.04433	1.04409	1.04409	1112
2024-12-30 12:40:00	1.04409	1.04492	1.04409	1.04479	1127
2024-12-30 12:45:00	1.04482	1.04516	1.04477	1.04482	926
2024-12-30 12:50:00	1.04482	1.04491	1.04466	1.04479	958
2024-12-30 12:55:00	1.04479	1.04499	1.04476	1.04493	941
2024-12-30 13:00:00	1.04495	1.04518	1.04479	1.04491	902
2024-12-30 13:05:00	1.04492	1.04503	1.04431	1.0444	1065
2024-12-30 13:10:00	1.0444	1.0444	1.04391	1.04398	1491
2024-12-30 13:15:00	1.04398	1044	1.0436	1.04374	1665
2024-12-30 13:20:00	1.04373	1.04427	1.04373	1.04411	963
2024-12-30 13:25:00	1.04411	1.04411	1.04364	1.04375	1353
2024-12-30 13:30:00	1.04375	1.04377	1.04334	1.04346	1813
2024-12-30 13:35:00	1.04344	1.04352	1.04314	1.04339	2037
2024-12-30 13:40:00	1.04341	1.04342	1.04309	1.04313	1495
2024-12-30 13:45:00	1.04314	1.04321	1.04201	1.04212	1964
2024-12-30 13:50:00	1.04211	1.0423	1.04085	1.04087	3022
2024-12-30 13:55:00	1.04084	1.04084	1.03851	1.03878	6091
2024-12-30 14:00:00	1.0388	1.03934	1.03799	1.03929	4193
2024-12-30 14:05:00	1.03931	1.03989	1.03927	1.03975	2562
2024-12-30 14:10:00	1.03974	1.04041	1.03973	1.04019	1487
2024-12-30 14:15:00	1.04018	1.04078	1.04004	1.04012	1726
2024-12-30 14:20:00	1.04013	1.04073	1.04013	1.04044	1138
2024-12-30 14:25:00	1.04044	1.04052	1.04	1.04007	656
2024-12-30 14:30:00	1.04005	1.04005	1.03913	1.03916	1318
2024-12-30 14:35:00	1.03912	1.03922	1.03864	1.03875	2181
2024-12-30 14:40:00	1.03878	1.03907	1.03857	1.03903	1668
2024-12-30 14:45:00	1.03903	1.04016	1.03903	1.04016	1644
2024-12-30 14:50:00	1.04015	1.04068	1.04005	1.04054	1958
2024-12-30 14:55:00	1.04053	1.04088	1.04049	1.04052	1995
2024-12-30 15:00:00	1.04052	1.04056	1.03996	1.04047	3139
2024-12-30 15:05:00	1.04047	1.04053	1.03947	1.03991	2799
2024-12-30 15:10:00	1.03986	1.03989	1.03921	1.03934	1859
2024-12-30 15:15:00	1.03935	1.03936	1.03886	1.0391	1688
2024-12-30 15:20:00	1.03913	1.03963	1.03912	1.03934	1583
2024-12-30 15:25:00	1.03931	1.03931	1.03869	1.03912	1608
2024-12-30 15:30:00	1.03912	1.03939	1.03868	1039	1950
2024-12-30 15:35:00	1039	1.03947	1.0388	1.03938	1751
2024-12-30 15:40:00	1.03937	1.03956	1.03828	1.03834	1969
2024-12-30 15:45:00	1.03833	1.03856	1.03755	1.03769	2660
2024-12-30 15:50:00	1.03768	1038	1.03717	1.0376	2152
2024-12-30 15:55:00	1.03759	1.03822	1.03755	1.03804	2802
2024-12-30 16:00:00	1.03803	1.03842	1.03784	1.03805	1672
2024-12-30 16:05:00	1.03805	1.03826	1.0379	1.03819	826
2024-12-30 16:10:00	1.03819	1.0384	1.03792	1.03805	1139
2024-12-30 16:15:00	1.03805	1.03888	1.03795	1.0384	1553
2024-12-30 16:20:00	1.03839	1.03847	1.03747	1.0375	1345
2024-12-30 16:25:00	1.0375	1.0379	1.03748	1.0379	1239
2024-12-30 16:30:00	1.03789	1.03852	1.03789	1.03847	678
2024-12-30 16:35:00	1.03847	1.03886	1.03839	1.03886	802
2024-12-30 16:40:00	1.03886	1.03914	1.03866	1.03885	1655
2024-12-30 16:45:00	1.03884	1039	1.03791	1.03794	1589
2024-12-30 16:50:00	1.03793	1.03851	1.03789	1.03849	1254
2024-12-30 16:55:00	1.0385	1.03886	1.03839	1.03857	1339
2024-12-30 17:00:00	1.03858	1.03906	1.03845	1.03891	1735
2024-12-30 17:05:00	1.0389	1.03897	1.03857	1.03861	1684
2024-12-30 17:10:00	1.03861	1.03897	1.03861	1.03897	1687
2024-12-30 17:15:00	1.03897	1.03921	1.03892	1.03892	833
2024-12-30 17:20:00	1.03894	1.03935	1.03877	1.03926	674
2024-12-30 17:25:00	1.03926	1.03927	1.03901	1.03913	447
2024-12-30 17:30:00	1.03914	1.03923	1.03901	1.03906	513
2024-12-30 17:35:00	1.03907	1.03907	1.03862	1.03881	697
2024-12-30 17:40:00	1.03882	1.03888	1.03864	1.03886	577
2024-12-30 17:45:00	1.03887	1.0393	1.03876	1.03921	500
2024-12-30 17:50:00	1.03921	1.03948	1.0392	1.03937	490
2024-12-30 17:55:00	1.03937	1.03953	1.03921	1.03941	653
2024-12-30 18:00:00	1.03942	1.03959	1.03937	1.03958	315
2024-12-30 18:05:00	1.03957	1.03994	1.03951	1.0399	398
2024-12-30 18:10:00	1.03991	1.03994	1.0397	1.03978	437
2024-12-30 18:15:00	1.03979	1.03997	1.03968	1.03971	485
2024-12-30 18:20:00	1.03971	1.03981	1.03957	1.03976	373
2024-12-30 18:25:00	1.03971	1.0398	1.03965	1.03971	312
2024-12-30 18:30:00	1.03971	1.04006	1.03963	1.04005	389
2024-12-30 18:35:00	1.04006	1.04019	1.03981	1.03991	530
2024-12-30 18:40:00	1.03994	1.04036	1.03992	1.0403	384
2024-12-30 18:45:00	1.0403	1.04052	1.04028	1.04034	361
2024-12-30 18:50:00	1.04035	1.04047	1.04025	1.04038	363
2024-12-30 18:55:00	1.04037	1.0407	1.04037	1.04044	489
2024-12-30 19:00:00	1.04044	1.04053	1.04028	1.0403	481
2024-12-30 19:05:00	1.0403	1.04036	1.0399	1.04013	726
2024-12-30 19:10:00	1.04015	1.04018	1.03997	1.04003	583
2024-12-30 19:15:00	1.04002	1.04006	1.03981	1.03985	284
2024-12-30 19:20:00	1.03985	1.04025	1.03984	1.04018	339
2024-12-30 19:25:00	1.04017	1.0403	1.04009	1.04021	466
2024-12-30 19:30:00	1.04021	1.04041	1.04017	1.0402	363
2024-12-30 19:35:00	1.04019	1.0403	1.04016	1.04018	214
2024-12-30 19:40:00	1.04019	1.04028	1.04013	1.04016	220
2024-12-30 19:45:00	1.04017	1.04022	1.03995	1.04014	299
2024-12-30 19:50:00	1.04013	1.04013	1.0398	1.03991	259
2024-12-30 19:55:00	1.03993	1.04001	1.0396	1.03965	458
2024-12-30 20:00:00	1.03966	1.03991	1.03951	1.0398	516
2024-12-30 20:05:00	1.0398	1.04007	1.03974	1.04006	281
2024-12-30 20:10:00	1.04006	1.04021	1.04005	1.04017	282
2024-12-30 20:15:00	1.04019	1.0404	1.04017	1.0404	150
2024-12-30 20:20:00	1.0404	1.04046	1.04029	1.0404	285
2024-12-30 20:25:00	1.04041	1.04051	1.04016	1.04024	501
2024-12-30 20:30:00	1.04025	1.04029	1.04003	1.0401	342
2024-12-30 20:35:00	1.0401	1.04024	1.04005	1.04023	485
2024-12-30 20:40:00	1.04024	1.04031	1.04017	1.04023	410
2024-12-30 20:45:00	1.04024	1.04042	1.04021	1.04021	337
2024-12-30 20:50:00	1.04021	1.04022	1.04007	1.04014	424
2024-12-30 20:55:00	1.04014	1.0402	1.03985	1.03987	822
2024-12-30 21:00:00	1.03993	1.04019	1.03982	1.04015	309
2024-12-30 21:05:00	1.04015	1.04015	1.04	1.04	119
2024-12-30 21:10:00	1.04001	1.04009	1.04	1.04005	89
2024-12-30 21:15:00	1.04005	1.04006	1.03997	1.03999	35
2024-12-30 21:20:00	1.03999	1.04013	1.03996	1.04012	65
2024-12-30 21:25:00	1.04013	1.04014	1.03995	1.03997	165
2024-12-30 21:30:00	1.03998	1.04007	1.03996	1.04005	29
2024-12-30 21:35:00	1.04006	1.04016	1.04006	1.04016	125
2024-12-30 21:40:00	1.04017	1.04039	1.04014	1.04039	242
2024-12-30 21:45:00	1.04038	1.04038	1.0403	1.04035	195
2024-12-30 21:50:00	1.04035	1.04049	1.04035	1.04047	256
2024-12-30 21:55:00	1.04046	1.04069	1.04044	1.04069	217
2024-12-30 22:00:00	1.04069	1.04071	1.04035	1.04036	21
2024-12-30 22:05:00	1.04036	1.04036	1.03999	1.04012	115
2024-12-30 22:10:00	1.0401	1.04024	1.03999	1.04017	105
2024-12-30 22:15:00	1.04018	1.04022	1.0401	1.04018	66
2024-12-30 22:20:00	1.04019	1.04022	1.0401	1.04017	61
2024-12-30 22:25:00	1.0402	1.0402	1.03991	1.04016	92
2024-12-30 22:30:00	1.04014	1.04028	1.04014	1.04022	24
2024-12-30 22:35:00	1.04027	1.04034	1.04018	1.04018	88
2024-12-30 22:40:00	1.04018	1.04024	1.04018	1.04022	119
2024-12-30 22:45:00	1.04021	1.04027	1.04017	1.04027	144
2024-12-30 22:50:00	1.04026	1.04044	1.04026	1.04044	134
2024-12-30 22:55:00	1.04044	1.04045	1.04037	1.04043	104
2024-12-30 23:00:00	1.04045	1.0405	1.03996	1.04013	161
2024-12-30 23:05:00	1.04012	1.04012	1.03987	1.03987	131
2024-12-30 23:10:00	1.03987	1.0401	1.03987	1.04009	167
2024-12-30 23:15:00	1.0401	1.04025	1.04009	1.0402	130
2024-12-30 23:20:00	1.04022	1.04028	1.04022	1.04025	54
2024-12-30 23:25:00	1.04025	1.04037	1.04022	1.04031	107
2024-12-30 23:30:00	1.04031	1.0405	1.04031	1.04049	155
2024-12-30 23:35:00	1.04049	1.04055	1.04049	1.04054	67
2024-12-30 23:40:00	1.04053	1.04055	1.04048	1.04049	116
2024-12-30 23:45:00	1.04048	1.0405	1.04039	1.04043	84
2024-12-30 23:50:00	1.04043	1.04048	1.04043	1.04046	26
2024-12-30 23:55:00	1.04047	1.04059	1.04046	1.04056	106
2024-12-31 00:00:00	1.04057	1.04058	1.04043	1.04044	144
2024-12-31 00:05:00	1.04045	1.04047	1.04038	1.04039	159
2024-12-31 00:10:00	1.0404	1.04042	1.04032	1.04034	69
2024-12-31 00:15:00	1.04033	1.04037	1.04029	1.04029	176
2024-12-31 00:20:00	1.04029	1.04029	1.04021	1.04021	132
2024-12-31 00:25:00	1.0402	1.04027	1.04019	1.04023	84
2024-12-31 00:30:00	1.04024	1.04024	1.03979	1.03982	273
2024-12-31 00:35:00	1.03981	1.03985	1.03973	1.03973	221
2024-12-31 00:40:00	1.03973	1.03991	1.03969	1.0399	188
2024-12-31 00:45:00	1.03988	1.04013	1.03986	1.04012	112
2024-12-31 00:50:00	1.04011	1.0402	1.04002	1.04018	126
2024-12-31 00:55:00	1.04019	1.04036	1.04019	1.04034	210
2024-12-31 01:00:00	1.04035	1.04041	1.04022	1.04024	189
2024-12-31 01:05:00	1.04023	1.04053	1.04023	1.04053	121
2024-12-31 01:10:00	1.04051	1.0407	1.0405	1.04068	160
2024-12-31 01:15:00	1.04068	1.04087	1.04067	1.04077	222
2024-12-31 01:20:00	1.04078	1.0409	1.04076	1.04088	131
2024-12-31 01:25:00	1.04087	1.04113	1.04084	1.04105	215
2024-12-31 01:30:00	1.04105	1.04128	1.04098	1.04104	294
2024-12-31 01:35:00	1.04104	1.04104	1.04068	1.04081	582
2024-12-31 01:40:00	1.04081	1.04114	1.04081	1.04114	648
2024-12-31 01:45:00	1.04113	1.0413	1.04102	1.04129	770
2024-12-31 01:50:00	1.04129	1.04131	1.04095	1.04113	517
2024-12-31 01:55:00	1.04114	1.04129	1041	1.04119	718
2024-12-31 02:00:00	1.04119	1.04146	1.0411	1.04145	636
2024-12-31 02:05:00	1.04148	1.04148	1041	1041	414
2024-12-31 02:10:00	1041	1.04101	1.04089	1.04101	303
2024-12-31 02:15:00	1.04102	1.0411	1.04084	1.04084	483
2024-12-31 02:20:00	1.04085	1.04106	1.04079	1.04082	395
2024-12-31 02:25:00	1.04084	1.04096	1.04081	1.04092	172
2024-12-31 02:30:00	1.04093	1.04118	1.04092	1.04116	267
2024-12-31 02:35:00	1.04115	1.04115	1.04102	1.04103	178
2024-12-31 02:40:00	1.04103	1.04103	1.0409	1.04096	143
2024-12-31 02:45:00	1.04096	1.04104	1.04084	1.04092	174
2024-12-31 02:50:00	1.04092	1.04105	1.04092	1.04104	145
2024-12-31 02:55:00	1.04103	1.04129	1.04096	1.04125	245
2024-12-31 03:00:00	1.04125	1.04134	1.04111	1.04112	142
2024-12-31 03:05:00	1.04112	1.04114	1.04094	1041	269
2024-12-31 03:10:00	1041	1.04105	1.04099	1041	198
2024-12-31 03:15:00	1.04103	1.04114	1041	1.04105	283
2024-12-31 03:20:00	1.04105	1.04111	1.04104	1.0411	144
2024-12-31 03:25:00	1.04113	1.04114	1.04105	1.04107	134
2024-12-31 03:30:00	1.04107	1.04109	1041	1041	275
2024-12-31 03:35:00	1.04101	1.04101	1.0409	1.04096	336
2024-12-31 03:40:00	1.04097	1041	1.0409	1.04093	114
2024-12-31 03:45:00	1.04096	1.04096	1.04081	1.04085	133
2024-12-31 03:50:00	1.04083	1.04083	1.04072	1.04074	113
2024-12-31 03:55:00	1.04074	1.04091	1.04073	1.04085	240
2024-12-31 04:00:00	1.04084	1.04091	1.04075	1.04076	119
2024-12-31 04:05:00	1.04075	1.0408	1.04065	1.04067	195
2024-12-31 04:10:00	1.04069	1.04075	1.04067	1.04074	132
2024-12-31 04:15:00	1.04075	1.04077	1.0407	1.0407	58
2024-12-31 04:20:00	1.04069	1.04076	1.04064	1.04065	201
2024-12-31 04:25:00	1.04066	1.04067	1.0405	1.0405	376
2024-12-31 04:30:00	1.04051	1.04051	1.04037	1.04051	246
2024-12-31 04:35:00	1.0405	1.0407	1.0405	1.04064	156
2024-12-31 04:40:00	1.04062	1.04075	1.04062	1.04065	210
2024-12-31 04:45:00	1.04066	1.04066	1.04055	1.0406	159
2024-12-31 04:50:00	1.0406	1.04072	1.0406	1.04066	117
2024-12-31 04:55:00	1.04066	1.04066	1.0404	1.04041	187
2024-12-31 05:00:00	1.04042	1.04047	1.04039	1.04046	167
2024-12-31 05:05:00	1.04046	1.04067	1.04045	1.04065	111
2024-12-31 05:10:00	1.04065	1.04068	1.04064	1.04064	123
2024-12-31 05:15:00	1.04067	1.0407	1.04061	1.04061	98
2024-12-31 05:20:00	1.04062	1.0407	1.04062	1.0407	118
2024-12-31 05:25:00	1.04069	1.04069	1.04062	1.04064	69
2024-12-31 05:30:00	1.04065	1.04075	1.04061	1.04075	210
2024-12-31 05:35:00	1.04074	1.04075	1.04065	1.04069	150
2024-12-31 05:40:00	1.04069	1.04071	1.04059	1.0406	213
2024-12-31 05:45:00	1.04062	1.04062	1.04054	1.04054	156
2024-12-31 05:50:00	1.04053	1.04055	1.04044	1.04049	184
2024-12-31 05:55:00	1.04049	1.04049	1.04025	1.04038	357
2024-12-31 06:00:00	1.04038	1.04051	1.04038	1.0405	293
2024-12-31 06:05:00	1.0405	1.04051	1.04039	1.04046	229
2024-12-31 06:10:00	1.04046	1.0405	1.04025	1.0403	187
2024-12-31 06:15:00	1.04029	1.04032	1.04016	1.04023	259
2024-12-31 06:20:00	1.04024	1.04033	1.04024	1.04026	173
2024-12-31 06:25:00	1.04026	1.04026	1.04014	1.04014	306
2024-12-31 06:30:00	1.04013	1.04015	1.03997	1.04003	337
2024-12-31 06:35:00	1.04003	1.0401	1.03996	1.04009	232
2024-12-31 06:40:00	1.04008	1.04018	1.04004	1.04013	206
2024-12-31 06:45:00	1.04013	1.04027	1.04004	1.04027	348
2024-12-31 06:50:00	1.04028	1.04053	1.04027	1.04052	288
2024-12-31 06:55:00	1.04052	1.04059	1.04038	1.04038	285
2024-12-31 07:00:00	1.04039	1.0405	1.04023	1.04049	434
2024-12-31 07:05:00	1.04049	1.04051	1.04026	1.04049	474
2024-12-31 07:10:00	1.04048	1.0405	1.04029	1.04035	587
2024-12-31 07:15:00	1.04035	1.04051	1.04031	1.04049	471
2024-12-31 07:20:00	1.04049	1.04064	1.04037	1.04059	355
2024-12-31 07:25:00	1.0406	1.04087	1.04055	1.04076	378
2024-12-31 07:30:00	1.04077	1.04093	1.04065	1.04092	444
2024-12-31 07:35:00	1.04093	1.04098	1.04077	1.04078	283
2024-12-31 07:40:00	1.04078	1.04107	1.04071	1.04105	425
2024-12-31 07:45:00	1.04107	1.04129	1.04106	1.04109	317
2024-12-31 07:50:00	1.04108	1.04117	1.04096	1.04114	347
2024-12-31 07:55:00	1.04115	1.0412	1.04095	1.04118	483
2024-12-31 08:00:00	1.0412	1.04132	1.04102	1.04128	634
2024-12-31 08:05:00	1.04127	1.04147	1.04116	1.04142	600
2024-12-31 08:10:00	1.04142	1.04142	1.04102	1.04108	407
2024-12-31 08:15:00	1.04109	1.04119	1.04075	1.04098	515
2024-12-31 08:20:00	1.04101	1.04111	1.04079	1.04111	567
2024-12-31 08:25:00	1.04115	1.04116	1.04058	1.04071	673
2024-12-31 08:30:00	1.04072	1.04114	1.04071	1.04107	688
2024-12-31 08:35:00	1.04106	1.04137	1.04105	1.04137	421
2024-12-31 08:40:00	1.04137	1.04137	1.04096	1.04101	633
2024-12-31 08:45:00	1.04101	1.04104	1.04073	1.04096	844
2024-12-31 08:50:00	1.04095	1.04137	1.04089	1.04122	489
2024-12-31 08:55:00	1.04122	1042	1.04122	1.04183	822
2024-12-31 09:00:00	1.04182	1.04188	1.04154	1.04154	395
2024-12-31 09:05:00	1.04154	1.04165	1.04117	1.04132	677
2024-12-31 09:10:00	1.04132	1.04177	1.0413	1.04152	694
2024-12-31 09:15:00	1.04151	1.04159	1.04131	1.04149	591
2024-12-31 09:20:00	1.0415	1.04158	1.04126	1.0414	537
2024-12-31 09:25:00	1.0414	1.04142	1.04127	1.04137	448
2024-12-31 09:30:00	1.04137	1.04187	1.04133	1.04183	665
2024-12-31 09:35:00	1.04185	1.04193	1.04158	1.04188	838
2024-12-31 09:40:00	1.04189	1.04238	1.04188	1.04202	1070
2024-12-31 09:45:00	1.04201	1.04238	1.04194	1.04227	563
2024-12-31 09:50:00	1.04228	1.04243	1.04196	1.04202	738
2024-12-31 09:55:00	1.04203	1.04235	1.04183	1.04185	1230
2024-12-31 10:00:00	1.04184	1.04189	1.04104	1.04107	1402
2024-12-31 10:05:00	1.04107	1.04128	1.04051	1.04098	1303
2024-12-31 10:10:00	1.04099	1.04127	1.04065	1.04126	947
2024-12-31 10:15:00	1.04126	1.04126	1.04079	1.04082	471
2024-12-31 10:20:00	1.0408	1.04101	1.0407	1.04077	611
2024-12-31 10:25:00	1.04076	1.04103	1.04076	1.04101	521
2024-12-31 10:30:00	1.04102	1.04121	1.04078	1.04108	684
2024-12-31 10:35:00	1.04108	1.04121	1.04082	1.04105	539
2024-12-31 10:40:00	1.04106	1.04112	1.04087	1.04091	459
2024-12-31 10:45:00	1.04092	1.04133	1.04087	1.04132	630
2024-12-31 10:50:00	1.04132	1.04199	1.04132	1.04154	770
2024-12-31 10:55:00	1.04154	1.04178	1.04126	1.04128	1185
2024-12-31 11:00:00	1.04129	1.04157	1.04127	1.04148	650
2024-12-31 11:05:00	1.04148	1.04187	1.04144	1.04181	592
2024-12-31 11:10:00	1.04181	1.04185	1.04163	1.0418	804
2024-12-31 11:15:00	1.0418	1.04193	1.04158	1.04158	512
2024-12-31 11:20:00	1.04157	1.04184	1.04144	1.04148	640
2024-12-31 11:25:00	1.04147	1.04164	1.04135	1.04137	875
2024-12-31 11:30:00	1.04137	1.04148	1.04095	1.04098	784
2024-12-31 11:35:00	1041	1.04111	1.04086	1.04097	680
2024-12-31 11:40:00	1.04096	1.04113	1.04087	1.04088	672
2024-12-31 11:45:00	1.04088	1.04113	1.0408	1.04088	656
2024-12-31 11:50:00	1.04088	1.04098	1.04053	1.04065	734
2024-12-31 11:55:00	1.04065	1.04108	1.04065	1.04103	837
2024-12-31 12:00:00	1.04103	1.04143	1.04103	1.04104	322
2024-12-31 12:05:00	1.04104	1.0411	1.04067	1.04078	489
2024-12-31 12:10:00	1.04081	1.04103	1.04063	1.04098	833
2024-12-31 12:15:00	1.04097	1.04118	1.04081	1.04093	1200
2024-12-31 12:20:00	1.04093	1.04112	1.04083	1.04089	866
2024-12-31 12:25:00	1.04091	1.04095	1.0403	1.0403	1280
2024-12-31 12:30:00	1.04029	1.04037	1.03993	1.04019	1377
2024-12-31 12:35:00	1.04018	1.04028	1.04009	1.0402	789
2024-12-31 12:40:00	1.04021	1.04036	1.04003	1.04031	833
2024-12-31 12:45:00	1.04031	1.04057	1.04011	1.04013	1372
2024-12-31 12:50:00	1.04014	1.04015	1.03981	1.03981	1297
2024-12-31 12:55:00	1.03982	1.03984	1.03912	1.03927	2431
2024-12-31 13:00:00	1.03927	1.03967	1.03919	1.03951	1971
2024-12-31 13:05:00	1.0395	1.0395	1.03859	1.0389	2500
2024-12-31 13:10:00	1.03889	1.03925	1.03871	1.03896	1923
2024-12-31 13:15:00	1.03896	1.03914	1.03852	1.03853	1896
2024-12-31 13:20:00	1.03854	1.03884	1.03834	1.03883	1511
2024-12-31 13:25:00	1.03883	1.03926	1.0387	1.03906	1257
2024-12-31 13:30:00	1.03905	1.0397	1.03901	1.03947	1890
2024-12-31 13:35:00	1.03947	1.03973	1.03936	1.03943	1386
2024-12-31 13:40:00	1.03943	1.03965	1.03927	1.03928	1948
2024-12-31 13:45:00	1.03927	1.0393	1.03891	1.03902	1944
2024-12-31 13:50:00	1.03903	1.03912	1.03879	1.03896	2332
2024-12-31 13:55:00	1.03895	1.03932	1.03893	1.03927	1240
2024-12-31 14:00:00	1.03929	1.03942	1.03846	1.03849	1902
2024-12-31 14:05:00	1.03848	1.03862	1.03815	1.03815	2134
2024-12-31 14:10:00	1.03816	1.03885	1.03778	1.03878	2297
2024-12-31 14:15:00	1.03877	1.03891	1.03845	1.03858	1148
2024-12-31 14:20:00	1.03858	1.03864	1.03822	1.03822	1265
2024-12-31 14:25:00	1.03822	1.03836	1.0379	1.03807	1449
2024-12-31 14:30:00	1.03807	1.03812	1.0375	1.03807	2398
2024-12-31 14:35:00	1.03806	1.03857	1.03803	1.03814	1851
2024-12-31 14:40:00	1.03814	1.03818	1.03756	1.0379	1809
2024-12-31 14:45:00	1.03791	1.03801	1.03747	1.03749	2211
2024-12-31 14:50:00	1.0375	1.03792	1.0375	1.03767	2000
2024-12-31 14:55:00	1.03766	1.03802	1.03751	1.03758	2998
2024-12-31 15:00:00	1.03758	1.03777	1037	1.03774	3195
2024-12-31 15:05:00	1.03774	1.03817	1.03746	1.03816	1777
2024-12-31 15:10:00	1.03816	1.03891	1.03814	1.03854	1474
2024-12-31 15:15:00	1.03853	1.03866	1.03817	1.0382	1014
2024-12-31 15:20:00	1.03821	1.03821	1.03776	1.03786	1150
2024-12-31 15:25:00	1.03787	1.03791	1.03735	1.03751	1131
2024-12-31 15:30:00	1.03751	1.0376	1.03667	1.03673	1077
2024-12-31 15:35:00	1.03672	1.03719	1.0364	1.03714	1204
2024-12-31 15:40:00	1.03714	1.03761	1.0364	1.03645	1400
2024-12-31 15:45:00	1.03645	1.03664	1.03606	1.03613	1243
2024-12-31 15:50:00	1.03614	1.03633	1.03532	1.03532	1712
2024-12-31 15:55:00	1.03532	1.03578	1.03525	1.03547	1812
2024-12-31 16:00:00	1.03548	1.03611	1.03535	1.03536	1385
2024-12-31 16:05:00	1.03537	1.03566	1.03467	1.03514	1280
2024-12-31 16:10:00	1.03514	1.03522	1.03492	1.03512	952
2024-12-31 16:15:00	1.03511	1.03554	1.03488	1.03529	705
2024-12-31 16:20:00	1.03529	1.0354	1035	1.03532	637
2024-12-31 16:25:00	1.03533	1.0354	1.03502	1.03523	560
2024-12-31 16:30:00	1.03522	1.03578	1.03507	1.03563	573
2024-12-31 16:35:00	1.03563	1.03567	1035	1.03513	440
2024-12-31 16:40:00	1.03514	1.03519	1.03476	1.03479	713
2024-12-31 16:45:00	1.03478	1.0351	1.03477	1.03509	539
2024-12-31 16:50:00	1.03509	1.03526	1.03474	1.03487	1152
2024-12-31 16:55:00	1.03487	1.03516	1.03477	1.03502	1427
2024-12-31 17:00:00	1.03503	1.03521	1.0348	1.03519	1451
2024-12-31 17:05:00	1.0352	1.03544	1.03511	1.03539	1104
2024-12-31 17:10:00	1.03538	1.03542	1.03505	1.03536	951
2024-12-31 17:15:00	1.03535	1.03548	1035	1.0354	659
2024-12-31 17:20:00	1.03542	1.03549	1.03508	1.03515	903
2024-12-31 17:25:00	1.03514	1.03521	1.03473	1.03474	1031
2024-12-31 17:30:00	1.03474	1.03483	1.03453	1.03461	1112
2024-12-31 17:35:00	1.03461	1.03472	1.0345	1.03457	678
2024-12-31 17:40:00	1.03458	1.03512	1.0344	1.03469	599
2024-12-31 17:45:00	1.03469	1.0347	1.03442	1.03444	426
2024-12-31 17:50:00	1.03444	1.03511	1.03443	1.03511	422
2024-12-31 17:55:00	1.03513	1.03535	1.03475	1.03485	879
2024-12-31 18:00:00	1.03485	1.03497	1.03459	1.03496	936
2024-12-31 18:05:00	1.03497	1.03507	1.03481	1.03488	471
2024-12-31 18:10:00	1.03486	1.03486	1.03454	1.03466	441
2024-12-31 18:15:00	1.03464	1.0349	1.0346	1.03485	551
2024-12-31 18:20:00	1.03486	1.03527	1.03478	1.0352	407
2024-12-31 18:25:00	1.03519	1.03532	1.03502	1.03527	397
2024-12-31 18:30:00	1.03526	1.03546	1.03511	1.03524	425
2024-12-31 18:35:00	1.03525	1.03541	1.03523	1.03528	244
2024-12-31 18:40:00	1.03529	1.03566	1.03528	1.03565	290
2024-12-31 18:45:00	1.03564	1.03564	1.03542	1.03552	257
2024-12-31 18:50:00	1.03552	1.03561	1.0354	1.03546	393
2024-12-31 18:55:00	1.03544	1.03556	1.03526	1.03529	443
2024-12-31 19:00:00	1.03529	1.03538	1.03516	1.03533	366
2024-12-31 19:05:00	1.03535	1.03581	1.03533	1.03568	359
2024-12-31 19:10:00	1.03569	1.03623	1.03569	1.03619	381
2024-12-31 19:15:00	1.03618	1.03646	1.03592	1.03593	343
2024-12-31 19:20:00	1.03593	1.03597	1.03574	1.03586	419
2024-12-31 19:25:00	1.03587	1.03593	1.0358	1.03589	329
2024-12-31 19:30:00	1.03588	1.03588	1.03553	1.03558	402
2024-12-31 19:35:00	1.03558	1.03568	1.03547	1.03548	413
2024-12-31 19:40:00	1.03549	1.03559	1.03541	1.03558	299
2024-12-31 19:45:00	1.0356	1.03563	1.03538	1.03543	356
2024-12-31 19:50:00	1.03543	1.03569	1.03538	1.0356	254
2024-12-31 19:55:00	1.03561	1.03561	1.03538	1.03547	431
2024-12-31 20:00:00	1.03547	1.03562	1.03544	1.03547	324
2024-12-31 20:05:00	1.03549	1.03601	1.03548	1.03595	311
2024-12-31 20:10:00	1.03595	1.03597	1.0357	1.03573	214
2024-12-31 20:15:00	1.03572	1.03597	1.03572	1.03595	239
2024-12-31 20:20:00	1.03596	1.03621	1.03595	1.03618	213
2024-12-31 20:25:00	1.03618	1.0363	1.0361	1.03612	241
2024-12-31 20:30:00	1.03612	1.03613	1.03599	1.03599	211
2024-12-31 20:35:00	1036	1.03606	1.03589	1.03592	152
2024-12-31 20:40:00	1.03593	1.03604	1.03587	1.03601	97
2024-12-31 20:45:00	1036	1.03606	1.03594	1.03606	192
2024-12-31 20:50:00	1.03605	1.03607	1.03588	1.03589	276
2024-12-31 20:55:00	1.03588	1.03594	1.03569	1.03583	220
2024-12-31 21:00:00	1.03584	1.03609	1.03584	1.03593	194
2024-12-31 21:05:00	1.03594	1.03599	1.03591	1.03593	53
2024-12-31 21:10:00	1.03592	1.03596	1.03589	1.03594	58
2024-12-31 21:15:00	1.03594	1.03602	1.03594	1.03597	59
2024-12-31 21:20:00	1.03597	1.03597	1.03576	1.03579	66
2024-12-31 21:25:00	1.0358	1.03584	1.03578	1.03584	175
2024-12-31 21:30:00	1.03585	1.03594	1.03585	1.0359	37
2024-12-31 21:35:00	1.03591	1.03594	1.03567	1.0358	157
2024-12-31 21:40:00	1.0358	1.03585	1.03575	1.03579	80
2024-12-31 21:45:00	1.0358	1.03584	1.03555	1.03564	445
2024-12-31 21:50:00	1.03562	1.03567	1.03545	1.03546	189
2024-12-31 21:55:00	1.03546	1.03556	1.03526	1.03526	296
2025-01-01 22:00:00	1.03503	1.03514	1.03503	1.03507	15
2025-01-01 22:05:00	1.03514	1.03519	1.03484	1035	47
2025-01-01 22:10:00	1.03499	1.03504	1.03483	1.03485	29
2025-01-01 22:15:00	1.03485	1.03532	1.03485	1.03527	74
2025-01-01 22:20:00	1.0353	1.03531	1035	1.03525	86
2025-01-01 22:25:00	1.03522	1.03546	1.03522	1.03543	80
2025-01-01 22:30:00	1.03542	1.03545	1.03526	1.0354	89
2025-01-01 22:35:00	1.0354	1.03573	1.0354	1.03572	150
2025-01-01 22:40:00	1.03571	1.03573	1.03557	1.03566	333
2025-01-01 22:45:00	1.03561	1.03573	1.03553	1.03561	266
2025-01-01 22:50:00	1.0356	1.03571	1.03551	1.03569	113
2025-01-01 22:55:00	1.03571	1.03577	1.0355	1.0355	159
2025-01-01 23:00:00	1.0355	1.03563	1.03501	1.03563	1056
2025-01-01 23:05:00	1.03563	1.03563	1.03531	1.03543	119
2025-01-01 23:10:00	1.03543	1.03543	1.03527	1.03536	203
2025-01-01 23:15:00	1.03536	1.03543	1.03527	1.03539	238
2025-01-01 23:20:00	1.03539	1.03539	1.03523	1.03524	210
2025-01-01 23:25:00	1.03523	1.03528	1.03513	1.03513	558
2025-01-01 23:30:00	1.03515	1.03517	1.03471	1.03485	452
2025-01-01 23:35:00	1.03485	1.03488	1.03462	1.03485	487
2025-01-01 23:40:00	1.03485	1.03491	1.03478	1.03491	188
2025-01-01 23:45:00	1.03491	1.0352	1.03491	1.03512	317
2025-01-01 23:50:00	1.03513	1.03531	1.03509	1.03512	265
2025-01-01 23:55:00	1.03512	1.03519	1.03502	1.03507	351
2025-01-02 00:00:00	1.03508	1.03511	1.03491	1.03493	362
2025-01-02 00:05:00	1.03492	1.03514	1.03492	1.03514	278
2025-01-02 00:10:00	1.03513	1.03518	1.03491	1.03493	209
2025-01-02 00:15:00	1.03492	1.03499	1.03478	1.03489	344
2025-01-02 00:20:00	1.0349	1.03513	1.03472	1035	524
2025-01-02 00:25:00	1.03499	1.03512	1.03499	1.03506	302
2025-01-02 00:30:00	1.03505	1.03505	1.03485	1.03488	233
2025-01-02 00:35:00	1.03488	1.03516	1.03486	1.03503	292
2025-01-02 00:40:00	1.03504	1.03516	1.03497	1.03508	228
2025-01-02 00:45:00	1.03509	1.0352	1.03507	1.03514	300
2025-01-02 00:50:00	1.03513	1.03546	1.0351	1.03543	366
2025-01-02 00:55:00	1.03544	1.03564	1.03503	1.0352	241
2025-01-02 01:00:00	1.03521	1.03521	1.03442	1.03494	619
2025-01-02 01:05:00	1.03495	1.03509	1.03474	1.03486	374
2025-01-02 01:10:00	1.03486	1.03504	1.03469	1.03489	537
2025-01-02 01:15:00	1.03489	1.03502	1.03463	1.03473	487
2025-01-02 01:20:00	1.03474	1.03517	1.03468	1.03517	337
2025-01-02 01:25:00	1.03518	1.03538	1.03508	1.03508	244
2025-01-02 01:30:00	1.03509	1.03519	1.03489	1.03513	314
2025-01-02 01:35:00	1.03513	1.03559	1.03512	1.03557	347
2025-01-02 01:40:00	1.03558	1.03606	1.03557	1.03581	440
2025-01-02 01:45:00	1.03581	1.03591	1.03576	1.03585	422
2025-01-02 01:50:00	1.03584	1.03598	1.03572	1.03581	417
2025-01-02 01:55:00	1.0358	1.03595	1.03574	1.03578	472
2025-01-02 02:00:00	1.03577	1.03606	1.03577	1.03605	334
2025-01-02 02:05:00	1.03606	1.03611	1.03601	1.03605	275
2025-01-02 02:10:00	1.03604	1.03613	1.03593	1.03602	213
2025-01-02 02:15:00	1.03602	1.03611	1.03594	1.03606	195
2025-01-02 02:20:00	1.03606	1.0362	1036	1.03619	344
2025-01-02 02:25:00	1.03619	1.03635	1.03617	1.0363	265
2025-01-02 02:30:00	1.0363	1.03646	1.03629	1.03642	198
2025-01-02 02:35:00	1.03643	1.03654	1.03639	1.03653	144
2025-01-02 02:40:00	1.03656	1.03671	1.03656	1.03668	149
2025-01-02 02:45:00	1.03667	1.03703	1.03662	1.03702	256
2025-01-02 02:50:00	1037	1.03705	1.03692	1.03692	189
2025-01-02 02:55:00	1.03693	1.03712	1.03693	1.03709	230
2025-01-02 03:00:00	1.03711	1.03716	1.03705	1.03713	366
2025-01-02 03:05:00	1.03714	1.03732	1.0371	1.0373	154
2025-01-02 03:10:00	1.03731	1.03731	1.03711	1.03713	215
2025-01-02 03:15:00	1.03717	1.03717	1.03682	1.03694	304
2025-01-02 03:20:00	1.03694	1.03711	1.03692	1.03711	110
2025-01-02 03:25:00	1.03712	1.03713	1.03702	1.03704	126
2025-01-02 03:30:00	1.03707	1.0374	1037	1.03733	221
2025-01-02 03:35:00	1.03735	1.0374	1.03714	1.03716	233
2025-01-02 03:40:00	1.03717	1.03719	1.03709	1.03718	537
2025-01-02 03:45:00	1.03718	1.03725	1.03697	1.03697	367
2025-01-02 03:50:00	1.03698	1.03708	1.03694	1.03707	86
2025-01-02 03:55:00	1.03707	1.03717	1.03701	1.03715	125
2025-01-02 04:00:00	1.03716	1.03736	1.03716	1.03731	186
2025-01-02 04:05:00	1.03732	1.03746	1.03729	1.03744	277
2025-01-02 04:10:00	1.03745	1.03756	1.03741	1.03743	253
2025-01-02 04:15:00	1.03742	1.03751	1.03735	1.03737	294
2025-01-02 04:20:00	1.03739	1.03739	1.03717	1.03726	321
2025-01-02 04:25:00	1.03725	1.03725	1.03709	1.03711	265
2025-01-02 04:30:00	1.03712	1.03716	1.03681	1.03685	580
2025-01-02 04:35:00	1.03686	1.03686	1.03671	1.03671	199
2025-01-02 04:40:00	1.03672	1.03675	1.03664	1.03669	264
2025-01-02 04:45:00	1.03669	1.03689	1.03664	1.03689	216
2025-01-02 04:50:00	1.0369	1.03694	1.03687	1.03693	167
2025-01-02 04:55:00	1.03694	1.03705	1.0369	1.03692	240
2025-01-02 05:00:00	1.03693	1.03706	1.03692	1.03692	326
2025-01-02 05:05:00	1.03692	1.03692	1.03655	1.03656	244
2025-01-02 05:10:00	1.03656	1.03668	1.03656	1.03662	377
2025-01-02 05:15:00	1.03663	1.03666	1.03649	1.03661	254
2025-01-02 05:20:00	1.03662	1.0367	1.03649	1.0365	477
2025-01-02 05:25:00	1.03651	1.03652	1.03635	1.03646	197
2025-01-02 05:30:00	1.03647	1.03653	1.03623	1.03627	305
2025-01-02 05:35:00	1.03626	1.03639	1.03623	1.03628	152
2025-01-02 05:40:00	1.03627	1.03641	1.03618	1.03618	230
2025-01-02 05:45:00	1.03619	1.03632	1.03617	1.03632	113
2025-01-02 05:50:00	1.03632	1.03642	1.03622	1.03642	332
2025-01-02 05:55:00	1.03643	1.03648	1.03638	1.03638	263
2025-01-02 06:00:00	1.03637	1.03637	1.03607	1.03629	503
2025-01-02 06:05:00	1.03628	1.03632	1.03616	1.03619	237
2025-01-02 06:10:00	1.03619	1.03632	1.03615	1.03623	222
2025-01-02 06:15:00	1.03622	1.03633	1.03615	1.03625	279
2025-01-02 06:20:00	1.03623	1.03623	1.03607	1.03615	269
2025-01-02 06:25:00	1.03614	1.03633	1.03603	1.03616	275
2025-01-02 06:30:00	1.03616	1.03638	1.03599	1.03634	423
2025-01-02 06:35:00	1.03634	1.03639	1.03616	1.0362	402
2025-01-02 06:40:00	1.0362	1.03633	1.03616	1.03632	412
2025-01-02 06:45:00	1.03633	1.0365	1.03623	1.03639	352
2025-01-02 06:50:00	1.0364	1.0364	1.03625	1.03635	288
2025-01-02 06:55:00	1.03634	1.03645	1.03622	1.03637	426
2025-01-02 07:00:00	1.03637	1.03675	1.03629	1.0364	656
2025-01-02 07:05:00	1.0364	1.03682	1.03632	1.03673	1201
2025-01-02 07:10:00	1.03672	1.03676	1.03635	1.03675	730
2025-01-02 07:15:00	1.03675	1.0368	1.03659	1.03674	681
2025-01-02 07:20:00	1.03673	1.03682	1.0366	1.03673	437
2025-01-02 07:25:00	1.03672	1.03695	1.0367	1.03686	475
2025-01-02 07:30:00	1.03688	1.03694	1.03677	1.03684	555
2025-01-02 07:35:00	1.03683	1.03693	1.03659	1.03661	664
2025-01-02 07:40:00	1.0366	1.03684	1.03659	1.03681	673
2025-01-02 07:45:00	1.03682	1.03723	1.03677	1.03718	472
2025-01-02 07:50:00	1.03718	1.03722	1.0368	1.03702	568
2025-01-02 07:55:00	1.03701	1.03702	1.03623	1.03627	775
2025-01-02 08:00:00	1.03628	1.03709	1.03616	1.03678	1459
2025-01-02 08:05:00	1.03683	1.03686	1.03595	1.03596	1022
2025-01-02 08:10:00	1.03597	1.03616	1.03578	1.03579	1195
2025-01-02 08:15:00	1.03579	1.03594	1.03533	1.03533	1035
2025-01-02 08:20:00	1.03531	1.03531	1.03501	1.03507	740
2025-01-02 08:25:00	1.03506	1.03538	1.03483	1.03487	680
2025-01-02 08:30:00	1.03487	1.03554	1.03461	1.03553	680
2025-01-02 08:35:00	1.03554	1.03604	1.03551	1.03558	922
2025-01-02 08:40:00	1.03557	1.03594	1.03549	1.03581	812
2025-01-02 08:45:00	1.03587	1036	1.03577	1.03579	779
2025-01-02 08:50:00	1.03578	1.03588	1.03558	1.03576	598
2025-01-02 08:55:00	1.03576	1.03628	1.03552	1.03627	617
2025-01-02 09:00:00	1.03626	1.03666	1.03599	1.03601	1270
2025-01-02 09:05:00	1.03601	1.03605	1.03569	1.03603	525
2025-01-02 09:10:00	1.03601	1.03639	1.03599	1.03629	474
2025-01-02 09:15:00	1.0363	1.03698	1.03627	1.03691	645
2025-01-02 09:20:00	1.03691	1.03701	1.03624	1.03636	1025
2025-01-02 09:25:00	1.03637	1.03656	1.03614	1.0362	681
2025-01-02 09:30:00	1.0362	1.03647	1.03601	1.03611	630
2025-01-02 09:35:00	1.03609	1.03609	1.03578	1.03581	712
2025-01-02 09:40:00	1.0358	1.03585	1.0355	1.03557	639
2025-01-02 09:45:00	1.03556	1.03572	1.03538	1.03568	508
2025-01-02 09:50:00	1.03567	1.0357	1.03537	1.0354	379
2025-01-02 09:55:00	1.03538	1.0354	1.03493	1.03515	816
2025-01-02 10:00:00	1.03514	1.03545	1.03514	1.03533	865
2025-01-02 10:05:00	1.03533	1.03551	1.03519	1.03531	647
2025-01-02 10:10:00	1.0353	1.03544	1.03519	1.03536	571
2025-01-02 10:15:00	1.03536	1.03568	1.0353	1.03566	369
2025-01-02 10:20:00	1.03566	1.03568	1.03533	1.03544	566
2025-01-02 10:25:00	1.03545	1.03546	1.03499	1.03506	530
2025-01-02 10:30:00	1.03506	1.03506	1.03399	1.03424	1183
2025-01-02 10:35:00	1.03423	1.03447	1.03399	1.0341	974
2025-01-02 10:40:00	1.0341	1.03426	1.03398	1.03405	1102
2025-01-02 10:45:00	1.03406	1.03419	1.03135	1.03172	1933
2025-01-02 10:50:00	1.03169	1.03277	1.03153	1.0322	1592
2025-01-02 10:55:00	1.03219	1.03234	1.03151	1.03168	1420
2025-01-02 11:00:00	1.03166	1.03244	1.03157	1.0324	958
2025-01-02 11:05:00	1.0324	1.03284	1.03237	1.03282	777
2025-01-02 11:10:00	1.03282	1.03324	1.03276	1.03309	709
2025-01-02 11:15:00	1.03309	1.0334	1.03289	1.03339	844
2025-01-02 11:20:00	1.03338	1.03339	1.03284	1.03296	981
2025-01-02 11:25:00	1.03295	1.03295	1.03218	1.03218	806
2025-01-02 11:30:00	1.03218	1.03224	1.03186	1.03187	820
2025-01-02 11:35:00	1.03186	1.03223	1.0315	1.03222	786
2025-01-02 11:40:00	1.03223	1.0325	1.03218	1.03238	380
2025-01-02 11:45:00	1.03238	1.03291	1.03236	1.03281	385
2025-01-02 11:50:00	1.0328	1.0328	1.03213	1.03229	561
2025-01-02 11:55:00	1.0323	1.03322	1.03228	1.03321	409
2025-01-02 12:00:00	1.03321	1.03342	1.03315	1.03318	634
2025-01-02 12:05:00	1.03317	1.03318	1.03271	1.03296	566
2025-01-02 12:10:00	1.03295	1.03316	1.03278	1.03297	498
2025-01-02 12:15:00	1.03297	1.03316	1.03281	1.03309	381
2025-01-02 12:20:00	1.0331	1.03314	1.03266	1.03313	613
2025-01-02 12:25:00	1.03315	1.03326	1.03287	1.03293	273
2025-01-02 12:30:00	1.03292	1.03314	1.03267	1.03289	528
2025-01-02 12:35:00	1.03288	1.03305	1.03275	1.03304	769
2025-01-02 12:40:00	1.03304	1.03304	1.03231	1.03246	746
2025-01-02 12:45:00	1.03245	1.03254	1.03201	1.03211	610
2025-01-02 12:50:00	1.03211	1.03275	1.03201	1.0327	364
2025-01-02 12:55:00	1.03269	1.03269	1.03148	1.03182	1481
2025-01-02 13:00:00	1.03181	1.0319	1.03136	1.03181	1051
2025-01-02 13:05:00	1.03182	1.03236	1.03182	1.03207	606
2025-01-02 13:10:00	1.03206	1.03213	1.03157	1.03175	708
2025-01-02 13:15:00	1.03176	1.03187	1.0315	1.03177	658
2025-01-02 13:20:00	1.03176	1.03219	1.03171	1.0318	858
2025-01-02 13:25:00	1.03181	1.03197	1.03127	1.03179	1018
2025-01-02 13:30:00	1.03177	1.03233	1.03112	1.03231	1997
2025-01-02 13:35:00	1.03232	1.03296	1.03232	1.03239	1746
2025-01-02 13:40:00	1.03237	1.03286	1.03207	1.03244	1184
2025-01-02 13:45:00	1.03243	1.03243	1.03173	1.03179	1089
2025-01-02 13:50:00	1.03179	1.03185	1.03119	1.03124	1597
2025-01-02 13:55:00	1.03123	1.03173	1.03116	1.03133	1226
2025-01-02 14:00:00	1.03134	1.03144	1031	1.03111	707
2025-01-02 14:05:00	1.0311	1.03123	1.03067	1031	1766
2025-01-02 14:10:00	1.03099	1.03111	1.03062	1.03106	2156
2025-01-02 14:15:00	1.03107	1.03141	1.03078	1.03122	2363
2025-01-02 14:20:00	1.03122	1.03196	1.03102	1.03193	1461
2025-01-02 14:25:00	1.03193	1032	1.0315	1.03158	981
2025-01-02 14:30:00	1.03159	1.03239	1.03151	1.03153	1393
2025-01-02 14:35:00	1.03152	1.03166	1.03117	1.0312	2689
2025-01-02 14:40:00	1.03119	1.03147	1.03101	1.03117	1607
2025-01-02 14:45:00	1.03116	1.03168	1.03058	1.03058	1864
2025-01-02 14:50:00	1.03057	1.03078	1.03021	1.03041	2502
2025-01-02 14:55:00	1.0304	1.03064	1.03021	1.03038	1903
2025-01-02 15:00:00	1.03037	1.0307	1.0301	1.03056	2178
2025-01-02 15:05:00	1.03055	1.03087	1.03012	1.03012	2394
2025-01-02 15:10:00	1.03012	1.03046	1.03009	1.03038	2040
2025-01-02 15:15:00	1.0304	1.03074	1.03036	1.03068	1482
2025-01-02 15:20:00	1.03067	1.03082	1.03028	1.03053	2299
2025-01-02 15:25:00	1.03053	1.03067	1.02809	1.02855	4749
2025-01-02 15:30:00	1.02855	1.0289	1.02832	1.02838	4459
2025-01-02 15:35:00	1.02838	1.02921	1.02817	1.02921	2748
2025-01-02 15:40:00	1.02921	1.02971	1.02901	1.02918	2413
2025-01-02 15:45:00	1.02917	1.02923	1.02836	1.02837	3606
2025-01-02 15:50:00	1.02836	1.02917	1.02811	1.02835	4164
2025-01-02 15:55:00	1.02836	1.02847	1.02725	1.02741	4479
2025-01-02 16:00:00	1.0274	1.02762	1.02237	1.02397	5605
2025-01-02 16:05:00	1.02397	1.0255	1.02395	1.02525	4479
2025-01-02 16:10:00	1.02526	1026	1.02469	1.02574	3682
2025-01-02 16:15:00	1.02574	1.02624	1.0257	1.02618	2089
2025-01-02 16:20:00	1.02619	1.02621	1.02499	1.02553	2928
2025-01-02 16:25:00	1.02554	1.02577	1.0253	1.02531	1660
2025-01-02 16:30:00	1.02531	1.02535	1.02452	1.02518	2573
2025-01-02 16:35:00	1.02518	1.02552	1.02493	1.02516	2007
2025-01-02 16:40:00	1.02516	1.02525	1.0241	1.02456	2189
2025-01-02 16:45:00	1.02456	1.02479	1.02429	1.02472	1314
2025-01-02 16:50:00	1.02473	1.02566	1.02473	1.02557	1118
2025-01-02 16:55:00	1.02556	1.02642	1.02542	1.02611	992
2025-01-02 17:00:00	1.02611	1.02619	1.02557	1.02617	903
2025-01-02 17:05:00	1.02618	1.02659	1.02594	1.02647	1028
2025-01-02 17:10:00	1.02649	1.02679	1.02631	1.02632	1047
2025-01-02 17:15:00	1.02632	1.02656	1.02592	1.02612	783
2025-01-02 17:20:00	1.02611	1.02651	1.02602	1.0262	810
2025-01-02 17:25:00	1.0262	1.0262	1.02565	1.02569	768
2025-01-02 17:30:00	1.02568	1.02572	1.02513	1.02561	822
2025-01-02 17:35:00	1.02564	1.02613	1.02563	1.02613	569
2025-01-02 17:40:00	1.02613	1.02664	1.02611	1.02635	648
2025-01-02 17:45:00	1.02637	1.02642	1.02591	1.02594	304
2025-01-02 17:50:00	1.02591	1.02648	1.02587	1.02634	489
2025-01-02 17:55:00	1.02634	1.02662	1.02615	1.02648	1125
2025-01-02 18:00:00	1.02651	1.02662	1.02613	1.02639	499
2025-01-02 18:05:00	1.02643	1.02661	1.02625	1.02639	560
2025-01-02 18:10:00	1.02637	1.02645	1.02612	1.02625	627
2025-01-02 18:15:00	1.02625	1.02655	1.02607	1.0264	589
2025-01-02 18:20:00	1.02639	1.02642	1.02601	1.02626	417
2025-01-02 18:25:00	1.02625	1.02631	1.02608	1.02625	318
2025-01-02 18:30:00	1.02625	1.02625	1.02586	1.0259	312
2025-01-02 18:35:00	1.02591	1.02596	1.02567	1.02572	300
2025-01-02 18:40:00	1.02573	1.02611	1.02561	1.0261	321
2025-01-02 18:45:00	1.0261	1.02618	1.02582	1.02587	300
2025-01-02 18:50:00	1.02588	1.02594	1.02562	1.02562	475
2025-01-02 18:55:00	1.02563	1.02583	1.02557	1.02563	324
2025-01-02 19:00:00	1.02563	1.02577	1.0255	1.02572	368
2025-01-02 19:05:00	1.02571	1.02592	1.02554	1.02555	267
2025-01-02 19:10:00	1.02555	1.02555	1.02499	1.0251	388
2025-01-02 19:15:00	1.0251	1.02513	1.02492	1.02509	325
2025-01-02 19:20:00	1.0251	1.02547	1.02503	1.02534	323
2025-01-02 19:25:00	1.02534	1.02578	1.02531	1.02569	322
2025-01-02 19:30:00	1.02568	1.02595	1.02538	1.02546	570
2025-01-02 19:35:00	1.02546	1.02567	1.02538	1.02553	236
2025-01-02 19:40:00	1.02556	1.02564	1.02524	1.02528	192
2025-01-02 19:45:00	1.0253	1.02536	1.02493	1.02503	304
2025-01-02 19:50:00	1.02501	1.02519	1.02483	1.02511	367
2025-01-02 19:55:00	1.0251	1.02512	1.02477	1.0251	729
2025-01-02 20:00:00	1.02511	1.02541	1.02506	1.02537	623
2025-01-02 20:05:00	1.02536	1.02566	1.02524	1.02559	319
2025-01-02 20:10:00	1.02558	1.02559	1.02536	1.02547	448
2025-01-02 20:15:00	1.02546	1.02581	1.02544	1.02579	135
2025-01-02 20:20:00	1.02579	1.02605	1.02568	1.02602	296
2025-01-02 20:25:00	1.02601	1.02631	1.02601	1.02621	330
2025-01-02 20:30:00	1.02621	1.02645	1.02619	1.02619	276
2025-01-02 20:35:00	1.0262	1.0262	1.02597	1.02603	214
2025-01-02 20:40:00	1.02605	1.02623	1.02604	1.02619	114
2025-01-02 20:45:00	1.02619	1.02629	1.02614	1.02625	137
2025-01-02 20:50:00	1.02627	1.0264	1.02627	1.02629	124
2025-01-02 20:55:00	1.02629	1.02636	1.02613	1.02613	229
2025-01-02 21:00:00	1.02613	1.02638	1.02612	1.02635	113
2025-01-02 21:05:00	1.02635	1.02654	1.02633	1.02654	69
2025-01-02 21:10:00	1.02653	1.02655	1.02632	1.02632	84
2025-01-02 21:15:00	1.0263	1.0263	1.02624	1.02626	31
2025-01-02 21:20:00	1.02627	1.02643	1.02627	1.02642	52
2025-01-02 21:25:00	1.02646	1.02656	1.02637	1.0265	155
2025-01-02 21:30:00	1.02648	1.0266	1.0263	1.02653	134
2025-01-02 21:35:00	1.02652	1.02652	1.02642	1.02644	79
2025-01-02 21:40:00	1.02647	1.02677	1.02647	1.02666	142
2025-01-02 21:45:00	1.02666	1.02679	1.02663	1.02674	193
2025-01-02 21:50:00	1.02674	1.02687	1.02652	1.02667	249
2025-01-02 21:55:00	1.02666	1.02676	1.0264	1.0264	355
2025-01-02 22:00:00	1.0264	1.0264	1.02635	1.02635	16
2025-01-02 22:05:00	1.02635	1.02635	1.02612	1.02628	31
2025-01-02 22:10:00	1.02628	1.02628	1.02628	1.02628	42
2025-01-02 22:15:00	1.02628	1.02635	1.02628	1.02628	40
2025-01-02 22:20:00	1.02628	1.02628	1.02628	1.02628	25
2025-01-02 22:25:00	1.02628	1.02663	1.02628	1.02655	72
2025-01-02 22:30:00	1.02655	1.02655	1.02654	1.02654	88
2025-01-02 22:35:00	1.02654	1.02658	1.0265	1.0265	909
2025-01-02 22:40:00	1.0265	1.02661	1.02649	1.02651	573
2025-01-02 22:45:00	1.02653	1.02666	1.02651	1.02665	49
2025-01-02 22:50:00	1.02664	1.02666	1.02657	1.02659	46
2025-01-02 22:55:00	1.02663	1.02663	1.02643	1.02651	133
2025-01-02 23:00:00	1.0265	1.0267	1.02646	1.02661	265
2025-01-02 23:05:00	1.02661	1.02665	1.02653	1.02663	45
2025-01-02 23:10:00	1.02663	1.0267	1.02661	1.02665	129
2025-01-02 23:15:00	1.02665	1.02672	1.02663	1.02665	132
2025-01-02 23:20:00	1.02664	1.02669	1.02648	1.02649	116
2025-01-02 23:25:00	1.02651	1.02662	1.02649	1.02662	175
2025-01-02 23:30:00	1.02662	1.02664	1.02652	1.02653	113
2025-01-02 23:35:00	1.02652	1.02653	1.02649	1.0265	61
2025-01-02 23:40:00	1.0265	1.02661	1.02649	1.02657	120
2025-01-02 23:45:00	1.02657	1.02661	1.02652	1.02661	206
2025-01-02 23:50:00	1.02662	1.0268	1.02661	1.0268	80
2025-01-02 23:55:00	1.02679	1.02679	1.02672	1.02678	43
2025-01-03 00:00:00	1.02679	1.02692	1.02672	1.02677	180
2025-01-03 00:05:00	1.02679	1.02687	1.02672	1.02678	163
2025-01-03 00:10:00	1.02678	1.02678	1.02663	1.02664	216
2025-01-03 00:15:00	1.02663	1.02677	1.02659	1.02672	214
2025-01-03 00:20:00	1.02672	1.02673	1.02664	1.02673	105
2025-01-03 00:25:00	1.02671	1.02682	1.02667	1.02675	148
2025-01-03 00:30:00	1.02676	1.02691	1.02676	1.02684	166
2025-01-03 00:35:00	1.02685	1.02691	1.02673	1.02683	128
2025-01-03 00:40:00	1.02684	1.02691	1.02679	1.02691	141
2025-01-03 00:45:00	1.02692	1.02716	1.0269	1.02716	69
2025-01-03 00:50:00	1.02717	1.02722	1.02711	1.02713	84
2025-01-03 00:55:00	1.02713	1.02734	1.02711	1.02729	219
2025-01-03 01:00:00	1.02728	1.02728	1.02701	1.02703	264
2025-01-03 01:05:00	1.02703	1.02724	1.02702	1.02715	136
2025-01-03 01:10:00	1.02715	1.02715	1.02689	1.02693	183
2025-01-03 01:15:00	1.02695	1.02709	1.02695	1.02707	138
2025-01-03 01:20:00	1.02706	1.02717	1.02677	1.02678	215
2025-01-03 01:25:00	1.02679	1.02684	1.02671	1.02683	104
2025-01-03 01:30:00	1.02684	1.02694	1.02673	1.02692	147
2025-01-03 01:35:00	1.02693	1.02701	1.02677	1.02689	287
2025-01-03 01:40:00	1.02689	1.0269	1.02676	1.0268	153
2025-01-03 01:45:00	1.0268	1.02691	1.02676	1.02689	141
2025-01-03 01:50:00	1.02686	1.02686	1.02669	1.02679	113
2025-01-03 01:55:00	1.02678	1.02681	1.02665	1.02674	295
2025-01-03 02:00:00	1.02674	1.02716	1.02668	1.02716	215
2025-01-03 02:05:00	1.02715	1.02717	1.02689	1.0269	188
2025-01-03 02:10:00	1.0269	1.02704	1.0269	1.02696	309
2025-01-03 02:15:00	1.02695	1.02709	1.02684	1.02688	252
2025-01-03 02:20:00	1.02688	1.02692	1.02676	1.02689	280
2025-01-03 02:25:00	1.0269	1.02713	1.02689	1.02713	158
2025-01-03 02:30:00	1.02716	1.02723	1.0271	1.02712	172
2025-01-03 02:35:00	1.02711	1.02717	1.02703	1.02713	137
2025-01-03 02:40:00	1.02713	1.02718	1.02712	1.02717	71
2025-01-03 02:45:00	1.02717	1.02742	1.02712	1.02742	264
2025-01-03 02:50:00	1.02742	1.02745	1.02738	1.02741	151
2025-01-03 02:55:00	1.0274	1.0274	1.0272	1.02722	153
2025-01-03 03:00:00	1.02723	1.02727	1.02715	1.02722	90
2025-01-03 03:05:00	1.02723	1.02727	1.02719	1.02721	72
2025-01-03 03:10:00	1.02722	1.02725	1.02716	1.02719	151
2025-01-03 03:15:00	1.02718	1.02724	1.02705	1.02718	164
2025-01-03 03:20:00	1.02718	1.02724	1.02707	1.02724	164
2025-01-03 03:25:00	1.02723	1.02743	1.02719	1.02735	296
2025-01-03 03:30:00	1.02738	1.02739	1.0271	1.02711	131
2025-01-03 03:35:00	1.02711	1.02717	1.02706	1.02717	115
2025-01-03 03:40:00	1.02718	1.02719	1.02711	1.02716	80
2025-01-03 03:45:00	1.02716	1.02716	1.02699	1.02703	154
2025-01-03 03:50:00	1.02702	1.02708	1.02696	1.02705	115
2025-01-03 03:55:00	1.02706	1.02712	1.02687	1.02707	188
2025-01-03 04:00:00	1.02706	1.02709	1.02698	1.02702	100
2025-01-03 04:05:00	1.02702	1.02702	1.02675	1.02685	133
2025-01-03 04:10:00	1.02688	1.02694	1.02679	1.02693	78
2025-01-03 04:15:00	1.02694	1.02697	1.02685	1.02696	124
2025-01-03 04:20:00	1.02696	1.02696	1.02673	1.02674	129
2025-01-03 04:25:00	1.02675	1.02688	1.0267	1.02688	184
2025-01-03 04:30:00	1.02689	1.02695	1.02681	1.02695	88
2025-01-03 04:35:00	1.02694	1.02697	1.02683	1.02691	97
2025-01-03 04:40:00	1.02691	1.02691	1.02675	1.02676	127
2025-01-03 04:45:00	1.02678	1.02689	1.02673	1.02685	167
2025-01-03 04:50:00	1.02684	1.0269	1.02684	1.02686	104
2025-01-03 04:55:00	1.02687	1.02697	1.02682	1.02695	167
2025-01-03 05:00:00	1.02696	1.02697	1.02687	1.0269	245
2025-01-03 05:05:00	1.02689	1.02697	1.02673	1.02676	168
2025-01-03 05:10:00	1.02675	1.02677	1.02661	1.02662	139
2025-01-03 05:15:00	1.02662	1.02662	1.0265	1.02651	99
2025-01-03 05:20:00	1.02651	1027	1.02646	1.02698	128
2025-01-03 05:25:00	1.02699	1.02719	1.02696	1.02716	86
2025-01-03 05:30:00	1.02718	1.02733	1.02718	1.02732	131
2025-01-03 05:35:00	1.02732	1.02736	1.02722	1.02734	106
2025-01-03 05:40:00	1.02734	1.02734	1.02712	1.02721	178
2025-01-03 05:45:00	1.02718	1.02724	1.02709	1.0272	185
2025-01-03 05:50:00	1.02723	1.02723	1.02697	1.02702	217
2025-01-03 05:55:00	1.02701	1.0272	1.02701	1.02717	167
2025-01-03 06:00:00	1.02717	1.02728	1.02717	1.0272	178
2025-01-03 06:05:00	1.02718	1.02735	1.02715	1.02735	150
2025-01-03 06:10:00	1.02734	1.02746	1.02734	1.02742	116
2025-01-03 06:15:00	1.02743	1.02746	1.02734	1.02746	161
2025-01-03 06:20:00	1.02745	1.02746	1.02735	1.02741	91
2025-01-03 06:25:00	1.02742	1.02743	1.02737	1.02737	79
2025-01-03 06:30:00	1.02732	1.02736	1.02726	1.02729	128
2025-01-03 06:35:00	1.02729	1.02738	1.02722	1.02735	139
2025-01-03 06:40:00	1.02736	1.02744	1.02724	1.0274	151
2025-01-03 06:45:00	1.02741	1.02749	1.02736	1.02749	112
2025-01-03 06:50:00	1.0275	1.02781	1.02744	1.02781	217
2025-01-03 06:55:00	1.02782	1.02793	1.02775	1.0279	210
2025-01-03 07:00:00	1.0279	1.02826	1.02774	1.02816	533
2025-01-03 07:05:00	1.02815	1.02815	1.02764	1.02768	439
2025-01-03 07:10:00	1.02767	1.02804	1.0276	1.02802	333
2025-01-03 07:15:00	1.02802	1.02816	1.02715	1.02762	1199
2025-01-03 07:20:00	1.02761	1.02769	1.02687	1.02769	1402
2025-01-03 07:25:00	1.02769	1.02806	1.02767	1.02782	619
2025-01-03 07:30:00	1.02781	1.02826	1.02779	1.02823	527
2025-01-03 07:35:00	1.02823	1.02847	1.02806	1.02808	452
2025-01-03 07:40:00	1.02808	1.02829	1.02803	1.02828	474
2025-01-03 07:45:00	1.02829	1.02839	1.02814	1.02829	427
2025-01-03 07:50:00	1.02828	1.02836	1.02806	1.02827	441
2025-01-03 07:55:00	1.02827	1.02827	1.02806	1.02807	629
2025-01-03 08:00:00	1.02806	1.0288	1.02806	1.02859	833
2025-01-03 08:05:00	1.02858	1.02858	1.02808	1.02813	814
2025-01-03 08:10:00	1.02812	1.02848	1.02781	1.02844	606
2025-01-03 08:15:00	1.02844	1.02856	1.02819	1.02841	521
2025-01-03 08:20:00	1.02842	1.02875	1.02829	1.02873	670
2025-01-03 08:25:00	1.02874	1.02879	1.02808	1.02809	646
2025-01-03 08:30:00	1.02808	1.02809	1.02779	1.02785	756
2025-01-03 08:35:00	1.02783	1.02793	1.02741	1.02753	733
2025-01-03 08:40:00	1.02753	1.02777	1.02729	1.02775	852
2025-01-03 08:45:00	1.02774	1.02809	1.02767	1.02794	838
2025-01-03 08:50:00	1.02795	1.02832	1.02794	1.0283	463
2025-01-03 08:55:00	1.02832	1.02859	1.02803	1.02803	821
2025-01-03 09:00:00	1.02803	1.0285	1.02802	1.02848	935
2025-01-03 09:05:00	1.02849	1.02875	1.02837	1.02873	812
2025-01-03 09:10:00	1.02875	1.02946	1.02874	1.02933	2024
2025-01-03 09:15:00	1.02934	1.02947	1.02918	1.02942	1679
2025-01-03 09:20:00	1.02943	1.02988	1.02943	1.02981	1525
2025-01-03 09:25:00	1.02982	1.02991	1.02947	1.02962	1265
2025-01-03 09:30:00	1.02962	1.02999	1.0296	1.02967	959
2025-01-03 09:35:00	1.02968	1.02969	1.02912	1.02932	1078
2025-01-03 09:40:00	1.02932	1.02932	1.02896	1.02896	1170
2025-01-03 09:45:00	1.02896	1.02913	1.02879	1.02887	1086
2025-01-03 09:50:00	1.02886	1.02909	1.02875	1.02892	732
2025-01-03 09:55:00	1.02891	1.02905	1.02881	1.02901	819
2025-01-03 10:00:00	1.02901	1.02938	1.02901	1.02913	631
2025-01-03 10:05:00	1.02914	1.02917	1.02873	1.02874	627
2025-01-03 10:10:00	1.02875	1.02875	1.02837	1.02853	1062
2025-01-03 10:15:00	1.02853	1.0286	1.02809	1.02833	997
2025-01-03 10:20:00	1.02832	1.0285	1.02807	1.02808	974
2025-01-03 10:25:00	1.02809	1.02838	1028	1.02837	755
2025-01-03 10:30:00	1.02837	1.02855	1.02825	1.02855	1062
2025-01-03 10:35:00	1.02854	1.02859	1.02835	1.02843	694
2025-01-03 10:40:00	1.02841	1.02853	1.0282	1.02837	760
2025-01-03 10:45:00	1.02836	1.02848	1.02823	1.0284	648
2025-01-03 10:50:00	1.02838	1.02839	1.02801	1.02819	680
2025-01-03 10:55:00	1.0282	1.02837	1.02791	1.02813	848
2025-01-03 11:00:00	1.02813	1.02844	1.02813	1.02822	948
2025-01-03 11:05:00	1.02822	1.02876	1.02821	1.02873	850
2025-01-03 11:10:00	1.02872	1.02893	1.02872	1.02892	664
2025-01-03 11:15:00	1.02891	1.02923	1.02884	1.02918	284
2025-01-03 11:20:00	1.02918	1.02969	1.02914	1.02966	337
2025-01-03 11:25:00	1.02965	1.0299	1.02965	1.0298	248
2025-01-03 11:30:00	1.0298	1.0298	1.02919	1.0294	544
2025-01-03 11:35:00	1.02941	1.02969	1.02935	1.02966	411
2025-01-03 11:40:00	1.02966	1.02999	1.02958	1.02997	328
2025-01-03 11:45:00	1.02997	1.03027	1.02986	1.03027	368
2025-01-03 11:50:00	1.03027	1.03028	1.03003	1.03019	333
2025-01-03 11:55:00	1.03019	1.03025	1.02972	1.02972	592
2025-01-03 12:00:00	1.02971	1.02989	1.02947	1.02971	963
2025-01-03 12:05:00	1.02972	1.03009	1.02971	1.02981	545
2025-01-03 12:10:00	1.02982	1.02982	1.02946	1.02967	855
2025-01-03 12:15:00	1.02966	1.0297	1.02949	1.02949	634
2025-01-03 12:20:00	1.0295	1.02966	1.02944	1.02955	620
2025-01-03 12:25:00	1.02956	1.02966	1.02942	1.02961	460
2025-01-03 12:30:00	1.0296	1.02982	1.02957	1.02982	414
2025-01-03 12:35:00	1.02984	1.03006	1.02983	1.03002	462
2025-01-03 12:40:00	1.03001	1.03007	1.02963	1.02976	546
2025-01-03 12:45:00	1.02977	1.03003	1.02974	1.02997	482
2025-01-03 12:50:00	1.02998	1.03007	1.02959	1.02971	456
2025-01-03 12:55:00	1.02972	1.02975	1.02952	1.02956	648
2025-01-03 13:00:00	1.02958	1.0299	1.02956	1.02974	511
2025-01-03 13:05:00	1.02975	1.02986	1.02958	1.02985	453
2025-01-03 13:10:00	1.02984	1.03001	1.02953	1.02976	498
2025-01-03 13:15:00	1.02979	1.02981	1.02944	1.02951	501
2025-01-03 13:20:00	1.02951	1.02953	1.02916	1.0294	882
2025-01-03 13:25:00	1.0294	1.02956	1.02917	1.02938	779
2025-01-03 13:30:00	1.02939	1.02983	1.02932	1.02977	552
2025-01-03 13:35:00	1.02978	1.02982	1.02937	1.02961	620
2025-01-03 13:40:00	1.02962	1.03	1.02958	1.02994	782
2025-01-03 13:45:00	1.02995	1.02998	1.02965	1.02971	893
2025-01-03 13:50:00	1.02973	1.02977	1.0292	1.02935	814
2025-01-03 13:55:00	1.02936	1.0296	1.02915	1.02931	1461
2025-01-03 14:00:00	1.02931	1.02931	1.0289	1.02898	828
2025-01-03 14:05:00	1.02897	1.02916	1.0288	1.02893	768
2025-01-03 14:10:00	1.02892	1.02923	1.02886	1.02898	673
2025-01-03 14:15:00	1029	1.02929	1.02898	1.02928	690
2025-01-03 14:20:00	1.02928	1.02942	1.02915	1.02941	692
2025-01-03 14:25:00	1.02941	1.02947	1.02908	1.0291	629
2025-01-03 14:30:00	1.02911	1.02943	1.02892	1.02923	871
2025-01-03 14:35:00	1.02922	1.02937	1029	1.02934	749
2025-01-03 14:40:00	1.02934	1.02983	1.02933	1.02967	897
2025-01-03 14:45:00	1.02965	1.02981	1.02954	1.02978	853
2025-01-03 14:50:00	1.02977	1.0299	1.02968	1.02985	741
2025-01-03 14:55:00	1.02986	1.03023	1.02973	1.03002	655
2025-01-03 15:00:00	1.03001	1.03017	1.02921	1.02999	2251
2025-01-03 15:05:00	1.03001	1.03057	1.02976	1.02987	2071
2025-01-03 15:10:00	1.02991	1.03026	1.02889	1.0289	1740
2025-01-03 15:15:00	1.02891	1.0291	1.02858	1.02861	1991
2025-01-03 15:20:00	1.02861	1.02863	1.02796	1.02821	1497
2025-01-03 15:25:00	1.02822	1.02849	1.02734	1.0275	1324
2025-01-03 15:30:00	1.02751	1.02828	1.02729	1.02824	1289
2025-01-03 15:35:00	1.02823	1.02848	1.02804	1.02845	820
2025-01-03 15:40:00	1.02847	1.02848	1.02812	1.02833	667
2025-01-03 15:45:00	1.02833	1.02867	1.02808	1.02867	660
2025-01-03 15:50:00	1.02868	1.02879	1.0284	1.02859	1078
2025-01-03 15:55:00	1.0286	1.02891	1.0285	1.02891	893
2025-01-03 16:00:00	1.02891	1.02935	1.0288	1.02922	868
2025-01-03 16:05:00	1.02923	1.02943	1.02897	1.02899	696
2025-01-03 16:10:00	1.02901	1.02909	1.0286	1.02893	565
2025-01-03 16:15:00	1.02894	1.02939	1.02894	1.02929	852
2025-01-03 16:20:00	1.02928	1.02931	1.02898	1.02925	453
2025-01-03 16:25:00	1.02924	1.02959	1.02913	1.02956	346
2025-01-03 16:30:00	1.02957	1.02997	1.02954	1.02991	524
2025-01-03 16:35:00	1.0299	1.0299	1.02918	1.02921	591
2025-01-03 16:40:00	1.0292	1.02922	1.02866	1.02897	717
2025-01-03 16:45:00	1.02896	1.02908	1.02868	1.02869	478
2025-01-03 16:50:00	1.0287	1.02887	1.02835	1.02853	487
2025-01-03 16:55:00	1.02853	1.02907	1.02853	1.02907	406
2025-01-03 17:00:00	1.02908	1.02963	1.02908	1.02963	658
2025-01-03 17:05:00	1.02962	1.03033	1.02962	1.03032	535
2025-01-03 17:10:00	1.03031	1.03031	1.03006	1.03025	521
2025-01-03 17:15:00	1.03025	1.03045	1.03014	1.03014	334
2025-01-03 17:20:00	1.03013	1.03025	1.02989	1.03021	579
2025-01-03 17:25:00	1.03023	1.03038	1.03004	1.03022	472
2025-01-03 17:30:00	1.03023	1.03057	1.03023	1.03038	419
2025-01-03 17:35:00	1.03036	1.03036	1.02984	1.03014	488
2025-01-03 17:40:00	1.03014	1.03042	1.02998	1.02998	336
2025-01-03 17:45:00	1.02997	1.03024	1.02994	1.03012	414
2025-01-03 17:50:00	1.03011	1.03028	1.02976	1.02997	1163
2025-01-03 17:55:00	1.02997	1.02997	1.02972	1.02979	1088
2025-01-03 18:00:00	1.02979	1.02986	1.02924	1.02938	1426
2025-01-03 18:05:00	1.02939	1.02955	1.02934	1.02952	932
2025-01-03 18:10:00	1.02952	1.02982	1.0294	1.02981	673
2025-01-03 18:15:00	1.02981	1.02984	1.02962	1.02971	789
2025-01-03 18:20:00	1.0297	1.02991	1.0297	1.02989	503
2025-01-03 18:25:00	1.0299	1.03013	1.0299	1.03012	456
2025-01-03 18:30:00	1.0301	1.03021	1.0298	1.03007	667
2025-01-03 18:35:00	1.03008	1.03009	1.03	1.03003	493
2025-01-03 18:40:00	1.03002	1.03019	1.02975	1.0298	537
2025-01-03 18:45:00	1.02982	1.02992	1.02962	1.02963	132
2025-01-03 18:50:00	1.02964	1.02969	1.02937	1.02944	304
2025-01-03 18:55:00	1.02944	1.02976	1.02943	1.02973	143
2025-01-03 19:00:00	1.02971	1.02971	1.02937	1.0294	218
2025-01-03 19:05:00	1.02939	1.02967	1.02937	1.02967	252
2025-01-03 19:10:00	1.02969	1.02984	1.0296	1.02979	194
2025-01-03 19:15:00	1.02979	1.03019	1.02975	1.03015	234
2025-01-03 19:20:00	1.03014	1.03021	1.03007	1.03014	148
2025-01-03 19:25:00	1.03015	1.03045	1.03014	1.03037	375
2025-01-03 19:30:00	1.03037	1.03041	1.03027	1.03034	267
2025-01-03 19:35:00	1.03035	1.03059	1.03035	1.03054	113
2025-01-03 19:40:00	1.03053	1.03055	1.03035	1.03055	115
2025-01-03 19:45:00	1.03054	1.03055	1.03033	1.03035	210
2025-01-03 19:50:00	1.03035	1.03036	1.02995	1.03001	238
2025-01-03 19:55:00	1.03	1.03025	1.02985	1.03012	354
2025-01-03 20:00:00	1.03011	1.03019	1.02987	1.03009	402
2025-01-03 20:05:00	1.0301	1.03046	1.03005	1.03034	259
2025-01-03 20:10:00	1.03037	1.03065	1.03031	1.03065	286
2025-01-03 20:15:00	1.03065	1.03075	1.03057	1.0306	323
2025-01-03 20:20:00	1.0306	1.03063	1.03046	1.03046	190
2025-01-03 20:25:00	1.03046	1.0305	1.03023	1.03029	153
2025-01-03 20:30:00	1.03028	1.03036	1.0302	1.03035	198
2025-01-03 20:35:00	1.03037	1.03037	1.0301	1.03023	189
2025-01-03 20:40:00	1.03022	1.03023	1.03009	1.03017	209
2025-01-03 20:45:00	1.03018	1.03026	1.03013	1.03019	250
2025-01-03 20:50:00	1.03018	1.03057	1.03018	1.03054	189
2025-01-03 20:55:00	1.03054	1.03071	1.03049	1.03059	229
2025-01-03 21:00:00	1.03058	1.03082	1.03047	1.03078	317
2025-01-03 21:05:00	1.03077	1.03099	1.03077	1.03098	162
2025-01-03 21:10:00	1.03096	1.03096	1.03071	1.03071	146
2025-01-03 21:15:00	1.0307	1.03071	1.03065	1.03067	151
2025-01-03 21:20:00	1.03068	1.03078	1.03065	1.03071	232
2025-01-03 21:25:00	1.03071	1.03079	1.03067	1.03076	126
2025-01-03 21:30:00	1.03076	1.03078	1.03069	1.03072	65
2025-01-03 21:35:00	1.03071	1.03071	1.03058	1.0306	67
2025-01-03 21:40:00	1.03059	1.03072	1.03058	1.0307	37
2025-01-03 21:45:00	1.0307	1.03079	1.03066	1.03076	331
2025-01-03 21:50:00	1.03077	1.03081	1.03073	1.03078	341
2025-01-03 21:55:00	1.03077	1.03091	1.03066	1.03066	198
2025-01-05 22:00:00	1.03015	1.03033	1.03015	1.03026	30
2025-01-05 22:05:00	1.03027	1.03031	1.03026	1.03031	29
2025-01-05 22:10:00	1.03031	1.03033	1.03031	1.03033	22
2025-01-05 22:15:00	1.03033	1.03042	1.03033	1.03039	46
2025-01-05 22:20:00	1.03039	1.03046	1.03039	1.03046	23
2025-01-05 22:25:00	1.03046	1.03051	1.03046	1.03047	24
2025-01-05 22:30:00	1.03047	1.03055	1.03041	1.03051	30
2025-01-05 22:35:00	1.03054	1.0306	1.0305	1.03054	77
2025-01-05 22:40:00	1.03056	1.03058	1.03051	1.03058	62
2025-01-05 22:45:00	1.03058	1.03062	1.03051	1.03062	184
2025-01-05 22:50:00	1.03061	1.03062	1.03006	1.03013	143
2025-01-05 22:55:00	1.03012	1.03014	1.02932	1.03009	272
2025-01-05 23:00:00	1.03009	1.03062	1.03009	1.0304	281
2025-01-05 23:05:00	1.0304	1.03046	1.03027	1.03039	126
2025-01-05 23:10:00	1.03039	1.03054	1.03027	1.03052	96
2025-01-05 23:15:00	1.03054	1.03065	1.03047	1.0306	40
2025-01-05 23:20:00	1.03059	1.0306	1.03047	1.03055	68
2025-01-05 23:25:00	1.03054	1.03058	1.03053	1.03054	57
2025-01-05 23:30:00	1.03053	1.03066	1.03042	1.03045	182
2025-01-05 23:35:00	1.03044	1.03051	1.03035	1.03051	77
2025-01-05 23:40:00	1.03051	1.03072	1.03051	1.03071	54
2025-01-05 23:45:00	1.0307	1.0308	1.03066	1.03077	48
2025-01-05 23:50:00	1.03077	1.03077	1.03044	1.03047	127
2025-01-05 23:55:00	1.03047	1.03053	1.0304	1.03051	158
2025-01-06 00:00:00	1.03051	1.03053	1.03014	1.03022	411
2025-01-06 00:05:00	1.03022	1.03023	1.02976	1.02987	321
2025-01-06 00:10:00	1.0299	1.02993	1.02957	1.02965	414
2025-01-06 00:15:00	1.02965	1.03001	1.02963	1.02986	276
2025-01-06 00:20:00	1.02986	1.02986	1.02962	1.02978	132
2025-01-06 00:25:00	1.02978	1.02982	1.02968	1.02972	250
2025-01-06 00:30:00	1.02973	1.02975	1.02956	1.02966	346
2025-01-06 00:35:00	1.02964	1.0297	1.02957	1.02957	122
2025-01-06 00:40:00	1.02957	1.02977	1.02955	1.02969	166
2025-01-06 00:45:00	1.02969	1.02979	1.02968	1.02977	194
2025-01-06 00:50:00	1.02978	1.03011	1.02977	1.03008	264
2025-01-06 00:55:00	1.03009	1.03046	1.03006	1.03031	194
2025-01-06 01:00:00	1.03031	1.0304	1.03012	1.03024	258
2025-01-06 01:05:00	1.03025	1.03041	1.03016	1.03031	209
2025-01-06 01:10:00	1.03031	1.03068	1.0303	1.03063	254
2025-01-06 01:15:00	1.03066	1.03112	1.03063	1.03104	403
2025-01-06 01:20:00	1.03101	1.03107	1.03069	1.03069	376
2025-01-06 01:25:00	1.03069	1.03073	1.03054	1.0307	228
2025-01-06 01:30:00	1.03069	1.03084	1.03063	1.03075	213
2025-01-06 01:35:00	1.03074	1.03088	1.03052	1.03082	306
2025-01-06 01:40:00	1.03081	1.03093	1.03072	1.03087	183
2025-01-06 01:45:00	1.03089	1.03104	1.03087	1.03088	177
2025-01-06 01:50:00	1.03087	1.03103	1.03079	1.03093	277
2025-01-06 01:55:00	1.03093	1.03136	1.03093	1.03123	330
2025-01-06 02:00:00	1.03123	1.03132	1.03107	1.03114	326
2025-01-06 02:05:00	1.03116	1.03158	1.03116	1.03153	218
2025-01-06 02:10:00	1.03152	1.03176	1.03152	1.03168	288
2025-01-06 02:15:00	1.03168	1.03173	1.0315	1.03163	307
2025-01-06 02:20:00	1.03163	1.03164	1.0313	1.03135	299
2025-01-06 02:25:00	1.03135	1.03142	1.0312	1.03133	249
2025-01-06 02:30:00	1.03133	1.03134	1.0312	1.03124	136
2025-01-06 02:35:00	1.03123	1.03137	1.03117	1.03134	195
2025-01-06 02:40:00	1.03133	1.03159	1.03131	1.03146	217
2025-01-06 02:45:00	1.03146	1.03161	1.03145	1.0316	157
2025-01-06 02:50:00	1.03159	1.0317	1.03155	1.03161	226
2025-01-06 02:55:00	1.03162	1.03177	1.03159	1.0316	289
2025-01-06 03:00:00	1.0316	1.03181	1.03155	1.03174	260
2025-01-06 03:05:00	1.03174	1.03176	1.03145	1.03154	210
2025-01-06 03:10:00	1.03154	1.03168	1.03153	1.03162	152
2025-01-06 03:15:00	1.03163	1.03174	1.03147	1.03149	179
2025-01-06 03:20:00	1.0315	1.0316	1.03148	1.0316	169
2025-01-06 03:25:00	1.03159	1.03164	1.03149	1.03154	101
2025-01-06 03:30:00	1.03153	1.03154	1.0313	1.03134	155
2025-01-06 03:35:00	1.03134	1.03163	1.03134	1.0316	179
2025-01-06 03:40:00	1.03159	1.03159	1.0314	1.03147	126
2025-01-06 03:45:00	1.03147	1.03164	1.03142	1.03162	139
2025-01-06 03:50:00	1.03162	1.03182	1.03158	1.03177	138
2025-01-06 03:55:00	1.03176	1.03177	1.03155	1.03163	147
2025-01-06 04:00:00	1.03162	1.03175	1.03151	1.03153	185
2025-01-06 04:05:00	1.03152	1.03153	1.03141	1.03145	125
2025-01-06 04:10:00	1.03144	1.03148	1.03139	1.03139	245
2025-01-06 04:15:00	1.0314	1.03141	1.03131	1.03134	184
2025-01-06 04:20:00	1.03134	1.03144	1.03128	1.03142	127
2025-01-06 04:25:00	1.03143	1.03156	1.03142	1.03154	80
2025-01-06 04:30:00	1.03154	1.03169	1.03153	1.03165	89
2025-01-06 04:35:00	1.03165	1.0317	1.03165	1.0317	81
2025-01-06 04:40:00	1.0317	1.0317	1.03158	1.03162	45
2025-01-06 04:45:00	1.03163	1.03164	1.03151	1.03164	84
2025-01-06 04:50:00	1.03162	1.03164	1.03149	1.03163	148
2025-01-06 04:55:00	1.03163	1.0317	1.03148	1.03151	158
2025-01-06 05:00:00	1.03151	1.03156	1.03135	1.03142	232
2025-01-06 05:05:00	1.03143	1.03155	1.03138	1.03143	143
2025-01-06 05:10:00	1.03142	1.0315	1.03134	1.03142	152
2025-01-06 05:15:00	1.03141	1.03144	1.03128	1.03132	171
2025-01-06 05:20:00	1.03133	1.03166	1.03123	1.03166	154
2025-01-06 05:25:00	1.03166	1.03175	1.03162	1.03162	127
2025-01-06 05:30:00	1.03161	1.03181	1.0316	1.03181	299
2025-01-06 05:35:00	1.0318	1.0318	1.03152	1.03153	301
2025-01-06 05:40:00	1.03151	1.03151	1.03125	1.03125	195
2025-01-06 05:45:00	1.03124	1.03145	1.03123	1.03136	127
2025-01-06 05:50:00	1.03134	1.03134	1.03114	1.03121	218
2025-01-06 05:55:00	1.03119	1.03119	1.03084	1.03088	861
2025-01-06 06:00:00	1.03087	1.0311	1.03084	1.03108	344
2025-01-06 06:05:00	1.03109	1.03123	1.03078	1.03099	390
2025-01-06 06:10:00	1.03099	1.03117	1.03092	1.03115	244
2025-01-06 06:15:00	1.03115	1.03117	1.03102	1.0311	238
2025-01-06 06:20:00	1.03109	1.0311	1.03077	1.03081	174
2025-01-06 06:25:00	1.0308	1.0309	1.03076	1.03089	284
2025-01-06 06:30:00	1.0309	1.0313	1.0309	1.03124	215
2025-01-06 06:35:00	1.03124	1.0314	1.03123	1.03132	146
2025-01-06 06:40:00	1.03133	1.03155	1.0313	1.03155	264
2025-01-06 06:45:00	1.03156	1.03165	1.03123	1.03123	235
2025-01-06 06:50:00	1.03122	1.03122	1.03109	1.0311	380
2025-01-06 06:55:00	1.03109	1.03141	1.03108	1.03125	564
2025-01-06 07:00:00	1.03127	1.03159	1.03119	1.03125	379
2025-01-06 07:05:00	1.03124	1.0314	1.03099	1.03126	309
2025-01-06 07:10:00	1.03129	1.03153	1.03129	1.03141	259
2025-01-06 07:15:00	1.03141	1.03145	1.0312	1.03145	311
2025-01-06 07:20:00	1.03146	1.03176	1.03139	1.03169	373
2025-01-06 07:25:00	1.0317	1.03198	1.03168	1.03191	278
2025-01-06 07:30:00	1.03192	1.0327	1.03183	1.03247	431
2025-01-06 07:35:00	1.03247	1.03258	1.03223	1.03224	474
2025-01-06 07:40:00	1.03226	1.03236	1.03208	1.03226	910
2025-01-06 07:45:00	1.03225	1.03248	1.03223	1.03227	512
2025-01-06 07:50:00	1.03228	1.03264	1.03214	1.03262	364
2025-01-06 07:55:00	1.03263	1.03284	1.03235	1.03272	620
2025-01-06 08:00:00	1.03274	1.03344	1.03267	1.03338	802
2025-01-06 08:05:00	1.0334	1.0334	1.03278	1.03321	960
2025-01-06 08:10:00	1.03321	1.03372	1.03311	1.0337	1070
2025-01-06 08:15:00	1.03371	1.03421	1.0337	1.03401	886
2025-01-06 08:20:00	1034	1.03413	1.03333	1.03352	878
2025-01-06 08:25:00	1.03352	1.03403	1.03331	1.03402	815
2025-01-06 08:30:00	1.03403	1.03435	1.03367	1.03371	851
2025-01-06 08:35:00	1.0337	1.03386	1.0335	1.03372	856
2025-01-06 08:40:00	1.03373	1.03403	1.0335	1.0335	630
2025-01-06 08:45:00	1.03349	1.0337	1.03326	1.0337	962
2025-01-06 08:50:00	1.0337	1.03441	1.0337	1.03424	876
2025-01-06 08:55:00	1.03423	1.03525	1.03423	1035	1001
2025-01-06 09:00:00	1.03499	1.03581	1.03401	1.03502	2110
2025-01-06 09:05:00	1.03504	1.03644	1.03497	1.03641	2075
2025-01-06 09:10:00	1.03641	1.03688	1.03567	1.03569	1420
2025-01-06 09:15:00	1.0357	1.03637	1.03546	1.03614	968
2025-01-06 09:20:00	1.03612	1.03647	1.03596	1.0364	944
2025-01-06 09:25:00	1.0364	1.03669	1.03582	1.03582	742
2025-01-06 09:30:00	1.03583	1.03592	1.03549	1.03551	725
2025-01-06 09:35:00	1.0355	1.03565	1.03508	1.0353	838
2025-01-06 09:40:00	1.03527	1.0354	1.03497	1.03519	695
2025-01-06 09:45:00	1.03519	1.03548	1.03508	1.03514	686
2025-01-06 09:50:00	1.03516	1.03549	1.03507	1.03548	667
2025-01-06 09:55:00	1.03552	1.03561	1.03519	1.03554	684
2025-01-06 10:00:00	1.03556	1.0358	1.03521	1.03549	720
2025-01-06 10:05:00	1.03548	1.03548	1.03477	1.03485	589
2025-01-06 10:10:00	1.03485	1.03485	1.03453	1.03454	700
2025-01-06 10:15:00	1.03453	1.0349	1.03446	1.03455	610
2025-01-06 10:20:00	1.03455	1.03463	1.03423	1.03435	433
2025-01-06 10:25:00	1.03436	1.03475	1.03425	1.03451	522
2025-01-06 10:30:00	1.0345	1.03474	1.03446	1.03452	366
2025-01-06 10:35:00	1.03452	1.03487	1.03452	1.03464	384
2025-01-06 10:40:00	1.03465	1.03466	1.0342	1.03421	422
2025-01-06 10:45:00	1.03425	1.03438	1.03387	1.03401	584
2025-01-06 10:50:00	1034	1.03422	1.03381	1.03382	422
2025-01-06 10:55:00	1.03383	1.03387	1.0335	1.0335	849
2025-01-06 11:00:00	1.03349	1.03396	1.03287	1.03395	1865
2025-01-06 11:05:00	1.03396	1.03507	1.03382	1.03495	1215
2025-01-06 11:10:00	1.03495	1.03888	1.03478	1.03785	2190
2025-01-06 11:15:00	1.03784	1.04008	1.03779	1.03913	3296
2025-01-06 11:20:00	1.03914	1.04167	1.03914	1.0408	3070
2025-01-06 11:25:00	1.04081	1.04161	1.04015	1.04134	2985
2025-01-06 11:30:00	1.04136	1.04325	1.04129	1.04228	2771
2025-01-06 11:35:00	1.04226	1.04249	1.04176	1.04231	2284
2025-01-06 11:40:00	1.0423	1.04275	1.04168	1.04174	2653
2025-01-06 11:45:00	1.04173	1.04189	1.04084	1.04108	2495
2025-01-06 11:50:00	1.04107	1042	1.04097	1.04193	1513
2025-01-06 11:55:00	1.04194	1.04221	1.04175	1.04217	1130
2025-01-06 12:00:00	1.04218	1.04305	1.04215	1.04236	1054
2025-01-06 12:05:00	1.04236	1.04259	1.04163	1.04169	1199
2025-01-06 12:10:00	1.0417	1.04183	1.04103	1.04107	1668
2025-01-06 12:15:00	1.04105	1.04179	1.04099	1.04101	1257
2025-01-06 12:20:00	1.04101	1.04134	1.04015	1.04028	1615
2025-01-06 12:25:00	1.04028	1.04059	1.03983	1.03991	1559
2025-01-06 12:30:00	1.03991	1.04022	1.0392	1.03991	1521
2025-01-06 12:35:00	1.03991	1.04071	1.03991	1.04044	987
2025-01-06 12:40:00	1.04043	1.04048	1.04011	1.04046	909
2025-01-06 12:45:00	1.04045	1.04085	1.04023	1.04068	1413
2025-01-06 12:50:00	1.04069	1.04075	1.03961	1.04	1097
2025-01-06 12:55:00	1.04002	1.04132	1.03999	1.04108	872
2025-01-06 13:00:00	1.04112	1.04203	1.04108	1.04162	1005
2025-01-06 13:05:00	1.04162	1.04256	1.04161	1.04255	1248
2025-01-06 13:10:00	1.04257	1.04258	1.04192	1.04234	1352
2025-01-06 13:15:00	1.04235	1.04276	1.04201	1.04254	1355
2025-01-06 13:20:00	1.04254	1.04299	1.04242	1.04273	1260
2025-01-06 13:25:00	1.04276	1.04367	1.04255	1.04355	1366
2025-01-06 13:30:00	1.04356	1.04358	1.04199	1.04223	2201
2025-01-06 13:35:00	1.04226	1.04226	1.04165	1.04177	1332
2025-01-06 13:40:00	1.04178	1.04178	1.04098	1.04101	1555
2025-01-06 13:45:00	1041	1.04159	1.04043	1.04107	1615
2025-01-06 13:50:00	1.04109	1.04158	1.04098	1.04145	1255
2025-01-06 13:55:00	1.04144	1.04183	1.0412	1.04167	1215
2025-01-06 14:00:00	1.04168	1.04205	1.0415	1.04169	1511
2025-01-06 14:05:00	1.0417	1.04237	1.04107	1.04115	1513
2025-01-06 14:10:00	1.04114	1.04143	1.04098	1.04102	1300
2025-01-06 14:15:00	1.04102	1.0411	1.03527	1.03597	7703
2025-01-06 14:20:00	1.03597	1.03733	1.03563	1.03629	8149
2025-01-06 14:25:00	1.0363	1.03824	1.03615	1.03813	5074
2025-01-06 14:30:00	1.03812	1.03856	1.03728	1.03746	3973
2025-01-06 14:35:00	1.03745	1.03816	1.03708	1.03759	3036
2025-01-06 14:40:00	1.03759	1.03791	1.03666	1.03687	1534
2025-01-06 14:45:00	1.03692	1.03885	1.03692	1.03882	2002
2025-01-06 14:50:00	1.03885	1.03973	1.03863	1.03967	1883
2025-01-06 14:55:00	1.03968	1.03988	1.03911	1.03925	1454
2025-01-06 15:00:00	1.03925	1.03987	1.0383	1.03875	2767
2025-01-06 15:05:00	1.03876	1.0394	1.03843	1.03852	3215
2025-01-06 15:10:00	1.03851	1.03884	1038	1.03855	2161
2025-01-06 15:15:00	1.03855	1.03861	1.03788	1.0379	2189
2025-01-06 15:20:00	1.03789	1.03807	1.03758	1.03797	2554
2025-01-06 15:25:00	1.03798	1.03809	1.0376	1.03808	1765
2025-01-06 15:30:00	1.03809	1.03846	1.03786	1.03819	1483
2025-01-06 15:35:00	1.03821	1.03839	1.03724	1.03746	2919
2025-01-06 15:40:00	1.03745	1.03775	1.03712	1.03753	3015
2025-01-06 15:45:00	1.03753	1.03846	1.03751	1.0377	3740
2025-01-06 15:50:00	1.03771	1.03906	1.03771	1.03881	3480
2025-01-06 15:55:00	1.03881	1.03985	1.03875	1.03935	2636
2025-01-06 16:00:00	1.03936	1.03974	1039	1.03943	2838
2025-01-06 16:05:00	1.03943	1.03962	1039	1.03915	2388
2025-01-06 16:10:00	1.03917	1.0393	1.03854	1.03899	1677
2025-01-06 16:15:00	1.03899	1.03929	1.03883	1.03913	1448
2025-01-06 16:20:00	1.03912	1.03932	1.03866	1.03903	2100
2025-01-06 16:25:00	1.03903	1.03961	1.03881	1.03948	1390
2025-01-06 16:30:00	1.03948	1.04027	1.03946	1.03988	1593
2025-01-06 16:35:00	1.03986	1.04021	1.03984	1.03994	1185
2025-01-06 16:40:00	1.03995	1.04008	1.03951	1.03982	1276
2025-01-06 16:45:00	1.03983	1.03989	1.03932	1.03937	1796
2025-01-06 16:50:00	1.03937	1.03955	1.0392	1.03953	1491
2025-01-06 16:55:00	1.03952	1.03977	1.03922	1.03967	1251
2025-01-06 17:00:00	1.03968	1.03968	1.0389	1.03896	1730
2025-01-06 17:05:00	1.03897	1.03913	1.0386	1.03868	2561
2025-01-06 17:10:00	1.03867	1.03874	1.03821	1.03826	2762
2025-01-06 17:15:00	1.0383	1.03835	1.03805	1.03816	1674
2025-01-06 17:20:00	1.03816	1.03832	1.03811	1.03828	587
2025-01-06 17:25:00	1.03828	1.03866	1.03824	1.03833	1013
2025-01-06 17:30:00	1.03832	1.03847	1.03802	1.03847	1007
2025-01-06 17:35:00	1.0385	1.03855	1.03819	1.03824	836
2025-01-06 17:40:00	1.03823	1.03833	1.03806	1.03822	687
2025-01-06 17:45:00	1.0382	1.03847	1.03816	1.03827	702
2025-01-06 17:50:00	1.03828	1.03852	1.03793	1.03851	695
2025-01-06 17:55:00	1.0385	1.03878	1.0384	1.03873	831
2025-01-06 18:00:00	1.03873	1.03892	1.03777	1.03785	1096
2025-01-06 18:05:00	1.03786	1.03826	1.0377	1.03772	434
2025-01-06 18:10:00	1.03774	1.03829	1.03774	1.03828	265
2025-01-06 18:15:00	1.03828	1.03847	1.03801	1.03827	407
2025-01-06 18:20:00	1.03827	1.0386	1.03822	1.03856	548
2025-01-06 18:25:00	1.03856	1.03878	1.03846	1.03856	271
2025-01-06 18:30:00	1.03855	1.03881	1.0384	1.03854	368
2025-01-06 18:35:00	1.03853	1.03854	1.03821	1.03837	342
2025-01-06 18:40:00	1.03838	1.03844	1.03795	1.03842	357
2025-01-06 18:45:00	1.03846	1.03871	1.0384	1.03869	373
2025-01-06 18:50:00	1.03869	1.03873	1.03842	1.03858	274
2025-01-06 18:55:00	1.03856	1.0386	1.03808	1.03818	398
2025-01-06 19:00:00	1.03819	1.0384	1.03788	1.03838	495
2025-01-06 19:05:00	1.03839	1.03863	1.03832	1.03854	376
2025-01-06 19:10:00	1.03855	1.03861	1.03833	1.03844	324
2025-01-06 19:15:00	1.03843	1.03888	1.03841	1.03882	522
2025-01-06 19:20:00	1.03882	1.0389	1.03867	1.03868	714
2025-01-06 19:25:00	1.03868	1.03901	1.03866	1.03881	537
2025-01-06 19:30:00	1.0388	1.03917	1.03874	1.03897	296
2025-01-06 19:35:00	1.03897	1.03913	1.03877	1.03882	444
2025-01-06 19:40:00	1.03881	1.03898	1.03872	1.03885	351
2025-01-06 19:45:00	1.03885	1.03898	1.03874	1.03888	222
2025-01-06 19:50:00	1.03887	1.03891	1.03871	1.03881	203
2025-01-06 19:55:00	1.0388	1.03889	1.03858	1.03882	413
2025-01-06 20:00:00	1.03883	1.03916	1.03868	1.03912	365
2025-01-06 20:05:00	1.03913	1.03917	1039	1.03914	217
2025-01-06 20:10:00	1.03913	1.03918	1.03906	1.03916	178
2025-01-06 20:15:00	1.03917	1.03919	1.0389	1.0389	298
2025-01-06 20:20:00	1.03889	1.03912	1.03885	1039	279
2025-01-06 20:25:00	1.03901	1.03909	1.03886	1.03892	179
2025-01-06 20:30:00	1.03892	1.03892	1.03866	1.03868	273
2025-01-06 20:35:00	1.03867	1.03882	1.03862	1.03864	335
2025-01-06 20:40:00	1.03863	1.03881	1.03861	1.03879	323
2025-01-06 20:45:00	1.0388	1.03881	1.03859	1.03875	622
2025-01-06 20:50:00	1.03874	1.03881	1.03859	1.03872	399
2025-01-06 20:55:00	1.03876	1.03882	1.03861	1.03877	518
2025-01-06 21:00:00	1.03879	1.03886	1.03862	1.03863	253
2025-01-06 21:05:00	1.03864	1.03872	1.0386	1.03861	111
2025-01-06 21:10:00	1.03861	1.03879	1.03861	1.03878	133
2025-01-06 21:15:00	1.03878	1.03918	1.03874	1.03918	226
2025-01-06 21:20:00	1.0392	1.03921	1.03902	1.03904	149
2025-01-06 21:25:00	1.03904	1.03914	1.03904	1.0391	154
2025-01-06 21:30:00	1.03911	1.03916	1.03897	1.03898	121
2025-01-06 21:35:00	1.03897	1039	1.03887	1.03892	63
2025-01-06 21:40:00	1.03891	1.03904	1.03889	1.03896	305
2025-01-06 21:45:00	1.03895	1.03902	1.03891	1039	235
2025-01-06 21:50:00	1039	1.03902	1.03896	1.03898	115
2025-01-06 21:55:00	1.03897	1.03899	1.03885	1.03895	252
2025-01-06 22:00:00	1.03893	1.03897	1.03884	1.03884	14
2025-01-06 22:05:00	1.03884	1.03895	1.0385	1.03895	34
2025-01-06 22:10:00	1.03895	1.03906	1.03885	1.03885	49
2025-01-06 22:15:00	1.03885	1039	1.03885	1039	44
2025-01-06 22:20:00	1039	1039	1.03889	1.03889	63
2025-01-06 22:25:00	1.03888	1.03903	1.03885	1.03901	51
2025-01-06 22:30:00	1.03901	1.03908	1039	1.03908	72
2025-01-06 22:35:00	1.03907	1.03909	1.03885	1.03904	163
2025-01-06 22:40:00	1.03904	1.03904	1.03902	1.03903	13
2025-01-06 22:45:00	1.03904	1.03904	1.03886	1.03889	68
2025-01-06 22:50:00	1.0389	1.03897	1.03885	1.03885	429
2025-01-06 22:55:00	1.03885	1.0389	1.0388	1.0389	156
2025-01-06 23:00:00	1.0389	1.03901	1.0386	1.03865	149
2025-01-06 23:05:00	1.03865	1.03875	1.03862	1.03867	835
2025-01-06 23:10:00	1.03868	1.03875	1.03856	1.03856	129
2025-01-06 23:15:00	1.03856	1.03856	1.03824	1.03831	224
2025-01-06 23:20:00	1.0383	1.03838	1.03829	1.03831	79
2025-01-06 23:25:00	1.03832	1.03833	1.03829	1.0383	29
2025-01-06 23:30:00	1.0383	1.03835	1.03824	1.03835	81
2025-01-06 23:35:00	1.03835	1.03858	1.03835	1.03855	70
2025-01-06 23:40:00	1.03855	1.03856	1.03846	1.03852	74
2025-01-06 23:45:00	1.03851	1.03852	1.03816	1.03831	89
2025-01-06 23:50:00	1.03831	1.03841	1.03821	1.0384	68
2025-01-06 23:55:00	1.03841	1.03841	1.03826	1.03831	51
2025-01-07 00:00:00	1.03831	1.03835	1.03805	1.03815	277
2025-01-07 00:05:00	1.03814	1.03822	1.03808	1.03822	102
2025-01-07 00:10:00	1.03821	1.03831	1.03811	1.03813	123
2025-01-07 00:15:00	1.03813	1.03822	1.03789	1.03805	156
2025-01-07 00:20:00	1.03804	1.03807	1.03792	1.03802	185
2025-01-07 00:25:00	1.03802	1.03805	1.03771	1.03772	172
2025-01-07 00:30:00	1.03774	1.03799	1.03772	1.03794	154
2025-01-07 00:35:00	1.03792	1.03793	1.03782	1.0379	113
2025-01-07 00:40:00	1.03789	1.03812	1.03787	1.03812	146
2025-01-07 00:45:00	1.03812	1.03837	1.03809	1.03837	146
2025-01-07 00:50:00	1.03837	1.03853	1.03819	1.0383	380
2025-01-07 00:55:00	1.03827	1.03844	1.03803	1.03842	327
2025-01-07 01:00:00	1.03841	1.03846	1038	1.03806	333
2025-01-07 01:05:00	1.03807	1.03808	1.03785	1.03793	335
2025-01-07 01:10:00	1.03793	1.03798	1.03775	1.03793	251
2025-01-07 01:15:00	1.03793	1.0381	1.03783	1.0381	237
2025-01-07 01:20:00	1.03809	1.03827	1.03808	1.03823	192
2025-01-07 01:25:00	1.03821	1.03821	1.03797	1.03798	218
2025-01-07 01:30:00	1.03798	1.03801	1.03779	1.03796	278
2025-01-07 01:35:00	1.03796	1.03797	1.03767	1.03778	249
2025-01-07 01:40:00	1.0378	1.03783	1.03761	1.0377	182
2025-01-07 01:45:00	1.0377	1.03792	1.03766	1.0379	292
2025-01-07 01:50:00	1.03791	1.03832	1.03787	1.03829	363
2025-01-07 01:55:00	1.03829	1.03831	1.03802	1.03811	392
2025-01-07 02:00:00	1.03811	1.03841	1.03809	1.03834	304
2025-01-07 02:05:00	1.03833	1.03853	1.0383	1.03843	283
2025-01-07 02:10:00	1.03842	1.03842	1.03823	1.03829	107
2025-01-07 02:15:00	1.03828	1.03842	1.03828	1.03833	166
2025-01-07 02:20:00	1.03833	1.03837	1.03821	1.03826	195
2025-01-07 02:25:00	1.03826	1.03846	1.03824	1.03842	195
2025-01-07 02:30:00	1.03842	1.03842	1.03819	1.03823	246
2025-01-07 02:35:00	1.03823	1.03836	1.03819	1.03834	224
2025-01-07 02:40:00	1.03833	1.03833	1.03816	1.03826	272
2025-01-07 02:45:00	1.03826	1.03834	1.03807	1.03812	208
2025-01-07 02:50:00	1.0381	1.03816	1.03801	1.03809	226
2025-01-07 02:55:00	1.03808	1.03827	1.03799	1.03822	370
2025-01-07 03:00:00	1.03821	1.03821	1038	1.03817	435
2025-01-07 03:05:00	1.03817	1.03825	1.0381	1.03815	92
2025-01-07 03:10:00	1.03815	1.0383	1.03811	1.03828	91
2025-01-07 03:15:00	1.03828	1.03841	1.03828	1.03838	164
2025-01-07 03:20:00	1.03838	1.03845	1.03834	1.03843	125
2025-01-07 03:25:00	1.03843	1.03855	1.03841	1.03855	72
2025-01-07 03:30:00	1.03855	1.03887	1.03855	1.03878	244
2025-01-07 03:35:00	1.03878	1.03902	1.03869	1.03901	261
2025-01-07 03:40:00	1.03901	1.03929	1039	1.03924	344
2025-01-07 03:45:00	1.03924	1.03924	1.03907	1.03908	138
2025-01-07 03:50:00	1.03908	1.03912	1039	1.0391	152
2025-01-07 03:55:00	1.03909	1.03928	1.03909	1.03927	141
2025-01-07 04:00:00	1.03927	1.03933	1.03907	1.03915	118
2025-01-07 04:05:00	1.03913	1.03914	1.03905	1.03907	146
2025-01-07 04:10:00	1.03908	1.03913	1.03905	1.03907	161
2025-01-07 04:15:00	1.03907	1.03922	1.03907	1.03922	109
2025-01-07 04:20:00	1.03924	1.03925	1.03905	1.03913	155
2025-01-07 04:25:00	1.03914	1.03927	1.03908	1.03927	65
2025-01-07 04:30:00	1.03927	1.03931	1.03917	1.03931	140
2025-01-07 04:35:00	1.03931	1.03943	1.03926	1.03935	97
2025-01-07 04:40:00	1.03934	1.03934	1.03922	1.03928	112
2025-01-07 04:45:00	1.03928	1.03931	1.03918	1.0392	110
2025-01-07 04:50:00	1.03919	1.03938	1.03913	1.03932	71
2025-01-07 04:55:00	1.03931	1.03933	1.03915	1.03917	95
2025-01-07 05:00:00	1.03918	1.03919	1.03909	1.03918	99
2025-01-07 05:05:00	1.03918	1.03928	1.03914	1.03918	66
2025-01-07 05:10:00	1.03917	1.03935	1.03917	1.03932	85
2025-01-07 05:15:00	1.03933	1.03957	1.03932	1.03957	115
2025-01-07 05:20:00	1.03956	1.0396	1.0394	1.03956	223
2025-01-07 05:25:00	1.03954	1.03961	1.03951	1.03953	219
2025-01-07 05:30:00	1.03954	1.03997	1.03954	1.03991	351
2025-01-07 05:35:00	1.0399	1.0401	1.03983	1.04009	274
2025-01-07 05:40:00	1.04009	1.04031	1.03998	1.04024	305
2025-01-07 05:45:00	1.04024	1.04029	1.04011	1.04014	281
2025-01-07 05:50:00	1.04014	1.04024	1.04	1.04008	235
2025-01-07 05:55:00	1.04007	1.04009	1.03959	1.03967	648
2025-01-07 06:00:00	1.03967	1.03996	1.03964	1.03991	318
2025-01-07 06:05:00	1.0399	1.04041	1.0399	1.04033	228
2025-01-07 06:10:00	1.04033	1.04033	1.04014	1.04018	339
2025-01-07 06:15:00	1.04017	1.04032	1.04014	1.04024	226
2025-01-07 06:20:00	1.04025	1.04033	1.04004	1.04004	204
2025-01-07 06:25:00	1.04004	1.04009	1.03984	1.04004	167
2025-01-07 06:30:00	1.04005	1.04022	1.03999	1.04014	478
2025-01-07 06:35:00	1.04015	1.04024	1.03999	1.04001	331
2025-01-07 06:40:00	1.04	1.04001	1.03978	1.03987	163
2025-01-07 06:45:00	1.03988	1.03988	1.03967	1.03976	219
2025-01-07 06:50:00	1.03977	1.03988	1.03968	1.03984	234
2025-01-07 06:55:00	1.03986	1.03988	1.03963	1.03974	167
2025-01-07 07:00:00	1.03975	1.04008	1.03975	1.04004	408
2025-01-07 07:05:00	1.04005	1.04057	1.04002	1.04056	412
2025-01-07 07:10:00	1.04058	1041	1.04058	1.0409	606
2025-01-07 07:15:00	1.04092	1.04131	1.04068	1.04131	467
2025-01-07 07:20:00	1.04131	1.04151	1.04112	1.04133	563
2025-01-07 07:25:00	1.04133	1.04159	1.04127	1.04127	331
2025-01-07 07:30:00	1.04127	1.04138	1.04104	1.04124	777
2025-01-07 07:35:00	1.04123	1.04187	1.04115	1.04184	881
2025-01-07 07:40:00	1.04184	1.04244	1.04175	1.04229	852
2025-01-07 07:45:00	1.04231	1.04231	1.04111	1.04123	1577
2025-01-07 07:50:00	1.04122	1.04169	1.04107	1.04108	705
2025-01-07 07:55:00	1.04107	1.04148	1.04093	1.04145	898
2025-01-07 08:00:00	1.04147	1.04188	1.04132	1.04187	1185
2025-01-07 08:05:00	1.04186	1.04208	1.04142	1.04177	1206
2025-01-07 08:10:00	1.04176	1.04183	1.04102	1.04102	958
2025-01-07 08:15:00	1.04102	1.0414	1.04059	1.04059	1013
2025-01-07 08:20:00	1.04059	1.0411	1.04045	1.04098	1010
2025-01-07 08:25:00	1.04099	1.04109	1.04031	1.04064	1216
2025-01-07 08:30:00	1.04063	1.04095	1.04059	1.04082	1245
2025-01-07 08:35:00	1.04083	1.04099	1.04054	1.04073	719
2025-01-07 08:40:00	1.04075	1.04155	1.04053	1.04155	1013
2025-01-07 08:45:00	1.04156	1042	1.04136	1.04193	744
2025-01-07 08:50:00	1.04193	1.0422	1.04177	1.04211	791
2025-01-07 08:55:00	1.04212	1.04253	1.04201	1.0425	838
2025-01-07 09:00:00	1.04252	1.04335	1.0425	1.04317	1069
2025-01-07 09:05:00	1.04317	1.04342	1.04273	1.04277	952
2025-01-07 09:10:00	1.04276	1.04296	1.04244	1.04263	764
2025-01-07 09:15:00	1.04264	1.04278	1.0425	1.04256	581
2025-01-07 09:20:00	1.04255	1.04268	1.0424	1.04263	676
2025-01-07 09:25:00	1.04265	1.04285	1.04252	1.04252	572
2025-01-07 09:30:00	1.04251	1.04289	1.04246	1.04278	585
2025-01-07 09:35:00	1.04278	1043	1.04276	1.04291	481
2025-01-07 09:40:00	1.04292	1.04295	1.04268	1.04281	646
2025-01-07 09:45:00	1.0428	1.04282	1.04255	1.04274	560
2025-01-07 09:50:00	1.04275	1.04295	1.04262	1.04272	460
2025-01-07 09:55:00	1.04271	1.04296	1.04241	1.04274	532
2025-01-07 10:00:00	1.04274	1.04274	1.04166	1.04179	1637
2025-01-07 10:05:00	1.0418	1.04236	1.04174	1.04236	1794
2025-01-07 10:10:00	1.04235	1.04302	1.04234	1.04275	1214
2025-01-07 10:15:00	1.04275	1.04343	1.0427	1.04327	576
2025-01-07 10:20:00	1.04328	1.04332	1.04264	1.04267	710
2025-01-07 10:25:00	1.04267	1.04277	1.04226	1.04229	599
2025-01-07 10:30:00	1.0423	1.04243	1.04208	1.04212	1548
2025-01-07 10:35:00	1.04211	1.04259	1.0421	1.04252	737
2025-01-07 10:40:00	1.04253	1.04264	1.04243	1.04262	526
2025-01-07 10:45:00	1.04262	1.04299	1.04242	1.04298	428
2025-01-07 10:50:00	1.04299	1.04338	1.04292	1.04338	472
2025-01-07 10:55:00	1.04338	1.04341	1.04262	1.04278	707
2025-01-07 11:00:00	1.04278	1.04282	1.04218	1.04238	877
2025-01-07 11:05:00	1.04237	1.04282	1.04231	1.04231	650
2025-01-07 11:10:00	1.0423	1.04233	1.04189	1.04202	557
2025-01-07 11:15:00	1.04202	1.04207	1.04157	1.04169	870
2025-01-07 11:20:00	1.04169	1.04176	1.04118	1.04137	1485
2025-01-07 11:25:00	1.04138	1.04138	1.04092	1.04093	1372
2025-01-07 11:30:00	1.04092	1.04106	1.04051	1.04063	1328
2025-01-07 11:35:00	1.04063	1.04078	1.04051	1.04066	1506
2025-01-07 11:40:00	1.04067	1.04113	1.04066	1.04109	1173
2025-01-07 11:45:00	1.04111	1.04118	1.04097	1.04112	653
2025-01-07 11:50:00	1.04112	1.04133	1.04087	1.04122	803
2025-01-07 11:55:00	1.04123	1.04148	1.04109	1.04133	786
2025-01-07 12:00:00	1.04134	1.04156	1.04112	1.04155	923
2025-01-07 12:05:00	1.04155	1.04168	1.04088	1.0409	708
2025-01-07 12:10:00	1.04092	1.04134	1.04091	1.04097	775
2025-01-07 12:15:00	1.04097	1.04126	1.04054	1.04114	1427
2025-01-07 12:20:00	1.04114	1.04123	1.04038	1.04054	1660
2025-01-07 12:25:00	1.04055	1.04079	1.04048	1.04053	1222
2025-01-07 12:30:00	1.04053	1.04057	1.04018	1.04019	1270
2025-01-07 12:35:00	1.04018	1.0406	1.03986	1.04027	1772
2025-01-07 12:40:00	1.04028	1.04029	1.0392	1.03941	2873
2025-01-07 12:45:00	1.03941	1.03988	1.03902	1.03969	2223
2025-01-07 12:50:00	1.03969	1.03969	1.03892	1.03892	2958
2025-01-07 12:55:00	1.03892	1.03935	1.03871	1.03892	7413
2025-01-07 13:00:00	1.03891	1.0393	1.03884	1.03929	2989
2025-01-07 13:05:00	1.0393	1.03937	1.03905	1.03933	1348
2025-01-07 13:10:00	1.03933	1.03976	1.03933	1.03964	744
2025-01-07 13:15:00	1.03965	1.04022	1.03935	1.04022	880
2025-01-07 13:20:00	1.04021	1.04038	1.04001	1.04022	1358
2025-01-07 13:25:00	1.04022	1.04028	1.04002	1.04013	1241
2025-01-07 13:30:00	1.04014	1.04027	1.03987	1.03996	1578
2025-01-07 13:35:00	1.03996	1.04052	1.03993	1.03999	1438
2025-01-07 13:40:00	1.03998	1.04001	1.03952	1.03956	1832
2025-01-07 13:45:00	1.03957	1.03962	1.03866	1.03882	1137
2025-01-07 13:50:00	1.03883	1.03937	1.03883	1.03929	1790
2025-01-07 13:55:00	1.0393	1.03969	1.03901	1.03965	1641
2025-01-07 14:00:00	1.03965	1.03969	1.03911	1.03952	1652
2025-01-07 14:05:00	1.03953	1.03961	1.03922	1.03926	1946
2025-01-07 14:10:00	1.03927	1.03953	1.03899	1039	2307
2025-01-07 14:15:00	1039	1.03932	1.03896	1.03898	2153
2025-01-07 14:20:00	1.03897	1.03946	1.03892	1.03941	2380
2025-01-07 14:25:00	1.03942	1.03967	1.03916	1.03954	1647
2025-01-07 14:30:00	1.03953	1.03971	1.03937	1.03941	2398
2025-01-07 14:35:00	1.03942	1.03948	1.0391	1.03919	2384
2025-01-07 14:40:00	1.0392	1.03949	1.0392	1.03925	2123
2025-01-07 14:45:00	1.03926	1.03975	1.0392	1.03935	2357
2025-01-07 14:50:00	1.03935	1.03937	1.03915	1.03927	1531
2025-01-07 14:55:00	1.03927	1.03955	1.03911	1.03925	1595
2025-01-07 15:00:00	1.03929	1.03929	1.0364	1.03661	4954
2025-01-07 15:05:00	1.03662	1.0369	1.03599	1036	5083
2025-01-07 15:10:00	1.03601	1.03681	1.03587	1.03681	5060
2025-01-07 15:15:00	1.03679	1.03744	1.03649	1.0373	6176
2025-01-07 15:20:00	1.03731	1.0379	1.03726	1.03737	4195
2025-01-07 15:25:00	1.03738	1.03804	1.03738	1.03791	2995
2025-01-07 15:30:00	1.03792	1.03806	1.0373	1.03748	3588
2025-01-07 15:35:00	1.03749	1.03781	1.03666	1.0369	3726
2025-01-07 15:40:00	1.0369	1.03712	1.03633	1.03638	4942
2025-01-07 15:45:00	1.03637	1.03642	1.03551	1.03637	5092
2025-01-07 15:50:00	1.03638	1.03711	1.03629	1.03687	3458
2025-01-07 15:55:00	1.03687	1.03733	1.03652	1.03727	4940
2025-01-07 16:00:00	1.03727	1.03749	1.03693	1.03709	2950
2025-01-07 16:05:00	1.03709	1.03742	1.0368	1.03695	2740
2025-01-07 16:10:00	1.03695	1.03711	1.03644	1.03645	4680
2025-01-07 16:15:00	1.03646	1.03728	1.03636	1.03706	3204
2025-01-07 16:20:00	1.03705	1.03716	1.03655	1.03661	2448
2025-01-07 16:25:00	1.0366	1.03675	1.03642	1.03662	1906
2025-01-07 16:30:00	1.03661	1.03811	1.03637	1.03674	2608
2025-01-07 16:35:00	1.03675	1.0375	1.03625	1.03745	1259
2025-01-07 16:40:00	1.03747	1.0377	1.03709	1.0376	1521
2025-01-07 16:45:00	1.03761	1.03772	1.03687	1.03704	1326
2025-01-07 16:50:00	1.03705	1.03716	1.03631	1.03647	1243
2025-01-07 16:55:00	1.0365	1.03684	1.03636	1.03681	889
2025-01-07 17:00:00	1.03681	1.03723	1.03674	1.03688	1151
2025-01-07 17:05:00	1.03689	1.03711	1.03638	1.03656	971
2025-01-07 17:10:00	1.03657	1.0366	1.03615	1.0363	1413
2025-01-07 17:15:00	1.0363	1.03735	1.03629	1.03713	794
2025-01-07 17:20:00	1.03714	1.03714	1.03537	1.03662	1697
2025-01-07 17:25:00	1.03662	1.03693	1.03648	1.0369	936
2025-01-07 17:30:00	1.0369	1.03738	1.0369	1.03699	946
2025-01-07 17:35:00	1.03696	1.03706	1.03655	1.03696	765
2025-01-07 17:40:00	1.03695	1.03695	1.03642	1.03651	628
2025-01-07 17:45:00	1.03651	1.03652	1.03615	1.03647	589
2025-01-07 17:50:00	1.0365	1.03667	1.0363	1.03653	637
2025-01-07 17:55:00	1.03653	1.03689	1.03639	1.03667	503
2025-01-07 18:00:00	1.03666	1.03692	1.03649	1.03668	962
2025-01-07 18:05:00	1.0367	1.03685	1.03609	1.03611	916
2025-01-07 18:10:00	1.0361	1.03615	1.03565	1.03601	930
2025-01-07 18:15:00	1.03602	1.03684	1.03596	1.03674	1472
2025-01-07 18:20:00	1.03675	1.03685	1.03617	1.03626	698
2025-01-07 18:25:00	1.03625	1.03628	1.03596	1.0361	669
2025-01-07 18:30:00	1.0361	1.0361	1.03571	1.03579	781
2025-01-07 18:35:00	1.03579	1.03585	1.03545	1.03577	860
2025-01-07 18:40:00	1.03578	1.03579	1.03517	1.03521	566
2025-01-07 18:45:00	1.0352	1.03547	1.03504	1.03526	505
2025-01-07 18:50:00	1.03529	1.03551	1.03514	1.03536	432
2025-01-07 18:55:00	1.03536	1.03554	1.03493	1.03543	1052
2025-01-07 19:00:00	1.03543	1.03587	1.03527	1.03579	703
2025-01-07 19:05:00	1.03578	1.0358	1.03551	1.03574	790
2025-01-07 19:10:00	1.03575	1.03578	1.03549	1.03549	425
2025-01-07 19:15:00	1.0355	1.03567	1.0352	1.03557	408
2025-01-07 19:20:00	1.03555	1.03567	1.03545	1.03555	313
2025-01-07 19:25:00	1.03556	1.03575	1.03556	1.03575	218
2025-01-07 19:30:00	1.03575	1.03577	1.03554	1.0356	385
2025-01-07 19:35:00	1.03561	1.03568	1.0354	1.03547	850
2025-01-07 19:40:00	1.03546	1.03588	1.03532	1.03587	1075
2025-01-07 19:45:00	1.03587	1.03596	1.03575	1.03578	792
2025-01-07 19:50:00	1.03578	1.0359	1.03572	1.03583	689
2025-01-07 19:55:00	1.03583	1.03583	1.03537	1.03551	1063
2025-01-07 20:00:00	1.0355	1.0356	1.03525	1.03525	1255
2025-01-07 20:05:00	1.03527	1.03529	1.03506	1.03506	507
2025-01-07 20:10:00	1.03505	1.03511	1.03485	1.03502	923
2025-01-07 20:15:00	1.03503	1.03506	1.03488	1.03503	607
2025-01-07 20:20:00	1.03504	1.03505	1.03485	1.0349	637
2025-01-07 20:25:00	1.03487	1.03489	1.03465	1.03475	865
2025-01-07 20:30:00	1.03476	1.0348	1.03454	1.03464	763
2025-01-07 20:35:00	1.03465	1.03466	1.03449	1.03463	1095
2025-01-07 20:40:00	1.03463	1.03479	1.03456	1.03457	1257
2025-01-07 20:45:00	1.03456	1.03465	1.0345	1.03462	652
2025-01-07 20:50:00	1.03463	1.03478	1.03449	1.03471	605
2025-01-07 20:55:00	1.03473	1.03474	1.0344	1.03443	840
2025-01-07 21:00:00	1.03443	1.03443	1.0344	1.0344	140
2025-01-07 21:05:00	1.0344	1.0344	1.03406	1.0342	222
2025-01-07 21:10:00	1.03419	1.03432	1.03419	1.03427	213
2025-01-07 21:15:00	1.03426	1.03428	1.0341	1.03415	318
2025-01-07 21:20:00	1.03414	1.0342	1.03407	1.03411	145
2025-01-07 21:25:00	1.0341	1.03432	1.03407	1.03431	127
2025-01-07 21:30:00	1.03432	1.03434	1.03423	1.0343	195
2025-01-07 21:35:00	1.0343	1.03431	1.0342	1.03421	212
2025-01-07 21:40:00	1.03422	1.03424	1.03403	1.03405	278
2025-01-07 21:45:00	1.03405	1.0341	1.03401	1.0341	289
2025-01-07 21:50:00	1.03409	1.03416	1.03406	1.03406	234
2025-01-07 21:55:00	1.03405	1.03405	1.03394	1.03394	391
2025-01-07 22:00:00	1.03395	1.03407	1.03388	1.03402	153
2025-01-07 22:05:00	1.03395	1.03416	1.03391	1.03403	94
2025-01-07 22:10:00	1.03405	1.03414	1.0339	1.03408	130
2025-01-07 22:15:00	1.03412	1.03412	1.03404	1.03404	65
2025-01-07 22:20:00	1.03404	1.03409	1034	1.03405	90
2025-01-07 22:25:00	1.03404	1.03416	1.03394	1.03415	55
2025-01-07 22:30:00	1.03415	1.0342	1.03405	1.0341	55
2025-01-07 22:35:00	1.03409	1.03419	1.03401	1.03413	112
2025-01-07 22:40:00	1.03416	1.03425	1.03413	1.03418	110
2025-01-07 22:45:00	1.03417	1.03422	1.03415	1.03422	22
2025-01-07 22:50:00	1.03421	1.03425	1.03417	1.03424	44
2025-01-07 22:55:00	1.03425	1.03426	1.0342	1.03421	71
2025-01-07 23:00:00	1.03421	1.03436	1.03414	1.03422	236
2025-01-07 23:05:00	1.03421	1.0343	1.03407	1.03411	264
2025-01-07 23:10:00	1.03412	1.03414	1.03391	1.03395	258
2025-01-07 23:15:00	1.03395	1.03414	1.03394	1.0341	175
2025-01-07 23:20:00	1.03411	1.03425	1.03411	1.0342	166
2025-01-07 23:25:00	1.03419	1.03426	1.03419	1.03422	169
2025-01-07 23:30:00	1.03421	1.0343	1.0342	1.03429	280
2025-01-07 23:35:00	1.03429	1.03429	1.03424	1.03426	148
2025-01-07 23:40:00	1.03425	1.03445	1.0342	1.03445	281
2025-01-07 23:45:00	1.03445	1.03449	1.03439	1.03442	333
2025-01-07 23:50:00	1.03441	1.03445	1.03435	1.03443	411
2025-01-07 23:55:00	1.03444	1.03448	1.0341	1.03415	506
2025-01-08 00:00:00	1.03416	1.03442	1.03416	1.03435	729
2025-01-08 00:05:00	1.03436	1.03445	1.03428	1.03439	687
2025-01-08 00:10:00	1.0344	1.03456	1.03431	1.03453	559
2025-01-08 00:15:00	1.03454	1.03458	1.03448	1.03456	397
2025-01-08 00:20:00	1.03455	1.03481	1.03455	1.03481	483
2025-01-08 00:25:00	1.03481	1.03492	1.03475	1.0349	462
2025-01-08 00:30:00	1.03489	1.03489	1.03446	1.03461	1020
2025-01-08 00:35:00	1.03461	1.03462	1.03443	1.03462	802
2025-01-08 00:40:00	1.03463	1.03492	1.03462	1.03487	322
2025-01-08 00:45:00	1.03486	1.03486	1.03467	1.03475	255
2025-01-08 00:50:00	1.03476	1.03479	1.03448	1.03454	684
2025-01-08 00:55:00	1.03453	1.03467	1.03439	1.03467	968
2025-01-08 01:00:00	1.03468	1.03472	1.03458	1.0346	611
2025-01-08 01:05:00	1.03459	1.03489	1.03452	1.03488	714
2025-01-08 01:10:00	1.03489	1.03494	1.03472	1.03472	528
2025-01-08 01:15:00	1.03474	1.0348	1.03462	1.03462	588
2025-01-08 01:20:00	1.03463	1.03488	1.03463	1.03477	454
2025-01-08 01:25:00	1.03477	1.03491	1.03474	1.03487	425
2025-01-08 01:30:00	1.03486	1.03505	1.03472	1.03498	582
2025-01-08 01:35:00	1.03497	1.03507	1.03497	1.03506	490
2025-01-08 01:40:00	1.03507	1.03522	1.03501	1.03501	910
2025-01-08 01:45:00	1035	1.03501	1.03483	1.03496	1375
2025-01-08 01:50:00	1.03495	1.03519	1.03493	1.03512	346
2025-01-08 01:55:00	1.03512	1.03529	1.03512	1.03528	313
2025-01-08 02:00:00	1.03529	1.03539	1.03522	1.03536	748
2025-01-08 02:05:00	1.03537	1.03547	1.03525	1.03545	548
2025-01-08 02:10:00	1.03546	1.03547	1.03536	1.03542	293
2025-01-08 02:15:00	1.03541	1.03544	1.03526	1.03533	368
2025-01-08 02:20:00	1.03532	1.03533	1.03524	1.03526	254
2025-01-08 02:25:00	1.03527	1.03535	1.03525	1.03529	370
2025-01-08 02:30:00	1.0353	1.03532	1.03517	1.03522	335
2025-01-08 02:35:00	1.03521	1.03526	1.03517	1.03519	294
2025-01-08 02:40:00	1.0352	1.03535	1.03514	1.03535	637
2025-01-08 02:45:00	1.03534	1.03535	1.03529	1.03534	277
2025-01-08 02:50:00	1.03534	1.03545	1.03522	1.03543	465
2025-01-08 02:55:00	1.03542	1.03544	1.03538	1.03541	218
2025-01-08 03:00:00	1.03541	1.03541	1.03523	1.03529	390
2025-01-08 03:05:00	1.03528	1.03537	1.03528	1.03533	484
2025-01-08 03:10:00	1.03532	1.03536	1.03523	1.03523	214
2025-01-08 03:15:00	1.03521	1.03533	1.03518	1.03527	479
2025-01-08 03:20:00	1.03528	1.03529	1.03515	1.03526	337
2025-01-08 03:25:00	1.03527	1.03532	1035	1.03502	347
2025-01-08 03:30:00	1.03502	1.03503	1.03466	1.03467	639
2025-01-08 03:35:00	1.03466	1.03475	1.03464	1.03471	279
2025-01-08 03:40:00	1.03471	1.03472	1.03462	1.03467	351
2025-01-08 03:45:00	1.03467	1.03487	1.03467	1.03486	237
2025-01-08 03:50:00	1.03488	1.03493	1.03483	1.03483	139
2025-01-08 03:55:00	1.03483	1.03487	1.03477	1.03477	156
2025-01-08 04:00:00	1.03476	1.0349	1.03475	1.03482	251
2025-01-08 04:05:00	1.03482	1.03497	1.03481	1.03497	300
2025-01-08 04:10:00	1.03497	1.0352	1.03497	1.03518	181
2025-01-08 04:15:00	1.03517	1.03518	1.03502	1.03504	238
2025-01-08 04:20:00	1.03505	1.03509	1.03494	1.03499	298
2025-01-08 04:25:00	1.03499	1.03505	1.03494	1.03502	370
2025-01-08 04:30:00	1.03503	1.03512	1.03502	1.03508	213
2025-01-08 04:35:00	1.03507	1.03509	1.03496	1035	241
2025-01-08 04:40:00	1.03499	1.03503	1.03477	1.03477	406
2025-01-08 04:45:00	1.03477	1.03495	1.03474	1.03492	246
2025-01-08 04:50:00	1.03491	1.03497	1.03487	1.03497	389
2025-01-08 04:55:00	1.03497	1.03514	1.03497	1.03512	232
2025-01-08 05:00:00	1.03512	1.0352	1.0351	1.03511	202
2025-01-08 05:05:00	1.03511	1.03511	1.03495	1035	284
2025-01-08 05:10:00	1.03501	1.03508	1.03497	1.03502	426
2025-01-08 05:15:00	1.03502	1.03527	1.03501	1.03527	354
2025-01-08 05:20:00	1.03526	1.03537	1.03522	1.03536	325
2025-01-08 05:25:00	1.03535	1.03552	1.0353	1.03548	266
2025-01-08 05:30:00	1.03549	1.03557	1.03546	1.03547	254
2025-01-08 05:35:00	1.03545	1.03547	1.03534	1.03547	324
2025-01-08 05:40:00	1.03547	1.03547	1.03532	1.03532	188
2025-01-08 05:45:00	1.03531	1.03539	1.03529	1.03539	289
2025-01-08 05:50:00	1.03538	1.03551	1.03538	1.03548	462
2025-01-08 05:55:00	1.03548	1.03557	1.03544	1.03549	341
2025-01-08 06:00:00	1.03549	1.03571	1.03548	1.03571	663
2025-01-08 06:05:00	1.03572	1.03574	1.03556	1.0357	511
2025-01-08 06:10:00	1.0357	1.03575	1.03561	1.03567	605
2025-01-08 06:15:00	1.03567	1.03573	1.03541	1.03542	465
2025-01-08 06:20:00	1.03541	1.03551	1.03531	1.03542	600
2025-01-08 06:25:00	1.03542	1.03547	1.03532	1.03543	555
2025-01-08 06:30:00	1.03541	1.03544	1.03531	1.03531	477
2025-01-08 06:35:00	1.0353	1.03556	1.03527	1.03554	830
2025-01-08 06:40:00	1.03555	1.03562	1.03548	1.03552	513
2025-01-08 06:45:00	1.03553	1.03566	1.03545	1.03545	194
2025-01-08 06:50:00	1.03546	1.03556	1.03538	1.03541	415
2025-01-08 06:55:00	1.03541	1.03541	1.03461	1.03512	1328
2025-01-08 07:00:00	1.03512	1.03513	1.03424	1.03435	2206
2025-01-08 07:05:00	1.03436	1.03457	1.03414	1.03428	1822
2025-01-08 07:10:00	1.03428	1.03455	1.03411	1.03453	1306
2025-01-08 07:15:00	1.03454	1.03465	1.03438	1.03439	1429
2025-01-08 07:20:00	1.03436	1.03478	1.03431	1.03465	1855
2025-01-08 07:25:00	1.03464	1.03464	1.03435	1.03445	962
2025-01-08 07:30:00	1.03445	1.03445	1.03399	1.03415	1659
2025-01-08 07:35:00	1.03415	1.0343	1.03398	1.03424	1143
2025-01-08 07:40:00	1.03426	1.0343	1.03342	1.03356	2204
2025-01-08 07:45:00	1.03356	1.03374	1.03325	1.0334	2338
2025-01-08 07:50:00	1.03341	1.03365	1.0332	1.03354	1837
2025-01-08 07:55:00	1.03353	1.03353	1.03285	1.03324	2062
2025-01-08 08:00:00	1.03324	1.0338	1.03288	1.03293	2101
2025-01-08 08:05:00	1.03294	1.03306	1.0322	1.03224	1970
2025-01-08 08:10:00	1.03225	1.03311	1.03225	1.03305	1686
2025-01-08 08:15:00	1.03306	1.03397	1.03301	1.03381	1179
2025-01-08 08:20:00	1.03381	1.03391	1.03314	1.03316	1556
2025-01-08 08:25:00	1.03314	1.03314	1.03251	1.03254	1247
2025-01-08 08:30:00	1.03254	1.03299	1.03236	1.03255	1450
2025-01-08 08:35:00	1.03256	1.03306	1.0325	1.03269	1277
2025-01-08 08:40:00	1.03269	1.03327	1.03264	1.03282	1199
2025-01-08 08:45:00	1.03281	1.03281	1032	1032	2180
2025-01-08 08:50:00	1.03204	1.03236	1.03187	1.03231	2713
2025-01-08 08:55:00	1.03232	1.03252	1.03179	1.03187	2549
2025-01-08 09:00:00	1.03187	1.03227	1.03183	1.03227	2550
2025-01-08 09:05:00	1.03227	1.03263	1.03215	1.03249	2547
2025-01-08 09:10:00	1.03248	1.03263	1.03222	1.03246	2450
2025-01-08 09:15:00	1.03245	1.03261	1.03221	1.03234	1709
2025-01-08 09:20:00	1.03233	1.03238	1.03179	1.03182	1923
2025-01-08 09:25:00	1.03181	1.03207	1.03154	1.03205	2200
2025-01-08 09:30:00	1.03206	1.03235	1.03197	1.03231	1497
2025-01-08 09:35:00	1.03231	1.03241	1.03183	1.03237	733
2025-01-08 09:40:00	1.03236	1.03247	1.03216	1.03225	788
2025-01-08 09:45:00	1.03226	1.03226	1.03172	1.03176	1080
2025-01-08 09:50:00	1.03175	1.03221	1.03174	1.03185	769
2025-01-08 09:55:00	1.03184	1.03197	1.03169	1.03194	556
2025-01-08 10:00:00	1.03193	1.03211	1.03161	1.03161	523
2025-01-08 10:05:00	1.03161	1.03182	1.03123	1.03136	821
2025-01-08 10:10:00	1.03135	1.0315	1031	1.03141	846
2025-01-08 10:15:00	1.03143	1.03168	1.03125	1.0313	1224
2025-01-08 10:20:00	1.0313	1.0315	1.03126	1.0313	1296
2025-01-08 10:25:00	1.03134	1.03177	1.03127	1.03148	1649
2025-01-08 10:30:00	1.03147	1.0316	1.03116	1.03152	1270
2025-01-08 10:35:00	1.03151	1.03158	1.03136	1.03146	774
2025-01-08 10:40:00	1.03148	1.03155	1.03111	1.03143	893
2025-01-08 10:45:00	1.03142	1.0316	1.03125	1.03145	913
2025-01-08 10:50:00	1.03144	1.03184	1.03139	1.03181	702
2025-01-08 10:55:00	1.03182	1.03203	1.03176	1.03191	747
2025-01-08 11:00:00	1.03189	1.03198	1.03171	1.03182	961
2025-01-08 11:05:00	1.03183	1.03196	1.03164	1.03166	1221
2025-01-08 11:10:00	1.03165	1.03182	1.03111	1.03111	1656
2025-01-08 11:15:00	1.0311	1.03117	1.03071	1.03071	1353
2025-01-08 11:20:00	1.0307	1.03097	1.03057	1.03073	2319
2025-01-08 11:25:00	1.03074	1.03074	1.03002	1.03003	2972
2025-01-08 11:30:00	1.03004	1.03005	1.02796	1.02841	4957
2025-01-08 11:35:00	1.02841	1.0287	1.02747	1.02756	2047
2025-01-08 11:40:00	1.02759	1.02856	1.02731	1.0285	5031
2025-01-08 11:45:00	1.02848	1.02958	1.02846	1.02943	3784
2025-01-08 11:50:00	1.02943	1.02978	1.02916	1.02933	2063
2025-01-08 11:55:00	1.02932	1.02978	1.02917	1.02976	1631
2025-01-08 12:00:00	1.02975	1.02998	1.02913	1.02922	2194
2025-01-08 12:05:00	1.02923	1.02957	1.02917	1.02936	1379
2025-01-08 12:10:00	1.02935	1.02951	1.02894	1.02895	1632
2025-01-08 12:15:00	1.02894	1.0292	1.02849	1.02858	1845
2025-01-08 12:20:00	1.02857	1.02898	1.02844	1.02867	4943
2025-01-08 12:25:00	1.02869	1.02929	1.02856	1.02888	2068
2025-01-08 12:30:00	1.02888	1.02907	1.02832	1.02887	1908
2025-01-08 12:35:00	1.02888	1.02953	1.02887	1.02953	2029
2025-01-08 12:40:00	1.02953	1.03001	1.02912	1.02923	2036
2025-01-08 12:45:00	1.02924	1.02947	1.02844	1.02853	2510
2025-01-08 12:50:00	1.02853	1.02878	1.02815	1.02821	2044
2025-01-08 12:55:00	1.02821	1.02833	1.02808	1.02827	2068
2025-01-08 13:00:00	1.02825	1.02947	1.02824	1.02883	4065
2025-01-08 13:05:00	1.02881	1.02881	1.02808	1.02855	3647
2025-01-08 13:10:00	1.02856	1.02903	1.02855	1.02887	1309
2025-01-08 13:15:00	1.02887	1.02968	1.02887	1.02901	2268
2025-01-08 13:20:00	1.02901	1.03005	1.0289	1.02999	2408
2025-01-08 13:25:00	1.03001	1.03041	1.02948	1.02955	1728
2025-01-08 13:30:00	1.02955	1.03022	1.02916	1.02917	5260
2025-01-08 13:35:00	1.02919	1.02979	1.02915	1.02922	5040
2025-01-08 13:40:00	1.02921	1.02971	1.02905	1.02943	4121
2025-01-08 13:45:00	1.02942	1.02984	1.02909	1.02961	3603
2025-01-08 13:50:00	1.02962	1.02981	1.02916	1.02981	3477
2025-01-08 13:55:00	1.02982	1.03042	1.0298	1.03033	2170
2025-01-08 14:00:00	1.03033	1.03075	1.03017	1.0302	1901
2025-01-08 14:05:00	1.0302	1.03037	1.02984	1.02988	1494
2025-01-08 14:10:00	1.02989	1.03007	1.0297	1.02987	2537
2025-01-08 14:15:00	1.02987	1.02989	1.02935	1.02967	1836
2025-01-08 14:20:00	1.02967	1.0299	1.02934	1.02949	1924
2025-01-08 14:25:00	1.02951	1.02971	1.02931	1.02934	1358
2025-01-08 14:30:00	1.02934	1.02962	1.02908	1.02955	1843
2025-01-08 14:35:00	1.02956	1.02963	1.02914	1.02918	2021
2025-01-08 14:40:00	1.0292	1.02967	1.02903	1.02928	2201
2025-01-08 14:45:00	1.02928	1.02987	1.02918	1.02987	1842
2025-01-08 14:50:00	1.02988	1.03019	1.02907	1.02917	2005
2025-01-08 14:55:00	1.02919	1.02919	1.0289	1.02914	2424
2025-01-08 15:00:00	1.02913	1.0302	1.02913	1.03007	1663
2025-01-08 15:05:00	1.03009	1.03098	1.03009	1.03059	1860
2025-01-08 15:10:00	1.03061	1.03089	1.0301	1.03076	2393
2025-01-08 15:15:00	1.03077	1.03085	1.03037	1.03052	2569
2025-01-08 15:20:00	1.03052	1.03052	1.03015	1.03031	2624
2025-01-08 15:25:00	1.03031	1.03051	1.03001	1.03009	2086
2025-01-08 15:30:00	1.0301	1.03021	1.02972	1.02987	2702
2025-01-08 15:35:00	1.02986	1.03029	1.02982	1.02997	1865
2025-01-08 15:40:00	1.02999	1.0301	1.02952	1.0299	2131
2025-01-08 15:45:00	1.02989	1.03004	1.02953	1.02997	2200
2025-01-08 15:50:00	1.02997	1.03015	1.02962	1.03005	1703
2025-01-08 15:55:00	1.03004	1.03036	1.0299	1.03016	1506
2025-01-08 16:00:00	1.03017	1.03023	1.0296	1.02986	2485
2025-01-08 16:05:00	1.02987	1.03	1.0295	1.02974	1987
2025-01-08 16:10:00	1.02975	1.02999	1.02944	1.02995	1821
2025-01-08 16:15:00	1.02995	1.03006	1.02966	1.02987	1702
2025-01-08 16:20:00	1.02988	1.03082	1.02988	1.03055	1029
2025-01-08 16:25:00	1.03055	1.03066	1.03004	1.03035	1531
2025-01-08 16:30:00	1.03034	1.03046	1.03019	1.03034	2294
2025-01-08 16:35:00	1.03035	1.03062	1.0303	1.03044	1020
2025-01-08 16:40:00	1.03045	1.03113	1.03045	1.03052	2170
2025-01-08 16:45:00	1.03053	1.03086	1.03019	1.03081	1856
2025-01-08 16:50:00	1.03082	1.03137	1.03076	1.03128	1134
2025-01-08 16:55:00	1.03127	1.03144	1.03111	1.03125	1921
2025-01-08 17:00:00	1.03127	1.03133	1.0308	1.03081	1618
2025-01-08 17:05:00	1.03081	1.03086	1.03041	1.03062	1125
2025-01-08 17:10:00	1.03061	1.03061	1.03026	1.03038	1709
2025-01-08 17:15:00	1.03039	1.03053	1.02984	1.03007	2324
2025-01-08 17:20:00	1.03007	1.03044	1.03007	1.03039	2066
2025-01-08 17:25:00	1.0304	1.03047	1.03006	1.03029	2457
2025-01-08 17:30:00	1.03028	1.03036	1.03011	1.03021	1118
2025-01-08 17:35:00	1.03021	1.03025	1.02982	1.02996	1066
2025-01-08 17:40:00	1.02995	1.03049	1.02988	1.03049	1130
2025-01-08 17:45:00	1.03049	1.03051	1.03016	1.03021	1051
2025-01-08 17:50:00	1.03024	1.03062	1.03024	1.03041	813
2025-01-08 17:55:00	1.03045	1.03063	1.0304	1.03053	571
2025-01-08 18:00:00	1.03053	1.0312	1.03053	1.03105	845
2025-01-08 18:05:00	1.03105	1.03116	1.03078	1.03091	779
2025-01-08 18:10:00	1.03093	1031	1.03071	1.03071	631
2025-01-08 18:15:00	1.03071	1.03111	1.0307	1.03092	514
2025-01-08 18:20:00	1.03092	1.03117	1.03087	1.03117	409
2025-01-08 18:25:00	1.03119	1.03133	1.03108	1.0312	486
2025-01-08 18:30:00	1.0312	1.03135	1.0311	1.03117	481
2025-01-08 18:35:00	1.03117	1.03158	1.03117	1.03142	392
2025-01-08 18:40:00	1.03142	1.03157	1.03134	1.03156	325
2025-01-08 18:45:00	1.03156	1.03157	1.03134	1.03137	350
2025-01-08 18:50:00	1.03136	1.03141	1.03106	1.03115	349
2025-01-08 18:55:00	1.03116	1.03134	1.03114	1.03124	723
2025-01-08 19:00:00	1.03126	1.03153	1.03122	1.03141	673
2025-01-08 19:05:00	1.03141	1.03186	1.03141	1.03173	699
2025-01-08 19:10:00	1.03173	1.03177	1.03127	1.03127	440
2025-01-08 19:15:00	1.03129	1.03222	1.03129	1.03214	443
2025-01-08 19:20:00	1.03213	1.03228	1.03201	1.03217	447
2025-01-08 19:25:00	1.03216	1.03242	1.03192	1.03237	468
2025-01-08 19:30:00	1.03236	1.03236	1.03171	1.03171	567
2025-01-08 19:35:00	1.03172	1.03185	1.03126	1.03128	879
2025-01-08 19:40:00	1.03128	1.03141	1.03116	1.03116	477
2025-01-08 19:45:00	1.03116	1.03125	1.03097	1.03107	359
2025-01-08 19:50:00	1.03107	1.03121	1.03088	1.03097	608
2025-01-08 19:55:00	1.03098	1.03102	1.03081	1.0309	457
2025-01-08 20:00:00	1.03091	1.03121	1.0309	1.03107	393
2025-01-08 20:05:00	1.03106	1.03115	1.03096	1.0311	259
2025-01-08 20:10:00	1.0311	1.03112	1.03079	1.03088	288
2025-01-08 20:15:00	1.03088	1.03131	1.03088	1.03128	432
2025-01-08 20:20:00	1.03126	1.03131	1.03107	1.03117	536
2025-01-08 20:25:00	1.03117	1.03126	1.03107	1.03116	400
2025-01-08 20:30:00	1.03116	1.03126	1.03107	1.03118	293
2025-01-08 20:35:00	1.03117	1.03125	1.03109	1.03117	174
2025-01-08 20:40:00	1.03117	1.03152	1.03116	1.03152	211
2025-01-08 20:45:00	1.03152	1.03167	1.0313	1.03157	338
2025-01-08 20:50:00	1.03158	1.03163	1.0315	1.03157	172
2025-01-08 20:55:00	1.03157	1.03163	1.03141	1.0316	282
2025-01-08 21:00:00	1.03161	1.03183	1.0316	1.03182	186
2025-01-08 21:05:00	1.03183	1.03191	1.03175	1.03189	94
2025-01-08 21:10:00	1.03191	1.03191	1.03167	1.03172	119
2025-01-08 21:15:00	1.03174	1.03181	1.03172	1.03175	83
2025-01-08 21:20:00	1.03173	1.03173	1.03161	1.03161	54
2025-01-08 21:25:00	1.03161	1.03162	1.03155	1.03157	72
2025-01-08 21:30:00	1.03156	1.03158	1.0315	1.03156	93
2025-01-08 21:35:00	1.03155	1.03163	1.03146	1.03153	163
2025-01-08 21:40:00	1.03154	1.0316	1.03149	1.03153	104
2025-01-08 21:45:00	1.03154	1.03171	1.03154	1.03168	133
2025-01-08 21:50:00	1.03169	1.0319	1.03166	1.03177	121
2025-01-08 21:55:00	1.03178	1.03196	1.03178	1.03178	170
2025-01-08 22:00:00	1.03178	1.03178	1.03157	1.03157	23
2025-01-08 22:05:00	1.03168	1.03169	1.03156	1.03157	57
2025-01-08 22:10:00	1.03157	1.0316	1.03157	1.03157	216
2025-01-08 22:15:00	1.03158	1.03173	1.03158	1.03173	73
2025-01-08 22:20:00	1.03173	1.03177	1.03172	1.03173	31
2025-01-08 22:25:00	1.03173	1.03177	1.03173	1.03176	38
2025-01-08 22:30:00	1.0318	1.0318	1.03175	1.03176	12
2025-01-08 22:35:00	1.03176	1.03179	1.03172	1.03179	29
2025-01-08 22:40:00	1.03179	1.03181	1.03178	1.03178	19
2025-01-08 22:45:00	1.03178	1.03178	1.03175	1.03178	44
2025-01-08 22:50:00	1.03175	1.03179	1.03174	1.03179	16
2025-01-08 22:55:00	1.03179	1.03179	1.03178	1.03178	29
2025-01-08 23:00:00	1.03178	1.03186	1.03169	1.03171	93
2025-01-08 23:05:00	1.03171	1.03179	1.03168	1.03172	53
2025-01-08 23:10:00	1.03172	1.03175	1.03152	1.03156	124
2025-01-08 23:15:00	1.03156	1.03157	1.03138	1.03143	104
2025-01-08 23:20:00	1.03143	1.03148	1.03139	1.03146	109
2025-01-08 23:25:00	1.03145	1.03155	1.03145	1.03151	64
2025-01-08 23:30:00	1.03152	1.03157	1.03149	1.03151	136
2025-01-08 23:35:00	1.03152	1.03159	1.0315	1.03158	63
2025-01-08 23:40:00	1.03158	1.03167	1.03153	1.03164	26
2025-01-08 23:45:00	1.03165	1.03166	1.03151	1.03153	53
2025-01-08 23:50:00	1.03154	1.03159	1.03148	1.03149	74
2025-01-08 23:55:00	1.03149	1.03151	1.03132	1.03132	115
2025-01-09 00:00:00	1.03133	1.03147	1.03133	1.03141	186
2025-01-09 00:05:00	1.0314	1.03143	1.03122	1.03123	268
2025-01-09 00:10:00	1.03123	1.03124	1.03105	1.03112	222
2025-01-09 00:15:00	1.03111	1.03122	1.03106	1.03121	555
2025-01-09 00:20:00	1.03122	1.03124	1.03106	1.03115	379
2025-01-09 00:25:00	1.03114	1.03123	1.03114	1.03121	609
2025-01-09 00:30:00	1.03122	1.03124	1.03049	1.03049	872
2025-01-09 00:35:00	1.03051	1.03074	1.03051	1.03073	739
2025-01-09 00:40:00	1.03075	1.03083	1.03068	1.03083	486
2025-01-09 00:45:00	1.03083	1.03093	1.03083	1.03086	491
2025-01-09 00:50:00	1.03087	1.03094	1.03071	1.03071	695
2025-01-09 00:55:00	1.03072	1.03133	1.03071	1.03131	654
2025-01-09 01:00:00	1.03131	1.03144	1.03119	1.03126	734
2025-01-09 01:05:00	1.03127	1.03139	1.03114	1.03138	653
2025-01-09 01:10:00	1.03138	1.03147	1.03128	1.03133	570
2025-01-09 01:15:00	1.03133	1.03167	1.03133	1.03158	880
2025-01-09 01:20:00	1.03158	1.03173	1.03157	1.03167	587
2025-01-09 01:25:00	1.03167	1.03167	1.03159	1.03162	230
2025-01-09 01:30:00	1.0316	1.03164	1.03143	1.03154	442
2025-01-09 01:35:00	1.03153	1.03154	1.03134	1.03142	683
2025-01-09 01:40:00	1.03144	1.03153	1.03139	1.03141	707
2025-01-09 01:45:00	1.0314	1.03141	1.03121	1.03138	530
2025-01-09 01:50:00	1.03137	1.03149	1.03136	1.0314	573
2025-01-09 01:55:00	1.03141	1.03148	1.03135	1.03143	301
2025-01-09 02:00:00	1.03144	1.03159	1.03141	1.03159	277
2025-01-09 02:05:00	1.03159	1.0317	1.03158	1.03161	497
2025-01-09 02:10:00	1.03162	1.03174	1.03159	1.03171	429
2025-01-09 02:15:00	1.03172	1.03187	1.03168	1.03187	478
2025-01-09 02:20:00	1.03186	1032	1.03178	1.0318	193
2025-01-09 02:25:00	1.0318	1.03183	1.03167	1.03168	169
2025-01-09 02:30:00	1.03169	1.03172	1.03154	1.03159	204
2025-01-09 02:35:00	1.0316	1.03166	1.03152	1.03153	420
2025-01-09 02:40:00	1.03151	1.03172	1.03148	1.03163	521
2025-01-09 02:45:00	1.03163	1.03176	1.03163	1.03167	495
2025-01-09 02:50:00	1.03168	1.03168	1.03154	1.03164	474
2025-01-09 02:55:00	1.03165	1.03173	1.03159	1.03165	625
2025-01-09 03:00:00	1.03165	1.03169	1.0316	1.03168	344
2025-01-09 03:05:00	1.03169	1.03195	1.03169	1.03191	296
2025-01-09 03:10:00	1.03192	1.03214	1.0319	1.03203	521
2025-01-09 03:15:00	1.03203	1.03209	1.03189	1.03193	547
2025-01-09 03:20:00	1.03193	1.03194	1.03185	1.03191	266
2025-01-09 03:25:00	1.03191	1.03193	1.03176	1.03183	437
2025-01-09 03:30:00	1.03183	1.03197	1.0318	1.03197	320
2025-01-09 03:35:00	1.03198	1032	1.03184	1.03188	586
2025-01-09 03:40:00	1.03188	1.03191	1.03178	1.03181	329
2025-01-09 03:45:00	1.03182	1.03184	1.0314	1.03142	325
2025-01-09 03:50:00	1.03143	1.03143	1.03115	1.03119	335
2025-01-09 03:55:00	1.0312	1.03125	1.03108	1.0311	578
2025-01-09 04:00:00	1.03109	1.03123	1031	1.03105	438
2025-01-09 04:05:00	1.03105	1.03105	1.03076	1.03081	507
2025-01-09 04:10:00	1.03082	1.03082	1.03056	1.03072	653
2025-01-09 04:15:00	1.03073	1.03083	1.03065	1.03069	478
2025-01-09 04:20:00	1.03068	1.03084	1.03059	1.03083	400
2025-01-09 04:25:00	1.03083	1.03097	1.03082	1.03095	454
2025-01-09 04:30:00	1.03094	1.03094	1.03068	1.03072	520
2025-01-09 04:35:00	1.03073	1.03077	1.03067	1.03074	385
2025-01-09 04:40:00	1.03074	1.03083	1.03074	1.03078	150
2025-01-09 04:45:00	1.03077	1.03092	1.03073	1.03085	465
2025-01-09 04:50:00	1.03085	1.0309	1.03081	1.03088	307
2025-01-09 04:55:00	1.03089	1.03093	1.03086	1.0309	219
2025-01-09 05:00:00	1.03089	1.03097	1.03076	1.03087	624
2025-01-09 05:05:00	1.03086	1.03113	1.03084	1.03112	711
2025-01-09 05:10:00	1.03111	1.03117	1.03104	1.03109	594
2025-01-09 05:15:00	1.03108	1.03125	1.03107	1.03116	450
2025-01-09 05:20:00	1.03117	1.03122	1.03107	1.03109	402
2025-01-09 05:25:00	1.03108	1.03109	1.03093	1.03096	259
2025-01-09 05:30:00	1.03097	1.0311	1.03082	1.03107	602
2025-01-09 05:35:00	1.03106	1.0312	1.03099	1.0312	747
2025-01-09 05:40:00	1.03119	1.03119	1.03084	1.03084	634
2025-01-09 05:45:00	1.03083	1.03105	1.03083	1.03105	433
2025-01-09 05:50:00	1.03104	1.03111	1.03096	1.03097	576
2025-01-09 05:55:00	1.03096	1.03096	1.03053	1.03066	647
2025-01-09 06:00:00	1.03065	1.03067	1.03047	1.03047	353
2025-01-09 06:05:00	1.03048	1.03051	1.03015	1.03015	533
2025-01-09 06:10:00	1.03015	1.03016	1.0297	1.02992	2119
2025-01-09 06:15:00	1.02993	1.03024	1.02993	1.03013	733
2025-01-09 06:20:00	1.03013	1.0303	1.0301	1.03024	702
2025-01-09 06:25:00	1.03022	1.03023	1.03008	1.03012	836
2025-01-09 06:30:00	1.03012	1.03048	1.03009	1.03041	547
2025-01-09 06:35:00	1.03039	1.0305	1.03034	1.03047	461
2025-01-09 06:40:00	1.03047	1.03065	1.03047	1.03057	387
2025-01-09 06:45:00	1.03057	1.03077	1.03052	1.03076	638
2025-01-09 06:50:00	1.03078	1.03082	1.03034	1.03047	661
2025-01-09 06:55:00	1.03046	1.03046	1.0297	1.03002	1680
2025-01-09 07:00:00	1.03001	1.03042	1.02992	1.03037	970
2025-01-09 07:05:00	1.03036	1.03043	1.02998	1.03024	861
2025-01-09 07:10:00	1.03023	1.03063	1.03007	1.03052	828
2025-01-09 07:15:00	1.03053	1.03082	1.03048	1.03061	771
2025-01-09 07:20:00	1.03061	1.03075	1.03022	1.03041	975
2025-01-09 07:25:00	1.0304	1.0305	1.03022	1.03033	812
2025-01-09 07:30:00	1.03034	1.03036	1.0297	1.02971	1378
2025-01-09 07:35:00	1.02972	1.02992	1.02969	1.02981	941
2025-01-09 07:40:00	1.02982	1.02991	1.0293	1.0294	1533
2025-01-09 07:45:00	1.02939	1.02966	1.02936	1.02946	1209
2025-01-09 07:50:00	1.02947	1.02964	1.02944	1.02958	1061
2025-01-09 07:55:00	1.02956	1.02965	1.02877	1.02909	2580
2025-01-09 08:00:00	1.0291	1.02942	1.02836	1.02851	3740
2025-01-09 08:05:00	1.02851	1.02928	1.02849	1.02922	2444
2025-01-09 08:10:00	1.02922	1.02972	1.02918	1.02941	1669
2025-01-09 08:15:00	1.02942	1.02991	1.02927	1.02972	2036
2025-01-09 08:20:00	1.02972	1.03008	1.02957	1.02993	1973
2025-01-09 08:25:00	1.02993	1.03043	1.02982	1.02992	1981
2025-01-09 08:30:00	1.0299	1.03032	1.0298	1.03032	1763
2025-01-09 08:35:00	1.0303	1.03032	1.02996	1.03018	1923
2025-01-09 08:40:00	1.03019	1.03046	1.03	1.03006	1335
2025-01-09 08:45:00	1.03006	1.03016	1.02977	1.03004	1451
2025-01-09 08:50:00	1.03003	1.03043	1.03001	1.03042	1211
2025-01-09 08:55:00	1.03042	1.03076	1.03037	1.03076	1461
2025-01-09 09:00:00	1.03077	1.03099	1.03045	1.03047	1408
2025-01-09 09:05:00	1.03046	1.03058	1.03031	1.03046	1422
2025-01-09 09:10:00	1.03047	1.03077	1.03041	1.03063	1330
2025-01-09 09:15:00	1.03063	1.03175	1.03049	1.03151	1269
2025-01-09 09:20:00	1.03152	1.03171	1.03101	1.03102	1069
2025-01-09 09:25:00	1.03102	1.03151	1.03092	1.03133	1061
2025-01-09 09:30:00	1.03134	1.03155	1.03124	1.03138	933
2025-01-09 09:35:00	1.03138	1.03148	1.03108	1.03125	1236
2025-01-09 09:40:00	1.03126	1.03154	1.03092	1.03107	1688
2025-01-09 09:45:00	1.0311	1.03117	1.03052	1.03053	1566
2025-01-09 09:50:00	1.03052	1.03081	1.03031	1.03034	1256
2025-01-09 09:55:00	1.03035	1.03065	1.03034	1.03056	698
2025-01-09 10:00:00	1.03057	1.03068	1.03001	1.03008	1278
2025-01-09 10:05:00	1.03008	1.03038	1.03004	1.03028	902
2025-01-09 10:10:00	1.0303	1.03065	1.03028	1.03063	1183
2025-01-09 10:15:00	1.03063	1.03073	1.03053	1.03064	922
2025-01-09 10:20:00	1.03067	1.03119	1.03064	1.03119	1007
2025-01-09 10:25:00	1.0312	1.03124	1.03099	1.03106	772
2025-01-09 10:30:00	1.03105	1.03113	1.03087	1.03108	754
2025-01-09 10:35:00	1.03108	1.03114	1.03067	1.0307	1180
2025-01-09 10:40:00	1.03071	1.03085	1.02996	1.03022	2280
2025-01-09 10:45:00	1.03023	1.03069	1.0302	1.03043	1290
2025-01-09 10:50:00	1.03043	1.03066	1.03042	1.03057	873
2025-01-09 10:55:00	1.03058	1.03076	1.03017	1.03029	2138
2025-01-09 11:00:00	1.0303	1.03035	1.02995	1.03008	2055
2025-01-09 11:05:00	1.0301	1.03024	1.02996	1.03003	1542
2025-01-09 11:10:00	1.03003	1.03016	1.02996	1.03002	1280
2025-01-09 11:15:00	1.03001	1.03001	1.02976	1.02977	2141
2025-01-09 11:20:00	1.02976	1.03003	1.02968	1.02997	1243
2025-01-09 11:25:00	1.02997	1.03018	1.0298	1.03002	834
2025-01-09 11:30:00	1.03003	1.0301	1.02984	1.02999	968
2025-01-09 11:35:00	1.03	1.03018	1.0299	1.03	1100
2025-01-09 11:40:00	1.02999	1.03017	1.02991	1.03015	1284
2025-01-09 11:45:00	1.03015	1.03018	1.03	1.0301	1060
2025-01-09 11:50:00	1.0301	1.03044	1.03004	1.03018	1307
2025-01-09 11:55:00	1.03017	1.03032	1.02996	1.03011	837
2025-01-09 12:00:00	1.03011	1.03026	1.03005	1.03018	974
2025-01-09 12:05:00	1.03017	1.03017	1.02996	1.0301	1100
2025-01-09 12:10:00	1.0301	1.03029	1.02996	1.03017	798
2025-01-09 12:15:00	1.03016	1.0304	1.03011	1.03019	921
2025-01-09 12:20:00	1.03019	1.03019	1.03002	1.03007	1084
2025-01-09 12:25:00	1.03006	1.03026	1.02982	1.0301	569
2025-01-09 12:30:00	1.03011	1.03025	1.02992	1.03022	894
2025-01-09 12:35:00	1.03023	1.03032	1.02991	1.02992	1029
2025-01-09 12:40:00	1.02993	1.02997	1.02959	1.02993	777
2025-01-09 12:45:00	1.02994	1.03025	1.02984	1.03016	632
2025-01-09 12:50:00	1.03017	1.0303	1.02999	1.03013	514
2025-01-09 12:55:00	1.03012	1.03049	1.02999	1.03034	902
2025-01-09 13:00:00	1.03034	1.03037	1.03008	1.03023	1353
2025-01-09 13:05:00	1.03021	1.03063	1.03012	1.03049	655
2025-01-09 13:10:00	1.0305	1.0308	1.03041	1.03064	1030
2025-01-09 13:15:00	1.03064	1.03094	1.03054	1.03078	746
2025-01-09 13:20:00	1.03077	1.03097	1.03064	1.03078	1323
2025-01-09 13:25:00	1.03078	1.03123	1.03059	1.03117	1254
2025-01-09 13:30:00	1.03118	1.0319	1.03117	1.03161	936
2025-01-09 13:35:00	1.03162	1.03162	1.03128	1.03137	703
2025-01-09 13:40:00	1.03137	1.03152	1.03114	1.03124	691
2025-01-09 13:45:00	1.03124	1.03132	1.03101	1.03123	1232
2025-01-09 13:50:00	1.03125	1.03134	1.03091	1.03099	1171
2025-01-09 13:55:00	1031	1031	1.03053	1.03078	601
2025-01-09 14:00:00	1.03078	1.03101	1.03072	1.03086	1063
2025-01-09 14:05:00	1.03086	1.03121	1.03082	1.03121	1552
2025-01-09 14:10:00	1.03121	1.03131	1.03079	1.03124	1341
2025-01-09 14:15:00	1.03123	1.03145	1.03106	1.03106	1807
2025-01-09 14:20:00	1.03106	1.03131	1.03106	1.03119	938
2025-01-09 14:25:00	1.03122	1.03128	1.03089	1.03099	895
2025-01-09 14:30:00	1.03099	1.03103	1.03052	1.0308	1152
2025-01-09 14:35:00	1.03081	1.03119	1.03078	1.03106	985
2025-01-09 14:40:00	1.03106	1.03112	1.03081	1.03082	1134
2025-01-09 14:45:00	1.03081	1.0309	1.03053	1.03062	1405
2025-01-09 14:50:00	1.03061	1.03112	1.03058	1.03095	1434
2025-01-09 14:55:00	1.03095	1.03099	1.03056	1.03073	1290
2025-01-09 15:00:00	1.03073	1.03095	1.03041	1.03046	1045
2025-01-09 15:05:00	1.03047	1.03052	1.03002	1.03019	1041
2025-01-09 15:10:00	1.03018	1.03039	1.03006	1.03032	779
2025-01-09 15:15:00	1.03031	1.03039	1.03007	1.0301	837
2025-01-09 15:20:00	1.03012	1.03031	1.03006	1.03022	637
2025-01-09 15:25:00	1.03023	1.03051	1.03023	1.03042	485
2025-01-09 15:30:00	1.03042	1.03042	1.03017	1.03026	502
2025-01-09 15:35:00	1.03026	1.03028	1.03002	1.03026	818
2025-01-09 15:40:00	1.03025	1.03026	1.02971	1.02978	939
2025-01-09 15:45:00	1.02978	1.03015	1.02947	1.03002	1635
2025-01-09 15:50:00	1.03001	1.03009	1.02961	1.02966	1316
2025-01-09 15:55:00	1.02967	1.03002	1.02966	1.02992	1397
2025-01-09 16:00:00	1.02993	1.03	1.02935	1.02951	1450
2025-01-09 16:05:00	1.02953	1.02981	1.0295	1.02966	1076
2025-01-09 16:10:00	1.02965	1.02987	1.0296	1.02983	688
2025-01-09 16:15:00	1.02983	1.02995	1.02964	1.0297	890
2025-01-09 16:20:00	1.0297	1.02983	1.02942	1.02944	759
2025-01-09 16:25:00	1.02944	1.0296	1.02936	1.0295	808
2025-01-09 16:30:00	1.02951	1.02951	1.02921	1.02926	699
2025-01-09 16:35:00	1.02925	1.02966	1.0291	1.02966	1125
2025-01-09 16:40:00	1.02966	1.03007	1.02956	1.03006	842
2025-01-09 16:45:00	1.03005	1.0301	1.03001	1.03002	419
2025-01-09 16:50:00	1.03001	1.03006	1.02977	1.02978	699
2025-01-09 16:55:00	1.02977	1.03	1.02962	1.02972	956
2025-01-09 17:00:00	1.02973	1.03013	1.02972	1.03001	489
2025-01-09 17:05:00	1.03	1.03017	1.02992	1.02997	735
2025-01-09 17:10:00	1.02997	1.03003	1.02982	1.02997	842
2025-01-09 17:15:00	1.02998	1.03006	1.02972	1.02973	832
2025-01-09 17:20:00	1.02974	1.02974	1.02953	1.02953	593
2025-01-09 17:25:00	1.02953	1.02987	1.02952	1.02973	448
2025-01-09 17:30:00	1.02973	1.02973	1.02941	1.02954	634
2025-01-09 17:35:00	1.02955	1.02958	1.02937	1.02945	889
2025-01-09 17:40:00	1.02946	1.02956	1.02943	1.02953	650
2025-01-09 17:45:00	1.02954	1.0296	1.0294	1.02952	475
2025-01-09 17:50:00	1.02953	1.02974	1.0294	1.02972	501
2025-01-09 17:55:00	1.02973	1.02984	1.02957	1.02974	582
2025-01-09 18:00:00	1.02972	1.02972	1.02963	1.02964	609
2025-01-09 18:05:00	1.02966	1.02967	1.02939	1.02962	807
2025-01-09 18:10:00	1.02961	1.02968	1.02949	1.02968	578
2025-01-09 18:15:00	1.02969	1.02971	1.02957	1.02968	309
2025-01-09 18:20:00	1.02968	1.02983	1.02963	1.02981	353
2025-01-09 18:25:00	1.02982	1.02995	1.02982	1.02994	213
2025-01-09 18:30:00	1.02995	1.03011	1.02992	1.03007	273
2025-01-09 18:35:00	1.03008	1.03014	1.03003	1.03009	353
2025-01-09 18:40:00	1.0301	1.03017	1.03008	1.03017	225
2025-01-09 18:45:00	1.03016	1.03024	1.0301	1.0301	336
2025-01-09 18:50:00	1.0301	1.03012	1.02987	1.03008	438
2025-01-09 18:55:00	1.03007	1.03008	1.02994	1.03001	491
2025-01-09 19:00:00	1.03002	1.0302	1.03002	1.03017	348
2025-01-09 19:05:00	1.03018	1.03019	1.03003	1.03016	178
2025-01-09 19:10:00	1.03015	1.03015	1.02988	1.02989	226
2025-01-09 19:15:00	1.02989	1.02995	1.02986	1.0299	193
2025-01-09 19:20:00	1.02989	1.02989	1.02979	1.02983	158
2025-01-09 19:25:00	1.02984	1.03005	1.02983	1.03002	261
2025-01-09 19:30:00	1.03001	1.03008	1.02993	1.03004	347
2025-01-09 19:35:00	1.03003	1.03009	1.03	1.03009	363
2025-01-09 19:40:00	1.03008	1.03008	1.02987	1.03	315
2025-01-09 19:45:00	1.03001	1.03004	1.02996	1.02998	137
2025-01-09 19:50:00	1.02997	1.03019	1.02988	1.03013	344
2025-01-09 19:55:00	1.03014	1.03014	1.02977	1.02979	217
2025-01-09 20:00:00	1.0298	1.02993	1.0298	1.02992	174
2025-01-09 20:05:00	1.02991	1.03011	1.02988	1.03009	163
2025-01-09 20:10:00	1.0301	1.03011	1.0299	1.03003	185
2025-01-09 20:15:00	1.03003	1.0301	1.02997	1.03004	107
2025-01-09 20:20:00	1.03005	1.03016	1.03004	1.03016	254
2025-01-09 20:25:00	1.03015	1.03016	1.03005	1.03009	207
2025-01-09 20:30:00	1.03009	1.03025	1.03009	1.0302	387
2025-01-09 20:35:00	1.03022	1.0303	1.0302	1.0303	151
2025-01-09 20:40:00	1.0303	1.03035	1.03024	1.03035	107
2025-01-09 20:45:00	1.03034	1.03035	1.03023	1.03023	97
2025-01-09 20:50:00	1.03023	1.03023	1.0301	1.03018	164
2025-01-09 20:55:00	1.03018	1.03018	1.0301	1.03011	241
2025-01-09 21:00:00	1.0301	1.0301	1.02992	1.02998	367
2025-01-09 21:05:00	1.02998	1.02999	1.02992	1.02994	186
2025-01-09 21:10:00	1.02994	1.02996	1.02991	1.02996	33
2025-01-09 21:15:00	1.02997	1.02998	1.02993	1.02998	46
2025-01-09 21:20:00	1.02998	1.03008	1.02998	1.03008	28
2025-01-09 21:25:00	1.03008	1.03008	1.03002	1.03003	62
2025-01-09 21:30:00	1.03003	1.03006	1.03003	1.03004	110
2025-01-09 21:35:00	1.03005	1.03006	1.02993	1.02997	236
2025-01-09 21:40:00	1.02996	1.03	1.02993	1.02998	388
2025-01-09 21:45:00	1.03	1.03002	1.02995	1.02995	441
2025-01-09 21:50:00	1.02995	1.02995	1.02991	1.02995	205
2025-01-09 21:55:00	1.02996	1.03005	1.0299	1.0299	167
2025-01-09 22:00:00	1.0299	1.0301	1.0299	1.03001	89
2025-01-09 22:05:00	1.03	1.03003	1.02995	1.03003	47
2025-01-09 22:10:00	1.03003	1.03003	1.02995	1.03003	31
2025-01-09 22:15:00	1.03003	1.03008	1.03	1.03008	5
2025-01-09 22:20:00	1.03008	1.03015	1.03002	1.03002	71
2025-01-09 22:25:00	1.03002	1.03004	1.02993	1.02993	42
2025-01-09 22:30:00	1.02993	1.02993	1.02975	1.02979	65
2025-01-09 22:35:00	1.0297	1.02976	1.02959	1.02974	138
2025-01-09 22:40:00	1.02977	1.02979	1.02972	1.02977	80
2025-01-09 22:45:00	1.02979	1.02984	1.02976	1.02978	507
2025-01-09 22:50:00	1.02977	1.02995	1.02975	1.02995	264
2025-01-09 22:55:00	1.02994	1.03007	1.02991	1.03006	114
2025-01-09 23:00:00	1.03007	1.03013	1.0299	1.03005	560
2025-01-09 23:05:00	1.03004	1.03005	1.02994	1.02998	127
2025-01-09 23:10:00	1.02998	1.03001	1.0299	1.02992	146
2025-01-09 23:15:00	1.02991	1.02997	1.02985	1.02986	143
2025-01-09 23:20:00	1.02987	1.02992	1.02985	1.02986	177
2025-01-09 23:25:00	1.02989	1.02998	1.02989	1.02997	31
2025-01-09 23:30:00	1.02997	1.02997	1.02971	1.02972	77
2025-01-09 23:35:00	1.02972	1.02977	1.0297	1.02973	59
2025-01-09 23:40:00	1.02973	1.02979	1.0297	1.02972	70
2025-01-09 23:45:00	1.02972	1.02974	1.02968	1.02973	85
2025-01-09 23:50:00	1.02972	1.02972	1.0296	1.02965	122
2025-01-09 23:55:00	1.02966	1.02973	1.02956	1.02964	139
2025-01-10 00:00:00	1.02965	1.0299	1.02959	1.02972	216
2025-01-10 00:05:00	1.02972	1.03001	1.02972	1.02995	116
2025-01-10 00:10:00	1.02994	1.03002	1.02977	1.02987	175
2025-01-10 00:15:00	1.02986	1.02987	1.02947	1.02948	251
2025-01-10 00:20:00	1.02941	1.02956	1.02925	1.02928	231
2025-01-10 00:25:00	1.0293	1.02958	1.0293	1.02943	252
2025-01-10 00:30:00	1.02942	1.02944	1.0292	1.02934	290
2025-01-10 00:35:00	1.02934	1.0294	1.02933	1.02938	83
2025-01-10 00:40:00	1.0294	1.02941	1.02925	1.02937	234
2025-01-10 00:45:00	1.02936	1.0295	1.02931	1.02938	132
2025-01-10 00:50:00	1.02939	1.02951	1.0293	1.02951	251
2025-01-10 00:55:00	1.02952	1.0297	1.02938	1.02954	361
2025-01-10 01:00:00	1.02953	1.02974	1.02935	1.02972	221
2025-01-10 01:05:00	1.0297	1.02986	1.02968	1.0298	239
2025-01-10 01:10:00	1.02981	1.02989	1.02979	1.02988	160
2025-01-10 01:15:00	1.02987	1.03001	1.02978	1.03001	194
2025-01-10 01:20:00	1.03001	1.03016	1.02995	1.03013	200
2025-01-10 01:25:00	1.03013	1.03033	1.03013	1.03015	170
2025-01-10 01:30:00	1.03014	1.03025	1.03007	1.03007	147
2025-01-10 01:35:00	1.03007	1.03033	1.02991	1.03032	238
2025-01-10 01:40:00	1.03033	1.03044	1.03023	1.03028	142
2025-01-10 01:45:00	1.03028	1.03035	1.03025	1.03032	158
2025-01-10 01:50:00	1.03032	1.03034	1.03023	1.03033	182
2025-01-10 01:55:00	1.03032	1.03036	1.03004	1.03018	271
2025-01-10 02:00:00	1.03018	1.03037	1.03017	1.03017	212
2025-01-10 02:05:00	1.03017	1.03022	1.02997	1.02998	192
2025-01-10 02:10:00	1.02998	1.03013	1.02993	1.0301	117
2025-01-10 02:15:00	1.0301	1.03015	1.03	1.03	115
2025-01-10 02:20:00	1.03	1.03015	1.02996	1.03013	144
2025-01-10 02:25:00	1.03013	1.03019	1.03008	1.03013	111
2025-01-10 02:30:00	1.03014	1.03032	1.03012	1.03018	128
2025-01-10 02:35:00	1.03017	1.03023	1.02993	1.02994	94
2025-01-10 02:40:00	1.02994	1.02995	1.02983	1.02993	56
2025-01-10 02:45:00	1.02992	1.03005	1.02984	1.03003	101
2025-01-10 02:50:00	1.03004	1.03019	1.03004	1.03015	75
2025-01-10 02:55:00	1.03014	1.03021	1.03011	1.03016	160
2025-01-10 03:00:00	1.03015	1.03016	1.02997	1.0301	148
2025-01-10 03:05:00	1.03008	1.03022	1.03006	1.03021	113
2025-01-10 03:10:00	1.03022	1.03032	1.03021	1.03026	129
2025-01-10 03:15:00	1.03026	1.03026	1.0301	1.03013	59
2025-01-10 03:20:00	1.03013	1.03016	1.03007	1.03014	84
2025-01-10 03:25:00	1.03014	1.03015	1.03	1.03002	100
2025-01-10 03:30:00	1.03003	1.03004	1.02983	1.02985	189
2025-01-10 03:35:00	1.02985	1.03	1.02985	1.02999	114
2025-01-10 03:40:00	1.03001	1.03009	1.03001	1.03005	50
2025-01-10 03:45:00	1.03005	1.03007	1.02993	1.03002	78
2025-01-10 03:50:00	1.03003	1.03007	1.02995	1.02999	85
2025-01-10 03:55:00	1.03	1.03003	1.02977	1.02985	217
2025-01-10 04:00:00	1.02983	1.02998	1.02983	1.02983	141
2025-01-10 04:05:00	1.02983	1.02983	1.02974	1.02978	97
2025-01-10 04:10:00	1.02978	1.02982	1.02968	1.02976	187
2025-01-10 04:15:00	1.02977	1.02982	1.02966	1.02978	97
2025-01-10 04:20:00	1.02979	1.02981	1.02975	1.02979	61
2025-01-10 04:25:00	1.02978	1.0298	1.02971	1.02972	66
2025-01-10 04:30:00	1.02972	1.02972	1.02956	1.02956	72
2025-01-10 04:35:00	1.02957	1.02958	1.02936	1.02953	121
2025-01-10 04:40:00	1.02954	1.02954	1.02935	1.02947	161
2025-01-10 04:45:00	1.02946	1.02946	1.02936	1.02942	132
2025-01-10 04:50:00	1.02944	1.02962	1.0294	1.02962	146
2025-01-10 04:55:00	1.02962	1.02963	1.02946	1.0295	77
2025-01-10 05:00:00	1.0295	1.02957	1.02938	1.0294	102
2025-01-10 05:05:00	1.02941	1.02949	1.02939	1.02946	171
2025-01-10 05:10:00	1.02947	1.02967	1.02946	1.02956	130
2025-01-10 05:15:00	1.02956	1.02967	1.02954	1.02965	121
2025-01-10 05:20:00	1.02965	1.02974	1.02962	1.02962	229
2025-01-10 05:25:00	1.02962	1.02962	1.02948	1.02948	440
2025-01-10 05:30:00	1.02949	1.02949	1.02916	1.02916	563
2025-01-10 05:35:00	1.02917	1.02925	1.02901	1.02922	430
2025-01-10 05:40:00	1.02922	1.02927	1.02916	1.02926	323
2025-01-10 05:45:00	1.02926	1.02926	1.02899	1029	420
2025-01-10 05:50:00	1029	1.02907	1.02891	1.02905	670
2025-01-10 05:55:00	1.02905	1.02905	1.02847	1.02857	943
2025-01-10 06:00:00	1.02858	1.02879	1.02851	1.02862	776
2025-01-10 06:05:00	1.02861	1.02882	1.02856	1.02861	908
2025-01-10 06:10:00	1.0286	1.02863	1.02824	1.02827	865
2025-01-10 06:15:00	1.02828	1.02841	1.02823	1.02832	689
2025-01-10 06:20:00	1.02831	1.02841	1.02828	1.02828	516
2025-01-10 06:25:00	1.02828	1.02849	1.02822	1.02847	747
2025-01-10 06:30:00	1.02846	1.02864	1.02844	1.02856	842
2025-01-10 06:35:00	1.02856	1.02857	1.02827	1.02831	437
2025-01-10 06:40:00	1.02831	1.02841	1.02826	1.02841	538
2025-01-10 06:45:00	1.02841	1.02851	1.02823	1.02823	466
2025-01-10 06:50:00	1.02823	1.02833	1.02812	1.02817	675
2025-01-10 06:55:00	1.02816	1.02831	1.02812	1.02817	600
2025-01-10 07:00:00	1.02817	1.02844	1.02811	1.02843	871
2025-01-10 07:05:00	1.02844	1.02879	1.02842	1.02877	888
2025-01-10 07:10:00	1.02878	1.02896	1.02865	1.02865	925
2025-01-10 07:15:00	1.02864	1.02908	1.02862	1.02903	675
2025-01-10 07:20:00	1.02903	1.02909	1.02857	1.02874	721
2025-01-10 07:25:00	1.02873	1.02891	1.02858	1.02883	593
2025-01-10 07:30:00	1.02883	1.02922	1.02883	1.02902	879
2025-01-10 07:35:00	1.02903	1.02927	1.02903	1.02912	549
2025-01-10 07:40:00	1.02912	1.02927	1.02899	1.02922	781
2025-01-10 07:45:00	1.02922	1.02948	1.02917	1.02937	898
2025-01-10 07:50:00	1.02938	1.02952	1.02925	1.02947	1015
2025-01-10 07:55:00	1.02948	1.02972	1.02944	1.0297	974
2025-01-10 08:00:00	1.02971	1.02971	1.02938	1.02946	972
2025-01-10 08:05:00	1.02947	1.02962	1.02927	1.02952	937
2025-01-10 08:10:00	1.02951	1.02982	1.02936	1.02982	898
2025-01-10 08:15:00	1.02981	1.02981	1.02947	1.02971	750
2025-01-10 08:20:00	1.02971	1.03035	1.02971	1.03033	1096
2025-01-10 08:25:00	1.03032	1.03047	1.03008	1.03014	902
2025-01-10 08:30:00	1.03014	1.03077	1.03013	1.03038	2378
2025-01-10 08:35:00	1.03039	1.03087	1.03032	1.03067	1452
2025-01-10 08:40:00	1.03067	1.03118	1.03066	1.03083	1982
2025-01-10 08:45:00	1.03082	1.03087	1.03033	1.03033	2032
2025-01-10 08:50:00	1.03032	1.03049	1.03006	1.03009	2292
2025-01-10 08:55:00	1.03009	1.03039	1.03007	1.03027	2035
2025-01-10 09:00:00	1.03027	1.03027	1.02991	1.02996	1414
2025-01-10 09:05:00	1.02996	1.03029	1.02995	1.03028	1185
2025-01-10 09:10:00	1.03026	1.03039	1.0299	1.03039	1307
2025-01-10 09:15:00	1.03038	1.03038	1.03017	1.03024	1213
2025-01-10 09:20:00	1.03024	1.03027	1.03001	1.03016	1344
2025-01-10 09:25:00	1.03016	1.03028	1.03006	1.03009	1021
2025-01-10 09:30:00	1.03007	1.03024	1.02995	1.03022	753
2025-01-10 09:35:00	1.03023	1.03031	1.03011	1.03028	644
2025-01-10 09:40:00	1.0303	1.03052	1.03016	1.03048	958
2025-01-10 09:45:00	1.03048	1.03052	1.03033	1.03038	807
2025-01-10 09:50:00	1.03037	1.03058	1.03023	1.03023	746
2025-01-10 09:55:00	1.03023	1.03027	1.02993	1.02998	1037
2025-01-10 10:00:00	1.02999	1.03013	1.02997	1.03004	628
2025-01-10 10:05:00	1.03003	1.03017	1.02999	1.03015	687
2025-01-10 10:10:00	1.03017	1.03048	1.03002	1.03033	683
2025-01-10 10:15:00	1.03033	1.0304	1.03017	1.03022	965
2025-01-10 10:20:00	1.03022	1.03032	1.03003	1.03018	877
2025-01-10 10:25:00	1.03017	1.03052	1.03016	1.03052	734
2025-01-10 10:30:00	1.03051	1.03056	1.03033	1.0304	682
2025-01-10 10:35:00	1.03044	1.03045	1.03012	1.03036	930
2025-01-10 10:40:00	1.03037	1.03057	1.03032	1.03041	754
2025-01-10 10:45:00	1.03041	1.03046	1.03016	1.03036	1180
2025-01-10 10:50:00	1.03034	1.03034	1.03008	1.03015	1186
2025-01-10 10:55:00	1.03014	1.03031	1.03011	1.03021	962
2025-01-10 11:00:00	1.03021	1.03032	1.03017	1.03026	1203
2025-01-10 11:05:00	1.03026	1.03049	1.03016	1.03018	1113
2025-01-10 11:10:00	1.03019	1.03025	1.03001	1.03011	1077
2025-01-10 11:15:00	1.0301	1.03033	1.03007	1.03028	795
2025-01-10 11:20:00	1.03028	1.03034	1.02988	1.03005	761
2025-01-10 11:25:00	1.03005	1.03037	1.03004	1.03023	562
2025-01-10 11:30:00	1.03024	1.0303	1.03006	1.03026	628
2025-01-10 11:35:00	1.03027	1.03036	1.03019	1.03031	665
2025-01-10 11:40:00	1.03032	1.03052	1.03018	1.03022	615
2025-01-10 11:45:00	1.03022	1.03024	1.02995	1.03011	467
2025-01-10 11:50:00	1.03012	1.0302	1.02996	1.02997	1415
2025-01-10 11:55:00	1.02998	1.03033	1.02995	1.03016	1071
2025-01-10 12:00:00	1.03016	1.03022	1.02996	1.03017	418
2025-01-10 12:05:00	1.03017	1.0304	1.02992	1.03006	596
2025-01-10 12:10:00	1.03007	1.03024	1.02992	1.03017	838
2025-01-10 12:15:00	1.03017	1.03026	1.03008	1.03025	635
2025-01-10 12:20:00	1.03026	1.03064	1.03026	1.03062	477
2025-01-10 12:25:00	1.03062	1.03086	1.0305	1.03067	666
2025-01-10 12:30:00	1.0307	1.03093	1.03067	1.03072	445
2025-01-10 12:35:00	1.03071	1.0308	1.03059	1.03073	520
2025-01-10 12:40:00	1.03073	1.0309	1.03057	1.0306	524
2025-01-10 12:45:00	1.03061	1.03072	1.03045	1.03061	778
2025-01-10 12:50:00	1.0306	1.03065	1.03036	1.03043	786
2025-01-10 12:55:00	1.03044	1.03056	1.03035	1.03055	771
2025-01-10 13:00:00	1.03054	1.03089	1.03048	1.03074	381
2025-01-10 13:05:00	1.03074	1.03074	1.03037	1.0304	592
2025-01-10 13:10:00	1.0304	1.03069	1.03026	1.03062	1078
2025-01-10 13:15:00	1.03063	1.03118	1.03063	1.03116	749
2025-01-10 13:20:00	1.03117	1.03117	1.03052	1.0306	853
2025-01-10 13:25:00	1.03061	1.03077	1.03034	1.03055	1491
2025-01-10 13:30:00	1.03046	1.03046	1.02127	1.02241	9181
2025-01-10 13:35:00	1.02238	1.02451	1.02218	1.02346	6891
2025-01-10 13:40:00	1.02348	1.02515	1.02293	1.02504	6536
2025-01-10 13:45:00	1.02505	1.02505	1.02378	1.02474	6422
2025-01-10 13:50:00	1.02475	1.02604	1.02441	1.02592	5973
2025-01-10 13:55:00	1.02593	1026	1.02512	1.02563	5689
2025-01-10 14:00:00	1.02563	1.02648	1.02489	1.02587	6345
2025-01-10 14:05:00	1.02588	1.02602	1.02452	1.02454	5540
2025-01-10 14:10:00	1.02455	1.02573	1.02442	1.02537	4601
2025-01-10 14:15:00	1.02537	1.02684	1.0251	1.02636	4301
2025-01-10 14:20:00	1.02636	1.02658	1.02581	1.0263	5185
2025-01-10 14:25:00	1.02629	1.02663	1.02573	1.02607	4211
2025-01-10 14:30:00	1.02608	1.02608	1.02505	1.02578	4332
2025-01-10 14:35:00	1.02577	1.02675	1.02565	1.02603	5171
2025-01-10 14:40:00	1.02601	1.02727	1.02598	1.02722	3929
2025-01-10 14:45:00	1.02722	1.02723	1.02569	1.02593	2778
2025-01-10 14:50:00	1.02592	1.02592	1.02472	1.02487	1911
2025-01-10 14:55:00	1.02487	1.02534	1.02487	1.02522	2009
2025-01-10 15:00:00	1.02522	1.02522	1.02361	1.02473	2845
2025-01-10 15:05:00	1.02473	1.02531	1.02415	1.02458	2888
2025-01-10 15:10:00	1.02458	1.02573	1.02457	1.02549	2889
2025-01-10 15:15:00	1.02549	1.02671	1.02541	1.02653	1894
2025-01-10 15:20:00	1.02653	1.02748	1.02651	1.02743	2667
2025-01-10 15:25:00	1.02741	1.02787	1.02661	1.02675	1594
2025-01-10 15:30:00	1.02674	1.02674	1.02601	1.02606	1797
2025-01-10 15:35:00	1.02604	1.0266	1.0256	1.02628	2009
2025-01-10 15:40:00	1.02629	1.02629	1.02544	1.02553	1430
2025-01-10 15:45:00	1.02552	1.02628	1.02528	1.02548	1880
2025-01-10 15:50:00	1.02546	1.0255	1.02451	1.02524	1822
2025-01-10 15:55:00	1.02524	1.02533	1.02477	1.02503	1443
2025-01-10 16:00:00	1.02503	1.02511	1.02413	1.02415	1498
2025-01-10 16:05:00	1.02414	1.02447	1.02384	1.02415	1347
2025-01-10 16:10:00	1.02416	1.02421	1.02358	1.02379	1353
2025-01-10 16:15:00	1.02379	1.02398	1.02303	1.02313	1197
2025-01-10 16:20:00	1.02313	1.02351	1.0228	1.02345	1128
2025-01-10 16:25:00	1.02345	1.02377	1.02317	1.02321	1150
2025-01-10 16:30:00	1.02322	1.02355	1.02294	1.02337	1182
2025-01-10 16:35:00	1.02338	1.02379	1.02291	1.02297	1263
2025-01-10 16:40:00	1.02297	1.02328	1.02275	1.0231	992
2025-01-10 16:45:00	1.0231	1.02375	1.02301	1.02369	1008
2025-01-10 16:50:00	1.02369	1.02395	1.02363	1.02385	885
2025-01-10 16:55:00	1.02387	1.02409	1.02365	1.02373	973
2025-01-10 17:00:00	1.02373	1.02387	1.02329	1.02334	1089
2025-01-10 17:05:00	1.02335	1.02435	1.02334	1.02433	919
2025-01-10 17:10:00	1.02434	1.02447	1.02392	1.02442	871
2025-01-10 17:15:00	1.02442	1.02455	1.02387	1.02387	836
2025-01-10 17:20:00	1.02387	1.02387	1.02339	1.02362	801
2025-01-10 17:25:00	1.02361	1.02398	1.02351	1.0239	747
2025-01-10 17:30:00	1.02391	1.02455	1.0239	1.02455	608
2025-01-10 17:35:00	1.02454	1.0249	1.02449	1.02459	633
2025-01-10 17:40:00	1.02458	1.02506	1.02454	1.02485	654
2025-01-10 17:45:00	1.02485	1.02494	1.02462	1.02465	549
2025-01-10 17:50:00	1.02464	1.02464	1.02429	1.02442	1124
2025-01-10 17:55:00	1.02442	1.02475	1.02441	1.02445	1519
2025-01-10 18:00:00	1.02444	1.0246	1.02419	1.0242	1406
2025-01-10 18:05:00	1.02421	1.0244	1.02405	1.02433	1040
2025-01-10 18:10:00	1.02434	1.02436	1.02398	1024	1523
2025-01-10 18:15:00	1024	1024	1.02361	1.02384	1021
2025-01-10 18:20:00	1.02382	1.02415	1.02378	1.02414	752
2025-01-10 18:25:00	1.02415	1.02415	1.02384	1.02399	785
2025-01-10 18:30:00	1024	1024	1.02367	1.02375	738
2025-01-10 18:35:00	1.02375	1.02383	1.02359	1.02374	903
2025-01-10 18:40:00	1.02373	1.02415	1.02373	1.0241	633
2025-01-10 18:45:00	1.02409	1.02428	1.02401	1.02411	773
2025-01-10 18:50:00	1.02409	1.02419	1.02374	1.02375	1012
2025-01-10 18:55:00	1.02376	1.02424	1.0237	1.02415	919
2025-01-10 19:00:00	1.02417	1.02422	1.02363	1.0239	1332
2025-01-10 19:05:00	1.02389	1.0239	1.02348	1.0235	1355
2025-01-10 19:10:00	1.0235	1.02391	1.0235	1.02388	600
2025-01-10 19:15:00	1.0239	1.02414	1.02387	1.0241	1087
2025-01-10 19:20:00	1.02408	1.02415	1.0239	1.02412	860
2025-01-10 19:25:00	1.02412	1.02437	1.02406	1.02406	770
2025-01-10 19:30:00	1.02405	1.02411	1.02384	1.02395	612
2025-01-10 19:35:00	1.02394	1.02445	1.02394	1.02445	588
2025-01-10 19:40:00	1.02444	1.0248	1.02435	1.0246	894
2025-01-10 19:45:00	1.0246	1.0247	1.02435	1.02451	848
2025-01-10 19:50:00	1.02451	1.02489	1.02444	1.0246	1062
2025-01-10 19:55:00	1.02459	1.02475	1.02448	1.02454	1218
2025-01-10 20:00:00	1.02454	1.02454	1.02423	1.02428	1232
2025-01-10 20:05:00	1.02427	1.02446	1.02427	1.02429	578
2025-01-10 20:10:00	1.0243	1.02434	1.02408	1.02417	1186
2025-01-10 20:15:00	1.02416	1.02419	1.0237	1.02378	798
2025-01-10 20:20:00	1.02378	1.02391	1.0237	1.0238	462
2025-01-10 20:25:00	1.02382	1.02405	1.02377	1.02404	486
2025-01-10 20:30:00	1.02405	1.02411	1.02395	1.02405	502
2025-01-10 20:35:00	1.02404	1.02422	1.02395	1.02412	645
2025-01-10 20:40:00	1.02413	1.02437	1.02407	1.0243	486
2025-01-10 20:45:00	1.0243	1.0243	1.02403	1.02411	462
2025-01-10 20:50:00	1.0241	1.02442	1.02407	1.02442	573
2025-01-10 20:55:00	1.02442	1.02458	1.02438	1.02446	960
2025-01-10 21:00:00	1.02445	1.02454	1.02439	1.02448	413
2025-01-10 21:05:00	1.02449	1.02459	1.02446	1.02459	168
2025-01-10 21:10:00	1.0246	1.02479	1.02457	1.02478	209
2025-01-10 21:15:00	1.02479	1.02481	1.02475	1.0248	134
2025-01-10 21:20:00	1.02481	1.02488	1.02466	1.02466	251
2025-01-10 21:25:00	1.02466	1.02466	1.02437	1.0244	261
2025-01-10 21:30:00	1.02439	1.02464	1.02439	1.02448	249
2025-01-10 21:35:00	1.02447	1.02451	1.02438	1.02446	233
2025-01-10 21:40:00	1.02446	1.02452	1.02438	1.02441	191
2025-01-10 21:45:00	1.02443	1.02461	1.02442	1.02459	269
2025-01-10 21:50:00	1.02459	1.02462	1.02444	1.02448	504
2025-01-10 21:55:00	1.02446	1.02455	1024	1024	931
2025-01-12 22:00:00	1.02357	1.02365	1.02357	1.02365	4
2025-01-12 22:05:00	1.02365	1.0241	1.02365	1.0241	84
2025-01-12 22:10:00	1.02413	1.02422	1.02408	1.02412	155
2025-01-12 22:15:00	1.02411	1.02425	1.02408	1.0242	50
2025-01-12 22:20:00	1.0242	1.02438	1.02413	1.02437	142
2025-01-12 22:25:00	1.02436	1.0244	1.02385	1.02407	92
2025-01-12 22:30:00	1.02408	1.02428	1.02401	1.02421	150
2025-01-12 22:35:00	1.02424	1.0243	1.0241	1.02422	205
2025-01-12 22:40:00	1.0242	1.02428	1.02416	1.02416	143
2025-01-12 22:45:00	1.02418	1.02432	1.02416	1.0243	96
2025-01-12 22:50:00	1.02429	1.0244	1.02426	1.02439	100
2025-01-12 22:55:00	1.0244	1.02464	1.02439	1.02462	62
2025-01-12 23:00:00	1.02461	1.02461	1.02415	1.02433	545
2025-01-12 23:05:00	1.02434	1.02435	1.02393	1024	376
2025-01-12 23:10:00	1024	1.0243	1.02387	1.02423	302
2025-01-12 23:15:00	1.02424	1.02443	1.02424	1.02436	256
2025-01-12 23:20:00	1.02435	1.02443	1.02433	1.02443	140
2025-01-12 23:25:00	1.02442	1.02454	1.02441	1.02448	163
2025-01-12 23:30:00	1.02451	1.02468	1.02448	1.02462	525
2025-01-12 23:35:00	1.02463	1.02467	1.02454	1.02457	345
2025-01-12 23:40:00	1.02456	1.02467	1.02454	1.02459	469
2025-01-12 23:45:00	1.02458	1.02463	1.02442	1.02443	578
2025-01-12 23:50:00	1.02444	1.02444	1.02423	1.02437	538
2025-01-12 23:55:00	1.02437	1.02439	1.02429	1.02429	326
2025-01-13 00:00:00	1.0243	1.02452	1.02417	1.02417	957
2025-01-13 00:05:00	1.02419	1.02425	1.02406	1.02408	1149
2025-01-13 00:10:00	1.02409	1.02422	1.02391	1.0242	921
2025-01-13 00:15:00	1.02421	1.02422	1.02398	1.02405	851
2025-01-13 00:20:00	1.02404	1.02418	1.02399	1.02402	428
2025-01-13 00:25:00	1.02403	1.02415	1.02402	1.02404	424
2025-01-13 00:30:00	1.02403	1.0241	1.02397	1.02408	424
2025-01-13 00:35:00	1.0241	1.02418	1.02389	1.02392	658
2025-01-13 00:40:00	1.02391	1.02405	1.02386	1.02401	420
2025-01-13 00:45:00	1.02402	1.02402	1.02364	1.02377	912
2025-01-13 00:50:00	1.02377	1.02413	1.02376	1.02413	647
2025-01-13 00:55:00	1.02413	1.02433	1.02411	1.02424	316
2025-01-13 01:00:00	1.02424	1.02456	1.02423	1.02445	1049
2025-01-13 01:05:00	1.02446	1.02452	1.02411	1.02412	631
2025-01-13 01:10:00	1.02412	1.02462	1.02411	1.02453	894
2025-01-13 01:15:00	1.02452	1.02482	1.0245	1.02463	1087
2025-01-13 01:20:00	1.02462	1.02486	1.02462	1.02482	631
2025-01-13 01:25:00	1.02483	1.02499	1.02449	1.02449	709
2025-01-13 01:30:00	1.02449	1.02458	1.02427	1.02427	866
2025-01-13 01:35:00	1.02427	1.02429	1.02398	1.02399	1132
2025-01-13 01:40:00	1.02401	1.02423	1.02392	1.02418	1055
2025-01-13 01:45:00	1.02419	1.02428	1.02411	1.02422	1015
2025-01-13 01:50:00	1.02423	1.02441	1.02412	1.02422	866
2025-01-13 01:55:00	1.02421	1.02428	1.02401	1.02417	612
2025-01-13 02:00:00	1.02417	1.02437	1.02406	1.02428	670
2025-01-13 02:05:00	1.02428	1.02442	1.02408	1.02428	697
2025-01-13 02:10:00	1.02428	1.0243	1.02396	1.02399	585
2025-01-13 02:15:00	1.02399	1.0241	1.02388	1.02404	768
2025-01-13 02:20:00	1.02404	1.02426	1.02392	1.02417	429
2025-01-13 02:25:00	1.02418	1.02451	1.02415	1.02448	605
2025-01-13 02:30:00	1.02447	1.02449	1.0243	1.02446	475
2025-01-13 02:35:00	1.02445	1.02448	1.02408	1.0241	481
2025-01-13 02:40:00	1.02412	1.02422	1.02391	1.02403	442
2025-01-13 02:45:00	1.02404	1.02407	1.02384	1.02396	436
2025-01-13 02:50:00	1.02396	1.02425	1.02396	1.02414	573
2025-01-13 02:55:00	1.02414	1.02418	1024	1.02401	543
2025-01-13 03:00:00	1.02402	1.02404	1.0238	1.02403	731
2025-01-13 03:05:00	1.02398	1.02403	1.02373	1.02377	597
2025-01-13 03:10:00	1.02377	1.02383	1.02334	1.02337	819
2025-01-13 03:15:00	1.02338	1.02351	1.02315	1.02322	961
2025-01-13 03:20:00	1.02321	1.02327	1.02272	1.02279	1540
2025-01-13 03:25:00	1.0228	1.02294	1.0227	1.02278	1431
2025-01-13 03:30:00	1.02278	1.02288	1.02224	1.02233	896
2025-01-13 03:35:00	1.02233	1.02233	1.02187	1.02198	1016
2025-01-13 03:40:00	1.02197	1.02204	1.02172	1.02173	614
2025-01-13 03:45:00	1.02172	1.02188	1.02141	1.02182	1039
2025-01-13 03:50:00	1.0218	1.02187	1.02173	1.02187	607
2025-01-13 03:55:00	1.02186	1.02187	1.02128	1.02153	1191
2025-01-13 04:00:00	1.02154	1.02189	1.02152	1.02184	680
2025-01-13 04:05:00	1.02184	1.02198	1.02183	1.02193	711
2025-01-13 04:10:00	1.02192	1.02197	1.0216	1.02165	710
2025-01-13 04:15:00	1.02164	1.02182	1.02152	1.02182	678
2025-01-13 04:20:00	1.02181	1.02181	1.02152	1.02152	523
2025-01-13 04:25:00	1.02152	1.02164	1.02147	1.02152	588
2025-01-13 04:30:00	1.02152	1.02158	1.02087	1.02103	1258
2025-01-13 04:35:00	1.02104	1.02114	1.02088	1.0211	959
2025-01-13 04:40:00	1.0211	1.02114	1.02076	1.02098	599
2025-01-13 04:45:00	1.02097	1.02124	1.02097	1.02122	663
2025-01-13 04:50:00	1.02122	1.02122	1.02103	1.02107	705
2025-01-13 04:55:00	1.02106	1.02127	1.02106	1.02117	550
2025-01-13 05:00:00	1.02116	1.02142	1.02102	1.02128	604
2025-01-13 05:05:00	1.02128	1.02142	1.02127	1.02139	466
2025-01-13 05:10:00	1.0214	1.02154	1.02133	1.02145	549
2025-01-13 05:15:00	1.02144	1.0215	1.02128	1.02137	523
2025-01-13 05:20:00	1.02137	1.02141	1.02124	1.02138	553
2025-01-13 05:25:00	1.02138	1.02145	1.02133	1.02138	349
2025-01-13 05:30:00	1.02138	1.02151	1.02118	1.02141	647
2025-01-13 05:35:00	1.02142	1.02159	1.02141	1.02153	580
2025-01-13 05:40:00	1.02154	1.02178	1.02152	1.02173	849
2025-01-13 05:45:00	1.02171	1.02175	1.02156	1.02167	742
2025-01-13 05:50:00	1.02168	1.02199	1.02168	1.02193	804
2025-01-13 05:55:00	1.02193	1.02203	1.02189	1.02194	914
2025-01-13 06:00:00	1.02193	1.02223	1.02193	1.02214	668
2025-01-13 06:05:00	1.02215	1.02247	1.02215	1.02218	767
2025-01-13 06:10:00	1.02217	1.02237	1.02216	1.02233	958
2025-01-13 06:15:00	1.02234	1.02248	1.02209	1.02222	849
2025-01-13 06:20:00	1.02222	1.02227	1.02177	1.02191	1147
2025-01-13 06:25:00	1.0219	1.02198	1.02166	1.02172	925
2025-01-13 06:30:00	1.02171	1.02218	1.02171	1.02217	895
2025-01-13 06:35:00	1.02216	1.02218	1.02198	1.02201	438
2025-01-13 06:40:00	1022	1022	1.02173	1.02184	676
2025-01-13 06:45:00	1.02185	1.02201	1.02158	1.02163	926
2025-01-13 06:50:00	1.02162	1.02187	1.02145	1.02161	862
2025-01-13 06:55:00	1.02162	1.02194	1.02143	1.02173	797
2025-01-13 07:00:00	1.02166	1.02212	1.02145	1.02208	1714
2025-01-13 07:05:00	1.02208	1.02209	1.02176	1.02196	1818
2025-01-13 07:10:00	1.02196	1.02219	1.02187	1.02204	1518
2025-01-13 07:15:00	1.02202	1.02202	1.02124	1.02159	2147
2025-01-13 07:20:00	1.0216	1.02165	1.02112	1.02143	2044
2025-01-13 07:25:00	1.02144	1.02149	1.02074	1.02078	2058
2025-01-13 07:30:00	1.02077	1.02158	1.02074	1.02153	1642
2025-01-13 07:35:00	1.02152	1.0217	1.02134	1.02144	1301
2025-01-13 07:40:00	1.02142	1.02144	1.02098	1.02123	883
2025-01-13 07:45:00	1.02123	1.02211	1.02123	1.02211	1028
2025-01-13 07:50:00	1.02211	1.02235	1.02199	1.02218	1454
2025-01-13 07:55:00	1.02218	1.02218	1.02143	1.02152	1297
2025-01-13 08:00:00	1.02151	1.02234	1.02136	1.02212	2941
2025-01-13 08:05:00	1.02213	1.02254	1.02193	1.02243	2026
2025-01-13 08:10:00	1.02243	1.02295	1.02238	1.02289	1800
2025-01-13 08:15:00	1.02289	1.02312	1.02267	1.02294	1790
2025-01-13 08:20:00	1.02294	1.02309	1.02253	1.02262	1971
2025-01-13 08:25:00	1.02263	1.02272	1.02216	1.02238	2002
2025-01-13 08:30:00	1.02238	1.02273	1.02221	1.02231	3199
2025-01-13 08:35:00	1.02231	1.02251	1.02191	1.02212	3623
2025-01-13 08:40:00	1.02212	1.02213	1.02168	1.02194	3539
2025-01-13 08:45:00	1.02194	1.02204	1.02138	1.02145	2687
2025-01-13 08:50:00	1.02146	1.02202	1.02146	1.02194	1730
2025-01-13 08:55:00	1.02194	1.02226	1.02174	1.02215	2335
2025-01-13 09:00:00	1.02214	1.02239	1.02184	1.02194	2328
2025-01-13 09:05:00	1.02193	1.02232	1.02178	1.02193	2667
2025-01-13 09:10:00	1.02192	1.0222	1.0218	1.02208	2248
2025-01-13 09:15:00	1.02208	1.02208	1.02161	1.02175	1859
2025-01-13 09:20:00	1.02174	1.02174	1.01927	1.01927	2901
2025-01-13 09:25:00	1.01924	1.01998	1.01772	1.01867	4164
2025-01-13 09:30:00	1.01868	1.01948	1.01814	1.01842	3445
2025-01-13 09:35:00	1.01843	1.01933	1.01836	1.01916	2264
2025-01-13 09:40:00	1.01916	1.01957	1.01889	1.01955	1494
2025-01-13 09:45:00	1.01954	1.02015	1.01954	1.01987	987
2025-01-13 09:50:00	1.01986	1.01989	1.01909	1.01916	1090
2025-01-13 09:55:00	1.01917	1.01956	1.01887	1.01932	1171
2025-01-13 10:00:00	1.01931	1.01975	1.01926	1.01966	1149
2025-01-13 10:05:00	1.01969	1.01997	1.01951	1.01987	744
2025-01-13 10:10:00	1.01987	1.02049	1.01981	1.02049	906
2025-01-13 10:15:00	1.02049	1.02057	1.01997	1.02044	1178
2025-01-13 10:20:00	1.02044	1.02063	1.0203	1.02056	581
2025-01-13 10:25:00	1.02053	1.02059	1.02004	1.02005	653
2025-01-13 10:30:00	1.02004	1.02023	1.01969	1.02	852
2025-01-13 10:35:00	1.02	1.02	1.01964	1.01988	697
2025-01-13 10:40:00	1.01988	1.01991	1.01962	1.01984	498
2025-01-13 10:45:00	1.01983	1.02022	1.01975	1.01984	563
2025-01-13 10:50:00	1.01984	1.02074	1.01982	1.02045	607
2025-01-13 10:55:00	1.02045	1.02045	1.02003	1.02019	719
2025-01-13 11:00:00	1.02018	1.0204	1.01942	1.01946	1216
2025-01-13 11:05:00	1.01945	1.01973	1.01928	1.01958	780
2025-01-13 11:10:00	1.01959	1.01969	1.01927	1.01949	643
2025-01-13 11:15:00	1.01948	1.01956	1.0189	1.01891	827
2025-01-13 11:20:00	1.01891	1.01907	1.01876	1.01884	936
2025-01-13 11:25:00	1.01884	1.01919	1.0186	1.01906	597
2025-01-13 11:30:00	1.01906	1.01968	1.01885	1.0196	675
2025-01-13 11:35:00	1.01961	1.02017	1.01961	1.02004	620
2025-01-13 11:40:00	1.02004	1.02027	1.01992	1.01993	767
2025-01-13 11:45:00	1.01992	1.01996	1.01974	1.01988	500
2025-01-13 11:50:00	1.01987	1.01999	1.01953	1.01968	539
2025-01-13 11:55:00	1.01969	1.0198	1.01955	1.01958	591
2025-01-13 12:00:00	1.01958	1.01979	1.01916	1.01917	735
2025-01-13 12:05:00	1.01918	1.0194	1.01904	1.01908	443
2025-01-13 12:10:00	1.01909	1.01948	1.01909	1.01945	623
2025-01-13 12:15:00	1.01946	1.0195	1.01903	1.01923	718
2025-01-13 12:20:00	1.01925	1.01962	1.01922	1.01958	864
2025-01-13 12:25:00	1.01958	1.01958	1.01878	1.01887	631
2025-01-13 12:30:00	1.01887	1.01922	1.01887	1.01913	884
2025-01-13 12:35:00	1.01913	1.01935	1.01902	1.01925	826
2025-01-13 12:40:00	1.01924	1.01964	1.01924	1.01941	846
2025-01-13 12:45:00	1.01942	1.02006	1.0194	1.02004	596
2025-01-13 12:50:00	1.02005	1.02018	1.01981	1.01994	535
2025-01-13 12:55:00	1.01997	1.02061	1.01997	1.02027	892
2025-01-13 13:00:00	1.02027	1.02033	1.01999	1.02014	977
2025-01-13 13:05:00	1.02014	1.02014	1.01972	1.01982	914
2025-01-13 13:10:00	1.01983	1.02012	1.01964	1.02004	1001
2025-01-13 13:15:00	1.02005	1.02046	1.01992	1.02045	563
2025-01-13 13:20:00	1.02044	1.02088	1.02024	1.02078	974
2025-01-13 13:25:00	1.02079	1.0213	1.0207	1.02085	1136
2025-01-13 13:30:00	1.02087	1.0216	1.02087	1.02153	1144
2025-01-13 13:35:00	1.02153	1.02207	1.02144	1.02168	1115
2025-01-13 13:40:00	1.02168	1.02174	1.02112	1.02118	887
2025-01-13 13:45:00	1.02121	1.02159	1.02113	1.02154	907
2025-01-13 13:50:00	1.02154	1.02159	1.02093	1.02093	720
2025-01-13 13:55:00	1.02094	1.02111	1.02064	1.02083	1009
2025-01-13 14:00:00	1.02083	1.02084	1.02047	1.02054	3102
2025-01-13 14:05:00	1.02055	1.02061	1.02018	1.0203	1922
2025-01-13 14:10:00	1.02031	1.02077	1.02024	1.02062	1966
2025-01-13 14:15:00	1.02064	1.02111	1.02044	1.02073	2465
2025-01-13 14:20:00	1.02076	1.02126	1.02075	1.0211	1628
2025-01-13 14:25:00	1.02111	1.02123	1021	1.02106	1003
2025-01-13 14:30:00	1.02107	1.02126	1.02079	1.02113	959
2025-01-13 14:35:00	1.02113	1.02115	1.02043	1.02043	1043
2025-01-13 14:40:00	1.02044	1.02048	1.02003	1.02043	1169
2025-01-13 14:45:00	1.02042	1.02061	1.02018	1.02042	849
2025-01-13 14:50:00	1.02042	1.02042	1.02014	1.02028	1201
2025-01-13 14:55:00	1.0203	1.02096	1.02029	1.0208	1300
2025-01-13 15:00:00	1.02082	1.02088	1.02042	1.02055	964
2025-01-13 15:05:00	1.02055	1.02072	1.02034	1.02038	872
2025-01-13 15:10:00	1.02038	1.02054	1.01974	1.02017	1330
2025-01-13 15:15:00	1.02017	1.0205	1.01991	1.02043	1026
2025-01-13 15:20:00	1.02042	1.02062	1.0202	1.02028	1114
2025-01-13 15:25:00	1.02027	1.02028	1.01993	1.02013	1068
2025-01-13 15:30:00	1.02012	1.02021	1.01957	1.01959	1117
2025-01-13 15:35:00	1.0196	1.02031	1.01958	1.01997	1019
2025-01-13 15:40:00	1.01998	1.0201	1.01962	1.0197	927
2025-01-13 15:45:00	1.0197	1.02055	1.0197	1.02046	1396
2025-01-13 15:50:00	1.02046	1.02046	1.01987	1.01992	1251
2025-01-13 15:55:00	1.01991	1.02019	1.01962	1.01968	1565
2025-01-13 16:00:00	1.01969	1.01989	1.01928	1.01931	1400
2025-01-13 16:05:00	1.01932	1.0196	1.01916	1.0196	851
2025-01-13 16:10:00	1.01959	1.02006	1.01958	1.01998	495
2025-01-13 16:15:00	1.02	1.02003	1.01965	1.01974	865
2025-01-13 16:20:00	1.01974	1.02016	1.01952	1.02006	879
2025-01-13 16:25:00	1.02005	1.02069	1.01998	1.02068	459
2025-01-13 16:30:00	1.02067	1.02116	1.02067	1.02111	596
2025-01-13 16:35:00	1.02113	1.02122	1.02079	1.02118	629
2025-01-13 16:40:00	1.02118	1.02159	1.02118	1.02152	697
2025-01-13 16:45:00	1.02152	1.02163	1.0213	1.02147	530
2025-01-13 16:50:00	1.02148	1.02174	1.0213	1.02145	609
2025-01-13 16:55:00	1.02144	1.02158	1.0208	1.0208	818
2025-01-13 17:00:00	1.02081	1.02118	1.0207	1.02107	768
2025-01-13 17:05:00	1.02107	1.02139	1.02092	1.02123	883
2025-01-13 17:10:00	1.02124	1.02136	1.02097	1.02123	795
2025-01-13 17:15:00	1.02123	1.02167	1.02123	1.02159	563
2025-01-13 17:20:00	1.02157	1.02163	1.02132	1.02149	660
2025-01-13 17:25:00	1.02148	1.02174	1.02146	1.0216	550
2025-01-13 17:30:00	1.0216	1.02179	1.02133	1.02167	612
2025-01-13 17:35:00	1.02167	1.02175	1.0215	1.02173	622
2025-01-13 17:40:00	1.02172	1.02179	1.0215	1.0216	395
2025-01-13 17:45:00	1.02159	1.02164	1.02139	1.02142	340
2025-01-13 17:50:00	1.02142	1.02178	1.02125	1.02178	414
2025-01-13 17:55:00	1.02179	1.02195	1.02168	1.02178	457
2025-01-13 18:00:00	1.02179	1.02193	1.0215	1.02157	708
2025-01-13 18:05:00	1.02155	1.02173	1.02133	1.02142	550
2025-01-13 18:10:00	1.02143	1.02168	1.02143	1.02162	480
2025-01-13 18:15:00	1.02161	1.02161	1.02122	1.02132	567
2025-01-13 18:20:00	1.02132	1.02143	1.02127	1.02136	313
2025-01-13 18:25:00	1.02136	1.0215	1.02135	1.0215	391
2025-01-13 18:30:00	1.02152	1.02187	1.02152	1.02178	404
2025-01-13 18:35:00	1.02177	1.02181	1.02158	1.02163	357
2025-01-13 18:40:00	1.02163	1.02187	1.02161	1.02184	461
2025-01-13 18:45:00	1.02183	1.02213	1.02179	1.02208	368
2025-01-13 18:50:00	1.02208	1.02208	1.02171	1.02171	442
2025-01-13 18:55:00	1.02171	1.02171	1.02158	1.02161	311
2025-01-13 19:00:00	1.02159	1.02161	1.02123	1.02125	400
2025-01-13 19:05:00	1.02126	1.02134	1.02119	1.02131	614
2025-01-13 19:10:00	1.0213	1.02141	1.02117	1.02121	313
2025-01-13 19:15:00	1.02123	1.02127	1.0211	1.02111	319
2025-01-13 19:20:00	1.02111	1.02134	1.02111	1.02122	185
2025-01-13 19:25:00	1.02124	1.02145	1.02121	1.02143	273
2025-01-13 19:30:00	1.02143	1.02146	1.02114	1.02114	341
2025-01-13 19:35:00	1.02115	1.02127	1.02105	1.02105	325
2025-01-13 19:40:00	1.02106	1.02119	1.02093	1.02114	690
2025-01-13 19:45:00	1.02111	1.02119	1.02087	1.02089	258
2025-01-13 19:50:00	1.02091	1.02109	1.02072	1.02078	375
2025-01-13 19:55:00	1.02079	1.02104	1.02071	1.02071	560
2025-01-13 20:00:00	1.02071	1.02102	1.02069	1.02094	635
2025-01-13 20:05:00	1.02094	1.02132	1.02093	1.02114	288
2025-01-13 20:10:00	1.02115	1.02133	1.02113	1.02129	230
2025-01-13 20:15:00	1.02128	1.02149	1.02128	1.02149	248
2025-01-13 20:20:00	1.02151	1.02161	1.0213	1.02135	299
2025-01-13 20:25:00	1.02136	1.02142	1.02129	1.0213	215
2025-01-13 20:30:00	1.02129	1.02146	1.02125	1.02145	179
2025-01-13 20:35:00	1.02145	1.02159	1.0213	1.0213	204
2025-01-13 20:40:00	1.02129	1.02129	1.02112	1.02114	280
2025-01-13 20:45:00	1.02116	1.02162	1.02112	1.02154	115
2025-01-13 20:50:00	1.02154	1.02169	1.02154	1.02163	132
2025-01-13 20:55:00	1.02162	1.02175	1.02158	1.02165	204
2025-01-13 21:00:00	1.02167	1.02181	1.02163	1.02179	177
2025-01-13 21:05:00	1.02177	1.02189	1.02177	1.02184	178
2025-01-13 21:10:00	1.02182	1.02189	1.02179	1.02189	35
2025-01-13 21:15:00	1.0219	1.02197	1.0219	1.02197	48
2025-01-13 21:20:00	1.02197	1.02223	1.02197	1.02208	88
2025-01-13 21:25:00	1.02209	1.02224	1.02206	1.02223	63
2025-01-13 21:30:00	1.02224	1.02234	1.02215	1.02221	119
2025-01-13 21:35:00	1.02224	1.02225	1.02208	1.02211	108
2025-01-13 21:40:00	1.02212	1.02296	1.0221	1.02275	612
2025-01-13 21:45:00	1.02274	1.0236	1.02258	1.0233	440
2025-01-13 21:50:00	1.02329	1.0238	1.02329	1.0238	386
2025-01-13 21:55:00	1.0238	1.02466	1.02371	1.02441	702
2025-01-13 22:00:00	1.02441	1.02486	1.02371	1.02449	202
2025-01-13 22:05:00	1.02454	1.02469	1.0242	1.02451	345
2025-01-13 22:10:00	1.02456	1.02588	1.02436	1.0253	630
2025-01-13 22:15:00	1.0253	1.02568	1.02513	1.02524	415
2025-01-13 22:20:00	1.02524	1.02553	1.02493	1.02536	208
2025-01-13 22:25:00	1.02536	1.02581	1.02527	1.02548	228
2025-01-13 22:30:00	1.02548	1.02563	1.02529	1.02548	117
2025-01-13 22:35:00	1.02553	1.02569	1.02547	1.02567	258
2025-01-13 22:40:00	1.02568	1.02586	1.02562	1.02576	403
2025-01-13 22:45:00	1.02575	1.02647	1.02574	1.02638	441
2025-01-13 22:50:00	1.02639	1.02727	1.02638	1.02714	393
2025-01-13 22:55:00	1.02713	1.02715	1.02578	1.02581	370
2025-01-13 23:00:00	1.02581	1.02661	1.02507	1.02555	799
2025-01-13 23:05:00	1.02556	1.02565	1.02534	1.02555	256
2025-01-13 23:10:00	1.02557	1.0262	1.02557	1.02612	347
2025-01-13 23:15:00	1.02612	1.02667	1.02611	1.02624	347
2025-01-13 23:20:00	1.02625	1.02661	1.02611	1.02651	254
2025-01-13 23:25:00	1.02652	1.02703	1.02652	1.02687	355
2025-01-13 23:30:00	1.02688	1.02774	1.02687	1.02768	430
2025-01-13 23:35:00	1.02768	1.02768	1.02718	1.02734	373
2025-01-13 23:40:00	1.02734	1.02734	1.02681	1.02697	321
2025-01-13 23:45:00	1.02698	1.02733	1.02685	1.02701	301
2025-01-13 23:50:00	1.02699	1.02701	1.02647	1.02658	408
2025-01-13 23:55:00	1.02658	1.02662	1.02627	1.02639	327
2025-01-14 00:00:00	1.02637	1.02637	1.0255	1.02552	879
2025-01-14 00:05:00	1.02554	1.02588	1.02551	1.02569	658
2025-01-14 00:10:00	1.0257	1.02575	1.02516	1.02517	677
2025-01-14 00:15:00	1.02518	1.02526	1.02505	1.02521	399
2025-01-14 00:20:00	1.02519	1.02521	1.02504	1.0251	189
2025-01-14 00:25:00	1.02511	1.02511	1.02489	1.02494	293
2025-01-14 00:30:00	1.02494	1.02498	1.02473	1.02486	490
2025-01-14 00:35:00	1.02489	1.02518	1.02487	1.02505	366
2025-01-14 00:40:00	1.02503	1.02503	1.02468	1.02473	413
2025-01-14 00:45:00	1.02474	1.0248	1.02468	1.02479	290
2025-01-14 00:50:00	1.02479	1.02485	1.02457	1.02463	321
2025-01-14 00:55:00	1.02464	1.02482	1.02457	1.02478	281
2025-01-14 01:00:00	1.0248	1.0248	1.02435	1.0247	397
2025-01-14 01:05:00	1.02469	1.02487	1.0244	1.02486	291
2025-01-14 01:10:00	1.02485	1.02485	1.02454	1.0247	205
2025-01-14 01:15:00	1.02471	1.0248	1.02459	1.02465	245
2025-01-14 01:20:00	1.02465	1.02477	1.02444	1.02449	273
2025-01-14 01:25:00	1.02448	1.02459	1.0243	1.02455	216
2025-01-14 01:30:00	1.02455	1.02487	1.02419	1.02451	911
2025-01-14 01:35:00	1.0245	1.02468	1.02421	1.02468	777
2025-01-14 01:40:00	1.02471	1.0249	1.02444	1.02452	674
2025-01-14 01:45:00	1.02451	1.02453	1.02419	1.02439	511
2025-01-14 01:50:00	1.02438	1.02463	1.02411	1.0246	730
2025-01-14 01:55:00	1.02462	1.02499	1.02456	1.0249	450
2025-01-14 02:00:00	1.0249	1.02502	1.02465	1.02468	416
2025-01-14 02:05:00	1.0247	1.02474	1.02415	1.02424	558
2025-01-14 02:10:00	1.02426	1.02445	1.02419	1.02419	427
2025-01-14 02:15:00	1.0242	1.02425	1.02406	1.02413	428
2025-01-14 02:20:00	1.02412	1.02445	1.0241	1.02437	555
2025-01-14 02:25:00	1.02438	1.02456	1.02432	1.02442	532
2025-01-14 02:30:00	1.02444	1.02447	1.02433	1.02433	306
2025-01-14 02:35:00	1.02434	1.0244	1.02411	1.02411	284
2025-01-14 02:40:00	1.02413	1.0242	1.02384	1.02409	415
2025-01-14 02:45:00	1.02413	1.0244	1.02413	1.02439	369
2025-01-14 02:50:00	1.02439	1.02459	1.02431	1.0244	454
2025-01-14 02:55:00	1.0244	1.02451	1.02435	1.02446	285
2025-01-14 03:00:00	1.02445	1.02463	1.02438	1.02457	266
2025-01-14 03:05:00	1.02457	1.02525	1.02457	1.02525	295
2025-01-14 03:10:00	1.02526	1.02552	1.02519	1.02521	431
2025-01-14 03:15:00	1.02522	1.02522	1.02495	1.02499	483
2025-01-14 03:20:00	1025	1.02508	1.02496	1.02499	197
2025-01-14 03:25:00	1025	1.02522	1025	1.02521	291
2025-01-14 03:30:00	1.02521	1.02535	1.02518	1.0253	432
2025-01-14 03:35:00	1.02531	1.02541	1.02519	1.02522	252
2025-01-14 03:40:00	1.0252	1.02525	1.02517	1.02521	132
2025-01-14 03:45:00	1.0252	1.0252	1.02494	1.02495	198
2025-01-14 03:50:00	1.02496	1.02504	1.02486	1.02491	112
2025-01-14 03:55:00	1.02491	1.02506	1.02484	1.02486	166
2025-01-14 04:00:00	1.02485	1.02486	1.02469	1.0247	239
2025-01-14 04:05:00	1.02469	1.0247	1.02454	1.02464	357
2025-01-14 04:10:00	1.02464	1.02466	1.02456	1.02464	141
2025-01-14 04:15:00	1.02464	1.02464	1.02451	1.02457	140
2025-01-14 04:20:00	1.02458	1.02466	1.02455	1.02465	117
2025-01-14 04:25:00	1.02464	1.02494	1.02464	1.02494	142
2025-01-14 04:30:00	1.02494	1.02535	1.02489	1.02535	194
2025-01-14 04:35:00	1.02541	1.0255	1.02532	1.0254	208
2025-01-14 04:40:00	1.0254	1.0254	1.02515	1.0252	198
2025-01-14 04:45:00	1.0252	1.02534	1.02516	1.02516	181
2025-01-14 04:50:00	1.02514	1.02516	1.02507	1.02515	127
2025-01-14 04:55:00	1.02515	1.02518	1.02501	1.02502	139
2025-01-14 05:00:00	1.02501	1.02516	1.02499	1.02509	158
2025-01-14 05:05:00	1.02509	1.02509	1.02454	1.02462	344
2025-01-14 05:10:00	1.02464	1.02483	1.02464	1.02468	370
2025-01-14 05:15:00	1.02468	1.02475	1.02461	1.02464	381
2025-01-14 05:20:00	1.02463	1.02464	1.02439	1.02444	232
2025-01-14 05:25:00	1.02445	1.02446	1.02422	1.02424	173
2025-01-14 05:30:00	1.02424	1.02455	1.02424	1.02454	206
2025-01-14 05:35:00	1.02455	1.02475	1.02449	1.02474	173
2025-01-14 05:40:00	1.02474	1025	1.02474	1.02491	234
2025-01-14 05:45:00	1.02492	1.02516	1.0249	1.02504	278
2025-01-14 05:50:00	1.02503	1.02504	1.02469	1.02471	379
2025-01-14 05:55:00	1.02472	1.02472	1.0243	1.02447	423
2025-01-14 06:00:00	1.02452	1.02469	1.02451	1.0246	455
2025-01-14 06:05:00	1.02461	1.02479	1.02457	1.02477	400
2025-01-14 06:10:00	1.02477	1.0249	1.02473	1.02483	281
2025-01-14 06:15:00	1.02484	1.02498	1.02481	1.02495	186
2025-01-14 06:20:00	1.02495	1.02495	1.02458	1.02463	467
2025-01-14 06:25:00	1.02463	1.02482	1.02457	1.02476	376
2025-01-14 06:30:00	1.02475	1.02501	1.02472	1.02497	339
2025-01-14 06:35:00	1.02499	1.02517	1.02487	1.02488	279
2025-01-14 06:40:00	1.0249	1.02501	1.02463	1.02486	322
2025-01-14 06:45:00	1.02485	1.02505	1.02482	1.02494	304
2025-01-14 06:50:00	1.02493	1.02495	1.02456	1.02456	458
2025-01-14 06:55:00	1.02457	1.02532	1.02457	1.02526	337
2025-01-14 07:00:00	1.02527	1.02612	1.02527	1.02611	907
2025-01-14 07:05:00	1.02611	1.0266	1.0259	1.02621	909
2025-01-14 07:10:00	1.02622	1.02622	1.02537	1.02559	1144
2025-01-14 07:15:00	1.02557	1.02621	1.02557	1.02602	792
2025-01-14 07:20:00	1.02601	1.02615	1.02574	1.02575	810
2025-01-14 07:25:00	1.02575	1.02595	1.02562	1.02581	572
2025-01-14 07:30:00	1.02582	1.02609	1.02561	1.02563	592
2025-01-14 07:35:00	1.02563	1.02606	1.02552	1.02578	556
2025-01-14 07:40:00	1.02577	1.02577	1.02515	1.02547	371
2025-01-14 07:45:00	1.02547	1.02571	1.02526	1.02562	739
2025-01-14 07:50:00	1.02561	1.02564	1.02527	1.02547	672
2025-01-14 07:55:00	1.02546	1.02556	1.02499	1.02543	1121
2025-01-14 08:00:00	1.02544	1.02614	1.02529	1.02565	1438
2025-01-14 08:05:00	1.02564	1.02647	1.02564	1.02604	949
2025-01-14 08:10:00	1.02603	1.02612	1.02541	1.02609	873
2025-01-14 08:15:00	1.02609	1.02688	1.02604	1.02654	1394
2025-01-14 08:20:00	1.02653	1.02748	1.02648	1.02729	1176
2025-01-14 08:25:00	1.0273	1.02736	1.02661	1.02663	983
2025-01-14 08:30:00	1.02664	1.02686	1.02647	1.02666	827
2025-01-14 08:35:00	1.02665	1.0267	1.02589	1.02635	923
2025-01-14 08:40:00	1.02633	1.0269	1.02616	1.02689	716
2025-01-14 08:45:00	1.0269	1.02713	1.02679	1.02688	799
2025-01-14 08:50:00	1.02689	1.02719	1.02626	1.02634	925
2025-01-14 08:55:00	1.02634	1.02641	1.02604	1.02614	997
2025-01-14 09:00:00	1.02613	1.02617	1.02543	1.02553	1258
2025-01-14 09:05:00	1.02554	1.02585	1.0255	1.0258	1042
2025-01-14 09:10:00	1.0258	1.02629	1.02554	1.02628	729
2025-01-14 09:15:00	1.02628	1.02664	1.02608	1.02615	1027
2025-01-14 09:20:00	1.02618	1.02643	1.0257	1.02575	747
2025-01-14 09:25:00	1.02574	1.02581	1.0254	1.0256	788
2025-01-14 09:30:00	1.02561	1.0261	1.02561	1.02608	708
2025-01-14 09:35:00	1.02608	1.0262	1.02566	1.02579	818
2025-01-14 09:40:00	1.02578	1.0263	1.02535	1.02621	965
2025-01-14 09:45:00	1.0262	1.02651	1.02587	1.02637	742
2025-01-14 09:50:00	1.02639	1.02643	1.02572	1.02576	777
2025-01-14 09:55:00	1.02579	1.0261	1.02578	1.02595	692
2025-01-14 10:00:00	1.02595	1.02614	1.02566	1.02609	566
2025-01-14 10:05:00	1.0261	1.02635	1.02592	1.02618	614
2025-01-14 10:10:00	1.02618	1.02626	1.02586	1026	611
2025-01-14 10:15:00	1.02599	1.02634	1.02577	1.02577	817
2025-01-14 10:20:00	1.02576	1.02599	1.0257	1.0258	593
2025-01-14 10:25:00	1.0258	1.02601	1.02551	1.02595	831
2025-01-14 10:30:00	1.02596	1026	1.0256	1.02564	633
2025-01-14 10:35:00	1.02565	1.02565	1.02519	1.02544	730
2025-01-14 10:40:00	1.02545	1.02579	1.0252	1.02574	769
2025-01-14 10:45:00	1.02573	1.02596	1.0256	1.02572	631
2025-01-14 10:50:00	1.02572	1.0261	1.02565	1.02597	444
2025-01-14 10:55:00	1.02597	1.02604	1.02577	1.02599	401
2025-01-14 11:00:00	1.02598	1.02598	1.02571	1.02578	467
2025-01-14 11:05:00	1.02579	1.02604	1.02561	1.02604	412
2025-01-14 11:10:00	1.02604	1.02631	1.02574	1.02581	444
2025-01-14 11:15:00	1.02582	1.02587	1.02559	1.02566	548
2025-01-14 11:20:00	1.02565	1.0258	1.0256	1.02575	560
2025-01-14 11:25:00	1.02573	1.02589	1.02561	1.02589	408
2025-01-14 11:30:00	1.02591	1.02616	1.0258	1.02606	484
2025-01-14 11:35:00	1.02606	1.02606	1.02582	1.0259	589
2025-01-14 11:40:00	1.02591	1.02604	1.02574	1.02581	530
2025-01-14 11:45:00	1.0258	1.02605	1.0257	1.02604	445
2025-01-14 11:50:00	1.02604	1.02604	1.0255	1.0255	484
2025-01-14 11:55:00	1.02548	1.02561	1.02524	1.0254	669
2025-01-14 12:00:00	1.0254	1.02549	1.02507	1.02519	705
2025-01-14 12:05:00	1.02519	1.02532	1.02464	1.02487	566
2025-01-14 12:10:00	1.02486	1.02486	1.02421	1.02428	1183
2025-01-14 12:15:00	1.02429	1.02459	1.02394	1.02429	1746
2025-01-14 12:20:00	1.02428	1.02503	1.02428	1.02498	1039
2025-01-14 12:25:00	1.02499	1.02541	1.02499	1.0253	354
2025-01-14 12:30:00	1.02531	1.02536	1025	1.02535	480
2025-01-14 12:35:00	1.02534	1.02539	1.0252	1.02528	454
2025-01-14 12:40:00	1.02528	1.02538	1.02507	1.02528	531
2025-01-14 12:45:00	1.02527	1.02551	1.0252	1.02526	348
2025-01-14 12:50:00	1.02526	1.02526	1.02482	1.02483	784
2025-01-14 12:55:00	1.02482	1.02495	1.02458	1.02479	1095
2025-01-14 13:00:00	1.02478	1.02521	1.02463	1.02468	997
2025-01-14 13:05:00	1.0247	1.02483	1.02446	1.02453	652
2025-01-14 13:10:00	1.02453	1.0253	1.02443	1.02526	628
2025-01-14 13:15:00	1.02525	1.02544	1.02515	1.0253	629
2025-01-14 13:20:00	1.02529	1.02529	1.02465	1.02481	882
2025-01-14 13:25:00	1.0248	1.0248	1.02423	1.02424	1529
2025-01-14 13:30:00	1.02421	1.02731	1.02421	1.02536	6464
2025-01-14 13:35:00	1.02543	1.02591	1.02457	1.02567	5340
2025-01-14 13:40:00	1.02567	1.02582	1.02496	1.02533	3868
2025-01-14 13:45:00	1.02532	1.02648	1.02531	1.02577	3116
2025-01-14 13:50:00	1.02577	1.02618	1.02512	1.02559	3458
2025-01-14 13:55:00	1.02558	1.02558	1.02504	1.02531	2822
2025-01-14 14:00:00	1.02531	1.02538	1.0245	1.02456	3480
2025-01-14 14:05:00	1.02457	1.02502	1.02435	1.02496	3093
2025-01-14 14:10:00	1.02498	1.02516	1.02471	1.02512	1698
2025-01-14 14:15:00	1.02511	1.02598	1.02502	1.02595	1631
2025-01-14 14:20:00	1.02593	1.02618	1.02561	1.02585	1414
2025-01-14 14:25:00	1.02585	1.02687	1.02549	1.02651	1726
2025-01-14 14:30:00	1.02651	1.02728	1.02627	1.02695	3056
2025-01-14 14:35:00	1.02695	1.02733	1.02694	1.02729	2929
2025-01-14 14:40:00	1.02727	1.02748	1.02669	1.02684	2536
2025-01-14 14:45:00	1.02683	1.02684	1.02573	1.02624	3293
2025-01-14 14:50:00	1.02626	1.02677	1.02619	1.02665	1421
2025-01-14 14:55:00	1.02663	1.02705	1.02618	1.0268	1286
2025-01-14 15:00:00	1.02682	1.0278	1.0268	1.02744	2234
2025-01-14 15:05:00	1.02743	1.02744	1.02667	1.02713	2034
2025-01-14 15:10:00	1.02714	1.02769	1.02709	1.02746	1160
2025-01-14 15:15:00	1.02745	1.02779	1.02729	1.02729	1195
2025-01-14 15:20:00	1.02725	1.02736	1.02667	1.02688	1684
2025-01-14 15:25:00	1.02688	1.02703	1.0263	1.02698	1924
2025-01-14 15:30:00	1.02698	1.02766	1.02681	1.02763	1133
2025-01-14 15:35:00	1.02762	1.02834	1.02749	1.02815	911
2025-01-14 15:40:00	1.02816	1.02897	1.0281	1.02891	1034
2025-01-14 15:45:00	1.02894	1.02906	1.02838	1.02866	1138
2025-01-14 15:50:00	1.02865	1.02918	1.02837	1.02916	1528
2025-01-14 15:55:00	1.02919	1.02958	1.0291	1.02949	1836
2025-01-14 16:00:00	1.02948	1.02963	1.02906	1.02912	1258
2025-01-14 16:05:00	1.02914	1.0301	1029	1.02991	1043
2025-01-14 16:10:00	1.02991	1.03001	1.02956	1.02994	886
2025-01-14 16:15:00	1.02993	1.03043	1.02954	1.02956	941
2025-01-14 16:20:00	1.02955	1.02964	1.02915	1.02937	1364
2025-01-14 16:25:00	1.02936	1.02971	1.02856	1.02862	1403
2025-01-14 16:30:00	1.02861	1.02916	1.02832	1.02869	1444
2025-01-14 16:35:00	1.02871	1.02895	1.02828	1.0286	1185
2025-01-14 16:40:00	1.02861	1.02889	1.02846	1.02863	903
2025-01-14 16:45:00	1.02864	1.02893	1.02841	1.02879	661
2025-01-14 16:50:00	1.02879	1.02913	1.02877	1.02896	531
2025-01-14 16:55:00	1.02895	1.02916	1.02878	1.02914	726
2025-01-14 17:00:00	1.02913	1.02913	1.02871	1.02872	605
2025-01-14 17:05:00	1.02872	1.02883	1.02816	1.02817	651
2025-01-14 17:10:00	1.02817	1.0284	1.0279	1.02833	2010
2025-01-14 17:15:00	1.02833	1.02885	1.02832	1.0286	429
2025-01-14 17:20:00	1.02861	1.02876	1.02828	1.02875	471
2025-01-14 17:25:00	1.02874	1.02879	1.02834	1.02843	472
2025-01-14 17:30:00	1.02844	1.0287	1.02844	1.02865	435
2025-01-14 17:35:00	1.02864	1.02879	1.02839	1.02878	313
2025-01-14 17:40:00	1.02878	1.02883	1.02863	1.02868	384
2025-01-14 17:45:00	1.02871	1.02875	1.02843	1.02843	469
2025-01-14 17:50:00	1.02843	1.0288	1.02843	1.02868	410
2025-01-14 17:55:00	1.02869	1.02885	1.02866	1.02882	354
2025-01-14 18:00:00	1.02881	1029	1.02869	1.02897	387
2025-01-14 18:05:00	1.02897	1.02901	1.02871	1.02877	371
2025-01-14 18:10:00	1.02876	1.02894	1.02867	1.02889	320
2025-01-14 18:15:00	1.0289	1.02915	1.02878	1.02915	356
2025-01-14 18:20:00	1.02915	1.02917	1.02877	1.02893	265
2025-01-14 18:25:00	1.02893	1.02942	1.02887	1.02937	633
2025-01-14 18:30:00	1.02938	1.0296	1.02937	1.02955	457
2025-01-14 18:35:00	1.02956	1.02988	1.02956	1.02987	518
2025-01-14 18:40:00	1.02987	1.03003	1.02968	1.02984	510
2025-01-14 18:45:00	1.02983	1.02988	1.0297	1.02986	455
2025-01-14 18:50:00	1.02986	1.02986	1.0297	1.02985	275
2025-01-14 18:55:00	1.02985	1.02996	1.02979	1.02992	183
2025-01-14 19:00:00	1.02992	1.02993	1.0298	1.02982	246
2025-01-14 19:05:00	1.02982	1.02997	1.0297	1.02979	377
2025-01-14 19:10:00	1.0298	1.02985	1.02963	1.02976	221
2025-01-14 19:15:00	1.02976	1.03004	1.02975	1.02998	212
2025-01-14 19:20:00	1.02999	1.03017	1.02985	1.03013	203
2025-01-14 19:25:00	1.03014	1.03019	1.02994	1.03009	220
2025-01-14 19:30:00	1.03009	1.03041	1.03009	1.03024	168
2025-01-14 19:35:00	1.03025	1.03054	1.03024	1.03038	309
2025-01-14 19:40:00	1.03037	1.03038	1.03023	1.03034	220
2025-01-14 19:45:00	1.03034	1.03042	1.0302	1.0302	176
2025-01-14 19:50:00	1.03022	1.03034	1.0298	1.02981	370
2025-01-14 19:55:00	1.02981	1.02987	1.02963	1.02981	507
2025-01-14 20:00:00	1.02981	1.02999	1.02968	1.02968	573
2025-01-14 20:05:00	1.02968	1.02985	1.02968	1.02982	379
2025-01-14 20:10:00	1.02981	1.02984	1.02965	1.02984	159
2025-01-14 20:15:00	1.02985	1.0299	1.02971	1.02989	300
2025-01-14 20:20:00	1.0299	1.03076	1.02968	1.03057	491
2025-01-14 20:25:00	1.03057	1.03086	1.03055	1.03071	330
2025-01-14 20:30:00	1.03071	1.03075	1.03059	1.03072	397
2025-01-14 20:35:00	1.03073	1.03079	1.03051	1.03052	272
2025-01-14 20:40:00	1.03054	1.0306	1.03051	1.03053	138
2025-01-14 20:45:00	1.03051	1.03061	1.03044	1.03045	195
2025-01-14 20:50:00	1.03046	1.03058	1.03031	1.03034	264
2025-01-14 20:55:00	1.03036	1.0304	1.03016	1.03018	450
2025-01-14 21:00:00	1.03019	1.03037	1.03007	1.03037	287
2025-01-14 21:05:00	1.03036	1.03046	1.03026	1.03027	137
2025-01-14 21:10:00	1.03028	1.03031	1.03025	1.03027	47
2025-01-14 21:15:00	1.03027	1.03055	1.03027	1.03042	84
2025-01-14 21:20:00	1.03043	1.03059	1.03043	1.03054	63
2025-01-14 21:25:00	1.03055	1.03076	1.03055	1.03064	179
2025-01-14 21:30:00	1.03063	1.03073	1.03062	1.03071	36
2025-01-14 21:35:00	1.0307	1.03071	1.03059	1.03064	59
2025-01-14 21:40:00	1.03065	1.03065	1.03057	1.03058	91
2025-01-14 21:45:00	1.0306	1.03076	1.03059	1.03073	175
2025-01-14 21:50:00	1.03072	1.03074	1.03063	1.03073	749
2025-01-14 21:55:00	1.03074	1.03082	1.03072	1.03076	342
2025-01-14 22:00:00	1.03074	1.03074	1.03028	1.0303	91
2025-01-14 22:05:00	1.03034	1.03059	1.03025	1.03025	93
2025-01-14 22:10:00	1.03022	1.03025	1.03017	1.03023	22
2025-01-14 22:15:00	1.03023	1.0306	1.0302	1.0306	153
2025-01-14 22:20:00	1.0306	1.03071	1.03018	1.03054	120
2025-01-14 22:25:00	1.03054	1.03065	1.03053	1.03065	41
2025-01-14 22:30:00	1.03065	1.03068	1.03065	1.03068	13
2025-01-14 22:35:00	1.03068	1.03068	1.03061	1.03064	56
2025-01-14 22:40:00	1.03065	1.03067	1.03064	1.03064	163
2025-01-14 22:45:00	1.03067	1.03067	1.03064	1.03064	38
2025-01-14 22:50:00	1.03065	1.03074	1.0306	1.03066	137
2025-01-14 22:55:00	1.03066	1.03069	1.03057	1.03069	112
2025-01-14 23:00:00	1.03068	1.03081	1.03051	1.03068	563
2025-01-14 23:05:00	1.03071	1.03078	1.03055	1.03055	107
2025-01-14 23:10:00	1.03056	1.03078	1.03051	1.03075	143
2025-01-14 23:15:00	1.03074	1.0308	1.03074	1.03077	203
2025-01-14 23:20:00	1.03076	1.03078	1.03055	1.03056	77
2025-01-14 23:25:00	1.03056	1.03058	1.03045	1.03046	46
2025-01-14 23:30:00	1.03046	1.0305	1.03042	1.03048	49
2025-01-14 23:35:00	1.03048	1.03053	1.03044	1.03046	47
2025-01-14 23:40:00	1.03046	1.03051	1.03043	1.03044	61
2025-01-14 23:45:00	1.03044	1.03044	1.03038	1.03038	58
2025-01-14 23:50:00	1.03036	1.03049	1.03023	1.03048	63
2025-01-14 23:55:00	1.03048	1.03065	1.03044	1.03062	127
2025-01-15 00:00:00	1.03061	1.03061	1.02997	1.03001	279
2025-01-15 00:05:00	1.03001	1.03013	1.02998	1.03005	243
2025-01-15 00:10:00	1.03004	1.03031	1.02998	1.03029	142
2025-01-15 00:15:00	1.03029	1.03034	1.03026	1.03027	145
2025-01-15 00:20:00	1.03027	1.03029	1.03011	1.03014	158
2025-01-15 00:25:00	1.03013	1.03017	1.03004	1.03007	115
2025-01-15 00:30:00	1.03006	1.03022	1.03006	1.03016	169
2025-01-15 00:35:00	1.03017	1.03018	1.03011	1.03013	81
2025-01-15 00:40:00	1.03013	1.03028	1.03005	1.03008	167
2025-01-15 00:45:00	1.03008	1.03008	1.02998	1.03	142
2025-01-15 00:50:00	1.02999	1.0302	1.02999	1.03016	493
2025-01-15 00:55:00	1.03016	1.03019	1.03	1.03011	397
2025-01-15 01:00:00	1.03012	1.03037	1.03006	1.03036	241
2025-01-15 01:05:00	1.03039	1.03048	1.03012	1.03012	426
2025-01-15 01:10:00	1.03012	1.03036	1.03012	1.03034	380
2025-01-15 01:15:00	1.03033	1.03045	1.03025	1.03028	203
2025-01-15 01:20:00	1.03028	1.0303	1.0301	1.03011	300
2025-01-15 01:25:00	1.03012	1.03015	1.02999	1.03004	222
2025-01-15 01:30:00	1.03003	1.0302	1.02978	1.03003	360
2025-01-15 01:35:00	1.03002	1.0301	1.02992	1.02996	288
2025-01-15 01:40:00	1.02995	1.03011	1.02985	1.03003	312
2025-01-15 01:45:00	1.03003	1.03003	1.02988	1.02999	263
2025-01-15 01:50:00	1.02998	1.0301	1.02997	1.03007	202
2025-01-15 01:55:00	1.03006	1.03009	1.02994	1.03	288
2025-01-15 02:00:00	1.03	1.03007	1.0299	1.02996	373
2025-01-15 02:05:00	1.02995	1.03004	1.02991	1.03002	214
2025-01-15 02:10:00	1.03001	1.03002	1.02991	1.02992	208
2025-01-15 02:15:00	1.02992	1.03008	1.02992	1.03003	316
2025-01-15 02:20:00	1.03002	1.03014	1.03001	1.03007	134
2025-01-15 02:25:00	1.03008	1.03012	1.03002	1.03002	114
2025-01-15 02:30:00	1.03001	1.03003	1.0297	1.02979	349
2025-01-15 02:35:00	1.02979	1.02988	1.02971	1.02971	279
2025-01-15 02:40:00	1.0297	1.02987	1.02966	1.02986	210
2025-01-15 02:45:00	1.02987	1.02987	1.02953	1.02963	273
2025-01-15 02:50:00	1.02964	1.02977	1.02957	1.02972	376
2025-01-15 02:55:00	1.02973	1.02983	1.0297	1.0297	186
2025-01-15 03:00:00	1.0297	1.03008	1.02963	1.03001	317
2025-01-15 03:05:00	1.03001	1.03008	1.02995	1.02997	255
2025-01-15 03:10:00	1.02998	1.03014	1.02995	1.03004	146
2025-01-15 03:15:00	1.03003	1.03005	1.02983	1.02984	259
2025-01-15 03:20:00	1.02985	1.03004	1.02983	1.03003	156
2025-01-15 03:25:00	1.03003	1.03008	1.03002	1.03003	130
2025-01-15 03:30:00	1.03002	1.03005	1.02987	1.02998	267
2025-01-15 03:35:00	1.02999	1.03014	1.02998	1.03013	215
2025-01-15 03:40:00	1.03014	1.03015	1.02998	1.02998	168
2025-01-15 03:45:00	1.03	1.03017	1.03	1.03013	158
2025-01-15 03:50:00	1.03013	1.0302	1.03013	1.03013	59
2025-01-15 03:55:00	1.0301	1.03021	1.03005	1.03019	101
2025-01-15 04:00:00	1.03019	1.03019	1.0299	1.02991	120
2025-01-15 04:05:00	1.02992	1.02994	1.02981	1.02984	175
2025-01-15 04:10:00	1.02985	1.02989	1.02981	1.02983	146
2025-01-15 04:15:00	1.02985	1.02985	1.02975	1.02975	177
2025-01-15 04:20:00	1.02976	1.02998	1.02975	1.02992	262
2025-01-15 04:25:00	1.02992	1.03002	1.02989	1.02998	108
2025-01-15 04:30:00	1.02999	1.03016	1.02998	1.03007	219
2025-01-15 04:35:00	1.03007	1.03008	1.02998	1.03007	177
2025-01-15 04:40:00	1.03006	1.03008	1.03001	1.03002	87
2025-01-15 04:45:00	1.03001	1.03017	1.03	1.03015	166
2025-01-15 04:50:00	1.03015	1.03018	1.03007	1.03011	149
2025-01-15 04:55:00	1.0301	1.03025	1.0301	1.03023	258
2025-01-15 05:00:00	1.03022	1.03025	1.03008	1.03009	196
2025-01-15 05:05:00	1.03009	1.03009	1.02984	1.02989	181
2025-01-15 05:10:00	1.02992	1.03012	1.02992	1.03011	160
2025-01-15 05:15:00	1.03011	1.03034	1.03009	1.03032	140
2025-01-15 05:20:00	1.03033	1.03039	1.03031	1.03038	144
2025-01-15 05:25:00	1.03038	1.03052	1.03013	1.03017	258
2025-01-15 05:30:00	1.03017	1.03019	1.02994	1.02994	268
2025-01-15 05:35:00	1.02994	1.03009	1.02992	1.03002	199
2025-01-15 05:40:00	1.03002	1.03004	1.02995	1.03002	249
2025-01-15 05:45:00	1.03003	1.03014	1.03002	1.0301	188
2025-01-15 05:50:00	1.0301	1.03014	1.03002	1.03007	235
2025-01-15 05:55:00	1.03006	1.03006	1.02925	1.02932	944
2025-01-15 06:00:00	1.0293	1.02975	1.02919	1.02975	355
2025-01-15 06:05:00	1.02976	1.0298	1.02955	1.02956	290
2025-01-15 06:10:00	1.02955	1.02966	1.02951	1.02955	224
2025-01-15 06:15:00	1.02956	1.02956	1.02947	1.02949	99
2025-01-15 06:20:00	1.02949	1.02976	1.02943	1.02971	231
2025-01-15 06:25:00	1.02971	1.02976	1.0297	1.02976	129
2025-01-15 06:30:00	1.02977	1.02984	1.02971	1.02976	186
2025-01-15 06:35:00	1.02976	1.02985	1.02961	1.02982	325
2025-01-15 06:40:00	1.02982	1.02986	1.02967	1.0297	209
2025-01-15 06:45:00	1.0297	1.02971	1.02951	1.02961	326
2025-01-15 06:50:00	1.0296	1.02963	1.02951	1.02955	240
2025-01-15 06:55:00	1.02955	1.02971	1.02955	1.02961	178
2025-01-15 07:00:00	1.02963	1.02976	1.02909	1.02921	1618
2025-01-15 07:05:00	1.02921	1.0293	1.02881	1.02915	1239
2025-01-15 07:10:00	1.02916	1.02942	1.0291	1.0292	737
2025-01-15 07:15:00	1.02919	1.02921	1.02878	1.02891	1252
2025-01-15 07:20:00	1.0289	1.02934	1.02866	1.02926	1211
2025-01-15 07:25:00	1.02927	1.02969	1.02916	1.02952	677
2025-01-15 07:30:00	1.02953	1.02969	1.02922	1.02956	644
2025-01-15 07:35:00	1.02956	1.03033	1.02956	1.03011	768
2025-01-15 07:40:00	1.0301	1.03033	1.02985	1.03003	832
2025-01-15 07:45:00	1.03001	1.03079	1.03001	1.03062	889
2025-01-15 07:50:00	1.03061	1.03062	1.0302	1.03055	975
2025-01-15 07:55:00	1.03058	1.03081	1.03022	1.03058	1463
2025-01-15 08:00:00	1.03058	1.0314	1.03036	1.03106	1737
2025-01-15 08:05:00	1.03106	1.03142	1.03096	1.0314	929
2025-01-15 08:10:00	1.03139	1.03171	1.0312	1.03127	1423
2025-01-15 08:15:00	1.03126	1.03126	1.03021	1.03026	1193
2025-01-15 08:20:00	1.03026	1.03065	1.03016	1.03036	1435
2025-01-15 08:25:00	1.03036	1.03037	1.02997	1.03016	1404
2025-01-15 08:30:00	1.03015	1.03024	1.02979	1.02983	962
2025-01-15 08:35:00	1.02984	1.03014	1.02982	1.03001	727
2025-01-15 08:40:00	1.03002	1.03017	1.02971	1.02975	587
2025-01-15 08:45:00	1.02975	1.02996	1.02964	1.02984	542
2025-01-15 08:50:00	1.02985	1.02995	1.0296	1.02963	418
2025-01-15 08:55:00	1.02962	1.02981	1.02942	1.02964	1092
2025-01-15 09:00:00	1.02964	1.03011	1.0296	1.03007	574
2025-01-15 09:05:00	1.03008	1.03068	1.03003	1.03054	583
2025-01-15 09:10:00	1.03055	1.03068	1.0301	1.03011	781
2025-01-15 09:15:00	1.0301	1.03057	1.03	1.03056	651
2025-01-15 09:20:00	1.0306	1.03069	1.03006	1.03006	716
2025-01-15 09:25:00	1.03007	1.03057	1.02999	1.03052	661
2025-01-15 09:30:00	1.03052	1.03097	1.03052	1.03088	673
2025-01-15 09:35:00	1.03088	1.03128	1.03087	1.03109	823
2025-01-15 09:40:00	1.03108	1.03113	1.03093	1.03109	856
2025-01-15 09:45:00	1.03108	1.03131	1.03102	1.03104	693
2025-01-15 09:50:00	1.03104	1.03116	1.03081	1.03116	685
2025-01-15 09:55:00	1.03114	1.03126	1.0309	1.03098	598
2025-01-15 10:00:00	1.03098	1.03119	1.03082	1.03105	561
2025-01-15 10:05:00	1.03106	1.03118	1.03095	1.03103	571
2025-01-15 10:10:00	1.03106	1.0314	1.03096	1031	691
2025-01-15 10:15:00	1.03099	1.0311	1.03046	1.03093	768
2025-01-15 10:20:00	1.03093	1.03107	1.03073	1.03107	721
2025-01-15 10:25:00	1.03105	1.03107	1.03058	1.03058	566
2025-01-15 10:30:00	1.03057	1.0306	1.03027	1.03047	872
2025-01-15 10:35:00	1.03047	1.0305	1.03007	1.03031	877
2025-01-15 10:40:00	1.03032	1.03047	1.0303	1.03037	610
2025-01-15 10:45:00	1.03037	1.03083	1.03036	1.0308	759
2025-01-15 10:50:00	1.03081	1.03094	1.03063	1.03067	918
2025-01-15 10:55:00	1.03067	1.03088	1.0304	1.03075	802
2025-01-15 11:00:00	1.03075	1.03102	1.03066	1.03091	794
2025-01-15 11:05:00	1.03093	1.03122	1.03093	1.03109	861
2025-01-15 11:10:00	1.03108	1.03122	1.03098	1.03121	1030
2025-01-15 11:15:00	1.03121	1.03121	1.03066	1.03066	913
2025-01-15 11:20:00	1.03063	1.03097	1.03051	1.03092	1199
2025-01-15 11:25:00	1.03091	1.03094	1.03073	1.03082	853
2025-01-15 11:30:00	1.03082	1.03084	1.03037	1.0305	844
2025-01-15 11:35:00	1.03049	1.03049	1.03015	1.03026	1085
2025-01-15 11:40:00	1.03026	1.0303	1.03003	1.03019	1315
2025-01-15 11:45:00	1.03018	1.03035	1.02995	1.03001	920
2025-01-15 11:50:00	1.03	1.0303	1.02996	1.03026	965
2025-01-15 11:55:00	1.03027	1.03033	1.02996	1.03011	670
2025-01-15 12:00:00	1.0301	1.03031	1.03002	1.0302	436
2025-01-15 12:05:00	1.0302	1.03062	1.03016	1.03046	747
2025-01-15 12:10:00	1.03045	1.03066	1.03025	1.03046	547
2025-01-15 12:15:00	1.03045	1.03049	1.03024	1.03037	599
2025-01-15 12:20:00	1.03038	1.03058	1.03021	1.03048	438
2025-01-15 12:25:00	1.03045	1.03046	1.0302	1.03031	463
2025-01-15 12:30:00	1.0303	1.03042	1.03009	1.0303	378
2025-01-15 12:35:00	1.03029	1.03052	1.03014	1.03047	608
2025-01-15 12:40:00	1.03046	1.0305	1.03015	1.03018	815
2025-01-15 12:45:00	1.03019	1.03026	1.02934	1.02943	1327
2025-01-15 12:50:00	1.02944	1.03008	1.02943	1.03006	1353
2025-01-15 12:55:00	1.03003	1.03003	1.02975	1.02997	715
2025-01-15 13:00:00	1.02996	1.03011	1.02979	1.0299	775
2025-01-15 13:05:00	1.0299	1.03009	1.0298	1.03002	722
2025-01-15 13:10:00	1.03002	1.0301	1.02961	1.02968	982
2025-01-15 13:15:00	1.0297	1.03021	1.02965	1.03013	1121
2025-01-15 13:20:00	1.03014	1.03021	1.02996	1.03021	1547
2025-01-15 13:25:00	1.03022	1.03046	1.03003	1.03024	1133
2025-01-15 13:30:00	1.03016	1.03544	1.03016	1.03403	6642
2025-01-15 13:35:00	1.03402	1.03433	1.03328	1.03358	7329
2025-01-15 13:40:00	1.03359	1.03397	1.03252	1.0329	5084
2025-01-15 13:45:00	1.03289	1.03367	1.03271	1.03336	4789
2025-01-15 13:50:00	1.03335	1.03404	1.03314	1.03401	4366
2025-01-15 13:55:00	1.03402	1.03505	1.03369	1.03444	2894
2025-01-15 14:00:00	1.03444	1.03456	1.03385	1.03385	3335
2025-01-15 14:05:00	1.03381	1.03395	1.03283	1.03316	2902
2025-01-15 14:10:00	1.03319	1.03366	1.03315	1.03338	4704
2025-01-15 14:15:00	1.03339	1.03362	1.03295	1.03327	4787
2025-01-15 14:20:00	1.03326	1.03427	1.03311	1.03377	2361
2025-01-15 14:25:00	1.03376	1.03442	1.03353	1.03407	2383
2025-01-15 14:30:00	1.03411	1.03452	1.03332	1.03333	2420
2025-01-15 14:35:00	1.03333	1.0336	1.03305	1.03307	2550
2025-01-15 14:40:00	1.03308	1.03348	1.03284	1.03333	1911
2025-01-15 14:45:00	1.03333	1.03389	1.03301	1.03363	1602
2025-01-15 14:50:00	1.03363	1.03369	1033	1.03315	3869
2025-01-15 14:55:00	1.03314	1.03336	1.03251	1.03271	4103
2025-01-15 15:00:00	1.03271	1.03271	1.03153	1.03177	3257
2025-01-15 15:05:00	1.03176	1.03186	1.03098	1.03156	2204
2025-01-15 15:10:00	1.03156	1.03238	1.03144	1.03231	955
2025-01-15 15:15:00	1.03231	1.03281	1.03225	1.03237	837
2025-01-15 15:20:00	1.03238	1.03238	1.03177	1.03207	1563
2025-01-15 15:25:00	1.03206	1.03263	1.03176	1.03262	1259
2025-01-15 15:30:00	1.03262	1.03309	1.03261	1.03286	1952
2025-01-15 15:35:00	1.03286	1.03298	1.03222	1.03225	2393
2025-01-15 15:40:00	1.03225	1.03228	1.03137	1.03147	1735
2025-01-15 15:45:00	1.03147	1.03152	1.03013	1.03022	2759
2025-01-15 15:50:00	1.03025	1.03038	1.02988	1.03018	2867
2025-01-15 15:55:00	1.03018	1.03067	1.03008	1.03061	2921
2025-01-15 16:00:00	1.0306	1.03077	1.03009	1.03026	2060
2025-01-15 16:05:00	1.03026	1.03047	1.0293	1.0295	2220
2025-01-15 16:10:00	1.02949	1.02957	1.02891	1.02943	2441
2025-01-15 16:15:00	1.02946	1.02954	1.02889	1.02891	1933
2025-01-15 16:20:00	1.0289	1.02941	1.0287	1.02888	1973
2025-01-15 16:25:00	1.02889	1.02921	1.0286	1.02889	1341
2025-01-15 16:30:00	1.0289	1.0289	1.0259	1.02722	5190
2025-01-15 16:35:00	1.02722	1.02766	1.02693	1.0276	2726
2025-01-15 16:40:00	1.02759	1.02792	1.02744	1.02768	1624
2025-01-15 16:45:00	1.02768	1.02824	1.02768	1.02798	1873
2025-01-15 16:50:00	1.02799	1028	1.02744	1.02785	2006
2025-01-15 16:55:00	1.02786	1.02814	1.02764	1.02811	1660
2025-01-15 17:00:00	1.02813	1.02855	1.02809	1.02855	2107
2025-01-15 17:05:00	1.02855	1.02901	1.02855	1.02888	1441
2025-01-15 17:10:00	1.02889	1.02919	1.02857	1.02857	702
2025-01-15 17:15:00	1.02857	1.02882	1.02836	1.02837	605
2025-01-15 17:20:00	1.02836	1.02877	1.02825	1.02862	515
2025-01-15 17:25:00	1.02862	1.0289	1.02848	1.02857	706
2025-01-15 17:30:00	1.02857	1.02925	1.02845	1.02912	507
2025-01-15 17:35:00	1.02911	1.02931	1.02898	1.02922	495
2025-01-15 17:40:00	1.02922	1.02925	1.02893	1.02893	422
2025-01-15 17:45:00	1.02893	1.02897	1.02865	1.02875	360
2025-01-15 17:50:00	1.02873	1.02874	1.02842	1.02849	497
2025-01-15 17:55:00	1.0285	1.02855	1.02822	1.02855	491
2025-01-15 18:00:00	1.0286	1.02898	1.02858	1.02883	569
2025-01-15 18:05:00	1.02884	1.02893	1.02843	1.02858	749
2025-01-15 18:10:00	1.02857	1.02888	1.02852	1.02861	729
2025-01-15 18:15:00	1.02862	1.02923	1.02856	1.02913	444
2025-01-15 18:20:00	1.02915	1.02921	1.02897	1.02914	563
2025-01-15 18:25:00	1.02915	1.02917	1.02899	1.02903	389
2025-01-15 18:30:00	1.02906	1.02928	1.02882	1.02893	532
2025-01-15 18:35:00	1.02894	1.02923	1.02892	1.02918	348
2025-01-15 18:40:00	1.02909	1.02926	1.02901	1.0292	327
2025-01-15 18:45:00	1.0292	1.02923	1.02915	1.02917	205
2025-01-15 18:50:00	1.02917	1.02929	1.02902	1.02916	329
2025-01-15 18:55:00	1.02915	1.02928	1.02911	1.02921	201
2025-01-15 19:00:00	1.02923	1.02928	1.02903	1.02905	231
2025-01-15 19:05:00	1.02907	1.02922	1.02906	1.02916	225
2025-01-15 19:10:00	1.02915	1.02915	1.02892	1.02906	143
2025-01-15 19:15:00	1.02906	1.02933	1.02896	1.02919	368
2025-01-15 19:20:00	1.02918	1.02925	1.02892	1.02901	200
2025-01-15 19:25:00	1.02902	1.02926	1.02902	1.02926	239
2025-01-15 19:30:00	1.02927	1.02927	1.02902	1.02908	125
2025-01-15 19:35:00	1.0291	1.02942	1.02902	1.02941	136
2025-01-15 19:40:00	1.02942	1.02946	1.02896	1.02906	472
2025-01-15 19:45:00	1.02907	1.02936	1.02907	1.02936	271
2025-01-15 19:50:00	1.02935	1.0294	1.02925	1.02926	176
2025-01-15 19:55:00	1.02925	1.02942	1.02917	1.02932	496
2025-01-15 20:00:00	1.02931	1.02933	1.02902	1.02919	732
2025-01-15 20:05:00	1.02919	1.02935	1.02919	1.02921	222
2025-01-15 20:10:00	1.02922	1.02939	1.02916	1.02926	238
2025-01-15 20:15:00	1.02928	1.02947	1.02926	1.02936	167
2025-01-15 20:20:00	1.02935	1.02968	1.02935	1.02968	179
2025-01-15 20:25:00	1.02968	1.02974	1.02962	1.02972	203
2025-01-15 20:30:00	1.02972	1.02988	1.02966	1.02986	188
2025-01-15 20:35:00	1.02987	1.02987	1.0297	1.02978	155
2025-01-15 20:40:00	1.02978	1.02978	1.02956	1.02956	194
2025-01-15 20:45:00	1.02958	1.02975	1.02952	1.02954	162
2025-01-15 20:50:00	1.02953	1.02968	1.02947	1.02961	148
2025-01-15 20:55:00	1.02961	1.02966	1.02951	1.02958	479
2025-01-15 21:00:00	1.02959	1.02962	1.02953	1.02956	151
2025-01-15 21:05:00	1.02954	1.02954	1.02935	1.02936	176
2025-01-15 21:10:00	1.02937	1.02951	1.02937	1.02944	54
2025-01-15 21:15:00	1.02945	1.02947	1.02928	1.02928	160
2025-01-15 21:20:00	1.02929	1.0293	1.02905	1.02906	148
2025-01-15 21:25:00	1.02906	1.02907	1029	1.02901	76
2025-01-15 21:30:00	1029	1.02907	1.02896	1.02896	87
2025-01-15 21:35:00	1.02896	1.02896	1.0288	1.02882	130
2025-01-15 21:40:00	1.02881	1.02897	1.02881	1.02891	77
2025-01-15 21:45:00	1.02891	1.02898	1.02887	1.02895	175
2025-01-15 21:50:00	1.02896	1.02905	1.02888	1.02895	454
2025-01-15 21:55:00	1.02895	1.02905	1.0288	1.0288	419
2025-01-15 22:00:00	1.02892	1029	1.0288	1.0288	14
2025-01-15 22:05:00	1029	1029	1.02896	1.02896	125
2025-01-15 22:10:00	1.02896	1.02896	1.02894	1.02894	120
2025-01-15 22:15:00	1.02894	1.02913	1.02894	1.02913	170
2025-01-15 22:20:00	1.02912	1.02918	1.02906	1.02918	81
2025-01-15 22:25:00	1.02917	1.02919	1.02909	1.02919	92
2025-01-15 22:30:00	1.02918	1.02919	1.02905	1.0291	37
2025-01-15 22:35:00	1.02906	1.0291	1.02906	1.0291	2
2025-01-15 22:40:00	1.0291	1.02911	1.0291	1.0291	18
2025-01-15 22:45:00	1.0291	1.02939	1.0291	1.02932	142
2025-01-15 22:50:00	1.02933	1.02938	1.0292	1.0292	60
2025-01-15 22:55:00	1.0292	1.02926	1.02913	1.02921	131
2025-01-15 23:00:00	1.02923	1.02936	1.02907	1.02935	439
2025-01-15 23:05:00	1.02935	1.02935	1.02916	1.02922	284
2025-01-15 23:10:00	1.02922	1.02922	1.02906	1.02908	222
2025-01-15 23:15:00	1.02912	1.02919	1.02906	1.02916	215
2025-01-15 23:20:00	1.02916	1.02939	1.02916	1.02933	213
2025-01-15 23:25:00	1.02934	1.02942	1.0293	1.02936	162
2025-01-15 23:30:00	1.02936	1.02942	1.0293	1.02931	98
2025-01-15 23:35:00	1.02933	1.02942	1.02929	1.02937	80
2025-01-15 23:40:00	1.02937	1.02944	1.02935	1.0294	188
2025-01-15 23:45:00	1.02939	1.02941	1.02932	1.02936	298
2025-01-15 23:50:00	1.02938	1.02942	1.02933	1.02937	253
2025-01-15 23:55:00	1.02936	1.02954	1.02936	1.0295	113
2025-01-16 00:00:00	1.0295	1.02961	1.02942	1.02946	218
2025-01-16 00:05:00	1.02948	1.02958	1.02927	1.02936	152
2025-01-16 00:10:00	1.02936	1.02941	1.02923	1.02925	161
2025-01-16 00:15:00	1.02927	1.02937	1.02912	1.02916	195
2025-01-16 00:20:00	1.02916	1.02919	1.02902	1.02917	168
2025-01-16 00:25:00	1.02918	1.02943	1.02914	1.02942	120
2025-01-16 00:30:00	1.02948	1.02986	1.02947	1.02979	631
2025-01-16 00:35:00	1.02978	1.02998	1.02974	1.02986	300
2025-01-16 00:40:00	1.02985	1.02987	1.02971	1.02977	294
2025-01-16 00:45:00	1.02978	1.02984	1.02848	1.02887	651
2025-01-16 00:50:00	1.02886	1.02952	1.02877	1.02945	574
2025-01-16 00:55:00	1.02947	1.02995	1.02941	1.02988	445
2025-01-16 01:00:00	1.0299	1.02995	1.02975	1.02989	418
2025-01-16 01:05:00	1.02989	1.02989	1.02947	1.02966	312
2025-01-16 01:10:00	1.02966	1.02974	1.02941	1.02946	449
2025-01-16 01:15:00	1.02948	1.02952	1.0293	1.02935	353
2025-01-16 01:20:00	1.02934	1.0294	1.02911	1.0293	374
2025-01-16 01:25:00	1.0293	1.02956	1.0292	1.02925	244
2025-01-16 01:30:00	1.02928	1.02969	1.02928	1.02957	452
2025-01-16 01:35:00	1.02958	1.02977	1.02947	1.02965	443
2025-01-16 01:40:00	1.02964	1.02979	1.02953	1.02973	370
2025-01-16 01:45:00	1.02972	1.02982	1.02938	1.02938	402
2025-01-16 01:50:00	1.02939	1.02957	1.02892	1.02895	476
2025-01-16 01:55:00	1.02895	1.02912	1.02875	1.02895	471
2025-01-16 02:00:00	1.02895	1.0293	1.02878	1.02898	846
2025-01-16 02:05:00	1.02898	1.02909	1.02884	1.02899	576
2025-01-16 02:10:00	1.02899	1.02905	1.02876	1.02894	450
2025-01-16 02:15:00	1.02894	1.02894	1.02863	1.02868	354
2025-01-16 02:20:00	1.0287	1.02877	1.02848	1.02858	290
2025-01-16 02:25:00	1.02861	1.02881	1.02859	1.02874	250
2025-01-16 02:30:00	1.02873	1.02903	1.02873	1.02887	277
2025-01-16 02:35:00	1.02886	1.02887	1.02868	1.02885	363
2025-01-16 02:40:00	1.02887	1.02921	1.02884	1.02918	327
2025-01-16 02:45:00	1.02918	1.02918	1.02892	1.02899	259
2025-01-16 02:50:00	1.02898	1029	1.02872	1.02877	203
2025-01-16 02:55:00	1.02873	1.02877	1.02858	1.02869	269
2025-01-16 03:00:00	1.02869	1.02872	1.02853	1.0286	287
2025-01-16 03:05:00	1.02862	1.02876	1.02857	1.02873	304
2025-01-16 03:10:00	1.02876	1.02885	1.02863	1.02868	221
2025-01-16 03:15:00	1.02869	1.02871	1.02852	1.02852	198
2025-01-16 03:20:00	1.02853	1.02866	1.02848	1.0286	177
2025-01-16 03:25:00	1.02859	1.02863	1.02845	1.02851	105
2025-01-16 03:30:00	1.02851	1.02862	1.0285	1.02855	126
2025-01-16 03:35:00	1.02855	1.02862	1.02849	1.02861	155
2025-01-16 03:40:00	1.0286	1.02864	1.02849	1.0286	187
2025-01-16 03:45:00	1.02859	1.02862	1.02848	1.02854	203
2025-01-16 03:50:00	1.02853	1.02874	1.02853	1.02873	139
2025-01-16 03:55:00	1.02873	1.02889	1.0287	1.02888	111
2025-01-16 04:00:00	1.02888	1.02933	1.02888	1.02932	200
2025-01-16 04:05:00	1.02932	1.02937	1.02926	1.0293	133
2025-01-16 04:10:00	1.02932	1.02933	1.02924	1.02928	153
2025-01-16 04:15:00	1.02929	1.02932	1.02918	1.02922	157
2025-01-16 04:20:00	1.02921	1.02929	1.02914	1.02917	153
2025-01-16 04:25:00	1.02917	1.02921	1.0289	1.02891	188
2025-01-16 04:30:00	1.02891	1.02913	1.0289	1.02912	203
2025-01-16 04:35:00	1.02913	1.02929	1.02862	1.02862	282
2025-01-16 04:40:00	1.02863	1.02877	1.02853	1.02877	222
2025-01-16 04:45:00	1.02877	1.02882	1.02873	1.02874	141
2025-01-16 04:50:00	1.02875	1.02878	1.02859	1.02869	127
2025-01-16 04:55:00	1.0287	1.02872	1.0286	1.02869	136
2025-01-16 05:00:00	1.0287	1.02871	1.02849	1.02853	167
2025-01-16 05:05:00	1.02853	1.02867	1.02849	1.02859	165
2025-01-16 05:10:00	1.02858	1.0286	1.02847	1.02848	196
2025-01-16 05:15:00	1.02848	1.02857	1.02833	1.02845	225
2025-01-16 05:20:00	1.02844	1.02857	1.02834	1.02854	626
2025-01-16 05:25:00	1.02854	1.02857	1.02843	1.02856	442
2025-01-16 05:30:00	1.02855	1.02856	1.02834	1.02835	464
2025-01-16 05:35:00	1.02836	1.02836	1.0282	1.02831	499
2025-01-16 05:40:00	1.02832	1.02837	1.02828	1.02828	469
2025-01-16 05:45:00	1.02827	1.02827	1.02809	1.02819	466
2025-01-16 05:50:00	1.02819	1.02831	1.02818	1.02824	567
2025-01-16 05:55:00	1.02823	1.02831	1.02819	1.02824	574
2025-01-16 06:00:00	1.02823	1.02849	1.02823	1.02839	597
2025-01-16 06:05:00	1.02839	1.02839	1.02827	1.02834	229
2025-01-16 06:10:00	1.02835	1.02847	1.02822	1.02841	303
2025-01-16 06:15:00	1.02842	1.02854	1.02838	1.02854	485
2025-01-16 06:20:00	1.02855	1.02877	1.02843	1.0287	819
2025-01-16 06:25:00	1.02869	1.02891	1.02864	1.02884	649
2025-01-16 06:30:00	1.02883	1.02885	1.02869	1.02872	833
2025-01-16 06:35:00	1.02873	1.02874	1.0284	1.02858	839
2025-01-16 06:40:00	1.02859	1.02864	1.0284	1.02853	367
2025-01-16 06:45:00	1.02851	1.02885	1.02843	1.02882	536
2025-01-16 06:50:00	1.02881	1.02891	1.02873	1.0289	599
2025-01-16 06:55:00	1.02891	1.02895	1.02876	1.02888	714
2025-01-16 07:00:00	1.02888	1.02903	1.02859	1.02901	710
2025-01-16 07:05:00	1029	1.02948	1.02894	1.02946	638
2025-01-16 07:10:00	1.02946	1.02982	1.02935	1.02982	683
2025-01-16 07:15:00	1.02981	1.0299	1.02947	1.02962	913
2025-01-16 07:20:00	1.02962	1.02992	1.02954	1.02969	998
2025-01-16 07:25:00	1.02969	1.02971	1.02938	1.02948	918
2025-01-16 07:30:00	1.02949	1.02982	1.02947	1.02981	669
2025-01-16 07:35:00	1.02982	1.03014	1.02967	1.02967	649
2025-01-16 07:40:00	1.02967	1.02991	1.02955	1.02958	1066
2025-01-16 07:45:00	1.02961	1.02978	1.02946	1.02967	976
2025-01-16 07:50:00	1.02967	1.0299	1.02962	1.02963	1274
2025-01-16 07:55:00	1.02963	1.0298	1.02956	1.02975	764
2025-01-16 08:00:00	1.02976	1.02999	1.0295	1.02995	1506
2025-01-16 08:05:00	1.02996	1.02997	1.02958	1.02974	908
2025-01-16 08:10:00	1.02975	1.02986	1.02924	1.02926	1350
2025-01-16 08:15:00	1.02928	1.02947	1.02891	1.02927	1593
2025-01-16 08:20:00	1.02928	1.02984	1.02921	1.02981	1386
2025-01-16 08:25:00	1.02984	1.02988	1.02922	1.02929	1356
2025-01-16 08:30:00	1.02928	1.02931	1.02879	1.02905	1880
2025-01-16 08:35:00	1.02904	1.02963	1.02901	1.02943	1406
2025-01-16 08:40:00	1.02945	1.02964	1.02939	1.02939	1117
2025-01-16 08:45:00	1.02938	1.02968	1.02937	1.02956	1348
2025-01-16 08:50:00	1.02957	1.02965	1.02932	1.02952	1107
2025-01-16 08:55:00	1.02952	1.02967	1.02937	1.02959	1222
2025-01-16 09:00:00	1.0296	1.02963	1.02907	1.02909	1352
2025-01-16 09:05:00	1.02911	1.02939	1.02887	1.02939	1352
2025-01-16 09:10:00	1.02939	1.02973	1.02905	1.02918	1207
2025-01-16 09:15:00	1.02917	1.02958	1.02916	1.02941	1141
2025-01-16 09:20:00	1.0294	1.02982	1.02933	1.0298	700
2025-01-16 09:25:00	1.02979	1.02988	1.0294	1.0294	782
2025-01-16 09:30:00	1.0294	1.0296	1.02919	1.02948	1472
2025-01-16 09:35:00	1.02948	1.02948	1.02894	1.02908	985
2025-01-16 09:40:00	1.02907	1.02907	1.02824	1.02829	1450
2025-01-16 09:45:00	1.02829	1.02858	1.02816	1.0283	1415
2025-01-16 09:50:00	1.0283	1.02853	1.0283	1.02849	1057
2025-01-16 09:55:00	1.02849	1.02872	1.02839	1.0286	789
2025-01-16 10:00:00	1.02861	1.02862	1.02827	1.02845	1246
2025-01-16 10:05:00	1.02845	1.02868	1.0283	1.02867	667
2025-01-16 10:10:00	1.02866	1.02905	1.02866	1.02902	1135
2025-01-16 10:15:00	1.02903	1.02906	1.02881	1.02893	986
2025-01-16 10:20:00	1.02892	1.02946	1.02885	1.02941	673
2025-01-16 10:25:00	1.02941	1.02961	1.02921	1.02923	684
2025-01-16 10:30:00	1.02921	1.02935	1.02902	1.02919	1171
2025-01-16 10:35:00	1.0292	1.02939	1.02915	1.02921	807
2025-01-16 10:40:00	1.02923	1.02923	1.02883	1.02887	1019
2025-01-16 10:45:00	1.02888	1.02903	1.02877	1.02889	921
2025-01-16 10:50:00	1.0289	1.02899	1.0286	1.02879	1113
2025-01-16 10:55:00	1.02879	1.02881	1.02848	1.02855	1510
2025-01-16 11:00:00	1.02854	1.02869	1.02839	1.02849	1078
2025-01-16 11:05:00	1.02849	1.02869	1.02844	1.02867	927
2025-01-16 11:10:00	1.02866	1.02886	1.02851	1.02876	718
2025-01-16 11:15:00	1.02876	1.02905	1.02865	1.02869	912
2025-01-16 11:20:00	1.0287	1.02882	1.02859	1.02866	822
2025-01-16 11:25:00	1.02865	1.02887	1.02861	1.02879	615
2025-01-16 11:30:00	1.02881	1.02897	1.02879	1.0289	734
2025-01-16 11:35:00	1.02891	1.02891	1.02856	1.02864	733
2025-01-16 11:40:00	1.02866	1.02887	1.02864	1.02881	771
2025-01-16 11:45:00	1.02882	1.02906	1.02882	1.02894	677
2025-01-16 11:50:00	1.02895	1.0291	1.02883	1.02903	852
2025-01-16 11:55:00	1.02903	1.02919	1.02899	1.02901	1262
2025-01-16 12:00:00	1029	1.02901	1.02857	1.02871	823
2025-01-16 12:05:00	1.0287	1.02881	1.02846	1.02846	966
2025-01-16 12:10:00	1.02846	1.02864	1.02825	1.02826	1025
2025-01-16 12:15:00	1.02826	1.02853	1.0282	1.02851	983
2025-01-16 12:20:00	1.0285	1.02852	1.0275	1.02769	1584
2025-01-16 12:25:00	1.02769	1.0278	1.02721	1.02744	1469
2025-01-16 12:30:00	1.02743	1.02753	1.02692	1.02718	2364
2025-01-16 12:35:00	1.02716	1.02728	1.02676	1.02682	2421
2025-01-16 12:40:00	1.02681	1.02708	1.0264	1.02645	2876
2025-01-16 12:45:00	1.02646	1.02731	1.02644	1.02716	1588
2025-01-16 12:50:00	1.02716	1.02731	1.02699	1.02699	1600
2025-01-16 12:55:00	1027	1.0274	1.02695	1.02717	1581
2025-01-16 13:00:00	1.02718	1.02742	1.02703	1.02742	2497
2025-01-16 13:05:00	1.02743	1.02747	1.02676	1.02714	1889
2025-01-16 13:10:00	1.02715	1.0275	1.02709	1.02739	2026
2025-01-16 13:15:00	1.0274	1.02741	1.02627	1.02657	2323
2025-01-16 13:20:00	1.02657	1.02692	1.02645	1.02685	1749
2025-01-16 13:25:00	1.02684	1.02686	1.02642	1.02661	1459
2025-01-16 13:30:00	1.02661	1.02814	1.02604	1.02745	5597
2025-01-16 13:35:00	1.02744	1.02783	1.02717	1.02719	4388
2025-01-16 13:40:00	1.0272	1.02815	1.0269	1.02788	4007
2025-01-16 13:45:00	1.02789	1.02801	1.02751	1.0277	3346
2025-01-16 13:50:00	1.02769	1.02851	1.02766	1.02826	2320
2025-01-16 13:55:00	1.02825	1.02835	1.02774	1.02814	2208
2025-01-16 14:00:00	1.02814	1.02814	1.02749	1.02754	2501
2025-01-16 14:05:00	1.02753	1.02784	1.0273	1.02738	2249
2025-01-16 14:10:00	1.02739	1.02756	1.02704	1.02727	1370
2025-01-16 14:15:00	1.02728	1.02764	1.02718	1.02758	1332
2025-01-16 14:20:00	1.02761	1.02766	1.02731	1.02731	1543
2025-01-16 14:25:00	1.02732	1.02757	1.02701	1.02747	1164
2025-01-16 14:30:00	1.02749	1.02754	1.02678	1.02719	2417
2025-01-16 14:35:00	1.02719	1.02729	1.02682	1.02712	2123
2025-01-16 14:40:00	1.02712	1.02772	1.02707	1.02772	1222
2025-01-16 14:45:00	1.02774	1.02828	1.02765	1.02819	1433
2025-01-16 14:50:00	1.02819	1.02838	1.02787	1.02827	1298
2025-01-16 14:55:00	1.02827	1.02833	1.02787	1.02791	692
2025-01-16 15:00:00	1.02791	1.02795	1.02741	1.02761	959
2025-01-16 15:05:00	1.02763	1.03012	1.02758	1.02994	4390
2025-01-16 15:10:00	1.02994	1.0304	1.0291	1.02918	2599
2025-01-16 15:15:00	1.02913	1.02995	1.02886	1.02979	3395
2025-01-16 15:20:00	1.02978	1.03042	1.02953	1.03027	1690
2025-01-16 15:25:00	1.03028	1.03043	1.02963	1.02982	1400
2025-01-16 15:30:00	1.02983	1.03056	1.02973	1.03039	988
2025-01-16 15:35:00	1.03038	1.03038	1.02944	1.03009	1325
2025-01-16 15:40:00	1.03009	1.03043	1.02974	1.03013	1634
2025-01-16 15:45:00	1.03013	1.03023	1.02976	1.02998	1473
2025-01-16 15:50:00	1.02998	1.03019	1.02942	1.02989	1366
2025-01-16 15:55:00	1.02988	1.03014	1.02968	1.03008	1395
2025-01-16 16:00:00	1.03009	1.0308	1.02985	1.03075	1504
2025-01-16 16:05:00	1.03073	1.03115	1.03038	1.03078	1384
2025-01-16 16:10:00	1.03079	1.03084	1029	1.0292	3233
2025-01-16 16:15:00	1.02925	1.02964	1.02862	1.02914	4465
2025-01-16 16:20:00	1.02915	1.02945	1.02861	1.02939	2608
2025-01-16 16:25:00	1.02939	1.03024	1.02928	1.02994	2096
2025-01-16 16:30:00	1.02994	1.03114	1.02985	1.03103	2610
2025-01-16 16:35:00	1.03103	1.03106	1.03036	1.0305	1427
2025-01-16 16:40:00	1.03049	1.03084	1.03032	1.03064	2111
2025-01-16 16:45:00	1.03064	1.03083	1.03034	1.03057	1744
2025-01-16 16:50:00	1.03058	1.03059	1.03015	1.0303	1890
2025-01-16 16:55:00	1.03031	1.03037	1.02994	1.03022	1465
2025-01-16 17:00:00	1.03024	1.03025	1.02974	1.03019	817
2025-01-16 17:05:00	1.0302	1.03023	1.02985	1.02994	824
2025-01-16 17:10:00	1.02994	1.03062	1.02985	1.03055	860
2025-01-16 17:15:00	1.03055	1.03135	1.03003	1.03124	1505
2025-01-16 17:20:00	1.03125	1.03135	1.03069	1.03111	1031
2025-01-16 17:25:00	1.0311	1.03149	1.03109	1.03127	661
2025-01-16 17:30:00	1.03127	1.03135	1031	1.03105	712
2025-01-16 17:35:00	1.03105	1.0311	1.03083	1.03095	605
2025-01-16 17:40:00	1.03095	1.03104	1.03027	1.03028	1007
2025-01-16 17:45:00	1.03027	1.03027	1.02989	1.03	2187
2025-01-16 17:50:00	1.02999	1.03015	1.02943	1.02969	1478
2025-01-16 17:55:00	1.02969	1.02991	1.02958	1.02964	1086
2025-01-16 18:00:00	1.02962	1.02978	1.02953	1.02967	942
2025-01-16 18:05:00	1.02967	1.02995	1.02967	1.02989	659
2025-01-16 18:10:00	1.0299	1.03027	1.02989	1.03026	611
2025-01-16 18:15:00	1.03026	1.03027	1.02998	1.03009	884
2025-01-16 18:20:00	1.03011	1.03023	1.03	1.03016	728
2025-01-16 18:25:00	1.03017	1.03018	1.0297	1.02979	664
2025-01-16 18:30:00	1.02976	1.02976	1.02949	1.02954	1030
2025-01-16 18:35:00	1.02955	1.02963	1.02938	1.0296	826
2025-01-16 18:40:00	1.02959	1.0298	1.02934	1.0295	1097
2025-01-16 18:45:00	1.0295	1.02975	1.02947	1.02957	713
2025-01-16 18:50:00	1.02957	1.03005	1.02955	1.03005	704
2025-01-16 18:55:00	1.03006	1.03008	1.02977	1.03002	557
2025-01-16 19:00:00	1.03	1.03033	1.02976	1.03031	782
2025-01-16 19:05:00	1.03031	1.03043	1.03011	1.03017	698
2025-01-16 19:10:00	1.03017	1.03061	1.03017	1.03054	360
2025-01-16 19:15:00	1.03052	1.03077	1.03051	1.0306	293
2025-01-16 19:20:00	1.0306	1.03071	1.03011	1.03024	369
2025-01-16 19:25:00	1.03024	1.03026	1.02999	1.03009	301
2025-01-16 19:30:00	1.0301	1.0301	1.02989	1.03005	342
2025-01-16 19:35:00	1.03006	1.03045	1.03003	1.03037	242
2025-01-16 19:40:00	1.03037	1.03053	1.03023	1.03024	257
2025-01-16 19:45:00	1.03025	1.03044	1.03021	1.03021	213
2025-01-16 19:50:00	1.03022	1.03023	1.02996	1.03019	338
2025-01-16 19:55:00	1.03019	1.03052	1.03011	1.03019	304
2025-01-16 20:00:00	1.03017	1.03019	1.02979	1.03001	318
2025-01-16 20:05:00	1.03003	1.03012	1.02986	1.02989	262
2025-01-16 20:10:00	1.02989	1.02992	1.02975	1.0298	174
2025-01-16 20:15:00	1.02981	1.02995	1.02977	1.0299	133
2025-01-16 20:20:00	1.02991	1.03003	1.02981	1.02994	272
2025-01-16 20:25:00	1.02995	1.03017	1.02991	1.03011	186
2025-01-16 20:30:00	1.03012	1.03031	1.03012	1.03031	219
2025-01-16 20:35:00	1.03031	1.03037	1.0301	1.03011	457
2025-01-16 20:40:00	1.03012	1.03015	1.02985	1.02993	342
2025-01-16 20:45:00	1.02994	1.03009	1.02971	1.02996	321
2025-01-16 20:50:00	1.02997	1.03002	1.0299	1.02995	187
2025-01-16 20:55:00	1.02994	1.03009	1.02979	1.03	411
2025-01-16 21:00:00	1.02999	1.02999	1.02966	1.02989	446
2025-01-16 21:05:00	1.02987	1.02996	1.02985	1.02985	295
2025-01-16 21:10:00	1.02983	1.02995	1.02979	1.02988	82
2025-01-16 21:15:00	1.02989	1.0299	1.02985	1.02987	46
2025-01-16 21:20:00	1.02987	1.02994	1.02986	1.02992	65
2025-01-16 21:25:00	1.02994	1.02995	1.02988	1.02995	109
2025-01-16 21:30:00	1.02996	1.03026	1.02996	1.03023	138
2025-01-16 21:35:00	1.03024	1.03027	1.03009	1.0302	318
2025-01-16 21:40:00	1.03022	1.03025	1.03	1.03	455
2025-01-16 21:45:00	1.03	1.0301	1.02993	1.03008	303
2025-01-16 21:50:00	1.03008	1.03027	1.03008	1.03027	270
2025-01-16 21:55:00	1.03028	1.03034	1.0299	1.0299	514
2025-01-16 22:00:00	1.02996	1.02999	1.02979	1.02998	82
2025-01-16 22:05:00	1.02987	1.03019	1.02987	1.03014	203
2025-01-16 22:10:00	1.03013	1.03013	1.03005	1.03013	462
2025-01-16 22:15:00	1.03013	1.03013	1.03001	1.03011	68
2025-01-16 22:20:00	1.03012	1.03019	1.03012	1.03015	117
2025-01-16 22:25:00	1.03016	1.03021	1.03014	1.03015	32
2025-01-16 22:30:00	1.03014	1.03017	1.0301	1.03011	67
2025-01-16 22:35:00	1.03011	1.03014	1.03001	1.03007	309
2025-01-16 22:40:00	1.03008	1.03008	1.02999	1.03002	180
2025-01-16 22:45:00	1.03001	1.03016	1.03001	1.03006	132
2025-01-16 22:50:00	1.03006	1.03006	1.03005	1.03005	50
2025-01-16 22:55:00	1.03007	1.03008	1.03003	1.03008	294
2025-01-16 23:00:00	1.03012	1.03016	1.02999	1.03008	150
2025-01-16 23:05:00	1.03008	1.03019	1.03002	1.03019	95
2025-01-16 23:10:00	1.0302	1.03039	1.0302	1.03029	203
2025-01-16 23:15:00	1.03029	1.03042	1.03027	1.03039	112
2025-01-16 23:20:00	1.03039	1.03042	1.03027	1.03029	99
2025-01-16 23:25:00	1.03015	1.0302	1.03007	1.03019	159
2025-01-16 23:30:00	1.0302	1.03029	1.03014	1.03016	190
2025-01-16 23:35:00	1.03016	1.0302	1.03003	1.03006	223
2025-01-16 23:40:00	1.03007	1.03012	1.03006	1.03008	49
2025-01-16 23:45:00	1.03011	1.03019	1.03008	1.03016	61
2025-01-16 23:50:00	1.03015	1.03015	1.03005	1.03007	72
2025-01-16 23:55:00	1.03009	1.03016	1.03009	1.03014	112
2025-01-17 00:00:00	1.03012	1.03016	1.02999	1.03001	242
2025-01-17 00:05:00	1.03004	1.03009	1.03	1.03004	89
2025-01-17 00:10:00	1.03003	1.03003	1.02979	1.02992	211
2025-01-17 00:15:00	1.02991	1.0301	1.02989	1.03003	238
2025-01-17 00:20:00	1.03003	1.0301	1.03	1.03008	129
2025-01-17 00:25:00	1.03008	1.03015	1.03005	1.03008	118
2025-01-17 00:30:00	1.03009	1.03041	1.03009	1.03029	209
2025-01-17 00:35:00	1.03031	1.03035	1.03021	1.03031	213
2025-01-17 00:40:00	1.03031	1.0305	1.0303	1.03046	236
2025-01-17 00:45:00	1.03045	1.03061	1.03043	1.03057	283
2025-01-17 00:50:00	1.03057	1.03067	1.03045	1.03066	499
2025-01-17 00:55:00	1.03066	1.03066	1.03036	1.03047	566
2025-01-17 01:00:00	1.03048	1.03051	1.03017	1.03017	642
2025-01-17 01:05:00	1.03017	1.03051	1.03014	1.03047	231
2025-01-17 01:10:00	1.03049	1.0305	1.03033	1.03036	158
2025-01-17 01:15:00	1.03035	1.03041	1.03024	1.03027	259
2025-01-17 01:20:00	1.03027	1.03037	1.03021	1.0303	276
2025-01-17 01:25:00	1.03031	1.03056	1.03031	1.03049	177
2025-01-17 01:30:00	1.0305	1.03055	1.03031	1.03036	321
2025-01-17 01:35:00	1.03035	1.03041	1.03021	1.03029	255
2025-01-17 01:40:00	1.0303	1.03074	1.03027	1.03072	149
2025-01-17 01:45:00	1.03073	1.03093	1.03065	1.03082	340
2025-01-17 01:50:00	1.03081	1.03084	1.0307	1.03076	249
2025-01-17 01:55:00	1.03076	1.03076	1.03043	1.03049	211
2025-01-17 02:00:00	1.0305	1.03076	1.03046	1.03064	672
2025-01-17 02:05:00	1.03063	1.03078	1.03059	1.03078	535
2025-01-17 02:10:00	1.03078	1.0308	1.03037	1.03068	299
2025-01-17 02:15:00	1.03067	1.03082	1.03064	1.03074	382
2025-01-17 02:20:00	1.03075	1.03088	1.03073	1.03088	336
2025-01-17 02:25:00	1.03087	1.03087	1.03055	1.03066	357
2025-01-17 02:30:00	1.03067	1.0309	1.0306	1.03088	230
2025-01-17 02:35:00	1.03089	1.0309	1.03056	1.03057	222
2025-01-17 02:40:00	1.03057	1.03067	1.03052	1.0306	182
2025-01-17 02:45:00	1.0306	1.03063	1.03041	1.03041	201
2025-01-17 02:50:00	1.03042	1.03048	1.03037	1.03044	151
2025-01-17 02:55:00	1.03045	1.0305	1.03029	1.03033	158
2025-01-17 03:00:00	1.03032	1.03039	1.03029	1.03037	256
2025-01-17 03:05:00	1.03038	1.03049	1.03034	1.03044	296
2025-01-17 03:10:00	1.03043	1.03046	1.03035	1.03035	154
2025-01-17 03:15:00	1.03034	1.03034	1.03022	1.03024	137
2025-01-17 03:20:00	1.03025	1.03029	1.03001	1.03011	265
2025-01-17 03:25:00	1.0301	1.03018	1.02999	1.03016	400
2025-01-17 03:30:00	1.03016	1.03028	1.03013	1.03024	312
2025-01-17 03:35:00	1.03024	1.0303	1.03012	1.03014	191
2025-01-17 03:40:00	1.03015	1.0303	1.03015	1.0303	221
2025-01-17 03:45:00	1.03031	1.03033	1.03012	1.03015	224
2025-01-17 03:50:00	1.03014	1.03019	1.03005	1.03006	238
2025-01-17 03:55:00	1.03005	1.03012	1.02999	1.03005	158
2025-01-17 04:00:00	1.03005	1.03009	1.02992	1.03	129
2025-01-17 04:05:00	1.03	1.03001	1.0299	1.02993	77
2025-01-17 04:10:00	1.02994	1.03007	1.02991	1.03002	94
2025-01-17 04:15:00	1.03002	1.03003	1.02983	1.02988	123
2025-01-17 04:20:00	1.02988	1.02993	1.02984	1.02986	109
2025-01-17 04:25:00	1.02985	1.02988	1.02977	1.0298	173
2025-01-17 04:30:00	1.0298	1.02983	1.02973	1.02977	125
2025-01-17 04:35:00	1.02976	1.02976	1.02951	1.02952	244
2025-01-17 04:40:00	1.02951	1.02951	1.02931	1.02931	182
2025-01-17 04:45:00	1.02931	1.02947	1.02918	1.02933	276
2025-01-17 04:50:00	1.02934	1.02939	1.02923	1.02924	190
2025-01-17 04:55:00	1.02921	1.02941	1.0292	1.02936	154
2025-01-17 05:00:00	1.02937	1.02943	1.02931	1.02938	224
2025-01-17 05:05:00	1.02939	1.02951	1.02937	1.02946	262
2025-01-17 05:10:00	1.02947	1.02949	1.02934	1.02936	156
2025-01-17 05:15:00	1.02937	1.02939	1.02922	1.02924	138
2025-01-17 05:20:00	1.02924	1.02924	1.02902	1.02909	251
2025-01-17 05:25:00	1.0291	1.02928	1.02909	1.02928	184
2025-01-17 05:30:00	1.02928	1.02935	1.02913	1.02914	316
2025-01-17 05:35:00	1.02915	1.02919	1.02905	1.0291	235
2025-01-17 05:40:00	1.0291	1.0291	1.02893	1.02894	261
2025-01-17 05:45:00	1.02894	1.02894	1.02874	1.02883	213
2025-01-17 05:50:00	1.02884	1.02913	1.02883	1.02909	328
2025-01-17 05:55:00	1.02908	1.02935	1.02905	1.02932	349
2025-01-17 06:00:00	1.02933	1.02938	1.02915	1.02915	281
2025-01-17 06:05:00	1.02916	1.02927	1.02909	1.02917	281
2025-01-17 06:10:00	1.02918	1.02918	1.02892	1.02892	348
2025-01-17 06:15:00	1.02891	1.02897	1.02871	1.02874	196
2025-01-17 06:20:00	1.02874	1.02878	1.02851	1.02864	599
2025-01-17 06:25:00	1.02865	1.02877	1.02864	1.02868	795
2025-01-17 06:30:00	1.02869	1.02872	1.02863	1.02871	504
2025-01-17 06:35:00	1.02871	1.02879	1.02858	1.02875	547
2025-01-17 06:40:00	1.02874	1.02897	1.02874	1.02877	606
2025-01-17 06:45:00	1.02878	1.02883	1.02862	1.02881	633
2025-01-17 06:50:00	1.02882	1.02893	1.02873	1.02889	563
2025-01-17 06:55:00	1.02889	1.02911	1.02888	1.02904	466
2025-01-17 07:00:00	1.02903	1.02903	1.02861	1.02874	2067
2025-01-17 07:05:00	1.02873	1.02909	1.02867	1.02889	1373
2025-01-17 07:10:00	1.0289	1.02894	1.02826	1.02838	1524
2025-01-17 07:15:00	1.02838	1.02839	1.02806	1.02818	1548
2025-01-17 07:20:00	1.02819	1.02848	1.02815	1.02824	1480
2025-01-17 07:25:00	1.02825	1.0283	1028	1.02815	1408
2025-01-17 07:30:00	1.02815	1.02839	1.02776	1.02793	1419
2025-01-17 07:35:00	1.02792	1.02809	1.02778	1.02804	905
2025-01-17 07:40:00	1.02808	1.0282	1.02788	1.02818	1474
2025-01-17 07:45:00	1.02818	1.02876	1.02818	1.02875	574
2025-01-17 07:50:00	1.02874	1.0288	1.02845	1.02878	453
2025-01-17 07:55:00	1.02877	1.02877	1.02833	1.02844	821
2025-01-17 08:00:00	1.02844	1.02898	1.02844	1.02898	1002
2025-01-17 08:05:00	1.02897	1.02919	1.02857	1.02857	794
2025-01-17 08:10:00	1.0286	1.0291	1.0286	1.02903	746
2025-01-17 08:15:00	1.02903	1.02927	1.02891	1.02919	622
2025-01-17 08:20:00	1.02919	1.02936	1.02909	1.02919	431
2025-01-17 08:25:00	1.02922	1.02954	1.02919	1.02933	582
2025-01-17 08:30:00	1.02935	1.02964	1.02935	1.02959	644
2025-01-17 08:35:00	1.02957	1.02962	1.0293	1.02956	583
2025-01-17 08:40:00	1.02955	1.02986	1.02946	1.02959	598
2025-01-17 08:45:00	1.02959	1.02978	1.02931	1.02934	530
2025-01-17 08:50:00	1.02933	1.02966	1.02919	1.02955	527
2025-01-17 08:55:00	1.02956	1.02979	1.02949	1.02969	468
2025-01-17 09:00:00	1.02969	1.0303	1.0296	1.02994	903
2025-01-17 09:05:00	1.02994	1.0304	1.02991	1.03027	692
2025-01-17 09:10:00	1.03029	1.03036	1.02983	1.02984	676
2025-01-17 09:15:00	1.02987	1.03005	1.02974	1.02994	1264
2025-01-17 09:20:00	1.02991	1.02991	1.02954	1.02955	1447
2025-01-17 09:25:00	1.02956	1.02996	1.02943	1.02987	1101
2025-01-17 09:30:00	1.02986	1.03009	1.02968	1.02984	1219
2025-01-17 09:35:00	1.02985	1.0299	1.02947	1.02954	1366
2025-01-17 09:40:00	1.02956	1.02959	1.02918	1.02924	1662
2025-01-17 09:45:00	1.02924	1.02937	1.02892	1.02903	1927
2025-01-17 09:50:00	1.02902	1.02971	1.02902	1.02971	1467
2025-01-17 09:55:00	1.02972	1.02981	1.02956	1.02964	970
2025-01-17 10:00:00	1.02968	1.03007	1.02965	1.02994	1194
2025-01-17 10:05:00	1.02994	1.02998	1.0298	1.02992	1141
2025-01-17 10:10:00	1.02992	1.03005	1.02965	1.02974	1576
2025-01-17 10:15:00	1.02973	1.03002	1.02972	1.03	1140
2025-01-17 10:20:00	1.03002	1.03016	1.02985	1.03013	442
2025-01-17 10:25:00	1.03012	1.03045	1.03012	1.03043	709
2025-01-17 10:30:00	1.03042	1.03047	1.03008	1.03023	702
2025-01-17 10:35:00	1.03023	1.03025	1.03004	1.03025	889
2025-01-17 10:40:00	1.03023	1.03029	1.03016	1.03028	736
2025-01-17 10:45:00	1.03027	1.03051	1.03018	1.03034	679
2025-01-17 10:50:00	1.03035	1.03045	1.03021	1.03044	649
2025-01-17 10:55:00	1.03044	1.0306	1.03028	1.03036	881
2025-01-17 11:00:00	1.03037	1.03044	1.02992	1.03003	1225
2025-01-17 11:05:00	1.03003	1.03047	1.03002	1.03043	647
2025-01-17 11:10:00	1.03044	1.03076	1.03044	1.03069	846
2025-01-17 11:15:00	1.03069	1031	1.03069	1.03085	620
2025-01-17 11:20:00	1.03085	1.03085	1.03057	1.03069	585
2025-01-17 11:25:00	1.0307	1.03075	1.03049	1.03075	643
2025-01-17 11:30:00	1.03075	1.03082	1.03045	1.03054	507
2025-01-17 11:35:00	1.03055	1.03056	1.03024	1.03024	688
2025-01-17 11:40:00	1.03026	1.03042	1.03003	1.03008	1101
2025-01-17 11:45:00	1.03007	1.03014	1.02989	1.03008	688
2025-01-17 11:50:00	1.03007	1.03016	1.02989	1.03011	1056
2025-01-17 11:55:00	1.03011	1.0305	1.02999	1.03045	1652
2025-01-17 12:00:00	1.03045	1.03064	1.02967	1.02967	1318
2025-01-17 12:05:00	1.02966	1.03011	1.0296	1.03009	1523
2025-01-17 12:10:00	1.03007	1.03053	1.03005	1.0305	1203
2025-01-17 12:15:00	1.03051	1.03051	1.03011	1.03015	792
2025-01-17 12:20:00	1.03014	1.03027	1.02995	1.0301	933
2025-01-17 12:25:00	1.0301	1.0304	1.03006	1.03021	1179
2025-01-17 12:30:00	1.0302	1.03026	1.02999	1.03025	1363
2025-01-17 12:35:00	1.03025	1.03058	1.03005	1.03012	1944
2025-01-17 12:40:00	1.0301	1.0301	1.02954	1.02956	1917
2025-01-17 12:45:00	1.02956	1.02979	1.02944	1.02959	1743
2025-01-17 12:50:00	1.02959	1.02987	1.02947	1.02972	1302
2025-01-17 12:55:00	1.0297	1.02971	1.02902	1.02929	1844
2025-01-17 13:00:00	1.0293	1.02995	1.02928	1.0296	1582
2025-01-17 13:05:00	1.0296	1.02983	1.02947	1.02979	1354
2025-01-17 13:10:00	1.02977	1.02979	1.02929	1.02967	1278
2025-01-17 13:15:00	1.02966	1.0297	1.02928	1.0293	1501
2025-01-17 13:20:00	1.02929	1.02933	1.02889	1.02889	1705
2025-01-17 13:25:00	1.02889	1.02889	1.02854	1.02862	1041
2025-01-17 13:30:00	1.02861	1.02916	1.02857	1.02911	1723
2025-01-17 13:35:00	1.02911	1.0295	1.02882	1.0295	3152
2025-01-17 13:40:00	1.02948	1.02961	1.02926	1.02953	1746
2025-01-17 13:45:00	1.02954	1.02965	1.02916	1.02928	1224
2025-01-17 13:50:00	1.02926	1.02926	1.02855	1.02871	1408
2025-01-17 13:55:00	1.02871	1.02904	1.02863	1.02901	1537
2025-01-17 14:00:00	1.02902	1.02903	1.0284	1.02845	1274
2025-01-17 14:05:00	1.02844	1.0285	1.02804	1.02836	1646
2025-01-17 14:10:00	1.0283	1.0283	1.02734	1.0274	1522
2025-01-17 14:15:00	1.02741	1.02752	1.02688	1.02711	2809
2025-01-17 14:20:00	1.0271	1.02711	1.02658	1.02663	2270
2025-01-17 14:25:00	1.02663	1.02795	1.02652	1.02792	3168
2025-01-17 14:30:00	1.02794	1.02931	1.02772	1.0285	4403
2025-01-17 14:35:00	1.02851	1.02861	1.02746	1.02803	5312
2025-01-17 14:40:00	1.02803	1.02897	1.02798	1.02844	3264
2025-01-17 14:45:00	1.02844	1.02914	1.02813	1.02879	2210
2025-01-17 14:50:00	1.0288	1.03007	1.02879	1.0297	1500
2025-01-17 14:55:00	1.02971	1.03023	1.02968	1.02985	1256
2025-01-17 15:00:00	1.02984	1.0313	1.02954	1.03115	3300
2025-01-17 15:05:00	1.03115	1.03299	1.03106	1.03248	3187
2025-01-17 15:10:00	1.03249	1.03306	1.03208	1.03238	1947
2025-01-17 15:15:00	1.03238	1.03252	1.03126	1.03156	1874
2025-01-17 15:20:00	1.03156	1.03161	1.03091	1.03096	1902
2025-01-17 15:25:00	1.03096	1.03158	1.03085	1.03144	1823
2025-01-17 15:30:00	1.03143	1.03145	1.03053	1.03066	1246
2025-01-17 15:35:00	1.03063	1.03108	1.0305	1.03068	1099
2025-01-17 15:40:00	1.03069	1.0308	1.02994	1.03061	2234
2025-01-17 15:45:00	1.03061	1.03109	1.02993	1.03027	2599
2025-01-17 15:50:00	1.03028	1.03028	1.02976	1.02998	2191
2025-01-17 15:55:00	1.02997	1.03034	1.02987	1.02989	2184
2025-01-17 16:00:00	1.02988	1.02989	1.02939	1.02943	1744
2025-01-17 16:05:00	1.02943	1.02943	1.02862	1.02874	2479
2025-01-17 16:10:00	1.02872	1.02905	1.02854	1.02904	1439
2025-01-17 16:15:00	1.02902	1.02916	1.02877	1.02886	1256
2025-01-17 16:20:00	1.02886	1.02922	1.02877	1.02905	2328
2025-01-17 16:25:00	1.02906	1.02941	1.02905	1.02938	1422
2025-01-17 16:30:00	1.02938	1.03003	1.02928	1.0299	1983
2025-01-17 16:35:00	1.02991	1.02999	1.02932	1.02934	1475
2025-01-17 16:40:00	1.02936	1.02999	1.02936	1.02985	1495
2025-01-17 16:45:00	1.02986	1.0299	1.0295	1.02977	986
2025-01-17 16:50:00	1.02977	1.02992	1.0292	1.0292	1427
2025-01-17 16:55:00	1.02921	1.02921	1.02818	1.02861	2756
2025-01-17 17:00:00	1.02861	1.02897	1.0285	1.02854	1222
2025-01-17 17:05:00	1.02855	1.02861	1.02821	1.02835	1613
2025-01-17 17:10:00	1.02834	1.02886	1.02813	1.02882	1017
2025-01-17 17:15:00	1.02884	1.0291	1.02879	1.02892	969
2025-01-17 17:20:00	1.02891	1.02891	1.02822	1.02837	1047
2025-01-17 17:25:00	1.02838	1.02861	1.02825	1.02835	1094
2025-01-17 17:30:00	1.02835	1.02871	1.02827	1.02842	1118
2025-01-17 17:35:00	1.02842	1.0287	1.02827	1.02859	993
2025-01-17 17:40:00	1.02859	1.02859	1.02808	1.02821	1239
2025-01-17 17:45:00	1.0282	1.02839	1.02809	1.02824	902
2025-01-17 17:50:00	1.02825	1.02831	1.02789	1.02805	682
2025-01-17 17:55:00	1.02804	1.02825	1.02793	1.02807	698
2025-01-17 18:00:00	1.02806	1.02831	1.0279	1.02825	763
2025-01-17 18:05:00	1.02824	1.02829	1028	1.02805	837
2025-01-17 18:10:00	1.02806	1.02838	1.02805	1.02836	670
2025-01-17 18:15:00	1.02835	1.02883	1.02831	1.02883	698
2025-01-17 18:20:00	1.02882	1.0292	1.02879	1.02886	630
2025-01-17 18:25:00	1.02885	1.02885	1.02845	1.02847	726
2025-01-17 18:30:00	1.02846	1.02847	1.02816	1.02819	458
2025-01-17 18:35:00	1.0282	1.02833	1.02804	1.02832	390
2025-01-17 18:40:00	1.02831	1.02841	1.02823	1.02836	503
2025-01-17 18:45:00	1.02836	1.02846	1.02809	1.02811	965
2025-01-17 18:50:00	1.0281	1.0283	1.02809	1.02816	743
2025-01-17 18:55:00	1.02815	1.02815	1028	1.0281	1136
2025-01-17 19:00:00	1.02809	1.02841	1.02799	1.02836	986
2025-01-17 19:05:00	1.02835	1.02836	1.02815	1.0283	625
2025-01-17 19:10:00	1.02831	1.02841	1.02801	1.02815	643
2025-01-17 19:15:00	1.02815	1.02818	1.02777	1.02781	1001
2025-01-17 19:20:00	1.02782	1.02798	1.02769	1.0278	460
2025-01-17 19:25:00	1.02779	1.02782	1.02755	1.02776	626
2025-01-17 19:30:00	1.02774	1.02784	1.02761	1.02777	588
2025-01-17 19:35:00	1.02779	1.02785	1.02735	1.02735	566
2025-01-17 19:40:00	1.02735	1.02753	1.02727	1.02753	693
2025-01-17 19:45:00	1.02754	1.02771	1.0274	1.02757	592
2025-01-17 19:50:00	1.02757	1.02777	1.02744	1.02765	626
2025-01-17 19:55:00	1.02765	1.02777	1.02746	1.02761	740
2025-01-17 20:00:00	1.02762	1.02787	1.0275	1.02765	759
2025-01-17 20:05:00	1.02764	1.02772	1.02746	1.02765	464
2025-01-17 20:10:00	1.02766	1.02775	1.02738	1.02746	555
2025-01-17 20:15:00	1.02745	1.02777	1.02737	1.02777	540
2025-01-17 20:20:00	1.02779	1.02794	1.02765	1.02774	609
2025-01-17 20:25:00	1.02773	1.02797	1.02771	1.02791	534
2025-01-17 20:30:00	1.02792	1.02815	1.02791	1.02807	435
2025-01-17 20:35:00	1.02806	1.02807	1.02768	1.02771	467
2025-01-17 20:40:00	1.0277	1.02773	1.02743	1.02772	364
2025-01-17 20:45:00	1.02771	1.02771	1.02742	1.02753	492
2025-01-17 20:50:00	1.02752	1.0276	1.02742	1.0276	398
2025-01-17 20:55:00	1.0276	1.02768	1.02745	1.02753	537
2025-01-17 21:00:00	1.02753	1.02753	1.0273	1.02734	445
2025-01-17 21:05:00	1.02735	1.02737	1.02725	1.02726	198
2025-01-17 21:10:00	1.02724	1.02724	1027	1.02709	150
2025-01-17 21:15:00	1.02709	1.02712	1.02701	1.02703	176
2025-01-17 21:20:00	1.02704	1.02706	1.02701	1.02701	108
2025-01-17 21:25:00	1.02701	1.02724	1.0269	1.02719	272
2025-01-17 21:30:00	1.0272	1.02729	1.02714	1.02715	282
2025-01-17 21:35:00	1.02715	1.02715	1.02706	1.02707	207
2025-01-17 21:40:00	1.02709	1.02726	1.02707	1.02721	763
2025-01-17 21:45:00	1.02722	1.02726	1.02693	1.02697	705
2025-01-17 21:50:00	1.02696	1.02699	1.0269	1.02694	304
2025-01-17 21:55:00	1.02695	1.0271	1.02681	1.0271	715
2025-01-19 22:00:00	1.02792	1.02792	1.02763	1.02763	20
2025-01-19 22:05:00	1.02763	1.02772	1.0275	1.0276	104
2025-01-19 22:10:00	1.0276	1.02764	1.02752	1.02753	98
2025-01-19 22:15:00	1.02754	1.02762	1.02754	1.0276	13
2025-01-19 22:20:00	1.02763	1.02763	1.02753	1.0276	17
2025-01-19 22:25:00	1.02755	1.02755	1.02741	1.02747	25
2025-01-19 22:30:00	1.02746	1.02756	1.02737	1.02737	86
2025-01-19 22:35:00	1.02741	1.02749	1.02735	1.02735	439
2025-01-19 22:40:00	1.02747	1.02757	1.02733	1.02742	340
2025-01-19 22:45:00	1.02741	1.02752	1.02736	1.02741	239
2025-01-19 22:50:00	1.02742	1.02768	1.02738	1.02744	245
2025-01-19 22:55:00	1.02743	1.02812	1.02739	1.02773	689
2025-01-19 23:00:00	1.02775	1.02788	1.02732	1.02737	463
2025-01-19 23:05:00	1.02741	1.02748	1.02704	1.02728	267
2025-01-19 23:10:00	1.02729	1.02734	1.02709	1.0271	474
2025-01-19 23:15:00	1.02713	1.0272	1.02698	1027	524
2025-01-19 23:20:00	1.02699	1.02703	1.02663	1.0267	509
2025-01-19 23:25:00	1.02672	1.02686	1.0267	1.02683	536
2025-01-19 23:30:00	1.02684	1.02722	1.02681	1.0272	420
2025-01-19 23:35:00	1.02721	1.02741	1.02721	1.02738	277
2025-01-19 23:40:00	1.02739	1.02754	1.02729	1.0273	511
2025-01-19 23:45:00	1.02731	1.02752	1.02726	1.02751	367
2025-01-19 23:50:00	1.02752	1.02764	1.02751	1.02758	302
2025-01-19 23:55:00	1.02759	1.02807	1.02757	1.02804	331
2025-01-20 00:00:00	1.02805	1.0283	1.02782	1.02796	944
2025-01-20 00:05:00	1.02796	1.02838	1.02795	1.02836	557
2025-01-20 00:10:00	1.02835	1.02901	1.02832	1.02899	742
2025-01-20 00:15:00	1.02898	1.02899	1.02863	1.02868	1376
2025-01-20 00:20:00	1.02869	1.02875	1.0285	1.0285	552
2025-01-20 00:25:00	1.02853	1.02858	1.02824	1.02828	458
2025-01-20 00:30:00	1.02828	1.02855	1.02828	1.02845	489
2025-01-20 00:35:00	1.02844	1.02852	1.02839	1.02843	821
2025-01-20 00:40:00	1.02844	1.02849	1.02837	1.02844	509
2025-01-20 00:45:00	1.02845	1.02862	1.02845	1.0285	572
2025-01-20 00:50:00	1.02849	1.02862	1.02841	1.02855	1004
2025-01-20 00:55:00	1.02855	1.02871	1.02848	1.02865	588
2025-01-20 01:00:00	1.02864	1.02864	1.02829	1.02836	884
2025-01-20 01:05:00	1.02837	1.02849	1.0282	1.02845	819
2025-01-20 01:10:00	1.02846	1.02864	1.02841	1.02844	788
2025-01-20 01:15:00	1.02845	1.0285	1.02808	1.02808	861
2025-01-20 01:20:00	1.02808	1.02828	1.02805	1.02819	608
2025-01-20 01:25:00	1.02818	1.02829	1.0281	1.02819	526
2025-01-20 01:30:00	1.02819	1.02819	1.02791	1.02805	753
2025-01-20 01:35:00	1.02806	1.02829	1.02806	1.02817	664
2025-01-20 01:40:00	1.02817	1.0285	1.02813	1.0285	597
2025-01-20 01:45:00	1.02849	1.02874	1.02846	1.02863	863
2025-01-20 01:50:00	1.02864	1.02877	1.02855	1.02872	952
2025-01-20 01:55:00	1.02873	1.02929	1.02873	1.02906	1010
2025-01-20 02:00:00	1.02905	1.0291	1.02892	1.02893	679
2025-01-20 02:05:00	1.02892	1.02904	1.02873	1.02903	824
2025-01-20 02:10:00	1.02904	1.02912	1.02897	1.02903	687
2025-01-20 02:15:00	1.02904	1.02915	1.02884	1.02886	462
2025-01-20 02:20:00	1.02886	1.02892	1.02883	1.02892	426
2025-01-20 02:25:00	1.02891	1.02893	1.02868	1.02874	720
2025-01-20 02:30:00	1.02874	1029	1.02872	1.02893	599
2025-01-20 02:35:00	1.02894	1.02922	1.02894	1.02917	521
2025-01-20 02:40:00	1.02918	1.02919	1.02898	1.02908	825
2025-01-20 02:45:00	1.02907	1.02909	1.02891	1.02894	594
2025-01-20 02:50:00	1.02895	1.02895	1.0288	1.02894	584
2025-01-20 02:55:00	1.02893	1.02913	1.02877	1.02909	850
2025-01-20 03:00:00	1.02908	1.02938	1.02908	1.02937	335
2025-01-20 03:05:00	1.02935	1.02949	1.02924	1.02929	542
2025-01-20 03:10:00	1.02929	1.02951	1.02928	1.02946	484
2025-01-20 03:15:00	1.02948	1.02961	1.02948	1.02955	384
2025-01-20 03:20:00	1.02952	1.02954	1.0294	1.02952	474
2025-01-20 03:25:00	1.0295	1.02957	1.02944	1.02955	494
2025-01-20 03:30:00	1.02955	1.03004	1.02954	1.02988	713
2025-01-20 03:35:00	1.02987	1.02994	1.02954	1.02963	914
2025-01-20 03:40:00	1.02963	1.02984	1.02955	1.0297	909
2025-01-20 03:45:00	1.02971	1.03	1.02969	1.02998	907
2025-01-20 03:50:00	1.02999	1.03027	1.02999	1.03025	989
2025-01-20 03:55:00	1.03024	1.03064	1.03022	1.03062	802
2025-01-20 04:00:00	1.03063	1.03071	1.03045	1.03069	480
2025-01-20 04:05:00	1.03068	1.03071	1.03032	1.03035	853
2025-01-20 04:10:00	1.03035	1.0305	1.03035	1.03048	840
2025-01-20 04:15:00	1.03049	1.03057	1.03042	1.03049	597
2025-01-20 04:20:00	1.03048	1.03052	1.03044	1.03047	688
2025-01-20 04:25:00	1.03048	1.03048	1.0303	1.03035	386
2025-01-20 04:30:00	1.03034	1.03039	1.0302	1.03024	320
2025-01-20 04:35:00	1.03023	1.03027	1.03021	1.03026	250
2025-01-20 04:40:00	1.03027	1.03039	1.03022	1.03028	334
2025-01-20 04:45:00	1.03029	1.03029	1.03024	1.03029	215
2025-01-20 04:50:00	1.03029	1.03029	1.03018	1.03029	356
2025-01-20 04:55:00	1.03028	1.03043	1.03026	1.03042	373
2025-01-20 05:00:00	1.03043	1.03052	1.03031	1.03034	530
2025-01-20 05:05:00	1.03034	1.0304	1.03028	1.03033	482
2025-01-20 05:10:00	1.03034	1.03042	1.03032	1.03032	476
2025-01-20 05:15:00	1.03033	1.03036	1.03019	1.03028	393
2025-01-20 05:20:00	1.03029	1.03034	1.03026	1.03031	471
2025-01-20 05:25:00	1.03032	1.03035	1.0302	1.03029	458
2025-01-20 05:30:00	1.03028	1.03031	1.03021	1.03028	518
2025-01-20 05:35:00	1.03028	1.03044	1.03027	1.03043	282
2025-01-20 05:40:00	1.03044	1.03062	1.03043	1.03059	452
2025-01-20 05:45:00	1.03058	1.03063	1.03048	1.03063	422
2025-01-20 05:50:00	1.03062	1.03062	1.03038	1.03038	290
2025-01-20 05:55:00	1.03038	1.03045	1.03017	1.03024	627
2025-01-20 06:00:00	1.03024	1.03025	1.02996	1.02997	1037
2025-01-20 06:05:00	1.02999	1.0302	1.02994	1.03017	1104
2025-01-20 06:10:00	1.03016	1.03033	1.03015	1.03016	757
2025-01-20 06:15:00	1.03016	1.0302	1.03002	1.03017	604
2025-01-20 06:20:00	1.03016	1.03032	1.03015	1.03032	491
2025-01-20 06:25:00	1.0303	1.03062	1.0303	1.03062	306
2025-01-20 06:30:00	1.03062	1.03078	1.0305	1.03075	415
2025-01-20 06:35:00	1.03075	1.03075	1.03042	1.03043	313
2025-01-20 06:40:00	1.03042	1.03044	1.03024	1.03027	211
2025-01-20 06:45:00	1.03027	1.03058	1.03023	1.03047	290
2025-01-20 06:50:00	1.03047	1.03121	1.03035	1.0312	673
2025-01-20 06:55:00	1.03121	1.03188	1.03098	1.03103	917
2025-01-20 07:00:00	1.03103	1.03118	1.03084	1.03097	815
2025-01-20 07:05:00	1.03099	1031	1.03067	1.03077	497
2025-01-20 07:10:00	1.03079	1.03115	1.03067	1.03079	672
2025-01-20 07:15:00	1.03079	1.03086	1.03067	1.03068	327
2025-01-20 07:20:00	1.03068	1.03095	1.03057	1.03093	387
2025-01-20 07:25:00	1.03093	1.03126	1.03087	1.03102	595
2025-01-20 07:30:00	1.03106	1.03123	1.03076	1.03078	491
2025-01-20 07:35:00	1.03079	1.03125	1.03079	1.03119	456
2025-01-20 07:40:00	1.03119	1.03177	1.03119	1.03172	621
2025-01-20 07:45:00	1.03173	1.03184	1.03146	1.03147	733
2025-01-20 07:50:00	1.03146	1.03146	1.03117	1.03126	601
2025-01-20 07:55:00	1.03126	1.03169	1.03113	1.03167	603
2025-01-20 08:00:00	1.03167	1.03175	1.03121	1.03148	719
2025-01-20 08:05:00	1.03147	1.03163	1.03112	1.03153	835
2025-01-20 08:10:00	1.03152	1.03168	1.03126	1.03147	626
2025-01-20 08:15:00	1.03149	1.03162	1.03117	1.03128	741
2025-01-20 08:20:00	1.03127	1.03143	1.03111	1.03121	736
2025-01-20 08:25:00	1.0312	1.03123	1.03068	1.03092	940
2025-01-20 08:30:00	1031	1.03121	1.03081	1.03087	848
2025-01-20 08:35:00	1.03088	1.03117	1.03072	1.03114	674
2025-01-20 08:40:00	1.03117	1.03136	1.03097	1.03113	732
2025-01-20 08:45:00	1.03113	1.03123	1.03101	1.03107	578
2025-01-20 08:50:00	1.03107	1.03128	1.03076	1.03079	636
2025-01-20 08:55:00	1.03078	1.03099	1.03072	1.03098	1138
2025-01-20 09:00:00	1.03097	1.03155	1.03095	1.03131	2010
2025-01-20 09:05:00	1.03129	1.03168	1.03119	1.03166	1588
2025-01-20 09:10:00	1.03165	1.03168	1.03131	1.03135	1198
2025-01-20 09:15:00	1.03134	1.03134	1.03059	1.03066	1476
2025-01-20 09:20:00	1.03066	1.03078	1.03055	1.03067	1296
2025-01-20 09:25:00	1.03068	1.03098	1.03068	1.03092	1541
2025-01-20 09:30:00	1.03092	1.03125	1.03071	1.03075	1309
2025-01-20 09:35:00	1.03076	1.03093	1.0305	1.03067	1740
2025-01-20 09:40:00	1.03066	1.03101	1.03058	1.03092	1954
2025-01-20 09:45:00	1.03094	1.03107	1.03079	1.03081	941
2025-01-20 09:50:00	1.03079	1.03092	1.03067	1.03087	1072
2025-01-20 09:55:00	1.03086	1.03094	1.03051	1.03061	1741
2025-01-20 10:00:00	1.03062	1.03122	1.03062	1.03121	1318
2025-01-20 10:05:00	1.03121	1.03158	1.03102	1.03127	1826
2025-01-20 10:10:00	1.03127	1.03151	1.03125	1.03147	1260
2025-01-20 10:15:00	1.03148	1.03181	1.03147	1.03166	938
2025-01-20 10:20:00	1.03167	1.03175	1.03145	1.03146	659
2025-01-20 10:25:00	1.03146	1.03164	1.03133	1.03163	881
2025-01-20 10:30:00	1.03163	1.03222	1.03158	1.03214	799
2025-01-20 10:35:00	1.03214	1.03223	1.03192	1.03192	679
2025-01-20 10:40:00	1.03193	1.03194	1.03167	1.03178	647
2025-01-20 10:45:00	1.03177	1.03193	1.03159	1.0316	641
2025-01-20 10:50:00	1.03161	1.03167	1.0314	1.03142	1036
2025-01-20 10:55:00	1.03142	1.03157	1.03123	1.03149	1440
2025-01-20 11:00:00	1.0315	1.03207	1.0313	1.03198	992
2025-01-20 11:05:00	1032	1.03202	1.03173	1.03195	842
2025-01-20 11:10:00	1.03196	1.03234	1.03187	1.03228	1156
2025-01-20 11:15:00	1.03226	1.03249	1.03206	1.03238	410
2025-01-20 11:20:00	1.03237	1.03239	1.03181	1.03189	721
2025-01-20 11:25:00	1.03189	1.03221	1.03188	1.03213	1205
2025-01-20 11:30:00	1.03212	1.03214	1.0318	1.03204	819
2025-01-20 11:35:00	1.03204	1.03215	1.03185	1.03211	807
2025-01-20 11:40:00	1.0321	1.03222	1.03189	1.03222	985
2025-01-20 11:45:00	1.03224	1.03231	1.03213	1.03227	877
2025-01-20 11:50:00	1.03229	1.0325	1.03215	1.03243	603
2025-01-20 11:55:00	1.03243	1.03263	1.0324	1.0326	370
2025-01-20 12:00:00	1.03261	1.03264	1.03232	1.03242	601
2025-01-20 12:05:00	1.03243	1.03254	1.03201	1.03207	677
2025-01-20 12:10:00	1.03207	1.03218	1.03197	1.03201	1053
2025-01-20 12:15:00	1.03205	1.03209	1.03173	1.03209	1328
2025-01-20 12:20:00	1.03208	1.03221	1.03182	1.03185	576
2025-01-20 12:25:00	1.03185	1032	1.03149	1.03149	1377
2025-01-20 12:30:00	1.0315	1.03205	1.0315	1.03204	1250
2025-01-20 12:35:00	1.03204	1.03236	1.03187	1.03235	812
2025-01-20 12:40:00	1.03235	1.03256	1.03219	1.03224	675
2025-01-20 12:45:00	1.03224	1.0323	1.03192	1.03203	760
2025-01-20 12:50:00	1.03203	1.03218	1.03181	1.0319	873
2025-01-20 12:55:00	1.03191	1.03208	1.03179	1.03202	988
2025-01-20 13:00:00	1032	1032	1.03158	1.03173	1321
2025-01-20 13:05:00	1.03172	1.03175	1.03149	1.03163	840
2025-01-20 13:10:00	1.03165	1.03182	1.03152	1.0317	413
2025-01-20 13:15:00	1.03171	1.03182	1.03135	1.03136	487
2025-01-20 13:20:00	1.03135	1.03164	1.0312	1.03158	410
2025-01-20 13:25:00	1.03156	1.03156	1.03129	1.03137	614
2025-01-20 13:30:00	1.03138	1.03972	1.03077	1.03971	4327
2025-01-20 13:35:00	1.03975	1.03981	1.0366	1.03704	3452
2025-01-20 13:40:00	1.03703	1.03839	1.03639	1.03803	6397
2025-01-20 13:45:00	1.03804	1.03957	1.03799	1.03941	2890
2025-01-20 13:50:00	1.03939	1.03987	1.0384	1039	2389
2025-01-20 13:55:00	1.03899	1.03999	1.03895	1.0398	3646
2025-01-20 14:00:00	1.0398	1.04045	1.03944	1.03945	6695
2025-01-20 14:05:00	1.03946	1.03949	1.03822	1.03858	3405
2025-01-20 14:10:00	1.03858	1.03913	1.03793	1.03899	1976
2025-01-20 14:15:00	1.03899	1.04031	1.03896	1.03929	1242
2025-01-20 14:20:00	1.0393	1.04011	1.03891	1.03982	1269
2025-01-20 14:25:00	1.03982	1.04019	1.03937	1.03998	1065
2025-01-20 14:30:00	1.03999	1.04035	1.03946	1.04035	1220
2025-01-20 14:35:00	1.04033	1.04035	1.03907	1.03922	1286
2025-01-20 14:40:00	1.03922	1043	1.03871	1.04249	2934
2025-01-20 14:45:00	1.04248	1.04276	1.04168	1.04246	2005
2025-01-20 14:50:00	1.04246	1.04249	1.04162	1.04182	1800
2025-01-20 14:55:00	1.04182	1.04212	1.04073	1.04148	2119
2025-01-20 15:00:00	1.04147	1.04203	1.04084	1.04181	1383
2025-01-20 15:05:00	1.04182	1.04234	1.04125	1.04198	1409
2025-01-20 15:10:00	1.04197	1.04293	1.04196	1.04254	1015
2025-01-20 15:15:00	1.04254	1.04275	1.04147	1.04245	1208
2025-01-20 15:20:00	1.04248	1.04298	1.04196	1.04224	1256
2025-01-20 15:25:00	1.04224	1.04228	1.03987	1.04032	1931
2025-01-20 15:30:00	1.04034	1.04094	1.03989	1.04063	1843
2025-01-20 15:35:00	1.04063	1.04069	1.03958	1.03989	1684
2025-01-20 15:40:00	1.03989	1.03989	1.0388	1.03881	1709
2025-01-20 15:45:00	1.03883	1.03931	1.03848	1.03909	1641
2025-01-20 15:50:00	1.03908	1.03997	1.03894	1.03996	1212
2025-01-20 15:55:00	1.03996	1.04028	1.03993	1.04003	1326
2025-01-20 16:00:00	1.04005	1.04056	1.0397	1.04003	1247
2025-01-20 16:05:00	1.04005	1.04022	1.03961	1.03979	528
2025-01-20 16:10:00	1.03978	1.03994	1.03906	1.03951	1048
2025-01-20 16:15:00	1.03953	1.03966	1.03906	1.03926	846
2025-01-20 16:20:00	1.03928	1.03994	1.03919	1.0399	775
2025-01-20 16:25:00	1.0399	1.04028	1.03975	1.04023	692
2025-01-20 16:30:00	1.04023	1.04042	1.0401	1.04036	560
2025-01-20 16:35:00	1.04035	1.04036	1.0396	1.03976	542
2025-01-20 16:40:00	1.03975	1.04003	1.03967	1.03998	440
2025-01-20 16:45:00	1.03998	1.04013	1.03982	1.04003	487
2025-01-20 16:50:00	1.04004	1.04012	1.03986	1.03986	362
2025-01-20 16:55:00	1.03985	1.03998	1.03967	1.03983	298
2025-01-20 17:00:00	1.03982	1.03984	1.03893	1.03898	864
2025-01-20 17:05:00	1.03899	1.03909	1.03847	1.03848	617
2025-01-20 17:10:00	1.03848	1.03863	1.03761	1.03766	747
2025-01-20 17:15:00	1.03765	1.03828	1.03721	1.03807	865
2025-01-20 17:20:00	1.03806	1.03846	1.03695	1.03703	876
2025-01-20 17:25:00	1037	1.03754	1.03534	1.03701	3467
2025-01-20 17:30:00	1.03701	1.03894	1.03698	1.03894	1563
2025-01-20 17:35:00	1.03895	1.04021	1.03822	1.03966	1738
2025-01-20 17:40:00	1.03967	1.03968	1.03843	1.03897	1253
2025-01-20 17:45:00	1.03898	1.03903	1.03868	1.03892	412
2025-01-20 17:50:00	1.03887	1.03922	1.03871	1.03888	403
2025-01-20 17:55:00	1.03888	1.03888	1.03829	1.03854	584
2025-01-20 18:00:00	1.03853	1.03901	1.03846	1.03893	259
2025-01-20 18:05:00	1.03893	1.03931	1.03893	1.03915	284
2025-01-20 18:10:00	1.03915	1.03926	1.03869	1.0387	335
2025-01-20 18:15:00	1.0387	1.03895	1.03868	1.03874	187
2025-01-20 18:20:00	1.03875	1.03878	1.03834	1.0384	304
2025-01-20 18:25:00	1.03841	1.03857	1.03839	1.03857	137
2025-01-20 18:30:00	1.03861	1.03899	1.03847	1.03878	292
2025-01-20 18:35:00	1.03877	1.03884	1.03832	1.03854	255
2025-01-20 18:40:00	1.03855	1.03894	1.03855	1.03884	151
2025-01-20 18:45:00	1.03884	1.03885	1.03847	1.03864	228
2025-01-20 18:50:00	1.03864	1.03875	1.03864	1.03875	160
2025-01-20 18:55:00	1.03878	1.03966	1.03878	1.03965	331
2025-01-20 19:00:00	1.03964	1.03996	1.03948	1.03963	335
2025-01-20 19:05:00	1.03962	1.03971	1.03937	1.03941	146
2025-01-20 19:10:00	1.03941	1.03941	1.03929	1.03933	154
2025-01-20 19:15:00	1.03934	1.03934	1.0392	1.03933	45
2025-01-20 19:20:00	1.03936	1.03936	1.03904	1.0392	60
2025-01-20 19:25:00	1.03921	1.03948	1.03919	1.03945	59
2025-01-20 19:30:00	1.03947	1.03956	1.03941	1.03956	109
2025-01-20 19:35:00	1.03957	1.03958	1.03955	1.03956	32
2025-01-20 19:40:00	1.03957	1.04021	1.03956	1.04018	251
2025-01-20 19:45:00	1.04021	1.04176	1.04019	1.04151	780
2025-01-20 19:50:00	1.04151	1.0423	1.04144	1.04198	664
2025-01-20 19:55:00	1.04196	1.0421	1.04137	1.04207	723
2025-01-20 20:00:00	1.04206	1.04267	1.0417	1.04266	616
2025-01-20 20:05:00	1.04265	1.04286	1.04255	1.04275	1188
2025-01-20 20:10:00	1.04275	1.04342	1.04247	1.04292	962
2025-01-20 20:15:00	1.04289	1.0429	1.04169	1.0417	871
2025-01-20 20:20:00	1.04173	1.04191	1.04143	1.04154	368
2025-01-20 20:25:00	1.04155	1.04158	1.04126	1.04143	413
2025-01-20 20:30:00	1.04142	1.04183	1.04118	1.04171	333
2025-01-20 20:35:00	1.04172	1.04243	1.04172	1.04216	552
2025-01-20 20:40:00	1.04215	1.04222	1.04147	1.04147	170
2025-01-20 20:45:00	1.04146	1.04149	1.04118	1.04136	77
2025-01-20 20:50:00	1.04136	1.04168	1.0413	1.04168	163
2025-01-20 20:55:00	1.04167	1.0417	1.04156	1.04159	176
2025-01-20 21:00:00	1.0416	1.0416	1.04119	1.04141	215
2025-01-20 21:05:00	1.0414	1.0416	1.04128	1.04141	239
2025-01-20 21:10:00	1.04142	1.04188	1.04142	1.04188	158
2025-01-20 21:15:00	1.04189	1.04191	1.04151	1.04153	208
2025-01-20 21:20:00	1.04154	1.04162	1.04143	1.04144	109
2025-01-20 21:25:00	1.04144	1.04149	1.04137	1.04145	38
2025-01-20 21:30:00	1.04144	1.04144	1.04119	1.0412	322
2025-01-20 21:35:00	1.04118	1.04132	1.04097	1.04129	251
2025-01-20 21:40:00	1.04129	1.04147	1.04129	1.04139	137
2025-01-20 21:45:00	1.04139	1.0414	1.04123	1.04138	393
2025-01-20 21:50:00	1.04139	1.04141	1.04119	1.04136	469
2025-01-20 21:55:00	1.04136	1.04168	1.04134	1.04155	564
2025-01-20 22:00:00	1.04156	1.04157	1.0411	1.04145	21
2025-01-20 22:05:00	1.04145	1.04165	1.04106	1.04162	128
2025-01-20 22:10:00	1.0416	1.04172	1.04159	1.04164	105
2025-01-20 22:15:00	1.04155	1.04165	1.04109	1.04155	53
2025-01-20 22:20:00	1.04155	1.04155	1.04139	1.04141	28
2025-01-20 22:25:00	1.04141	1.04145	1.04136	1.04145	20
2025-01-20 22:30:00	1.04145	1.04145	1.04136	1.04145	18
2025-01-20 22:35:00	1.04145	1.0415	1.04136	1.04136	74
2025-01-20 22:40:00	1.04136	1.04136	1.0413	1.04135	40
2025-01-20 22:45:00	1.04135	1.04135	1.04135	1.04135	26
2025-01-20 22:50:00	1.04135	1.04135	1.04116	1.04127	234
2025-01-20 22:55:00	1.04128	1.04131	1.04122	1.04125	373
2025-01-20 23:00:00	1.04136	1.04177	1.0412	1.04163	770
2025-01-20 23:05:00	1.04161	1.04255	1.04161	1.0424	324
2025-01-20 23:10:00	1.04232	1.04241	1.04209	1.04211	216
2025-01-20 23:15:00	1.04211	1.04231	1.04196	1.04225	504
2025-01-20 23:20:00	1.04224	1.04242	1.04193	1.0422	641
2025-01-20 23:25:00	1.0422	1.0422	1.04158	1.04183	411
2025-01-20 23:30:00	1.04184	1.04185	1.04148	1.04158	383
2025-01-20 23:35:00	1.04157	1.04166	1.04108	1.04135	352
2025-01-20 23:40:00	1.04135	1.04207	1.04135	1.04205	659
2025-01-20 23:45:00	1.04205	1.04237	1.04186	1.0423	313
2025-01-20 23:50:00	1.04229	1.0423	1.04203	1.04213	365
2025-01-20 23:55:00	1.04213	1.0422	1.04199	1.04208	260
2025-01-21 00:00:00	1.04209	1.04282	1.04196	1.04265	651
2025-01-21 00:05:00	1.04264	1.04299	1.04261	1.04286	619
2025-01-21 00:10:00	1.04286	1.04343	1.04269	1.04273	723
2025-01-21 00:15:00	1.04273	1043	1.0424	1.04283	658
2025-01-21 00:20:00	1.04284	1.04327	1.04282	1.04292	581
2025-01-21 00:25:00	1.04292	1.04321	1.04282	1.04286	1899
2025-01-21 00:30:00	1.04286	1.04305	1.04236	1.0425	2537
2025-01-21 00:35:00	1.04248	1.04249	1.0419	1.04203	2485
2025-01-21 00:40:00	1.04204	1.04224	1.04178	1.04222	812
2025-01-21 00:45:00	1.04221	1.04235	1.04147	1.04147	733
2025-01-21 00:50:00	1.04147	1.04148	1.03659	1.03714	6760
2025-01-21 00:55:00	1.03714	1.03743	1.03528	1.03621	3513
2025-01-21 01:00:00	1.0362	1.03706	1.03556	1.03594	2308
2025-01-21 01:05:00	1.03592	1.03712	1.03591	1.0367	2374
2025-01-21 01:10:00	1.03668	1.03805	1.03668	1.03702	1988
2025-01-21 01:15:00	1.03702	1.03789	1.03701	1.03764	1833
2025-01-21 01:20:00	1.03764	1.03868	1.03748	1.03796	1542
2025-01-21 01:25:00	1.03795	1.03976	1.0369	1.0384	2400
2025-01-21 01:30:00	1.03841	1.03845	1.03764	1.03779	1255
2025-01-21 01:35:00	1.03788	1.03804	1.03675	1.03692	1157
2025-01-21 01:40:00	1.03694	1.0376	1.03641	1.03642	1012
2025-01-21 01:45:00	1.03641	1.03715	1.03631	1.03686	1185
2025-01-21 01:50:00	1.03686	1.03721	1.03658	1.03694	910
2025-01-21 01:55:00	1.03694	1.03745	1.03694	1037	641
2025-01-21 02:00:00	1037	1.03818	1.0369	1.03805	906
2025-01-21 02:05:00	1.03806	1.03848	1.03763	1.03784	1049
2025-01-21 02:10:00	1.03784	1.03799	1.0375	1.03778	902
2025-01-21 02:15:00	1.03779	1.03779	1.03728	1.03762	772
2025-01-21 02:20:00	1.03762	1.03784	1.03743	1.03784	653
2025-01-21 02:25:00	1.03783	1.03821	1.03771	1.03815	591
2025-01-21 02:30:00	1.03816	1.03846	1.03794	1.03818	760
2025-01-21 02:35:00	1.03818	1.0387	1.03809	1.03854	457
2025-01-21 02:40:00	1.03855	1.03877	1.03838	1.03859	871
2025-01-21 02:45:00	1.03859	1.03898	1.03858	1.03878	682
2025-01-21 02:50:00	1.03878	1.03878	1.03843	1.03845	596
2025-01-21 02:55:00	1.03845	1.03902	1.03845	1.03876	405
2025-01-21 03:00:00	1.03877	1.03921	1.03871	1039	490
2025-01-21 03:05:00	1.03901	1.03901	1.03871	1.03897	519
2025-01-21 03:10:00	1.03898	1.03995	1.03898	1.0399	750
2025-01-21 03:15:00	1.0399	1.04008	1.03965	1.03976	273
2025-01-21 03:20:00	1.03976	1.04	1.03973	1.03992	388
2025-01-21 03:25:00	1.0399	1.0399	1.03966	1.03968	292
2025-01-21 03:30:00	1.03968	1.03981	1.03946	1.03957	443
2025-01-21 03:35:00	1.03957	1.03957	1.03912	1.03917	292
2025-01-21 03:40:00	1.03918	1.03919	1.03882	1.03899	485
2025-01-21 03:45:00	1.03898	1.03917	1.03856	1.0386	646
2025-01-21 03:50:00	1.03861	1.03879	1.03852	1.03869	458
2025-01-21 03:55:00	1.03869	1.03899	1.03861	1.03874	311
2025-01-21 04:00:00	1.03874	1.03901	1.03857	1.03861	407
2025-01-21 04:05:00	1.03861	1.03873	1.0385	1.03855	380
2025-01-21 04:10:00	1.03854	1.03912	1.03849	1.0391	234
2025-01-21 04:15:00	1.03909	1.03939	1.03898	1.0393	172
2025-01-21 04:20:00	1.03932	1.03977	1.03928	1.03974	354
2025-01-21 04:25:00	1.03973	1.03989	1.03962	1.03973	392
2025-01-21 04:30:00	1.03973	1.03974	1.0394	1.0394	367
2025-01-21 04:35:00	1.03942	1.03944	1.03895	1.03912	452
2025-01-21 04:40:00	1.03911	1.03918	1.03892	1.03904	257
2025-01-21 04:45:00	1.03902	1.03905	1.03889	1.03896	165
2025-01-21 04:50:00	1.03896	1.0393	1.03893	1.03924	182
2025-01-21 04:55:00	1.03923	1.03923	1.03891	1.03897	187
2025-01-21 05:00:00	1.03897	1.0392	1.03894	1.03915	242
2025-01-21 05:05:00	1.03913	1.03913	1.03892	1.03901	228
2025-01-21 05:10:00	1039	1.03901	1.03868	1.0387	236
2025-01-21 05:15:00	1.03871	1.03878	1.03861	1.03862	255
2025-01-21 05:20:00	1.03863	1.03873	1.03859	1.03861	196
2025-01-21 05:25:00	1.0386	1.03861	1.03833	1.03841	362
2025-01-21 05:30:00	1.03839	1.03843	1.03814	1.03831	280
2025-01-21 05:35:00	1.03832	1.03847	1.0383	1.03835	275
2025-01-21 05:40:00	1.03836	1.03837	1.03816	1.0382	220
2025-01-21 05:45:00	1.03821	1.03824	1.03799	1.03799	407
2025-01-21 05:50:00	1.03799	1.03813	1.03794	1.0381	293
2025-01-21 05:55:00	1.03809	1.03816	1.03773	1.03787	456
2025-01-21 06:00:00	1.03789	1.03798	1.03768	1.03777	371
2025-01-21 06:05:00	1.03779	1.03793	1.03767	1.03781	290
2025-01-21 06:10:00	1.03781	1038	1.0377	1.03798	311
2025-01-21 06:15:00	1.03797	1.03814	1.03785	1.03812	391
2025-01-21 06:20:00	1.03812	1.03812	1.03781	1.03781	452
2025-01-21 06:25:00	1.0378	1.03805	1.03777	1.03793	318
2025-01-21 06:30:00	1.03795	1.03795	1.0374	1.0374	410
2025-01-21 06:35:00	1.03741	1.03741	1.03695	1.0372	592
2025-01-21 06:40:00	1.0372	1.03745	1.0372	1.0372	360
2025-01-21 06:45:00	1.03721	1.03721	1037	1.03701	709
2025-01-21 06:50:00	1037	1037	1.03665	1.03669	406
2025-01-21 06:55:00	1.03668	1.03698	1.03665	1.0369	397
2025-01-21 07:00:00	1.03687	1.03701	1.03651	1.03673	740
2025-01-21 07:05:00	1.03673	1.03736	1.0367	1.03727	552
2025-01-21 07:10:00	1.03727	1.03766	1.03719	1.03754	549
2025-01-21 07:15:00	1.03755	1.03773	1.0374	1.03763	523
2025-01-21 07:20:00	1.03764	1.03784	1.03741	1.03741	514
2025-01-21 07:25:00	1.0374	1.0378	1.03737	1.0377	420
2025-01-21 07:30:00	1.03771	1.03861	1.03756	1.03838	658
2025-01-21 07:35:00	1.03839	1.0385	1.03814	1.0382	570
2025-01-21 07:40:00	1.0382	1.0382	1.03796	1.0381	672
2025-01-21 07:45:00	1.03812	1.03821	1.03771	1.0378	906
2025-01-21 07:50:00	1.03781	1.03798	1.0377	1.03791	721
2025-01-21 07:55:00	1.03791	1.03793	1.03733	1.03734	728
2025-01-21 08:00:00	1.03734	1.03734	1.03664	1.0368	1326
2025-01-21 08:05:00	1.03682	1.03698	1.0365	1.03661	731
2025-01-21 08:10:00	1.03661	1.03724	1.03659	1.03687	699
2025-01-21 08:15:00	1.03685	1.03715	1.03678	1037	656
2025-01-21 08:20:00	1037	1.03712	1.03668	1.03669	608
2025-01-21 08:25:00	1.03667	1.03675	1.03621	1.03631	827
2025-01-21 08:30:00	1.03631	1.03681	1.03629	1.03645	475
2025-01-21 08:35:00	1.03644	1.0365	1.03554	1.03554	921
2025-01-21 08:40:00	1.03554	1.03562	1.03501	1.03534	1039
2025-01-21 08:45:00	1.03535	1.03631	1.03528	1.03631	958
2025-01-21 08:50:00	1.03631	1.0365	1.03609	1.03626	703
2025-01-21 08:55:00	1.03625	1.03632	1.03595	1.03607	1040
2025-01-21 09:00:00	1.03606	1.03636	1.03577	1.03585	833
2025-01-21 09:05:00	1.03584	1.03587	1.03555	1.0356	694
2025-01-21 09:10:00	1.03561	1.03581	1.03548	1.03562	557
2025-01-21 09:15:00	1.03561	1.03572	1.03529	1.03553	1017
2025-01-21 09:20:00	1.03554	1.03637	1.03541	1.03596	917
2025-01-21 09:25:00	1.03595	1.03606	1.03555	1.03573	858
2025-01-21 09:30:00	1.03571	1.03575	1.03499	1.03502	1168
2025-01-21 09:35:00	1.03501	1.03531	1.0349	1.0349	1070
2025-01-21 09:40:00	1.03489	1.03489	1.0342	1.0346	1209
2025-01-21 09:45:00	1.0346	1.03498	1.03454	1.03492	707
2025-01-21 09:50:00	1.03493	1.03541	1.03489	1.03517	1170
2025-01-21 09:55:00	1.03516	1.03548	1.03503	1.03533	985
2025-01-21 10:00:00	1.03532	1.03549	1.0347	1.03524	1449
2025-01-21 10:05:00	1.03524	1.03529	1.03472	1.03503	1186
2025-01-21 10:10:00	1.03503	1.03506	1.0343	1.03454	1053
2025-01-21 10:15:00	1.03452	1.03465	1.03433	1.03458	988
2025-01-21 10:20:00	1.03459	1.0351	1.03448	1.03504	1361
2025-01-21 10:25:00	1.03508	1.03558	1.03504	1.03544	1236
2025-01-21 10:30:00	1.03544	1.03581	1.03526	1.03556	1540
2025-01-21 10:35:00	1.03555	1.03595	1.0355	1.03575	509
2025-01-21 10:40:00	1.03574	1.03575	1.03511	1.03512	1079
2025-01-21 10:45:00	1.03511	1.03524	1.03501	1.03514	422
2025-01-21 10:50:00	1.03515	1.03541	1.03495	1.0354	808
2025-01-21 10:55:00	1.03541	1.03544	1.03516	1.03528	708
2025-01-21 11:00:00	1.03528	1.03544	1.03475	1.03485	568
2025-01-21 11:05:00	1.03485	1.03511	1.03485	1.03511	453
2025-01-21 11:10:00	1.0351	1.03539	1.03506	1.03539	485
2025-01-21 11:15:00	1.03538	1.03539	1.03493	1.03505	404
2025-01-21 11:20:00	1.03506	1.03514	1.03479	1.03484	722
2025-01-21 11:25:00	1.03484	1.03507	1.03474	1.03495	722
2025-01-21 11:30:00	1.03494	1.03496	1.03428	1.03464	805
2025-01-21 11:35:00	1.03463	1.03484	1.03453	1.03459	752
2025-01-21 11:40:00	1.03459	1.03485	1.03458	1.03484	797
2025-01-21 11:45:00	1.03483	1.03539	1.03464	1.03538	510
2025-01-21 11:50:00	1.03538	1.03579	1.03535	1.03554	877
2025-01-21 11:55:00	1.03553	1.03554	1.03501	1.03533	768
2025-01-21 12:00:00	1.03532	1.03544	1.03458	1.0352	823
2025-01-21 12:05:00	1.0352	1.03561	1.03501	1.03504	716
2025-01-21 12:10:00	1.03503	1.03506	1.03465	1.03476	970
2025-01-21 12:15:00	1.03476	1.03541	1.03474	1.03523	1012
2025-01-21 12:20:00	1.03523	1.0357	1.03505	1.03506	1080
2025-01-21 12:25:00	1.03506	1.03566	1.03504	1.03562	904
2025-01-21 12:30:00	1.03561	1.03569	1.03528	1.03561	612
2025-01-21 12:35:00	1.03563	1.03581	1.03557	1.03557	515
2025-01-21 12:40:00	1.03556	1.03563	1.03532	1.03552	544
2025-01-21 12:45:00	1.03552	1.0356	1.03477	1.03478	833
2025-01-21 12:50:00	1.03479	1.03494	1.03456	1.03476	804
2025-01-21 12:55:00	1.03475	1.0354	1.03457	1.0354	1357
2025-01-21 13:00:00	1.03541	1.03576	1.03533	1.0357	919
2025-01-21 13:05:00	1.03568	1.03583	1.03527	1.03568	926
2025-01-21 13:10:00	1.03568	1.03594	1.0356	1.03594	653
2025-01-21 13:15:00	1.03596	1.03637	1.03591	1.03637	814
2025-01-21 13:20:00	1.03638	1.0367	1.03619	1.03619	1048
2025-01-21 13:25:00	1.03619	1.03645	1036	1.03628	658
2025-01-21 13:30:00	1.03628	1.03732	1.0362	1.03695	1021
2025-01-21 13:35:00	1.03694	1.03722	1.03675	1.03721	767
2025-01-21 13:40:00	1.0372	1.03745	1.03714	1.0372	905
2025-01-21 13:45:00	1.0372	1.03757	1.03694	1.03722	2002
2025-01-21 13:50:00	1.03723	1.03775	1.03699	1.03752	1533
2025-01-21 13:55:00	1.03751	1.03778	1.0372	1.03777	876
2025-01-21 14:00:00	1.0378	1.03815	1.03745	1.03771	1207
2025-01-21 14:05:00	1.0377	1.0377	1.03728	1.03744	799
2025-01-21 14:10:00	1.03742	1.03835	1.03742	1.03833	1099
2025-01-21 14:15:00	1.03832	1.03864	1.03818	1.03847	912
2025-01-21 14:20:00	1.03847	1.03927	1.03821	1.0392	761
2025-01-21 14:25:00	1.03922	1.03945	1.03913	1.03937	847
2025-01-21 14:30:00	1.03937	1.03946	1.03867	1.03909	1589
2025-01-21 14:35:00	1.03909	1.03956	1.03874	1.03942	1518
2025-01-21 14:40:00	1.03942	1.03984	1.03908	1.03953	1383
2025-01-21 14:45:00	1.03953	1.03957	1.03863	1.03864	1756
2025-01-21 14:50:00	1.03862	1.0387	1.03791	1.03842	1877
2025-01-21 14:55:00	1.03842	1.03882	1.03828	1.03868	1109
2025-01-21 15:00:00	1.03867	1.03918	1.03836	1.03848	1181
2025-01-21 15:05:00	1.03849	1.03867	1.03786	1.03839	1337
2025-01-21 15:10:00	1.03841	1.03897	1.03816	1.03894	1310
2025-01-21 15:15:00	1.03891	1.03913	1.03852	1.03904	1170
2025-01-21 15:20:00	1.03903	1.03977	1.03896	1.03969	1098
2025-01-21 15:25:00	1.0397	1.03986	1.03936	1.03945	811
2025-01-21 15:30:00	1.03947	1.04024	1.03942	1.04018	824
2025-01-21 15:35:00	1.04018	1.04073	1.04003	1.04053	1119
2025-01-21 15:40:00	1.04052	1.04104	1.0402	1.04024	1469
2025-01-21 15:45:00	1.04023	1.04085	1.04018	1.04051	1103
2025-01-21 15:50:00	1.04051	1.04075	1.03976	1.03998	1439
2025-01-21 15:55:00	1.03997	1.04017	1.03967	1.04006	2252
2025-01-21 16:00:00	1.04005	1.04028	1.03994	1.04025	994
2025-01-21 16:05:00	1.04026	1.04058	1.04016	1.04054	707
2025-01-21 16:10:00	1.04054	1.04061	1.03991	1.04018	1004
2025-01-21 16:15:00	1.04015	1.04052	1.03984	1.04045	799
2025-01-21 16:20:00	1.04044	1.04063	1.03993	1.04032	871
2025-01-21 16:25:00	1.04033	1.04158	1.04033	1.04156	1026
2025-01-21 16:30:00	1.04155	1.04182	1.04128	1.04161	793
2025-01-21 16:35:00	1.0416	1.04166	1.04112	1.04149	754
2025-01-21 16:40:00	1.04149	1.04209	1.04148	1.04182	814
2025-01-21 16:45:00	1.04184	1.04198	1.04154	1.04164	913
2025-01-21 16:50:00	1.04166	1.0417	1.04128	1.04159	701
2025-01-21 16:55:00	1.04159	1.04227	1.04157	1.04223	909
2025-01-21 17:00:00	1.04223	1.04255	1.04216	1.04251	671
2025-01-21 17:05:00	1.04252	1.04275	1.04234	1.04265	850
2025-01-21 17:10:00	1.04264	1.04278	1.04225	1.04232	671
2025-01-21 17:15:00	1.04231	1.04274	1.04212	1.04268	650
2025-01-21 17:20:00	1.04269	1.04288	1.04239	1.04286	623
2025-01-21 17:25:00	1.04285	1.04295	1.04275	1.04283	645
2025-01-21 17:30:00	1.04283	1.04293	1.04269	1.0428	512
2025-01-21 17:35:00	1.04281	1.04289	1.04257	1.0428	322
2025-01-21 17:40:00	1.04281	1.04299	1.04262	1.04264	422
2025-01-21 17:45:00	1.04263	1.04287	1.04253	1.04279	561
2025-01-21 17:50:00	1.04278	1.04287	1.04253	1.04253	549
2025-01-21 17:55:00	1.04253	1.04266	1.04211	1.04211	942
2025-01-21 18:00:00	1.04211	1.04229	1.04197	1.04224	753
2025-01-21 18:05:00	1.04224	1.04249	1.04211	1.04231	527
2025-01-21 18:10:00	1.0423	1.04244	1.04212	1.04225	398
2025-01-21 18:15:00	1.04227	1.04234	1.0421	1.0421	337
2025-01-21 18:20:00	1.04211	1.04253	1.04208	1.04249	368
2025-01-21 18:25:00	1.04249	1.0427	1.04241	1.04263	358
2025-01-21 18:30:00	1.04264	1.04304	1.04244	1.04302	429
2025-01-21 18:35:00	1.04302	1.0433	1.04282	1.04327	474
2025-01-21 18:40:00	1.04325	1.04353	1.0432	1.04324	364
2025-01-21 18:45:00	1.04324	1.04342	1.04317	1.04329	275
2025-01-21 18:50:00	1.04327	1.04339	1.04287	1.04292	304
2025-01-21 18:55:00	1.04292	1.04303	1.04276	1.04289	314
2025-01-21 19:00:00	1.04289	1043	1.04271	1.04284	541
2025-01-21 19:05:00	1.04284	1.04305	1.04278	1.04284	352
2025-01-21 19:10:00	1.04284	1.04304	1.04278	1.04278	169
2025-01-21 19:15:00	1.04279	1.04282	1.04252	1.04258	306
2025-01-21 19:20:00	1.04259	1.0426	1.0422	1.04229	485
2025-01-21 19:25:00	1.04229	1.04235	1.04211	1.04219	266
2025-01-21 19:30:00	1.04221	1.04222	1.04191	1.04198	285
2025-01-21 19:35:00	1.04202	1.04207	1.04166	1.04173	441
2025-01-21 19:40:00	1.04172	1.0419	1.04167	1.04171	277
2025-01-21 19:45:00	1.04172	1.0418	1.04168	1.04171	265
2025-01-21 19:50:00	1.04172	1.0418	1.0416	1.04177	238
2025-01-21 19:55:00	1.04177	1.04193	1.04165	1.04179	366
2025-01-21 20:00:00	1.04178	1.04184	1.04158	1.04168	363
2025-01-21 20:05:00	1.04168	1.04215	1.04168	1.04212	221
2025-01-21 20:10:00	1.04212	1.04212	1.04176	1.04177	283
2025-01-21 20:15:00	1.04178	1.04188	1.04167	1.04182	234
2025-01-21 20:20:00	1.04181	1.04188	1.04175	1.04182	96
2025-01-21 20:25:00	1.04182	1.0419	1.04157	1.04178	222
2025-01-21 20:30:00	1.04177	1.04183	1.04166	1.04179	265
2025-01-21 20:35:00	1.04179	1.04202	1.04177	1.04198	1473
2025-01-21 20:40:00	1.04199	1042	1.04182	1.04191	927
2025-01-21 20:45:00	1.04191	1.04191	1.04168	1.04172	265
2025-01-21 20:50:00	1.04172	1.04183	1.04161	1.04166	310
2025-01-21 20:55:00	1.04167	1.04201	1.04163	1.04199	287
2025-01-21 21:00:00	1.04199	1.04206	1.04188	1.04192	351
2025-01-21 21:05:00	1.04192	1.04247	1.04192	1.0423	359
2025-01-21 21:10:00	1.0423	1.04243	1.04213	1.04238	213
2025-01-21 21:15:00	1.04237	1.04242	1.04231	1.04239	99
2025-01-21 21:20:00	1.04239	1.04255	1.04227	1.04253	110
2025-01-21 21:25:00	1.04251	1.04262	1.04251	1.04252	81
2025-01-21 21:30:00	1.04251	1.04267	1.0425	1.04253	90
2025-01-21 21:35:00	1.04253	1.04262	1.04251	1.04254	85
2025-01-21 21:40:00	1.04254	1.04268	1.04254	1.04263	28
2025-01-21 21:45:00	1.04263	1.04287	1.04258	1.04278	171
2025-01-21 21:50:00	1.0428	1.04296	1.04275	1.04276	213
2025-01-21 21:55:00	1.04277	1.0429	1.0422	1.04253	453
2025-01-21 22:00:00	1.04228	1.0424	1.04222	1.04239	71
2025-01-21 22:05:00	1.04239	1.04242	1.04214	1.04226	123
2025-01-21 22:10:00	1.04226	1.0425	1.04222	1.04236	189
2025-01-21 22:15:00	1.0424	1.04251	1.04237	1.0425	201
2025-01-21 22:20:00	1.04249	1.04251	1.04244	1.04247	184
2025-01-21 22:25:00	1.04246	1.04246	1.04236	1.04236	77
2025-01-21 22:30:00	1.04236	1.04259	1.04236	1.04259	100
2025-01-21 22:35:00	1.04261	1.04286	1.04255	1.04281	272
2025-01-21 22:40:00	1.04284	1.04334	1.04276	1.04276	462
2025-01-21 22:45:00	1.04276	1.04291	1.04276	1.04283	188
2025-01-21 22:50:00	1.04287	1.04297	1.04253	1.04279	185
2025-01-21 22:55:00	1.04278	1.0428	1.04257	1.04261	467
2025-01-21 23:00:00	1.0426	1.04273	1.04037	1.04037	885
2025-01-21 23:05:00	1.04032	1.04173	1.03986	1.03986	2189
2025-01-21 23:10:00	1.03982	1.04085	1.03955	1.03955	811
2025-01-21 23:15:00	1.03955	1.04023	1.03921	1.04013	1186
2025-01-21 23:20:00	1.04012	1.04065	1.03995	1.04056	684
2025-01-21 23:25:00	1.04055	1.04106	1.0405	1.0407	511
2025-01-21 23:30:00	1.0407	1.04091	1.04042	1.0407	303
2025-01-21 23:35:00	1.04071	1.04071	1.04033	1.04038	288
2025-01-21 23:40:00	1.04037	1.04052	1.0403	1.04045	180
2025-01-21 23:45:00	1.04044	1.04122	1.0404	1.04108	316
2025-01-21 23:50:00	1.04109	1.04116	1.0404	1.0406	412
2025-01-21 23:55:00	1.0406	1.04073	1.04026	1.04057	251
2025-01-22 00:00:00	1.04057	1.04127	1.04057	1.04127	430
2025-01-22 00:05:00	1.04125	1.04169	1.04111	1.04162	392
2025-01-22 00:10:00	1.04161	1.0419	1.04153	1.04173	456
2025-01-22 00:15:00	1.04173	1.04175	1.04156	1.04167	366
2025-01-22 00:20:00	1.0417	1.04236	1.0417	1.04203	502
2025-01-22 00:25:00	1.04203	1.04205	1.0418	1.04187	328
2025-01-22 00:30:00	1.04187	1.04214	1.04187	1.04206	170
2025-01-22 00:35:00	1.04208	1.04241	1.04207	1.04234	307
2025-01-22 00:40:00	1.04233	1.04238	1.04219	1.0422	155
2025-01-22 00:45:00	1.0422	1.04223	1.04206	1.04211	312
2025-01-22 00:50:00	1.0421	1.04219	1.04193	1.04203	406
2025-01-22 00:55:00	1.04204	1.04245	1.04202	1.0423	328
2025-01-22 01:00:00	1.0423	1.04231	1.04143	1.04161	739
2025-01-22 01:05:00	1.04162	1.04203	1.04158	1.04182	393
2025-01-22 01:10:00	1.04184	1.04205	1.0416	1.0417	267
2025-01-22 01:15:00	1.04171	1.04195	1.04164	1.04179	416
2025-01-22 01:20:00	1.0418	1.04196	1.04156	1.04162	481
2025-01-22 01:25:00	1.04161	1.04174	1.04151	1.04165	424
2025-01-22 01:30:00	1.04163	1.04165	1.04134	1.04136	471
2025-01-22 01:35:00	1.04136	1.04147	1.04121	1.04135	400
2025-01-22 01:40:00	1.04135	1.04136	1.04122	1.0413	382
2025-01-22 01:45:00	1.0413	1.04142	1.04108	1.0412	450
2025-01-22 01:50:00	1.04121	1.04128	1.04096	1.04096	277
2025-01-22 01:55:00	1.04097	1.04105	1.04075	1.04095	360
2025-01-22 02:00:00	1.04095	1.04097	1.04072	1.04073	360
2025-01-22 02:05:00	1.04073	1.04085	1.04061	1.04074	663
2025-01-22 02:10:00	1.04075	1.04125	1.04073	1.04123	515
2025-01-22 02:15:00	1.04124	1.04142	1.04121	1.04127	351
2025-01-22 02:20:00	1.04125	1.04133	1.04107	1.04107	277
2025-01-22 02:25:00	1.04107	1.04113	1.04087	1.04095	431
2025-01-22 02:30:00	1.04094	1.04105	1.04085	1041	189
2025-01-22 02:35:00	1041	1.04133	1.04096	1.04119	315
2025-01-22 02:40:00	1.04119	1.0413	1.04113	1.04126	160
2025-01-22 02:45:00	1.04127	1.0413	1.04092	1.04121	240
2025-01-22 02:50:00	1.04119	1.0416	1.04118	1.0416	225
2025-01-22 02:55:00	1.0416	1.04162	1.04126	1.04136	188
2025-01-22 03:00:00	1.04136	1.04145	1.04126	1.04131	216
2025-01-22 03:05:00	1.0413	1.0413	1.04109	1.04116	174
2025-01-22 03:10:00	1.04116	1.0413	1.04109	1.04122	307
2025-01-22 03:15:00	1.04123	1.04143	1.04123	1.04129	168
2025-01-22 03:20:00	1.04129	1.04129	1.0412	1.04122	92
2025-01-22 03:25:00	1.04122	1.04137	1.04122	1.04131	167
2025-01-22 03:30:00	1.04131	1.04135	1.04119	1.04132	141
2025-01-22 03:35:00	1.04132	1.04156	1.04131	1.04153	172
2025-01-22 03:40:00	1.04152	1.04152	1.04128	1.04137	141
2025-01-22 03:45:00	1.04136	1.04141	1.04101	1.04101	434
2025-01-22 03:50:00	1041	1.04115	1041	1.04113	364
2025-01-22 03:55:00	1.04112	1.04121	1.04109	1.04119	247
2025-01-22 04:00:00	1.04119	1.0413	1.04113	1.04127	148
2025-01-22 04:05:00	1.04127	1.04141	1.04122	1.04138	178
2025-01-22 04:10:00	1.04137	1.04172	1.04137	1.04169	97
2025-01-22 04:15:00	1.04169	1.04172	1.04157	1.04157	98
2025-01-22 04:20:00	1.04157	1.04188	1.04157	1.04179	275
2025-01-22 04:25:00	1.04179	1.04192	1.04177	1.04192	221
2025-01-22 04:30:00	1.04193	1.04211	1.04191	1.04209	245
2025-01-22 04:35:00	1.04208	1.04213	1.04178	1.04182	245
2025-01-22 04:40:00	1.04181	1.04187	1.04175	1.04175	187
2025-01-22 04:45:00	1.04176	1.04202	1.04176	1.04202	190
2025-01-22 04:50:00	1.04203	1.04207	1.04181	1.04181	267
2025-01-22 04:55:00	1.0418	1.04181	1.04158	1.04171	245
2025-01-22 05:00:00	1.0417	1.0417	1.04158	1.04158	201
2025-01-22 05:05:00	1.04159	1.04179	1.04159	1.04166	186
2025-01-22 05:10:00	1.04165	1.04165	1.04145	1.0415	227
2025-01-22 05:15:00	1.0415	1.04151	1.04125	1.04126	192
2025-01-22 05:20:00	1.04125	1.04126	1.04111	1.04121	182
2025-01-22 05:25:00	1.0412	1.0412	1.04082	1.04116	222
2025-01-22 05:30:00	1.04116	1.04126	1.04099	1.04125	134
2025-01-22 05:35:00	1.04126	1.04139	1.04125	1.04128	130
2025-01-22 05:40:00	1.04128	1.04135	1.04112	1.04112	166
2025-01-22 05:45:00	1.04112	1.0414	1.04111	1.04137	281
2025-01-22 05:50:00	1.04137	1.04162	1.04126	1.04156	164
2025-01-22 05:55:00	1.04155	1.04165	1.04152	1.04156	266
2025-01-22 06:00:00	1.04156	1.04182	1.04146	1.04173	495
2025-01-22 06:05:00	1.04172	1.04185	1.04166	1.0418	432
2025-01-22 06:10:00	1.04179	1.04181	1.04105	1.04105	366
2025-01-22 06:15:00	1.04106	1.04106	1.0405	1.04069	946
2025-01-22 06:20:00	1.04069	1.04098	1.04066	1.04094	484
2025-01-22 06:25:00	1.04095	1.04118	1.04095	1.04112	295
2025-01-22 06:30:00	1.04111	1.04118	1.0409	1.04091	287
2025-01-22 06:35:00	1.04092	1.04104	1.04072	1.04083	273
2025-01-22 06:40:00	1.04083	1.04083	1.04026	1.04029	601
2025-01-22 06:45:00	1.0403	1.04047	1.04014	1.0402	410
2025-01-22 06:50:00	1.04021	1.04023	1.03998	1.04019	512
2025-01-22 06:55:00	1.0402	1.04044	1.0402	1.04036	271
2025-01-22 07:00:00	1.04037	1.04075	1.04033	1.04061	468
2025-01-22 07:05:00	1.0406	1.04136	1.04057	1.04124	695
2025-01-22 07:10:00	1.04123	1.0413	1.04107	1.04126	516
2025-01-22 07:15:00	1.04126	1.04167	1.04116	1.04148	430
2025-01-22 07:20:00	1.04148	1.04168	1.04127	1.04134	588
2025-01-22 07:25:00	1.04133	1.04166	1.04125	1.04165	400
2025-01-22 07:30:00	1.04164	1.04196	1.04149	1.04151	809
2025-01-22 07:35:00	1.04147	1.0417	1.04135	1.04148	653
2025-01-22 07:40:00	1.04148	1.04184	1.04143	1.0417	509
2025-01-22 07:45:00	1.04171	1.04175	1.04115	1.04154	478
2025-01-22 07:50:00	1.04154	1.04161	1.04125	1.04132	689
2025-01-22 07:55:00	1.04132	1.04132	1.04081	1.04117	1361
2025-01-22 08:00:00	1.04117	1.04163	1.04095	1.04095	1606
2025-01-22 08:05:00	1.04099	1.04145	1.04096	1.04128	961
2025-01-22 08:10:00	1.0413	1.04141	1.04111	1.04141	886
2025-01-22 08:15:00	1.04141	1042	1.04121	1.04158	930
2025-01-22 08:20:00	1.04157	1.04167	1.04108	1.04141	872
2025-01-22 08:25:00	1.04142	1.04151	1.04105	1.04129	926
2025-01-22 08:30:00	1.0413	1.04168	1.04115	1.04151	994
2025-01-22 08:35:00	1.0415	1.04215	1.04133	1.04208	1112
2025-01-22 08:40:00	1.04209	1.0423	1.04176	1.04192	856
2025-01-22 08:45:00	1.04193	1.04225	1.0418	1.04215	856
2025-01-22 08:50:00	1.04215	1.04219	1.04173	1.04207	1183
2025-01-22 08:55:00	1.04206	1.04239	1.04188	1.0423	1154
2025-01-22 09:00:00	1.04232	1.04248	1.04199	1.04217	1289
2025-01-22 09:05:00	1.04218	1.0426	1.04218	1.04236	1061
2025-01-22 09:10:00	1.04237	1.04278	1.04237	1.04255	1198
2025-01-22 09:15:00	1.04255	1.04301	1.04254	1.04266	1591
2025-01-22 09:20:00	1.04265	1.0431	1.04244	1.04291	1371
2025-01-22 09:25:00	1.04292	1.04346	1.04291	1.04321	982
2025-01-22 09:30:00	1.04322	1.0433	1.04279	1.04304	1043
2025-01-22 09:35:00	1.04305	1.04317	1.04294	1.04311	811
2025-01-22 09:40:00	1.04312	1.04373	1.04292	1.0436	837
2025-01-22 09:45:00	1.0436	1.04378	1.04311	1.04324	1286
2025-01-22 09:50:00	1.04322	1.04395	1.04319	1.04385	993
2025-01-22 09:55:00	1.04386	1.04473	1.04365	1.04463	1652
2025-01-22 10:00:00	1.04464	1.0447	1.04426	1.04458	1293
2025-01-22 10:05:00	1.04459	1.04523	1.04458	1.04507	1390
2025-01-22 10:10:00	1.04509	1.04526	1.04457	1.04458	1360
2025-01-22 10:15:00	1.04458	1.04503	1.0445	1.04481	962
2025-01-22 10:20:00	1.04482	1.04537	1.04482	1.04525	711
2025-01-22 10:25:00	1.04524	1.04555	1.04513	1.04549	874
2025-01-22 10:30:00	1.0455	1.04573	1.04512	1.0453	905
2025-01-22 10:35:00	1.04529	1.04549	1.04513	1.04539	857
2025-01-22 10:40:00	1.0454	1.0454	1.04518	1.04522	607
2025-01-22 10:45:00	1.04522	1.04537	1.04501	1.04525	663
2025-01-22 10:50:00	1.04523	1.04539	1.04488	1.04488	827
2025-01-22 10:55:00	1.04488	1.04508	1.04476	1.04499	853
2025-01-22 11:00:00	1.04498	1.04506	1.04478	1045	718
2025-01-22 11:05:00	1.04499	1.04561	1.04496	1.04552	644
2025-01-22 11:10:00	1.04552	1.04558	1.04516	1.04553	921
2025-01-22 11:15:00	1.04553	1.04562	1.0453	1.04536	645
2025-01-22 11:20:00	1.04535	1.04545	1.04494	1.04501	625
2025-01-22 11:25:00	1.04507	1.04509	1.04453	1.04459	531
2025-01-22 11:30:00	1.04458	1.04474	1.04432	1.04434	468
2025-01-22 11:35:00	1.04434	1.04445	1.04404	1.04414	691
2025-01-22 11:40:00	1.04413	1.04447	1.04413	1.04446	660
2025-01-22 11:45:00	1.04448	1.0446	1.04413	1.0442	479
2025-01-22 11:50:00	1.04421	1.04433	1.0441	1.04417	483
2025-01-22 11:55:00	1.04416	1.04439	1.0441	1.04427	550
2025-01-22 12:00:00	1.04426	1.04427	1.0439	1.04395	523
2025-01-22 12:05:00	1.04394	1.04411	1.04375	1.04392	585
2025-01-22 12:10:00	1.04394	1.0442	1.04375	1.04414	784
2025-01-22 12:15:00	1.04415	1.04426	1.04401	1.04408	520
2025-01-22 12:20:00	1.04408	1.04416	1.04393	1.04396	664
2025-01-22 12:25:00	1.04394	1.04394	1.04315	1.04318	845
2025-01-22 12:30:00	1.04318	1.04363	1.0431	1.04358	779
2025-01-22 12:35:00	1.04357	1.04368	1.04338	1.04354	669
2025-01-22 12:40:00	1.04353	1.04379	1.04349	1.04361	659
2025-01-22 12:45:00	1.04361	1.0437	1.04343	1.04355	540
2025-01-22 12:50:00	1.04357	1.04379	1.04331	1.04372	671
2025-01-22 12:55:00	1.04375	1.04402	1.04366	1.0438	916
2025-01-22 13:00:00	1.04382	1.04398	1.04364	1.04375	553
2025-01-22 13:05:00	1.04376	1.04428	1.0437	1.04425	669
2025-01-22 13:10:00	1.04424	1.04457	1.04418	1.04435	561
2025-01-22 13:15:00	1.04436	1.04451	1.04399	1.04419	761
2025-01-22 13:20:00	1.04422	1.04431	1.04382	1.04398	1210
2025-01-22 13:25:00	1.04397	1.04406	1.04353	1.04354	1058
2025-01-22 13:30:00	1.04357	1.04392	1.04351	1.04381	916
2025-01-22 13:35:00	1.04381	1.04388	1.04261	1.04289	1319
2025-01-22 13:40:00	1.04287	1043	1.04221	1.04284	1186
2025-01-22 13:45:00	1.04285	1.04301	1.04264	1.04291	1048
2025-01-22 13:50:00	1.04292	1.04316	1.04282	1.04311	1049
2025-01-22 13:55:00	1.04313	1.04354	1.04311	1.04316	739
2025-01-22 14:00:00	1.04314	1.04319	1.04248	1.04252	1007
2025-01-22 14:05:00	1.04252	1.04252	1.04219	1.04226	1575
2025-01-22 14:10:00	1.04225	1.04225	1.04174	1.04184	1437
2025-01-22 14:15:00	1.04185	1.04224	1.04166	1.04216	1248
2025-01-22 14:20:00	1.04214	1.04268	1.04212	1.04266	932
2025-01-22 14:25:00	1.04265	1.04277	1.04207	1.04207	1009
2025-01-22 14:30:00	1.04209	1.04215	1.04141	1.04201	1180
2025-01-22 14:35:00	1.04199	1.04234	1.04165	1.04193	1498
2025-01-22 14:40:00	1.04193	1.04214	1.04171	1.04186	2922
2025-01-22 14:45:00	1.04186	1.04281	1.04184	1.04265	2253
2025-01-22 14:50:00	1.04267	1.0429	1.0424	1.04246	1044
2025-01-22 14:55:00	1.04246	1.04265	1.04226	1.04244	3667
2025-01-22 15:00:00	1.04244	1.04249	1.04185	1.04204	1522
2025-01-22 15:05:00	1.04205	1.04227	1.04155	1.04178	935
2025-01-22 15:10:00	1.04178	1.04229	1.04175	1042	1085
2025-01-22 15:15:00	1042	1.04235	1.04182	1.0421	873
2025-01-22 15:20:00	1.04209	1.04215	1.0416	1.04181	1759
2025-01-22 15:25:00	1.04183	1.04196	1.04152	1.04162	1180
2025-01-22 15:30:00	1.04162	1.04221	1.04147	1.04217	971
2025-01-22 15:35:00	1.04216	1.04225	1.04178	1.04216	1078
2025-01-22 15:40:00	1.0422	1.0423	1.04165	1.04172	1713
2025-01-22 15:45:00	1.04172	1.04212	1.04152	1.04178	2185
2025-01-22 15:50:00	1.04178	1.04199	1.04159	1.04199	1296
2025-01-22 15:55:00	1.04198	1.04212	1.04168	1.04199	1674
2025-01-22 16:00:00	1.04198	1.04198	1.04161	1.04191	1148
2025-01-22 16:05:00	1.0419	1.04226	1.0419	1.04217	812
2025-01-22 16:10:00	1.04217	1.04222	1.04177	1.04177	750
2025-01-22 16:15:00	1.04177	1.04182	1.04153	1.04166	910
2025-01-22 16:20:00	1.04166	1.04166	1.04121	1.0416	897
2025-01-22 16:25:00	1.04159	1.04166	1.04132	1.04135	679
2025-01-22 16:30:00	1.04137	1.04166	1.04131	1.04145	655
2025-01-22 16:35:00	1.04145	1.04211	1.04131	1.04209	736
2025-01-22 16:40:00	1.0421	1.04216	1.04175	1.04193	813
2025-01-22 16:45:00	1.04192	1.04204	1.04186	1.04192	584
2025-01-22 16:50:00	1.04193	1.04221	1.0419	1.04209	472
2025-01-22 16:55:00	1.04209	1.04214	1.04176	1.04194	539
2025-01-22 17:00:00	1.04195	1.04203	1.04171	1.04188	586
2025-01-22 17:05:00	1.04189	1.04189	1.04155	1.04175	454
2025-01-22 17:10:00	1.04177	1.04181	1.04135	1.04148	804
2025-01-22 17:15:00	1.04148	1.04159	1.0414	1.04145	1545
2025-01-22 17:20:00	1.04145	1.0415	1.04119	1.04127	643
2025-01-22 17:25:00	1.04127	1.04134	1.04119	1.04132	451
2025-01-22 17:30:00	1.0413	1.04193	1.0412	1.04174	553
2025-01-22 17:35:00	1.04174	1.0418	1.04161	1.04171	457
2025-01-22 17:40:00	1.04171	1.04178	1.04159	1.04164	380
2025-01-22 17:45:00	1.04165	1.04177	1.04129	1.04142	551
2025-01-22 17:50:00	1.0414	1.04165	1.04139	1.04162	350
2025-01-22 17:55:00	1.04162	1.0417	1.04155	1.04169	451
2025-01-22 18:00:00	1.0417	1.04185	1.04124	1.04124	534
2025-01-22 18:05:00	1.04124	1.04156	1.04118	1.04136	1100
2025-01-22 18:10:00	1.04134	1.04151	1.04117	1.04141	635
2025-01-22 18:15:00	1.04143	1.04154	1.04134	1.04145	484
2025-01-22 18:20:00	1.04145	1.0419	1.04144	1.04184	379
2025-01-22 18:25:00	1.04183	1.04204	1.04172	1.04192	425
2025-01-22 18:30:00	1.04191	1.04203	1.04184	1042	443
2025-01-22 18:35:00	1.04199	1.04209	1.04194	1.04201	400
2025-01-22 18:40:00	1042	1.04205	1.04181	1.04197	372
2025-01-22 18:45:00	1.04198	1.0421	1.0419	1.0419	390
2025-01-22 18:50:00	1.04191	1.04194	1.04171	1.04181	437
2025-01-22 18:55:00	1.04182	1.04182	1.04146	1.0416	564
2025-01-22 19:00:00	1.04161	1.04193	1.04155	1.04187	419
2025-01-22 19:05:00	1.04185	1042	1.04184	1.04199	311
2025-01-22 19:10:00	1042	1.04207	1.04195	1.04199	450
2025-01-22 19:15:00	1.04199	1.04221	1.0419	1.04205	273
2025-01-22 19:20:00	1.04205	1.04212	1.04194	1.04208	234
2025-01-22 19:25:00	1.04208	1.04225	1.04202	1.04214	257
2025-01-22 19:30:00	1.04214	1.04227	1.04205	1.04208	327
2025-01-22 19:35:00	1.04207	1.04222	1.04194	1.04207	306
2025-01-22 19:40:00	1.04207	1.04207	1.0419	1.04197	245
2025-01-22 19:45:00	1.04196	1.04201	1.04175	1.04187	368
2025-01-22 19:50:00	1.04188	1.04193	1.04174	1.04174	347
2025-01-22 19:55:00	1.04174	1.04205	1.0417	1.04201	389
2025-01-22 20:00:00	1042	1.04202	1.04176	1.04201	420
2025-01-22 20:05:00	1.04201	1.04224	1.04201	1.04221	214
2025-01-22 20:10:00	1.0422	1.04228	1.0421	1.04223	210
2025-01-22 20:15:00	1.04222	1.04228	1.04206	1.04226	311
2025-01-22 20:20:00	1.04227	1.04227	1042	1.04203	260
2025-01-22 20:25:00	1.04202	1.04218	1.04195	1.04201	385
2025-01-22 20:30:00	1.04202	1.04207	1.04184	1.04189	283
2025-01-22 20:35:00	1.04191	1.04196	1.04166	1.04168	340
2025-01-22 20:40:00	1.04168	1.04174	1.04146	1.04147	343
2025-01-22 20:45:00	1.04146	1.04159	1.04142	1.04142	325
2025-01-22 20:50:00	1.04141	1.04159	1.04134	1.04135	394
2025-01-22 20:55:00	1.04135	1.04135	1.0411	1.04121	2997
2025-01-22 21:00:00	1.04123	1.04131	1.04105	1.04116	1730
2025-01-22 21:05:00	1.04117	1.04129	1.04114	1.04124	499
2025-01-22 21:10:00	1.04124	1.04124	1.04107	1.04108	143
2025-01-22 21:15:00	1.04109	1.04113	1041	1.04104	219
2025-01-22 21:20:00	1.04104	1.0411	1041	1.04109	115
2025-01-22 21:25:00	1.04108	1.04108	1.04097	1.04103	159
2025-01-22 21:30:00	1.04104	1.04105	1.04086	1.04086	139
2025-01-22 21:35:00	1.04086	1.0409	1.04079	1.04089	50
2025-01-22 21:40:00	1.04089	1.04095	1.04086	1.04088	62
2025-01-22 21:45:00	1.04087	1.04092	1.04078	1.04091	221
2025-01-22 21:50:00	1.04091	1.04101	1.04085	1041	298
2025-01-22 21:55:00	1.04101	1.04101	1.04077	1.04077	735
2025-01-22 22:00:00	1.04072	1.04103	1.04068	1.04103	47
2025-01-22 22:05:00	1.04095	1.04097	1.04093	1.04093	27
2025-01-22 22:10:00	1.04093	1.04096	1.04061	1.04083	43
2025-01-22 22:15:00	1.04083	1.04083	1.04083	1.04083	1
2025-01-22 22:20:00	1.04083	1.04083	1.04082	1.04082	19
2025-01-22 22:25:00	1.04068	1.04082	1.04068	1.04081	12
2025-01-22 22:30:00	1.04082	1.04099	1.04082	1.04098	49
2025-01-22 22:35:00	1.04099	1.04109	1.0409	1.04092	170
2025-01-22 22:40:00	1.04093	1.04094	1.0409	1.04092	37
2025-01-22 22:45:00	1.04091	1.04104	1.0409	1.04102	38
2025-01-22 22:50:00	1.04104	1.04104	1041	1.04101	32
2025-01-22 22:55:00	1.04104	1.04104	1.04071	1.04071	67
2025-01-22 23:00:00	1.04071	1.04089	1.04065	1.04067	460
2025-01-22 23:05:00	1.04067	1.04076	1.04067	1.0407	81
2025-01-22 23:10:00	1.04069	1.04075	1.04056	1.04057	259
2025-01-22 23:15:00	1.04055	1.0408	1.04052	1.04078	381
2025-01-22 23:20:00	1.0408	1.0409	1.04067	1.0407	178
2025-01-22 23:25:00	1.0407	1.0407	1.04059	1.04063	111
2025-01-22 23:30:00	1.04063	1.0407	1.04062	1.04066	168
2025-01-22 23:35:00	1.04067	1.04074	1.04064	1.04069	74
2025-01-22 23:40:00	1.04068	1.04075	1.04067	1.04074	55
2025-01-22 23:45:00	1.04073	1.04077	1.04062	1.04062	93
2025-01-22 23:50:00	1.04063	1.04084	1.04062	1.04079	63
2025-01-22 23:55:00	1.04079	1.04084	1.04076	1.04077	82
2025-01-23 00:00:00	1.04076	1.04102	1.04076	1.04087	265
2025-01-23 00:05:00	1.04086	1.04099	1.04086	1.04098	229
2025-01-23 00:10:00	1.04096	1.04113	1.04096	1.04102	244
2025-01-23 00:15:00	1.04101	1.04101	1.04081	1.04092	174
2025-01-23 00:20:00	1.04093	1.04116	1.04093	1.04102	186
2025-01-23 00:25:00	1.04101	1.04102	1.04083	1.04087	271
2025-01-23 00:30:00	1.04088	1.04094	1.04083	1.04086	361
2025-01-23 00:35:00	1.04087	1.04094	1.04067	1.04083	538
2025-01-23 00:40:00	1.04082	1.04095	1.04081	1.04095	391
2025-01-23 00:45:00	1.04093	1.04097	1.04078	1.04078	201
2025-01-23 00:50:00	1.04078	1.04092	1.04072	1.04091	158
2025-01-23 00:55:00	1.0409	1.04106	1.0409	1.04103	242
2025-01-23 01:00:00	1.04102	1.04117	1.04097	1.04115	324
2025-01-23 01:05:00	1.04115	1.04125	1.04111	1.04121	358
2025-01-23 01:10:00	1.04122	1.04158	1.0412	1.04146	585
2025-01-23 01:15:00	1.04146	1.04146	1.04097	1.04106	422
2025-01-23 01:20:00	1.04106	1.04108	1.04082	1.04083	396
2025-01-23 01:25:00	1.04085	1.04101	1.04082	1.04082	503
2025-01-23 01:30:00	1.04082	1.04105	1.04081	1.04083	317
2025-01-23 01:35:00	1.04084	1.04123	1.04082	1.04107	622
2025-01-23 01:40:00	1.04108	1.04125	1.0409	1.04095	707
2025-01-23 01:45:00	1.04094	1.04096	1.04057	1.04063	437
2025-01-23 01:50:00	1.04061	1.04071	1.0404	1.04041	469
2025-01-23 01:55:00	1.04041	1.04044	1.04019	1.04035	556
2025-01-23 02:00:00	1.04035	1.04041	1.04012	1.04012	593
2025-01-23 02:05:00	1.0401	1.04021	1.03967	1.04011	813
2025-01-23 02:10:00	1.04011	1.04027	1.03997	1.04019	606
2025-01-23 02:15:00	1.04019	1.04036	1.04012	1.04031	269
2025-01-23 02:20:00	1.04031	1.04061	1.04029	1.04051	477
2025-01-23 02:25:00	1.04053	1.04059	1.04047	1.04053	754
2025-01-23 02:30:00	1.04054	1.04055	1.04018	1.04026	502
2025-01-23 02:35:00	1.04027	1.04037	1.04017	1.04024	260
2025-01-23 02:40:00	1.04022	1.04037	1.04011	1.04037	221
2025-01-23 02:45:00	1.04038	1.04046	1.04019	1.04023	244
2025-01-23 02:50:00	1.04024	1.04039	1.04011	1.04036	300
2025-01-23 02:55:00	1.04036	1.04039	1.04022	1.04035	457
2025-01-23 03:00:00	1.04035	1.04059	1.04029	1.04053	499
2025-01-23 03:05:00	1.04055	1.04063	1.0405	1.04051	139
2025-01-23 03:10:00	1.04052	1.04058	1.04046	1.04048	412
2025-01-23 03:15:00	1.04046	1.04067	1.04046	1.04063	377
2025-01-23 03:20:00	1.04062	1.04076	1.04055	1.04057	345
2025-01-23 03:25:00	1.04057	1.0407	1.04056	1.04067	316
2025-01-23 03:30:00	1.04066	1.04067	1.04057	1.04063	230
2025-01-23 03:35:00	1.04063	1.04078	1.04062	1.04078	119
2025-01-23 03:40:00	1.04078	1.0409	1.04062	1.04076	241
2025-01-23 03:45:00	1.04075	1.04084	1.04056	1.04062	230
2025-01-23 03:50:00	1.04062	1.04083	1.04062	1.04082	144
2025-01-23 03:55:00	1.04083	1.04088	1.04072	1.04088	328
2025-01-23 04:00:00	1.04086	1.04105	1.04086	1.04096	283
2025-01-23 04:05:00	1.04097	1.04107	1.04096	1.04106	94
2025-01-23 04:10:00	1.04106	1.04106	1.04092	1.04094	175
2025-01-23 04:15:00	1.04093	1.04098	1.04089	1.04092	265
2025-01-23 04:20:00	1.04093	1.04111	1.04088	1.04107	243
2025-01-23 04:25:00	1.04106	1.04117	1.04104	1.04116	388
2025-01-23 04:30:00	1.04119	1.04127	1.04113	1.04115	331
2025-01-23 04:35:00	1.04115	1.04119	1.04114	1.04117	209
2025-01-23 04:40:00	1.04117	1.04121	1.04112	1.04117	100
2025-01-23 04:45:00	1.04116	1.04123	1.04105	1.04116	223
2025-01-23 04:50:00	1.04117	1.04122	1.04114	1.04122	86
2025-01-23 04:55:00	1.04121	1.04121	1.04099	1.04107	283
2025-01-23 05:00:00	1.04107	1.04114	1.04072	1.04075	425
2025-01-23 05:05:00	1.04073	1.04108	1.04052	1.04108	358
2025-01-23 05:10:00	1.04108	1.04115	1.04087	1.04101	279
2025-01-23 05:15:00	1041	1.04105	1.04097	1.04099	138
2025-01-23 05:20:00	1.04099	1.04102	1.04087	1.04092	256
2025-01-23 05:25:00	1.04092	1.04092	1.04068	1.04069	229
2025-01-23 05:30:00	1.04068	1.04077	1.04059	1.04067	461
2025-01-23 05:35:00	1.04068	1.04075	1.04063	1.04067	133
2025-01-23 05:40:00	1.04067	1.0407	1.04052	1.04058	159
2025-01-23 05:45:00	1.04056	1.04058	1.04041	1.04046	414
2025-01-23 05:50:00	1.04047	1.04065	1.04047	1.04062	201
2025-01-23 05:55:00	1.04061	1.04065	1.04051	1.04051	164
2025-01-23 06:00:00	1.0405	1.04083	1.04047	1.04082	514
2025-01-23 06:05:00	1.04082	1041	1.0408	1.04096	355
2025-01-23 06:10:00	1.04096	1.04096	1.04076	1.04087	316
2025-01-23 06:15:00	1.04086	1.04105	1.04083	1.04103	542
2025-01-23 06:20:00	1.04102	1.04109	1.04096	1.04102	452
2025-01-23 06:25:00	1.04101	1.0412	1.04101	1.04118	360
2025-01-23 06:30:00	1.04119	1.04119	1.04098	1.04099	249
2025-01-23 06:35:00	1.04098	1.04098	1.04073	1.04081	288
2025-01-23 06:40:00	1.04081	1.0409	1.04065	1.04065	430
2025-01-23 06:45:00	1.04067	1.04074	1.04048	1.04073	326
2025-01-23 06:50:00	1.04075	1.04075	1.04042	1.04048	382
2025-01-23 06:55:00	1.04046	1.0405	1.04028	1.04033	419
2025-01-23 07:00:00	1.04033	1.04052	1.04006	1.04041	572
2025-01-23 07:05:00	1.04044	1.04054	1.0401	1.0401	660
2025-01-23 07:10:00	1.0401	1.0401	1.03899	1.03961	1835
2025-01-23 07:15:00	1.03961	1.03992	1.0396	1.03972	1067
2025-01-23 07:20:00	1.03972	1.03976	1.03933	1.03941	714
2025-01-23 07:25:00	1.03945	1.03972	1.03945	1.03956	432
2025-01-23 07:30:00	1.03957	1.03981	1.03942	1.03974	762
2025-01-23 07:35:00	1.03974	1.03976	1.03933	1.03942	584
2025-01-23 07:40:00	1.0394	1.03959	1.0393	1.03954	635
2025-01-23 07:45:00	1.03956	1.03978	1.03946	1.03977	564
2025-01-23 07:50:00	1.03978	1.04018	1.03958	1.04016	631
2025-01-23 07:55:00	1.04015	1.04017	1.03976	1.04	902
2025-01-23 08:00:00	1.03999	1.04018	1.03939	1.03949	1212
2025-01-23 08:05:00	1.03952	1.0399	1.03939	1.03981	932
2025-01-23 08:10:00	1.03979	1.04007	1.03955	1.04004	666
2025-01-23 08:15:00	1.04002	1.04022	1.03998	1.04011	543
2025-01-23 08:20:00	1.04011	1.04011	1.03983	1.03989	632
2025-01-23 08:25:00	1.03989	1.04004	1.03953	1.03954	688
2025-01-23 08:30:00	1.03954	1.03978	1.03928	1.03928	770
2025-01-23 08:35:00	1.03929	1.03939	1.03902	1.03906	935
2025-01-23 08:40:00	1.03905	1.0394	1.03904	1.03927	688
2025-01-23 08:45:00	1.03928	1.03948	1.03914	1.03945	630
2025-01-23 08:50:00	1.03945	1.03967	1.0394	1.03951	720
2025-01-23 08:55:00	1.03951	1.03961	1.03935	1.03939	772
2025-01-23 09:00:00	1.03939	1.04034	1.03933	1.04032	881
2025-01-23 09:05:00	1.04032	1.04035	1.03999	1.04021	566
2025-01-23 09:10:00	1.04022	1.04054	1.04022	1.0403	686
2025-01-23 09:15:00	1.04029	1.04066	1.04022	1.04063	997
2025-01-23 09:20:00	1.04064	1.04085	1.0403	1.04038	740
2025-01-23 09:25:00	1.04036	1.04054	1.04015	1.04042	848
2025-01-23 09:30:00	1.04043	1.04052	1.04038	1.04048	795
2025-01-23 09:35:00	1.04046	1.04093	1.04045	1.04077	631
2025-01-23 09:40:00	1.04077	1.04081	1.04066	1.04076	928
2025-01-23 09:45:00	1.04074	1.04114	1.04062	1.04105	753
2025-01-23 09:50:00	1.04104	1.04147	1.04098	1.04136	711
2025-01-23 09:55:00	1.04135	1.04142	1.04109	1.04115	683
2025-01-23 10:00:00	1.04116	1.04154	1.04108	1.04124	826
2025-01-23 10:05:00	1.04124	1.04134	1.04105	1.04109	678
2025-01-23 10:10:00	1.04109	1.04149	1.04098	1.04144	685
2025-01-23 10:15:00	1.04145	1.04174	1.0414	1.04144	818
2025-01-23 10:20:00	1.04145	1.04147	1.04121	1.04139	558
2025-01-23 10:25:00	1.04138	1.04177	1.04134	1.04177	779
2025-01-23 10:30:00	1.04178	1.0418	1.04153	1.04162	605
2025-01-23 10:35:00	1.04163	1.04203	1.04161	1.04198	554
2025-01-23 10:40:00	1.04197	1.04197	1.04168	1.04187	596
2025-01-23 10:45:00	1.04187	1.04192	1.04148	1.04148	413
2025-01-23 10:50:00	1.04149	1.04149	1.04112	1.04126	582
2025-01-23 10:55:00	1.04126	1.04141	1.0411	1.04112	464
2025-01-23 11:00:00	1.04111	1.04112	1.04077	1.0409	819
2025-01-23 11:05:00	1.04089	1.04135	1.04083	1.04114	484
2025-01-23 11:10:00	1.04116	1.04119	1.04092	1.04113	691
2025-01-23 11:15:00	1.04112	1.04127	1.04109	1.04116	338
2025-01-23 11:20:00	1.04115	1.04115	1.04089	1.04105	578
2025-01-23 11:25:00	1.04109	1.04133	1.04109	1.04124	434
2025-01-23 11:30:00	1.04124	1.0414	1.04104	1.04107	754
2025-01-23 11:35:00	1.04107	1.04134	1.04104	1.04122	960
2025-01-23 11:40:00	1.04124	1.04124	1.04103	1.04105	478
2025-01-23 11:45:00	1.04104	1.04121	1.0403	1.04032	816
2025-01-23 11:50:00	1.04034	1.04059	1.04011	1.04059	676
2025-01-23 11:55:00	1.04058	1.04066	1.04015	1.04031	974
2025-01-23 12:00:00	1.04032	1.04047	1.03992	1.04008	1031
2025-01-23 12:05:00	1.04007	1.04019	1.03971	1.03981	690
2025-01-23 12:10:00	1.03982	1.03984	1.0394	1.03968	772
2025-01-23 12:15:00	1.0397	1.03985	1.03968	1.03972	694
2025-01-23 12:20:00	1.03972	1.03988	1.0395	1.03978	750
2025-01-23 12:25:00	1.03977	1.03993	1.03974	1.03993	483
2025-01-23 12:30:00	1.03992	1.04014	1.03967	1.03967	686
2025-01-23 12:35:00	1.03967	1.03985	1.0396	1.03979	419
2025-01-23 12:40:00	1.03978	1.04028	1.03977	1.04004	836
2025-01-23 12:45:00	1.04004	1.04033	1.0399	1.03991	667
2025-01-23 12:50:00	1.03991	1.04045	1.03991	1.04028	661
2025-01-23 12:55:00	1.04027	1.0406	1.04025	1.04035	969
2025-01-23 13:00:00	1.04036	1.04087	1.0403	1.04063	1282
2025-01-23 13:05:00	1.04063	1.04069	1.04011	1.04035	1159
2025-01-23 13:10:00	1.04037	1.04037	1.03972	1.0398	1311
2025-01-23 13:15:00	1.03984	1.04028	1.03976	1.04027	1257
2025-01-23 13:20:00	1.04029	1.04068	1.04027	1.04054	928
2025-01-23 13:25:00	1.04055	1.04089	1.04046	1.04057	1135
2025-01-23 13:30:00	1.04057	1.04149	1.04057	1.04138	1379
2025-01-23 13:35:00	1.04139	1.04147	1.04107	1.04124	1546
2025-01-23 13:40:00	1.04122	1.04131	1.04087	1.04087	1785
2025-01-23 13:45:00	1.04085	1.04098	1.04043	1.04074	1495
2025-01-23 13:50:00	1.04074	1.04122	1.04056	1.04102	1521
2025-01-23 13:55:00	1041	1.04121	1.04081	1.04107	1554
2025-01-23 14:00:00	1.04107	1.04141	1.04089	1.04133	1171
2025-01-23 14:05:00	1.04132	1.0415	1.04117	1.0413	1137
2025-01-23 14:10:00	1.04129	1.04137	1.04105	1.04128	871
2025-01-23 14:15:00	1.04129	1.04161	1.04123	1.04143	717
2025-01-23 14:20:00	1.04142	1.04179	1.04125	1.04145	702
2025-01-23 14:25:00	1.04144	1.04144	1.04108	1.04116	702
2025-01-23 14:30:00	1.04117	1.04132	1.04088	1.04095	1089
2025-01-23 14:35:00	1.04095	1.04097	1.04058	1.04076	819
2025-01-23 14:40:00	1.04076	1.04096	1.04069	1.04081	827
2025-01-23 14:45:00	1.04082	1.04121	1.04072	1.04099	1103
2025-01-23 14:50:00	1.04098	1.04126	1.04057	1.04066	778
2025-01-23 14:55:00	1.04067	1.04108	1.04067	1.04086	791
2025-01-23 15:00:00	1.04088	1.04097	1.04016	1.04026	1548
2025-01-23 15:05:00	1.04025	1.04031	1.0398	1.04003	1957
2025-01-23 15:10:00	1.04003	1.04031	1.03989	1.0401	1452
2025-01-23 15:15:00	1.04011	1.0402	1.0394	1.03979	1664
2025-01-23 15:20:00	1.03978	1.03982	1.03869	1.03921	1987
2025-01-23 15:25:00	1.03918	1.03966	1.03905	1.0395	1259
2025-01-23 15:30:00	1.0395	1.03968	1.0393	1.03938	1012
2025-01-23 15:35:00	1.03937	1.03995	1.03937	1.03994	878
2025-01-23 15:40:00	1.03995	1.03995	1.03952	1.03955	756
2025-01-23 15:45:00	1.03955	1.03971	1.03909	1.03914	925
2025-01-23 15:50:00	1.03916	1.03957	1.03892	1.03925	1489
2025-01-23 15:55:00	1.03924	1.03984	1.0392	1.03972	1779
2025-01-23 16:00:00	1.03973	1.03998	1.03956	1.03982	2806
2025-01-23 16:05:00	1.03982	1.03986	1.03943	1.03963	1292
2025-01-23 16:10:00	1.03963	1.04037	1.03719	1.03975	3702
2025-01-23 16:15:00	1.03976	1.04079	1.03965	1.04018	2406
2025-01-23 16:20:00	1.04018	1.04157	1.04017	1.04111	2129
2025-01-23 16:25:00	1.0411	1.04133	1.03963	1.04087	3107
2025-01-23 16:30:00	1.04086	1.0416	1.04062	1.0412	1321
2025-01-23 16:35:00	1.04119	1.04152	1.04063	1.04068	1455
2025-01-23 16:40:00	1.04069	1.04239	1.04034	1.04205	1867
2025-01-23 16:45:00	1.04207	1.0429	1.04203	1.04228	1995
2025-01-23 16:50:00	1.04227	1.04268	1.04123	1042	1436
2025-01-23 16:55:00	1.04201	1.04231	1.04158	1.04193	918
2025-01-23 17:00:00	1.0419	1.04206	1.04136	1.04192	1140
2025-01-23 17:05:00	1.04193	1.04239	1.04185	1.04192	722
2025-01-23 17:10:00	1.04191	1.04229	1.04189	1.04212	548
2025-01-23 17:15:00	1.04209	1.04212	1.04167	1.04181	727
2025-01-23 17:20:00	1.04181	1042	1.04169	1.04179	607
2025-01-23 17:25:00	1.04177	1.04183	1.04146	1.04159	518
2025-01-23 17:30:00	1.0416	1.04218	1.0416	1.04217	557
2025-01-23 17:35:00	1.04218	1.04267	1.04208	1.04262	734
2025-01-23 17:40:00	1.04261	1043	1.0426	1.04295	938
2025-01-23 17:45:00	1.04294	1.04345	1.04291	1.04344	1161
2025-01-23 17:50:00	1.04345	1.04366	1.04334	1.04344	1285
2025-01-23 17:55:00	1.04345	1.04378	1.04341	1.04351	1015
2025-01-23 18:00:00	1.04352	1.04356	1.04325	1.04338	637
2025-01-23 18:05:00	1.04339	1.04351	1.04312	1.04331	731
2025-01-23 18:10:00	1.0433	1.04363	1.04326	1.04351	812
2025-01-23 18:15:00	1.04352	1.04369	1.04318	1.0432	615
2025-01-23 18:20:00	1.0432	1.04323	1.04302	1.04315	955
2025-01-23 18:25:00	1.04314	1.04317	1.04271	1.04274	1218
2025-01-23 18:30:00	1.04273	1.04283	1.04241	1.04247	785
2025-01-23 18:35:00	1.04247	1.04274	1.04217	1.04272	407
2025-01-23 18:40:00	1.04269	1.04269	1.04231	1.04258	694
2025-01-23 18:45:00	1.04258	1.04277	1.04253	1.04263	642
2025-01-23 18:50:00	1.04262	1.04271	1.04241	1.04262	736
2025-01-23 18:55:00	1.04263	1.0427	1.04231	1.04238	614
2025-01-23 19:00:00	1.04237	1.04256	1.04208	1.04231	382
2025-01-23 19:05:00	1.04232	1.04246	1.04218	1.04218	309
2025-01-23 19:10:00	1.04217	1.04241	1.04203	1.04207	306
2025-01-23 19:15:00	1.04209	1.04228	1.04197	1.04222	274
2025-01-23 19:20:00	1.04221	1.04234	1.04208	1.04232	345
2025-01-23 19:25:00	1.04231	1.04257	1.04219	1.04233	567
2025-01-23 19:30:00	1.04234	1.04264	1.04224	1.04256	397
2025-01-23 19:35:00	1.04255	1.04261	1.04233	1.04235	416
2025-01-23 19:40:00	1.04234	1.04246	1.04203	1.04217	393
2025-01-23 19:45:00	1.04216	1.04227	1.0421	1.04222	319
2025-01-23 19:50:00	1.04223	1.04252	1.04214	1.0424	260
2025-01-23 19:55:00	1.0424	1.04252	1.0422	1.04227	589
2025-01-23 20:00:00	1.04227	1.04227	1.04186	1.04216	510
2025-01-23 20:05:00	1.04217	1.04249	1.04208	1.04243	279
2025-01-23 20:10:00	1.04242	1.0428	1.04242	1.04257	457
2025-01-23 20:15:00	1.04256	1.04287	1.04249	1.04264	433
2025-01-23 20:20:00	1.04263	1.04289	1.04255	1.04262	244
2025-01-23 20:25:00	1.04261	1.04262	1.04239	1.04257	502
2025-01-23 20:30:00	1.04256	1.04261	1.04204	1.04214	675
2025-01-23 20:35:00	1.04214	1.04217	1.04192	1.04198	524
2025-01-23 20:40:00	1.04198	1.04198	1.04163	1.04174	477
2025-01-23 20:45:00	1.04175	1.04198	1.04174	1.04184	675
2025-01-23 20:50:00	1.04184	1.04189	1.04158	1.04175	606
2025-01-23 20:55:00	1.04175	1.04177	1.04161	1.04172	419
2025-01-23 21:00:00	1.04172	1.04189	1.04148	1.04187	557
2025-01-23 21:05:00	1.04188	1.04191	1.04156	1.0416	353
2025-01-23 21:10:00	1.0416	1.04161	1.04136	1.04144	220
2025-01-23 21:15:00	1.04144	1.04151	1.04128	1.04151	130
2025-01-23 21:20:00	1.0415	1.04177	1.0415	1.04161	113
2025-01-23 21:25:00	1.0416	1.04165	1.04126	1.04143	268
2025-01-23 21:30:00	1.04144	1.04176	1.04143	1.04175	202
2025-01-23 21:35:00	1.04175	1.04179	1.04166	1.04172	103
2025-01-23 21:40:00	1.04169	1.04169	1.04157	1.04158	89
2025-01-23 21:45:00	1.04157	1.04162	1.04147	1.04148	94
2025-01-23 21:50:00	1.04147	1.04154	1.04145	1.04149	61
2025-01-23 21:55:00	1.0415	1.04153	1.04132	1.04148	768
2025-01-23 22:00:00	1.0414	1.04152	1.0414	1.04149	30
2025-01-23 22:05:00	1.04146	1.04179	1.04146	1.04159	61
2025-01-23 22:10:00	1.04162	1.04163	1.04154	1.04158	93
2025-01-23 22:15:00	1.04156	1.04162	1.04154	1.04157	48
2025-01-23 22:20:00	1.04157	1.04169	1.04154	1.04154	64
2025-01-23 22:25:00	1.04154	1.04168	1.04154	1.0416	123
2025-01-23 22:30:00	1.0416	1.04171	1.04154	1.04169	84
2025-01-23 22:35:00	1.04168	1.04171	1.04158	1.04168	138
2025-01-23 22:40:00	1.04168	1.04176	1.04165	1.04165	66
2025-01-23 22:45:00	1.04166	1.04171	1.04138	1.04138	164
2025-01-23 22:50:00	1.04142	1.04145	1.04131	1.04131	123
2025-01-23 22:55:00	1.04135	1.04173	1.04131	1.04163	345
2025-01-23 23:00:00	1.04166	1.04175	1.04143	1.0417	183
2025-01-23 23:05:00	1.04169	1.04169	1.04145	1.04145	111
2025-01-23 23:10:00	1.04147	1.04158	1.04145	1.04148	96
2025-01-23 23:15:00	1.04151	1.04157	1.04146	1.04156	104
2025-01-23 23:20:00	1.04156	1.04162	1.04152	1.04161	127
2025-01-23 23:25:00	1.04161	1.04168	1.04158	1.04158	117
2025-01-23 23:30:00	1.04158	1.04166	1.04157	1.04165	75
2025-01-23 23:35:00	1.04165	1.04167	1.04151	1.04151	99
2025-01-23 23:40:00	1.04151	1.04153	1.04145	1.04152	112
2025-01-23 23:45:00	1.04152	1.04153	1.04144	1.04148	105
2025-01-23 23:50:00	1.04148	1.04154	1.04146	1.04146	109
2025-01-23 23:55:00	1.04147	1.04166	1.04145	1.04156	208
2025-01-24 00:00:00	1.04155	1.04162	1.04133	1.04162	323
2025-01-24 00:05:00	1.04161	1.04184	1.04161	1.04183	234
2025-01-24 00:10:00	1.04181	1.04196	1.0418	1.04196	190
2025-01-24 00:15:00	1.04197	1.04197	1.04169	1.04174	315
2025-01-24 00:20:00	1.04175	1.04197	1.04172	1.04195	250
2025-01-24 00:25:00	1.04196	1.04197	1.04178	1.04185	222
2025-01-24 00:30:00	1.04186	1.04211	1.04181	1.04204	394
2025-01-24 00:35:00	1.04203	1.04206	1.04188	1.04193	171
2025-01-24 00:40:00	1.04192	1.04215	1.04187	1.04215	127
2025-01-24 00:45:00	1.04215	1.0423	1.04203	1.04206	297
2025-01-24 00:50:00	1.04206	1.04215	1.04172	1.04192	666
2025-01-24 00:55:00	1.04193	1.04197	1.04168	1.0419	344
2025-01-24 01:00:00	1.04192	1.04196	1.04174	1.04181	364
2025-01-24 01:05:00	1.04183	1.04187	1.04171	1.04183	347
2025-01-24 01:10:00	1.04184	1.04196	1.0417	1.04189	436
2025-01-24 01:15:00	1.0419	1.04201	1.04184	1.04201	560
2025-01-24 01:20:00	1042	1.04201	1.0417	1.04172	471
2025-01-24 01:25:00	1.04172	1.04184	1.04165	1.04165	429
2025-01-24 01:30:00	1.04164	1.0417	1.04153	1.04156	619
2025-01-24 01:35:00	1.04156	1.0416	1.04126	1.04132	571
2025-01-24 01:40:00	1.04132	1.0416	1.0413	1.04159	466
2025-01-24 01:45:00	1.04159	1.04166	1.04137	1.04146	273
2025-01-24 01:50:00	1.04147	1.0415	1.04115	1.04127	472
2025-01-24 01:55:00	1.04126	1.0416	1.04125	1.04157	301
2025-01-24 02:00:00	1.04158	1.0419	1.04158	1.04181	434
2025-01-24 02:05:00	1.04182	1.04193	1.04167	1.0418	324
2025-01-24 02:10:00	1.04179	1.04327	1.04169	1.04308	887
2025-01-24 02:15:00	1.04311	1.04407	1.04311	1.04388	1595
2025-01-24 02:20:00	1.04388	1.0442	1.04326	1.04341	1319
2025-01-24 02:25:00	1.0434	1.04357	1.04296	1.04355	906
2025-01-24 02:30:00	1.04354	1.04391	1.04345	1.04387	889
2025-01-24 02:35:00	1.04388	1.04431	1.04387	1.04398	709
2025-01-24 02:40:00	1044	1.0448	1044	1.04475	914
2025-01-24 02:45:00	1.04476	1.04489	1.04461	1.04485	578
2025-01-24 02:50:00	1.04487	1.04489	1.04455	1.04462	687
2025-01-24 02:55:00	1.04459	1.04489	1.04452	1.04486	1016
2025-01-24 03:00:00	1.04485	1.04537	1.04481	1.04533	1231
2025-01-24 03:05:00	1.04534	1.04534	1.04467	1.04467	1072
2025-01-24 03:10:00	1.04467	1.04475	1.04441	1.0445	869
2025-01-24 03:15:00	1.04449	1.0445	1.04401	1.04406	575
2025-01-24 03:20:00	1.04406	1.04442	1.04364	1.04385	1324
2025-01-24 03:25:00	1.04385	1.04417	1.04373	1.04407	1221
2025-01-24 03:30:00	1.04408	1.0442	1.04385	1.04387	1124
2025-01-24 03:35:00	1.04387	1.04452	1.04381	1.04452	686
2025-01-24 03:40:00	1.04451	1.04454	1.04408	1.04429	744
2025-01-24 03:45:00	1.04431	1.0447	1.04423	1.04467	740
2025-01-24 03:50:00	1.04467	1.04498	1.04457	1.0449	633
2025-01-24 03:55:00	1.0449	1.04494	1.04457	1.0446	532
2025-01-24 04:00:00	1.04459	1.04464	1.04441	1.04449	588
2025-01-24 04:05:00	1.04448	1.04487	1.04446	1.04487	616
2025-01-24 04:10:00	1.04487	1045	1.04479	1045	644
2025-01-24 04:15:00	1045	1.04503	1.04466	1.04467	656
2025-01-24 04:20:00	1.04466	1.04489	1.04451	1.04465	543
2025-01-24 04:25:00	1.04464	1.04487	1.04443	1.04486	536
2025-01-24 04:30:00	1.04488	1.04494	1.04473	1.04479	229
2025-01-24 04:35:00	1.0448	1.04513	1.04478	1.04499	374
2025-01-24 04:40:00	1045	1045	1.04441	1.04446	513
2025-01-24 04:45:00	1.04446	1.04454	1.04434	1.04453	289
2025-01-24 04:50:00	1.04454	1.04476	1.04454	1.04468	339
2025-01-24 04:55:00	1.04467	1.04476	1.04466	1.04472	279
2025-01-24 05:00:00	1.04471	1.04516	1.04471	1.04514	440
2025-01-24 05:05:00	1.04513	1.04531	1.04507	1.04523	396
2025-01-24 05:10:00	1.04523	1.04537	1.04511	1.04512	443
2025-01-24 05:15:00	1.04512	1.04512	1.04475	1.04486	358
2025-01-24 05:20:00	1.04487	1.04502	1.04474	1.04474	307
2025-01-24 05:25:00	1.04475	1.04484	1.04456	1.04456	552
2025-01-24 05:30:00	1.04455	1.04463	1.04436	1.04452	494
2025-01-24 05:35:00	1.04451	1.04462	1.04441	1.04457	305
2025-01-24 05:40:00	1.04457	1.04483	1.04452	1.04472	323
2025-01-24 05:45:00	1.04473	1.04483	1.04467	1.04478	284
2025-01-24 05:50:00	1.04478	1.04505	1.04463	1.04474	441
2025-01-24 05:55:00	1.04474	1.04513	1.04467	1.04513	467
2025-01-24 06:00:00	1.04512	1.04521	1.04492	1.04509	500
2025-01-24 06:05:00	1.04508	1.04536	1.04508	1.04528	287
2025-01-24 06:10:00	1.04527	1.04544	1.0452	1.04524	597
2025-01-24 06:15:00	1.04524	1.04563	1.04514	1.04562	516
2025-01-24 06:20:00	1.04561	1.04581	1.0454	1.04548	565
2025-01-24 06:25:00	1.04549	1.04572	1.04542	1.04551	470
2025-01-24 06:30:00	1.04549	1.04584	1.04521	1.0458	614
2025-01-24 06:35:00	1.04579	1.04708	1.04558	1.04675	1345
2025-01-24 06:40:00	1.04679	1.04695	1.04642	1.04654	1242
2025-01-24 06:45:00	1.04652	1.04675	1.0462	1.0463	964
2025-01-24 06:50:00	1.04629	1.04664	1046	1.04609	831
2025-01-24 06:55:00	1.04609	1.04609	1.04551	1.04572	1009
2025-01-24 07:00:00	1.04572	1.0458	1.04535	1.04536	1344
2025-01-24 07:05:00	1.04536	1.04544	1.04502	1.04509	1125
2025-01-24 07:10:00	1.04509	1.04534	1.04476	1.04476	1165
2025-01-24 07:15:00	1.04475	1.0453	1.04471	1.04522	977
2025-01-24 07:20:00	1.04521	1.04556	1.04511	1.04551	999
2025-01-24 07:25:00	1.04551	1.04576	1.04522	1.04531	821
2025-01-24 07:30:00	1.04531	1.04548	1.04509	1.04512	728
2025-01-24 07:35:00	1.0451	1.04516	1.04474	1.04504	618
2025-01-24 07:40:00	1.04504	1.04546	1.04499	1.04528	795
2025-01-24 07:45:00	1.04527	1.04589	1.04526	1.04581	753
2025-01-24 07:50:00	1.04581	1.04619	1.04572	1.04608	714
2025-01-24 07:55:00	1.0461	1.04647	1.04593	1.04608	1071
2025-01-24 08:00:00	1.04608	1.04647	1.04577	1.04647	1237
2025-01-24 08:05:00	1.04646	1.04705	1.0463	1047	1290
2025-01-24 08:10:00	1.04699	1.04844	1.04698	1.04762	1878
2025-01-24 08:15:00	1.04784	1.04891	1.04761	1.04766	1650
2025-01-24 08:20:00	1.04767	1.04789	1.04717	1.04727	1472
2025-01-24 08:25:00	1.04726	1.04811	1.04719	1.04782	1185
2025-01-24 08:30:00	1.04795	1.04932	1.04795	1.04897	1896
2025-01-24 08:35:00	1.04896	1.04938	1.0486	1.04869	1691
2025-01-24 08:40:00	1.04868	1049	1.04839	1.04896	1236
2025-01-24 08:45:00	1.04897	1.04942	1.04845	1.04937	951
2025-01-24 08:50:00	1.04937	1.04952	1.04887	1.04909	1307
2025-01-24 08:55:00	1.04909	1.04943	1.04879	1.04931	863
2025-01-24 09:00:00	1.04931	1.05005	1.04915	1.04945	1772
2025-01-24 09:05:00	1.04943	1.0499	1.04925	1.04984	1591
2025-01-24 09:10:00	1.04984	1.04986	1.04913	1.04955	1775
2025-01-24 09:15:00	1.04955	1.05039	1.0494	1.05029	1783
2025-01-24 09:20:00	1.0503	1.0515	1.05029	1.05141	1716
2025-01-24 09:25:00	1.0514	1.05141	1.05043	1.05064	1636
2025-01-24 09:30:00	1.05069	1.05089	1.05036	1.05037	1069
2025-01-24 09:35:00	1.05036	1.05051	1.0497	1.04988	1274
2025-01-24 09:40:00	1.04989	1.0501	1.04956	1.04956	990
2025-01-24 09:45:00	1.04958	1.04963	1.04908	1.0491	923
2025-01-24 09:50:00	1.0491	1.04959	1.04907	1.04931	706
2025-01-24 09:55:00	1.0493	1.04963	1.04924	1.04942	781
2025-01-24 10:00:00	1.04944	1.04951	1.04911	1.04944	753
2025-01-24 10:05:00	1.04943	1.04946	1.0491	1.04944	805
2025-01-24 10:10:00	1.04943	1.04977	1.04924	1.04952	640
2025-01-24 10:15:00	1.04951	1.04966	1.04892	1.04915	519
2025-01-24 10:20:00	1.04915	1.04926	1.0486	1.04901	725
2025-01-24 10:25:00	1.04902	1.04951	1.04901	1.04923	722
2025-01-24 10:30:00	1.04924	1.04949	1.04901	1.04911	1197
2025-01-24 10:35:00	1.04912	1.04945	1.04869	1.04874	1090
2025-01-24 10:40:00	1.04873	1.04896	1.04864	1.04895	650
2025-01-24 10:45:00	1.04896	1.04901	1.04863	1.04892	521
2025-01-24 10:50:00	1.04891	1.04907	1.0487	1.04886	711
2025-01-24 10:55:00	1.04886	1.04906	1.04865	1.0489	521
2025-01-24 11:00:00	1.04891	1049	1.04878	1.04885	354
2025-01-24 11:05:00	1.04889	1.0493	1.04864	1.04871	579
2025-01-24 11:10:00	1.04872	1.0492	1.04871	1.04907	524
2025-01-24 11:15:00	1.04908	1.04911	1.04877	1.04886	446
2025-01-24 11:20:00	1.04888	1.04906	1.04881	1.04881	403
2025-01-24 11:25:00	1.04883	1.04911	1.04871	1.0488	620
2025-01-24 11:30:00	1.0488	1.0488	1.04813	1.04813	852
2025-01-24 11:35:00	1.04813	1.04859	1.04811	1.04845	506
2025-01-24 11:40:00	1.04843	1.0485	1.04826	1.04828	519
2025-01-24 11:45:00	1.04829	1.04883	1.04826	1.0488	593
2025-01-24 11:50:00	1.04879	1.04895	1.04866	1.04883	540
2025-01-24 11:55:00	1.04883	1.04884	1.04829	1.04859	576
2025-01-24 12:00:00	1.04858	1.04858	1.04818	1.04825	534
2025-01-24 12:05:00	1.04827	1.0484	1.04786	1.04793	649
2025-01-24 12:10:00	1.04798	1.04816	1.04779	1.04794	595
2025-01-24 12:15:00	1.04794	1.0484	1.04794	1.0484	434
2025-01-24 12:20:00	1.0484	1.04843	1.04813	1.0483	689
2025-01-24 12:25:00	1.04831	1.04872	1.04813	1.04866	766
2025-01-24 12:30:00	1.04867	1.04875	1.04843	1.04859	528
2025-01-24 12:35:00	1.04859	1.04866	1.04818	1.0482	618
2025-01-24 12:40:00	1.0482	1.04837	1.04813	1.04818	490
2025-01-24 12:45:00	1.04819	1.0482	1.04759	1.04763	590
2025-01-24 12:50:00	1.04763	1.04778	1.04734	1.04741	762
2025-01-24 12:55:00	1.0474	1.04773	1.04732	1.04736	1411
2025-01-24 13:00:00	1.04737	1.04792	1.04722	1.0479	1305
2025-01-24 13:05:00	1.0479	1.04797	1.04692	1.04714	1068
2025-01-24 13:10:00	1.04718	1.04748	1.04706	1.04729	1103
2025-01-24 13:15:00	1.04728	1.04764	1.04664	1.04672	1156
2025-01-24 13:20:00	1.04674	1.04707	1.04665	1.04695	931
2025-01-24 13:25:00	1.04698	1.04702	1.0466	1.04667	652
2025-01-24 13:30:00	1.04666	1.04695	1.04661	1.04666	608
2025-01-24 13:35:00	1.04666	1.04677	1.04636	1.04661	668
2025-01-24 13:40:00	1.04662	1.04705	1.04647	1.04703	607
2025-01-24 13:45:00	1.04701	1.04726	1.04693	1.04722	668
2025-01-24 13:50:00	1.04721	1.04731	1.04673	1.04679	784
2025-01-24 13:55:00	1.04682	1.04698	1.04671	1.04685	541
2025-01-24 14:00:00	1.04683	1.04702	1.04671	1.04687	713
2025-01-24 14:05:00	1.04693	1.04743	1.04673	1.04738	789
2025-01-24 14:10:00	1.04739	1.0475	1.04712	1.04736	741
2025-01-24 14:15:00	1.04736	1.04762	1.04724	1.0474	740
2025-01-24 14:20:00	1.04741	1.04754	1.04718	1.04751	642
2025-01-24 14:25:00	1.04755	1.04776	1.04731	1.04752	743
2025-01-24 14:30:00	1.04753	1.04829	1.04753	1.04807	1597
2025-01-24 14:35:00	1.04807	1.04807	1.04723	1.04757	1826
2025-01-24 14:40:00	1.04756	1.04781	1.04726	1.0477	1217
2025-01-24 14:45:00	1.04841	1.0493	1.04815	1.04846	2264
2025-01-24 14:50:00	1.04849	1049	1.04826	1.04875	1429
2025-01-24 14:55:00	1.04874	1.0494	1.04872	1.04916	2092
2025-01-24 15:00:00	1.04916	1.04993	1.04894	1.04975	1688
2025-01-24 15:05:00	1.04978	1.05112	1.04966	1.05079	1721
2025-01-24 15:10:00	1.05078	1.05091	1.05012	1.05018	1764
2025-01-24 15:15:00	1.05017	1.05017	1.04974	1.04984	1398
2025-01-24 15:20:00	1.04984	1.05086	1.04984	1.05064	1396
2025-01-24 15:25:00	1.05063	1.05066	1.05	1.05019	1599
2025-01-24 15:30:00	1.05021	1.05055	1.05009	1.05044	1256
2025-01-24 15:35:00	1.05043	1.05083	1.05018	1.05076	1693
2025-01-24 15:40:00	1.05075	1.05117	1.05075	1.05098	1245
2025-01-24 15:45:00	1.05102	1.05131	1.05044	1.05115	1441
2025-01-24 15:50:00	1.05117	1.05206	1.05112	1.05169	2100
2025-01-24 15:55:00	1.05172	1.0519	1.0515	1.05162	2217
2025-01-24 16:00:00	1.05162	1.05203	1.05145	1.05162	2507
2025-01-24 16:05:00	1.05162	1.0517	1.05115	1.05142	1576
2025-01-24 16:10:00	1.05143	1.05167	1.05117	1.05142	1247
2025-01-24 16:15:00	1.05142	1.05145	1.05089	1.05109	1240
2025-01-24 16:20:00	1.05107	1.05147	1.05102	1.05143	1020
2025-01-24 16:25:00	1.05145	1.05151	1.05117	1.05137	1186
2025-01-24 16:30:00	1.05136	1.0517	1.05134	1.05144	912
2025-01-24 16:35:00	1.05146	1.05155	1.05114	1.0513	718
2025-01-24 16:40:00	1.05129	1.05168	1.05125	1.05135	592
2025-01-24 16:45:00	1.05134	1.05169	1.05102	1.0511	872
2025-01-24 16:50:00	1.0511	1.05136	1.05054	1.05116	1151
2025-01-24 16:55:00	1.05117	1.05148	1.05106	1.05145	848
2025-01-24 17:00:00	1.05143	1.05154	1.05125	1.05148	856
2025-01-24 17:05:00	1.05149	1.05193	1.05137	1.05193	959
2025-01-24 17:10:00	1.05194	1052	1.05162	1.0519	793
2025-01-24 17:15:00	1.0519	1.05213	1.05178	1.05197	504
2025-01-24 17:20:00	1.05195	1.05209	1.05174	1.05174	757
2025-01-24 17:25:00	1.05173	1.05175	1.05124	1.05126	678
2025-01-24 17:30:00	1.05128	1.05153	1.05118	1.05153	494
2025-01-24 17:35:00	1.05158	1.05178	1.05142	1.05155	578
2025-01-24 17:40:00	1.05155	1.05167	1.05139	1.05152	508
2025-01-24 17:45:00	1.05152	1.05155	1.05106	1.05107	802
2025-01-24 17:50:00	1.05108	1.05123	1.05097	1.0512	506
2025-01-24 17:55:00	1.05118	1.05133	1.05109	1.05109	779
2025-01-24 18:00:00	1.05109	1.05118	1.05073	1.05079	604
2025-01-24 18:05:00	1.05078	1.05096	1.05065	1.05066	382
2025-01-24 18:10:00	1.05068	1.05094	1.05058	1.05088	450
2025-01-24 18:15:00	1.0509	1.05093	1.05043	1.05046	375
2025-01-24 18:20:00	1.05047	1.05048	1.05016	1.05048	477
2025-01-24 18:25:00	1.05047	1.05047	1.05022	1.05026	444
2025-01-24 18:30:00	1.05028	1.05041	1.05018	1.05018	312
2025-01-24 18:35:00	1.05019	1.05028	1.04988	1.05001	398
2025-01-24 18:40:00	1.05	1.05001	1.04977	1.04979	172
2025-01-24 18:45:00	1.04979	1.04981	1.04957	1.04969	372
2025-01-24 18:50:00	1.04969	1.04971	1.04939	1.04962	570
2025-01-24 18:55:00	1.04964	1.04966	1.0494	1.0495	479
2025-01-24 19:00:00	1.04952	1.04956	1.04925	1.04928	415
2025-01-24 19:05:00	1.04929	1.04935	1.04924	1.04932	330
2025-01-24 19:10:00	1.04931	1.04947	1.0492	1.04947	357
2025-01-24 19:15:00	1.04949	1.04952	1.04935	1.04944	368
2025-01-24 19:20:00	1.04944	1.04947	1.04939	1.04942	265
2025-01-24 19:25:00	1.04942	1.04952	1.04935	1.04949	269
2025-01-24 19:30:00	1.0495	1.04979	1.0495	1.04964	241
2025-01-24 19:35:00	1.04964	1.04985	1.04954	1.04956	476
2025-01-24 19:40:00	1.04956	1.04971	1.04951	1.04964	418
2025-01-24 19:45:00	1.04963	1.0497	1.04949	1.04958	255
2025-01-24 19:50:00	1.04957	1.04961	1.0492	1.04941	242
2025-01-24 19:55:00	1.04944	1.04956	1.04928	1.04952	462
2025-01-24 20:00:00	1.04952	1.04952	1.04908	1.04917	350
2025-01-24 20:05:00	1.04916	1.04926	1.04903	1.04924	292
2025-01-24 20:10:00	1.04924	1.04945	1.04921	1.04941	240
2025-01-24 20:15:00	1.04944	1.04958	1.04944	1.04947	218
2025-01-24 20:20:00	1.04946	1.04961	1.04945	1.04948	291
2025-01-24 20:25:00	1.04949	1.04951	1.04923	1.04936	334
2025-01-24 20:30:00	1.04937	1.0494	1.04901	1.04902	191
2025-01-24 20:35:00	1.04901	1.04907	1.04881	1.04885	303
2025-01-24 20:40:00	1.04885	1.04905	1.04881	1.04905	239
2025-01-24 20:45:00	1.04904	1.0491	1.0489	1049	282
2025-01-24 20:50:00	1.04901	1.04932	1.04901	1.04919	339
2025-01-24 20:55:00	1.04918	1.04951	1.04916	1.04945	231
2025-01-24 21:00:00	1.04948	1.04965	1.04942	1.04963	233
2025-01-24 21:05:00	1.04963	1.04966	1.04956	1.04965	125
2025-01-24 21:10:00	1.04963	1.04972	1.0496	1.04966	124
2025-01-24 21:15:00	1.0497	1.0497	1.04954	1.04963	68
2025-01-24 21:20:00	1.04961	1.04961	1.0496	1.0496	29
2025-01-24 21:25:00	1.04959	1.0496	1.04936	1.04944	77
2025-01-24 21:30:00	1.04942	1.04949	1.04932	1.04944	163
2025-01-24 21:35:00	1.04942	1.04956	1.04936	1.04953	129
2025-01-24 21:40:00	1.04954	1.04959	1.04946	1.04957	118
2025-01-24 21:45:00	1.04957	1.04962	1.04945	1.04949	183
2025-01-24 21:50:00	1.04948	1.04961	1.04942	1.04956	260
2025-01-24 21:55:00	1.04956	1.04961	1.04891	1.04919	1105
2025-01-26 22:00:00	1.04763	1.04802	1.04753	1.04794	33
2025-01-26 22:05:00	1.04797	1.04802	1.04794	1.04795	33
2025-01-26 22:10:00	1.04795	1.0481	1.04791	1.0481	185
2025-01-26 22:15:00	1.0481	1.04823	1.0481	1.04821	186
2025-01-26 22:20:00	1.04824	1.04836	1.0482	1.04834	63
2025-01-26 22:25:00	1.04834	1.04838	1.0482	1.04832	21
2025-01-26 22:30:00	1.04832	1.04839	1.04829	1.04836	96
2025-01-26 22:35:00	1.04835	1.04846	1.04824	1.04825	214
2025-01-26 22:40:00	1.04824	1.04827	1.04823	1.04824	41
2025-01-26 22:45:00	1.04827	1.04829	1.0482	1.04825	123
2025-01-26 22:50:00	1.04826	1.0483	1.04823	1.04823	74
2025-01-26 22:55:00	1.04823	1.04831	1.0482	1.0482	88
2025-01-26 23:00:00	1.04826	1.04851	1.04764	1.04776	665
2025-01-26 23:05:00	1.04776	1.04788	1.04748	1.04753	532
2025-01-26 23:10:00	1.04754	1.04786	1.04748	1.04754	376
2025-01-26 23:15:00	1.04758	1.04766	1.04731	1.04734	257
2025-01-26 23:20:00	1.04735	1.0475	1.04725	1.04725	278
2025-01-26 23:25:00	1.04725	1.04726	1.04704	1.04724	385
2025-01-26 23:30:00	1.04723	1.04725	1.04684	1.04707	348
2025-01-26 23:35:00	1.04707	1.04726	1.04707	1.04725	180
2025-01-26 23:40:00	1.04724	1.04731	1.04713	1.04721	147
2025-01-26 23:45:00	1.04721	1.04721	1.04672	1.04684	202
2025-01-26 23:50:00	1.04684	1.04688	1.04672	1.04675	190
2025-01-26 23:55:00	1.04675	1.04677	1.04651	1.04673	215
2025-01-27 00:00:00	1.04673	1.04684	1.04653	1.04664	621
2025-01-27 00:05:00	1.04665	1.04673	1.04652	1.04653	460
2025-01-27 00:10:00	1.04656	1.04675	1.04654	1.04671	340
2025-01-27 00:15:00	1.04671	1.04711	1.04666	1.04704	476
2025-01-27 00:20:00	1.04704	1.04745	1.04702	1.04741	460
2025-01-27 00:25:00	1.04744	1.04746	1.04732	1.04741	392
2025-01-27 00:30:00	1.0474	1.04762	1.04725	1.04738	374
2025-01-27 00:35:00	1.04737	1.0475	1.04726	1.0473	319
2025-01-27 00:40:00	1.04728	1.04732	1.04706	1.04721	372
2025-01-27 00:45:00	1.04721	1.04741	1.04713	1.04732	286
2025-01-27 00:50:00	1.04731	1.04754	1.04728	1.04749	420
2025-01-27 00:55:00	1.04747	1.04749	1.04723	1.04727	414
2025-01-27 01:00:00	1.04726	1.04772	1.0472	1.04756	575
2025-01-27 01:05:00	1.04757	1.04776	1.04741	1.04766	569
2025-01-27 01:10:00	1.04766	1.04787	1.04761	1.04774	491
2025-01-27 01:15:00	1.04775	1.0478	1.04745	1.04766	710
2025-01-27 01:20:00	1.04766	1.04774	1.04754	1.04754	693
2025-01-27 01:25:00	1.04754	1.04758	1.04713	1.0472	667
2025-01-27 01:30:00	1.04721	1.04721	1.04677	1047	731
2025-01-27 01:35:00	1047	1.04703	1.04635	1.04635	785
2025-01-27 01:40:00	1.04634	1.0467	1.04621	1.0465	602
2025-01-27 01:45:00	1.04649	1.04663	1.04629	1.04642	668
2025-01-27 01:50:00	1.04645	1.04648	1.0461	1.04616	485
2025-01-27 01:55:00	1.04618	1.04633	1.04613	1.04628	410
2025-01-27 02:00:00	1.04627	1.04653	1.04626	1.04639	332
2025-01-27 02:05:00	1.04639	1.04644	1.04622	1.04627	462
2025-01-27 02:10:00	1.04627	1.04627	1046	1.04609	354
2025-01-27 02:15:00	1.04609	1.04615	1.04598	1.04611	388
2025-01-27 02:20:00	1.0461	1.04635	1.04607	1.04624	672
2025-01-27 02:25:00	1.04625	1.04625	1.04611	1.04621	355
2025-01-27 02:30:00	1.04623	1.04623	1.04589	1.04617	357
2025-01-27 02:35:00	1.04616	1.04626	1.04588	1.04612	234
2025-01-27 02:40:00	1.04613	1.04634	1.04611	1.04632	394
2025-01-27 02:45:00	1.04631	1.04643	1.04617	1.04642	400
2025-01-27 02:50:00	1.04642	1.0466	1.04637	1.04657	388
2025-01-27 02:55:00	1.04656	1.04665	1.04645	1.04659	189
2025-01-27 03:00:00	1.04659	1.04666	1.04639	1.04666	356
2025-01-27 03:05:00	1.04668	1.04669	1.04642	1.04645	356
2025-01-27 03:10:00	1.04645	1.04714	1.04632	1.04714	675
2025-01-27 03:15:00	1.04714	1.04774	1.04701	1.04702	854
2025-01-27 03:20:00	1.04702	1.0472	1.04681	1.04692	354
2025-01-27 03:25:00	1.04694	1.04717	1.0469	1.04702	446
2025-01-27 03:30:00	1.04702	1.04716	1.04675	1.04677	593
2025-01-27 03:35:00	1.04676	1.04682	1.04659	1.04671	490
2025-01-27 03:40:00	1.04669	1.04688	1.04665	1.04673	418
2025-01-27 03:45:00	1.04673	1.04676	1.04642	1.04642	296
2025-01-27 03:50:00	1.04641	1.04691	1.04638	1.04687	310
2025-01-27 03:55:00	1.04687	1.04695	1.04676	1.04684	294
2025-01-27 04:00:00	1.04685	1.04688	1.04663	1.04673	176
2025-01-27 04:05:00	1.04674	1.04687	1.04672	1.04676	257
2025-01-27 04:10:00	1.04675	1.04682	1.0466	1.04662	408
2025-01-27 04:15:00	1.04661	1.04665	1.04646	1.0466	312
2025-01-27 04:20:00	1.0466	1.04671	1.04643	1.04644	393
2025-01-27 04:25:00	1.04644	1.04644	1.04628	1.04632	463
2025-01-27 04:30:00	1.04632	1.04632	1.04602	1.04603	602
2025-01-27 04:35:00	1.04603	1.04618	1.04598	1.04609	499
2025-01-27 04:40:00	1.04608	1.04637	1.04608	1.04637	336
2025-01-27 04:45:00	1.04639	1.04656	1.04638	1.04639	284
2025-01-27 04:50:00	1.0464	1.04645	1.04633	1.04637	221
2025-01-27 04:55:00	1.04639	1.04646	1.04631	1.04632	297
2025-01-27 05:00:00	1.04632	1.04632	1.04602	1.04602	505
2025-01-27 05:05:00	1.04603	1.0461	1.04577	1.0458	589
2025-01-27 05:10:00	1.04581	1.04582	1.04562	1.04571	620
2025-01-27 05:15:00	1.04572	1.04585	1.04558	1.04561	699
2025-01-27 05:20:00	1.04561	1.04582	1.04558	1.04565	560
2025-01-27 05:25:00	1.04567	1.04594	1.04565	1.04588	629
2025-01-27 05:30:00	1.04589	1.04604	1.04577	1.04601	446
2025-01-27 05:35:00	1046	1.04606	1.04584	1.04594	666
2025-01-27 05:40:00	1.04595	1.04611	1.04591	1.04604	361
2025-01-27 05:45:00	1.04604	1.04635	1.04604	1.0463	274
2025-01-27 05:50:00	1.0463	1.04645	1.04624	1.04639	374
2025-01-27 05:55:00	1.0464	1.04643	1.04612	1.04628	293
2025-01-27 06:00:00	1.04628	1.04637	1.0461	1.04624	356
2025-01-27 06:05:00	1.04625	1.04628	1.04585	1.04596	297
2025-01-27 06:10:00	1.04595	1.04617	1.04589	1.04617	276
2025-01-27 06:15:00	1.04618	1.04623	1.04601	1.04622	444
2025-01-27 06:20:00	1.04621	1.04631	1.04614	1.04629	308
2025-01-27 06:25:00	1.0463	1.04653	1.04627	1.04637	623
2025-01-27 06:30:00	1.04636	1.04638	1.04606	1.04618	356
2025-01-27 06:35:00	1.04619	1.0463	1.04604	1.04627	368
2025-01-27 06:40:00	1.04628	1.04636	1.04585	1.04585	732
2025-01-27 06:45:00	1.04585	1.0459	1.04569	1.04577	784
2025-01-27 06:50:00	1.04577	1.04606	1.04577	1.04592	387
2025-01-27 06:55:00	1.04592	1046	1.04579	1.04591	425
2025-01-27 07:00:00	1.04593	1.04622	1.0458	1.04604	571
2025-01-27 07:05:00	1.04604	1.04611	1.04539	1.04539	932
2025-01-27 07:10:00	1.04539	1.04569	1.04539	1.04563	977
2025-01-27 07:15:00	1.04562	1.04574	1.04543	1.04559	1043
2025-01-27 07:20:00	1.04558	1.04605	1.04548	1.04583	1090
2025-01-27 07:25:00	1.04583	1.04636	1.0458	1.04616	1004
2025-01-27 07:30:00	1.04617	1.04656	1.04602	1.04649	821
2025-01-27 07:35:00	1.0465	1.04666	1.0464	1.04661	775
2025-01-27 07:40:00	1.04661	1.04711	1.04654	1.04704	815
2025-01-27 07:45:00	1.04702	1.04708	1.04675	1.04684	863
2025-01-27 07:50:00	1.04683	1.04684	1.04649	1.0465	937
2025-01-27 07:55:00	1.0465	1.04654	1.0456	1.0457	937
2025-01-27 08:00:00	1.04568	1.04644	1.04543	1.04639	1550
2025-01-27 08:05:00	1.0464	1.04657	1.04621	1.04656	1129
2025-01-27 08:10:00	1.04657	1.04724	1.04647	1.04715	1067
2025-01-27 08:15:00	1.04716	1.04751	1.04707	1.04745	1155
2025-01-27 08:20:00	1.04746	1.04761	1.04689	1.04754	1430
2025-01-27 08:25:00	1.04754	1.04776	1.04725	1.04728	2569
2025-01-27 08:30:00	1.04726	1.04757	1.04712	1.04745	1826
2025-01-27 08:35:00	1.04745	1.04776	1.04741	1.04746	859
2025-01-27 08:40:00	1.04747	1.0479	1.04744	1.04784	910
2025-01-27 08:45:00	1.04785	1.04822	1.04784	1.04811	980
2025-01-27 08:50:00	1.04812	1.04847	1.04778	1.04836	1103
2025-01-27 08:55:00	1.04837	1.04886	1.04832	1.04873	1128
2025-01-27 09:00:00	1.04874	1.04903	1.04808	1.04808	1292
2025-01-27 09:05:00	1.04808	1.04846	1.04798	1.04841	1149
2025-01-27 09:10:00	1.04841	1.04928	1.04839	1.04914	3251
2025-01-27 09:15:00	1.04914	1.04936	1.04834	1.04843	2300
2025-01-27 09:20:00	1.04844	1.04853	1.04778	1.04804	1232
2025-01-27 09:25:00	1.04804	1.04828	1.0478	1.04825	1646
2025-01-27 09:30:00	1.04827	1.04844	1.04755	1.04755	1108
2025-01-27 09:35:00	1.04754	1.04813	1.04751	1.04811	1861
2025-01-27 09:40:00	1.04811	1.04846	1.04798	1.04837	880
2025-01-27 09:45:00	1.04838	1.04843	1.04798	1.04834	628
2025-01-27 09:50:00	1.04834	1.04888	1.04821	1.04884	959
2025-01-27 09:55:00	1.04884	1.04895	1.04865	1.04886	998
2025-01-27 10:00:00	1.04886	1.04974	1.04886	1.04974	2232
2025-01-27 10:05:00	1.04974	1.0502	1.04935	1.0502	1115
2025-01-27 10:10:00	1.0502	1.0502	1.04931	1.04936	2620
2025-01-27 10:15:00	1.04935	1.04968	1.04922	1.04932	1356
2025-01-27 10:20:00	1.04932	1.04956	1.04916	1.04945	1129
2025-01-27 10:25:00	1.04944	1.04988	1.04924	1.04962	1321
2025-01-27 10:30:00	1.04963	1.05009	1.04961	1.04994	1547
2025-01-27 10:35:00	1.04993	1.05	1.04966	1.04988	983
2025-01-27 10:40:00	1.04988	1.05047	1.04985	1.05046	993
2025-01-27 10:45:00	1.05045	1.05076	1.05009	1.05074	944
2025-01-27 10:50:00	1.05074	1.05089	1.05034	1.0508	1060
2025-01-27 10:55:00	1.0508	1.05082	1.05041	1.05055	910
2025-01-27 11:00:00	1.05053	1.05086	1.05044	1.05077	1033
2025-01-27 11:05:00	1.05078	1.05124	1.05051	1.0511	1807
2025-01-27 11:10:00	1.05107	1.05173	1.05093	1.05138	989
2025-01-27 11:15:00	1.05137	1.0514	1.05078	1.0509	909
2025-01-27 11:20:00	1.05088	1.05149	1.05086	1.05113	981
2025-01-27 11:25:00	1.05114	1.05145	1.05095	1.05134	1063
2025-01-27 11:30:00	1.05136	1.0518	1.05118	1.05135	1791
2025-01-27 11:35:00	1.05136	1.05149	1.05115	1.05134	932
2025-01-27 11:40:00	1.05133	1.05145	1.05099	1.05112	975
2025-01-27 11:45:00	1.05112	1.05112	1.05088	1.05092	1005
2025-01-27 11:50:00	1.05093	1.05148	1.05087	1.0513	616
2025-01-27 11:55:00	1.0513	1.05136	1.05114	1.05129	1187
2025-01-27 12:00:00	1.05129	1.05182	1.05129	1.0517	1206
2025-01-27 12:05:00	1.05171	1.05171	1.05128	1.05128	656
2025-01-27 12:10:00	1.05125	1.05132	1.05095	1.05104	679
2025-01-27 12:15:00	1.05103	1.05133	1.05088	1.05121	622
2025-01-27 12:20:00	1.05121	1.05144	1.0509	1.05092	632
2025-01-27 12:25:00	1.05091	1.05151	1.05091	1.05145	842
2025-01-27 12:30:00	1.05145	1.05177	1.05125	1.0515	729
2025-01-27 12:35:00	1.05149	1.05188	1.05149	1.05162	794
2025-01-27 12:40:00	1.0516	1.05172	1.05145	1.05156	698
2025-01-27 12:45:00	1.05156	1.05158	1.05126	1.05136	721
2025-01-27 12:50:00	1.05138	1.05278	1.05137	1.05233	1011
2025-01-27 12:55:00	1.05229	1.0527	1.05211	1.05213	1269
2025-01-27 13:00:00	1.05211	1.05254	1.05169	1.05252	1552
2025-01-27 13:05:00	1.05251	1.0533	1.05225	1.05296	1943
2025-01-27 13:10:00	1.05296	1.05306	1.05191	1.05225	3204
2025-01-27 13:15:00	1.05227	1.05227	1.05168	1.05177	1479
2025-01-27 13:20:00	1.05178	1.05197	1.0511	1.05117	2743
2025-01-27 13:25:00	1.05117	1.05135	1.05096	1.05132	1909
2025-01-27 13:30:00	1.05132	1.05177	1.0511	1.05169	1504
2025-01-27 13:35:00	1.05168	1.05213	1.05161	1.05203	1441
2025-01-27 13:40:00	1.05203	1.05246	1.05179	1.05216	1328
2025-01-27 13:45:00	1.05215	1.05259	1.05203	1.05235	1206
2025-01-27 13:50:00	1.05234	1.05287	1.05215	1.05219	1289
2025-01-27 13:55:00	1.05221	1.05223	1.05187	1.05198	1927
2025-01-27 14:00:00	1.05197	1.05221	1.05164	1.05169	1148
2025-01-27 14:05:00	1.05171	1.05242	1.05169	1.05235	767
2025-01-27 14:10:00	1.05236	1.05243	1.05183	1.05184	1042
2025-01-27 14:15:00	1.05183	1.05216	1.05171	1.05214	894
2025-01-27 14:20:00	1.05215	1.05234	1.05166	1.05176	897
2025-01-27 14:25:00	1.05178	1.05182	1.05141	1.05163	2579
2025-01-27 14:30:00	1.05163	1.05193	1.05139	1.05159	2156
2025-01-27 14:35:00	1.0516	1.05168	1.05119	1.05129	1630
2025-01-27 14:40:00	1.0513	1.05159	1.05097	1.05102	1128
2025-01-27 14:45:00	1.05103	1.05178	1.05103	1.05133	997
2025-01-27 14:50:00	1.05135	1.05164	1.05088	1.05098	821
2025-01-27 14:55:00	1.05099	1.05107	1.05077	1.05092	1407
2025-01-27 15:00:00	1.05092	1.05092	1.05034	1.05036	1923
2025-01-27 15:05:00	1.05036	1.05063	1.05028	1.05056	1619
2025-01-27 15:10:00	1.05056	1.05095	1.05049	1.05053	973
2025-01-27 15:15:00	1.05052	1.05097	1.05042	1.05068	1865
2025-01-27 15:20:00	1.05071	1.05088	1.05049	1.05077	2235
2025-01-27 15:25:00	1.05076	1.05081	1.05028	1.05028	1349
2025-01-27 15:30:00	1.05029	1.05035	1.04985	1.04994	2176
2025-01-27 15:35:00	1.04993	1.05002	1.04967	1.0498	1657
2025-01-27 15:40:00	1.04979	1.0498	1.04938	1.04954	1907
2025-01-27 15:45:00	1.04954	1.05003	1.04951	1.04989	1779
2025-01-27 15:50:00	1.04987	1.0499	1.0495	1.04976	1208
2025-01-27 15:55:00	1.04974	1.04994	1.04954	1.04989	1044
2025-01-27 16:00:00	1.04989	1.0504	1.04975	1.0502	1244
2025-01-27 16:05:00	1.0502	1.05052	1.05011	1.05035	1217
2025-01-27 16:10:00	1.05035	1.0507	1.05035	1.05051	1019
2025-01-27 16:15:00	1.05051	1.05072	1.05051	1.05052	960
2025-01-27 16:20:00	1.05051	1.05062	1.05026	1.05027	1261
2025-01-27 16:25:00	1.05028	1.05076	1.04997	1.05059	2278
2025-01-27 16:30:00	1.05059	1.05059	1.04987	1.05009	1574
2025-01-27 16:35:00	1.0501	1.05025	1.04915	1.04927	1766
2025-01-27 16:40:00	1.04928	1.04975	1.04924	1.04928	2229
2025-01-27 16:45:00	1.04932	1.04937	1.0489	1.04898	1268
2025-01-27 16:50:00	1.04898	1.04976	1.04897	1.04959	1155
2025-01-27 16:55:00	1.0496	1.04961	1049	1.04906	948
2025-01-27 17:00:00	1.04906	1.04912	1.04874	1.04884	784
2025-01-27 17:05:00	1.04882	1.04884	1.04848	1.04866	1253
2025-01-27 17:10:00	1.04867	1.04894	1.04849	1.04856	1146
2025-01-27 17:15:00	1.04856	1.0489	1.04846	1.04887	752
2025-01-27 17:20:00	1.04888	1.04942	1.04874	1.04942	736
2025-01-27 17:25:00	1.04942	1.04946	1.04878	1.04878	670
2025-01-27 17:30:00	1.04878	1.04887	1.04869	1.04874	526
2025-01-27 17:35:00	1.04873	1.04876	1.04855	1.04872	714
2025-01-27 17:40:00	1.04873	1.04896	1.04867	1.04876	538
2025-01-27 17:45:00	1.04874	1.04945	1.04872	1.0492	657
2025-01-27 17:50:00	1.04921	1.04933	1.04894	1.0491	777
2025-01-27 17:55:00	1.0491	1.04921	1.04877	1.04885	774
2025-01-27 18:00:00	1.04884	1.04896	1.04852	1.04888	827
2025-01-27 18:05:00	1.04891	1.04928	1.04885	1.04924	1134
2025-01-27 18:10:00	1.04924	1.04941	1.04888	1.04894	549
2025-01-27 18:15:00	1.04893	1.04894	1.04859	1.04872	832
2025-01-27 18:20:00	1.04873	1.04878	1.04852	1.04862	1017
2025-01-27 18:25:00	1.04863	1.04874	1.04842	1.04844	851
2025-01-27 18:30:00	1.04843	1.0485	1.04817	1.04828	772
2025-01-27 18:35:00	1.04827	1.04852	1.04816	1.04845	824
2025-01-27 18:40:00	1.04845	1.04863	1.04844	1.04857	629
2025-01-27 18:45:00	1.04857	1.04887	1.04852	1.04864	525
2025-01-27 18:50:00	1.04864	1.04868	1.04842	1.04844	553
2025-01-27 18:55:00	1.04844	1.04858	1.04837	1.04846	737
2025-01-27 19:00:00	1.04848	1.04849	1.04805	1.04831	907
2025-01-27 19:05:00	1.04832	1.04841	1.04791	1.0481	488
2025-01-27 19:10:00	1.04808	1.04828	1.04806	1.04811	433
2025-01-27 19:15:00	1.04811	1.04857	1.04804	1.04837	444
2025-01-27 19:20:00	1.04837	1.04853	1.04829	1.04852	629
2025-01-27 19:25:00	1.04851	1.04878	1.04847	1.04873	678
2025-01-27 19:30:00	1.04874	1.04896	1.04871	1.04887	677
2025-01-27 19:35:00	1.04887	1.04894	1.04876	1.04887	532
2025-01-27 19:40:00	1.04888	1.04912	1.04853	1.04908	638
2025-01-27 19:45:00	1.04909	1.04926	1.04899	1.04923	442
2025-01-27 19:50:00	1.04924	1.04924	1.04878	1.04918	571
2025-01-27 19:55:00	1.04918	1.04927	1.04896	1.04925	741
2025-01-27 20:00:00	1.04926	1.04926	1.04888	1.04889	1941
2025-01-27 20:05:00	1.0489	1.04908	1.04883	1.04888	1776
2025-01-27 20:10:00	1.04888	1.04913	1.04886	1.04909	473
2025-01-27 20:15:00	1.04909	1.04916	1.04897	1.04907	517
2025-01-27 20:20:00	1.0491	1.04912	1.04892	1.0491	465
2025-01-27 20:25:00	1.04909	1.04912	1.04898	1.0491	783
2025-01-27 20:30:00	1.04911	1.04917	1.04889	1.04915	745
2025-01-27 20:35:00	1.04918	1.04933	1.04911	1.04933	363
2025-01-27 20:40:00	1.04934	1.04942	1.0492	1.04936	405
2025-01-27 20:45:00	1.04935	1.04939	1.04897	1.04905	400
2025-01-27 20:50:00	1.04904	1.04907	1.04887	1.04888	1985
2025-01-27 20:55:00	1.04888	1.04897	1.04872	1.04879	1964
2025-01-27 21:00:00	1.04878	1.04885	1.04858	1.04881	529
2025-01-27 21:05:00	1.04885	1.04893	1.04877	1.04885	220
2025-01-27 21:10:00	1.04886	1.04897	1.04883	1.04897	111
2025-01-27 21:15:00	1.04899	1.04904	1.04891	1.04895	78
2025-01-27 21:20:00	1.04894	1.04906	1.04892	1.04906	99
2025-01-27 21:25:00	1.04907	1.04909	1.04895	1.04898	228
2025-01-27 21:30:00	1.04898	1.04901	1.04888	1.04889	95
2025-01-27 21:35:00	1.04889	1.04902	1.04885	1049	138
2025-01-27 21:40:00	1.04899	1.04906	1.04886	1.04905	102
2025-01-27 21:45:00	1.04905	1.04909	1.04899	1.04902	176
2025-01-27 21:50:00	1.04903	1.04913	1.04902	1.0491	203
2025-01-27 21:55:00	1.0491	1.04922	1.04908	1.04911	239
2025-01-27 22:00:00	1.04911	1.04911	1.0488	1.04907	54
2025-01-27 22:05:00	1.04907	1.04919	1.04907	1.0491	30
2025-01-27 22:10:00	1.0491	1.04923	1.04908	1.04913	408
2025-01-27 22:15:00	1.04913	1.0492	1.04909	1.0491	310
2025-01-27 22:20:00	1.04912	1.04917	1.04908	1.04911	31
2025-01-27 22:25:00	1.04911	1.04919	1.04909	1.04918	74
2025-01-27 22:30:00	1.04919	1.04925	1.04915	1.04922	79
2025-01-27 22:35:00	1.04923	1.04932	1.04922	1.04926	206
2025-01-27 22:40:00	1.04924	1.04925	1.04916	1.04917	69
2025-01-27 22:45:00	1.0492	1.04922	1.04917	1.0492	17
2025-01-27 22:50:00	1.0492	1.04921	1.04914	1.04917	54
2025-01-27 22:55:00	1.04917	1.04917	1.04871	1.04883	116
2025-01-27 23:00:00	1.04883	1.04888	1.04766	1048	382
2025-01-27 23:05:00	1048	1.04815	1.04778	1.04778	246
2025-01-27 23:10:00	1.04779	1.04781	1.04718	1.04731	474
2025-01-27 23:15:00	1.04731	1.04731	1.04568	1.04592	976
2025-01-27 23:20:00	1.04593	1.04599	1.04478	1.04492	1451
2025-01-27 23:25:00	1.04496	1.04526	1.04403	1.04454	1507
2025-01-27 23:30:00	1.04454	1.0453	1043	1.04316	1652
2025-01-27 23:35:00	1.04316	1.04418	1.04283	1.04351	1421
2025-01-27 23:40:00	1.0435	1.04447	1.0435	1.04404	2617
2025-01-27 23:45:00	1.04405	1.04415	1.04342	1.04404	952
2025-01-27 23:50:00	1.04403	1.04506	1.04403	1.04443	1012
2025-01-27 23:55:00	1.04442	1.04472	1.0435	1.04369	1275
2025-01-28 00:00:00	1.04369	1.04475	1.04353	1.04467	1669
2025-01-28 00:05:00	1.04467	1.04469	1.04416	1.0446	1040
2025-01-28 00:10:00	1.04459	1.04473	1.04391	1.04436	1168
2025-01-28 00:15:00	1.04437	1.04502	1.04422	1.04482	1088
2025-01-28 00:20:00	1.04482	1.04483	1.04385	1.04397	1010
2025-01-28 00:25:00	1.04398	1.0445	1.04322	1.04444	1034
2025-01-28 00:30:00	1.04442	1.0448	1.04436	1.04462	517
2025-01-28 00:35:00	1.04461	1.04483	1.0445	1.04482	505
2025-01-28 00:40:00	1.04482	1.04506	1.04482	1.04488	416
2025-01-28 00:45:00	1.04491	1.04495	1.04461	1.04486	515
2025-01-28 00:50:00	1.04487	1.04517	1.04456	1.0446	452
2025-01-28 00:55:00	1.04462	1.04463	1.04434	1.04451	492
2025-01-28 01:00:00	1.04452	1.0451	1.04415	1.04501	666
2025-01-28 01:05:00	1045	1.04523	1.04487	1.04492	497
2025-01-28 01:10:00	1.04492	1.04524	1.04483	1.04521	436
2025-01-28 01:15:00	1.04521	1.04549	1.04517	1.04542	510
2025-01-28 01:20:00	1.04544	1.04548	1.04521	1.04531	585
2025-01-28 01:25:00	1.04531	1.04553	1.04521	1.04548	517
2025-01-28 01:30:00	1.04546	1.04564	1.04499	1.0451	627
2025-01-28 01:35:00	1.04509	1.04524	1.04498	1.04524	419
2025-01-28 01:40:00	1.04522	1.04522	1.04471	1.04485	551
2025-01-28 01:45:00	1.04484	1.04489	1.04454	1.04474	436
2025-01-28 01:50:00	1.04475	1.04509	1.04474	1.04491	580
2025-01-28 01:55:00	1.04492	1.0452	1.04298	1.04377	1378
2025-01-28 02:00:00	1.0437	1.04414	1.04277	1.04282	1798
2025-01-28 02:05:00	1.04279	1.04353	1.04244	1.04348	1252
2025-01-28 02:10:00	1.04348	1.04386	1.04284	1.04296	789
2025-01-28 02:15:00	1.04294	1.04364	1.04283	1.04357	296
2025-01-28 02:20:00	1.04358	1.04375	1.04336	1.04366	342
2025-01-28 02:25:00	1.04365	1.04382	1.04339	1.04363	263
2025-01-28 02:30:00	1.04364	1.04385	1.04352	1.04371	538
2025-01-28 02:35:00	1.04369	1.04371	1.04341	1.04348	551
2025-01-28 02:40:00	1.04348	1.04358	1.04323	1.04329	338
2025-01-28 02:45:00	1.04328	1.04328	1.04306	1.04318	199
2025-01-28 02:50:00	1.04318	1.04343	1.04286	1.04343	422
2025-01-28 02:55:00	1.04344	1.04372	1.04335	1.04336	362
2025-01-28 03:00:00	1.04335	1.04373	1.04335	1.04372	248
2025-01-28 03:05:00	1.04371	1.04371	1.04333	1.04354	220
2025-01-28 03:10:00	1.04355	1.04362	1.04314	1.04356	372
2025-01-28 03:15:00	1.04357	1.04378	1.04333	1.04335	411
2025-01-28 03:20:00	1.04337	1.04347	1.04321	1.04323	643
2025-01-28 03:25:00	1.04324	1.04376	1.04323	1.04374	343
2025-01-28 03:30:00	1.04375	1.04393	1.04349	1.0435	573
2025-01-28 03:35:00	1.0435	1.04351	1.04336	1.04344	632
2025-01-28 03:40:00	1.04345	1.04348	1.04329	1.04344	514
2025-01-28 03:45:00	1.04344	1.04354	1.04325	1.0433	285
2025-01-28 03:50:00	1.0433	1.04346	1.0432	1.04334	434
2025-01-28 03:55:00	1.04333	1.04336	1.0429	1.04292	502
2025-01-28 04:00:00	1.04291	1.04312	1.04289	1.04304	349
2025-01-28 04:05:00	1.04303	1.04323	1.04303	1.04316	229
2025-01-28 04:10:00	1.04317	1.04324	1.04303	1.04312	350
2025-01-28 04:15:00	1.04311	1.04326	1043	1.04306	218
2025-01-28 04:20:00	1.04307	1.04315	1.04293	1.04295	419
2025-01-28 04:25:00	1.04294	1.04298	1.04279	1.04281	328
2025-01-28 04:30:00	1.0428	1.04286	1.04271	1.04274	369
2025-01-28 04:35:00	1.04273	1.0428	1.04254	1.04259	336
2025-01-28 04:40:00	1.04261	1.04289	1.0426	1.04288	269
2025-01-28 04:45:00	1.04288	1043	1.04282	1.04296	243
2025-01-28 04:50:00	1.04298	1.04327	1.04297	1.04325	493
2025-01-28 04:55:00	1.04325	1.04344	1.04325	1.04335	769
2025-01-28 05:00:00	1.04335	1.04349	1.04333	1.04344	444
2025-01-28 05:05:00	1.04343	1.04355	1.04332	1.04353	459
2025-01-28 05:10:00	1.04353	1.04365	1.04342	1.04363	327
2025-01-28 05:15:00	1.04363	1.04366	1.04347	1.04365	297
2025-01-28 05:20:00	1.04364	1.04379	1.04363	1.04363	346
2025-01-28 05:25:00	1.04363	1.0438	1.04362	1.04377	237
2025-01-28 05:30:00	1.04376	1.04386	1.04367	1.04385	206
2025-01-28 05:35:00	1.04385	1.04389	1.04376	1.04376	216
2025-01-28 05:40:00	1.04374	1.04381	1.04367	1.04372	109
2025-01-28 05:45:00	1.04373	1.04385	1.0437	1.0437	83
2025-01-28 05:50:00	1.0437	1.04382	1.0437	1.0438	120
2025-01-28 05:55:00	1.0438	1.0438	1.0436	1.04363	364
2025-01-28 06:00:00	1.04362	1.04407	1.04359	1.04403	799
2025-01-28 06:05:00	1.04404	1.0442	1.04391	1.04408	402
2025-01-28 06:10:00	1.04409	1.0443	1044	1.04421	309
2025-01-28 06:15:00	1.0442	1.04434	1.04415	1.04429	199
2025-01-28 06:20:00	1.04429	1.04432	1.04409	1.04411	314
2025-01-28 06:25:00	1.0441	1.0443	1.04406	1.04423	402
2025-01-28 06:30:00	1.04423	1.04442	1.04419	1.04421	334
2025-01-28 06:35:00	1.04419	1.04422	1.04398	1.04399	444
2025-01-28 06:40:00	1.04398	1.04405	1.04376	1.04379	309
2025-01-28 06:45:00	1.04377	1.04379	1.04336	1.04367	655
2025-01-28 06:50:00	1.04368	1.04373	1.0435	1.0435	378
2025-01-28 06:55:00	1.04351	1.04393	1.0435	1.04374	264
2025-01-28 07:00:00	1.04375	1.04388	1.04331	1.0435	835
2025-01-28 07:05:00	1.0435	1.04399	1.04347	1.04398	546
2025-01-28 07:10:00	1.04398	1.04428	1.0438	1044	533
2025-01-28 07:15:00	1.04399	1.04408	1.04384	1.04392	496
2025-01-28 07:20:00	1.04394	1.04416	1.04362	1.04393	725
2025-01-28 07:25:00	1.04393	1.04415	1.04376	1.04413	779
2025-01-28 07:30:00	1.04414	1.04417	1.04351	1.04377	750
2025-01-28 07:35:00	1.04376	1.04384	1.04316	1.04316	538
2025-01-28 07:40:00	1.04315	1.04318	1.04279	1.04314	656
2025-01-28 07:45:00	1.04313	1.04332	1.04288	1.04325	750
2025-01-28 07:50:00	1.04323	1.04323	1.04289	1.04314	604
2025-01-28 07:55:00	1.04313	1.04362	1.0431	1.04341	691
2025-01-28 08:00:00	1.04341	1.04357	1.04314	1.04322	904
2025-01-28 08:05:00	1.04321	1.04346	1.04294	1.04319	930
2025-01-28 08:10:00	1.04318	1.04318	1.04279	1.04302	1048
2025-01-28 08:15:00	1.04303	1.04343	1.04298	1.04324	1108
2025-01-28 08:20:00	1.04323	1.04338	1.04285	1.04305	918
2025-01-28 08:25:00	1.04305	1.04325	1.04281	1.04281	1179
2025-01-28 08:30:00	1.04281	1.04306	1.04246	1.04301	881
2025-01-28 08:35:00	1043	1.04336	1.04283	1.04313	1949
2025-01-28 08:40:00	1.04314	1.04348	1.04284	1.04331	782
2025-01-28 08:45:00	1.0433	1.0433	1.04269	1.04298	662
2025-01-28 08:50:00	1.04299	1.04317	1.04246	1.04248	522
2025-01-28 08:55:00	1.04248	1.04273	1.04194	1.04251	1126
2025-01-28 09:00:00	1.04254	1.04281	1.04224	1.04253	854
2025-01-28 09:05:00	1.04251	1.04319	1.0425	1.04306	928
2025-01-28 09:10:00	1.04305	1.04329	1.04298	1.04326	782
2025-01-28 09:15:00	1.04327	1.04375	1.04321	1.04352	854
2025-01-28 09:20:00	1.04352	1.04368	1.04337	1.04339	880
2025-01-28 09:25:00	1.0434	1.04422	1.0434	1.04414	1318
2025-01-28 09:30:00	1.04414	1.04441	1.0441	1.04422	1266
2025-01-28 09:35:00	1.04421	1.04435	1.04397	1.04409	716
2025-01-28 09:40:00	1.04409	1.04427	1.04404	1.04405	677
2025-01-28 09:45:00	1.04408	1.04411	1.04344	1.0436	812
2025-01-28 09:50:00	1.04359	1.04368	1.04325	1.04343	1173
2025-01-28 09:55:00	1.04341	1.04361	1.04321	1.04351	1177
2025-01-28 10:00:00	1.04351	1.04373	1.04318	1.04349	719
2025-01-28 10:05:00	1.04349	1.0436	1.04315	1.04338	451
2025-01-28 10:10:00	1.04339	1.0437	1.04327	1.04342	483
2025-01-28 10:15:00	1.04344	1.04367	1.04304	1.04308	428
2025-01-28 10:20:00	1.04309	1.0432	1.04294	1.04316	771
2025-01-28 10:25:00	1.04315	1.04337	1.04302	1.04315	503
2025-01-28 10:30:00	1.04314	1.04336	1.04302	1.04334	545
2025-01-28 10:35:00	1.04333	1.04349	1.04324	1.04335	308
2025-01-28 10:40:00	1.04334	1.04357	1.04318	1.04342	521
2025-01-28 10:45:00	1.0434	1.04341	1.04299	1.04303	516
2025-01-28 10:50:00	1.04302	1.04315	1.04249	1.0426	610
2025-01-28 10:55:00	1.04259	1.04271	1.04247	1.04247	630
2025-01-28 11:00:00	1.04247	1.04269	1.0424	1.04261	622
2025-01-28 11:05:00	1.04261	1.04312	1.0426	1.04307	599
2025-01-28 11:10:00	1.04306	1.04325	1.04295	1.04322	485
2025-01-28 11:15:00	1.04321	1.04321	1.04276	1.04286	624
2025-01-28 11:20:00	1.04285	1.04297	1.04279	1.04286	411
2025-01-28 11:25:00	1.04286	1.04297	1.04272	1.04276	397
2025-01-28 11:30:00	1.04277	1.04294	1.04261	1.04262	508
2025-01-28 11:35:00	1.0426	1.04264	1.0423	1.04245	376
2025-01-28 11:40:00	1.04245	1.04282	1.04245	1.04257	391
2025-01-28 11:45:00	1.04256	1.0426	1.04226	1.04256	513
2025-01-28 11:50:00	1.04256	1.04275	1.04227	1.0427	461
2025-01-28 11:55:00	1.04268	1.0427	1.04226	1.04232	520
2025-01-28 12:00:00	1.04235	1.04242	1.04153	1.04173	1888
2025-01-28 12:05:00	1.04174	1.04194	1.04137	1.04159	1368
2025-01-28 12:10:00	1.04158	1.04215	1.04158	1.04191	930
2025-01-28 12:15:00	1.04191	1.04197	1.04143	1.04156	1037
2025-01-28 12:20:00	1.04157	1.04208	1.04154	1.04188	606
2025-01-28 12:25:00	1.04188	1.04209	1.04186	1.04199	435
2025-01-28 12:30:00	1.04199	1.04215	1.04173	1.04212	537
2025-01-28 12:35:00	1.04211	1.04225	1.04186	1.04204	634
2025-01-28 12:40:00	1.04205	1.0423	1.04188	1.04226	682
2025-01-28 12:45:00	1.04227	1.04238	1.04205	1.04224	592
2025-01-28 12:50:00	1.04225	1.04255	1.04217	1.04217	600
2025-01-28 12:55:00	1.04216	1.04233	1.04171	1042	896
2025-01-28 13:00:00	1042	1.04218	1.04185	1.04196	723
2025-01-28 13:05:00	1.04197	1.04217	1.04171	1.0421	935
2025-01-28 13:10:00	1.0421	1.0424	1.04204	1.0423	1077
2025-01-28 13:15:00	1.0423	1.04264	1.04229	1.04233	899
2025-01-28 13:20:00	1.04232	1.04281	1.04232	1.04278	1053
2025-01-28 13:25:00	1.04277	1.04278	1.0425	1.0425	583
2025-01-28 13:30:00	1.0425	1.04311	1.04243	1.04282	1064
2025-01-28 13:35:00	1.0428	1.0428	1.0424	1.04252	925
2025-01-28 13:40:00	1.04251	1.04296	1.04239	1.04292	990
2025-01-28 13:45:00	1.04292	1.04302	1.04219	1.04225	917
2025-01-28 13:50:00	1.04226	1.04249	1.04208	1.04241	2372
2025-01-28 13:55:00	1.0424	1.0427	1.04236	1.04247	1086
2025-01-28 14:00:00	1.04245	1.04297	1.04245	1.04253	1117
2025-01-28 14:05:00	1.04253	1.04295	1.0424	1.04252	1772
2025-01-28 14:10:00	1.04253	1.04299	1.04251	1.04291	986
2025-01-28 14:15:00	1.0429	1.04314	1.04283	1.0431	1124
2025-01-28 14:20:00	1.04311	1.04341	1.04311	1.04327	889
2025-01-28 14:25:00	1.04328	1.04345	1.04314	1.04321	611
2025-01-28 14:30:00	1.0432	1.04374	1.04311	1.04357	1155
2025-01-28 14:35:00	1.04357	1.04409	1.04352	1.04367	1002
2025-01-28 14:40:00	1.0437	1.04382	1.04324	1.04324	1003
2025-01-28 14:45:00	1.04325	1.0434	1.04291	1.04333	1490
2025-01-28 14:50:00	1.04332	1.04333	1.0428	1043	1189
2025-01-28 14:55:00	1.04301	1.04326	1.04297	1.04315	796
2025-01-28 15:00:00	1.04312	1.04363	1.0431	1.0436	1384
2025-01-28 15:05:00	1.04361	1.04382	1.0435	1.04374	903
2025-01-28 15:10:00	1.04372	1.04377	1.04332	1.04371	995
2025-01-28 15:15:00	1.04374	1.04376	1.04333	1.0434	887
2025-01-28 15:20:00	1.04341	1.04377	1.04333	1.04369	823
2025-01-28 15:25:00	1.0437	1.04378	1.04325	1.04373	876
2025-01-28 15:30:00	1.04372	1.04394	1.04358	1.04373	858
2025-01-28 15:35:00	1.04371	1.04383	1.04347	1.04381	865
2025-01-28 15:40:00	1.0438	1.04381	1.04305	1.0431	806
2025-01-28 15:45:00	1.0431	1.04321	1.04286	1.04312	867
2025-01-28 15:50:00	1.04312	1.04322	1.04238	1.04244	1338
2025-01-28 15:55:00	1.04242	1.04259	1.04209	1.0424	1421
2025-01-28 16:00:00	1.04241	1.04291	1.04237	1.04272	2543
2025-01-28 16:05:00	1.04272	1.0431	1.04267	1.04309	1059
2025-01-28 16:10:00	1.04307	1.04328	1.04284	1.04285	1075
2025-01-28 16:15:00	1.04286	1.04303	1.04273	1.04274	919
2025-01-28 16:20:00	1.04274	1.04289	1.04259	1.04281	1241
2025-01-28 16:25:00	1.04282	1.04296	1.04259	1.0427	1135
2025-01-28 16:30:00	1.0427	1.04279	1.04238	1.0425	936
2025-01-28 16:35:00	1.0425	1.04293	1.04234	1.04283	863
2025-01-28 16:40:00	1.04284	1.04305	1.04225	1.04239	1188
2025-01-28 16:45:00	1.04239	1.04268	1.04239	1.04252	872
2025-01-28 16:50:00	1.04251	1.04261	1.04224	1.04241	1067
2025-01-28 16:55:00	1.04242	1.04262	1.0423	1.0426	944
2025-01-28 17:00:00	1.0426	1.04278	1.04249	1.04253	698
2025-01-28 17:05:00	1.04253	1.04286	1.04246	1.04285	613
2025-01-28 17:10:00	1.04285	1.04287	1.04266	1.04267	627
2025-01-28 17:15:00	1.04267	1.04276	1.04251	1.04262	586
2025-01-28 17:20:00	1.04261	1.04286	1.04252	1.04272	479
2025-01-28 17:25:00	1.04271	1.04296	1.04271	1.04272	440
2025-01-28 17:30:00	1.04271	1.0428	1.04256	1.04276	333
2025-01-28 17:35:00	1.04276	1.04322	1.04276	1.04321	397
2025-01-28 17:40:00	1.04322	1.04346	1.04303	1.04306	510
2025-01-28 17:45:00	1.04307	1.04322	1.04299	1.04306	465
2025-01-28 17:50:00	1.04306	1.04318	1.04298	1.04305	298
2025-01-28 17:55:00	1.04306	1.0431	1.04267	1.04278	776
2025-01-28 18:00:00	1.0428	1043	1.04265	1.04294	676
2025-01-28 18:05:00	1.04295	1.04299	1.04278	1.04288	599
2025-01-28 18:10:00	1.04289	1.04297	1.04273	1.04284	407
2025-01-28 18:15:00	1.04285	1043	1.04284	1.04295	347
2025-01-28 18:20:00	1.04294	1.04331	1.04292	1.04324	426
2025-01-28 18:25:00	1.04325	1.0436	1.04315	1.04346	532
2025-01-28 18:30:00	1.04346	1.04381	1.04345	1.04371	436
2025-01-28 18:35:00	1.04369	1.04372	1.04272	1.04297	718
2025-01-28 18:40:00	1.04298	1043	1.0425	1.04251	2840
2025-01-28 18:45:00	1.04252	1.04278	1.04231	1.04273	828
2025-01-28 18:50:00	1.04274	1.04275	1.04253	1.04257	638
2025-01-28 18:55:00	1.04256	1.04277	1.04247	1.04263	715
2025-01-28 19:00:00	1.04262	1.0429	1.04244	1.04286	1290
2025-01-28 19:05:00	1.04287	1.04289	1.04241	1.04241	1692
2025-01-28 19:10:00	1.0424	1.04256	1.04233	1.04237	1155
2025-01-28 19:15:00	1.04236	1.0426	1.04225	1.04257	927
2025-01-28 19:20:00	1.04256	1.04259	1.04234	1.0424	348
2025-01-28 19:25:00	1.0424	1.04275	1.0424	1.04271	912
2025-01-28 19:30:00	1.0427	1.04297	1.04267	1.04289	639
2025-01-28 19:35:00	1.04288	1.04305	1.04287	1.04305	217
2025-01-28 19:40:00	1.04306	1.04324	1.04306	1.0432	325
2025-01-28 19:45:00	1.04322	1.04346	1.04322	1.04345	311
2025-01-28 19:50:00	1.04345	1.04365	1.04337	1.04355	293
2025-01-28 19:55:00	1.04356	1.04365	1.04347	1.04348	464
2025-01-28 20:00:00	1.04349	1.04349	1.04308	1.04308	649
2025-01-28 20:05:00	1.04309	1.04333	1.04294	1.0433	974
2025-01-28 20:10:00	1.04328	1.04331	1.04306	1.04327	689
2025-01-28 20:15:00	1.04326	1.04343	1.04319	1.04341	314
2025-01-28 20:20:00	1.04342	1.0435	1.04326	1.04346	416
2025-01-28 20:25:00	1.04345	1.04354	1.04326	1.04331	342
2025-01-28 20:30:00	1.0433	1.04339	1.04326	1.04329	229
2025-01-28 20:35:00	1.04328	1.04329	1.0431	1.04316	402
2025-01-28 20:40:00	1.04317	1.04324	1.04314	1.04319	201
2025-01-28 20:45:00	1.04319	1.0433	1043	1.04327	423
2025-01-28 20:50:00	1.04325	1.04335	1.04316	1.04316	349
2025-01-28 20:55:00	1.04316	1.04328	1.04308	1.04313	651
2025-01-28 21:00:00	1.04313	1.04321	1.04304	1.04318	426
2025-01-28 21:05:00	1.04319	1.04334	1.04318	1.04332	141
2025-01-28 21:10:00	1.04332	1.04336	1.04327	1.0433	135
2025-01-28 21:15:00	1.0433	1.04339	1.04327	1.04338	97
2025-01-28 21:20:00	1.04337	1.04338	1.04315	1.04323	75
2025-01-28 21:25:00	1.04323	1.04323	1.04302	1.04305	167
2025-01-28 21:30:00	1.04303	1.04311	1043	1.04305	422
2025-01-28 21:35:00	1.04306	1.04308	1.04303	1.04303	373
2025-01-28 21:40:00	1.04304	1.04307	1.04301	1.04306	213
2025-01-28 21:45:00	1.04307	1.04309	1043	1.04301	700
2025-01-28 21:50:00	1.04301	1.04306	1.04301	1.04304	1170
2025-01-28 21:55:00	1.04304	1.04308	1.04298	1.04298	611
2025-01-28 22:00:00	1.04298	1.04298	1.04237	1.04257	29
2025-01-28 22:05:00	1.04257	1.04276	1.04257	1.04276	52
2025-01-28 22:10:00	1.04276	1.04285	1.04276	1.04279	80
2025-01-28 22:15:00	1.04286	1.04288	1.04279	1.04286	16
2025-01-28 22:20:00	1.04279	1.04284	1.04279	1.04279	38
2025-01-28 22:25:00	1.04279	1.04287	1.04278	1.04282	36
2025-01-28 22:30:00	1.04278	1.04282	1.04278	1.04278	17
2025-01-28 22:35:00	1.04283	1.04287	1.04278	1.04278	55
2025-01-28 22:40:00	1.04285	1.04285	1.04278	1.04281	17
2025-01-28 22:45:00	1.04279	1.04287	1.04277	1.04278	25
2025-01-28 22:50:00	1.04278	1.0428	1.04271	1.0428	43
2025-01-28 22:55:00	1.04279	1.04285	1.04277	1.04284	90
2025-01-28 23:00:00	1.04283	1.04297	1.0428	1.04286	330
2025-01-28 23:05:00	1.04286	1.04286	1.04272	1.04279	167
2025-01-28 23:10:00	1.04277	1.04277	1.04263	1.04269	157
2025-01-28 23:15:00	1.04272	1.04281	1.04269	1.04279	96
2025-01-28 23:20:00	1.04281	1.04282	1.04277	1.04278	64
2025-01-28 23:25:00	1.04281	1.04297	1.04279	1.04296	116
2025-01-28 23:30:00	1.04297	1.04299	1.04288	1.04291	83
2025-01-28 23:35:00	1.04291	1.04291	1.04278	1.04279	70
2025-01-28 23:40:00	1.04279	1.04283	1.04274	1.04278	106
2025-01-28 23:45:00	1.04278	1.0428	1.04273	1.04278	87
2025-01-28 23:50:00	1.04278	1.04287	1.04273	1.04287	69
2025-01-28 23:55:00	1.04287	1.04295	1.0427	1.04271	97
2025-01-29 00:00:00	1.04272	1.04319	1.04267	1.04315	205
2025-01-29 00:05:00	1.04316	1.04341	1.04315	1.04339	109
2025-01-29 00:10:00	1.04338	1.04339	1.04324	1.04334	74
2025-01-29 00:15:00	1.04334	1.04342	1.04319	1.04319	146
2025-01-29 00:20:00	1.04317	1.04327	1.04308	1.04323	279
2025-01-29 00:25:00	1.04323	1.04334	1.0432	1.0432	83
2025-01-29 00:30:00	1.04317	1.04317	1.04286	1.04299	809
2025-01-29 00:35:00	1043	1.04307	1.0429	1.04305	350
2025-01-29 00:40:00	1.04307	1.04327	1.04305	1.04322	231
2025-01-29 00:45:00	1.04322	1.04333	1.04309	1.04311	309
2025-01-29 00:50:00	1.04312	1.04321	1.04285	1.04313	486
2025-01-29 00:55:00	1.04312	1.04314	1.04295	1.04301	1022
2025-01-29 01:00:00	1043	1.04318	1043	1.04311	470
2025-01-29 01:05:00	1.04312	1.04317	1.04295	1.04298	182
2025-01-29 01:10:00	1.04299	1.04316	1.04299	1.04315	168
2025-01-29 01:15:00	1.04316	1.04331	1.04295	1.04303	304
2025-01-29 01:20:00	1.04306	1.0432	1.04306	1.04314	226
2025-01-29 01:25:00	1.04316	1.0434	1.04316	1.04324	181
2025-01-29 01:30:00	1.04325	1.04335	1.04312	1.04315	140
2025-01-29 01:35:00	1.04315	1.04323	1.04309	1.04317	252
2025-01-29 01:40:00	1.04318	1.04318	1.04292	1.04304	619
2025-01-29 01:45:00	1.04302	1.04311	1.04295	1.04303	364
2025-01-29 01:50:00	1.04302	1.04313	1.04289	1.04289	310
2025-01-29 01:55:00	1.04289	1.04294	1.0427	1.04271	376
2025-01-29 02:00:00	1.0427	1.04289	1.04256	1.04289	399
2025-01-29 02:05:00	1.0429	1.04308	1.04289	1.04297	353
2025-01-29 02:10:00	1.04296	1.04323	1.04296	1.04315	283
2025-01-29 02:15:00	1.04318	1.0432	1.04297	1.04303	303
2025-01-29 02:20:00	1.04303	1.04316	1.04295	1.04297	214
2025-01-29 02:25:00	1.04298	1043	1.04289	1.04299	212
2025-01-29 02:30:00	1.04298	1.04318	1.04291	1.04309	128
2025-01-29 02:35:00	1.04309	1.04323	1.04304	1.0432	172
2025-01-29 02:40:00	1.0432	1.04341	1.04313	1.04315	306
2025-01-29 02:45:00	1.04316	1.04343	1.04312	1.04327	210
2025-01-29 02:50:00	1.04326	1.04355	1.04324	1.04349	347
2025-01-29 02:55:00	1.04348	1.04354	1.04335	1.04337	401
2025-01-29 03:00:00	1.04338	1.04344	1.0433	1.04339	578
2025-01-29 03:05:00	1.04339	1.04343	1.04324	1.04327	442
2025-01-29 03:10:00	1.04326	1.04352	1.04324	1.0435	366
2025-01-29 03:15:00	1.04349	1.04349	1.04329	1.04329	358
2025-01-29 03:20:00	1.04329	1.04349	1.04311	1.04347	363
2025-01-29 03:25:00	1.04346	1.04363	1.04336	1.04359	462
2025-01-29 03:30:00	1.04358	1.04358	1.0434	1.0435	342
2025-01-29 03:35:00	1.04351	1.04368	1.04351	1.04358	287
2025-01-29 03:40:00	1.04359	1.04372	1.04358	1.04367	531
2025-01-29 03:45:00	1.04368	1.04384	1.04364	1.04364	375
2025-01-29 03:50:00	1.04364	1.04379	1.04361	1.04377	350
2025-01-29 03:55:00	1.04378	1.0439	1.04369	1.04372	551
2025-01-29 04:00:00	1.04373	1.04399	1.04372	1.04397	370
2025-01-29 04:05:00	1.04397	1.04403	1.04383	1.04401	290
2025-01-29 04:10:00	1.04402	1.04418	1.04396	1.04409	254
2025-01-29 04:15:00	1.0441	1.04423	1.04408	1.04423	333
2025-01-29 04:20:00	1.04422	1.04424	1.04394	1.04394	433
2025-01-29 04:25:00	1.04394	1.04398	1.04387	1.04397	290
2025-01-29 04:30:00	1.04398	1.04404	1.04392	1.04403	175
2025-01-29 04:35:00	1.04404	1.04411	1044	1.04406	379
2025-01-29 04:40:00	1.04405	1.04406	1.04375	1.0438	403
2025-01-29 04:45:00	1.0438	1.04394	1.04378	1.04388	218
2025-01-29 04:50:00	1.04388	1.04401	1.04386	1.04387	253
2025-01-29 04:55:00	1.04386	1.04389	1.04375	1.04384	331
2025-01-29 05:00:00	1.04383	1.04388	1.04368	1.04382	200
2025-01-29 05:05:00	1.04383	1.04391	1.04377	1.04383	150
2025-01-29 05:10:00	1.04384	1.04395	1.04383	1.04391	326
2025-01-29 05:15:00	1.04392	1.04398	1.04383	1.04398	243
2025-01-29 05:20:00	1.04399	1.04408	1.04396	1.04402	147
2025-01-29 05:25:00	1.04403	1.04405	1.04388	1.04392	401
2025-01-29 05:30:00	1.04392	1.04392	1.04373	1.04387	212
2025-01-29 05:35:00	1.04386	1.04388	1.04373	1.04373	189
2025-01-29 05:40:00	1.04373	1.04375	1.04357	1.04357	242
2025-01-29 05:45:00	1.04357	1.04378	1.04354	1.04378	119
2025-01-29 05:50:00	1.04378	1.04383	1.04374	1.04379	112
2025-01-29 05:55:00	1.04378	1.04403	1.04375	1.04402	258
2025-01-29 06:00:00	1.04403	1.04434	1.04403	1.0443	685
2025-01-29 06:05:00	1.0443	1.04431	1.04388	1.04388	525
2025-01-29 06:10:00	1.04388	1.04412	1.04384	1.0441	265
2025-01-29 06:15:00	1.04411	1.04424	1044	1.04424	253
2025-01-29 06:20:00	1.04424	1.04427	1.04409	1.0442	195
2025-01-29 06:25:00	1.04419	1.0443	1.04409	1.04411	235
2025-01-29 06:30:00	1.04411	1.04415	1.04398	1.04409	308
2025-01-29 06:35:00	1.04409	1.04423	1.04402	1.04423	269
2025-01-29 06:40:00	1.04423	1.04434	1.04417	1.04423	209
2025-01-29 06:45:00	1.04422	1.04423	1.04404	1.04412	193
2025-01-29 06:50:00	1.04412	1.04418	1.0439	1.04393	387
2025-01-29 06:55:00	1.04392	1.0441	1.04364	1.04371	1264
2025-01-29 07:00:00	1.04369	1.04377	1.04348	1.04354	808
2025-01-29 07:05:00	1.04354	1.04357	1.04329	1.04329	895
2025-01-29 07:10:00	1.04329	1.0435	1.04323	1.04339	808
2025-01-29 07:15:00	1.04342	1.0435	1.04318	1.04333	956
2025-01-29 07:20:00	1.04332	1.04344	1.04263	1.04265	857
2025-01-29 07:25:00	1.04264	1.04269	1.04181	1.04215	765
2025-01-29 07:30:00	1.04215	1.04222	1.04183	1.04202	725
2025-01-29 07:35:00	1.04203	1.04232	1.04196	1.04217	523
2025-01-29 07:40:00	1.04215	1.04227	1.04184	1.04184	452
2025-01-29 07:45:00	1.04183	1.04211	1.04149	1.04155	591
2025-01-29 07:50:00	1.04154	1.04184	1.04149	1.04153	542
2025-01-29 07:55:00	1.04154	1.04173	1.04131	1.04158	638
2025-01-29 08:00:00	1.04168	1.04208	1.04167	1.04178	1094
2025-01-29 08:05:00	1.04178	1.0424	1.04178	1.04231	1018
2025-01-29 08:10:00	1.04232	1.04265	1.04232	1.04239	816
2025-01-29 08:15:00	1.04238	1.04296	1.04228	1.04277	776
2025-01-29 08:20:00	1.04277	1.04281	1.04243	1.04244	701
2025-01-29 08:25:00	1.04243	1.04256	1.04233	1.04254	645
2025-01-29 08:30:00	1.04255	1.04271	1.04249	1.0426	626
2025-01-29 08:35:00	1.04262	1.0429	1.04254	1.04282	533
2025-01-29 08:40:00	1.0428	1.04303	1.04257	1.04272	690
2025-01-29 08:45:00	1.04273	1.04291	1.04255	1.04259	583
2025-01-29 08:50:00	1.0426	1.04268	1.04219	1.04234	635
2025-01-29 08:55:00	1.04237	1.04254	1.0423	1.04241	452
2025-01-29 09:00:00	1.0424	1.04246	1.04143	1.04144	676
2025-01-29 09:05:00	1.04143	1.04143	1.04089	1.04122	882
2025-01-29 09:10:00	1.04122	1.04141	1.04098	1.0413	693
2025-01-29 09:15:00	1.04131	1.04147	1.0413	1.04142	442
2025-01-29 09:20:00	1.04142	1.04154	1.04106	1.04121	555
2025-01-29 09:25:00	1.04124	1.04144	1.04115	1.04136	460
2025-01-29 09:30:00	1.04137	1.0417	1.04136	1.04163	722
2025-01-29 09:35:00	1.04161	1.04185	1.04151	1.0417	783
2025-01-29 09:40:00	1.0417	1.0417	1.04109	1.04139	918
2025-01-29 09:45:00	1.04138	1.04143	1.04087	1.04103	895
2025-01-29 09:50:00	1.04105	1.04116	1.04059	1.04064	785
2025-01-29 09:55:00	1.04065	1.04068	1.0402	1.04035	809
2025-01-29 10:00:00	1.04037	1.04056	1.04025	1.04043	702
2025-01-29 10:05:00	1.04043	1.04043	1.0399	1.04023	861
2025-01-29 10:10:00	1.04025	1.04028	1.03966	1.03984	679
2025-01-29 10:15:00	1.03984	1.04008	1.03947	1.03985	1793
2025-01-29 10:20:00	1.03984	1.04032	1.03984	1.04017	1564
2025-01-29 10:25:00	1.04018	1.04045	1.04013	1.04043	617
2025-01-29 10:30:00	1.04043	1.04082	1.04034	1.04073	601
2025-01-29 10:35:00	1.04072	1.04072	1.04025	1.04025	615
2025-01-29 10:40:00	1.04026	1.04043	1.03998	1.04017	544
2025-01-29 10:45:00	1.04017	1.04025	1.0399	1.04014	604
2025-01-29 10:50:00	1.04013	1.04022	1.03984	1.04003	565
2025-01-29 10:55:00	1.04004	1.04047	1.04002	1.04035	656
2025-01-29 11:00:00	1.04036	1.04043	1.04017	1.04037	554
2025-01-29 11:05:00	1.04037	1.04048	1.04027	1.04039	457
2025-01-29 11:10:00	1.04038	1.04073	1.04036	1.04072	573
2025-01-29 11:15:00	1.04074	1.04074	1.04029	1.04052	597
2025-01-29 11:20:00	1.04053	1.04069	1.04042	1.04044	613
2025-01-29 11:25:00	1.04046	1.04068	1.04043	1.04056	404
2025-01-29 11:30:00	1.04057	1.04081	1.04049	1.04052	677
2025-01-29 11:35:00	1.04053	1.04071	1.04	1.04	805
2025-01-29 11:40:00	1.04001	1.04016	1.03993	1.04	794
2025-01-29 11:45:00	1.03998	1.04016	1.03987	1.03997	618
2025-01-29 11:50:00	1.04	1.04001	1.03972	1.03993	582
2025-01-29 11:55:00	1.03994	1.04023	1.03993	1.04014	358
2025-01-29 12:00:00	1.04014	1.04034	1.04006	1.04028	494
2025-01-29 12:05:00	1.04029	1.04041	1.0401	1.04014	790
2025-01-29 12:10:00	1.04013	1.04031	1.03983	1.03987	773
2025-01-29 12:15:00	1.03984	1.04002	1.03935	1.03975	910
2025-01-29 12:20:00	1.03976	1.04003	1.03956	1.03967	724
2025-01-29 12:25:00	1.03967	1.03995	1.03951	1.03954	1265
2025-01-29 12:30:00	1.03954	1.04015	1.0395	1.03983	601
2025-01-29 12:35:00	1.03984	1.04006	1.03983	1.04005	674
2025-01-29 12:40:00	1.04005	1.04037	1.04005	1.04026	593
2025-01-29 12:45:00	1.04027	1.04031	1.04009	1.04011	507
2025-01-29 12:50:00	1.0401	1.04033	1.03993	1.04018	770
2025-01-29 12:55:00	1.04019	1.04047	1.03996	1.0404	854
2025-01-29 13:00:00	1.0404	1.04056	1.03999	1.0402	852
2025-01-29 13:05:00	1.04018	1.0402	1.03954	1.03961	1065
2025-01-29 13:10:00	1.03963	1.03974	1.03881	1.03919	2761
2025-01-29 13:15:00	1.03919	1.0392	1.03855	1.03863	2363
2025-01-29 13:20:00	1.03862	1.03908	1.03847	1.03852	864
2025-01-29 13:25:00	1.03847	1.03883	1.03823	1.03874	1042
2025-01-29 13:30:00	1.03874	1.03891	1.03832	1.03865	1443
2025-01-29 13:35:00	1.03863	1.03928	1.03844	1.03906	875
2025-01-29 13:40:00	1.03907	1.0392	1.03875	1.03889	566
2025-01-29 13:45:00	1.0389	1.03901	1.03841	1.03842	1022
2025-01-29 13:50:00	1.03842	1.03887	1.03822	1.03875	1120
2025-01-29 13:55:00	1.03876	1.03895	1.03856	1.03876	899
2025-01-29 14:00:00	1.03876	1.03911	1.03862	1039	687
2025-01-29 14:05:00	1.03899	1.03953	1.03899	1.03949	894
2025-01-29 14:10:00	1.03948	1.03972	1.03936	1.03964	653
2025-01-29 14:15:00	1.03966	1.03985	1.03959	1.03977	696
2025-01-29 14:20:00	1.03979	1.03991	1.03952	1.03988	906
2025-01-29 14:25:00	1.03987	1.03991	1.03952	1.03965	793
2025-01-29 14:30:00	1.03966	1.03997	1.03946	1.03947	1157
2025-01-29 14:35:00	1.03946	1.03979	1.0392	1.03967	983
2025-01-29 14:40:00	1.03966	1.03994	1.03949	1.03966	874
2025-01-29 14:45:00	1.03966	1.04004	1.03948	1.03951	1048
2025-01-29 14:50:00	1.03948	1.03983	1.03936	1.03956	897
2025-01-29 14:55:00	1.03956	1.04016	1.03945	1.04012	1211
2025-01-29 15:00:00	1.04011	1.04013	1.03945	1.03991	1036
2025-01-29 15:05:00	1.03994	1.04017	1.03956	1.04012	811
2025-01-29 15:10:00	1.04014	1.04067	1.04008	1.04057	826
2025-01-29 15:15:00	1.04056	1.04113	1.04054	1.04087	943
2025-01-29 15:20:00	1.04087	1.04098	1.04058	1.04063	929
2025-01-29 15:25:00	1.04062	1.04084	1.04054	1.04069	813
2025-01-29 15:30:00	1.04069	1.0411	1.04067	1.04102	991
2025-01-29 15:35:00	1.04101	1.04151	1.0408	1.04151	1198
2025-01-29 15:40:00	1.04152	1.04268	1.04127	1.04252	1486
2025-01-29 15:45:00	1.04252	1.0427	1.04191	1.04226	1442
2025-01-29 15:50:00	1.04226	1.04251	1.04176	1.04185	1531
2025-01-29 15:55:00	1.04183	1.04227	1.0417	1.04193	1606
2025-01-29 16:00:00	1.04193	1.04238	1.04161	1.04219	1242
2025-01-29 16:05:00	1.04219	1.04227	1.04117	1.04122	1747
2025-01-29 16:10:00	1.04122	1.04188	1.04113	1.04172	1342
2025-01-29 16:15:00	1.04172	1.04198	1.04148	1.04176	1165
2025-01-29 16:20:00	1.04176	1.04197	1.04145	1.0417	884
2025-01-29 16:25:00	1.04169	1.0419	1.04147	1.04174	920
2025-01-29 16:30:00	1.04173	1.04198	1.04173	1.04189	940
2025-01-29 16:35:00	1.04193	1.0422	1.04156	1.04167	1545
2025-01-29 16:40:00	1.04166	1.04177	1.04157	1.04161	1778
2025-01-29 16:45:00	1.04159	1.04178	1.04136	1.04178	942
2025-01-29 16:50:00	1.04177	1.04195	1.04147	1.04163	883
2025-01-29 16:55:00	1.04162	1.04184	1.04144	1.04156	862
2025-01-29 17:00:00	1.04156	1.04264	1.04152	1.0426	1762
2025-01-29 17:05:00	1.04259	1.04266	1.04219	1.04224	564
2025-01-29 17:10:00	1.04223	1.04257	1.04209	1.04256	1427
2025-01-29 17:15:00	1.04257	1.04281	1.04239	1.0424	532
2025-01-29 17:20:00	1.04239	1.04283	1.04239	1.04253	725
2025-01-29 17:25:00	1.04252	1.0428	1.04205	1.04225	1111
2025-01-29 17:30:00	1.04224	1.04238	1.0419	1.04194	785
2025-01-29 17:35:00	1.04193	1.04198	1.04163	1.04182	642
2025-01-29 17:40:00	1.04183	1.04221	1.04173	1.0422	574
2025-01-29 17:45:00	1.04219	1.04233	1.04206	1.04226	661
2025-01-29 17:50:00	1.04226	1.0423	1.04197	1.04213	378
2025-01-29 17:55:00	1.04213	1.04223	1.04204	1.04212	395
2025-01-29 18:00:00	1.04213	1.04213	1.04149	1.04207	1916
2025-01-29 18:05:00	1.04207	1.04231	1.04167	1.04223	562
2025-01-29 18:10:00	1.04222	1.04232	1.04206	1.0423	453
2025-01-29 18:15:00	1.04231	1.04239	1.04214	1.04236	459
2025-01-29 18:20:00	1.04238	1.04238	1042	1.04222	457
2025-01-29 18:25:00	1.04224	1.04244	1.04222	1.04231	719
2025-01-29 18:30:00	1.0423	1.04243	1.04222	1.04237	412
2025-01-29 18:35:00	1.04236	1.04236	1.04211	1.04211	503
2025-01-29 18:40:00	1.04217	1.0423	1042	1.04216	344
2025-01-29 18:45:00	1.04214	1.04218	1.04183	1.04186	432
2025-01-29 18:50:00	1.04185	1.04186	1.04156	1.04168	789
2025-01-29 18:55:00	1.04167	1.04204	1.04162	1.04196	683
2025-01-29 19:00:00	1.04196	1.04223	1.03988	1.04024	2059
2025-01-29 19:05:00	1.04028	1.04035	1.03928	1.04005	2532
2025-01-29 19:10:00	1.04005	1.04052	1.03931	1.04045	2201
2025-01-29 19:15:00	1.04047	1.04054	1.03951	1.04	1127
2025-01-29 19:20:00	1.03998	1.04054	1.03994	1.04038	957
2025-01-29 19:25:00	1.04037	1.04037	1.03953	1.03964	4213
2025-01-29 19:30:00	1.03964	1.04066	1.03925	1.04024	2809
2025-01-29 19:35:00	1.04022	1.04149	1.03883	1.04139	4010
2025-01-29 19:40:00	1.0414	1.04234	1.04126	1.04229	3142
2025-01-29 19:45:00	1.0423	1.04237	1.04144	1.04144	2111
2025-01-29 19:50:00	1.04145	1.04288	1.04137	1.04212	1934
2025-01-29 19:55:00	1.04211	1.04265	1.04126	1.0416	2864
2025-01-29 20:00:00	1.04157	1.04199	1.04131	1.04151	1708
2025-01-29 20:05:00	1.04149	1.04209	1.0414	1.04184	1687
2025-01-29 20:10:00	1.04187	1.04254	1.04048	1.04194	3953
2025-01-29 20:15:00	1.04193	1.04207	1.04114	1.04156	2276
2025-01-29 20:20:00	1.04156	1.04247	1.04156	1.04217	1326
2025-01-29 20:25:00	1.04218	1.04219	1.04145	1.04148	722
2025-01-29 20:30:00	1.04149	1.04158	1.04117	1.04137	1079
2025-01-29 20:35:00	1.04136	1.0415	1.04105	1.04111	1066
2025-01-29 20:40:00	1.04114	1.04147	1.04096	1.04096	2018
2025-01-29 20:45:00	1.04095	1.04105	1.04058	1.04085	1478
2025-01-29 20:50:00	1.04084	1.04132	1.04069	1.04122	881
2025-01-29 20:55:00	1.04122	1.04132	1.04102	1.04103	1085
2025-01-29 21:00:00	1.04102	1.0412	1.04087	1.04096	1335
2025-01-29 21:05:00	1.04095	1.04129	1.04095	1.04128	887
2025-01-29 21:10:00	1.04128	1.04166	1.04128	1.04165	462
2025-01-29 21:15:00	1.04164	1.04187	1.04152	1.0417	434
2025-01-29 21:20:00	1.04171	1.04171	1.04157	1.04165	166
2025-01-29 21:25:00	1.04165	1.04189	1.04156	1.04178	207
2025-01-29 21:30:00	1.04177	1.04185	1.04139	1.04154	536
2025-01-29 21:35:00	1.04153	1.04153	1.04133	1.0414	245
2025-01-29 21:40:00	1.04139	1.04167	1.04135	1.04166	228
2025-01-29 21:45:00	1.04166	1.04187	1.04165	1.04185	178
2025-01-29 21:50:00	1.04185	1.04213	1.04185	1.04213	122
2025-01-29 21:55:00	1.0421	1.04213	1.04193	1.04207	420
2025-01-29 22:00:00	1.04203	1.04203	1.04149	1.04149	48
2025-01-29 22:05:00	1.04149	1.04167	1.04149	1.04162	89
2025-01-29 22:10:00	1.04167	1.04172	1.04154	1.0417	295
2025-01-29 22:15:00	1.04169	1.04174	1.04154	1.04154	141
2025-01-29 22:20:00	1.04154	1.04177	1.04154	1.04173	203
2025-01-29 22:25:00	1.04174	1.04203	1.04174	1.04192	225
2025-01-29 22:30:00	1.04193	1.04211	1.04193	1.04203	262
2025-01-29 22:35:00	1.04203	1.04204	1.04202	1.04204	78
2025-01-29 22:40:00	1.04206	1.04206	1.04197	1.04199	163
2025-01-29 22:45:00	1.04199	1042	1.04192	1.04197	148
2025-01-29 22:50:00	1.04196	1.04207	1.04192	1.04207	101
2025-01-29 22:55:00	1.04209	1.04209	1.04206	1.04207	20
2025-01-29 23:00:00	1.04211	1.04229	1.04207	1.04211	463
2025-01-29 23:05:00	1.04211	1.0422	1.04208	1.04208	198
2025-01-29 23:10:00	1.04208	1.04208	1.0418	1.0419	229
2025-01-29 23:15:00	1.04195	1.0421	1.04195	1.0421	150
2025-01-29 23:20:00	1.04211	1.04217	1.04205	1.04216	229
2025-01-29 23:25:00	1.04217	1.0422	1.04213	1.0422	140
2025-01-29 23:30:00	1.04218	1.0422	1.04211	1.04217	162
2025-01-29 23:35:00	1.04216	1.04255	1.0421	1.04235	164
2025-01-29 23:40:00	1.04233	1.04258	1.04233	1.04254	91
2025-01-29 23:45:00	1.04253	1.04271	1.04252	1.04263	211
2025-01-29 23:50:00	1.04266	1.04269	1.04247	1.04247	186
2025-01-29 23:55:00	1.04247	1.04255	1.0424	1.04245	223
2025-01-30 00:00:00	1.04244	1.04255	1.04238	1.04254	131
2025-01-30 00:05:00	1.04255	1.04281	1.04253	1.04278	199
2025-01-30 00:10:00	1.04277	1.04282	1.04271	1.04276	110
2025-01-30 00:15:00	1.04277	1.04283	1.04268	1.04279	200
2025-01-30 00:20:00	1.04278	1.04288	1.04271	1.04274	200
2025-01-30 00:25:00	1.04273	1.04275	1.04262	1.04269	99
2025-01-30 00:30:00	1.04268	1.04269	1.04249	1.04249	90
2025-01-30 00:35:00	1.04249	1.0426	1.04249	1.04259	75
2025-01-30 00:40:00	1.04258	1.04269	1.04253	1.04269	142
2025-01-30 00:45:00	1.04271	1.04275	1.04258	1.04266	98
2025-01-30 00:50:00	1.04267	1.04273	1.04251	1.04265	257
2025-01-30 00:55:00	1.04264	1.04264	1.04249	1.0426	173
2025-01-30 01:00:00	1.04258	1.0426	1.0421	1.04212	426
2025-01-30 01:05:00	1.04212	1.04226	1.04201	1.04219	162
2025-01-30 01:10:00	1.0422	1.0423	1.0421	1.04229	191
2025-01-30 01:15:00	1.04227	1.04229	1.04204	1.0421	253
2025-01-30 01:20:00	1.04211	1.04214	1.04188	1.04196	300
2025-01-30 01:25:00	1.04197	1.04216	1.04192	1.04205	214
2025-01-30 01:30:00	1.04206	1.04222	1.04194	1.04214	202
2025-01-30 01:35:00	1.04216	1.04223	1.04213	1.0422	124
2025-01-30 01:40:00	1.04221	1.04221	1.04204	1.04212	137
2025-01-30 01:45:00	1.04213	1.04218	1.04208	1.04209	150
2025-01-30 01:50:00	1.0421	1.04219	1.04203	1.04218	225
2025-01-30 01:55:00	1.04218	1.04222	1.04197	1.04198	230
2025-01-30 02:00:00	1.04201	1.04214	1.04196	1.04209	244
2025-01-30 02:05:00	1.04209	1.04249	1.04209	1.04248	309
2025-01-30 02:10:00	1.04247	1.04261	1.04239	1.04259	216
2025-01-30 02:15:00	1.0426	1.04266	1.04239	1.04266	265
2025-01-30 02:20:00	1.04265	1.04266	1.04229	1.04233	342
2025-01-30 02:25:00	1.04233	1.0424	1.04217	1.04237	263
2025-01-30 02:30:00	1.04237	1.04243	1.04226	1.04238	210
2025-01-30 02:35:00	1.04238	1.04239	1.04216	1.04218	205
2025-01-30 02:40:00	1.04217	1.04244	1.04216	1.04241	255
2025-01-30 02:45:00	1.04241	1.04244	1.04228	1.04228	180
2025-01-30 02:50:00	1.04228	1.04254	1.04227	1.04249	339
2025-01-30 02:55:00	1.0425	1.0425	1.04223	1.0423	213
2025-01-30 03:00:00	1.04229	1.04236	1.04222	1.04233	251
2025-01-30 03:05:00	1.04231	1.04244	1.04226	1.04239	281
2025-01-30 03:10:00	1.04239	1.04244	1.04234	1.04239	200
2025-01-30 03:15:00	1.0424	1.04251	1.04238	1.04247	167
2025-01-30 03:20:00	1.0425	1.04264	1.0424	1.04244	199
2025-01-30 03:25:00	1.04246	1.0425	1.04243	1.04249	184
2025-01-30 03:30:00	1.04252	1.0426	1.04242	1.04243	246
2025-01-30 03:35:00	1.04243	1.04254	1.04223	1.04249	278
2025-01-30 03:40:00	1.04253	1.04259	1.04249	1.04252	213
2025-01-30 03:45:00	1.04253	1.04255	1.04235	1.04249	252
2025-01-30 03:50:00	1.0425	1.04257	1.04243	1.04254	211
2025-01-30 03:55:00	1.04253	1.04256	1.04244	1.04252	586
2025-01-30 04:00:00	1.04251	1.04273	1.0425	1.04257	198
2025-01-30 04:05:00	1.04256	1.04276	1.04256	1.04265	328
2025-01-30 04:10:00	1.04264	1.04271	1.04251	1.0427	207
2025-01-30 04:15:00	1.04269	1.04269	1.04246	1.04255	212
2025-01-30 04:20:00	1.04259	1.04262	1.04247	1.04249	155
2025-01-30 04:25:00	1.04248	1.04251	1.0423	1.04235	171
2025-01-30 04:30:00	1.04237	1.04237	1042	1.04208	410
2025-01-30 04:35:00	1.04208	1.04214	1.04184	1.04192	312
2025-01-30 04:40:00	1.04192	1.04195	1.04175	1.04195	242
2025-01-30 04:45:00	1.04193	1.04201	1.04178	1.04187	274
2025-01-30 04:50:00	1.04187	1042	1.04187	1.04194	291
2025-01-30 04:55:00	1.04195	1.04197	1.04183	1.04189	386
2025-01-30 05:00:00	1.04188	1.04212	1.04179	1.04196	340
2025-01-30 05:05:00	1.04197	1.04199	1.04179	1.04188	264
2025-01-30 05:10:00	1.04188	1.04188	1.04175	1.04188	231
2025-01-30 05:15:00	1.04189	1.04198	1.04187	1.04189	231
2025-01-30 05:20:00	1.04187	1.0419	1.04177	1.04188	211
2025-01-30 05:25:00	1.04187	1.04205	1.04187	1042	225
2025-01-30 05:30:00	1042	1.04214	1.04199	1.04213	198
2025-01-30 05:35:00	1.04212	1.04215	1.0419	1.04197	301
2025-01-30 05:40:00	1.04198	1.04209	1.0418	1.04186	234
2025-01-30 05:45:00	1.04186	1.04194	1.04176	1.04185	137
2025-01-30 05:50:00	1.04183	1.04204	1.04182	1.04202	188
2025-01-30 05:55:00	1.04203	1.04219	1.04197	1.04217	144
2025-01-30 06:00:00	1.04219	1.04225	1.04197	1.04204	275
2025-01-30 06:05:00	1.04203	1.04215	1.04196	1.04199	185
2025-01-30 06:10:00	1.04196	1.04208	1.04166	1.04173	565
2025-01-30 06:15:00	1.04172	1.04188	1.04169	1.0417	329
2025-01-30 06:20:00	1.04169	1.04178	1.04155	1.04162	410
2025-01-30 06:25:00	1.04162	1.04169	1.04137	1.04144	557
2025-01-30 06:30:00	1.04143	1.0415	1.04119	1.04122	473
2025-01-30 06:35:00	1.04122	1.04128	1.04106	1.04127	326
2025-01-30 06:40:00	1.04127	1.04148	1.04126	1.04128	443
2025-01-30 06:45:00	1.04127	1.04138	1.04116	1.04128	497
2025-01-30 06:50:00	1.04129	1.04146	1.04128	1.04145	326
2025-01-30 06:55:00	1.04144	1.04144	1.04121	1.04138	360
2025-01-30 07:00:00	1.04138	1.04139	1.0411	1.04112	479
2025-01-30 07:05:00	1.04114	1.04129	1.04093	1.04108	448
2025-01-30 07:10:00	1.04106	1.04135	1.04099	1.04129	382
2025-01-30 07:15:00	1.04128	1.0413	1.04112	1.04125	512
2025-01-30 07:20:00	1.04124	1.04148	1.04118	1.04118	511
2025-01-30 07:25:00	1.04116	1.04153	1.04104	1.04144	518
2025-01-30 07:30:00	1.04143	1.0416	1.04125	1.04141	439
2025-01-30 07:35:00	1.04142	1.04158	1.04135	1.04144	270
2025-01-30 07:40:00	1.04144	1.04207	1.04144	1.04202	374
2025-01-30 07:45:00	1.04202	1.04204	1.04172	1.04182	423
2025-01-30 07:50:00	1.04183	1.04212	1.04183	1.04212	538
2025-01-30 07:55:00	1.04212	1.04237	1.04209	1.04236	513
2025-01-30 08:00:00	1.04237	1.04288	1.04175	1.04241	1141
2025-01-30 08:05:00	1.04241	1.04251	1.04202	1.04219	913
2025-01-30 08:10:00	1.0422	1.04244	1.04196	1.04202	1043
2025-01-30 08:15:00	1.04201	1.04217	1.04175	1.04213	1617
2025-01-30 08:20:00	1.04214	1.04239	1.04204	1.04226	812
2025-01-30 08:25:00	1.04224	1.04243	1.04211	1.04237	796
2025-01-30 08:30:00	1.04236	1.04238	1.04191	1.04227	782
2025-01-30 08:35:00	1.04229	1.04237	1.04191	1.04191	910
2025-01-30 08:40:00	1.04192	1.04223	1.04159	1.0421	954
2025-01-30 08:45:00	1.04208	1.04239	1.04193	1.04237	708
2025-01-30 08:50:00	1.04239	1.0424	1.0419	1.04198	673
2025-01-30 08:55:00	1.04204	1.04219	1.04187	1.04214	565
2025-01-30 09:00:00	1.04214	1.04224	1.0403	1.04048	1426
2025-01-30 09:05:00	1.04048	1.04087	1.04029	1.04058	978
2025-01-30 09:10:00	1.04057	1.04095	1.04045	1.04095	745
2025-01-30 09:15:00	1.04096	1.04122	1.04089	1.04122	670
2025-01-30 09:20:00	1.04122	1.04132	1.04049	1.04054	817
2025-01-30 09:25:00	1.04053	1.04085	1.04034	1.04084	475
2025-01-30 09:30:00	1.04085	1.04114	1.04076	1.04114	726
2025-01-30 09:35:00	1.04114	1.04115	1.04034	1.04034	828
2025-01-30 09:40:00	1.04035	1.04064	1.04019	1.04054	653
2025-01-30 09:45:00	1.04055	1.04068	1.04045	1.0406	765
2025-01-30 09:50:00	1.04059	1.04084	1.04052	1.04062	897
2025-01-30 09:55:00	1.0406	1.04079	1.04048	1.04074	532
2025-01-30 10:00:00	1.0407	1.04079	1.04035	1.04037	665
2025-01-30 10:05:00	1.04036	1.04081	1.0403	1.04075	774
2025-01-30 10:10:00	1.04075	1.04078	1.04046	1.04069	503
2025-01-30 10:15:00	1.04068	1.04092	1.04055	1.04061	681
2025-01-30 10:20:00	1.04061	1.0411	1.04046	1.04105	541
2025-01-30 10:25:00	1.04108	1.04116	1.0408	1.04097	901
2025-01-30 10:30:00	1.04097	1.04105	1.04082	1.04104	1007
2025-01-30 10:35:00	1.04103	1.04109	1.04081	1.04091	1175
2025-01-30 10:40:00	1.0409	1.04121	1.0406	1.0406	721
2025-01-30 10:45:00	1.04062	1.04064	1.04039	1.04042	458
2025-01-30 10:50:00	1.04041	1.04041	1.03958	1.04008	1073
2025-01-30 10:55:00	1.0401	1.0402	1.03998	1.04006	721
2025-01-30 11:00:00	1.04005	1.04006	1.03948	1.03956	1139
2025-01-30 11:05:00	1.03955	1.03967	1.03938	1.03938	739
2025-01-30 11:10:00	1.03939	1.03959	1.03931	1.03935	704
2025-01-30 11:15:00	1.03938	1.03977	1.03927	1.03965	1005
2025-01-30 11:20:00	1.03965	1.03965	1.03918	1.0393	728
2025-01-30 11:25:00	1.03932	1.03944	1.03915	1.03943	511
2025-01-30 11:30:00	1.03942	1.0397	1.03942	1.0396	510
2025-01-30 11:35:00	1.03958	1.03985	1.03945	1.03981	702
2025-01-30 11:40:00	1.0398	1.03998	1.03963	1.03982	561
2025-01-30 11:45:00	1.03983	1.03994	1.03955	1.03964	509
2025-01-30 11:50:00	1.03963	1.03969	1.03946	1.03965	513
2025-01-30 11:55:00	1.03965	1.03972	1.03911	1.03917	1076
2025-01-30 12:00:00	1.03917	1.03942	1.03901	1.03922	957
2025-01-30 12:05:00	1.03923	1.03956	1.0392	1.03952	742
2025-01-30 12:10:00	1.03952	1.03958	1.03931	1.03942	702
2025-01-30 12:15:00	1.03941	1.03976	1.03932	1.03967	604
2025-01-30 12:20:00	1.03967	1.03986	1.03948	1.03986	637
2025-01-30 12:25:00	1.03985	1.0401	1.03979	1.0401	693
2025-01-30 12:30:00	1.04012	1.04014	1.03979	1.03989	692
2025-01-30 12:35:00	1.0399	1.04013	1.03985	1.03995	733
2025-01-30 12:40:00	1.03994	1.03999	1.03954	1.03998	435
2025-01-30 12:45:00	1.03999	1.04039	1.03993	1.04034	549
2025-01-30 12:50:00	1.04037	1.04057	1.04037	1.04052	646
2025-01-30 12:55:00	1.04053	1.04055	1.04021	1.04033	930
2025-01-30 13:00:00	1.04035	1.04054	1.04012	1.04043	752
2025-01-30 13:05:00	1.04044	1.04055	1.04024	1.04024	728
2025-01-30 13:10:00	1.04024	1.04053	1.04018	1.04052	809
2025-01-30 13:15:00	1.04052	1.04088	1.0403	1.04047	1337
2025-01-30 13:20:00	1.04046	1.04142	1.04046	1.04129	1224
2025-01-30 13:25:00	1.04129	1.04202	1.04114	1.0415	979
2025-01-30 13:30:00	1.0415	1.04156	1.0402	1.04096	2166
2025-01-30 13:35:00	1.04096	1.04133	1.04052	1.04127	1787
2025-01-30 13:40:00	1.04126	1.04198	1.04107	1.04149	1160
2025-01-30 13:45:00	1.04148	1.04256	1.04146	1.04218	1251
2025-01-30 13:50:00	1.04217	1.04343	1.04212	1.04253	2007
2025-01-30 13:55:00	1.04252	1.04597	1.04252	1.04564	4065
2025-01-30 14:00:00	1.0456	1.04677	1.0443	1.04464	4328
2025-01-30 14:05:00	1.04465	1.04486	1.04351	1.04367	2314
2025-01-30 14:10:00	1.04367	1.04389	1.0431	1.04381	1334
2025-01-30 14:15:00	1.04383	1.04421	1.04314	1.04318	1579
2025-01-30 14:20:00	1.04319	1.04397	1.0429	1.04365	919
2025-01-30 14:25:00	1.04365	1.04382	1.04304	1.04334	1320
2025-01-30 14:30:00	1.04336	1.04363	1.04236	1.04237	1410
2025-01-30 14:35:00	1.04239	1.04324	1.04229	1.04256	1154
2025-01-30 14:40:00	1.04254	1.04313	1.0425	1.04266	927
2025-01-30 14:45:00	1.04264	1.04272	1.04191	1.04241	1670
2025-01-30 14:50:00	1.0424	1.04291	1042	1.04273	2173
2025-01-30 14:55:00	1.04274	1.04319	1.04264	1.0428	1152
2025-01-30 15:00:00	1.04285	1.04365	1.04277	1.04349	1393
2025-01-30 15:05:00	1.04349	1.04404	1.04331	1.04353	1091
2025-01-30 15:10:00	1.04353	1.04394	1.04302	1.04326	1300
2025-01-30 15:15:00	1.04327	1.04396	1.04327	1.04366	1022
2025-01-30 15:20:00	1.04365	1.04371	1.04332	1.04347	1053
2025-01-30 15:25:00	1.04347	1.04367	1.04312	1.04323	515
2025-01-30 15:30:00	1.04321	1.04365	1.04313	1.04325	795
2025-01-30 15:35:00	1.04325	1.04331	1.04268	1.04286	894
2025-01-30 15:40:00	1.04289	1.04422	1.04286	1.04351	1506
2025-01-30 15:45:00	1.04353	1.0438	1.04277	1.04354	1702
2025-01-30 15:50:00	1.04353	1.04386	1.04308	1.04323	2283
2025-01-30 15:55:00	1.04324	1.04324	1.0428	1.04311	1103
2025-01-30 16:00:00	1.04313	1.04346	1.0427	1.0428	1221
2025-01-30 16:05:00	1.0428	1.04318	1.04262	1.04264	728
2025-01-30 16:10:00	1.04263	1.04311	1.0426	1.04303	759
2025-01-30 16:15:00	1.04304	1.04315	1.04257	1.04282	716
2025-01-30 16:20:00	1.04283	1.04286	1.04239	1.04245	740
2025-01-30 16:25:00	1.04243	1.0426	1.04224	1.04249	592
2025-01-30 16:30:00	1.04249	1.04259	1.04217	1.04257	515
2025-01-30 16:35:00	1.04255	1.04283	1.04236	1.04248	552
2025-01-30 16:40:00	1.04249	1.04262	1.04212	1.04218	561
2025-01-30 16:45:00	1.04217	1.0423	1.0417	1.04177	466
2025-01-30 16:50:00	1.04176	1.04207	1.04171	1.04187	676
2025-01-30 16:55:00	1.04187	1.04207	1.04171	1.04194	452
2025-01-30 17:00:00	1.04194	1.04211	1.0418	1.04194	643
2025-01-30 17:05:00	1.04193	1.04201	1.04142	1.04147	480
2025-01-30 17:10:00	1.04147	1.0415	1.04096	1.04125	522
2025-01-30 17:15:00	1.04125	1.04202	1.04093	1.04197	810
2025-01-30 17:20:00	1.04198	1.04233	1.04152	1.04177	1082
2025-01-30 17:25:00	1.04178	1.04192	1.04133	1.04152	475
2025-01-30 17:30:00	1.04154	1.04176	1.04143	1.04154	466
2025-01-30 17:35:00	1.04152	1.04176	1.04148	1.04163	414
2025-01-30 17:40:00	1.04162	1.04168	1.04145	1.04155	499
2025-01-30 17:45:00	1.04156	1.04186	1.04147	1.04178	556
2025-01-30 17:50:00	1.04178	1.04198	1.04152	1.04195	509
2025-01-30 17:55:00	1.04196	1.04196	1.04152	1.04168	572
2025-01-30 18:00:00	1.04171	1.04195	1.04156	1.04191	441
2025-01-30 18:05:00	1.04191	1.04203	1.04175	1.04197	216
2025-01-30 18:10:00	1.04198	1.04212	1.04197	1.04199	352
2025-01-30 18:15:00	1042	1.0421	1.04184	1.04208	235
2025-01-30 18:20:00	1.04208	1.04226	1.04208	1.04219	313
2025-01-30 18:25:00	1.04219	1.0424	1.0421	1.04225	243
2025-01-30 18:30:00	1.04226	1.04247	1.04216	1.04243	369
2025-01-30 18:35:00	1.04245	1.04248	1.04225	1.04233	474
2025-01-30 18:40:00	1.04232	1.04244	1.04223	1.04223	360
2025-01-30 18:45:00	1.04224	1.04251	1.04224	1.04244	367
2025-01-30 18:50:00	1.04245	1.04253	1.04238	1.04253	295
2025-01-30 18:55:00	1.04252	1.04252	1.04228	1.04248	438
2025-01-30 19:00:00	1.04249	1.04259	1.04238	1.04244	707
2025-01-30 19:05:00	1.04246	1.04259	1.04229	1.04229	724
2025-01-30 19:10:00	1.04232	1.04257	1.04231	1.04252	446
2025-01-30 19:15:00	1.04253	1.04259	1.04232	1.0424	455
2025-01-30 19:20:00	1.04239	1.04251	1.04235	1.04247	299
2025-01-30 19:25:00	1.04247	1.04262	1.04247	1.04257	653
2025-01-30 19:30:00	1.04257	1.04272	1.04252	1.04272	581
2025-01-30 19:35:00	1.04271	1.04277	1.04263	1.04274	479
2025-01-30 19:40:00	1.04274	1.04284	1.04267	1.04278	386
2025-01-30 19:45:00	1.04276	1.04297	1.04273	1.04282	503
2025-01-30 19:50:00	1.04283	1.04292	1.04257	1.04271	552
2025-01-30 19:55:00	1.04272	1043	1.0427	1.0428	756
2025-01-30 20:00:00	1.04281	1.04285	1.04263	1.04278	645
2025-01-30 20:05:00	1.04277	1.04277	1.04264	1.04267	372
2025-01-30 20:10:00	1.04266	1.04277	1.04266	1.04274	272
2025-01-30 20:15:00	1.04275	1043	1.04274	1.04298	462
2025-01-30 20:20:00	1.04297	1.04303	1.0429	1.04292	783
2025-01-30 20:25:00	1.04291	1.0431	1.04291	1.04307	375
2025-01-30 20:30:00	1.04309	1.04322	1.04309	1.04313	949
2025-01-30 20:35:00	1.04312	1.0432	1.03935	1.0394	4608
2025-01-30 20:40:00	1.03935	1.03978	1.03861	1.03888	9638
2025-01-30 20:45:00	1.03889	1.0412	1.03879	1.04075	3344
2025-01-30 20:50:00	1.04074	1.04091	1.0402	1.04057	1993
2025-01-30 20:55:00	1.04056	1.0411	1.04017	1.04073	1212
2025-01-30 21:00:00	1.04071	1.0414	1.04071	1.04102	1950
2025-01-30 21:05:00	1.04103	1.04116	1.03877	1.03886	1262
2025-01-30 21:10:00	1.03888	1.03968	1.03868	1.03945	1004
2025-01-30 21:15:00	1.03946	1.03975	1.0391	1.03967	569
2025-01-30 21:20:00	1.03969	1.0398	1.03921	1.03924	458
2025-01-30 21:25:00	1.03923	1.03932	1.03895	1.03925	399
2025-01-30 21:30:00	1.03925	1.03962	1.03925	1.03942	473
2025-01-30 21:35:00	1.03942	1.03946	1.03902	1.03935	376
2025-01-30 21:40:00	1.03935	1.03941	1.03888	1.03924	457
2025-01-30 21:45:00	1.03923	1.0395	1.03907	1.03946	263
2025-01-30 21:50:00	1.03946	1.03955	1.03916	1.0392	339
2025-01-30 21:55:00	1.03921	1.03938	1.03879	1.03879	501
2025-01-30 22:00:00	1.03879	1.03926	1.03879	1.03926	75
2025-01-30 22:05:00	1.03926	1.03932	1.03903	1.03903	157
2025-01-30 22:10:00	1.03903	1.03919	1.03888	1039	97
2025-01-30 22:15:00	1039	1.03914	1039	1.0391	38
2025-01-30 22:20:00	1.03911	1.03914	1.03902	1.03909	480
2025-01-30 22:25:00	1.03909	1.03909	1.03876	1.03878	285
2025-01-30 22:30:00	1.03876	1.03905	1.03868	1.03879	308
2025-01-30 22:35:00	1.03879	1.03881	1.0387	1.03873	58
2025-01-30 22:40:00	1.03872	1.03886	1.03861	1.03863	265
2025-01-30 22:45:00	1.03865	1.03869	1.03859	1.03859	77
2025-01-30 22:50:00	1.03857	1.03865	1.03856	1.0386	43
2025-01-30 22:55:00	1.0386	1.03873	1.0386	1.03867	148
2025-01-30 23:00:00	1.03872	1.03892	1.03864	1.03883	536
2025-01-30 23:05:00	1.03883	1.03884	1.0386	1.03879	343
2025-01-30 23:10:00	1.03878	1.03878	1.0385	1.03867	460
2025-01-30 23:15:00	1.03866	1.03884	1.03861	1.03884	171
2025-01-30 23:20:00	1.03883	1.03894	1.0388	1.03891	103
2025-01-30 23:25:00	1.03891	1.03913	1.03888	1.0391	207
2025-01-30 23:30:00	1.03911	1.03916	1.03905	1.03915	151
2025-01-30 23:35:00	1.03917	1.03942	1.03916	1.03939	223
2025-01-30 23:40:00	1.03939	1.03964	1.03939	1.03958	185
2025-01-30 23:45:00	1.03957	1.03967	1.03951	1.03962	85
2025-01-30 23:50:00	1.03962	1.03962	1.03936	1.0394	105
2025-01-30 23:55:00	1.0394	1.0398	1.0394	1.03966	117
2025-01-31 00:00:00	1.03968	1.04002	1.0396	1.03996	253
2025-01-31 00:05:00	1.03995	1.04022	1.03992	1.04011	416
2025-01-31 00:10:00	1.04012	1.0402	1.03983	1.03987	344
2025-01-31 00:15:00	1.03981	1.03988	1.03959	1.03983	263
2025-01-31 00:20:00	1.03983	1.03985	1.03975	1.03978	249
2025-01-31 00:25:00	1.03977	1.03979	1.03964	1.03965	169
2025-01-31 00:30:00	1.03963	1.03974	1.03947	1.03947	200
2025-01-31 00:35:00	1.03946	1.0395	1.03929	1.03936	207
2025-01-31 00:40:00	1.03935	1.03936	1039	1039	164
2025-01-31 00:45:00	1.03901	1.03905	1.03856	1.03872	567
2025-01-31 00:50:00	1.03872	1.03891	1.03851	1.03852	377
2025-01-31 00:55:00	1.03853	1.03873	1.0385	1.03866	316
2025-01-31 01:00:00	1.03865	1.03884	1.03852	1.03877	518
2025-01-31 01:05:00	1.03878	1.03914	1.03872	1.03886	368
2025-01-31 01:10:00	1.03885	1.03895	1.03871	1.03884	336
2025-01-31 01:15:00	1.03888	1.03889	1.03872	1.0388	333
2025-01-31 01:20:00	1.03881	1.03896	1.03879	1.03881	556
2025-01-31 01:25:00	1.03883	1.03898	1.03768	1.0386	1483
2025-01-31 01:30:00	1.03861	1.03912	1.03861	1.03901	720
2025-01-31 01:35:00	1.03903	1.03924	1.03884	1.03919	624
2025-01-31 01:40:00	1.03919	1.03919	1.03877	1.03878	734
2025-01-31 01:45:00	1.03879	1.03903	1.03874	1.03895	362
2025-01-31 01:50:00	1.03894	1.03894	1.03855	1.03873	360
2025-01-31 01:55:00	1.03872	1.03893	1.03865	1.03884	391
2025-01-31 02:00:00	1.03885	1.03912	1.03885	1.03907	414
2025-01-31 02:05:00	1.03906	1.03906	1.03866	1.03868	294
2025-01-31 02:10:00	1.03869	1.03909	1.03869	1.03902	256
2025-01-31 02:15:00	1.03903	1.03925	1.03902	1.03922	427
2025-01-31 02:20:00	1.03923	1.03926	1.03907	1.03922	391
2025-01-31 02:25:00	1.03923	1.0393	1.03903	1.03904	500
2025-01-31 02:30:00	1.03905	1.0392	1.03894	1.03917	432
2025-01-31 02:35:00	1.03918	1.03927	1.03909	1.03914	509
2025-01-31 02:40:00	1.03914	1.03948	1.03912	1.03928	515
2025-01-31 02:45:00	1.03928	1.03931	1.03901	1.03917	389
2025-01-31 02:50:00	1.03916	1.03934	1.0391	1.03933	515
2025-01-31 02:55:00	1.03932	1.03933	1.03894	1.03894	407
2025-01-31 03:00:00	1.03894	1.03902	1.03866	1.03866	553
2025-01-31 03:05:00	1.03866	1.03867	1.03841	1.03863	281
2025-01-31 03:10:00	1.03864	1039	1.03864	1.03896	300
2025-01-31 03:15:00	1.03897	1.03913	1.03896	1.03897	281
2025-01-31 03:20:00	1.03896	1.03904	1.03882	1.03888	379
2025-01-31 03:25:00	1.0389	1.03896	1.03875	1.03879	238
2025-01-31 03:30:00	1.03878	1.03892	1.03876	1.03884	381
2025-01-31 03:35:00	1.03884	1.03888	1.03872	1.03874	285
2025-01-31 03:40:00	1.03874	1.0388	1.03866	1.03876	286
2025-01-31 03:45:00	1.03876	1.0388	1.03865	1.03868	274
2025-01-31 03:50:00	1.03869	1.03873	1.03841	1.03842	273
2025-01-31 03:55:00	1.03843	1.0385	1.03835	1.03848	268
2025-01-31 04:00:00	1.03848	1.03849	1.03832	1.03837	469
2025-01-31 04:05:00	1.03836	1.03845	1.03833	1.03835	304
2025-01-31 04:10:00	1.03834	1.03848	1.03826	1.03847	184
2025-01-31 04:15:00	1.03846	1.03852	1.03832	1.03847	270
2025-01-31 04:20:00	1.03848	1.0385	1.0384	1.03845	238
2025-01-31 04:25:00	1.03846	1.03862	1.03846	1.0386	322
2025-01-31 04:30:00	1.03861	1.03861	1.03836	1.03838	453
2025-01-31 04:35:00	1.03839	1.03862	1.03836	1.03862	181
2025-01-31 04:40:00	1.03865	1.03887	1.03864	1.03882	174
2025-01-31 04:45:00	1.03883	1.03897	1.03871	1.0389	227
2025-01-31 04:50:00	1.03888	1.03898	1.03871	1.03871	155
2025-01-31 04:55:00	1.0387	1.03881	1.03864	1.03873	310
2025-01-31 05:00:00	1.03872	1.03899	1.03863	1.03897	313
2025-01-31 05:05:00	1.03897	1.03907	1.03895	1.03896	122
2025-01-31 05:10:00	1.03895	1.03899	1.03886	1.03891	210
2025-01-31 05:15:00	1.03892	1.03895	1.03878	1.03892	169
2025-01-31 05:20:00	1.03893	1.03897	1.03872	1.03872	245
2025-01-31 05:25:00	1.03874	1.03876	1.03866	1.03873	190
2025-01-31 05:30:00	1.03871	1.03873	1.03851	1.03852	420
2025-01-31 05:35:00	1.03853	1.0387	1.03845	1.03862	344
2025-01-31 05:40:00	1.03863	1.03873	1.03856	1.03865	426
2025-01-31 05:45:00	1.03866	1.03878	1.03863	1.03874	184
2025-01-31 05:50:00	1.03873	1.03893	1.03868	1.03892	320
2025-01-31 05:55:00	1.03891	1.03893	1.03867	1.03887	439
2025-01-31 06:00:00	1.03888	1.03894	1.03876	1.03883	416
2025-01-31 06:05:00	1.03885	1.03892	1.0388	1.03887	236
2025-01-31 06:10:00	1.03886	1.03889	1.03873	1.03884	206
2025-01-31 06:15:00	1.03886	1.03891	1.03876	1.03879	224
2025-01-31 06:20:00	1.03879	1039	1.03879	1.03888	364
2025-01-31 06:25:00	1.03888	1.03906	1.03873	1.03905	352
2025-01-31 06:30:00	1.03905	1.03928	1.03905	1.03914	313
2025-01-31 06:35:00	1.03915	1.03938	1.03908	1.03937	321
2025-01-31 06:40:00	1.03937	1.03942	1.03927	1.03939	307
2025-01-31 06:45:00	1.03939	1.03953	1.0393	1.03952	279
2025-01-31 06:50:00	1.03952	1.03953	1.03927	1.03934	320
2025-01-31 06:55:00	1.03935	1.03947	1.03923	1.03944	413
2025-01-31 07:00:00	1.03944	1.03968	1.03911	1.03967	556
2025-01-31 07:05:00	1.03967	1.04007	1.03967	1.03973	634
2025-01-31 07:10:00	1.03973	1.03997	1.03951	1.0398	469
2025-01-31 07:15:00	1.03981	1.04002	1.03967	1.03974	491
2025-01-31 07:20:00	1.03979	1.04043	1.03974	1.04032	776
2025-01-31 07:25:00	1.04033	1.04042	1.04009	1.04035	439
2025-01-31 07:30:00	1.04037	1.04084	1.04037	1.04077	573
2025-01-31 07:35:00	1.04075	1.04125	1.04075	1041	764
2025-01-31 07:40:00	1.04101	1.04116	1.04083	1.04111	848
2025-01-31 07:45:00	1.04111	1.04111	1.04017	1.04021	1105
2025-01-31 07:50:00	1.04023	1.04026	1.03965	1.04018	1142
2025-01-31 07:55:00	1.04019	1.04064	1.04012	1.0404	1009
2025-01-31 08:00:00	1.04039	1.04066	1.04024	1.04039	960
2025-01-31 08:05:00	1.0404	1.04043	1.0396	1.03976	777
2025-01-31 08:10:00	1.03974	1.03998	1.03934	1.03988	649
2025-01-31 08:15:00	1.03989	1.03993	1.03934	1.03943	685
2025-01-31 08:20:00	1.03942	1.03959	1.03905	1.03928	795
2025-01-31 08:25:00	1.03929	1.03945	1.03907	1.03911	816
2025-01-31 08:30:00	1.03912	1.03917	1.03865	1.03866	935
2025-01-31 08:35:00	1.03867	1.03885	1.03855	1.03858	1013
2025-01-31 08:40:00	1.03858	1.03884	1.0385	1.03869	763
2025-01-31 08:45:00	1.03869	1.03893	1.0385	1.03876	708
2025-01-31 08:50:00	1.03874	1.03882	1.03807	1.03846	753
2025-01-31 08:55:00	1.03848	1.03873	1.03822	1.03841	1055
2025-01-31 09:00:00	1.03841	1.03841	1.03652	1.03688	3155
2025-01-31 09:05:00	1.03689	1.03774	1.03675	1.03768	1512
2025-01-31 09:10:00	1.03769	1.03797	1.03711	1.03719	1651
2025-01-31 09:15:00	1.0372	1.03736	1.03671	1.03721	1464
2025-01-31 09:20:00	1.03722	1.03722	1.03659	1.03689	1228
2025-01-31 09:25:00	1.0369	1.03705	1.03676	1.03677	1002
2025-01-31 09:30:00	1.03675	1.0372	1.03658	1.03719	829
2025-01-31 09:35:00	1.03718	1.03773	1.03718	1.0377	806
2025-01-31 09:40:00	1.03769	1.0382	1.03761	1.03774	892
2025-01-31 09:45:00	1.03775	1.03789	1.03754	1.03773	1075
2025-01-31 09:50:00	1.03772	1.03818	1.03746	1.03812	933
2025-01-31 09:55:00	1.03813	1.0385	1.0381	1.03834	983
2025-01-31 10:00:00	1.03833	1.03834	1.03784	1.03822	1004
2025-01-31 10:05:00	1.03823	1.03833	1.03796	1.03818	794
2025-01-31 10:10:00	1.03816	1.03816	1.03745	1.03758	874
2025-01-31 10:15:00	1.03759	1.03792	1.03736	1.03784	873
2025-01-31 10:20:00	1.03783	1.03827	1.03777	1.03827	935
2025-01-31 10:25:00	1.03828	1.03839	1.03819	1.03822	751
2025-01-31 10:30:00	1.03821	1.03834	1.0381	1.03823	613
2025-01-31 10:35:00	1.03823	1.03823	1.03772	1.03789	654
2025-01-31 10:40:00	1.03788	1.03802	1.03754	1038	568
2025-01-31 10:45:00	1.03802	1.03818	1.03782	1.03793	627
2025-01-31 10:50:00	1.03794	1.03796	1.03769	1.03792	563
2025-01-31 10:55:00	1.03792	1.03793	1.03747	1.03762	711
2025-01-31 11:00:00	1.03764	1.03768	1.03742	1.03767	457
2025-01-31 11:05:00	1.03768	1038	1.0376	1.03787	505
2025-01-31 11:10:00	1.03788	1.03791	1.03773	1.03783	405
2025-01-31 11:15:00	1.03784	1.03799	1.03773	1.03789	552
2025-01-31 11:20:00	1.03791	1.03791	1.03723	1.03733	720
2025-01-31 11:25:00	1.0373	1.03763	1.03725	1.03757	580
2025-01-31 11:30:00	1.03756	1.03765	1.03736	1.03758	537
2025-01-31 11:35:00	1.03757	1.03788	1.03746	1.03781	505
2025-01-31 11:40:00	1.0378	1.03791	1.0377	1.03777	442
2025-01-31 11:45:00	1.03777	1.03779	1.03738	1.03748	411
2025-01-31 11:50:00	1.03748	1.03758	1.03733	1.03741	578
2025-01-31 11:55:00	1.03741	1.03776	1.03718	1.03757	740
2025-01-31 12:00:00	1.03758	1.0379	1.03758	1.03781	593
2025-01-31 12:05:00	1.03781	1.03808	1.03763	1.03779	517
2025-01-31 12:10:00	1.03779	1.03789	1.03744	1.03757	406
2025-01-31 12:15:00	1.03757	1.03802	1.03754	1.03802	362
2025-01-31 12:20:00	1.03804	1.03842	1.03803	1.03836	558
2025-01-31 12:25:00	1.03836	1.03856	1.03812	1.03818	503
2025-01-31 12:30:00	1.03819	1.03836	1.03797	1.03798	381
2025-01-31 12:35:00	1.03802	1.03835	1.03793	1.03797	479
2025-01-31 12:40:00	1.03795	1.03823	1.03784	1.03823	466
2025-01-31 12:45:00	1.03824	1.03834	1.03801	1.03804	428
2025-01-31 12:50:00	1.03804	1.03814	1.03775	1.03812	470
2025-01-31 12:55:00	1.03811	1.03842	1.03811	1.03824	367
2025-01-31 13:00:00	1.03825	1.03874	1.03817	1.03857	910
2025-01-31 13:05:00	1.03856	1.03933	1.03846	1.03929	1386
2025-01-31 13:10:00	1.03929	1.03949	1.03917	1.03935	1704
2025-01-31 13:15:00	1.03938	1.03952	1.03902	1.03929	1136
2025-01-31 13:20:00	1.03929	1.0393	1.03862	1.03862	857
2025-01-31 13:25:00	1.03866	1039	1.03858	1.03877	677
2025-01-31 13:30:00	1.03882	1.03891	1.03806	1.03828	1381
2025-01-31 13:35:00	1.03828	1.03862	1.0378	1.03839	1301
2025-01-31 13:40:00	1.03838	1.0384	1.03787	1.03806	1168
2025-01-31 13:45:00	1.03807	1.03829	1.03766	1.03804	889
2025-01-31 13:50:00	1.03804	1.03838	1.03772	1.0382	901
2025-01-31 13:55:00	1.03821	1.03838	1.03798	1.0382	794
2025-01-31 14:00:00	1.03823	1.03825	1.03781	1.03794	817
2025-01-31 14:05:00	1.03795	1.03799	1.0374	1.03758	2204
2025-01-31 14:10:00	1.03757	1.03758	1.03673	1.03698	1683
2025-01-31 14:15:00	1.03699	1.0372	1.03667	1.03719	1621
2025-01-31 14:20:00	1.03718	1.03755	1.03717	1.03736	1818
2025-01-31 14:25:00	1.03735	1.03764	1.03732	1.03751	2335
2025-01-31 14:30:00	1.03752	1.03754	1.03689	1.03697	2280
2025-01-31 14:35:00	1.03699	1.03742	1.03678	1.03694	3065
2025-01-31 14:40:00	1.03696	1.03722	1.03679	1.03714	1755
2025-01-31 14:45:00	1.03712	1.03751	1.0369	1.03745	880
2025-01-31 14:50:00	1.03742	1.03779	1.03727	1.03737	1084
2025-01-31 14:55:00	1.03739	1.03755	1.03679	1.03684	1407
2025-01-31 15:00:00	1.03686	1.0369	1.03601	1.03609	1674
2025-01-31 15:05:00	1.03607	1.03649	1.03602	1.03638	1111
2025-01-31 15:10:00	1.03638	1.03704	1.03636	1.03703	901
2025-01-31 15:15:00	1.03704	1.03707	1.03667	1.03676	826
2025-01-31 15:20:00	1.03678	1.03698	1.03635	1.0369	828
2025-01-31 15:25:00	1.0369	1.03754	1.03688	1.0375	1124
2025-01-31 15:30:00	1.0375	1.03786	1.03716	1.03784	1025
2025-01-31 15:35:00	1.03783	1.03818	1.03735	1.03803	1712
2025-01-31 15:40:00	1.03803	1.03836	1.03783	1.03783	1982
2025-01-31 15:45:00	1.03782	1.03879	1.03778	1.03851	1445
2025-01-31 15:50:00	1.0385	1.03882	1.03796	1.0388	3966
2025-01-31 15:55:00	1.03881	1.04006	1.03879	1.03962	5034
2025-01-31 16:00:00	1.03964	1.03964	1.03908	1.03933	1736
2025-01-31 16:05:00	1.03932	1.03938	1039	1.03912	1270
2025-01-31 16:10:00	1.03911	1.03914	1.0388	1.03891	1088
2025-01-31 16:15:00	1.0389	1.03917	1.03859	1.03917	1100
2025-01-31 16:20:00	1.03917	1.03938	1.03906	1.03933	863
2025-01-31 16:25:00	1.03935	1.03956	1.0392	1.03953	808
2025-01-31 16:30:00	1.03952	1.04029	1.0393	1.03986	1099
2025-01-31 16:35:00	1.03987	1.04047	1.03963	1.04024	1200
2025-01-31 16:40:00	1.04026	1.04073	1.04025	1.04053	874
2025-01-31 16:45:00	1.04053	1.04059	1.03969	1.03971	846
2025-01-31 16:50:00	1.03969	1.03987	1.03952	1.03986	715
2025-01-31 16:55:00	1.03986	1.04009	1.03975	1.03996	666
2025-01-31 17:00:00	1.03995	1.04027	1.03992	1.04003	1073
2025-01-31 17:05:00	1.04001	1.04209	1.03901	1.04209	1841
2025-01-31 17:10:00	1.04211	1.0434	1.04164	1.04253	4391
2025-01-31 17:15:00	1.04251	1.04253	1.04146	1.04243	2499
2025-01-31 17:20:00	1.04242	1.04289	1.04218	1.04277	1552
2025-01-31 17:25:00	1.0428	1.04334	1.04267	1.04318	1193
2025-01-31 17:30:00	1.04318	1.04322	1.04217	1.04264	1803
2025-01-31 17:35:00	1.04263	1.04276	1.04218	1.04219	1350
2025-01-31 17:40:00	1.0422	1.04278	1.04213	1.04244	950
2025-01-31 17:45:00	1.04245	1.04247	1.04134	1.04177	1420
2025-01-31 17:50:00	1.04172	1.04234	1.0417	1.04207	1117
2025-01-31 17:55:00	1.04208	1.04208	1.04175	1.04197	1193
2025-01-31 18:00:00	1.04198	1.04211	1.04161	1.04188	994
2025-01-31 18:05:00	1.04189	1.04209	1.04164	1.04165	827
2025-01-31 18:10:00	1.04167	1.04212	1.04165	1.04194	563
2025-01-31 18:15:00	1.04196	1.04217	1.03933	1.03949	1030
2025-01-31 18:20:00	1.03946	1.04051	1.0389	1.03913	3258
2025-01-31 18:25:00	1.03911	1.03921	1.03735	1.03824	3871
2025-01-31 18:30:00	1.03821	1.03821	1.03614	1.03676	1925
2025-01-31 18:35:00	1.03674	1.03739	1.03641	1.03717	1814
2025-01-31 18:40:00	1.03719	1.03862	1.03694	1.03787	2038
2025-01-31 18:45:00	1.03787	1.03847	1.03787	1.03828	1577
2025-01-31 18:50:00	1.03829	1.03837	1.03718	1.03766	2159
2025-01-31 18:55:00	1.03765	1.0378	1.03682	1.03696	1892
2025-01-31 19:00:00	1.03696	1.03725	1.03668	1.03674	2321
2025-01-31 19:05:00	1.03677	1.03698	1.03643	1.03644	1581
2025-01-31 19:10:00	1.03648	1.0371	1.03645	1.03695	1291
2025-01-31 19:15:00	1.03695	1.03706	1.03673	1.03687	1117
2025-01-31 19:20:00	1.03689	1.03702	1.03656	1.03702	1286
2025-01-31 19:25:00	1.03703	1.03731	1.03678	1.03711	1601
2025-01-31 19:30:00	1.0371	1.03741	1.03685	1.03705	969
2025-01-31 19:35:00	1.03707	1.03714	1.03652	1.03678	818
2025-01-31 19:40:00	1.03678	1.03724	1.03675	1.03683	820
2025-01-31 19:45:00	1.03685	1.03753	1.03666	1.03734	1156
2025-01-31 19:50:00	1.03734	1.03789	1.03731	1.03779	1056
2025-01-31 19:55:00	1.03778	1.03781	1.03747	1.03763	1077
2025-01-31 20:00:00	1.03763	1.03763	1.03707	1.03716	1194
2025-01-31 20:05:00	1.03715	1.03728	1.03677	1.03723	993
2025-01-31 20:10:00	1.03723	1.03771	1.03721	1.03758	547
2025-01-31 20:15:00	1.03759	1.03764	1.03703	1.0371	1096
2025-01-31 20:20:00	1.0371	1.03747	1.03705	1.03745	554
2025-01-31 20:25:00	1.03746	1.03756	1.03717	1.03752	751
2025-01-31 20:30:00	1.03749	1.03776	1.03749	1.03767	275
2025-01-31 20:35:00	1.03765	1038	1.03764	1.03779	409
2025-01-31 20:40:00	1.03778	1.03793	1.03766	1.03783	461
2025-01-31 20:45:00	1.03785	1.03817	1.03784	1.03807	223
2025-01-31 20:50:00	1.03811	1.03817	1.03626	1.03658	1967
2025-01-31 20:55:00	1.03658	1.03749	1.03636	1.03734	1699
2025-01-31 21:00:00	1.03735	1.03784	1.03729	1.03777	986
2025-01-31 21:05:00	1.03778	1.0387	1.03642	1.03662	1763
2025-01-31 21:10:00	1.03663	1.03663	1.03496	1.03521	4511
2025-01-31 21:15:00	1.03524	1.03612	1.03524	1.03593	1034
2025-01-31 21:20:00	1.03592	1.03637	1.03592	1.03618	708
2025-01-31 21:25:00	1.03618	1.0369	1.03597	1.03662	651
2025-01-31 21:30:00	1.03663	1.03667	1.03595	1.03636	762
2025-01-31 21:35:00	1.03636	1.03636	1.0358	1.03607	548
2025-01-31 21:40:00	1.03607	1.03618	1.03565	1.03596	484
2025-01-31 21:45:00	1.03596	1.03631	1.0359	1.0362	391
2025-01-31 21:50:00	1.03619	1.03625	1.03573	1.0358	602
2025-01-31 21:55:00	1.03579	1.0361	1.03563	1.03602	601
2025-02-02 22:00:00	1.02327	1.02493	1.02324	1.02419	142
2025-02-02 22:05:00	1.02413	1.02494	1.02411	1.02469	351
2025-02-02 22:10:00	1.02467	1.02567	1.02464	1.02543	455
2025-02-02 22:15:00	1.02542	1.02554	1.02502	1.02523	488
2025-02-02 22:20:00	1.02521	1.02532	1.02507	1.02507	240
2025-02-02 22:25:00	1.02516	1.02516	1.02495	1.02509	196
2025-02-02 22:30:00	1.0251	1.02511	1.0246	1.02479	183
2025-02-02 22:35:00	1.02479	1.02483	1.0247	1.02479	305
2025-02-02 22:40:00	1.02482	1.02534	1.02474	1.02533	423
2025-02-02 22:45:00	1.02534	1.02572	1.0253	1.02553	312
2025-02-02 22:50:00	1.02552	1.02572	1.02483	1.02521	764
2025-02-02 22:55:00	1.02522	1.02526	1.02493	1.02508	343
2025-02-02 23:00:00	1.02509	1.02563	1.02344	1.02489	2009
2025-02-02 23:05:00	1025	1.02698	1025	1.02625	2927
2025-02-02 23:10:00	1.02627	1.02658	1.02472	1.02479	2432
2025-02-02 23:15:00	1.02474	1.02521	1.02424	1.02502	1444
2025-02-02 23:20:00	1.02503	1.02571	1.02399	1.02418	1619
2025-02-02 23:25:00	1.0242	1.02446	1.02347	1.02406	1234
2025-02-02 23:30:00	1.02413	1.0254	1.02413	1.02464	1288
2025-02-02 23:35:00	1.02462	1.02482	1.02377	1.02385	1026
2025-02-02 23:40:00	1.02384	1.02471	1.02359	1.02471	771
2025-02-02 23:45:00	1.02472	1.02577	1.02464	1.02485	1006
2025-02-02 23:50:00	1.02488	1.02538	1.02463	1.0249	663
2025-02-02 23:55:00	1.02495	1.02495	1.02447	1.02467	638
2025-02-03 00:00:00	1.02467	1.02625	1.0243	1.02596	1177
2025-02-03 00:05:00	1.02594	1.02665	1.0258	1.02634	869
2025-02-03 00:10:00	1.02633	1.02671	1.02565	1.02568	852
2025-02-03 00:15:00	1.02567	1.02578	1.02452	1.02475	1207
2025-02-03 00:20:00	1.02474	1.02474	1.02103	1.02197	2844
2025-02-03 00:25:00	1.02196	1.02366	1.0218	1.02365	2153
2025-02-03 00:30:00	1.02368	1.02436	1.02325	1.02344	1590
2025-02-03 00:35:00	1.02346	1.02357	1.02269	1.02275	1017
2025-02-03 00:40:00	1.02275	1.02349	1.02263	1.02287	1170
2025-02-03 00:45:00	1.02286	1.02389	1.02285	1.02331	1125
2025-02-03 00:50:00	1.0233	1.02346	1.02198	1.02198	1541
2025-02-03 00:55:00	1.02197	1.02317	1.02197	1.02316	1112
2025-02-03 01:00:00	1.02317	1.02328	1.02217	1.0226	1605
2025-02-03 01:05:00	1.02264	1.02366	1.02257	1.02335	1453
2025-02-03 01:10:00	1.02334	1.02382	1.02325	1.02349	1206
2025-02-03 01:15:00	1.02349	1.02429	1.0233	1.02411	1209
2025-02-03 01:20:00	1.02411	1.02459	1.02397	1.0242	955
2025-02-03 01:25:00	1.0242	1.02519	1.02406	1.02481	1188
2025-02-03 01:30:00	1.02481	1.0252	1.02431	1.02468	1136
2025-02-03 01:35:00	1.02467	1.02479	1.02433	1.0244	823
2025-02-03 01:40:00	1.0244	1.02465	1.02414	1.02463	771
2025-02-03 01:45:00	1.02461	1.02468	1.0241	1.02411	706
2025-02-03 01:50:00	1.02413	1.02441	1.02375	1.02381	938
2025-02-03 01:55:00	1.02379	1.02387	1.02358	1.02375	866
2025-02-03 02:00:00	1.02376	1.02377	1.02288	1.02292	1116
2025-02-03 02:05:00	1.02292	1.02306	1.02228	1.02258	1113
2025-02-03 02:10:00	1.02261	1.02306	1.02236	1.02289	1020
2025-02-03 02:15:00	1.02286	1.02325	1.02265	1.0232	818
2025-02-03 02:20:00	1.02321	1.02333	1.02283	1.02331	731
2025-02-03 02:25:00	1.02332	1.02349	1.02307	1.02311	653
2025-02-03 02:30:00	1.02312	1.02313	1.02236	1.02248	834
2025-02-03 02:35:00	1.0225	1.0229	1.02237	1.02258	926
2025-02-03 02:40:00	1.0226	1.02289	1.02247	1.02271	786
2025-02-03 02:45:00	1.02272	1023	1.02257	1.02265	632
2025-02-03 02:50:00	1.02265	1.02265	1.02207	1.02221	725
2025-02-03 02:55:00	1.02221	1.02268	1.02221	1.02234	770
2025-02-03 03:00:00	1.02235	1.02247	1.02221	1.02236	495
2025-02-03 03:05:00	1.02237	1.02241	1.02189	1.02195	627
2025-02-03 03:10:00	1.02195	1.02216	1.02152	1.02152	596
2025-02-03 03:15:00	1.02152	1.02195	1.0215	1.02194	816
2025-02-03 03:20:00	1.02194	1.02194	1.02161	1.02168	483
2025-02-03 03:25:00	1.02169	1022	1.02163	1.02191	711
2025-02-03 03:30:00	1.02191	1.02197	1.02161	1.02168	641
2025-02-03 03:35:00	1.02168	1.02169	1.0212	1.02122	448
2025-02-03 03:40:00	1.02121	1.02149	1.0212	1.02147	399
2025-02-03 03:45:00	1.02148	1.02167	1.0214	1.0216	723
2025-02-03 03:50:00	1.02161	1.02237	1.0216	1.02232	757
2025-02-03 03:55:00	1.02233	1.02238	1.02205	1.02211	537
2025-02-03 04:00:00	1.02211	1.02394	1.02203	1.02328	1657
2025-02-03 04:05:00	1.02326	1.02328	1.02259	1.02288	1329
2025-02-03 04:10:00	1.02287	1.02314	1.02257	1.02314	772
2025-02-03 04:15:00	1.02314	1.02314	1.02268	1.02269	552
2025-02-03 04:20:00	1.02268	1.02268	1.02221	1.02243	614
2025-02-03 04:25:00	1.02242	1.02268	1.02236	1.02238	519
2025-02-03 04:30:00	1.0224	1.02265	1.02218	1.02254	416
2025-02-03 04:35:00	1.02253	1.0227	1.02243	1.02248	593
2025-02-03 04:40:00	1.02248	1.02265	1.0223	1.02237	405
2025-02-03 04:45:00	1.02236	1.02249	1.02213	1.02245	462
2025-02-03 04:50:00	1.02247	1.02257	1.02236	1.0225	306
2025-02-03 04:55:00	1.0225	1.02281	1.02246	1.02264	285
2025-02-03 05:00:00	1.02266	1.02301	1.02255	1.02293	475
2025-02-03 05:05:00	1.02293	1.02342	1.02287	1.02314	544
2025-02-03 05:10:00	1.02314	1.02354	1.02304	1.02338	721
2025-02-03 05:15:00	1.0234	1.02383	1.02334	1.0238	643
2025-02-03 05:20:00	1.02382	1.02395	1.02374	1.02385	515
2025-02-03 05:25:00	1.02385	1.02397	1.02368	1.02384	423
2025-02-03 05:30:00	1.02384	1.0241	1.0237	1.02384	483
2025-02-03 05:35:00	1.02383	1.02392	1.02372	1.02378	437
2025-02-03 05:40:00	1.02377	1.02384	1.02361	1.02364	520
2025-02-03 05:45:00	1.02364	1.02402	1.0236	1024	366
2025-02-03 05:50:00	1.02399	1.02427	1.02389	1.02423	499
2025-02-03 05:55:00	1.02422	1.02432	1024	1.02402	651
2025-02-03 06:00:00	1024	1.02464	1.02394	1.02429	522
2025-02-03 06:05:00	1.02428	1.02446	1.02423	1.02439	531
2025-02-03 06:10:00	1.0244	1.02479	1.02421	1.02473	508
2025-02-03 06:15:00	1.02473	1.0249	1.02439	1.02441	519
2025-02-03 06:20:00	1.02442	1.02485	1.02437	1.02471	614
2025-02-03 06:25:00	1.02467	1.02468	1.02444	1.02459	625
2025-02-03 06:30:00	1.0246	1.02506	1.02455	1.02488	784
2025-02-03 06:35:00	1.02487	1.02492	1.0245	1.02479	389
2025-02-03 06:40:00	1.02482	1.02515	1.02473	1.02474	547
2025-02-03 06:45:00	1.02474	1.02509	1.02469	1.02488	588
2025-02-03 06:50:00	1.02488	1025	1.02433	1.02456	683
2025-02-03 06:55:00	1.02457	1.02467	1.02414	1.02428	619
2025-02-03 07:00:00	1.02428	1.02491	1.02419	1.02472	1260
2025-02-03 07:05:00	1.02471	1.02475	1.02428	1.02432	771
2025-02-03 07:10:00	1.02431	1.02438	1.02341	1.02433	964
2025-02-03 07:15:00	1.02434	1.02443	1.02336	1.02355	873
2025-02-03 07:20:00	1.02352	1.02353	1.0232	1.02325	842
2025-02-03 07:25:00	1.02326	1.02338	1.02273	1.02329	925
2025-02-03 07:30:00	1.02326	1.02344	1.02279	1.02283	861
2025-02-03 07:35:00	1.02281	1.02318	1.02271	1.02292	641
2025-02-03 07:40:00	1.02292	1.02293	1.02227	1.02286	838
2025-02-03 07:45:00	1.02286	1.02413	1.02282	1.02396	1019
2025-02-03 07:50:00	1.02396	1.02396	1.02267	1.0227	929
2025-02-03 07:55:00	1.02269	1.02273	1.02217	1.02247	1078
2025-02-03 08:00:00	1.02248	1.02274	1.02156	1.02172	1808
2025-02-03 08:05:00	1.02173	1.02205	1.02126	1.0216	1418
2025-02-03 08:10:00	1.02159	1.02242	1.0214	1.02235	831
2025-02-03 08:15:00	1.02235	1.02298	1.02207	1.02291	565
2025-02-03 08:20:00	1.0229	1.02388	1.02283	1.02366	1288
2025-02-03 08:25:00	1.02367	1.02439	1.02351	1.02428	1056
2025-02-03 08:30:00	1.02427	1.0251	1.02412	1.02502	1219
2025-02-03 08:35:00	1.02502	1.02506	1.02407	1.0241	1378
2025-02-03 08:40:00	1.02408	1.02451	1.02371	1.02439	1213
2025-02-03 08:45:00	1.02438	1.02479	1.02431	1.02467	888
2025-02-03 08:50:00	1.02468	1.02483	1.02397	1.02415	816
2025-02-03 08:55:00	1.02415	1.02488	1.0241	1.02433	770
2025-02-03 09:00:00	1.02433	1.02502	1.02413	1.02441	986
2025-02-03 09:05:00	1.02441	1.02486	1.02428	1.02482	619
2025-02-03 09:10:00	1.02481	1.02509	1.02452	1.02494	738
2025-02-03 09:15:00	1.02493	1.0251	1.02458	1.02473	636
2025-02-03 09:20:00	1.0247	1.02476	1.02408	1.02436	610
2025-02-03 09:25:00	1.02435	1.02513	1.02434	1.02509	613
2025-02-03 09:30:00	1.0251	1.02539	1.0249	1.02529	521
2025-02-03 09:35:00	1.02527	1.02543	1025	1.02519	565
2025-02-03 09:40:00	1.02519	1.02519	1.0241	1.02415	653
2025-02-03 09:45:00	1.02412	1.02412	1.02296	1.02307	839
2025-02-03 09:50:00	1.02306	1.02353	1.02282	1.02284	668
2025-02-03 09:55:00	1.02282	1.02314	1.02255	1.02303	687
2025-02-03 10:00:00	1.02304	1.02343	1.02298	1.0233	958
2025-02-03 10:05:00	1.0233	1.02398	1.02328	1.0239	613
2025-02-03 10:10:00	1.0239	1.02411	1.02346	1.02397	580
2025-02-03 10:15:00	1024	1.02431	1.02397	1.02417	520
2025-02-03 10:20:00	1.02418	1.02429	1.02333	1.02362	493
2025-02-03 10:25:00	1.02361	1.02376	1.02323	1.02369	473
2025-02-03 10:30:00	1.02371	1.02413	1.02364	1.02406	557
2025-02-03 10:35:00	1.02403	1.02404	1.02362	1.02378	547
2025-02-03 10:40:00	1.02381	1.02404	1.02361	1.02387	544
2025-02-03 10:45:00	1.02391	1.02425	1.02389	1.02419	452
2025-02-03 10:50:00	1.02419	1.02436	1.02402	1.02428	609
2025-02-03 10:55:00	1.02429	1.02442	1.02411	1.02435	654
2025-02-03 11:00:00	1.02434	1.02465	1.02419	1.02428	817
2025-02-03 11:05:00	1.02427	1.02493	1.02424	1.02472	779
2025-02-03 11:10:00	1.0247	1.02496	1.02458	1.02467	583
2025-02-03 11:15:00	1.0247	1.0248	1.02435	1.02467	402
2025-02-03 11:20:00	1.02469	1.02478	1.02442	1.02458	347
2025-02-03 11:25:00	1.02458	1.02461	1.02392	1.02392	483
2025-02-03 11:30:00	1.0239	1.02429	1.02362	1.02427	598
2025-02-03 11:35:00	1.02425	1.02448	1.02396	1.02448	409
2025-02-03 11:40:00	1.02446	1.0249	1.02429	1.02489	490
2025-02-03 11:45:00	1.02488	1.02506	1.02482	1025	525
2025-02-03 11:50:00	1025	1.02515	1.02473	1.02513	536
2025-02-03 11:55:00	1.02512	1.02557	1.02496	1.02522	720
2025-02-03 12:00:00	1.02521	1.02525	1.02514	1.02518	720
2025-02-03 12:05:00	1.02518	1.02524	1.02515	1.0252	917
2025-02-03 12:10:00	1.0252	1.02541	1.02519	1.02535	1030
2025-02-03 12:15:00	1.02538	1.0258	1.02532	1.02564	1953
2025-02-03 12:20:00	1.02564	1.02634	1.02561	1.0263	1653
2025-02-03 12:25:00	1.0263	1.0275	1.02619	1.02711	939
2025-02-03 12:30:00	1.02713	1.02778	1.02675	1.02765	1273
2025-02-03 12:35:00	1.02765	1.02777	1.02704	1.0272	838
2025-02-03 12:40:00	1.02723	1.02726	1.02657	1.02683	1071
2025-02-03 12:45:00	1.02685	1.02688	1.02664	1.02671	658
2025-02-03 12:50:00	1.0267	1.02677	1.0259	1.0259	1120
2025-02-03 12:55:00	1.02591	1.02595	1.02534	1.02576	1249
2025-02-03 13:00:00	1.02574	1.02775	1.02574	1.02747	851
2025-02-03 13:05:00	1.02744	1.02874	1.02698	1.02735	3645
2025-02-03 13:10:00	1.02735	1.02781	1.02683	1.02774	2084
2025-02-03 13:15:00	1.02774	1.02809	1.02724	1.02744	1702
2025-02-03 13:20:00	1.02744	1.02782	1.02705	1.02726	1546
2025-02-03 13:25:00	1.02726	1.0273	1.0269	1027	1016
2025-02-03 13:30:00	1027	1.02706	1.02659	1.02689	1103
2025-02-03 13:35:00	1.02689	1.02689	1.02646	1.02657	1160
2025-02-03 13:40:00	1.02657	1.02663	1.02592	1.02616	945
2025-02-03 13:45:00	1.02616	1.02652	1.02598	1.02626	895
2025-02-03 13:50:00	1.02627	1.02648	1.02604	1.02638	854
2025-02-03 13:55:00	1.02637	1.02646	1026	1.02638	911
2025-02-03 14:00:00	1.02636	1.02641	1.0253	1.02535	973
2025-02-03 14:05:00	1.02534	1.02562	1.02523	1.02554	792
2025-02-03 14:10:00	1.02556	1.02615	1.02518	1.02613	1215
2025-02-03 14:15:00	1.02613	1.02657	1.02611	1.02614	1031
2025-02-03 14:20:00	1.02615	1.02631	1.02553	1.02627	920
2025-02-03 14:25:00	1.02628	1.02638	1.02589	1.02602	863
2025-02-03 14:30:00	1.02605	1.0262	1.02553	1.02614	1177
2025-02-03 14:35:00	1.02615	1.02638	1.02529	1.02577	1350
2025-02-03 14:40:00	1.02579	1.02605	1.02553	1.02588	1049
2025-02-03 14:45:00	1.02587	1.02596	1.02479	1.02493	1297
2025-02-03 14:50:00	1.02494	1.02527	1.02482	1025	1427
2025-02-03 14:55:00	1025	1.0252	1.02471	1.02503	1047
2025-02-03 15:00:00	1.02501	1.02501	1.02447	1.02452	1689
2025-02-03 15:05:00	1.02454	1.0257	1.02434	1.02536	2130
2025-02-03 15:10:00	1.02535	1.02595	1.02534	1.02549	1946
2025-02-03 15:15:00	1.02551	1.02604	1.02539	1.02574	1636
2025-02-03 15:20:00	1.02572	1.03207	1.02537	1.03133	3983
2025-02-03 15:25:00	1.03131	1.03153	1.02921	1.03015	5240
2025-02-03 15:30:00	1.03019	1.0317	1.02974	1.03135	4315
2025-02-03 15:35:00	1.03135	1.03226	1.03042	1.03063	4183
2025-02-03 15:40:00	1.03077	1.03351	1.02988	1.03276	4147
2025-02-03 15:45:00	1.03274	1.0328	1.0308	1.0314	3026
2025-02-03 15:50:00	1.03146	1.03254	1.03125	1.03145	3475
2025-02-03 15:55:00	1.03144	1.03192	1.03108	1.03161	2157
2025-02-03 16:00:00	1.03162	1.03211	1.02947	1.03106	3873
2025-02-03 16:05:00	1.03107	1.03125	1.02982	1.03052	3906
2025-02-03 16:10:00	1.03053	1.03182	1.03053	1.03172	3476
2025-02-03 16:15:00	1.03173	1.03212	1.03156	1.03183	814
2025-02-03 16:20:00	1.03184	1.03194	1.03102	1.03165	1248
2025-02-03 16:25:00	1.03164	1.03175	1.03009	1.03041	1802
2025-02-03 16:30:00	1.0304	1.03085	1.03018	1.03072	1636
2025-02-03 16:35:00	1.03073	1.03116	1.03037	1.03076	964
2025-02-03 16:40:00	1.0308	1.03097	1.0303	1.03035	1363
2025-02-03 16:45:00	1.03034	1.03051	1.02931	1.02947	1067
2025-02-03 16:50:00	1.02947	1.03005	1.02935	1.02964	1448
2025-02-03 16:55:00	1.02964	1.02976	1.02726	1.02757	2856
2025-02-03 17:00:00	1.02759	1.02863	1.02714	1.02824	1955
2025-02-03 17:05:00	1.02829	1.02863	1.02789	1.02826	1377
2025-02-03 17:10:00	1.02826	1.02884	1.02804	1.02825	1489
2025-02-03 17:15:00	1.02825	1.02838	1.02788	1.02796	1114
2025-02-03 17:20:00	1.02796	1.0284	1.02766	1.02836	1245
2025-02-03 17:25:00	1.02834	1.02875	1.02823	1.02855	851
2025-02-03 17:30:00	1.02856	1.0289	1.02843	1.02861	841
2025-02-03 17:35:00	1.02857	1.02878	1.02826	1.02834	1000
2025-02-03 17:40:00	1.0283	1.02864	1.02807	1.02841	1126
2025-02-03 17:45:00	1.02841	1.02855	1.02816	1.02843	714
2025-02-03 17:50:00	1.02844	1.02894	1.02843	1.02871	481
2025-02-03 17:55:00	1.02872	1.03027	1.02715	1.02792	3625
2025-02-03 18:00:00	1.02793	1.02851	1.02699	1.02818	1770
2025-02-03 18:05:00	1.02817	1.02857	1.02751	1.0277	1990
2025-02-03 18:10:00	1.02769	1.02873	1.02752	1.02823	1542
2025-02-03 18:15:00	1.02825	1.02865	1.02818	1.0284	1224
2025-02-03 18:20:00	1.02841	1.02871	1.02806	1.02824	1035
2025-02-03 18:25:00	1.02824	1.02839	1.02783	1.02794	1205
2025-02-03 18:30:00	1.02795	1.02817	1.02762	1.02789	754
2025-02-03 18:35:00	1.02787	1028	1.02752	1.02783	724
2025-02-03 18:40:00	1.02781	1.02782	1.02735	1.02771	749
2025-02-03 18:45:00	1.0277	1.02793	1.02745	1.02772	695
2025-02-03 18:50:00	1.02773	1.02782	1.02754	1.0278	527
2025-02-03 18:55:00	1.0278	1028	1.02766	1.02783	580
2025-02-03 19:00:00	1.02782	1.02841	1.02782	1.02831	632
2025-02-03 19:05:00	1.02829	1.02855	1.02821	1.02828	470
2025-02-03 19:10:00	1.02827	1.02909	1.02823	1.02907	543
2025-02-03 19:15:00	1.02908	1.02932	1.02899	1.02919	622
2025-02-03 19:20:00	1.02919	1.02968	1.02917	1.0296	451
2025-02-03 19:25:00	1.02958	1.0296	1.0292	1.02922	545
2025-02-03 19:30:00	1.02921	1.02938	1.02871	1.02873	511
2025-02-03 19:35:00	1.02873	1.02886	1.02859	1.02875	592
2025-02-03 19:40:00	1.02874	1.02884	1.02859	1.0287	483
2025-02-03 19:45:00	1.02868	1.02885	1.02852	1.02864	461
2025-02-03 19:50:00	1.02865	1029	1.02864	1.02891	438
2025-02-03 19:55:00	1.02892	1.02894	1.0285	1.02851	343
2025-02-03 20:00:00	1.02844	1.02872	1.02826	1.02871	404
2025-02-03 20:05:00	1.0287	1029	1.02866	1.02898	159
2025-02-03 20:10:00	1.02897	1.0293	1.02886	1.02916	454
2025-02-03 20:15:00	1.02915	1.02951	1.02914	1.02949	310
2025-02-03 20:20:00	1.0295	1.02964	1.02948	1.02964	323
2025-02-03 20:25:00	1.02962	1.02962	1.02938	1.02952	330
2025-02-03 20:30:00	1.02951	1.02966	1.02945	1.02954	355
2025-02-03 20:35:00	1.02953	1.02991	1.02946	1.02964	291
2025-02-03 20:40:00	1.02963	1.02978	1.0295	1.02965	364
2025-02-03 20:45:00	1.02966	1.02979	1.02948	1.02963	328
2025-02-03 20:50:00	1.02964	1.02985	1.02937	1.02943	444
2025-02-03 20:55:00	1.0294	1.02965	1.02931	1.02951	420
2025-02-03 21:00:00	1.02952	1.02955	1.02931	1.02937	370
2025-02-03 21:05:00	1.02938	1.02942	1.02933	1.02939	262
2025-02-03 21:10:00	1.02939	1.02948	1.02926	1.02936	189
2025-02-03 21:15:00	1.02936	1.03037	1.02933	1.02996	386
2025-02-03 21:20:00	1.02995	1.03118	1.02989	1.03031	1046
2025-02-03 21:25:00	1.03033	1.03078	1.03023	1.03073	404
2025-02-03 21:30:00	1.03073	1.03108	1.0306	1.03108	297
2025-02-03 21:35:00	1.03106	1.03364	1.03096	1.03354	2339
2025-02-03 21:40:00	1.03353	1.03494	1.03322	1.0338	1422
2025-02-03 21:45:00	1.0338	1.03497	1.03369	1.03417	1045
2025-02-03 21:50:00	1.03417	1.03457	1.03322	1.03341	705
2025-02-03 21:55:00	1.03343	1.03437	1.03343	1.03425	917
2025-02-03 22:00:00	1.03423	1.03423	1.0335	1.03358	101
2025-02-03 22:05:00	1.03361	1.03404	1.03302	1.0332	412
2025-02-03 22:10:00	1.03319	1.03406	1.03308	1.03309	416
2025-02-03 22:15:00	1.03309	1.03397	1.03296	1.03331	237
2025-02-03 22:20:00	1.03331	1.03454	1.0333	1.03412	863
2025-02-03 22:25:00	1.03406	1.03459	1.03406	1.03457	106
2025-02-03 22:30:00	1.03457	1.03457	1.0341	1.03422	95
2025-02-03 22:35:00	1.03424	1.03438	1.03421	1.03431	91
2025-02-03 22:40:00	1.03432	1.03432	1.03424	1.03427	18
2025-02-03 22:45:00	1.03429	1.03432	1.03416	1.03431	48
2025-02-03 22:50:00	1.03426	1.03427	1.03423	1.03425	25
2025-02-03 22:55:00	1.03425	1.03426	1.03406	1.0341	69
2025-02-03 23:00:00	1.03413	1.03442	1.03406	1.03431	311
2025-02-03 23:05:00	1.03436	1.03495	1.03429	1.0348	672
2025-02-03 23:10:00	1.03484	1.03503	1.03453	1.03455	242
2025-02-03 23:15:00	1.03454	1.03456	1.03408	1.03409	297
2025-02-03 23:20:00	1.03406	1.03413	1.03381	1.03394	278
2025-02-03 23:25:00	1.03396	1.03396	1.03365	1.03377	227
2025-02-03 23:30:00	1.03379	1.03379	1.03336	1.03339	354
2025-02-03 23:35:00	1.0334	1.03351	1.03325	1.0333	312
2025-02-03 23:40:00	1.03331	1.03331	1.03312	1.0332	290
2025-02-03 23:45:00	1.0332	1.03324	1.03283	1.03297	329
2025-02-03 23:50:00	1.03299	1.03312	1.03281	1.03281	279
2025-02-03 23:55:00	1.03281	1.0329	1.03262	1.03279	203
2025-02-04 00:00:00	1.03279	1.03309	1.03245	1.03249	379
2025-02-04 00:05:00	1.0325	1.0325	1.03219	1.03229	292
2025-02-04 00:10:00	1.0323	1.03231	1.03209	1.03221	333
2025-02-04 00:15:00	1.03221	1.03245	1.03221	1.03227	302
2025-02-04 00:20:00	1.03225	1.03247	1.03212	1.03221	257
2025-02-04 00:25:00	1.03223	1.03237	1.03221	1.03229	143
2025-02-04 00:30:00	1.03228	1.03234	1.03207	1.03207	200
2025-02-04 00:35:00	1.03212	1.03224	1.03183	1.03188	194
2025-02-04 00:40:00	1.03186	1.03204	1.03173	1.03197	222
2025-02-04 00:45:00	1.03196	1.03201	1.03165	1.03167	259
2025-02-04 00:50:00	1.03166	1.03186	1.0316	1.03183	439
2025-02-04 00:55:00	1.03185	1.03192	1.03167	1.03177	296
2025-02-04 01:00:00	1.03175	1.03178	1.03152	1.03156	379
2025-02-04 01:05:00	1.03157	1.03173	1.03153	1.03157	351
2025-02-04 01:10:00	1.03157	1.03163	1.03105	1.03116	818
2025-02-04 01:15:00	1.03119	1.03144	1.03099	1031	672
2025-02-04 01:20:00	1.03101	1.03113	1.03083	1.03111	619
2025-02-04 01:25:00	1.0311	1.03165	1.0311	1.03153	527
2025-02-04 01:30:00	1.03155	1.03159	1.03123	1.03126	615
2025-02-04 01:35:00	1.03126	1.03139	1.03099	1.03119	439
2025-02-04 01:40:00	1.03119	1.03179	1.03119	1.03169	658
2025-02-04 01:45:00	1.03168	1.03193	1.03163	1.03187	604
2025-02-04 01:50:00	1.03185	1.03217	1.0318	1.03213	526
2025-02-04 01:55:00	1.03216	1.03224	1032	1.03218	543
2025-02-04 02:00:00	1.03216	1.03216	1.03187	1.03212	422
2025-02-04 02:05:00	1.03212	1.03229	1.03207	1.03228	475
2025-02-04 02:10:00	1.03227	1.03229	1.03206	1.03215	632
2025-02-04 02:15:00	1.03215	1.03215	1.03178	1.03181	371
2025-02-04 02:20:00	1.03182	1.03184	1.03164	1.03171	319
2025-02-04 02:25:00	1.03175	1.03192	1.03169	1.03179	346
2025-02-04 02:30:00	1.03178	1.03199	1.03165	1.03195	393
2025-02-04 02:35:00	1.03195	1.03198	1.03173	1.03187	509
2025-02-04 02:40:00	1.03187	1.03188	1.03167	1.03176	691
2025-02-04 02:45:00	1.03178	1.03217	1.03178	1.03206	702
2025-02-04 02:50:00	1.03208	1.03238	1.03208	1.03233	733
2025-02-04 02:55:00	1.03234	1.03236	1.03212	1.03218	752
2025-02-04 03:00:00	1.03218	1.03236	1.03203	1.03207	544
2025-02-04 03:05:00	1.03208	1.03238	1.03201	1.03225	677
2025-02-04 03:10:00	1.03224	1.0323	1.03208	1.03209	562
2025-02-04 03:15:00	1.03209	1.03215	1.03192	1.03194	248
2025-02-04 03:20:00	1.03194	1.0321	1.03179	1.03184	589
2025-02-04 03:25:00	1.03185	1.03203	1.03183	1.03192	387
2025-02-04 03:30:00	1.03194	1.03194	1.03156	1.03164	548
2025-02-04 03:35:00	1.03163	1.03176	1.03149	1.0315	365
2025-02-04 03:40:00	1.03151	1.03151	1.03115	1.03124	576
2025-02-04 03:45:00	1.03128	1.03135	1.0312	1.03127	539
2025-02-04 03:50:00	1.03126	1.03154	1.03125	1.03144	451
2025-02-04 03:55:00	1.03146	1.03158	1.03137	1.03146	404
2025-02-04 04:00:00	1.03148	1.0315	1.03122	1.03128	345
2025-02-04 04:05:00	1.03126	1.03129	1.0311	1.03111	265
2025-02-04 04:10:00	1.03114	1.0314	1.0311	1.03139	339
2025-02-04 04:15:00	1.0314	1.03145	1.03126	1.03129	317
2025-02-04 04:20:00	1.03129	1.03141	1.03122	1.03141	507
2025-02-04 04:25:00	1.03139	1.03149	1.03125	1.03135	468
2025-02-04 04:30:00	1.03135	1.03137	1.03111	1.03119	167
2025-02-04 04:35:00	1.03122	1.03132	1.03105	1.03106	272
2025-02-04 04:40:00	1.03107	1.03131	1.03102	1.03131	316
2025-02-04 04:45:00	1.0313	1.03132	1.03102	1.03102	478
2025-02-04 04:50:00	1.03102	1.03108	1.03062	1.03079	720
2025-02-04 04:55:00	1.03082	1.03082	1.03057	1.03057	635
2025-02-04 05:00:00	1.03056	1.03057	1.02947	1.02977	1748
2025-02-04 05:05:00	1.02976	1.02979	1.02773	1.02829	2571
2025-02-04 05:10:00	1.02827	1.02831	1.02721	1.02789	1477
2025-02-04 05:15:00	1.02789	1.02834	1.02761	1.02816	1380
2025-02-04 05:20:00	1.02816	1.02816	1.02763	1.02808	1060
2025-02-04 05:25:00	1.02808	1.02869	1.0279	1.0286	893
2025-02-04 05:30:00	1.02859	1.02916	1.02856	1.02902	869
2025-02-04 05:35:00	1.02901	1.02932	1.02896	1.02927	851
2025-02-04 05:40:00	1.02926	1.02944	1.02913	1.02932	678
2025-02-04 05:45:00	1.02934	1.02944	1.02912	1.02944	780
2025-02-04 05:50:00	1.02947	1.02973	1.02947	1.02953	653
2025-02-04 05:55:00	1.02952	1.02952	1.02919	1.02929	520
2025-02-04 06:00:00	1.0293	1.02979	1.02923	1.02955	353
2025-02-04 06:05:00	1.02956	1.02975	1.02937	1.02964	338
2025-02-04 06:10:00	1.02966	1.02977	1.02949	1.02967	451
2025-02-04 06:15:00	1.02965	1.02972	1.0294	1.02956	336
2025-02-04 06:20:00	1.02954	1.02972	1.0294	1.02958	410
2025-02-04 06:25:00	1.02958	1.02976	1.0294	1.02947	458
2025-02-04 06:30:00	1.02947	1.02958	1.0292	1.02952	486
2025-02-04 06:35:00	1.02951	1.02966	1.02929	1.02948	361
2025-02-04 06:40:00	1.02947	1.02962	1.02933	1.02945	437
2025-02-04 06:45:00	1.02943	1.02983	1.02942	1.02966	661
2025-02-04 06:50:00	1.02968	1.03035	1.02961	1.03018	588
2025-02-04 06:55:00	1.03017	1.03074	1.0301	1.03065	623
2025-02-04 07:00:00	1.03064	1.03064	1.03012	1.03012	621
2025-02-04 07:05:00	1.03012	1.03025	1.02997	1.0301	414
2025-02-04 07:10:00	1.03009	1.03067	1.03001	1.03048	500
2025-02-04 07:15:00	1.03047	1.03084	1.03043	1.03084	341
2025-02-04 07:20:00	1.03082	1.03087	1.03053	1.03069	477
2025-02-04 07:25:00	1.03068	1.03081	1.03047	1.03066	654
2025-02-04 07:30:00	1.03068	1.03085	1.03066	1.03079	428
2025-02-04 07:35:00	1.0308	1.03129	1.03066	1.03127	523
2025-02-04 07:40:00	1.03127	1.03168	1.03113	1.03156	621
2025-02-04 07:45:00	1.03156	1.03168	1.03134	1.03162	520
2025-02-04 07:50:00	1.0316	1.03171	1.03107	1.03118	618
2025-02-04 07:55:00	1.03119	1.03128	1.03097	1.0311	559
2025-02-04 08:00:00	1.03111	1.03165	1.03098	1.03112	1143
2025-02-04 08:05:00	1.0311	1.03185	1.03087	1.03153	880
2025-02-04 08:10:00	1.03153	1.03197	1.0311	1.03197	944
2025-02-04 08:15:00	1.03197	1.03233	1.03182	1.03222	806
2025-02-04 08:20:00	1.03224	1.03331	1.03192	1.03268	1418
2025-02-04 08:25:00	1.03265	1.03322	1.03253	1.03315	1016
2025-02-04 08:30:00	1.03312	1.03312	1.03271	1.03295	739
2025-02-04 08:35:00	1.03295	1.03298	1.03236	1.03274	926
2025-02-04 08:40:00	1.03276	1.03315	1.03269	1.03299	803
2025-02-04 08:45:00	1.03299	1.03299	1.03251	1.03254	838
2025-02-04 08:50:00	1.03251	1.03311	1.03234	1033	917
2025-02-04 08:55:00	1033	1.03351	1.03283	1.03342	778
2025-02-04 09:00:00	1.03341	1.03379	1.0332	1.03371	942
2025-02-04 09:05:00	1.03369	1.0341	1.03368	1.03403	671
2025-02-04 09:10:00	1.03406	1.03453	1.03405	1.03419	948
2025-02-04 09:15:00	1.03418	1.03448	1.03404	1.03443	823
2025-02-04 09:20:00	1.03443	1.03457	1.03435	1.03443	684
2025-02-04 09:25:00	1.03448	1.03475	1.03424	1.03473	772
2025-02-04 09:30:00	1.0347	1.03475	1.03437	1.03462	622
2025-02-04 09:35:00	1.03462	1.03494	1.03457	1.03479	788
2025-02-04 09:40:00	1.03478	1.03478	1.03409	1.03424	717
2025-02-04 09:45:00	1.03422	1.03461	1.03407	1.03409	522
2025-02-04 09:50:00	1.03405	1.03413	1.03388	1.0341	923
2025-02-04 09:55:00	1.03411	1.03444	1.03381	1.03385	763
2025-02-04 10:00:00	1.03383	1.03419	1.03366	1.03409	769
2025-02-04 10:05:00	1.0341	1.03426	1.03394	1.03403	469
2025-02-04 10:10:00	1.03403	1.03432	1.03403	1.03416	403
2025-02-04 10:15:00	1.03414	1.03414	1.03374	1.03376	419
2025-02-04 10:20:00	1.03376	1.03412	1.03375	1.03403	445
2025-02-04 10:25:00	1.03403	1.03414	1.03349	1.03358	685
2025-02-04 10:30:00	1.03357	1.03357	1.03283	1.0329	762
2025-02-04 10:35:00	1.03289	1.03309	1.03255	1.0327	746
2025-02-04 10:40:00	1.03274	1.03302	1.03251	1.03301	681
2025-02-04 10:45:00	1.03299	1.03317	1.03287	1.03307	577
2025-02-04 10:50:00	1.03306	1.03339	1.03306	1.03338	452
2025-02-04 10:55:00	1.03338	1.03358	1.03318	1.03348	658
2025-02-04 11:00:00	1.03349	1.03351	1.03289	1.0329	526
2025-02-04 11:05:00	1.0329	1.03303	1.03268	1.03271	523
2025-02-04 11:10:00	1.03271	1.03276	1.03248	1.03256	392
2025-02-04 11:15:00	1.03255	1.03273	1.0324	1.03242	506
2025-02-04 11:20:00	1.03242	1.03256	1.03228	1.03246	355
2025-02-04 11:25:00	1.03247	1.03273	1.03235	1.03247	568
2025-02-04 11:30:00	1.03245	1.03254	1.03222	1.03253	632
2025-02-04 11:35:00	1.03253	1.03267	1.03245	1.0325	418
2025-02-04 11:40:00	1.0325	1.03268	1.03247	1.03258	368
2025-02-04 11:45:00	1.03258	1.0327	1.03221	1.03248	547
2025-02-04 11:50:00	1.03248	1.03274	1.03237	1.03242	502
2025-02-04 11:55:00	1.03242	1.03243	1.03219	1.03221	495
2025-02-04 12:00:00	1.0322	1.03231	1.03203	1.03208	655
2025-02-04 12:05:00	1.03209	1.03225	1.03201	1.03205	519
2025-02-04 12:10:00	1.03204	1.03238	1.03204	1.03208	582
2025-02-04 12:15:00	1.03209	1.03246	1.03203	1.03245	540
2025-02-04 12:20:00	1.03246	1.0325	1.03211	1.03244	830
2025-02-04 12:25:00	1.03245	1.03254	1.03231	1.03249	689
2025-02-04 12:30:00	1.03249	1.03262	1.03225	1.03262	740
2025-02-04 12:35:00	1.03265	1.03281	1.03257	1.03263	593
2025-02-04 12:40:00	1.03263	1.03269	1.03232	1.03258	748
2025-02-04 12:45:00	1.0326	1.03267	1.03241	1.03261	644
2025-02-04 12:50:00	1.03262	1.03283	1.03257	1.03273	530
2025-02-04 12:55:00	1.03274	1.03274	1.03248	1.03251	918
2025-02-04 13:00:00	1.0325	1.03326	1.03236	1.03325	721
2025-02-04 13:05:00	1.03324	1.03357	1.0331	1.03352	596
2025-02-04 13:10:00	1.03351	1.03385	1.0334	1.03357	551
2025-02-04 13:15:00	1.0336	1.03393	1.0334	1.03369	590
2025-02-04 13:20:00	1.03362	1.03369	1.03315	1.03321	746
2025-02-04 13:25:00	1.03323	1.03346	1.03318	1.03338	599
2025-02-04 13:30:00	1.03338	1.03353	1.03297	1.03334	743
2025-02-04 13:35:00	1.03335	1.03342	1.0331	1.03317	639
2025-02-04 13:40:00	1.03317	1.0337	1.03296	1.0337	757
2025-02-04 13:45:00	1.03369	1.03369	1.03317	1.03345	811
2025-02-04 13:50:00	1.03347	1.03391	1.03343	1.03376	643
2025-02-04 13:55:00	1.03374	1.03403	1.03355	1.03403	806
2025-02-04 14:00:00	1.03404	1.03455	1.03399	1.03438	846
2025-02-04 14:05:00	1.03437	1.0353	1.03437	1.03527	917
2025-02-04 14:10:00	1.03524	1.03558	1.03496	1.03533	751
2025-02-04 14:15:00	1.03533	1.03593	1.03522	1.03557	840
2025-02-04 14:20:00	1.03558	1.03558	1.03468	1.03476	882
2025-02-04 14:25:00	1.03477	1.03501	1.03458	1.03495	798
2025-02-04 14:30:00	1.03494	1.03498	1.03452	1.03454	894
2025-02-04 14:35:00	1.03455	1.03487	1.03433	1.03484	1460
2025-02-04 14:40:00	1.03483	1.03519	1.0348	1.03512	922
2025-02-04 14:45:00	1.0351	1.03566	1.0349	1.03558	770
2025-02-04 14:50:00	1.0356	1.03661	1.03558	1.03622	1146
2025-02-04 14:55:00	1.03626	1.0363	1.03583	1.03594	933
2025-02-04 15:00:00	1.03592	1.03773	1.03582	1.03689	2784
2025-02-04 15:05:00	1.03687	1037	1.03602	1.03608	2210
2025-02-04 15:10:00	1.03607	1.03687	1.03576	1.03584	2183
2025-02-04 15:15:00	1.03588	1.03744	1.03588	1.03743	1757
2025-02-04 15:20:00	1.03743	1.03767	1.03699	1.03754	1573
2025-02-04 15:25:00	1.03754	1.03775	1.03693	1.03707	1642
2025-02-04 15:30:00	1.03707	1.03756	1.03684	1.03745	1430
2025-02-04 15:35:00	1.03745	1.03845	1.03743	1.03816	1520
2025-02-04 15:40:00	1.03816	1.03841	1.03778	1.03791	1041
2025-02-04 15:45:00	1.03788	1.03807	1.03758	1.03803	986
2025-02-04 15:50:00	1.03804	1.03857	1.03792	1.0385	1079
2025-02-04 15:55:00	1.0385	1.0385	1.03789	1.03799	1598
2025-02-04 16:00:00	1038	1.0384	1.03789	1.03822	1465
2025-02-04 16:05:00	1.03823	1.03857	1.03817	1.03846	1440
2025-02-04 16:10:00	1.03845	1.03854	1.0376	1.0376	1200
2025-02-04 16:15:00	1.03762	1.03814	1.03762	1.0377	980
2025-02-04 16:20:00	1.03768	1.03785	1.03734	1.03752	1194
2025-02-04 16:25:00	1.03754	1.03796	1.03731	1.03782	941
2025-02-04 16:30:00	1.03784	1.0379	1.03747	1.0375	811
2025-02-04 16:35:00	1.03751	1.03829	1.03748	1.03823	927
2025-02-04 16:40:00	1.03824	1.03851	1.03811	1.0382	833
2025-02-04 16:45:00	1.03823	1.03872	1.03819	1.03859	792
2025-02-04 16:50:00	1.03861	1.03861	1.03801	1.03805	951
2025-02-04 16:55:00	1.03805	1.03819	1.03776	1.03781	1004
2025-02-04 17:00:00	1.03782	1.03787	1.03751	1.03773	690
2025-02-04 17:05:00	1.03772	1.03779	1.03725	1.03728	843
2025-02-04 17:10:00	1.03728	1.03749	1.03725	1.03726	767
2025-02-04 17:15:00	1.03725	1.03775	1.03679	1.03682	1559
2025-02-04 17:20:00	1.03683	1.03724	1.03658	1.03708	1057
2025-02-04 17:25:00	1.03709	1.03734	1.03701	1.03721	1045
2025-02-04 17:30:00	1.03722	1.03735	1.03656	1.0372	1087
2025-02-04 17:35:00	1.03721	1.03746	1.03714	1.03728	785
2025-02-04 17:40:00	1.03728	1.03743	1.03716	1.03727	585
2025-02-04 17:45:00	1.03729	1.03739	1.03703	1.03723	721
2025-02-04 17:50:00	1.03723	1.03755	1.0372	1.03748	506
2025-02-04 17:55:00	1.03747	1.0378	1.03745	1.03765	620
2025-02-04 18:00:00	1.03765	1.03776	1.03742	1.03776	785
2025-02-04 18:05:00	1.03773	1.03798	1.0376	1.03796	401
2025-02-04 18:10:00	1.03795	1.03809	1.03783	1.03801	576
2025-02-04 18:15:00	1.03801	1.03818	1.0379	1.03795	367
2025-02-04 18:20:00	1.03796	1.03833	1.03795	1.03811	420
2025-02-04 18:25:00	1.0381	1.03814	1.03796	1.03796	436
2025-02-04 18:30:00	1.03797	1.03831	1.03797	1.03814	324
2025-02-04 18:35:00	1.03814	1.03818	1.03794	1.03797	363
2025-02-04 18:40:00	1.03797	1.0386	1.03795	1.03852	469
2025-02-04 18:45:00	1.03853	1.0386	1.0383	1.0384	373
2025-02-04 18:50:00	1.03842	1.03846	1.03824	1.03841	315
2025-02-04 18:55:00	1.0384	1.03841	1.03808	1.03808	375
2025-02-04 19:00:00	1.03812	1.03817	1.03788	1.03815	291
2025-02-04 19:05:00	1.03814	1.03823	1.03801	1.03804	272
2025-02-04 19:10:00	1.03808	1.03823	1.03805	1.03811	210
2025-02-04 19:15:00	1.03812	1.03818	1.03769	1.03793	507
2025-02-04 19:20:00	1.03791	1.03815	1.03789	1.03811	389
2025-02-04 19:25:00	1.03812	1.03817	1.03785	1038	342
2025-02-04 19:30:00	1.03801	1.03845	1.03801	1.03841	317
2025-02-04 19:35:00	1.03842	1.03849	1.03802	1.03803	328
2025-02-04 19:40:00	1.03802	1.03812	1.03786	1.03807	357
2025-02-04 19:45:00	1.03806	1.03815	1.03791	1.03815	403
2025-02-04 19:50:00	1.03816	1.03852	1.03808	1.03845	494
2025-02-04 19:55:00	1.03846	1.03846	1.03791	1.03816	825
2025-02-04 20:00:00	1.03817	1.03821	1.0379	1.03813	521
2025-02-04 20:05:00	1.0381	1.0382	1.03797	1.03812	390
2025-02-04 20:10:00	1.03815	1.03843	1.03811	1.03839	416
2025-02-04 20:15:00	1.03838	1.03849	1.0382	1.03829	293
2025-02-04 20:20:00	1.03828	1.03829	1.03804	1.03815	277
2025-02-04 20:25:00	1.0382	1.03832	1.03815	1.03829	294
2025-02-04 20:30:00	1.03829	1.03833	1.0381	1.0381	304
2025-02-04 20:35:00	1.03812	1.03825	1.03807	1.03821	249
2025-02-04 20:40:00	1.03819	1.0383	1.03813	1.03827	229
2025-02-04 20:45:00	1.03826	1.0383	1.03814	1.03824	276
2025-02-04 20:50:00	1.03823	1.03852	1.0382	1.03843	383
2025-02-04 20:55:00	1.03845	1.03857	1.03844	1.03852	371
2025-02-04 21:00:00	1.03851	1.03874	1.03837	1.03841	329
2025-02-04 21:05:00	1.03841	1.03841	1.03818	1.03835	149
2025-02-04 21:10:00	1.03835	1.03836	1.03825	1.0383	191
2025-02-04 21:15:00	1.03829	1.0383	1.03805	1.03806	119
2025-02-04 21:20:00	1.0381	1.03812	1.03781	1.03787	208
2025-02-04 21:25:00	1.03788	1.03793	1.03777	1.03783	173
2025-02-04 21:30:00	1.03785	1.03795	1.03779	1.03793	123
2025-02-04 21:35:00	1.03792	1.03798	1.03777	1.03779	95
2025-02-04 21:40:00	1.03782	1038	1.03779	1.03799	110
2025-02-04 21:45:00	1038	1.03806	1.03777	1.03784	406
2025-02-04 21:50:00	1.03782	1.03802	1.03778	1.03801	480
2025-02-04 21:55:00	1038	1.03802	1.03779	1.03783	638
2025-02-04 22:00:00	1.03783	1.03783	1.0373	1.03777	56
2025-02-04 22:05:00	1.03777	1.0378	1.0376	1.0377	99
2025-02-04 22:10:00	1.03767	1.03778	1.03767	1.03777	100
2025-02-04 22:15:00	1.03779	1.03795	1.03768	1.03769	109
2025-02-04 22:20:00	1.03777	1.03781	1.0376	1.03777	24
2025-02-04 22:25:00	1.0378	1.03786	1.03762	1.03783	75
2025-02-04 22:30:00	1.03782	1.0379	1.03778	1.03783	69
2025-02-04 22:35:00	1.03787	1.03796	1.03756	1.03757	68
2025-02-04 22:40:00	1.03756	1.03774	1.03727	1.03768	160
2025-02-04 22:45:00	1.03768	1.03783	1.03768	1.03782	119
2025-02-04 22:50:00	1.0378	1.03798	1.03779	1.03797	121
2025-02-04 22:55:00	1.03794	1.03797	1.0378	1.0378	262
2025-02-04 23:00:00	1.0378	1038	1.03761	1.03794	214
2025-02-04 23:05:00	1.03792	1.03802	1.03747	1.03758	146
2025-02-04 23:10:00	1.03759	1.03791	1.03759	1.03783	90
2025-02-04 23:15:00	1.03782	1.03793	1.03781	1.03783	78
2025-02-04 23:20:00	1.03783	1.03791	1.03778	1.03781	139
2025-02-04 23:25:00	1.03778	1.03786	1.0377	1.0377	167
2025-02-04 23:30:00	1.0377	1.03784	1.03769	1.03783	150
2025-02-04 23:35:00	1.03784	1.03785	1.03768	1.0377	104
2025-02-04 23:40:00	1.03771	1.03793	1.0377	1.03793	118
2025-02-04 23:45:00	1.03793	1.03793	1.0376	1.03762	213
2025-02-04 23:50:00	1.03762	1.03763	1.03731	1.03733	117
2025-02-04 23:55:00	1.03738	1.03743	1.03707	1.03712	229
2025-02-05 00:00:00	1.03712	1.03746	1.03712	1.03723	271
2025-02-05 00:05:00	1.03722	1.0373	1.03696	1.03701	176
2025-02-05 00:10:00	1.03698	1.03726	1.03698	1.03723	167
2025-02-05 00:15:00	1.03725	1.03738	1.0372	1.0373	126
2025-02-05 00:20:00	1.03732	1.03732	1.03709	1.03713	207
2025-02-05 00:25:00	1.03713	1.03754	1.03712	1.03751	195
2025-02-05 00:30:00	1.03752	1.03797	1.03744	1.03774	441
2025-02-05 00:35:00	1.03774	1.03817	1.03771	1.0379	493
2025-02-05 00:40:00	1.0379	1.03799	1.03782	1.03782	271
2025-02-05 00:45:00	1.03781	1.03802	1.03749	1.03749	365
2025-02-05 00:50:00	1.03747	1.03772	1.03743	1.03768	306
2025-02-05 00:55:00	1.03769	1.03796	1.03767	1.03786	322
2025-02-05 01:00:00	1.03787	1.03818	1.03782	1.03818	620
2025-02-05 01:05:00	1.03817	1.03829	1.03798	1.03811	389
2025-02-05 01:10:00	1.03807	1.03817	1.0379	1038	501
2025-02-05 01:15:00	1038	1.03848	1.03779	1.03781	785
2025-02-05 01:20:00	1.0378	1.03834	1.03773	1.03815	580
2025-02-05 01:25:00	1.03815	1.03864	1.03811	1.03848	470
2025-02-05 01:30:00	1.03848	1.0385	1.03789	1.03805	512
2025-02-05 01:35:00	1.03805	1.03805	1.03761	1.03772	626
2025-02-05 01:40:00	1.03771	1.03776	1.03751	1.03773	402
2025-02-05 01:45:00	1.03779	1.0378	1.0376	1.03769	401
2025-02-05 01:50:00	1.0377	1.03774	1.03737	1.03746	561
2025-02-05 01:55:00	1.03749	1.0375	1.0372	1.03732	598
2025-02-05 02:00:00	1.03733	1.0376	1.03728	1.03758	530
2025-02-05 02:05:00	1.03758	1.03777	1.03744	1.03777	618
2025-02-05 02:10:00	1.03778	1.03834	1.03778	1.0383	431
2025-02-05 02:15:00	1.03829	1.0383	1.03792	1.03807	691
2025-02-05 02:20:00	1.03806	1.0384	1.03806	1.03827	468
2025-02-05 02:25:00	1.03827	1.03831	1.03811	1.03831	545
2025-02-05 02:30:00	1.03834	1.03839	1.03823	1.03832	568
2025-02-05 02:35:00	1.03829	1.03836	1.03816	1.03833	314
2025-02-05 02:40:00	1.03832	1.03835	1.03817	1.03832	636
2025-02-05 02:45:00	1.0383	1.03837	1.03825	1.03831	494
2025-02-05 02:50:00	1.0383	1.03841	1.03823	1.03841	509
2025-02-05 02:55:00	1.03841	1.03848	1.03823	1.03843	728
2025-02-05 03:00:00	1.03843	1.0386	1.03811	1.03816	631
2025-02-05 03:05:00	1.03816	1.03827	1.03808	1.03822	434
2025-02-05 03:10:00	1.03823	1.0383	1.03809	1.03812	603
2025-02-05 03:15:00	1.03812	1.03832	1.03809	1.03824	385
2025-02-05 03:20:00	1.03823	1.03835	1.03812	1.03812	433
2025-02-05 03:25:00	1.03813	1.03843	1.03813	1.03839	175
2025-02-05 03:30:00	1.03839	1.03853	1.03825	1.0383	608
2025-02-05 03:35:00	1.03829	1.03853	1.03821	1.03847	525
2025-02-05 03:40:00	1.03847	1.03855	1.03837	1.0384	427
2025-02-05 03:45:00	1.03841	1.03844	1.03813	1.03817	345
2025-02-05 03:50:00	1.03818	1.03823	1.03809	1.0381	330
2025-02-05 03:55:00	1.0381	1.0381	1.03791	1.03794	309
2025-02-05 04:00:00	1.03795	1.03808	1.03786	1.03793	298
2025-02-05 04:05:00	1.03792	1.03811	1.03792	1.03808	209
2025-02-05 04:10:00	1.03808	1.03822	1.03806	1.03808	335
2025-02-05 04:15:00	1.03808	1.03821	1.03789	1.03794	356
2025-02-05 04:20:00	1.03796	1.03798	1.03778	1.03785	205
2025-02-05 04:25:00	1.03784	1.03795	1.03779	1.03781	245
2025-02-05 04:30:00	1.03783	1.03789	1.03775	1.03787	311
2025-02-05 04:35:00	1.03786	1.03791	1.03769	1.03771	274
2025-02-05 04:40:00	1.0377	1.03779	1.0376	1.03778	374
2025-02-05 04:45:00	1.03778	1.03785	1.03775	1.03783	306
2025-02-05 04:50:00	1.03782	1.03788	1.03778	1.03778	185
2025-02-05 04:55:00	1.03778	1.0379	1.03767	1.03784	312
2025-02-05 05:00:00	1.03784	1.03785	1.03745	1.03745	366
2025-02-05 05:05:00	1.03745	1.03761	1.03737	1.03755	313
2025-02-05 05:10:00	1.03753	1.03761	1.03748	1.0375	231
2025-02-05 05:15:00	1.0375	1.03764	1.03749	1.03763	287
2025-02-05 05:20:00	1.03761	1.03772	1.03755	1.03759	318
2025-02-05 05:25:00	1.03757	1.03757	1.03739	1.03745	403
2025-02-05 05:30:00	1.03745	1.03759	1.03732	1.03758	289
2025-02-05 05:35:00	1.03759	1.03761	1.03737	1.03743	332
2025-02-05 05:40:00	1.03744	1.03752	1.03739	1.03742	349
2025-02-05 05:45:00	1.03739	1.03771	1.03734	1.03762	451
2025-02-05 05:50:00	1.03761	1.03771	1.03757	1.03766	317
2025-02-05 05:55:00	1.03768	1.03777	1.03761	1.03777	444
2025-02-05 06:00:00	1.03775	1.03775	1.03758	1.03766	290
2025-02-05 06:05:00	1.03764	1.0378	1.0374	1.0378	450
2025-02-05 06:10:00	1.03781	1.03809	1.03779	1.03806	421
2025-02-05 06:15:00	1.03809	1.03873	1.03809	1.0387	425
2025-02-05 06:20:00	1.03871	1.03929	1.03851	1.03921	653
2025-02-05 06:25:00	1.03921	1.03937	1.03906	1.03931	900
2025-02-05 06:30:00	1.03932	1.03932	1.03902	1.03907	504
2025-02-05 06:35:00	1.03908	1.03911	1.03875	1.0388	431
2025-02-05 06:40:00	1.0388	1.03881	1.03862	1.03866	274
2025-02-05 06:45:00	1.03868	1.03874	1.03851	1.03854	344
2025-02-05 06:50:00	1.03857	1.03878	1.03845	1.03878	294
2025-02-05 06:55:00	1.03878	1.0389	1.03836	1.03848	534
2025-02-05 07:00:00	1.03847	1.03848	1.0382	1.0383	643
2025-02-05 07:05:00	1.0383	1.03865	1.03819	1.03864	499
2025-02-05 07:10:00	1.03864	1.03906	1.03856	1.03901	523
2025-02-05 07:15:00	1.03903	1.03982	1.03903	1.03981	686
2025-02-05 07:20:00	1.03981	1.03986	1.0395	1.03956	624
2025-02-05 07:25:00	1.03961	1.04086	1.03959	1.0407	1389
2025-02-05 07:30:00	1.0407	1.04096	1.04014	1.0402	735
2025-02-05 07:35:00	1.04022	1.04091	1.04019	1.04065	579
2025-02-05 07:40:00	1.04064	1.04071	1.04024	1.04046	495
2025-02-05 07:45:00	1.04047	1.04054	1.04019	1.04049	552
2025-02-05 07:50:00	1.04049	1.0407	1.03978	1.03989	685
2025-02-05 07:55:00	1.03988	1.04039	1.03985	1.04025	901
2025-02-05 08:00:00	1.04024	1.04068	1.03999	1.04038	1395
2025-02-05 08:05:00	1.04039	1.04043	1.03993	1.04014	674
2025-02-05 08:10:00	1.04011	1.04042	1.04011	1.04018	752
2025-02-05 08:15:00	1.04018	1.04019	1.03948	1.03951	1034
2025-02-05 08:20:00	1.03955	1.04	1.03929	1.0399	1002
2025-02-05 08:25:00	1.03988	1.03996	1.03953	1.03972	824
2025-02-05 08:30:00	1.03971	1.0398	1.03941	1.03954	652
2025-02-05 08:35:00	1.03954	1.03981	1.03899	1.03965	1435
2025-02-05 08:40:00	1.0397	1.04021	1.03955	1.04019	773
2025-02-05 08:45:00	1.0402	1.0406	1.04014	1.04028	706
2025-02-05 08:50:00	1.04028	1.04063	1.04009	1.04051	818
2025-02-05 08:55:00	1.04052	1.04082	1.0403	1.04037	829
2025-02-05 09:00:00	1.04036	1.04099	1.04034	1.0408	1101
2025-02-05 09:05:00	1.04079	1.04097	1.04041	1.04053	600
2025-02-05 09:10:00	1.04053	1.04098	1.04033	1.04091	805
2025-02-05 09:15:00	1.04088	1.04174	1.04077	1.04114	1191
2025-02-05 09:20:00	1.04114	1.04146	1.04098	1.04135	704
2025-02-05 09:25:00	1.04135	1.04145	1.04108	1.04118	577
2025-02-05 09:30:00	1.04118	1.04118	1.04064	1.04087	990
2025-02-05 09:35:00	1.04088	1.04091	1.04037	1.04055	628
2025-02-05 09:40:00	1.04056	1.04096	1.04056	1.04088	819
2025-02-05 09:45:00	1.04088	1.04096	1.04064	1.04076	592
2025-02-05 09:50:00	1.04078	1.04083	1.04035	1.04045	725
2025-02-05 09:55:00	1.04045	1.04053	1.04014	1.04037	598
2025-02-05 10:00:00	1.04038	1.04078	1.04017	1.0406	799
2025-02-05 10:05:00	1.04061	1.04087	1.04048	1.04079	757
2025-02-05 10:10:00	1.04078	1.04079	1.04055	1.04069	437
2025-02-05 10:15:00	1.04069	1.04147	1.04067	1.04139	555
2025-02-05 10:20:00	1.04139	1.04167	1.04126	1.04126	646
2025-02-05 10:25:00	1.04125	1.04189	1.04116	1.0418	628
2025-02-05 10:30:00	1.04179	1.04257	1.04161	1.04254	770
2025-02-05 10:35:00	1.04253	1.04296	1.04249	1.04276	963
2025-02-05 10:40:00	1.04277	1.04277	1.04221	1.0424	1244
2025-02-05 10:45:00	1.0424	1.04297	1.04221	1.04296	931
2025-02-05 10:50:00	1.04297	1.04304	1.04229	1.04235	968
2025-02-05 10:55:00	1.04235	1.04255	1.04232	1.0425	744
2025-02-05 11:00:00	1.04249	1.04252	1.04213	1.04218	466
2025-02-05 11:05:00	1.04219	1.04231	1.04189	1.04195	823
2025-02-05 11:10:00	1.04197	1.04199	1.04165	1.04192	615
2025-02-05 11:15:00	1.04192	1.04197	1.04155	1.0416	754
2025-02-05 11:20:00	1.04161	1.04166	1.04137	1.04162	721
2025-02-05 11:25:00	1.04163	1.04187	1.04157	1.04174	608
2025-02-05 11:30:00	1.04175	1.04179	1.04142	1.04144	527
2025-02-05 11:35:00	1.04142	1.04143	1.04114	1.04134	427
2025-02-05 11:40:00	1.04132	1.04147	1.04119	1.04133	531
2025-02-05 11:45:00	1.04132	1.04147	1.04127	1.04143	383
2025-02-05 11:50:00	1.04142	1.04154	1.04122	1.04142	365
2025-02-05 11:55:00	1.04144	1.04167	1.04139	1.04147	331
2025-02-05 12:00:00	1.04144	1.04144	1.0411	1.04128	468
2025-02-05 12:05:00	1.04129	1.04138	1.04114	1.04114	427
2025-02-05 12:10:00	1.04115	1.04138	1.04109	1.04119	393
2025-02-05 12:15:00	1.04118	1.04149	1.04106	1.04125	466
2025-02-05 12:20:00	1.04126	1.04139	1.04115	1.0412	602
2025-02-05 12:25:00	1.04119	1.04164	1.04118	1.04152	613
2025-02-05 12:30:00	1.04152	1.04169	1.04136	1.04156	690
2025-02-05 12:35:00	1.04156	1.04165	1.04128	1.04156	641
2025-02-05 12:40:00	1.04155	1.04177	1.04152	1.04173	655
2025-02-05 12:45:00	1.04174	1.04186	1.04155	1.0417	621
2025-02-05 12:50:00	1.04171	1.04205	1.04168	1042	736
2025-02-05 12:55:00	1.04199	1.04218	1.04184	1.04188	826
2025-02-05 13:00:00	1.04189	1.04204	1.04175	1.04203	730
2025-02-05 13:05:00	1.04202	1.04219	1.0418	1.04212	800
2025-02-05 13:10:00	1.04214	1.04256	1.04209	1.04209	797
2025-02-05 13:15:00	1.04206	1.04208	1.04099	1.04105	1338
2025-02-05 13:20:00	1.04106	1.04186	1.04106	1.04163	1057
2025-02-05 13:25:00	1.04165	1.04175	1.04126	1.04132	829
2025-02-05 13:30:00	1.04135	1.0418	1.04061	1.04077	1317
2025-02-05 13:35:00	1.04079	1.04142	1.04078	1.04128	1114
2025-02-05 13:40:00	1.04127	1.04139	1.04074	1.04101	1221
2025-02-05 13:45:00	1.04101	1.0411	1.04051	1.0406	1200
2025-02-05 13:50:00	1.04062	1.04064	1.04013	1.04029	1211
2025-02-05 13:55:00	1.0403	1.04089	1.04027	1.04076	937
2025-02-05 14:00:00	1.04079	1.0411	1.0406	1.04063	1064
2025-02-05 14:05:00	1.04063	1.04184	1.04062	1.04176	1259
2025-02-05 14:10:00	1.04177	1.04217	1.04163	1.04205	969
2025-02-05 14:15:00	1.04203	1.04221	1.04179	1.0419	748
2025-02-05 14:20:00	1.0419	1.04233	1.04188	1.04196	884
2025-02-05 14:25:00	1.04195	1.0422	1.04155	1.04216	1171
2025-02-05 14:30:00	1.04215	1.04238	1.04196	1.04202	1221
2025-02-05 14:35:00	1042	1.04202	1.04157	1.04186	841
2025-02-05 14:40:00	1.04184	1.04185	1.0414	1.04167	791
2025-02-05 14:45:00	1.04165	1.04197	1.04125	1.04194	1108
2025-02-05 14:50:00	1.04195	1.04246	1.04189	1.04237	1101
2025-02-05 14:55:00	1.04236	1.04261	1.0423	1.04232	1222
2025-02-05 15:00:00	1.04269	1.04424	1.04262	1.04289	2611
2025-02-05 15:05:00	1.04291	1.04291	1.04209	1.04258	1725
2025-02-05 15:10:00	1.0426	1.0429	1.04206	1.04248	1311
2025-02-05 15:15:00	1.04247	1.04309	1.0423	1.04273	1247
2025-02-05 15:20:00	1.04273	1.0431	1.04219	1.04236	1145
2025-02-05 15:25:00	1.04237	1.04254	1.04198	1.04201	1677
2025-02-05 15:30:00	1.04202	1.04213	1.04172	1.04177	1260
2025-02-05 15:35:00	1.04177	1.04208	1.0417	1.0417	1165
2025-02-05 15:40:00	1.0417	1.04189	1.04149	1.04173	1401
2025-02-05 15:45:00	1.04173	1.04222	1.04159	1.04206	1250
2025-02-05 15:50:00	1.04207	1.04248	1.04205	1.04222	1324
2025-02-05 15:55:00	1.04221	1.04224	1.04157	1.04221	1725
2025-02-05 16:00:00	1.0422	1.04245	1042	1.04209	1414
2025-02-05 16:05:00	1.04207	1.04223	1.04177	1.04194	1224
2025-02-05 16:10:00	1.04194	1.04208	1.04138	1.04142	933
2025-02-05 16:15:00	1.04143	1.04152	1.04104	1.04144	1018
2025-02-05 16:20:00	1.04145	1.04204	1.0414	1.04176	780
2025-02-05 16:25:00	1.04176	1.04191	1.04168	1.0418	684
2025-02-05 16:30:00	1.0418	1.04233	1.04178	1.04225	689
2025-02-05 16:35:00	1.04225	1.04245	1.04188	1.04212	686
2025-02-05 16:40:00	1.04212	1.04214	1.04155	1.04165	624
2025-02-05 16:45:00	1.04163	1.04163	1.04102	1.04146	758
2025-02-05 16:50:00	1.04146	1.04174	1.04133	1.04161	731
2025-02-05 16:55:00	1.04162	1.04183	1.04137	1.04179	533
2025-02-05 17:00:00	1.04181	1.04211	1.04173	1.04204	496
2025-02-05 17:05:00	1.04205	1.04241	1.04203	1.04214	448
2025-02-05 17:10:00	1.04216	1.04231	1.04193	1.04198	294
2025-02-05 17:15:00	1042	1.04203	1.04123	1.04141	610
2025-02-05 17:20:00	1.04142	1.04148	1.04114	1.0412	481
2025-02-05 17:25:00	1.04119	1.04145	1.04102	1.04128	675
2025-02-05 17:30:00	1.04132	1.04164	1.04127	1.04162	474
2025-02-05 17:35:00	1.04161	1.04189	1.0416	1.04177	446
2025-02-05 17:40:00	1.04176	1.04185	1.04162	1.04178	320
2025-02-05 17:45:00	1.04177	1.04194	1.04174	1.04186	292
2025-02-05 17:50:00	1.04185	1.04213	1.04185	1.04195	316
2025-02-05 17:55:00	1.04194	1.04199	1.04165	1.04198	393
2025-02-05 18:00:00	1.04196	1.0421	1.04178	1.04179	314
2025-02-05 18:05:00	1.0418	1.0419	1.0414	1.04153	329
2025-02-05 18:10:00	1.04153	1.04174	1.04145	1.0417	273
2025-02-05 18:15:00	1.0417	1.04192	1.04169	1.04188	270
2025-02-05 18:20:00	1.04185	1.04209	1.0418	1.04186	338
2025-02-05 18:25:00	1.04184	1.04188	1.04166	1.04185	320
2025-02-05 18:30:00	1.04183	1.04193	1.04164	1.04174	194
2025-02-05 18:35:00	1.04174	1.04204	1.04167	1.04199	193
2025-02-05 18:40:00	1.04199	1.04215	1.04194	1.04194	296
2025-02-05 18:45:00	1.04195	1.04195	1.04164	1.04167	277
2025-02-05 18:50:00	1.04167	1.04172	1.04149	1.04168	277
2025-02-05 18:55:00	1.04166	1.04174	1.04152	1.04153	390
2025-02-05 19:00:00	1.04154	1.04166	1.04136	1.04144	407
2025-02-05 19:05:00	1.04142	1.04146	1.04129	1.04135	399
2025-02-05 19:10:00	1.04132	1.04136	1.04112	1.04126	380
2025-02-05 19:15:00	1.04125	1.04138	1.0412	1.04122	403
2025-02-05 19:20:00	1.04122	1.04126	1.04099	1.04108	361
2025-02-05 19:25:00	1.04106	1.0414	1.04095	1.04135	435
2025-02-05 19:30:00	1.04137	1.04139	1.04103	1.04115	269
2025-02-05 19:35:00	1.04114	1.04125	1.04077	1.04093	360
2025-02-05 19:40:00	1.04093	1.04093	1.04067	1.04074	406
2025-02-05 19:45:00	1.04074	1.04088	1.04065	1.04066	396
2025-02-05 19:50:00	1.04068	1.04086	1.04054	1.04063	406
2025-02-05 19:55:00	1.04066	1.04073	1.04044	1.04069	721
2025-02-05 20:00:00	1.04068	1.04069	1.04035	1.04035	365
2025-02-05 20:05:00	1.04035	1.04043	1.04021	1.04028	279
2025-02-05 20:10:00	1.04027	1.0403	1.04009	1.04023	194
2025-02-05 20:15:00	1.04023	1.0404	1.04017	1.04034	199
2025-02-05 20:20:00	1.0403	1.04045	1.04021	1.04025	244
2025-02-05 20:25:00	1.04026	1.04049	1.04026	1.04044	241
2025-02-05 20:30:00	1.04044	1.04044	1.04023	1.0404	256
2025-02-05 20:35:00	1.04042	1.0405	1.04029	1.04034	173
2025-02-05 20:40:00	1.04033	1.04041	1.04023	1.04037	270
2025-02-05 20:45:00	1.04035	1.04036	1.04023	1.04024	326
2025-02-05 20:50:00	1.04024	1.04063	1.04024	1.0406	334
2025-02-05 20:55:00	1.04059	1.04065	1.04042	1.04045	621
2025-02-05 21:00:00	1.04045	1.04066	1.04037	1.04045	314
2025-02-05 21:05:00	1.04045	1.04045	1.04018	1.0402	101
2025-02-05 21:10:00	1.0402	1.04036	1.04019	1.04036	109
2025-02-05 21:15:00	1.04036	1.04055	1.04036	1.04045	155
2025-02-05 21:20:00	1.04045	1.0405	1.04037	1.04043	133
2025-02-05 21:25:00	1.04042	1.04046	1.04027	1.04034	595
2025-02-05 21:30:00	1.04033	1.04038	1.04024	1.04026	93
2025-02-05 21:35:00	1.04027	1.04032	1.0402	1.04022	101
2025-02-05 21:40:00	1.04023	1.04026	1.03981	1.03985	229
2025-02-05 21:45:00	1.03984	1.03991	1.03967	1.03987	309
2025-02-05 21:50:00	1.03988	1.03991	1.03975	1.03989	410
2025-02-05 21:55:00	1.03988	1.04034	1.03988	1.04021	469
2025-02-05 22:00:00	1.0402	1.04021	1.03959	1.0402	60
2025-02-05 22:05:00	1.04028	1.04043	1.04022	1.04022	15
2025-02-05 22:10:00	1.04022	1.04046	1.04021	1.04021	22
2025-02-05 22:15:00	1.04041	1.04042	1.04022	1.04038	38
2025-02-05 22:20:00	1.04037	1.04044	1.04037	1.04043	25
2025-02-05 22:25:00	1.04045	1.04045	1.04029	1.04039	54
2025-02-05 22:30:00	1.04038	1.04042	1.0402	1.04022	140
2025-02-05 22:35:00	1.04023	1.04025	1.04012	1.04014	91
2025-02-05 22:40:00	1.04015	1.04025	1.04012	1.04019	51
2025-02-05 22:45:00	1.04018	1.04043	1.04016	1.04043	101
2025-02-05 22:50:00	1.04041	1.04043	1.04033	1.0404	38
2025-02-05 22:55:00	1.04041	1.04041	1.04033	1.04041	14
2025-02-05 23:00:00	1.04039	1.04058	1.03995	1.04002	251
2025-02-05 23:05:00	1.04004	1.04005	1.03983	1.03997	131
2025-02-05 23:10:00	1.03999	1.04001	1.03972	1.03973	144
2025-02-05 23:15:00	1.03973	1.04006	1.03969	1.04003	142
2025-02-05 23:20:00	1.04006	1.04023	1.04006	1.04023	138
2025-02-05 23:25:00	1.04023	1.04039	1.04023	1.04028	121
2025-02-05 23:30:00	1.04027	1.04035	1.04005	1.04006	104
2025-02-05 23:35:00	1.04006	1.04008	1.0399	1.03992	160
2025-02-05 23:40:00	1.03992	1.03992	1.03976	1.03981	150
2025-02-05 23:45:00	1.03982	1.04024	1.03982	1.04021	229
2025-02-05 23:50:00	1.0402	1.04032	1.03997	1.03997	179
2025-02-05 23:55:00	1.03998	1.04009	1.03978	1.03985	161
2025-02-06 00:00:00	1.03985	1.04012	1.03985	1.03999	430
2025-02-06 00:05:00	1.04001	1.0402	1.03999	1.0401	241
2025-02-06 00:10:00	1.04009	1.04021	1.04001	1.04018	156
2025-02-06 00:15:00	1.04017	1.04018	1.03982	1.03982	99
2025-02-06 00:20:00	1.0398	1.03985	1.03963	1.0397	237
2025-02-06 00:25:00	1.0397	1.03997	1.0397	1.03995	224
2025-02-06 00:30:00	1.03994	1.04008	1.03987	1.03991	274
2025-02-06 00:35:00	1.03992	1.03998	1.03981	1.03981	180
2025-02-06 00:40:00	1.03979	1.04002	1.03976	1.03991	163
2025-02-06 00:45:00	1.03992	1.03992	1.0396	1.03962	313
2025-02-06 00:50:00	1.0396	1.03974	1.03952	1.03968	308
2025-02-06 00:55:00	1.03969	1.03973	1.03948	1.03973	336
2025-02-06 01:00:00	1.03973	1.03981	1.03951	1.0397	417
2025-02-06 01:05:00	1.03971	1.03993	1.03965	1.0397	267
2025-02-06 01:10:00	1.0397	1.03999	1.0397	1.03991	200
2025-02-06 01:15:00	1.0399	1.04018	1.03987	1.04007	525
2025-02-06 01:20:00	1.04009	1.0402	1.04001	1.04007	374
2025-02-06 01:25:00	1.04007	1.04009	1.03991	1.03998	253
2025-02-06 01:30:00	1.03994	1.0403	1.03992	1.04021	547
2025-02-06 01:35:00	1.04022	1.04032	1.04008	1.04029	383
2025-02-06 01:40:00	1.04026	1.04029	1.03999	1.04011	863
2025-02-06 01:45:00	1.04012	1.04029	1.04007	1.04025	477
2025-02-06 01:50:00	1.04025	1.0403	1.04004	1.04021	407
2025-02-06 01:55:00	1.0402	1.04043	1.0402	1.04023	563
2025-02-06 02:00:00	1.04022	1.04043	1.04018	1.04029	312
2025-02-06 02:05:00	1.04029	1.04047	1.04025	1.04042	443
2025-02-06 02:10:00	1.0404	1.04053	1.04005	1.04007	320
2025-02-06 02:15:00	1.04007	1.04007	1.03974	1.03987	522
2025-02-06 02:20:00	1.03986	1.03987	1.03938	1.03938	393
2025-02-06 02:25:00	1.03937	1.03946	1.03934	1.03938	345
2025-02-06 02:30:00	1.03939	1.03943	1.03924	1.03928	283
2025-02-06 02:35:00	1.03928	1.03929	1.03908	1.03929	332
2025-02-06 02:40:00	1.03927	1.03932	1.03913	1.03931	283
2025-02-06 02:45:00	1.03931	1.03942	1.03918	1.03941	451
2025-02-06 02:50:00	1.03941	1.0397	1.03939	1.03968	363
2025-02-06 02:55:00	1.03966	1.03971	1.03946	1.03949	352
2025-02-06 03:00:00	1.03949	1.03961	1.03933	1.03939	408
2025-02-06 03:05:00	1.03938	1.03949	1.03934	1.03937	326
2025-02-06 03:10:00	1.03938	1.03938	1.03919	1.03934	213
2025-02-06 03:15:00	1.03934	1.03939	1.03922	1.03937	160
2025-02-06 03:20:00	1.03939	1.03947	1.03926	1.03936	268
2025-02-06 03:25:00	1.03935	1.03938	1.03926	1.03934	248
2025-02-06 03:30:00	1.03933	1.03949	1.03922	1.03946	200
2025-02-06 03:35:00	1.03944	1.03944	1.03928	1.03929	161
2025-02-06 03:40:00	1.03928	1.03929	1.03912	1.03912	287
2025-02-06 03:45:00	1.03909	1.03923	1.03907	1.03916	187
2025-02-06 03:50:00	1.03917	1.03917	1.03895	1.03896	194
2025-02-06 03:55:00	1.03896	1.03923	1.03895	1.03918	176
2025-02-06 04:00:00	1.03918	1.03923	1.03903	1.0392	223
2025-02-06 04:05:00	1.03921	1.03921	1.03905	1.03907	186
2025-02-06 04:10:00	1.03904	1.03924	1.03904	1.03919	233
2025-02-06 04:15:00	1.0392	1.03924	1.03915	1.03922	159
2025-02-06 04:20:00	1.03921	1.03934	1.03914	1.03931	283
2025-02-06 04:25:00	1.03932	1.03937	1.03916	1.03917	152
2025-02-06 04:30:00	1.03917	1.03923	1.03902	1.03902	215
2025-02-06 04:35:00	1.03899	1.03904	1.03876	1.0388	166
2025-02-06 04:40:00	1.0388	1.03888	1.03877	1.0388	304
2025-02-06 04:45:00	1.03877	1.03878	1.03857	1.03858	315
2025-02-06 04:50:00	1.0386	1.03873	1.03852	1.03872	337
2025-02-06 04:55:00	1.03874	1.03878	1.03861	1.03869	180
2025-02-06 05:00:00	1.03868	1.03889	1.03867	1.03887	412
2025-02-06 05:05:00	1.03887	1.03888	1.03875	1.03876	180
2025-02-06 05:10:00	1.03877	1.03889	1.03872	1.03883	468
2025-02-06 05:15:00	1.03882	1.03885	1.03864	1.03885	273
2025-02-06 05:20:00	1.03883	1.03894	1.03872	1.0389	396
2025-02-06 05:25:00	1.03891	1.03901	1.03888	1.03889	180
2025-02-06 05:30:00	1.0389	1039	1.03878	1.03894	321
2025-02-06 05:35:00	1.03895	1.03895	1.03878	1.03883	297
2025-02-06 05:40:00	1.0388	1.03884	1.03868	1.0388	299
2025-02-06 05:45:00	1.03879	1.03885	1.03869	1.03882	184
2025-02-06 05:50:00	1.0388	1.03882	1.0387	1.03881	125
2025-02-06 05:55:00	1.03879	1.03883	1.03858	1.03861	361
2025-02-06 06:00:00	1.03864	1.03874	1.03854	1.03862	390
2025-02-06 06:05:00	1.03861	1.03866	1.03857	1.03861	324
2025-02-06 06:10:00	1.03863	1.03869	1.03857	1.03858	291
2025-02-06 06:15:00	1.0386	1.03872	1.03859	1.03869	236
2025-02-06 06:20:00	1.03869	1.0388	1.0386	1.03878	325
2025-02-06 06:25:00	1.0388	1.03892	1.0387	1.0387	481
2025-02-06 06:30:00	1.0387	1.0389	1.03868	1.03889	255
2025-02-06 06:35:00	1.0389	1.03921	1.03887	1.03913	370
2025-02-06 06:40:00	1.03914	1.03923	1.03908	1.03915	339
2025-02-06 06:45:00	1.03915	1.03919	1.03869	1.03873	565
2025-02-06 06:50:00	1.03875	1.03908	1.03873	1.03906	480
2025-02-06 06:55:00	1.03907	1.03909	1.03877	1.03899	392
2025-02-06 07:00:00	1039	1.03906	1.03872	1.0388	535
2025-02-06 07:05:00	1.0388	1.03892	1.03867	1.03876	344
2025-02-06 07:10:00	1.03877	1.03897	1.03847	1.03854	716
2025-02-06 07:15:00	1.03853	1.0388	1.03842	1.03879	465
2025-02-06 07:20:00	1.03878	1.03912	1.03878	1.03884	561
2025-02-06 07:25:00	1.03882	1.0389	1.03869	1.03887	391
2025-02-06 07:30:00	1.03886	1.03891	1.0383	1.03834	465
2025-02-06 07:35:00	1.03829	1.03873	1.03829	1.03867	414
2025-02-06 07:40:00	1.03867	1.03867	1.03834	1.03845	509
2025-02-06 07:45:00	1.03844	1.03852	1.03816	1.03828	406
2025-02-06 07:50:00	1.03827	1.03839	1.03779	1.03785	497
2025-02-06 07:55:00	1.03784	1.03819	1.03783	1.03799	529
2025-02-06 08:00:00	1.03798	1.03808	1.03774	1.03797	972
2025-02-06 08:05:00	1.03798	1.03803	1.03734	1.0374	827
2025-02-06 08:10:00	1.0374	1.03749	1.03696	1.03715	1038
2025-02-06 08:15:00	1.03717	1.03726	1.03695	1.03706	780
2025-02-06 08:20:00	1.03705	1.03724	1.03671	1.03705	884
2025-02-06 08:25:00	1.03706	1.03723	1.03625	1.03627	853
2025-02-06 08:30:00	1.03628	1.03646	1.03578	1.0363	1446
2025-02-06 08:35:00	1.03631	1.03654	1.03619	1.03649	1078
2025-02-06 08:40:00	1.03647	1.03649	1.03596	1.03617	698
2025-02-06 08:45:00	1.0362	1.03627	1.03569	1.03587	655
2025-02-06 08:50:00	1.03588	1.03606	1.03559	1036	642
2025-02-06 08:55:00	1.03601	1.03654	1.03601	1.03647	550
2025-02-06 09:00:00	1.03649	1.03671	1.03635	1.03667	581
2025-02-06 09:05:00	1.03669	1.03673	1.03637	1.03646	393
2025-02-06 09:10:00	1.03648	1.03677	1.03637	1.03663	274
2025-02-06 09:15:00	1.03664	1.03671	1.03605	1.03605	483
2025-02-06 09:20:00	1.03605	1.03605	1.03561	1.03586	490
2025-02-06 09:25:00	1.03585	1.03622	1.03581	1.03615	464
2025-02-06 09:30:00	1.03614	1.03639	1.0358	1.03631	613
2025-02-06 09:35:00	1.03631	1.03637	1.0362	1.03633	392
2025-02-06 09:40:00	1.03633	1.03654	1036	1.03612	557
2025-02-06 09:45:00	1.03611	1.0365	1.0361	1.03622	639
2025-02-06 09:50:00	1.03621	1.0364	1.03613	1.03633	653
2025-02-06 09:55:00	1.03632	1.03632	1.03574	1.03592	582
2025-02-06 10:00:00	1.03592	1.03622	1.03586	1.03607	665
2025-02-06 10:05:00	1.03608	1.03629	1.03574	1.03576	553
2025-02-06 10:10:00	1.03577	1.03621	1.03573	1.03598	507
2025-02-06 10:15:00	1.03602	1.0363	1.03598	1.0363	481
2025-02-06 10:20:00	1.03631	1.03649	1.03628	1.03637	396
2025-02-06 10:25:00	1.03637	1.03662	1.03634	1.03642	388
2025-02-06 10:30:00	1.0364	1.03647	1.03611	1.03624	446
2025-02-06 10:35:00	1.03625	1.03642	1.03616	1.03619	415
2025-02-06 10:40:00	1.03621	1.03624	1.03557	1.03571	486
2025-02-06 10:45:00	1.03572	1.03612	1.03571	1.03595	366
2025-02-06 10:50:00	1.03594	1.03611	1.03586	1.03607	260
2025-02-06 10:55:00	1.03607	1.03627	1.03596	1.03623	544
2025-02-06 11:00:00	1.03622	1.03623	1.03578	1.03585	500
2025-02-06 11:05:00	1.03585	1.03615	1.03584	1.03598	423
2025-02-06 11:10:00	1036	1.03622	1.03591	1.03607	373
2025-02-06 11:15:00	1.03606	1.03661	1.03601	1.03661	505
2025-02-06 11:20:00	1.0366	1.03673	1.03646	1.0367	547
2025-02-06 11:25:00	1.03671	1.03673	1.03653	1.03671	555
2025-02-06 11:30:00	1.03671	1.03676	1.03621	1.03621	581
2025-02-06 11:35:00	1.03623	1.03639	1.03605	1.03614	576
2025-02-06 11:40:00	1.03614	1.03614	1.03592	1.0361	568
2025-02-06 11:45:00	1.0361	1.03637	1.03607	1.03635	619
2025-02-06 11:50:00	1.03638	1.03643	1.03608	1.0362	549
2025-02-06 11:55:00	1.03621	1.03651	1.03599	1.03617	661
2025-02-06 12:00:00	1.03619	1.03639	1.03555	1.03596	1635
2025-02-06 12:05:00	1.03593	1.03615	1.0356	1.03604	1390
2025-02-06 12:10:00	1.03606	1.03606	1.03548	1.03601	1311
2025-02-06 12:15:00	1.03603	1.03611	1.03571	1.03573	1036
2025-02-06 12:20:00	1.03574	1.03596	1.03558	1.03574	849
2025-02-06 12:25:00	1.03575	1036	1.03559	1.03563	771
2025-02-06 12:30:00	1.03564	1036	1.03563	1.03577	641
2025-02-06 12:35:00	1.03575	1.03575	1.03523	1.03542	861
2025-02-06 12:40:00	1.03543	1.03632	1.03542	1.0362	944
2025-02-06 12:45:00	1.03621	1.03623	1.03582	1.03583	789
2025-02-06 12:50:00	1.03583	1.0361	1.03572	1.03578	982
2025-02-06 12:55:00	1.0358	1.03625	1.03574	1.03617	746
2025-02-06 13:00:00	1.03616	1.0363	1.03567	1.03588	787
2025-02-06 13:05:00	1.03588	1.03611	1.03532	1.03593	911
2025-02-06 13:10:00	1.03593	1.03622	1.03579	1.0361	1066
2025-02-06 13:15:00	1.03612	1.03612	1.03578	1.03586	717
2025-02-06 13:20:00	1.03588	1.03604	1.03579	1.03584	746
2025-02-06 13:25:00	1.03583	1.03608	1.03582	1.03595	649
2025-02-06 13:30:00	1.03595	1.03673	1.03595	1.03656	1398
2025-02-06 13:35:00	1.03657	1.0367	1.03626	1.03645	975
2025-02-06 13:40:00	1.03646	1.03652	1.03603	1.03603	1095
2025-02-06 13:45:00	1.03604	1.03609	1.0358	1.03583	1072
2025-02-06 13:50:00	1.03583	1.03592	1.03552	1.03569	957
2025-02-06 13:55:00	1.0357	1.0361	1.03554	1.03601	692
2025-02-06 14:00:00	1.03601	1.0363	1.03595	1.03608	782
2025-02-06 14:05:00	1.03608	1.03667	1.03608	1.03659	559
2025-02-06 14:10:00	1.0366	1.03676	1.03645	1.0366	464
2025-02-06 14:15:00	1.0366	1.03661	1.03624	1.03628	591
2025-02-06 14:20:00	1.03629	1.03647	1.03618	1.03647	655
2025-02-06 14:25:00	1.03648	1.03675	1.03643	1.03673	573
2025-02-06 14:30:00	1.03671	1.03698	1.03647	1.03694	821
2025-02-06 14:35:00	1.03695	1.03726	1.03686	1.0372	938
2025-02-06 14:40:00	1.0372	1.03744	1.03707	1.03728	1248
2025-02-06 14:45:00	1.03728	1.03746	1.03623	1.03628	1051
2025-02-06 14:50:00	1.03627	1.03672	1.03624	1.03651	963
2025-02-06 14:55:00	1.03651	1.03666	1.03616	1.0362	1017
2025-02-06 15:00:00	1.03621	1.03732	1.0361	1.03711	1011
2025-02-06 15:05:00	1.03712	1.03723	1.03669	1.03702	833
2025-02-06 15:10:00	1.03701	1.03719	1.03679	1.03707	873
2025-02-06 15:15:00	1.03707	1.03745	1.03702	1.03742	616
2025-02-06 15:20:00	1.03741	1.03762	1.03704	1.03714	839
2025-02-06 15:25:00	1.03712	1.03721	1.03663	1.03663	749
2025-02-06 15:30:00	1.03661	1.03668	1.03629	1.03641	1154
2025-02-06 15:35:00	1.0364	1.03653	1.03612	1.03631	888
2025-02-06 15:40:00	1.03632	1.03682	1.03621	1.03663	947
2025-02-06 15:45:00	1.03663	1.03714	1.03663	1.03696	911
2025-02-06 15:50:00	1.03695	1.03695	1.03648	1.03656	862
2025-02-06 15:55:00	1.03656	1.03706	1.03646	1.03692	1449
2025-02-06 16:00:00	1.03692	1.03712	1.03683	1.0371	1203
2025-02-06 16:05:00	1.03711	1.03734	1.03699	1.03704	895
2025-02-06 16:10:00	1.03704	1.03748	1.0369	1.03691	735
2025-02-06 16:15:00	1.03691	1.0374	1.03681	1.03721	879
2025-02-06 16:20:00	1.03722	1.03759	1.03722	1.03756	727
2025-02-06 16:25:00	1.03755	1.03759	1.03732	1.0374	512
2025-02-06 16:30:00	1.0374	1.03762	1.03715	1.0373	619
2025-02-06 16:35:00	1.03731	1.03738	1.03705	1.03735	612
2025-02-06 16:40:00	1.03739	1.03739	1.03707	1.0371	600
2025-02-06 16:45:00	1.03709	1.0371	1.03687	1.03689	466
2025-02-06 16:50:00	1.03686	1.03726	1.03686	1.03701	671
2025-02-06 16:55:00	1037	1.03702	1.03666	1.03666	729
2025-02-06 17:00:00	1.03666	1.03724	1.03657	1.03724	663
2025-02-06 17:05:00	1.03723	1.03748	1.03714	1.03741	545
2025-02-06 17:10:00	1.03742	1.03759	1.03733	1.03758	566
2025-02-06 17:15:00	1.03757	1.03782	1.03737	1.03737	407
2025-02-06 17:20:00	1.03737	1.0378	1.03737	1.03779	350
2025-02-06 17:25:00	1.03782	1.03796	1.03773	1.03786	393
2025-02-06 17:30:00	1.03784	1.03784	1.03731	1.03742	401
2025-02-06 17:35:00	1.0374	1.03763	1.0373	1.03761	457
2025-02-06 17:40:00	1.03762	1.03772	1.03751	1.03756	284
2025-02-06 17:45:00	1.03755	1.03767	1.03737	1.03759	319
2025-02-06 17:50:00	1.0376	1.03769	1.03754	1.03765	277
2025-02-06 17:55:00	1.0377	1.03803	1.03769	1.03791	486
2025-02-06 18:00:00	1.03789	1.03823	1.03789	1.0382	586
2025-02-06 18:05:00	1.03818	1.03856	1.03736	1.03805	779
2025-02-06 18:10:00	1.03804	1.03863	1.03776	1.03797	1249
2025-02-06 18:15:00	1.03797	1.03858	1.03797	1.03831	1116
2025-02-06 18:20:00	1.03831	1.0384	1038	1.03833	647
2025-02-06 18:25:00	1.03832	1.03855	1.03825	1.0385	411
2025-02-06 18:30:00	1.03849	1.03865	1.03825	1.03825	552
2025-02-06 18:35:00	1.03827	1.03891	1.03827	1.03885	571
2025-02-06 18:40:00	1.03884	1.03951	1.03876	1.03947	581
2025-02-06 18:45:00	1.03946	1.03964	1.03927	1.03934	699
2025-02-06 18:50:00	1.03934	1.03934	1.03877	1.03883	592
2025-02-06 18:55:00	1.03881	1039	1.03848	1.03893	454
2025-02-06 19:00:00	1.03891	1.03912	1.03878	1.03878	483
2025-02-06 19:05:00	1.03879	1.03879	1.03853	1.03879	381
2025-02-06 19:10:00	1.0388	1.03884	1.03862	1.03865	280
2025-02-06 19:15:00	1.03864	1.03864	1.03839	1.03854	321
2025-02-06 19:20:00	1.03854	1.03866	1.03848	1.03852	187
2025-02-06 19:25:00	1.03851	1.03859	1.03842	1.03843	534
2025-02-06 19:30:00	1.03842	1.03844	1.03816	1.0383	463
2025-02-06 19:35:00	1.03829	1.0383	1.03801	1.03808	325
2025-02-06 19:40:00	1.03807	1.03827	1.03803	1.03825	311
2025-02-06 19:45:00	1.03824	1.03854	1.03823	1.03842	207
2025-02-06 19:50:00	1.03844	1.0385	1.03823	1.03835	354
2025-02-06 19:55:00	1.03834	1.03854	1.03834	1.03845	384
2025-02-06 20:00:00	1.03844	1.03863	1.03839	1.0386	397
2025-02-06 20:05:00	1.03861	1.03905	1.03859	1039	366
2025-02-06 20:10:00	1039	1.03906	1.03879	1.03883	223
2025-02-06 20:15:00	1.03882	1.03896	1.03872	1.03882	160
2025-02-06 20:20:00	1.0388	1.03888	1.03866	1.03869	163
2025-02-06 20:25:00	1.0387	1.03874	1.03851	1.03853	248
2025-02-06 20:30:00	1.03853	1.03857	1.03838	1.03855	250
2025-02-06 20:35:00	1.03856	1.03866	1.03852	1.0386	204
2025-02-06 20:40:00	1.03861	1.03876	1.03857	1.03862	288
2025-02-06 20:45:00	1.03861	1.03866	1.03842	1.03858	383
2025-02-06 20:50:00	1.0386	1.03873	1.03857	1.03873	343
2025-02-06 20:55:00	1.03872	1.03894	1.03865	1.03888	528
2025-02-06 21:00:00	1.03883	1.03891	1.03872	1.03873	338
2025-02-06 21:05:00	1.03874	1.03885	1.03874	1.03882	127
2025-02-06 21:10:00	1.03881	1.03884	1.03868	1.03869	93
2025-02-06 21:15:00	1.0387	1.03877	1.03852	1.03852	111
2025-02-06 21:20:00	1.03852	1.03856	1.03841	1.03843	82
2025-02-06 21:25:00	1.03843	1.0387	1.03841	1.03867	160
2025-02-06 21:30:00	1.03867	1.03867	1.03858	1.03863	125
2025-02-06 21:35:00	1.03864	1.03868	1.03862	1.03863	41
2025-02-06 21:40:00	1.03864	1.03867	1.03851	1.03852	65
2025-02-06 21:45:00	1.03853	1.03854	1.03845	1.03849	80
2025-02-06 21:50:00	1.03848	1.03852	1.03843	1.03845	87
2025-02-06 21:55:00	1.03844	1.03845	1.0382	1.03827	365
2025-02-06 22:00:00	1.03826	1.03853	1.03826	1.03848	84
2025-02-06 22:05:00	1.03848	1.03852	1.03845	1.03845	55
2025-02-06 22:10:00	1.03845	1.03845	1.03835	1.03839	16
2025-02-06 22:15:00	1.03835	1.03843	1.03835	1.03835	40
2025-02-06 22:20:00	1.03834	1.03837	1.03832	1.03834	39
2025-02-06 22:25:00	1.03833	1.03836	1.03831	1.03831	49
2025-02-06 22:30:00	1.03834	1.03834	1.03833	1.03834	5
2025-02-06 22:35:00	1.03833	1.03833	1.03819	1.03821	213
2025-02-06 22:40:00	1.03819	1.0382	1.03818	1.03818	14
2025-02-06 22:45:00	1.03815	1.03825	1.03815	1.03824	39
2025-02-06 22:50:00	1.03827	1.03837	1.03826	1.03836	17
2025-02-06 22:55:00	1.03836	1.03837	1.0382	1.03827	78
2025-02-06 23:00:00	1.03822	1.03836	1.03822	1.03828	131
2025-02-06 23:05:00	1.03838	1.03851	1.03834	1.03843	107
2025-02-06 23:10:00	1.03843	1.03856	1.0384	1.03851	126
2025-02-06 23:15:00	1.03852	1.03866	1.0385	1.03851	77
2025-02-06 23:20:00	1.03854	1.03856	1.03849	1.03851	45
2025-02-06 23:25:00	1.03851	1.03851	1.03844	1.03847	8
2025-02-06 23:30:00	1.03849	1.0385	1.03844	1.03846	23
2025-02-06 23:35:00	1.03845	1.0385	1.03844	1.03846	54
2025-02-06 23:40:00	1.03846	1.03851	1.03845	1.03851	73
2025-02-06 23:45:00	1.03852	1.03856	1.0384	1.03841	122
2025-02-06 23:50:00	1.03841	1.03855	1.03841	1.03853	39
2025-02-06 23:55:00	1.03853	1.03854	1.0384	1.0385	56
2025-02-07 00:00:00	1.03849	1.03909	1.03846	1.03896	285
2025-02-07 00:05:00	1.03894	1.03897	1.03853	1.03856	270
2025-02-07 00:10:00	1.03855	1.03875	1.03852	1.03872	445
2025-02-07 00:15:00	1.03872	1.03875	1.03836	1.03839	269
2025-02-07 00:20:00	1.03836	1.0384	1.03826	1.03835	223
2025-02-07 00:25:00	1.03834	1.03847	1.0383	1.0383	241
2025-02-07 00:30:00	1.03832	1.03836	1.03817	1.03817	407
2025-02-07 00:35:00	1.03815	1.03819	1.03799	1.03809	238
2025-02-07 00:40:00	1.03809	1.03815	1.03792	1.03802	351
2025-02-07 00:45:00	1.03801	1.03821	1.0378	1.03789	500
2025-02-07 00:50:00	1.03788	1.03804	1.03786	1038	159
2025-02-07 00:55:00	1.03802	1.03803	1.03773	1.03775	209
2025-02-07 01:00:00	1.0378	1.03791	1.03756	1.03786	622
2025-02-07 01:05:00	1.03786	1.03786	1.03757	1.03765	552
2025-02-07 01:10:00	1.03763	1.03763	1.03741	1.03745	392
2025-02-07 01:15:00	1.03745	1.0377	1.03745	1.03769	457
2025-02-07 01:20:00	1.03769	1.03789	1.03761	1.03788	431
2025-02-07 01:25:00	1.0379	1.03801	1.03785	1.03789	467
2025-02-07 01:30:00	1.03787	1.03794	1.0377	1.03779	323
2025-02-07 01:35:00	1.03779	1.03806	1.03777	1.03791	461
2025-02-07 01:40:00	1.03792	1.03795	1.03772	1.03786	330
2025-02-07 01:45:00	1.03785	1.03818	1.0378	1.03811	460
2025-02-07 01:50:00	1.03812	1.03856	1.03808	1.03856	410
2025-02-07 01:55:00	1.03853	1.03867	1.03823	1.03837	633
2025-02-07 02:00:00	1.03836	1.03854	1.03831	1.03843	589
2025-02-07 02:05:00	1.03841	1.0386	1.03836	1.03844	414
2025-02-07 02:10:00	1.03847	1.0386	1.03837	1.03839	250
2025-02-07 02:15:00	1.03841	1.03858	1.03837	1.03837	252
2025-02-07 02:20:00	1.0384	1.03855	1.03836	1.0385	311
2025-02-07 02:25:00	1.03849	1.03855	1.03837	1.03853	961
2025-02-07 02:30:00	1.03852	1.03856	1.03841	1.03845	641
2025-02-07 02:35:00	1.03844	1.03854	1.03834	1.03842	487
2025-02-07 02:40:00	1.03846	1.03852	1.03826	1.0383	463
2025-02-07 02:45:00	1.03829	1.03833	1.03807	1.0381	865
2025-02-07 02:50:00	1.03812	1.03819	1.03808	1.03819	467
2025-02-07 02:55:00	1.03819	1.03841	1.03809	1.03838	377
2025-02-07 03:00:00	1.03841	1.03848	1.03828	1.03832	272
2025-02-07 03:05:00	1.0383	1.03831	1.03815	1.03816	253
2025-02-07 03:10:00	1.03816	1.03832	1.03807	1.03826	220
2025-02-07 03:15:00	1.03829	1.03844	1.03823	1.03826	407
2025-02-07 03:20:00	1.03826	1.03842	1.03823	1.03829	394
2025-02-07 03:25:00	1.0383	1.03831	1.03825	1.03825	290
2025-02-07 03:30:00	1.03825	1.03838	1.03823	1.03824	213
2025-02-07 03:35:00	1.03825	1.03829	1.03799	1.03799	291
2025-02-07 03:40:00	1.03798	1.03802	1.03782	1.03783	247
2025-02-07 03:45:00	1.03784	1.03788	1.03773	1.03776	381
2025-02-07 03:50:00	1.03778	1.0379	1.0377	1.03787	293
2025-02-07 03:55:00	1.03787	1.03797	1.03777	1.03796	253
2025-02-07 04:00:00	1.03796	1.03804	1.03789	1.03793	235
2025-02-07 04:05:00	1.03793	1.03793	1.03775	1.03776	137
2025-02-07 04:10:00	1.03775	1.0378	1.03764	1.03767	200
2025-02-07 04:15:00	1.03767	1.03776	1.03755	1.03766	349
2025-02-07 04:20:00	1.03765	1.03787	1.03759	1.03785	247
2025-02-07 04:25:00	1.03785	1.03802	1.03785	1.03802	251
2025-02-07 04:30:00	1.03801	1.03833	1038	1.03832	282
2025-02-07 04:35:00	1.03831	1.03831	1.03794	1.03797	203
2025-02-07 04:40:00	1.03799	1.03803	1.03795	1.03802	190
2025-02-07 04:45:00	1.03803	1.03803	1.03793	1.03794	210
2025-02-07 04:50:00	1.03796	1.03799	1.03792	1.03793	309
2025-02-07 04:55:00	1.03793	1.03811	1.03792	1.0381	267
2025-02-07 05:00:00	1.03809	1.03813	1.03797	1.03813	491
2025-02-07 05:05:00	1.03812	1.03813	1.03799	1.03803	374
2025-02-07 05:10:00	1.03804	1.03813	1.03796	1.03796	585
2025-02-07 05:15:00	1.03796	1.03797	1.03781	1.03789	592
2025-02-07 05:20:00	1.03789	1.0379	1.03775	1.03775	563
2025-02-07 05:25:00	1.03775	1.0379	1.03775	1.03784	515
2025-02-07 05:30:00	1.03784	1.03803	1.03784	1.03799	654
2025-02-07 05:35:00	1.03799	1.03811	1.03796	1.03797	170
2025-02-07 05:40:00	1.03797	1.03797	1.03761	1.03766	224
2025-02-07 05:45:00	1.03765	1.03775	1.03757	1.03765	492
2025-02-07 05:50:00	1.03763	1.03763	1.03738	1.03754	236
2025-02-07 05:55:00	1.03754	1.03757	1.0374	1.03749	397
2025-02-07 06:00:00	1.03748	1.03755	1.03732	1.0374	442
2025-02-07 06:05:00	1.03739	1.03754	1.03739	1.03747	120
2025-02-07 06:10:00	1.03749	1.03751	1.0373	1.03748	174
2025-02-07 06:15:00	1.03748	1.03756	1.03725	1.03728	383
2025-02-07 06:20:00	1.03727	1.03746	1.03724	1.03743	532
2025-02-07 06:25:00	1.03744	1.03758	1.03742	1.03752	225
2025-02-07 06:30:00	1.03753	1.0376	1.03743	1.03752	369
2025-02-07 06:35:00	1.03753	1.0377	1.0374	1.03764	413
2025-02-07 06:40:00	1.03765	1.03772	1.03757	1.03766	310
2025-02-07 06:45:00	1.03767	1.03769	1.03753	1.03754	320
2025-02-07 06:50:00	1.03754	1.03755	1.03741	1.03742	213
2025-02-07 06:55:00	1.03743	1.03762	1.0374	1.03756	625
2025-02-07 07:00:00	1.03756	1.03782	1.03739	1.03776	391
2025-02-07 07:05:00	1.03778	1.03798	1.03758	1.0376	369
2025-02-07 07:10:00	1.03756	1.03772	1.03753	1.03761	870
2025-02-07 07:15:00	1.03761	1.03795	1.0376	1.03789	386
2025-02-07 07:20:00	1.03789	1.03803	1.03778	1.03802	308
2025-02-07 07:25:00	1.03801	1.03823	1.0379	1.03816	445
2025-02-07 07:30:00	1.03815	1.03817	1.03789	1.03814	343
2025-02-07 07:35:00	1.03814	1.03833	1.03805	1.0383	488
2025-02-07 07:40:00	1.0383	1.03865	1.0383	1.03848	675
2025-02-07 07:45:00	1.0385	1.03857	1.03839	1.03846	386
2025-02-07 07:50:00	1.03845	1.03891	1.03837	1.03873	406
2025-02-07 07:55:00	1.03874	1.03899	1.03865	1.03891	585
2025-02-07 08:00:00	1.0389	1.03911	1.03852	1.03911	740
2025-02-07 08:05:00	1.03911	1.0393	1.03879	1.03926	672
2025-02-07 08:10:00	1.03927	1.03949	1.0392	1.0392	558
2025-02-07 08:15:00	1.03919	1.03956	1.03919	1.03934	648
2025-02-07 08:20:00	1.03935	1.03953	1.03929	1.03937	430
2025-02-07 08:25:00	1.03937	1.03958	1.03912	1.03955	549
2025-02-07 08:30:00	1.03957	1.03987	1.03949	1.03979	743
2025-02-07 08:35:00	1.0398	1.0399	1.03965	1.03979	511
2025-02-07 08:40:00	1.03981	1.03988	1.03954	1.03981	351
2025-02-07 08:45:00	1.03982	1.03997	1.03968	1.03991	301
2025-02-07 08:50:00	1.03991	1.03996	1.03967	1.03973	416
2025-02-07 08:55:00	1.03973	1.03996	1.03965	1.03977	274
2025-02-07 09:00:00	1.03977	1.03991	1.03948	1.03954	432
2025-02-07 09:05:00	1.03953	1.03968	1.0394	1.03949	480
2025-02-07 09:10:00	1.03949	1.03954	1.03924	1.03947	598
2025-02-07 09:15:00	1.03947	1.03955	1.03923	1.03923	633
2025-02-07 09:20:00	1.03924	1.03949	1.03919	1.03939	575
2025-02-07 09:25:00	1.03941	1.03945	1.03908	1.03908	400
2025-02-07 09:30:00	1.03908	1.03948	1.03896	1.0393	689
2025-02-07 09:35:00	1.03929	1.03957	1.03922	1.03956	655
2025-02-07 09:40:00	1.03958	1.03984	1.0395	1.0398	647
2025-02-07 09:45:00	1.03979	1.03982	1.03934	1.03935	502
2025-02-07 09:50:00	1.03938	1.03943	1.0392	1.03942	537
2025-02-07 09:55:00	1.03942	1.03944	1.03899	1.0391	569
2025-02-07 10:00:00	1.03909	1.03914	1.03878	1.03881	623
2025-02-07 10:05:00	1.0388	1.0389	1.03857	1.03863	665
2025-02-07 10:10:00	1.03862	1.03888	1.03851	1.03888	423
2025-02-07 10:15:00	1.03888	1.03893	1.03871	1.03873	661
2025-02-07 10:20:00	1.03873	1.03894	1.03873	1.03883	466
2025-02-07 10:25:00	1.03883	1.03885	1.03875	1.03879	349
2025-02-07 10:30:00	1.03879	1.03889	1.03852	1.03858	509
2025-02-07 10:35:00	1.03858	1.03858	1.03835	1.03852	536
2025-02-07 10:40:00	1.03851	1.03854	1.03832	1.03833	446
2025-02-07 10:45:00	1.03833	1.03834	1.0379	1.03795	613
2025-02-07 10:50:00	1.03797	1.03804	1.03789	1.03792	362
2025-02-07 10:55:00	1.03792	1.03818	1.03792	1.03812	574
2025-02-07 11:00:00	1.03811	1.03818	1.03789	1.03793	572
2025-02-07 11:05:00	1.03793	1.03793	1.03773	1.0378	532
2025-02-07 11:10:00	1.03781	1.03804	1.03777	1.03804	418
2025-02-07 11:15:00	1.03804	1.0381	1.03787	1.03807	475
2025-02-07 11:20:00	1.03807	1.03812	1.03782	1.03788	404
2025-02-07 11:25:00	1.03788	1.03809	1.03783	1.03802	424
2025-02-07 11:30:00	1.03801	1.03809	1.03787	1.03799	356
2025-02-07 11:35:00	1.03797	1.03801	1.03788	1.03792	329
2025-02-07 11:40:00	1.03793	1.03813	1.03787	1.03812	402
2025-02-07 11:45:00	1.03814	1.03825	1.03802	1.03824	419
2025-02-07 11:50:00	1.03825	1.0384	1.03816	1.03819	563
2025-02-07 11:55:00	1.03818	1.03827	1.03809	1.03822	574
2025-02-07 12:00:00	1.03822	1.03822	1.03768	1.03772	547
2025-02-07 12:05:00	1.03771	1.03784	1.03733	1.03778	683
2025-02-07 12:10:00	1.0378	1.0378	1.03764	1.03768	483
2025-02-07 12:15:00	1.03766	1.03766	1.03737	1.03752	386
2025-02-07 12:20:00	1.03752	1.03764	1.03738	1.03756	547
2025-02-07 12:25:00	1.03756	1.03756	1.03707	1.03713	496
2025-02-07 12:30:00	1.03712	1.03724	1.03681	1.03693	694
2025-02-07 12:35:00	1.03693	1.03711	1.03685	1.03705	677
2025-02-07 12:40:00	1.03706	1.03733	1.03703	1.03716	681
2025-02-07 12:45:00	1.03718	1.03743	1.03704	1.03728	564
2025-02-07 12:50:00	1.03729	1.03765	1.03726	1.03747	519
2025-02-07 12:55:00	1.03746	1.03782	1.03735	1.03742	868
2025-02-07 13:00:00	1.03741	1.03766	1.03741	1.0375	658
2025-02-07 13:05:00	1.03749	1.0377	1.03734	1.03763	578
2025-02-07 13:10:00	1.03765	1.03789	1.0375	1.03768	963
2025-02-07 13:15:00	1.03768	1.03786	1.03756	1.03771	1032
2025-02-07 13:20:00	1.0377	1.0377	1.03725	1.03743	1023
2025-02-07 13:25:00	1.03743	1.03779	1.03733	1.0374	1139
2025-02-07 13:30:00	1.03732	1.04124	1.03489	1.03688	4110
2025-02-07 13:35:00	1.03688	1.0377	1.03617	1.03755	2939
2025-02-07 13:40:00	1.03755	1.03765	1.03658	1.03697	2878
2025-02-07 13:45:00	1.03698	1.03733	1.03598	1.03605	2432
2025-02-07 13:50:00	1.03604	1.03629	1.03557	1.03567	2048
2025-02-07 13:55:00	1.03568	1.0367	1.03537	1.03634	1693
2025-02-07 14:00:00	1.03633	1.03699	1.03625	1.03664	1443
2025-02-07 14:05:00	1.03664	1.03716	1.03606	1.03666	1489
2025-02-07 14:10:00	1.03667	1.03735	1.03665	1.03735	1380
2025-02-07 14:15:00	1.03734	1.03758	1.03682	1.03691	1318
2025-02-07 14:20:00	1.03689	1.03766	1.03669	1.03733	966
2025-02-07 14:25:00	1.03735	1.03823	1.03721	1.03814	1121
2025-02-07 14:30:00	1.03816	1.0386	1.03803	1.03839	1135
2025-02-07 14:35:00	1.03838	1.03862	1.0382	1.03828	1236
2025-02-07 14:40:00	1.03827	1.03833	1.03793	1.03802	1072
2025-02-07 14:45:00	1.03803	1.03854	1.03791	1.0384	806
2025-02-07 14:50:00	1.03841	1.03876	1.03838	1.03848	1092
2025-02-07 14:55:00	1.0385	1.03886	1.03844	1.03852	961
2025-02-07 15:00:00	1.03851	1.03872	1.03748	1.03846	1880
2025-02-07 15:05:00	1.03845	1.03876	1.03819	1.03842	1536
2025-02-07 15:10:00	1.03841	1.03846	1.03723	1.03749	1504
2025-02-07 15:15:00	1.03752	1.03782	1.03722	1.03766	1362
2025-02-07 15:20:00	1.03768	1.0378	1.03701	1.03709	1330
2025-02-07 15:25:00	1.03707	1.03755	1.03696	1.03711	1088
2025-02-07 15:30:00	1.03711	1.03772	1.03693	1.03771	1370
2025-02-07 15:35:00	1.03772	1.03796	1.03723	1.03728	1403
2025-02-07 15:40:00	1.03728	1.03785	1.03726	1.03775	1221
2025-02-07 15:45:00	1.03776	1.03836	1.03762	1.03826	1232
2025-02-07 15:50:00	1.03826	1.03863	1.03294	1.03445	3442
2025-02-07 15:55:00	1.03451	1.03558	1.03271	1.03551	4396
2025-02-07 16:00:00	1.0355	1.0355	1.03326	1.03357	3504
2025-02-07 16:05:00	1.03362	1.03447	1.03291	1.03422	2772
2025-02-07 16:10:00	1.03422	1.03451	1.03325	1.03336	1416
2025-02-07 16:15:00	1.03336	1.03542	1.03292	1.03438	2552
2025-02-07 16:20:00	1.03433	1.03534	1.03363	1.03411	3038
2025-02-07 16:25:00	1.03411	1.03419	1.0333	1.0335	2011
2025-02-07 16:30:00	1.03351	1.03389	1.03349	1.03373	1436
2025-02-07 16:35:00	1.03373	1.03374	1.03284	1.03296	1505
2025-02-07 16:40:00	1.03294	1.03294	1.03232	1.03251	1310
2025-02-07 16:45:00	1.03251	1.03314	1.0324	1.03266	1156
2025-02-07 16:50:00	1.03266	1.03287	1.03232	1.03273	959
2025-02-07 16:55:00	1.03274	1.03342	1.03221	1.03276	1444
2025-02-07 17:00:00	1.03276	1.03285	1.03219	1.03246	1155
2025-02-07 17:05:00	1.03246	1.03608	1.03231	1.03461	3099
2025-02-07 17:10:00	1.03459	1.03465	1.03388	1.03425	1947
2025-02-07 17:15:00	1.03426	1.03432	1.03049	1.03171	4075
2025-02-07 17:20:00	1.03172	1.03374	1.03142	1.03267	2672
2025-02-07 17:25:00	1.03267	1.03285	1.03198	1032	1598
2025-02-07 17:30:00	1032	1.03258	1.0316	1.03244	1299
2025-02-07 17:35:00	1.03245	1.03255	1.03194	1.03216	944
2025-02-07 17:40:00	1.03215	1.03215	1.0315	1.03186	1057
2025-02-07 17:45:00	1.03187	1.03197	1.03126	1.0319	630
2025-02-07 17:50:00	1.03189	1.03205	1.03172	1.03189	571
2025-02-07 17:55:00	1.0319	1.03219	1.03168	1.03217	536
2025-02-07 18:00:00	1.03214	1.03258	1.0321	1.03254	611
2025-02-07 18:05:00	1.03253	1.0331	1.03244	1.03307	447
2025-02-07 18:10:00	1.03307	1.03324	1.03276	1.03299	508
2025-02-07 18:15:00	1.03301	1.03339	1033	1.03325	482
2025-02-07 18:20:00	1.03323	1.03354	1.03305	1.03318	560
2025-02-07 18:25:00	1.03317	1.03357	1.03311	1.03316	340
2025-02-07 18:30:00	1.03315	1.03345	1.03295	1.03342	420
2025-02-07 18:35:00	1.03341	1.03341	1.03311	1.03318	334
2025-02-07 18:40:00	1.03317	1.03317	1.03247	1.0325	402
2025-02-07 18:45:00	1.03252	1.03254	1.03209	1.03248	638
2025-02-07 18:50:00	1.03247	1.03249	1.03206	1.03228	360
2025-02-07 18:55:00	1.03231	1.03251	1.03214	1.03249	486
2025-02-07 19:00:00	1.03249	1.0328	1.03236	1.03256	320
2025-02-07 19:05:00	1.03254	1.03273	1.03249	1.03265	396
2025-02-07 19:10:00	1.03264	1.0328	1.03249	1.03256	467
2025-02-07 19:15:00	1.03257	1.03322	1.03257	1.0331	455
2025-02-07 19:20:00	1.03314	1.03326	1.03295	1.03308	400
2025-02-07 19:25:00	1.0331	1.03317	1.03293	1.03304	595
2025-02-07 19:30:00	1.03303	1.03324	1.03282	1.03324	415
2025-02-07 19:35:00	1.03324	1.03324	1.03308	1.03316	295
2025-02-07 19:40:00	1.03316	1.03367	1.03293	1.03324	828
2025-02-07 19:45:00	1.03327	1.03337	1.03292	1.03327	576
2025-02-07 19:50:00	1.03326	1.03341	1.03305	1.0332	398
2025-02-07 19:55:00	1.03322	1.03341	1.03306	1.03322	581
2025-02-07 20:00:00	1.03322	1.03351	1.0331	1.0334	511
2025-02-07 20:05:00	1.03342	1.0337	1.03336	1.03365	548
2025-02-07 20:10:00	1.03363	1.03381	1.03338	1.03338	606
2025-02-07 20:15:00	1.03337	1.03339	1.03315	1.03321	500
2025-02-07 20:20:00	1.0332	1.03355	1.03318	1.03355	338
2025-02-07 20:25:00	1.03355	1.03357	1.03291	1.03298	424
2025-02-07 20:30:00	1033	1.03308	1.03274	1.03286	497
2025-02-07 20:35:00	1.03286	1.03287	1.03264	1.03266	297
2025-02-07 20:40:00	1.03266	1.03269	1.03214	1.03214	460
2025-02-07 20:45:00	1.03216	1.03254	1.03215	1.03253	356
2025-02-07 20:50:00	1.03255	1.03286	1.03248	1.03286	320
2025-02-07 20:55:00	1.03284	1.03285	1.03262	1.03277	369
2025-02-07 21:00:00	1.0328	1.03289	1.03273	1.03284	354
2025-02-07 21:05:00	1.03284	1.03299	1.03278	1.03299	134
2025-02-07 21:10:00	1.03298	1.03318	1.03293	1.03306	220
2025-02-07 21:15:00	1.03305	1.03321	1.03305	1.03308	114
2025-02-07 21:20:00	1.03306	1.0331	1033	1.03305	129
2025-02-07 21:25:00	1.03307	1.03308	1.03278	1.0329	185
2025-02-07 21:30:00	1.03289	1.0329	1.0328	1.03283	166
2025-02-07 21:35:00	1.03284	1.03284	1.03263	1.03266	141
2025-02-07 21:40:00	1.03267	1.03272	1.0325	1.03267	395
2025-02-07 21:45:00	1.03268	1.03288	1.03263	1.03287	328
2025-02-07 21:50:00	1.03287	1.03287	1.03252	1.03255	549
2025-02-07 21:55:00	1.03253	1.03293	1.03248	1.0326	597
2025-02-09 22:00:00	1.02918	1.02926	1.02839	1.0287	765
2025-02-09 22:05:00	1.02875	1.02914	1.02849	1.0287	228
2025-02-09 22:10:00	1.02871	1.02974	1.02859	1.02959	261
2025-02-09 22:15:00	1.02958	1.02966	1.02947	1.0295	73
2025-02-09 22:20:00	1.02953	1.02953	1.02911	1.02928	209
2025-02-09 22:25:00	1.02928	1.02961	1.02928	1.02955	778
2025-02-09 22:30:00	1.02953	1.02956	1.02949	1.02955	47
2025-02-09 22:35:00	1.02956	1.0298	1.02951	1.0298	120
2025-02-09 22:40:00	1.02978	1.03016	1.02967	1.03013	326
2025-02-09 22:45:00	1.03013	1.03013	1.02929	1.02932	606
2025-02-09 22:50:00	1.02934	1.0295	1.0293	1.02939	237
2025-02-09 22:55:00	1.02937	1.02944	1.02888	1.02904	193
2025-02-09 23:00:00	1.02904	1.03085	1.02904	1.03069	1402
2025-02-09 23:05:00	1.0307	1.03075	1.03035	1.03045	439
2025-02-09 23:10:00	1.03045	1.03083	1.03041	1.03077	493
2025-02-09 23:15:00	1.03078	1.03101	1.03077	1.03093	436
2025-02-09 23:20:00	1.03091	1.03107	1.03082	1.03099	242
2025-02-09 23:25:00	1.03099	1.03099	1.03082	1.03088	275
2025-02-09 23:30:00	1.03088	1.03114	1.03088	1.03105	128
2025-02-09 23:35:00	1.03105	1.03124	1.03105	1.03114	221
2025-02-09 23:40:00	1.03116	1.03124	1.03108	1.03112	160
2025-02-09 23:45:00	1.03114	1.03129	1.03108	1.03109	297
2025-02-09 23:50:00	1.03108	1.03131	1.03097	1.0313	423
2025-02-09 23:55:00	1.03131	1.03134	1.03094	1.03095	396
2025-02-10 00:00:00	1.03096	1.03162	1.03094	1.03162	751
2025-02-10 00:05:00	1.03162	1.03176	1.03147	1.03153	446
2025-02-10 00:10:00	1.03151	1.03151	1.03111	1.03119	516
2025-02-10 00:15:00	1.03118	1.03171	1.03116	1.03163	478
2025-02-10 00:20:00	1.03163	1.03183	1.03155	1.03163	419
2025-02-10 00:25:00	1.03164	1.03169	1.03149	1.03154	486
2025-02-10 00:30:00	1.03154	1.03178	1.03153	1.03178	352
2025-02-10 00:35:00	1.0318	1.03181	1.03148	1.03158	545
2025-02-10 00:40:00	1.03158	1.03162	1.03145	1.03148	359
2025-02-10 00:45:00	1.03149	1.03149	1.03107	1.03124	466
2025-02-10 00:50:00	1.03122	1.03157	1.03111	1.03111	769
2025-02-10 00:55:00	1.03111	1.0312	1.03092	1.03099	425
2025-02-10 01:00:00	1.03102	1.03117	1.03086	1.03108	821
2025-02-10 01:05:00	1.03107	1.03118	1.03093	1.03103	722
2025-02-10 01:10:00	1.03103	1.0312	1.03097	1.03106	650
2025-02-10 01:15:00	1.03107	1.03144	1.03106	1.03136	452
2025-02-10 01:20:00	1.03137	1.03137	1.03093	1.03096	389
2025-02-10 01:25:00	1.03097	1.03104	1.0306	1.03061	378
2025-02-10 01:30:00	1.0306	1.03077	1.03033	1.03068	787
2025-02-10 01:35:00	1.03071	1.03078	1.03044	1.03047	588
2025-02-10 01:40:00	1.03047	1.03051	1.03013	1.03018	638
2025-02-10 01:45:00	1.03016	1.03021	1.03	1.03003	555
2025-02-10 01:50:00	1.03005	1.03042	1.02999	1.03031	398
2025-02-10 01:55:00	1.03032	1.03034	1.03014	1.03027	274
2025-02-10 02:00:00	1.03028	1.03051	1.03026	1.03044	320
2025-02-10 02:05:00	1.0304	1.03065	1.0304	1.03058	480
2025-02-10 02:10:00	1.03058	1.03058	1.0303	1.03048	384
2025-02-10 02:15:00	1.0305	1.0305	1.03025	1.03033	449
2025-02-10 02:20:00	1.03036	1.03048	1.03027	1.03028	210
2025-02-10 02:25:00	1.03028	1.03028	1.03002	1.03014	368
2025-02-10 02:30:00	1.03016	1.03026	1.03	1.03009	361
2025-02-10 02:35:00	1.03009	1.03018	1.03004	1.03009	214
2025-02-10 02:40:00	1.03009	1.03024	1.03009	1.03014	220
2025-02-10 02:45:00	1.03014	1.03018	1.03005	1.03008	127
2025-02-10 02:50:00	1.0301	1.0301	1.02989	1.02993	281
2025-02-10 02:55:00	1.02995	1.03003	1.02985	1.02995	164
2025-02-10 03:00:00	1.02996	1.03015	1.02995	1.03011	284
2025-02-10 03:05:00	1.03011	1.03039	1.03009	1.03034	660
2025-02-10 03:10:00	1.03034	1.03057	1.03032	1.03054	479
2025-02-10 03:15:00	1.03051	1.03071	1.03051	1.03067	383
2025-02-10 03:20:00	1.03067	1.03095	1.03065	1.03083	430
2025-02-10 03:25:00	1.03081	1.03098	1.0308	1.03087	312
2025-02-10 03:30:00	1.03086	1.03111	1.03086	1.03108	528
2025-02-10 03:35:00	1.03107	1.03115	1.03081	1.03092	469
2025-02-10 03:40:00	1.03093	1.03099	1.03078	1.03079	181
2025-02-10 03:45:00	1.03077	1031	1.03077	1.03087	164
2025-02-10 03:50:00	1.03088	1031	1.03083	1.03094	149
2025-02-10 03:55:00	1.03094	1.03115	1.03089	1.03114	185
2025-02-10 04:00:00	1.03114	1.03133	1.0311	1.03128	249
2025-02-10 04:05:00	1.03127	1.03146	1.03124	1.0313	281
2025-02-10 04:10:00	1.03129	1.03133	1.03122	1.0313	313
2025-02-10 04:15:00	1.03131	1.03151	1.03122	1.03145	222
2025-02-10 04:20:00	1.03144	1.0315	1.03136	1.03147	120
2025-02-10 04:25:00	1.03147	1.03153	1.03141	1.03145	236
2025-02-10 04:30:00	1.03144	1.03153	1.03139	1.03142	240
2025-02-10 04:35:00	1.03146	1.03155	1.03143	1.03154	99
2025-02-10 04:40:00	1.03153	1.03158	1.03141	1.03144	202
2025-02-10 04:45:00	1.03145	1.03147	1.03135	1.03139	247
2025-02-10 04:50:00	1.03139	1.03142	1.03129	1.03136	164
2025-02-10 04:55:00	1.03137	1.03137	1.03125	1.03132	396
2025-02-10 05:00:00	1.03134	1.03144	1.03131	1.03139	175
2025-02-10 05:05:00	1.03139	1.03163	1.03139	1.03159	199
2025-02-10 05:10:00	1.0316	1.03175	1.03158	1.03174	97
2025-02-10 05:15:00	1.03174	1.03183	1.03167	1.03179	367
2025-02-10 05:20:00	1.03182	1.0319	1.03176	1.03183	396
2025-02-10 05:25:00	1.03184	1.03209	1.03183	1.03207	185
2025-02-10 05:30:00	1.03207	1.03214	1.03201	1.03212	127
2025-02-10 05:35:00	1.0321	1.03211	1.03189	1.03192	237
2025-02-10 05:40:00	1.03191	1.03211	1.03184	1.03189	257
2025-02-10 05:45:00	1.03189	1.03191	1.03166	1.03167	489
2025-02-10 05:50:00	1.03166	1.03168	1.03145	1.03145	323
2025-02-10 05:55:00	1.03148	1.03161	1.03135	1.0316	206
2025-02-10 06:00:00	1.0316	1.03165	1.0315	1.03159	205
2025-02-10 06:05:00	1.0316	1.03162	1.03143	1.03147	521
2025-02-10 06:10:00	1.03147	1.0315	1.0312	1.03123	323
2025-02-10 06:15:00	1.03125	1.03146	1.03125	1.03143	172
2025-02-10 06:20:00	1.03146	1.0315	1.03141	1.03149	224
2025-02-10 06:25:00	1.03149	1.03153	1.03136	1.03142	123
2025-02-10 06:30:00	1.03142	1.03148	1.03126	1.03133	224
2025-02-10 06:35:00	1.03133	1.0316	1.03126	1.03153	284
2025-02-10 06:40:00	1.03158	1.03174	1.03158	1.0317	234
2025-02-10 06:45:00	1.03168	1.03199	1.03165	1.0318	514
2025-02-10 06:50:00	1.03179	1.03191	1.03163	1.03173	167
2025-02-10 06:55:00	1.03173	1.03198	1.03167	1.03187	293
2025-02-10 07:00:00	1.03187	1.03225	1.03184	1.03218	750
2025-02-10 07:05:00	1.03218	1.03253	1.03218	1.03235	565
2025-02-10 07:10:00	1.03235	1.03237	1.03198	1.03201	538
2025-02-10 07:15:00	1.03207	1.03207	1.03149	1.03166	521
2025-02-10 07:20:00	1.03165	1.03188	1.03151	1.03159	451
2025-02-10 07:25:00	1.03159	1.03165	1.03103	1.03123	399
2025-02-10 07:30:00	1.03124	1.03132	1.03098	1.03112	434
2025-02-10 07:35:00	1.03114	1.03157	1.03108	1.03135	470
2025-02-10 07:40:00	1.03131	1.03145	1.03111	1.03124	637
2025-02-10 07:45:00	1.03126	1.03146	1.03118	1.03139	326
2025-02-10 07:50:00	1.03139	1.03161	1.03104	1.03112	432
2025-02-10 07:55:00	1.03114	1.03159	1.03106	1.03128	687
2025-02-10 08:00:00	1.03129	1.03136	1.03093	1.03115	760
2025-02-10 08:05:00	1.03116	1.03155	1.03111	1.03145	646
2025-02-10 08:10:00	1.03147	1.03152	1.03108	1.03115	755
2025-02-10 08:15:00	1.03114	1.03117	1.03064	1.03101	1088
2025-02-10 08:20:00	1.03099	1.03157	1.03091	1.03133	743
2025-02-10 08:25:00	1.03132	1.0319	1.03103	1.03166	1003
2025-02-10 08:30:00	1.03165	1.03196	1.03154	1.03171	888
2025-02-10 08:35:00	1.03172	1.03176	1.03134	1.03163	806
2025-02-10 08:40:00	1.03162	1.03197	1.03153	1.03191	905
2025-02-10 08:45:00	1.0319	1.03204	1.03168	1.03181	594
2025-02-10 08:50:00	1.03181	1.03208	1.03176	1.03204	567
2025-02-10 08:55:00	1.03202	1.03228	1.03199	1.0322	563
2025-02-10 09:00:00	1.03221	1.03286	1.03209	1.03282	803
2025-02-10 09:05:00	1.03281	1.03295	1.03272	1.03295	816
2025-02-10 09:10:00	1.03297	1.03323	1.0329	1.03321	592
2025-02-10 09:15:00	1.03321	1.03321	1.0328	1.03297	679
2025-02-10 09:20:00	1.03297	1.03305	1.03274	1.03275	507
2025-02-10 09:25:00	1.03275	1.03304	1.03259	1.03299	593
2025-02-10 09:30:00	1033	1.03346	1.03298	1.03327	756
2025-02-10 09:35:00	1.03325	1.03338	1.03307	1.03336	914
2025-02-10 09:40:00	1.03334	1.03334	1.03289	1.03295	967
2025-02-10 09:45:00	1.03294	1.03311	1.03263	1.03283	988
2025-02-10 09:50:00	1.03283	1.03285	1.03259	1.03264	680
2025-02-10 09:55:00	1.03264	1.03267	1.03237	1.03266	705
2025-02-10 10:00:00	1.03266	1.0328	1.03233	1.03268	662
2025-02-10 10:05:00	1.03269	1.03278	1.03256	1.03258	586
2025-02-10 10:10:00	1.03257	1.03264	1.03233	1.03256	754
2025-02-10 10:15:00	1.03255	1.0328	1.03253	1.03277	331
2025-02-10 10:20:00	1.03276	1.03279	1.03255	1.03263	634
2025-02-10 10:25:00	1.03262	1.03264	1.03232	1.03245	892
2025-02-10 10:30:00	1.03245	1.03265	1.03237	1.03262	716
2025-02-10 10:35:00	1.03262	1.03312	1.03262	1.03302	574
2025-02-10 10:40:00	1.03301	1.03323	1.03299	1.03323	490
2025-02-10 10:45:00	1.03323	1.03336	1.03304	1.03308	497
2025-02-10 10:50:00	1.03308	1.03331	1.03291	1.03321	378
2025-02-10 10:55:00	1.0332	1.03329	1.03295	1.03297	695
2025-02-10 11:00:00	1.03299	1.03343	1.03292	1.03342	665
2025-02-10 11:05:00	1.03342	1.03363	1.03333	1.03348	661
2025-02-10 11:10:00	1.03349	1.03358	1.03317	1.03324	557
2025-02-10 11:15:00	1.03326	1.03336	1033	1.03301	620
2025-02-10 11:20:00	1.03299	1.03318	1.03282	1.03317	612
2025-02-10 11:25:00	1.03315	1.03339	1.03311	1.0333	531
2025-02-10 11:30:00	1.0333	1.03334	1.03305	1.03316	648
2025-02-10 11:35:00	1.03317	1.03321	1.03293	1.03293	509
2025-02-10 11:40:00	1.03293	1.03301	1.03276	1.03279	706
2025-02-10 11:45:00	1.03278	1.03278	1.03251	1.03257	525
2025-02-10 11:50:00	1.03257	1.03259	1.03239	1.03241	501
2025-02-10 11:55:00	1.03241	1.03261	1.03198	1.03205	1030
2025-02-10 12:00:00	1.03205	1.0322	1.03188	1.0319	874
2025-02-10 12:05:00	1.03191	1.03192	1.03118	1.03135	1064
2025-02-10 12:10:00	1.03133	1.03143	1.03083	1.03094	839
2025-02-10 12:15:00	1.03095	1.03129	1.03093	1.03109	385
2025-02-10 12:20:00	1.03109	1.03146	1.03107	1.03144	670
2025-02-10 12:25:00	1.03144	1.03156	1.03131	1.03135	453
2025-02-10 12:30:00	1.03135	1.03174	1.03134	1.03158	424
2025-02-10 12:35:00	1.0316	1.03169	1.03143	1.03145	300
2025-02-10 12:40:00	1.03143	1.03166	1.03141	1.03159	286
2025-02-10 12:45:00	1.03158	1.0318	1.03146	1.03176	411
2025-02-10 12:50:00	1.03177	1.0318	1.03136	1.03139	502
2025-02-10 12:55:00	1.03139	1.03147	1.03112	1.03135	808
2025-02-10 13:00:00	1.03137	1.03177	1.03137	1.03176	649
2025-02-10 13:05:00	1.03176	1.03219	1.03173	1.03201	661
2025-02-10 13:10:00	1032	1.03231	1.03198	1.03223	553
2025-02-10 13:15:00	1.03225	1.03237	1.0321	1.03235	638
2025-02-10 13:20:00	1.03236	1.03255	1.03199	1.03211	797
2025-02-10 13:25:00	1.0321	1.0322	1032	1.03218	390
2025-02-10 13:30:00	1.03218	1.03261	1.03216	1.03258	646
2025-02-10 13:35:00	1.03258	1.03259	1.0321	1.03219	494
2025-02-10 13:40:00	1.03221	1.03236	1.03214	1.03236	317
2025-02-10 13:45:00	1.03237	1.03251	1.03198	1.03205	456
2025-02-10 13:50:00	1.03206	1.03255	1032	1.03244	516
2025-02-10 13:55:00	1.03245	1.03262	1.03199	1.03213	621
2025-02-10 14:00:00	1.03212	1.03233	1.03199	1.03223	544
2025-02-10 14:05:00	1.03223	1.03223	1.03158	1.03165	633
2025-02-10 14:10:00	1.03163	1.03167	1.0314	1.03145	477
2025-02-10 14:15:00	1.03143	1.03143	1.03091	1.03112	1071
2025-02-10 14:20:00	1.03114	1.03118	1.03057	1.03068	857
2025-02-10 14:25:00	1.03067	1.03082	1.03041	1.03063	631
2025-02-10 14:30:00	1.03064	1.03112	1.03053	1.03082	917
2025-02-10 14:35:00	1.03083	1.03104	1.03066	1.03079	715
2025-02-10 14:40:00	1.0308	1.03088	1.03053	1.03069	668
2025-02-10 14:45:00	1.03071	1.0309	1.03064	1.03077	680
2025-02-10 14:50:00	1.03082	1.03111	1.03082	1.03094	626
2025-02-10 14:55:00	1.03093	1.03114	1.03082	1.03112	550
2025-02-10 15:00:00	1.03114	1.03172	1.03113	1.03159	577
2025-02-10 15:05:00	1.0316	1.03165	1.03142	1.03142	478
2025-02-10 15:10:00	1.03141	1.03176	1.0314	1.03155	578
2025-02-10 15:15:00	1.03158	1.03159	1.03105	1.03105	1002
2025-02-10 15:20:00	1.03106	1.03152	1.03106	1.03148	651
2025-02-10 15:25:00	1.03148	1.03174	1.03146	1.03168	552
2025-02-10 15:30:00	1.03172	1.03188	1.03169	1.03182	495
2025-02-10 15:35:00	1.0318	1.03197	1.03168	1.03197	490
2025-02-10 15:40:00	1.03196	1.03197	1.03172	1.03174	584
2025-02-10 15:45:00	1.03174	1.03181	1.03146	1.03149	780
2025-02-10 15:50:00	1.03149	1.03149	1.03121	1.03146	896
2025-02-10 15:55:00	1.03148	1.03161	1.0312	1.0315	1135
2025-02-10 16:00:00	1.0315	1.03173	1.03145	1.03154	954
2025-02-10 16:05:00	1.03151	1.03181	1.03138	1.0316	517
2025-02-10 16:10:00	1.0316	1.03162	1.0312	1.03125	516
2025-02-10 16:15:00	1.03125	1.03139	1.03102	1.03107	619
2025-02-10 16:20:00	1.03107	1.03143	1.03089	1.03099	683
2025-02-10 16:25:00	1031	1.03145	1.03097	1.0313	646
2025-02-10 16:30:00	1.0313	1.03144	1.03079	1.03081	610
2025-02-10 16:35:00	1.03082	1.0313	1.03082	1.03111	579
2025-02-10 16:40:00	1.03113	1.03131	1.03108	1.03108	504
2025-02-10 16:45:00	1.0311	1.03114	1.03058	1.03069	465
2025-02-10 16:50:00	1.03069	1.03072	1.03043	1.0305	449
2025-02-10 16:55:00	1.03052	1.03115	1.03046	1.03112	538
2025-02-10 17:00:00	1.03113	1.03136	1.03112	1.03113	378
2025-02-10 17:05:00	1.03114	1.03146	1.03113	1.03141	353
2025-02-10 17:10:00	1.0314	1.03143	1.03103	1.03115	398
2025-02-10 17:15:00	1.03112	1.03123	1.03101	1.03112	431
2025-02-10 17:20:00	1.03113	1.03141	1.03105	1.03139	484
2025-02-10 17:25:00	1.03141	1.03141	1.03102	1.03109	645
2025-02-10 17:30:00	1.03111	1.03126	1.03104	1.03112	373
2025-02-10 17:35:00	1.03114	1.03115	1.03098	1.03107	131
2025-02-10 17:40:00	1.0311	1.0311	1.03088	1.03088	175
2025-02-10 17:45:00	1.03089	1.03099	1.03065	1.03079	353
2025-02-10 17:50:00	1.03083	1.03105	1.0308	1.03101	204
2025-02-10 17:55:00	1031	1.03123	1.03098	1.03123	314
2025-02-10 18:00:00	1.03121	1.03127	1.03096	1.03113	243
2025-02-10 18:05:00	1.03113	1.03156	1.03105	1.03156	329
2025-02-10 18:10:00	1.03156	1.03159	1.03141	1.03141	241
2025-02-10 18:15:00	1.03141	1.03148	1.03129	1.03137	152
2025-02-10 18:20:00	1.03136	1.03143	1.03116	1.03122	314
2025-02-10 18:25:00	1.03123	1.03125	1031	1.03125	217
2025-02-10 18:30:00	1.03124	1.0313	1.03116	1.03127	179
2025-02-10 18:35:00	1.03129	1.03131	1.03085	1.03094	254
2025-02-10 18:40:00	1.03093	1.03099	1.03078	1.03084	294
2025-02-10 18:45:00	1.03086	1.03108	1.03083	1.03106	425
2025-02-10 18:50:00	1.03105	1.03107	1.0306	1.0306	289
2025-02-10 18:55:00	1.0306	1.03088	1.03058	1.0307	229
2025-02-10 19:00:00	1.03069	1.03071	1.03051	1.03061	305
2025-02-10 19:05:00	1.03063	1.03091	1.03061	1.0309	100
2025-02-10 19:10:00	1.03091	1.03107	1.0309	1.0309	117
